# Blender 4.3.2
# www.blender.org
mtllib GloboAzul.mtl
o BezierCurve.001
v 0.003795 -0.905639 0.057312
v 0.003747 -0.907833 0.058258
v 0.003650 -0.909259 0.060173
v 0.003529 -0.909535 0.062543
v 0.003418 -0.908588 0.064734
v 0.003345 -0.906670 0.066158
v 0.003331 -0.904297 0.066434
v 0.003379 -0.902104 0.065487
v 0.003477 -0.900678 0.063573
v 0.003597 -0.900402 0.061202
v 0.003709 -0.901349 0.059012
v 0.003781 -0.903266 0.057588
v 0.051764 -1.309184 0.092728
v 0.051573 -1.308333 0.090504
v 0.050293 -1.308021 0.088510
v 0.048268 -1.308333 0.087282
v 0.046039 -1.309184 0.087148
v 0.044205 -1.310347 0.088144
v 0.043256 -1.311509 0.090003
v 0.043448 -1.312361 0.092227
v 0.044727 -1.312672 0.094220
v 0.046753 -1.312361 0.095449
v 0.048981 -1.311510 0.095583
v 0.050816 -1.310347 0.094587
v 0.051764 -1.309184 0.092728
v 0.051573 -1.308333 0.090504
v 0.050293 -1.308021 0.088510
v 0.048268 -1.308333 0.087282
v 0.046039 -1.309184 0.087148
v 0.044205 -1.310347 0.088144
v 0.043256 -1.311509 0.090003
v 0.043448 -1.312361 0.092227
v 0.044727 -1.312672 0.094220
v 0.046753 -1.312361 0.095449
v 0.048981 -1.311510 0.095583
v 0.050816 -1.310347 0.094587
v 0.043164 -1.284865 0.101498
v 0.043034 -1.284185 0.099211
v 0.041778 -1.283939 0.097193
v 0.039732 -1.284195 0.095985
v 0.037445 -1.284884 0.095911
v 0.035530 -1.285820 0.096989
v 0.034499 -1.286754 0.098932
v 0.034630 -1.287434 0.101219
v 0.035886 -1.287680 0.103236
v 0.037931 -1.287424 0.104444
v 0.040218 -1.286735 0.104519
v 0.042133 -1.285799 0.103440
v 0.035997 -1.258402 0.108696
v 0.035907 -1.257867 0.106369
v 0.034667 -1.257678 0.104336
v 0.032608 -1.257887 0.103141
v 0.030283 -1.258437 0.103104
v 0.028315 -1.259181 0.104236
v 0.027231 -1.259919 0.106233
v 0.027321 -1.260454 0.108560
v 0.028561 -1.260643 0.110593
v 0.030620 -1.260434 0.111788
v 0.032944 -1.259884 0.111825
v 0.034913 -1.259140 0.110693
v 0.030136 -1.230571 0.114466
v 0.030071 -1.230154 0.112114
v 0.028840 -1.230012 0.110071
v 0.026774 -1.230183 0.108884
v 0.024425 -1.230621 0.108871
v 0.022424 -1.231209 0.110036
v 0.021305 -1.231789 0.112066
v 0.021370 -1.232206 0.114418
v 0.022601 -1.232348 0.116461
v 0.024667 -1.232177 0.117648
v 0.027016 -1.231739 0.117661
v 0.029018 -1.231151 0.116496
v 0.025451 -1.202161 0.118952
v 0.025402 -1.201841 0.116585
v 0.024178 -1.201737 0.114536
v 0.022107 -1.201878 0.113354
v 0.019743 -1.202226 0.113355
v 0.017720 -1.202687 0.114540
v 0.016580 -1.203138 0.116591
v 0.016629 -1.203458 0.118958
v 0.017853 -1.203561 0.121008
v 0.019925 -1.203421 0.122190
v 0.022288 -1.203073 0.122188
v 0.024311 -1.202612 0.121003
v 0.021811 -1.173959 0.122302
v 0.021773 -1.173719 0.119925
v 0.020553 -1.173648 0.117872
v 0.018478 -1.173764 0.116693
v 0.016105 -1.174038 0.116704
v 0.014068 -1.174394 0.117901
v 0.012914 -1.174739 0.119965
v 0.012953 -1.174978 0.122342
v 0.014173 -1.175050 0.124395
v 0.016247 -1.174933 0.125574
v 0.018621 -1.174660 0.125564
v 0.020657 -1.174303 0.124366
v 0.019082 -1.146749 0.124665
v 0.019051 -1.146577 0.122282
v 0.017834 -1.146534 0.120227
v 0.015757 -1.146632 0.119049
v 0.013377 -1.146843 0.119065
v 0.011332 -1.147113 0.120270
v 0.010169 -1.147368 0.122342
v 0.010200 -1.147540 0.124725
v 0.011417 -1.147583 0.126780
v 0.013494 -1.147486 0.127958
v 0.015874 -1.147274 0.127942
v 0.017919 -1.147004 0.126737
v 0.017129 -1.121317 0.126191
v 0.017103 -1.121203 0.123805
v 0.015888 -1.121185 0.121747
v 0.013810 -1.121268 0.120571
v 0.011426 -1.121428 0.120590
v 0.009375 -1.121624 0.121800
v 0.008206 -1.121803 0.123876
v 0.008233 -1.121917 0.126262
v 0.009448 -1.121935 0.128319
v 0.011526 -1.121852 0.129496
v 0.013910 -1.121692 0.129477
v 0.015961 -1.121496 0.128267
v 0.015818 -1.098444 0.127031
v 0.015794 -1.098382 0.124643
v 0.014580 -1.098388 0.122584
v 0.012502 -1.098460 0.121408
v 0.010116 -1.098578 0.121429
v 0.008061 -1.098711 0.122641
v 0.006888 -1.098823 0.124720
v 0.006912 -1.098884 0.127108
v 0.008126 -1.098879 0.129166
v 0.010204 -1.098807 0.130342
v 0.012591 -1.098689 0.130322
v 0.014645 -1.098556 0.129110
v 0.015012 -1.078910 0.127336
v 0.014990 -1.078898 0.124947
v 0.013778 -1.078929 0.122889
v 0.011699 -1.078996 0.121712
v 0.009311 -1.079079 0.121734
v 0.007254 -1.079157 0.122947
v 0.006079 -1.079208 0.125026
v 0.006101 -1.079220 0.127415
v 0.007313 -1.079189 0.129474
v 0.009392 -1.079123 0.130650
v 0.011780 -1.079040 0.130629
v 0.013837 -1.078962 0.129416
v 0.014576 -1.063492 0.127258
v 0.014555 -1.063534 0.124869
v 0.013344 -1.063598 0.122811
v 0.011265 -1.063668 0.121635
v 0.008877 -1.063725 0.121656
v 0.006818 -1.063753 0.122869
v 0.005641 -1.063745 0.124948
v 0.005661 -1.063703 0.127337
v 0.006873 -1.063639 0.129395
v 0.008952 -1.063569 0.130571
v 0.011340 -1.063512 0.130550
v 0.013399 -1.063484 0.129338
v 0.014372 -1.052937 0.126947
v 0.014354 -1.053068 0.124562
v 0.013144 -1.053206 0.122506
v 0.011066 -1.053314 0.121331
v 0.008678 -1.053361 0.121352
v 0.006618 -1.053337 0.122563
v 0.005439 -1.053247 0.124639
v 0.005457 -1.053115 0.127025
v 0.006667 -1.052977 0.129080
v 0.008745 -1.052870 0.130255
v 0.011134 -1.052822 0.130234
v 0.013193 -1.052847 0.129024
v 0.014261 -1.047894 0.126533
v 0.014251 -1.048296 0.124178
v 0.013049 -1.048687 0.122151
v 0.010976 -1.048964 0.120995
v 0.008588 -1.049052 0.121021
v 0.006526 -1.048928 0.122220
v 0.005341 -1.048624 0.124273
v 0.005351 -1.048223 0.126628
v 0.006553 -1.047831 0.128655
v 0.008626 -1.047554 0.129811
v 0.011014 -1.047466 0.129785
v 0.013076 -1.047591 0.128586
v 0.013518 -1.034652 0.123062
v 0.013521 -1.035326 0.120769
v 0.012330 -1.035970 0.118801
v 0.010265 -1.036410 0.117683
v 0.007879 -1.036529 0.117715
v 0.005811 -1.036295 0.118889
v 0.004616 -1.035771 0.120891
v 0.004613 -1.035097 0.123183
v 0.005804 -1.034454 0.125152
v 0.007869 -1.034013 0.126270
v 0.010255 -1.033894 0.126237
v 0.012323 -1.034128 0.125063
v 0.012769 -1.020125 0.118324
v 0.012778 -1.020910 0.116068
v 0.011591 -1.021644 0.114128
v 0.009528 -1.022129 0.113024
v 0.007142 -1.022236 0.113053
v 0.005071 -1.021936 0.114206
v 0.003870 -1.021309 0.116174
v 0.003862 -1.020524 0.118431
v 0.005048 -1.019791 0.120371
v 0.007111 -1.019306 0.121474
v 0.009498 -1.019199 0.121446
v 0.011569 -1.019499 0.120293
v 0.012052 -1.004662 0.112598
v 0.012064 -1.005523 0.110369
v 0.010880 -1.006316 0.108451
v 0.008819 -1.006828 0.107357
v 0.006432 -1.006922 0.107381
v 0.004358 -1.006574 0.108516
v 0.003154 -1.005875 0.110458
v 0.003143 -1.005014 0.112687
v 0.004326 -1.004221 0.114605
v 0.006388 -1.003709 0.115699
v 0.008775 -1.003615 0.115675
v 0.010849 -1.003964 0.114540
v 0.011411 -0.988750 0.106186
v 0.011425 -0.989666 0.103980
v 0.010243 -0.990500 0.102078
v 0.008182 -0.991027 0.100990
v 0.005794 -0.991107 0.101008
v 0.003719 -0.990718 0.102127
v 0.002513 -0.989965 0.104048
v 0.002499 -0.989049 0.106254
v 0.003681 -0.988215 0.108156
v 0.005742 -0.987688 0.109244
v 0.008130 -0.987608 0.109226
v 0.010205 -0.987997 0.108107
v 0.010888 -0.972880 0.099396
v 0.010904 -0.973838 0.097207
v 0.009723 -0.974698 0.095317
v 0.007662 -0.975231 0.094232
v 0.005273 -0.975294 0.094243
v 0.003197 -0.974869 0.095346
v 0.001990 -0.974071 0.097248
v 0.001975 -0.973114 0.099436
v 0.003156 -0.972253 0.101327
v 0.005216 -0.971720 0.102412
v 0.007605 -0.971658 0.102401
v 0.009681 -0.972082 0.101297
v 0.010529 -0.957545 0.092533
v 0.010545 -0.958535 0.090359
v 0.009364 -0.959413 0.088476
v 0.007303 -0.959943 0.087390
v 0.004914 -0.959983 0.087391
v 0.002838 -0.959523 0.088479
v 0.001629 -0.958686 0.090362
v 0.001613 -0.957696 0.092537
v 0.002794 -0.956818 0.094419
v 0.004855 -0.956288 0.095506
v 0.007244 -0.956248 0.095505
v 0.009321 -0.956708 0.094417
v 0.010376 -0.943242 0.085906
v 0.010392 -0.944258 0.083744
v 0.009212 -0.945143 0.081864
v 0.007151 -0.945659 0.080772
v 0.004762 -0.945669 0.080758
v 0.002684 -0.945170 0.081828
v 0.001476 -0.944295 0.083694
v 0.001459 -0.943279 0.085857
v 0.002640 -0.942394 0.087736
v 0.004701 -0.941878 0.088829
v 0.007090 -0.941868 0.088842
v 0.009167 -0.942367 0.087772
v 0.010473 -0.930475 0.079825
v 0.010489 -0.931512 0.077673
v 0.009308 -0.932392 0.075791
v 0.007248 -0.932880 0.074685
v 0.004859 -0.932844 0.074650
v 0.002782 -0.932295 0.075696
v 0.001574 -0.931379 0.077543
v 0.001558 -0.930342 0.079695
v 0.002738 -0.929462 0.081577
v 0.004799 -0.928974 0.082683
v 0.007188 -0.929010 0.082718
v 0.009265 -0.929559 0.081672
v 0.010860 -0.919765 0.074611
v 0.010875 -0.920819 0.072467
v 0.009695 -0.921675 0.070574
v 0.007637 -0.922105 0.069439
v 0.005251 -0.921993 0.069367
v 0.003178 -0.921369 0.070377
v 0.001972 -0.920401 0.072198
v 0.001957 -0.919347 0.074342
v 0.003136 -0.918490 0.076235
v 0.005194 -0.918060 0.077370
v 0.007580 -0.918172 0.077442
v 0.009654 -0.918796 0.076432
v 0.011560 -0.911703 0.070619
v 0.011574 -0.912770 0.068481
v 0.010402 -0.913557 0.066554
v 0.008357 -0.913854 0.065354
v 0.005988 -0.913581 0.065202
v 0.003930 -0.912812 0.066140
v 0.002733 -0.911752 0.067916
v 0.002719 -0.910686 0.070054
v 0.003892 -0.909898 0.071981
v 0.005936 -0.909601 0.073181
v 0.008305 -0.909874 0.073333
v 0.010364 -0.910643 0.072395
v 0.012350 -0.907384 0.068454
v 0.012363 -0.908453 0.066317
v 0.011277 -0.908959 0.064250
v 0.009383 -0.908768 0.062806
v 0.007188 -0.907929 0.062374
v 0.005280 -0.906669 0.063067
v 0.004171 -0.905324 0.064701
v 0.004158 -0.904255 0.066838
v 0.005244 -0.903749 0.068905
v 0.007138 -0.903940 0.070348
v 0.009333 -0.904778 0.070781
v 0.011241 -0.906039 0.070088
v 0.013556 -0.905900 0.067900
v 0.012984 -0.907699 0.066436
v 0.011560 -0.908629 0.064758
v 0.009664 -0.908439 0.063316
v 0.007805 -0.907181 0.062497
v 0.006480 -0.905193 0.062520
v 0.006046 -0.903006 0.063379
v 0.006618 -0.901207 0.064844
v 0.008042 -0.900278 0.066522
v 0.009938 -0.900468 0.067964
v 0.011797 -0.901725 0.068783
v 0.013122 -0.903714 0.068759
v 0.014277 -0.905073 0.063800
v 0.013432 -0.907278 0.064165
v 0.011658 -0.908729 0.064839
v 0.009428 -0.909037 0.065640
v 0.007340 -0.908119 0.066354
v 0.005955 -0.906222 0.066789
v 0.005642 -0.903854 0.066829
v 0.006486 -0.901649 0.066463
v 0.008261 -0.900198 0.065790
v 0.010491 -0.899890 0.064989
v 0.012578 -0.900807 0.064275
v 0.013964 -0.902705 0.063840
v 0.009587 -0.905178 0.060107
v 0.009226 -0.907368 0.060990
v 0.008469 -0.908787 0.062757
v 0.007519 -0.909056 0.064933
v 0.006632 -0.908101 0.066936
v 0.006045 -0.906179 0.068228
v 0.005914 -0.903805 0.068464
v 0.006276 -0.901615 0.067580
v 0.007033 -0.900196 0.065814
v 0.007982 -0.899927 0.063638
v 0.008870 -0.900882 0.061635
v 0.009457 -0.902804 0.060343
v 0.005322 -0.905221 0.058357
v 0.004977 -0.907411 0.059248
v 0.004257 -0.908830 0.061030
v 0.003355 -0.909098 0.063226
v 0.002514 -0.908143 0.065248
v 0.001958 -0.906221 0.066554
v 0.001836 -0.903846 0.066794
v 0.002181 -0.901657 0.065903
v 0.002901 -0.900237 0.064121
v 0.003803 -0.899970 0.061924
v 0.004644 -0.900925 0.059902
v 0.005200 -0.902847 0.058597
v -0.000363 -0.905274 0.056008
v -0.000719 -0.907464 0.056894
v -0.001460 -0.908883 0.058668
v -0.002386 -0.909151 0.060854
v -0.003249 -0.908196 0.062867
v -0.003819 -0.906274 0.064167
v -0.003942 -0.903900 0.064406
v -0.003585 -0.901710 0.063520
v -0.002845 -0.900291 0.061746
v -0.001918 -0.900023 0.059560
v -0.001055 -0.900977 0.057547
v -0.000486 -0.902899 0.056247
v -0.007145 -0.905333 0.053050
v -0.007524 -0.907523 0.053926
v -0.008310 -0.908943 0.055680
v -0.009291 -0.909211 0.057842
v -0.010204 -0.908257 0.059832
v -0.010806 -0.906335 0.061119
v -0.010934 -0.903961 0.061355
v -0.010554 -0.901771 0.060479
v -0.009768 -0.900351 0.058726
v -0.008787 -0.900083 0.056563
v -0.007874 -0.901037 0.054573
v -0.007273 -0.902959 0.053287
v -0.014632 -0.905395 0.049504
v -0.015045 -0.907586 0.050365
v -0.015894 -0.909006 0.052088
v -0.016954 -0.909275 0.054212
v -0.017940 -0.908321 0.056169
v -0.018588 -0.906400 0.057433
v -0.018724 -0.904026 0.057666
v -0.018311 -0.901836 0.056805
v -0.017462 -0.900415 0.055082
v -0.016402 -0.900146 0.052958
v -0.015416 -0.901100 0.051001
v -0.014768 -0.903021 0.049737
v -0.022419 -0.905458 0.045403
v -0.022874 -0.907648 0.046240
v -0.023809 -0.909069 0.047918
v -0.024974 -0.909339 0.049987
v -0.026056 -0.908386 0.051892
v -0.026765 -0.906465 0.053123
v -0.026912 -0.904091 0.053351
v -0.026456 -0.901901 0.052513
v -0.025521 -0.900480 0.050835
v -0.024357 -0.900210 0.048767
v -0.023275 -0.901163 0.046861
v -0.022566 -0.903084 0.045630
v -0.030090 -0.905516 0.040785
v -0.030601 -0.907707 0.041589
v -0.031647 -0.909129 0.043199
v -0.032947 -0.909400 0.045185
v -0.034154 -0.908448 0.047015
v -0.034943 -0.906528 0.048197
v -0.035104 -0.904154 0.048416
v -0.034593 -0.901962 0.047612
v -0.033547 -0.900541 0.046002
v -0.032247 -0.900270 0.044016
v -0.031040 -0.901222 0.042186
v -0.030251 -0.903142 0.041004
v -0.037226 -0.905566 0.035706
v -0.037809 -0.907758 0.036458
v -0.038997 -0.909181 0.037966
v -0.040473 -0.909453 0.039825
v -0.041840 -0.908502 0.041538
v -0.042733 -0.906583 0.042645
v -0.042913 -0.904209 0.042851
v -0.042330 -0.902017 0.042099
v -0.041142 -0.900595 0.040592
v -0.039666 -0.900322 0.038732
v -0.038299 -0.901273 0.037019
v -0.037406 -0.903193 0.035912
v -0.043410 -0.905606 0.030246
v -0.044083 -0.907798 0.030916
v -0.045452 -0.909222 0.032261
v -0.047150 -0.909496 0.033919
v -0.048722 -0.908546 0.035448
v -0.049746 -0.906628 0.036437
v -0.049949 -0.904254 0.036621
v -0.049275 -0.902062 0.035951
v -0.047906 -0.900638 0.034607
v -0.046209 -0.900364 0.032948
v -0.044637 -0.901314 0.031420
v -0.043613 -0.903233 0.030431
v -0.048245 -0.905631 0.024524
v -0.049026 -0.907824 0.025061
v -0.050611 -0.909249 0.026142
v -0.052573 -0.909525 0.027476
v -0.054388 -0.908576 0.028707
v -0.055569 -0.906658 0.029504
v -0.055800 -0.904285 0.029654
v -0.055019 -0.902092 0.029117
v -0.053434 -0.900667 0.028036
v -0.051471 -0.900392 0.026701
v -0.049656 -0.901340 0.025471
v -0.048475 -0.903258 0.024674
v -0.051396 -0.905640 0.018726
v -0.052288 -0.907833 0.019047
v -0.054092 -0.909259 0.019694
v -0.056326 -0.909535 0.020495
v -0.058391 -0.908587 0.021235
v -0.059734 -0.906670 0.021714
v -0.059994 -0.904297 0.021806
v -0.059103 -0.902103 0.021485
v -0.057298 -0.900678 0.020837
v -0.055064 -0.900402 0.020036
v -0.052999 -0.901349 0.019297
v -0.051656 -0.903267 0.018817
v -0.052175 -0.905639 0.014676
v -0.053119 -0.907833 0.014747
v -0.055031 -0.909259 0.014891
v -0.057398 -0.909535 0.015069
v -0.059585 -0.908588 0.015233
v -0.061007 -0.906670 0.015339
v -0.061282 -0.904297 0.015360
v -0.060337 -0.902104 0.015289
v -0.058426 -0.900678 0.015146
v -0.056059 -0.900402 0.014968
v -0.053872 -0.901349 0.014804
v -0.052450 -0.903266 0.014697
v -0.051906 -0.905639 0.009075
v -0.052846 -0.907833 0.008960
v -0.054749 -0.909259 0.008727
v -0.057105 -0.909535 0.008439
v -0.059282 -0.908588 0.008172
v -0.060697 -0.906670 0.007999
v -0.060971 -0.904297 0.007965
v -0.060031 -0.902104 0.008080
v -0.058128 -0.900678 0.008313
v -0.055772 -0.900402 0.008602
v -0.053595 -0.901349 0.008868
v -0.052180 -0.903266 0.009042
v -0.050518 -0.905639 0.002231
v -0.051435 -0.907833 0.001992
v -0.053290 -0.909259 0.001507
v -0.055586 -0.909535 0.000908
v -0.057708 -0.908588 0.000354
v -0.059088 -0.906670 -0.000006
v -0.059355 -0.904297 -0.000076
v -0.058439 -0.902104 0.000163
v -0.056583 -0.900678 0.000648
v -0.054287 -0.900402 0.001247
v -0.052165 -0.901349 0.001801
v -0.050785 -0.903266 0.002161
v -0.048056 -0.905639 -0.005406
v -0.048944 -0.907833 -0.005737
v -0.050740 -0.909259 -0.006408
v -0.052963 -0.909535 -0.007239
v -0.055018 -0.908588 -0.008006
v -0.056353 -0.906670 -0.008505
v -0.056612 -0.904297 -0.008602
v -0.055725 -0.902104 -0.008270
v -0.053929 -0.900678 -0.007599
v -0.051705 -0.900402 -0.006769
v -0.049651 -0.901349 -0.006001
v -0.048315 -0.903266 -0.005502
v -0.044621 -0.905639 -0.013450
v -0.045476 -0.907833 -0.013858
v -0.047207 -0.909259 -0.014684
v -0.049349 -0.909535 -0.015706
v -0.051328 -0.908588 -0.016651
v -0.052615 -0.906670 -0.017265
v -0.052864 -0.904297 -0.017384
v -0.052009 -0.902104 -0.016976
v -0.050279 -0.900678 -0.016150
v -0.048137 -0.900402 -0.015128
v -0.046157 -0.901349 -0.014183
v -0.044871 -0.903266 -0.013569
v -0.040331 -0.905639 -0.021553
v -0.041149 -0.907833 -0.022031
v -0.042804 -0.909259 -0.022998
v -0.044853 -0.909535 -0.024195
v -0.046747 -0.908588 -0.025302
v -0.047978 -0.906670 -0.026021
v -0.048217 -0.904297 -0.026160
v -0.047399 -0.902104 -0.025682
v -0.045743 -0.900678 -0.024715
v -0.043694 -0.900402 -0.023518
v -0.041800 -0.901349 -0.022412
v -0.040569 -0.903266 -0.021692
v -0.035310 -0.905639 -0.029379
v -0.036083 -0.907833 -0.029926
v -0.037649 -0.909259 -0.031033
v -0.039586 -0.909535 -0.032404
v -0.041376 -0.908588 -0.033671
v -0.042540 -0.906670 -0.034495
v -0.042766 -0.904297 -0.034654
v -0.041993 -0.902104 -0.034107
v -0.040427 -0.900678 -0.033000
v -0.038490 -0.900402 -0.031629
v -0.036699 -0.901349 -0.030362
v -0.035536 -0.903266 -0.029538
v -0.029695 -0.905639 -0.036601
v -0.030412 -0.907833 -0.037221
v -0.031861 -0.909259 -0.038476
v -0.033655 -0.909535 -0.040030
v -0.035313 -0.908588 -0.041466
v -0.036391 -0.906670 -0.042399
v -0.036599 -0.904297 -0.042580
v -0.035883 -0.902104 -0.041960
v -0.034434 -0.900678 -0.040705
v -0.032640 -0.900402 -0.039151
v -0.030982 -0.901349 -0.037715
v -0.029904 -0.903266 -0.036781
v -0.023637 -0.905639 -0.042897
v -0.024275 -0.907833 -0.043597
v -0.025567 -0.909259 -0.045014
v -0.027165 -0.909535 -0.046768
v -0.028643 -0.908588 -0.048389
v -0.029603 -0.906670 -0.049443
v -0.029789 -0.904297 -0.049647
v -0.029151 -0.902104 -0.048947
v -0.027860 -0.900678 -0.047530
v -0.026261 -0.900402 -0.045776
v -0.024784 -0.901349 -0.044155
v -0.023823 -0.903266 -0.043101
v -0.017307 -0.905639 -0.047961
v -0.017834 -0.907833 -0.048748
v -0.018900 -0.909259 -0.050341
v -0.020220 -0.909535 -0.052314
v -0.021440 -0.908588 -0.054137
v -0.022233 -0.906670 -0.055322
v -0.022387 -0.904297 -0.055551
v -0.021860 -0.902104 -0.054764
v -0.020793 -0.900678 -0.053170
v -0.019473 -0.900402 -0.051198
v -0.018253 -0.901349 -0.049375
v -0.017460 -0.903266 -0.048190
v -0.010900 -0.905639 -0.051521
v -0.011265 -0.907833 -0.052395
v -0.012004 -0.909259 -0.054165
v -0.012918 -0.909535 -0.056355
v -0.013763 -0.908588 -0.058379
v -0.014312 -0.906670 -0.059695
v -0.014419 -0.904297 -0.059950
v -0.014054 -0.902104 -0.059075
v -0.013315 -0.900678 -0.057306
v -0.012401 -0.900402 -0.055116
v -0.011556 -0.901349 -0.053092
v -0.011007 -0.903266 -0.051776
v -0.004652 -0.905639 -0.053379
v -0.004778 -0.907833 -0.054318
v -0.005035 -0.909259 -0.056218
v -0.005352 -0.909535 -0.058570
v -0.005646 -0.908588 -0.060743
v -0.005836 -0.906670 -0.062157
v -0.005873 -0.904297 -0.062430
v -0.005747 -0.902104 -0.061491
v -0.005490 -0.900678 -0.059591
v -0.005173 -0.900402 -0.057239
v -0.004879 -0.901349 -0.055066
v -0.004689 -0.903266 -0.053653
v -0.000189 -0.905639 -0.053277
v -0.000072 -0.907833 -0.054217
v 0.000164 -0.909259 -0.056120
v 0.000456 -0.909535 -0.058475
v 0.000726 -0.908588 -0.060652
v 0.000901 -0.906670 -0.062067
v 0.000935 -0.904297 -0.062341
v 0.000819 -0.902104 -0.061401
v 0.000583 -0.900678 -0.059498
v 0.000291 -0.900402 -0.057143
v 0.000021 -0.901349 -0.054966
v -0.000155 -0.903266 -0.053551
v 0.006110 -0.905639 -0.051786
v 0.006385 -0.907833 -0.052693
v 0.006941 -0.909259 -0.054528
v 0.007629 -0.909535 -0.056799
v 0.008265 -0.908588 -0.058898
v 0.008679 -0.906670 -0.060263
v 0.008759 -0.904297 -0.060527
v 0.008484 -0.902104 -0.059620
v 0.007928 -0.900678 -0.057785
v 0.007240 -0.900402 -0.055514
v 0.006604 -0.901349 -0.053415
v 0.006190 -0.903266 -0.052050
v 0.013699 -0.905639 -0.048937
v 0.014073 -0.907833 -0.049808
v 0.014830 -0.909259 -0.051569
v 0.015766 -0.909535 -0.053750
v 0.016632 -0.908588 -0.055765
v 0.017194 -0.906670 -0.057075
v 0.017303 -0.904297 -0.057329
v 0.016929 -0.902104 -0.056459
v 0.016173 -0.900678 -0.054697
v 0.015236 -0.900402 -0.052516
v 0.014371 -0.901349 -0.050501
v 0.013808 -0.903266 -0.049191
v 0.021992 -0.905639 -0.044902
v 0.022440 -0.907833 -0.045736
v 0.023348 -0.909259 -0.047425
v 0.024471 -0.909535 -0.049516
v 0.025510 -0.908588 -0.051448
v 0.026185 -0.906670 -0.052704
v 0.026315 -0.904297 -0.052947
v 0.025867 -0.902104 -0.052112
v 0.024959 -0.900678 -0.050424
v 0.023836 -0.900402 -0.048333
v 0.022798 -0.901349 -0.046401
v 0.022123 -0.903266 -0.045145
v 0.030496 -0.905639 -0.039879
v 0.031009 -0.907833 -0.040675
v 0.032049 -0.909259 -0.042286
v 0.033336 -0.909535 -0.044280
v 0.034526 -0.908588 -0.046123
v 0.035299 -0.906670 -0.047321
v 0.035449 -0.904297 -0.047553
v 0.034935 -0.902104 -0.046757
v 0.033895 -0.900678 -0.045146
v 0.032608 -0.900402 -0.043152
v 0.031419 -0.901349 -0.041309
v 0.030645 -0.903266 -0.040111
v 0.038749 -0.905639 -0.034076
v 0.039327 -0.907833 -0.034827
v 0.040498 -0.909259 -0.036345
v 0.041946 -0.909535 -0.038225
v 0.043285 -0.908588 -0.039962
v 0.044156 -0.906670 -0.041092
v 0.044324 -0.904297 -0.041310
v 0.043746 -0.902104 -0.040560
v 0.042576 -0.900678 -0.039041
v 0.041127 -0.900402 -0.037162
v 0.039788 -0.901349 -0.035424
v 0.038918 -0.903266 -0.034295
v 0.046303 -0.905639 -0.027712
v 0.046951 -0.907833 -0.028403
v 0.048263 -0.909259 -0.029801
v 0.049887 -0.909535 -0.031532
v 0.051388 -0.908588 -0.033132
v 0.052363 -0.906670 -0.034172
v 0.052552 -0.904297 -0.034373
v 0.051904 -0.902104 -0.033682
v 0.050592 -0.900678 -0.032284
v 0.048968 -0.900402 -0.030553
v 0.047468 -0.901349 -0.028953
v 0.046492 -0.903266 -0.027914
v 0.052714 -0.905639 -0.021029
v 0.053442 -0.907833 -0.021635
v 0.054916 -0.909259 -0.022861
v 0.056741 -0.909535 -0.024378
v 0.058427 -0.908588 -0.025781
v 0.059524 -0.906670 -0.026693
v 0.059736 -0.904297 -0.026869
v 0.059008 -0.902104 -0.026263
v 0.057534 -0.900678 -0.025038
v 0.055709 -0.900402 -0.023520
v 0.054022 -0.901349 -0.022118
v 0.052926 -0.903266 -0.021206
v 0.057554 -0.905639 -0.014315
v 0.058375 -0.907833 -0.014789
v 0.060035 -0.909259 -0.015748
v 0.062090 -0.909535 -0.016935
v 0.063990 -0.908588 -0.018032
v 0.065224 -0.906670 -0.018745
v 0.065463 -0.904297 -0.018883
v 0.064643 -0.902104 -0.018409
v 0.062983 -0.900678 -0.017450
v 0.060928 -0.900402 -0.016263
v 0.059028 -0.901349 -0.015166
v 0.057793 -0.903266 -0.014453
v 0.060471 -0.905639 -0.007916
v 0.061381 -0.907833 -0.008178
v 0.063224 -0.909259 -0.008707
v 0.065505 -0.909535 -0.009363
v 0.067613 -0.908588 -0.009969
v 0.068983 -0.906670 -0.010363
v 0.069249 -0.904297 -0.010439
v 0.068338 -0.902104 -0.010177
v 0.066495 -0.900678 -0.009648
v 0.064214 -0.900402 -0.008992
v 0.062106 -0.901349 -0.008386
v 0.060736 -0.903266 -0.007992
v 0.061298 -0.905639 -0.002127
v 0.062244 -0.907833 -0.002074
v 0.064158 -0.909259 -0.001966
v 0.066527 -0.909535 -0.001833
v 0.068717 -0.908588 -0.001710
v 0.070141 -0.906670 -0.001630
v 0.070417 -0.904297 -0.001614
v 0.069471 -0.902104 -0.001667
v 0.067557 -0.900678 -0.001775
v 0.065187 -0.900402 -0.001908
v 0.062997 -0.901349 -0.002032
v 0.061574 -0.903266 -0.002112
v 0.059800 -0.905639 0.003549
v 0.060689 -0.907833 0.003878
v 0.062486 -0.909259 0.004544
v 0.064712 -0.909535 0.005369
v 0.066768 -0.908588 0.006132
v 0.068105 -0.906670 0.006628
v 0.068364 -0.904297 0.006724
v 0.067476 -0.902104 0.006394
v 0.065678 -0.900678 0.005728
v 0.063453 -0.900402 0.004903
v 0.061396 -0.901349 0.004140
v 0.060059 -0.903266 0.003645
v 0.057627 -0.905639 0.007856
v 0.058470 -0.907833 0.008288
v 0.060176 -0.909259 0.009163
v 0.062287 -0.909535 0.010247
v 0.064239 -0.908588 0.011248
v 0.065508 -0.906670 0.011899
v 0.065753 -0.904297 0.012025
v 0.064910 -0.902104 0.011592
v 0.063205 -0.900678 0.010717
v 0.061093 -0.900402 0.009634
v 0.059141 -0.901349 0.008633
v 0.057873 -0.903266 0.007982
v 0.054753 -0.905639 0.013296
v 0.055584 -0.907833 0.013752
v 0.057265 -0.909259 0.014674
v 0.059345 -0.909535 0.015816
v 0.061268 -0.908588 0.016871
v 0.062518 -0.906670 0.017556
v 0.062761 -0.904297 0.017689
v 0.061930 -0.902104 0.017234
v 0.060249 -0.900678 0.016311
v 0.058168 -0.900402 0.015170
v 0.056245 -0.901349 0.014115
v 0.054995 -0.903266 0.013429
v 0.051377 -0.905639 0.019227
v 0.052191 -0.907833 0.019712
v 0.053838 -0.909259 0.020693
v 0.055877 -0.909535 0.021908
v 0.057761 -0.908588 0.023031
v 0.058986 -0.906670 0.023760
v 0.059223 -0.904297 0.023902
v 0.058409 -0.902104 0.023417
v 0.056762 -0.900678 0.022436
v 0.054723 -0.900402 0.021221
v 0.052839 -0.901349 0.020098
v 0.051614 -0.903266 0.019369
v 0.047521 -0.905639 0.025419
v 0.048313 -0.907833 0.025940
v 0.049915 -0.909259 0.026993
v 0.051898 -0.909535 0.028296
v 0.053731 -0.908588 0.029501
v 0.054923 -0.906670 0.030284
v 0.055154 -0.904297 0.030435
v 0.054362 -0.902104 0.029915
v 0.052760 -0.900678 0.028862
v 0.050777 -0.900402 0.027559
v 0.048944 -0.901349 0.026354
v 0.047752 -0.903266 0.025571
v 0.043213 -0.905639 0.031640
v 0.043975 -0.907833 0.032203
v 0.045518 -0.909259 0.033341
v 0.047427 -0.909535 0.034751
v 0.049192 -0.908588 0.036054
v 0.050339 -0.906670 0.036901
v 0.050561 -0.904297 0.037065
v 0.049799 -0.902104 0.036502
v 0.048256 -0.900678 0.035363
v 0.046347 -0.900402 0.033954
v 0.044583 -0.901349 0.032651
v 0.043436 -0.903266 0.031804
v 0.038485 -0.905639 0.037655
v 0.039208 -0.907833 0.038269
v 0.040669 -0.909259 0.039510
v 0.042478 -0.909535 0.041046
v 0.044150 -0.908588 0.042465
v 0.045237 -0.906670 0.043388
v 0.045447 -0.904297 0.043567
v 0.044725 -0.902104 0.042954
v 0.043264 -0.900678 0.041713
v 0.041455 -0.900402 0.040177
v 0.039783 -0.901349 0.038757
v 0.038696 -0.903266 0.037834
v 0.033376 -0.905639 0.043234
v 0.034044 -0.907833 0.043906
v 0.035394 -0.909259 0.045267
v 0.037066 -0.909535 0.046952
v 0.038611 -0.908588 0.048509
v 0.039615 -0.906670 0.049521
v 0.039810 -0.904297 0.049717
v 0.039143 -0.902104 0.049044
v 0.037792 -0.900678 0.047683
v 0.036120 -0.900402 0.045999
v 0.034575 -0.901349 0.044442
v 0.033571 -0.903266 0.043430
v 0.027935 -0.905639 0.048148
v 0.028526 -0.907833 0.048888
v 0.029723 -0.909259 0.050386
v 0.031204 -0.909535 0.052240
v 0.032574 -0.908588 0.053954
v 0.033464 -0.906670 0.055068
v 0.033636 -0.904297 0.055284
v 0.033045 -0.902104 0.054543
v 0.031848 -0.900678 0.053046
v 0.030367 -0.900402 0.051191
v 0.028997 -0.901349 0.049478
v 0.028107 -0.903266 0.048364
v 0.022218 -0.905639 0.052184
v 0.022704 -0.907833 0.052998
v 0.023688 -0.909259 0.054643
v 0.024905 -0.909535 0.056681
v 0.026030 -0.908588 0.058564
v 0.026762 -0.906670 0.059787
v 0.026903 -0.904297 0.060025
v 0.026417 -0.902104 0.059211
v 0.025434 -0.900678 0.057566
v 0.024217 -0.900402 0.055528
v 0.023091 -0.901349 0.053646
v 0.022360 -0.903266 0.052422
v 0.016283 -0.905639 0.055156
v 0.016626 -0.907833 0.056039
v 0.017321 -0.909259 0.057826
v 0.018180 -0.909535 0.060038
v 0.018974 -0.908588 0.062083
v 0.019491 -0.906670 0.063412
v 0.019591 -0.904297 0.063669
v 0.019248 -0.902104 0.062786
v 0.018553 -0.900678 0.060999
v 0.017694 -0.900402 0.058787
v 0.016900 -0.901349 0.056742
v 0.016383 -0.903266 0.055413
v 0.010158 -0.905639 0.056911
v 0.010319 -0.907833 0.057845
v 0.010644 -0.909259 0.059734
v 0.011046 -0.909535 0.062073
v 0.011417 -0.908588 0.064235
v 0.011659 -0.906670 0.065640
v 0.011706 -0.904297 0.065912
v 0.011545 -0.902104 0.064978
v 0.011220 -0.900678 0.063089
v 0.010818 -0.900402 0.060750
v 0.010447 -0.901349 0.058588
v 0.010205 -0.903266 0.057183
v 0.003795 -0.905639 0.057312
v 0.003747 -0.907833 0.058258
v 0.003650 -0.909259 0.060173
v 0.003529 -0.909535 0.062543
v 0.003418 -0.908588 0.064734
v 0.003345 -0.906670 0.066158
v 0.003331 -0.904297 0.066434
v 0.003379 -0.902104 0.065487
v 0.003477 -0.900678 0.063573
v 0.003597 -0.900402 0.061202
v 0.003709 -0.901349 0.059012
v 0.003781 -0.903266 0.057588
vn 0.9987 0.0002 0.0508
vn 0.9987 -0.0014 0.0510
vn 0.9987 0.0001 0.0508
vn 0.9987 -0.0000 0.0508
vn 0.9987 -0.0001 0.0508
vn 0.9987 -0.0002 0.0508
vn 0.9987 0.0019 0.0505
vn 0.3517 -0.8638 -0.3608
vn 0.3516 -0.8638 -0.3608
vn 0.3517 -0.8638 -0.3609
vn 0.3517 -0.8637 -0.3609
vn 0.3518 -0.8637 -0.3609
vn 0.3517 -0.8638 -0.3607
vn 0.9298 0.2233 0.2927
vn 0.9371 0.2020 0.2847
vn 0.7099 -0.0011 0.7043
vn 0.7094 -0.0033 0.7048
vn 0.8988 0.3900 -0.2000
vn 0.9117 0.3511 -0.2133
vn 0.6232 0.4508 -0.6390
vn 0.6384 0.4051 -0.6545
vn 0.1778 0.3888 -0.9040
vn 0.1912 0.3488 -0.9175
vn -0.3153 0.2212 -0.9228
vn -0.3069 0.1980 -0.9309
vn -0.7217 -0.0057 -0.6922
vn -0.7206 -0.0057 -0.6934
vn -0.9330 -0.2302 -0.2768
vn -0.9400 -0.2072 -0.2711
vn -0.8955 -0.3925 0.2097
vn -0.9090 -0.3529 0.2215
vn -0.6229 -0.4510 0.6392
vn -0.6381 -0.4052 0.6547
vn -0.1868 -0.3911 0.9012
vn -0.1988 -0.3506 0.9152
vn 0.3001 -0.2280 0.9263
vn 0.2939 -0.2031 0.9340
vn 0.9484 0.1628 0.2722
vn 0.7104 0.0023 0.7038
vn 0.9311 0.2797 -0.2341
vn 0.6615 0.3211 -0.6777
vn 0.2124 0.2753 -0.9376
vn -0.2935 0.1551 -0.9433
vn -0.7190 -0.0065 -0.6950
vn -0.9509 -0.1660 -0.2614
vn -0.9291 -0.2809 0.2405
vn -0.6612 -0.3212 0.6779
vn -0.2184 -0.2765 0.9359
vn 0.2830 -0.1583 0.9459
vn 0.9555 0.1310 0.2643
vn 0.7108 0.0050 0.7034
vn 0.9433 0.2220 -0.2470
vn 0.6760 0.2530 -0.6921
vn 0.2259 0.2157 -0.9500
vn -0.2848 0.1201 -0.9510
vn -0.7178 -0.0076 -0.6962
vn -0.9576 -0.1330 -0.2557
vn -0.9417 -0.2227 0.2521
vn -0.6758 -0.2531 0.6923
vn -0.2306 -0.2164 0.9487
vn 0.2765 -0.1221 0.9532
vn 0.9600 0.1052 0.2593
vn 0.7111 0.0073 0.7030
vn 0.9510 0.1749 -0.2550
vn 0.6853 0.1976 -0.7010
vn 0.2345 0.1668 -0.9577
vn -0.2791 0.0912 -0.9559
vn -0.7168 -0.0089 -0.6972
vn -0.9618 -0.1064 -0.2522
vn -0.9497 -0.1754 0.2593
vn -0.6851 -0.1976 0.7012
vn -0.2382 -0.1673 0.9567
vn 0.2724 -0.0924 0.9577
vn 0.9630 0.0841 0.2562
vn 0.7114 0.0093 0.7027
vn 0.9559 0.1363 -0.2600
vn 0.6912 0.1518 -0.7065
vn 0.2401 0.1264 -0.9625
vn -0.2753 0.0670 -0.9590
vn -0.7161 -0.0104 -0.6979
vn -0.9645 -0.0849 -0.2502
vn -0.9550 -0.1367 0.2633
vn -0.6910 -0.1519 0.7067
vn -0.2432 -0.1267 0.9617
vn 0.2698 -0.0678 0.9605
vn 0.9648 0.0667 0.2542
vn 0.7116 0.0114 0.7025
vn 0.9592 0.1042 -0.2630
vn 0.6951 0.1136 -0.7099
vn 0.2438 0.0924 -0.9654
vn -0.2728 0.0464 -0.9610
vn -0.7155 -0.0121 -0.6985
vn -0.9661 -0.0672 -0.2492
vn -0.9583 -0.1044 0.2662
vn -0.6949 -0.1136 0.7101
vn -0.2465 -0.0926 0.9647
vn 0.2681 -0.0469 0.9622
vn 0.9660 0.0525 0.2530
vn 0.7117 0.0138 0.7023
vn 0.9612 0.0772 -0.2647
vn 0.6977 0.0812 -0.7118
vn 0.2463 0.0633 -0.9671
vn -0.2710 0.0283 -0.9622
vn -0.7151 -0.0142 -0.6989
vn -0.9672 -0.0528 -0.2487
vn -0.9604 -0.0773 0.2676
vn -0.6974 -0.0812 0.7121
vn -0.2485 -0.0634 0.9666
vn 0.2671 -0.0287 0.9632
vn 0.9668 0.0411 0.2523
vn 0.7118 0.0167 0.7022
vn 0.9625 0.0544 -0.2657
vn 0.6994 0.0531 -0.7127
vn 0.2480 0.0376 -0.9680
vn -0.2698 0.0119 -0.9628
vn -0.7147 -0.0169 -0.6992
vn -0.9678 -0.0412 -0.2484
vn -0.9618 -0.0544 0.2684
vn -0.6990 -0.0531 0.7131
vn -0.2498 -0.0376 0.9676
vn 0.2664 -0.0121 0.9638
vn 0.9671 0.0323 0.2523
vn 0.7117 0.0210 0.7022
vn 0.9633 0.0349 -0.2661
vn 0.7006 0.0281 -0.7130
vn 0.2493 0.0138 -0.9683
vn -0.2689 -0.0043 -0.9632
vn -0.7144 -0.0212 -0.6994
vn -0.9681 -0.0324 -0.2484
vn -0.9626 -0.0349 0.2687
vn -0.6999 -0.0281 0.7137
vn -0.2505 -0.0138 0.9680
vn 0.2659 0.0042 0.9640
vn 0.9673 0.0274 0.2522
vn 0.7114 0.0291 0.7022
vn 0.9639 0.0183 -0.2657
vn 0.7016 0.0044 -0.7126
vn 0.2503 -0.0107 -0.9681
vn -0.2681 -0.0229 -0.9631
vn -0.7141 -0.0290 -0.6994
vn -0.9683 -0.0273 -0.2483
vn -0.9630 -0.0183 0.2690
vn -0.7002 -0.0043 0.7139
vn -0.2508 0.0108 0.9680
vn 0.2655 0.0230 0.9638
vn 0.9665 0.0342 0.2542
vn 0.7099 0.0543 0.7022
vn 0.9648 0.0054 -0.2629
vn 0.7035 -0.0241 -0.7103
vn 0.2521 -0.0465 -0.9666
vn -0.2670 -0.0566 -0.9620
vn -0.7139 -0.0517 -0.6983
vn -0.9685 -0.0329 -0.2467
vn -0.9626 -0.0046 0.2708
vn -0.6991 0.0256 0.7146
vn -0.2499 0.0494 0.9670
vn 0.2651 0.0599 0.9624
vn 0.9631 0.0812 0.2566
vn 0.7044 0.1462 0.6946
vn 0.9679 -0.0053 -0.2513
vn 0.7129 -0.0904 -0.6955
vn 0.2614 -0.1512 -0.9533
vn -0.2642 -0.1706 -0.9492
vn -0.7164 -0.1431 -0.6829
vn -0.9699 -0.0766 -0.2312
vn -0.9602 0.0105 0.2791
vn -0.6956 0.0947 0.7121
vn -0.2491 0.1539 0.9562
vn 0.2618 0.1727 0.9495
vn 0.9630 0.1224 0.2401
vn 0.7025 0.2350 0.6717
vn 0.9661 -0.0236 -0.2571
vn 0.7088 -0.1638 -0.6861
vn 0.2600 -0.2600 -0.9299
vn -0.2589 -0.2860 -0.9226
vn -0.7077 -0.2346 -0.6664
vn -0.9655 -0.1202 -0.2311
vn -0.9638 0.0261 0.2655
vn -0.7045 0.1648 0.6903
vn -0.2583 0.2593 0.9306
vn 0.2558 0.2849 0.9238
vn 0.9631 0.1293 0.2359
vn 0.7021 0.2645 0.6611
vn 0.9665 -0.0408 -0.2532
vn 0.7101 -0.2002 -0.6750
vn 0.2623 -0.3058 -0.9153
vn -0.2564 -0.3290 -0.9089
vn -0.7057 -0.2635 -0.6577
vn -0.9648 -0.1273 -0.2299
vn -0.9650 0.0428 0.2587
vn -0.7074 0.2012 0.6776
vn -0.2614 0.3058 0.9155
vn 0.2540 0.3290 0.9095
vn 0.9632 0.1322 0.2339
vn 0.7017 0.2831 0.6538
vn 0.9669 -0.0544 -0.2492
vn 0.7109 -0.2266 -0.6658
vn 0.2635 -0.3379 -0.9036
vn -0.2549 -0.3583 -0.8982
vn -0.7044 -0.2823 -0.6512
vn -0.9645 -0.1306 -0.2296
vn -0.9658 0.0559 0.2530
vn -0.7091 0.2273 0.6675
vn -0.2632 0.3379 0.9036
vn 0.2528 0.3583 0.8987
vn 0.9634 0.1322 0.2333
vn 0.7014 0.2951 0.6487
vn 0.9673 -0.0663 -0.2450
vn 0.7114 -0.2472 -0.6579
vn 0.2642 -0.3617 -0.8941
vn -0.2540 -0.3789 -0.8899
vn -0.7038 -0.2943 -0.6466
vn -0.9644 -0.1308 -0.2300
vn -0.9665 0.0675 0.2477
vn -0.7103 0.2477 0.6589
vn -0.2644 0.3616 0.8940
vn 0.2521 0.3790 0.8904
vn 0.9635 0.1296 0.2341
vn 0.7013 0.3023 0.6455
vn 0.9675 -0.0779 -0.2404
vn 0.7116 -0.2647 -0.6507
vn 0.2645 -0.3804 -0.8862
vn -0.2536 -0.3938 -0.8835
vn -0.7034 -0.3015 -0.6437
vn -0.9643 -0.1284 -0.2314
vn -0.9670 0.0788 0.2425
vn -0.7111 0.2650 0.6512
vn -0.2652 0.3803 0.8860
vn 0.2516 0.3940 0.8840
vn 0.9637 0.1241 0.2363
vn 0.7013 0.3053 0.6442
vn 0.9677 -0.0905 -0.2351
vn 0.7117 -0.2810 -0.6438
vn 0.2645 -0.3960 -0.8793
vn -0.2535 -0.4045 -0.8787
vn -0.7033 -0.3046 -0.6424
vn -0.9644 -0.1231 -0.2341
vn -0.9673 0.0912 0.2366
vn -0.7117 0.2811 0.6438
vn -0.2658 0.3958 0.8790
vn 0.2512 0.4047 0.8793
vn 0.9638 0.1146 0.2406
vn 0.7012 0.3041 0.6449
vn 0.9678 -0.1058 -0.2284
vn 0.7116 -0.2978 -0.6363
vn 0.2643 -0.4098 -0.8731
vn -0.2537 -0.4116 -0.8753
vn -0.7034 -0.3031 -0.6429
vn -0.9644 -0.1136 -0.2386
vn -0.9675 0.1062 0.2293
vn -0.7121 0.2976 0.6359
vn -0.2664 0.4095 0.8726
vn 0.2508 0.4119 0.8760
vn 0.9637 0.0985 0.2483
vn 0.7008 0.2970 0.6486
vn 0.9675 -0.1266 -0.2190
vn 0.7110 -0.3176 -0.6274
vn 0.2635 -0.4232 -0.8669
vn -0.2544 -0.4151 -0.8735
vn -0.7037 -0.2957 -0.6461
vn -0.9643 -0.0974 -0.2461
vn -0.9674 0.1267 0.2191
vn -0.7124 0.3171 0.6260
vn -0.2670 0.4228 0.8660
vn 0.2502 0.4156 0.8745
vn 0.9624 0.0697 0.2625
vn 0.6994 0.2799 0.6576
vn 0.9660 -0.1593 -0.2037
vn 0.7090 -0.3455 -0.6148
vn 0.2613 -0.4383 -0.8600
vn -0.2560 -0.4132 -0.8739
vn -0.7038 -0.2775 -0.6540
vn -0.9632 -0.0680 -0.2601
vn -0.9662 0.1594 0.2026
vn -0.7122 0.3445 0.6116
vn -0.2680 0.4379 0.8581
vn 0.2486 0.4145 0.8754
vn 0.9572 0.0143 0.2890
vn 0.6957 0.2407 0.6768
vn 0.9604 -0.2170 -0.1747
vn 0.7043 -0.3922 -0.5917
vn 0.2560 -0.4597 -0.8504
vn -0.2604 -0.3983 -0.8795
vn -0.7027 -0.2276 -0.6740
vn -0.9563 0.0024 -0.2925
vn -0.9591 0.2304 0.1647
vn -0.7105 0.3979 0.5804
vn -0.2713 0.4616 0.8446
vn 0.2446 0.4042 0.8814
vn 0.8744 -0.2139 0.4355
vn 0.6204 0.1274 0.7738
vn 0.9066 -0.3939 -0.1516
vn 0.7252 -0.0349 -0.6876
vn 0.3532 -0.1277 -0.9268
vn -0.1361 -0.1630 -0.9772
vn -0.6132 -0.0384 -0.7890
vn -0.8853 0.2193 -0.4101
vn -0.8870 0.4588 0.0525
vn -0.6497 0.5873 0.4827
vn -0.2511 0.5702 0.7822
vn 0.2084 0.4086 0.8886
vn 0.8909 -0.2106 0.4025
vn 0.7800 0.2156 0.5875
vn 0.8261 -0.5479 0.1319
vn 0.9551 0.1779 -0.2371
vn 0.4972 0.7913 -0.3559
vn 0.5280 0.5533 -0.6443
vn 0.3242 0.5079 -0.7981
vn 0.2253 0.6829 -0.6949
vn 0.3448 0.8282 -0.4418
vn -0.2664 0.9049 0.3318
vn 0.0529 0.8523 0.5203
vn 0.4803 0.6064 0.6337
vn 0.9267 -0.1151 -0.3578
vn 0.8719 0.3781 -0.3111
vn 0.7459 -0.5851 -0.3182
vn 0.5309 -0.8101 -0.2488
vn 0.6704 -0.3063 0.6759
vn 0.7464 0.0223 0.6651
vn 0.9461 0.2925 0.1390
vn 0.9973 -0.0726 0.0116
vn 0.9341 -0.2847 0.2156
vn 0.1776 0.9612 0.2109
vn 0.2295 0.9732 -0.0120
vn 0.6094 0.7703 -0.1878
vn 0.4960 -0.1409 -0.8568
vn 0.4627 0.3475 -0.8156
vn 0.4030 -0.5986 -0.6923
vn 0.1998 -0.9185 -0.3413
vn -0.0114 -0.9815 0.1909
vn 0.3388 -0.5906 0.7324
vn 0.4792 -0.1934 0.8561
vn 0.4974 0.0876 0.8631
vn 0.4109 0.4331 0.8022
vn 0.1353 0.8377 0.5292
vn 0.0722 0.9872 -0.1425
vn 0.3076 0.7606 -0.5718
vn 0.3777 -0.1489 -0.9139
vn 0.3514 0.3654 -0.8620
vn 0.3028 -0.6235 -0.7208
vn 0.1468 -0.9309 -0.3346
vn -0.0485 -0.9888 0.1412
vn -0.2308 -0.7818 0.5793
vn -0.3511 -0.3655 0.8621
vn -0.3775 0.1488 0.9140
vn -0.3027 0.6231 0.7211
vn -0.1469 0.9307 0.3350
vn 0.0484 0.9888 -0.1409
vn 0.2308 0.7819 -0.5791
vn 0.3876 -0.1490 -0.9097
vn 0.3610 0.3660 -0.8578
vn 0.3102 -0.6241 -0.7172
vn 0.1494 -0.9313 -0.3321
vn -0.0513 -0.9886 0.1416
vn -0.2381 -0.7812 0.5771
vn -0.3611 -0.3651 0.8581
vn -0.3877 0.1486 0.9097
vn -0.3107 0.6225 0.7183
vn -0.1506 0.9302 0.3347
vn 0.0500 0.9891 -0.1387
vn 0.2373 0.7827 -0.5753
vn 0.4104 -0.1490 -0.8997
vn 0.3825 0.3666 -0.8481
vn 0.3277 -0.6244 -0.7090
vn 0.1570 -0.9316 -0.3279
vn -0.0556 -0.9885 0.1408
vn -0.2531 -0.7809 0.5711
vn -0.3829 -0.3649 0.8487
vn -0.4105 0.1484 0.8997
vn -0.3286 0.6219 0.7108
vn -0.1589 0.9298 0.3320
vn 0.0535 0.9892 -0.1362
vn 0.2518 0.7833 -0.5683
vn 0.4431 -0.1489 -0.8840
vn 0.4135 0.3672 -0.8332
vn 0.3532 -0.6247 -0.6964
vn 0.1684 -0.9318 -0.3216
vn -0.0614 -0.9884 0.1390
vn -0.2744 -0.7806 0.5616
vn -0.4140 -0.3649 0.8339
vn -0.4433 0.1480 0.8841
vn -0.3545 0.6212 0.6989
vn -0.1712 0.9293 0.3271
vn 0.0583 0.9894 -0.1328
vn 0.2724 0.7840 -0.5578
vn 0.4865 -0.1488 -0.8609
vn 0.4545 0.3678 -0.8113
vn 0.3871 -0.6249 -0.6779
vn 0.1835 -0.9320 -0.3125
vn -0.0691 -0.9883 0.1362
vn -0.3027 -0.7802 0.5474
vn -0.4553 -0.3648 0.8122
vn -0.4868 0.1473 0.8610
vn -0.3890 0.6204 0.6810
vn -0.1875 0.9288 0.3196
vn 0.0645 0.9897 -0.1282
vn 0.2997 0.7848 -0.5425
vn 0.5429 -0.1485 -0.8266
vn 0.5077 0.3688 -0.7786
vn 0.4310 -0.6254 -0.6505
vn 0.2029 -0.9324 -0.2990
vn -0.0792 -0.9881 0.1319
vn -0.3395 -0.7797 0.5262
vn -0.5089 -0.3647 0.7798
vn -0.5434 0.1465 0.8266
vn -0.4339 0.6193 0.6544
vn -0.2089 0.9281 0.3081
vn 0.0724 0.9900 -0.1215
vn 0.3351 0.7858 -0.5199
vn 0.6155 -0.1483 -0.7741
vn 0.5760 0.3701 -0.7288
vn 0.4874 -0.6261 -0.6086
vn 0.2276 -0.9330 -0.2786
vn -0.0927 -0.9878 0.1250
vn -0.3871 -0.7789 0.4935
vn -0.5782 -0.3644 0.7300
vn -0.6164 0.1457 0.7738
vn -0.4921 0.6177 0.6135
vn -0.2371 0.9271 0.2903
vn 0.0821 0.9903 -0.1117
vn 0.3803 0.7872 -0.4856
vn 0.7074 -0.1482 -0.6911
vn 0.6626 0.3718 -0.6502
vn 0.5586 -0.6273 -0.5426
vn 0.2583 -0.9340 -0.2470
vn -0.1105 -0.9874 0.1134
vn -0.4481 -0.7775 0.4412
vn -0.6661 -0.3638 0.6511
vn -0.7091 0.1446 0.6901
vn -0.5662 0.6155 0.5483
vn -0.2735 0.9257 0.2614
vn 0.0934 0.9909 -0.0970
vn 0.4370 0.7891 -0.4317
vn 0.8167 -0.1484 -0.5577
vn 0.7654 0.3737 -0.5239
vn 0.6429 -0.6290 -0.4370
vn 0.2937 -0.9353 -0.1974
vn -0.1332 -0.9867 0.0930
vn -0.5218 -0.7754 0.3555
vn -0.7714 -0.3626 0.5230
vn -0.8199 0.1431 0.5543
vn -0.6554 0.6124 0.4419
vn -0.3183 0.9237 0.2131
vn 0.1055 0.9916 -0.0748
vn 0.5036 0.7918 -0.3457
vn 0.9308 -0.1499 -0.3333
vn 0.8714 0.3782 -0.3124
vn 0.7281 -0.6342 -0.2603
vn 0.3261 -0.9382 -0.1161
vn -0.1589 -0.9856 0.0576
vn -0.5971 -0.7730 0.2145
vn -0.8777 -0.3613 0.3147
vn -0.9319 0.1422 0.3337
vn -0.7463 0.6098 0.2669
vn -0.3662 0.9214 0.1305
vn 0.1135 0.9927 -0.0414
vn 0.5683 0.7971 -0.2042
vn 0.9864 -0.1482 -0.0704
vn 0.9244 0.3756 -0.0662
vn 0.7744 -0.6302 -0.0559
vn 0.3506 -0.9362 -0.0258
vn -0.1641 -0.9864 0.0127
vn -0.6306 -0.7746 0.0487
vn -0.9292 -0.3624 0.0720
vn -0.9868 0.1427 0.0765
vn -0.7891 0.6112 0.0610
vn -0.3844 0.9227 0.0295
vn 0.1257 0.9920 -0.0092
vn 0.6066 0.7938 -0.0442
vn 0.9815 -0.1471 0.1222
vn 0.9208 0.3729 0.1145
vn 0.7735 -0.6264 0.0959
vn 0.3552 -0.9338 0.0438
vn -0.1568 -0.9875 -0.0190
vn -0.6240 -0.7777 -0.0757
vn -0.9245 -0.3645 -0.1118
vn -0.9825 0.1435 -0.1188
vn -0.7834 0.6142 -0.0948
vn -0.3771 0.9250 -0.0458
vn 0.1320 0.9911 0.0163
vn 0.6083 0.7901 0.0753
vn 0.9570 -0.1467 0.2504
vn 0.8980 0.3719 0.2349
vn 0.7552 -0.6250 0.1975
vn 0.3490 -0.9327 0.0912
vn -0.1495 -0.9880 -0.0390
vn -0.6061 -0.7795 -0.1580
vn -0.9008 -0.3654 -0.2347
vn -0.9576 0.1440 -0.2495
vn -0.7623 0.6160 -0.1986
vn -0.3645 0.9263 -0.0950
vn 0.1319 0.9907 0.0345
vn 0.5949 0.7886 0.1555
vn 0.9266 -0.1465 0.3464
vn 0.8697 0.3714 0.3251
vn 0.7318 -0.6243 0.2735
vn 0.3393 -0.9321 0.1268
vn -0.1431 -0.9883 -0.0534
vn -0.5858 -0.7804 -0.2187
vn -0.8717 -0.3664 -0.3255
vn -0.9270 0.1443 -0.3461
vn -0.7373 0.6169 -0.2753
vn -0.3515 0.9269 -0.1313
vn 0.1293 0.9904 0.0483
vn 0.5769 0.7878 0.2156
vn 0.8928 -0.1463 0.4261
vn 0.8380 0.3711 0.3999
vn 0.7053 -0.6239 0.3366
vn 0.3274 -0.9319 0.1562
vn -0.1373 -0.9884 -0.0655
vn -0.5640 -0.7807 -0.2691
vn -0.8398 -0.3663 -0.4007
vn -0.8931 0.1444 -0.4261
vn -0.7101 0.6173 -0.3388
vn -0.3381 0.9272 -0.1613
vn 0.1251 0.9903 0.0597
vn 0.5562 0.7875 0.2654
vn 0.8542 -0.1464 0.4990
vn 0.8018 0.3711 0.4684
vn 0.6748 -0.6239 0.3942
vn 0.3132 -0.9319 0.1830
vn -0.1313 -0.9884 -0.0767
vn -0.5395 -0.7807 -0.3152
vn -0.8034 -0.3663 -0.4694
vn -0.8544 0.1444 -0.4992
vn -0.6793 0.6173 -0.3969
vn -0.3235 0.9272 -0.1890
vn 0.1197 0.9903 0.0699
vn 0.5321 0.7875 0.3109
vn 0.8076 -0.1465 0.5713
vn 0.7580 0.3713 0.5362
vn 0.6378 -0.6242 0.4512
vn 0.2957 -0.9321 0.2092
vn -0.1246 -0.9883 -0.0882
vn -0.5103 -0.7805 -0.3611
vn -0.7596 -0.3661 -0.5375
vn -0.8077 0.1443 -0.5716
vn -0.6424 0.6170 -0.4546
vn -0.3062 0.9270 -0.2167
vn 0.1127 0.9904 0.0797
vn 0.5028 0.7878 0.3557
vn 0.7479 -0.1467 0.6474
vn 0.7019 0.3718 0.6076
vn 0.5903 -0.6248 0.5110
vn 0.2731 -0.9325 0.2364
vn -0.1163 -0.9881 -0.1008
vn -0.4731 -0.7798 -0.4099
vn -0.7034 -0.3656 -0.6095
vn -0.7478 0.1442 -0.6480
vn -0.5951 0.6163 -0.5157
vn -0.2844 0.9265 -0.2464
vn 0.1035 0.9906 0.0896
vn 0.4651 0.7884 0.4026
vn 0.6667 -0.1470 0.7307
vn 0.6255 0.3724 0.6856
vn 0.5257 -0.6257 0.5763
vn 0.2422 -0.9332 0.2656
vn -0.1049 -0.9878 -0.1152
vn -0.4223 -0.7788 -0.4637
vn -0.6268 -0.3649 -0.6884
vn -0.6663 0.1439 -0.7317
vn -0.5307 0.6154 -0.5828
vn -0.2545 0.9258 -0.2794
vn 0.0909 0.9909 0.0997
vn 0.4140 0.7891 0.4539
vn 0.5510 -0.1474 0.8214
vn 0.5167 0.3735 0.7704
vn 0.4337 -0.6272 0.6469
vn 0.1986 -0.9342 0.2964
vn -0.0883 -0.9873 -0.1321
vn -0.3495 -0.7773 -0.5231
vn -0.5174 -0.3639 -0.7745
vn -0.5497 0.1435 -0.8229
vn -0.4385 0.6139 -0.6564
vn -0.2115 0.9247 -0.3164
vn 0.0734 0.9913 0.1095
vn 0.3407 0.7909 0.5084
vn 0.3833 -0.1478 0.9117
vn 0.3592 0.3748 0.8547
vn 0.3008 -0.6292 0.7167
vn 0.1364 -0.9356 0.3257
vn -0.0626 -0.9866 -0.1507
vn -0.2425 -0.7751 -0.5834
vn -0.3575 -0.3624 -0.8607
vn -0.3796 0.1429 -0.9141
vn -0.3035 0.6118 -0.7305
vn -0.1476 0.9232 -0.3549
vn 0.0493 0.9918 0.1177
vn 0.2358 0.7926 0.5623
vn 0.1313 -0.1499 0.9799
vn 0.1229 0.3788 0.9173
vn 0.1028 -0.6343 0.7662
vn 0.0461 -0.9383 0.3427
vn -0.0227 -0.9856 -0.1676
vn -0.0851 -0.7730 -0.6287
vn -0.1252 -0.3613 -0.9240
vn -0.1329 0.1424 -0.9808
vn -0.1064 0.6099 -0.7853
vn -0.0522 0.9213 -0.3854
vn 0.0161 0.9927 0.1194
vn 0.0803 0.7974 0.5981
vn -0.1256 -0.1478 0.9810
vn -0.1175 0.3746 0.9197
vn -0.0981 -0.6289 0.7713
vn -0.0441 -0.9354 0.3509
vn 0.0197 -0.9867 -0.1613
vn 0.0764 -0.7755 -0.6267
vn 0.1123 -0.3626 -0.9251
vn 0.1191 0.1430 -0.9825
vn 0.0954 0.6121 -0.7850
vn 0.0466 0.9234 -0.3810
vn -0.0161 0.9917 0.1272
vn -0.0764 0.7923 0.6053
vn -0.2882 -0.1469 0.9462
vn -0.2704 0.3722 0.8879
vn -0.2271 -0.6255 0.7464
vn -0.1046 -0.9331 0.3442
vn 0.0451 -0.9878 -0.1492
vn 0.1814 -0.7788 -0.6005
vn 0.2690 -0.3649 -0.8913
vn 0.2859 0.1439 -0.9474
vn 0.2279 0.6153 -0.7547
vn 0.1094 0.9258 -0.3618
vn -0.0393 0.9908 0.1293
vn -0.1787 0.7891 0.5876
vn -0.3906 -0.1465 0.9088
vn -0.3666 0.3714 0.8530
vn -0.3085 -0.6243 0.7177
vn -0.1429 -0.9321 0.3327
vn 0.0603 -0.9882 -0.1406
vn 0.2467 -0.7803 -0.5747
vn 0.3670 -0.3659 -0.8552
vn 0.3902 0.1443 -0.9093
vn 0.3104 0.6168 -0.7233
vn 0.1481 0.9268 -0.3450
vn -0.0544 0.9905 0.1267
vn -0.2431 0.7879 0.5658
vn -0.4683 -0.1463 0.8714
vn -0.4396 0.3710 0.8179
vn -0.3700 -0.6237 0.6885
vn -0.1718 -0.9318 0.3197
vn 0.0719 -0.9884 -0.1338
vn 0.2957 -0.7808 -0.5503
vn 0.4404 -0.3663 -0.8197
vn 0.4683 0.1445 -0.8717
vn 0.3723 0.6174 -0.6930
vn 0.1773 0.9272 -0.3299
vn -0.0658 0.9903 0.1224
vn -0.2920 0.7871 0.5433
vn -0.5365 -0.1463 0.8312
vn -0.5036 0.3710 0.7802
vn -0.4239 -0.6237 0.6567
vn -0.1969 -0.9318 0.3050
vn 0.0823 -0.9884 -0.1275
vn 0.3388 -0.7809 -0.5248
vn 0.5046 -0.3664 -0.7817
vn 0.5366 0.1446 -0.8313
vn 0.4266 0.6174 -0.6609
vn 0.2030 0.9273 -0.3145
vn -0.0754 0.9903 0.1168
vn -0.3343 0.7874 0.5180
vn -0.6036 -0.1469 0.7836
vn -0.5667 0.3712 0.7355
vn -0.4769 -0.6241 0.6190
vn -0.2213 -0.9320 0.2871
vn 0.0930 -0.9883 -0.1207
vn 0.3816 -0.7806 -0.4950
vn 0.5681 -0.3661 -0.7370
vn 0.6041 0.1445 -0.7837
vn 0.4804 0.6171 -0.6232
vn 0.2289 0.9271 -0.2969
vn -0.0844 0.9904 0.1096
vn -0.3761 0.7877 0.4880
vn -0.6766 -0.1465 0.7216
vn -0.6349 0.3718 0.6772
vn -0.5341 -0.6248 0.5696
vn -0.2471 -0.9325 0.2634
vn 0.1054 -0.9881 -0.1122
vn 0.4284 -0.7798 -0.4564
vn 0.6370 -0.3656 -0.6786
vn 0.6773 0.1443 -0.7215
vn 0.5390 0.6163 -0.5742
vn 0.2575 0.9265 -0.2744
vn -0.0936 0.9906 0.0998
vn -0.4208 0.7884 0.4487
vn -0.7600 -0.1470 0.6331
vn -0.7130 0.3727 0.5939
vn -0.5992 -0.6261 0.4990
vn -0.2757 -0.9334 0.2295
vn 0.1206 -0.9876 -0.1001
vn 0.4829 -0.7784 -0.4011
vn 0.7164 -0.3646 -0.5949
vn 0.7614 0.1438 -0.6322
vn 0.6067 0.6149 -0.5038
vn 0.2914 0.9255 -0.2421
vn -0.1030 0.9910 0.0858
vn -0.4715 0.7897 0.3925
vn -0.8553 -0.1477 0.4966
vn -0.8021 0.3742 0.4655
vn -0.6730 -0.6283 0.3902
vn -0.3070 -0.9350 0.1777
vn 0.1399 -0.9869 -0.0806
vn 0.5467 -0.7759 -0.3147
vn 0.8076 -0.3632 -0.4646
vn 0.8579 0.1431 -0.4934
vn 0.6852 0.6125 -0.3942
vn 0.3319 0.9238 -0.1911
vn -0.1119 0.9916 0.0648
vn -0.5283 0.7920 0.3061
vn -0.9491 -0.1488 0.2775
vn -0.8892 0.3767 0.2597
vn -0.7441 -0.6320 0.2167
vn -0.3344 -0.9374 0.0968
vn 0.1621 -0.9857 -0.0461
vn 0.6108 -0.7725 -0.1738
vn 0.8972 -0.3606 -0.2549
vn 0.9522 0.1421 -0.2705
vn 0.7628 0.6092 -0.2169
vn 0.3742 0.9212 -0.1067
vn -0.1173 0.9925 0.0340
vn -0.5819 0.7955 0.1689
vn -0.9869 -0.1511 -0.0572
vn -0.9225 0.3822 -0.0534
vn -0.7681 -0.6389 -0.0442
vn -0.3384 -0.9408 -0.0193
vn 0.1749 -0.9845 0.0097
vn 0.6365 -0.7705 0.0351
vn 0.9316 -0.3599 0.0513
vn 0.9884 0.1417 0.0544
vn 0.7930 0.6076 0.0437
vn 0.3931 0.9192 0.0217
vn -0.1133 0.9935 -0.0065
vn -0.5969 0.8016 -0.0341
vn -0.9249 -0.1476 -0.3504
vn -0.8674 0.3741 -0.3281
vn -0.7279 -0.6284 -0.2744
vn -0.3316 -0.9352 -0.1241
vn 0.1529 -0.9867 0.0560
vn 0.5933 -0.7751 0.2172
vn 0.8755 -0.3623 0.3196
vn 0.9298 0.1428 0.3393
vn 0.7431 0.6116 0.2717
vn 0.3608 0.9232 0.1324
vn -0.1201 0.9917 -0.0451
vn -0.5713 0.7921 -0.2146
vn -0.8792 -0.1454 -0.4538
vn -0.8260 0.3689 -0.4262
vn -0.6968 -0.6208 -0.3592
vn -0.3268 -0.9300 -0.1682
vn 0.1314 -0.9891 0.0672
vn 0.5542 -0.7827 0.2833
vn 0.8283 -0.3675 0.4229
vn 0.8813 0.1450 0.4498
vn 0.6994 0.6191 0.3573
vn 0.3303 0.9286 0.1690
vn -0.1277 0.9896 -0.0658
vn -0.5512 0.7846 -0.2839
vn -0.8674 -0.1458 -0.4758
vn -0.8146 0.3696 -0.4469
vn -0.6866 -0.6219 -0.3767
vn -0.3213 -0.9304 -0.1763
vn 0.1297 -0.9890 0.0711
vn 0.5455 -0.7828 0.2993
vn 0.8152 -0.3678 0.4473
vn 0.8674 0.1450 0.4759
vn 0.6883 0.6194 0.3777
vn 0.3252 0.9286 0.1784
vn -0.1252 0.9897 -0.0687
vn -0.5427 0.7854 -0.2977
vn -0.8499 -0.1459 -0.5063
vn -0.7982 0.3699 -0.4754
vn -0.6726 -0.6222 -0.4006
vn -0.3144 -0.9306 -0.1873
vn 0.1276 -0.9889 0.0760
vn 0.5349 -0.7825 0.3187
vn 0.7990 -0.3676 0.4760
vn 0.8500 0.1450 0.5064
vn 0.6747 0.6191 0.4020
vn 0.3192 0.9284 0.1902
vn -0.1222 0.9898 -0.0728
vn -0.5314 0.7857 -0.3165
vn -0.8268 -0.1459 -0.5432
vn -0.7764 0.3702 -0.5101
vn -0.6540 -0.6226 -0.4297
vn -0.3053 -0.9309 -0.2006
vn 0.1248 -0.9888 0.0820
vn 0.5207 -0.7822 0.3422
vn 0.7773 -0.3673 0.5108
vn 0.8269 0.1449 0.5434
vn 0.6565 0.6187 0.4315
vn 0.3110 0.9282 0.2044
vn -0.1182 0.9899 -0.0777
vn -0.5165 0.7861 -0.3394
vn -0.7959 -0.1461 -0.5875
vn -0.7472 0.3706 -0.5516
vn -0.6293 -0.6230 -0.4646
vn -0.2932 -0.9312 -0.2165
vn 0.1209 -0.9887 0.0893
vn 0.5017 -0.7817 0.3705
vn 0.7483 -0.3669 0.5527
vn 0.7959 0.1448 0.5878
vn 0.6323 0.6182 0.4669
vn 0.3001 0.9278 0.2216
vn -0.1130 0.9901 -0.0835
vn -0.4967 0.7866 -0.3667
vn -0.7542 -0.1463 -0.6402
vn -0.7080 0.3710 -0.6010
vn -0.5959 -0.6237 -0.5059
vn -0.2770 -0.9316 -0.2352
vn 0.1154 -0.9885 0.0981
vn 0.4759 -0.7811 0.4043
vn 0.7091 -0.3665 0.6024
vn 0.7541 0.1446 0.6406
vn 0.5994 0.6176 0.5092
vn 0.2851 0.9274 0.2422
vn -0.1062 0.9903 -0.0901
vn -0.4701 0.7872 -0.3991
vn -0.6970 -0.1465 -0.7019
vn -0.6542 0.3715 -0.6588
vn -0.5504 -0.6244 -0.5543
vn -0.2550 -0.9322 -0.2569
vn 0.1078 -0.9882 0.1086
vn 0.4405 -0.7803 0.4440
vn 0.6554 -0.3660 0.6607
vn 0.6969 0.1443 0.7025
vn 0.5543 0.6168 0.5588
vn 0.2644 0.9268 0.2665
vn -0.0970 0.9905 -0.0978
vn -0.4338 0.7880 -0.4370
vn -0.6178 -0.1467 -0.7725
vn -0.5797 0.3722 -0.7249
vn -0.4873 -0.6254 -0.6095
vn -0.2249 -0.9329 -0.2813
vn 0.0967 -0.9879 0.1211
vn 0.3910 -0.7793 0.4897
vn 0.5807 -0.3653 0.7275
vn 0.6173 0.1441 0.7734
vn 0.4916 0.6159 0.6157
vn 0.2354 0.9261 0.2948
vn -0.0847 0.9907 -0.1060
vn -0.3837 0.7890 -0.4799
vn -0.5081 -0.1471 -0.8487
vn -0.4765 0.3731 -0.7961
vn -0.4002 -0.6266 -0.6687
vn -0.1837 -0.9337 -0.3072
vn 0.0807 -0.9875 0.1352
vn 0.3220 -0.7780 0.5394
vn 0.4772 -0.3644 0.7997
vn 0.5071 0.1437 0.8498
vn 0.4043 0.6146 0.6774
vn 0.1945 0.9252 0.3258
vn -0.0684 0.9911 -0.1143
vn -0.3146 0.7902 -0.5259
vn -0.3591 -0.1476 -0.9215
vn -0.3366 0.3741 -0.8641
vn -0.2824 -0.6281 -0.7251
vn -0.1289 -0.9347 -0.3312
vn 0.0579 -0.9871 0.1494
vn 0.2277 -0.7767 0.5872
vn 0.3367 -0.3635 0.8686
vn 0.3577 0.1434 0.9228
vn 0.2855 0.6133 0.7364
vn 0.1381 0.9242 0.3559
vn -0.0473 0.9915 -0.1215
vn -0.2216 0.7916 -0.5694
vn -0.1682 -0.1481 -0.9746
vn -0.1577 0.3750 -0.9135
vn -0.1321 -0.6294 -0.7657
vn -0.0599 -0.9356 -0.3480
vn 0.0275 -0.9867 0.1603
vn 0.1067 -0.7756 0.6221
vn 0.1574 -0.3628 0.9185
vn 0.1672 0.1431 0.9755
vn 0.1336 0.6122 0.7793
vn 0.0649 0.9234 0.3783
vn -0.0217 0.9918 -0.1260
vn -0.1035 0.7929 -0.6004
vn -0.0622 -0.1472 -0.9871
vn -0.0583 0.3733 -0.9259
vn -0.0489 -0.6274 -0.7771
vn -0.0222 -0.9351 -0.3536
vn 0.0102 -0.9864 0.1642
vn 0.0395 -0.7732 0.6329
vn 0.0580 -0.3605 0.9310
vn 0.0616 0.1421 0.9879
vn 0.0494 0.6094 0.7913
vn 0.0241 0.9222 0.3860
vn -0.0080 0.9918 -0.1276
vn -0.0384 0.7915 -0.6099
vt 0.363636 0.000000
vt 0.272727 0.000000
vt 0.181818 0.000000
vt 0.090909 0.000000
vt 0.454545 0.000000
vt 0.000000 0.000000
vt 0.545455 0.000000
vt 1.000000 0.000000
vt 0.636364 0.000000
vt 0.909091 0.000000
vt 0.727273 0.000000
vt 0.818182 0.000000
vt 0.000000 1.000000
vt 0.013889 1.000000
vt 0.013889 0.916667
vt 0.000000 0.916667
vt 0.000000 0.083333
vt 0.013889 0.083333
vt 0.013889 0.000000
vt 0.000000 0.166667
vt 0.013889 0.166667
vt 0.000000 0.250000
vt 0.013889 0.250000
vt 0.000000 0.333333
vt 0.013889 0.333333
vt 0.000000 0.416667
vt 0.013889 0.416667
vt 0.000000 0.500000
vt 0.013889 0.500000
vt 0.000000 0.583333
vt 0.013889 0.583333
vt 0.000000 0.666667
vt 0.013889 0.666667
vt 0.000000 0.750000
vt 0.013889 0.750000
vt 0.000000 0.833333
vt 0.013889 0.833333
vt 0.027778 1.000000
vt 0.027778 0.916667
vt 0.027778 0.083333
vt 0.027778 0.000000
vt 0.027778 0.166667
vt 0.027778 0.250000
vt 0.027778 0.333333
vt 0.027778 0.416667
vt 0.027778 0.500000
vt 0.027778 0.583333
vt 0.027778 0.666667
vt 0.027778 0.750000
vt 0.027778 0.833333
vt 0.041667 1.000000
vt 0.041667 0.916667
vt 0.041667 0.083333
vt 0.041667 0.000000
vt 0.041667 0.166667
vt 0.041667 0.250000
vt 0.041667 0.333333
vt 0.041667 0.416667
vt 0.041667 0.500000
vt 0.041667 0.583333
vt 0.041667 0.666667
vt 0.041667 0.750000
vt 0.041667 0.833333
vt 0.055556 1.000000
vt 0.055556 0.916667
vt 0.055556 0.083333
vt 0.055556 0.000000
vt 0.055556 0.166667
vt 0.055556 0.250000
vt 0.055556 0.333333
vt 0.055556 0.416667
vt 0.055556 0.500000
vt 0.055556 0.583333
vt 0.055556 0.666667
vt 0.055556 0.750000
vt 0.055556 0.833333
vt 0.069444 1.000000
vt 0.069444 0.916667
vt 0.069444 0.083333
vt 0.069444 0.000000
vt 0.069444 0.166667
vt 0.069444 0.250000
vt 0.069444 0.333333
vt 0.069444 0.416667
vt 0.069444 0.500000
vt 0.069444 0.583333
vt 0.069444 0.666667
vt 0.069444 0.750000
vt 0.069444 0.833333
vt 0.083333 1.000000
vt 0.083333 0.916667
vt 0.083333 0.083333
vt 0.083333 0.000000
vt 0.083333 0.166667
vt 0.083333 0.250000
vt 0.083333 0.333333
vt 0.083333 0.416667
vt 0.083333 0.500000
vt 0.083333 0.583333
vt 0.083333 0.666667
vt 0.083333 0.750000
vt 0.083333 0.833333
vt 0.097222 1.000000
vt 0.097222 0.916667
vt 0.097222 0.083333
vt 0.097222 0.000000
vt 0.097222 0.166667
vt 0.097222 0.250000
vt 0.097222 0.333333
vt 0.097222 0.416667
vt 0.097222 0.500000
vt 0.097222 0.583333
vt 0.097222 0.666667
vt 0.097222 0.750000
vt 0.097222 0.833333
vt 0.111111 1.000000
vt 0.111111 0.916667
vt 0.111111 0.083333
vt 0.111111 0.000000
vt 0.111111 0.166667
vt 0.111111 0.250000
vt 0.111111 0.333333
vt 0.111111 0.416667
vt 0.111111 0.500000
vt 0.111111 0.583333
vt 0.111111 0.666667
vt 0.111111 0.750000
vt 0.111111 0.833333
vt 0.125000 1.000000
vt 0.125000 0.916667
vt 0.125000 0.083333
vt 0.125000 0.000000
vt 0.125000 0.166667
vt 0.125000 0.250000
vt 0.125000 0.333333
vt 0.125000 0.416667
vt 0.125000 0.500000
vt 0.125000 0.583333
vt 0.125000 0.666667
vt 0.125000 0.750000
vt 0.125000 0.833333
vt 0.138889 1.000000
vt 0.138889 0.916667
vt 0.138889 0.083333
vt 0.138889 0.000000
vt 0.138889 0.166667
vt 0.138889 0.250000
vt 0.138889 0.333333
vt 0.138889 0.416667
vt 0.138889 0.500000
vt 0.138889 0.583333
vt 0.138889 0.666667
vt 0.138889 0.750000
vt 0.138889 0.833333
vt 0.152778 1.000000
vt 0.152778 0.916667
vt 0.152778 0.083333
vt 0.152778 0.000000
vt 0.152778 0.166667
vt 0.152778 0.250000
vt 0.152778 0.333333
vt 0.152778 0.416667
vt 0.152778 0.500000
vt 0.152778 0.583333
vt 0.152778 0.666667
vt 0.152778 0.750000
vt 0.152778 0.833333
vt 0.166667 1.000000
vt 0.166667 0.916667
vt 0.166667 0.083333
vt 0.166667 0.000000
vt 0.166667 0.166667
vt 0.166667 0.250000
vt 0.166667 0.333333
vt 0.166667 0.416667
vt 0.166667 0.500000
vt 0.166667 0.583333
vt 0.166667 0.666667
vt 0.166667 0.750000
vt 0.166667 0.833333
vt 0.180556 1.000000
vt 0.180556 0.916667
vt 0.180556 0.083333
vt 0.180556 0.000000
vt 0.180556 0.166667
vt 0.180556 0.250000
vt 0.180556 0.333333
vt 0.180556 0.416667
vt 0.180556 0.500000
vt 0.180556 0.583333
vt 0.180556 0.666667
vt 0.180556 0.750000
vt 0.180556 0.833333
vt 0.194444 1.000000
vt 0.194444 0.916667
vt 0.194444 0.083333
vt 0.194444 0.000000
vt 0.194444 0.166667
vt 0.194444 0.250000
vt 0.194444 0.333333
vt 0.194444 0.416667
vt 0.194444 0.500000
vt 0.194444 0.583333
vt 0.194444 0.666667
vt 0.194444 0.750000
vt 0.194444 0.833333
vt 0.208333 1.000000
vt 0.208333 0.916667
vt 0.208333 0.083333
vt 0.208333 0.000000
vt 0.208333 0.166667
vt 0.208333 0.250000
vt 0.208333 0.333333
vt 0.208333 0.416667
vt 0.208333 0.500000
vt 0.208333 0.583333
vt 0.208333 0.666667
vt 0.208333 0.750000
vt 0.208333 0.833333
vt 0.222222 1.000000
vt 0.222222 0.916667
vt 0.222222 0.083333
vt 0.222222 0.000000
vt 0.222222 0.166667
vt 0.222222 0.250000
vt 0.222222 0.333333
vt 0.222222 0.416667
vt 0.222222 0.500000
vt 0.222222 0.583333
vt 0.222222 0.666667
vt 0.222222 0.750000
vt 0.222222 0.833333
vt 0.236111 1.000000
vt 0.236111 0.916667
vt 0.236111 0.083333
vt 0.236111 0.000000
vt 0.236111 0.166667
vt 0.236111 0.250000
vt 0.236111 0.333333
vt 0.236111 0.416667
vt 0.236111 0.500000
vt 0.236111 0.583333
vt 0.236111 0.666667
vt 0.236111 0.750000
vt 0.236111 0.833333
vt 0.250000 1.000000
vt 0.250000 0.916667
vt 0.250000 0.083333
vt 0.250000 0.000000
vt 0.250000 0.166667
vt 0.250000 0.250000
vt 0.250000 0.333333
vt 0.250000 0.416667
vt 0.250000 0.500000
vt 0.250000 0.583333
vt 0.250000 0.666667
vt 0.250000 0.750000
vt 0.250000 0.833333
vt 0.263889 1.000000
vt 0.263889 0.916667
vt 0.263889 0.083333
vt 0.263889 0.000000
vt 0.263889 0.166667
vt 0.263889 0.250000
vt 0.263889 0.333333
vt 0.263889 0.416667
vt 0.263889 0.500000
vt 0.263889 0.583333
vt 0.263889 0.666667
vt 0.263889 0.750000
vt 0.263889 0.833333
vt 0.277778 1.000000
vt 0.277778 0.916667
vt 0.277778 0.083333
vt 0.277778 0.000000
vt 0.277778 0.166667
vt 0.277778 0.250000
vt 0.277778 0.333333
vt 0.277778 0.416667
vt 0.277778 0.500000
vt 0.277778 0.583333
vt 0.277778 0.666667
vt 0.277778 0.750000
vt 0.277778 0.833333
vt 0.291667 1.000000
vt 0.291667 0.916667
vt 0.291667 0.083333
vt 0.291667 0.000000
vt 0.291667 0.166667
vt 0.291667 0.250000
vt 0.291667 0.333333
vt 0.291667 0.416667
vt 0.291667 0.500000
vt 0.291667 0.583333
vt 0.291667 0.666667
vt 0.291667 0.750000
vt 0.291667 0.833333
vt 0.305556 1.000000
vt 0.305556 0.916667
vt 0.305556 0.083333
vt 0.305556 0.000000
vt 0.305556 0.166667
vt 0.305556 0.250000
vt 0.305556 0.333333
vt 0.305556 0.416667
vt 0.305556 0.500000
vt 0.305556 0.583333
vt 0.305556 0.666667
vt 0.305556 0.750000
vt 0.305556 0.833333
vt 0.319444 1.000000
vt 0.319444 0.916667
vt 0.319444 0.083333
vt 0.319444 0.000000
vt 0.319444 0.166667
vt 0.319444 0.250000
vt 0.319444 0.333333
vt 0.319444 0.416667
vt 0.319444 0.500000
vt 0.319444 0.583333
vt 0.319444 0.666667
vt 0.319444 0.750000
vt 0.319444 0.833333
vt 0.333333 1.000000
vt 0.333333 0.916667
vt 0.333333 0.083333
vt 0.333333 0.000000
vt 0.333333 0.166667
vt 0.333333 0.250000
vt 0.333333 0.333333
vt 0.333333 0.416667
vt 0.333333 0.500000
vt 0.333333 0.583333
vt 0.333333 0.666667
vt 0.333333 0.750000
vt 0.333333 0.833333
vt 0.347222 1.000000
vt 0.347222 0.916667
vt 0.347222 0.083333
vt 0.347222 0.000000
vt 0.347222 0.166667
vt 0.347222 0.250000
vt 0.347222 0.333333
vt 0.347222 0.416667
vt 0.347222 0.500000
vt 0.347222 0.583333
vt 0.347222 0.666667
vt 0.347222 0.750000
vt 0.347222 0.833333
vt 0.361111 1.000000
vt 0.361111 0.916667
vt 0.361111 0.083333
vt 0.361111 0.000000
vt 0.361111 0.166667
vt 0.361111 0.250000
vt 0.361111 0.333333
vt 0.361111 0.416667
vt 0.361111 0.500000
vt 0.361111 0.583333
vt 0.361111 0.666667
vt 0.361111 0.750000
vt 0.361111 0.833333
vt 0.375000 1.000000
vt 0.375000 0.916667
vt 0.375000 0.083333
vt 0.375000 0.000000
vt 0.375000 0.166667
vt 0.375000 0.250000
vt 0.375000 0.333333
vt 0.375000 0.416667
vt 0.375000 0.500000
vt 0.375000 0.583333
vt 0.375000 0.666667
vt 0.375000 0.750000
vt 0.375000 0.833333
vt 0.388889 1.000000
vt 0.388889 0.916667
vt 0.388889 0.083333
vt 0.388889 0.000000
vt 0.388889 0.166667
vt 0.388889 0.250000
vt 0.388889 0.333333
vt 0.388889 0.416667
vt 0.388889 0.500000
vt 0.388889 0.583333
vt 0.388889 0.666667
vt 0.388889 0.750000
vt 0.388889 0.833333
vt 0.402778 1.000000
vt 0.402778 0.916667
vt 0.402778 0.083333
vt 0.402778 0.000000
vt 0.402778 0.166667
vt 0.402778 0.250000
vt 0.402778 0.333333
vt 0.402778 0.416667
vt 0.402778 0.500000
vt 0.402778 0.583333
vt 0.402778 0.666667
vt 0.402778 0.750000
vt 0.402778 0.833333
vt 0.416667 1.000000
vt 0.416667 0.916667
vt 0.416667 0.083333
vt 0.416667 0.000000
vt 0.416667 0.166667
vt 0.416667 0.250000
vt 0.416667 0.333333
vt 0.416667 0.416667
vt 0.416667 0.500000
vt 0.416667 0.583333
vt 0.416667 0.666667
vt 0.416667 0.750000
vt 0.416667 0.833333
vt 0.430556 1.000000
vt 0.430556 0.916667
vt 0.430556 0.083333
vt 0.430556 0.000000
vt 0.430556 0.166667
vt 0.430556 0.250000
vt 0.430556 0.333333
vt 0.430556 0.416667
vt 0.430556 0.500000
vt 0.430556 0.583333
vt 0.430556 0.666667
vt 0.430556 0.750000
vt 0.430556 0.833333
vt 0.444444 1.000000
vt 0.444444 0.916667
vt 0.444444 0.083333
vt 0.444444 0.000000
vt 0.444444 0.166667
vt 0.444444 0.250000
vt 0.444444 0.333333
vt 0.444444 0.416667
vt 0.444444 0.500000
vt 0.444444 0.583333
vt 0.444444 0.666667
vt 0.444444 0.750000
vt 0.444444 0.833333
vt 0.458333 1.000000
vt 0.458333 0.916667
vt 0.458333 0.083333
vt 0.458333 0.000000
vt 0.458333 0.166667
vt 0.458333 0.250000
vt 0.458333 0.333333
vt 0.458333 0.416667
vt 0.458333 0.500000
vt 0.458333 0.583333
vt 0.458333 0.666667
vt 0.458333 0.750000
vt 0.458333 0.833333
vt 0.472222 1.000000
vt 0.472222 0.916667
vt 0.472222 0.083333
vt 0.472222 0.000000
vt 0.472222 0.166667
vt 0.472222 0.250000
vt 0.472222 0.333333
vt 0.472222 0.416667
vt 0.472222 0.500000
vt 0.472222 0.583333
vt 0.472222 0.666667
vt 0.472222 0.750000
vt 0.472222 0.833333
vt 0.486111 1.000000
vt 0.486111 0.916667
vt 0.486111 0.083333
vt 0.486111 0.000000
vt 0.486111 0.166667
vt 0.486111 0.250000
vt 0.486111 0.333333
vt 0.486111 0.416667
vt 0.486111 0.500000
vt 0.486111 0.583333
vt 0.486111 0.666667
vt 0.486111 0.750000
vt 0.486111 0.833333
vt 0.500000 1.000000
vt 0.500000 0.916667
vt 0.500000 0.083333
vt 0.500000 0.000000
vt 0.500000 0.166667
vt 0.500000 0.250000
vt 0.500000 0.333333
vt 0.500000 0.416667
vt 0.500000 0.500000
vt 0.500000 0.583333
vt 0.500000 0.666667
vt 0.500000 0.750000
vt 0.500000 0.833333
vt 0.513889 1.000000
vt 0.513889 0.916667
vt 0.513889 0.083333
vt 0.513889 0.000000
vt 0.513889 0.166667
vt 0.513889 0.250000
vt 0.513889 0.333333
vt 0.513889 0.416667
vt 0.513889 0.500000
vt 0.513889 0.583333
vt 0.513889 0.666667
vt 0.513889 0.750000
vt 0.513889 0.833333
vt 0.527778 1.000000
vt 0.527778 0.916667
vt 0.527778 0.083333
vt 0.527778 0.000000
vt 0.527778 0.166667
vt 0.527778 0.250000
vt 0.527778 0.333333
vt 0.527778 0.416667
vt 0.527778 0.500000
vt 0.527778 0.583333
vt 0.527778 0.666667
vt 0.527778 0.750000
vt 0.527778 0.833333
vt 0.541667 1.000000
vt 0.541667 0.916667
vt 0.541667 0.083333
vt 0.541667 0.000000
vt 0.541667 0.166667
vt 0.541667 0.250000
vt 0.541667 0.333333
vt 0.541667 0.416667
vt 0.541667 0.500000
vt 0.541667 0.583333
vt 0.541667 0.666667
vt 0.541667 0.750000
vt 0.541667 0.833333
vt 0.555556 1.000000
vt 0.555556 0.916667
vt 0.555556 0.083333
vt 0.555556 0.000000
vt 0.555556 0.166667
vt 0.555556 0.250000
vt 0.555556 0.333333
vt 0.555556 0.416667
vt 0.555556 0.500000
vt 0.555556 0.583333
vt 0.555556 0.666667
vt 0.555556 0.750000
vt 0.555556 0.833333
vt 0.569444 1.000000
vt 0.569444 0.916667
vt 0.569444 0.083333
vt 0.569444 0.000000
vt 0.569444 0.166667
vt 0.569444 0.250000
vt 0.569444 0.333333
vt 0.569444 0.416667
vt 0.569444 0.500000
vt 0.569444 0.583333
vt 0.569444 0.666667
vt 0.569444 0.750000
vt 0.569444 0.833333
vt 0.583333 1.000000
vt 0.583333 0.916667
vt 0.583333 0.083333
vt 0.583333 0.000000
vt 0.583333 0.166667
vt 0.583333 0.250000
vt 0.583333 0.333333
vt 0.583333 0.416667
vt 0.583333 0.500000
vt 0.583333 0.583333
vt 0.583333 0.666667
vt 0.583333 0.750000
vt 0.583333 0.833333
vt 0.597222 1.000000
vt 0.597222 0.916667
vt 0.597222 0.083333
vt 0.597222 0.000000
vt 0.597222 0.166667
vt 0.597222 0.250000
vt 0.597222 0.333333
vt 0.597222 0.416667
vt 0.597222 0.500000
vt 0.597222 0.583333
vt 0.597222 0.666667
vt 0.597222 0.750000
vt 0.597222 0.833333
vt 0.611111 1.000000
vt 0.611111 0.916667
vt 0.611111 0.083333
vt 0.611111 0.000000
vt 0.611111 0.166667
vt 0.611111 0.250000
vt 0.611111 0.333333
vt 0.611111 0.416667
vt 0.611111 0.500000
vt 0.611111 0.583333
vt 0.611111 0.666667
vt 0.611111 0.750000
vt 0.611111 0.833333
vt 0.625000 1.000000
vt 0.625000 0.916667
vt 0.625000 0.083333
vt 0.625000 0.000000
vt 0.625000 0.166667
vt 0.625000 0.250000
vt 0.625000 0.333333
vt 0.625000 0.416667
vt 0.625000 0.500000
vt 0.625000 0.583333
vt 0.625000 0.666667
vt 0.625000 0.750000
vt 0.625000 0.833333
vt 0.638889 1.000000
vt 0.638889 0.916667
vt 0.638889 0.083333
vt 0.638889 0.000000
vt 0.638889 0.166667
vt 0.638889 0.250000
vt 0.638889 0.333333
vt 0.638889 0.416667
vt 0.638889 0.500000
vt 0.638889 0.583333
vt 0.638889 0.666667
vt 0.638889 0.750000
vt 0.638889 0.833333
vt 0.652778 1.000000
vt 0.652778 0.916667
vt 0.652778 0.083333
vt 0.652778 0.000000
vt 0.652778 0.166667
vt 0.652778 0.250000
vt 0.652778 0.333333
vt 0.652778 0.416667
vt 0.652778 0.500000
vt 0.652778 0.583333
vt 0.652778 0.666667
vt 0.652778 0.750000
vt 0.652778 0.833333
vt 0.666667 1.000000
vt 0.666667 0.916667
vt 0.666667 0.083333
vt 0.666667 0.000000
vt 0.666667 0.166667
vt 0.666667 0.250000
vt 0.666667 0.333333
vt 0.666667 0.416667
vt 0.666667 0.500000
vt 0.666667 0.583333
vt 0.666667 0.666667
vt 0.666667 0.750000
vt 0.666667 0.833333
vt 0.680556 1.000000
vt 0.680556 0.916667
vt 0.680556 0.083333
vt 0.680556 0.000000
vt 0.680556 0.166667
vt 0.680556 0.250000
vt 0.680556 0.333333
vt 0.680556 0.416667
vt 0.680556 0.500000
vt 0.680556 0.583333
vt 0.680556 0.666667
vt 0.680556 0.750000
vt 0.680556 0.833333
vt 0.694444 1.000000
vt 0.694444 0.916667
vt 0.694444 0.083333
vt 0.694444 0.000000
vt 0.694444 0.166667
vt 0.694444 0.250000
vt 0.694444 0.333333
vt 0.694444 0.416667
vt 0.694444 0.500000
vt 0.694444 0.583333
vt 0.694444 0.666667
vt 0.694444 0.750000
vt 0.694444 0.833333
vt 0.708333 1.000000
vt 0.708333 0.916667
vt 0.708333 0.083333
vt 0.708333 0.000000
vt 0.708333 0.166667
vt 0.708333 0.250000
vt 0.708333 0.333333
vt 0.708333 0.416667
vt 0.708333 0.500000
vt 0.708333 0.583333
vt 0.708333 0.666667
vt 0.708333 0.750000
vt 0.708333 0.833333
vt 0.722222 1.000000
vt 0.722222 0.916667
vt 0.722222 0.083333
vt 0.722222 0.000000
vt 0.722222 0.166667
vt 0.722222 0.250000
vt 0.722222 0.333333
vt 0.722222 0.416667
vt 0.722222 0.500000
vt 0.722222 0.583333
vt 0.722222 0.666667
vt 0.722222 0.750000
vt 0.722222 0.833333
vt 0.736111 1.000000
vt 0.736111 0.916667
vt 0.736111 0.083333
vt 0.736111 0.000000
vt 0.736111 0.166667
vt 0.736111 0.250000
vt 0.736111 0.333333
vt 0.736111 0.416667
vt 0.736111 0.500000
vt 0.736111 0.583333
vt 0.736111 0.666667
vt 0.736111 0.750000
vt 0.736111 0.833333
vt 0.750000 1.000000
vt 0.750000 0.916667
vt 0.750000 0.083333
vt 0.750000 0.000000
vt 0.750000 0.166667
vt 0.750000 0.250000
vt 0.750000 0.333333
vt 0.750000 0.416667
vt 0.750000 0.500000
vt 0.750000 0.583333
vt 0.750000 0.666667
vt 0.750000 0.750000
vt 0.750000 0.833333
vt 0.763889 1.000000
vt 0.763889 0.916667
vt 0.763889 0.083333
vt 0.763889 0.000000
vt 0.763889 0.166667
vt 0.763889 0.250000
vt 0.763889 0.333333
vt 0.763889 0.416667
vt 0.763889 0.500000
vt 0.763889 0.583333
vt 0.763889 0.666667
vt 0.763889 0.750000
vt 0.763889 0.833333
vt 0.777778 1.000000
vt 0.777778 0.916667
vt 0.777778 0.083333
vt 0.777778 0.000000
vt 0.777778 0.166667
vt 0.777778 0.250000
vt 0.777778 0.333333
vt 0.777778 0.416667
vt 0.777778 0.500000
vt 0.777778 0.583333
vt 0.777778 0.666667
vt 0.777778 0.750000
vt 0.777778 0.833333
vt 0.791667 1.000000
vt 0.791667 0.916667
vt 0.791667 0.083333
vt 0.791667 0.000000
vt 0.791667 0.166667
vt 0.791667 0.250000
vt 0.791667 0.333333
vt 0.791667 0.416667
vt 0.791667 0.500000
vt 0.791667 0.583333
vt 0.791667 0.666667
vt 0.791667 0.750000
vt 0.791667 0.833333
vt 0.805556 1.000000
vt 0.805556 0.916667
vt 0.805556 0.083333
vt 0.805556 0.000000
vt 0.805556 0.166667
vt 0.805556 0.250000
vt 0.805556 0.333333
vt 0.805556 0.416667
vt 0.805556 0.500000
vt 0.805556 0.583333
vt 0.805556 0.666667
vt 0.805556 0.750000
vt 0.805556 0.833333
vt 0.819444 1.000000
vt 0.819444 0.916667
vt 0.819444 0.083333
vt 0.819444 0.000000
vt 0.819444 0.166667
vt 0.819444 0.250000
vt 0.819444 0.333333
vt 0.819444 0.416667
vt 0.819444 0.500000
vt 0.819444 0.583333
vt 0.819444 0.666667
vt 0.819444 0.750000
vt 0.819444 0.833333
vt 0.833333 1.000000
vt 0.833333 0.916667
vt 0.833333 0.083333
vt 0.833333 0.000000
vt 0.833333 0.166667
vt 0.833333 0.250000
vt 0.833333 0.333333
vt 0.833333 0.416667
vt 0.833333 0.500000
vt 0.833333 0.583333
vt 0.833333 0.666667
vt 0.833333 0.750000
vt 0.833333 0.833333
vt 0.847222 1.000000
vt 0.847222 0.916667
vt 0.847222 0.083333
vt 0.847222 0.000000
vt 0.847222 0.166667
vt 0.847222 0.250000
vt 0.847222 0.333333
vt 0.847222 0.416667
vt 0.847222 0.500000
vt 0.847222 0.583333
vt 0.847222 0.666667
vt 0.847222 0.750000
vt 0.847222 0.833333
vt 0.861111 1.000000
vt 0.861111 0.916667
vt 0.861111 0.083333
vt 0.861111 0.000000
vt 0.861111 0.166667
vt 0.861111 0.250000
vt 0.861111 0.333333
vt 0.861111 0.416667
vt 0.861111 0.500000
vt 0.861111 0.583333
vt 0.861111 0.666667
vt 0.861111 0.750000
vt 0.861111 0.833333
vt 0.875000 1.000000
vt 0.875000 0.916667
vt 0.875000 0.083333
vt 0.875000 0.000000
vt 0.875000 0.166667
vt 0.875000 0.250000
vt 0.875000 0.333333
vt 0.875000 0.416667
vt 0.875000 0.500000
vt 0.875000 0.583333
vt 0.875000 0.666667
vt 0.875000 0.750000
vt 0.875000 0.833333
vt 0.888889 1.000000
vt 0.888889 0.916667
vt 0.888889 0.083333
vt 0.888889 0.000000
vt 0.888889 0.166667
vt 0.888889 0.250000
vt 0.888889 0.333333
vt 0.888889 0.416667
vt 0.888889 0.500000
vt 0.888889 0.583333
vt 0.888889 0.666667
vt 0.888889 0.750000
vt 0.888889 0.833333
vt 0.902778 1.000000
vt 0.902778 0.916667
vt 0.902778 0.083333
vt 0.902778 0.000000
vt 0.902778 0.166667
vt 0.902778 0.250000
vt 0.902778 0.333333
vt 0.902778 0.416667
vt 0.902778 0.500000
vt 0.902778 0.583333
vt 0.902778 0.666667
vt 0.902778 0.750000
vt 0.902778 0.833333
vt 0.916667 1.000000
vt 0.916667 0.916667
vt 0.916667 0.083333
vt 0.916667 0.000000
vt 0.916667 0.166667
vt 0.916667 0.250000
vt 0.916667 0.333333
vt 0.916667 0.416667
vt 0.916667 0.500000
vt 0.916667 0.583333
vt 0.916667 0.666667
vt 0.916667 0.750000
vt 0.916667 0.833333
vt 0.930556 1.000000
vt 0.930556 0.916667
vt 0.930556 0.083333
vt 0.930556 0.000000
vt 0.930556 0.166667
vt 0.930556 0.250000
vt 0.930556 0.333333
vt 0.930556 0.416667
vt 0.930556 0.500000
vt 0.930556 0.583333
vt 0.930556 0.666667
vt 0.930556 0.750000
vt 0.930556 0.833333
vt 0.944444 1.000000
vt 0.944444 0.916667
vt 0.944444 0.083333
vt 0.944444 0.000000
vt 0.944444 0.166667
vt 0.944444 0.250000
vt 0.944444 0.333333
vt 0.944444 0.416667
vt 0.944444 0.500000
vt 0.944444 0.583333
vt 0.944444 0.666667
vt 0.944444 0.750000
vt 0.944444 0.833333
vt 0.958333 1.000000
vt 0.958333 0.916667
vt 0.958333 0.083333
vt 0.958333 0.000000
vt 0.958333 0.166667
vt 0.958333 0.250000
vt 0.958333 0.333333
vt 0.958333 0.416667
vt 0.958333 0.500000
vt 0.958333 0.583333
vt 0.958333 0.666667
vt 0.958333 0.750000
vt 0.958333 0.833333
vt 0.972222 1.000000
vt 0.972222 0.916667
vt 0.972222 0.083333
vt 0.972222 0.000000
vt 0.972222 0.166667
vt 0.972222 0.250000
vt 0.972222 0.333333
vt 0.972222 0.416667
vt 0.972222 0.500000
vt 0.972222 0.583333
vt 0.972222 0.666667
vt 0.972222 0.750000
vt 0.972222 0.833333
vt 0.986111 1.000000
vt 0.986111 0.916667
vt 0.986111 0.083333
vt 0.986111 0.000000
vt 0.986111 0.166667
vt 0.986111 0.250000
vt 0.986111 0.333333
vt 0.986111 0.416667
vt 0.986111 0.500000
vt 0.986111 0.583333
vt 0.986111 0.666667
vt 0.986111 0.750000
vt 0.986111 0.833333
vt 1.000000 1.000000
vt 1.000000 0.916667
vt 1.000000 0.083333
vt 1.000000 0.166667
vt 1.000000 0.250000
vt 1.000000 0.333333
vt 1.000000 0.416667
vt 1.000000 0.500000
vt 1.000000 0.583333
vt 1.000000 0.666667
vt 1.000000 0.750000
vt 1.000000 0.833333
s 1
usemtl hair.001
f 5/1/1 4/2/2 3/3/3
f 5/1/1 3/3/3 2/4/3
f 6/5/3 5/1/1 2/4/3
f 6/5/3 2/4/3 1/6/4
f 7/7/4 6/5/3 1/6/4
f 7/7/4 1/6/4 12/8/5
f 8/9/4 7/7/4 12/8/5
f 8/9/4 12/8/5 11/10/6
f 9/11/6 8/9/4 11/10/6
f 9/11/6 11/10/6 10/12/7
f 20/9/8 22/12/8 21/11/8
f 19/7/9 22/12/8 20/9/8
f 19/7/9 23/10/9 22/12/8
f 18/5/9 23/10/9 19/7/9
f 18/5/9 24/8/10 23/10/9
f 17/1/8 24/8/10 18/5/9
f 17/1/8 13/6/11 24/8/10
f 16/2/12 13/6/11 17/1/8
f 16/2/12 14/4/13 13/6/11
f 15/3/8 14/4/13 16/2/12
f 25/13/14 37/14/15 48/15/16 36/16/17
f 26/17/18 38/18/19 37/19/15 25/6/14
f 27/20/20 39/21/21 38/18/19 26/17/18
f 28/22/22 40/23/23 39/21/21 27/20/20
f 29/24/24 41/25/25 40/23/23 28/22/22
f 30/26/26 42/27/27 41/25/25 29/24/24
f 31/28/28 43/29/29 42/27/27 30/26/26
f 32/30/30 44/31/31 43/29/29 31/28/28
f 33/32/32 45/33/33 44/31/31 32/30/30
f 34/34/34 46/35/35 45/33/33 33/32/32
f 35/36/36 47/37/37 46/35/35 34/34/34
f 36/16/17 48/15/16 47/37/37 35/36/36
f 37/14/15 49/38/38 60/39/39 48/15/16
f 38/18/19 50/40/40 49/41/38 37/19/15
f 39/21/21 51/42/41 50/40/40 38/18/19
f 40/23/23 52/43/42 51/42/41 39/21/21
f 41/25/25 53/44/43 52/43/42 40/23/23
f 42/27/27 54/45/44 53/44/43 41/25/25
f 43/29/29 55/46/45 54/45/44 42/27/27
f 44/31/31 56/47/46 55/46/45 43/29/29
f 45/33/33 57/48/47 56/47/46 44/31/31
f 46/35/35 58/49/48 57/48/47 45/33/33
f 47/37/37 59/50/49 58/49/48 46/35/35
f 48/15/16 60/39/39 59/50/49 47/37/37
f 49/38/38 61/51/50 72/52/51 60/39/39
f 50/40/40 62/53/52 61/54/50 49/41/38
f 51/42/41 63/55/53 62/53/52 50/40/40
f 52/43/42 64/56/54 63/55/53 51/42/41
f 53/44/43 65/57/55 64/56/54 52/43/42
f 54/45/44 66/58/56 65/57/55 53/44/43
f 55/46/45 67/59/57 66/58/56 54/45/44
f 56/47/46 68/60/58 67/59/57 55/46/45
f 57/48/47 69/61/59 68/60/58 56/47/46
f 58/49/48 70/62/60 69/61/59 57/48/47
f 59/50/49 71/63/61 70/62/60 58/49/48
f 60/39/39 72/52/51 71/63/61 59/50/49
f 61/51/50 73/64/62 84/65/63 72/52/51
f 62/53/52 74/66/64 73/67/62 61/54/50
f 63/55/53 75/68/65 74/66/64 62/53/52
f 64/56/54 76/69/66 75/68/65 63/55/53
f 65/57/55 77/70/67 76/69/66 64/56/54
f 66/58/56 78/71/68 77/70/67 65/57/55
f 67/59/57 79/72/69 78/71/68 66/58/56
f 68/60/58 80/73/70 79/72/69 67/59/57
f 69/61/59 81/74/71 80/73/70 68/60/58
f 70/62/60 82/75/72 81/74/71 69/61/59
f 71/63/61 83/76/73 82/75/72 70/62/60
f 72/52/51 84/65/63 83/76/73 71/63/61
f 73/64/62 85/77/74 96/78/75 84/65/63
f 74/66/64 86/79/76 85/80/74 73/67/62
f 75/68/65 87/81/77 86/79/76 74/66/64
f 76/69/66 88/82/78 87/81/77 75/68/65
f 77/70/67 89/83/79 88/82/78 76/69/66
f 78/71/68 90/84/80 89/83/79 77/70/67
f 79/72/69 91/85/81 90/84/80 78/71/68
f 80/73/70 92/86/82 91/85/81 79/72/69
f 81/74/71 93/87/83 92/86/82 80/73/70
f 82/75/72 94/88/84 93/87/83 81/74/71
f 83/76/73 95/89/85 94/88/84 82/75/72
f 84/65/63 96/78/75 95/89/85 83/76/73
f 85/77/74 97/90/86 108/91/87 96/78/75
f 86/79/76 98/92/88 97/93/86 85/80/74
f 87/81/77 99/94/89 98/92/88 86/79/76
f 88/82/78 100/95/90 99/94/89 87/81/77
f 89/83/79 101/96/91 100/95/90 88/82/78
f 90/84/80 102/97/92 101/96/91 89/83/79
f 91/85/81 103/98/93 102/97/92 90/84/80
f 92/86/82 104/99/94 103/98/93 91/85/81
f 93/87/83 105/100/95 104/99/94 92/86/82
f 94/88/84 106/101/96 105/100/95 93/87/83
f 95/89/85 107/102/97 106/101/96 94/88/84
f 96/78/75 108/91/87 107/102/97 95/89/85
f 97/90/86 109/103/98 120/104/99 108/91/87
f 98/92/88 110/105/100 109/106/98 97/93/86
f 99/94/89 111/107/101 110/105/100 98/92/88
f 100/95/90 112/108/102 111/107/101 99/94/89
f 101/96/91 113/109/103 112/108/102 100/95/90
f 102/97/92 114/110/104 113/109/103 101/96/91
f 103/98/93 115/111/105 114/110/104 102/97/92
f 104/99/94 116/112/106 115/111/105 103/98/93
f 105/100/95 117/113/107 116/112/106 104/99/94
f 106/101/96 118/114/108 117/113/107 105/100/95
f 107/102/97 119/115/109 118/114/108 106/101/96
f 108/91/87 120/104/99 119/115/109 107/102/97
f 109/103/98 121/116/110 132/117/111 120/104/99
f 110/105/100 122/118/112 121/119/110 109/106/98
f 111/107/101 123/120/113 122/118/112 110/105/100
f 112/108/102 124/121/114 123/120/113 111/107/101
f 113/109/103 125/122/115 124/121/114 112/108/102
f 114/110/104 126/123/116 125/122/115 113/109/103
f 115/111/105 127/124/117 126/123/116 114/110/104
f 116/112/106 128/125/118 127/124/117 115/111/105
f 117/113/107 129/126/119 128/125/118 116/112/106
f 118/114/108 130/127/120 129/126/119 117/113/107
f 119/115/109 131/128/121 130/127/120 118/114/108
f 120/104/99 132/117/111 131/128/121 119/115/109
f 121/116/110 133/129/122 144/130/123 132/117/111
f 122/118/112 134/131/124 133/132/122 121/119/110
f 123/120/113 135/133/125 134/131/124 122/118/112
f 124/121/114 136/134/126 135/133/125 123/120/113
f 125/122/115 137/135/127 136/134/126 124/121/114
f 126/123/116 138/136/128 137/135/127 125/122/115
f 127/124/117 139/137/129 138/136/128 126/123/116
f 128/125/118 140/138/130 139/137/129 127/124/117
f 129/126/119 141/139/131 140/138/130 128/125/118
f 130/127/120 142/140/132 141/139/131 129/126/119
f 131/128/121 143/141/133 142/140/132 130/127/120
f 132/117/111 144/130/123 143/141/133 131/128/121
f 133/129/122 145/142/134 156/143/135 144/130/123
f 134/131/124 146/144/136 145/145/134 133/132/122
f 135/133/125 147/146/137 146/144/136 134/131/124
f 136/134/126 148/147/138 147/146/137 135/133/125
f 137/135/127 149/148/139 148/147/138 136/134/126
f 138/136/128 150/149/140 149/148/139 137/135/127
f 139/137/129 151/150/141 150/149/140 138/136/128
f 140/138/130 152/151/142 151/150/141 139/137/129
f 141/139/131 153/152/143 152/151/142 140/138/130
f 142/140/132 154/153/144 153/152/143 141/139/131
f 143/141/133 155/154/145 154/153/144 142/140/132
f 144/130/123 156/143/135 155/154/145 143/141/133
f 145/142/134 157/155/146 168/156/147 156/143/135
f 146/144/136 158/157/148 157/158/146 145/145/134
f 147/146/137 159/159/149 158/157/148 146/144/136
f 148/147/138 160/160/150 159/159/149 147/146/137
f 149/148/139 161/161/151 160/160/150 148/147/138
f 150/149/140 162/162/152 161/161/151 149/148/139
f 151/150/141 163/163/153 162/162/152 150/149/140
f 152/151/142 164/164/154 163/163/153 151/150/141
f 153/152/143 165/165/155 164/164/154 152/151/142
f 154/153/144 166/166/156 165/165/155 153/152/143
f 155/154/145 167/167/157 166/166/156 154/153/144
f 156/143/135 168/156/147 167/167/157 155/154/145
f 157/155/146 169/168/158 180/169/159 168/156/147
f 158/157/148 170/170/160 169/171/158 157/158/146
f 159/159/149 171/172/161 170/170/160 158/157/148
f 160/160/150 172/173/162 171/172/161 159/159/149
f 161/161/151 173/174/163 172/173/162 160/160/150
f 162/162/152 174/175/164 173/174/163 161/161/151
f 163/163/153 175/176/165 174/175/164 162/162/152
f 164/164/154 176/177/166 175/176/165 163/163/153
f 165/165/155 177/178/167 176/177/166 164/164/154
f 166/166/156 178/179/168 177/178/167 165/165/155
f 167/167/157 179/180/169 178/179/168 166/166/156
f 168/156/147 180/169/159 179/180/169 167/167/157
f 169/168/158 181/181/170 192/182/171 180/169/159
f 170/170/160 182/183/172 181/184/170 169/171/158
f 171/172/161 183/185/173 182/183/172 170/170/160
f 172/173/162 184/186/174 183/185/173 171/172/161
f 173/174/163 185/187/175 184/186/174 172/173/162
f 174/175/164 186/188/176 185/187/175 173/174/163
f 175/176/165 187/189/177 186/188/176 174/175/164
f 176/177/166 188/190/178 187/189/177 175/176/165
f 177/178/167 189/191/179 188/190/178 176/177/166
f 178/179/168 190/192/180 189/191/179 177/178/167
f 179/180/169 191/193/181 190/192/180 178/179/168
f 180/169/159 192/182/171 191/193/181 179/180/169
f 181/181/170 193/194/182 204/195/183 192/182/171
f 182/183/172 194/196/184 193/197/182 181/184/170
f 183/185/173 195/198/185 194/196/184 182/183/172
f 184/186/174 196/199/186 195/198/185 183/185/173
f 185/187/175 197/200/187 196/199/186 184/186/174
f 186/188/176 198/201/188 197/200/187 185/187/175
f 187/189/177 199/202/189 198/201/188 186/188/176
f 188/190/178 200/203/190 199/202/189 187/189/177
f 189/191/179 201/204/191 200/203/190 188/190/178
f 190/192/180 202/205/192 201/204/191 189/191/179
f 191/193/181 203/206/193 202/205/192 190/192/180
f 192/182/171 204/195/183 203/206/193 191/193/181
f 193/194/182 205/207/194 216/208/195 204/195/183
f 194/196/184 206/209/196 205/210/194 193/197/182
f 195/198/185 207/211/197 206/209/196 194/196/184
f 196/199/186 208/212/198 207/211/197 195/198/185
f 197/200/187 209/213/199 208/212/198 196/199/186
f 198/201/188 210/214/200 209/213/199 197/200/187
f 199/202/189 211/215/201 210/214/200 198/201/188
f 200/203/190 212/216/202 211/215/201 199/202/189
f 201/204/191 213/217/203 212/216/202 200/203/190
f 202/205/192 214/218/204 213/217/203 201/204/191
f 203/206/193 215/219/205 214/218/204 202/205/192
f 204/195/183 216/208/195 215/219/205 203/206/193
f 205/207/194 217/220/206 228/221/207 216/208/195
f 206/209/196 218/222/208 217/223/206 205/210/194
f 207/211/197 219/224/209 218/222/208 206/209/196
f 208/212/198 220/225/210 219/224/209 207/211/197
f 209/213/199 221/226/211 220/225/210 208/212/198
f 210/214/200 222/227/212 221/226/211 209/213/199
f 211/215/201 223/228/213 222/227/212 210/214/200
f 212/216/202 224/229/214 223/228/213 211/215/201
f 213/217/203 225/230/215 224/229/214 212/216/202
f 214/218/204 226/231/216 225/230/215 213/217/203
f 215/219/205 227/232/217 226/231/216 214/218/204
f 216/208/195 228/221/207 227/232/217 215/219/205
f 217/220/206 229/233/218 240/234/219 228/221/207
f 218/222/208 230/235/220 229/236/218 217/223/206
f 219/224/209 231/237/221 230/235/220 218/222/208
f 220/225/210 232/238/222 231/237/221 219/224/209
f 221/226/211 233/239/223 232/238/222 220/225/210
f 222/227/212 234/240/224 233/239/223 221/226/211
f 223/228/213 235/241/225 234/240/224 222/227/212
f 224/229/214 236/242/226 235/241/225 223/228/213
f 225/230/215 237/243/227 236/242/226 224/229/214
f 226/231/216 238/244/228 237/243/227 225/230/215
f 227/232/217 239/245/229 238/244/228 226/231/216
f 228/221/207 240/234/219 239/245/229 227/232/217
f 229/233/218 241/246/230 252/247/231 240/234/219
f 230/235/220 242/248/232 241/249/230 229/236/218
f 231/237/221 243/250/233 242/248/232 230/235/220
f 232/238/222 244/251/234 243/250/233 231/237/221
f 233/239/223 245/252/235 244/251/234 232/238/222
f 234/240/224 246/253/236 245/252/235 233/239/223
f 235/241/225 247/254/237 246/253/236 234/240/224
f 236/242/226 248/255/238 247/254/237 235/241/225
f 237/243/227 249/256/239 248/255/238 236/242/226
f 238/244/228 250/257/240 249/256/239 237/243/227
f 239/245/229 251/258/241 250/257/240 238/244/228
f 240/234/219 252/247/231 251/258/241 239/245/229
f 241/246/230 253/259/242 264/260/243 252/247/231
f 242/248/232 254/261/244 253/262/242 241/249/230
f 243/250/233 255/263/245 254/261/244 242/248/232
f 244/251/234 256/264/246 255/263/245 243/250/233
f 245/252/235 257/265/247 256/264/246 244/251/234
f 246/253/236 258/266/248 257/265/247 245/252/235
f 247/254/237 259/267/249 258/266/248 246/253/236
f 248/255/238 260/268/250 259/267/249 247/254/237
f 249/256/239 261/269/251 260/268/250 248/255/238
f 250/257/240 262/270/252 261/269/251 249/256/239
f 251/258/241 263/271/253 262/270/252 250/257/240
f 252/247/231 264/260/243 263/271/253 251/258/241
f 253/259/242 265/272/254 276/273/255 264/260/243
f 254/261/244 266/274/256 265/275/254 253/262/242
f 255/263/245 267/276/257 266/274/256 254/261/244
f 256/264/246 268/277/258 267/276/257 255/263/245
f 257/265/247 269/278/259 268/277/258 256/264/246
f 258/266/248 270/279/260 269/278/259 257/265/247
f 259/267/249 271/280/261 270/279/260 258/266/248
f 260/268/250 272/281/262 271/280/261 259/267/249
f 261/269/251 273/282/263 272/281/262 260/268/250
f 262/270/252 274/283/264 273/282/263 261/269/251
f 263/271/253 275/284/265 274/283/264 262/270/252
f 264/260/243 276/273/255 275/284/265 263/271/253
f 265/272/254 277/285/266 288/286/267 276/273/255
f 266/274/256 278/287/268 277/288/266 265/275/254
f 267/276/257 279/289/269 278/287/268 266/274/256
f 268/277/258 280/290/270 279/289/269 267/276/257
f 269/278/259 281/291/271 280/290/270 268/277/258
f 270/279/260 282/292/272 281/291/271 269/278/259
f 271/280/261 283/293/273 282/292/272 270/279/260
f 272/281/262 284/294/274 283/293/273 271/280/261
f 273/282/263 285/295/275 284/294/274 272/281/262
f 274/283/264 286/296/276 285/295/275 273/282/263
f 275/284/265 287/297/277 286/296/276 274/283/264
f 276/273/255 288/286/267 287/297/277 275/284/265
f 277/285/266 289/298/278 300/299/279 288/286/267
f 278/287/268 290/300/280 289/301/278 277/288/266
f 279/289/269 291/302/281 290/300/280 278/287/268
f 280/290/270 292/303/282 291/302/281 279/289/269
f 281/291/271 293/304/283 292/303/282 280/290/270
f 282/292/272 294/305/284 293/304/283 281/291/271
f 283/293/273 295/306/285 294/305/284 282/292/272
f 284/294/274 296/307/286 295/306/285 283/293/273
f 285/295/275 297/308/287 296/307/286 284/294/274
f 286/296/276 298/309/288 297/308/287 285/295/275
f 287/297/277 299/310/289 298/309/288 286/296/276
f 288/286/267 300/299/279 299/310/289 287/297/277
f 289/298/278 301/311/290 312/312/291 300/299/279
f 290/300/280 302/313/292 301/314/290 289/301/278
f 291/302/281 303/315/293 302/313/292 290/300/280
f 292/303/282 304/316/294 303/315/293 291/302/281
f 293/304/283 305/317/295 304/316/294 292/303/282
f 294/305/284 306/318/296 305/317/295 293/304/283
f 295/306/285 307/319/297 306/318/296 294/305/284
f 296/307/286 308/320/298 307/319/297 295/306/285
f 297/308/287 309/321/299 308/320/298 296/307/286
f 298/309/288 310/322/300 309/321/299 297/308/287
f 299/310/289 311/323/301 310/322/300 298/309/288
f 300/299/279 312/312/291 311/323/301 299/310/289
f 301/311/290 313/324/302 324/325/303 312/312/291
f 302/313/292 314/326/304 313/327/302 301/314/290
f 303/315/293 315/328/305 314/326/304 302/313/292
f 304/316/294 316/329/306 315/328/305 303/315/293
f 305/317/295 317/330/307 316/329/306 304/316/294
f 306/318/296 318/331/308 317/330/307 305/317/295
f 307/319/297 319/332/309 318/331/308 306/318/296
f 308/320/298 320/333/310 319/332/309 307/319/297
f 309/321/299 321/334/311 320/333/310 308/320/298
f 310/322/300 322/335/312 321/334/311 309/321/299
f 311/323/301 323/336/313 322/335/312 310/322/300
f 312/312/291 324/325/303 323/336/313 311/323/301
f 313/324/302 325/337/314 336/338/315 324/325/303
f 314/326/304 326/339/316 325/340/314 313/327/302
f 315/328/305 327/341/317 326/339/316 314/326/304
f 316/329/306 328/342/318 327/341/317 315/328/305
f 317/330/307 329/343/319 328/342/318 316/329/306
f 318/331/308 330/344/320 329/343/319 317/330/307
f 319/332/309 331/345/321 330/344/320 318/331/308
f 320/333/310 332/346/322 331/345/321 319/332/309
f 321/334/311 333/347/323 332/346/322 320/333/310
f 322/335/312 334/348/324 333/347/323 321/334/311
f 323/336/313 335/349/325 334/348/324 322/335/312
f 324/325/303 336/338/315 335/349/325 323/336/313
f 325/337/314 337/350/326 348/351/327 336/338/315
f 326/339/316 338/352/328 337/353/326 325/340/314
f 327/341/317 339/354/329 338/352/328 326/339/316
f 328/342/318 340/355/330 339/354/329 327/341/317
f 329/343/319 341/356/331 340/355/330 328/342/318
f 330/344/320 342/357/332 341/356/331 329/343/319
f 331/345/321 343/358/333 342/357/332 330/344/320
f 332/346/322 344/359/334 343/358/333 331/345/321
f 333/347/323 345/360/335 344/359/334 332/346/322
f 334/348/324 346/361/336 345/360/335 333/347/323
f 335/349/325 347/362/337 346/361/336 334/348/324
f 336/338/315 348/351/327 347/362/337 335/349/325
f 337/350/326 349/363/338 360/364/339 348/351/327
f 338/352/328 350/365/340 349/366/338 337/353/326
f 339/354/329 351/367/341 350/365/340 338/352/328
f 340/355/330 352/368/342 351/367/341 339/354/329
f 341/356/331 353/369/343 352/368/342 340/355/330
f 342/357/332 354/370/344 353/369/343 341/356/331
f 343/358/333 355/371/345 354/370/344 342/357/332
f 344/359/334 356/372/346 355/371/345 343/358/333
f 345/360/335 357/373/347 356/372/346 344/359/334
f 346/361/336 358/374/348 357/373/347 345/360/335
f 347/362/337 359/375/349 358/374/348 346/361/336
f 348/351/327 360/364/339 359/375/349 347/362/337
f 349/363/338 361/376/350 372/377/351 360/364/339
f 350/365/340 362/378/352 361/379/350 349/366/338
f 351/367/341 363/380/353 362/378/352 350/365/340
f 352/368/342 364/381/354 363/380/353 351/367/341
f 353/369/343 365/382/355 364/381/354 352/368/342
f 354/370/344 366/383/356 365/382/355 353/369/343
f 355/371/345 367/384/357 366/383/356 354/370/344
f 356/372/346 368/385/358 367/384/357 355/371/345
f 357/373/347 369/386/359 368/385/358 356/372/346
f 358/374/348 370/387/360 369/386/359 357/373/347
f 359/375/349 371/388/361 370/387/360 358/374/348
f 360/364/339 372/377/351 371/388/361 359/375/349
f 361/376/350 373/389/362 384/390/363 372/377/351
f 362/378/352 374/391/364 373/392/362 361/379/350
f 363/380/353 375/393/365 374/391/364 362/378/352
f 364/381/354 376/394/366 375/393/365 363/380/353
f 365/382/355 377/395/367 376/394/366 364/381/354
f 366/383/356 378/396/368 377/395/367 365/382/355
f 367/384/357 379/397/369 378/396/368 366/383/356
f 368/385/358 380/398/370 379/397/369 367/384/357
f 369/386/359 381/399/371 380/398/370 368/385/358
f 370/387/360 382/400/372 381/399/371 369/386/359
f 371/388/361 383/401/373 382/400/372 370/387/360
f 372/377/351 384/390/363 383/401/373 371/388/361
f 373/389/362 385/402/374 396/403/375 384/390/363
f 374/391/364 386/404/376 385/405/374 373/392/362
f 375/393/365 387/406/377 386/404/376 374/391/364
f 376/394/366 388/407/378 387/406/377 375/393/365
f 377/395/367 389/408/379 388/407/378 376/394/366
f 378/396/368 390/409/380 389/408/379 377/395/367
f 379/397/369 391/410/381 390/409/380 378/396/368
f 380/398/370 392/411/382 391/410/381 379/397/369
f 381/399/371 393/412/383 392/411/382 380/398/370
f 382/400/372 394/413/384 393/412/383 381/399/371
f 383/401/373 395/414/385 394/413/384 382/400/372
f 384/390/363 396/403/375 395/414/385 383/401/373
f 385/402/374 397/415/386 408/416/387 396/403/375
f 386/404/376 398/417/388 397/418/386 385/405/374
f 387/406/377 399/419/389 398/417/388 386/404/376
f 388/407/378 400/420/390 399/419/389 387/406/377
f 389/408/379 401/421/391 400/420/390 388/407/378
f 390/409/380 402/422/392 401/421/391 389/408/379
f 391/410/381 403/423/393 402/422/392 390/409/380
f 392/411/382 404/424/394 403/423/393 391/410/381
f 393/412/383 405/425/395 404/424/394 392/411/382
f 394/413/384 406/426/396 405/425/395 393/412/383
f 395/414/385 407/427/397 406/426/396 394/413/384
f 396/403/375 408/416/387 407/427/397 395/414/385
f 397/415/386 409/428/398 420/429/399 408/416/387
f 398/417/388 410/430/400 409/431/398 397/418/386
f 399/419/389 411/432/401 410/430/400 398/417/388
f 400/420/390 412/433/402 411/432/401 399/419/389
f 401/421/391 413/434/403 412/433/402 400/420/390
f 402/422/392 414/435/404 413/434/403 401/421/391
f 403/423/393 415/436/405 414/435/404 402/422/392
f 404/424/394 416/437/406 415/436/405 403/423/393
f 405/425/395 417/438/407 416/437/406 404/424/394
f 406/426/396 418/439/408 417/438/407 405/425/395
f 407/427/397 419/440/409 418/439/408 406/426/396
f 408/416/387 420/429/399 419/440/409 407/427/397
f 409/428/398 421/441/410 432/442/411 420/429/399
f 410/430/400 422/443/412 421/444/410 409/431/398
f 411/432/401 423/445/413 422/443/412 410/430/400
f 412/433/402 424/446/414 423/445/413 411/432/401
f 413/434/403 425/447/415 424/446/414 412/433/402
f 414/435/404 426/448/416 425/447/415 413/434/403
f 415/436/405 427/449/417 426/448/416 414/435/404
f 416/437/406 428/450/418 427/449/417 415/436/405
f 417/438/407 429/451/419 428/450/418 416/437/406
f 418/439/408 430/452/420 429/451/419 417/438/407
f 419/440/409 431/453/421 430/452/420 418/439/408
f 420/429/399 432/442/411 431/453/421 419/440/409
f 421/441/410 433/454/422 444/455/423 432/442/411
f 422/443/412 434/456/424 433/457/422 421/444/410
f 423/445/413 435/458/425 434/456/424 422/443/412
f 424/446/414 436/459/426 435/458/425 423/445/413
f 425/447/415 437/460/427 436/459/426 424/446/414
f 426/448/416 438/461/428 437/460/427 425/447/415
f 427/449/417 439/462/429 438/461/428 426/448/416
f 428/450/418 440/463/430 439/462/429 427/449/417
f 429/451/419 441/464/431 440/463/430 428/450/418
f 430/452/420 442/465/432 441/464/431 429/451/419
f 431/453/421 443/466/433 442/465/432 430/452/420
f 432/442/411 444/455/423 443/466/433 431/453/421
f 433/454/422 445/467/434 456/468/435 444/455/423
f 434/456/424 446/469/436 445/470/434 433/457/422
f 435/458/425 447/471/437 446/469/436 434/456/424
f 436/459/426 448/472/438 447/471/437 435/458/425
f 437/460/427 449/473/439 448/472/438 436/459/426
f 438/461/428 450/474/440 449/473/439 437/460/427
f 439/462/429 451/475/441 450/474/440 438/461/428
f 440/463/430 452/476/442 451/475/441 439/462/429
f 441/464/431 453/477/443 452/476/442 440/463/430
f 442/465/432 454/478/444 453/477/443 441/464/431
f 443/466/433 455/479/445 454/478/444 442/465/432
f 444/455/423 456/468/435 455/479/445 443/466/433
f 445/467/434 457/480/446 468/481/447 456/468/435
f 446/469/436 458/482/448 457/483/446 445/470/434
f 447/471/437 459/484/449 458/482/448 446/469/436
f 448/472/438 460/485/450 459/484/449 447/471/437
f 449/473/439 461/486/451 460/485/450 448/472/438
f 450/474/440 462/487/452 461/486/451 449/473/439
f 451/475/441 463/488/453 462/487/452 450/474/440
f 452/476/442 464/489/454 463/488/453 451/475/441
f 453/477/443 465/490/455 464/489/454 452/476/442
f 454/478/444 466/491/456 465/490/455 453/477/443
f 455/479/445 467/492/457 466/491/456 454/478/444
f 456/468/435 468/481/447 467/492/457 455/479/445
f 457/480/446 469/493/458 480/494/459 468/481/447
f 458/482/448 470/495/460 469/496/458 457/483/446
f 459/484/449 471/497/461 470/495/460 458/482/448
f 460/485/450 472/498/462 471/497/461 459/484/449
f 461/486/451 473/499/463 472/498/462 460/485/450
f 462/487/452 474/500/464 473/499/463 461/486/451
f 463/488/453 475/501/465 474/500/464 462/487/452
f 464/489/454 476/502/466 475/501/465 463/488/453
f 465/490/455 477/503/467 476/502/466 464/489/454
f 466/491/456 478/504/468 477/503/467 465/490/455
f 467/492/457 479/505/469 478/504/468 466/491/456
f 468/481/447 480/494/459 479/505/469 467/492/457
f 469/493/458 481/506/470 492/507/471 480/494/459
f 470/495/460 482/508/472 481/509/470 469/496/458
f 471/497/461 483/510/473 482/508/472 470/495/460
f 472/498/462 484/511/474 483/510/473 471/497/461
f 473/499/463 485/512/475 484/511/474 472/498/462
f 474/500/464 486/513/476 485/512/475 473/499/463
f 475/501/465 487/514/477 486/513/476 474/500/464
f 476/502/466 488/515/478 487/514/477 475/501/465
f 477/503/467 489/516/479 488/515/478 476/502/466
f 478/504/468 490/517/480 489/516/479 477/503/467
f 479/505/469 491/518/481 490/517/480 478/504/468
f 480/494/459 492/507/471 491/518/481 479/505/469
f 481/506/470 493/519/482 504/520/483 492/507/471
f 482/508/472 494/521/484 493/522/482 481/509/470
f 483/510/473 495/523/485 494/521/484 482/508/472
f 484/511/474 496/524/486 495/523/485 483/510/473
f 485/512/475 497/525/487 496/524/486 484/511/474
f 486/513/476 498/526/488 497/525/487 485/512/475
f 487/514/477 499/527/489 498/526/488 486/513/476
f 488/515/478 500/528/490 499/527/489 487/514/477
f 489/516/479 501/529/491 500/528/490 488/515/478
f 490/517/480 502/530/492 501/529/491 489/516/479
f 491/518/481 503/531/493 502/530/492 490/517/480
f 492/507/471 504/520/483 503/531/493 491/518/481
f 493/519/482 505/532/494 516/533/495 504/520/483
f 494/521/484 506/534/496 505/535/494 493/522/482
f 495/523/485 507/536/497 506/534/496 494/521/484
f 496/524/486 508/537/498 507/536/497 495/523/485
f 497/525/487 509/538/499 508/537/498 496/524/486
f 498/526/488 510/539/500 509/538/499 497/525/487
f 499/527/489 511/540/501 510/539/500 498/526/488
f 500/528/490 512/541/502 511/540/501 499/527/489
f 501/529/491 513/542/503 512/541/502 500/528/490
f 502/530/492 514/543/504 513/542/503 501/529/491
f 503/531/493 515/544/505 514/543/504 502/530/492
f 504/520/483 516/533/495 515/544/505 503/531/493
f 505/532/494 517/545/506 528/546/507 516/533/495
f 506/534/496 518/547/508 517/548/506 505/535/494
f 507/536/497 519/549/509 518/547/508 506/534/496
f 508/537/498 520/550/510 519/549/509 507/536/497
f 509/538/499 521/551/511 520/550/510 508/537/498
f 510/539/500 522/552/512 521/551/511 509/538/499
f 511/540/501 523/553/513 522/552/512 510/539/500
f 512/541/502 524/554/514 523/553/513 511/540/501
f 513/542/503 525/555/515 524/554/514 512/541/502
f 514/543/504 526/556/516 525/555/515 513/542/503
f 515/544/505 527/557/517 526/556/516 514/543/504
f 516/533/495 528/546/507 527/557/517 515/544/505
f 517/545/506 529/558/518 540/559/519 528/546/507
f 518/547/508 530/560/520 529/561/518 517/548/506
f 519/549/509 531/562/521 530/560/520 518/547/508
f 520/550/510 532/563/522 531/562/521 519/549/509
f 521/551/511 533/564/523 532/563/522 520/550/510
f 522/552/512 534/565/524 533/564/523 521/551/511
f 523/553/513 535/566/525 534/565/524 522/552/512
f 524/554/514 536/567/526 535/566/525 523/553/513
f 525/555/515 537/568/527 536/567/526 524/554/514
f 526/556/516 538/569/528 537/568/527 525/555/515
f 527/557/517 539/570/529 538/569/528 526/556/516
f 528/546/507 540/559/519 539/570/529 527/557/517
f 529/558/518 541/571/530 552/572/531 540/559/519
f 530/560/520 542/573/532 541/574/530 529/561/518
f 531/562/521 543/575/533 542/573/532 530/560/520
f 532/563/522 544/576/534 543/575/533 531/562/521
f 533/564/523 545/577/535 544/576/534 532/563/522
f 534/565/524 546/578/536 545/577/535 533/564/523
f 535/566/525 547/579/537 546/578/536 534/565/524
f 536/567/526 548/580/538 547/579/537 535/566/525
f 537/568/527 549/581/539 548/580/538 536/567/526
f 538/569/528 550/582/540 549/581/539 537/568/527
f 539/570/529 551/583/541 550/582/540 538/569/528
f 540/559/519 552/572/531 551/583/541 539/570/529
f 541/571/530 553/584/542 564/585/543 552/572/531
f 542/573/532 554/586/544 553/587/542 541/574/530
f 543/575/533 555/588/545 554/586/544 542/573/532
f 544/576/534 556/589/546 555/588/545 543/575/533
f 545/577/535 557/590/547 556/589/546 544/576/534
f 546/578/536 558/591/548 557/590/547 545/577/535
f 547/579/537 559/592/549 558/591/548 546/578/536
f 548/580/538 560/593/550 559/592/549 547/579/537
f 549/581/539 561/594/551 560/593/550 548/580/538
f 550/582/540 562/595/552 561/594/551 549/581/539
f 551/583/541 563/596/553 562/595/552 550/582/540
f 552/572/531 564/585/543 563/596/553 551/583/541
f 553/584/542 565/597/554 576/598/555 564/585/543
f 554/586/544 566/599/556 565/600/554 553/587/542
f 555/588/545 567/601/557 566/599/556 554/586/544
f 556/589/546 568/602/558 567/601/557 555/588/545
f 557/590/547 569/603/559 568/602/558 556/589/546
f 558/591/548 570/604/560 569/603/559 557/590/547
f 559/592/549 571/605/561 570/604/560 558/591/548
f 560/593/550 572/606/562 571/605/561 559/592/549
f 561/594/551 573/607/563 572/606/562 560/593/550
f 562/595/552 574/608/564 573/607/563 561/594/551
f 563/596/553 575/609/565 574/608/564 562/595/552
f 564/585/543 576/598/555 575/609/565 563/596/553
f 565/597/554 577/610/566 588/611/567 576/598/555
f 566/599/556 578/612/568 577/613/566 565/600/554
f 567/601/557 579/614/569 578/612/568 566/599/556
f 568/602/558 580/615/570 579/614/569 567/601/557
f 569/603/559 581/616/571 580/615/570 568/602/558
f 570/604/560 582/617/572 581/616/571 569/603/559
f 571/605/561 583/618/573 582/617/572 570/604/560
f 572/606/562 584/619/574 583/618/573 571/605/561
f 573/607/563 585/620/575 584/619/574 572/606/562
f 574/608/564 586/621/576 585/620/575 573/607/563
f 575/609/565 587/622/577 586/621/576 574/608/564
f 576/598/555 588/611/567 587/622/577 575/609/565
f 577/610/566 589/623/578 600/624/579 588/611/567
f 578/612/568 590/625/580 589/626/578 577/613/566
f 579/614/569 591/627/581 590/625/580 578/612/568
f 580/615/570 592/628/582 591/627/581 579/614/569
f 581/616/571 593/629/583 592/628/582 580/615/570
f 582/617/572 594/630/584 593/629/583 581/616/571
f 583/618/573 595/631/585 594/630/584 582/617/572
f 584/619/574 596/632/586 595/631/585 583/618/573
f 585/620/575 597/633/587 596/632/586 584/619/574
f 586/621/576 598/634/588 597/633/587 585/620/575
f 587/622/577 599/635/589 598/634/588 586/621/576
f 588/611/567 600/624/579 599/635/589 587/622/577
f 589/623/578 601/636/590 612/637/591 600/624/579
f 590/625/580 602/638/592 601/639/590 589/626/578
f 591/627/581 603/640/593 602/638/592 590/625/580
f 592/628/582 604/641/594 603/640/593 591/627/581
f 593/629/583 605/642/595 604/641/594 592/628/582
f 594/630/584 606/643/596 605/642/595 593/629/583
f 595/631/585 607/644/597 606/643/596 594/630/584
f 596/632/586 608/645/598 607/644/597 595/631/585
f 597/633/587 609/646/599 608/645/598 596/632/586
f 598/634/588 610/647/600 609/646/599 597/633/587
f 599/635/589 611/648/601 610/647/600 598/634/588
f 600/624/579 612/637/591 611/648/601 599/635/589
f 601/636/590 613/649/602 624/650/603 612/637/591
f 602/638/592 614/651/604 613/652/602 601/639/590
f 603/640/593 615/653/605 614/651/604 602/638/592
f 604/641/594 616/654/606 615/653/605 603/640/593
f 605/642/595 617/655/607 616/654/606 604/641/594
f 606/643/596 618/656/608 617/655/607 605/642/595
f 607/644/597 619/657/609 618/656/608 606/643/596
f 608/645/598 620/658/610 619/657/609 607/644/597
f 609/646/599 621/659/611 620/658/610 608/645/598
f 610/647/600 622/660/612 621/659/611 609/646/599
f 611/648/601 623/661/613 622/660/612 610/647/600
f 612/637/591 624/650/603 623/661/613 611/648/601
f 613/649/602 625/662/614 636/663/615 624/650/603
f 614/651/604 626/664/616 625/665/614 613/652/602
f 615/653/605 627/666/617 626/664/616 614/651/604
f 616/654/606 628/667/618 627/666/617 615/653/605
f 617/655/607 629/668/619 628/667/618 616/654/606
f 618/656/608 630/669/620 629/668/619 617/655/607
f 619/657/609 631/670/621 630/669/620 618/656/608
f 620/658/610 632/671/622 631/670/621 619/657/609
f 621/659/611 633/672/623 632/671/622 620/658/610
f 622/660/612 634/673/624 633/672/623 621/659/611
f 623/661/613 635/674/625 634/673/624 622/660/612
f 624/650/603 636/663/615 635/674/625 623/661/613
f 625/662/614 637/675/626 648/676/627 636/663/615
f 626/664/616 638/677/628 637/678/626 625/665/614
f 627/666/617 639/679/629 638/677/628 626/664/616
f 628/667/618 640/680/630 639/679/629 627/666/617
f 629/668/619 641/681/631 640/680/630 628/667/618
f 630/669/620 642/682/632 641/681/631 629/668/619
f 631/670/621 643/683/633 642/682/632 630/669/620
f 632/671/622 644/684/634 643/683/633 631/670/621
f 633/672/623 645/685/635 644/684/634 632/671/622
f 634/673/624 646/686/636 645/685/635 633/672/623
f 635/674/625 647/687/637 646/686/636 634/673/624
f 636/663/615 648/676/627 647/687/637 635/674/625
f 637/675/626 649/688/638 660/689/639 648/676/627
f 638/677/628 650/690/640 649/691/638 637/678/626
f 639/679/629 651/692/641 650/690/640 638/677/628
f 640/680/630 652/693/642 651/692/641 639/679/629
f 641/681/631 653/694/643 652/693/642 640/680/630
f 642/682/632 654/695/644 653/694/643 641/681/631
f 643/683/633 655/696/645 654/695/644 642/682/632
f 644/684/634 656/697/646 655/696/645 643/683/633
f 645/685/635 657/698/647 656/697/646 644/684/634
f 646/686/636 658/699/648 657/698/647 645/685/635
f 647/687/637 659/700/649 658/699/648 646/686/636
f 648/676/627 660/689/639 659/700/649 647/687/637
f 649/688/638 661/701/650 672/702/651 660/689/639
f 650/690/640 662/703/652 661/704/650 649/691/638
f 651/692/641 663/705/653 662/703/652 650/690/640
f 652/693/642 664/706/654 663/705/653 651/692/641
f 653/694/643 665/707/655 664/706/654 652/693/642
f 654/695/644 666/708/656 665/707/655 653/694/643
f 655/696/645 667/709/657 666/708/656 654/695/644
f 656/697/646 668/710/658 667/709/657 655/696/645
f 657/698/647 669/711/659 668/710/658 656/697/646
f 658/699/648 670/712/660 669/711/659 657/698/647
f 659/700/649 671/713/661 670/712/660 658/699/648
f 660/689/639 672/702/651 671/713/661 659/700/649
f 661/701/650 673/714/662 684/715/663 672/702/651
f 662/703/652 674/716/664 673/717/662 661/704/650
f 663/705/653 675/718/665 674/716/664 662/703/652
f 664/706/654 676/719/666 675/718/665 663/705/653
f 665/707/655 677/720/667 676/719/666 664/706/654
f 666/708/656 678/721/668 677/720/667 665/707/655
f 667/709/657 679/722/669 678/721/668 666/708/656
f 668/710/658 680/723/670 679/722/669 667/709/657
f 669/711/659 681/724/671 680/723/670 668/710/658
f 670/712/660 682/725/672 681/724/671 669/711/659
f 671/713/661 683/726/673 682/725/672 670/712/660
f 672/702/651 684/715/663 683/726/673 671/713/661
f 673/714/662 685/727/674 696/728/675 684/715/663
f 674/716/664 686/729/676 685/730/674 673/717/662
f 675/718/665 687/731/677 686/729/676 674/716/664
f 676/719/666 688/732/678 687/731/677 675/718/665
f 677/720/667 689/733/679 688/732/678 676/719/666
f 678/721/668 690/734/680 689/733/679 677/720/667
f 679/722/669 691/735/681 690/734/680 678/721/668
f 680/723/670 692/736/682 691/735/681 679/722/669
f 681/724/671 693/737/683 692/736/682 680/723/670
f 682/725/672 694/738/684 693/737/683 681/724/671
f 683/726/673 695/739/685 694/738/684 682/725/672
f 684/715/663 696/728/675 695/739/685 683/726/673
f 685/727/674 697/740/686 708/741/687 696/728/675
f 686/729/676 698/742/688 697/743/686 685/730/674
f 687/731/677 699/744/689 698/742/688 686/729/676
f 688/732/678 700/745/690 699/744/689 687/731/677
f 689/733/679 701/746/691 700/745/690 688/732/678
f 690/734/680 702/747/692 701/746/691 689/733/679
f 691/735/681 703/748/693 702/747/692 690/734/680
f 692/736/682 704/749/694 703/748/693 691/735/681
f 693/737/683 705/750/695 704/749/694 692/736/682
f 694/738/684 706/751/696 705/750/695 693/737/683
f 695/739/685 707/752/697 706/751/696 694/738/684
f 696/728/675 708/741/687 707/752/697 695/739/685
f 697/740/686 709/753/698 720/754/699 708/741/687
f 698/742/688 710/755/700 709/756/698 697/743/686
f 699/744/689 711/757/701 710/755/700 698/742/688
f 700/745/690 712/758/702 711/757/701 699/744/689
f 701/746/691 713/759/703 712/758/702 700/745/690
f 702/747/692 714/760/704 713/759/703 701/746/691
f 703/748/693 715/761/705 714/760/704 702/747/692
f 704/749/694 716/762/706 715/761/705 703/748/693
f 705/750/695 717/763/707 716/762/706 704/749/694
f 706/751/696 718/764/708 717/763/707 705/750/695
f 707/752/697 719/765/709 718/764/708 706/751/696
f 708/741/687 720/754/699 719/765/709 707/752/697
f 709/753/698 721/766/710 732/767/711 720/754/699
f 710/755/700 722/768/712 721/769/710 709/756/698
f 711/757/701 723/770/713 722/768/712 710/755/700
f 712/758/702 724/771/714 723/770/713 711/757/701
f 713/759/703 725/772/715 724/771/714 712/758/702
f 714/760/704 726/773/716 725/772/715 713/759/703
f 715/761/705 727/774/717 726/773/716 714/760/704
f 716/762/706 728/775/718 727/774/717 715/761/705
f 717/763/707 729/776/719 728/775/718 716/762/706
f 718/764/708 730/777/720 729/776/719 717/763/707
f 719/765/709 731/778/721 730/777/720 718/764/708
f 720/754/699 732/767/711 731/778/721 719/765/709
f 721/766/710 733/779/722 744/780/723 732/767/711
f 722/768/712 734/781/724 733/782/722 721/769/710
f 723/770/713 735/783/725 734/781/724 722/768/712
f 724/771/714 736/784/726 735/783/725 723/770/713
f 725/772/715 737/785/727 736/784/726 724/771/714
f 726/773/716 738/786/728 737/785/727 725/772/715
f 727/774/717 739/787/729 738/786/728 726/773/716
f 728/775/718 740/788/730 739/787/729 727/774/717
f 729/776/719 741/789/731 740/788/730 728/775/718
f 730/777/720 742/790/732 741/789/731 729/776/719
f 731/778/721 743/791/733 742/790/732 730/777/720
f 732/767/711 744/780/723 743/791/733 731/778/721
f 733/779/722 745/792/734 756/793/735 744/780/723
f 734/781/724 746/794/736 745/795/734 733/782/722
f 735/783/725 747/796/737 746/794/736 734/781/724
f 736/784/726 748/797/738 747/796/737 735/783/725
f 737/785/727 749/798/739 748/797/738 736/784/726
f 738/786/728 750/799/740 749/798/739 737/785/727
f 739/787/729 751/800/741 750/799/740 738/786/728
f 740/788/730 752/801/742 751/800/741 739/787/729
f 741/789/731 753/802/743 752/801/742 740/788/730
f 742/790/732 754/803/744 753/802/743 741/789/731
f 743/791/733 755/804/745 754/803/744 742/790/732
f 744/780/723 756/793/735 755/804/745 743/791/733
f 745/792/734 757/805/746 768/806/747 756/793/735
f 746/794/736 758/807/748 757/808/746 745/795/734
f 747/796/737 759/809/749 758/807/748 746/794/736
f 748/797/738 760/810/750 759/809/749 747/796/737
f 749/798/739 761/811/751 760/810/750 748/797/738
f 750/799/740 762/812/752 761/811/751 749/798/739
f 751/800/741 763/813/753 762/812/752 750/799/740
f 752/801/742 764/814/754 763/813/753 751/800/741
f 753/802/743 765/815/755 764/814/754 752/801/742
f 754/803/744 766/816/756 765/815/755 753/802/743
f 755/804/745 767/817/757 766/816/756 754/803/744
f 756/793/735 768/806/747 767/817/757 755/804/745
f 757/805/746 769/818/758 780/819/759 768/806/747
f 758/807/748 770/820/760 769/821/758 757/808/746
f 759/809/749 771/822/761 770/820/760 758/807/748
f 760/810/750 772/823/762 771/822/761 759/809/749
f 761/811/751 773/824/763 772/823/762 760/810/750
f 762/812/752 774/825/764 773/824/763 761/811/751
f 763/813/753 775/826/765 774/825/764 762/812/752
f 764/814/754 776/827/766 775/826/765 763/813/753
f 765/815/755 777/828/767 776/827/766 764/814/754
f 766/816/756 778/829/768 777/828/767 765/815/755
f 767/817/757 779/830/769 778/829/768 766/816/756
f 768/806/747 780/819/759 779/830/769 767/817/757
f 769/818/758 781/831/770 792/832/771 780/819/759
f 770/820/760 782/833/772 781/834/770 769/821/758
f 771/822/761 783/835/773 782/833/772 770/820/760
f 772/823/762 784/836/774 783/835/773 771/822/761
f 773/824/763 785/837/775 784/836/774 772/823/762
f 774/825/764 786/838/776 785/837/775 773/824/763
f 775/826/765 787/839/777 786/838/776 774/825/764
f 776/827/766 788/840/778 787/839/777 775/826/765
f 777/828/767 789/841/779 788/840/778 776/827/766
f 778/829/768 790/842/780 789/841/779 777/828/767
f 779/830/769 791/843/781 790/842/780 778/829/768
f 780/819/759 792/832/771 791/843/781 779/830/769
f 781/831/770 793/844/782 804/845/783 792/832/771
f 782/833/772 794/846/784 793/847/782 781/834/770
f 783/835/773 795/848/785 794/846/784 782/833/772
f 784/836/774 796/849/786 795/848/785 783/835/773
f 785/837/775 797/850/787 796/849/786 784/836/774
f 786/838/776 798/851/788 797/850/787 785/837/775
f 787/839/777 799/852/789 798/851/788 786/838/776
f 788/840/778 800/853/790 799/852/789 787/839/777
f 789/841/779 801/854/791 800/853/790 788/840/778
f 790/842/780 802/855/792 801/854/791 789/841/779
f 791/843/781 803/856/793 802/855/792 790/842/780
f 792/832/771 804/845/783 803/856/793 791/843/781
f 793/844/782 805/857/794 816/858/795 804/845/783
f 794/846/784 806/859/796 805/860/794 793/847/782
f 795/848/785 807/861/797 806/859/796 794/846/784
f 796/849/786 808/862/798 807/861/797 795/848/785
f 797/850/787 809/863/799 808/862/798 796/849/786
f 798/851/788 810/864/800 809/863/799 797/850/787
f 799/852/789 811/865/801 810/864/800 798/851/788
f 800/853/790 812/866/802 811/865/801 799/852/789
f 801/854/791 813/867/803 812/866/802 800/853/790
f 802/855/792 814/868/804 813/867/803 801/854/791
f 803/856/793 815/869/805 814/868/804 802/855/792
f 804/845/783 816/858/795 815/869/805 803/856/793
f 805/857/794 817/870/806 828/871/807 816/858/795
f 806/859/796 818/872/808 817/873/806 805/860/794
f 807/861/797 819/874/809 818/872/808 806/859/796
f 808/862/798 820/875/810 819/874/809 807/861/797
f 809/863/799 821/876/811 820/875/810 808/862/798
f 810/864/800 822/877/812 821/876/811 809/863/799
f 811/865/801 823/878/813 822/877/812 810/864/800
f 812/866/802 824/879/814 823/878/813 811/865/801
f 813/867/803 825/880/815 824/879/814 812/866/802
f 814/868/804 826/881/816 825/880/815 813/867/803
f 815/869/805 827/882/817 826/881/816 814/868/804
f 816/858/795 828/871/807 827/882/817 815/869/805
f 817/870/806 829/883/818 840/884/819 828/871/807
f 818/872/808 830/885/820 829/886/818 817/873/806
f 819/874/809 831/887/821 830/885/820 818/872/808
f 820/875/810 832/888/822 831/887/821 819/874/809
f 821/876/811 833/889/823 832/888/822 820/875/810
f 822/877/812 834/890/824 833/889/823 821/876/811
f 823/878/813 835/891/825 834/890/824 822/877/812
f 824/879/814 836/892/826 835/891/825 823/878/813
f 825/880/815 837/893/827 836/892/826 824/879/814
f 826/881/816 838/894/828 837/893/827 825/880/815
f 827/882/817 839/895/829 838/894/828 826/881/816
f 828/871/807 840/884/819 839/895/829 827/882/817
f 829/883/818 841/896/830 852/897/831 840/884/819
f 830/885/820 842/898/832 841/899/830 829/886/818
f 831/887/821 843/900/833 842/898/832 830/885/820
f 832/888/822 844/901/834 843/900/833 831/887/821
f 833/889/823 845/902/835 844/901/834 832/888/822
f 834/890/824 846/903/836 845/902/835 833/889/823
f 835/891/825 847/904/837 846/903/836 834/890/824
f 836/892/826 848/905/838 847/904/837 835/891/825
f 837/893/827 849/906/839 848/905/838 836/892/826
f 838/894/828 850/907/840 849/906/839 837/893/827
f 839/895/829 851/908/841 850/907/840 838/894/828
f 840/884/819 852/897/831 851/908/841 839/895/829
f 841/896/830 853/909/842 864/910/843 852/897/831
f 842/898/832 854/911/844 853/912/842 841/899/830
f 843/900/833 855/913/845 854/911/844 842/898/832
f 844/901/834 856/914/846 855/913/845 843/900/833
f 845/902/835 857/915/847 856/914/846 844/901/834
f 846/903/836 858/916/848 857/915/847 845/902/835
f 847/904/837 859/917/849 858/916/848 846/903/836
f 848/905/838 860/918/850 859/917/849 847/904/837
f 849/906/839 861/919/851 860/918/850 848/905/838
f 850/907/840 862/920/852 861/919/851 849/906/839
f 851/908/841 863/921/853 862/920/852 850/907/840
f 852/897/831 864/910/843 863/921/853 851/908/841
f 853/909/842 865/922/854 876/923/855 864/910/843
f 854/911/844 866/924/856 865/925/854 853/912/842
f 855/913/845 867/926/857 866/924/856 854/911/844
f 856/914/846 868/927/858 867/926/857 855/913/845
f 857/915/847 869/928/859 868/927/858 856/914/846
f 858/916/848 870/929/860 869/928/859 857/915/847
f 859/917/849 871/930/861 870/929/860 858/916/848
f 860/918/850 872/931/862 871/930/861 859/917/849
f 861/919/851 873/932/863 872/931/862 860/918/850
f 862/920/852 874/933/864 873/932/863 861/919/851
f 863/921/853 875/934/865 874/933/864 862/920/852
f 864/910/843 876/923/855 875/934/865 863/921/853
f 865/922/854 877/935/866 888/936/867 876/923/855
f 866/924/856 878/937/868 877/938/866 865/925/854
f 867/926/857 879/939/869 878/937/868 866/924/856
f 868/927/858 880/940/870 879/939/869 867/926/857
f 869/928/859 881/941/871 880/940/870 868/927/858
f 870/929/860 882/942/872 881/941/871 869/928/859
f 871/930/861 883/943/873 882/942/872 870/929/860
f 872/931/862 884/944/874 883/943/873 871/930/861
f 873/932/863 885/945/875 884/944/874 872/931/862
f 874/933/864 886/946/876 885/945/875 873/932/863
f 875/934/865 887/947/877 886/946/876 874/933/864
f 876/923/855 888/936/867 887/947/877 875/934/865
f 877/935/866 889/948/878 900/949/879 888/936/867
f 878/937/868 890/950/880 889/8/878 877/938/866
f 879/939/869 891/951/881 890/950/880 878/937/868
f 880/940/870 892/952/882 891/951/881 879/939/869
f 881/941/871 893/953/883 892/952/882 880/940/870
f 882/942/872 894/954/884 893/953/883 881/941/871
f 883/943/873 895/955/885 894/954/884 882/942/872
f 884/944/874 896/956/886 895/955/885 883/943/873
f 885/945/875 897/957/887 896/956/886 884/944/874
f 886/946/876 898/958/888 897/957/887 885/945/875
f 887/947/877 899/959/889 898/958/888 886/946/876
f 888/936/867 900/949/879 899/959/889 887/947/877
o BezierCurve.002
v 0.003695 -0.904788 0.067052
v 0.004604 -0.905820 0.057319
v 0.045494 -1.309606 0.086653
v 0.049481 -1.312099 0.095317
v 0.046774 -1.310193 0.091117
v 0.047308 -1.313161 0.097774
v 0.025422 -1.324137 0.110440
v 0.009674 -1.075992 0.137249
v 0.009247 -1.052237 0.123691
v 0.011407 -0.908779 0.067154
v 0.003079 -0.905335 0.067460
v 0.012310 -0.900123 0.066184
v -0.063210 -0.902026 0.017525
v -0.049057 -0.905098 0.027654
v -0.065879 -0.907851 0.021126
v -0.017429 -0.902335 -0.057673
v -0.019877 -0.905937 -0.061322
v 0.004267 -0.908739 -0.057579
v 0.069858 -0.901332 -0.019982
v 0.070782 -0.907577 -0.005758
v 0.064118 -0.905643 -0.008211
v 0.004846 -0.905765 0.066097
v 0.002935 -0.905363 0.078819
v 0.004090 -0.901787 0.061534
vn 0.8290 0.0387 0.5579
vn -0.1365 0.3148 0.9393
vn -0.6910 -0.2900 0.6621
vn 0.9973 -0.0073 -0.0732
vn 0.4076 0.1880 -0.8936
vn 0.5992 -0.3733 -0.7082
vn -0.5265 0.0075 0.8502
vn 0.5170 -0.5123 -0.6858
vn 0.6808 0.7256 0.1006
vn -0.8682 -0.3758 0.3239
vn -0.6011 0.7983 -0.0365
vn -0.3970 -0.1936 -0.8972
vn 0.0240 0.9313 -0.3634
vn 0.7788 0.3614 -0.5127
vn 0.0536 -0.3478 -0.9360
vn -0.6295 -0.7737 0.0723
vn 0.6902 0.4072 0.5981
vn 0.8287 -0.3455 0.4402
vn -0.4767 0.7926 -0.3802
vn -0.2537 -0.9474 -0.1952
vt -0.000038 0.742213
vt 0.146768 0.826509
vt -0.003405 0.382571
vt 0.161828 0.338488
vt 0.150173 0.008888
vt -0.000004 0.083737
vt 0.334992 0.099615
vt 0.342013 0.493376
vt 0.485696 0.928658
vt 0.339465 0.828221
vt 0.349711 1.000000
vt 0.500022 0.336262
vt 0.486002 0.042813
vt 0.512781 0.580462
vt 0.647395 0.454045
vt 0.653978 0.793833
vt 0.797154 0.599422
vt 0.686128 0.156733
vt 0.813421 0.078379
vt 0.712897 0.000000
vt 0.811059 0.938068
vt 1.005949 0.492781
vt 0.812767 0.404545
vt 1.000473 0.833105
vt 0.909217 0.957077
vt 0.060478 1.000000
vt 0.317407 1.000000
vt 0.558628 0.027779
vt 0.632044 0.000000
vt 1.002486 0.127860
s 1
usemtl hair.001
f 906/960/890 908/961/891 907/962/892
f 909/963/893 908/964/891 905/965/894
f 909/963/893 910/966/895 908/964/891
f 911/967/896 909/963/893 907/962/892
f 914/968/897 912/969/898 910/970/895
f 915/971/899 914/972/897 910/966/895
f 914/968/897 913/973/900 912/969/898
f 917/974/901 915/971/899 913/973/900
f 916/975/902 917/974/901 913/973/900
f 916/975/902 919/976/903 917/974/901
f 919/976/903 918/977/904 917/974/901
f 918/977/904 921/978/905 916/979/902
f 921/980/905 919/976/903 916/975/902
f 923/981/906 920/982/907 919/976/903
f 924/983/908 919/976/903 922/984/909
f 915/971/899 911/967/896 912/969/898 913/973/900
f 906/960/890 905/985/894 908/961/891
f 907/962/892 909/963/893 905/965/894
f 908/961/891 911/967/896 907/962/892
f 909/963/893 911/967/896 910/966/895
f 910/986/895 912/969/898 908/961/891
f 911/967/896 915/971/899 910/966/895
f 915/971/899 917/974/901 918/977/904
f 915/971/899 916/987/902 914/972/897
f 914/968/897 916/975/902 913/973/900
f 915/971/899 918/977/904 916/988/902
f 918/977/904 919/976/903 920/982/907
f 918/977/904 920/982/907 921/978/905
f 923/981/906 922/989/909 921/978/905 920/982/907
f 911/967/896 908/961/891 912/969/898
f 921/980/905 922/984/909 919/976/903
f 923/981/906 919/976/903 924/983/908
l 902 901
l 903 904
o Cube.003
v -0.293584 -0.628759 0.318385
v -0.669006 1.514372 -0.668470
v 0.668470 1.514372 -0.669006
v -0.816089 0.431603 0.684119
v -0.614958 0.431080 -0.876088
v 0.760089 0.431156 0.760089
v -0.327543 -0.707718 0.060439
v -0.656823 0.902180 0.899978
v -0.669005 1.514373 0.668470
v -0.661995 -0.086475 -0.554573
v -0.318386 -0.628758 -0.293585
v -0.013434 -0.669107 -0.380175
v -0.126762 1.818480 -0.665693
v 0.503008 1.807776 -0.466747
v 0.554573 -0.086475 -0.661995
v 0.287654 -0.638458 -0.311024
v 0.377664 -0.671619 -0.012908
v 0.699213 1.781378 0.000000
v 0.452838 1.852496 0.435529
v 0.612689 -0.095534 0.612689
v 0.311024 -0.638458 0.287654
v 0.060533 -0.709785 0.325393
v 0.031014 1.800798 0.678697
v -0.466749 1.807774 0.503009
v -0.554572 -0.086479 0.661992
v -0.899978 0.902181 -0.656823
v 0.692837 0.709424 -0.884953
v 0.668470 1.514372 0.669006
v 0.899978 0.902181 0.656823
v 0.323512 0.207581 0.934280
v -0.337080 0.241292 0.956055
v 0.952337 0.616849 -0.552184
v 1.046014 0.438006 -0.086252
v 1.009362 0.476671 0.312095
v -0.086252 0.438006 -1.046014
v 0.312095 0.476671 -1.009362
v -0.956054 0.241290 -0.337082
v -0.948793 1.049416 0.551366
v -1.009361 0.476671 0.312095
v -0.861942 1.629779 0.098370
v -1.095481 0.874652 -0.037064
v -0.901762 1.428028 -0.409578
v -0.551366 1.049415 -0.948793
v 0.000000 1.077636 -1.066668
v -0.187693 1.522859 -0.904966
v 0.409577 1.428028 -0.901763
v 0.934598 1.424964 -0.337633
v 1.066668 1.077636 -0.000000
v 0.901762 1.428028 0.409577
v 0.551366 1.049416 0.948793
v 0.114682 0.841498 1.086811
v 0.187693 1.522860 0.904966
v -0.252971 0.840549 1.061062
v -0.409578 1.428028 0.901762
v -0.055936 -0.919545 0.000000
v 0.043256 -0.922739 0.000000
v 0.125025 2.004586 -0.223216
v -0.550263 1.855510 -0.269860
v -0.207975 1.994267 0.218335
v -0.016953 -0.408428 0.630833
v 0.772960 -0.108628 -0.341738
v 0.803856 -0.115182 0.206807
v -0.341738 -0.108628 -0.772960
v 0.206807 -0.115182 -0.803856
v -0.772959 -0.108629 0.341737
v -0.646401 -0.360040 -0.135115
vn -0.7481 -0.2242 0.6246
vn -0.8791 0.1650 0.4472
vn -0.9482 -0.2097 0.2388
vn -0.9980 0.0527 -0.0349
vn -0.8509 0.4129 -0.3248
vn -0.8315 0.0410 -0.5540
vn -0.6446 0.4966 0.5812
vn -0.5743 0.0485 0.8172
vn -0.4164 0.8007 0.4307
vn -0.7953 0.5980 0.0996
vn -0.4751 0.8515 -0.2219
vn -0.5820 0.5201 -0.6251
vn -0.5499 -0.2182 -0.8062
vn -0.9093 -0.3115 -0.2758
vn -0.0884 -0.2074 -0.9743
vn 0.0184 0.1423 -0.9897
vn 0.2674 -0.1901 -0.9447
vn 0.3366 0.4153 -0.8451
vn 0.6013 -0.0425 -0.7979
vn -0.4559 0.1445 -0.8782
vn -0.0990 0.8027 -0.5881
vn -0.1590 0.4948 -0.8543
vn 0.4309 0.8026 -0.4124
vn 0.6336 0.4706 -0.6141
vn 0.8682 0.4015 -0.2917
vn 0.9894 0.1453 0.0063
vn 0.8823 -0.1011 -0.4597
vn 0.9736 -0.2139 -0.0799
vn 0.9421 -0.1913 0.2753
vn 0.8470 0.4258 0.3183
vn 0.8350 0.0629 0.5467
vn 0.6846 -0.2276 0.6925
vn 0.3865 0.8483 0.3619
vn 0.5840 0.5130 0.6291
vn 0.4625 0.1432 0.8750
vn 0.2568 -0.3371 0.9058
vn -0.1963 0.0337 0.9800
vn -0.3111 0.4217 0.8517
vn 0.1545 0.4888 0.8586
vn -0.2705 -0.3202 0.9079
vn 0.1043 0.0186 0.9944
vn -0.0112 -0.7373 -0.6755
vn 0.2201 -0.9755 -0.0058
vn -0.2612 -0.9653 -0.0000
vn 0.0885 -0.7649 0.6380
vn -0.5022 -0.7298 -0.4638
vn -0.4586 -0.7223 0.5177
vn -0.6595 -0.7469 0.0848
vn 0.1073 0.9804 -0.1653
vn 0.6341 0.7733 0.0069
vn -0.1715 0.9711 0.1658
vn 0.0209 0.7910 0.6115
vn 0.6061 -0.5175 0.6040
vn -0.0009 -0.6161 0.7876
vn -0.5360 -0.5050 0.6765
vn 0.4729 -0.7212 -0.5063
vn 0.8075 -0.4931 -0.3237
vn 0.6874 -0.7263 -0.0070
vn 0.8448 -0.5032 0.1820
vn -0.2971 -0.5080 -0.8085
vn 0.1787 -0.5015 -0.8465
vn -0.6746 -0.4945 -0.5480
vn -0.8180 -0.4968 0.2899
vn -0.7875 -0.6032 -0.1266
vn 0.5140 -0.7056 0.4878
vn 0.5500 -0.4728 -0.6884
vt 0.471708 0.014299
vt 0.534381 0.045164
vt 0.482094 0.081003
vt 0.518040 0.131522
vt 0.572886 0.184275
vt 0.519900 0.224846
vt 0.584064 0.006954
vt 0.522167 0.000000
vt 0.625000 0.050929
vt 0.599319 0.106187
vt 0.625000 0.199072
vt 0.590482 0.251621
vt 0.480654 0.278342
vt 0.467316 0.177628
vt 0.483553 0.361737
vt 0.535167 0.375133
vt 0.484905 0.418997
vt 0.572969 0.434275
vt 0.504150 0.479248
vt 0.536115 0.295164
vt 0.622992 0.344966
vt 0.585516 0.342845
vt 0.625000 0.449072
vt 0.591602 0.501621
vt 0.575543 0.573656
vt 0.535989 0.624867
vt 0.497820 0.545060
vt 0.483590 0.611737
vt 0.484936 0.668997
vt 0.575759 0.684275
vt 0.520099 0.724846
vt 0.480650 0.750110
vt 0.662861 0.538815
vt 0.671968 0.698968
vt 0.591602 0.748379
vt 0.536163 0.795164
vt 0.464442 0.825153
vt 0.515268 0.906250
vt 0.572507 0.934275
vt 0.516778 0.974846
vt 0.625000 0.800928
vt 0.585511 0.842844
vt 0.625000 0.950076
vt 0.594642 0.991426
vt 0.470328 1.000000
vt 0.464037 0.927627
vt 0.515675 0.859485
vt 0.234722 0.509599
vt 0.292004 0.628504
vt 0.216953 0.625766
vt 0.266710 0.740286
vt 0.133566 0.524241
vt 0.149242 0.741434
vt 0.134799 0.640642
vt 0.731908 0.592499
vt 0.637096 0.626126
vt 0.843650 0.574928
vt 0.784765 0.661062
vt 0.751177 0.739753
vt 0.836218 0.716124
vt 0.875000 0.500000
vt 0.776461 0.513182
vt 0.875000 0.616243
vt 0.440699 0.749857
vt 0.418706 0.890459
vt 0.392399 0.979767
vt 0.385391 0.856296
vt 0.436134 0.985551
vt 0.357866 0.507645
vt 0.439949 0.559701
vt 0.373594 0.619321
vt 0.438475 0.663639
vt 0.392332 0.237655
vt 0.440448 0.309701
vt 0.390575 0.370219
vt 0.439095 0.413639
vt 0.441138 0.235550
vt 0.393543 0.015630
vt 0.437709 0.059702
vt 0.385801 0.107280
vt 0.418545 0.156738
vt 0.435727 0.000000
vt 0.385428 0.737535
vt 0.621461 0.870709
vt 0.370564 0.729890
vt 0.441018 0.485550
vt 0.388128 0.487535
s 1
usemtl red_baloon.001
f 928/990/910 962/991/911 963/992/912
f 965/993/913 966/994/914 950/995/915
f 933/996/916 962/991/911 932/997/917
f 948/998/918 964/999/919 933/996/916
f 966/994/914 982/1000/920 926/1001/921
f 966/994/914 926/1001/921 950/995/915
f 950/995/915 929/1002/922 961/1003/923
f 963/992/912 965/993/913 961/1003/923
f 959/1004/924 968/1005/925 960/1006/926
f 968/1005/925 970/1007/927 951/1008/928
f 926/1001/921 967/1009/929 950/995/915
f 937/1010/930 969/1011/931 926/1001/921
f 970/1007/927 938/1012/932 927/1013/933
f 970/1007/927 927/1013/933 951/1008/928
f 971/1014/934 972/1015/935 956/1016/936
f 957/1017/937 972/1015/935 958/1018/938
f 972/1015/935 973/1019/939 953/1020/940
f 953/1020/940 930/1021/941 958/1018/938
f 927/1013/933 971/1014/934 951/1008/928
f 938/1022/932 971/1014/934 927/1013/933
f 973/1019/939 943/1023/942 952/1024/943
f 973/1019/939 952/1024/943 953/1020/940
f 930/1021/941 974/1025/944 954/1026/945
f 977/1027/946 978/1028/947 932/1029/917
f 952/1024/943 974/1025/944 953/1020/940
f 943/1030/942 976/1031/948 952/1024/943
f 978/1028/947 948/1032/918 933/1033/916
f 978/1028/947 933/1033/916 932/1029/917
f 932/1029/917 928/1034/910 955/1035/949
f 954/1026/945 975/1036/950 955/1035/949
f 936/1037/951 980/1038/952 979/1039/953
f 980/1038/952 946/1040/954 979/1039/953
f 936/1037/951 979/1039/953 935/1041/955
f 979/1039/953 946/1040/954 925/1042/956
f 931/1043/957 979/1039/953 925/1042/956
f 979/1039/953 931/1043/957 935/1041/955
f 938/1022/932 981/1044/958 942/1045/959
f 982/1046/920 983/1047/960 981/1044/958
f 981/1044/958 943/1023/942 942/1045/959
f 983/1047/960 947/1048/961 943/1023/942
f 983/1047/960 948/1049/918 947/1048/961
f 926/1050/921 982/1046/920 937/1051/930
f 982/1046/920 964/1052/919 983/1047/960
f 944/1053/962 954/1026/945 984/1054/963
f 954/1026/945 955/1035/949 984/1054/963
f 984/1054/963 925/1055/956 946/1056/954
f 955/1035/949 949/1057/964 984/1054/963
f 940/1058/965 985/1059/966 941/1060/967
f 985/1059/966 986/1061/968 941/1060/967
f 985/1059/966 957/1017/937 986/1061/968
f 935/1062/955 987/1063/969 936/1064/951
f 987/1063/969 988/1065/970 936/1064/951
f 987/1063/969 959/1004/924 988/1065/970
f 934/1066/971 929/1002/922 987/1063/969
f 925/1067/956 989/1068/972 931/1069/957
f 989/1068/972 961/1003/923 990/1070/973
f 990/1070/973 935/1062/955 931/1069/957
f 961/1003/923 934/1066/971 990/1070/973
f 949/1071/964 928/990/910 989/1068/972
f 933/996/916 964/999/919 962/991/911
f 962/991/911 965/993/913 963/992/912
f 962/991/911 964/999/919 965/993/913
f 965/993/913 964/999/919 966/994/914
f 965/993/913 950/995/915 961/1003/923
f 928/990/910 932/997/917 962/991/911
f 966/994/914 964/999/919 982/1000/920
f 926/1001/921 969/1011/931 967/1009/929
f 929/1002/922 967/1009/929 959/1004/924
f 967/1009/929 968/1005/925 959/1004/924
f 967/1009/929 969/1011/931 968/1005/925
f 968/1005/925 969/1011/931 970/1007/927
f 969/1011/931 937/1010/930 970/1007/927
f 960/1006/926 968/1005/925 951/1008/928
f 929/1002/922 950/995/915 967/1009/929
f 970/1007/927 937/1010/930 938/1012/932
f 956/1016/936 972/1015/935 957/1017/937
f 978/1028/947 977/1027/946 975/1036/950 976/1031/948
f 972/1015/935 971/1014/934 973/1019/939
f 971/1014/934 942/1045/959 973/1019/939
f 958/1018/938 972/1015/935 953/1020/940
f 951/1008/928 971/1014/934 956/1016/936
f 938/1022/932 942/1045/959 971/1014/934
f 973/1019/939 942/1045/959 943/1023/942
f 952/1024/943 976/1031/948 974/1025/944
f 954/1026/945 974/1025/944 975/1036/950
f 974/1025/944 976/1031/948 975/1036/950
f 984/1054/963 946/1056/954 945/1072/974 944/1053/962
f 976/1031/948 947/1073/961 978/1028/947
f 977/1027/946 932/1029/917 955/1035/949
f 930/1021/941 953/1020/940 974/1025/944
f 943/1030/942 947/1073/961 976/1031/948
f 978/1028/947 947/1073/961 948/1032/918
f 975/1036/950 977/1027/946 955/1035/949
f 936/1037/951 940/1058/965 980/1038/952
f 980/1038/952 940/1058/965 941/1060/967
f 941/1060/967 945/1074/974 980/1038/952
f 980/1038/952 945/1074/974 946/1040/954
f 938/1022/932 937/1051/930 981/1044/958
f 937/1051/930 982/1046/920 981/1044/958
f 981/1044/958 983/1047/960 943/1023/942
f 983/1047/960 964/1052/919 948/1049/918
f 945/1074/974 941/1060/967 986/1061/968 944/1053/962
f 984/1054/963 949/1057/964 925/1055/956
f 944/1053/962 930/1021/941 954/1026/945
f 955/1035/949 928/1034/910 949/1057/964
f 956/1016/936 985/1059/966 939/1075/975 951/1008/928
f 940/1058/965 939/1075/975 985/1059/966
f 944/1053/962 986/1061/968 958/1018/938 930/1021/941
f 985/1059/966 956/1016/936 957/1017/937
f 957/1017/937 958/1018/938 986/1061/968
f 940/1076/965 936/1064/951 988/1065/970 939/1075/975
f 939/1075/975 988/1065/970 960/1006/926 951/1008/928
f 935/1062/955 934/1066/971 987/1063/969
f 987/1063/969 929/1002/922 959/1004/924
f 959/1004/924 960/1006/926 988/1065/970
f 931/1069/957 989/1068/972 990/1070/973
f 990/1070/973 934/1066/971 935/1062/955
f 925/1067/956 949/1071/964 989/1068/972
f 989/1068/972 928/990/910 963/992/912
f 989/1068/972 963/992/912 961/1003/923
f 961/1003/923 929/1002/922 934/1066/971
o Cylinder.006
v 0.070257 -0.752878 -0.105617
v 0.094957 -1.047363 -0.061508
v 0.111876 -1.048028 0.009562
v 0.096532 -0.767708 0.026586
v 0.085212 -1.045255 0.066417
v 0.028924 -1.045062 0.109973
v -0.045876 -1.051191 0.094375
v -0.050924 -0.765186 0.084305
v -0.093947 -1.047627 0.050603
v -0.118306 -0.754764 -0.014987
v -0.103624 -1.045509 -0.015492
v -0.019933 -1.049430 -0.105201
v 0.039397 -0.802345 -0.068862
v 0.058923 -0.758753 0.095028
v -0.079038 -0.796481 -0.005176
v -0.020863 -0.760360 -0.101511
v 0.045100 -0.920290 -0.027654
v 0.055429 -0.929793 0.007467
v 0.024190 -0.913517 0.051287
v -0.031721 -0.912935 0.041443
v -0.045498 -0.916022 -0.014030
v -0.005112 -0.913042 -0.051707
v -0.070088 -1.048472 -0.091470
v 0.044628 -0.951752 -0.018829
v 0.011509 -0.948479 0.045802
v -0.035427 -0.954522 0.016209
v -0.017982 -0.956717 -0.033572
vn 0.5681 -0.4405 -0.6951
vn 0.6968 0.2669 -0.6658
vn 0.8636 0.4766 0.1646
vn -0.4786 -0.4929 -0.7266
vn -0.1679 0.0774 -0.9828
vn 0.4467 -0.6534 -0.6111
vn -0.9582 0.1315 -0.2541
vn -0.6744 -0.7052 0.2189
vn -0.0308 -0.8573 0.5138
vn -0.6862 0.0694 0.7241
vn -0.6321 -0.7707 0.0802
vn 0.3752 0.0469 0.9258
vn 0.0536 -0.7725 0.6327
vn 0.5267 -0.7700 0.3600
vn 0.5707 -0.8174 -0.0785
vn 0.9745 0.1752 0.1404
vn 0.7542 0.0887 -0.6507
vn -0.4475 0.4607 0.7665
vn -0.8708 -0.4847 -0.0823
vn -0.0612 -0.8801 -0.4707
vn -0.4963 -0.8302 0.2540
vn -0.9055 0.3605 -0.2238
vn -0.2509 0.3866 -0.8875
vn 0.3668 0.5206 0.7710
vn 0.6436 -0.6813 -0.3486
vn 0.5229 -0.8489 -0.0771
vn 0.2202 -0.7866 0.5769
vt 0.926721 0.928027
vt 0.910815 1.000000
vt 0.714043 0.968138
vt 0.106278 0.500000
vt 0.052636 0.718910
vt 0.011569 0.500000
vt 0.191437 0.718996
vt 0.236045 0.500000
vt 0.430064 0.500000
vt 0.370445 0.706713
vt 0.330552 0.500000
vt 0.566724 0.722351
vt 0.539473 0.500000
vt 0.638611 0.500000
vt 0.728570 0.500000
vt 0.741357 0.696081
vt 0.869639 0.709702
vt 0.990791 0.763033
vt 0.408447 0.970100
vt 0.237608 0.928530
vt 0.544047 0.276618
vt 0.607139 0.431719
vt 0.713659 0.447175
vt 0.914006 0.123390
vt 0.782446 0.081612
vt 0.904330 0.327509
vt 0.225938 1.000000
vt 0.049439 0.970761
vt 0.476506 0.203541
vt 0.367021 0.437252
vt 0.168061 0.472777
vt 0.027086 0.283597
vt 0.123327 0.056956
vt 0.370522 0.047702
vt 0.000000 1.000000
vt 0.000000 0.928027
vt 0.835423 0.500000
vt 0.584797 0.983442
vt 0.973086 0.500000
vt 0.581470 0.182150
vt 0.653477 0.404422
vt 0.654374 0.062334
vt 0.558159 0.142027
vt 0.802899 0.034097
vt 0.924453 0.370539
vt 0.967508 0.234026
s 1
usemtl red_baloon.001
f 1003/1077/976 991/1078/977 994/1079/978
f 1013/1080/979 1012/1081/980 1002/1082/981
f 1011/1083/982 1013/1080/979 1001/1084/983
f 997/1085/984 1010/1086/985 999/1087/986
f 1009/1088/987 996/1089/988 995/1090/989
f 993/1091/990 1008/1092/991 995/1090/989
f 1003/1077/976 1007/1093/992 1012/1094/980
f 1007/1093/992 994/1079/978 1008/1092/991
f 998/1095/993 1010/1086/985 1009/1088/987
f 1010/1086/985 1005/1096/994 1011/1083/982
f 1009/1088/987 1008/1092/991 994/1079/978
f 1001/1097/983 1013/1098/979 1002/1099/981
f 995/1100/989 1015/1101/995 1014/1102/996
f 998/1095/993 1000/1103/997 1005/1096/994
f 1000/1103/997 1006/1104/998 1005/1096/994
f 994/1105/978 991/1106/977 1006/1107/998 1000/1108/997 998/1109/993 1004/1110/999
f 1011/1083/982 1001/1084/983 999/1087/986 1010/1086/985
f 1006/1104/998 991/1111/977 1003/1112/976
f 1013/1080/979 1011/1083/982 1012/1081/980
f 1010/1086/985 997/1085/984 996/1089/988 1009/1088/987
f 1008/1092/991 993/1091/990 992/1113/1000 1007/1093/992
f 995/1090/989 1008/1092/991 1009/1088/987
f 1006/1104/998 1012/1081/980 1011/1083/982 1005/1096/994
f 1003/1077/976 994/1079/978 1007/1093/992
f 1009/1088/987 994/1079/978 1004/1114/999
f 1004/1114/999 998/1095/993 1009/1088/987
f 998/1095/993 1005/1096/994 1010/1086/985
f 1007/1093/992 992/1113/1000 1002/1115/981 1012/1094/980
f 1006/1104/998 1003/1112/976 1012/1081/980
f 1014/1102/996 1015/1101/995 1016/1116/1001 1017/1117/1002
f 1016/1116/1001 1015/1101/995 997/1118/984 999/1119/986
f 996/1120/988 997/1118/984 1015/1101/995
f 1017/1117/1002 1016/1116/1001 1001/1097/983 1002/1099/981
f 992/1121/1000 993/1122/990 1014/1102/996
f 993/1122/990 995/1100/989 1014/1102/996
f 999/1119/986 1001/1097/983 1016/1116/1001
f 1014/1102/996 1017/1117/1002 1002/1099/981 992/1121/1000
f 995/1100/989 996/1120/988 1015/1101/995
o Torus.001
v 0.071284 -0.885438 -0.002913
v 0.045594 -0.893238 0.005825
v 0.066762 -0.902258 0.000077
v 0.040912 -0.890656 -0.019340
v 0.046231 -0.899577 -0.015801
v 0.070854 -0.895357 -0.022093
v 0.055704 -0.890351 -0.047822
v 0.050255 -0.882529 -0.031716
v 0.052207 -0.899806 -0.044881
v 0.027408 -0.897129 -0.033711
v 0.018856 -0.902378 -0.058106
v 0.018854 -0.883288 -0.058109
v 0.009568 -0.890716 -0.040690
v 0.025178 -0.891888 -0.067645
v -0.000721 -0.886130 -0.045156
v 0.000045 -0.899391 -0.045101
v -0.001718 -0.895676 -0.070114
v -0.029469 -0.887754 -0.062181
v -0.022557 -0.892833 -0.033881
v -0.029842 -0.901748 -0.055897
v -0.036115 -0.886390 -0.026282
v -0.029272 -0.899507 -0.032502
v -0.046828 -0.883294 -0.037537
v -0.057275 -0.899582 -0.034545
v -0.060415 -0.890289 -0.035300
v -0.060533 -0.902383 -0.005981
v -0.039274 -0.892833 -0.011740
v -0.044799 -0.899203 -0.006100
v -0.071277 -0.890462 0.002834
v -0.061013 -0.883305 0.002868
v -0.039875 -0.886397 0.027173
v -0.042011 -0.890781 0.007704
v -0.059927 -0.893939 0.044403
v -0.057930 -0.885988 0.038149
v -0.043132 -0.899507 0.019028
v -0.065773 -0.901872 0.012429
v -0.003808 -0.883663 0.069868
v -0.024891 -0.897931 0.039931
v -0.035856 -0.899498 0.062002
v -0.014050 -0.886186 0.048065
v -0.032801 -0.887373 0.066118
v -0.009284 -0.892833 0.046200
v -0.005530 -0.895340 0.076043
v 0.003822 -0.902364 0.066591
v 0.006641 -0.899400 0.051215
v 0.014618 -0.886206 0.049433
v 0.027210 -0.883293 0.061613
v 0.019364 -0.894730 0.043975
v 0.029275 -0.890439 0.071498
v 0.039731 -0.899520 0.063601
v 0.044543 -0.886342 0.027236
v 0.038128 -0.895018 0.029224
v 0.054012 -0.903003 0.031400
v 0.057663 -0.890810 0.051473
v 0.056203 -0.883287 0.036042
v 0.075126 -0.895380 0.017247
v 0.072771 -0.890594 0.022467
vn 0.0927 0.9923 -0.0821
vn -0.4917 0.8393 -0.2319
vn 0.2541 0.9525 0.1678
vn -0.9850 -0.1693 -0.0337
vn -0.5818 -0.7634 0.2806
vn 0.0980 -0.9924 0.0738
vn 0.9158 -0.2268 -0.3314
vn 0.6745 0.7346 -0.0734
vn 0.9382 -0.3147 0.1439
vn -0.7241 0.4558 0.5176
vn 0.6765 0.2646 -0.6873
vn 0.4309 -0.7928 -0.4310
vn 0.3705 -0.9279 -0.0409
vn -0.4236 -0.7348 0.5297
vn 0.0937 -0.9541 -0.2845
vn -0.2420 0.1535 0.9581
vn 0.2869 0.0976 -0.9530
vn -0.4213 0.4317 -0.7976
vn 0.0526 0.9480 -0.3140
vn -0.2200 0.9576 -0.1859
vn 0.3774 0.8852 0.2721
vn 0.0729 0.8547 0.5140
vn 0.3917 -0.8426 0.3696
vn -0.2976 -0.8263 -0.4782
vn 0.0538 -0.8494 0.5249
vn 0.9069 -0.2547 0.3356
vn 0.5078 -0.0934 0.8564
vn -0.9778 0.1986 -0.0669
vn -0.2717 0.9623 -0.0142
vn -0.8127 0.2917 -0.5044
vn -0.2348 -0.9703 -0.0590
vn -0.5715 -0.8149 0.0970
vn -0.6222 -0.6717 -0.4022
vn 0.7456 0.4489 -0.4926
vn 0.9088 -0.4134 -0.0564
vn 0.5203 -0.8454 0.1207
vn 0.3797 -0.9104 -0.1644
vn -0.8173 -0.1841 0.5461
vn 0.5684 -0.3636 -0.7381
vn -0.4370 0.5199 0.7340
vn -0.0255 0.8734 0.4863
vn -0.5454 0.7862 0.2906
vn -0.3885 -0.7096 0.5878
vn 0.2600 0.1291 -0.9570
vn -0.0974 -0.8911 -0.4432
vn -0.1121 -0.2486 0.9621
vn 0.0209 -0.9558 0.2933
vn -0.1337 0.8606 -0.4914
vn 0.2816 0.7600 -0.5857
vn 0.3068 0.2381 0.9215
vn 0.1212 0.9676 0.2216
vn 0.3889 -0.6801 0.6215
vn 0.7644 0.1192 0.6336
vn 0.8385 0.4664 0.2816
vn -0.0401 -0.2052 -0.9779
vn -0.4154 -0.0748 -0.9065
vn -0.6836 -0.3803 -0.6229
vt 0.601639 0.750385
vt 0.418079 0.888433
vt 0.415360 0.684156
vt 0.498321 0.962168
vt 0.486833 0.026549
vt 0.569131 0.130986
vt 0.420705 0.250820
vt 0.557026 0.456650
vt 0.514205 0.631564
vt 0.469938 0.443014
vt 0.583364 0.961132
vt 0.565741 0.000000
vt 0.621355 0.537608
vt 0.620603 0.384922
vt 0.510730 0.323073
vt 0.654872 0.061454
vt 0.705550 0.297613
vt 0.724038 0.963690
vt 0.701278 0.512954
vt 0.820737 0.558589
vt 0.705557 0.702345
vt 0.887872 0.699234
vt 0.893872 0.885968
vt 0.763272 0.865946
vt 0.866092 0.113114
vt 0.824989 0.394979
vt 0.756930 0.111883
vt 0.944940 1.000000
vt 0.843708 1.000000
vt 0.986068 0.539050
vt 0.987479 0.685820
vt 0.911795 0.542516
vt 0.970689 0.300705
vt 0.987727 0.416667
vt 0.908870 0.392166
vt 1.000000 0.833333
vt 0.994596 0.967615
vt 1.000000 0.000000
vt 0.962820 0.109319
vt 0.944940 0.000000
vt 1.000000 0.166667
vt 0.030017 0.392871
vt 0.093120 0.478382
vt 0.012935 0.539050
vt 0.145516 0.088031
vt 0.056189 0.127796
vt 0.169263 0.576218
vt 0.232366 0.638031
vt 0.081714 0.606584
vt 0.157687 0.386529
vt 0.208270 0.000000
vt 0.263247 0.117674
vt 0.233267 0.463966
vt 0.248773 0.308146
vt 0.291705 0.887130
vt 0.195660 0.884248
vt 0.309955 0.536768
vt 0.319215 0.682429
vt 0.338039 0.393100
vt 0.386457 0.525136
vt 0.457792 0.532956
vt 0.659246 1.000000
vt 0.742586 0.000000
vt 0.758989 0.450581
vt 0.843708 0.000000
vt 0.208270 1.000000
vt 0.114592 1.000000
vt 0.083504 0.885381
vt 0.017913 0.685820
vt 0.031277 0.000000
vt 0.012276 0.083333
vt 0.011835 0.300705
vt 0.023893 0.967615
vt 0.305090 1.000000
vt 0.398904 1.000000
vt 0.313992 0.024054
vt 0.401930 0.030527
s 1
usemtl hair.001
f 1025/1123/1003 1068/1124/1004 1072/1125/1005
f 1025/1123/1003 1019/1126/1006 1068/1124/1004
f 1019/1127/1006 1022/1128/1007 1070/1129/1008
f 1023/1130/1009 1018/1131/1010 1073/1132/1011
f 1025/1123/1003 1021/1133/1012 1019/1126/1006
f 1021/1134/1012 1022/1128/1007 1019/1127/1006
f 1024/1135/1013 1025/1123/1003 1018/1131/1010
f 1026/1136/1014 1023/1130/1009 1020/1137/1015
f 1021/1134/1012 1027/1138/1016 1022/1128/1007
f 1028/1139/1017 1026/1136/1014 1020/1137/1015
f 1025/1123/1003 1030/1140/1018 1021/1133/1012
f 1031/1141/1019 1024/1135/1013 1026/1136/1014
f 1035/1142/1020 1029/1143/1021 1031/1141/1019
f 1040/1144/1022 1038/1145/1023 1032/1146/1024
f 1039/1147/1025 1037/1148/1026 1033/1149/1027
f 1038/1145/1023 1044/1150/1028 1036/1151/1029
f 1046/1152/1030 1047/1153/1031 1042/1154/1032
f 1047/1153/1031 1038/1145/1023 1040/1144/1022
f 1043/1155/1033 1053/1156/1034 1041/1157/1035
f 1053/1156/1034 1046/1152/1030 1041/1157/1035
f 1047/1153/1031 1048/1158/1036 1038/1145/1023
f 1048/1158/1036 1049/1159/1037 1038/1145/1023
f 1049/1160/1037 1045/1161/1038 1044/1162/1028
f 1052/1163/1039 1043/1155/1033 1045/1161/1038
f 1053/1164/1034 1050/1165/1040 1046/1166/1030
f 1055/1167/1041 1053/1164/1034 1052/1168/1039
f 1058/1169/1042 1054/1170/1043 1051/1171/1044
f 1056/1172/1045 1050/1165/1040 1053/1164/1034
f 1059/1173/1046 1062/1174/1047 1055/1167/1041
f 1056/1172/1045 1060/1175/1048 1058/1169/1042
f 1062/1174/1047 1061/1176/1049 1055/1167/1041
f 1054/1170/1043 1063/1177/1050 1057/1178/1051
f 1066/1179/1052 1064/1180/1053 1054/1170/1043
f 1064/1180/1053 1063/1177/1050 1054/1170/1043
f 1067/1181/1054 1066/1179/1052 1060/1175/1048
f 1070/1129/1008 1061/1176/1049 1062/1174/1047
f 1067/1181/1054 1071/1182/1055 1066/1179/1052
f 1070/1129/1008 1067/1181/1054 1061/1176/1049
f 1073/1132/1011 1071/1182/1055 1067/1181/1054
f 1073/1132/1011 1074/1183/1056 1071/1182/1055
f 1074/1183/1056 1018/1131/1010 1072/1125/1005
f 1020/1137/1015 1073/1132/1011 1070/1129/1008
f 1018/1131/1010 1025/1123/1003 1072/1125/1005
f 1028/1139/1017 1020/1137/1015 1022/1128/1007 1027/1138/1016
f 1070/1129/1008 1022/1128/1007 1020/1137/1015
f 1020/1137/1015 1023/1130/1009 1073/1132/1011
f 1023/1130/1009 1024/1135/1013 1018/1131/1010
f 1023/1130/1009 1026/1136/1014 1024/1135/1013
f 1025/1123/1003 1024/1135/1013 1031/1141/1019 1029/1143/1021
f 1035/1142/1020 1037/1148/1026 1041/1157/1035 1042/1154/1032
f 1021/1133/1012 1030/1140/1018 1027/1184/1016
f 1026/1136/1014 1028/1139/1017 1031/1141/1019
f 1029/1143/1021 1032/1146/1024 1025/1123/1003
f 1025/1123/1003 1032/1146/1024 1030/1140/1018
f 1027/1138/1016 1033/1149/1027 1028/1139/1017
f 1027/1138/1016 1030/1185/1018 1033/1149/1027
f 1028/1139/1017 1034/1186/1057 1031/1141/1019
f 1034/1186/1057 1035/1142/1020 1031/1141/1019
f 1028/1139/1017 1037/1148/1026 1034/1186/1057
f 1035/1142/1020 1040/1144/1022 1029/1143/1021
f 1029/1143/1021 1040/1144/1022 1032/1146/1024
f 1032/1146/1024 1036/1151/1029 1030/1140/1018
f 1030/1185/1018 1036/1187/1029 1033/1149/1027
f 1033/1149/1027 1037/1148/1026 1028/1139/1017
f 1037/1148/1026 1035/1142/1020 1034/1186/1057
f 1032/1146/1024 1038/1145/1023 1036/1151/1029
f 1036/1187/1029 1039/1147/1025 1033/1149/1027
f 1035/1142/1020 1042/1154/1032 1040/1144/1022
f 1039/1147/1025 1043/1155/1033 1037/1148/1026
f 1037/1148/1026 1043/1155/1033 1041/1157/1035
f 1039/1147/1025 1036/1187/1029 1044/1162/1028 1045/1161/1038
f 1059/1188/1046 1055/1189/1041 1048/1190/1036 1057/1178/1051
f 1039/1147/1025 1045/1161/1038 1043/1155/1033
f 1042/1154/1032 1047/1153/1031 1040/1144/1022
f 1038/1145/1023 1049/1159/1037 1044/1150/1028
f 1041/1157/1035 1046/1152/1030 1042/1154/1032
f 1046/1166/1030 1051/1171/1044 1047/1191/1031
f 1049/1192/1037 1052/1168/1039 1045/1193/1038
f 1052/1168/1039 1053/1164/1034 1043/1194/1033
f 1050/1165/1040 1051/1171/1044 1046/1166/1030
f 1048/1190/1036 1055/1189/1041 1049/1195/1037
f 1049/1192/1037 1055/1167/1041 1052/1168/1039
f 1051/1171/1044 1054/1170/1043 1047/1191/1031
f 1047/1191/1031 1054/1170/1043 1048/1190/1036
f 1050/1165/1040 1058/1169/1042 1051/1171/1044
f 1054/1170/1043 1057/1178/1051 1048/1190/1036
f 1065/1196/1058 1063/1177/1050 1068/1124/1004 1069/1197/1059
f 1055/1167/1041 1061/1176/1049 1053/1164/1034
f 1053/1164/1034 1061/1176/1049 1056/1172/1045
f 1056/1172/1045 1058/1169/1042 1050/1165/1040
f 1056/1172/1045 1061/1176/1049 1060/1175/1048
f 1060/1175/1048 1054/1170/1043 1058/1169/1042
f 1057/1178/1051 1063/1177/1050 1059/1188/1046
f 1060/1175/1048 1066/1179/1052 1054/1170/1043
f 1063/1177/1050 1065/1196/1058 1059/1188/1046
f 1059/1173/1046 1065/1198/1058 1062/1174/1047
f 1061/1176/1049 1067/1181/1054 1060/1175/1048
f 1064/1180/1053 1068/1124/1004 1063/1177/1050
f 1064/1180/1053 1066/1179/1052 1071/1182/1055 1072/1125/1005
f 1065/1198/1058 1070/1129/1008 1062/1174/1047
f 1065/1198/1058 1069/1199/1059 1070/1129/1008
f 1064/1180/1053 1072/1125/1005 1068/1124/1004
f 1070/1129/1008 1073/1132/1011 1067/1181/1054
f 1071/1182/1055 1074/1183/1056 1072/1125/1005
f 1068/1124/1004 1019/1126/1006 1069/1197/1059
f 1069/1199/1059 1019/1127/1006 1070/1129/1008
f 1073/1132/1011 1018/1131/1010 1074/1183/1056
