# Blender 4.3.2
# www.blender.org
mtllib GloboVerde.mtl
o BezierCurve.001
v 0.003795 -0.905639 0.057312
v 0.003747 -0.907833 0.058258
v 0.003650 -0.909259 0.060173
v 0.003529 -0.909535 0.062543
v 0.003418 -0.908588 0.064734
v 0.003345 -0.906670 0.066158
v 0.003331 -0.904297 0.066434
v 0.003379 -0.902104 0.065487
v 0.003477 -0.900678 0.063573
v 0.003597 -0.900402 0.061202
v 0.003709 -0.901349 0.059012
v 0.003781 -0.903266 0.057588
v 0.051764 -1.309184 0.092728
v 0.051573 -1.308333 0.090504
v 0.050293 -1.308021 0.088510
v 0.048268 -1.308333 0.087282
v 0.046039 -1.309184 0.087148
v 0.044205 -1.310347 0.088144
v 0.043256 -1.311509 0.090003
v 0.043448 -1.312361 0.092227
v 0.044727 -1.312672 0.094220
v 0.046753 -1.312361 0.095449
v 0.048981 -1.311510 0.095583
v 0.050816 -1.310347 0.094587
v 0.051764 -1.309184 0.092728
v 0.051573 -1.308333 0.090504
v 0.050293 -1.308021 0.088510
v 0.048268 -1.308333 0.087282
v 0.046039 -1.309184 0.087148
v 0.044205 -1.310347 0.088144
v 0.043256 -1.311509 0.090003
v 0.043448 -1.312361 0.092227
v 0.044727 -1.312672 0.094220
v 0.046753 -1.312361 0.095449
v 0.048981 -1.311510 0.095583
v 0.050816 -1.310347 0.094587
v 0.043164 -1.284865 0.101498
v 0.043034 -1.284185 0.099211
v 0.041778 -1.283939 0.097193
v 0.039732 -1.284195 0.095985
v 0.037445 -1.284884 0.095911
v 0.035530 -1.285820 0.096989
v 0.034499 -1.286754 0.098932
v 0.034630 -1.287434 0.101219
v 0.035886 -1.287680 0.103236
v 0.037931 -1.287424 0.104444
v 0.040218 -1.286735 0.104519
v 0.042133 -1.285799 0.103440
v 0.035997 -1.258402 0.108696
v 0.035907 -1.257867 0.106369
v 0.034667 -1.257678 0.104336
v 0.032608 -1.257887 0.103141
v 0.030283 -1.258437 0.103104
v 0.028315 -1.259181 0.104236
v 0.027231 -1.259919 0.106233
v 0.027321 -1.260454 0.108560
v 0.028561 -1.260643 0.110593
v 0.030620 -1.260434 0.111788
v 0.032944 -1.259884 0.111825
v 0.034913 -1.259140 0.110693
v 0.030136 -1.230571 0.114466
v 0.030071 -1.230154 0.112114
v 0.028840 -1.230012 0.110071
v 0.026774 -1.230183 0.108884
v 0.024425 -1.230621 0.108871
v 0.022424 -1.231209 0.110036
v 0.021305 -1.231789 0.112066
v 0.021370 -1.232206 0.114418
v 0.022601 -1.232348 0.116461
v 0.024667 -1.232177 0.117648
v 0.027016 -1.231739 0.117661
v 0.029018 -1.231151 0.116496
v 0.025451 -1.202161 0.118952
v 0.025402 -1.201841 0.116585
v 0.024178 -1.201737 0.114536
v 0.022107 -1.201878 0.113354
v 0.019743 -1.202226 0.113355
v 0.017720 -1.202687 0.114540
v 0.016580 -1.203138 0.116591
v 0.016629 -1.203458 0.118958
v 0.017853 -1.203561 0.121008
v 0.019925 -1.203421 0.122190
v 0.022288 -1.203073 0.122188
v 0.024311 -1.202612 0.121003
v 0.021811 -1.173959 0.122302
v 0.021773 -1.173719 0.119925
v 0.020553 -1.173648 0.117872
v 0.018478 -1.173764 0.116693
v 0.016105 -1.174038 0.116704
v 0.014068 -1.174394 0.117901
v 0.012914 -1.174739 0.119965
v 0.012953 -1.174978 0.122342
v 0.014173 -1.175050 0.124395
v 0.016247 -1.174933 0.125574
v 0.018621 -1.174660 0.125564
v 0.020657 -1.174303 0.124366
v 0.019082 -1.146749 0.124665
v 0.019051 -1.146577 0.122282
v 0.017834 -1.146534 0.120227
v 0.015757 -1.146632 0.119049
v 0.013377 -1.146843 0.119065
v 0.011332 -1.147113 0.120270
v 0.010169 -1.147368 0.122342
v 0.010200 -1.147540 0.124725
v 0.011417 -1.147583 0.126780
v 0.013494 -1.147486 0.127958
v 0.015874 -1.147274 0.127942
v 0.017919 -1.147004 0.126737
v 0.017129 -1.121317 0.126191
v 0.017103 -1.121203 0.123805
v 0.015888 -1.121185 0.121747
v 0.013810 -1.121268 0.120571
v 0.011426 -1.121428 0.120590
v 0.009375 -1.121624 0.121800
v 0.008206 -1.121803 0.123876
v 0.008233 -1.121917 0.126262
v 0.009448 -1.121935 0.128319
v 0.011526 -1.121852 0.129496
v 0.013910 -1.121692 0.129477
v 0.015961 -1.121496 0.128267
v 0.015818 -1.098444 0.127031
v 0.015794 -1.098382 0.124643
v 0.014580 -1.098388 0.122584
v 0.012502 -1.098460 0.121408
v 0.010116 -1.098578 0.121429
v 0.008061 -1.098711 0.122641
v 0.006888 -1.098823 0.124720
v 0.006912 -1.098884 0.127108
v 0.008126 -1.098879 0.129166
v 0.010204 -1.098807 0.130342
v 0.012591 -1.098689 0.130322
v 0.014645 -1.098556 0.129110
v 0.015012 -1.078910 0.127336
v 0.014990 -1.078898 0.124947
v 0.013778 -1.078929 0.122889
v 0.011699 -1.078996 0.121712
v 0.009311 -1.079079 0.121734
v 0.007254 -1.079157 0.122947
v 0.006079 -1.079208 0.125026
v 0.006101 -1.079220 0.127415
v 0.007313 -1.079189 0.129474
v 0.009392 -1.079123 0.130650
v 0.011780 -1.079040 0.130629
v 0.013837 -1.078962 0.129416
v 0.014576 -1.063492 0.127258
v 0.014555 -1.063534 0.124869
v 0.013344 -1.063598 0.122811
v 0.011265 -1.063668 0.121635
v 0.008877 -1.063725 0.121656
v 0.006818 -1.063753 0.122869
v 0.005641 -1.063745 0.124948
v 0.005661 -1.063703 0.127337
v 0.006873 -1.063639 0.129395
v 0.008952 -1.063569 0.130571
v 0.011340 -1.063512 0.130550
v 0.013399 -1.063484 0.129338
v 0.014372 -1.052937 0.126947
v 0.014354 -1.053068 0.124562
v 0.013144 -1.053206 0.122506
v 0.011066 -1.053314 0.121331
v 0.008678 -1.053361 0.121352
v 0.006618 -1.053337 0.122563
v 0.005439 -1.053247 0.124639
v 0.005457 -1.053115 0.127025
v 0.006667 -1.052977 0.129080
v 0.008745 -1.052870 0.130255
v 0.011134 -1.052822 0.130234
v 0.013193 -1.052847 0.129024
v 0.014261 -1.047894 0.126533
v 0.014251 -1.048296 0.124178
v 0.013049 -1.048687 0.122151
v 0.010976 -1.048964 0.120995
v 0.008588 -1.049052 0.121021
v 0.006526 -1.048928 0.122220
v 0.005341 -1.048624 0.124273
v 0.005351 -1.048223 0.126628
v 0.006553 -1.047831 0.128655
v 0.008626 -1.047554 0.129811
v 0.011014 -1.047466 0.129785
v 0.013076 -1.047591 0.128586
v 0.013518 -1.034652 0.123062
v 0.013521 -1.035326 0.120769
v 0.012330 -1.035970 0.118801
v 0.010265 -1.036410 0.117683
v 0.007879 -1.036529 0.117715
v 0.005811 -1.036295 0.118889
v 0.004616 -1.035771 0.120891
v 0.004613 -1.035097 0.123183
v 0.005804 -1.034454 0.125152
v 0.007869 -1.034013 0.126270
v 0.010255 -1.033894 0.126237
v 0.012323 -1.034128 0.125063
v 0.012769 -1.020125 0.118324
v 0.012778 -1.020910 0.116068
v 0.011591 -1.021644 0.114128
v 0.009528 -1.022129 0.113024
v 0.007142 -1.022236 0.113053
v 0.005071 -1.021936 0.114206
v 0.003870 -1.021309 0.116174
v 0.003862 -1.020524 0.118431
v 0.005048 -1.019791 0.120371
v 0.007111 -1.019306 0.121474
v 0.009498 -1.019199 0.121446
v 0.011569 -1.019499 0.120293
v 0.012052 -1.004662 0.112598
v 0.012064 -1.005523 0.110369
v 0.010880 -1.006316 0.108451
v 0.008819 -1.006828 0.107357
v 0.006432 -1.006922 0.107381
v 0.004358 -1.006574 0.108516
v 0.003154 -1.005875 0.110458
v 0.003143 -1.005014 0.112687
v 0.004326 -1.004221 0.114605
v 0.006388 -1.003709 0.115699
v 0.008775 -1.003615 0.115675
v 0.010849 -1.003964 0.114540
v 0.011411 -0.988750 0.106186
v 0.011425 -0.989666 0.103980
v 0.010243 -0.990500 0.102078
v 0.008182 -0.991027 0.100990
v 0.005794 -0.991107 0.101008
v 0.003719 -0.990718 0.102127
v 0.002513 -0.989965 0.104048
v 0.002499 -0.989049 0.106254
v 0.003681 -0.988215 0.108156
v 0.005742 -0.987688 0.109244
v 0.008130 -0.987608 0.109226
v 0.010205 -0.987997 0.108107
v 0.010888 -0.972880 0.099396
v 0.010904 -0.973838 0.097207
v 0.009723 -0.974698 0.095317
v 0.007662 -0.975231 0.094232
v 0.005273 -0.975294 0.094243
v 0.003197 -0.974869 0.095346
v 0.001990 -0.974071 0.097248
v 0.001975 -0.973114 0.099436
v 0.003156 -0.972253 0.101327
v 0.005216 -0.971720 0.102412
v 0.007605 -0.971658 0.102401
v 0.009681 -0.972082 0.101297
v 0.010529 -0.957545 0.092533
v 0.010545 -0.958535 0.090359
v 0.009364 -0.959413 0.088476
v 0.007303 -0.959943 0.087390
v 0.004914 -0.959983 0.087391
v 0.002838 -0.959523 0.088479
v 0.001629 -0.958686 0.090362
v 0.001613 -0.957696 0.092537
v 0.002794 -0.956818 0.094419
v 0.004855 -0.956288 0.095506
v 0.007244 -0.956248 0.095505
v 0.009321 -0.956708 0.094417
v 0.010376 -0.943242 0.085906
v 0.010392 -0.944258 0.083744
v 0.009212 -0.945143 0.081864
v 0.007151 -0.945659 0.080772
v 0.004762 -0.945669 0.080758
v 0.002684 -0.945170 0.081828
v 0.001476 -0.944295 0.083694
v 0.001459 -0.943279 0.085857
v 0.002640 -0.942394 0.087736
v 0.004701 -0.941878 0.088829
v 0.007090 -0.941868 0.088842
v 0.009167 -0.942367 0.087772
v 0.010473 -0.930475 0.079825
v 0.010489 -0.931512 0.077673
v 0.009308 -0.932392 0.075791
v 0.007248 -0.932880 0.074685
v 0.004859 -0.932844 0.074650
v 0.002782 -0.932295 0.075696
v 0.001574 -0.931379 0.077543
v 0.001558 -0.930342 0.079695
v 0.002738 -0.929462 0.081577
v 0.004799 -0.928974 0.082683
v 0.007188 -0.929010 0.082718
v 0.009265 -0.929559 0.081672
v 0.010860 -0.919765 0.074611
v 0.010875 -0.920819 0.072467
v 0.009695 -0.921675 0.070574
v 0.007637 -0.922105 0.069439
v 0.005251 -0.921993 0.069367
v 0.003178 -0.921369 0.070377
v 0.001972 -0.920401 0.072198
v 0.001957 -0.919347 0.074342
v 0.003136 -0.918490 0.076235
v 0.005194 -0.918060 0.077370
v 0.007580 -0.918172 0.077442
v 0.009654 -0.918796 0.076432
v 0.011560 -0.911703 0.070619
v 0.011574 -0.912770 0.068481
v 0.010402 -0.913557 0.066554
v 0.008357 -0.913854 0.065354
v 0.005988 -0.913581 0.065202
v 0.003930 -0.912812 0.066140
v 0.002733 -0.911752 0.067916
v 0.002719 -0.910686 0.070054
v 0.003892 -0.909898 0.071981
v 0.005936 -0.909601 0.073181
v 0.008305 -0.909874 0.073333
v 0.010364 -0.910643 0.072395
v 0.012350 -0.907384 0.068454
v 0.012363 -0.908453 0.066317
v 0.011277 -0.908959 0.064250
v 0.009383 -0.908768 0.062806
v 0.007188 -0.907929 0.062374
v 0.005280 -0.906669 0.063067
v 0.004171 -0.905324 0.064701
v 0.004158 -0.904255 0.066838
v 0.005244 -0.903749 0.068905
v 0.007138 -0.903940 0.070348
v 0.009333 -0.904778 0.070781
v 0.011241 -0.906039 0.070088
v 0.013556 -0.905900 0.067900
v 0.012984 -0.907699 0.066436
v 0.011560 -0.908629 0.064758
v 0.009664 -0.908439 0.063316
v 0.007805 -0.907181 0.062497
v 0.006480 -0.905193 0.062520
v 0.006046 -0.903006 0.063379
v 0.006618 -0.901207 0.064844
v 0.008042 -0.900278 0.066522
v 0.009938 -0.900468 0.067964
v 0.011797 -0.901725 0.068783
v 0.013122 -0.903714 0.068759
v 0.014277 -0.905073 0.063800
v 0.013432 -0.907278 0.064165
v 0.011658 -0.908729 0.064839
v 0.009428 -0.909037 0.065640
v 0.007340 -0.908119 0.066354
v 0.005955 -0.906222 0.066789
v 0.005642 -0.903854 0.066829
v 0.006486 -0.901649 0.066463
v 0.008261 -0.900198 0.065790
v 0.010491 -0.899890 0.064989
v 0.012578 -0.900807 0.064275
v 0.013964 -0.902705 0.063840
v 0.009587 -0.905178 0.060107
v 0.009226 -0.907368 0.060990
v 0.008469 -0.908787 0.062757
v 0.007519 -0.909056 0.064933
v 0.006632 -0.908101 0.066936
v 0.006045 -0.906179 0.068228
v 0.005914 -0.903805 0.068464
v 0.006276 -0.901615 0.067580
v 0.007033 -0.900196 0.065814
v 0.007982 -0.899927 0.063638
v 0.008870 -0.900882 0.061635
v 0.009457 -0.902804 0.060343
v 0.005322 -0.905221 0.058357
v 0.004977 -0.907411 0.059248
v 0.004257 -0.908830 0.061030
v 0.003355 -0.909098 0.063226
v 0.002514 -0.908143 0.065248
v 0.001958 -0.906221 0.066554
v 0.001836 -0.903846 0.066794
v 0.002181 -0.901657 0.065903
v 0.002901 -0.900237 0.064121
v 0.003803 -0.899970 0.061924
v 0.004644 -0.900925 0.059902
v 0.005200 -0.902847 0.058597
v -0.000363 -0.905274 0.056008
v -0.000719 -0.907464 0.056894
v -0.001460 -0.908883 0.058668
v -0.002386 -0.909151 0.060854
v -0.003249 -0.908196 0.062867
v -0.003819 -0.906274 0.064167
v -0.003942 -0.903900 0.064406
v -0.003585 -0.901710 0.063520
v -0.002845 -0.900291 0.061746
v -0.001918 -0.900023 0.059560
v -0.001055 -0.900977 0.057547
v -0.000486 -0.902899 0.056247
v -0.007145 -0.905333 0.053050
v -0.007524 -0.907523 0.053926
v -0.008310 -0.908943 0.055680
v -0.009291 -0.909211 0.057842
v -0.010204 -0.908257 0.059832
v -0.010806 -0.906335 0.061119
v -0.010934 -0.903961 0.061355
v -0.010554 -0.901771 0.060479
v -0.009768 -0.900351 0.058726
v -0.008787 -0.900083 0.056563
v -0.007874 -0.901037 0.054573
v -0.007273 -0.902959 0.053287
v -0.014632 -0.905395 0.049504
v -0.015045 -0.907586 0.050365
v -0.015894 -0.909006 0.052088
v -0.016954 -0.909275 0.054212
v -0.017940 -0.908321 0.056169
v -0.018588 -0.906400 0.057433
v -0.018724 -0.904026 0.057666
v -0.018311 -0.901836 0.056805
v -0.017462 -0.900415 0.055082
v -0.016402 -0.900146 0.052958
v -0.015416 -0.901100 0.051001
v -0.014768 -0.903021 0.049737
v -0.022419 -0.905458 0.045403
v -0.022874 -0.907648 0.046240
v -0.023809 -0.909069 0.047918
v -0.024974 -0.909339 0.049987
v -0.026056 -0.908386 0.051892
v -0.026765 -0.906465 0.053123
v -0.026912 -0.904091 0.053351
v -0.026456 -0.901901 0.052513
v -0.025521 -0.900480 0.050835
v -0.024357 -0.900210 0.048767
v -0.023275 -0.901163 0.046861
v -0.022566 -0.903084 0.045630
v -0.030090 -0.905516 0.040785
v -0.030601 -0.907707 0.041589
v -0.031647 -0.909129 0.043199
v -0.032947 -0.909400 0.045185
v -0.034154 -0.908448 0.047015
v -0.034943 -0.906528 0.048197
v -0.035104 -0.904154 0.048416
v -0.034593 -0.901962 0.047612
v -0.033547 -0.900541 0.046002
v -0.032247 -0.900270 0.044016
v -0.031040 -0.901222 0.042186
v -0.030251 -0.903142 0.041004
v -0.037226 -0.905566 0.035706
v -0.037809 -0.907758 0.036458
v -0.038997 -0.909181 0.037966
v -0.040473 -0.909453 0.039825
v -0.041840 -0.908502 0.041538
v -0.042733 -0.906583 0.042645
v -0.042913 -0.904209 0.042851
v -0.042330 -0.902017 0.042099
v -0.041142 -0.900595 0.040592
v -0.039666 -0.900322 0.038732
v -0.038299 -0.901273 0.037019
v -0.037406 -0.903193 0.035912
v -0.043410 -0.905606 0.030246
v -0.044083 -0.907798 0.030916
v -0.045452 -0.909222 0.032261
v -0.047150 -0.909496 0.033919
v -0.048722 -0.908546 0.035448
v -0.049746 -0.906628 0.036437
v -0.049949 -0.904254 0.036621
v -0.049275 -0.902062 0.035951
v -0.047906 -0.900638 0.034607
v -0.046209 -0.900364 0.032948
v -0.044637 -0.901314 0.031420
v -0.043613 -0.903233 0.030431
v -0.048245 -0.905631 0.024524
v -0.049026 -0.907824 0.025061
v -0.050611 -0.909249 0.026142
v -0.052573 -0.909525 0.027476
v -0.054388 -0.908576 0.028707
v -0.055569 -0.906658 0.029504
v -0.055800 -0.904285 0.029654
v -0.055019 -0.902092 0.029117
v -0.053434 -0.900667 0.028036
v -0.051471 -0.900392 0.026701
v -0.049656 -0.901340 0.025471
v -0.048475 -0.903258 0.024674
v -0.051396 -0.905640 0.018726
v -0.052288 -0.907833 0.019047
v -0.054092 -0.909259 0.019694
v -0.056326 -0.909535 0.020495
v -0.058391 -0.908587 0.021235
v -0.059734 -0.906670 0.021714
v -0.059994 -0.904297 0.021806
v -0.059103 -0.902103 0.021485
v -0.057298 -0.900678 0.020837
v -0.055064 -0.900402 0.020036
v -0.052999 -0.901349 0.019297
v -0.051656 -0.903267 0.018817
v -0.052175 -0.905639 0.014676
v -0.053119 -0.907833 0.014747
v -0.055031 -0.909259 0.014891
v -0.057398 -0.909535 0.015069
v -0.059585 -0.908588 0.015233
v -0.061007 -0.906670 0.015339
v -0.061282 -0.904297 0.015360
v -0.060337 -0.902104 0.015289
v -0.058426 -0.900678 0.015146
v -0.056059 -0.900402 0.014968
v -0.053872 -0.901349 0.014804
v -0.052450 -0.903266 0.014697
v -0.051906 -0.905639 0.009075
v -0.052846 -0.907833 0.008960
v -0.054749 -0.909259 0.008727
v -0.057105 -0.909535 0.008439
v -0.059282 -0.908588 0.008172
v -0.060697 -0.906670 0.007999
v -0.060971 -0.904297 0.007965
v -0.060031 -0.902104 0.008080
v -0.058128 -0.900678 0.008313
v -0.055772 -0.900402 0.008602
v -0.053595 -0.901349 0.008868
v -0.052180 -0.903266 0.009042
v -0.050518 -0.905639 0.002231
v -0.051435 -0.907833 0.001992
v -0.053290 -0.909259 0.001507
v -0.055586 -0.909535 0.000908
v -0.057708 -0.908588 0.000354
v -0.059088 -0.906670 -0.000006
v -0.059355 -0.904297 -0.000076
v -0.058439 -0.902104 0.000163
v -0.056583 -0.900678 0.000648
v -0.054287 -0.900402 0.001247
v -0.052165 -0.901349 0.001801
v -0.050785 -0.903266 0.002161
v -0.048056 -0.905639 -0.005406
v -0.048944 -0.907833 -0.005737
v -0.050740 -0.909259 -0.006408
v -0.052963 -0.909535 -0.007239
v -0.055018 -0.908588 -0.008006
v -0.056353 -0.906670 -0.008505
v -0.056612 -0.904297 -0.008602
v -0.055725 -0.902104 -0.008270
v -0.053929 -0.900678 -0.007599
v -0.051705 -0.900402 -0.006769
v -0.049651 -0.901349 -0.006001
v -0.048315 -0.903266 -0.005502
v -0.044621 -0.905639 -0.013450
v -0.045476 -0.907833 -0.013858
v -0.047207 -0.909259 -0.014684
v -0.049349 -0.909535 -0.015706
v -0.051328 -0.908588 -0.016651
v -0.052615 -0.906670 -0.017265
v -0.052864 -0.904297 -0.017384
v -0.052009 -0.902104 -0.016976
v -0.050279 -0.900678 -0.016150
v -0.048137 -0.900402 -0.015128
v -0.046157 -0.901349 -0.014183
v -0.044871 -0.903266 -0.013569
v -0.040331 -0.905639 -0.021553
v -0.041149 -0.907833 -0.022031
v -0.042804 -0.909259 -0.022998
v -0.044853 -0.909535 -0.024195
v -0.046747 -0.908588 -0.025302
v -0.047978 -0.906670 -0.026021
v -0.048217 -0.904297 -0.026160
v -0.047399 -0.902104 -0.025682
v -0.045743 -0.900678 -0.024715
v -0.043694 -0.900402 -0.023518
v -0.041800 -0.901349 -0.022412
v -0.040569 -0.903266 -0.021692
v -0.035310 -0.905639 -0.029379
v -0.036083 -0.907833 -0.029926
v -0.037649 -0.909259 -0.031033
v -0.039586 -0.909535 -0.032404
v -0.041376 -0.908588 -0.033671
v -0.042540 -0.906670 -0.034495
v -0.042766 -0.904297 -0.034654
v -0.041993 -0.902104 -0.034107
v -0.040427 -0.900678 -0.033000
v -0.038490 -0.900402 -0.031629
v -0.036699 -0.901349 -0.030362
v -0.035536 -0.903266 -0.029538
v -0.029695 -0.905639 -0.036601
v -0.030412 -0.907833 -0.037221
v -0.031861 -0.909259 -0.038476
v -0.033655 -0.909535 -0.040030
v -0.035313 -0.908588 -0.041466
v -0.036391 -0.906670 -0.042399
v -0.036599 -0.904297 -0.042580
v -0.035883 -0.902104 -0.041960
v -0.034434 -0.900678 -0.040705
v -0.032640 -0.900402 -0.039151
v -0.030982 -0.901349 -0.037715
v -0.029904 -0.903266 -0.036781
v -0.023637 -0.905639 -0.042897
v -0.024275 -0.907833 -0.043597
v -0.025567 -0.909259 -0.045014
v -0.027165 -0.909535 -0.046768
v -0.028643 -0.908588 -0.048389
v -0.029603 -0.906670 -0.049443
v -0.029789 -0.904297 -0.049647
v -0.029151 -0.902104 -0.048947
v -0.027860 -0.900678 -0.047530
v -0.026261 -0.900402 -0.045776
v -0.024784 -0.901349 -0.044155
v -0.023823 -0.903266 -0.043101
v -0.017307 -0.905639 -0.047961
v -0.017834 -0.907833 -0.048748
v -0.018900 -0.909259 -0.050341
v -0.020220 -0.909535 -0.052314
v -0.021440 -0.908588 -0.054137
v -0.022233 -0.906670 -0.055322
v -0.022387 -0.904297 -0.055551
v -0.021860 -0.902104 -0.054764
v -0.020793 -0.900678 -0.053170
v -0.019473 -0.900402 -0.051198
v -0.018253 -0.901349 -0.049375
v -0.017460 -0.903266 -0.048190
v -0.010900 -0.905639 -0.051521
v -0.011265 -0.907833 -0.052395
v -0.012004 -0.909259 -0.054165
v -0.012918 -0.909535 -0.056355
v -0.013763 -0.908588 -0.058379
v -0.014312 -0.906670 -0.059695
v -0.014419 -0.904297 -0.059950
v -0.014054 -0.902104 -0.059075
v -0.013315 -0.900678 -0.057306
v -0.012401 -0.900402 -0.055116
v -0.011556 -0.901349 -0.053092
v -0.011007 -0.903266 -0.051776
v -0.004652 -0.905639 -0.053379
v -0.004778 -0.907833 -0.054318
v -0.005035 -0.909259 -0.056218
v -0.005352 -0.909535 -0.058570
v -0.005646 -0.908588 -0.060743
v -0.005836 -0.906670 -0.062157
v -0.005873 -0.904297 -0.062430
v -0.005747 -0.902104 -0.061491
v -0.005490 -0.900678 -0.059591
v -0.005173 -0.900402 -0.057239
v -0.004879 -0.901349 -0.055066
v -0.004689 -0.903266 -0.053653
v -0.000189 -0.905639 -0.053277
v -0.000072 -0.907833 -0.054217
v 0.000164 -0.909259 -0.056120
v 0.000456 -0.909535 -0.058475
v 0.000726 -0.908588 -0.060652
v 0.000901 -0.906670 -0.062067
v 0.000935 -0.904297 -0.062341
v 0.000819 -0.902104 -0.061401
v 0.000583 -0.900678 -0.059498
v 0.000291 -0.900402 -0.057143
v 0.000021 -0.901349 -0.054966
v -0.000155 -0.903266 -0.053551
v 0.006110 -0.905639 -0.051786
v 0.006385 -0.907833 -0.052693
v 0.006941 -0.909259 -0.054528
v 0.007629 -0.909535 -0.056799
v 0.008265 -0.908588 -0.058898
v 0.008679 -0.906670 -0.060263
v 0.008759 -0.904297 -0.060527
v 0.008484 -0.902104 -0.059620
v 0.007928 -0.900678 -0.057785
v 0.007240 -0.900402 -0.055514
v 0.006604 -0.901349 -0.053415
v 0.006190 -0.903266 -0.052050
v 0.013699 -0.905639 -0.048937
v 0.014073 -0.907833 -0.049808
v 0.014830 -0.909259 -0.051569
v 0.015766 -0.909535 -0.053750
v 0.016632 -0.908588 -0.055765
v 0.017194 -0.906670 -0.057075
v 0.017303 -0.904297 -0.057329
v 0.016929 -0.902104 -0.056459
v 0.016173 -0.900678 -0.054697
v 0.015236 -0.900402 -0.052516
v 0.014371 -0.901349 -0.050501
v 0.013808 -0.903266 -0.049191
v 0.021992 -0.905639 -0.044902
v 0.022440 -0.907833 -0.045736
v 0.023348 -0.909259 -0.047425
v 0.024471 -0.909535 -0.049516
v 0.025510 -0.908588 -0.051448
v 0.026185 -0.906670 -0.052704
v 0.026315 -0.904297 -0.052947
v 0.025867 -0.902104 -0.052112
v 0.024959 -0.900678 -0.050424
v 0.023836 -0.900402 -0.048333
v 0.022798 -0.901349 -0.046401
v 0.022123 -0.903266 -0.045145
v 0.030496 -0.905639 -0.039879
v 0.031009 -0.907833 -0.040675
v 0.032049 -0.909259 -0.042286
v 0.033336 -0.909535 -0.044280
v 0.034526 -0.908588 -0.046123
v 0.035299 -0.906670 -0.047321
v 0.035449 -0.904297 -0.047553
v 0.034935 -0.902104 -0.046757
v 0.033895 -0.900678 -0.045146
v 0.032608 -0.900402 -0.043152
v 0.031419 -0.901349 -0.041309
v 0.030645 -0.903266 -0.040111
v 0.038749 -0.905639 -0.034076
v 0.039327 -0.907833 -0.034827
v 0.040498 -0.909259 -0.036345
v 0.041946 -0.909535 -0.038225
v 0.043285 -0.908588 -0.039962
v 0.044156 -0.906670 -0.041092
v 0.044324 -0.904297 -0.041310
v 0.043746 -0.902104 -0.040560
v 0.042576 -0.900678 -0.039041
v 0.041127 -0.900402 -0.037162
v 0.039788 -0.901349 -0.035424
v 0.038918 -0.903266 -0.034295
v 0.046303 -0.905639 -0.027712
v 0.046951 -0.907833 -0.028403
v 0.048263 -0.909259 -0.029801
v 0.049887 -0.909535 -0.031532
v 0.051388 -0.908588 -0.033132
v 0.052363 -0.906670 -0.034172
v 0.052552 -0.904297 -0.034373
v 0.051904 -0.902104 -0.033682
v 0.050592 -0.900678 -0.032284
v 0.048968 -0.900402 -0.030553
v 0.047468 -0.901349 -0.028953
v 0.046492 -0.903266 -0.027914
v 0.052714 -0.905639 -0.021029
v 0.053442 -0.907833 -0.021635
v 0.054916 -0.909259 -0.022861
v 0.056741 -0.909535 -0.024378
v 0.058427 -0.908588 -0.025781
v 0.059524 -0.906670 -0.026693
v 0.059736 -0.904297 -0.026869
v 0.059008 -0.902104 -0.026263
v 0.057534 -0.900678 -0.025038
v 0.055709 -0.900402 -0.023520
v 0.054022 -0.901349 -0.022118
v 0.052926 -0.903266 -0.021206
v 0.057554 -0.905639 -0.014315
v 0.058375 -0.907833 -0.014789
v 0.060035 -0.909259 -0.015748
v 0.062090 -0.909535 -0.016935
v 0.063990 -0.908588 -0.018032
v 0.065224 -0.906670 -0.018745
v 0.065463 -0.904297 -0.018883
v 0.064643 -0.902104 -0.018409
v 0.062983 -0.900678 -0.017450
v 0.060928 -0.900402 -0.016263
v 0.059028 -0.901349 -0.015166
v 0.057793 -0.903266 -0.014453
v 0.060471 -0.905639 -0.007916
v 0.061381 -0.907833 -0.008178
v 0.063224 -0.909259 -0.008707
v 0.065505 -0.909535 -0.009363
v 0.067613 -0.908588 -0.009969
v 0.068983 -0.906670 -0.010363
v 0.069249 -0.904297 -0.010439
v 0.068338 -0.902104 -0.010177
v 0.066495 -0.900678 -0.009648
v 0.064214 -0.900402 -0.008992
v 0.062106 -0.901349 -0.008386
v 0.060736 -0.903266 -0.007992
v 0.061298 -0.905639 -0.002127
v 0.062244 -0.907833 -0.002074
v 0.064158 -0.909259 -0.001966
v 0.066527 -0.909535 -0.001833
v 0.068717 -0.908588 -0.001710
v 0.070141 -0.906670 -0.001630
v 0.070417 -0.904297 -0.001614
v 0.069471 -0.902104 -0.001667
v 0.067557 -0.900678 -0.001775
v 0.065187 -0.900402 -0.001908
v 0.062997 -0.901349 -0.002032
v 0.061574 -0.903266 -0.002112
v 0.059800 -0.905639 0.003549
v 0.060689 -0.907833 0.003878
v 0.062486 -0.909259 0.004544
v 0.064712 -0.909535 0.005369
v 0.066768 -0.908588 0.006132
v 0.068105 -0.906670 0.006628
v 0.068364 -0.904297 0.006724
v 0.067476 -0.902104 0.006394
v 0.065678 -0.900678 0.005728
v 0.063453 -0.900402 0.004903
v 0.061396 -0.901349 0.004140
v 0.060059 -0.903266 0.003645
v 0.057627 -0.905639 0.007856
v 0.058470 -0.907833 0.008288
v 0.060176 -0.909259 0.009163
v 0.062287 -0.909535 0.010247
v 0.064239 -0.908588 0.011248
v 0.065508 -0.906670 0.011899
v 0.065753 -0.904297 0.012025
v 0.064910 -0.902104 0.011592
v 0.063205 -0.900678 0.010717
v 0.061093 -0.900402 0.009634
v 0.059141 -0.901349 0.008633
v 0.057873 -0.903266 0.007982
v 0.054753 -0.905639 0.013296
v 0.055584 -0.907833 0.013752
v 0.057265 -0.909259 0.014674
v 0.059345 -0.909535 0.015816
v 0.061268 -0.908588 0.016871
v 0.062518 -0.906670 0.017556
v 0.062761 -0.904297 0.017689
v 0.061930 -0.902104 0.017234
v 0.060249 -0.900678 0.016311
v 0.058168 -0.900402 0.015170
v 0.056245 -0.901349 0.014115
v 0.054995 -0.903266 0.013429
v 0.051377 -0.905639 0.019227
v 0.052191 -0.907833 0.019712
v 0.053838 -0.909259 0.020693
v 0.055877 -0.909535 0.021908
v 0.057761 -0.908588 0.023031
v 0.058986 -0.906670 0.023760
v 0.059223 -0.904297 0.023902
v 0.058409 -0.902104 0.023417
v 0.056762 -0.900678 0.022436
v 0.054723 -0.900402 0.021221
v 0.052839 -0.901349 0.020098
v 0.051614 -0.903266 0.019369
v 0.047521 -0.905639 0.025419
v 0.048313 -0.907833 0.025940
v 0.049915 -0.909259 0.026993
v 0.051898 -0.909535 0.028296
v 0.053731 -0.908588 0.029501
v 0.054923 -0.906670 0.030284
v 0.055154 -0.904297 0.030435
v 0.054362 -0.902104 0.029915
v 0.052760 -0.900678 0.028862
v 0.050777 -0.900402 0.027559
v 0.048944 -0.901349 0.026354
v 0.047752 -0.903266 0.025571
v 0.043213 -0.905639 0.031640
v 0.043975 -0.907833 0.032203
v 0.045518 -0.909259 0.033341
v 0.047427 -0.909535 0.034751
v 0.049192 -0.908588 0.036054
v 0.050339 -0.906670 0.036901
v 0.050561 -0.904297 0.037065
v 0.049799 -0.902104 0.036502
v 0.048256 -0.900678 0.035363
v 0.046347 -0.900402 0.033954
v 0.044583 -0.901349 0.032651
v 0.043436 -0.903266 0.031804
v 0.038485 -0.905639 0.037655
v 0.039208 -0.907833 0.038269
v 0.040669 -0.909259 0.039510
v 0.042478 -0.909535 0.041046
v 0.044150 -0.908588 0.042465
v 0.045237 -0.906670 0.043388
v 0.045447 -0.904297 0.043567
v 0.044725 -0.902104 0.042954
v 0.043264 -0.900678 0.041713
v 0.041455 -0.900402 0.040177
v 0.039783 -0.901349 0.038757
v 0.038696 -0.903266 0.037834
v 0.033376 -0.905639 0.043234
v 0.034044 -0.907833 0.043906
v 0.035394 -0.909259 0.045267
v 0.037066 -0.909535 0.046952
v 0.038611 -0.908588 0.048509
v 0.039615 -0.906670 0.049521
v 0.039810 -0.904297 0.049717
v 0.039143 -0.902104 0.049044
v 0.037792 -0.900678 0.047683
v 0.036120 -0.900402 0.045999
v 0.034575 -0.901349 0.044442
v 0.033571 -0.903266 0.043430
v 0.027935 -0.905639 0.048148
v 0.028526 -0.907833 0.048888
v 0.029723 -0.909259 0.050386
v 0.031204 -0.909535 0.052240
v 0.032574 -0.908588 0.053954
v 0.033464 -0.906670 0.055068
v 0.033636 -0.904297 0.055284
v 0.033045 -0.902104 0.054543
v 0.031848 -0.900678 0.053046
v 0.030367 -0.900402 0.051191
v 0.028997 -0.901349 0.049478
v 0.028107 -0.903266 0.048364
v 0.022218 -0.905639 0.052184
v 0.022704 -0.907833 0.052998
v 0.023688 -0.909259 0.054643
v 0.024905 -0.909535 0.056681
v 0.026030 -0.908588 0.058564
v 0.026762 -0.906670 0.059787
v 0.026903 -0.904297 0.060025
v 0.026417 -0.902104 0.059211
v 0.025434 -0.900678 0.057566
v 0.024217 -0.900402 0.055528
v 0.023091 -0.901349 0.053646
v 0.022360 -0.903266 0.052422
v 0.016283 -0.905639 0.055156
v 0.016626 -0.907833 0.056039
v 0.017321 -0.909259 0.057826
v 0.018180 -0.909535 0.060038
v 0.018974 -0.908588 0.062083
v 0.019491 -0.906670 0.063412
v 0.019591 -0.904297 0.063669
v 0.019248 -0.902104 0.062786
v 0.018553 -0.900678 0.060999
v 0.017694 -0.900402 0.058787
v 0.016900 -0.901349 0.056742
v 0.016383 -0.903266 0.055413
v 0.010158 -0.905639 0.056911
v 0.010319 -0.907833 0.057845
v 0.010644 -0.909259 0.059734
v 0.011046 -0.909535 0.062073
v 0.011417 -0.908588 0.064235
v 0.011659 -0.906670 0.065640
v 0.011706 -0.904297 0.065912
v 0.011545 -0.902104 0.064978
v 0.011220 -0.900678 0.063089
v 0.010818 -0.900402 0.060750
v 0.010447 -0.901349 0.058588
v 0.010205 -0.903266 0.057183
v 0.003795 -0.905639 0.057312
v 0.003747 -0.907833 0.058258
v 0.003650 -0.909259 0.060173
v 0.003529 -0.909535 0.062543
v 0.003418 -0.908588 0.064734
v 0.003345 -0.906670 0.066158
v 0.003331 -0.904297 0.066434
v 0.003379 -0.902104 0.065487
v 0.003477 -0.900678 0.063573
v 0.003597 -0.900402 0.061202
v 0.003709 -0.901349 0.059012
v 0.003781 -0.903266 0.057588
vn -0.9987 -0.0000 -0.0508
vn 0.3517 -0.8638 -0.3608
vn 0.9298 0.2233 0.2926
vn 0.8988 0.3900 -0.2001
vn 0.6232 0.4508 -0.6391
vn 0.1779 0.3889 -0.9040
vn -0.3153 0.2213 -0.9228
vn -0.7218 -0.0057 -0.6921
vn -0.9329 -0.2301 -0.2769
vn -0.8956 -0.3924 0.2096
vn -0.6228 -0.4510 0.6393
vn -0.1867 -0.3911 0.9012
vn 0.3001 -0.2280 0.9263
vn 0.7094 -0.0033 0.7048
vn 0.9371 0.2020 0.2846
vn 0.9117 0.3511 -0.2134
vn 0.6384 0.4051 -0.6545
vn 0.1913 0.3488 -0.9175
vn -0.3068 0.1980 -0.9309
vn -0.7206 -0.0057 -0.6934
vn -0.9400 -0.2071 -0.2712
vn -0.9091 -0.3529 0.2215
vn -0.6381 -0.4052 0.6547
vn -0.1988 -0.3506 0.9152
vn 0.2939 -0.2031 0.9340
vn 0.7099 -0.0011 0.7043
vn 0.9484 0.1628 0.2722
vn 0.9311 0.2797 -0.2341
vn 0.6615 0.3211 -0.6777
vn 0.2125 0.2753 -0.9376
vn -0.2934 0.1552 -0.9433
vn -0.7190 -0.0065 -0.6950
vn -0.9508 -0.1660 -0.2614
vn -0.9291 -0.2809 0.2405
vn -0.6612 -0.3212 0.6780
vn -0.2183 -0.2764 0.9359
vn 0.2831 -0.1583 0.9459
vn 0.7104 0.0023 0.7038
vn 0.9555 0.1310 0.2643
vn 0.9433 0.2220 -0.2469
vn 0.6760 0.2530 -0.6921
vn 0.2258 0.2156 -0.9500
vn -0.2848 0.1201 -0.9510
vn -0.7178 -0.0076 -0.6962
vn -0.9576 -0.1330 -0.2556
vn -0.9417 -0.2227 0.2521
vn -0.6758 -0.2531 0.6923
vn -0.2305 -0.2163 0.9487
vn 0.2765 -0.1221 0.9532
vn 0.7108 0.0050 0.7034
vn 0.9600 0.1052 0.2593
vn 0.9510 0.1749 -0.2550
vn 0.6853 0.1976 -0.7010
vn 0.2345 0.1668 -0.9577
vn -0.2791 0.0912 -0.9559
vn -0.7169 -0.0089 -0.6972
vn -0.9618 -0.1064 -0.2522
vn -0.9498 -0.1754 0.2592
vn -0.6851 -0.1976 0.7012
vn -0.2383 -0.1673 0.9567
vn 0.2724 -0.0924 0.9577
vn 0.7111 0.0073 0.7030
vn 0.9630 0.0841 0.2561
vn 0.9559 0.1363 -0.2600
vn 0.6913 0.1518 -0.7065
vn 0.2401 0.1264 -0.9625
vn -0.2754 0.0670 -0.9590
vn -0.7162 -0.0104 -0.6979
vn -0.9645 -0.0849 -0.2503
vn -0.9549 -0.1366 0.2635
vn -0.6910 -0.1519 0.7067
vn -0.2432 -0.1267 0.9617
vn 0.2698 -0.0678 0.9605
vn 0.7114 0.0093 0.7027
vn 0.9649 0.0667 0.2542
vn 0.9591 0.1042 -0.2631
vn 0.6952 0.1136 -0.7098
vn 0.2439 0.0924 -0.9654
vn -0.2728 0.0464 -0.9610
vn -0.7156 -0.0121 -0.6984
vn -0.9661 -0.0672 -0.2492
vn -0.9583 -0.1044 0.2661
vn -0.6949 -0.1136 0.7101
vn -0.2464 -0.0926 0.9647
vn 0.2681 -0.0469 0.9622
vn 0.7116 0.0114 0.7025
vn 0.9660 0.0525 0.2530
vn 0.9612 0.0772 -0.2649
vn 0.6977 0.0812 -0.7118
vn 0.2464 0.0633 -0.9671
vn -0.2710 0.0283 -0.9622
vn -0.7151 -0.0142 -0.6988
vn -0.9672 -0.0528 -0.2486
vn -0.9604 -0.0773 0.2676
vn -0.6974 -0.0812 0.7121
vn -0.2484 -0.0634 0.9666
vn 0.2671 -0.0287 0.9632
vn 0.7117 0.0138 0.7024
vn 0.9668 0.0411 0.2523
vn 0.9625 0.0544 -0.2658
vn 0.6994 0.0531 -0.7128
vn 0.2481 0.0376 -0.9680
vn -0.2698 0.0119 -0.9629
vn -0.7147 -0.0169 -0.6992
vn -0.9678 -0.0412 -0.2484
vn -0.9618 -0.0544 0.2683
vn -0.6990 -0.0531 0.7132
vn -0.2497 -0.0376 0.9676
vn 0.2664 -0.0121 0.9638
vn 0.7117 0.0167 0.7023
vn 0.9672 0.0323 0.2521
vn 0.9633 0.0349 -0.2661
vn 0.7005 0.0281 -0.7131
vn 0.2493 0.0138 -0.9683
vn -0.2688 -0.0043 -0.9632
vn -0.7144 -0.0212 -0.6994
vn -0.9681 -0.0324 -0.2484
vn -0.9626 -0.0349 0.2687
vn -0.6999 -0.0281 0.7137
vn -0.2505 -0.0138 0.9680
vn 0.2660 0.0042 0.9640
vn 0.7117 0.0210 0.7022
vn 0.9673 0.0274 0.2523
vn 0.9639 0.0183 -0.2656
vn 0.7015 0.0044 -0.7126
vn 0.2504 -0.0107 -0.9681
vn -0.2681 -0.0229 -0.9631
vn -0.7142 -0.0290 -0.6994
vn -0.9683 -0.0273 -0.2482
vn -0.9630 -0.0183 0.2690
vn -0.7003 -0.0043 0.7138
vn -0.2508 0.0108 0.9680
vn 0.2656 0.0230 0.9638
vn 0.7114 0.0291 0.7022
vn 0.9665 0.0342 0.2543
vn 0.9648 0.0054 -0.2629
vn 0.7034 -0.0241 -0.7104
vn 0.2522 -0.0465 -0.9666
vn -0.2669 -0.0566 -0.9621
vn -0.7140 -0.0518 -0.6983
vn -0.9686 -0.0330 -0.2466
vn -0.9626 -0.0047 0.2708
vn -0.6991 0.0256 0.7146
vn -0.2499 0.0494 0.9670
vn 0.2651 0.0599 0.9624
vn 0.7100 0.0543 0.7021
vn 0.9631 0.0812 0.2566
vn 0.9679 -0.0053 -0.2514
vn 0.7128 -0.0904 -0.6955
vn 0.2614 -0.1512 -0.9533
vn -0.2642 -0.1706 -0.9493
vn -0.7164 -0.1431 -0.6829
vn -0.9699 -0.0766 -0.2312
vn -0.9602 0.0105 0.2792
vn -0.6956 0.0947 0.7122
vn -0.2492 0.1539 0.9561
vn 0.2618 0.1727 0.9496
vn 0.7044 0.1462 0.6946
vn 0.9630 0.1224 0.2400
vn 0.9661 -0.0236 -0.2572
vn 0.7089 -0.1638 -0.6861
vn 0.2600 -0.2600 -0.9299
vn -0.2590 -0.2860 -0.9226
vn -0.7077 -0.2346 -0.6664
vn -0.9655 -0.1202 -0.2311
vn -0.9637 0.0261 0.2656
vn -0.7045 0.1648 0.6903
vn -0.2584 0.2593 0.9306
vn 0.2558 0.2849 0.9238
vn 0.7025 0.2350 0.6717
vn 0.9631 0.1293 0.2359
vn 0.9665 -0.0408 -0.2533
vn 0.7102 -0.2002 -0.6750
vn 0.2622 -0.3058 -0.9153
vn -0.2565 -0.3290 -0.9089
vn -0.7058 -0.2635 -0.6576
vn -0.9648 -0.1273 -0.2299
vn -0.9650 0.0428 0.2587
vn -0.7074 0.2012 0.6776
vn -0.2614 0.3058 0.9155
vn 0.2540 0.3290 0.9095
vn 0.7021 0.2645 0.6612
vn 0.9632 0.1322 0.2339
vn 0.9669 -0.0544 -0.2492
vn 0.7109 -0.2266 -0.6658
vn 0.2635 -0.3379 -0.9036
vn -0.2549 -0.3582 -0.8981
vn -0.7045 -0.2823 -0.6512
vn -0.9645 -0.1306 -0.2296
vn -0.9658 0.0559 0.2530
vn -0.7091 0.2273 0.6675
vn -0.2632 0.3379 0.9036
vn 0.2528 0.3583 0.8987
vn 0.7016 0.2832 0.6538
vn 0.9634 0.1322 0.2333
vn 0.9672 -0.0663 -0.2450
vn 0.7114 -0.2472 -0.6579
vn 0.2642 -0.3617 -0.8941
vn -0.2540 -0.3789 -0.8899
vn -0.7038 -0.2943 -0.6466
vn -0.9643 -0.1309 -0.2300
vn -0.9665 0.0675 0.2478
vn -0.7102 0.2477 0.6590
vn -0.2644 0.3616 0.8941
vn 0.2521 0.3790 0.8904
vn 0.7014 0.2951 0.6488
vn 0.9635 0.1296 0.2341
vn 0.9675 -0.0780 -0.2405
vn 0.7117 -0.2647 -0.6507
vn 0.2646 -0.3804 -0.8862
vn -0.2536 -0.3938 -0.8835
vn -0.7034 -0.3015 -0.6437
vn -0.9643 -0.1285 -0.2314
vn -0.9669 0.0789 0.2425
vn -0.7110 0.2650 0.6513
vn -0.2652 0.3803 0.8860
vn 0.2516 0.3940 0.8840
vn 0.7013 0.3023 0.6456
vn 0.9637 0.1241 0.2363
vn 0.9677 -0.0906 -0.2352
vn 0.7118 -0.2810 -0.6437
vn 0.2646 -0.3959 -0.8793
vn -0.2535 -0.4045 -0.8787
vn -0.7033 -0.3045 -0.6423
vn -0.9644 -0.1231 -0.2341
vn -0.9673 0.0912 0.2366
vn -0.7117 0.2811 0.6438
vn -0.2659 0.3958 0.8790
vn 0.2512 0.4047 0.8793
vn 0.7013 0.3054 0.6442
vn 0.9638 0.1146 0.2406
vn 0.9678 -0.1058 -0.2285
vn 0.7116 -0.2978 -0.6363
vn 0.2643 -0.4098 -0.8731
vn -0.2538 -0.4116 -0.8753
vn -0.7034 -0.3031 -0.6429
vn -0.9645 -0.1136 -0.2386
vn -0.9675 0.1062 0.2293
vn -0.7121 0.2976 0.6359
vn -0.2664 0.4095 0.8725
vn 0.2508 0.4119 0.8760
vn 0.7012 0.3041 0.6449
vn 0.9637 0.0985 0.2483
vn 0.9675 -0.1265 -0.2190
vn 0.7110 -0.3176 -0.6274
vn 0.2634 -0.4232 -0.8669
vn -0.2545 -0.4151 -0.8735
vn -0.7037 -0.2957 -0.6461
vn -0.9643 -0.0974 -0.2462
vn -0.9674 0.1267 0.2192
vn -0.7124 0.3171 0.6261
vn -0.2670 0.4228 0.8660
vn 0.2502 0.4156 0.8745
vn 0.7008 0.2970 0.6486
vn 0.9624 0.0698 0.2625
vn 0.9660 -0.1593 -0.2036
vn 0.7090 -0.3455 -0.6148
vn 0.2613 -0.4383 -0.8600
vn -0.2559 -0.4132 -0.8739
vn -0.7037 -0.2775 -0.6540
vn -0.9632 -0.0680 -0.2601
vn -0.9662 0.1595 0.2026
vn -0.7122 0.3445 0.6117
vn -0.2680 0.4379 0.8581
vn 0.2486 0.4145 0.8754
vn 0.6994 0.2799 0.6577
vn 0.9572 0.0144 0.2891
vn 0.9604 -0.2170 -0.1746
vn 0.7043 -0.3922 -0.5917
vn 0.2560 -0.4597 -0.8504
vn -0.2604 -0.3983 -0.8795
vn -0.7028 -0.2276 -0.6740
vn -0.9563 0.0024 -0.2925
vn -0.9591 0.2304 0.1647
vn -0.7105 0.3979 0.5804
vn -0.2713 0.4616 0.8446
vn 0.2447 0.4042 0.8813
vn 0.6957 0.2407 0.6768
vn 0.8743 -0.2140 0.4356
vn 0.9065 -0.3940 -0.1516
vn 0.7251 -0.0353 -0.6877
vn 0.3533 -0.1277 -0.9268
vn -0.1361 -0.1629 -0.9772
vn -0.6133 -0.0387 -0.7889
vn -0.8853 0.2193 -0.4101
vn -0.8870 0.4588 0.0524
vn -0.6497 0.5873 0.4827
vn -0.2510 0.5701 0.7823
vn 0.2085 0.4085 0.8886
vn 0.6204 0.1274 0.7739
vn 0.8908 -0.2106 0.4026
vn 0.8260 -0.5480 0.1319
vn 0.9551 0.1779 -0.2371
vn 0.4972 0.7913 -0.3557
vn 0.5279 0.5534 -0.6443
vn 0.3242 0.5079 -0.7981
vn 0.2253 0.6828 -0.6950
vn 0.3446 0.8282 -0.4420
vn -0.2664 0.9050 0.3318
vn 0.0527 0.8523 0.5204
vn 0.4804 0.6064 0.6336
vn 0.7799 0.2156 0.5876
vn 0.9267 -0.1151 -0.3578
vn 0.7459 -0.5852 -0.3181
vn 0.5310 -0.8099 -0.2490
vn 0.6702 -0.3063 0.6761
vn 0.7464 0.0222 0.6652
vn 0.9461 0.2925 0.1390
vn 0.9973 -0.0727 0.0116
vn 0.9340 -0.2849 0.2156
vn 0.1776 0.9613 0.2108
vn 0.2294 0.9733 -0.0119
vn 0.6094 0.7703 -0.1877
vn 0.8719 0.3781 -0.3110
vn 0.4960 -0.1410 -0.8568
vn 0.4030 -0.5987 -0.6923
vn 0.1997 -0.9185 -0.3413
vn -0.0115 -0.9815 0.1910
vn 0.3387 -0.5907 0.7324
vn 0.4791 -0.1935 0.8562
vn 0.4975 0.0875 0.8630
vn 0.4108 0.4332 0.8022
vn 0.1351 0.8378 0.5290
vn 0.0722 0.9872 -0.1425
vn 0.3076 0.7606 -0.5717
vn 0.4627 0.3476 -0.8155
vn 0.3777 -0.1490 -0.9139
vn 0.3028 -0.6235 -0.7208
vn 0.1468 -0.9309 -0.3346
vn -0.0485 -0.9888 0.1413
vn -0.2308 -0.7818 0.5793
vn -0.3512 -0.3654 0.8621
vn -0.3775 0.1488 0.9140
vn -0.3028 0.6232 0.7211
vn -0.1469 0.9307 0.3350
vn 0.0484 0.9888 -0.1409
vn 0.2308 0.7820 -0.5790
vn 0.3513 0.3655 -0.8620
vn 0.3876 -0.1491 -0.9097
vn 0.3102 -0.6241 -0.7172
vn 0.1494 -0.9313 -0.3322
vn -0.0512 -0.9886 0.1416
vn -0.2381 -0.7812 0.5771
vn -0.3612 -0.3650 0.8581
vn -0.3877 0.1485 0.9097
vn -0.3107 0.6225 0.7183
vn -0.1505 0.9302 0.3348
vn 0.0500 0.9891 -0.1387
vn 0.2373 0.7827 -0.5754
vn 0.3610 0.3661 -0.8577
vn 0.4104 -0.1490 -0.8997
vn 0.3277 -0.6244 -0.7090
vn 0.1571 -0.9316 -0.3279
vn -0.0555 -0.9885 0.1407
vn -0.2531 -0.7809 0.5711
vn -0.3829 -0.3649 0.8487
vn -0.4105 0.1482 0.8997
vn -0.3286 0.6219 0.7108
vn -0.1589 0.9298 0.3320
vn 0.0535 0.9892 -0.1362
vn 0.2518 0.7833 -0.5684
vn 0.3825 0.3666 -0.8481
vn 0.4431 -0.1489 -0.8840
vn 0.3532 -0.6246 -0.6965
vn 0.1684 -0.9318 -0.3216
vn -0.0614 -0.9884 0.1390
vn -0.2744 -0.7806 0.5616
vn -0.4140 -0.3648 0.8340
vn -0.4433 0.1478 0.8841
vn -0.3545 0.6212 0.6989
vn -0.1711 0.9294 0.3271
vn 0.0583 0.9894 -0.1328
vn 0.2724 0.7840 -0.5578
vn 0.4135 0.3672 -0.8332
vn 0.4865 -0.1487 -0.8609
vn 0.3871 -0.6249 -0.6779
vn 0.1834 -0.9321 -0.3124
vn -0.0691 -0.9883 0.1362
vn -0.3027 -0.7802 0.5474
vn -0.4553 -0.3648 0.8122
vn -0.4868 0.1472 0.8610
vn -0.3890 0.6203 0.6811
vn -0.1875 0.9288 0.3195
vn 0.0646 0.9896 -0.1282
vn 0.2998 0.7847 -0.5425
vn 0.4545 0.3679 -0.8112
vn 0.5429 -0.1485 -0.8266
vn 0.4310 -0.6254 -0.6505
vn 0.2029 -0.9325 -0.2990
vn -0.0792 -0.9881 0.1319
vn -0.3395 -0.7797 0.5262
vn -0.5089 -0.3646 0.7798
vn -0.5434 0.1466 0.8266
vn -0.4339 0.6192 0.6545
vn -0.2089 0.9281 0.3081
vn 0.0724 0.9899 -0.1216
vn 0.3350 0.7858 -0.5199
vn 0.5077 0.3688 -0.7786
vn 0.6155 -0.1484 -0.7741
vn 0.4874 -0.6261 -0.6086
vn 0.2276 -0.9330 -0.2786
vn -0.0927 -0.9878 0.1250
vn -0.3871 -0.7789 0.4935
vn -0.5782 -0.3643 0.7301
vn -0.6164 0.1457 0.7738
vn -0.4921 0.6176 0.6135
vn -0.2371 0.9271 0.2903
vn 0.0821 0.9903 -0.1118
vn 0.3802 0.7872 -0.4855
vn 0.5761 0.3701 -0.7288
vn 0.7074 -0.1483 -0.6911
vn 0.5586 -0.6273 -0.5426
vn 0.2582 -0.9340 -0.2470
vn -0.1105 -0.9874 0.1134
vn -0.4481 -0.7776 0.4412
vn -0.6661 -0.3637 0.6511
vn -0.7091 0.1446 0.6901
vn -0.5662 0.6154 0.5483
vn -0.2735 0.9257 0.2614
vn 0.0935 0.9909 -0.0970
vn 0.4369 0.7892 -0.4316
vn 0.6626 0.3717 -0.6502
vn 0.8167 -0.1484 -0.5577
vn 0.6429 -0.6291 -0.4370
vn 0.2936 -0.9353 -0.1973
vn -0.1332 -0.9867 0.0930
vn -0.5218 -0.7755 0.3555
vn -0.7714 -0.3625 0.5230
vn -0.8199 0.1432 0.5543
vn -0.6554 0.6125 0.4419
vn -0.3184 0.9237 0.2131
vn 0.1056 0.9916 -0.0748
vn 0.5036 0.7918 -0.3457
vn 0.7654 0.3737 -0.5239
vn 0.9308 -0.1498 -0.3333
vn 0.7280 -0.6342 -0.2604
vn 0.3260 -0.9382 -0.1161
vn -0.1589 -0.9856 0.0576
vn -0.5971 -0.7730 0.2145
vn -0.8777 -0.3613 0.3147
vn -0.9319 0.1423 0.3338
vn -0.7462 0.6098 0.2669
vn -0.3662 0.9213 0.1305
vn 0.1135 0.9927 -0.0414
vn 0.5684 0.7970 -0.2042
vn 0.8714 0.3783 -0.3124
vn 0.9864 -0.1483 -0.0704
vn 0.7743 -0.6303 -0.0560
vn 0.3506 -0.9362 -0.0258
vn -0.1641 -0.9864 0.0126
vn -0.6305 -0.7746 0.0486
vn -0.9293 -0.3622 0.0720
vn -0.9868 0.1427 0.0765
vn -0.7891 0.6112 0.0610
vn -0.3844 0.9227 0.0295
vn 0.1257 0.9920 -0.0092
vn 0.6067 0.7937 -0.0442
vn 0.9244 0.3756 -0.0662
vn 0.9815 -0.1471 0.1222
vn 0.7735 -0.6265 0.0960
vn 0.3552 -0.9338 0.0438
vn -0.1568 -0.9874 -0.0190
vn -0.6240 -0.7777 -0.0757
vn -0.9246 -0.3643 -0.1118
vn -0.9825 0.1435 -0.1188
vn -0.7834 0.6142 -0.0949
vn -0.3771 0.9250 -0.0458
vn 0.1320 0.9911 0.0163
vn 0.6084 0.7901 0.0753
vn 0.9208 0.3729 0.1145
vn 0.9570 -0.1467 0.2504
vn 0.7552 -0.6251 0.1975
vn 0.3491 -0.9327 0.0912
vn -0.1495 -0.9880 -0.0390
vn -0.6061 -0.7796 -0.1580
vn -0.9007 -0.3655 -0.2347
vn -0.9576 0.1441 -0.2495
vn -0.7622 0.6161 -0.1986
vn -0.3646 0.9263 -0.0950
vn 0.1319 0.9907 0.0345
vn 0.5950 0.7886 0.1555
vn 0.8981 0.3719 0.2349
vn 0.9266 -0.1465 0.3463
vn 0.7318 -0.6243 0.2735
vn 0.3393 -0.9321 0.1268
vn -0.1432 -0.9883 -0.0535
vn -0.5858 -0.7804 -0.2187
vn -0.8718 -0.3662 -0.3255
vn -0.9270 0.1443 -0.3461
vn -0.7373 0.6169 -0.2753
vn -0.3516 0.9269 -0.1313
vn 0.1293 0.9904 0.0483
vn 0.5770 0.7878 0.2156
vn 0.8697 0.3713 0.3251
vn 0.8928 -0.1464 0.4261
vn 0.7053 -0.6240 0.3366
vn 0.3274 -0.9319 0.1563
vn -0.1373 -0.9884 -0.0655
vn -0.5639 -0.7808 -0.2691
vn -0.8398 -0.3664 -0.4007
vn -0.8931 0.1444 -0.4261
vn -0.7101 0.6173 -0.3388
vn -0.3382 0.9272 -0.1614
vn 0.1252 0.9903 0.0597
vn 0.5563 0.7875 0.2655
vn 0.8380 0.3711 0.3999
vn 0.8542 -0.1464 0.4990
vn 0.6747 -0.6240 0.3942
vn 0.3133 -0.9319 0.1830
vn -0.1314 -0.9884 -0.0767
vn -0.5395 -0.7808 -0.3152
vn -0.8034 -0.3664 -0.4694
vn -0.8544 0.1444 -0.4992
vn -0.6793 0.6173 -0.3969
vn -0.3235 0.9272 -0.1890
vn 0.1197 0.9903 0.0700
vn 0.5322 0.7875 0.3109
vn 0.8018 0.3711 0.4684
vn 0.8076 -0.1465 0.5712
vn 0.6378 -0.6243 0.4512
vn 0.2958 -0.9321 0.2092
vn -0.1247 -0.9883 -0.0882
vn -0.5103 -0.7805 -0.3611
vn -0.7596 -0.3662 -0.5375
vn -0.8077 0.1444 -0.5716
vn -0.6424 0.6170 -0.4546
vn -0.3063 0.9270 -0.2167
vn 0.1128 0.9904 0.0798
vn 0.5029 0.7877 0.3558
vn 0.7580 0.3713 0.5362
vn 0.7479 -0.1467 0.6474
vn 0.5903 -0.6248 0.5110
vn 0.2731 -0.9325 0.2365
vn -0.1163 -0.9881 -0.1008
vn -0.4731 -0.7799 -0.4099
vn -0.7034 -0.3658 -0.6095
vn -0.7478 0.1442 -0.6480
vn -0.5951 0.6164 -0.5156
vn -0.2844 0.9265 -0.2464
vn 0.1035 0.9906 0.0896
vn 0.4651 0.7883 0.4027
vn 0.7019 0.3717 0.6076
vn 0.6667 -0.1470 0.7307
vn 0.5256 -0.6258 0.5762
vn 0.2422 -0.9332 0.2656
vn -0.1050 -0.9878 -0.1153
vn -0.4223 -0.7789 -0.4637
vn -0.6268 -0.3651 -0.6884
vn -0.6663 0.1439 -0.7317
vn -0.5307 0.6154 -0.5828
vn -0.2545 0.9258 -0.2795
vn 0.0909 0.9909 0.0997
vn 0.4138 0.7893 0.4537
vn 0.6255 0.3724 0.6856
vn 0.5510 -0.1474 0.8214
vn 0.4337 -0.6273 0.6468
vn 0.1986 -0.9342 0.2964
vn -0.0883 -0.9873 -0.1322
vn -0.3495 -0.7773 -0.5231
vn -0.5173 -0.3640 -0.7745
vn -0.5497 0.1434 -0.8230
vn -0.4385 0.6139 -0.6564
vn -0.2115 0.9247 -0.3165
vn 0.0734 0.9913 0.1095
vn 0.3408 0.7908 0.5084
vn 0.5167 0.3735 0.7704
vn 0.3833 -0.1480 0.9117
vn 0.3008 -0.6292 0.7166
vn 0.1364 -0.9356 0.3257
vn -0.0627 -0.9866 -0.1507
vn -0.2425 -0.7751 -0.5834
vn -0.3575 -0.3625 -0.8607
vn -0.3796 0.1428 -0.9141
vn -0.3035 0.6117 -0.7305
vn -0.1477 0.9231 -0.3550
vn 0.0493 0.9918 0.1178
vn 0.2357 0.7927 0.5622
vn 0.3591 0.3748 0.8547
vn 0.1313 -0.1497 0.9800
vn 0.1028 -0.6344 0.7662
vn 0.0461 -0.9383 0.3427
vn -0.0227 -0.9856 -0.1676
vn -0.0851 -0.7730 -0.6287
vn -0.1252 -0.3613 -0.9240
vn -0.1329 0.1423 -0.9809
vn -0.1064 0.6098 -0.7854
vn -0.0522 0.9213 -0.3854
vn 0.0161 0.9927 0.1194
vn 0.0804 0.7974 0.5981
vn 0.1229 0.3787 0.9173
vn -0.1256 -0.1479 0.9810
vn -0.0980 -0.6289 0.7713
vn -0.0441 -0.9354 0.3509
vn 0.0197 -0.9867 -0.1614
vn 0.0764 -0.7755 -0.6267
vn 0.1123 -0.3627 -0.9251
vn 0.1191 0.1429 -0.9825
vn 0.0955 0.6120 -0.7850
vn 0.0466 0.9234 -0.3810
vn -0.0161 0.9917 0.1273
vn -0.0765 0.7924 0.6051
vn -0.1175 0.3746 0.9197
vn -0.2882 -0.1468 0.9462
vn -0.2271 -0.6255 0.7464
vn -0.1046 -0.9330 0.3442
vn 0.0451 -0.9878 -0.1492
vn 0.1814 -0.7788 -0.6005
vn 0.2690 -0.3650 -0.8913
vn 0.2859 0.1438 -0.9474
vn 0.2279 0.6153 -0.7547
vn 0.1094 0.9258 -0.3619
vn -0.0393 0.9908 0.1293
vn -0.1787 0.7891 0.5878
vn -0.2704 0.3722 0.8879
vn -0.3907 -0.1465 0.9088
vn -0.3084 -0.6243 0.7177
vn -0.1429 -0.9321 0.3327
vn 0.0604 -0.9882 -0.1406
vn 0.2467 -0.7803 -0.5747
vn 0.3670 -0.3661 -0.8552
vn 0.3902 0.1443 -0.9093
vn 0.3104 0.6168 -0.7233
vn 0.1481 0.9268 -0.3450
vn -0.0544 0.9905 0.1266
vn -0.2432 0.7878 0.5658
vn -0.3667 0.3714 0.8530
vn -0.4683 -0.1464 0.8713
vn -0.3700 -0.6238 0.6884
vn -0.1718 -0.9318 0.3197
vn 0.0719 -0.9884 -0.1338
vn 0.2957 -0.7809 -0.5503
vn 0.4404 -0.3665 -0.8196
vn 0.4683 0.1445 -0.8717
vn 0.3723 0.6174 -0.6930
vn 0.1773 0.9272 -0.3299
vn -0.0658 0.9903 0.1224
vn -0.2919 0.7873 0.5431
vn -0.4396 0.3710 0.8180
vn -0.5364 -0.1464 0.8311
vn -0.4238 -0.6238 0.6567
vn -0.1969 -0.9318 0.3051
vn 0.0823 -0.9884 -0.1275
vn 0.3387 -0.7809 -0.5248
vn 0.5046 -0.3665 -0.7817
vn 0.5366 0.1445 -0.8313
vn 0.4266 0.6174 -0.6609
vn 0.2030 0.9273 -0.3145
vn -0.0754 0.9903 0.1168
vn -0.3344 0.7873 0.5181
vn -0.5036 0.3710 0.7802
vn -0.6037 -0.1465 0.7836
vn -0.4769 -0.6241 0.6189
vn -0.2213 -0.9320 0.2872
vn 0.0931 -0.9883 -0.1208
vn 0.3816 -0.7806 -0.4950
vn 0.5681 -0.3663 -0.7370
vn 0.6041 0.1444 -0.7837
vn 0.4804 0.6171 -0.6232
vn 0.2289 0.9270 -0.2970
vn -0.0845 0.9904 0.1096
vn -0.3761 0.7876 0.4881
vn -0.5667 0.3712 0.7356
vn -0.6766 -0.1467 0.7216
vn -0.5340 -0.6249 0.5695
vn -0.2471 -0.9325 0.2634
vn 0.1054 -0.9881 -0.1123
vn 0.4284 -0.7798 -0.4564
vn 0.6370 -0.3657 -0.6786
vn 0.6773 0.1442 -0.7215
vn 0.5390 0.6163 -0.5742
vn 0.2575 0.9265 -0.2744
vn -0.0936 0.9906 0.0998
vn -0.4209 0.7883 0.4488
vn -0.6350 0.3717 0.6772
vn -0.7600 -0.1471 0.6331
vn -0.5992 -0.6262 0.4989
vn -0.2758 -0.9334 0.2295
vn 0.1206 -0.9876 -0.1002
vn 0.4829 -0.7784 -0.4011
vn 0.7164 -0.3647 -0.5948
vn 0.7614 0.1437 -0.6322
vn 0.6067 0.6149 -0.5038
vn 0.2914 0.9255 -0.2421
vn -0.1031 0.9910 0.0858
vn -0.4715 0.7897 0.3926
vn -0.7130 0.3726 0.5939
vn -0.8553 -0.1477 0.4966
vn -0.6730 -0.6284 0.3902
vn -0.3070 -0.9350 0.1777
vn 0.1400 -0.9869 -0.0806
vn 0.5467 -0.7760 -0.3147
vn 0.8077 -0.3630 -0.4646
vn 0.8580 0.1430 -0.4934
vn 0.6852 0.6125 -0.3942
vn 0.3319 0.9238 -0.1911
vn -0.1120 0.9916 0.0648
vn -0.5284 0.7919 0.3061
vn -0.8021 0.3742 0.4655
vn -0.9491 -0.1488 0.2775
vn -0.7440 -0.6320 0.2166
vn -0.3344 -0.9374 0.0968
vn 0.1622 -0.9857 -0.0462
vn 0.6108 -0.7725 -0.1738
vn 0.8972 -0.3607 -0.2549
vn 0.9522 0.1421 -0.2705
vn 0.7628 0.6091 -0.2169
vn 0.3742 0.9212 -0.1066
vn -0.1173 0.9925 0.0340
vn -0.5819 0.7955 0.1689
vn -0.8892 0.3768 0.2596
vn -0.9868 -0.1512 -0.0572
vn -0.7680 -0.6389 -0.0442
vn -0.3384 -0.9408 -0.0193
vn 0.1749 -0.9845 0.0097
vn 0.6365 -0.7705 0.0351
vn 0.9316 -0.3599 0.0513
vn 0.9884 0.1417 0.0544
vn 0.7931 0.6076 0.0437
vn 0.3931 0.9192 0.0218
vn -0.1133 0.9935 -0.0065
vn -0.5970 0.8015 -0.0342
vn -0.9225 0.3822 -0.0534
vn -0.9249 -0.1477 -0.3504
vn -0.7278 -0.6285 -0.2744
vn -0.3315 -0.9353 -0.1241
vn 0.1529 -0.9867 0.0560
vn 0.5933 -0.7751 0.2172
vn 0.8755 -0.3624 0.3196
vn 0.9298 0.1428 0.3393
vn 0.7431 0.6116 0.2716
vn 0.3608 0.9232 0.1323
vn -0.1202 0.9917 -0.0451
vn -0.5714 0.7921 -0.2147
vn -0.8674 0.3742 -0.3281
vn -0.8792 -0.1454 -0.4538
vn -0.6967 -0.6209 -0.3592
vn -0.3268 -0.9300 -0.1682
vn 0.1314 -0.9891 0.0672
vn 0.5542 -0.7827 0.2833
vn 0.8283 -0.3676 0.4229
vn 0.8813 0.1449 0.4498
vn 0.6994 0.6191 0.3573
vn 0.3303 0.9287 0.1689
vn -0.1278 0.9896 -0.0658
vn -0.5512 0.7845 -0.2839
vn -0.8260 0.3689 -0.4262
vn -0.8674 -0.1458 -0.4758
vn -0.6866 -0.6219 -0.3767
vn -0.3213 -0.9304 -0.1763
vn 0.1297 -0.9890 0.0712
vn 0.5455 -0.7828 0.2993
vn 0.8152 -0.3679 0.4473
vn 0.8674 0.1450 0.4759
vn 0.6883 0.6194 0.3777
vn 0.3252 0.9286 0.1785
vn -0.1253 0.9897 -0.0687
vn -0.5427 0.7854 -0.2977
vn -0.8146 0.3696 -0.4469
vn -0.8499 -0.1459 -0.5063
vn -0.6726 -0.6222 -0.4006
vn -0.3144 -0.9306 -0.1873
vn 0.1277 -0.9889 0.0761
vn 0.5349 -0.7825 0.3187
vn 0.7989 -0.3676 0.4760
vn 0.8500 0.1450 0.5064
vn 0.6747 0.6190 0.4020
vn 0.3192 0.9284 0.1902
vn -0.1222 0.9898 -0.0728
vn -0.5315 0.7857 -0.3166
vn -0.7982 0.3699 -0.4755
vn -0.8268 -0.1460 -0.5432
vn -0.6540 -0.6226 -0.4297
vn -0.3053 -0.9309 -0.2006
vn 0.1248 -0.9888 0.0820
vn 0.5207 -0.7822 0.3422
vn 0.7772 -0.3674 0.5108
vn 0.8268 0.1448 0.5435
vn 0.6565 0.6187 0.4315
vn 0.3110 0.9281 0.2044
vn -0.1182 0.9899 -0.0777
vn -0.5166 0.7861 -0.3395
vn -0.7764 0.3701 -0.5101
vn -0.7959 -0.1461 -0.5875
vn -0.6293 -0.6230 -0.4646
vn -0.2932 -0.9312 -0.2165
vn 0.1209 -0.9886 0.0893
vn 0.5017 -0.7817 0.3705
vn 0.7483 -0.3670 0.5526
vn 0.7959 0.1447 0.5878
vn 0.6323 0.6182 0.4670
vn 0.3001 0.9278 0.2216
vn -0.1131 0.9901 -0.0835
vn -0.4968 0.7865 -0.3668
vn -0.7473 0.3705 -0.5517
vn -0.7542 -0.1463 -0.6402
vn -0.5959 -0.6236 -0.5059
vn -0.2770 -0.9316 -0.2352
vn 0.1155 -0.9885 0.0981
vn 0.4759 -0.7811 0.4042
vn 0.7091 -0.3666 0.6023
vn 0.7541 0.1445 0.6406
vn 0.5994 0.6176 0.5092
vn 0.2851 0.9274 0.2422
vn -0.1062 0.9902 -0.0902
vn -0.4702 0.7871 -0.3992
vn -0.7080 0.3709 -0.6010
vn -0.6970 -0.1465 -0.7019
vn -0.5503 -0.6244 -0.5543
vn -0.2550 -0.9322 -0.2569
vn 0.1078 -0.9882 0.1087
vn 0.4404 -0.7803 0.4440
vn 0.6553 -0.3661 0.6607
vn 0.6968 0.1443 0.7026
vn 0.5543 0.6168 0.5588
vn 0.2644 0.9268 0.2666
vn -0.0971 0.9905 -0.0978
vn -0.4339 0.7879 -0.4370
vn -0.6542 0.3714 -0.6588
vn -0.6178 -0.1468 -0.7725
vn -0.4873 -0.6254 -0.6094
vn -0.2249 -0.9329 -0.2813
vn 0.0968 -0.9879 0.1212
vn 0.3910 -0.7793 0.4897
vn 0.5807 -0.3654 0.7275
vn 0.6174 0.1440 0.7734
vn 0.4916 0.6158 0.6157
vn 0.2354 0.9261 0.2948
vn -0.0848 0.9907 -0.1060
vn -0.3837 0.7889 -0.4800
vn -0.5797 0.3721 -0.7249
vn -0.5080 -0.1472 -0.8487
vn -0.4002 -0.6267 -0.6687
vn -0.1837 -0.9337 -0.3072
vn 0.0808 -0.9875 0.1353
vn 0.3220 -0.7781 0.5394
vn 0.4772 -0.3645 0.7996
vn 0.5071 0.1437 0.8498
vn 0.4043 0.6146 0.6774
vn 0.1945 0.9252 0.3258
vn -0.0684 0.9911 -0.1143
vn -0.3147 0.7901 -0.5260
vn -0.4765 0.3730 -0.7961
vn -0.3591 -0.1477 -0.9216
vn -0.2823 -0.6281 -0.7251
vn -0.1289 -0.9347 -0.3313
vn 0.0580 -0.9871 0.1494
vn 0.2277 -0.7767 0.5872
vn 0.3367 -0.3636 0.8686
vn 0.3577 0.1433 0.9228
vn 0.2855 0.6133 0.7364
vn 0.1381 0.9243 0.3559
vn -0.0473 0.9915 -0.1216
vn -0.2217 0.7916 -0.5695
vn -0.3366 0.3741 -0.8641
vn -0.1682 -0.1481 -0.9746
vn -0.1321 -0.6295 -0.7657
vn -0.0599 -0.9356 -0.3480
vn 0.0275 -0.9867 0.1603
vn 0.1067 -0.7756 0.6221
vn 0.1574 -0.3629 0.9184
vn 0.1671 0.1430 0.9755
vn 0.1336 0.6122 0.7793
vn 0.0649 0.9234 0.3783
vn -0.0217 0.9918 -0.1261
vn -0.1035 0.7929 -0.6005
vn -0.1577 0.3750 -0.9135
vn -0.0622 -0.1473 -0.9871
vn -0.0489 -0.6275 -0.7771
vn -0.0222 -0.9351 -0.3536
vn 0.0102 -0.9864 0.1642
vn 0.0395 -0.7732 0.6329
vn 0.0580 -0.3606 0.9309
vn 0.0615 0.1420 0.9880
vn 0.0493 0.6094 0.7914
vn 0.0241 0.9222 0.3859
vn -0.0080 0.9918 -0.1276
vn -0.0383 0.7915 -0.6100
vn -0.0583 0.3733 -0.9259
vt 0.363636 0.000000
vt 0.181818 0.000000
vt 0.272727 0.000000
vt 0.090909 0.000000
vt 0.454545 0.000000
vt 0.000000 0.000000
vt 0.545455 0.000000
vt 1.000000 0.000000
vt 0.636364 0.000000
vt 0.909091 0.000000
vt 0.727273 0.000000
vt 0.818182 0.000000
vt 0.000000 1.000000
vt 0.013889 1.000000
vt 0.013889 0.916667
vt 0.000000 0.916667
vt 0.000000 0.083333
vt 0.013889 0.083333
vt 0.013889 0.000000
vt 0.000000 0.166667
vt 0.013889 0.166667
vt 0.000000 0.250000
vt 0.013889 0.250000
vt 0.000000 0.333333
vt 0.013889 0.333333
vt 0.000000 0.416667
vt 0.013889 0.416667
vt 0.000000 0.500000
vt 0.013889 0.500000
vt 0.000000 0.583333
vt 0.013889 0.583333
vt 0.000000 0.666667
vt 0.013889 0.666667
vt 0.000000 0.750000
vt 0.013889 0.750000
vt 0.000000 0.833333
vt 0.013889 0.833333
vt 0.027778 1.000000
vt 0.027778 0.916667
vt 0.027778 0.083333
vt 0.027778 0.000000
vt 0.027778 0.166667
vt 0.027778 0.250000
vt 0.027778 0.333333
vt 0.027778 0.416667
vt 0.027778 0.500000
vt 0.027778 0.583333
vt 0.027778 0.666667
vt 0.027778 0.750000
vt 0.027778 0.833333
vt 0.041667 1.000000
vt 0.041667 0.916667
vt 0.041667 0.083333
vt 0.041667 0.000000
vt 0.041667 0.166667
vt 0.041667 0.250000
vt 0.041667 0.333333
vt 0.041667 0.416667
vt 0.041667 0.500000
vt 0.041667 0.583333
vt 0.041667 0.666667
vt 0.041667 0.750000
vt 0.041667 0.833333
vt 0.055556 1.000000
vt 0.055556 0.916667
vt 0.055556 0.083333
vt 0.055556 0.000000
vt 0.055556 0.166667
vt 0.055556 0.250000
vt 0.055556 0.333333
vt 0.055556 0.416667
vt 0.055556 0.500000
vt 0.055556 0.583333
vt 0.055556 0.666667
vt 0.055556 0.750000
vt 0.055556 0.833333
vt 0.069444 1.000000
vt 0.069444 0.916667
vt 0.069444 0.083333
vt 0.069444 0.000000
vt 0.069444 0.166667
vt 0.069444 0.250000
vt 0.069444 0.333333
vt 0.069444 0.416667
vt 0.069444 0.500000
vt 0.069444 0.583333
vt 0.069444 0.666667
vt 0.069444 0.750000
vt 0.069444 0.833333
vt 0.083333 1.000000
vt 0.083333 0.916667
vt 0.083333 0.083333
vt 0.083333 0.000000
vt 0.083333 0.166667
vt 0.083333 0.250000
vt 0.083333 0.333333
vt 0.083333 0.416667
vt 0.083333 0.500000
vt 0.083333 0.583333
vt 0.083333 0.666667
vt 0.083333 0.750000
vt 0.083333 0.833333
vt 0.097222 1.000000
vt 0.097222 0.916667
vt 0.097222 0.083333
vt 0.097222 0.000000
vt 0.097222 0.166667
vt 0.097222 0.250000
vt 0.097222 0.333333
vt 0.097222 0.416667
vt 0.097222 0.500000
vt 0.097222 0.583333
vt 0.097222 0.666667
vt 0.097222 0.750000
vt 0.097222 0.833333
vt 0.111111 1.000000
vt 0.111111 0.916667
vt 0.111111 0.083333
vt 0.111111 0.000000
vt 0.111111 0.166667
vt 0.111111 0.250000
vt 0.111111 0.333333
vt 0.111111 0.416667
vt 0.111111 0.500000
vt 0.111111 0.583333
vt 0.111111 0.666667
vt 0.111111 0.750000
vt 0.111111 0.833333
vt 0.125000 1.000000
vt 0.125000 0.916667
vt 0.125000 0.083333
vt 0.125000 0.000000
vt 0.125000 0.166667
vt 0.125000 0.250000
vt 0.125000 0.333333
vt 0.125000 0.416667
vt 0.125000 0.500000
vt 0.125000 0.583333
vt 0.125000 0.666667
vt 0.125000 0.750000
vt 0.125000 0.833333
vt 0.138889 1.000000
vt 0.138889 0.916667
vt 0.138889 0.083333
vt 0.138889 0.000000
vt 0.138889 0.166667
vt 0.138889 0.250000
vt 0.138889 0.333333
vt 0.138889 0.416667
vt 0.138889 0.500000
vt 0.138889 0.583333
vt 0.138889 0.666667
vt 0.138889 0.750000
vt 0.138889 0.833333
vt 0.152778 1.000000
vt 0.152778 0.916667
vt 0.152778 0.083333
vt 0.152778 0.000000
vt 0.152778 0.166667
vt 0.152778 0.250000
vt 0.152778 0.333333
vt 0.152778 0.416667
vt 0.152778 0.500000
vt 0.152778 0.583333
vt 0.152778 0.666667
vt 0.152778 0.750000
vt 0.152778 0.833333
vt 0.166667 1.000000
vt 0.166667 0.916667
vt 0.166667 0.083333
vt 0.166667 0.000000
vt 0.166667 0.166667
vt 0.166667 0.250000
vt 0.166667 0.333333
vt 0.166667 0.416667
vt 0.166667 0.500000
vt 0.166667 0.583333
vt 0.166667 0.666667
vt 0.166667 0.750000
vt 0.166667 0.833333
vt 0.180556 1.000000
vt 0.180556 0.916667
vt 0.180556 0.083333
vt 0.180556 0.000000
vt 0.180556 0.166667
vt 0.180556 0.250000
vt 0.180556 0.333333
vt 0.180556 0.416667
vt 0.180556 0.500000
vt 0.180556 0.583333
vt 0.180556 0.666667
vt 0.180556 0.750000
vt 0.180556 0.833333
vt 0.194444 1.000000
vt 0.194444 0.916667
vt 0.194444 0.083333
vt 0.194444 0.000000
vt 0.194444 0.166667
vt 0.194444 0.250000
vt 0.194444 0.333333
vt 0.194444 0.416667
vt 0.194444 0.500000
vt 0.194444 0.583333
vt 0.194444 0.666667
vt 0.194444 0.750000
vt 0.194444 0.833333
vt 0.208333 1.000000
vt 0.208333 0.916667
vt 0.208333 0.083333
vt 0.208333 0.000000
vt 0.208333 0.166667
vt 0.208333 0.250000
vt 0.208333 0.333333
vt 0.208333 0.416667
vt 0.208333 0.500000
vt 0.208333 0.583333
vt 0.208333 0.666667
vt 0.208333 0.750000
vt 0.208333 0.833333
vt 0.222222 1.000000
vt 0.222222 0.916667
vt 0.222222 0.083333
vt 0.222222 0.000000
vt 0.222222 0.166667
vt 0.222222 0.250000
vt 0.222222 0.333333
vt 0.222222 0.416667
vt 0.222222 0.500000
vt 0.222222 0.583333
vt 0.222222 0.666667
vt 0.222222 0.750000
vt 0.222222 0.833333
vt 0.236111 1.000000
vt 0.236111 0.916667
vt 0.236111 0.083333
vt 0.236111 0.000000
vt 0.236111 0.166667
vt 0.236111 0.250000
vt 0.236111 0.333333
vt 0.236111 0.416667
vt 0.236111 0.500000
vt 0.236111 0.583333
vt 0.236111 0.666667
vt 0.236111 0.750000
vt 0.236111 0.833333
vt 0.250000 1.000000
vt 0.250000 0.916667
vt 0.250000 0.083333
vt 0.250000 0.000000
vt 0.250000 0.166667
vt 0.250000 0.250000
vt 0.250000 0.333333
vt 0.250000 0.416667
vt 0.250000 0.500000
vt 0.250000 0.583333
vt 0.250000 0.666667
vt 0.250000 0.750000
vt 0.250000 0.833333
vt 0.263889 1.000000
vt 0.263889 0.916667
vt 0.263889 0.083333
vt 0.263889 0.000000
vt 0.263889 0.166667
vt 0.263889 0.250000
vt 0.263889 0.333333
vt 0.263889 0.416667
vt 0.263889 0.500000
vt 0.263889 0.583333
vt 0.263889 0.666667
vt 0.263889 0.750000
vt 0.263889 0.833333
vt 0.277778 1.000000
vt 0.277778 0.916667
vt 0.277778 0.083333
vt 0.277778 0.000000
vt 0.277778 0.166667
vt 0.277778 0.250000
vt 0.277778 0.333333
vt 0.277778 0.416667
vt 0.277778 0.500000
vt 0.277778 0.583333
vt 0.277778 0.666667
vt 0.277778 0.750000
vt 0.277778 0.833333
vt 0.291667 1.000000
vt 0.291667 0.916667
vt 0.291667 0.083333
vt 0.291667 0.000000
vt 0.291667 0.166667
vt 0.291667 0.250000
vt 0.291667 0.333333
vt 0.291667 0.416667
vt 0.291667 0.500000
vt 0.291667 0.583333
vt 0.291667 0.666667
vt 0.291667 0.750000
vt 0.291667 0.833333
vt 0.305556 1.000000
vt 0.305556 0.916667
vt 0.305556 0.083333
vt 0.305556 0.000000
vt 0.305556 0.166667
vt 0.305556 0.250000
vt 0.305556 0.333333
vt 0.305556 0.416667
vt 0.305556 0.500000
vt 0.305556 0.583333
vt 0.305556 0.666667
vt 0.305556 0.750000
vt 0.305556 0.833333
vt 0.319444 1.000000
vt 0.319444 0.916667
vt 0.319444 0.083333
vt 0.319444 0.000000
vt 0.319444 0.166667
vt 0.319444 0.250000
vt 0.319444 0.333333
vt 0.319444 0.416667
vt 0.319444 0.500000
vt 0.319444 0.583333
vt 0.319444 0.666667
vt 0.319444 0.750000
vt 0.319444 0.833333
vt 0.333333 1.000000
vt 0.333333 0.916667
vt 0.333333 0.083333
vt 0.333333 0.000000
vt 0.333333 0.166667
vt 0.333333 0.250000
vt 0.333333 0.333333
vt 0.333333 0.416667
vt 0.333333 0.500000
vt 0.333333 0.583333
vt 0.333333 0.666667
vt 0.333333 0.750000
vt 0.333333 0.833333
vt 0.347222 1.000000
vt 0.347222 0.916667
vt 0.347222 0.083333
vt 0.347222 0.000000
vt 0.347222 0.166667
vt 0.347222 0.250000
vt 0.347222 0.333333
vt 0.347222 0.416667
vt 0.347222 0.500000
vt 0.347222 0.583333
vt 0.347222 0.666667
vt 0.347222 0.750000
vt 0.347222 0.833333
vt 0.361111 1.000000
vt 0.361111 0.916667
vt 0.361111 0.083333
vt 0.361111 0.000000
vt 0.361111 0.166667
vt 0.361111 0.250000
vt 0.361111 0.333333
vt 0.361111 0.416667
vt 0.361111 0.500000
vt 0.361111 0.583333
vt 0.361111 0.666667
vt 0.361111 0.750000
vt 0.361111 0.833333
vt 0.375000 1.000000
vt 0.375000 0.916667
vt 0.375000 0.083333
vt 0.375000 0.000000
vt 0.375000 0.166667
vt 0.375000 0.250000
vt 0.375000 0.333333
vt 0.375000 0.416667
vt 0.375000 0.500000
vt 0.375000 0.583333
vt 0.375000 0.666667
vt 0.375000 0.750000
vt 0.375000 0.833333
vt 0.388889 1.000000
vt 0.388889 0.916667
vt 0.388889 0.083333
vt 0.388889 0.000000
vt 0.388889 0.166667
vt 0.388889 0.250000
vt 0.388889 0.333333
vt 0.388889 0.416667
vt 0.388889 0.500000
vt 0.388889 0.583333
vt 0.388889 0.666667
vt 0.388889 0.750000
vt 0.388889 0.833333
vt 0.402778 1.000000
vt 0.402778 0.916667
vt 0.402778 0.083333
vt 0.402778 0.000000
vt 0.402778 0.166667
vt 0.402778 0.250000
vt 0.402778 0.333333
vt 0.402778 0.416667
vt 0.402778 0.500000
vt 0.402778 0.583333
vt 0.402778 0.666667
vt 0.402778 0.750000
vt 0.402778 0.833333
vt 0.416667 1.000000
vt 0.416667 0.916667
vt 0.416667 0.083333
vt 0.416667 0.000000
vt 0.416667 0.166667
vt 0.416667 0.250000
vt 0.416667 0.333333
vt 0.416667 0.416667
vt 0.416667 0.500000
vt 0.416667 0.583333
vt 0.416667 0.666667
vt 0.416667 0.750000
vt 0.416667 0.833333
vt 0.430556 1.000000
vt 0.430556 0.916667
vt 0.430556 0.083333
vt 0.430556 0.000000
vt 0.430556 0.166667
vt 0.430556 0.250000
vt 0.430556 0.333333
vt 0.430556 0.416667
vt 0.430556 0.500000
vt 0.430556 0.583333
vt 0.430556 0.666667
vt 0.430556 0.750000
vt 0.430556 0.833333
vt 0.444444 1.000000
vt 0.444444 0.916667
vt 0.444444 0.083333
vt 0.444444 0.000000
vt 0.444444 0.166667
vt 0.444444 0.250000
vt 0.444444 0.333333
vt 0.444444 0.416667
vt 0.444444 0.500000
vt 0.444444 0.583333
vt 0.444444 0.666667
vt 0.444444 0.750000
vt 0.444444 0.833333
vt 0.458333 1.000000
vt 0.458333 0.916667
vt 0.458333 0.083333
vt 0.458333 0.000000
vt 0.458333 0.166667
vt 0.458333 0.250000
vt 0.458333 0.333333
vt 0.458333 0.416667
vt 0.458333 0.500000
vt 0.458333 0.583333
vt 0.458333 0.666667
vt 0.458333 0.750000
vt 0.458333 0.833333
vt 0.472222 1.000000
vt 0.472222 0.916667
vt 0.472222 0.083333
vt 0.472222 0.000000
vt 0.472222 0.166667
vt 0.472222 0.250000
vt 0.472222 0.333333
vt 0.472222 0.416667
vt 0.472222 0.500000
vt 0.472222 0.583333
vt 0.472222 0.666667
vt 0.472222 0.750000
vt 0.472222 0.833333
vt 0.486111 1.000000
vt 0.486111 0.916667
vt 0.486111 0.083333
vt 0.486111 0.000000
vt 0.486111 0.166667
vt 0.486111 0.250000
vt 0.486111 0.333333
vt 0.486111 0.416667
vt 0.486111 0.500000
vt 0.486111 0.583333
vt 0.486111 0.666667
vt 0.486111 0.750000
vt 0.486111 0.833333
vt 0.500000 1.000000
vt 0.500000 0.916667
vt 0.500000 0.083333
vt 0.500000 0.000000
vt 0.500000 0.166667
vt 0.500000 0.250000
vt 0.500000 0.333333
vt 0.500000 0.416667
vt 0.500000 0.500000
vt 0.500000 0.583333
vt 0.500000 0.666667
vt 0.500000 0.750000
vt 0.500000 0.833333
vt 0.513889 1.000000
vt 0.513889 0.916667
vt 0.513889 0.083333
vt 0.513889 0.000000
vt 0.513889 0.166667
vt 0.513889 0.250000
vt 0.513889 0.333333
vt 0.513889 0.416667
vt 0.513889 0.500000
vt 0.513889 0.583333
vt 0.513889 0.666667
vt 0.513889 0.750000
vt 0.513889 0.833333
vt 0.527778 1.000000
vt 0.527778 0.916667
vt 0.527778 0.083333
vt 0.527778 0.000000
vt 0.527778 0.166667
vt 0.527778 0.250000
vt 0.527778 0.333333
vt 0.527778 0.416667
vt 0.527778 0.500000
vt 0.527778 0.583333
vt 0.527778 0.666667
vt 0.527778 0.750000
vt 0.527778 0.833333
vt 0.541667 1.000000
vt 0.541667 0.916667
vt 0.541667 0.083333
vt 0.541667 0.000000
vt 0.541667 0.166667
vt 0.541667 0.250000
vt 0.541667 0.333333
vt 0.541667 0.416667
vt 0.541667 0.500000
vt 0.541667 0.583333
vt 0.541667 0.666667
vt 0.541667 0.750000
vt 0.541667 0.833333
vt 0.555556 1.000000
vt 0.555556 0.916667
vt 0.555556 0.083333
vt 0.555556 0.000000
vt 0.555556 0.166667
vt 0.555556 0.250000
vt 0.555556 0.333333
vt 0.555556 0.416667
vt 0.555556 0.500000
vt 0.555556 0.583333
vt 0.555556 0.666667
vt 0.555556 0.750000
vt 0.555556 0.833333
vt 0.569444 1.000000
vt 0.569444 0.916667
vt 0.569444 0.083333
vt 0.569444 0.000000
vt 0.569444 0.166667
vt 0.569444 0.250000
vt 0.569444 0.333333
vt 0.569444 0.416667
vt 0.569444 0.500000
vt 0.569444 0.583333
vt 0.569444 0.666667
vt 0.569444 0.750000
vt 0.569444 0.833333
vt 0.583333 1.000000
vt 0.583333 0.916667
vt 0.583333 0.083333
vt 0.583333 0.000000
vt 0.583333 0.166667
vt 0.583333 0.250000
vt 0.583333 0.333333
vt 0.583333 0.416667
vt 0.583333 0.500000
vt 0.583333 0.583333
vt 0.583333 0.666667
vt 0.583333 0.750000
vt 0.583333 0.833333
vt 0.597222 1.000000
vt 0.597222 0.916667
vt 0.597222 0.083333
vt 0.597222 0.000000
vt 0.597222 0.166667
vt 0.597222 0.250000
vt 0.597222 0.333333
vt 0.597222 0.416667
vt 0.597222 0.500000
vt 0.597222 0.583333
vt 0.597222 0.666667
vt 0.597222 0.750000
vt 0.597222 0.833333
vt 0.611111 1.000000
vt 0.611111 0.916667
vt 0.611111 0.083333
vt 0.611111 0.000000
vt 0.611111 0.166667
vt 0.611111 0.250000
vt 0.611111 0.333333
vt 0.611111 0.416667
vt 0.611111 0.500000
vt 0.611111 0.583333
vt 0.611111 0.666667
vt 0.611111 0.750000
vt 0.611111 0.833333
vt 0.625000 1.000000
vt 0.625000 0.916667
vt 0.625000 0.083333
vt 0.625000 0.000000
vt 0.625000 0.166667
vt 0.625000 0.250000
vt 0.625000 0.333333
vt 0.625000 0.416667
vt 0.625000 0.500000
vt 0.625000 0.583333
vt 0.625000 0.666667
vt 0.625000 0.750000
vt 0.625000 0.833333
vt 0.638889 1.000000
vt 0.638889 0.916667
vt 0.638889 0.083333
vt 0.638889 0.000000
vt 0.638889 0.166667
vt 0.638889 0.250000
vt 0.638889 0.333333
vt 0.638889 0.416667
vt 0.638889 0.500000
vt 0.638889 0.583333
vt 0.638889 0.666667
vt 0.638889 0.750000
vt 0.638889 0.833333
vt 0.652778 1.000000
vt 0.652778 0.916667
vt 0.652778 0.083333
vt 0.652778 0.000000
vt 0.652778 0.166667
vt 0.652778 0.250000
vt 0.652778 0.333333
vt 0.652778 0.416667
vt 0.652778 0.500000
vt 0.652778 0.583333
vt 0.652778 0.666667
vt 0.652778 0.750000
vt 0.652778 0.833333
vt 0.666667 1.000000
vt 0.666667 0.916667
vt 0.666667 0.083333
vt 0.666667 0.000000
vt 0.666667 0.166667
vt 0.666667 0.250000
vt 0.666667 0.333333
vt 0.666667 0.416667
vt 0.666667 0.500000
vt 0.666667 0.583333
vt 0.666667 0.666667
vt 0.666667 0.750000
vt 0.666667 0.833333
vt 0.680556 1.000000
vt 0.680556 0.916667
vt 0.680556 0.083333
vt 0.680556 0.000000
vt 0.680556 0.166667
vt 0.680556 0.250000
vt 0.680556 0.333333
vt 0.680556 0.416667
vt 0.680556 0.500000
vt 0.680556 0.583333
vt 0.680556 0.666667
vt 0.680556 0.750000
vt 0.680556 0.833333
vt 0.694444 1.000000
vt 0.694444 0.916667
vt 0.694444 0.083333
vt 0.694444 0.000000
vt 0.694444 0.166667
vt 0.694444 0.250000
vt 0.694444 0.333333
vt 0.694444 0.416667
vt 0.694444 0.500000
vt 0.694444 0.583333
vt 0.694444 0.666667
vt 0.694444 0.750000
vt 0.694444 0.833333
vt 0.708333 1.000000
vt 0.708333 0.916667
vt 0.708333 0.083333
vt 0.708333 0.000000
vt 0.708333 0.166667
vt 0.708333 0.250000
vt 0.708333 0.333333
vt 0.708333 0.416667
vt 0.708333 0.500000
vt 0.708333 0.583333
vt 0.708333 0.666667
vt 0.708333 0.750000
vt 0.708333 0.833333
vt 0.722222 1.000000
vt 0.722222 0.916667
vt 0.722222 0.083333
vt 0.722222 0.000000
vt 0.722222 0.166667
vt 0.722222 0.250000
vt 0.722222 0.333333
vt 0.722222 0.416667
vt 0.722222 0.500000
vt 0.722222 0.583333
vt 0.722222 0.666667
vt 0.722222 0.750000
vt 0.722222 0.833333
vt 0.736111 1.000000
vt 0.736111 0.916667
vt 0.736111 0.083333
vt 0.736111 0.000000
vt 0.736111 0.166667
vt 0.736111 0.250000
vt 0.736111 0.333333
vt 0.736111 0.416667
vt 0.736111 0.500000
vt 0.736111 0.583333
vt 0.736111 0.666667
vt 0.736111 0.750000
vt 0.736111 0.833333
vt 0.750000 1.000000
vt 0.750000 0.916667
vt 0.750000 0.083333
vt 0.750000 0.000000
vt 0.750000 0.166667
vt 0.750000 0.250000
vt 0.750000 0.333333
vt 0.750000 0.416667
vt 0.750000 0.500000
vt 0.750000 0.583333
vt 0.750000 0.666667
vt 0.750000 0.750000
vt 0.750000 0.833333
vt 0.763889 1.000000
vt 0.763889 0.916667
vt 0.763889 0.083333
vt 0.763889 0.000000
vt 0.763889 0.166667
vt 0.763889 0.250000
vt 0.763889 0.333333
vt 0.763889 0.416667
vt 0.763889 0.500000
vt 0.763889 0.583333
vt 0.763889 0.666667
vt 0.763889 0.750000
vt 0.763889 0.833333
vt 0.777778 1.000000
vt 0.777778 0.916667
vt 0.777778 0.083333
vt 0.777778 0.000000
vt 0.777778 0.166667
vt 0.777778 0.250000
vt 0.777778 0.333333
vt 0.777778 0.416667
vt 0.777778 0.500000
vt 0.777778 0.583333
vt 0.777778 0.666667
vt 0.777778 0.750000
vt 0.777778 0.833333
vt 0.791667 1.000000
vt 0.791667 0.916667
vt 0.791667 0.083333
vt 0.791667 0.000000
vt 0.791667 0.166667
vt 0.791667 0.250000
vt 0.791667 0.333333
vt 0.791667 0.416667
vt 0.791667 0.500000
vt 0.791667 0.583333
vt 0.791667 0.666667
vt 0.791667 0.750000
vt 0.791667 0.833333
vt 0.805556 1.000000
vt 0.805556 0.916667
vt 0.805556 0.083333
vt 0.805556 0.000000
vt 0.805556 0.166667
vt 0.805556 0.250000
vt 0.805556 0.333333
vt 0.805556 0.416667
vt 0.805556 0.500000
vt 0.805556 0.583333
vt 0.805556 0.666667
vt 0.805556 0.750000
vt 0.805556 0.833333
vt 0.819444 1.000000
vt 0.819444 0.916667
vt 0.819444 0.083333
vt 0.819444 0.000000
vt 0.819444 0.166667
vt 0.819444 0.250000
vt 0.819444 0.333333
vt 0.819444 0.416667
vt 0.819444 0.500000
vt 0.819444 0.583333
vt 0.819444 0.666667
vt 0.819444 0.750000
vt 0.819444 0.833333
vt 0.833333 1.000000
vt 0.833333 0.916667
vt 0.833333 0.083333
vt 0.833333 0.000000
vt 0.833333 0.166667
vt 0.833333 0.250000
vt 0.833333 0.333333
vt 0.833333 0.416667
vt 0.833333 0.500000
vt 0.833333 0.583333
vt 0.833333 0.666667
vt 0.833333 0.750000
vt 0.833333 0.833333
vt 0.847222 1.000000
vt 0.847222 0.916667
vt 0.847222 0.083333
vt 0.847222 0.000000
vt 0.847222 0.166667
vt 0.847222 0.250000
vt 0.847222 0.333333
vt 0.847222 0.416667
vt 0.847222 0.500000
vt 0.847222 0.583333
vt 0.847222 0.666667
vt 0.847222 0.750000
vt 0.847222 0.833333
vt 0.861111 1.000000
vt 0.861111 0.916667
vt 0.861111 0.083333
vt 0.861111 0.000000
vt 0.861111 0.166667
vt 0.861111 0.250000
vt 0.861111 0.333333
vt 0.861111 0.416667
vt 0.861111 0.500000
vt 0.861111 0.583333
vt 0.861111 0.666667
vt 0.861111 0.750000
vt 0.861111 0.833333
vt 0.875000 1.000000
vt 0.875000 0.916667
vt 0.875000 0.083333
vt 0.875000 0.000000
vt 0.875000 0.166667
vt 0.875000 0.250000
vt 0.875000 0.333333
vt 0.875000 0.416667
vt 0.875000 0.500000
vt 0.875000 0.583333
vt 0.875000 0.666667
vt 0.875000 0.750000
vt 0.875000 0.833333
vt 0.888889 1.000000
vt 0.888889 0.916667
vt 0.888889 0.083333
vt 0.888889 0.000000
vt 0.888889 0.166667
vt 0.888889 0.250000
vt 0.888889 0.333333
vt 0.888889 0.416667
vt 0.888889 0.500000
vt 0.888889 0.583333
vt 0.888889 0.666667
vt 0.888889 0.750000
vt 0.888889 0.833333
vt 0.902778 1.000000
vt 0.902778 0.916667
vt 0.902778 0.083333
vt 0.902778 0.000000
vt 0.902778 0.166667
vt 0.902778 0.250000
vt 0.902778 0.333333
vt 0.902778 0.416667
vt 0.902778 0.500000
vt 0.902778 0.583333
vt 0.902778 0.666667
vt 0.902778 0.750000
vt 0.902778 0.833333
vt 0.916667 1.000000
vt 0.916667 0.916667
vt 0.916667 0.083333
vt 0.916667 0.000000
vt 0.916667 0.166667
vt 0.916667 0.250000
vt 0.916667 0.333333
vt 0.916667 0.416667
vt 0.916667 0.500000
vt 0.916667 0.583333
vt 0.916667 0.666667
vt 0.916667 0.750000
vt 0.916667 0.833333
vt 0.930556 1.000000
vt 0.930556 0.916667
vt 0.930556 0.083333
vt 0.930556 0.000000
vt 0.930556 0.166667
vt 0.930556 0.250000
vt 0.930556 0.333333
vt 0.930556 0.416667
vt 0.930556 0.500000
vt 0.930556 0.583333
vt 0.930556 0.666667
vt 0.930556 0.750000
vt 0.930556 0.833333
vt 0.944444 1.000000
vt 0.944444 0.916667
vt 0.944444 0.083333
vt 0.944444 0.000000
vt 0.944444 0.166667
vt 0.944444 0.250000
vt 0.944444 0.333333
vt 0.944444 0.416667
vt 0.944444 0.500000
vt 0.944444 0.583333
vt 0.944444 0.666667
vt 0.944444 0.750000
vt 0.944444 0.833333
vt 0.958333 1.000000
vt 0.958333 0.916667
vt 0.958333 0.083333
vt 0.958333 0.000000
vt 0.958333 0.166667
vt 0.958333 0.250000
vt 0.958333 0.333333
vt 0.958333 0.416667
vt 0.958333 0.500000
vt 0.958333 0.583333
vt 0.958333 0.666667
vt 0.958333 0.750000
vt 0.958333 0.833333
vt 0.972222 1.000000
vt 0.972222 0.916667
vt 0.972222 0.083333
vt 0.972222 0.000000
vt 0.972222 0.166667
vt 0.972222 0.250000
vt 0.972222 0.333333
vt 0.972222 0.416667
vt 0.972222 0.500000
vt 0.972222 0.583333
vt 0.972222 0.666667
vt 0.972222 0.750000
vt 0.972222 0.833333
vt 0.986111 1.000000
vt 0.986111 0.916667
vt 0.986111 0.083333
vt 0.986111 0.000000
vt 0.986111 0.166667
vt 0.986111 0.250000
vt 0.986111 0.333333
vt 0.986111 0.416667
vt 0.986111 0.500000
vt 0.986111 0.583333
vt 0.986111 0.666667
vt 0.986111 0.750000
vt 0.986111 0.833333
vt 1.000000 1.000000
vt 1.000000 0.916667
vt 1.000000 0.083333
vt 1.000000 0.166667
vt 1.000000 0.250000
vt 1.000000 0.333333
vt 1.000000 0.416667
vt 1.000000 0.500000
vt 1.000000 0.583333
vt 1.000000 0.666667
vt 1.000000 0.750000
vt 1.000000 0.833333
s 1
usemtl hair
f 5/1/1 3/2/1 4/3/1
f 5/1/1 2/4/1 3/2/1
f 6/5/1 2/4/1 5/1/1
f 6/5/1 1/6/1 2/4/1
f 7/7/1 1/6/1 6/5/1
f 7/7/1 12/8/1 1/6/1
f 8/9/1 12/8/1 7/7/1
f 8/9/1 11/10/1 12/8/1
f 9/11/1 11/10/1 8/9/1
f 9/11/1 10/12/1 11/10/1
f 20/9/2 22/12/2 21/11/2
f 19/7/2 22/12/2 20/9/2
f 19/7/2 23/10/2 22/12/2
f 18/5/2 23/10/2 19/7/2
f 18/5/2 24/8/2 23/10/2
f 17/1/2 24/8/2 18/5/2
f 17/1/2 13/6/2 24/8/2
f 16/3/2 13/6/2 17/1/2
f 16/3/2 14/4/2 13/6/2
f 15/2/2 14/4/2 16/3/2
f 25/13/3 37/14/15 48/15/26 36/16/14
f 26/17/4 38/18/16 37/19/15 25/6/3
f 27/20/5 39/21/17 38/18/16 26/17/4
f 28/22/6 40/23/18 39/21/17 27/20/5
f 29/24/7 41/25/19 40/23/18 28/22/6
f 30/26/8 42/27/20 41/25/19 29/24/7
f 31/28/9 43/29/21 42/27/20 30/26/8
f 32/30/10 44/31/22 43/29/21 31/28/9
f 33/32/11 45/33/23 44/31/22 32/30/10
f 34/34/12 46/35/24 45/33/23 33/32/11
f 35/36/13 47/37/25 46/35/24 34/34/12
f 36/16/14 48/15/26 47/37/25 35/36/13
f 37/14/15 49/38/27 60/39/38 48/15/26
f 38/18/16 50/40/28 49/41/27 37/19/15
f 39/21/17 51/42/29 50/40/28 38/18/16
f 40/23/18 52/43/30 51/42/29 39/21/17
f 41/25/19 53/44/31 52/43/30 40/23/18
f 42/27/20 54/45/32 53/44/31 41/25/19
f 43/29/21 55/46/33 54/45/32 42/27/20
f 44/31/22 56/47/34 55/46/33 43/29/21
f 45/33/23 57/48/35 56/47/34 44/31/22
f 46/35/24 58/49/36 57/48/35 45/33/23
f 47/37/25 59/50/37 58/49/36 46/35/24
f 48/15/26 60/39/38 59/50/37 47/37/25
f 49/38/27 61/51/39 72/52/50 60/39/38
f 50/40/28 62/53/40 61/54/39 49/41/27
f 51/42/29 63/55/41 62/53/40 50/40/28
f 52/43/30 64/56/42 63/55/41 51/42/29
f 53/44/31 65/57/43 64/56/42 52/43/30
f 54/45/32 66/58/44 65/57/43 53/44/31
f 55/46/33 67/59/45 66/58/44 54/45/32
f 56/47/34 68/60/46 67/59/45 55/46/33
f 57/48/35 69/61/47 68/60/46 56/47/34
f 58/49/36 70/62/48 69/61/47 57/48/35
f 59/50/37 71/63/49 70/62/48 58/49/36
f 60/39/38 72/52/50 71/63/49 59/50/37
f 61/51/39 73/64/51 84/65/62 72/52/50
f 62/53/40 74/66/52 73/67/51 61/54/39
f 63/55/41 75/68/53 74/66/52 62/53/40
f 64/56/42 76/69/54 75/68/53 63/55/41
f 65/57/43 77/70/55 76/69/54 64/56/42
f 66/58/44 78/71/56 77/70/55 65/57/43
f 67/59/45 79/72/57 78/71/56 66/58/44
f 68/60/46 80/73/58 79/72/57 67/59/45
f 69/61/47 81/74/59 80/73/58 68/60/46
f 70/62/48 82/75/60 81/74/59 69/61/47
f 71/63/49 83/76/61 82/75/60 70/62/48
f 72/52/50 84/65/62 83/76/61 71/63/49
f 73/64/51 85/77/63 96/78/74 84/65/62
f 74/66/52 86/79/64 85/80/63 73/67/51
f 75/68/53 87/81/65 86/79/64 74/66/52
f 76/69/54 88/82/66 87/81/65 75/68/53
f 77/70/55 89/83/67 88/82/66 76/69/54
f 78/71/56 90/84/68 89/83/67 77/70/55
f 79/72/57 91/85/69 90/84/68 78/71/56
f 80/73/58 92/86/70 91/85/69 79/72/57
f 81/74/59 93/87/71 92/86/70 80/73/58
f 82/75/60 94/88/72 93/87/71 81/74/59
f 83/76/61 95/89/73 94/88/72 82/75/60
f 84/65/62 96/78/74 95/89/73 83/76/61
f 85/77/63 97/90/75 108/91/86 96/78/74
f 86/79/64 98/92/76 97/93/75 85/80/63
f 87/81/65 99/94/77 98/92/76 86/79/64
f 88/82/66 100/95/78 99/94/77 87/81/65
f 89/83/67 101/96/79 100/95/78 88/82/66
f 90/84/68 102/97/80 101/96/79 89/83/67
f 91/85/69 103/98/81 102/97/80 90/84/68
f 92/86/70 104/99/82 103/98/81 91/85/69
f 93/87/71 105/100/83 104/99/82 92/86/70
f 94/88/72 106/101/84 105/100/83 93/87/71
f 95/89/73 107/102/85 106/101/84 94/88/72
f 96/78/74 108/91/86 107/102/85 95/89/73
f 97/90/75 109/103/87 120/104/98 108/91/86
f 98/92/76 110/105/88 109/106/87 97/93/75
f 99/94/77 111/107/89 110/105/88 98/92/76
f 100/95/78 112/108/90 111/107/89 99/94/77
f 101/96/79 113/109/91 112/108/90 100/95/78
f 102/97/80 114/110/92 113/109/91 101/96/79
f 103/98/81 115/111/93 114/110/92 102/97/80
f 104/99/82 116/112/94 115/111/93 103/98/81
f 105/100/83 117/113/95 116/112/94 104/99/82
f 106/101/84 118/114/96 117/113/95 105/100/83
f 107/102/85 119/115/97 118/114/96 106/101/84
f 108/91/86 120/104/98 119/115/97 107/102/85
f 109/103/87 121/116/99 132/117/110 120/104/98
f 110/105/88 122/118/100 121/119/99 109/106/87
f 111/107/89 123/120/101 122/118/100 110/105/88
f 112/108/90 124/121/102 123/120/101 111/107/89
f 113/109/91 125/122/103 124/121/102 112/108/90
f 114/110/92 126/123/104 125/122/103 113/109/91
f 115/111/93 127/124/105 126/123/104 114/110/92
f 116/112/94 128/125/106 127/124/105 115/111/93
f 117/113/95 129/126/107 128/125/106 116/112/94
f 118/114/96 130/127/108 129/126/107 117/113/95
f 119/115/97 131/128/109 130/127/108 118/114/96
f 120/104/98 132/117/110 131/128/109 119/115/97
f 121/116/99 133/129/111 144/130/122 132/117/110
f 122/118/100 134/131/112 133/132/111 121/119/99
f 123/120/101 135/133/113 134/131/112 122/118/100
f 124/121/102 136/134/114 135/133/113 123/120/101
f 125/122/103 137/135/115 136/134/114 124/121/102
f 126/123/104 138/136/116 137/135/115 125/122/103
f 127/124/105 139/137/117 138/136/116 126/123/104
f 128/125/106 140/138/118 139/137/117 127/124/105
f 129/126/107 141/139/119 140/138/118 128/125/106
f 130/127/108 142/140/120 141/139/119 129/126/107
f 131/128/109 143/141/121 142/140/120 130/127/108
f 132/117/110 144/130/122 143/141/121 131/128/109
f 133/129/111 145/142/123 156/143/134 144/130/122
f 134/131/112 146/144/124 145/145/123 133/132/111
f 135/133/113 147/146/125 146/144/124 134/131/112
f 136/134/114 148/147/126 147/146/125 135/133/113
f 137/135/115 149/148/127 148/147/126 136/134/114
f 138/136/116 150/149/128 149/148/127 137/135/115
f 139/137/117 151/150/129 150/149/128 138/136/116
f 140/138/118 152/151/130 151/150/129 139/137/117
f 141/139/119 153/152/131 152/151/130 140/138/118
f 142/140/120 154/153/132 153/152/131 141/139/119
f 143/141/121 155/154/133 154/153/132 142/140/120
f 144/130/122 156/143/134 155/154/133 143/141/121
f 145/142/123 157/155/135 168/156/146 156/143/134
f 146/144/124 158/157/136 157/158/135 145/145/123
f 147/146/125 159/159/137 158/157/136 146/144/124
f 148/147/126 160/160/138 159/159/137 147/146/125
f 149/148/127 161/161/139 160/160/138 148/147/126
f 150/149/128 162/162/140 161/161/139 149/148/127
f 151/150/129 163/163/141 162/162/140 150/149/128
f 152/151/130 164/164/142 163/163/141 151/150/129
f 153/152/131 165/165/143 164/164/142 152/151/130
f 154/153/132 166/166/144 165/165/143 153/152/131
f 155/154/133 167/167/145 166/166/144 154/153/132
f 156/143/134 168/156/146 167/167/145 155/154/133
f 157/155/135 169/168/147 180/169/158 168/156/146
f 158/157/136 170/170/148 169/171/147 157/158/135
f 159/159/137 171/172/149 170/170/148 158/157/136
f 160/160/138 172/173/150 171/172/149 159/159/137
f 161/161/139 173/174/151 172/173/150 160/160/138
f 162/162/140 174/175/152 173/174/151 161/161/139
f 163/163/141 175/176/153 174/175/152 162/162/140
f 164/164/142 176/177/154 175/176/153 163/163/141
f 165/165/143 177/178/155 176/177/154 164/164/142
f 166/166/144 178/179/156 177/178/155 165/165/143
f 167/167/145 179/180/157 178/179/156 166/166/144
f 168/156/146 180/169/158 179/180/157 167/167/145
f 169/168/147 181/181/159 192/182/170 180/169/158
f 170/170/148 182/183/160 181/184/159 169/171/147
f 171/172/149 183/185/161 182/183/160 170/170/148
f 172/173/150 184/186/162 183/185/161 171/172/149
f 173/174/151 185/187/163 184/186/162 172/173/150
f 174/175/152 186/188/164 185/187/163 173/174/151
f 175/176/153 187/189/165 186/188/164 174/175/152
f 176/177/154 188/190/166 187/189/165 175/176/153
f 177/178/155 189/191/167 188/190/166 176/177/154
f 178/179/156 190/192/168 189/191/167 177/178/155
f 179/180/157 191/193/169 190/192/168 178/179/156
f 180/169/158 192/182/170 191/193/169 179/180/157
f 181/181/159 193/194/171 204/195/182 192/182/170
f 182/183/160 194/196/172 193/197/171 181/184/159
f 183/185/161 195/198/173 194/196/172 182/183/160
f 184/186/162 196/199/174 195/198/173 183/185/161
f 185/187/163 197/200/175 196/199/174 184/186/162
f 186/188/164 198/201/176 197/200/175 185/187/163
f 187/189/165 199/202/177 198/201/176 186/188/164
f 188/190/166 200/203/178 199/202/177 187/189/165
f 189/191/167 201/204/179 200/203/178 188/190/166
f 190/192/168 202/205/180 201/204/179 189/191/167
f 191/193/169 203/206/181 202/205/180 190/192/168
f 192/182/170 204/195/182 203/206/181 191/193/169
f 193/194/171 205/207/183 216/208/194 204/195/182
f 194/196/172 206/209/184 205/210/183 193/197/171
f 195/198/173 207/211/185 206/209/184 194/196/172
f 196/199/174 208/212/186 207/211/185 195/198/173
f 197/200/175 209/213/187 208/212/186 196/199/174
f 198/201/176 210/214/188 209/213/187 197/200/175
f 199/202/177 211/215/189 210/214/188 198/201/176
f 200/203/178 212/216/190 211/215/189 199/202/177
f 201/204/179 213/217/191 212/216/190 200/203/178
f 202/205/180 214/218/192 213/217/191 201/204/179
f 203/206/181 215/219/193 214/218/192 202/205/180
f 204/195/182 216/208/194 215/219/193 203/206/181
f 205/207/183 217/220/195 228/221/206 216/208/194
f 206/209/184 218/222/196 217/223/195 205/210/183
f 207/211/185 219/224/197 218/222/196 206/209/184
f 208/212/186 220/225/198 219/224/197 207/211/185
f 209/213/187 221/226/199 220/225/198 208/212/186
f 210/214/188 222/227/200 221/226/199 209/213/187
f 211/215/189 223/228/201 222/227/200 210/214/188
f 212/216/190 224/229/202 223/228/201 211/215/189
f 213/217/191 225/230/203 224/229/202 212/216/190
f 214/218/192 226/231/204 225/230/203 213/217/191
f 215/219/193 227/232/205 226/231/204 214/218/192
f 216/208/194 228/221/206 227/232/205 215/219/193
f 217/220/195 229/233/207 240/234/218 228/221/206
f 218/222/196 230/235/208 229/236/207 217/223/195
f 219/224/197 231/237/209 230/235/208 218/222/196
f 220/225/198 232/238/210 231/237/209 219/224/197
f 221/226/199 233/239/211 232/238/210 220/225/198
f 222/227/200 234/240/212 233/239/211 221/226/199
f 223/228/201 235/241/213 234/240/212 222/227/200
f 224/229/202 236/242/214 235/241/213 223/228/201
f 225/230/203 237/243/215 236/242/214 224/229/202
f 226/231/204 238/244/216 237/243/215 225/230/203
f 227/232/205 239/245/217 238/244/216 226/231/204
f 228/221/206 240/234/218 239/245/217 227/232/205
f 229/233/207 241/246/219 252/247/230 240/234/218
f 230/235/208 242/248/220 241/249/219 229/236/207
f 231/237/209 243/250/221 242/248/220 230/235/208
f 232/238/210 244/251/222 243/250/221 231/237/209
f 233/239/211 245/252/223 244/251/222 232/238/210
f 234/240/212 246/253/224 245/252/223 233/239/211
f 235/241/213 247/254/225 246/253/224 234/240/212
f 236/242/214 248/255/226 247/254/225 235/241/213
f 237/243/215 249/256/227 248/255/226 236/242/214
f 238/244/216 250/257/228 249/256/227 237/243/215
f 239/245/217 251/258/229 250/257/228 238/244/216
f 240/234/218 252/247/230 251/258/229 239/245/217
f 241/246/219 253/259/231 264/260/242 252/247/230
f 242/248/220 254/261/232 253/262/231 241/249/219
f 243/250/221 255/263/233 254/261/232 242/248/220
f 244/251/222 256/264/234 255/263/233 243/250/221
f 245/252/223 257/265/235 256/264/234 244/251/222
f 246/253/224 258/266/236 257/265/235 245/252/223
f 247/254/225 259/267/237 258/266/236 246/253/224
f 248/255/226 260/268/238 259/267/237 247/254/225
f 249/256/227 261/269/239 260/268/238 248/255/226
f 250/257/228 262/270/240 261/269/239 249/256/227
f 251/258/229 263/271/241 262/270/240 250/257/228
f 252/247/230 264/260/242 263/271/241 251/258/229
f 253/259/231 265/272/243 276/273/254 264/260/242
f 254/261/232 266/274/244 265/275/243 253/262/231
f 255/263/233 267/276/245 266/274/244 254/261/232
f 256/264/234 268/277/246 267/276/245 255/263/233
f 257/265/235 269/278/247 268/277/246 256/264/234
f 258/266/236 270/279/248 269/278/247 257/265/235
f 259/267/237 271/280/249 270/279/248 258/266/236
f 260/268/238 272/281/250 271/280/249 259/267/237
f 261/269/239 273/282/251 272/281/250 260/268/238
f 262/270/240 274/283/252 273/282/251 261/269/239
f 263/271/241 275/284/253 274/283/252 262/270/240
f 264/260/242 276/273/254 275/284/253 263/271/241
f 265/272/243 277/285/255 288/286/266 276/273/254
f 266/274/244 278/287/256 277/288/255 265/275/243
f 267/276/245 279/289/257 278/287/256 266/274/244
f 268/277/246 280/290/258 279/289/257 267/276/245
f 269/278/247 281/291/259 280/290/258 268/277/246
f 270/279/248 282/292/260 281/291/259 269/278/247
f 271/280/249 283/293/261 282/292/260 270/279/248
f 272/281/250 284/294/262 283/293/261 271/280/249
f 273/282/251 285/295/263 284/294/262 272/281/250
f 274/283/252 286/296/264 285/295/263 273/282/251
f 275/284/253 287/297/265 286/296/264 274/283/252
f 276/273/254 288/286/266 287/297/265 275/284/253
f 277/285/255 289/298/267 300/299/278 288/286/266
f 278/287/256 290/300/268 289/301/267 277/288/255
f 279/289/257 291/302/269 290/300/268 278/287/256
f 280/290/258 292/303/270 291/302/269 279/289/257
f 281/291/259 293/304/271 292/303/270 280/290/258
f 282/292/260 294/305/272 293/304/271 281/291/259
f 283/293/261 295/306/273 294/305/272 282/292/260
f 284/294/262 296/307/274 295/306/273 283/293/261
f 285/295/263 297/308/275 296/307/274 284/294/262
f 286/296/264 298/309/276 297/308/275 285/295/263
f 287/297/265 299/310/277 298/309/276 286/296/264
f 288/286/266 300/299/278 299/310/277 287/297/265
f 289/298/267 301/311/279 312/312/290 300/299/278
f 290/300/268 302/313/280 301/314/279 289/301/267
f 291/302/269 303/315/281 302/313/280 290/300/268
f 292/303/270 304/316/282 303/315/281 291/302/269
f 293/304/271 305/317/283 304/316/282 292/303/270
f 294/305/272 306/318/284 305/317/283 293/304/271
f 295/306/273 307/319/285 306/318/284 294/305/272
f 296/307/274 308/320/286 307/319/285 295/306/273
f 297/308/275 309/321/287 308/320/286 296/307/274
f 298/309/276 310/322/288 309/321/287 297/308/275
f 299/310/277 311/323/289 310/322/288 298/309/276
f 300/299/278 312/312/290 311/323/289 299/310/277
f 301/311/279 313/324/291 324/325/302 312/312/290
f 302/313/280 314/326/292 313/327/291 301/314/279
f 303/315/281 315/328/293 314/326/292 302/313/280
f 304/316/282 316/329/294 315/328/293 303/315/281
f 305/317/283 317/330/295 316/329/294 304/316/282
f 306/318/284 318/331/296 317/330/295 305/317/283
f 307/319/285 319/332/297 318/331/296 306/318/284
f 308/320/286 320/333/298 319/332/297 307/319/285
f 309/321/287 321/334/299 320/333/298 308/320/286
f 310/322/288 322/335/300 321/334/299 309/321/287
f 311/323/289 323/336/301 322/335/300 310/322/288
f 312/312/290 324/325/302 323/336/301 311/323/289
f 313/324/291 325/337/303 336/338/314 324/325/302
f 314/326/292 326/339/304 325/340/303 313/327/291
f 315/328/293 327/341/305 326/339/304 314/326/292
f 316/329/294 328/342/306 327/341/305 315/328/293
f 317/330/295 329/343/307 328/342/306 316/329/294
f 318/331/296 330/344/308 329/343/307 317/330/295
f 319/332/297 331/345/309 330/344/308 318/331/296
f 320/333/298 332/346/310 331/345/309 319/332/297
f 321/334/299 333/347/311 332/346/310 320/333/298
f 322/335/300 334/348/312 333/347/311 321/334/299
f 323/336/301 335/349/313 334/348/312 322/335/300
f 324/325/302 336/338/314 335/349/313 323/336/301
f 325/337/303 337/350/315 348/351/326 336/338/314
f 326/339/304 338/352/316 337/353/315 325/340/303
f 327/341/305 339/354/317 338/352/316 326/339/304
f 328/342/306 340/355/318 339/354/317 327/341/305
f 329/343/307 341/356/319 340/355/318 328/342/306
f 330/344/308 342/357/320 341/356/319 329/343/307
f 331/345/309 343/358/321 342/357/320 330/344/308
f 332/346/310 344/359/322 343/358/321 331/345/309
f 333/347/311 345/360/323 344/359/322 332/346/310
f 334/348/312 346/361/324 345/360/323 333/347/311
f 335/349/313 347/362/325 346/361/324 334/348/312
f 336/338/314 348/351/326 347/362/325 335/349/313
f 337/350/315 349/363/327 360/364/338 348/351/326
f 338/352/316 350/365/328 349/366/327 337/353/315
f 339/354/317 351/367/329 350/365/328 338/352/316
f 340/355/318 352/368/330 351/367/329 339/354/317
f 341/356/319 353/369/331 352/368/330 340/355/318
f 342/357/320 354/370/332 353/369/331 341/356/319
f 343/358/321 355/371/333 354/370/332 342/357/320
f 344/359/322 356/372/334 355/371/333 343/358/321
f 345/360/323 357/373/335 356/372/334 344/359/322
f 346/361/324 358/374/336 357/373/335 345/360/323
f 347/362/325 359/375/337 358/374/336 346/361/324
f 348/351/326 360/364/338 359/375/337 347/362/325
f 349/363/327 361/376/339 372/377/350 360/364/338
f 350/365/328 362/378/340 361/379/339 349/366/327
f 351/367/329 363/380/341 362/378/340 350/365/328
f 352/368/330 364/381/342 363/380/341 351/367/329
f 353/369/331 365/382/343 364/381/342 352/368/330
f 354/370/332 366/383/344 365/382/343 353/369/331
f 355/371/333 367/384/345 366/383/344 354/370/332
f 356/372/334 368/385/346 367/384/345 355/371/333
f 357/373/335 369/386/347 368/385/346 356/372/334
f 358/374/336 370/387/348 369/386/347 357/373/335
f 359/375/337 371/388/349 370/387/348 358/374/336
f 360/364/338 372/377/350 371/388/349 359/375/337
f 361/376/339 373/389/351 384/390/362 372/377/350
f 362/378/340 374/391/352 373/392/351 361/379/339
f 363/380/341 375/393/353 374/391/352 362/378/340
f 364/381/342 376/394/354 375/393/353 363/380/341
f 365/382/343 377/395/355 376/394/354 364/381/342
f 366/383/344 378/396/356 377/395/355 365/382/343
f 367/384/345 379/397/357 378/396/356 366/383/344
f 368/385/346 380/398/358 379/397/357 367/384/345
f 369/386/347 381/399/359 380/398/358 368/385/346
f 370/387/348 382/400/360 381/399/359 369/386/347
f 371/388/349 383/401/361 382/400/360 370/387/348
f 372/377/350 384/390/362 383/401/361 371/388/349
f 373/389/351 385/402/363 396/403/374 384/390/362
f 374/391/352 386/404/364 385/405/363 373/392/351
f 375/393/353 387/406/365 386/404/364 374/391/352
f 376/394/354 388/407/366 387/406/365 375/393/353
f 377/395/355 389/408/367 388/407/366 376/394/354
f 378/396/356 390/409/368 389/408/367 377/395/355
f 379/397/357 391/410/369 390/409/368 378/396/356
f 380/398/358 392/411/370 391/410/369 379/397/357
f 381/399/359 393/412/371 392/411/370 380/398/358
f 382/400/360 394/413/372 393/412/371 381/399/359
f 383/401/361 395/414/373 394/413/372 382/400/360
f 384/390/362 396/403/374 395/414/373 383/401/361
f 385/402/363 397/415/375 408/416/386 396/403/374
f 386/404/364 398/417/376 397/418/375 385/405/363
f 387/406/365 399/419/377 398/417/376 386/404/364
f 388/407/366 400/420/378 399/419/377 387/406/365
f 389/408/367 401/421/379 400/420/378 388/407/366
f 390/409/368 402/422/380 401/421/379 389/408/367
f 391/410/369 403/423/381 402/422/380 390/409/368
f 392/411/370 404/424/382 403/423/381 391/410/369
f 393/412/371 405/425/383 404/424/382 392/411/370
f 394/413/372 406/426/384 405/425/383 393/412/371
f 395/414/373 407/427/385 406/426/384 394/413/372
f 396/403/374 408/416/386 407/427/385 395/414/373
f 397/415/375 409/428/387 420/429/398 408/416/386
f 398/417/376 410/430/388 409/431/387 397/418/375
f 399/419/377 411/432/389 410/430/388 398/417/376
f 400/420/378 412/433/390 411/432/389 399/419/377
f 401/421/379 413/434/391 412/433/390 400/420/378
f 402/422/380 414/435/392 413/434/391 401/421/379
f 403/423/381 415/436/393 414/435/392 402/422/380
f 404/424/382 416/437/394 415/436/393 403/423/381
f 405/425/383 417/438/395 416/437/394 404/424/382
f 406/426/384 418/439/396 417/438/395 405/425/383
f 407/427/385 419/440/397 418/439/396 406/426/384
f 408/416/386 420/429/398 419/440/397 407/427/385
f 409/428/387 421/441/399 432/442/410 420/429/398
f 410/430/388 422/443/400 421/444/399 409/431/387
f 411/432/389 423/445/401 422/443/400 410/430/388
f 412/433/390 424/446/402 423/445/401 411/432/389
f 413/434/391 425/447/403 424/446/402 412/433/390
f 414/435/392 426/448/404 425/447/403 413/434/391
f 415/436/393 427/449/405 426/448/404 414/435/392
f 416/437/394 428/450/406 427/449/405 415/436/393
f 417/438/395 429/451/407 428/450/406 416/437/394
f 418/439/396 430/452/408 429/451/407 417/438/395
f 419/440/397 431/453/409 430/452/408 418/439/396
f 420/429/398 432/442/410 431/453/409 419/440/397
f 421/441/399 433/454/411 444/455/422 432/442/410
f 422/443/400 434/456/412 433/457/411 421/444/399
f 423/445/401 435/458/413 434/456/412 422/443/400
f 424/446/402 436/459/414 435/458/413 423/445/401
f 425/447/403 437/460/415 436/459/414 424/446/402
f 426/448/404 438/461/416 437/460/415 425/447/403
f 427/449/405 439/462/417 438/461/416 426/448/404
f 428/450/406 440/463/418 439/462/417 427/449/405
f 429/451/407 441/464/419 440/463/418 428/450/406
f 430/452/408 442/465/420 441/464/419 429/451/407
f 431/453/409 443/466/421 442/465/420 430/452/408
f 432/442/410 444/455/422 443/466/421 431/453/409
f 433/454/411 445/467/423 456/468/434 444/455/422
f 434/456/412 446/469/424 445/470/423 433/457/411
f 435/458/413 447/471/425 446/469/424 434/456/412
f 436/459/414 448/472/426 447/471/425 435/458/413
f 437/460/415 449/473/427 448/472/426 436/459/414
f 438/461/416 450/474/428 449/473/427 437/460/415
f 439/462/417 451/475/429 450/474/428 438/461/416
f 440/463/418 452/476/430 451/475/429 439/462/417
f 441/464/419 453/477/431 452/476/430 440/463/418
f 442/465/420 454/478/432 453/477/431 441/464/419
f 443/466/421 455/479/433 454/478/432 442/465/420
f 444/455/422 456/468/434 455/479/433 443/466/421
f 445/467/423 457/480/435 468/481/446 456/468/434
f 446/469/424 458/482/436 457/483/435 445/470/423
f 447/471/425 459/484/437 458/482/436 446/469/424
f 448/472/426 460/485/438 459/484/437 447/471/425
f 449/473/427 461/486/439 460/485/438 448/472/426
f 450/474/428 462/487/440 461/486/439 449/473/427
f 451/475/429 463/488/441 462/487/440 450/474/428
f 452/476/430 464/489/442 463/488/441 451/475/429
f 453/477/431 465/490/443 464/489/442 452/476/430
f 454/478/432 466/491/444 465/490/443 453/477/431
f 455/479/433 467/492/445 466/491/444 454/478/432
f 456/468/434 468/481/446 467/492/445 455/479/433
f 457/480/435 469/493/447 480/494/458 468/481/446
f 458/482/436 470/495/448 469/496/447 457/483/435
f 459/484/437 471/497/449 470/495/448 458/482/436
f 460/485/438 472/498/450 471/497/449 459/484/437
f 461/486/439 473/499/451 472/498/450 460/485/438
f 462/487/440 474/500/452 473/499/451 461/486/439
f 463/488/441 475/501/453 474/500/452 462/487/440
f 464/489/442 476/502/454 475/501/453 463/488/441
f 465/490/443 477/503/455 476/502/454 464/489/442
f 466/491/444 478/504/456 477/503/455 465/490/443
f 467/492/445 479/505/457 478/504/456 466/491/444
f 468/481/446 480/494/458 479/505/457 467/492/445
f 469/493/447 481/506/459 492/507/470 480/494/458
f 470/495/448 482/508/460 481/509/459 469/496/447
f 471/497/449 483/510/461 482/508/460 470/495/448
f 472/498/450 484/511/462 483/510/461 471/497/449
f 473/499/451 485/512/463 484/511/462 472/498/450
f 474/500/452 486/513/464 485/512/463 473/499/451
f 475/501/453 487/514/465 486/513/464 474/500/452
f 476/502/454 488/515/466 487/514/465 475/501/453
f 477/503/455 489/516/467 488/515/466 476/502/454
f 478/504/456 490/517/468 489/516/467 477/503/455
f 479/505/457 491/518/469 490/517/468 478/504/456
f 480/494/458 492/507/470 491/518/469 479/505/457
f 481/506/459 493/519/471 504/520/482 492/507/470
f 482/508/460 494/521/472 493/522/471 481/509/459
f 483/510/461 495/523/473 494/521/472 482/508/460
f 484/511/462 496/524/474 495/523/473 483/510/461
f 485/512/463 497/525/475 496/524/474 484/511/462
f 486/513/464 498/526/476 497/525/475 485/512/463
f 487/514/465 499/527/477 498/526/476 486/513/464
f 488/515/466 500/528/478 499/527/477 487/514/465
f 489/516/467 501/529/479 500/528/478 488/515/466
f 490/517/468 502/530/480 501/529/479 489/516/467
f 491/518/469 503/531/481 502/530/480 490/517/468
f 492/507/470 504/520/482 503/531/481 491/518/469
f 493/519/471 505/532/483 516/533/494 504/520/482
f 494/521/472 506/534/484 505/535/483 493/522/471
f 495/523/473 507/536/485 506/534/484 494/521/472
f 496/524/474 508/537/486 507/536/485 495/523/473
f 497/525/475 509/538/487 508/537/486 496/524/474
f 498/526/476 510/539/488 509/538/487 497/525/475
f 499/527/477 511/540/489 510/539/488 498/526/476
f 500/528/478 512/541/490 511/540/489 499/527/477
f 501/529/479 513/542/491 512/541/490 500/528/478
f 502/530/480 514/543/492 513/542/491 501/529/479
f 503/531/481 515/544/493 514/543/492 502/530/480
f 504/520/482 516/533/494 515/544/493 503/531/481
f 505/532/483 517/545/495 528/546/506 516/533/494
f 506/534/484 518/547/496 517/548/495 505/535/483
f 507/536/485 519/549/497 518/547/496 506/534/484
f 508/537/486 520/550/498 519/549/497 507/536/485
f 509/538/487 521/551/499 520/550/498 508/537/486
f 510/539/488 522/552/500 521/551/499 509/538/487
f 511/540/489 523/553/501 522/552/500 510/539/488
f 512/541/490 524/554/502 523/553/501 511/540/489
f 513/542/491 525/555/503 524/554/502 512/541/490
f 514/543/492 526/556/504 525/555/503 513/542/491
f 515/544/493 527/557/505 526/556/504 514/543/492
f 516/533/494 528/546/506 527/557/505 515/544/493
f 517/545/495 529/558/507 540/559/518 528/546/506
f 518/547/496 530/560/508 529/561/507 517/548/495
f 519/549/497 531/562/509 530/560/508 518/547/496
f 520/550/498 532/563/510 531/562/509 519/549/497
f 521/551/499 533/564/511 532/563/510 520/550/498
f 522/552/500 534/565/512 533/564/511 521/551/499
f 523/553/501 535/566/513 534/565/512 522/552/500
f 524/554/502 536/567/514 535/566/513 523/553/501
f 525/555/503 537/568/515 536/567/514 524/554/502
f 526/556/504 538/569/516 537/568/515 525/555/503
f 527/557/505 539/570/517 538/569/516 526/556/504
f 528/546/506 540/559/518 539/570/517 527/557/505
f 529/558/507 541/571/519 552/572/530 540/559/518
f 530/560/508 542/573/520 541/574/519 529/561/507
f 531/562/509 543/575/521 542/573/520 530/560/508
f 532/563/510 544/576/522 543/575/521 531/562/509
f 533/564/511 545/577/523 544/576/522 532/563/510
f 534/565/512 546/578/524 545/577/523 533/564/511
f 535/566/513 547/579/525 546/578/524 534/565/512
f 536/567/514 548/580/526 547/579/525 535/566/513
f 537/568/515 549/581/527 548/580/526 536/567/514
f 538/569/516 550/582/528 549/581/527 537/568/515
f 539/570/517 551/583/529 550/582/528 538/569/516
f 540/559/518 552/572/530 551/583/529 539/570/517
f 541/571/519 553/584/531 564/585/542 552/572/530
f 542/573/520 554/586/532 553/587/531 541/574/519
f 543/575/521 555/588/533 554/586/532 542/573/520
f 544/576/522 556/589/534 555/588/533 543/575/521
f 545/577/523 557/590/535 556/589/534 544/576/522
f 546/578/524 558/591/536 557/590/535 545/577/523
f 547/579/525 559/592/537 558/591/536 546/578/524
f 548/580/526 560/593/538 559/592/537 547/579/525
f 549/581/527 561/594/539 560/593/538 548/580/526
f 550/582/528 562/595/540 561/594/539 549/581/527
f 551/583/529 563/596/541 562/595/540 550/582/528
f 552/572/530 564/585/542 563/596/541 551/583/529
f 553/584/531 565/597/543 576/598/554 564/585/542
f 554/586/532 566/599/544 565/600/543 553/587/531
f 555/588/533 567/601/545 566/599/544 554/586/532
f 556/589/534 568/602/546 567/601/545 555/588/533
f 557/590/535 569/603/547 568/602/546 556/589/534
f 558/591/536 570/604/548 569/603/547 557/590/535
f 559/592/537 571/605/549 570/604/548 558/591/536
f 560/593/538 572/606/550 571/605/549 559/592/537
f 561/594/539 573/607/551 572/606/550 560/593/538
f 562/595/540 574/608/552 573/607/551 561/594/539
f 563/596/541 575/609/553 574/608/552 562/595/540
f 564/585/542 576/598/554 575/609/553 563/596/541
f 565/597/543 577/610/555 588/611/566 576/598/554
f 566/599/544 578/612/556 577/613/555 565/600/543
f 567/601/545 579/614/557 578/612/556 566/599/544
f 568/602/546 580/615/558 579/614/557 567/601/545
f 569/603/547 581/616/559 580/615/558 568/602/546
f 570/604/548 582/617/560 581/616/559 569/603/547
f 571/605/549 583/618/561 582/617/560 570/604/548
f 572/606/550 584/619/562 583/618/561 571/605/549
f 573/607/551 585/620/563 584/619/562 572/606/550
f 574/608/552 586/621/564 585/620/563 573/607/551
f 575/609/553 587/622/565 586/621/564 574/608/552
f 576/598/554 588/611/566 587/622/565 575/609/553
f 577/610/555 589/623/567 600/624/578 588/611/566
f 578/612/556 590/625/568 589/626/567 577/613/555
f 579/614/557 591/627/569 590/625/568 578/612/556
f 580/615/558 592/628/570 591/627/569 579/614/557
f 581/616/559 593/629/571 592/628/570 580/615/558
f 582/617/560 594/630/572 593/629/571 581/616/559
f 583/618/561 595/631/573 594/630/572 582/617/560
f 584/619/562 596/632/574 595/631/573 583/618/561
f 585/620/563 597/633/575 596/632/574 584/619/562
f 586/621/564 598/634/576 597/633/575 585/620/563
f 587/622/565 599/635/577 598/634/576 586/621/564
f 588/611/566 600/624/578 599/635/577 587/622/565
f 589/623/567 601/636/579 612/637/590 600/624/578
f 590/625/568 602/638/580 601/639/579 589/626/567
f 591/627/569 603/640/581 602/638/580 590/625/568
f 592/628/570 604/641/582 603/640/581 591/627/569
f 593/629/571 605/642/583 604/641/582 592/628/570
f 594/630/572 606/643/584 605/642/583 593/629/571
f 595/631/573 607/644/585 606/643/584 594/630/572
f 596/632/574 608/645/586 607/644/585 595/631/573
f 597/633/575 609/646/587 608/645/586 596/632/574
f 598/634/576 610/647/588 609/646/587 597/633/575
f 599/635/577 611/648/589 610/647/588 598/634/576
f 600/624/578 612/637/590 611/648/589 599/635/577
f 601/636/579 613/649/591 624/650/602 612/637/590
f 602/638/580 614/651/592 613/652/591 601/639/579
f 603/640/581 615/653/593 614/651/592 602/638/580
f 604/641/582 616/654/594 615/653/593 603/640/581
f 605/642/583 617/655/595 616/654/594 604/641/582
f 606/643/584 618/656/596 617/655/595 605/642/583
f 607/644/585 619/657/597 618/656/596 606/643/584
f 608/645/586 620/658/598 619/657/597 607/644/585
f 609/646/587 621/659/599 620/658/598 608/645/586
f 610/647/588 622/660/600 621/659/599 609/646/587
f 611/648/589 623/661/601 622/660/600 610/647/588
f 612/637/590 624/650/602 623/661/601 611/648/589
f 613/649/591 625/662/603 636/663/614 624/650/602
f 614/651/592 626/664/604 625/665/603 613/652/591
f 615/653/593 627/666/605 626/664/604 614/651/592
f 616/654/594 628/667/606 627/666/605 615/653/593
f 617/655/595 629/668/607 628/667/606 616/654/594
f 618/656/596 630/669/608 629/668/607 617/655/595
f 619/657/597 631/670/609 630/669/608 618/656/596
f 620/658/598 632/671/610 631/670/609 619/657/597
f 621/659/599 633/672/611 632/671/610 620/658/598
f 622/660/600 634/673/612 633/672/611 621/659/599
f 623/661/601 635/674/613 634/673/612 622/660/600
f 624/650/602 636/663/614 635/674/613 623/661/601
f 625/662/603 637/675/615 648/676/626 636/663/614
f 626/664/604 638/677/616 637/678/615 625/665/603
f 627/666/605 639/679/617 638/677/616 626/664/604
f 628/667/606 640/680/618 639/679/617 627/666/605
f 629/668/607 641/681/619 640/680/618 628/667/606
f 630/669/608 642/682/620 641/681/619 629/668/607
f 631/670/609 643/683/621 642/682/620 630/669/608
f 632/671/610 644/684/622 643/683/621 631/670/609
f 633/672/611 645/685/623 644/684/622 632/671/610
f 634/673/612 646/686/624 645/685/623 633/672/611
f 635/674/613 647/687/625 646/686/624 634/673/612
f 636/663/614 648/676/626 647/687/625 635/674/613
f 637/675/615 649/688/627 660/689/638 648/676/626
f 638/677/616 650/690/628 649/691/627 637/678/615
f 639/679/617 651/692/629 650/690/628 638/677/616
f 640/680/618 652/693/630 651/692/629 639/679/617
f 641/681/619 653/694/631 652/693/630 640/680/618
f 642/682/620 654/695/632 653/694/631 641/681/619
f 643/683/621 655/696/633 654/695/632 642/682/620
f 644/684/622 656/697/634 655/696/633 643/683/621
f 645/685/623 657/698/635 656/697/634 644/684/622
f 646/686/624 658/699/636 657/698/635 645/685/623
f 647/687/625 659/700/637 658/699/636 646/686/624
f 648/676/626 660/689/638 659/700/637 647/687/625
f 649/688/627 661/701/639 672/702/650 660/689/638
f 650/690/628 662/703/640 661/704/639 649/691/627
f 651/692/629 663/705/641 662/703/640 650/690/628
f 652/693/630 664/706/642 663/705/641 651/692/629
f 653/694/631 665/707/643 664/706/642 652/693/630
f 654/695/632 666/708/644 665/707/643 653/694/631
f 655/696/633 667/709/645 666/708/644 654/695/632
f 656/697/634 668/710/646 667/709/645 655/696/633
f 657/698/635 669/711/647 668/710/646 656/697/634
f 658/699/636 670/712/648 669/711/647 657/698/635
f 659/700/637 671/713/649 670/712/648 658/699/636
f 660/689/638 672/702/650 671/713/649 659/700/637
f 661/701/639 673/714/651 684/715/662 672/702/650
f 662/703/640 674/716/652 673/717/651 661/704/639
f 663/705/641 675/718/653 674/716/652 662/703/640
f 664/706/642 676/719/654 675/718/653 663/705/641
f 665/707/643 677/720/655 676/719/654 664/706/642
f 666/708/644 678/721/656 677/720/655 665/707/643
f 667/709/645 679/722/657 678/721/656 666/708/644
f 668/710/646 680/723/658 679/722/657 667/709/645
f 669/711/647 681/724/659 680/723/658 668/710/646
f 670/712/648 682/725/660 681/724/659 669/711/647
f 671/713/649 683/726/661 682/725/660 670/712/648
f 672/702/650 684/715/662 683/726/661 671/713/649
f 673/714/651 685/727/663 696/728/674 684/715/662
f 674/716/652 686/729/664 685/730/663 673/717/651
f 675/718/653 687/731/665 686/729/664 674/716/652
f 676/719/654 688/732/666 687/731/665 675/718/653
f 677/720/655 689/733/667 688/732/666 676/719/654
f 678/721/656 690/734/668 689/733/667 677/720/655
f 679/722/657 691/735/669 690/734/668 678/721/656
f 680/723/658 692/736/670 691/735/669 679/722/657
f 681/724/659 693/737/671 692/736/670 680/723/658
f 682/725/660 694/738/672 693/737/671 681/724/659
f 683/726/661 695/739/673 694/738/672 682/725/660
f 684/715/662 696/728/674 695/739/673 683/726/661
f 685/727/663 697/740/675 708/741/686 696/728/674
f 686/729/664 698/742/676 697/743/675 685/730/663
f 687/731/665 699/744/677 698/742/676 686/729/664
f 688/732/666 700/745/678 699/744/677 687/731/665
f 689/733/667 701/746/679 700/745/678 688/732/666
f 690/734/668 702/747/680 701/746/679 689/733/667
f 691/735/669 703/748/681 702/747/680 690/734/668
f 692/736/670 704/749/682 703/748/681 691/735/669
f 693/737/671 705/750/683 704/749/682 692/736/670
f 694/738/672 706/751/684 705/750/683 693/737/671
f 695/739/673 707/752/685 706/751/684 694/738/672
f 696/728/674 708/741/686 707/752/685 695/739/673
f 697/740/675 709/753/687 720/754/698 708/741/686
f 698/742/676 710/755/688 709/756/687 697/743/675
f 699/744/677 711/757/689 710/755/688 698/742/676
f 700/745/678 712/758/690 711/757/689 699/744/677
f 701/746/679 713/759/691 712/758/690 700/745/678
f 702/747/680 714/760/692 713/759/691 701/746/679
f 703/748/681 715/761/693 714/760/692 702/747/680
f 704/749/682 716/762/694 715/761/693 703/748/681
f 705/750/683 717/763/695 716/762/694 704/749/682
f 706/751/684 718/764/696 717/763/695 705/750/683
f 707/752/685 719/765/697 718/764/696 706/751/684
f 708/741/686 720/754/698 719/765/697 707/752/685
f 709/753/687 721/766/699 732/767/710 720/754/698
f 710/755/688 722/768/700 721/769/699 709/756/687
f 711/757/689 723/770/701 722/768/700 710/755/688
f 712/758/690 724/771/702 723/770/701 711/757/689
f 713/759/691 725/772/703 724/771/702 712/758/690
f 714/760/692 726/773/704 725/772/703 713/759/691
f 715/761/693 727/774/705 726/773/704 714/760/692
f 716/762/694 728/775/706 727/774/705 715/761/693
f 717/763/695 729/776/707 728/775/706 716/762/694
f 718/764/696 730/777/708 729/776/707 717/763/695
f 719/765/697 731/778/709 730/777/708 718/764/696
f 720/754/698 732/767/710 731/778/709 719/765/697
f 721/766/699 733/779/711 744/780/722 732/767/710
f 722/768/700 734/781/712 733/782/711 721/769/699
f 723/770/701 735/783/713 734/781/712 722/768/700
f 724/771/702 736/784/714 735/783/713 723/770/701
f 725/772/703 737/785/715 736/784/714 724/771/702
f 726/773/704 738/786/716 737/785/715 725/772/703
f 727/774/705 739/787/717 738/786/716 726/773/704
f 728/775/706 740/788/718 739/787/717 727/774/705
f 729/776/707 741/789/719 740/788/718 728/775/706
f 730/777/708 742/790/720 741/789/719 729/776/707
f 731/778/709 743/791/721 742/790/720 730/777/708
f 732/767/710 744/780/722 743/791/721 731/778/709
f 733/779/711 745/792/723 756/793/734 744/780/722
f 734/781/712 746/794/724 745/795/723 733/782/711
f 735/783/713 747/796/725 746/794/724 734/781/712
f 736/784/714 748/797/726 747/796/725 735/783/713
f 737/785/715 749/798/727 748/797/726 736/784/714
f 738/786/716 750/799/728 749/798/727 737/785/715
f 739/787/717 751/800/729 750/799/728 738/786/716
f 740/788/718 752/801/730 751/800/729 739/787/717
f 741/789/719 753/802/731 752/801/730 740/788/718
f 742/790/720 754/803/732 753/802/731 741/789/719
f 743/791/721 755/804/733 754/803/732 742/790/720
f 744/780/722 756/793/734 755/804/733 743/791/721
f 745/792/723 757/805/735 768/806/746 756/793/734
f 746/794/724 758/807/736 757/808/735 745/795/723
f 747/796/725 759/809/737 758/807/736 746/794/724
f 748/797/726 760/810/738 759/809/737 747/796/725
f 749/798/727 761/811/739 760/810/738 748/797/726
f 750/799/728 762/812/740 761/811/739 749/798/727
f 751/800/729 763/813/741 762/812/740 750/799/728
f 752/801/730 764/814/742 763/813/741 751/800/729
f 753/802/731 765/815/743 764/814/742 752/801/730
f 754/803/732 766/816/744 765/815/743 753/802/731
f 755/804/733 767/817/745 766/816/744 754/803/732
f 756/793/734 768/806/746 767/817/745 755/804/733
f 757/805/735 769/818/747 780/819/758 768/806/746
f 758/807/736 770/820/748 769/821/747 757/808/735
f 759/809/737 771/822/749 770/820/748 758/807/736
f 760/810/738 772/823/750 771/822/749 759/809/737
f 761/811/739 773/824/751 772/823/750 760/810/738
f 762/812/740 774/825/752 773/824/751 761/811/739
f 763/813/741 775/826/753 774/825/752 762/812/740
f 764/814/742 776/827/754 775/826/753 763/813/741
f 765/815/743 777/828/755 776/827/754 764/814/742
f 766/816/744 778/829/756 777/828/755 765/815/743
f 767/817/745 779/830/757 778/829/756 766/816/744
f 768/806/746 780/819/758 779/830/757 767/817/745
f 769/818/747 781/831/759 792/832/770 780/819/758
f 770/820/748 782/833/760 781/834/759 769/821/747
f 771/822/749 783/835/761 782/833/760 770/820/748
f 772/823/750 784/836/762 783/835/761 771/822/749
f 773/824/751 785/837/763 784/836/762 772/823/750
f 774/825/752 786/838/764 785/837/763 773/824/751
f 775/826/753 787/839/765 786/838/764 774/825/752
f 776/827/754 788/840/766 787/839/765 775/826/753
f 777/828/755 789/841/767 788/840/766 776/827/754
f 778/829/756 790/842/768 789/841/767 777/828/755
f 779/830/757 791/843/769 790/842/768 778/829/756
f 780/819/758 792/832/770 791/843/769 779/830/757
f 781/831/759 793/844/771 804/845/782 792/832/770
f 782/833/760 794/846/772 793/847/771 781/834/759
f 783/835/761 795/848/773 794/846/772 782/833/760
f 784/836/762 796/849/774 795/848/773 783/835/761
f 785/837/763 797/850/775 796/849/774 784/836/762
f 786/838/764 798/851/776 797/850/775 785/837/763
f 787/839/765 799/852/777 798/851/776 786/838/764
f 788/840/766 800/853/778 799/852/777 787/839/765
f 789/841/767 801/854/779 800/853/778 788/840/766
f 790/842/768 802/855/780 801/854/779 789/841/767
f 791/843/769 803/856/781 802/855/780 790/842/768
f 792/832/770 804/845/782 803/856/781 791/843/769
f 793/844/771 805/857/783 816/858/794 804/845/782
f 794/846/772 806/859/784 805/860/783 793/847/771
f 795/848/773 807/861/785 806/859/784 794/846/772
f 796/849/774 808/862/786 807/861/785 795/848/773
f 797/850/775 809/863/787 808/862/786 796/849/774
f 798/851/776 810/864/788 809/863/787 797/850/775
f 799/852/777 811/865/789 810/864/788 798/851/776
f 800/853/778 812/866/790 811/865/789 799/852/777
f 801/854/779 813/867/791 812/866/790 800/853/778
f 802/855/780 814/868/792 813/867/791 801/854/779
f 803/856/781 815/869/793 814/868/792 802/855/780
f 804/845/782 816/858/794 815/869/793 803/856/781
f 805/857/783 817/870/795 828/871/806 816/858/794
f 806/859/784 818/872/796 817/873/795 805/860/783
f 807/861/785 819/874/797 818/872/796 806/859/784
f 808/862/786 820/875/798 819/874/797 807/861/785
f 809/863/787 821/876/799 820/875/798 808/862/786
f 810/864/788 822/877/800 821/876/799 809/863/787
f 811/865/789 823/878/801 822/877/800 810/864/788
f 812/866/790 824/879/802 823/878/801 811/865/789
f 813/867/791 825/880/803 824/879/802 812/866/790
f 814/868/792 826/881/804 825/880/803 813/867/791
f 815/869/793 827/882/805 826/881/804 814/868/792
f 816/858/794 828/871/806 827/882/805 815/869/793
f 817/870/795 829/883/807 840/884/818 828/871/806
f 818/872/796 830/885/808 829/886/807 817/873/795
f 819/874/797 831/887/809 830/885/808 818/872/796
f 820/875/798 832/888/810 831/887/809 819/874/797
f 821/876/799 833/889/811 832/888/810 820/875/798
f 822/877/800 834/890/812 833/889/811 821/876/799
f 823/878/801 835/891/813 834/890/812 822/877/800
f 824/879/802 836/892/814 835/891/813 823/878/801
f 825/880/803 837/893/815 836/892/814 824/879/802
f 826/881/804 838/894/816 837/893/815 825/880/803
f 827/882/805 839/895/817 838/894/816 826/881/804
f 828/871/806 840/884/818 839/895/817 827/882/805
f 829/883/807 841/896/819 852/897/830 840/884/818
f 830/885/808 842/898/820 841/899/819 829/886/807
f 831/887/809 843/900/821 842/898/820 830/885/808
f 832/888/810 844/901/822 843/900/821 831/887/809
f 833/889/811 845/902/823 844/901/822 832/888/810
f 834/890/812 846/903/824 845/902/823 833/889/811
f 835/891/813 847/904/825 846/903/824 834/890/812
f 836/892/814 848/905/826 847/904/825 835/891/813
f 837/893/815 849/906/827 848/905/826 836/892/814
f 838/894/816 850/907/828 849/906/827 837/893/815
f 839/895/817 851/908/829 850/907/828 838/894/816
f 840/884/818 852/897/830 851/908/829 839/895/817
f 841/896/819 853/909/831 864/910/842 852/897/830
f 842/898/820 854/911/832 853/912/831 841/899/819
f 843/900/821 855/913/833 854/911/832 842/898/820
f 844/901/822 856/914/834 855/913/833 843/900/821
f 845/902/823 857/915/835 856/914/834 844/901/822
f 846/903/824 858/916/836 857/915/835 845/902/823
f 847/904/825 859/917/837 858/916/836 846/903/824
f 848/905/826 860/918/838 859/917/837 847/904/825
f 849/906/827 861/919/839 860/918/838 848/905/826
f 850/907/828 862/920/840 861/919/839 849/906/827
f 851/908/829 863/921/841 862/920/840 850/907/828
f 852/897/830 864/910/842 863/921/841 851/908/829
f 853/909/831 865/922/843 876/923/854 864/910/842
f 854/911/832 866/924/844 865/925/843 853/912/831
f 855/913/833 867/926/845 866/924/844 854/911/832
f 856/914/834 868/927/846 867/926/845 855/913/833
f 857/915/835 869/928/847 868/927/846 856/914/834
f 858/916/836 870/929/848 869/928/847 857/915/835
f 859/917/837 871/930/849 870/929/848 858/916/836
f 860/918/838 872/931/850 871/930/849 859/917/837
f 861/919/839 873/932/851 872/931/850 860/918/838
f 862/920/840 874/933/852 873/932/851 861/919/839
f 863/921/841 875/934/853 874/933/852 862/920/840
f 864/910/842 876/923/854 875/934/853 863/921/841
f 865/922/843 877/935/855 888/936/866 876/923/854
f 866/924/844 878/937/856 877/938/855 865/925/843
f 867/926/845 879/939/857 878/937/856 866/924/844
f 868/927/846 880/940/858 879/939/857 867/926/845
f 869/928/847 881/941/859 880/940/858 868/927/846
f 870/929/848 882/942/860 881/941/859 869/928/847
f 871/930/849 883/943/861 882/942/860 870/929/848
f 872/931/850 884/944/862 883/943/861 871/930/849
f 873/932/851 885/945/863 884/944/862 872/931/850
f 874/933/852 886/946/864 885/945/863 873/932/851
f 875/934/853 887/947/865 886/946/864 874/933/852
f 876/923/854 888/936/866 887/947/865 875/934/853
f 877/935/855 889/948/867 900/949/878 888/936/866
f 878/937/856 890/950/868 889/8/867 877/938/855
f 879/939/857 891/951/869 890/950/868 878/937/856
f 880/940/858 892/952/870 891/951/869 879/939/857
f 881/941/859 893/953/871 892/952/870 880/940/858
f 882/942/860 894/954/872 893/953/871 881/941/859
f 883/943/861 895/955/873 894/954/872 882/942/860
f 884/944/862 896/956/874 895/955/873 883/943/861
f 885/945/863 897/957/875 896/956/874 884/944/862
f 886/946/864 898/958/876 897/957/875 885/945/863
f 887/947/865 899/959/877 898/958/876 886/946/864
f 888/936/866 900/949/878 899/959/877 887/947/865
o BezierCurve.001
v 0.003795 -0.905639 0.057312
v 0.003747 -0.907833 0.058258
v 0.003650 -0.909259 0.060173
v 0.003529 -0.909535 0.062543
v 0.003418 -0.908588 0.064734
v 0.003345 -0.906670 0.066158
v 0.003331 -0.904297 0.066434
v 0.003379 -0.902104 0.065487
v 0.003477 -0.900678 0.063573
v 0.003597 -0.900402 0.061202
v 0.003709 -0.901349 0.059012
v 0.003781 -0.903266 0.057588
v 0.051764 -1.309184 0.092728
v 0.051573 -1.308333 0.090504
v 0.050293 -1.308021 0.088510
v 0.048268 -1.308333 0.087282
v 0.046039 -1.309184 0.087148
v 0.044205 -1.310347 0.088144
v 0.043256 -1.311509 0.090003
v 0.043448 -1.312361 0.092227
v 0.044727 -1.312672 0.094220
v 0.046753 -1.312361 0.095449
v 0.048981 -1.311510 0.095583
v 0.050816 -1.310347 0.094587
v 0.051764 -1.309184 0.092728
v 0.051573 -1.308333 0.090504
v 0.050293 -1.308021 0.088510
v 0.048268 -1.308333 0.087282
v 0.046039 -1.309184 0.087148
v 0.044205 -1.310347 0.088144
v 0.043256 -1.311509 0.090003
v 0.043448 -1.312361 0.092227
v 0.044727 -1.312672 0.094220
v 0.046753 -1.312361 0.095449
v 0.048981 -1.311510 0.095583
v 0.050816 -1.310347 0.094587
v 0.043164 -1.284865 0.101498
v 0.043034 -1.284185 0.099211
v 0.041778 -1.283939 0.097193
v 0.039732 -1.284195 0.095985
v 0.037445 -1.284884 0.095911
v 0.035530 -1.285820 0.096989
v 0.034499 -1.286754 0.098932
v 0.034630 -1.287434 0.101219
v 0.035886 -1.287680 0.103236
v 0.037931 -1.287424 0.104444
v 0.040218 -1.286735 0.104519
v 0.042133 -1.285799 0.103440
v 0.035997 -1.258402 0.108696
v 0.035907 -1.257867 0.106369
v 0.034667 -1.257678 0.104336
v 0.032608 -1.257887 0.103141
v 0.030283 -1.258437 0.103104
v 0.028315 -1.259181 0.104236
v 0.027231 -1.259919 0.106233
v 0.027321 -1.260454 0.108560
v 0.028561 -1.260643 0.110593
v 0.030620 -1.260434 0.111788
v 0.032944 -1.259884 0.111825
v 0.034913 -1.259140 0.110693
v 0.030136 -1.230571 0.114466
v 0.030071 -1.230154 0.112114
v 0.028840 -1.230012 0.110071
v 0.026774 -1.230183 0.108884
v 0.024425 -1.230621 0.108871
v 0.022424 -1.231209 0.110036
v 0.021305 -1.231789 0.112066
v 0.021370 -1.232206 0.114418
v 0.022601 -1.232348 0.116461
v 0.024667 -1.232177 0.117648
v 0.027016 -1.231739 0.117661
v 0.029018 -1.231151 0.116496
v 0.025451 -1.202161 0.118952
v 0.025402 -1.201841 0.116585
v 0.024178 -1.201737 0.114536
v 0.022107 -1.201878 0.113354
v 0.019743 -1.202226 0.113355
v 0.017720 -1.202687 0.114540
v 0.016580 -1.203138 0.116591
v 0.016629 -1.203458 0.118958
v 0.017853 -1.203561 0.121008
v 0.019925 -1.203421 0.122190
v 0.022288 -1.203073 0.122188
v 0.024311 -1.202612 0.121003
v 0.021811 -1.173959 0.122302
v 0.021773 -1.173719 0.119925
v 0.020553 -1.173648 0.117872
v 0.018478 -1.173764 0.116693
v 0.016105 -1.174038 0.116704
v 0.014068 -1.174394 0.117901
v 0.012914 -1.174739 0.119965
v 0.012953 -1.174978 0.122342
v 0.014173 -1.175050 0.124395
v 0.016247 -1.174933 0.125574
v 0.018621 -1.174660 0.125564
v 0.020657 -1.174303 0.124366
v 0.019082 -1.146749 0.124665
v 0.019051 -1.146577 0.122282
v 0.017834 -1.146534 0.120227
v 0.015757 -1.146632 0.119049
v 0.013377 -1.146843 0.119065
v 0.011332 -1.147113 0.120270
v 0.010169 -1.147368 0.122342
v 0.010200 -1.147540 0.124725
v 0.011417 -1.147583 0.126780
v 0.013494 -1.147486 0.127958
v 0.015874 -1.147274 0.127942
v 0.017919 -1.147004 0.126737
v 0.017129 -1.121317 0.126191
v 0.017103 -1.121203 0.123805
v 0.015888 -1.121185 0.121747
v 0.013810 -1.121268 0.120571
v 0.011426 -1.121428 0.120590
v 0.009375 -1.121624 0.121800
v 0.008206 -1.121803 0.123876
v 0.008233 -1.121917 0.126262
v 0.009448 -1.121935 0.128319
v 0.011526 -1.121852 0.129496
v 0.013910 -1.121692 0.129477
v 0.015961 -1.121496 0.128267
v 0.015818 -1.098444 0.127031
v 0.015794 -1.098382 0.124643
v 0.014580 -1.098388 0.122584
v 0.012502 -1.098460 0.121408
v 0.010116 -1.098578 0.121429
v 0.008061 -1.098711 0.122641
v 0.006888 -1.098823 0.124720
v 0.006912 -1.098884 0.127108
v 0.008126 -1.098879 0.129166
v 0.010204 -1.098807 0.130342
v 0.012591 -1.098689 0.130322
v 0.014645 -1.098556 0.129110
v 0.015012 -1.078910 0.127336
v 0.014990 -1.078898 0.124947
v 0.013778 -1.078929 0.122889
v 0.011699 -1.078996 0.121712
v 0.009311 -1.079079 0.121734
v 0.007254 -1.079157 0.122947
v 0.006079 -1.079208 0.125026
v 0.006101 -1.079220 0.127415
v 0.007313 -1.079189 0.129474
v 0.009392 -1.079123 0.130650
v 0.011780 -1.079040 0.130629
v 0.013837 -1.078962 0.129416
v 0.014576 -1.063492 0.127258
v 0.014555 -1.063534 0.124869
v 0.013344 -1.063598 0.122811
v 0.011265 -1.063668 0.121635
v 0.008877 -1.063725 0.121656
v 0.006818 -1.063753 0.122869
v 0.005641 -1.063745 0.124948
v 0.005661 -1.063703 0.127337
v 0.006873 -1.063639 0.129395
v 0.008952 -1.063569 0.130571
v 0.011340 -1.063512 0.130550
v 0.013399 -1.063484 0.129338
v 0.014372 -1.052937 0.126947
v 0.014354 -1.053068 0.124562
v 0.013144 -1.053206 0.122506
v 0.011066 -1.053314 0.121331
v 0.008678 -1.053361 0.121352
v 0.006618 -1.053337 0.122563
v 0.005439 -1.053247 0.124639
v 0.005457 -1.053115 0.127025
v 0.006667 -1.052977 0.129080
v 0.008745 -1.052870 0.130255
v 0.011134 -1.052822 0.130234
v 0.013193 -1.052847 0.129024
v 0.014261 -1.047894 0.126533
v 0.014251 -1.048296 0.124178
v 0.013049 -1.048687 0.122151
v 0.010976 -1.048964 0.120995
v 0.008588 -1.049052 0.121021
v 0.006526 -1.048928 0.122220
v 0.005341 -1.048624 0.124273
v 0.005351 -1.048223 0.126628
v 0.006553 -1.047831 0.128655
v 0.008626 -1.047554 0.129811
v 0.011014 -1.047466 0.129785
v 0.013076 -1.047591 0.128586
v 0.013518 -1.034652 0.123062
v 0.013521 -1.035326 0.120769
v 0.012330 -1.035970 0.118801
v 0.010265 -1.036410 0.117683
v 0.007879 -1.036529 0.117715
v 0.005811 -1.036295 0.118889
v 0.004616 -1.035771 0.120891
v 0.004613 -1.035097 0.123183
v 0.005804 -1.034454 0.125152
v 0.007869 -1.034013 0.126270
v 0.010255 -1.033894 0.126237
v 0.012323 -1.034128 0.125063
v 0.012769 -1.020125 0.118324
v 0.012778 -1.020910 0.116068
v 0.011591 -1.021644 0.114128
v 0.009528 -1.022129 0.113024
v 0.007142 -1.022236 0.113053
v 0.005071 -1.021936 0.114206
v 0.003870 -1.021309 0.116174
v 0.003862 -1.020524 0.118431
v 0.005048 -1.019791 0.120371
v 0.007111 -1.019306 0.121474
v 0.009498 -1.019199 0.121446
v 0.011569 -1.019499 0.120293
v 0.012052 -1.004662 0.112598
v 0.012064 -1.005523 0.110369
v 0.010880 -1.006316 0.108451
v 0.008819 -1.006828 0.107357
v 0.006432 -1.006922 0.107381
v 0.004358 -1.006574 0.108516
v 0.003154 -1.005875 0.110458
v 0.003143 -1.005014 0.112687
v 0.004326 -1.004221 0.114605
v 0.006388 -1.003709 0.115699
v 0.008775 -1.003615 0.115675
v 0.010849 -1.003964 0.114540
v 0.011411 -0.988750 0.106186
v 0.011425 -0.989666 0.103980
v 0.010243 -0.990500 0.102078
v 0.008182 -0.991027 0.100990
v 0.005794 -0.991107 0.101008
v 0.003719 -0.990718 0.102127
v 0.002513 -0.989965 0.104048
v 0.002499 -0.989049 0.106254
v 0.003681 -0.988215 0.108156
v 0.005742 -0.987688 0.109244
v 0.008130 -0.987608 0.109226
v 0.010205 -0.987997 0.108107
v 0.010888 -0.972880 0.099396
v 0.010904 -0.973838 0.097207
v 0.009723 -0.974698 0.095317
v 0.007662 -0.975231 0.094232
v 0.005273 -0.975294 0.094243
v 0.003197 -0.974869 0.095346
v 0.001990 -0.974071 0.097248
v 0.001975 -0.973114 0.099436
v 0.003156 -0.972253 0.101327
v 0.005216 -0.971720 0.102412
v 0.007605 -0.971658 0.102401
v 0.009681 -0.972082 0.101297
v 0.010529 -0.957545 0.092533
v 0.010545 -0.958535 0.090359
v 0.009364 -0.959413 0.088476
v 0.007303 -0.959943 0.087390
v 0.004914 -0.959983 0.087391
v 0.002838 -0.959523 0.088479
v 0.001629 -0.958686 0.090362
v 0.001613 -0.957696 0.092537
v 0.002794 -0.956818 0.094419
v 0.004855 -0.956288 0.095506
v 0.007244 -0.956248 0.095505
v 0.009321 -0.956708 0.094417
v 0.010376 -0.943242 0.085906
v 0.010392 -0.944258 0.083744
v 0.009212 -0.945143 0.081864
v 0.007151 -0.945659 0.080772
v 0.004762 -0.945669 0.080758
v 0.002684 -0.945170 0.081828
v 0.001476 -0.944295 0.083694
v 0.001459 -0.943279 0.085857
v 0.002640 -0.942394 0.087736
v 0.004701 -0.941878 0.088829
v 0.007090 -0.941868 0.088842
v 0.009167 -0.942367 0.087772
v 0.010473 -0.930475 0.079825
v 0.010489 -0.931512 0.077673
v 0.009308 -0.932392 0.075791
v 0.007248 -0.932880 0.074685
v 0.004859 -0.932844 0.074650
v 0.002782 -0.932295 0.075696
v 0.001574 -0.931379 0.077543
v 0.001558 -0.930342 0.079695
v 0.002738 -0.929462 0.081577
v 0.004799 -0.928974 0.082683
v 0.007188 -0.929010 0.082718
v 0.009265 -0.929559 0.081672
v 0.010860 -0.919765 0.074611
v 0.010875 -0.920819 0.072467
v 0.009695 -0.921675 0.070574
v 0.007637 -0.922105 0.069439
v 0.005251 -0.921993 0.069367
v 0.003178 -0.921369 0.070377
v 0.001972 -0.920401 0.072198
v 0.001957 -0.919347 0.074342
v 0.003136 -0.918490 0.076235
v 0.005194 -0.918060 0.077370
v 0.007580 -0.918172 0.077442
v 0.009654 -0.918796 0.076432
v 0.011560 -0.911703 0.070619
v 0.011574 -0.912770 0.068481
v 0.010402 -0.913557 0.066554
v 0.008357 -0.913854 0.065354
v 0.005988 -0.913581 0.065202
v 0.003930 -0.912812 0.066140
v 0.002733 -0.911752 0.067916
v 0.002719 -0.910686 0.070054
v 0.003892 -0.909898 0.071981
v 0.005936 -0.909601 0.073181
v 0.008305 -0.909874 0.073333
v 0.010364 -0.910643 0.072395
v 0.012350 -0.907384 0.068454
v 0.012363 -0.908453 0.066317
v 0.011277 -0.908959 0.064250
v 0.009383 -0.908768 0.062806
v 0.007188 -0.907929 0.062374
v 0.005280 -0.906669 0.063067
v 0.004171 -0.905324 0.064701
v 0.004158 -0.904255 0.066838
v 0.005244 -0.903749 0.068905
v 0.007138 -0.903940 0.070348
v 0.009333 -0.904778 0.070781
v 0.011241 -0.906039 0.070088
v 0.013556 -0.905900 0.067900
v 0.012984 -0.907699 0.066436
v 0.011560 -0.908629 0.064758
v 0.009664 -0.908439 0.063316
v 0.007805 -0.907181 0.062497
v 0.006480 -0.905193 0.062520
v 0.006046 -0.903006 0.063379
v 0.006618 -0.901207 0.064844
v 0.008042 -0.900278 0.066522
v 0.009938 -0.900468 0.067964
v 0.011797 -0.901725 0.068783
v 0.013122 -0.903714 0.068759
v 0.014277 -0.905073 0.063800
v 0.013432 -0.907278 0.064165
v 0.011658 -0.908729 0.064839
v 0.009428 -0.909037 0.065640
v 0.007340 -0.908119 0.066354
v 0.005955 -0.906222 0.066789
v 0.005642 -0.903854 0.066829
v 0.006486 -0.901649 0.066463
v 0.008261 -0.900198 0.065790
v 0.010491 -0.899890 0.064989
v 0.012578 -0.900807 0.064275
v 0.013964 -0.902705 0.063840
v 0.009587 -0.905178 0.060107
v 0.009226 -0.907368 0.060990
v 0.008469 -0.908787 0.062757
v 0.007519 -0.909056 0.064933
v 0.006632 -0.908101 0.066936
v 0.006045 -0.906179 0.068228
v 0.005914 -0.903805 0.068464
v 0.006276 -0.901615 0.067580
v 0.007033 -0.900196 0.065814
v 0.007982 -0.899927 0.063638
v 0.008870 -0.900882 0.061635
v 0.009457 -0.902804 0.060343
v 0.005322 -0.905221 0.058357
v 0.004977 -0.907411 0.059248
v 0.004257 -0.908830 0.061030
v 0.003355 -0.909098 0.063226
v 0.002514 -0.908143 0.065248
v 0.001958 -0.906221 0.066554
v 0.001836 -0.903846 0.066794
v 0.002181 -0.901657 0.065903
v 0.002901 -0.900237 0.064121
v 0.003803 -0.899970 0.061924
v 0.004644 -0.900925 0.059902
v 0.005200 -0.902847 0.058597
v -0.000363 -0.905274 0.056008
v -0.000719 -0.907464 0.056894
v -0.001460 -0.908883 0.058668
v -0.002386 -0.909151 0.060854
v -0.003249 -0.908196 0.062867
v -0.003819 -0.906274 0.064167
v -0.003942 -0.903900 0.064406
v -0.003585 -0.901710 0.063520
v -0.002845 -0.900291 0.061746
v -0.001918 -0.900023 0.059560
v -0.001055 -0.900977 0.057547
v -0.000486 -0.902899 0.056247
v -0.007145 -0.905333 0.053050
v -0.007524 -0.907523 0.053926
v -0.008310 -0.908943 0.055680
v -0.009291 -0.909211 0.057842
v -0.010204 -0.908257 0.059832
v -0.010806 -0.906335 0.061119
v -0.010934 -0.903961 0.061355
v -0.010554 -0.901771 0.060479
v -0.009768 -0.900351 0.058726
v -0.008787 -0.900083 0.056563
v -0.007874 -0.901037 0.054573
v -0.007273 -0.902959 0.053287
v -0.014632 -0.905395 0.049504
v -0.015045 -0.907586 0.050365
v -0.015894 -0.909006 0.052088
v -0.016954 -0.909275 0.054212
v -0.017940 -0.908321 0.056169
v -0.018588 -0.906400 0.057433
v -0.018724 -0.904026 0.057666
v -0.018311 -0.901836 0.056805
v -0.017462 -0.900415 0.055082
v -0.016402 -0.900146 0.052958
v -0.015416 -0.901100 0.051001
v -0.014768 -0.903021 0.049737
v -0.022419 -0.905458 0.045403
v -0.022874 -0.907648 0.046240
v -0.023809 -0.909069 0.047918
v -0.024974 -0.909339 0.049987
v -0.026056 -0.908386 0.051892
v -0.026765 -0.906465 0.053123
v -0.026912 -0.904091 0.053351
v -0.026456 -0.901901 0.052513
v -0.025521 -0.900480 0.050835
v -0.024357 -0.900210 0.048767
v -0.023275 -0.901163 0.046861
v -0.022566 -0.903084 0.045630
v -0.030090 -0.905516 0.040785
v -0.030601 -0.907707 0.041589
v -0.031647 -0.909129 0.043199
v -0.032947 -0.909400 0.045185
v -0.034154 -0.908448 0.047015
v -0.034943 -0.906528 0.048197
v -0.035104 -0.904154 0.048416
v -0.034593 -0.901962 0.047612
v -0.033547 -0.900541 0.046002
v -0.032247 -0.900270 0.044016
v -0.031040 -0.901222 0.042186
v -0.030251 -0.903142 0.041004
v -0.037226 -0.905566 0.035706
v -0.037809 -0.907758 0.036458
v -0.038997 -0.909181 0.037966
v -0.040473 -0.909453 0.039825
v -0.041840 -0.908502 0.041538
v -0.042733 -0.906583 0.042645
v -0.042913 -0.904209 0.042851
v -0.042330 -0.902017 0.042099
v -0.041142 -0.900595 0.040592
v -0.039666 -0.900322 0.038732
v -0.038299 -0.901273 0.037019
v -0.037406 -0.903193 0.035912
v -0.043410 -0.905606 0.030246
v -0.044083 -0.907798 0.030916
v -0.045452 -0.909222 0.032261
v -0.047150 -0.909496 0.033919
v -0.048722 -0.908546 0.035448
v -0.049746 -0.906628 0.036437
v -0.049949 -0.904254 0.036621
v -0.049275 -0.902062 0.035951
v -0.047906 -0.900638 0.034607
v -0.046209 -0.900364 0.032948
v -0.044637 -0.901314 0.031420
v -0.043613 -0.903233 0.030431
v -0.048245 -0.905631 0.024524
v -0.049026 -0.907824 0.025061
v -0.050611 -0.909249 0.026142
v -0.052573 -0.909525 0.027476
v -0.054388 -0.908576 0.028707
v -0.055569 -0.906658 0.029504
v -0.055800 -0.904285 0.029654
v -0.055019 -0.902092 0.029117
v -0.053434 -0.900667 0.028036
v -0.051471 -0.900392 0.026701
v -0.049656 -0.901340 0.025471
v -0.048475 -0.903258 0.024674
v -0.051396 -0.905640 0.018726
v -0.052288 -0.907833 0.019047
v -0.054092 -0.909259 0.019694
v -0.056326 -0.909535 0.020495
v -0.058391 -0.908587 0.021235
v -0.059734 -0.906670 0.021714
v -0.059994 -0.904297 0.021806
v -0.059103 -0.902103 0.021485
v -0.057298 -0.900678 0.020837
v -0.055064 -0.900402 0.020036
v -0.052999 -0.901349 0.019297
v -0.051656 -0.903267 0.018817
v -0.052175 -0.905639 0.014676
v -0.053119 -0.907833 0.014747
v -0.055031 -0.909259 0.014891
v -0.057398 -0.909535 0.015069
v -0.059585 -0.908588 0.015233
v -0.061007 -0.906670 0.015339
v -0.061282 -0.904297 0.015360
v -0.060337 -0.902104 0.015289
v -0.058426 -0.900678 0.015146
v -0.056059 -0.900402 0.014968
v -0.053872 -0.901349 0.014804
v -0.052450 -0.903266 0.014697
v -0.051906 -0.905639 0.009075
v -0.052846 -0.907833 0.008960
v -0.054749 -0.909259 0.008727
v -0.057105 -0.909535 0.008439
v -0.059282 -0.908588 0.008172
v -0.060697 -0.906670 0.007999
v -0.060971 -0.904297 0.007965
v -0.060031 -0.902104 0.008080
v -0.058128 -0.900678 0.008313
v -0.055772 -0.900402 0.008602
v -0.053595 -0.901349 0.008868
v -0.052180 -0.903266 0.009042
v -0.050518 -0.905639 0.002231
v -0.051435 -0.907833 0.001992
v -0.053290 -0.909259 0.001507
v -0.055586 -0.909535 0.000908
v -0.057708 -0.908588 0.000354
v -0.059088 -0.906670 -0.000006
v -0.059355 -0.904297 -0.000076
v -0.058439 -0.902104 0.000163
v -0.056583 -0.900678 0.000648
v -0.054287 -0.900402 0.001247
v -0.052165 -0.901349 0.001801
v -0.050785 -0.903266 0.002161
v -0.048056 -0.905639 -0.005406
v -0.048944 -0.907833 -0.005737
v -0.050740 -0.909259 -0.006408
v -0.052963 -0.909535 -0.007239
v -0.055018 -0.908588 -0.008006
v -0.056353 -0.906670 -0.008505
v -0.056612 -0.904297 -0.008602
v -0.055725 -0.902104 -0.008270
v -0.053929 -0.900678 -0.007599
v -0.051705 -0.900402 -0.006769
v -0.049651 -0.901349 -0.006001
v -0.048315 -0.903266 -0.005502
v -0.044621 -0.905639 -0.013450
v -0.045476 -0.907833 -0.013858
v -0.047207 -0.909259 -0.014684
v -0.049349 -0.909535 -0.015706
v -0.051328 -0.908588 -0.016651
v -0.052615 -0.906670 -0.017265
v -0.052864 -0.904297 -0.017384
v -0.052009 -0.902104 -0.016976
v -0.050279 -0.900678 -0.016150
v -0.048137 -0.900402 -0.015128
v -0.046157 -0.901349 -0.014183
v -0.044871 -0.903266 -0.013569
v -0.040331 -0.905639 -0.021553
v -0.041149 -0.907833 -0.022031
v -0.042804 -0.909259 -0.022998
v -0.044853 -0.909535 -0.024195
v -0.046747 -0.908588 -0.025302
v -0.047978 -0.906670 -0.026021
v -0.048217 -0.904297 -0.026160
v -0.047399 -0.902104 -0.025682
v -0.045743 -0.900678 -0.024715
v -0.043694 -0.900402 -0.023518
v -0.041800 -0.901349 -0.022412
v -0.040569 -0.903266 -0.021692
v -0.035310 -0.905639 -0.029379
v -0.036083 -0.907833 -0.029926
v -0.037649 -0.909259 -0.031033
v -0.039586 -0.909535 -0.032404
v -0.041376 -0.908588 -0.033671
v -0.042540 -0.906670 -0.034495
v -0.042766 -0.904297 -0.034654
v -0.041993 -0.902104 -0.034107
v -0.040427 -0.900678 -0.033000
v -0.038490 -0.900402 -0.031629
v -0.036699 -0.901349 -0.030362
v -0.035536 -0.903266 -0.029538
v -0.029695 -0.905639 -0.036601
v -0.030412 -0.907833 -0.037221
v -0.031861 -0.909259 -0.038476
v -0.033655 -0.909535 -0.040030
v -0.035313 -0.908588 -0.041466
v -0.036391 -0.906670 -0.042399
v -0.036599 -0.904297 -0.042580
v -0.035883 -0.902104 -0.041960
v -0.034434 -0.900678 -0.040705
v -0.032640 -0.900402 -0.039151
v -0.030982 -0.901349 -0.037715
v -0.029904 -0.903266 -0.036781
v -0.023637 -0.905639 -0.042897
v -0.024275 -0.907833 -0.043597
v -0.025567 -0.909259 -0.045014
v -0.027165 -0.909535 -0.046768
v -0.028643 -0.908588 -0.048389
v -0.029603 -0.906670 -0.049443
v -0.029789 -0.904297 -0.049647
v -0.029151 -0.902104 -0.048947
v -0.027860 -0.900678 -0.047530
v -0.026261 -0.900402 -0.045776
v -0.024784 -0.901349 -0.044155
v -0.023823 -0.903266 -0.043101
v -0.017307 -0.905639 -0.047961
v -0.017834 -0.907833 -0.048748
v -0.018900 -0.909259 -0.050341
v -0.020220 -0.909535 -0.052314
v -0.021440 -0.908588 -0.054137
v -0.022233 -0.906670 -0.055322
v -0.022387 -0.904297 -0.055551
v -0.021860 -0.902104 -0.054764
v -0.020793 -0.900678 -0.053170
v -0.019473 -0.900402 -0.051198
v -0.018253 -0.901349 -0.049375
v -0.017460 -0.903266 -0.048190
v -0.010900 -0.905639 -0.051521
v -0.011265 -0.907833 -0.052395
v -0.012004 -0.909259 -0.054165
v -0.012918 -0.909535 -0.056355
v -0.013763 -0.908588 -0.058379
v -0.014312 -0.906670 -0.059695
v -0.014419 -0.904297 -0.059950
v -0.014054 -0.902104 -0.059075
v -0.013315 -0.900678 -0.057306
v -0.012401 -0.900402 -0.055116
v -0.011556 -0.901349 -0.053092
v -0.011007 -0.903266 -0.051776
v -0.004652 -0.905639 -0.053379
v -0.004778 -0.907833 -0.054318
v -0.005035 -0.909259 -0.056218
v -0.005352 -0.909535 -0.058570
v -0.005646 -0.908588 -0.060743
v -0.005836 -0.906670 -0.062157
v -0.005873 -0.904297 -0.062430
v -0.005747 -0.902104 -0.061491
v -0.005490 -0.900678 -0.059591
v -0.005173 -0.900402 -0.057239
v -0.004879 -0.901349 -0.055066
v -0.004689 -0.903266 -0.053653
v -0.000189 -0.905639 -0.053277
v -0.000072 -0.907833 -0.054217
v 0.000164 -0.909259 -0.056120
v 0.000456 -0.909535 -0.058475
v 0.000726 -0.908588 -0.060652
v 0.000901 -0.906670 -0.062067
v 0.000935 -0.904297 -0.062341
v 0.000819 -0.902104 -0.061401
v 0.000583 -0.900678 -0.059498
v 0.000291 -0.900402 -0.057143
v 0.000021 -0.901349 -0.054966
v -0.000155 -0.903266 -0.053551
v 0.006110 -0.905639 -0.051786
v 0.006385 -0.907833 -0.052693
v 0.006941 -0.909259 -0.054528
v 0.007629 -0.909535 -0.056799
v 0.008265 -0.908588 -0.058898
v 0.008679 -0.906670 -0.060263
v 0.008759 -0.904297 -0.060527
v 0.008484 -0.902104 -0.059620
v 0.007928 -0.900678 -0.057785
v 0.007240 -0.900402 -0.055514
v 0.006604 -0.901349 -0.053415
v 0.006190 -0.903266 -0.052050
v 0.013699 -0.905639 -0.048937
v 0.014073 -0.907833 -0.049808
v 0.014830 -0.909259 -0.051569
v 0.015766 -0.909535 -0.053750
v 0.016632 -0.908588 -0.055765
v 0.017194 -0.906670 -0.057075
v 0.017303 -0.904297 -0.057329
v 0.016929 -0.902104 -0.056459
v 0.016173 -0.900678 -0.054697
v 0.015236 -0.900402 -0.052516
v 0.014371 -0.901349 -0.050501
v 0.013808 -0.903266 -0.049191
v 0.021992 -0.905639 -0.044902
v 0.022440 -0.907833 -0.045736
v 0.023348 -0.909259 -0.047425
v 0.024471 -0.909535 -0.049516
v 0.025510 -0.908588 -0.051448
v 0.026185 -0.906670 -0.052704
v 0.026315 -0.904297 -0.052947
v 0.025867 -0.902104 -0.052112
v 0.024959 -0.900678 -0.050424
v 0.023836 -0.900402 -0.048333
v 0.022798 -0.901349 -0.046401
v 0.022123 -0.903266 -0.045145
v 0.030496 -0.905639 -0.039879
v 0.031009 -0.907833 -0.040675
v 0.032049 -0.909259 -0.042286
v 0.033336 -0.909535 -0.044280
v 0.034526 -0.908588 -0.046123
v 0.035299 -0.906670 -0.047321
v 0.035449 -0.904297 -0.047553
v 0.034935 -0.902104 -0.046757
v 0.033895 -0.900678 -0.045146
v 0.032608 -0.900402 -0.043152
v 0.031419 -0.901349 -0.041309
v 0.030645 -0.903266 -0.040111
v 0.038749 -0.905639 -0.034076
v 0.039327 -0.907833 -0.034827
v 0.040498 -0.909259 -0.036345
v 0.041946 -0.909535 -0.038225
v 0.043285 -0.908588 -0.039962
v 0.044156 -0.906670 -0.041092
v 0.044324 -0.904297 -0.041310
v 0.043746 -0.902104 -0.040560
v 0.042576 -0.900678 -0.039041
v 0.041127 -0.900402 -0.037162
v 0.039788 -0.901349 -0.035424
v 0.038918 -0.903266 -0.034295
v 0.046303 -0.905639 -0.027712
v 0.046951 -0.907833 -0.028403
v 0.048263 -0.909259 -0.029801
v 0.049887 -0.909535 -0.031532
v 0.051388 -0.908588 -0.033132
v 0.052363 -0.906670 -0.034172
v 0.052552 -0.904297 -0.034373
v 0.051904 -0.902104 -0.033682
v 0.050592 -0.900678 -0.032284
v 0.048968 -0.900402 -0.030553
v 0.047468 -0.901349 -0.028953
v 0.046492 -0.903266 -0.027914
v 0.052714 -0.905639 -0.021029
v 0.053442 -0.907833 -0.021635
v 0.054916 -0.909259 -0.022861
v 0.056741 -0.909535 -0.024378
v 0.058427 -0.908588 -0.025781
v 0.059524 -0.906670 -0.026693
v 0.059736 -0.904297 -0.026869
v 0.059008 -0.902104 -0.026263
v 0.057534 -0.900678 -0.025038
v 0.055709 -0.900402 -0.023520
v 0.054022 -0.901349 -0.022118
v 0.052926 -0.903266 -0.021206
v 0.057554 -0.905639 -0.014315
v 0.058375 -0.907833 -0.014789
v 0.060035 -0.909259 -0.015748
v 0.062090 -0.909535 -0.016935
v 0.063990 -0.908588 -0.018032
v 0.065224 -0.906670 -0.018745
v 0.065463 -0.904297 -0.018883
v 0.064643 -0.902104 -0.018409
v 0.062983 -0.900678 -0.017450
v 0.060928 -0.900402 -0.016263
v 0.059028 -0.901349 -0.015166
v 0.057793 -0.903266 -0.014453
v 0.060471 -0.905639 -0.007916
v 0.061381 -0.907833 -0.008178
v 0.063224 -0.909259 -0.008707
v 0.065505 -0.909535 -0.009363
v 0.067613 -0.908588 -0.009969
v 0.068983 -0.906670 -0.010363
v 0.069249 -0.904297 -0.010439
v 0.068338 -0.902104 -0.010177
v 0.066495 -0.900678 -0.009648
v 0.064214 -0.900402 -0.008992
v 0.062106 -0.901349 -0.008386
v 0.060736 -0.903266 -0.007992
v 0.061298 -0.905639 -0.002127
v 0.062244 -0.907833 -0.002074
v 0.064158 -0.909259 -0.001966
v 0.066527 -0.909535 -0.001833
v 0.068717 -0.908588 -0.001710
v 0.070141 -0.906670 -0.001630
v 0.070417 -0.904297 -0.001614
v 0.069471 -0.902104 -0.001667
v 0.067557 -0.900678 -0.001775
v 0.065187 -0.900402 -0.001908
v 0.062997 -0.901349 -0.002032
v 0.061574 -0.903266 -0.002112
v 0.059800 -0.905639 0.003549
v 0.060689 -0.907833 0.003878
v 0.062486 -0.909259 0.004544
v 0.064712 -0.909535 0.005369
v 0.066768 -0.908588 0.006132
v 0.068105 -0.906670 0.006628
v 0.068364 -0.904297 0.006724
v 0.067476 -0.902104 0.006394
v 0.065678 -0.900678 0.005728
v 0.063453 -0.900402 0.004903
v 0.061396 -0.901349 0.004140
v 0.060059 -0.903266 0.003645
v 0.057627 -0.905639 0.007856
v 0.058470 -0.907833 0.008288
v 0.060176 -0.909259 0.009163
v 0.062287 -0.909535 0.010247
v 0.064239 -0.908588 0.011248
v 0.065508 -0.906670 0.011899
v 0.065753 -0.904297 0.012025
v 0.064910 -0.902104 0.011592
v 0.063205 -0.900678 0.010717
v 0.061093 -0.900402 0.009634
v 0.059141 -0.901349 0.008633
v 0.057873 -0.903266 0.007982
v 0.054753 -0.905639 0.013296
v 0.055584 -0.907833 0.013752
v 0.057265 -0.909259 0.014674
v 0.059345 -0.909535 0.015816
v 0.061268 -0.908588 0.016871
v 0.062518 -0.906670 0.017556
v 0.062761 -0.904297 0.017689
v 0.061930 -0.902104 0.017234
v 0.060249 -0.900678 0.016311
v 0.058168 -0.900402 0.015170
v 0.056245 -0.901349 0.014115
v 0.054995 -0.903266 0.013429
v 0.051377 -0.905639 0.019227
v 0.052191 -0.907833 0.019712
v 0.053838 -0.909259 0.020693
v 0.055877 -0.909535 0.021908
v 0.057761 -0.908588 0.023031
v 0.058986 -0.906670 0.023760
v 0.059223 -0.904297 0.023902
v 0.058409 -0.902104 0.023417
v 0.056762 -0.900678 0.022436
v 0.054723 -0.900402 0.021221
v 0.052839 -0.901349 0.020098
v 0.051614 -0.903266 0.019369
v 0.047521 -0.905639 0.025419
v 0.048313 -0.907833 0.025940
v 0.049915 -0.909259 0.026993
v 0.051898 -0.909535 0.028296
v 0.053731 -0.908588 0.029501
v 0.054923 -0.906670 0.030284
v 0.055154 -0.904297 0.030435
v 0.054362 -0.902104 0.029915
v 0.052760 -0.900678 0.028862
v 0.050777 -0.900402 0.027559
v 0.048944 -0.901349 0.026354
v 0.047752 -0.903266 0.025571
v 0.043213 -0.905639 0.031640
v 0.043975 -0.907833 0.032203
v 0.045518 -0.909259 0.033341
v 0.047427 -0.909535 0.034751
v 0.049192 -0.908588 0.036054
v 0.050339 -0.906670 0.036901
v 0.050561 -0.904297 0.037065
v 0.049799 -0.902104 0.036502
v 0.048256 -0.900678 0.035363
v 0.046347 -0.900402 0.033954
v 0.044583 -0.901349 0.032651
v 0.043436 -0.903266 0.031804
v 0.038485 -0.905639 0.037655
v 0.039208 -0.907833 0.038269
v 0.040669 -0.909259 0.039510
v 0.042478 -0.909535 0.041046
v 0.044150 -0.908588 0.042465
v 0.045237 -0.906670 0.043388
v 0.045447 -0.904297 0.043567
v 0.044725 -0.902104 0.042954
v 0.043264 -0.900678 0.041713
v 0.041455 -0.900402 0.040177
v 0.039783 -0.901349 0.038757
v 0.038696 -0.903266 0.037834
v 0.033376 -0.905639 0.043234
v 0.034044 -0.907833 0.043906
v 0.035394 -0.909259 0.045267
v 0.037066 -0.909535 0.046952
v 0.038611 -0.908588 0.048509
v 0.039615 -0.906670 0.049521
v 0.039810 -0.904297 0.049717
v 0.039143 -0.902104 0.049044
v 0.037792 -0.900678 0.047683
v 0.036120 -0.900402 0.045999
v 0.034575 -0.901349 0.044442
v 0.033571 -0.903266 0.043430
v 0.027935 -0.905639 0.048148
v 0.028526 -0.907833 0.048888
v 0.029723 -0.909259 0.050386
v 0.031204 -0.909535 0.052240
v 0.032574 -0.908588 0.053954
v 0.033464 -0.906670 0.055068
v 0.033636 -0.904297 0.055284
v 0.033045 -0.902104 0.054543
v 0.031848 -0.900678 0.053046
v 0.030367 -0.900402 0.051191
v 0.028997 -0.901349 0.049478
v 0.028107 -0.903266 0.048364
v 0.022218 -0.905639 0.052184
v 0.022704 -0.907833 0.052998
v 0.023688 -0.909259 0.054643
v 0.024905 -0.909535 0.056681
v 0.026030 -0.908588 0.058564
v 0.026762 -0.906670 0.059787
v 0.026903 -0.904297 0.060025
v 0.026417 -0.902104 0.059211
v 0.025434 -0.900678 0.057566
v 0.024217 -0.900402 0.055528
v 0.023091 -0.901349 0.053646
v 0.022360 -0.903266 0.052422
v 0.016283 -0.905639 0.055156
v 0.016626 -0.907833 0.056039
v 0.017321 -0.909259 0.057826
v 0.018180 -0.909535 0.060038
v 0.018974 -0.908588 0.062083
v 0.019491 -0.906670 0.063412
v 0.019591 -0.904297 0.063669
v 0.019248 -0.902104 0.062786
v 0.018553 -0.900678 0.060999
v 0.017694 -0.900402 0.058787
v 0.016900 -0.901349 0.056742
v 0.016383 -0.903266 0.055413
v 0.010158 -0.905639 0.056911
v 0.010319 -0.907833 0.057845
v 0.010644 -0.909259 0.059734
v 0.011046 -0.909535 0.062073
v 0.011417 -0.908588 0.064235
v 0.011659 -0.906670 0.065640
v 0.011706 -0.904297 0.065912
v 0.011545 -0.902104 0.064978
v 0.011220 -0.900678 0.063089
v 0.010818 -0.900402 0.060750
v 0.010447 -0.901349 0.058588
v 0.010205 -0.903266 0.057183
v 0.003795 -0.905639 0.057312
v 0.003747 -0.907833 0.058258
v 0.003650 -0.909259 0.060173
v 0.003529 -0.909535 0.062543
v 0.003418 -0.908588 0.064734
v 0.003345 -0.906670 0.066158
v 0.003331 -0.904297 0.066434
v 0.003379 -0.902104 0.065487
v 0.003477 -0.900678 0.063573
v 0.003597 -0.900402 0.061202
v 0.003709 -0.901349 0.059012
v 0.003781 -0.903266 0.057588
vn -0.9987 -0.0000 -0.0508
vn 0.3517 -0.8638 -0.3608
vn 0.9298 0.2233 0.2926
vn 0.8988 0.3900 -0.2001
vn 0.6232 0.4508 -0.6391
vn 0.1779 0.3889 -0.9040
vn -0.3153 0.2213 -0.9228
vn -0.7218 -0.0057 -0.6921
vn -0.9329 -0.2301 -0.2769
vn -0.8956 -0.3924 0.2096
vn -0.6228 -0.4510 0.6393
vn -0.1867 -0.3911 0.9012
vn 0.3001 -0.2280 0.9263
vn 0.7094 -0.0033 0.7048
vn 0.9371 0.2020 0.2846
vn 0.9117 0.3511 -0.2134
vn 0.6384 0.4051 -0.6545
vn 0.1913 0.3488 -0.9175
vn -0.3068 0.1980 -0.9309
vn -0.7206 -0.0057 -0.6934
vn -0.9400 -0.2071 -0.2712
vn -0.9091 -0.3529 0.2215
vn -0.6381 -0.4052 0.6547
vn -0.1988 -0.3506 0.9152
vn 0.2939 -0.2031 0.9340
vn 0.7099 -0.0011 0.7043
vn 0.9484 0.1628 0.2722
vn 0.9311 0.2797 -0.2341
vn 0.6615 0.3211 -0.6777
vn 0.2125 0.2753 -0.9376
vn -0.2934 0.1552 -0.9433
vn -0.7190 -0.0065 -0.6950
vn -0.9508 -0.1660 -0.2614
vn -0.9291 -0.2809 0.2405
vn -0.6612 -0.3212 0.6780
vn -0.2183 -0.2764 0.9359
vn 0.2831 -0.1583 0.9459
vn 0.7104 0.0023 0.7038
vn 0.9555 0.1310 0.2643
vn 0.9433 0.2220 -0.2469
vn 0.6760 0.2530 -0.6921
vn 0.2258 0.2156 -0.9500
vn -0.2848 0.1201 -0.9510
vn -0.7178 -0.0076 -0.6962
vn -0.9576 -0.1330 -0.2556
vn -0.9417 -0.2227 0.2521
vn -0.6758 -0.2531 0.6923
vn -0.2305 -0.2163 0.9487
vn 0.2765 -0.1221 0.9532
vn 0.7108 0.0050 0.7034
vn 0.9600 0.1052 0.2593
vn 0.9510 0.1749 -0.2550
vn 0.6853 0.1976 -0.7010
vn 0.2345 0.1668 -0.9577
vn -0.2791 0.0912 -0.9559
vn -0.7169 -0.0089 -0.6972
vn -0.9618 -0.1064 -0.2522
vn -0.9498 -0.1754 0.2592
vn -0.6851 -0.1976 0.7012
vn -0.2383 -0.1673 0.9567
vn 0.2724 -0.0924 0.9577
vn 0.7111 0.0073 0.7030
vn 0.9630 0.0841 0.2561
vn 0.9559 0.1363 -0.2600
vn 0.6913 0.1518 -0.7065
vn 0.2401 0.1264 -0.9625
vn -0.2754 0.0670 -0.9590
vn -0.7162 -0.0104 -0.6979
vn -0.9645 -0.0849 -0.2503
vn -0.9549 -0.1366 0.2635
vn -0.6910 -0.1519 0.7067
vn -0.2432 -0.1267 0.9617
vn 0.2698 -0.0678 0.9605
vn 0.7114 0.0093 0.7027
vn 0.9649 0.0667 0.2542
vn 0.9591 0.1042 -0.2631
vn 0.6952 0.1136 -0.7098
vn 0.2439 0.0924 -0.9654
vn -0.2728 0.0464 -0.9610
vn -0.7156 -0.0121 -0.6984
vn -0.9661 -0.0672 -0.2492
vn -0.9583 -0.1044 0.2661
vn -0.6949 -0.1136 0.7101
vn -0.2464 -0.0926 0.9647
vn 0.2681 -0.0469 0.9622
vn 0.7116 0.0114 0.7025
vn 0.9660 0.0525 0.2530
vn 0.9612 0.0772 -0.2649
vn 0.6977 0.0812 -0.7118
vn 0.2464 0.0633 -0.9671
vn -0.2710 0.0283 -0.9622
vn -0.7151 -0.0142 -0.6988
vn -0.9672 -0.0528 -0.2486
vn -0.9604 -0.0773 0.2676
vn -0.6974 -0.0812 0.7121
vn -0.2484 -0.0634 0.9666
vn 0.2671 -0.0287 0.9632
vn 0.7117 0.0138 0.7024
vn 0.9668 0.0411 0.2523
vn 0.9625 0.0544 -0.2658
vn 0.6994 0.0531 -0.7128
vn 0.2481 0.0376 -0.9680
vn -0.2698 0.0119 -0.9629
vn -0.7147 -0.0169 -0.6992
vn -0.9678 -0.0412 -0.2484
vn -0.9618 -0.0544 0.2683
vn -0.6990 -0.0531 0.7132
vn -0.2497 -0.0376 0.9676
vn 0.2664 -0.0121 0.9638
vn 0.7117 0.0167 0.7023
vn 0.9672 0.0323 0.2521
vn 0.9633 0.0349 -0.2661
vn 0.7005 0.0281 -0.7131
vn 0.2493 0.0138 -0.9683
vn -0.2688 -0.0043 -0.9632
vn -0.7144 -0.0212 -0.6994
vn -0.9681 -0.0324 -0.2484
vn -0.9626 -0.0349 0.2687
vn -0.6999 -0.0281 0.7137
vn -0.2505 -0.0138 0.9680
vn 0.2660 0.0042 0.9640
vn 0.7117 0.0210 0.7022
vn 0.9673 0.0274 0.2523
vn 0.9639 0.0183 -0.2656
vn 0.7015 0.0044 -0.7126
vn 0.2504 -0.0107 -0.9681
vn -0.2681 -0.0229 -0.9631
vn -0.7142 -0.0290 -0.6994
vn -0.9683 -0.0273 -0.2482
vn -0.9630 -0.0183 0.2690
vn -0.7003 -0.0043 0.7138
vn -0.2508 0.0108 0.9680
vn 0.2656 0.0230 0.9638
vn 0.7114 0.0291 0.7022
vn 0.9665 0.0342 0.2543
vn 0.9648 0.0054 -0.2629
vn 0.7034 -0.0241 -0.7104
vn 0.2522 -0.0465 -0.9666
vn -0.2669 -0.0566 -0.9621
vn -0.7140 -0.0518 -0.6983
vn -0.9686 -0.0330 -0.2466
vn -0.9626 -0.0047 0.2708
vn -0.6991 0.0256 0.7146
vn -0.2499 0.0494 0.9670
vn 0.2651 0.0599 0.9624
vn 0.7100 0.0543 0.7021
vn 0.9631 0.0812 0.2566
vn 0.9679 -0.0053 -0.2514
vn 0.7128 -0.0904 -0.6955
vn 0.2614 -0.1512 -0.9533
vn -0.2642 -0.1706 -0.9493
vn -0.7164 -0.1431 -0.6829
vn -0.9699 -0.0766 -0.2312
vn -0.9602 0.0105 0.2792
vn -0.6956 0.0947 0.7122
vn -0.2492 0.1539 0.9561
vn 0.2618 0.1727 0.9496
vn 0.7044 0.1462 0.6946
vn 0.9630 0.1224 0.2400
vn 0.9661 -0.0236 -0.2572
vn 0.7089 -0.1638 -0.6861
vn 0.2600 -0.2600 -0.9299
vn -0.2590 -0.2860 -0.9226
vn -0.7077 -0.2346 -0.6664
vn -0.9655 -0.1202 -0.2311
vn -0.9637 0.0261 0.2656
vn -0.7045 0.1648 0.6903
vn -0.2584 0.2593 0.9306
vn 0.2558 0.2849 0.9238
vn 0.7025 0.2350 0.6717
vn 0.9631 0.1293 0.2359
vn 0.9665 -0.0408 -0.2533
vn 0.7102 -0.2002 -0.6750
vn 0.2622 -0.3058 -0.9153
vn -0.2565 -0.3290 -0.9089
vn -0.7058 -0.2635 -0.6576
vn -0.9648 -0.1273 -0.2299
vn -0.9650 0.0428 0.2587
vn -0.7074 0.2012 0.6776
vn -0.2614 0.3058 0.9155
vn 0.2540 0.3290 0.9095
vn 0.7021 0.2645 0.6612
vn 0.9632 0.1322 0.2339
vn 0.9669 -0.0544 -0.2492
vn 0.7109 -0.2266 -0.6658
vn 0.2635 -0.3379 -0.9036
vn -0.2549 -0.3582 -0.8981
vn -0.7045 -0.2823 -0.6512
vn -0.9645 -0.1306 -0.2296
vn -0.9658 0.0559 0.2530
vn -0.7091 0.2273 0.6675
vn -0.2632 0.3379 0.9036
vn 0.2528 0.3583 0.8987
vn 0.7016 0.2832 0.6538
vn 0.9634 0.1322 0.2333
vn 0.9672 -0.0663 -0.2450
vn 0.7114 -0.2472 -0.6579
vn 0.2642 -0.3617 -0.8941
vn -0.2540 -0.3789 -0.8899
vn -0.7038 -0.2943 -0.6466
vn -0.9643 -0.1309 -0.2300
vn -0.9665 0.0675 0.2478
vn -0.7102 0.2477 0.6590
vn -0.2644 0.3616 0.8941
vn 0.2521 0.3790 0.8904
vn 0.7014 0.2951 0.6488
vn 0.9635 0.1296 0.2341
vn 0.9675 -0.0780 -0.2405
vn 0.7117 -0.2647 -0.6507
vn 0.2646 -0.3804 -0.8862
vn -0.2536 -0.3938 -0.8835
vn -0.7034 -0.3015 -0.6437
vn -0.9643 -0.1285 -0.2314
vn -0.9669 0.0789 0.2425
vn -0.7110 0.2650 0.6513
vn -0.2652 0.3803 0.8860
vn 0.2516 0.3940 0.8840
vn 0.7013 0.3023 0.6456
vn 0.9637 0.1241 0.2363
vn 0.9677 -0.0906 -0.2352
vn 0.7118 -0.2810 -0.6437
vn 0.2646 -0.3959 -0.8793
vn -0.2535 -0.4045 -0.8787
vn -0.7033 -0.3045 -0.6423
vn -0.9644 -0.1231 -0.2341
vn -0.9673 0.0912 0.2366
vn -0.7117 0.2811 0.6438
vn -0.2659 0.3958 0.8790
vn 0.2512 0.4047 0.8793
vn 0.7013 0.3054 0.6442
vn 0.9638 0.1146 0.2406
vn 0.9678 -0.1058 -0.2285
vn 0.7116 -0.2978 -0.6363
vn 0.2643 -0.4098 -0.8731
vn -0.2538 -0.4116 -0.8753
vn -0.7034 -0.3031 -0.6429
vn -0.9645 -0.1136 -0.2386
vn -0.9675 0.1062 0.2293
vn -0.7121 0.2976 0.6359
vn -0.2664 0.4095 0.8725
vn 0.2508 0.4119 0.8760
vn 0.7012 0.3041 0.6449
vn 0.9637 0.0985 0.2483
vn 0.9675 -0.1265 -0.2190
vn 0.7110 -0.3176 -0.6274
vn 0.2634 -0.4232 -0.8669
vn -0.2545 -0.4151 -0.8735
vn -0.7037 -0.2957 -0.6461
vn -0.9643 -0.0974 -0.2462
vn -0.9674 0.1267 0.2192
vn -0.7124 0.3171 0.6261
vn -0.2670 0.4228 0.8660
vn 0.2502 0.4156 0.8745
vn 0.7008 0.2970 0.6486
vn 0.9624 0.0698 0.2625
vn 0.9660 -0.1593 -0.2036
vn 0.7090 -0.3455 -0.6148
vn 0.2613 -0.4383 -0.8600
vn -0.2559 -0.4132 -0.8739
vn -0.7037 -0.2775 -0.6540
vn -0.9632 -0.0680 -0.2601
vn -0.9662 0.1595 0.2026
vn -0.7122 0.3445 0.6117
vn -0.2680 0.4379 0.8581
vn 0.2486 0.4145 0.8754
vn 0.6994 0.2799 0.6577
vn 0.9572 0.0144 0.2891
vn 0.9604 -0.2170 -0.1746
vn 0.7043 -0.3922 -0.5917
vn 0.2560 -0.4597 -0.8504
vn -0.2604 -0.3983 -0.8795
vn -0.7028 -0.2276 -0.6740
vn -0.9563 0.0024 -0.2925
vn -0.9591 0.2304 0.1647
vn -0.7105 0.3979 0.5804
vn -0.2713 0.4616 0.8446
vn 0.2447 0.4042 0.8813
vn 0.6957 0.2407 0.6768
vn 0.8743 -0.2140 0.4356
vn 0.9065 -0.3940 -0.1516
vn 0.7251 -0.0353 -0.6877
vn 0.3533 -0.1277 -0.9268
vn -0.1361 -0.1629 -0.9772
vn -0.6133 -0.0387 -0.7889
vn -0.8853 0.2193 -0.4101
vn -0.8870 0.4588 0.0524
vn -0.6497 0.5873 0.4827
vn -0.2510 0.5701 0.7823
vn 0.2085 0.4085 0.8886
vn 0.6204 0.1274 0.7739
vn 0.8908 -0.2106 0.4026
vn 0.8260 -0.5480 0.1319
vn 0.9551 0.1779 -0.2371
vn 0.4972 0.7913 -0.3557
vn 0.5279 0.5534 -0.6443
vn 0.3242 0.5079 -0.7981
vn 0.2253 0.6828 -0.6950
vn 0.3446 0.8282 -0.4420
vn -0.2664 0.9050 0.3318
vn 0.0527 0.8523 0.5204
vn 0.4804 0.6064 0.6336
vn 0.7799 0.2156 0.5876
vn 0.9267 -0.1151 -0.3578
vn 0.7459 -0.5852 -0.3181
vn 0.5310 -0.8099 -0.2490
vn 0.6702 -0.3063 0.6761
vn 0.7464 0.0222 0.6652
vn 0.9461 0.2925 0.1390
vn 0.9973 -0.0727 0.0116
vn 0.9340 -0.2849 0.2156
vn 0.1776 0.9613 0.2108
vn 0.2294 0.9733 -0.0119
vn 0.6094 0.7703 -0.1877
vn 0.8719 0.3781 -0.3110
vn 0.4960 -0.1410 -0.8568
vn 0.4030 -0.5987 -0.6923
vn 0.1997 -0.9185 -0.3413
vn -0.0115 -0.9815 0.1910
vn 0.3387 -0.5907 0.7324
vn 0.4791 -0.1935 0.8562
vn 0.4975 0.0875 0.8630
vn 0.4108 0.4332 0.8022
vn 0.1351 0.8378 0.5290
vn 0.0722 0.9872 -0.1425
vn 0.3076 0.7606 -0.5717
vn 0.4627 0.3476 -0.8155
vn 0.3777 -0.1490 -0.9139
vn 0.3028 -0.6235 -0.7208
vn 0.1468 -0.9309 -0.3346
vn -0.0485 -0.9888 0.1413
vn -0.2308 -0.7818 0.5793
vn -0.3512 -0.3654 0.8621
vn -0.3775 0.1488 0.9140
vn -0.3028 0.6232 0.7211
vn -0.1469 0.9307 0.3350
vn 0.0484 0.9888 -0.1409
vn 0.2308 0.7820 -0.5790
vn 0.3513 0.3655 -0.8620
vn 0.3876 -0.1491 -0.9097
vn 0.3102 -0.6241 -0.7172
vn 0.1494 -0.9313 -0.3322
vn -0.0512 -0.9886 0.1416
vn -0.2381 -0.7812 0.5771
vn -0.3612 -0.3650 0.8581
vn -0.3877 0.1485 0.9097
vn -0.3107 0.6225 0.7183
vn -0.1505 0.9302 0.3348
vn 0.0500 0.9891 -0.1387
vn 0.2373 0.7827 -0.5754
vn 0.3610 0.3661 -0.8577
vn 0.4104 -0.1490 -0.8997
vn 0.3277 -0.6244 -0.7090
vn 0.1571 -0.9316 -0.3279
vn -0.0555 -0.9885 0.1407
vn -0.2531 -0.7809 0.5711
vn -0.3829 -0.3649 0.8487
vn -0.4105 0.1482 0.8997
vn -0.3286 0.6219 0.7108
vn -0.1589 0.9298 0.3320
vn 0.0535 0.9892 -0.1362
vn 0.2518 0.7833 -0.5684
vn 0.3825 0.3666 -0.8481
vn 0.4431 -0.1489 -0.8840
vn 0.3532 -0.6246 -0.6965
vn 0.1684 -0.9318 -0.3216
vn -0.0614 -0.9884 0.1390
vn -0.2744 -0.7806 0.5616
vn -0.4140 -0.3648 0.8340
vn -0.4433 0.1478 0.8841
vn -0.3545 0.6212 0.6989
vn -0.1711 0.9294 0.3271
vn 0.0583 0.9894 -0.1328
vn 0.2724 0.7840 -0.5578
vn 0.4135 0.3672 -0.8332
vn 0.4865 -0.1487 -0.8609
vn 0.3871 -0.6249 -0.6779
vn 0.1834 -0.9321 -0.3124
vn -0.0691 -0.9883 0.1362
vn -0.3027 -0.7802 0.5474
vn -0.4553 -0.3648 0.8122
vn -0.4868 0.1472 0.8610
vn -0.3890 0.6203 0.6811
vn -0.1875 0.9288 0.3195
vn 0.0646 0.9896 -0.1282
vn 0.2998 0.7847 -0.5425
vn 0.4545 0.3679 -0.8112
vn 0.5429 -0.1485 -0.8266
vn 0.4310 -0.6254 -0.6505
vn 0.2029 -0.9325 -0.2990
vn -0.0792 -0.9881 0.1319
vn -0.3395 -0.7797 0.5262
vn -0.5089 -0.3646 0.7798
vn -0.5434 0.1466 0.8266
vn -0.4339 0.6192 0.6545
vn -0.2089 0.9281 0.3081
vn 0.0724 0.9899 -0.1216
vn 0.3350 0.7858 -0.5199
vn 0.5077 0.3688 -0.7786
vn 0.6155 -0.1484 -0.7741
vn 0.4874 -0.6261 -0.6086
vn 0.2276 -0.9330 -0.2786
vn -0.0927 -0.9878 0.1250
vn -0.3871 -0.7789 0.4935
vn -0.5782 -0.3643 0.7301
vn -0.6164 0.1457 0.7738
vn -0.4921 0.6176 0.6135
vn -0.2371 0.9271 0.2903
vn 0.0821 0.9903 -0.1118
vn 0.3802 0.7872 -0.4855
vn 0.5761 0.3701 -0.7288
vn 0.7074 -0.1483 -0.6911
vn 0.5586 -0.6273 -0.5426
vn 0.2582 -0.9340 -0.2470
vn -0.1105 -0.9874 0.1134
vn -0.4481 -0.7776 0.4412
vn -0.6661 -0.3637 0.6511
vn -0.7091 0.1446 0.6901
vn -0.5662 0.6154 0.5483
vn -0.2735 0.9257 0.2614
vn 0.0935 0.9909 -0.0970
vn 0.4369 0.7892 -0.4316
vn 0.6626 0.3717 -0.6502
vn 0.8167 -0.1484 -0.5577
vn 0.6429 -0.6291 -0.4370
vn 0.2936 -0.9353 -0.1973
vn -0.1332 -0.9867 0.0930
vn -0.5218 -0.7755 0.3555
vn -0.7714 -0.3625 0.5230
vn -0.8199 0.1432 0.5543
vn -0.6554 0.6125 0.4419
vn -0.3184 0.9237 0.2131
vn 0.1056 0.9916 -0.0748
vn 0.5036 0.7918 -0.3457
vn 0.7654 0.3737 -0.5239
vn 0.9308 -0.1498 -0.3333
vn 0.7280 -0.6342 -0.2604
vn 0.3260 -0.9382 -0.1161
vn -0.1589 -0.9856 0.0576
vn -0.5971 -0.7730 0.2145
vn -0.8777 -0.3613 0.3147
vn -0.9319 0.1423 0.3338
vn -0.7462 0.6098 0.2669
vn -0.3662 0.9213 0.1305
vn 0.1135 0.9927 -0.0414
vn 0.5684 0.7970 -0.2042
vn 0.8714 0.3783 -0.3124
vn 0.9864 -0.1483 -0.0704
vn 0.7743 -0.6303 -0.0560
vn 0.3506 -0.9362 -0.0258
vn -0.1641 -0.9864 0.0126
vn -0.6305 -0.7746 0.0486
vn -0.9293 -0.3622 0.0720
vn -0.9868 0.1427 0.0765
vn -0.7891 0.6112 0.0610
vn -0.3844 0.9227 0.0295
vn 0.1257 0.9920 -0.0092
vn 0.6067 0.7937 -0.0442
vn 0.9244 0.3756 -0.0662
vn 0.9815 -0.1471 0.1222
vn 0.7735 -0.6265 0.0960
vn 0.3552 -0.9338 0.0438
vn -0.1568 -0.9874 -0.0190
vn -0.6240 -0.7777 -0.0757
vn -0.9246 -0.3643 -0.1118
vn -0.9825 0.1435 -0.1188
vn -0.7834 0.6142 -0.0949
vn -0.3771 0.9250 -0.0458
vn 0.1320 0.9911 0.0163
vn 0.6084 0.7901 0.0753
vn 0.9208 0.3729 0.1145
vn 0.9570 -0.1467 0.2504
vn 0.7552 -0.6251 0.1975
vn 0.3491 -0.9327 0.0912
vn -0.1495 -0.9880 -0.0390
vn -0.6061 -0.7796 -0.1580
vn -0.9007 -0.3655 -0.2347
vn -0.9576 0.1441 -0.2495
vn -0.7622 0.6161 -0.1986
vn -0.3646 0.9263 -0.0950
vn 0.1319 0.9907 0.0345
vn 0.5950 0.7886 0.1555
vn 0.8981 0.3719 0.2349
vn 0.9266 -0.1465 0.3463
vn 0.7318 -0.6243 0.2735
vn 0.3393 -0.9321 0.1268
vn -0.1432 -0.9883 -0.0535
vn -0.5858 -0.7804 -0.2187
vn -0.8718 -0.3662 -0.3255
vn -0.9270 0.1443 -0.3461
vn -0.7373 0.6169 -0.2753
vn -0.3516 0.9269 -0.1313
vn 0.1293 0.9904 0.0483
vn 0.5770 0.7878 0.2156
vn 0.8697 0.3713 0.3251
vn 0.8928 -0.1464 0.4261
vn 0.7053 -0.6240 0.3366
vn 0.3274 -0.9319 0.1563
vn -0.1373 -0.9884 -0.0655
vn -0.5639 -0.7808 -0.2691
vn -0.8398 -0.3664 -0.4007
vn -0.8931 0.1444 -0.4261
vn -0.7101 0.6173 -0.3388
vn -0.3382 0.9272 -0.1614
vn 0.1252 0.9903 0.0597
vn 0.5563 0.7875 0.2655
vn 0.8380 0.3711 0.3999
vn 0.8542 -0.1464 0.4990
vn 0.6747 -0.6240 0.3942
vn 0.3133 -0.9319 0.1830
vn -0.1314 -0.9884 -0.0767
vn -0.5395 -0.7808 -0.3152
vn -0.8034 -0.3664 -0.4694
vn -0.8544 0.1444 -0.4992
vn -0.6793 0.6173 -0.3969
vn -0.3235 0.9272 -0.1890
vn 0.1197 0.9903 0.0700
vn 0.5322 0.7875 0.3109
vn 0.8018 0.3711 0.4684
vn 0.8076 -0.1465 0.5712
vn 0.6378 -0.6243 0.4512
vn 0.2958 -0.9321 0.2092
vn -0.1247 -0.9883 -0.0882
vn -0.5103 -0.7805 -0.3611
vn -0.7596 -0.3662 -0.5375
vn -0.8077 0.1444 -0.5716
vn -0.6424 0.6170 -0.4546
vn -0.3063 0.9270 -0.2167
vn 0.1128 0.9904 0.0798
vn 0.5029 0.7877 0.3558
vn 0.7580 0.3713 0.5362
vn 0.7479 -0.1467 0.6474
vn 0.5903 -0.6248 0.5110
vn 0.2731 -0.9325 0.2365
vn -0.1163 -0.9881 -0.1008
vn -0.4731 -0.7799 -0.4099
vn -0.7034 -0.3658 -0.6095
vn -0.7478 0.1442 -0.6480
vn -0.5951 0.6164 -0.5156
vn -0.2844 0.9265 -0.2464
vn 0.1035 0.9906 0.0896
vn 0.4651 0.7883 0.4027
vn 0.7019 0.3717 0.6076
vn 0.6667 -0.1470 0.7307
vn 0.5256 -0.6258 0.5762
vn 0.2422 -0.9332 0.2656
vn -0.1050 -0.9878 -0.1153
vn -0.4223 -0.7789 -0.4637
vn -0.6268 -0.3651 -0.6884
vn -0.6663 0.1439 -0.7317
vn -0.5307 0.6154 -0.5828
vn -0.2545 0.9258 -0.2795
vn 0.0909 0.9909 0.0997
vn 0.4138 0.7893 0.4537
vn 0.6255 0.3724 0.6856
vn 0.5510 -0.1474 0.8214
vn 0.4337 -0.6273 0.6468
vn 0.1986 -0.9342 0.2964
vn -0.0883 -0.9873 -0.1322
vn -0.3495 -0.7773 -0.5231
vn -0.5173 -0.3640 -0.7745
vn -0.5497 0.1434 -0.8230
vn -0.4385 0.6139 -0.6564
vn -0.2115 0.9247 -0.3165
vn 0.0734 0.9913 0.1095
vn 0.3408 0.7908 0.5084
vn 0.5167 0.3735 0.7704
vn 0.3833 -0.1480 0.9117
vn 0.3008 -0.6292 0.7166
vn 0.1364 -0.9356 0.3257
vn -0.0627 -0.9866 -0.1507
vn -0.2425 -0.7751 -0.5834
vn -0.3575 -0.3625 -0.8607
vn -0.3796 0.1428 -0.9141
vn -0.3035 0.6117 -0.7305
vn -0.1477 0.9231 -0.3550
vn 0.0493 0.9918 0.1178
vn 0.2357 0.7927 0.5622
vn 0.3591 0.3748 0.8547
vn 0.1313 -0.1497 0.9800
vn 0.1028 -0.6344 0.7662
vn 0.0461 -0.9383 0.3427
vn -0.0227 -0.9856 -0.1676
vn -0.0851 -0.7730 -0.6287
vn -0.1252 -0.3613 -0.9240
vn -0.1329 0.1423 -0.9809
vn -0.1064 0.6098 -0.7854
vn -0.0522 0.9213 -0.3854
vn 0.0161 0.9927 0.1194
vn 0.0804 0.7974 0.5981
vn 0.1229 0.3787 0.9173
vn -0.1256 -0.1479 0.9810
vn -0.0980 -0.6289 0.7713
vn -0.0441 -0.9354 0.3509
vn 0.0197 -0.9867 -0.1614
vn 0.0764 -0.7755 -0.6267
vn 0.1123 -0.3627 -0.9251
vn 0.1191 0.1429 -0.9825
vn 0.0955 0.6120 -0.7850
vn 0.0466 0.9234 -0.3810
vn -0.0161 0.9917 0.1273
vn -0.0765 0.7924 0.6051
vn -0.1175 0.3746 0.9197
vn -0.2882 -0.1468 0.9462
vn -0.2271 -0.6255 0.7464
vn -0.1046 -0.9330 0.3442
vn 0.0451 -0.9878 -0.1492
vn 0.1814 -0.7788 -0.6005
vn 0.2690 -0.3650 -0.8913
vn 0.2859 0.1438 -0.9474
vn 0.2279 0.6153 -0.7547
vn 0.1094 0.9258 -0.3619
vn -0.0393 0.9908 0.1293
vn -0.1787 0.7891 0.5878
vn -0.2704 0.3722 0.8879
vn -0.3907 -0.1465 0.9088
vn -0.3084 -0.6243 0.7177
vn -0.1429 -0.9321 0.3327
vn 0.0604 -0.9882 -0.1406
vn 0.2467 -0.7803 -0.5747
vn 0.3670 -0.3661 -0.8552
vn 0.3902 0.1443 -0.9093
vn 0.3104 0.6168 -0.7233
vn 0.1481 0.9268 -0.3450
vn -0.0544 0.9905 0.1266
vn -0.2432 0.7878 0.5658
vn -0.3667 0.3714 0.8530
vn -0.4683 -0.1464 0.8713
vn -0.3700 -0.6238 0.6884
vn -0.1718 -0.9318 0.3197
vn 0.0719 -0.9884 -0.1338
vn 0.2957 -0.7809 -0.5503
vn 0.4404 -0.3665 -0.8196
vn 0.4683 0.1445 -0.8717
vn 0.3723 0.6174 -0.6930
vn 0.1773 0.9272 -0.3299
vn -0.0658 0.9903 0.1224
vn -0.2919 0.7873 0.5431
vn -0.4396 0.3710 0.8180
vn -0.5364 -0.1464 0.8311
vn -0.4238 -0.6238 0.6567
vn -0.1969 -0.9318 0.3051
vn 0.0823 -0.9884 -0.1275
vn 0.3387 -0.7809 -0.5248
vn 0.5046 -0.3665 -0.7817
vn 0.5366 0.1445 -0.8313
vn 0.4266 0.6174 -0.6609
vn 0.2030 0.9273 -0.3145
vn -0.0754 0.9903 0.1168
vn -0.3344 0.7873 0.5181
vn -0.5036 0.3710 0.7802
vn -0.6037 -0.1465 0.7836
vn -0.4769 -0.6241 0.6189
vn -0.2213 -0.9320 0.2872
vn 0.0931 -0.9883 -0.1208
vn 0.3816 -0.7806 -0.4950
vn 0.5681 -0.3663 -0.7370
vn 0.6041 0.1444 -0.7837
vn 0.4804 0.6171 -0.6232
vn 0.2289 0.9270 -0.2970
vn -0.0845 0.9904 0.1096
vn -0.3761 0.7876 0.4881
vn -0.5667 0.3712 0.7356
vn -0.6766 -0.1467 0.7216
vn -0.5340 -0.6249 0.5695
vn -0.2471 -0.9325 0.2634
vn 0.1054 -0.9881 -0.1123
vn 0.4284 -0.7798 -0.4564
vn 0.6370 -0.3657 -0.6786
vn 0.6773 0.1442 -0.7215
vn 0.5390 0.6163 -0.5742
vn 0.2575 0.9265 -0.2744
vn -0.0936 0.9906 0.0998
vn -0.4209 0.7883 0.4488
vn -0.6350 0.3717 0.6772
vn -0.7600 -0.1471 0.6331
vn -0.5992 -0.6262 0.4989
vn -0.2758 -0.9334 0.2295
vn 0.1206 -0.9876 -0.1002
vn 0.4829 -0.7784 -0.4011
vn 0.7164 -0.3647 -0.5948
vn 0.7614 0.1437 -0.6322
vn 0.6067 0.6149 -0.5038
vn 0.2914 0.9255 -0.2421
vn -0.1031 0.9910 0.0858
vn -0.4715 0.7897 0.3926
vn -0.7130 0.3726 0.5939
vn -0.8553 -0.1477 0.4966
vn -0.6730 -0.6284 0.3902
vn -0.3070 -0.9350 0.1777
vn 0.1400 -0.9869 -0.0806
vn 0.5467 -0.7760 -0.3147
vn 0.8077 -0.3630 -0.4646
vn 0.8580 0.1430 -0.4934
vn 0.6852 0.6125 -0.3942
vn 0.3319 0.9238 -0.1911
vn -0.1120 0.9916 0.0648
vn -0.5284 0.7919 0.3061
vn -0.8021 0.3742 0.4655
vn -0.9491 -0.1488 0.2775
vn -0.7440 -0.6320 0.2166
vn -0.3344 -0.9374 0.0968
vn 0.1622 -0.9857 -0.0462
vn 0.6108 -0.7725 -0.1738
vn 0.8972 -0.3607 -0.2549
vn 0.9522 0.1421 -0.2705
vn 0.7628 0.6091 -0.2169
vn 0.3742 0.9212 -0.1066
vn -0.1173 0.9925 0.0340
vn -0.5819 0.7955 0.1689
vn -0.8892 0.3768 0.2596
vn -0.9868 -0.1512 -0.0572
vn -0.7680 -0.6389 -0.0442
vn -0.3384 -0.9408 -0.0193
vn 0.1749 -0.9845 0.0097
vn 0.6365 -0.7705 0.0351
vn 0.9316 -0.3599 0.0513
vn 0.9884 0.1417 0.0544
vn 0.7931 0.6076 0.0437
vn 0.3931 0.9192 0.0218
vn -0.1133 0.9935 -0.0065
vn -0.5970 0.8015 -0.0342
vn -0.9225 0.3822 -0.0534
vn -0.9249 -0.1477 -0.3504
vn -0.7278 -0.6285 -0.2744
vn -0.3315 -0.9353 -0.1241
vn 0.1529 -0.9867 0.0560
vn 0.5933 -0.7751 0.2172
vn 0.8755 -0.3624 0.3196
vn 0.9298 0.1428 0.3393
vn 0.7431 0.6116 0.2716
vn 0.3608 0.9232 0.1323
vn -0.1202 0.9917 -0.0451
vn -0.5714 0.7921 -0.2147
vn -0.8674 0.3742 -0.3281
vn -0.8792 -0.1454 -0.4538
vn -0.6967 -0.6209 -0.3592
vn -0.3268 -0.9300 -0.1682
vn 0.1314 -0.9891 0.0672
vn 0.5542 -0.7827 0.2833
vn 0.8283 -0.3676 0.4229
vn 0.8813 0.1449 0.4498
vn 0.6994 0.6191 0.3573
vn 0.3303 0.9287 0.1689
vn -0.1278 0.9896 -0.0658
vn -0.5512 0.7845 -0.2839
vn -0.8260 0.3689 -0.4262
vn -0.8674 -0.1458 -0.4758
vn -0.6866 -0.6219 -0.3767
vn -0.3213 -0.9304 -0.1763
vn 0.1297 -0.9890 0.0712
vn 0.5455 -0.7828 0.2993
vn 0.8152 -0.3679 0.4473
vn 0.8674 0.1450 0.4759
vn 0.6883 0.6194 0.3777
vn 0.3252 0.9286 0.1785
vn -0.1253 0.9897 -0.0687
vn -0.5427 0.7854 -0.2977
vn -0.8146 0.3696 -0.4469
vn -0.8499 -0.1459 -0.5063
vn -0.6726 -0.6222 -0.4006
vn -0.3144 -0.9306 -0.1873
vn 0.1277 -0.9889 0.0761
vn 0.5349 -0.7825 0.3187
vn 0.7989 -0.3676 0.4760
vn 0.8500 0.1450 0.5064
vn 0.6747 0.6190 0.4020
vn 0.3192 0.9284 0.1902
vn -0.1222 0.9898 -0.0728
vn -0.5315 0.7857 -0.3166
vn -0.7982 0.3699 -0.4755
vn -0.8268 -0.1460 -0.5432
vn -0.6540 -0.6226 -0.4297
vn -0.3053 -0.9309 -0.2006
vn 0.1248 -0.9888 0.0820
vn 0.5207 -0.7822 0.3422
vn 0.7772 -0.3674 0.5108
vn 0.8268 0.1448 0.5435
vn 0.6565 0.6187 0.4315
vn 0.3110 0.9281 0.2044
vn -0.1182 0.9899 -0.0777
vn -0.5166 0.7861 -0.3395
vn -0.7764 0.3701 -0.5101
vn -0.7959 -0.1461 -0.5875
vn -0.6293 -0.6230 -0.4646
vn -0.2932 -0.9312 -0.2165
vn 0.1209 -0.9886 0.0893
vn 0.5017 -0.7817 0.3705
vn 0.7483 -0.3670 0.5526
vn 0.7959 0.1447 0.5878
vn 0.6323 0.6182 0.4670
vn 0.3001 0.9278 0.2216
vn -0.1131 0.9901 -0.0835
vn -0.4968 0.7865 -0.3668
vn -0.7473 0.3705 -0.5517
vn -0.7542 -0.1463 -0.6402
vn -0.5959 -0.6236 -0.5059
vn -0.2770 -0.9316 -0.2352
vn 0.1155 -0.9885 0.0981
vn 0.4759 -0.7811 0.4042
vn 0.7091 -0.3666 0.6023
vn 0.7541 0.1445 0.6406
vn 0.5994 0.6176 0.5092
vn 0.2851 0.9274 0.2422
vn -0.1062 0.9902 -0.0902
vn -0.4702 0.7871 -0.3992
vn -0.7080 0.3709 -0.6010
vn -0.6970 -0.1465 -0.7019
vn -0.5503 -0.6244 -0.5543
vn -0.2550 -0.9322 -0.2569
vn 0.1078 -0.9882 0.1087
vn 0.4404 -0.7803 0.4440
vn 0.6553 -0.3661 0.6607
vn 0.6968 0.1443 0.7026
vn 0.5543 0.6168 0.5588
vn 0.2644 0.9268 0.2666
vn -0.0971 0.9905 -0.0978
vn -0.4339 0.7879 -0.4370
vn -0.6542 0.3714 -0.6588
vn -0.6178 -0.1468 -0.7725
vn -0.4873 -0.6254 -0.6094
vn -0.2249 -0.9329 -0.2813
vn 0.0968 -0.9879 0.1212
vn 0.3910 -0.7793 0.4897
vn 0.5807 -0.3654 0.7275
vn 0.6174 0.1440 0.7734
vn 0.4916 0.6158 0.6157
vn 0.2354 0.9261 0.2948
vn -0.0848 0.9907 -0.1060
vn -0.3837 0.7889 -0.4800
vn -0.5797 0.3721 -0.7249
vn -0.5080 -0.1472 -0.8487
vn -0.4002 -0.6267 -0.6687
vn -0.1837 -0.9337 -0.3072
vn 0.0808 -0.9875 0.1353
vn 0.3220 -0.7781 0.5394
vn 0.4772 -0.3645 0.7996
vn 0.5071 0.1437 0.8498
vn 0.4043 0.6146 0.6774
vn 0.1945 0.9252 0.3258
vn -0.0684 0.9911 -0.1143
vn -0.3147 0.7901 -0.5260
vn -0.4765 0.3730 -0.7961
vn -0.3591 -0.1477 -0.9216
vn -0.2823 -0.6281 -0.7251
vn -0.1289 -0.9347 -0.3313
vn 0.0580 -0.9871 0.1494
vn 0.2277 -0.7767 0.5872
vn 0.3367 -0.3636 0.8686
vn 0.3577 0.1433 0.9228
vn 0.2855 0.6133 0.7364
vn 0.1381 0.9243 0.3559
vn -0.0473 0.9915 -0.1216
vn -0.2217 0.7916 -0.5695
vn -0.3366 0.3741 -0.8641
vn -0.1682 -0.1481 -0.9746
vn -0.1321 -0.6295 -0.7657
vn -0.0599 -0.9356 -0.3480
vn 0.0275 -0.9867 0.1603
vn 0.1067 -0.7756 0.6221
vn 0.1574 -0.3629 0.9184
vn 0.1671 0.1430 0.9755
vn 0.1336 0.6122 0.7793
vn 0.0649 0.9234 0.3783
vn -0.0217 0.9918 -0.1261
vn -0.1035 0.7929 -0.6005
vn -0.1577 0.3750 -0.9135
vn -0.0622 -0.1473 -0.9871
vn -0.0489 -0.6275 -0.7771
vn -0.0222 -0.9351 -0.3536
vn 0.0102 -0.9864 0.1642
vn 0.0395 -0.7732 0.6329
vn 0.0580 -0.3606 0.9309
vn 0.0615 0.1420 0.9880
vn 0.0493 0.6094 0.7914
vn 0.0241 0.9222 0.3859
vn -0.0080 0.9918 -0.1276
vn -0.0383 0.7915 -0.6100
vn -0.0583 0.3733 -0.9259
vt 0.363636 0.000000
vt 0.181818 0.000000
vt 0.272727 0.000000
vt 0.090909 0.000000
vt 0.454545 0.000000
vt 0.000000 0.000000
vt 0.545455 0.000000
vt 1.000000 0.000000
vt 0.636364 0.000000
vt 0.909091 0.000000
vt 0.727273 0.000000
vt 0.818182 0.000000
vt 0.000000 1.000000
vt 0.013889 1.000000
vt 0.013889 0.916667
vt 0.000000 0.916667
vt 0.000000 0.083333
vt 0.013889 0.083333
vt 0.013889 0.000000
vt 0.000000 0.166667
vt 0.013889 0.166667
vt 0.000000 0.250000
vt 0.013889 0.250000
vt 0.000000 0.333333
vt 0.013889 0.333333
vt 0.000000 0.416667
vt 0.013889 0.416667
vt 0.000000 0.500000
vt 0.013889 0.500000
vt 0.000000 0.583333
vt 0.013889 0.583333
vt 0.000000 0.666667
vt 0.013889 0.666667
vt 0.000000 0.750000
vt 0.013889 0.750000
vt 0.000000 0.833333
vt 0.013889 0.833333
vt 0.027778 1.000000
vt 0.027778 0.916667
vt 0.027778 0.083333
vt 0.027778 0.000000
vt 0.027778 0.166667
vt 0.027778 0.250000
vt 0.027778 0.333333
vt 0.027778 0.416667
vt 0.027778 0.500000
vt 0.027778 0.583333
vt 0.027778 0.666667
vt 0.027778 0.750000
vt 0.027778 0.833333
vt 0.041667 1.000000
vt 0.041667 0.916667
vt 0.041667 0.083333
vt 0.041667 0.000000
vt 0.041667 0.166667
vt 0.041667 0.250000
vt 0.041667 0.333333
vt 0.041667 0.416667
vt 0.041667 0.500000
vt 0.041667 0.583333
vt 0.041667 0.666667
vt 0.041667 0.750000
vt 0.041667 0.833333
vt 0.055556 1.000000
vt 0.055556 0.916667
vt 0.055556 0.083333
vt 0.055556 0.000000
vt 0.055556 0.166667
vt 0.055556 0.250000
vt 0.055556 0.333333
vt 0.055556 0.416667
vt 0.055556 0.500000
vt 0.055556 0.583333
vt 0.055556 0.666667
vt 0.055556 0.750000
vt 0.055556 0.833333
vt 0.069444 1.000000
vt 0.069444 0.916667
vt 0.069444 0.083333
vt 0.069444 0.000000
vt 0.069444 0.166667
vt 0.069444 0.250000
vt 0.069444 0.333333
vt 0.069444 0.416667
vt 0.069444 0.500000
vt 0.069444 0.583333
vt 0.069444 0.666667
vt 0.069444 0.750000
vt 0.069444 0.833333
vt 0.083333 1.000000
vt 0.083333 0.916667
vt 0.083333 0.083333
vt 0.083333 0.000000
vt 0.083333 0.166667
vt 0.083333 0.250000
vt 0.083333 0.333333
vt 0.083333 0.416667
vt 0.083333 0.500000
vt 0.083333 0.583333
vt 0.083333 0.666667
vt 0.083333 0.750000
vt 0.083333 0.833333
vt 0.097222 1.000000
vt 0.097222 0.916667
vt 0.097222 0.083333
vt 0.097222 0.000000
vt 0.097222 0.166667
vt 0.097222 0.250000
vt 0.097222 0.333333
vt 0.097222 0.416667
vt 0.097222 0.500000
vt 0.097222 0.583333
vt 0.097222 0.666667
vt 0.097222 0.750000
vt 0.097222 0.833333
vt 0.111111 1.000000
vt 0.111111 0.916667
vt 0.111111 0.083333
vt 0.111111 0.000000
vt 0.111111 0.166667
vt 0.111111 0.250000
vt 0.111111 0.333333
vt 0.111111 0.416667
vt 0.111111 0.500000
vt 0.111111 0.583333
vt 0.111111 0.666667
vt 0.111111 0.750000
vt 0.111111 0.833333
vt 0.125000 1.000000
vt 0.125000 0.916667
vt 0.125000 0.083333
vt 0.125000 0.000000
vt 0.125000 0.166667
vt 0.125000 0.250000
vt 0.125000 0.333333
vt 0.125000 0.416667
vt 0.125000 0.500000
vt 0.125000 0.583333
vt 0.125000 0.666667
vt 0.125000 0.750000
vt 0.125000 0.833333
vt 0.138889 1.000000
vt 0.138889 0.916667
vt 0.138889 0.083333
vt 0.138889 0.000000
vt 0.138889 0.166667
vt 0.138889 0.250000
vt 0.138889 0.333333
vt 0.138889 0.416667
vt 0.138889 0.500000
vt 0.138889 0.583333
vt 0.138889 0.666667
vt 0.138889 0.750000
vt 0.138889 0.833333
vt 0.152778 1.000000
vt 0.152778 0.916667
vt 0.152778 0.083333
vt 0.152778 0.000000
vt 0.152778 0.166667
vt 0.152778 0.250000
vt 0.152778 0.333333
vt 0.152778 0.416667
vt 0.152778 0.500000
vt 0.152778 0.583333
vt 0.152778 0.666667
vt 0.152778 0.750000
vt 0.152778 0.833333
vt 0.166667 1.000000
vt 0.166667 0.916667
vt 0.166667 0.083333
vt 0.166667 0.000000
vt 0.166667 0.166667
vt 0.166667 0.250000
vt 0.166667 0.333333
vt 0.166667 0.416667
vt 0.166667 0.500000
vt 0.166667 0.583333
vt 0.166667 0.666667
vt 0.166667 0.750000
vt 0.166667 0.833333
vt 0.180556 1.000000
vt 0.180556 0.916667
vt 0.180556 0.083333
vt 0.180556 0.000000
vt 0.180556 0.166667
vt 0.180556 0.250000
vt 0.180556 0.333333
vt 0.180556 0.416667
vt 0.180556 0.500000
vt 0.180556 0.583333
vt 0.180556 0.666667
vt 0.180556 0.750000
vt 0.180556 0.833333
vt 0.194444 1.000000
vt 0.194444 0.916667
vt 0.194444 0.083333
vt 0.194444 0.000000
vt 0.194444 0.166667
vt 0.194444 0.250000
vt 0.194444 0.333333
vt 0.194444 0.416667
vt 0.194444 0.500000
vt 0.194444 0.583333
vt 0.194444 0.666667
vt 0.194444 0.750000
vt 0.194444 0.833333
vt 0.208333 1.000000
vt 0.208333 0.916667
vt 0.208333 0.083333
vt 0.208333 0.000000
vt 0.208333 0.166667
vt 0.208333 0.250000
vt 0.208333 0.333333
vt 0.208333 0.416667
vt 0.208333 0.500000
vt 0.208333 0.583333
vt 0.208333 0.666667
vt 0.208333 0.750000
vt 0.208333 0.833333
vt 0.222222 1.000000
vt 0.222222 0.916667
vt 0.222222 0.083333
vt 0.222222 0.000000
vt 0.222222 0.166667
vt 0.222222 0.250000
vt 0.222222 0.333333
vt 0.222222 0.416667
vt 0.222222 0.500000
vt 0.222222 0.583333
vt 0.222222 0.666667
vt 0.222222 0.750000
vt 0.222222 0.833333
vt 0.236111 1.000000
vt 0.236111 0.916667
vt 0.236111 0.083333
vt 0.236111 0.000000
vt 0.236111 0.166667
vt 0.236111 0.250000
vt 0.236111 0.333333
vt 0.236111 0.416667
vt 0.236111 0.500000
vt 0.236111 0.583333
vt 0.236111 0.666667
vt 0.236111 0.750000
vt 0.236111 0.833333
vt 0.250000 1.000000
vt 0.250000 0.916667
vt 0.250000 0.083333
vt 0.250000 0.000000
vt 0.250000 0.166667
vt 0.250000 0.250000
vt 0.250000 0.333333
vt 0.250000 0.416667
vt 0.250000 0.500000
vt 0.250000 0.583333
vt 0.250000 0.666667
vt 0.250000 0.750000
vt 0.250000 0.833333
vt 0.263889 1.000000
vt 0.263889 0.916667
vt 0.263889 0.083333
vt 0.263889 0.000000
vt 0.263889 0.166667
vt 0.263889 0.250000
vt 0.263889 0.333333
vt 0.263889 0.416667
vt 0.263889 0.500000
vt 0.263889 0.583333
vt 0.263889 0.666667
vt 0.263889 0.750000
vt 0.263889 0.833333
vt 0.277778 1.000000
vt 0.277778 0.916667
vt 0.277778 0.083333
vt 0.277778 0.000000
vt 0.277778 0.166667
vt 0.277778 0.250000
vt 0.277778 0.333333
vt 0.277778 0.416667
vt 0.277778 0.500000
vt 0.277778 0.583333
vt 0.277778 0.666667
vt 0.277778 0.750000
vt 0.277778 0.833333
vt 0.291667 1.000000
vt 0.291667 0.916667
vt 0.291667 0.083333
vt 0.291667 0.000000
vt 0.291667 0.166667
vt 0.291667 0.250000
vt 0.291667 0.333333
vt 0.291667 0.416667
vt 0.291667 0.500000
vt 0.291667 0.583333
vt 0.291667 0.666667
vt 0.291667 0.750000
vt 0.291667 0.833333
vt 0.305556 1.000000
vt 0.305556 0.916667
vt 0.305556 0.083333
vt 0.305556 0.000000
vt 0.305556 0.166667
vt 0.305556 0.250000
vt 0.305556 0.333333
vt 0.305556 0.416667
vt 0.305556 0.500000
vt 0.305556 0.583333
vt 0.305556 0.666667
vt 0.305556 0.750000
vt 0.305556 0.833333
vt 0.319444 1.000000
vt 0.319444 0.916667
vt 0.319444 0.083333
vt 0.319444 0.000000
vt 0.319444 0.166667
vt 0.319444 0.250000
vt 0.319444 0.333333
vt 0.319444 0.416667
vt 0.319444 0.500000
vt 0.319444 0.583333
vt 0.319444 0.666667
vt 0.319444 0.750000
vt 0.319444 0.833333
vt 0.333333 1.000000
vt 0.333333 0.916667
vt 0.333333 0.083333
vt 0.333333 0.000000
vt 0.333333 0.166667
vt 0.333333 0.250000
vt 0.333333 0.333333
vt 0.333333 0.416667
vt 0.333333 0.500000
vt 0.333333 0.583333
vt 0.333333 0.666667
vt 0.333333 0.750000
vt 0.333333 0.833333
vt 0.347222 1.000000
vt 0.347222 0.916667
vt 0.347222 0.083333
vt 0.347222 0.000000
vt 0.347222 0.166667
vt 0.347222 0.250000
vt 0.347222 0.333333
vt 0.347222 0.416667
vt 0.347222 0.500000
vt 0.347222 0.583333
vt 0.347222 0.666667
vt 0.347222 0.750000
vt 0.347222 0.833333
vt 0.361111 1.000000
vt 0.361111 0.916667
vt 0.361111 0.083333
vt 0.361111 0.000000
vt 0.361111 0.166667
vt 0.361111 0.250000
vt 0.361111 0.333333
vt 0.361111 0.416667
vt 0.361111 0.500000
vt 0.361111 0.583333
vt 0.361111 0.666667
vt 0.361111 0.750000
vt 0.361111 0.833333
vt 0.375000 1.000000
vt 0.375000 0.916667
vt 0.375000 0.083333
vt 0.375000 0.000000
vt 0.375000 0.166667
vt 0.375000 0.250000
vt 0.375000 0.333333
vt 0.375000 0.416667
vt 0.375000 0.500000
vt 0.375000 0.583333
vt 0.375000 0.666667
vt 0.375000 0.750000
vt 0.375000 0.833333
vt 0.388889 1.000000
vt 0.388889 0.916667
vt 0.388889 0.083333
vt 0.388889 0.000000
vt 0.388889 0.166667
vt 0.388889 0.250000
vt 0.388889 0.333333
vt 0.388889 0.416667
vt 0.388889 0.500000
vt 0.388889 0.583333
vt 0.388889 0.666667
vt 0.388889 0.750000
vt 0.388889 0.833333
vt 0.402778 1.000000
vt 0.402778 0.916667
vt 0.402778 0.083333
vt 0.402778 0.000000
vt 0.402778 0.166667
vt 0.402778 0.250000
vt 0.402778 0.333333
vt 0.402778 0.416667
vt 0.402778 0.500000
vt 0.402778 0.583333
vt 0.402778 0.666667
vt 0.402778 0.750000
vt 0.402778 0.833333
vt 0.416667 1.000000
vt 0.416667 0.916667
vt 0.416667 0.083333
vt 0.416667 0.000000
vt 0.416667 0.166667
vt 0.416667 0.250000
vt 0.416667 0.333333
vt 0.416667 0.416667
vt 0.416667 0.500000
vt 0.416667 0.583333
vt 0.416667 0.666667
vt 0.416667 0.750000
vt 0.416667 0.833333
vt 0.430556 1.000000
vt 0.430556 0.916667
vt 0.430556 0.083333
vt 0.430556 0.000000
vt 0.430556 0.166667
vt 0.430556 0.250000
vt 0.430556 0.333333
vt 0.430556 0.416667
vt 0.430556 0.500000
vt 0.430556 0.583333
vt 0.430556 0.666667
vt 0.430556 0.750000
vt 0.430556 0.833333
vt 0.444444 1.000000
vt 0.444444 0.916667
vt 0.444444 0.083333
vt 0.444444 0.000000
vt 0.444444 0.166667
vt 0.444444 0.250000
vt 0.444444 0.333333
vt 0.444444 0.416667
vt 0.444444 0.500000
vt 0.444444 0.583333
vt 0.444444 0.666667
vt 0.444444 0.750000
vt 0.444444 0.833333
vt 0.458333 1.000000
vt 0.458333 0.916667
vt 0.458333 0.083333
vt 0.458333 0.000000
vt 0.458333 0.166667
vt 0.458333 0.250000
vt 0.458333 0.333333
vt 0.458333 0.416667
vt 0.458333 0.500000
vt 0.458333 0.583333
vt 0.458333 0.666667
vt 0.458333 0.750000
vt 0.458333 0.833333
vt 0.472222 1.000000
vt 0.472222 0.916667
vt 0.472222 0.083333
vt 0.472222 0.000000
vt 0.472222 0.166667
vt 0.472222 0.250000
vt 0.472222 0.333333
vt 0.472222 0.416667
vt 0.472222 0.500000
vt 0.472222 0.583333
vt 0.472222 0.666667
vt 0.472222 0.750000
vt 0.472222 0.833333
vt 0.486111 1.000000
vt 0.486111 0.916667
vt 0.486111 0.083333
vt 0.486111 0.000000
vt 0.486111 0.166667
vt 0.486111 0.250000
vt 0.486111 0.333333
vt 0.486111 0.416667
vt 0.486111 0.500000
vt 0.486111 0.583333
vt 0.486111 0.666667
vt 0.486111 0.750000
vt 0.486111 0.833333
vt 0.500000 1.000000
vt 0.500000 0.916667
vt 0.500000 0.083333
vt 0.500000 0.000000
vt 0.500000 0.166667
vt 0.500000 0.250000
vt 0.500000 0.333333
vt 0.500000 0.416667
vt 0.500000 0.500000
vt 0.500000 0.583333
vt 0.500000 0.666667
vt 0.500000 0.750000
vt 0.500000 0.833333
vt 0.513889 1.000000
vt 0.513889 0.916667
vt 0.513889 0.083333
vt 0.513889 0.000000
vt 0.513889 0.166667
vt 0.513889 0.250000
vt 0.513889 0.333333
vt 0.513889 0.416667
vt 0.513889 0.500000
vt 0.513889 0.583333
vt 0.513889 0.666667
vt 0.513889 0.750000
vt 0.513889 0.833333
vt 0.527778 1.000000
vt 0.527778 0.916667
vt 0.527778 0.083333
vt 0.527778 0.000000
vt 0.527778 0.166667
vt 0.527778 0.250000
vt 0.527778 0.333333
vt 0.527778 0.416667
vt 0.527778 0.500000
vt 0.527778 0.583333
vt 0.527778 0.666667
vt 0.527778 0.750000
vt 0.527778 0.833333
vt 0.541667 1.000000
vt 0.541667 0.916667
vt 0.541667 0.083333
vt 0.541667 0.000000
vt 0.541667 0.166667
vt 0.541667 0.250000
vt 0.541667 0.333333
vt 0.541667 0.416667
vt 0.541667 0.500000
vt 0.541667 0.583333
vt 0.541667 0.666667
vt 0.541667 0.750000
vt 0.541667 0.833333
vt 0.555556 1.000000
vt 0.555556 0.916667
vt 0.555556 0.083333
vt 0.555556 0.000000
vt 0.555556 0.166667
vt 0.555556 0.250000
vt 0.555556 0.333333
vt 0.555556 0.416667
vt 0.555556 0.500000
vt 0.555556 0.583333
vt 0.555556 0.666667
vt 0.555556 0.750000
vt 0.555556 0.833333
vt 0.569444 1.000000
vt 0.569444 0.916667
vt 0.569444 0.083333
vt 0.569444 0.000000
vt 0.569444 0.166667
vt 0.569444 0.250000
vt 0.569444 0.333333
vt 0.569444 0.416667
vt 0.569444 0.500000
vt 0.569444 0.583333
vt 0.569444 0.666667
vt 0.569444 0.750000
vt 0.569444 0.833333
vt 0.583333 1.000000
vt 0.583333 0.916667
vt 0.583333 0.083333
vt 0.583333 0.000000
vt 0.583333 0.166667
vt 0.583333 0.250000
vt 0.583333 0.333333
vt 0.583333 0.416667
vt 0.583333 0.500000
vt 0.583333 0.583333
vt 0.583333 0.666667
vt 0.583333 0.750000
vt 0.583333 0.833333
vt 0.597222 1.000000
vt 0.597222 0.916667
vt 0.597222 0.083333
vt 0.597222 0.000000
vt 0.597222 0.166667
vt 0.597222 0.250000
vt 0.597222 0.333333
vt 0.597222 0.416667
vt 0.597222 0.500000
vt 0.597222 0.583333
vt 0.597222 0.666667
vt 0.597222 0.750000
vt 0.597222 0.833333
vt 0.611111 1.000000
vt 0.611111 0.916667
vt 0.611111 0.083333
vt 0.611111 0.000000
vt 0.611111 0.166667
vt 0.611111 0.250000
vt 0.611111 0.333333
vt 0.611111 0.416667
vt 0.611111 0.500000
vt 0.611111 0.583333
vt 0.611111 0.666667
vt 0.611111 0.750000
vt 0.611111 0.833333
vt 0.625000 1.000000
vt 0.625000 0.916667
vt 0.625000 0.083333
vt 0.625000 0.000000
vt 0.625000 0.166667
vt 0.625000 0.250000
vt 0.625000 0.333333
vt 0.625000 0.416667
vt 0.625000 0.500000
vt 0.625000 0.583333
vt 0.625000 0.666667
vt 0.625000 0.750000
vt 0.625000 0.833333
vt 0.638889 1.000000
vt 0.638889 0.916667
vt 0.638889 0.083333
vt 0.638889 0.000000
vt 0.638889 0.166667
vt 0.638889 0.250000
vt 0.638889 0.333333
vt 0.638889 0.416667
vt 0.638889 0.500000
vt 0.638889 0.583333
vt 0.638889 0.666667
vt 0.638889 0.750000
vt 0.638889 0.833333
vt 0.652778 1.000000
vt 0.652778 0.916667
vt 0.652778 0.083333
vt 0.652778 0.000000
vt 0.652778 0.166667
vt 0.652778 0.250000
vt 0.652778 0.333333
vt 0.652778 0.416667
vt 0.652778 0.500000
vt 0.652778 0.583333
vt 0.652778 0.666667
vt 0.652778 0.750000
vt 0.652778 0.833333
vt 0.666667 1.000000
vt 0.666667 0.916667
vt 0.666667 0.083333
vt 0.666667 0.000000
vt 0.666667 0.166667
vt 0.666667 0.250000
vt 0.666667 0.333333
vt 0.666667 0.416667
vt 0.666667 0.500000
vt 0.666667 0.583333
vt 0.666667 0.666667
vt 0.666667 0.750000
vt 0.666667 0.833333
vt 0.680556 1.000000
vt 0.680556 0.916667
vt 0.680556 0.083333
vt 0.680556 0.000000
vt 0.680556 0.166667
vt 0.680556 0.250000
vt 0.680556 0.333333
vt 0.680556 0.416667
vt 0.680556 0.500000
vt 0.680556 0.583333
vt 0.680556 0.666667
vt 0.680556 0.750000
vt 0.680556 0.833333
vt 0.694444 1.000000
vt 0.694444 0.916667
vt 0.694444 0.083333
vt 0.694444 0.000000
vt 0.694444 0.166667
vt 0.694444 0.250000
vt 0.694444 0.333333
vt 0.694444 0.416667
vt 0.694444 0.500000
vt 0.694444 0.583333
vt 0.694444 0.666667
vt 0.694444 0.750000
vt 0.694444 0.833333
vt 0.708333 1.000000
vt 0.708333 0.916667
vt 0.708333 0.083333
vt 0.708333 0.000000
vt 0.708333 0.166667
vt 0.708333 0.250000
vt 0.708333 0.333333
vt 0.708333 0.416667
vt 0.708333 0.500000
vt 0.708333 0.583333
vt 0.708333 0.666667
vt 0.708333 0.750000
vt 0.708333 0.833333
vt 0.722222 1.000000
vt 0.722222 0.916667
vt 0.722222 0.083333
vt 0.722222 0.000000
vt 0.722222 0.166667
vt 0.722222 0.250000
vt 0.722222 0.333333
vt 0.722222 0.416667
vt 0.722222 0.500000
vt 0.722222 0.583333
vt 0.722222 0.666667
vt 0.722222 0.750000
vt 0.722222 0.833333
vt 0.736111 1.000000
vt 0.736111 0.916667
vt 0.736111 0.083333
vt 0.736111 0.000000
vt 0.736111 0.166667
vt 0.736111 0.250000
vt 0.736111 0.333333
vt 0.736111 0.416667
vt 0.736111 0.500000
vt 0.736111 0.583333
vt 0.736111 0.666667
vt 0.736111 0.750000
vt 0.736111 0.833333
vt 0.750000 1.000000
vt 0.750000 0.916667
vt 0.750000 0.083333
vt 0.750000 0.000000
vt 0.750000 0.166667
vt 0.750000 0.250000
vt 0.750000 0.333333
vt 0.750000 0.416667
vt 0.750000 0.500000
vt 0.750000 0.583333
vt 0.750000 0.666667
vt 0.750000 0.750000
vt 0.750000 0.833333
vt 0.763889 1.000000
vt 0.763889 0.916667
vt 0.763889 0.083333
vt 0.763889 0.000000
vt 0.763889 0.166667
vt 0.763889 0.250000
vt 0.763889 0.333333
vt 0.763889 0.416667
vt 0.763889 0.500000
vt 0.763889 0.583333
vt 0.763889 0.666667
vt 0.763889 0.750000
vt 0.763889 0.833333
vt 0.777778 1.000000
vt 0.777778 0.916667
vt 0.777778 0.083333
vt 0.777778 0.000000
vt 0.777778 0.166667
vt 0.777778 0.250000
vt 0.777778 0.333333
vt 0.777778 0.416667
vt 0.777778 0.500000
vt 0.777778 0.583333
vt 0.777778 0.666667
vt 0.777778 0.750000
vt 0.777778 0.833333
vt 0.791667 1.000000
vt 0.791667 0.916667
vt 0.791667 0.083333
vt 0.791667 0.000000
vt 0.791667 0.166667
vt 0.791667 0.250000
vt 0.791667 0.333333
vt 0.791667 0.416667
vt 0.791667 0.500000
vt 0.791667 0.583333
vt 0.791667 0.666667
vt 0.791667 0.750000
vt 0.791667 0.833333
vt 0.805556 1.000000
vt 0.805556 0.916667
vt 0.805556 0.083333
vt 0.805556 0.000000
vt 0.805556 0.166667
vt 0.805556 0.250000
vt 0.805556 0.333333
vt 0.805556 0.416667
vt 0.805556 0.500000
vt 0.805556 0.583333
vt 0.805556 0.666667
vt 0.805556 0.750000
vt 0.805556 0.833333
vt 0.819444 1.000000
vt 0.819444 0.916667
vt 0.819444 0.083333
vt 0.819444 0.000000
vt 0.819444 0.166667
vt 0.819444 0.250000
vt 0.819444 0.333333
vt 0.819444 0.416667
vt 0.819444 0.500000
vt 0.819444 0.583333
vt 0.819444 0.666667
vt 0.819444 0.750000
vt 0.819444 0.833333
vt 0.833333 1.000000
vt 0.833333 0.916667
vt 0.833333 0.083333
vt 0.833333 0.000000
vt 0.833333 0.166667
vt 0.833333 0.250000
vt 0.833333 0.333333
vt 0.833333 0.416667
vt 0.833333 0.500000
vt 0.833333 0.583333
vt 0.833333 0.666667
vt 0.833333 0.750000
vt 0.833333 0.833333
vt 0.847222 1.000000
vt 0.847222 0.916667
vt 0.847222 0.083333
vt 0.847222 0.000000
vt 0.847222 0.166667
vt 0.847222 0.250000
vt 0.847222 0.333333
vt 0.847222 0.416667
vt 0.847222 0.500000
vt 0.847222 0.583333
vt 0.847222 0.666667
vt 0.847222 0.750000
vt 0.847222 0.833333
vt 0.861111 1.000000
vt 0.861111 0.916667
vt 0.861111 0.083333
vt 0.861111 0.000000
vt 0.861111 0.166667
vt 0.861111 0.250000
vt 0.861111 0.333333
vt 0.861111 0.416667
vt 0.861111 0.500000
vt 0.861111 0.583333
vt 0.861111 0.666667
vt 0.861111 0.750000
vt 0.861111 0.833333
vt 0.875000 1.000000
vt 0.875000 0.916667
vt 0.875000 0.083333
vt 0.875000 0.000000
vt 0.875000 0.166667
vt 0.875000 0.250000
vt 0.875000 0.333333
vt 0.875000 0.416667
vt 0.875000 0.500000
vt 0.875000 0.583333
vt 0.875000 0.666667
vt 0.875000 0.750000
vt 0.875000 0.833333
vt 0.888889 1.000000
vt 0.888889 0.916667
vt 0.888889 0.083333
vt 0.888889 0.000000
vt 0.888889 0.166667
vt 0.888889 0.250000
vt 0.888889 0.333333
vt 0.888889 0.416667
vt 0.888889 0.500000
vt 0.888889 0.583333
vt 0.888889 0.666667
vt 0.888889 0.750000
vt 0.888889 0.833333
vt 0.902778 1.000000
vt 0.902778 0.916667
vt 0.902778 0.083333
vt 0.902778 0.000000
vt 0.902778 0.166667
vt 0.902778 0.250000
vt 0.902778 0.333333
vt 0.902778 0.416667
vt 0.902778 0.500000
vt 0.902778 0.583333
vt 0.902778 0.666667
vt 0.902778 0.750000
vt 0.902778 0.833333
vt 0.916667 1.000000
vt 0.916667 0.916667
vt 0.916667 0.083333
vt 0.916667 0.000000
vt 0.916667 0.166667
vt 0.916667 0.250000
vt 0.916667 0.333333
vt 0.916667 0.416667
vt 0.916667 0.500000
vt 0.916667 0.583333
vt 0.916667 0.666667
vt 0.916667 0.750000
vt 0.916667 0.833333
vt 0.930556 1.000000
vt 0.930556 0.916667
vt 0.930556 0.083333
vt 0.930556 0.000000
vt 0.930556 0.166667
vt 0.930556 0.250000
vt 0.930556 0.333333
vt 0.930556 0.416667
vt 0.930556 0.500000
vt 0.930556 0.583333
vt 0.930556 0.666667
vt 0.930556 0.750000
vt 0.930556 0.833333
vt 0.944444 1.000000
vt 0.944444 0.916667
vt 0.944444 0.083333
vt 0.944444 0.000000
vt 0.944444 0.166667
vt 0.944444 0.250000
vt 0.944444 0.333333
vt 0.944444 0.416667
vt 0.944444 0.500000
vt 0.944444 0.583333
vt 0.944444 0.666667
vt 0.944444 0.750000
vt 0.944444 0.833333
vt 0.958333 1.000000
vt 0.958333 0.916667
vt 0.958333 0.083333
vt 0.958333 0.000000
vt 0.958333 0.166667
vt 0.958333 0.250000
vt 0.958333 0.333333
vt 0.958333 0.416667
vt 0.958333 0.500000
vt 0.958333 0.583333
vt 0.958333 0.666667
vt 0.958333 0.750000
vt 0.958333 0.833333
vt 0.972222 1.000000
vt 0.972222 0.916667
vt 0.972222 0.083333
vt 0.972222 0.000000
vt 0.972222 0.166667
vt 0.972222 0.250000
vt 0.972222 0.333333
vt 0.972222 0.416667
vt 0.972222 0.500000
vt 0.972222 0.583333
vt 0.972222 0.666667
vt 0.972222 0.750000
vt 0.972222 0.833333
vt 0.986111 1.000000
vt 0.986111 0.916667
vt 0.986111 0.083333
vt 0.986111 0.000000
vt 0.986111 0.166667
vt 0.986111 0.250000
vt 0.986111 0.333333
vt 0.986111 0.416667
vt 0.986111 0.500000
vt 0.986111 0.583333
vt 0.986111 0.666667
vt 0.986111 0.750000
vt 0.986111 0.833333
vt 1.000000 1.000000
vt 1.000000 0.916667
vt 1.000000 0.083333
vt 1.000000 0.166667
vt 1.000000 0.250000
vt 1.000000 0.333333
vt 1.000000 0.416667
vt 1.000000 0.500000
vt 1.000000 0.583333
vt 1.000000 0.666667
vt 1.000000 0.750000
vt 1.000000 0.833333
s 1
usemtl hair
f 905/960/879 903/961/879 904/962/879
f 905/960/879 902/963/879 903/961/879
f 906/964/879 902/963/879 905/960/879
f 906/964/879 901/965/879 902/963/879
f 907/966/879 901/965/879 906/964/879
f 907/966/879 912/967/879 901/965/879
f 908/968/879 912/967/879 907/966/879
f 908/968/879 911/969/879 912/967/879
f 909/970/879 911/969/879 908/968/879
f 909/970/879 910/971/879 911/969/879
f 920/968/880 922/971/880 921/970/880
f 919/966/880 922/971/880 920/968/880
f 919/966/880 923/969/880 922/971/880
f 918/964/880 923/969/880 919/966/880
f 918/964/880 924/967/880 923/969/880
f 917/960/880 924/967/880 918/964/880
f 917/960/880 913/965/880 924/967/880
f 916/962/880 913/965/880 917/960/880
f 916/962/880 914/963/880 913/965/880
f 915/961/880 914/963/880 916/962/880
f 925/972/881 937/973/893 948/974/904 936/975/892
f 926/976/882 938/977/894 937/978/893 925/965/881
f 927/979/883 939/980/895 938/977/894 926/976/882
f 928/981/884 940/982/896 939/980/895 927/979/883
f 929/983/885 941/984/897 940/982/896 928/981/884
f 930/985/886 942/986/898 941/984/897 929/983/885
f 931/987/887 943/988/899 942/986/898 930/985/886
f 932/989/888 944/990/900 943/988/899 931/987/887
f 933/991/889 945/992/901 944/990/900 932/989/888
f 934/993/890 946/994/902 945/992/901 933/991/889
f 935/995/891 947/996/903 946/994/902 934/993/890
f 936/975/892 948/974/904 947/996/903 935/995/891
f 937/973/893 949/997/905 960/998/916 948/974/904
f 938/977/894 950/999/906 949/1000/905 937/978/893
f 939/980/895 951/1001/907 950/999/906 938/977/894
f 940/982/896 952/1002/908 951/1001/907 939/980/895
f 941/984/897 953/1003/909 952/1002/908 940/982/896
f 942/986/898 954/1004/910 953/1003/909 941/984/897
f 943/988/899 955/1005/911 954/1004/910 942/986/898
f 944/990/900 956/1006/912 955/1005/911 943/988/899
f 945/992/901 957/1007/913 956/1006/912 944/990/900
f 946/994/902 958/1008/914 957/1007/913 945/992/901
f 947/996/903 959/1009/915 958/1008/914 946/994/902
f 948/974/904 960/998/916 959/1009/915 947/996/903
f 949/997/905 961/1010/917 972/1011/928 960/998/916
f 950/999/906 962/1012/918 961/1013/917 949/1000/905
f 951/1001/907 963/1014/919 962/1012/918 950/999/906
f 952/1002/908 964/1015/920 963/1014/919 951/1001/907
f 953/1003/909 965/1016/921 964/1015/920 952/1002/908
f 954/1004/910 966/1017/922 965/1016/921 953/1003/909
f 955/1005/911 967/1018/923 966/1017/922 954/1004/910
f 956/1006/912 968/1019/924 967/1018/923 955/1005/911
f 957/1007/913 969/1020/925 968/1019/924 956/1006/912
f 958/1008/914 970/1021/926 969/1020/925 957/1007/913
f 959/1009/915 971/1022/927 970/1021/926 958/1008/914
f 960/998/916 972/1011/928 971/1022/927 959/1009/915
f 961/1010/917 973/1023/929 984/1024/940 972/1011/928
f 962/1012/918 974/1025/930 973/1026/929 961/1013/917
f 963/1014/919 975/1027/931 974/1025/930 962/1012/918
f 964/1015/920 976/1028/932 975/1027/931 963/1014/919
f 965/1016/921 977/1029/933 976/1028/932 964/1015/920
f 966/1017/922 978/1030/934 977/1029/933 965/1016/921
f 967/1018/923 979/1031/935 978/1030/934 966/1017/922
f 968/1019/924 980/1032/936 979/1031/935 967/1018/923
f 969/1020/925 981/1033/937 980/1032/936 968/1019/924
f 970/1021/926 982/1034/938 981/1033/937 969/1020/925
f 971/1022/927 983/1035/939 982/1034/938 970/1021/926
f 972/1011/928 984/1024/940 983/1035/939 971/1022/927
f 973/1023/929 985/1036/941 996/1037/952 984/1024/940
f 974/1025/930 986/1038/942 985/1039/941 973/1026/929
f 975/1027/931 987/1040/943 986/1038/942 974/1025/930
f 976/1028/932 988/1041/944 987/1040/943 975/1027/931
f 977/1029/933 989/1042/945 988/1041/944 976/1028/932
f 978/1030/934 990/1043/946 989/1042/945 977/1029/933
f 979/1031/935 991/1044/947 990/1043/946 978/1030/934
f 980/1032/936 992/1045/948 991/1044/947 979/1031/935
f 981/1033/937 993/1046/949 992/1045/948 980/1032/936
f 982/1034/938 994/1047/950 993/1046/949 981/1033/937
f 983/1035/939 995/1048/951 994/1047/950 982/1034/938
f 984/1024/940 996/1037/952 995/1048/951 983/1035/939
f 985/1036/941 997/1049/953 1008/1050/964 996/1037/952
f 986/1038/942 998/1051/954 997/1052/953 985/1039/941
f 987/1040/943 999/1053/955 998/1051/954 986/1038/942
f 988/1041/944 1000/1054/956 999/1053/955 987/1040/943
f 989/1042/945 1001/1055/957 1000/1054/956 988/1041/944
f 990/1043/946 1002/1056/958 1001/1055/957 989/1042/945
f 991/1044/947 1003/1057/959 1002/1056/958 990/1043/946
f 992/1045/948 1004/1058/960 1003/1057/959 991/1044/947
f 993/1046/949 1005/1059/961 1004/1058/960 992/1045/948
f 994/1047/950 1006/1060/962 1005/1059/961 993/1046/949
f 995/1048/951 1007/1061/963 1006/1060/962 994/1047/950
f 996/1037/952 1008/1050/964 1007/1061/963 995/1048/951
f 997/1049/953 1009/1062/965 1020/1063/976 1008/1050/964
f 998/1051/954 1010/1064/966 1009/1065/965 997/1052/953
f 999/1053/955 1011/1066/967 1010/1064/966 998/1051/954
f 1000/1054/956 1012/1067/968 1011/1066/967 999/1053/955
f 1001/1055/957 1013/1068/969 1012/1067/968 1000/1054/956
f 1002/1056/958 1014/1069/970 1013/1068/969 1001/1055/957
f 1003/1057/959 1015/1070/971 1014/1069/970 1002/1056/958
f 1004/1058/960 1016/1071/972 1015/1070/971 1003/1057/959
f 1005/1059/961 1017/1072/973 1016/1071/972 1004/1058/960
f 1006/1060/962 1018/1073/974 1017/1072/973 1005/1059/961
f 1007/1061/963 1019/1074/975 1018/1073/974 1006/1060/962
f 1008/1050/964 1020/1063/976 1019/1074/975 1007/1061/963
f 1009/1062/965 1021/1075/977 1032/1076/988 1020/1063/976
f 1010/1064/966 1022/1077/978 1021/1078/977 1009/1065/965
f 1011/1066/967 1023/1079/979 1022/1077/978 1010/1064/966
f 1012/1067/968 1024/1080/980 1023/1079/979 1011/1066/967
f 1013/1068/969 1025/1081/981 1024/1080/980 1012/1067/968
f 1014/1069/970 1026/1082/982 1025/1081/981 1013/1068/969
f 1015/1070/971 1027/1083/983 1026/1082/982 1014/1069/970
f 1016/1071/972 1028/1084/984 1027/1083/983 1015/1070/971
f 1017/1072/973 1029/1085/985 1028/1084/984 1016/1071/972
f 1018/1073/974 1030/1086/986 1029/1085/985 1017/1072/973
f 1019/1074/975 1031/1087/987 1030/1086/986 1018/1073/974
f 1020/1063/976 1032/1076/988 1031/1087/987 1019/1074/975
f 1021/1075/977 1033/1088/989 1044/1089/1000 1032/1076/988
f 1022/1077/978 1034/1090/990 1033/1091/989 1021/1078/977
f 1023/1079/979 1035/1092/991 1034/1090/990 1022/1077/978
f 1024/1080/980 1036/1093/992 1035/1092/991 1023/1079/979
f 1025/1081/981 1037/1094/993 1036/1093/992 1024/1080/980
f 1026/1082/982 1038/1095/994 1037/1094/993 1025/1081/981
f 1027/1083/983 1039/1096/995 1038/1095/994 1026/1082/982
f 1028/1084/984 1040/1097/996 1039/1096/995 1027/1083/983
f 1029/1085/985 1041/1098/997 1040/1097/996 1028/1084/984
f 1030/1086/986 1042/1099/998 1041/1098/997 1029/1085/985
f 1031/1087/987 1043/1100/999 1042/1099/998 1030/1086/986
f 1032/1076/988 1044/1089/1000 1043/1100/999 1031/1087/987
f 1033/1088/989 1045/1101/1001 1056/1102/1012 1044/1089/1000
f 1034/1090/990 1046/1103/1002 1045/1104/1001 1033/1091/989
f 1035/1092/991 1047/1105/1003 1046/1103/1002 1034/1090/990
f 1036/1093/992 1048/1106/1004 1047/1105/1003 1035/1092/991
f 1037/1094/993 1049/1107/1005 1048/1106/1004 1036/1093/992
f 1038/1095/994 1050/1108/1006 1049/1107/1005 1037/1094/993
f 1039/1096/995 1051/1109/1007 1050/1108/1006 1038/1095/994
f 1040/1097/996 1052/1110/1008 1051/1109/1007 1039/1096/995
f 1041/1098/997 1053/1111/1009 1052/1110/1008 1040/1097/996
f 1042/1099/998 1054/1112/1010 1053/1111/1009 1041/1098/997
f 1043/1100/999 1055/1113/1011 1054/1112/1010 1042/1099/998
f 1044/1089/1000 1056/1102/1012 1055/1113/1011 1043/1100/999
f 1045/1101/1001 1057/1114/1013 1068/1115/1024 1056/1102/1012
f 1046/1103/1002 1058/1116/1014 1057/1117/1013 1045/1104/1001
f 1047/1105/1003 1059/1118/1015 1058/1116/1014 1046/1103/1002
f 1048/1106/1004 1060/1119/1016 1059/1118/1015 1047/1105/1003
f 1049/1107/1005 1061/1120/1017 1060/1119/1016 1048/1106/1004
f 1050/1108/1006 1062/1121/1018 1061/1120/1017 1049/1107/1005
f 1051/1109/1007 1063/1122/1019 1062/1121/1018 1050/1108/1006
f 1052/1110/1008 1064/1123/1020 1063/1122/1019 1051/1109/1007
f 1053/1111/1009 1065/1124/1021 1064/1123/1020 1052/1110/1008
f 1054/1112/1010 1066/1125/1022 1065/1124/1021 1053/1111/1009
f 1055/1113/1011 1067/1126/1023 1066/1125/1022 1054/1112/1010
f 1056/1102/1012 1068/1115/1024 1067/1126/1023 1055/1113/1011
f 1057/1114/1013 1069/1127/1025 1080/1128/1036 1068/1115/1024
f 1058/1116/1014 1070/1129/1026 1069/1130/1025 1057/1117/1013
f 1059/1118/1015 1071/1131/1027 1070/1129/1026 1058/1116/1014
f 1060/1119/1016 1072/1132/1028 1071/1131/1027 1059/1118/1015
f 1061/1120/1017 1073/1133/1029 1072/1132/1028 1060/1119/1016
f 1062/1121/1018 1074/1134/1030 1073/1133/1029 1061/1120/1017
f 1063/1122/1019 1075/1135/1031 1074/1134/1030 1062/1121/1018
f 1064/1123/1020 1076/1136/1032 1075/1135/1031 1063/1122/1019
f 1065/1124/1021 1077/1137/1033 1076/1136/1032 1064/1123/1020
f 1066/1125/1022 1078/1138/1034 1077/1137/1033 1065/1124/1021
f 1067/1126/1023 1079/1139/1035 1078/1138/1034 1066/1125/1022
f 1068/1115/1024 1080/1128/1036 1079/1139/1035 1067/1126/1023
f 1069/1127/1025 1081/1140/1037 1092/1141/1048 1080/1128/1036
f 1070/1129/1026 1082/1142/1038 1081/1143/1037 1069/1130/1025
f 1071/1131/1027 1083/1144/1039 1082/1142/1038 1070/1129/1026
f 1072/1132/1028 1084/1145/1040 1083/1144/1039 1071/1131/1027
f 1073/1133/1029 1085/1146/1041 1084/1145/1040 1072/1132/1028
f 1074/1134/1030 1086/1147/1042 1085/1146/1041 1073/1133/1029
f 1075/1135/1031 1087/1148/1043 1086/1147/1042 1074/1134/1030
f 1076/1136/1032 1088/1149/1044 1087/1148/1043 1075/1135/1031
f 1077/1137/1033 1089/1150/1045 1088/1149/1044 1076/1136/1032
f 1078/1138/1034 1090/1151/1046 1089/1150/1045 1077/1137/1033
f 1079/1139/1035 1091/1152/1047 1090/1151/1046 1078/1138/1034
f 1080/1128/1036 1092/1141/1048 1091/1152/1047 1079/1139/1035
f 1081/1140/1037 1093/1153/1049 1104/1154/1060 1092/1141/1048
f 1082/1142/1038 1094/1155/1050 1093/1156/1049 1081/1143/1037
f 1083/1144/1039 1095/1157/1051 1094/1155/1050 1082/1142/1038
f 1084/1145/1040 1096/1158/1052 1095/1157/1051 1083/1144/1039
f 1085/1146/1041 1097/1159/1053 1096/1158/1052 1084/1145/1040
f 1086/1147/1042 1098/1160/1054 1097/1159/1053 1085/1146/1041
f 1087/1148/1043 1099/1161/1055 1098/1160/1054 1086/1147/1042
f 1088/1149/1044 1100/1162/1056 1099/1161/1055 1087/1148/1043
f 1089/1150/1045 1101/1163/1057 1100/1162/1056 1088/1149/1044
f 1090/1151/1046 1102/1164/1058 1101/1163/1057 1089/1150/1045
f 1091/1152/1047 1103/1165/1059 1102/1164/1058 1090/1151/1046
f 1092/1141/1048 1104/1154/1060 1103/1165/1059 1091/1152/1047
f 1093/1153/1049 1105/1166/1061 1116/1167/1072 1104/1154/1060
f 1094/1155/1050 1106/1168/1062 1105/1169/1061 1093/1156/1049
f 1095/1157/1051 1107/1170/1063 1106/1168/1062 1094/1155/1050
f 1096/1158/1052 1108/1171/1064 1107/1170/1063 1095/1157/1051
f 1097/1159/1053 1109/1172/1065 1108/1171/1064 1096/1158/1052
f 1098/1160/1054 1110/1173/1066 1109/1172/1065 1097/1159/1053
f 1099/1161/1055 1111/1174/1067 1110/1173/1066 1098/1160/1054
f 1100/1162/1056 1112/1175/1068 1111/1174/1067 1099/1161/1055
f 1101/1163/1057 1113/1176/1069 1112/1175/1068 1100/1162/1056
f 1102/1164/1058 1114/1177/1070 1113/1176/1069 1101/1163/1057
f 1103/1165/1059 1115/1178/1071 1114/1177/1070 1102/1164/1058
f 1104/1154/1060 1116/1167/1072 1115/1178/1071 1103/1165/1059
f 1105/1166/1061 1117/1179/1073 1128/1180/1084 1116/1167/1072
f 1106/1168/1062 1118/1181/1074 1117/1182/1073 1105/1169/1061
f 1107/1170/1063 1119/1183/1075 1118/1181/1074 1106/1168/1062
f 1108/1171/1064 1120/1184/1076 1119/1183/1075 1107/1170/1063
f 1109/1172/1065 1121/1185/1077 1120/1184/1076 1108/1171/1064
f 1110/1173/1066 1122/1186/1078 1121/1185/1077 1109/1172/1065
f 1111/1174/1067 1123/1187/1079 1122/1186/1078 1110/1173/1066
f 1112/1175/1068 1124/1188/1080 1123/1187/1079 1111/1174/1067
f 1113/1176/1069 1125/1189/1081 1124/1188/1080 1112/1175/1068
f 1114/1177/1070 1126/1190/1082 1125/1189/1081 1113/1176/1069
f 1115/1178/1071 1127/1191/1083 1126/1190/1082 1114/1177/1070
f 1116/1167/1072 1128/1180/1084 1127/1191/1083 1115/1178/1071
f 1117/1179/1073 1129/1192/1085 1140/1193/1096 1128/1180/1084
f 1118/1181/1074 1130/1194/1086 1129/1195/1085 1117/1182/1073
f 1119/1183/1075 1131/1196/1087 1130/1194/1086 1118/1181/1074
f 1120/1184/1076 1132/1197/1088 1131/1196/1087 1119/1183/1075
f 1121/1185/1077 1133/1198/1089 1132/1197/1088 1120/1184/1076
f 1122/1186/1078 1134/1199/1090 1133/1198/1089 1121/1185/1077
f 1123/1187/1079 1135/1200/1091 1134/1199/1090 1122/1186/1078
f 1124/1188/1080 1136/1201/1092 1135/1200/1091 1123/1187/1079
f 1125/1189/1081 1137/1202/1093 1136/1201/1092 1124/1188/1080
f 1126/1190/1082 1138/1203/1094 1137/1202/1093 1125/1189/1081
f 1127/1191/1083 1139/1204/1095 1138/1203/1094 1126/1190/1082
f 1128/1180/1084 1140/1193/1096 1139/1204/1095 1127/1191/1083
f 1129/1192/1085 1141/1205/1097 1152/1206/1108 1140/1193/1096
f 1130/1194/1086 1142/1207/1098 1141/1208/1097 1129/1195/1085
f 1131/1196/1087 1143/1209/1099 1142/1207/1098 1130/1194/1086
f 1132/1197/1088 1144/1210/1100 1143/1209/1099 1131/1196/1087
f 1133/1198/1089 1145/1211/1101 1144/1210/1100 1132/1197/1088
f 1134/1199/1090 1146/1212/1102 1145/1211/1101 1133/1198/1089
f 1135/1200/1091 1147/1213/1103 1146/1212/1102 1134/1199/1090
f 1136/1201/1092 1148/1214/1104 1147/1213/1103 1135/1200/1091
f 1137/1202/1093 1149/1215/1105 1148/1214/1104 1136/1201/1092
f 1138/1203/1094 1150/1216/1106 1149/1215/1105 1137/1202/1093
f 1139/1204/1095 1151/1217/1107 1150/1216/1106 1138/1203/1094
f 1140/1193/1096 1152/1206/1108 1151/1217/1107 1139/1204/1095
f 1141/1205/1097 1153/1218/1109 1164/1219/1120 1152/1206/1108
f 1142/1207/1098 1154/1220/1110 1153/1221/1109 1141/1208/1097
f 1143/1209/1099 1155/1222/1111 1154/1220/1110 1142/1207/1098
f 1144/1210/1100 1156/1223/1112 1155/1222/1111 1143/1209/1099
f 1145/1211/1101 1157/1224/1113 1156/1223/1112 1144/1210/1100
f 1146/1212/1102 1158/1225/1114 1157/1224/1113 1145/1211/1101
f 1147/1213/1103 1159/1226/1115 1158/1225/1114 1146/1212/1102
f 1148/1214/1104 1160/1227/1116 1159/1226/1115 1147/1213/1103
f 1149/1215/1105 1161/1228/1117 1160/1227/1116 1148/1214/1104
f 1150/1216/1106 1162/1229/1118 1161/1228/1117 1149/1215/1105
f 1151/1217/1107 1163/1230/1119 1162/1229/1118 1150/1216/1106
f 1152/1206/1108 1164/1219/1120 1163/1230/1119 1151/1217/1107
f 1153/1218/1109 1165/1231/1121 1176/1232/1132 1164/1219/1120
f 1154/1220/1110 1166/1233/1122 1165/1234/1121 1153/1221/1109
f 1155/1222/1111 1167/1235/1123 1166/1233/1122 1154/1220/1110
f 1156/1223/1112 1168/1236/1124 1167/1235/1123 1155/1222/1111
f 1157/1224/1113 1169/1237/1125 1168/1236/1124 1156/1223/1112
f 1158/1225/1114 1170/1238/1126 1169/1237/1125 1157/1224/1113
f 1159/1226/1115 1171/1239/1127 1170/1238/1126 1158/1225/1114
f 1160/1227/1116 1172/1240/1128 1171/1239/1127 1159/1226/1115
f 1161/1228/1117 1173/1241/1129 1172/1240/1128 1160/1227/1116
f 1162/1229/1118 1174/1242/1130 1173/1241/1129 1161/1228/1117
f 1163/1230/1119 1175/1243/1131 1174/1242/1130 1162/1229/1118
f 1164/1219/1120 1176/1232/1132 1175/1243/1131 1163/1230/1119
f 1165/1231/1121 1177/1244/1133 1188/1245/1144 1176/1232/1132
f 1166/1233/1122 1178/1246/1134 1177/1247/1133 1165/1234/1121
f 1167/1235/1123 1179/1248/1135 1178/1246/1134 1166/1233/1122
f 1168/1236/1124 1180/1249/1136 1179/1248/1135 1167/1235/1123
f 1169/1237/1125 1181/1250/1137 1180/1249/1136 1168/1236/1124
f 1170/1238/1126 1182/1251/1138 1181/1250/1137 1169/1237/1125
f 1171/1239/1127 1183/1252/1139 1182/1251/1138 1170/1238/1126
f 1172/1240/1128 1184/1253/1140 1183/1252/1139 1171/1239/1127
f 1173/1241/1129 1185/1254/1141 1184/1253/1140 1172/1240/1128
f 1174/1242/1130 1186/1255/1142 1185/1254/1141 1173/1241/1129
f 1175/1243/1131 1187/1256/1143 1186/1255/1142 1174/1242/1130
f 1176/1232/1132 1188/1245/1144 1187/1256/1143 1175/1243/1131
f 1177/1244/1133 1189/1257/1145 1200/1258/1156 1188/1245/1144
f 1178/1246/1134 1190/1259/1146 1189/1260/1145 1177/1247/1133
f 1179/1248/1135 1191/1261/1147 1190/1259/1146 1178/1246/1134
f 1180/1249/1136 1192/1262/1148 1191/1261/1147 1179/1248/1135
f 1181/1250/1137 1193/1263/1149 1192/1262/1148 1180/1249/1136
f 1182/1251/1138 1194/1264/1150 1193/1263/1149 1181/1250/1137
f 1183/1252/1139 1195/1265/1151 1194/1264/1150 1182/1251/1138
f 1184/1253/1140 1196/1266/1152 1195/1265/1151 1183/1252/1139
f 1185/1254/1141 1197/1267/1153 1196/1266/1152 1184/1253/1140
f 1186/1255/1142 1198/1268/1154 1197/1267/1153 1185/1254/1141
f 1187/1256/1143 1199/1269/1155 1198/1268/1154 1186/1255/1142
f 1188/1245/1144 1200/1258/1156 1199/1269/1155 1187/1256/1143
f 1189/1257/1145 1201/1270/1157 1212/1271/1168 1200/1258/1156
f 1190/1259/1146 1202/1272/1158 1201/1273/1157 1189/1260/1145
f 1191/1261/1147 1203/1274/1159 1202/1272/1158 1190/1259/1146
f 1192/1262/1148 1204/1275/1160 1203/1274/1159 1191/1261/1147
f 1193/1263/1149 1205/1276/1161 1204/1275/1160 1192/1262/1148
f 1194/1264/1150 1206/1277/1162 1205/1276/1161 1193/1263/1149
f 1195/1265/1151 1207/1278/1163 1206/1277/1162 1194/1264/1150
f 1196/1266/1152 1208/1279/1164 1207/1278/1163 1195/1265/1151
f 1197/1267/1153 1209/1280/1165 1208/1279/1164 1196/1266/1152
f 1198/1268/1154 1210/1281/1166 1209/1280/1165 1197/1267/1153
f 1199/1269/1155 1211/1282/1167 1210/1281/1166 1198/1268/1154
f 1200/1258/1156 1212/1271/1168 1211/1282/1167 1199/1269/1155
f 1201/1270/1157 1213/1283/1169 1224/1284/1180 1212/1271/1168
f 1202/1272/1158 1214/1285/1170 1213/1286/1169 1201/1273/1157
f 1203/1274/1159 1215/1287/1171 1214/1285/1170 1202/1272/1158
f 1204/1275/1160 1216/1288/1172 1215/1287/1171 1203/1274/1159
f 1205/1276/1161 1217/1289/1173 1216/1288/1172 1204/1275/1160
f 1206/1277/1162 1218/1290/1174 1217/1289/1173 1205/1276/1161
f 1207/1278/1163 1219/1291/1175 1218/1290/1174 1206/1277/1162
f 1208/1279/1164 1220/1292/1176 1219/1291/1175 1207/1278/1163
f 1209/1280/1165 1221/1293/1177 1220/1292/1176 1208/1279/1164
f 1210/1281/1166 1222/1294/1178 1221/1293/1177 1209/1280/1165
f 1211/1282/1167 1223/1295/1179 1222/1294/1178 1210/1281/1166
f 1212/1271/1168 1224/1284/1180 1223/1295/1179 1211/1282/1167
f 1213/1283/1169 1225/1296/1181 1236/1297/1192 1224/1284/1180
f 1214/1285/1170 1226/1298/1182 1225/1299/1181 1213/1286/1169
f 1215/1287/1171 1227/1300/1183 1226/1298/1182 1214/1285/1170
f 1216/1288/1172 1228/1301/1184 1227/1300/1183 1215/1287/1171
f 1217/1289/1173 1229/1302/1185 1228/1301/1184 1216/1288/1172
f 1218/1290/1174 1230/1303/1186 1229/1302/1185 1217/1289/1173
f 1219/1291/1175 1231/1304/1187 1230/1303/1186 1218/1290/1174
f 1220/1292/1176 1232/1305/1188 1231/1304/1187 1219/1291/1175
f 1221/1293/1177 1233/1306/1189 1232/1305/1188 1220/1292/1176
f 1222/1294/1178 1234/1307/1190 1233/1306/1189 1221/1293/1177
f 1223/1295/1179 1235/1308/1191 1234/1307/1190 1222/1294/1178
f 1224/1284/1180 1236/1297/1192 1235/1308/1191 1223/1295/1179
f 1225/1296/1181 1237/1309/1193 1248/1310/1204 1236/1297/1192
f 1226/1298/1182 1238/1311/1194 1237/1312/1193 1225/1299/1181
f 1227/1300/1183 1239/1313/1195 1238/1311/1194 1226/1298/1182
f 1228/1301/1184 1240/1314/1196 1239/1313/1195 1227/1300/1183
f 1229/1302/1185 1241/1315/1197 1240/1314/1196 1228/1301/1184
f 1230/1303/1186 1242/1316/1198 1241/1315/1197 1229/1302/1185
f 1231/1304/1187 1243/1317/1199 1242/1316/1198 1230/1303/1186
f 1232/1305/1188 1244/1318/1200 1243/1317/1199 1231/1304/1187
f 1233/1306/1189 1245/1319/1201 1244/1318/1200 1232/1305/1188
f 1234/1307/1190 1246/1320/1202 1245/1319/1201 1233/1306/1189
f 1235/1308/1191 1247/1321/1203 1246/1320/1202 1234/1307/1190
f 1236/1297/1192 1248/1310/1204 1247/1321/1203 1235/1308/1191
f 1237/1309/1193 1249/1322/1205 1260/1323/1216 1248/1310/1204
f 1238/1311/1194 1250/1324/1206 1249/1325/1205 1237/1312/1193
f 1239/1313/1195 1251/1326/1207 1250/1324/1206 1238/1311/1194
f 1240/1314/1196 1252/1327/1208 1251/1326/1207 1239/1313/1195
f 1241/1315/1197 1253/1328/1209 1252/1327/1208 1240/1314/1196
f 1242/1316/1198 1254/1329/1210 1253/1328/1209 1241/1315/1197
f 1243/1317/1199 1255/1330/1211 1254/1329/1210 1242/1316/1198
f 1244/1318/1200 1256/1331/1212 1255/1330/1211 1243/1317/1199
f 1245/1319/1201 1257/1332/1213 1256/1331/1212 1244/1318/1200
f 1246/1320/1202 1258/1333/1214 1257/1332/1213 1245/1319/1201
f 1247/1321/1203 1259/1334/1215 1258/1333/1214 1246/1320/1202
f 1248/1310/1204 1260/1323/1216 1259/1334/1215 1247/1321/1203
f 1249/1322/1205 1261/1335/1217 1272/1336/1228 1260/1323/1216
f 1250/1324/1206 1262/1337/1218 1261/1338/1217 1249/1325/1205
f 1251/1326/1207 1263/1339/1219 1262/1337/1218 1250/1324/1206
f 1252/1327/1208 1264/1340/1220 1263/1339/1219 1251/1326/1207
f 1253/1328/1209 1265/1341/1221 1264/1340/1220 1252/1327/1208
f 1254/1329/1210 1266/1342/1222 1265/1341/1221 1253/1328/1209
f 1255/1330/1211 1267/1343/1223 1266/1342/1222 1254/1329/1210
f 1256/1331/1212 1268/1344/1224 1267/1343/1223 1255/1330/1211
f 1257/1332/1213 1269/1345/1225 1268/1344/1224 1256/1331/1212
f 1258/1333/1214 1270/1346/1226 1269/1345/1225 1257/1332/1213
f 1259/1334/1215 1271/1347/1227 1270/1346/1226 1258/1333/1214
f 1260/1323/1216 1272/1336/1228 1271/1347/1227 1259/1334/1215
f 1261/1335/1217 1273/1348/1229 1284/1349/1240 1272/1336/1228
f 1262/1337/1218 1274/1350/1230 1273/1351/1229 1261/1338/1217
f 1263/1339/1219 1275/1352/1231 1274/1350/1230 1262/1337/1218
f 1264/1340/1220 1276/1353/1232 1275/1352/1231 1263/1339/1219
f 1265/1341/1221 1277/1354/1233 1276/1353/1232 1264/1340/1220
f 1266/1342/1222 1278/1355/1234 1277/1354/1233 1265/1341/1221
f 1267/1343/1223 1279/1356/1235 1278/1355/1234 1266/1342/1222
f 1268/1344/1224 1280/1357/1236 1279/1356/1235 1267/1343/1223
f 1269/1345/1225 1281/1358/1237 1280/1357/1236 1268/1344/1224
f 1270/1346/1226 1282/1359/1238 1281/1358/1237 1269/1345/1225
f 1271/1347/1227 1283/1360/1239 1282/1359/1238 1270/1346/1226
f 1272/1336/1228 1284/1349/1240 1283/1360/1239 1271/1347/1227
f 1273/1348/1229 1285/1361/1241 1296/1362/1252 1284/1349/1240
f 1274/1350/1230 1286/1363/1242 1285/1364/1241 1273/1351/1229
f 1275/1352/1231 1287/1365/1243 1286/1363/1242 1274/1350/1230
f 1276/1353/1232 1288/1366/1244 1287/1365/1243 1275/1352/1231
f 1277/1354/1233 1289/1367/1245 1288/1366/1244 1276/1353/1232
f 1278/1355/1234 1290/1368/1246 1289/1367/1245 1277/1354/1233
f 1279/1356/1235 1291/1369/1247 1290/1368/1246 1278/1355/1234
f 1280/1357/1236 1292/1370/1248 1291/1369/1247 1279/1356/1235
f 1281/1358/1237 1293/1371/1249 1292/1370/1248 1280/1357/1236
f 1282/1359/1238 1294/1372/1250 1293/1371/1249 1281/1358/1237
f 1283/1360/1239 1295/1373/1251 1294/1372/1250 1282/1359/1238
f 1284/1349/1240 1296/1362/1252 1295/1373/1251 1283/1360/1239
f 1285/1361/1241 1297/1374/1253 1308/1375/1264 1296/1362/1252
f 1286/1363/1242 1298/1376/1254 1297/1377/1253 1285/1364/1241
f 1287/1365/1243 1299/1378/1255 1298/1376/1254 1286/1363/1242
f 1288/1366/1244 1300/1379/1256 1299/1378/1255 1287/1365/1243
f 1289/1367/1245 1301/1380/1257 1300/1379/1256 1288/1366/1244
f 1290/1368/1246 1302/1381/1258 1301/1380/1257 1289/1367/1245
f 1291/1369/1247 1303/1382/1259 1302/1381/1258 1290/1368/1246
f 1292/1370/1248 1304/1383/1260 1303/1382/1259 1291/1369/1247
f 1293/1371/1249 1305/1384/1261 1304/1383/1260 1292/1370/1248
f 1294/1372/1250 1306/1385/1262 1305/1384/1261 1293/1371/1249
f 1295/1373/1251 1307/1386/1263 1306/1385/1262 1294/1372/1250
f 1296/1362/1252 1308/1375/1264 1307/1386/1263 1295/1373/1251
f 1297/1374/1253 1309/1387/1265 1320/1388/1276 1308/1375/1264
f 1298/1376/1254 1310/1389/1266 1309/1390/1265 1297/1377/1253
f 1299/1378/1255 1311/1391/1267 1310/1389/1266 1298/1376/1254
f 1300/1379/1256 1312/1392/1268 1311/1391/1267 1299/1378/1255
f 1301/1380/1257 1313/1393/1269 1312/1392/1268 1300/1379/1256
f 1302/1381/1258 1314/1394/1270 1313/1393/1269 1301/1380/1257
f 1303/1382/1259 1315/1395/1271 1314/1394/1270 1302/1381/1258
f 1304/1383/1260 1316/1396/1272 1315/1395/1271 1303/1382/1259
f 1305/1384/1261 1317/1397/1273 1316/1396/1272 1304/1383/1260
f 1306/1385/1262 1318/1398/1274 1317/1397/1273 1305/1384/1261
f 1307/1386/1263 1319/1399/1275 1318/1398/1274 1306/1385/1262
f 1308/1375/1264 1320/1388/1276 1319/1399/1275 1307/1386/1263
f 1309/1387/1265 1321/1400/1277 1332/1401/1288 1320/1388/1276
f 1310/1389/1266 1322/1402/1278 1321/1403/1277 1309/1390/1265
f 1311/1391/1267 1323/1404/1279 1322/1402/1278 1310/1389/1266
f 1312/1392/1268 1324/1405/1280 1323/1404/1279 1311/1391/1267
f 1313/1393/1269 1325/1406/1281 1324/1405/1280 1312/1392/1268
f 1314/1394/1270 1326/1407/1282 1325/1406/1281 1313/1393/1269
f 1315/1395/1271 1327/1408/1283 1326/1407/1282 1314/1394/1270
f 1316/1396/1272 1328/1409/1284 1327/1408/1283 1315/1395/1271
f 1317/1397/1273 1329/1410/1285 1328/1409/1284 1316/1396/1272
f 1318/1398/1274 1330/1411/1286 1329/1410/1285 1317/1397/1273
f 1319/1399/1275 1331/1412/1287 1330/1411/1286 1318/1398/1274
f 1320/1388/1276 1332/1401/1288 1331/1412/1287 1319/1399/1275
f 1321/1400/1277 1333/1413/1289 1344/1414/1300 1332/1401/1288
f 1322/1402/1278 1334/1415/1290 1333/1416/1289 1321/1403/1277
f 1323/1404/1279 1335/1417/1291 1334/1415/1290 1322/1402/1278
f 1324/1405/1280 1336/1418/1292 1335/1417/1291 1323/1404/1279
f 1325/1406/1281 1337/1419/1293 1336/1418/1292 1324/1405/1280
f 1326/1407/1282 1338/1420/1294 1337/1419/1293 1325/1406/1281
f 1327/1408/1283 1339/1421/1295 1338/1420/1294 1326/1407/1282
f 1328/1409/1284 1340/1422/1296 1339/1421/1295 1327/1408/1283
f 1329/1410/1285 1341/1423/1297 1340/1422/1296 1328/1409/1284
f 1330/1411/1286 1342/1424/1298 1341/1423/1297 1329/1410/1285
f 1331/1412/1287 1343/1425/1299 1342/1424/1298 1330/1411/1286
f 1332/1401/1288 1344/1414/1300 1343/1425/1299 1331/1412/1287
f 1333/1413/1289 1345/1426/1301 1356/1427/1312 1344/1414/1300
f 1334/1415/1290 1346/1428/1302 1345/1429/1301 1333/1416/1289
f 1335/1417/1291 1347/1430/1303 1346/1428/1302 1334/1415/1290
f 1336/1418/1292 1348/1431/1304 1347/1430/1303 1335/1417/1291
f 1337/1419/1293 1349/1432/1305 1348/1431/1304 1336/1418/1292
f 1338/1420/1294 1350/1433/1306 1349/1432/1305 1337/1419/1293
f 1339/1421/1295 1351/1434/1307 1350/1433/1306 1338/1420/1294
f 1340/1422/1296 1352/1435/1308 1351/1434/1307 1339/1421/1295
f 1341/1423/1297 1353/1436/1309 1352/1435/1308 1340/1422/1296
f 1342/1424/1298 1354/1437/1310 1353/1436/1309 1341/1423/1297
f 1343/1425/1299 1355/1438/1311 1354/1437/1310 1342/1424/1298
f 1344/1414/1300 1356/1427/1312 1355/1438/1311 1343/1425/1299
f 1345/1426/1301 1357/1439/1313 1368/1440/1324 1356/1427/1312
f 1346/1428/1302 1358/1441/1314 1357/1442/1313 1345/1429/1301
f 1347/1430/1303 1359/1443/1315 1358/1441/1314 1346/1428/1302
f 1348/1431/1304 1360/1444/1316 1359/1443/1315 1347/1430/1303
f 1349/1432/1305 1361/1445/1317 1360/1444/1316 1348/1431/1304
f 1350/1433/1306 1362/1446/1318 1361/1445/1317 1349/1432/1305
f 1351/1434/1307 1363/1447/1319 1362/1446/1318 1350/1433/1306
f 1352/1435/1308 1364/1448/1320 1363/1447/1319 1351/1434/1307
f 1353/1436/1309 1365/1449/1321 1364/1448/1320 1352/1435/1308
f 1354/1437/1310 1366/1450/1322 1365/1449/1321 1353/1436/1309
f 1355/1438/1311 1367/1451/1323 1366/1450/1322 1354/1437/1310
f 1356/1427/1312 1368/1440/1324 1367/1451/1323 1355/1438/1311
f 1357/1439/1313 1369/1452/1325 1380/1453/1336 1368/1440/1324
f 1358/1441/1314 1370/1454/1326 1369/1455/1325 1357/1442/1313
f 1359/1443/1315 1371/1456/1327 1370/1454/1326 1358/1441/1314
f 1360/1444/1316 1372/1457/1328 1371/1456/1327 1359/1443/1315
f 1361/1445/1317 1373/1458/1329 1372/1457/1328 1360/1444/1316
f 1362/1446/1318 1374/1459/1330 1373/1458/1329 1361/1445/1317
f 1363/1447/1319 1375/1460/1331 1374/1459/1330 1362/1446/1318
f 1364/1448/1320 1376/1461/1332 1375/1460/1331 1363/1447/1319
f 1365/1449/1321 1377/1462/1333 1376/1461/1332 1364/1448/1320
f 1366/1450/1322 1378/1463/1334 1377/1462/1333 1365/1449/1321
f 1367/1451/1323 1379/1464/1335 1378/1463/1334 1366/1450/1322
f 1368/1440/1324 1380/1453/1336 1379/1464/1335 1367/1451/1323
f 1369/1452/1325 1381/1465/1337 1392/1466/1348 1380/1453/1336
f 1370/1454/1326 1382/1467/1338 1381/1468/1337 1369/1455/1325
f 1371/1456/1327 1383/1469/1339 1382/1467/1338 1370/1454/1326
f 1372/1457/1328 1384/1470/1340 1383/1469/1339 1371/1456/1327
f 1373/1458/1329 1385/1471/1341 1384/1470/1340 1372/1457/1328
f 1374/1459/1330 1386/1472/1342 1385/1471/1341 1373/1458/1329
f 1375/1460/1331 1387/1473/1343 1386/1472/1342 1374/1459/1330
f 1376/1461/1332 1388/1474/1344 1387/1473/1343 1375/1460/1331
f 1377/1462/1333 1389/1475/1345 1388/1474/1344 1376/1461/1332
f 1378/1463/1334 1390/1476/1346 1389/1475/1345 1377/1462/1333
f 1379/1464/1335 1391/1477/1347 1390/1476/1346 1378/1463/1334
f 1380/1453/1336 1392/1466/1348 1391/1477/1347 1379/1464/1335
f 1381/1465/1337 1393/1478/1349 1404/1479/1360 1392/1466/1348
f 1382/1467/1338 1394/1480/1350 1393/1481/1349 1381/1468/1337
f 1383/1469/1339 1395/1482/1351 1394/1480/1350 1382/1467/1338
f 1384/1470/1340 1396/1483/1352 1395/1482/1351 1383/1469/1339
f 1385/1471/1341 1397/1484/1353 1396/1483/1352 1384/1470/1340
f 1386/1472/1342 1398/1485/1354 1397/1484/1353 1385/1471/1341
f 1387/1473/1343 1399/1486/1355 1398/1485/1354 1386/1472/1342
f 1388/1474/1344 1400/1487/1356 1399/1486/1355 1387/1473/1343
f 1389/1475/1345 1401/1488/1357 1400/1487/1356 1388/1474/1344
f 1390/1476/1346 1402/1489/1358 1401/1488/1357 1389/1475/1345
f 1391/1477/1347 1403/1490/1359 1402/1489/1358 1390/1476/1346
f 1392/1466/1348 1404/1479/1360 1403/1490/1359 1391/1477/1347
f 1393/1478/1349 1405/1491/1361 1416/1492/1372 1404/1479/1360
f 1394/1480/1350 1406/1493/1362 1405/1494/1361 1393/1481/1349
f 1395/1482/1351 1407/1495/1363 1406/1493/1362 1394/1480/1350
f 1396/1483/1352 1408/1496/1364 1407/1495/1363 1395/1482/1351
f 1397/1484/1353 1409/1497/1365 1408/1496/1364 1396/1483/1352
f 1398/1485/1354 1410/1498/1366 1409/1497/1365 1397/1484/1353
f 1399/1486/1355 1411/1499/1367 1410/1498/1366 1398/1485/1354
f 1400/1487/1356 1412/1500/1368 1411/1499/1367 1399/1486/1355
f 1401/1488/1357 1413/1501/1369 1412/1500/1368 1400/1487/1356
f 1402/1489/1358 1414/1502/1370 1413/1501/1369 1401/1488/1357
f 1403/1490/1359 1415/1503/1371 1414/1502/1370 1402/1489/1358
f 1404/1479/1360 1416/1492/1372 1415/1503/1371 1403/1490/1359
f 1405/1491/1361 1417/1504/1373 1428/1505/1384 1416/1492/1372
f 1406/1493/1362 1418/1506/1374 1417/1507/1373 1405/1494/1361
f 1407/1495/1363 1419/1508/1375 1418/1506/1374 1406/1493/1362
f 1408/1496/1364 1420/1509/1376 1419/1508/1375 1407/1495/1363
f 1409/1497/1365 1421/1510/1377 1420/1509/1376 1408/1496/1364
f 1410/1498/1366 1422/1511/1378 1421/1510/1377 1409/1497/1365
f 1411/1499/1367 1423/1512/1379 1422/1511/1378 1410/1498/1366
f 1412/1500/1368 1424/1513/1380 1423/1512/1379 1411/1499/1367
f 1413/1501/1369 1425/1514/1381 1424/1513/1380 1412/1500/1368
f 1414/1502/1370 1426/1515/1382 1425/1514/1381 1413/1501/1369
f 1415/1503/1371 1427/1516/1383 1426/1515/1382 1414/1502/1370
f 1416/1492/1372 1428/1505/1384 1427/1516/1383 1415/1503/1371
f 1417/1504/1373 1429/1517/1385 1440/1518/1396 1428/1505/1384
f 1418/1506/1374 1430/1519/1386 1429/1520/1385 1417/1507/1373
f 1419/1508/1375 1431/1521/1387 1430/1519/1386 1418/1506/1374
f 1420/1509/1376 1432/1522/1388 1431/1521/1387 1419/1508/1375
f 1421/1510/1377 1433/1523/1389 1432/1522/1388 1420/1509/1376
f 1422/1511/1378 1434/1524/1390 1433/1523/1389 1421/1510/1377
f 1423/1512/1379 1435/1525/1391 1434/1524/1390 1422/1511/1378
f 1424/1513/1380 1436/1526/1392 1435/1525/1391 1423/1512/1379
f 1425/1514/1381 1437/1527/1393 1436/1526/1392 1424/1513/1380
f 1426/1515/1382 1438/1528/1394 1437/1527/1393 1425/1514/1381
f 1427/1516/1383 1439/1529/1395 1438/1528/1394 1426/1515/1382
f 1428/1505/1384 1440/1518/1396 1439/1529/1395 1427/1516/1383
f 1429/1517/1385 1441/1530/1397 1452/1531/1408 1440/1518/1396
f 1430/1519/1386 1442/1532/1398 1441/1533/1397 1429/1520/1385
f 1431/1521/1387 1443/1534/1399 1442/1532/1398 1430/1519/1386
f 1432/1522/1388 1444/1535/1400 1443/1534/1399 1431/1521/1387
f 1433/1523/1389 1445/1536/1401 1444/1535/1400 1432/1522/1388
f 1434/1524/1390 1446/1537/1402 1445/1536/1401 1433/1523/1389
f 1435/1525/1391 1447/1538/1403 1446/1537/1402 1434/1524/1390
f 1436/1526/1392 1448/1539/1404 1447/1538/1403 1435/1525/1391
f 1437/1527/1393 1449/1540/1405 1448/1539/1404 1436/1526/1392
f 1438/1528/1394 1450/1541/1406 1449/1540/1405 1437/1527/1393
f 1439/1529/1395 1451/1542/1407 1450/1541/1406 1438/1528/1394
f 1440/1518/1396 1452/1531/1408 1451/1542/1407 1439/1529/1395
f 1441/1530/1397 1453/1543/1409 1464/1544/1420 1452/1531/1408
f 1442/1532/1398 1454/1545/1410 1453/1546/1409 1441/1533/1397
f 1443/1534/1399 1455/1547/1411 1454/1545/1410 1442/1532/1398
f 1444/1535/1400 1456/1548/1412 1455/1547/1411 1443/1534/1399
f 1445/1536/1401 1457/1549/1413 1456/1548/1412 1444/1535/1400
f 1446/1537/1402 1458/1550/1414 1457/1549/1413 1445/1536/1401
f 1447/1538/1403 1459/1551/1415 1458/1550/1414 1446/1537/1402
f 1448/1539/1404 1460/1552/1416 1459/1551/1415 1447/1538/1403
f 1449/1540/1405 1461/1553/1417 1460/1552/1416 1448/1539/1404
f 1450/1541/1406 1462/1554/1418 1461/1553/1417 1449/1540/1405
f 1451/1542/1407 1463/1555/1419 1462/1554/1418 1450/1541/1406
f 1452/1531/1408 1464/1544/1420 1463/1555/1419 1451/1542/1407
f 1453/1543/1409 1465/1556/1421 1476/1557/1432 1464/1544/1420
f 1454/1545/1410 1466/1558/1422 1465/1559/1421 1453/1546/1409
f 1455/1547/1411 1467/1560/1423 1466/1558/1422 1454/1545/1410
f 1456/1548/1412 1468/1561/1424 1467/1560/1423 1455/1547/1411
f 1457/1549/1413 1469/1562/1425 1468/1561/1424 1456/1548/1412
f 1458/1550/1414 1470/1563/1426 1469/1562/1425 1457/1549/1413
f 1459/1551/1415 1471/1564/1427 1470/1563/1426 1458/1550/1414
f 1460/1552/1416 1472/1565/1428 1471/1564/1427 1459/1551/1415
f 1461/1553/1417 1473/1566/1429 1472/1565/1428 1460/1552/1416
f 1462/1554/1418 1474/1567/1430 1473/1566/1429 1461/1553/1417
f 1463/1555/1419 1475/1568/1431 1474/1567/1430 1462/1554/1418
f 1464/1544/1420 1476/1557/1432 1475/1568/1431 1463/1555/1419
f 1465/1556/1421 1477/1569/1433 1488/1570/1444 1476/1557/1432
f 1466/1558/1422 1478/1571/1434 1477/1572/1433 1465/1559/1421
f 1467/1560/1423 1479/1573/1435 1478/1571/1434 1466/1558/1422
f 1468/1561/1424 1480/1574/1436 1479/1573/1435 1467/1560/1423
f 1469/1562/1425 1481/1575/1437 1480/1574/1436 1468/1561/1424
f 1470/1563/1426 1482/1576/1438 1481/1575/1437 1469/1562/1425
f 1471/1564/1427 1483/1577/1439 1482/1576/1438 1470/1563/1426
f 1472/1565/1428 1484/1578/1440 1483/1577/1439 1471/1564/1427
f 1473/1566/1429 1485/1579/1441 1484/1578/1440 1472/1565/1428
f 1474/1567/1430 1486/1580/1442 1485/1579/1441 1473/1566/1429
f 1475/1568/1431 1487/1581/1443 1486/1580/1442 1474/1567/1430
f 1476/1557/1432 1488/1570/1444 1487/1581/1443 1475/1568/1431
f 1477/1569/1433 1489/1582/1445 1500/1583/1456 1488/1570/1444
f 1478/1571/1434 1490/1584/1446 1489/1585/1445 1477/1572/1433
f 1479/1573/1435 1491/1586/1447 1490/1584/1446 1478/1571/1434
f 1480/1574/1436 1492/1587/1448 1491/1586/1447 1479/1573/1435
f 1481/1575/1437 1493/1588/1449 1492/1587/1448 1480/1574/1436
f 1482/1576/1438 1494/1589/1450 1493/1588/1449 1481/1575/1437
f 1483/1577/1439 1495/1590/1451 1494/1589/1450 1482/1576/1438
f 1484/1578/1440 1496/1591/1452 1495/1590/1451 1483/1577/1439
f 1485/1579/1441 1497/1592/1453 1496/1591/1452 1484/1578/1440
f 1486/1580/1442 1498/1593/1454 1497/1592/1453 1485/1579/1441
f 1487/1581/1443 1499/1594/1455 1498/1593/1454 1486/1580/1442
f 1488/1570/1444 1500/1583/1456 1499/1594/1455 1487/1581/1443
f 1489/1582/1445 1501/1595/1457 1512/1596/1468 1500/1583/1456
f 1490/1584/1446 1502/1597/1458 1501/1598/1457 1489/1585/1445
f 1491/1586/1447 1503/1599/1459 1502/1597/1458 1490/1584/1446
f 1492/1587/1448 1504/1600/1460 1503/1599/1459 1491/1586/1447
f 1493/1588/1449 1505/1601/1461 1504/1600/1460 1492/1587/1448
f 1494/1589/1450 1506/1602/1462 1505/1601/1461 1493/1588/1449
f 1495/1590/1451 1507/1603/1463 1506/1602/1462 1494/1589/1450
f 1496/1591/1452 1508/1604/1464 1507/1603/1463 1495/1590/1451
f 1497/1592/1453 1509/1605/1465 1508/1604/1464 1496/1591/1452
f 1498/1593/1454 1510/1606/1466 1509/1605/1465 1497/1592/1453
f 1499/1594/1455 1511/1607/1467 1510/1606/1466 1498/1593/1454
f 1500/1583/1456 1512/1596/1468 1511/1607/1467 1499/1594/1455
f 1501/1595/1457 1513/1608/1469 1524/1609/1480 1512/1596/1468
f 1502/1597/1458 1514/1610/1470 1513/1611/1469 1501/1598/1457
f 1503/1599/1459 1515/1612/1471 1514/1610/1470 1502/1597/1458
f 1504/1600/1460 1516/1613/1472 1515/1612/1471 1503/1599/1459
f 1505/1601/1461 1517/1614/1473 1516/1613/1472 1504/1600/1460
f 1506/1602/1462 1518/1615/1474 1517/1614/1473 1505/1601/1461
f 1507/1603/1463 1519/1616/1475 1518/1615/1474 1506/1602/1462
f 1508/1604/1464 1520/1617/1476 1519/1616/1475 1507/1603/1463
f 1509/1605/1465 1521/1618/1477 1520/1617/1476 1508/1604/1464
f 1510/1606/1466 1522/1619/1478 1521/1618/1477 1509/1605/1465
f 1511/1607/1467 1523/1620/1479 1522/1619/1478 1510/1606/1466
f 1512/1596/1468 1524/1609/1480 1523/1620/1479 1511/1607/1467
f 1513/1608/1469 1525/1621/1481 1536/1622/1492 1524/1609/1480
f 1514/1610/1470 1526/1623/1482 1525/1624/1481 1513/1611/1469
f 1515/1612/1471 1527/1625/1483 1526/1623/1482 1514/1610/1470
f 1516/1613/1472 1528/1626/1484 1527/1625/1483 1515/1612/1471
f 1517/1614/1473 1529/1627/1485 1528/1626/1484 1516/1613/1472
f 1518/1615/1474 1530/1628/1486 1529/1627/1485 1517/1614/1473
f 1519/1616/1475 1531/1629/1487 1530/1628/1486 1518/1615/1474
f 1520/1617/1476 1532/1630/1488 1531/1629/1487 1519/1616/1475
f 1521/1618/1477 1533/1631/1489 1532/1630/1488 1520/1617/1476
f 1522/1619/1478 1534/1632/1490 1533/1631/1489 1521/1618/1477
f 1523/1620/1479 1535/1633/1491 1534/1632/1490 1522/1619/1478
f 1524/1609/1480 1536/1622/1492 1535/1633/1491 1523/1620/1479
f 1525/1621/1481 1537/1634/1493 1548/1635/1504 1536/1622/1492
f 1526/1623/1482 1538/1636/1494 1537/1637/1493 1525/1624/1481
f 1527/1625/1483 1539/1638/1495 1538/1636/1494 1526/1623/1482
f 1528/1626/1484 1540/1639/1496 1539/1638/1495 1527/1625/1483
f 1529/1627/1485 1541/1640/1497 1540/1639/1496 1528/1626/1484
f 1530/1628/1486 1542/1641/1498 1541/1640/1497 1529/1627/1485
f 1531/1629/1487 1543/1642/1499 1542/1641/1498 1530/1628/1486
f 1532/1630/1488 1544/1643/1500 1543/1642/1499 1531/1629/1487
f 1533/1631/1489 1545/1644/1501 1544/1643/1500 1532/1630/1488
f 1534/1632/1490 1546/1645/1502 1545/1644/1501 1533/1631/1489
f 1535/1633/1491 1547/1646/1503 1546/1645/1502 1534/1632/1490
f 1536/1622/1492 1548/1635/1504 1547/1646/1503 1535/1633/1491
f 1537/1634/1493 1549/1647/1505 1560/1648/1516 1548/1635/1504
f 1538/1636/1494 1550/1649/1506 1549/1650/1505 1537/1637/1493
f 1539/1638/1495 1551/1651/1507 1550/1649/1506 1538/1636/1494
f 1540/1639/1496 1552/1652/1508 1551/1651/1507 1539/1638/1495
f 1541/1640/1497 1553/1653/1509 1552/1652/1508 1540/1639/1496
f 1542/1641/1498 1554/1654/1510 1553/1653/1509 1541/1640/1497
f 1543/1642/1499 1555/1655/1511 1554/1654/1510 1542/1641/1498
f 1544/1643/1500 1556/1656/1512 1555/1655/1511 1543/1642/1499
f 1545/1644/1501 1557/1657/1513 1556/1656/1512 1544/1643/1500
f 1546/1645/1502 1558/1658/1514 1557/1657/1513 1545/1644/1501
f 1547/1646/1503 1559/1659/1515 1558/1658/1514 1546/1645/1502
f 1548/1635/1504 1560/1648/1516 1559/1659/1515 1547/1646/1503
f 1549/1647/1505 1561/1660/1517 1572/1661/1528 1560/1648/1516
f 1550/1649/1506 1562/1662/1518 1561/1663/1517 1549/1650/1505
f 1551/1651/1507 1563/1664/1519 1562/1662/1518 1550/1649/1506
f 1552/1652/1508 1564/1665/1520 1563/1664/1519 1551/1651/1507
f 1553/1653/1509 1565/1666/1521 1564/1665/1520 1552/1652/1508
f 1554/1654/1510 1566/1667/1522 1565/1666/1521 1553/1653/1509
f 1555/1655/1511 1567/1668/1523 1566/1667/1522 1554/1654/1510
f 1556/1656/1512 1568/1669/1524 1567/1668/1523 1555/1655/1511
f 1557/1657/1513 1569/1670/1525 1568/1669/1524 1556/1656/1512
f 1558/1658/1514 1570/1671/1526 1569/1670/1525 1557/1657/1513
f 1559/1659/1515 1571/1672/1527 1570/1671/1526 1558/1658/1514
f 1560/1648/1516 1572/1661/1528 1571/1672/1527 1559/1659/1515
f 1561/1660/1517 1573/1673/1529 1584/1674/1540 1572/1661/1528
f 1562/1662/1518 1574/1675/1530 1573/1676/1529 1561/1663/1517
f 1563/1664/1519 1575/1677/1531 1574/1675/1530 1562/1662/1518
f 1564/1665/1520 1576/1678/1532 1575/1677/1531 1563/1664/1519
f 1565/1666/1521 1577/1679/1533 1576/1678/1532 1564/1665/1520
f 1566/1667/1522 1578/1680/1534 1577/1679/1533 1565/1666/1521
f 1567/1668/1523 1579/1681/1535 1578/1680/1534 1566/1667/1522
f 1568/1669/1524 1580/1682/1536 1579/1681/1535 1567/1668/1523
f 1569/1670/1525 1581/1683/1537 1580/1682/1536 1568/1669/1524
f 1570/1671/1526 1582/1684/1538 1581/1683/1537 1569/1670/1525
f 1571/1672/1527 1583/1685/1539 1582/1684/1538 1570/1671/1526
f 1572/1661/1528 1584/1674/1540 1583/1685/1539 1571/1672/1527
f 1573/1673/1529 1585/1686/1541 1596/1687/1552 1584/1674/1540
f 1574/1675/1530 1586/1688/1542 1585/1689/1541 1573/1676/1529
f 1575/1677/1531 1587/1690/1543 1586/1688/1542 1574/1675/1530
f 1576/1678/1532 1588/1691/1544 1587/1690/1543 1575/1677/1531
f 1577/1679/1533 1589/1692/1545 1588/1691/1544 1576/1678/1532
f 1578/1680/1534 1590/1693/1546 1589/1692/1545 1577/1679/1533
f 1579/1681/1535 1591/1694/1547 1590/1693/1546 1578/1680/1534
f 1580/1682/1536 1592/1695/1548 1591/1694/1547 1579/1681/1535
f 1581/1683/1537 1593/1696/1549 1592/1695/1548 1580/1682/1536
f 1582/1684/1538 1594/1697/1550 1593/1696/1549 1581/1683/1537
f 1583/1685/1539 1595/1698/1551 1594/1697/1550 1582/1684/1538
f 1584/1674/1540 1596/1687/1552 1595/1698/1551 1583/1685/1539
f 1585/1686/1541 1597/1699/1553 1608/1700/1564 1596/1687/1552
f 1586/1688/1542 1598/1701/1554 1597/1702/1553 1585/1689/1541
f 1587/1690/1543 1599/1703/1555 1598/1701/1554 1586/1688/1542
f 1588/1691/1544 1600/1704/1556 1599/1703/1555 1587/1690/1543
f 1589/1692/1545 1601/1705/1557 1600/1704/1556 1588/1691/1544
f 1590/1693/1546 1602/1706/1558 1601/1705/1557 1589/1692/1545
f 1591/1694/1547 1603/1707/1559 1602/1706/1558 1590/1693/1546
f 1592/1695/1548 1604/1708/1560 1603/1707/1559 1591/1694/1547
f 1593/1696/1549 1605/1709/1561 1604/1708/1560 1592/1695/1548
f 1594/1697/1550 1606/1710/1562 1605/1709/1561 1593/1696/1549
f 1595/1698/1551 1607/1711/1563 1606/1710/1562 1594/1697/1550
f 1596/1687/1552 1608/1700/1564 1607/1711/1563 1595/1698/1551
f 1597/1699/1553 1609/1712/1565 1620/1713/1576 1608/1700/1564
f 1598/1701/1554 1610/1714/1566 1609/1715/1565 1597/1702/1553
f 1599/1703/1555 1611/1716/1567 1610/1714/1566 1598/1701/1554
f 1600/1704/1556 1612/1717/1568 1611/1716/1567 1599/1703/1555
f 1601/1705/1557 1613/1718/1569 1612/1717/1568 1600/1704/1556
f 1602/1706/1558 1614/1719/1570 1613/1718/1569 1601/1705/1557
f 1603/1707/1559 1615/1720/1571 1614/1719/1570 1602/1706/1558
f 1604/1708/1560 1616/1721/1572 1615/1720/1571 1603/1707/1559
f 1605/1709/1561 1617/1722/1573 1616/1721/1572 1604/1708/1560
f 1606/1710/1562 1618/1723/1574 1617/1722/1573 1605/1709/1561
f 1607/1711/1563 1619/1724/1575 1618/1723/1574 1606/1710/1562
f 1608/1700/1564 1620/1713/1576 1619/1724/1575 1607/1711/1563
f 1609/1712/1565 1621/1725/1577 1632/1726/1588 1620/1713/1576
f 1610/1714/1566 1622/1727/1578 1621/1728/1577 1609/1715/1565
f 1611/1716/1567 1623/1729/1579 1622/1727/1578 1610/1714/1566
f 1612/1717/1568 1624/1730/1580 1623/1729/1579 1611/1716/1567
f 1613/1718/1569 1625/1731/1581 1624/1730/1580 1612/1717/1568
f 1614/1719/1570 1626/1732/1582 1625/1731/1581 1613/1718/1569
f 1615/1720/1571 1627/1733/1583 1626/1732/1582 1614/1719/1570
f 1616/1721/1572 1628/1734/1584 1627/1733/1583 1615/1720/1571
f 1617/1722/1573 1629/1735/1585 1628/1734/1584 1616/1721/1572
f 1618/1723/1574 1630/1736/1586 1629/1735/1585 1617/1722/1573
f 1619/1724/1575 1631/1737/1587 1630/1736/1586 1618/1723/1574
f 1620/1713/1576 1632/1726/1588 1631/1737/1587 1619/1724/1575
f 1621/1725/1577 1633/1738/1589 1644/1739/1600 1632/1726/1588
f 1622/1727/1578 1634/1740/1590 1633/1741/1589 1621/1728/1577
f 1623/1729/1579 1635/1742/1591 1634/1740/1590 1622/1727/1578
f 1624/1730/1580 1636/1743/1592 1635/1742/1591 1623/1729/1579
f 1625/1731/1581 1637/1744/1593 1636/1743/1592 1624/1730/1580
f 1626/1732/1582 1638/1745/1594 1637/1744/1593 1625/1731/1581
f 1627/1733/1583 1639/1746/1595 1638/1745/1594 1626/1732/1582
f 1628/1734/1584 1640/1747/1596 1639/1746/1595 1627/1733/1583
f 1629/1735/1585 1641/1748/1597 1640/1747/1596 1628/1734/1584
f 1630/1736/1586 1642/1749/1598 1641/1748/1597 1629/1735/1585
f 1631/1737/1587 1643/1750/1599 1642/1749/1598 1630/1736/1586
f 1632/1726/1588 1644/1739/1600 1643/1750/1599 1631/1737/1587
f 1633/1738/1589 1645/1751/1601 1656/1752/1612 1644/1739/1600
f 1634/1740/1590 1646/1753/1602 1645/1754/1601 1633/1741/1589
f 1635/1742/1591 1647/1755/1603 1646/1753/1602 1634/1740/1590
f 1636/1743/1592 1648/1756/1604 1647/1755/1603 1635/1742/1591
f 1637/1744/1593 1649/1757/1605 1648/1756/1604 1636/1743/1592
f 1638/1745/1594 1650/1758/1606 1649/1757/1605 1637/1744/1593
f 1639/1746/1595 1651/1759/1607 1650/1758/1606 1638/1745/1594
f 1640/1747/1596 1652/1760/1608 1651/1759/1607 1639/1746/1595
f 1641/1748/1597 1653/1761/1609 1652/1760/1608 1640/1747/1596
f 1642/1749/1598 1654/1762/1610 1653/1761/1609 1641/1748/1597
f 1643/1750/1599 1655/1763/1611 1654/1762/1610 1642/1749/1598
f 1644/1739/1600 1656/1752/1612 1655/1763/1611 1643/1750/1599
f 1645/1751/1601 1657/1764/1613 1668/1765/1624 1656/1752/1612
f 1646/1753/1602 1658/1766/1614 1657/1767/1613 1645/1754/1601
f 1647/1755/1603 1659/1768/1615 1658/1766/1614 1646/1753/1602
f 1648/1756/1604 1660/1769/1616 1659/1768/1615 1647/1755/1603
f 1649/1757/1605 1661/1770/1617 1660/1769/1616 1648/1756/1604
f 1650/1758/1606 1662/1771/1618 1661/1770/1617 1649/1757/1605
f 1651/1759/1607 1663/1772/1619 1662/1771/1618 1650/1758/1606
f 1652/1760/1608 1664/1773/1620 1663/1772/1619 1651/1759/1607
f 1653/1761/1609 1665/1774/1621 1664/1773/1620 1652/1760/1608
f 1654/1762/1610 1666/1775/1622 1665/1774/1621 1653/1761/1609
f 1655/1763/1611 1667/1776/1623 1666/1775/1622 1654/1762/1610
f 1656/1752/1612 1668/1765/1624 1667/1776/1623 1655/1763/1611
f 1657/1764/1613 1669/1777/1625 1680/1778/1636 1668/1765/1624
f 1658/1766/1614 1670/1779/1626 1669/1780/1625 1657/1767/1613
f 1659/1768/1615 1671/1781/1627 1670/1779/1626 1658/1766/1614
f 1660/1769/1616 1672/1782/1628 1671/1781/1627 1659/1768/1615
f 1661/1770/1617 1673/1783/1629 1672/1782/1628 1660/1769/1616
f 1662/1771/1618 1674/1784/1630 1673/1783/1629 1661/1770/1617
f 1663/1772/1619 1675/1785/1631 1674/1784/1630 1662/1771/1618
f 1664/1773/1620 1676/1786/1632 1675/1785/1631 1663/1772/1619
f 1665/1774/1621 1677/1787/1633 1676/1786/1632 1664/1773/1620
f 1666/1775/1622 1678/1788/1634 1677/1787/1633 1665/1774/1621
f 1667/1776/1623 1679/1789/1635 1678/1788/1634 1666/1775/1622
f 1668/1765/1624 1680/1778/1636 1679/1789/1635 1667/1776/1623
f 1669/1777/1625 1681/1790/1637 1692/1791/1648 1680/1778/1636
f 1670/1779/1626 1682/1792/1638 1681/1793/1637 1669/1780/1625
f 1671/1781/1627 1683/1794/1639 1682/1792/1638 1670/1779/1626
f 1672/1782/1628 1684/1795/1640 1683/1794/1639 1671/1781/1627
f 1673/1783/1629 1685/1796/1641 1684/1795/1640 1672/1782/1628
f 1674/1784/1630 1686/1797/1642 1685/1796/1641 1673/1783/1629
f 1675/1785/1631 1687/1798/1643 1686/1797/1642 1674/1784/1630
f 1676/1786/1632 1688/1799/1644 1687/1798/1643 1675/1785/1631
f 1677/1787/1633 1689/1800/1645 1688/1799/1644 1676/1786/1632
f 1678/1788/1634 1690/1801/1646 1689/1800/1645 1677/1787/1633
f 1679/1789/1635 1691/1802/1647 1690/1801/1646 1678/1788/1634
f 1680/1778/1636 1692/1791/1648 1691/1802/1647 1679/1789/1635
f 1681/1790/1637 1693/1803/1649 1704/1804/1660 1692/1791/1648
f 1682/1792/1638 1694/1805/1650 1693/1806/1649 1681/1793/1637
f 1683/1794/1639 1695/1807/1651 1694/1805/1650 1682/1792/1638
f 1684/1795/1640 1696/1808/1652 1695/1807/1651 1683/1794/1639
f 1685/1796/1641 1697/1809/1653 1696/1808/1652 1684/1795/1640
f 1686/1797/1642 1698/1810/1654 1697/1809/1653 1685/1796/1641
f 1687/1798/1643 1699/1811/1655 1698/1810/1654 1686/1797/1642
f 1688/1799/1644 1700/1812/1656 1699/1811/1655 1687/1798/1643
f 1689/1800/1645 1701/1813/1657 1700/1812/1656 1688/1799/1644
f 1690/1801/1646 1702/1814/1658 1701/1813/1657 1689/1800/1645
f 1691/1802/1647 1703/1815/1659 1702/1814/1658 1690/1801/1646
f 1692/1791/1648 1704/1804/1660 1703/1815/1659 1691/1802/1647
f 1693/1803/1649 1705/1816/1661 1716/1817/1672 1704/1804/1660
f 1694/1805/1650 1706/1818/1662 1705/1819/1661 1693/1806/1649
f 1695/1807/1651 1707/1820/1663 1706/1818/1662 1694/1805/1650
f 1696/1808/1652 1708/1821/1664 1707/1820/1663 1695/1807/1651
f 1697/1809/1653 1709/1822/1665 1708/1821/1664 1696/1808/1652
f 1698/1810/1654 1710/1823/1666 1709/1822/1665 1697/1809/1653
f 1699/1811/1655 1711/1824/1667 1710/1823/1666 1698/1810/1654
f 1700/1812/1656 1712/1825/1668 1711/1824/1667 1699/1811/1655
f 1701/1813/1657 1713/1826/1669 1712/1825/1668 1700/1812/1656
f 1702/1814/1658 1714/1827/1670 1713/1826/1669 1701/1813/1657
f 1703/1815/1659 1715/1828/1671 1714/1827/1670 1702/1814/1658
f 1704/1804/1660 1716/1817/1672 1715/1828/1671 1703/1815/1659
f 1705/1816/1661 1717/1829/1673 1728/1830/1684 1716/1817/1672
f 1706/1818/1662 1718/1831/1674 1717/1832/1673 1705/1819/1661
f 1707/1820/1663 1719/1833/1675 1718/1831/1674 1706/1818/1662
f 1708/1821/1664 1720/1834/1676 1719/1833/1675 1707/1820/1663
f 1709/1822/1665 1721/1835/1677 1720/1834/1676 1708/1821/1664
f 1710/1823/1666 1722/1836/1678 1721/1835/1677 1709/1822/1665
f 1711/1824/1667 1723/1837/1679 1722/1836/1678 1710/1823/1666
f 1712/1825/1668 1724/1838/1680 1723/1837/1679 1711/1824/1667
f 1713/1826/1669 1725/1839/1681 1724/1838/1680 1712/1825/1668
f 1714/1827/1670 1726/1840/1682 1725/1839/1681 1713/1826/1669
f 1715/1828/1671 1727/1841/1683 1726/1840/1682 1714/1827/1670
f 1716/1817/1672 1728/1830/1684 1727/1841/1683 1715/1828/1671
f 1717/1829/1673 1729/1842/1685 1740/1843/1696 1728/1830/1684
f 1718/1831/1674 1730/1844/1686 1729/1845/1685 1717/1832/1673
f 1719/1833/1675 1731/1846/1687 1730/1844/1686 1718/1831/1674
f 1720/1834/1676 1732/1847/1688 1731/1846/1687 1719/1833/1675
f 1721/1835/1677 1733/1848/1689 1732/1847/1688 1720/1834/1676
f 1722/1836/1678 1734/1849/1690 1733/1848/1689 1721/1835/1677
f 1723/1837/1679 1735/1850/1691 1734/1849/1690 1722/1836/1678
f 1724/1838/1680 1736/1851/1692 1735/1850/1691 1723/1837/1679
f 1725/1839/1681 1737/1852/1693 1736/1851/1692 1724/1838/1680
f 1726/1840/1682 1738/1853/1694 1737/1852/1693 1725/1839/1681
f 1727/1841/1683 1739/1854/1695 1738/1853/1694 1726/1840/1682
f 1728/1830/1684 1740/1843/1696 1739/1854/1695 1727/1841/1683
f 1729/1842/1685 1741/1855/1697 1752/1856/1708 1740/1843/1696
f 1730/1844/1686 1742/1857/1698 1741/1858/1697 1729/1845/1685
f 1731/1846/1687 1743/1859/1699 1742/1857/1698 1730/1844/1686
f 1732/1847/1688 1744/1860/1700 1743/1859/1699 1731/1846/1687
f 1733/1848/1689 1745/1861/1701 1744/1860/1700 1732/1847/1688
f 1734/1849/1690 1746/1862/1702 1745/1861/1701 1733/1848/1689
f 1735/1850/1691 1747/1863/1703 1746/1862/1702 1734/1849/1690
f 1736/1851/1692 1748/1864/1704 1747/1863/1703 1735/1850/1691
f 1737/1852/1693 1749/1865/1705 1748/1864/1704 1736/1851/1692
f 1738/1853/1694 1750/1866/1706 1749/1865/1705 1737/1852/1693
f 1739/1854/1695 1751/1867/1707 1750/1866/1706 1738/1853/1694
f 1740/1843/1696 1752/1856/1708 1751/1867/1707 1739/1854/1695
f 1741/1855/1697 1753/1868/1709 1764/1869/1720 1752/1856/1708
f 1742/1857/1698 1754/1870/1710 1753/1871/1709 1741/1858/1697
f 1743/1859/1699 1755/1872/1711 1754/1870/1710 1742/1857/1698
f 1744/1860/1700 1756/1873/1712 1755/1872/1711 1743/1859/1699
f 1745/1861/1701 1757/1874/1713 1756/1873/1712 1744/1860/1700
f 1746/1862/1702 1758/1875/1714 1757/1874/1713 1745/1861/1701
f 1747/1863/1703 1759/1876/1715 1758/1875/1714 1746/1862/1702
f 1748/1864/1704 1760/1877/1716 1759/1876/1715 1747/1863/1703
f 1749/1865/1705 1761/1878/1717 1760/1877/1716 1748/1864/1704
f 1750/1866/1706 1762/1879/1718 1761/1878/1717 1749/1865/1705
f 1751/1867/1707 1763/1880/1719 1762/1879/1718 1750/1866/1706
f 1752/1856/1708 1764/1869/1720 1763/1880/1719 1751/1867/1707
f 1753/1868/1709 1765/1881/1721 1776/1882/1732 1764/1869/1720
f 1754/1870/1710 1766/1883/1722 1765/1884/1721 1753/1871/1709
f 1755/1872/1711 1767/1885/1723 1766/1883/1722 1754/1870/1710
f 1756/1873/1712 1768/1886/1724 1767/1885/1723 1755/1872/1711
f 1757/1874/1713 1769/1887/1725 1768/1886/1724 1756/1873/1712
f 1758/1875/1714 1770/1888/1726 1769/1887/1725 1757/1874/1713
f 1759/1876/1715 1771/1889/1727 1770/1888/1726 1758/1875/1714
f 1760/1877/1716 1772/1890/1728 1771/1889/1727 1759/1876/1715
f 1761/1878/1717 1773/1891/1729 1772/1890/1728 1760/1877/1716
f 1762/1879/1718 1774/1892/1730 1773/1891/1729 1761/1878/1717
f 1763/1880/1719 1775/1893/1731 1774/1892/1730 1762/1879/1718
f 1764/1869/1720 1776/1882/1732 1775/1893/1731 1763/1880/1719
f 1765/1881/1721 1777/1894/1733 1788/1895/1744 1776/1882/1732
f 1766/1883/1722 1778/1896/1734 1777/1897/1733 1765/1884/1721
f 1767/1885/1723 1779/1898/1735 1778/1896/1734 1766/1883/1722
f 1768/1886/1724 1780/1899/1736 1779/1898/1735 1767/1885/1723
f 1769/1887/1725 1781/1900/1737 1780/1899/1736 1768/1886/1724
f 1770/1888/1726 1782/1901/1738 1781/1900/1737 1769/1887/1725
f 1771/1889/1727 1783/1902/1739 1782/1901/1738 1770/1888/1726
f 1772/1890/1728 1784/1903/1740 1783/1902/1739 1771/1889/1727
f 1773/1891/1729 1785/1904/1741 1784/1903/1740 1772/1890/1728
f 1774/1892/1730 1786/1905/1742 1785/1904/1741 1773/1891/1729
f 1775/1893/1731 1787/1906/1743 1786/1905/1742 1774/1892/1730
f 1776/1882/1732 1788/1895/1744 1787/1906/1743 1775/1893/1731
f 1777/1894/1733 1789/1907/1745 1800/1908/1756 1788/1895/1744
f 1778/1896/1734 1790/1909/1746 1789/967/1745 1777/1897/1733
f 1779/1898/1735 1791/1910/1747 1790/1909/1746 1778/1896/1734
f 1780/1899/1736 1792/1911/1748 1791/1910/1747 1779/1898/1735
f 1781/1900/1737 1793/1912/1749 1792/1911/1748 1780/1899/1736
f 1782/1901/1738 1794/1913/1750 1793/1912/1749 1781/1900/1737
f 1783/1902/1739 1795/1914/1751 1794/1913/1750 1782/1901/1738
f 1784/1903/1740 1796/1915/1752 1795/1914/1751 1783/1902/1739
f 1785/1904/1741 1797/1916/1753 1796/1915/1752 1784/1903/1740
f 1786/1905/1742 1798/1917/1754 1797/1916/1753 1785/1904/1741
f 1787/1906/1743 1799/1918/1755 1798/1917/1754 1786/1905/1742
f 1788/1895/1744 1800/1908/1756 1799/1918/1755 1787/1906/1743
o Cube.003
v -0.238233 -0.704756 0.238233
v -0.576867 1.667230 0.576867
v -0.238233 -0.704756 -0.238233
v -0.576867 1.667230 -0.576867
v 0.238233 -0.704756 0.238233
v 0.576867 1.667230 0.576867
v 0.238233 -0.704756 -0.238233
v 0.576867 1.667230 -0.576867
v -0.726034 0.314426 0.726034
v -0.726033 0.314426 -0.726033
v 0.726033 0.314426 -0.726033
v 0.726033 0.314426 0.726033
v -0.241726 -0.725492 -0.195450
v -0.244214 -0.747822 -0.135672
v -0.244968 -0.763589 -0.069303
v -0.244949 -0.769454 -0.000000
v -0.244968 -0.763589 0.069303
v -0.244214 -0.747822 0.135672
v -0.241726 -0.725492 0.195450
v -0.759798 0.517107 0.759798
v -0.776421 0.724857 0.776421
v -0.775880 0.930236 0.775880
v -0.758156 1.125802 0.758156
v -0.723969 1.304397 0.723969
v -0.677001 1.459992 0.677001
v -0.622854 1.586104 0.622854
v -0.614259 1.702026 0.482269
v -0.654221 1.739495 0.340916
v -0.682204 1.765952 0.176090
v -0.692542 1.775794 0.000000
v -0.682204 1.765952 -0.176090
v -0.654221 1.739494 -0.340916
v -0.614259 1.702026 -0.482269
v -0.675942 0.123339 -0.675942
v -0.613522 -0.053298 -0.613522
v -0.543565 -0.213547 -0.543565
v -0.470866 -0.355469 -0.470866
v -0.399942 -0.477294 -0.399942
v -0.334211 -0.577925 -0.334211
v -0.277325 -0.655993 -0.277325
v 0.195450 -0.725492 -0.241726
v 0.135672 -0.747822 -0.244214
v 0.069303 -0.763589 -0.244968
v 0.000000 -0.769454 -0.244949
v -0.069303 -0.763589 -0.244968
v -0.135672 -0.747822 -0.244214
v -0.195450 -0.725492 -0.241726
v -0.482269 1.702026 -0.614259
v -0.340916 1.739494 -0.654221
v -0.176090 1.765952 -0.682204
v -0.000000 1.775794 -0.692542
v 0.176090 1.765952 -0.682204
v 0.340916 1.739494 -0.654221
v 0.482269 1.702026 -0.614259
v 0.675942 0.123339 -0.675942
v 0.613522 -0.053298 -0.613522
v 0.543565 -0.213547 -0.543565
v 0.470866 -0.355469 -0.470866
v 0.399942 -0.477294 -0.399942
v 0.334211 -0.577925 -0.334211
v 0.277325 -0.655993 -0.277325
v 0.241726 -0.725492 0.195450
v 0.244214 -0.747822 0.135672
v 0.244968 -0.763589 0.069303
v 0.244949 -0.769454 0.000000
v 0.244968 -0.763589 -0.069303
v 0.244214 -0.747822 -0.135672
v 0.241726 -0.725492 -0.195450
v 0.614259 1.702026 -0.482269
v 0.654221 1.739494 -0.340916
v 0.682204 1.765952 -0.176090
v 0.692542 1.775794 -0.000000
v 0.682204 1.765952 0.176090
v 0.654221 1.739494 0.340916
v 0.614259 1.702026 0.482269
v 0.675942 0.123339 0.675942
v 0.613522 -0.053298 0.613522
v 0.543565 -0.213547 0.543565
v 0.470866 -0.355469 0.470866
v 0.399942 -0.477294 0.399942
v 0.334211 -0.577925 0.334211
v 0.277325 -0.655993 0.277325
v -0.195450 -0.725492 0.241726
v -0.135672 -0.747822 0.244214
v -0.069303 -0.763589 0.244968
v 0.000000 -0.769454 0.244949
v 0.069303 -0.763589 0.244968
v 0.135672 -0.747822 0.244214
v 0.195450 -0.725492 0.241726
v 0.482269 1.702026 0.614259
v 0.340916 1.739494 0.654221
v 0.176090 1.765952 0.682204
v 0.000000 1.775794 0.692542
v -0.176090 1.765952 0.682204
v -0.340916 1.739494 0.654221
v -0.482269 1.702026 0.614259
v -0.277325 -0.655993 0.277325
v -0.334211 -0.577925 0.334210
v -0.399942 -0.477294 0.399942
v -0.470866 -0.355469 0.470866
v -0.543565 -0.213547 0.543566
v -0.613522 -0.053298 0.613522
v -0.675942 0.123339 0.675942
v -0.622854 1.586104 -0.622854
v -0.677001 1.459992 -0.677001
v -0.723969 1.304397 -0.723969
v -0.758156 1.125802 -0.758156
v -0.775880 0.930236 -0.775880
v -0.776421 0.724857 -0.776421
v -0.759798 0.517107 -0.759798
v 0.622854 1.586104 -0.622854
v 0.677001 1.459992 -0.677001
v 0.723969 1.304397 -0.723969
v 0.758156 1.125802 -0.758156
v 0.775880 0.930236 -0.775880
v 0.776421 0.724857 -0.776421
v 0.759798 0.517107 -0.759798
v 0.622854 1.586104 0.622854
v 0.677001 1.459992 0.677001
v 0.723969 1.304397 0.723969
v 0.758156 1.125802 0.758156
v 0.775880 0.930236 0.775880
v 0.776421 0.724857 0.776421
v 0.759798 0.517107 0.759798
v 0.574304 0.314426 0.845148
v 0.397050 0.314426 0.930230
v 0.202779 0.314426 0.981280
v 0.000000 0.314426 0.998296
v -0.202779 0.314426 0.981280
v -0.397050 0.314426 0.930230
v -0.574304 0.314426 0.845148
v 0.845148 0.314426 -0.574304
v 0.930230 0.314426 -0.397050
v 0.981279 0.314426 -0.202779
v 0.998296 0.314426 0.000000
v 0.981280 0.314426 0.202779
v 0.930230 0.314426 0.397050
v 0.845148 0.314426 0.574304
v -0.574304 0.314426 -0.845148
v -0.397050 0.314426 -0.930230
v -0.202779 0.314426 -0.981279
v 0.000000 0.314426 -0.998296
v 0.202779 0.314426 -0.981280
v 0.397050 0.314426 -0.930230
v 0.574304 0.314426 -0.845148
v -0.845148 0.314426 0.574304
v -0.930230 0.314426 0.397050
v -0.981280 0.314426 0.202779
v -0.998296 0.314426 -0.000000
v -0.981279 0.314426 -0.202779
v -0.930230 0.314426 -0.397050
v -0.845148 0.314426 -0.574304
v -0.884446 0.517133 0.601016
v -0.903750 0.725066 0.614188
v -0.902996 0.930941 0.613823
v -0.882122 1.127474 0.599927
v -0.841467 1.307768 0.573399
v -0.782988 1.466476 0.538733
v -0.708308 1.598921 0.503041
v -0.973477 0.517190 0.415519
v -0.994674 0.725526 0.424636
v -0.993708 0.932494 0.424412
v -0.970467 1.131154 0.414861
v -0.924924 1.315091 0.396802
v -0.857397 1.479990 0.374297
v -0.767817 1.622307 0.352904
v -1.026894 0.517248 0.212212
v -1.049214 0.725986 0.216871
v -1.048085 0.934046 0.216765
v -1.023355 1.134833 0.211903
v -0.974828 1.322258 0.202767
v -0.902142 1.492253 0.191737
v -0.804833 1.641287 0.181750
v -1.044699 0.517274 0.000000
v -1.067389 0.726195 0.000000
v -1.066196 0.934751 0.000000
v -1.040948 1.136505 0.000000
v -0.991422 1.325473 0.000000
v -0.917176 1.497486 0.000000
v -0.817714 1.648831 0.000000
v -1.026894 0.517248 -0.212212
v -1.049214 0.725986 -0.216871
v -1.048085 0.934046 -0.216765
v -1.023355 1.134833 -0.211903
v -0.974828 1.322258 -0.202767
v -0.902142 1.492253 -0.191737
v -0.804833 1.641287 -0.181750
v -0.973477 0.517190 -0.415519
v -0.994674 0.725526 -0.424636
v -0.993708 0.932494 -0.424412
v -0.970467 1.131154 -0.414861
v -0.924924 1.315091 -0.396802
v -0.857397 1.479990 -0.374297
v -0.767817 1.622306 -0.352904
v -0.884446 0.517133 -0.601016
v -0.903750 0.725066 -0.614188
v -0.902996 0.930941 -0.613824
v -0.882122 1.127474 -0.599927
v -0.841467 1.307768 -0.573399
v -0.782988 1.466476 -0.538733
v -0.708308 1.598921 -0.503041
v -0.601016 0.517133 -0.884446
v -0.614188 0.725066 -0.903750
v -0.613823 0.930941 -0.902996
v -0.599927 1.127474 -0.882122
v -0.573399 1.307768 -0.841467
v -0.538733 1.466476 -0.782988
v -0.503041 1.598921 -0.708308
v -0.415519 0.517190 -0.973477
v -0.424636 0.725526 -0.994674
v -0.424412 0.932494 -0.993708
v -0.414861 1.131154 -0.970467
v -0.396802 1.315091 -0.924924
v -0.374297 1.479990 -0.857397
v -0.352904 1.622307 -0.767817
v -0.212212 0.517248 -1.026894
v -0.216871 0.725986 -1.049214
v -0.216765 0.934046 -1.048085
v -0.211903 1.134833 -1.023355
v -0.202767 1.322258 -0.974828
v -0.191737 1.492253 -0.902142
v -0.181750 1.641287 -0.804833
v 0.000000 0.517274 -1.044699
v 0.000000 0.726195 -1.067389
v -0.000000 0.934751 -1.066196
v 0.000000 1.136505 -1.040948
v -0.000000 1.325473 -0.991422
v -0.000000 1.497486 -0.917176
v -0.000000 1.648831 -0.817714
v 0.212212 0.517248 -1.026894
v 0.216871 0.725986 -1.049214
v 0.216765 0.934046 -1.048085
v 0.211903 1.134833 -1.023355
v 0.202767 1.322258 -0.974828
v 0.191737 1.492253 -0.902142
v 0.181750 1.641287 -0.804833
v 0.415519 0.517190 -0.973477
v 0.424636 0.725526 -0.994674
v 0.424412 0.932494 -0.993708
v 0.414861 1.131154 -0.970467
v 0.396802 1.315091 -0.924924
v 0.374297 1.479990 -0.857397
v 0.352904 1.622306 -0.767817
v 0.601016 0.517133 -0.884446
v 0.614188 0.725066 -0.903750
v 0.613824 0.930941 -0.902996
v 0.599927 1.127474 -0.882122
v 0.573399 1.307768 -0.841467
v 0.538733 1.466476 -0.782988
v 0.503041 1.598921 -0.708308
v 0.884446 0.517133 -0.601016
v 0.903750 0.725066 -0.614188
v 0.902996 0.930941 -0.613823
v 0.882122 1.127474 -0.599927
v 0.841467 1.307768 -0.573399
v 0.782988 1.466476 -0.538733
v 0.708308 1.598921 -0.503041
v 0.973477 0.517190 -0.415519
v 0.994674 0.725526 -0.424636
v 0.993708 0.932494 -0.424412
v 0.970467 1.131154 -0.414861
v 0.924924 1.315091 -0.396802
v 0.857397 1.479990 -0.374297
v 0.767817 1.622307 -0.352904
v 1.026894 0.517248 -0.212212
v 1.049214 0.725986 -0.216871
v 1.048085 0.934046 -0.216765
v 1.023355 1.134833 -0.211903
v 0.974828 1.322258 -0.202767
v 0.902142 1.492253 -0.191737
v 0.804833 1.641287 -0.181750
v 1.044699 0.517274 0.000000
v 1.067389 0.726195 0.000000
v 1.066196 0.934751 -0.000000
v 1.040948 1.136505 0.000000
v 0.991422 1.325473 -0.000000
v 0.917176 1.497486 -0.000000
v 0.817714 1.648831 -0.000000
v 1.026894 0.517248 0.212212
v 1.049214 0.725986 0.216871
v 1.048085 0.934046 0.216765
v 1.023355 1.134833 0.211903
v 0.974828 1.322258 0.202767
v 0.902142 1.492253 0.191737
v 0.804833 1.641287 0.181750
v 0.973477 0.517190 0.415519
v 0.994674 0.725526 0.424636
v 0.993708 0.932494 0.424412
v 0.970467 1.131154 0.414861
v 0.924924 1.315091 0.396802
v 0.857397 1.479990 0.374297
v 0.767817 1.622306 0.352904
v 0.884446 0.517133 0.601016
v 0.903750 0.725066 0.614188
v 0.902996 0.930941 0.613824
v 0.882122 1.127474 0.599927
v 0.841467 1.307768 0.573399
v 0.782988 1.466476 0.538733
v 0.708308 1.598921 0.503041
v 0.601016 0.517133 0.884446
v 0.614188 0.725066 0.903750
v 0.613823 0.930941 0.902996
v 0.599927 1.127474 0.882122
v 0.573399 1.307768 0.841467
v 0.538733 1.466476 0.782988
v 0.503041 1.598921 0.708308
v 0.415519 0.517190 0.973477
v 0.424636 0.725526 0.994674
v 0.424412 0.932494 0.993708
v 0.414861 1.131154 0.970467
v 0.396802 1.315091 0.924924
v 0.374297 1.479990 0.857397
v 0.352904 1.622307 0.767817
v 0.212212 0.517248 1.026894
v 0.216871 0.725986 1.049214
v 0.216765 0.934046 1.048085
v 0.211903 1.134833 1.023355
v 0.202767 1.322258 0.974828
v 0.191737 1.492253 0.902142
v 0.181750 1.641287 0.804833
v 0.000000 0.517274 1.044699
v 0.000000 0.726195 1.067389
v 0.000000 0.934751 1.066196
v -0.000000 1.136505 1.040948
v 0.000000 1.325473 0.991422
v 0.000000 1.497486 0.917176
v 0.000000 1.648831 0.817714
v -0.212212 0.517248 1.026894
v -0.216871 0.725986 1.049214
v -0.216765 0.934046 1.048085
v -0.211903 1.134833 1.023355
v -0.202767 1.322258 0.974828
v -0.191737 1.492253 0.902142
v -0.181750 1.641287 0.804833
v -0.415519 0.517190 0.973477
v -0.424636 0.725526 0.994674
v -0.424412 0.932494 0.993708
v -0.414861 1.131154 0.970467
v -0.396802 1.315091 0.924924
v -0.374297 1.479990 0.857397
v -0.352904 1.622306 0.767817
v -0.601016 0.517133 0.884446
v -0.614188 0.725066 0.903750
v -0.613823 0.930941 0.902996
v -0.599927 1.127474 0.882122
v -0.573399 1.307768 0.841467
v -0.538733 1.466476 0.782988
v -0.503041 1.598921 0.708308
v -0.181334 -0.769982 -0.181334
v -0.121591 -0.801674 -0.175539
v -0.061059 -0.821688 -0.172470
v -0.000000 -0.828728 -0.171405
v 0.061059 -0.821688 -0.172470
v 0.121591 -0.801674 -0.175539
v 0.181334 -0.769982 -0.181334
v -0.175539 -0.801674 -0.121591
v -0.113762 -0.839972 -0.113762
v -0.055944 -0.863268 -0.109666
v 0.000000 -0.871172 -0.108409
v 0.055944 -0.863268 -0.109666
v 0.113762 -0.839972 -0.113762
v 0.175539 -0.801674 -0.121591
v -0.172470 -0.821688 -0.061059
v -0.109666 -0.863268 -0.055944
v -0.053244 -0.888316 -0.053244
v 0.000000 -0.896702 -0.052447
v 0.053244 -0.888316 -0.053244
v 0.109666 -0.863268 -0.055944
v 0.172470 -0.821688 -0.061059
v -0.171405 -0.828728 0.000000
v -0.108409 -0.871172 -0.000000
v -0.052447 -0.896702 -0.000000
v 0.000000 -0.905230 0.000000
v 0.052447 -0.896702 -0.000000
v 0.108409 -0.871172 0.000000
v 0.171405 -0.828728 -0.000000
v -0.172470 -0.821688 0.061059
v -0.109666 -0.863268 0.055944
v -0.053244 -0.888316 0.053244
v 0.000000 -0.896702 0.052447
v 0.053244 -0.888316 0.053244
v 0.109666 -0.863268 0.055944
v 0.172470 -0.821688 0.061059
v -0.175539 -0.801674 0.121591
v -0.113762 -0.839972 0.113762
v -0.055944 -0.863268 0.109666
v 0.000000 -0.871172 0.108409
v 0.055944 -0.863268 0.109666
v 0.113762 -0.839972 0.113762
v 0.175539 -0.801674 0.121591
v -0.181334 -0.769982 0.181334
v -0.121591 -0.801674 0.175539
v -0.061059 -0.821688 0.172470
v 0.000000 -0.828728 0.171405
v 0.061059 -0.821688 0.172470
v 0.121591 -0.801674 0.175539
v 0.181334 -0.769982 0.181334
v 0.492379 1.776679 -0.492379
v 0.344187 1.829859 -0.515526
v 0.176945 1.863441 -0.534688
v -0.000000 1.875255 -0.542337
v -0.176945 1.863441 -0.534688
v -0.344187 1.829858 -0.515526
v -0.492379 1.776679 -0.492379
v 0.515526 1.829859 -0.344187
v 0.356057 1.894121 -0.356057
v 0.181802 1.933212 -0.367494
v 0.000000 1.946476 -0.372477
v -0.181802 1.933212 -0.367494
v -0.356057 1.894121 -0.356057
v -0.515526 1.829859 -0.344187
v 0.534688 1.863441 -0.176945
v 0.367494 1.933212 -0.181802
v 0.187066 1.975243 -0.187066
v 0.000000 1.989313 -0.189515
v -0.187066 1.975243 -0.187066
v -0.367494 1.933212 -0.181802
v -0.534688 1.863441 -0.176945
v 0.542337 1.875255 0.000000
v 0.372477 1.946476 0.000000
v 0.189515 1.989314 0.000000
v -0.000000 2.003625 0.000000
v -0.189515 1.989314 0.000000
v -0.372477 1.946476 -0.000000
v -0.542337 1.875255 0.000000
v 0.534688 1.863441 0.176945
v 0.367494 1.933212 0.181802
v 0.187066 1.975243 0.187066
v -0.000000 1.989314 0.189515
v -0.187066 1.975243 0.187066
v -0.367494 1.933212 0.181802
v -0.534688 1.863441 0.176945
v 0.515526 1.829858 0.344187
v 0.356057 1.894121 0.356057
v 0.181802 1.933212 0.367494
v 0.000000 1.946476 0.372477
v -0.181802 1.933212 0.367494
v -0.356057 1.894121 0.356057
v -0.515526 1.829858 0.344187
v 0.492379 1.776679 0.492379
v 0.344187 1.829859 0.515526
v 0.176945 1.863441 0.534688
v 0.000000 1.875255 0.542337
v -0.176945 1.863441 0.534688
v -0.344187 1.829858 0.515526
v -0.492379 1.776678 0.492379
v 0.225854 -0.663631 0.306866
v 0.268654 -0.581788 0.379947
v 0.318921 -0.479303 0.460434
v 0.373785 -0.356466 0.545514
v 0.430527 -0.213968 0.631646
v 0.485471 -0.053423 0.713852
v 0.534701 0.123324 0.786798
v 0.158069 -0.677568 0.322133
v 0.187419 -0.589842 0.408434
v 0.221613 -0.483667 0.501210
v 0.259016 -0.358658 0.597587
v 0.297900 -0.214893 0.694034
v 0.335709 -0.053697 0.785361
v 0.369679 0.123289 0.865962
v 0.081184 -0.688879 0.329398
v 0.096175 -0.597150 0.423604
v 0.113503 -0.487938 0.524304
v 0.132456 -0.360851 0.628092
v 0.152215 -0.215818 0.731156
v 0.171473 -0.053971 0.828174
v 0.188803 0.123255 0.913448
v -0.000000 -0.693375 0.331356
v -0.000000 -0.600269 0.428136
v -0.000000 -0.489854 0.531593
v 0.000000 -0.361848 0.638036
v 0.000000 -0.216238 0.743435
v 0.000000 -0.054095 0.842417
v 0.000000 0.123240 0.929273
v -0.081184 -0.688879 0.329398
v -0.096175 -0.597150 0.423604
v -0.113503 -0.487938 0.524304
v -0.132456 -0.360851 0.628092
v -0.152215 -0.215818 0.731156
v -0.171473 -0.053971 0.828174
v -0.188803 0.123255 0.913448
v -0.158069 -0.677568 0.322133
v -0.187419 -0.589842 0.408434
v -0.221613 -0.483667 0.501210
v -0.259016 -0.358658 0.597587
v -0.297900 -0.214893 0.694034
v -0.335709 -0.053697 0.785361
v -0.369679 0.123289 0.865962
v -0.225854 -0.663631 0.306866
v -0.268654 -0.581788 0.379947
v -0.318921 -0.479303 0.460434
v -0.373785 -0.356466 0.545514
v -0.430527 -0.213968 0.631646
v -0.485471 -0.053423 0.713852
v -0.534701 0.123324 0.786798
v 0.306866 -0.663631 -0.225854
v 0.379947 -0.581788 -0.268654
v 0.460434 -0.479303 -0.318921
v 0.545514 -0.356466 -0.373785
v 0.631646 -0.213968 -0.430527
v 0.713852 -0.053423 -0.485471
v 0.786798 0.123324 -0.534701
v 0.322133 -0.677568 -0.158069
v 0.408434 -0.589842 -0.187419
v 0.501210 -0.483667 -0.221613
v 0.597587 -0.358658 -0.259016
v 0.694034 -0.214893 -0.297900
v 0.785361 -0.053697 -0.335709
v 0.865962 0.123289 -0.369679
v 0.329398 -0.688879 -0.081184
v 0.423604 -0.597150 -0.096175
v 0.524304 -0.487938 -0.113503
v 0.628092 -0.360851 -0.132456
v 0.731156 -0.215818 -0.152215
v 0.828174 -0.053971 -0.171473
v 0.913448 0.123255 -0.188803
v 0.331356 -0.693375 0.000000
v 0.428136 -0.600269 0.000000
v 0.531593 -0.489854 0.000000
v 0.638036 -0.361848 0.000000
v 0.743435 -0.216238 0.000000
v 0.842417 -0.054095 0.000000
v 0.929273 0.123240 0.000000
v 0.329398 -0.688879 0.081184
v 0.423604 -0.597150 0.096175
v 0.524304 -0.487938 0.113503
v 0.628092 -0.360851 0.132456
v 0.731156 -0.215818 0.152215
v 0.828174 -0.053971 0.171473
v 0.913448 0.123255 0.188803
v 0.322133 -0.677568 0.158069
v 0.408434 -0.589842 0.187419
v 0.501210 -0.483667 0.221613
v 0.597587 -0.358658 0.259016
v 0.694034 -0.214893 0.297900
v 0.785361 -0.053697 0.335709
v 0.865962 0.123289 0.369679
v 0.306866 -0.663631 0.225854
v 0.379947 -0.581788 0.268654
v 0.460434 -0.479303 0.318921
v 0.545514 -0.356466 0.373785
v 0.631646 -0.213968 0.430527
v 0.713852 -0.053423 0.485471
v 0.786798 0.123324 0.534701
v -0.225854 -0.663631 -0.306866
v -0.268654 -0.581788 -0.379947
v -0.318921 -0.479303 -0.460434
v -0.373785 -0.356466 -0.545514
v -0.430527 -0.213968 -0.631646
v -0.485471 -0.053423 -0.713852
v -0.534701 0.123324 -0.786798
v -0.158069 -0.677568 -0.322133
v -0.187419 -0.589842 -0.408434
v -0.221613 -0.483667 -0.501210
v -0.259016 -0.358658 -0.597587
v -0.297900 -0.214893 -0.694034
v -0.335709 -0.053697 -0.785361
v -0.369679 0.123289 -0.865962
v -0.081184 -0.688879 -0.329398
v -0.096175 -0.597150 -0.423604
v -0.113503 -0.487938 -0.524304
v -0.132456 -0.360851 -0.628092
v -0.152215 -0.215818 -0.731156
v -0.171473 -0.053971 -0.828174
v -0.188803 0.123255 -0.913448
v 0.000000 -0.693375 -0.331356
v 0.000000 -0.600269 -0.428136
v 0.000000 -0.489854 -0.531593
v 0.000000 -0.361848 -0.638036
v 0.000000 -0.216238 -0.743435
v 0.000000 -0.054095 -0.842417
v 0.000000 0.123240 -0.929273
v 0.081184 -0.688879 -0.329398
v 0.096175 -0.597150 -0.423604
v 0.113503 -0.487938 -0.524304
v 0.132456 -0.360851 -0.628092
v 0.152215 -0.215818 -0.731156
v 0.171473 -0.053971 -0.828174
v 0.188803 0.123255 -0.913448
v 0.158069 -0.677568 -0.322133
v 0.187419 -0.589842 -0.408434
v 0.221613 -0.483667 -0.501210
v 0.259016 -0.358658 -0.597587
v 0.297900 -0.214893 -0.694034
v 0.335709 -0.053697 -0.785361
v 0.369679 0.123289 -0.865962
v 0.225854 -0.663631 -0.306866
v 0.268654 -0.581788 -0.379947
v 0.318921 -0.479303 -0.460434
v 0.373785 -0.356466 -0.545514
v 0.430527 -0.213968 -0.631646
v 0.485471 -0.053423 -0.713852
v 0.534701 0.123324 -0.786798
v -0.306866 -0.663631 0.225854
v -0.379947 -0.581788 0.268654
v -0.460434 -0.479303 0.318921
v -0.545514 -0.356466 0.373785
v -0.631646 -0.213968 0.430527
v -0.713852 -0.053423 0.485471
v -0.786798 0.123324 0.534701
v -0.322133 -0.677568 0.158069
v -0.408434 -0.589842 0.187419
v -0.501210 -0.483667 0.221613
v -0.597587 -0.358658 0.259016
v -0.694034 -0.214893 0.297900
v -0.785361 -0.053697 0.335709
v -0.865962 0.123289 0.369679
v -0.329398 -0.688879 0.081184
v -0.423604 -0.597150 0.096175
v -0.524304 -0.487938 0.113503
v -0.628092 -0.360851 0.132456
v -0.731156 -0.215818 0.152215
v -0.828174 -0.053971 0.171473
v -0.913448 0.123255 0.188803
v -0.331356 -0.693375 -0.000000
v -0.428136 -0.600269 -0.000000
v -0.531593 -0.489854 -0.000000
v -0.638036 -0.361848 -0.000000
v -0.743435 -0.216238 -0.000000
v -0.842417 -0.054095 -0.000000
v -0.929273 0.123240 -0.000000
v -0.329398 -0.688879 -0.081184
v -0.423604 -0.597150 -0.096175
v -0.524304 -0.487938 -0.113503
v -0.628092 -0.360851 -0.132456
v -0.731156 -0.215818 -0.152215
v -0.828174 -0.053971 -0.171473
v -0.913448 0.123255 -0.188803
v -0.322133 -0.677568 -0.158069
v -0.408434 -0.589842 -0.187419
v -0.501210 -0.483667 -0.221613
v -0.597587 -0.358658 -0.259016
v -0.694034 -0.214893 -0.297900
v -0.785361 -0.053697 -0.335709
v -0.865962 0.123289 -0.369679
v -0.306866 -0.663631 -0.225854
v -0.379947 -0.581788 -0.268654
v -0.460434 -0.479303 -0.318921
v -0.545514 -0.356466 -0.373785
v -0.631646 -0.213968 -0.430527
v -0.713852 -0.053423 -0.485471
v -0.786798 0.123324 -0.534701
vn -0.4617 -0.7574 0.4617
vn -0.5240 0.6715 0.5240
vn -0.4617 -0.7574 -0.4617
vn -0.5240 0.6715 -0.5240
vn 0.4617 -0.7574 0.4617
vn 0.5240 0.6715 0.5240
vn 0.4617 -0.7574 -0.4617
vn 0.5240 0.6715 -0.5240
vn -0.6772 -0.2877 0.6772
vn -0.6772 -0.2877 -0.6772
vn 0.6772 -0.2877 -0.6772
vn 0.6772 -0.2877 0.6772
vn -0.5219 -0.7685 -0.3702
vn -0.5837 -0.7705 -0.2562
vn -0.6263 -0.7685 -0.1307
vn -0.6412 -0.7673 -0.0000
vn -0.6263 -0.7685 0.1307
vn -0.5837 -0.7705 0.2562
vn -0.5219 -0.7685 0.3702
vn -0.6968 -0.1704 0.6968
vn -0.7061 -0.0541 0.7061
vn -0.7056 0.0652 0.7056
vn -0.6938 0.1932 0.6938
vn -0.6686 0.3253 0.6686
vn -0.6300 0.4541 0.6300
vn -0.5792 0.5736 0.5792
vn -0.5668 0.7108 0.4166
vn -0.6027 0.7432 0.2906
vn -0.6268 0.7643 0.1518
vn -0.6356 0.7720 -0.0000
vn -0.6268 0.7643 -0.1518
vn -0.6027 0.7432 -0.2906
vn -0.5668 0.7108 -0.4166
vn -0.6491 -0.3965 -0.6491
vn -0.6182 -0.4855 -0.6182
vn -0.5880 -0.5555 -0.5880
vn -0.5598 -0.6109 -0.5598
vn -0.5332 -0.6569 -0.5332
vn -0.5068 -0.6973 -0.5068
vn -0.4817 -0.7321 -0.4817
vn 0.3702 -0.7685 -0.5219
vn 0.2562 -0.7705 -0.5837
vn 0.1307 -0.7685 -0.6263
vn -0.0000 -0.7673 -0.6412
vn -0.1307 -0.7685 -0.6263
vn -0.2562 -0.7705 -0.5837
vn -0.3702 -0.7685 -0.5219
vn -0.4166 0.7108 -0.5668
vn -0.2906 0.7432 -0.6027
vn -0.1518 0.7643 -0.6268
vn -0.0000 0.7720 -0.6356
vn 0.1518 0.7643 -0.6268
vn 0.2906 0.7432 -0.6027
vn 0.4166 0.7108 -0.5668
vn 0.6491 -0.3965 -0.6491
vn 0.6182 -0.4855 -0.6182
vn 0.5880 -0.5555 -0.5880
vn 0.5598 -0.6109 -0.5598
vn 0.5332 -0.6569 -0.5332
vn 0.5068 -0.6973 -0.5068
vn 0.4817 -0.7321 -0.4817
vn 0.5219 -0.7685 0.3702
vn 0.5837 -0.7705 0.2562
vn 0.6263 -0.7685 0.1307
vn 0.6412 -0.7673 -0.0000
vn 0.6263 -0.7685 -0.1307
vn 0.5837 -0.7705 -0.2562
vn 0.5219 -0.7685 -0.3702
vn 0.5668 0.7108 -0.4166
vn 0.6027 0.7432 -0.2906
vn 0.6268 0.7643 -0.1518
vn 0.6356 0.7720 -0.0000
vn 0.6268 0.7643 0.1518
vn 0.6027 0.7432 0.2906
vn 0.5668 0.7108 0.4166
vn 0.6491 -0.3965 0.6491
vn 0.6182 -0.4855 0.6182
vn 0.5880 -0.5555 0.5880
vn 0.5598 -0.6109 0.5598
vn 0.5332 -0.6569 0.5332
vn 0.5068 -0.6973 0.5068
vn 0.4817 -0.7321 0.4817
vn -0.3702 -0.7685 0.5219
vn -0.2562 -0.7705 0.5837
vn -0.1307 -0.7685 0.6263
vn -0.0000 -0.7673 0.6412
vn 0.1307 -0.7685 0.6263
vn 0.2562 -0.7705 0.5837
vn 0.3702 -0.7685 0.5219
vn 0.4166 0.7108 0.5668
vn 0.2906 0.7432 0.6027
vn 0.1518 0.7643 0.6268
vn -0.0000 0.7720 0.6356
vn -0.1518 0.7643 0.6268
vn -0.2906 0.7432 0.6027
vn -0.4166 0.7108 0.5668
vn -0.4817 -0.7321 0.4817
vn -0.5068 -0.6973 0.5068
vn -0.5332 -0.6569 0.5332
vn -0.5598 -0.6109 0.5598
vn -0.5880 -0.5555 0.5880
vn -0.6182 -0.4855 0.6182
vn -0.6491 -0.3965 0.6491
vn -0.5792 0.5736 -0.5792
vn -0.6300 0.4541 -0.6300
vn -0.6686 0.3253 -0.6686
vn -0.6938 0.1932 -0.6938
vn -0.7056 0.0652 -0.7056
vn -0.7061 -0.0541 -0.7061
vn -0.6968 -0.1704 -0.6968
vn 0.5792 0.5736 -0.5792
vn 0.6300 0.4541 -0.6300
vn 0.6686 0.3253 -0.6686
vn 0.6938 0.1932 -0.6938
vn 0.7056 0.0652 -0.7056
vn 0.7061 -0.0541 -0.7061
vn 0.6968 -0.1704 -0.6968
vn 0.5792 0.5736 0.5792
vn 0.6300 0.4541 0.6300
vn 0.6686 0.3253 0.6686
vn 0.6938 0.1932 0.6938
vn 0.7056 0.0652 0.7056
vn 0.7061 -0.0541 0.7061
vn 0.6968 -0.1704 0.6968
vn 0.5062 -0.2864 0.8135
vn 0.3309 -0.2838 0.9000
vn 0.1627 -0.2817 0.9456
vn -0.0000 -0.2809 0.9597
vn -0.1627 -0.2817 0.9456
vn -0.3309 -0.2838 0.9000
vn -0.5062 -0.2864 0.8135
vn 0.8135 -0.2864 -0.5062
vn 0.9000 -0.2838 -0.3309
vn 0.9456 -0.2817 -0.1627
vn 0.9597 -0.2809 -0.0000
vn 0.9456 -0.2817 0.1627
vn 0.9000 -0.2838 0.3309
vn 0.8135 -0.2864 0.5062
vn -0.5062 -0.2864 -0.8135
vn -0.3309 -0.2838 -0.9000
vn -0.1627 -0.2817 -0.9456
vn -0.0000 -0.2809 -0.9597
vn 0.1627 -0.2817 -0.9456
vn 0.3309 -0.2838 -0.9000
vn 0.5062 -0.2864 -0.8135
vn -0.8135 -0.2864 0.5062
vn -0.9000 -0.2838 0.3309
vn -0.9456 -0.2817 0.1627
vn -0.9597 -0.2809 -0.0000
vn -0.9456 -0.2817 -0.1627
vn -0.9000 -0.2838 -0.3309
vn -0.8135 -0.2864 -0.5062
vn -0.8368 -0.1694 0.5206
vn -0.8480 -0.0536 0.5274
vn -0.8473 0.0651 0.5271
vn -0.8326 0.1925 0.5194
vn -0.8008 0.3256 0.5027
vn -0.7500 0.4586 0.4766
vn -0.6776 0.5882 0.4414
vn -0.9253 -0.1675 0.3401
vn -0.9374 -0.0525 0.3443
vn -0.9366 0.0650 0.3442
vn -0.9208 0.1910 0.3402
vn -0.8854 0.3260 0.3315
vn -0.8252 0.4669 0.3177
vn -0.7326 0.6105 0.3012
vn -0.9719 -0.1659 0.1671
vn -0.9843 -0.0515 0.1691
vn -0.9835 0.0649 0.1691
vn -0.9674 0.1897 0.1677
vn -0.9309 0.3259 0.1648
vn -0.8666 0.4726 0.1604
vn -0.7659 0.6239 0.1553
vn -0.9862 -0.1653 -0.0000
vn -0.9987 -0.0511 -0.0000
vn -0.9979 0.0649 -0.0000
vn -0.9819 0.1892 -0.0000
vn -0.9454 0.3259 -0.0000
vn -0.8802 0.4746 -0.0000
vn -0.7777 0.6287 -0.0000
vn -0.9719 -0.1659 -0.1671
vn -0.9843 -0.0515 -0.1691
vn -0.9835 0.0649 -0.1691
vn -0.9674 0.1897 -0.1677
vn -0.9309 0.3259 -0.1648
vn -0.8666 0.4726 -0.1604
vn -0.7659 0.6239 -0.1553
vn -0.9253 -0.1675 -0.3401
vn -0.9374 -0.0525 -0.3443
vn -0.9366 0.0650 -0.3442
vn -0.9208 0.1910 -0.3402
vn -0.8854 0.3260 -0.3315
vn -0.8252 0.4669 -0.3177
vn -0.7326 0.6105 -0.3012
vn -0.8368 -0.1694 -0.5206
vn -0.8480 -0.0536 -0.5274
vn -0.8473 0.0651 -0.5271
vn -0.8326 0.1925 -0.5194
vn -0.8008 0.3256 -0.5027
vn -0.7500 0.4586 -0.4766
vn -0.6776 0.5882 -0.4414
vn -0.5206 -0.1694 -0.8368
vn -0.5274 -0.0536 -0.8480
vn -0.5271 0.0651 -0.8473
vn -0.5194 0.1925 -0.8326
vn -0.5027 0.3256 -0.8008
vn -0.4766 0.4586 -0.7500
vn -0.4414 0.5882 -0.6776
vn -0.3401 -0.1675 -0.9253
vn -0.3443 -0.0525 -0.9374
vn -0.3442 0.0650 -0.9366
vn -0.3402 0.1910 -0.9208
vn -0.3315 0.3260 -0.8854
vn -0.3177 0.4669 -0.8252
vn -0.3012 0.6105 -0.7326
vn -0.1671 -0.1659 -0.9719
vn -0.1691 -0.0515 -0.9843
vn -0.1691 0.0649 -0.9835
vn -0.1677 0.1897 -0.9674
vn -0.1648 0.3259 -0.9309
vn -0.1604 0.4726 -0.8666
vn -0.1553 0.6239 -0.7659
vn -0.0000 -0.1653 -0.9862
vn -0.0000 -0.0511 -0.9987
vn -0.0000 0.0649 -0.9979
vn -0.0000 0.1892 -0.9819
vn -0.0000 0.3259 -0.9454
vn -0.0000 0.4746 -0.8802
vn -0.0000 0.6287 -0.7777
vn 0.1671 -0.1659 -0.9719
vn 0.1691 -0.0515 -0.9843
vn 0.1691 0.0649 -0.9835
vn 0.1677 0.1897 -0.9674
vn 0.1648 0.3259 -0.9309
vn 0.1604 0.4726 -0.8666
vn 0.1553 0.6239 -0.7659
vn 0.3401 -0.1675 -0.9253
vn 0.3443 -0.0525 -0.9374
vn 0.3442 0.0650 -0.9366
vn 0.3402 0.1910 -0.9208
vn 0.3315 0.3260 -0.8854
vn 0.3177 0.4669 -0.8252
vn 0.3012 0.6105 -0.7326
vn 0.5206 -0.1694 -0.8368
vn 0.5274 -0.0536 -0.8480
vn 0.5271 0.0651 -0.8473
vn 0.5194 0.1925 -0.8326
vn 0.5027 0.3256 -0.8008
vn 0.4766 0.4586 -0.7500
vn 0.4414 0.5882 -0.6776
vn 0.8368 -0.1694 -0.5206
vn 0.8480 -0.0536 -0.5274
vn 0.8473 0.0651 -0.5271
vn 0.8326 0.1925 -0.5194
vn 0.8008 0.3256 -0.5027
vn 0.7500 0.4586 -0.4766
vn 0.6776 0.5882 -0.4414
vn 0.9253 -0.1675 -0.3401
vn 0.9374 -0.0525 -0.3443
vn 0.9366 0.0650 -0.3442
vn 0.9208 0.1910 -0.3402
vn 0.8854 0.3260 -0.3315
vn 0.8252 0.4669 -0.3177
vn 0.7326 0.6105 -0.3012
vn 0.9719 -0.1659 -0.1671
vn 0.9843 -0.0515 -0.1691
vn 0.9835 0.0649 -0.1691
vn 0.9674 0.1897 -0.1677
vn 0.9309 0.3259 -0.1648
vn 0.8666 0.4726 -0.1604
vn 0.7659 0.6239 -0.1553
vn 0.9862 -0.1653 -0.0000
vn 0.9987 -0.0511 -0.0000
vn 0.9979 0.0649 -0.0000
vn 0.9819 0.1892 -0.0000
vn 0.9454 0.3259 -0.0000
vn 0.8802 0.4746 -0.0000
vn 0.7777 0.6287 -0.0000
vn 0.9719 -0.1659 0.1671
vn 0.9843 -0.0515 0.1691
vn 0.9835 0.0649 0.1691
vn 0.9674 0.1897 0.1677
vn 0.9309 0.3259 0.1648
vn 0.8666 0.4726 0.1604
vn 0.7659 0.6239 0.1553
vn 0.9253 -0.1675 0.3401
vn 0.9374 -0.0525 0.3443
vn 0.9366 0.0650 0.3442
vn 0.9208 0.1910 0.3402
vn 0.8854 0.3260 0.3315
vn 0.8252 0.4669 0.3177
vn 0.7326 0.6105 0.3012
vn 0.8368 -0.1694 0.5206
vn 0.8480 -0.0536 0.5274
vn 0.8473 0.0651 0.5271
vn 0.8326 0.1925 0.5194
vn 0.8008 0.3256 0.5027
vn 0.7500 0.4586 0.4766
vn 0.6776 0.5882 0.4414
vn 0.5206 -0.1694 0.8368
vn 0.5274 -0.0536 0.8480
vn 0.5271 0.0651 0.8473
vn 0.5194 0.1925 0.8326
vn 0.5027 0.3256 0.8008
vn 0.4766 0.4586 0.7500
vn 0.4414 0.5882 0.6776
vn 0.3401 -0.1675 0.9253
vn 0.3443 -0.0525 0.9374
vn 0.3442 0.0650 0.9366
vn 0.3402 0.1910 0.9208
vn 0.3315 0.3260 0.8854
vn 0.3177 0.4669 0.8252
vn 0.3012 0.6105 0.7326
vn 0.1671 -0.1659 0.9719
vn 0.1691 -0.0515 0.9843
vn 0.1691 0.0649 0.9835
vn 0.1677 0.1897 0.9674
vn 0.1648 0.3259 0.9309
vn 0.1604 0.4726 0.8666
vn 0.1553 0.6239 0.7659
vn -0.0000 -0.1653 0.9862
vn -0.0000 -0.0511 0.9987
vn -0.0000 0.0649 0.9979
vn -0.0000 0.1892 0.9819
vn -0.0000 0.3259 0.9454
vn -0.0000 0.4746 0.8802
vn -0.0000 0.6287 0.7777
vn -0.1671 -0.1659 0.9719
vn -0.1691 -0.0515 0.9843
vn -0.1691 0.0649 0.9835
vn -0.1677 0.1897 0.9674
vn -0.1648 0.3259 0.9309
vn -0.1604 0.4726 0.8666
vn -0.1553 0.6239 0.7659
vn -0.3401 -0.1675 0.9253
vn -0.3443 -0.0525 0.9374
vn -0.3442 0.0650 0.9366
vn -0.3402 0.1910 0.9208
vn -0.3315 0.3260 0.8854
vn -0.3177 0.4669 0.8252
vn -0.3012 0.6105 0.7326
vn -0.5206 -0.1694 0.8368
vn -0.5274 -0.0536 0.8480
vn -0.5271 0.0651 0.8473
vn -0.5194 0.1925 0.8326
vn -0.5027 0.3256 0.8008
vn -0.4766 0.4586 0.7500
vn -0.4414 0.5882 0.6776
vn -0.4328 -0.7908 -0.4328
vn -0.3119 -0.8030 -0.5077
vn -0.1642 -0.8083 -0.5655
vn -0.0000 -0.8095 -0.5871
vn 0.1642 -0.8083 -0.5655
vn 0.3119 -0.8030 -0.5077
vn 0.4328 -0.7908 -0.4328
vn -0.5077 -0.8030 -0.3119
vn -0.3865 -0.8374 -0.3865
vn -0.2134 -0.8663 -0.4516
vn -0.0000 -0.8784 -0.4780
vn 0.2134 -0.8663 -0.4516
vn 0.3865 -0.8374 -0.3865
vn 0.5077 -0.8030 -0.3119
vn -0.5655 -0.8083 -0.1642
vn -0.4516 -0.8663 -0.2134
vn -0.2604 -0.9297 -0.2604
vn -0.0000 -0.9599 -0.2802
vn 0.2604 -0.9297 -0.2604
vn 0.4516 -0.8663 -0.2134
vn 0.5655 -0.8083 -0.1642
vn -0.5871 -0.8095 -0.0000
vn -0.4780 -0.8784 -0.0000
vn -0.2802 -0.9599 -0.0000
vn -0.0000 -1.0000 -0.0000
vn 0.2802 -0.9599 -0.0000
vn 0.4780 -0.8784 -0.0000
vn 0.5871 -0.8095 -0.0000
vn -0.5655 -0.8083 0.1642
vn -0.4516 -0.8663 0.2134
vn -0.2604 -0.9297 0.2604
vn -0.0000 -0.9599 0.2802
vn 0.2604 -0.9297 0.2604
vn 0.4516 -0.8663 0.2134
vn 0.5655 -0.8083 0.1642
vn -0.5077 -0.8030 0.3119
vn -0.3865 -0.8374 0.3865
vn -0.2134 -0.8663 0.4516
vn -0.0000 -0.8784 0.4780
vn 0.2134 -0.8663 0.4516
vn 0.3865 -0.8374 0.3865
vn 0.5077 -0.8030 0.3119
vn -0.4328 -0.7908 0.4328
vn -0.3119 -0.8030 0.5077
vn -0.1642 -0.8083 0.5655
vn -0.0000 -0.8095 0.5871
vn 0.1642 -0.8083 0.5655
vn 0.3119 -0.8030 0.5077
vn 0.4328 -0.7908 0.4328
vn 0.4283 0.7957 -0.4283
vn 0.2926 0.8429 -0.4516
vn 0.1512 0.8716 -0.4664
vn -0.0000 0.8817 -0.4718
vn -0.1512 0.8716 -0.4664
vn -0.2926 0.8429 -0.4516
vn -0.4283 0.7957 -0.4283
vn 0.4516 0.8429 -0.2926
vn 0.3007 0.9051 -0.3007
vn 0.1519 0.9396 -0.3068
vn -0.0000 0.9511 -0.3089
vn -0.1519 0.9396 -0.3068
vn -0.3007 0.9051 -0.3007
vn -0.4516 0.8429 -0.2926
vn 0.4664 0.8716 -0.1512
vn 0.3068 0.9396 -0.1519
vn 0.1525 0.9765 -0.1525
vn -0.0000 0.9883 -0.1526
vn -0.1525 0.9765 -0.1525
vn -0.3068 0.9396 -0.1519
vn -0.4664 0.8716 -0.1512
vn 0.4718 0.8817 -0.0000
vn 0.3089 0.9511 -0.0000
vn 0.1526 0.9883 -0.0000
vn -0.0000 1.0000 -0.0000
vn -0.1526 0.9883 -0.0000
vn -0.3089 0.9511 -0.0000
vn -0.4718 0.8817 -0.0000
vn 0.4664 0.8716 0.1512
vn 0.3068 0.9396 0.1519
vn 0.1525 0.9765 0.1525
vn -0.0000 0.9883 0.1526
vn -0.1525 0.9765 0.1525
vn -0.3068 0.9396 0.1519
vn -0.4664 0.8716 0.1512
vn 0.4516 0.8429 0.2926
vn 0.3007 0.9051 0.3007
vn 0.1519 0.9396 0.3068
vn -0.0000 0.9511 0.3089
vn -0.1519 0.9396 0.3068
vn -0.3007 0.9051 0.3007
vn -0.4516 0.8429 0.2926
vn 0.4283 0.7957 0.4283
vn 0.2926 0.8429 0.4516
vn 0.1512 0.8716 0.4664
vn -0.0000 0.8817 0.4718
vn -0.1512 0.8716 0.4664
vn -0.2926 0.8429 0.4516
vn -0.4283 0.7957 0.4283
vn 0.3548 -0.7347 0.5782
vn 0.3699 -0.6983 0.6128
vn 0.3912 -0.6572 0.6443
vn 0.4140 -0.6106 0.6751
vn 0.4374 -0.5546 0.7079
vn 0.4613 -0.4842 0.7435
vn 0.4851 -0.3950 0.7802
vn 0.2334 -0.7375 0.6337
vn 0.2361 -0.7003 0.6736
vn 0.2500 -0.6586 0.7098
vn 0.2669 -0.6108 0.7455
vn 0.2842 -0.5534 0.7829
vn 0.3011 -0.4818 0.8229
vn 0.3171 -0.3922 0.8635
vn 0.1160 -0.7371 0.6658
vn 0.1149 -0.7017 0.7032
vn 0.1210 -0.6602 0.7413
vn 0.1298 -0.6115 0.7805
vn 0.1390 -0.5529 0.8216
vn 0.1478 -0.4802 0.8646
vn 0.1559 -0.3900 0.9075
vn -0.0000 -0.7367 0.6762
vn -0.0000 -0.7022 0.7120
vn -0.0000 -0.6609 0.7505
vn -0.0000 -0.6119 0.7909
vn -0.0000 -0.5528 0.8333
vn -0.0000 -0.4797 0.8774
vn -0.0000 -0.3892 0.9212
vn -0.1160 -0.7371 0.6658
vn -0.1149 -0.7017 0.7032
vn -0.1210 -0.6602 0.7413
vn -0.1298 -0.6115 0.7805
vn -0.1390 -0.5529 0.8216
vn -0.1478 -0.4802 0.8646
vn -0.1559 -0.3900 0.9075
vn -0.2334 -0.7375 0.6337
vn -0.2361 -0.7003 0.6736
vn -0.2500 -0.6586 0.7098
vn -0.2669 -0.6108 0.7455
vn -0.2842 -0.5534 0.7829
vn -0.3011 -0.4818 0.8229
vn -0.3171 -0.3922 0.8635
vn -0.3548 -0.7347 0.5782
vn -0.3699 -0.6983 0.6128
vn -0.3912 -0.6572 0.6443
vn -0.4140 -0.6106 0.6751
vn -0.4374 -0.5546 0.7079
vn -0.4613 -0.4842 0.7435
vn -0.4851 -0.3950 0.7802
vn 0.5782 -0.7347 -0.3548
vn 0.6128 -0.6983 -0.3699
vn 0.6443 -0.6572 -0.3912
vn 0.6751 -0.6106 -0.4140
vn 0.7079 -0.5546 -0.4374
vn 0.7435 -0.4842 -0.4613
vn 0.7802 -0.3950 -0.4851
vn 0.6337 -0.7375 -0.2334
vn 0.6736 -0.7003 -0.2361
vn 0.7098 -0.6586 -0.2500
vn 0.7455 -0.6108 -0.2669
vn 0.7829 -0.5534 -0.2842
vn 0.8229 -0.4818 -0.3011
vn 0.8635 -0.3922 -0.3171
vn 0.6658 -0.7371 -0.1160
vn 0.7032 -0.7017 -0.1149
vn 0.7413 -0.6602 -0.1210
vn 0.7805 -0.6115 -0.1298
vn 0.8216 -0.5529 -0.1390
vn 0.8646 -0.4802 -0.1478
vn 0.9075 -0.3900 -0.1559
vn 0.6762 -0.7367 -0.0000
vn 0.7120 -0.7022 -0.0000
vn 0.7505 -0.6609 -0.0000
vn 0.7909 -0.6119 -0.0000
vn 0.8333 -0.5528 -0.0000
vn 0.8774 -0.4797 -0.0000
vn 0.9212 -0.3892 -0.0000
vn 0.6658 -0.7371 0.1160
vn 0.7032 -0.7017 0.1149
vn 0.7413 -0.6602 0.1210
vn 0.7805 -0.6115 0.1298
vn 0.8216 -0.5529 0.1390
vn 0.8646 -0.4802 0.1478
vn 0.9075 -0.3900 0.1559
vn 0.6337 -0.7375 0.2334
vn 0.6736 -0.7003 0.2361
vn 0.7098 -0.6586 0.2500
vn 0.7455 -0.6108 0.2669
vn 0.7829 -0.5534 0.2842
vn 0.8229 -0.4818 0.3011
vn 0.8635 -0.3922 0.3171
vn 0.5782 -0.7347 0.3548
vn 0.6128 -0.6983 0.3699
vn 0.6443 -0.6572 0.3912
vn 0.6751 -0.6106 0.4140
vn 0.7079 -0.5546 0.4374
vn 0.7435 -0.4842 0.4613
vn 0.7802 -0.3950 0.4851
vn -0.3548 -0.7347 -0.5782
vn -0.3699 -0.6983 -0.6128
vn -0.3912 -0.6572 -0.6443
vn -0.4140 -0.6106 -0.6751
vn -0.4374 -0.5546 -0.7079
vn -0.4613 -0.4842 -0.7435
vn -0.4851 -0.3950 -0.7802
vn -0.2334 -0.7375 -0.6337
vn -0.2361 -0.7003 -0.6736
vn -0.2500 -0.6586 -0.7098
vn -0.2669 -0.6108 -0.7455
vn -0.2842 -0.5534 -0.7829
vn -0.3011 -0.4818 -0.8229
vn -0.3171 -0.3922 -0.8635
vn -0.1160 -0.7371 -0.6658
vn -0.1149 -0.7017 -0.7032
vn -0.1210 -0.6602 -0.7413
vn -0.1298 -0.6115 -0.7805
vn -0.1390 -0.5529 -0.8216
vn -0.1478 -0.4802 -0.8646
vn -0.1559 -0.3900 -0.9075
vn -0.0000 -0.7367 -0.6762
vn -0.0000 -0.7022 -0.7120
vn -0.0000 -0.6609 -0.7505
vn -0.0000 -0.6119 -0.7909
vn -0.0000 -0.5528 -0.8333
vn -0.0000 -0.4797 -0.8774
vn -0.0000 -0.3892 -0.9212
vn 0.1160 -0.7371 -0.6658
vn 0.1149 -0.7017 -0.7032
vn 0.1210 -0.6602 -0.7413
vn 0.1298 -0.6115 -0.7805
vn 0.1390 -0.5529 -0.8216
vn 0.1478 -0.4802 -0.8646
vn 0.1559 -0.3900 -0.9075
vn 0.2334 -0.7375 -0.6337
vn 0.2361 -0.7003 -0.6736
vn 0.2500 -0.6586 -0.7098
vn 0.2669 -0.6108 -0.7455
vn 0.2842 -0.5534 -0.7829
vn 0.3011 -0.4818 -0.8229
vn 0.3171 -0.3922 -0.8635
vn 0.3548 -0.7347 -0.5782
vn 0.3699 -0.6983 -0.6128
vn 0.3911 -0.6572 -0.6443
vn 0.4140 -0.6106 -0.6751
vn 0.4374 -0.5546 -0.7079
vn 0.4613 -0.4842 -0.7435
vn 0.4851 -0.3950 -0.7802
vn -0.5782 -0.7347 0.3548
vn -0.6128 -0.6983 0.3699
vn -0.6443 -0.6572 0.3911
vn -0.6751 -0.6106 0.4140
vn -0.7079 -0.5546 0.4374
vn -0.7435 -0.4842 0.4613
vn -0.7802 -0.3950 0.4851
vn -0.6337 -0.7375 0.2334
vn -0.6736 -0.7003 0.2361
vn -0.7098 -0.6586 0.2500
vn -0.7455 -0.6108 0.2669
vn -0.7829 -0.5534 0.2842
vn -0.8229 -0.4818 0.3011
vn -0.8635 -0.3922 0.3171
vn -0.6658 -0.7371 0.1160
vn -0.7032 -0.7017 0.1149
vn -0.7413 -0.6602 0.1210
vn -0.7805 -0.6115 0.1298
vn -0.8216 -0.5529 0.1390
vn -0.8646 -0.4802 0.1478
vn -0.9075 -0.3900 0.1559
vn -0.6762 -0.7367 -0.0000
vn -0.7120 -0.7022 -0.0000
vn -0.7505 -0.6609 -0.0000
vn -0.7909 -0.6119 -0.0000
vn -0.8333 -0.5528 -0.0000
vn -0.8774 -0.4797 -0.0000
vn -0.9212 -0.3892 -0.0000
vn -0.6658 -0.7371 -0.1160
vn -0.7032 -0.7017 -0.1149
vn -0.7413 -0.6602 -0.1210
vn -0.7805 -0.6115 -0.1298
vn -0.8216 -0.5529 -0.1390
vn -0.8646 -0.4802 -0.1478
vn -0.9075 -0.3900 -0.1559
vn -0.6337 -0.7375 -0.2334
vn -0.6736 -0.7003 -0.2361
vn -0.7098 -0.6586 -0.2500
vn -0.7455 -0.6108 -0.2669
vn -0.7829 -0.5534 -0.2842
vn -0.8229 -0.4818 -0.3011
vn -0.8635 -0.3922 -0.3171
vn -0.5782 -0.7347 -0.3548
vn -0.6128 -0.6983 -0.3699
vn -0.6443 -0.6572 -0.3912
vn -0.6751 -0.6106 -0.4140
vn -0.7079 -0.5546 -0.4374
vn -0.7435 -0.4842 -0.4613
vn -0.7802 -0.3950 -0.4851
vt 0.482337 0.031250
vt 0.501683 0.031250
vt 0.503145 0.062500
vt 0.484768 0.062500
vt 0.521724 0.031250
vt 0.522523 0.062500
vt 0.542118 0.031250
vt 0.542520 0.062500
vt 0.562698 0.031250
vt 0.562867 0.062500
vt 0.583398 0.031250
vt 0.583448 0.062500
vt 0.604179 0.031250
vt 0.604185 0.062500
vt 0.504271 0.093750
vt 0.486409 0.093750
vt 0.523196 0.093750
vt 0.542868 0.093750
vt 0.563014 0.093750
vt 0.583492 0.093750
vt 0.604191 0.093750
vt 0.505056 0.125000
vt 0.487439 0.125000
vt 0.523702 0.125000
vt 0.543134 0.125000
vt 0.563127 0.125000
vt 0.583525 0.125000
vt 0.604195 0.125000
vt 0.505536 0.156250
vt 0.488053 0.156250
vt 0.524018 0.156250
vt 0.543301 0.156250
vt 0.563197 0.156250
vt 0.583546 0.156250
vt 0.604198 0.156250
vt 0.505783 0.187500
vt 0.488368 0.187500
vt 0.524180 0.187500
vt 0.543387 0.187500
vt 0.563233 0.187500
vt 0.583557 0.187500
vt 0.604199 0.187500
vt 0.505874 0.218750
vt 0.488484 0.218750
vt 0.524240 0.218750
vt 0.543419 0.218750
vt 0.563247 0.218750
vt 0.583561 0.218750
vt 0.604199 0.218750
vt 0.458378 0.000000
vt 0.479206 0.000000
vt 0.464936 0.031250
vt 0.500034 0.000000
vt 0.520861 0.000000
vt 0.541689 0.000000
vt 0.562517 0.000000
vt 0.583345 0.000000
vt 0.604172 0.000000
vt 0.625000 0.000000
vt 0.625000 0.031250
vt 0.625000 0.062500
vt 0.625000 0.093750
vt 0.625000 0.125000
vt 0.625000 0.156250
vt 0.625000 0.187500
vt 0.625000 0.218750
vt 0.625000 0.250000
vt 0.604199 0.250000
vt 0.583561 0.250000
vt 0.563248 0.250000
vt 0.543423 0.250000
vt 0.524248 0.250000
vt 0.505887 0.250000
vt 0.488500 0.250000
vt 0.472234 0.218750
vt 0.472252 0.250000
vt 0.472107 0.187500
vt 0.471764 0.156250
vt 0.471096 0.125000
vt 0.469958 0.093750
vt 0.468061 0.062500
vt 0.488500 0.281250
vt 0.505887 0.281250
vt 0.505887 0.312500
vt 0.488500 0.312500
vt 0.524248 0.281250
vt 0.524248 0.312500
vt 0.543423 0.281250
vt 0.543423 0.312500
vt 0.563248 0.281250
vt 0.563248 0.312500
vt 0.583561 0.281250
vt 0.583561 0.312500
vt 0.604199 0.281250
vt 0.604199 0.312500
vt 0.505887 0.343750
vt 0.488500 0.343750
vt 0.524248 0.343750
vt 0.543423 0.343750
vt 0.563248 0.343750
vt 0.583561 0.343750
vt 0.604199 0.343750
vt 0.505887 0.375000
vt 0.488500 0.375000
vt 0.524248 0.375000
vt 0.543423 0.375000
vt 0.563248 0.375000
vt 0.583561 0.375000
vt 0.604199 0.375000
vt 0.505887 0.406250
vt 0.488500 0.406250
vt 0.524250 0.406250
vt 0.543428 0.406250
vt 0.563257 0.406250
vt 0.583571 0.406250
vt 0.604206 0.406250
vt 0.505891 0.437500
vt 0.488501 0.437500
vt 0.524264 0.437500
vt 0.543460 0.437500
vt 0.563313 0.437500
vt 0.583638 0.437500
vt 0.604250 0.437500
vt 0.505902 0.468750
vt 0.488502 0.468750
vt 0.524300 0.468750
vt 0.543545 0.468750
vt 0.563472 0.468750
vt 0.583853 0.468750
vt 0.604436 0.468750
vt 0.472252 0.281250
vt 0.625000 0.281250
vt 0.625000 0.312500
vt 0.625000 0.343750
vt 0.625000 0.375000
vt 0.625000 0.406250
vt 0.625000 0.437500
vt 0.625000 0.468750
vt 0.625000 0.500000
vt 0.605318 0.500000
vt 0.584430 0.500000
vt 0.563800 0.500000
vt 0.543713 0.500000
vt 0.524371 0.500000
vt 0.505923 0.500000
vt 0.488505 0.500000
vt 0.472252 0.468750
vt 0.472252 0.500000
vt 0.472252 0.437500
vt 0.472252 0.406250
vt 0.472252 0.375000
vt 0.472252 0.343750
vt 0.472252 0.312500
vt 0.488509 0.531250
vt 0.505955 0.531250
vt 0.505991 0.562500
vt 0.488513 0.562500
vt 0.524479 0.531250
vt 0.524600 0.562500
vt 0.543971 0.531250
vt 0.544256 0.562500
vt 0.564328 0.531250
vt 0.564909 0.562500
vt 0.585491 0.531250
vt 0.586651 0.562500
vt 0.607561 0.531250
vt 0.609690 0.562500
vt 0.506019 0.593750
vt 0.488517 0.593750
vt 0.524697 0.593750
vt 0.544486 0.593750
vt 0.565364 0.593750
vt 0.587465 0.593750
vt 0.610972 0.593750
vt 0.506031 0.625000
vt 0.488518 0.625000
vt 0.524737 0.625000
vt 0.544581 0.625000
vt 0.565546 0.625000
vt 0.587759 0.625000
vt 0.611383 0.625000
vt 0.506019 0.656250
vt 0.488517 0.656250
vt 0.524697 0.656250
vt 0.544486 0.656250
vt 0.565364 0.656250
vt 0.587465 0.656250
vt 0.610972 0.656250
vt 0.505991 0.687500
vt 0.488513 0.687500
vt 0.524600 0.687500
vt 0.544256 0.687500
vt 0.564909 0.687500
vt 0.586651 0.687500
vt 0.609690 0.687500
vt 0.505955 0.718750
vt 0.488509 0.718750
vt 0.524479 0.718750
vt 0.543971 0.718750
vt 0.564328 0.718750
vt 0.585491 0.718750
vt 0.607561 0.718750
vt 0.472252 0.531250
vt 0.631616 0.531250
vt 0.634572 0.562500
vt 0.636112 0.593750
vt 0.636580 0.625000
vt 0.636112 0.656250
vt 0.634572 0.687500
vt 0.631616 0.718750
vt 0.625000 0.750000
vt 0.605318 0.750000
vt 0.584430 0.750000
vt 0.563800 0.750000
vt 0.543713 0.750000
vt 0.524371 0.750000
vt 0.505923 0.750000
vt 0.488505 0.750000
vt 0.472252 0.718750
vt 0.472252 0.750000
vt 0.472252 0.687500
vt 0.472252 0.656250
vt 0.472252 0.625000
vt 0.472252 0.593750
vt 0.472252 0.562500
vt 0.488486 0.781250
vt 0.505889 0.781250
vt 0.505787 0.812500
vt 0.488368 0.812500
vt 0.524292 0.781250
vt 0.524195 0.812500
vt 0.543541 0.781250
vt 0.543423 0.812500
vt 0.563470 0.781250
vt 0.563298 0.812500
vt 0.583852 0.781250
vt 0.583634 0.812500
vt 0.604436 0.781250
vt 0.604249 0.812500
vt 0.505537 0.843750
vt 0.488053 0.843750
vt 0.524020 0.843750
vt 0.543306 0.843750
vt 0.563205 0.843750
vt 0.583556 0.843750
vt 0.604204 0.843750
vt 0.505056 0.875000
vt 0.487439 0.875000
vt 0.523702 0.875000
vt 0.543134 0.875000
vt 0.563127 0.875000
vt 0.583525 0.875000
vt 0.604195 0.875000
vt 0.504272 0.906250
vt 0.486409 0.906250
vt 0.523196 0.906250
vt 0.542868 0.906250
vt 0.563014 0.906250
vt 0.583492 0.906250
vt 0.604191 0.906250
vt 0.503145 0.937500
vt 0.484768 0.937500
vt 0.522523 0.937500
vt 0.542520 0.937500
vt 0.562867 0.937500
vt 0.583448 0.937500
vt 0.604185 0.937500
vt 0.501683 0.968750
vt 0.482337 0.968750
vt 0.521724 0.968750
vt 0.542118 0.968750
vt 0.562698 0.968750
vt 0.583398 0.968750
vt 0.604179 0.968750
vt 0.472234 0.781250
vt 0.625000 0.781250
vt 0.625000 0.812500
vt 0.625000 0.843750
vt 0.625000 0.875000
vt 0.625000 0.906250
vt 0.625000 0.937500
vt 0.625000 0.968750
vt 0.625000 1.000000
vt 0.604172 1.000000
vt 0.583345 1.000000
vt 0.562517 1.000000
vt 0.541689 1.000000
vt 0.520861 1.000000
vt 0.500034 1.000000
vt 0.479206 1.000000
vt 0.464936 0.968750
vt 0.458378 1.000000
vt 0.468061 0.937500
vt 0.469958 0.906250
vt 0.471096 0.875000
vt 0.471764 0.843750
vt 0.472107 0.812500
vt 0.156237 0.531250
vt 0.187394 0.531250
vt 0.187301 0.562500
vt 0.156225 0.562500
vt 0.218392 0.531250
vt 0.218079 0.562500
vt 0.249150 0.531250
vt 0.248409 0.562500
vt 0.279539 0.531250
vt 0.278061 0.562500
vt 0.309225 0.531250
vt 0.306479 0.562500
vt 0.337506 0.531250
vt 0.332877 0.562500
vt 0.187236 0.593750
vt 0.156217 0.593750
vt 0.217858 0.593750
vt 0.247885 0.593750
vt 0.277038 0.593750
vt 0.304719 0.593750
vt 0.330228 0.593750
vt 0.187211 0.625000
vt 0.156214 0.625000
vt 0.217774 0.625000
vt 0.247686 0.625000
vt 0.276658 0.625000
vt 0.304111 0.625000
vt 0.329395 0.625000
vt 0.187236 0.656250
vt 0.156217 0.656250
vt 0.217858 0.656250
vt 0.247885 0.656250
vt 0.277038 0.656250
vt 0.304719 0.656250
vt 0.330228 0.656250
vt 0.187301 0.687500
vt 0.156225 0.687500
vt 0.218079 0.687500
vt 0.248409 0.687500
vt 0.278061 0.687500
vt 0.306479 0.687500
vt 0.332877 0.687500
vt 0.187394 0.718750
vt 0.156237 0.718750
vt 0.218392 0.718750
vt 0.249150 0.718750
vt 0.279539 0.718750
vt 0.309225 0.718750
vt 0.337506 0.718750
vt 0.125000 0.500000
vt 0.156250 0.500000
vt 0.125000 0.531250
vt 0.187500 0.500000
vt 0.218750 0.500000
vt 0.250000 0.500000
vt 0.281250 0.500000
vt 0.312500 0.500000
vt 0.343750 0.500000
vt 0.375000 0.500000
vt 0.361779 0.531250
vt 0.355872 0.562500
vt 0.352794 0.593750
vt 0.351858 0.625000
vt 0.352794 0.656250
vt 0.355872 0.687500
vt 0.361779 0.718750
vt 0.375000 0.750000
vt 0.343750 0.750000
vt 0.312500 0.750000
vt 0.281250 0.750000
vt 0.250000 0.750000
vt 0.218750 0.750000
vt 0.187500 0.750000
vt 0.156250 0.750000
vt 0.125000 0.718750
vt 0.125000 0.750000
vt 0.125000 0.687500
vt 0.125000 0.656250
vt 0.125000 0.625000
vt 0.125000 0.593750
vt 0.125000 0.562500
vt 0.659375 0.531250
vt 0.689139 0.531250
vt 0.690513 0.562500
vt 0.661691 0.562500
vt 0.719606 0.531250
vt 0.720346 0.562500
vt 0.750425 0.531250
vt 0.750796 0.562500
vt 0.781429 0.531250
vt 0.781586 0.562500
vt 0.812553 0.531250
vt 0.812600 0.562500
vt 0.843757 0.531250
vt 0.843763 0.562500
vt 0.691394 0.593750
vt 0.663016 0.593750
vt 0.720858 0.593750
vt 0.751059 0.593750
vt 0.781697 0.593750
vt 0.812632 0.593750
vt 0.843767 0.593750
vt 0.691698 0.625000
vt 0.663433 0.625000
vt 0.721048 0.625000
vt 0.751158 0.625000
vt 0.781739 0.625000
vt 0.812645 0.625000
vt 0.843768 0.625000
vt 0.691394 0.656250
vt 0.663016 0.656250
vt 0.720858 0.656250
vt 0.751059 0.656250
vt 0.781697 0.656250
vt 0.812632 0.656250
vt 0.843767 0.656250
vt 0.690513 0.687500
vt 0.661691 0.687500
vt 0.720346 0.687500
vt 0.750796 0.687500
vt 0.781586 0.687500
vt 0.812600 0.687500
vt 0.843762 0.687500
vt 0.689139 0.718750
vt 0.659375 0.718750
vt 0.719606 0.718750
vt 0.750425 0.718750
vt 0.781429 0.718750
vt 0.812553 0.718750
vt 0.843757 0.718750
vt 0.656250 0.500000
vt 0.687500 0.500000
vt 0.718750 0.500000
vt 0.750000 0.500000
vt 0.781250 0.500000
vt 0.812500 0.500000
vt 0.843750 0.500000
vt 0.875000 0.500000
vt 0.875000 0.531250
vt 0.875000 0.562500
vt 0.875000 0.593750
vt 0.875000 0.625000
vt 0.875000 0.656250
vt 0.875000 0.687500
vt 0.875000 0.718750
vt 0.875000 0.750000
vt 0.843750 0.750000
vt 0.812500 0.750000
vt 0.781250 0.750000
vt 0.750000 0.750000
vt 0.718750 0.750000
vt 0.687500 0.750000
vt 0.656250 0.750000
vt 0.384975 0.781250
vt 0.395479 0.781250
vt 0.395903 0.812500
vt 0.385348 0.812500
vt 0.406550 0.781250
vt 0.406853 0.812500
vt 0.418175 0.781250
vt 0.418315 0.812500
vt 0.430387 0.781250
vt 0.430400 0.812500
vt 0.443343 0.781250
vt 0.443274 0.812500
vt 0.457230 0.781250
vt 0.457116 0.812500
vt 0.396027 0.843750
vt 0.385435 0.843750
vt 0.406931 0.843750
vt 0.418292 0.843750
vt 0.430264 0.843750
vt 0.443035 0.843750
vt 0.456802 0.843750
vt 0.396025 0.875000
vt 0.385445 0.875000
vt 0.406876 0.875000
vt 0.418134 0.875000
vt 0.429952 0.875000
vt 0.442556 0.875000
vt 0.456189 0.875000
vt 0.395992 0.906250
vt 0.385441 0.906250
vt 0.406764 0.906250
vt 0.417868 0.906250
vt 0.429446 0.906250
vt 0.441771 0.906250
vt 0.455159 0.906250
vt 0.395948 0.937500
vt 0.385435 0.937500
vt 0.406617 0.937500
vt 0.417520 0.937500
vt 0.428773 0.937500
vt 0.440645 0.937500
vt 0.453518 0.937500
vt 0.395898 0.968750
vt 0.385429 0.968750
vt 0.406448 0.968750
vt 0.417118 0.968750
vt 0.427974 0.968750
vt 0.439183 0.968750
vt 0.451087 0.968750
vt 0.383214 0.750000
vt 0.375000 0.781250
vt 0.394326 0.750000
vt 0.405896 0.750000
vt 0.417845 0.750000
vt 0.430254 0.750000
vt 0.443314 0.750000
vt 0.457241 0.750000
vt 0.447956 1.000000
vt 0.437534 1.000000
vt 0.427111 1.000000
vt 0.416689 1.000000
vt 0.406267 1.000000
vt 0.395845 1.000000
vt 0.385422 1.000000
vt 0.375000 0.968750
vt 0.375000 1.000000
vt 0.375000 0.937500
vt 0.375000 0.906250
vt 0.375000 0.875000
vt 0.375000 0.843750
vt 0.375000 0.812500
vt 0.378732 0.531250
vt 0.392205 0.531250
vt 0.389887 0.562500
vt 0.374476 0.562500
vt 0.404841 0.531250
vt 0.403680 0.562500
vt 0.417329 0.531250
vt 0.416760 0.562500
vt 0.430037 0.531250
vt 0.429797 0.562500
vt 0.443250 0.531250
vt 0.443179 0.562500
vt 0.457233 0.531250
vt 0.457224 0.562500
vt 0.388261 0.593750
vt 0.371915 0.593750
vt 0.402771 0.593750
vt 0.416299 0.593750
vt 0.429602 0.593750
vt 0.443121 0.593750
vt 0.457217 0.593750
vt 0.387672 0.625000
vt 0.371094 0.625000
vt 0.402406 0.625000
vt 0.416109 0.625000
vt 0.429522 0.625000
vt 0.443097 0.625000
vt 0.457214 0.625000
vt 0.388261 0.656250
vt 0.371915 0.656250
vt 0.402770 0.656250
vt 0.416299 0.656250
vt 0.429602 0.656250
vt 0.443121 0.656250
vt 0.457217 0.656250
vt 0.389887 0.687500
vt 0.374476 0.687500
vt 0.403680 0.687500
vt 0.416760 0.687500
vt 0.429797 0.687500
vt 0.443179 0.687500
vt 0.457224 0.687500
vt 0.392205 0.718750
vt 0.378732 0.718750
vt 0.404841 0.718750
vt 0.417329 0.718750
vt 0.430037 0.718750
vt 0.443250 0.718750
vt 0.457233 0.718750
vt 0.383214 0.500000
vt 0.394326 0.500000
vt 0.405896 0.500000
vt 0.417845 0.500000
vt 0.430254 0.500000
vt 0.443314 0.500000
vt 0.457241 0.500000
vt 0.385449 0.281250
vt 0.396061 0.281250
vt 0.396061 0.312500
vt 0.385449 0.312500
vt 0.406998 0.281250
vt 0.406998 0.312500
vt 0.418423 0.281250
vt 0.418423 0.312500
vt 0.430499 0.281250
vt 0.430499 0.312500
vt 0.443387 0.281250
vt 0.443387 0.312500
vt 0.457250 0.281250
vt 0.457250 0.312500
vt 0.396061 0.343750
vt 0.385449 0.343750
vt 0.406998 0.343750
vt 0.418423 0.343750
vt 0.430498 0.343750
vt 0.443387 0.343750
vt 0.457250 0.343750
vt 0.396061 0.375000
vt 0.385449 0.375000
vt 0.406998 0.375000
vt 0.418423 0.375000
vt 0.430498 0.375000
vt 0.443387 0.375000
vt 0.457250 0.375000
vt 0.396042 0.406250
vt 0.385437 0.406250
vt 0.406982 0.406250
vt 0.418414 0.406250
vt 0.430495 0.406250
vt 0.443386 0.406250
vt 0.457250 0.406250
vt 0.395908 0.437500
vt 0.385349 0.437500
vt 0.406868 0.437500
vt 0.418351 0.437500
vt 0.430468 0.437500
vt 0.443378 0.437500
vt 0.457249 0.437500
vt 0.395479 0.468750
vt 0.384975 0.468750
vt 0.406552 0.468750
vt 0.418179 0.468750
vt 0.430396 0.468750
vt 0.443356 0.468750
vt 0.457246 0.468750
vt 0.375000 0.250000
vt 0.385449 0.250000
vt 0.375000 0.281250
vt 0.396061 0.250000
vt 0.406998 0.250000
vt 0.418423 0.250000
vt 0.430498 0.250000
vt 0.443387 0.250000
vt 0.457250 0.250000
vt 0.375000 0.468750
vt 0.375000 0.437500
vt 0.375000 0.406250
vt 0.375000 0.375000
vt 0.375000 0.343750
vt 0.375000 0.312500
vt 0.385429 0.031250
vt 0.395898 0.031250
vt 0.395948 0.062500
vt 0.385435 0.062500
vt 0.406448 0.031250
vt 0.406617 0.062500
vt 0.417118 0.031250
vt 0.417520 0.062500
vt 0.427974 0.031250
vt 0.428773 0.062500
vt 0.439183 0.031250
vt 0.440645 0.062500
vt 0.451087 0.031250
vt 0.453518 0.062500
vt 0.395992 0.093750
vt 0.385441 0.093750
vt 0.406764 0.093750
vt 0.417868 0.093750
vt 0.429446 0.093750
vt 0.441771 0.093750
vt 0.455159 0.093750
vt 0.396025 0.125000
vt 0.385445 0.125000
vt 0.406877 0.125000
vt 0.418134 0.125000
vt 0.429952 0.125000
vt 0.442556 0.125000
vt 0.456189 0.125000
vt 0.396046 0.156250
vt 0.385447 0.156250
vt 0.406947 0.156250
vt 0.418301 0.156250
vt 0.430268 0.156250
vt 0.443036 0.156250
vt 0.456802 0.156250
vt 0.396057 0.187500
vt 0.385449 0.187500
vt 0.406983 0.187500
vt 0.418387 0.187500
vt 0.430430 0.187500
vt 0.443283 0.187500
vt 0.457118 0.187500
vt 0.396061 0.218750
vt 0.385449 0.218750
vt 0.406997 0.218750
vt 0.418419 0.218750
vt 0.430490 0.218750
vt 0.443374 0.218750
vt 0.457234 0.218750
vt 0.375000 0.000000
vt 0.385422 0.000000
vt 0.375000 0.031250
vt 0.395845 0.000000
vt 0.406267 0.000000
vt 0.416689 0.000000
vt 0.427111 0.000000
vt 0.437534 0.000000
vt 0.447956 0.000000
vt 0.375000 0.218750
vt 0.375000 0.187500
vt 0.375000 0.156250
vt 0.375000 0.125000
vt 0.375000 0.093750
vt 0.375000 0.062500
s 1
usemtl red_baloon
f 1953/1919/1909 1954/1920/1910 1961/1921/1917 1960/1922/1916
f 1954/1920/1910 1955/1923/1911 1962/1924/1918 1961/1921/1917
f 1955/1923/1911 1956/1925/1912 1963/1926/1919 1962/1924/1918
f 1956/1925/1912 1957/1927/1913 1964/1928/1920 1963/1926/1919
f 1957/1927/1913 1958/1929/1914 1965/1930/1921 1964/1928/1920
f 1958/1929/1914 1959/1931/1915 1966/1932/1922 1965/1930/1921
f 1960/1922/1916 1961/1921/1917 1968/1933/1924 1967/1934/1923
f 1961/1921/1917 1962/1924/1918 1969/1935/1925 1968/1933/1924
f 1962/1924/1918 1963/1926/1919 1970/1936/1926 1969/1935/1925
f 1963/1926/1919 1964/1928/1920 1971/1937/1927 1970/1936/1926
f 1964/1928/1920 1965/1930/1921 1972/1938/1928 1971/1937/1927
f 1965/1930/1921 1966/1932/1922 1973/1939/1929 1972/1938/1928
f 1967/1934/1923 1968/1933/1924 1975/1940/1931 1974/1941/1930
f 1968/1933/1924 1969/1935/1925 1976/1942/1932 1975/1940/1931
f 1969/1935/1925 1970/1936/1926 1977/1943/1933 1976/1942/1932
f 1970/1936/1926 1971/1937/1927 1978/1944/1934 1977/1943/1933
f 1971/1937/1927 1972/1938/1928 1979/1945/1935 1978/1944/1934
f 1972/1938/1928 1973/1939/1929 1980/1946/1936 1979/1945/1935
f 1974/1941/1930 1975/1940/1931 1982/1947/1938 1981/1948/1937
f 1975/1940/1931 1976/1942/1932 1983/1949/1939 1982/1947/1938
f 1976/1942/1932 1977/1943/1933 1984/1950/1940 1983/1949/1939
f 1977/1943/1933 1978/1944/1934 1985/1951/1941 1984/1950/1940
f 1978/1944/1934 1979/1945/1935 1986/1952/1942 1985/1951/1941
f 1979/1945/1935 1980/1946/1936 1987/1953/1943 1986/1952/1942
f 1981/1948/1937 1982/1947/1938 1989/1954/1945 1988/1955/1944
f 1982/1947/1938 1983/1949/1939 1990/1956/1946 1989/1954/1945
f 1983/1949/1939 1984/1950/1940 1991/1957/1947 1990/1956/1946
f 1984/1950/1940 1985/1951/1941 1992/1958/1948 1991/1957/1947
f 1985/1951/1941 1986/1952/1942 1993/1959/1949 1992/1958/1948
f 1986/1952/1942 1987/1953/1943 1994/1960/1950 1993/1959/1949
f 1988/1955/1944 1989/1954/1945 1996/1961/1952 1995/1962/1951
f 1989/1954/1945 1990/1956/1946 1997/1963/1953 1996/1961/1952
f 1990/1956/1946 1991/1957/1947 1998/1964/1954 1997/1963/1953
f 1991/1957/1947 1992/1958/1948 1999/1965/1955 1998/1964/1954
f 1992/1958/1948 1993/1959/1949 2000/1966/1956 1999/1965/1955
f 1993/1959/1949 1994/1960/1950 2001/1967/1957 2000/1966/1956
f 1809/1968/1765 1820/1969/1776 1953/1919/1909 1946/1970/1902
f 1820/1969/1776 1821/1971/1777 1954/1920/1910 1953/1919/1909
f 1821/1971/1777 1822/1972/1778 1955/1923/1911 1954/1920/1910
f 1822/1972/1778 1823/1973/1779 1956/1925/1912 1955/1923/1911
f 1823/1973/1779 1824/1974/1780 1957/1927/1913 1956/1925/1912
f 1824/1974/1780 1825/1975/1781 1958/1929/1914 1957/1927/1913
f 1825/1975/1781 1826/1976/1782 1959/1931/1915 1958/1929/1914
f 1826/1976/1782 1802/1977/1758 1827/1978/1783 1959/1931/1915
f 1959/1931/1915 1827/1978/1783 1828/1979/1784 1966/1932/1922
f 1966/1932/1922 1828/1979/1784 1829/1980/1785 1973/1939/1929
f 1973/1939/1929 1829/1980/1785 1830/1981/1786 1980/1946/1936
f 1980/1946/1936 1830/1981/1786 1831/1982/1787 1987/1953/1943
f 1987/1953/1943 1831/1982/1787 1832/1983/1788 1994/1960/1950
f 1994/1960/1950 1832/1983/1788 1833/1984/1789 2001/1967/1957
f 2001/1967/1957 1833/1984/1789 1804/1985/1760 1904/1986/1860
f 2000/1966/1956 2001/1967/1957 1904/1986/1860 1905/1987/1861
f 1999/1965/1955 2000/1966/1956 1905/1987/1861 1906/1988/1862
f 1998/1964/1954 1999/1965/1955 1906/1988/1862 1907/1989/1863
f 1997/1963/1953 1998/1964/1954 1907/1989/1863 1908/1990/1864
f 1996/1961/1952 1997/1963/1953 1908/1990/1864 1909/1991/1865
f 1995/1962/1951 1996/1961/1952 1909/1991/1865 1910/1992/1866
f 1952/1993/1908 1995/1962/1951 1910/1992/1866 1810/1994/1766
f 1951/1995/1907 1988/1955/1944 1995/1962/1951 1952/1993/1908
f 1950/1996/1906 1981/1948/1937 1988/1955/1944 1951/1995/1907
f 1949/1997/1905 1974/1941/1930 1981/1948/1937 1950/1996/1906
f 1948/1998/1904 1967/1934/1923 1974/1941/1930 1949/1997/1905
f 1947/1999/1903 1960/1922/1916 1967/1934/1923 1948/1998/1904
f 1946/1970/1902 1953/1919/1909 1960/1922/1916 1947/1999/1903
f 2002/2000/1958 2003/2001/1959 2010/2002/1966 2009/2003/1965
f 2003/2001/1959 2004/2004/1960 2011/2005/1967 2010/2002/1966
f 2004/2004/1960 2005/2006/1961 2012/2007/1968 2011/2005/1967
f 2005/2006/1961 2006/2008/1962 2013/2009/1969 2012/2007/1968
f 2006/2008/1962 2007/2010/1963 2014/2011/1970 2013/2009/1969
f 2007/2010/1963 2008/2012/1964 2015/2013/1971 2014/2011/1970
f 2009/2003/1965 2010/2002/1966 2017/2014/1973 2016/2015/1972
f 2010/2002/1966 2011/2005/1967 2018/2016/1974 2017/2014/1973
f 2011/2005/1967 2012/2007/1968 2019/2017/1975 2018/2016/1974
f 2012/2007/1968 2013/2009/1969 2020/2018/1976 2019/2017/1975
f 2013/2009/1969 2014/2011/1970 2021/2019/1977 2020/2018/1976
f 2014/2011/1970 2015/2013/1971 2022/2020/1978 2021/2019/1977
f 2016/2015/1972 2017/2014/1973 2024/2021/1980 2023/2022/1979
f 2017/2014/1973 2018/2016/1974 2025/2023/1981 2024/2021/1980
f 2018/2016/1974 2019/2017/1975 2026/2024/1982 2025/2023/1981
f 2019/2017/1975 2020/2018/1976 2027/2025/1983 2026/2024/1982
f 2020/2018/1976 2021/2019/1977 2028/2026/1984 2027/2025/1983
f 2021/2019/1977 2022/2020/1978 2029/2027/1985 2028/2026/1984
f 2023/2022/1979 2024/2021/1980 2031/2028/1987 2030/2029/1986
f 2024/2021/1980 2025/2023/1981 2032/2030/1988 2031/2028/1987
f 2025/2023/1981 2026/2024/1982 2033/2031/1989 2032/2030/1988
f 2026/2024/1982 2027/2025/1983 2034/2032/1990 2033/2031/1989
f 2027/2025/1983 2028/2026/1984 2035/2033/1991 2034/2032/1990
f 2028/2026/1984 2029/2027/1985 2036/2034/1992 2035/2033/1991
f 2030/2029/1986 2031/2028/1987 2038/2035/1994 2037/2036/1993
f 2031/2028/1987 2032/2030/1988 2039/2037/1995 2038/2035/1994
f 2032/2030/1988 2033/2031/1989 2040/2038/1996 2039/2037/1995
f 2033/2031/1989 2034/2032/1990 2041/2039/1997 2040/2038/1996
f 2034/2032/1990 2035/2033/1991 2042/2040/1998 2041/2039/1997
f 2035/2033/1991 2036/2034/1992 2043/2041/1999 2042/2040/1998
f 2037/2036/1993 2038/2035/1994 2045/2042/2001 2044/2043/2000
f 2038/2035/1994 2039/2037/1995 2046/2044/2002 2045/2042/2001
f 2039/2037/1995 2040/2038/1996 2047/2045/2003 2046/2044/2002
f 2040/2038/1996 2041/2039/1997 2048/2046/2004 2047/2045/2003
f 2041/2039/1997 2042/2040/1998 2049/2047/2005 2048/2046/2004
f 2042/2040/1998 2043/2041/1999 2050/2048/2006 2049/2047/2005
f 1810/1994/1766 1910/1992/1866 2002/2000/1958 1939/2049/1895
f 1910/1992/1866 1909/1991/1865 2003/2001/1959 2002/2000/1958
f 1909/1991/1865 1908/1990/1864 2004/2004/1960 2003/2001/1959
f 1908/1990/1864 1907/1989/1863 2005/2006/1961 2004/2004/1960
f 1907/1989/1863 1906/1988/1862 2006/2008/1962 2005/2006/1961
f 1906/1988/1862 1905/1987/1861 2007/2010/1963 2006/2008/1962
f 1905/1987/1861 1904/1986/1860 2008/2012/1964 2007/2010/1963
f 1904/1986/1860 1804/1985/1760 1848/2050/1804 2008/2012/1964
f 2008/2012/1964 1848/2050/1804 1849/2051/1805 2015/2013/1971
f 2015/2013/1971 1849/2051/1805 1850/2052/1806 2022/2020/1978
f 2022/2020/1978 1850/2052/1806 1851/2053/1807 2029/2027/1985
f 2029/2027/1985 1851/2053/1807 1852/2054/1808 2036/2034/1992
f 2036/2034/1992 1852/2054/1808 1853/2055/1809 2043/2041/1999
f 2043/2041/1999 1853/2055/1809 1854/2056/1810 2050/2048/2006
f 2050/2048/2006 1854/2056/1810 1808/2057/1764 1911/2058/1867
f 2049/2047/2005 2050/2048/2006 1911/2058/1867 1912/2059/1868
f 2048/2046/2004 2049/2047/2005 1912/2059/1868 1913/2060/1869
f 2047/2045/2003 2048/2046/2004 1913/2060/1869 1914/2061/1870
f 2046/2044/2002 2047/2045/2003 1914/2061/1870 1915/2062/1871
f 2045/2042/2001 2046/2044/2002 1915/2062/1871 1916/2063/1872
f 2044/2043/2000 2045/2042/2001 1916/2063/1872 1917/2064/1873
f 1945/2065/1901 2044/2043/2000 1917/2064/1873 1811/2066/1767
f 1944/2067/1900 2037/2036/1993 2044/2043/2000 1945/2065/1901
f 1943/2068/1899 2030/2029/1986 2037/2036/1993 1944/2067/1900
f 1942/2069/1898 2023/2022/1979 2030/2029/1986 1943/2068/1899
f 1941/2070/1897 2016/2015/1972 2023/2022/1979 1942/2069/1898
f 1940/2071/1896 2009/2003/1965 2016/2015/1972 1941/2070/1897
f 1939/2049/1895 2002/2000/1958 2009/2003/1965 1940/2071/1896
f 2051/2072/2007 2052/2073/2008 2059/2074/2015 2058/2075/2014
f 2052/2073/2008 2053/2076/2009 2060/2077/2016 2059/2074/2015
f 2053/2076/2009 2054/2078/2010 2061/2079/2017 2060/2077/2016
f 2054/2078/2010 2055/2080/2011 2062/2081/2018 2061/2079/2017
f 2055/2080/2011 2056/2082/2012 2063/2083/2019 2062/2081/2018
f 2056/2082/2012 2057/2084/2013 2064/2085/2020 2063/2083/2019
f 2058/2075/2014 2059/2074/2015 2066/2086/2022 2065/2087/2021
f 2059/2074/2015 2060/2077/2016 2067/2088/2023 2066/2086/2022
f 2060/2077/2016 2061/2079/2017 2068/2089/2024 2067/2088/2023
f 2061/2079/2017 2062/2081/2018 2069/2090/2025 2068/2089/2024
f 2062/2081/2018 2063/2083/2019 2070/2091/2026 2069/2090/2025
f 2063/2083/2019 2064/2085/2020 2071/2092/2027 2070/2091/2026
f 2065/2087/2021 2066/2086/2022 2073/2093/2029 2072/2094/2028
f 2066/2086/2022 2067/2088/2023 2074/2095/2030 2073/2093/2029
f 2067/2088/2023 2068/2089/2024 2075/2096/2031 2074/2095/2030
f 2068/2089/2024 2069/2090/2025 2076/2097/2032 2075/2096/2031
f 2069/2090/2025 2070/2091/2026 2077/2098/2033 2076/2097/2032
f 2070/2091/2026 2071/2092/2027 2078/2099/2034 2077/2098/2033
f 2072/2094/2028 2073/2093/2029 2080/2100/2036 2079/2101/2035
f 2073/2093/2029 2074/2095/2030 2081/2102/2037 2080/2100/2036
f 2074/2095/2030 2075/2096/2031 2082/2103/2038 2081/2102/2037
f 2075/2096/2031 2076/2097/2032 2083/2104/2039 2082/2103/2038
f 2076/2097/2032 2077/2098/2033 2084/2105/2040 2083/2104/2039
f 2077/2098/2033 2078/2099/2034 2085/2106/2041 2084/2105/2040
f 2079/2101/2035 2080/2100/2036 2087/2107/2043 2086/2108/2042
f 2080/2100/2036 2081/2102/2037 2088/2109/2044 2087/2107/2043
f 2081/2102/2037 2082/2103/2038 2089/2110/2045 2088/2109/2044
f 2082/2103/2038 2083/2104/2039 2090/2111/2046 2089/2110/2045
f 2083/2104/2039 2084/2105/2040 2091/2112/2047 2090/2111/2046
f 2084/2105/2040 2085/2106/2041 2092/2113/2048 2091/2112/2047
f 2086/2108/2042 2087/2107/2043 2094/2114/2050 2093/2115/2049
f 2087/2107/2043 2088/2109/2044 2095/2116/2051 2094/2114/2050
f 2088/2109/2044 2089/2110/2045 2096/2117/2052 2095/2116/2051
f 2089/2110/2045 2090/2111/2046 2097/2118/2053 2096/2117/2052
f 2090/2111/2046 2091/2112/2047 2098/2119/2054 2097/2118/2053
f 2091/2112/2047 2092/2113/2048 2099/2120/2055 2098/2119/2054
f 1811/2066/1767 1917/2064/1873 2051/2072/2007 1932/2121/1888
f 1917/2064/1873 1916/2063/1872 2052/2073/2008 2051/2072/2007
f 1916/2063/1872 1915/2062/1871 2053/2076/2009 2052/2073/2008
f 1915/2062/1871 1914/2061/1870 2054/2078/2010 2053/2076/2009
f 1914/2061/1870 1913/2060/1869 2055/2080/2011 2054/2078/2010
f 1913/2060/1869 1912/2059/1868 2056/2082/2012 2055/2080/2011
f 1912/2059/1868 1911/2058/1867 2057/2084/2013 2056/2082/2012
f 1911/2058/1867 1808/2057/1764 1869/2122/1825 2057/2084/2013
f 2057/2084/2013 1869/2122/1825 1870/2123/1826 2064/2085/2020
f 2064/2085/2020 1870/2123/1826 1871/2124/1827 2071/2092/2027
f 2071/2092/2027 1871/2124/1827 1872/2125/1828 2078/2099/2034
f 2078/2099/2034 1872/2125/1828 1873/2126/1829 2085/2106/2041
f 2085/2106/2041 1873/2126/1829 1874/2127/1830 2092/2113/2048
f 2092/2113/2048 1874/2127/1830 1875/2128/1831 2099/2120/2055
f 2099/2120/2055 1875/2128/1831 1806/2129/1762 1918/2130/1874
f 2098/2119/2054 2099/2120/2055 1918/2130/1874 1919/2131/1875
f 2097/2118/2053 2098/2119/2054 1919/2131/1875 1920/2132/1876
f 2096/2117/2052 2097/2118/2053 1920/2132/1876 1921/2133/1877
f 2095/2116/2051 2096/2117/2052 1921/2133/1877 1922/2134/1878
f 2094/2114/2050 2095/2116/2051 1922/2134/1878 1923/2135/1879
f 2093/2115/2049 2094/2114/2050 1923/2135/1879 1924/2136/1880
f 1938/2137/1894 2093/2115/2049 1924/2136/1880 1812/2138/1768
f 1937/2139/1893 2086/2108/2042 2093/2115/2049 1938/2137/1894
f 1936/2140/1892 2079/2101/2035 2086/2108/2042 1937/2139/1893
f 1935/2141/1891 2072/2094/2028 2079/2101/2035 1936/2140/1892
f 1934/2142/1890 2065/2087/2021 2072/2094/2028 1935/2141/1891
f 1933/2143/1889 2058/2075/2014 2065/2087/2021 1934/2142/1890
f 1932/2121/1888 2051/2072/2007 2058/2075/2014 1933/2143/1889
f 2100/2144/2056 2101/2145/2057 2108/2146/2064 2107/2147/2063
f 2101/2145/2057 2102/2148/2058 2109/2149/2065 2108/2146/2064
f 2102/2148/2058 2103/2150/2059 2110/2151/2066 2109/2149/2065
f 2103/2150/2059 2104/2152/2060 2111/2153/2067 2110/2151/2066
f 2104/2152/2060 2105/2154/2061 2112/2155/2068 2111/2153/2067
f 2105/2154/2061 2106/2156/2062 2113/2157/2069 2112/2155/2068
f 2107/2147/2063 2108/2146/2064 2115/2158/2071 2114/2159/2070
f 2108/2146/2064 2109/2149/2065 2116/2160/2072 2115/2158/2071
f 2109/2149/2065 2110/2151/2066 2117/2161/2073 2116/2160/2072
f 2110/2151/2066 2111/2153/2067 2118/2162/2074 2117/2161/2073
f 2111/2153/2067 2112/2155/2068 2119/2163/2075 2118/2162/2074
f 2112/2155/2068 2113/2157/2069 2120/2164/2076 2119/2163/2075
f 2114/2159/2070 2115/2158/2071 2122/2165/2078 2121/2166/2077
f 2115/2158/2071 2116/2160/2072 2123/2167/2079 2122/2165/2078
f 2116/2160/2072 2117/2161/2073 2124/2168/2080 2123/2167/2079
f 2117/2161/2073 2118/2162/2074 2125/2169/2081 2124/2168/2080
f 2118/2162/2074 2119/2163/2075 2126/2170/2082 2125/2169/2081
f 2119/2163/2075 2120/2164/2076 2127/2171/2083 2126/2170/2082
f 2121/2166/2077 2122/2165/2078 2129/2172/2085 2128/2173/2084
f 2122/2165/2078 2123/2167/2079 2130/2174/2086 2129/2172/2085
f 2123/2167/2079 2124/2168/2080 2131/2175/2087 2130/2174/2086
f 2124/2168/2080 2125/2169/2081 2132/2176/2088 2131/2175/2087
f 2125/2169/2081 2126/2170/2082 2133/2177/2089 2132/2176/2088
f 2126/2170/2082 2127/2171/2083 2134/2178/2090 2133/2177/2089
f 2128/2173/2084 2129/2172/2085 2136/2179/2092 2135/2180/2091
f 2129/2172/2085 2130/2174/2086 2137/2181/2093 2136/2179/2092
f 2130/2174/2086 2131/2175/2087 2138/2182/2094 2137/2181/2093
f 2131/2175/2087 2132/2176/2088 2139/2183/2095 2138/2182/2094
f 2132/2176/2088 2133/2177/2089 2140/2184/2096 2139/2183/2095
f 2133/2177/2089 2134/2178/2090 2141/2185/2097 2140/2184/2096
f 2135/2180/2091 2136/2179/2092 2143/2186/2099 2142/2187/2098
f 2136/2179/2092 2137/2181/2093 2144/2188/2100 2143/2186/2099
f 2137/2181/2093 2138/2182/2094 2145/2189/2101 2144/2188/2100
f 2138/2182/2094 2139/2183/2095 2146/2190/2102 2145/2189/2101
f 2139/2183/2095 2140/2184/2096 2147/2191/2103 2146/2190/2102
f 2140/2184/2096 2141/2185/2097 2148/2192/2104 2147/2191/2103
f 1812/2138/1768 1924/2136/1880 2100/2144/2056 1925/2193/1881
f 1924/2136/1880 1923/2135/1879 2101/2145/2057 2100/2144/2056
f 1923/2135/1879 1922/2134/1878 2102/2148/2058 2101/2145/2057
f 1922/2134/1878 1921/2133/1877 2103/2150/2059 2102/2148/2058
f 1921/2133/1877 1920/2132/1876 2104/2152/2060 2103/2150/2059
f 1920/2132/1876 1919/2131/1875 2105/2154/2061 2104/2152/2060
f 1919/2131/1875 1918/2130/1874 2106/2156/2062 2105/2154/2061
f 1918/2130/1874 1806/2129/1762 1890/2194/1846 2106/2156/2062
f 2106/2156/2062 1890/2194/1846 1891/2195/1847 2113/2157/2069
f 2113/2157/2069 1891/2195/1847 1892/2196/1848 2120/2164/2076
f 2120/2164/2076 1892/2196/1848 1893/2197/1849 2127/2171/2083
f 2127/2171/2083 1893/2197/1849 1894/2198/1850 2134/2178/2090
f 2134/2178/2090 1894/2198/1850 1895/2199/1851 2141/2185/2097
f 2141/2185/2097 1895/2199/1851 1896/2200/1852 2148/2192/2104
f 2148/2192/2104 1896/2200/1852 1802/2201/1758 1826/2202/1782
f 2147/2191/2103 2148/2192/2104 1826/2202/1782 1825/2203/1781
f 2146/2190/2102 2147/2191/2103 1825/2203/1781 1824/2204/1780
f 2145/2189/2101 2146/2190/2102 1824/2204/1780 1823/2205/1779
f 2144/2188/2100 2145/2189/2101 1823/2205/1779 1822/2206/1778
f 2143/2186/2099 2144/2188/2100 1822/2206/1778 1821/2207/1777
f 2142/2187/2098 2143/2186/2099 1821/2207/1777 1820/2208/1776
f 1931/2209/1887 2142/2187/2098 1820/2208/1776 1809/2210/1765
f 1930/2211/1886 2135/2180/2091 2142/2187/2098 1931/2209/1887
f 1929/2212/1885 2128/2173/2084 2135/2180/2091 1930/2211/1886
f 1928/2213/1884 2121/2166/2077 2128/2173/2084 1929/2212/1885
f 1927/2214/1883 2114/2159/2070 2121/2166/2077 1928/2213/1884
f 1926/2215/1882 2107/2147/2063 2114/2159/2070 1927/2214/1883
f 1925/2193/1881 2100/2144/2056 2107/2147/2063 1926/2215/1882
f 2149/2216/2105 2150/2217/2106 2157/2218/2113 2156/2219/2112
f 2150/2217/2106 2151/2220/2107 2158/2221/2114 2157/2218/2113
f 2151/2220/2107 2152/2222/2108 2159/2223/2115 2158/2221/2114
f 2152/2222/2108 2153/2224/2109 2160/2225/2116 2159/2223/2115
f 2153/2224/2109 2154/2226/2110 2161/2227/2117 2160/2225/2116
f 2154/2226/2110 2155/2228/2111 2162/2229/2118 2161/2227/2117
f 2156/2219/2112 2157/2218/2113 2164/2230/2120 2163/2231/2119
f 2157/2218/2113 2158/2221/2114 2165/2232/2121 2164/2230/2120
f 2158/2221/2114 2159/2223/2115 2166/2233/2122 2165/2232/2121
f 2159/2223/2115 2160/2225/2116 2167/2234/2123 2166/2233/2122
f 2160/2225/2116 2161/2227/2117 2168/2235/2124 2167/2234/2123
f 2161/2227/2117 2162/2229/2118 2169/2236/2125 2168/2235/2124
f 2163/2231/2119 2164/2230/2120 2171/2237/2127 2170/2238/2126
f 2164/2230/2120 2165/2232/2121 2172/2239/2128 2171/2237/2127
f 2165/2232/2121 2166/2233/2122 2173/2240/2129 2172/2239/2128
f 2166/2233/2122 2167/2234/2123 2174/2241/2130 2173/2240/2129
f 2167/2234/2123 2168/2235/2124 2175/2242/2131 2174/2241/2130
f 2168/2235/2124 2169/2236/2125 2176/2243/2132 2175/2242/2131
f 2170/2238/2126 2171/2237/2127 2178/2244/2134 2177/2245/2133
f 2171/2237/2127 2172/2239/2128 2179/2246/2135 2178/2244/2134
f 2172/2239/2128 2173/2240/2129 2180/2247/2136 2179/2246/2135
f 2173/2240/2129 2174/2241/2130 2181/2248/2137 2180/2247/2136
f 2174/2241/2130 2175/2242/2131 2182/2249/2138 2181/2248/2137
f 2175/2242/2131 2176/2243/2132 2183/2250/2139 2182/2249/2138
f 2177/2245/2133 2178/2244/2134 2185/2251/2141 2184/2252/2140
f 2178/2244/2134 2179/2246/2135 2186/2253/2142 2185/2251/2141
f 2179/2246/2135 2180/2247/2136 2187/2254/2143 2186/2253/2142
f 2180/2247/2136 2181/2248/2137 2188/2255/2144 2187/2254/2143
f 2181/2248/2137 2182/2249/2138 2189/2256/2145 2188/2255/2144
f 2182/2249/2138 2183/2250/2139 2190/2257/2146 2189/2256/2145
f 2184/2252/2140 2185/2251/2141 2192/2258/2148 2191/2259/2147
f 2185/2251/2141 2186/2253/2142 2193/2260/2149 2192/2258/2148
f 2186/2253/2142 2187/2254/2143 2194/2261/2150 2193/2260/2149
f 2187/2254/2143 2188/2255/2144 2195/2262/2151 2194/2261/2150
f 2188/2255/2144 2189/2256/2145 2196/2263/2152 2195/2262/2151
f 2189/2256/2145 2190/2257/2146 2197/2264/2153 2196/2263/2152
f 1803/2265/1759 1847/2266/1803 2149/2216/2105 1813/2267/1769
f 1847/2266/1803 1846/2268/1802 2150/2217/2106 2149/2216/2105
f 1846/2268/1802 1845/2269/1801 2151/2220/2107 2150/2217/2106
f 1845/2269/1801 1844/2270/1800 2152/2222/2108 2151/2220/2107
f 1844/2270/1800 1843/2271/1799 2153/2224/2109 2152/2222/2108
f 1843/2271/1799 1842/2272/1798 2154/2226/2110 2153/2224/2109
f 1842/2272/1798 1841/2273/1797 2155/2228/2111 2154/2226/2110
f 1841/2273/1797 1807/2274/1763 1868/2275/1824 2155/2228/2111
f 2155/2228/2111 1868/2275/1824 1867/2276/1823 2162/2229/2118
f 2162/2229/2118 1867/2276/1823 1866/2277/1822 2169/2236/2125
f 2169/2236/2125 1866/2277/1822 1865/2278/1821 2176/2243/2132
f 2176/2243/2132 1865/2278/1821 1864/2279/1820 2183/2250/2139
f 2183/2250/2139 1864/2279/1820 1863/2280/1819 2190/2257/2146
f 2190/2257/2146 1863/2280/1819 1862/2281/1818 2197/2264/2153
f 2197/2264/2153 1862/2281/1818 1805/2282/1761 1889/2283/1845
f 2196/2263/2152 2197/2264/2153 1889/2283/1845 1888/2284/1844
f 2195/2262/2151 2196/2263/2152 1888/2284/1844 1887/2285/1843
f 2194/2261/2150 2195/2262/2151 1887/2285/1843 1886/2286/1842
f 2193/2260/2149 2194/2261/2150 1886/2286/1842 1885/2287/1841
f 2192/2258/2148 2193/2260/2149 1885/2287/1841 1884/2288/1840
f 2191/2259/2147 2192/2258/2148 1884/2288/1840 1883/2289/1839
f 1819/2290/1775 2191/2259/2147 1883/2289/1839 1801/2291/1757
f 1818/2292/1774 2184/2252/2140 2191/2259/2147 1819/2290/1775
f 1817/2293/1773 2177/2245/2133 2184/2252/2140 1818/2292/1774
f 1816/2294/1772 2170/2238/2126 2177/2245/2133 1817/2293/1773
f 1815/2295/1771 2163/2231/2119 2170/2238/2126 1816/2294/1772
f 1814/2296/1770 2156/2219/2112 2163/2231/2119 1815/2295/1771
f 1813/2267/1769 2149/2216/2105 2156/2219/2112 1814/2296/1770
f 2198/2297/2154 2199/2298/2155 2206/2299/2162 2205/2300/2161
f 2199/2298/2155 2200/2301/2156 2207/2302/2163 2206/2299/2162
f 2200/2301/2156 2201/2303/2157 2208/2304/2164 2207/2302/2163
f 2201/2303/2157 2202/2305/2158 2209/2306/2165 2208/2304/2164
f 2202/2305/2158 2203/2307/2159 2210/2308/2166 2209/2306/2165
f 2203/2307/2159 2204/2309/2160 2211/2310/2167 2210/2308/2166
f 2205/2300/2161 2206/2299/2162 2213/2311/2169 2212/2312/2168
f 2206/2299/2162 2207/2302/2163 2214/2313/2170 2213/2311/2169
f 2207/2302/2163 2208/2304/2164 2215/2314/2171 2214/2313/2170
f 2208/2304/2164 2209/2306/2165 2216/2315/2172 2215/2314/2171
f 2209/2306/2165 2210/2308/2166 2217/2316/2173 2216/2315/2172
f 2210/2308/2166 2211/2310/2167 2218/2317/2174 2217/2316/2173
f 2212/2312/2168 2213/2311/2169 2220/2318/2176 2219/2319/2175
f 2213/2311/2169 2214/2313/2170 2221/2320/2177 2220/2318/2176
f 2214/2313/2170 2215/2314/2171 2222/2321/2178 2221/2320/2177
f 2215/2314/2171 2216/2315/2172 2223/2322/2179 2222/2321/2178
f 2216/2315/2172 2217/2316/2173 2224/2323/2180 2223/2322/2179
f 2217/2316/2173 2218/2317/2174 2225/2324/2181 2224/2323/2180
f 2219/2319/2175 2220/2318/2176 2227/2325/2183 2226/2326/2182
f 2220/2318/2176 2221/2320/2177 2228/2327/2184 2227/2325/2183
f 2221/2320/2177 2222/2321/2178 2229/2328/2185 2228/2327/2184
f 2222/2321/2178 2223/2322/2179 2230/2329/2186 2229/2328/2185
f 2223/2322/2179 2224/2323/2180 2231/2330/2187 2230/2329/2186
f 2224/2323/2180 2225/2324/2181 2232/2331/2188 2231/2330/2187
f 2226/2326/2182 2227/2325/2183 2234/2332/2190 2233/2333/2189
f 2227/2325/2183 2228/2327/2184 2235/2334/2191 2234/2332/2190
f 2228/2327/2184 2229/2328/2185 2236/2335/2192 2235/2334/2191
f 2229/2328/2185 2230/2329/2186 2237/2336/2193 2236/2335/2192
f 2230/2329/2186 2231/2330/2187 2238/2337/2194 2237/2336/2193
f 2231/2330/2187 2232/2331/2188 2239/2338/2195 2238/2337/2194
f 2233/2333/2189 2234/2332/2190 2241/2339/2197 2240/2340/2196
f 2234/2332/2190 2235/2334/2191 2242/2341/2198 2241/2339/2197
f 2235/2334/2191 2236/2335/2192 2243/2342/2199 2242/2341/2198
f 2236/2335/2192 2237/2336/2193 2244/2343/2200 2243/2342/2199
f 2237/2336/2193 2238/2337/2194 2245/2344/2201 2244/2343/2200
f 2238/2337/2194 2239/2338/2195 2246/2345/2202 2245/2344/2201
f 1808/2057/1764 1854/2346/1810 2198/2297/2154 1869/2122/1825
f 1854/2346/1810 1853/2347/1809 2199/2298/2155 2198/2297/2154
f 1853/2347/1809 1852/2348/1808 2200/2301/2156 2199/2298/2155
f 1852/2348/1808 1851/2349/1807 2201/2303/2157 2200/2301/2156
f 1851/2349/1807 1850/2350/1806 2202/2305/2158 2201/2303/2157
f 1850/2350/1806 1849/2351/1805 2203/2307/2159 2202/2305/2158
f 1849/2351/1805 1848/2352/1804 2204/2309/2160 2203/2307/2159
f 1848/2352/1804 1804/2353/1760 1833/2354/1789 2204/2309/2160
f 2204/2309/2160 1833/2354/1789 1832/2355/1788 2211/2310/2167
f 2211/2310/2167 1832/2355/1788 1831/2356/1787 2218/2317/2174
f 2218/2317/2174 1831/2356/1787 1830/2357/1786 2225/2324/2181
f 2225/2324/2181 1830/2357/1786 1829/2358/1785 2232/2331/2188
f 2232/2331/2188 1829/2358/1785 1828/2359/1784 2239/2338/2195
f 2239/2338/2195 1828/2359/1784 1827/2360/1783 2246/2345/2202
f 2246/2345/2202 1827/2360/1783 1802/2361/1758 1896/2362/1852
f 2245/2344/2201 2246/2345/2202 1896/2362/1852 1895/2363/1851
f 2244/2343/2200 2245/2344/2201 1895/2363/1851 1894/2364/1850
f 2243/2342/2199 2244/2343/2200 1894/2364/1850 1893/2365/1849
f 2242/2341/2198 2243/2342/2199 1893/2365/1849 1892/2366/1848
f 2241/2339/2197 2242/2341/2198 1892/2366/1848 1891/2367/1847
f 2240/2340/2196 2241/2339/2197 1891/2367/1847 1890/2368/1846
f 1875/2128/1831 2240/2340/2196 1890/2368/1846 1806/2129/1762
f 1874/2127/1830 2233/2333/2189 2240/2340/2196 1875/2128/1831
f 1873/2126/1829 2226/2326/2182 2233/2333/2189 1874/2127/1830
f 1872/2125/1828 2219/2319/2175 2226/2326/2182 1873/2126/1829
f 1871/2124/1827 2212/2312/2168 2219/2319/2175 1872/2125/1828
f 1870/2123/1826 2205/2300/2161 2212/2312/2168 1871/2124/1827
f 1869/2122/1825 2198/2297/2154 2205/2300/2161 1870/2123/1826
f 2247/2369/2203 2248/2370/2204 2255/2371/2211 2254/2372/2210
f 2248/2370/2204 2249/2373/2205 2256/2374/2212 2255/2371/2211
f 2249/2373/2205 2250/2375/2206 2257/2376/2213 2256/2374/2212
f 2250/2375/2206 2251/2377/2207 2258/2378/2214 2257/2376/2213
f 2251/2377/2207 2252/2379/2208 2259/2380/2215 2258/2378/2214
f 2252/2379/2208 2253/2381/2209 2260/2382/2216 2259/2380/2215
f 2254/2372/2210 2255/2371/2211 2262/2383/2218 2261/2384/2217
f 2255/2371/2211 2256/2374/2212 2263/2385/2219 2262/2383/2218
f 2256/2374/2212 2257/2376/2213 2264/2386/2220 2263/2385/2219
f 2257/2376/2213 2258/2378/2214 2265/2387/2221 2264/2386/2220
f 2258/2378/2214 2259/2380/2215 2266/2388/2222 2265/2387/2221
f 2259/2380/2215 2260/2382/2216 2267/2389/2223 2266/2388/2222
f 2261/2384/2217 2262/2383/2218 2269/2390/2225 2268/2391/2224
f 2262/2383/2218 2263/2385/2219 2270/2392/2226 2269/2390/2225
f 2263/2385/2219 2264/2386/2220 2271/2393/2227 2270/2392/2226
f 2264/2386/2220 2265/2387/2221 2272/2394/2228 2271/2393/2227
f 2265/2387/2221 2266/2388/2222 2273/2395/2229 2272/2394/2228
f 2266/2388/2222 2267/2389/2223 2274/2396/2230 2273/2395/2229
f 2268/2391/2224 2269/2390/2225 2276/2397/2232 2275/2398/2231
f 2269/2390/2225 2270/2392/2226 2277/2399/2233 2276/2397/2232
f 2270/2392/2226 2271/2393/2227 2278/2400/2234 2277/2399/2233
f 2271/2393/2227 2272/2394/2228 2279/2401/2235 2278/2400/2234
f 2272/2394/2228 2273/2395/2229 2280/2402/2236 2279/2401/2235
f 2273/2395/2229 2274/2396/2230 2281/2403/2237 2280/2402/2236
f 2275/2398/2231 2276/2397/2232 2283/2404/2239 2282/2405/2238
f 2276/2397/2232 2277/2399/2233 2284/2406/2240 2283/2404/2239
f 2277/2399/2233 2278/2400/2234 2285/2407/2241 2284/2406/2240
f 2278/2400/2234 2279/2401/2235 2286/2408/2242 2285/2407/2241
f 2279/2401/2235 2280/2402/2236 2287/2409/2243 2286/2408/2242
f 2280/2402/2236 2281/2403/2237 2288/2410/2244 2287/2409/2243
f 2282/2405/2238 2283/2404/2239 2290/2411/2246 2289/2412/2245
f 2283/2404/2239 2284/2406/2240 2291/2413/2247 2290/2411/2246
f 2284/2406/2240 2285/2407/2241 2292/2414/2248 2291/2413/2247
f 2285/2407/2241 2286/2408/2242 2293/2415/2249 2292/2414/2248
f 2286/2408/2242 2287/2409/2243 2294/2416/2250 2293/2415/2249
f 2287/2409/2243 2288/2410/2244 2295/2417/2251 2294/2416/2250
f 1805/2282/1761 1882/2418/1838 2247/2369/2203 1889/2419/1845
f 1882/2418/1838 1881/2420/1837 2248/2370/2204 2247/2369/2203
f 1881/2420/1837 1880/2421/1836 2249/2373/2205 2248/2370/2204
f 1880/2421/1836 1879/2422/1835 2250/2375/2206 2249/2373/2205
f 1879/2422/1835 1878/2423/1834 2251/2377/2207 2250/2375/2206
f 1878/2423/1834 1877/2424/1833 2252/2379/2208 2251/2377/2207
f 1877/2424/1833 1876/2425/1832 2253/2381/2209 2252/2379/2208
f 1876/2425/1832 1812/2138/1768 1925/2193/1881 2253/2381/2209
f 2253/2381/2209 1925/2193/1881 1926/2215/1882 2260/2382/2216
f 2260/2382/2216 1926/2215/1882 1927/2214/1883 2267/2389/2223
f 2267/2389/2223 1927/2214/1883 1928/2213/1884 2274/2396/2230
f 2274/2396/2230 1928/2213/1884 1929/2212/1885 2281/2403/2237
f 2281/2403/2237 1929/2212/1885 1930/2211/1886 2288/2410/2244
f 2288/2410/2244 1930/2211/1886 1931/2209/1887 2295/2417/2251
f 2295/2417/2251 1931/2209/1887 1809/2210/1765 1903/2426/1859
f 2294/2416/2250 2295/2417/2251 1903/2426/1859 1902/2427/1858
f 2293/2415/2249 2294/2416/2250 1902/2427/1858 1901/2428/1857
f 2292/2414/2248 2293/2415/2249 1901/2428/1857 1900/2429/1856
f 2291/2413/2247 2292/2414/2248 1900/2429/1856 1899/2430/1855
f 2290/2411/2246 2291/2413/2247 1899/2430/1855 1898/2431/1854
f 2289/2412/2245 2290/2411/2246 1898/2431/1854 1897/2432/1853
f 1883/2433/1839 2289/2412/2245 1897/2432/1853 1801/2434/1757
f 1884/2435/1840 2282/2405/2238 2289/2412/2245 1883/2433/1839
f 1885/2436/1841 2275/2398/2231 2282/2405/2238 1884/2435/1840
f 1886/2437/1842 2268/2391/2224 2275/2398/2231 1885/2436/1841
f 1887/2438/1843 2261/2384/2217 2268/2391/2224 1886/2437/1842
f 1888/2439/1844 2254/2372/2210 2261/2384/2217 1887/2438/1843
f 1889/2419/1845 2247/2369/2203 2254/2372/2210 1888/2439/1844
f 2296/2440/2252 2297/2441/2253 2304/2442/2260 2303/2443/2259
f 2297/2441/2253 2298/2444/2254 2305/2445/2261 2304/2442/2260
f 2298/2444/2254 2299/2446/2255 2306/2447/2262 2305/2445/2261
f 2299/2446/2255 2300/2448/2256 2307/2449/2263 2306/2447/2262
f 2300/2448/2256 2301/2450/2257 2308/2451/2264 2307/2449/2263
f 2301/2450/2257 2302/2452/2258 2309/2453/2265 2308/2451/2264
f 2303/2443/2259 2304/2442/2260 2311/2454/2267 2310/2455/2266
f 2304/2442/2260 2305/2445/2261 2312/2456/2268 2311/2454/2267
f 2305/2445/2261 2306/2447/2262 2313/2457/2269 2312/2456/2268
f 2306/2447/2262 2307/2449/2263 2314/2458/2270 2313/2457/2269
f 2307/2449/2263 2308/2451/2264 2315/2459/2271 2314/2458/2270
f 2308/2451/2264 2309/2453/2265 2316/2460/2272 2315/2459/2271
f 2310/2455/2266 2311/2454/2267 2318/2461/2274 2317/2462/2273
f 2311/2454/2267 2312/2456/2268 2319/2463/2275 2318/2461/2274
f 2312/2456/2268 2313/2457/2269 2320/2464/2276 2319/2463/2275
f 2313/2457/2269 2314/2458/2270 2321/2465/2277 2320/2464/2276
f 2314/2458/2270 2315/2459/2271 2322/2466/2278 2321/2465/2277
f 2315/2459/2271 2316/2460/2272 2323/2467/2279 2322/2466/2278
f 2317/2462/2273 2318/2461/2274 2325/2468/2281 2324/2469/2280
f 2318/2461/2274 2319/2463/2275 2326/2470/2282 2325/2468/2281
f 2319/2463/2275 2320/2464/2276 2327/2471/2283 2326/2470/2282
f 2320/2464/2276 2321/2465/2277 2328/2472/2284 2327/2471/2283
f 2321/2465/2277 2322/2466/2278 2329/2473/2285 2328/2472/2284
f 2322/2466/2278 2323/2467/2279 2330/2474/2286 2329/2473/2285
f 2324/2469/2280 2325/2468/2281 2332/2475/2288 2331/2476/2287
f 2325/2468/2281 2326/2470/2282 2333/2477/2289 2332/2475/2288
f 2326/2470/2282 2327/2471/2283 2334/2478/2290 2333/2477/2289
f 2327/2471/2283 2328/2472/2284 2335/2479/2291 2334/2478/2290
f 2328/2472/2284 2329/2473/2285 2336/2480/2292 2335/2479/2291
f 2329/2473/2285 2330/2474/2286 2337/2481/2293 2336/2480/2292
f 2331/2476/2287 2332/2475/2288 2339/2482/2295 2338/2483/2294
f 2332/2475/2288 2333/2477/2289 2340/2484/2296 2339/2482/2295
f 2333/2477/2289 2334/2478/2290 2341/2485/2297 2340/2484/2296
f 2334/2478/2290 2335/2479/2291 2342/2486/2298 2341/2485/2297
f 2335/2479/2291 2336/2480/2292 2343/2487/2299 2342/2486/2298
f 2336/2480/2292 2337/2481/2293 2344/2488/2300 2343/2487/2299
f 1807/2274/1763 1861/2489/1817 2296/2440/2252 1868/2275/1824
f 1861/2489/1817 1860/2490/1816 2297/2441/2253 2296/2440/2252
f 1860/2490/1816 1859/2491/1815 2298/2444/2254 2297/2441/2253
f 1859/2491/1815 1858/2492/1814 2299/2446/2255 2298/2444/2254
f 1858/2492/1814 1857/2493/1813 2300/2448/2256 2299/2446/2255
f 1857/2493/1813 1856/2494/1812 2301/2450/2257 2300/2448/2256
f 1856/2494/1812 1855/2495/1811 2302/2452/2258 2301/2450/2257
f 1855/2495/1811 1811/2066/1767 1932/2121/1888 2302/2452/2258
f 2302/2452/2258 1932/2121/1888 1933/2143/1889 2309/2453/2265
f 2309/2453/2265 1933/2143/1889 1934/2142/1890 2316/2460/2272
f 2316/2460/2272 1934/2142/1890 1935/2141/1891 2323/2467/2279
f 2323/2467/2279 1935/2141/1891 1936/2140/1892 2330/2474/2286
f 2330/2474/2286 1936/2140/1892 1937/2139/1893 2337/2481/2293
f 2337/2481/2293 1937/2139/1893 1938/2137/1894 2344/2488/2300
f 2344/2488/2300 1938/2137/1894 1812/2138/1768 1876/2425/1832
f 2343/2487/2299 2344/2488/2300 1876/2425/1832 1877/2424/1833
f 2342/2486/2298 2343/2487/2299 1877/2424/1833 1878/2423/1834
f 2341/2485/2297 2342/2486/2298 1878/2423/1834 1879/2422/1835
f 2340/2484/2296 2341/2485/2297 1879/2422/1835 1880/2421/1836
f 2339/2482/2295 2340/2484/2296 1880/2421/1836 1881/2420/1837
f 2338/2483/2294 2339/2482/2295 1881/2420/1837 1882/2418/1838
f 1862/2281/1818 2338/2483/2294 1882/2418/1838 1805/2282/1761
f 1863/2280/1819 2331/2476/2287 2338/2483/2294 1862/2281/1818
f 1864/2279/1820 2324/2469/2280 2331/2476/2287 1863/2280/1819
f 1865/2278/1821 2317/2462/2273 2324/2469/2280 1864/2279/1820
f 1866/2277/1822 2310/2455/2266 2317/2462/2273 1865/2278/1821
f 1867/2276/1823 2303/2443/2259 2310/2455/2266 1866/2277/1822
f 1868/2275/1824 2296/2440/2252 2303/2443/2259 1867/2276/1823
f 2345/2496/2301 2346/2497/2302 2353/2498/2309 2352/2499/2308
f 2346/2497/2302 2347/2500/2303 2354/2501/2310 2353/2498/2309
f 2347/2500/2303 2348/2502/2304 2355/2503/2311 2354/2501/2310
f 2348/2502/2304 2349/2504/2305 2356/2505/2312 2355/2503/2311
f 2349/2504/2305 2350/2506/2306 2357/2507/2313 2356/2505/2312
f 2350/2506/2306 2351/2508/2307 2358/2509/2314 2357/2507/2313
f 2352/2499/2308 2353/2498/2309 2360/2510/2316 2359/2511/2315
f 2353/2498/2309 2354/2501/2310 2361/2512/2317 2360/2510/2316
f 2354/2501/2310 2355/2503/2311 2362/2513/2318 2361/2512/2317
f 2355/2503/2311 2356/2505/2312 2363/2514/2319 2362/2513/2318
f 2356/2505/2312 2357/2507/2313 2364/2515/2320 2363/2514/2319
f 2357/2507/2313 2358/2509/2314 2365/2516/2321 2364/2515/2320
f 2359/2511/2315 2360/2510/2316 2367/2517/2323 2366/2518/2322
f 2360/2510/2316 2361/2512/2317 2368/2519/2324 2367/2517/2323
f 2361/2512/2317 2362/2513/2318 2369/2520/2325 2368/2519/2324
f 2362/2513/2318 2363/2514/2319 2370/2521/2326 2369/2520/2325
f 2363/2514/2319 2364/2515/2320 2371/2522/2327 2370/2521/2326
f 2364/2515/2320 2365/2516/2321 2372/2523/2328 2371/2522/2327
f 2366/2518/2322 2367/2517/2323 2374/2524/2330 2373/2525/2329
f 2367/2517/2323 2368/2519/2324 2375/2526/2331 2374/2524/2330
f 2368/2519/2324 2369/2520/2325 2376/2527/2332 2375/2526/2331
f 2369/2520/2325 2370/2521/2326 2377/2528/2333 2376/2527/2332
f 2370/2521/2326 2371/2522/2327 2378/2529/2334 2377/2528/2333
f 2371/2522/2327 2372/2523/2328 2379/2530/2335 2378/2529/2334
f 2373/2525/2329 2374/2524/2330 2381/2531/2337 2380/2532/2336
f 2374/2524/2330 2375/2526/2331 2382/2533/2338 2381/2531/2337
f 2375/2526/2331 2376/2527/2332 2383/2534/2339 2382/2533/2338
f 2376/2527/2332 2377/2528/2333 2384/2535/2340 2383/2534/2339
f 2377/2528/2333 2378/2529/2334 2385/2536/2341 2384/2535/2340
f 2378/2529/2334 2379/2530/2335 2386/2537/2342 2385/2536/2341
f 2380/2532/2336 2381/2531/2337 2388/2538/2344 2387/2539/2343
f 2381/2531/2337 2382/2533/2338 2389/2540/2345 2388/2538/2344
f 2382/2533/2338 2383/2534/2339 2390/2541/2346 2389/2540/2345
f 2383/2534/2339 2384/2535/2340 2391/2542/2347 2390/2541/2346
f 2384/2535/2340 2385/2536/2341 2392/2543/2348 2391/2542/2347
f 2385/2536/2341 2386/2537/2342 2393/2544/2349 2392/2543/2348
f 1803/2545/1759 1840/2546/1796 2345/2496/2301 1847/2547/1803
f 1840/2546/1796 1839/2548/1795 2346/2497/2302 2345/2496/2301
f 1839/2548/1795 1838/2549/1794 2347/2500/2303 2346/2497/2302
f 1838/2549/1794 1837/2550/1793 2348/2502/2304 2347/2500/2303
f 1837/2550/1793 1836/2551/1792 2349/2504/2305 2348/2502/2304
f 1836/2551/1792 1835/2552/1791 2350/2506/2306 2349/2504/2305
f 1835/2552/1791 1834/2553/1790 2351/2508/2307 2350/2506/2306
f 1834/2553/1790 1810/1994/1766 1939/2049/1895 2351/2508/2307
f 2351/2508/2307 1939/2049/1895 1940/2071/1896 2358/2509/2314
f 2358/2509/2314 1940/2071/1896 1941/2070/1897 2365/2516/2321
f 2365/2516/2321 1941/2070/1897 1942/2069/1898 2372/2523/2328
f 2372/2523/2328 1942/2069/1898 1943/2068/1899 2379/2530/2335
f 2379/2530/2335 1943/2068/1899 1944/2067/1900 2386/2537/2342
f 2386/2537/2342 1944/2067/1900 1945/2065/1901 2393/2544/2349
f 2393/2544/2349 1945/2065/1901 1811/2066/1767 1855/2495/1811
f 2392/2543/2348 2393/2544/2349 1855/2495/1811 1856/2494/1812
f 2391/2542/2347 2392/2543/2348 1856/2494/1812 1857/2493/1813
f 2390/2541/2346 2391/2542/2347 1857/2493/1813 1858/2492/1814
f 2389/2540/2345 2390/2541/2346 1858/2492/1814 1859/2491/1815
f 2388/2538/2344 2389/2540/2345 1859/2491/1815 1860/2490/1816
f 2387/2539/2343 2388/2538/2344 1860/2490/1816 1861/2489/1817
f 1841/2554/1797 2387/2539/2343 1861/2489/1817 1807/2274/1763
f 1842/2555/1798 2380/2532/2336 2387/2539/2343 1841/2554/1797
f 1843/2556/1799 2373/2525/2329 2380/2532/2336 1842/2555/1798
f 1844/2557/1800 2366/2518/2322 2373/2525/2329 1843/2556/1799
f 1845/2558/1801 2359/2511/2315 2366/2518/2322 1844/2557/1800
f 1846/2559/1802 2352/2499/2308 2359/2511/2315 1845/2558/1801
f 1847/2547/1803 2345/2496/2301 2352/2499/2308 1846/2559/1802
f 2394/2560/2350 2395/2561/2351 2402/2562/2358 2401/2563/2357
f 2395/2561/2351 2396/2564/2352 2403/2565/2359 2402/2562/2358
f 2396/2564/2352 2397/2566/2353 2404/2567/2360 2403/2565/2359
f 2397/2566/2353 2398/2568/2354 2405/2569/2361 2404/2567/2360
f 2398/2568/2354 2399/2570/2355 2406/2571/2362 2405/2569/2361
f 2399/2570/2355 2400/2572/2356 2407/2573/2363 2406/2571/2362
f 2401/2563/2357 2402/2562/2358 2409/2574/2365 2408/2575/2364
f 2402/2562/2358 2403/2565/2359 2410/2576/2366 2409/2574/2365
f 2403/2565/2359 2404/2567/2360 2411/2577/2367 2410/2576/2366
f 2404/2567/2360 2405/2569/2361 2412/2578/2368 2411/2577/2367
f 2405/2569/2361 2406/2571/2362 2413/2579/2369 2412/2578/2368
f 2406/2571/2362 2407/2573/2363 2414/2580/2370 2413/2579/2369
f 2408/2575/2364 2409/2574/2365 2416/2581/2372 2415/2582/2371
f 2409/2574/2365 2410/2576/2366 2417/2583/2373 2416/2581/2372
f 2410/2576/2366 2411/2577/2367 2418/2584/2374 2417/2583/2373
f 2411/2577/2367 2412/2578/2368 2419/2585/2375 2418/2584/2374
f 2412/2578/2368 2413/2579/2369 2420/2586/2376 2419/2585/2375
f 2413/2579/2369 2414/2580/2370 2421/2587/2377 2420/2586/2376
f 2415/2582/2371 2416/2581/2372 2423/2588/2379 2422/2589/2378
f 2416/2581/2372 2417/2583/2373 2424/2590/2380 2423/2588/2379
f 2417/2583/2373 2418/2584/2374 2425/2591/2381 2424/2590/2380
f 2418/2584/2374 2419/2585/2375 2426/2592/2382 2425/2591/2381
f 2419/2585/2375 2420/2586/2376 2427/2593/2383 2426/2592/2382
f 2420/2586/2376 2421/2587/2377 2428/2594/2384 2427/2593/2383
f 2422/2589/2378 2423/2588/2379 2430/2595/2386 2429/2596/2385
f 2423/2588/2379 2424/2590/2380 2431/2597/2387 2430/2595/2386
f 2424/2590/2380 2425/2591/2381 2432/2598/2388 2431/2597/2387
f 2425/2591/2381 2426/2592/2382 2433/2599/2389 2432/2598/2388
f 2426/2592/2382 2427/2593/2383 2434/2600/2390 2433/2599/2389
f 2427/2593/2383 2428/2594/2384 2435/2601/2391 2434/2600/2390
f 2429/2596/2385 2430/2595/2386 2437/2602/2393 2436/2603/2392
f 2430/2595/2386 2431/2597/2387 2438/2604/2394 2437/2602/2393
f 2431/2597/2387 2432/2598/2388 2439/2605/2395 2438/2604/2394
f 2432/2598/2388 2433/2599/2389 2440/2606/2396 2439/2605/2395
f 2433/2599/2389 2434/2600/2390 2441/2607/2397 2440/2606/2396
f 2434/2600/2390 2435/2601/2391 2442/2608/2398 2441/2607/2397
f 1801/2609/1757 1897/2610/1853 2394/2560/2350 1819/2611/1775
f 1897/2610/1853 1898/2612/1854 2395/2561/2351 2394/2560/2350
f 1898/2612/1854 1899/2613/1855 2396/2564/2352 2395/2561/2351
f 1899/2613/1855 1900/2614/1856 2397/2566/2353 2396/2564/2352
f 1900/2614/1856 1901/2615/1857 2398/2568/2354 2397/2566/2353
f 1901/2615/1857 1902/2616/1858 2399/2570/2355 2398/2568/2354
f 1902/2616/1858 1903/2617/1859 2400/2572/2356 2399/2570/2355
f 1903/2617/1859 1809/1968/1765 1946/1970/1902 2400/2572/2356
f 2400/2572/2356 1946/1970/1902 1947/1999/1903 2407/2573/2363
f 2407/2573/2363 1947/1999/1903 1948/1998/1904 2414/2580/2370
f 2414/2580/2370 1948/1998/1904 1949/1997/1905 2421/2587/2377
f 2421/2587/2377 1949/1997/1905 1950/1996/1906 2428/2594/2384
f 2428/2594/2384 1950/1996/1906 1951/1995/1907 2435/2601/2391
f 2435/2601/2391 1951/1995/1907 1952/1993/1908 2442/2608/2398
f 2442/2608/2398 1952/1993/1908 1810/1994/1766 1834/2553/1790
f 2441/2607/2397 2442/2608/2398 1834/2553/1790 1835/2552/1791
f 2440/2606/2396 2441/2607/2397 1835/2552/1791 1836/2551/1792
f 2439/2605/2395 2440/2606/2396 1836/2551/1792 1837/2550/1793
f 2438/2604/2394 2439/2605/2395 1837/2550/1793 1838/2549/1794
f 2437/2602/2393 2438/2604/2394 1838/2549/1794 1839/2548/1795
f 2436/2603/2392 2437/2602/2393 1839/2548/1795 1840/2546/1796
f 1813/2618/1769 2436/2603/2392 1840/2546/1796 1803/2545/1759
f 1814/2619/1770 2429/2596/2385 2436/2603/2392 1813/2618/1769
f 1815/2620/1771 2422/2589/2378 2429/2596/2385 1814/2619/1770
f 1816/2621/1772 2415/2582/2371 2422/2589/2378 1815/2620/1771
f 1817/2622/1773 2408/2575/2364 2415/2582/2371 1816/2621/1772
f 1818/2623/1774 2401/2563/2357 2408/2575/2364 1817/2622/1773
f 1819/2611/1775 2394/2560/2350 2401/2563/2357 1818/2623/1774
o Cylinder.006
v 0.003375 -1.044847 -0.094309
v 0.003375 -0.751222 -0.116160
v 0.021428 -1.055125 -0.088498
v 0.027736 -0.748430 -0.120209
v 0.039378 -1.051186 -0.084660
v 0.048482 -0.751460 -0.106638
v 0.056488 -1.047313 -0.077230
v 0.069104 -0.751269 -0.096112
v 0.071566 -1.045183 -0.065932
v 0.089382 -0.749830 -0.083749
v 0.079504 -1.057610 -0.048609
v 0.105834 -0.749140 -0.066203
v 0.091452 -1.047992 -0.034224
v 0.109859 -0.752591 -0.041849
v 0.095277 -1.052150 -0.016022
v 0.119350 -0.751296 -0.020811
v 0.099446 -1.046112 0.002258
v 0.115157 -0.754096 0.002258
v 0.094051 -1.055336 0.020295
v 0.115560 -0.752970 0.024573
v 0.092900 -1.043998 0.039341
v 0.105743 -0.754520 0.044661
v 0.082776 -1.047582 0.055312
v 0.102441 -0.750907 0.068452
v 0.069581 -1.052334 0.068465
v 0.086848 -0.751383 0.085731
v 0.056972 -1.045090 0.082472
v 0.070602 -0.750102 0.102871
v 0.039598 -1.049722 0.089708
v 0.047229 -0.752878 0.108129
v 0.022612 -1.039657 0.098968
v 0.026155 -0.751939 0.116778
v 0.003375 -1.050152 0.096744
v 0.003375 -0.751788 0.119369
v -0.014962 -1.051402 0.094448
v -0.019475 -0.751782 0.117133
v -0.031556 -1.058324 0.086589
v -0.045929 -0.746710 0.121289
v -0.049386 -1.048926 0.081221
v -0.062894 -0.750848 0.101437
v -0.062815 -1.052390 0.068449
v -0.084773 -0.748519 0.090406
v -0.075822 -1.048205 0.055176
v -0.090282 -0.753724 0.064838
v -0.084993 -1.047188 0.038862
v -0.110014 -0.749354 0.049226
v -0.089371 -1.049956 0.020707
v -0.117123 -0.749299 0.026227
v -0.091211 -1.049896 0.002258
v -0.115063 -0.751213 0.002258
v -0.092956 -1.040638 -0.016903
v -0.114549 -0.750436 -0.021198
v -0.083479 -1.051364 -0.033718
v -0.109011 -0.749824 -0.044294
v -0.074540 -1.052135 -0.049803
v -0.099487 -0.748930 -0.066472
v -0.062739 -1.052664 -0.063856
v -0.073013 -0.755721 -0.074130
v -0.047771 -1.056334 -0.074287
v -0.063521 -0.750359 -0.097859
v -0.032233 -1.053814 -0.083708
v -0.044283 -0.748573 -0.112798
v -0.015622 -1.042789 -0.093246
v -0.018925 -0.753003 -0.109852
v 0.003375 -0.791691 -0.071930
v 0.019477 -0.798943 -0.078689
v 0.033080 -0.794675 -0.069456
v 0.048292 -0.797480 -0.064965
v 0.057818 -0.794129 -0.052184
v 0.067182 -0.793908 -0.040376
v 0.068742 -0.788704 -0.024817
v 0.075035 -0.790713 -0.011996
v 0.083523 -0.796870 0.002258
v 0.079414 -0.794594 0.017383
v 0.080906 -0.800148 0.034373
v 0.067199 -0.793926 0.044904
v 0.056286 -0.792245 0.055169
v 0.049291 -0.799042 0.070977
v 0.034553 -0.798021 0.077528
v 0.019073 -0.797147 0.081178
v 0.003375 -0.795825 0.081203
v -0.011815 -0.794885 0.078625
v -0.024364 -0.790211 0.069227
v -0.036956 -0.790305 0.062618
v -0.054183 -0.797958 0.059817
v -0.061305 -0.794821 0.045476
v -0.069326 -0.795604 0.032372
v -0.071105 -0.793212 0.017073
v -0.083764 -0.802947 0.002258
v -0.070027 -0.792257 -0.012342
v -0.066384 -0.792836 -0.026637
v -0.055184 -0.788422 -0.036870
v -0.049166 -0.791791 -0.050283
v -0.037647 -0.791386 -0.059136
v -0.026224 -0.794434 -0.069199
v -0.013262 -0.801329 -0.081381
v 0.013147 -0.876152 -0.046869
v 0.016767 -0.957747 -0.065065
v 0.014253 -0.919513 -0.052426
v 0.024561 -0.877378 -0.048890
v 0.029491 -0.958022 -0.060791
v 0.022526 -0.920675 -0.043976
v 0.036067 -0.878188 -0.046669
v 0.040080 -0.959522 -0.052674
v 0.030427 -0.920950 -0.038227
v 0.039944 -0.876530 -0.034311
v 0.046993 -0.962543 -0.041360
v 0.039894 -0.920349 -0.034261
v 0.046848 -0.876662 -0.026789
v 0.055614 -0.961756 -0.032646
v 0.054394 -0.918372 -0.031831
v 0.052516 -0.876873 -0.018097
v 0.067548 -0.957183 -0.024323
v 0.057484 -0.918941 -0.020154
v 0.065753 -0.879294 -0.010149
v 0.066394 -0.960773 -0.010277
v 0.054844 -0.920180 -0.007979
v 0.059882 -0.877645 0.002258
v 0.068422 -0.960226 0.002258
v 0.053152 -0.920729 0.002258
v 0.063454 -0.878749 0.014209
v 0.064160 -0.962343 0.014349
v 0.055392 -0.920066 0.012605
v 0.057156 -0.878041 0.024535
v 0.063416 -0.960267 0.027128
v 0.050127 -0.920561 0.021623
v 0.049851 -0.877503 0.033313
v 0.055435 -0.961904 0.037044
v 0.046910 -0.920204 0.031348
v 0.037699 -0.875792 0.036582
v 0.055894 -0.953865 0.054777
v 0.041625 -0.919851 0.040509
v 0.033303 -0.877031 0.047048
v 0.039532 -0.960202 0.056371
v 0.032946 -0.920027 0.046515
v 0.026383 -0.878485 0.057803
v 0.028901 -0.959085 0.063883
v 0.024189 -0.919791 0.052507
v 0.013630 -0.876728 0.053815
v 0.017236 -0.956090 0.071939
v 0.014103 -0.919668 0.056192
v 0.003375 -0.877863 0.059704
v 0.003375 -0.959306 0.068639
v 0.003375 -0.920639 0.052481
v -0.007554 -0.877531 0.057202
v -0.009967 -0.957921 0.069335
v -0.007733 -0.919272 0.058105
v -0.017491 -0.877184 0.052633
v -0.023488 -0.956676 0.067111
v -0.018916 -0.919005 0.056074
v -0.025570 -0.876620 0.045578
v -0.036382 -0.955734 0.061760
v -0.024458 -0.920664 0.043913
v -0.034577 -0.876985 0.040210
v -0.043126 -0.959732 0.048759
v -0.037898 -0.918981 0.043532
v -0.041054 -0.876930 0.031945
v -0.045557 -0.964497 0.034954
v -0.038082 -0.920712 0.029959
v -0.046251 -0.876995 0.022814
v -0.059093 -0.958455 0.028134
v -0.049206 -0.919277 0.024038
v -0.056196 -0.878629 0.014108
v -0.059318 -0.961001 0.014729
v -0.048024 -0.920194 0.012482
v -0.046686 -0.876145 0.002258
v -0.062774 -0.959465 0.002258
v -0.049021 -0.920196 0.002258
v -0.060380 -0.879621 -0.010423
v -0.063827 -0.957832 -0.011109
v -0.050148 -0.919754 -0.008388
v -0.042984 -0.876173 -0.016944
v -0.057627 -0.959549 -0.023009
v -0.040615 -0.921169 -0.015963
v -0.043227 -0.877538 -0.028880
v -0.054582 -0.957015 -0.036467
v -0.040083 -0.920223 -0.026779
v -0.036507 -0.877620 -0.037624
v -0.042337 -0.960501 -0.043454
v -0.033620 -0.920212 -0.034737
v -0.023038 -0.875560 -0.037272
v -0.035435 -0.956910 -0.055825
v -0.028830 -0.919062 -0.045941
v -0.019344 -0.878310 -0.052590
v -0.025277 -0.953453 -0.066914
v -0.016326 -0.920382 -0.045306
v -0.007807 -0.877833 -0.053958
v -0.010232 -0.956985 -0.066149
v -0.008010 -0.918983 -0.054978
v 0.003375 -0.962461 -0.059546
v 0.003375 -0.876936 -0.051201
v 0.003375 -0.919792 -0.052126
v 0.003375 -1.052118 -0.120497
v 0.026955 -1.050969 -0.116286
v 0.049840 -1.051305 -0.109918
v 0.069301 -1.049628 -0.096406
v 0.083438 -1.046320 -0.077804
v 0.100658 -1.048617 -0.062744
v 0.112695 -1.049423 -0.043023
v 0.117677 -1.048337 -0.020478
v 0.124161 -1.050919 0.002258
v 0.117237 -1.048064 0.024907
v 0.114201 -1.050415 0.048164
v 0.095035 -1.044503 0.063503
v 0.083479 -1.046356 0.082362
v 0.069387 -1.049723 0.101052
v 0.048394 -1.049006 0.110944
v 0.026355 -1.049096 0.117784
v 0.003375 -1.048521 0.119102
v -0.020116 -1.050691 0.120354
v -0.042603 -1.050531 0.113260
v -0.058806 -1.045527 0.095318
v -0.079102 -1.048398 0.084735
v -0.091781 -1.047061 0.065839
v -0.103770 -1.047991 0.046639
v -0.106830 -1.045797 0.024180
v -0.112633 -1.048013 0.002258
v -0.114786 -1.050731 -0.021245
v -0.106588 -1.049847 -0.043290
v -0.090253 -1.045943 -0.060302
v -0.076972 -1.046565 -0.078089
v -0.063947 -1.051157 -0.098496
v -0.041476 -1.048739 -0.106022
v -0.020671 -1.052424 -0.118632
v 0.003375 -0.948448 -0.039003
v 0.011671 -0.945614 -0.039446
v 0.018924 -0.949868 -0.035279
v 0.026878 -0.946103 -0.032916
v 0.032480 -0.948673 -0.026847
v 0.035714 -0.953773 -0.019350
v 0.042230 -0.946659 -0.013836
v 0.040127 -0.956970 -0.005052
v 0.045932 -0.945534 0.002258
v 0.043550 -0.949121 0.010250
v 0.041249 -0.949047 0.017946
v 0.037278 -0.949543 0.024911
v 0.031447 -0.951961 0.030330
v 0.026315 -0.948383 0.036590
v 0.019291 -0.947709 0.040682
v 0.011767 -0.944503 0.044447
v 0.003375 -0.946458 0.044404
v -0.004364 -0.952022 0.041168
v -0.011714 -0.952568 0.038686
v -0.019866 -0.947163 0.037041
v -0.023622 -0.955377 0.029256
v -0.030505 -0.949604 0.024896
v -0.035611 -0.946340 0.018407
v -0.033758 -0.956095 0.009644
v -0.037188 -0.950017 0.002258
v -0.038752 -0.944644 -0.006121
v -0.033592 -0.951255 -0.013054
v -0.028196 -0.955847 -0.018837
v -0.024498 -0.952591 -0.025615
v -0.017257 -0.957721 -0.028620
v -0.012003 -0.950869 -0.034867
v -0.004296 -0.952814 -0.036306
vn -0.1178 -0.7995 0.5891
vn -0.0525 0.3085 -0.9498
vn -0.2064 -0.8312 0.5163
vn 0.1309 0.2880 -0.9486
vn -0.0942 -0.8347 0.5427
vn 0.4638 0.2057 -0.8617
vn -0.1891 -0.8265 0.5302
vn 0.5355 0.2770 -0.7978
vn -0.4951 -0.8529 0.1658
vn 0.7260 0.2561 -0.6382
vn -0.4287 -0.8725 0.2345
vn 0.8841 0.2442 -0.3983
vn -0.3823 -0.8960 0.2258
vn 0.9674 0.0206 -0.2522
vn -0.5026 -0.8559 0.1216
vn 0.8981 0.2393 -0.3690
vn -0.4921 -0.8703 0.0194
vn 0.9856 0.1486 -0.0811
vn -0.5324 -0.8402 -0.1033
vn 0.9475 0.2952 0.1229
vn -0.5400 -0.8383 -0.0758
vn 0.9205 0.1310 0.3682
vn -0.3093 -0.8709 -0.3819
vn 0.7209 0.2627 0.6414
vn -0.3411 -0.8761 -0.3407
vn 0.7791 0.2566 0.5719
vn -0.3423 -0.8480 -0.4045
vn 0.6277 0.2921 0.7216
vn -0.3241 -0.8022 -0.5014
vn 0.3064 0.1989 0.9309
vn -0.1220 -0.8055 -0.5799
vn 0.1596 0.2910 0.9433
vn 0.2509 -0.8058 -0.5364
vn -0.0449 0.2790 0.9592
vn 0.2954 -0.8531 -0.4300
vn -0.2747 0.0627 0.9595
vn 0.0679 -0.8690 -0.4901
vn -0.4634 0.2130 0.8601
vn 0.1323 -0.9154 -0.3802
vn -0.3834 -0.0604 0.9216
vn 0.3531 -0.8815 -0.3134
vn -0.6011 0.2810 0.7481
vn 0.2987 -0.8608 -0.4121
vn -0.8641 -0.1228 0.4882
vn 0.4759 -0.8720 -0.1144
vn -0.8901 0.2574 0.3762
vn 0.4736 -0.8805 -0.0186
vn -0.9066 0.2828 0.3132
vn 0.5115 -0.8342 -0.2062
vn -0.9541 0.2984 -0.0246
vn 0.5532 -0.8194 0.1502
vn -0.8770 0.2840 -0.3876
vn 0.3839 -0.8329 0.3986
vn -0.8554 0.2362 -0.4610
vn 0.3482 -0.9073 0.2355
vn -0.7336 0.2187 -0.6434
vn 0.1646 -0.9108 0.3785
vn -0.7115 -0.3451 -0.6121
vn 0.2345 -0.8899 0.3912
vn -0.6689 0.2405 -0.7033
vn 0.4235 -0.8399 0.3394
vn -0.5371 0.2559 -0.8038
vn 0.2522 -0.7992 0.5456
vn -0.0933 0.0756 -0.9928
vn 0.0740 -0.4766 -0.8760
vn 0.0815 -0.5129 -0.8546
vn 0.3067 -0.4779 -0.8231
vn 0.5116 -0.4903 -0.7056
vn 0.6978 -0.4945 -0.5182
vn 0.7805 -0.5130 -0.3572
vn 0.7950 -0.4888 -0.3594
vn 0.7956 -0.4668 -0.3861
vn 0.8950 -0.4426 -0.0555
vn 0.8972 -0.4321 0.0912
vn 0.8070 -0.4461 0.3871
vn 0.5642 -0.4723 0.6772
vn 0.6724 -0.4968 0.5487
vn 0.6581 -0.4833 0.5773
vn 0.2718 -0.4642 0.8430
vn 0.1098 -0.4643 0.8788
vn -0.0200 -0.4744 0.8801
vn -0.3037 -0.4851 0.8200
vn -0.4584 -0.5035 0.7324
vn -0.3493 -0.4981 0.7937
vn -0.5368 -0.5117 0.6708
vn -0.7608 -0.4799 0.4369
vn -0.7781 -0.4879 0.3956
vn -0.8306 -0.4768 0.2878
vn -0.8786 -0.4773 0.0157
vn -0.7907 -0.4752 -0.3860
vn -0.7227 -0.5001 -0.4771
vn -0.7282 -0.4964 -0.4726
vn -0.6024 -0.5006 -0.6217
vn -0.5745 -0.5024 -0.6462
vn -0.5913 -0.4786 -0.6491
vn -0.0430 -0.4768 -0.8780
vn 0.1615 -0.1398 -0.9769
vn 0.0921 0.4224 -0.9017
vn 0.1934 0.1817 -0.9642
vn 0.2976 -0.1883 -0.9359
vn 0.4614 0.4481 -0.7657
vn 0.4572 0.1552 -0.8757
vn 0.5961 -0.2148 -0.7736
vn 0.6208 0.4373 -0.6507
vn 0.6270 0.1171 -0.7701
vn 0.7267 -0.1458 -0.6713
vn 0.6144 0.3762 -0.6936
vn 0.5965 0.1076 -0.7953
vn 0.8089 -0.0702 -0.5837
vn 0.6181 0.3307 -0.7131
vn 0.6644 0.1386 -0.7345
vn 0.8868 -0.0658 -0.4575
vn 0.8811 0.3661 -0.2994
vn 0.9337 0.1334 -0.3323
vn 0.9495 -0.1579 -0.2711
vn 0.9179 0.3965 -0.0175
vn 0.9963 0.0817 0.0257
vn 0.9802 -0.1980 -0.0072
vn 0.9072 0.4183 0.0442
vn 0.9968 0.0673 0.0422
vn 0.9710 -0.2143 0.1061
vn 0.8983 0.4036 0.1738
vn 0.9864 0.0497 0.1569
vn 0.8452 -0.2102 0.4913
vn 0.8365 0.4081 0.3656
vn 0.8928 0.0664 0.4455
vn 0.6421 -0.1567 0.7504
vn 0.8493 0.3878 0.3581
vn 0.8570 0.1282 0.4991
vn 0.7220 -0.1215 0.6811
vn 0.6964 0.4334 0.5720
vn 0.7050 0.2115 0.6769
vn 0.7867 -0.1492 0.5991
vn 0.4042 0.4025 0.8213
vn 0.5949 0.1636 0.7870
vn 0.3453 -0.1873 0.9196
vn 0.4718 0.4014 0.7851
vn 0.4731 0.1376 0.8702
vn 0.0685 -0.1670 0.9836
vn 0.1292 0.4330 0.8921
vn 0.0643 0.1670 0.9839
vn 0.0652 -0.1730 0.9828
vn -0.0213 0.4165 0.9089
vn 0.0513 0.1430 0.9884
vn -0.2402 -0.1266 0.9624
vn -0.0093 0.4012 0.9160
vn -0.0026 0.1518 0.9884
vn -0.5754 -0.0933 0.8125
vn -0.3813 0.4147 0.8262
vn -0.5093 0.2071 0.8353
vn -0.4792 -0.1124 0.8705
vn -0.5868 0.4152 0.6952
vn -0.5898 0.1986 0.7828
vn -0.6348 -0.1456 0.7588
vn -0.8080 0.3865 0.4446
vn -0.7892 0.1563 0.5939
vn -0.8465 -0.1511 0.5105
vn -0.7642 0.3693 0.5288
vn -0.8322 0.0969 0.5459
vn -0.8353 -0.1494 0.5292
vn -0.7997 0.3965 0.4509
vn -0.8274 0.1056 0.5515
vn -0.9683 -0.1761 0.1772
vn -0.9170 0.3838 0.1084
vn -0.9926 0.1160 0.0360
vn -0.9794 -0.1859 0.0783
vn -0.9030 0.4023 0.1508
vn -0.9820 0.1350 0.1318
vn -0.9136 -0.1961 -0.3562
vn -0.8733 0.4403 -0.2085
vn -0.9397 0.1600 -0.3024
vn -0.8166 -0.1532 -0.5565
vn -0.8171 0.4410 -0.3713
vn -0.8771 0.1626 -0.4519
vn -0.9057 -0.1432 -0.3991
vn -0.7411 0.4414 -0.5060
vn -0.9045 0.1647 -0.3934
vn -0.6446 -0.1131 -0.7561
vn -0.7074 0.3940 -0.5868
vn -0.7138 0.1540 -0.6832
vn -0.6132 -0.0998 -0.7836
vn -0.6685 0.4174 -0.6156
vn -0.6546 0.2223 -0.7225
vn -0.6538 -0.1387 -0.7439
vn -0.3523 0.4459 -0.8229
vn -0.4843 0.2064 -0.8502
vn -0.0633 -0.1566 -0.9856
vn 0.0351 0.4134 -0.9099
vn -0.0355 0.1575 -0.9869
vn 0.0470 0.3793 -0.9241
vn 0.1866 -0.1135 -0.9759
vn 0.1408 0.1350 -0.9808
vn -0.0791 -0.3945 -0.9155
vn 0.0183 -0.3487 -0.9371
vn 0.4872 -0.3473 -0.8012
vn 0.7303 -0.3599 -0.5807
vn 0.6657 -0.3148 -0.6766
vn 0.6625 -0.2951 -0.6885
vn 0.8802 -0.3347 -0.3364
vn 0.9290 -0.3495 -0.1215
vn 0.9429 -0.3324 0.0207
vn 0.9209 -0.3224 0.2193
vn 0.8116 -0.3393 0.4755
vn 0.8363 -0.3493 0.4227
vn 0.7161 -0.3727 0.5902
vn 0.4561 -0.3631 0.8125
vn 0.3895 -0.4004 0.8294
vn 0.1632 -0.4145 0.8953
vn 0.1182 -0.3737 0.9200
vn -0.0155 -0.3233 0.9462
vn -0.4192 -0.3145 0.8517
vn -0.6554 -0.2944 0.6955
vn -0.7805 -0.3242 0.5344
vn -0.7992 -0.3384 0.4968
vn -0.8291 -0.3630 0.4251
vn -0.9280 -0.3226 0.1863
vn -0.9260 -0.3656 0.0941
vn -0.9132 -0.3894 -0.1201
vn -0.8723 -0.3554 -0.3358
vn -0.7456 -0.2952 -0.5974
vn -0.7867 -0.2809 -0.5497
vn -0.6735 -0.3185 -0.6671
vn -0.2527 -0.3604 -0.8979
vn 0.0932 -0.4029 -0.9105
vn -0.0472 -0.8184 0.5727
vn -0.1876 -0.7749 0.6036
vn -0.1667 -0.7414 0.6500
vn -0.2587 -0.7969 0.5459
vn -0.4853 -0.8211 0.3005
vn -0.5711 -0.7212 0.3920
vn -0.5660 -0.7752 0.2807
vn -0.7151 -0.6746 0.1831
vn -0.6095 -0.7924 0.0253
vn -0.5881 -0.7978 -0.1328
vn -0.5308 -0.8360 -0.1392
vn -0.3995 -0.8239 -0.4021
vn -0.4649 -0.7838 -0.4117
vn -0.3517 -0.8282 -0.4364
vn -0.3015 -0.8120 -0.4998
vn -0.0997 -0.8289 -0.5504
vn 0.2059 -0.7974 -0.5673
vn 0.2789 -0.7808 -0.5590
vn 0.1801 -0.7683 -0.6143
vn 0.3273 -0.7804 -0.5328
vn 0.5190 -0.7130 -0.4715
vn 0.4122 -0.8111 -0.4151
vn 0.6070 -0.7782 -0.1613
vn 0.7077 -0.7045 -0.0537
vn 0.5609 -0.8043 -0.1962
vn 0.5869 -0.7971 0.1422
vn 0.4300 -0.7969 0.4244
vn 0.5265 -0.7557 0.3895
vn 0.3932 -0.7870 0.4754
vn 0.3998 -0.7139 0.5749
vn 0.4184 -0.7718 0.4788
vn 0.2472 -0.7877 0.5643
vt 1.000000 0.928027
vt 1.000000 1.000000
vt 0.968750 1.000000
vt 0.968750 0.928027
vt 0.937500 1.000000
vt 0.937500 0.928027
vt 0.906250 1.000000
vt 0.906250 0.928027
vt 0.875000 1.000000
vt 0.875000 0.928027
vt 0.843750 1.000000
vt 0.843750 0.928027
vt 0.812500 1.000000
vt 0.812500 0.928027
vt 0.781250 1.000000
vt 0.781250 0.928027
vt 0.750000 1.000000
vt 0.750000 0.928027
vt 0.718750 1.000000
vt 0.718750 0.928027
vt 0.687500 1.000000
vt 0.687500 0.928027
vt 0.656250 1.000000
vt 0.656250 0.928027
vt 0.625000 1.000000
vt 0.625000 0.928027
vt 0.593750 1.000000
vt 0.593750 0.928027
vt 0.562500 1.000000
vt 0.562500 0.928027
vt 0.531250 1.000000
vt 0.531250 0.928027
vt 0.500000 1.000000
vt 0.500000 0.928027
vt 0.468750 1.000000
vt 0.468750 0.928027
vt 0.437500 1.000000
vt 0.437500 0.928027
vt 0.406250 1.000000
vt 0.406250 0.928027
vt 0.375000 1.000000
vt 0.375000 0.928027
vt 0.343750 1.000000
vt 0.343750 0.928027
vt 0.312500 1.000000
vt 0.312500 0.928027
vt 0.281250 1.000000
vt 0.281250 0.928027
vt 0.250000 1.000000
vt 0.250000 0.928027
vt 0.218750 1.000000
vt 0.218750 0.928027
vt 0.187500 1.000000
vt 0.187500 0.928027
vt 0.156250 1.000000
vt 0.156250 0.928027
vt 0.125000 1.000000
vt 0.125000 0.928027
vt 0.093750 1.000000
vt 0.093750 0.928027
vt 0.062500 1.000000
vt 0.062500 0.928027
vt 0.296822 0.485388
vt 0.250000 0.490000
vt 0.203178 0.485388
vt 0.158156 0.471731
vt 0.116663 0.449553
vt 0.080294 0.419706
vt 0.050447 0.383337
vt 0.028269 0.341844
vt 0.014612 0.296822
vt 0.010000 0.250000
vt 0.014612 0.203178
vt 0.028269 0.158156
vt 0.050447 0.116663
vt 0.080294 0.080294
vt 0.116663 0.050447
vt 0.158156 0.028269
vt 0.203178 0.014612
vt 0.250000 0.010000
vt 0.296822 0.014612
vt 0.341844 0.028269
vt 0.383337 0.050447
vt 0.419706 0.080294
vt 0.449553 0.116663
vt 0.471731 0.158156
vt 0.485388 0.203178
vt 0.490000 0.250000
vt 0.485388 0.296822
vt 0.471731 0.341844
vt 0.449553 0.383337
vt 0.419706 0.419706
vt 0.383337 0.449553
vt 0.341844 0.471731
vt 0.031250 1.000000
vt 0.031250 0.928027
vt 0.000000 1.000000
vt 0.000000 0.928027
vt 0.787758 0.439822
vt 0.824065 0.428808
vt 0.031250 0.500000
vt 0.031250 0.650765
vt 0.000000 0.650765
vt 0.000000 0.500000
vt 0.062500 0.500000
vt 0.062500 0.650765
vt 0.093750 0.500000
vt 0.093750 0.650765
vt 0.062500 0.650765
vt 0.125000 0.500000
vt 0.125000 0.650765
vt 0.093750 0.650765
vt 0.156250 0.500000
vt 0.156250 0.650765
vt 0.187500 0.500000
vt 0.187500 0.650765
vt 0.218750 0.500000
vt 0.218750 0.650765
vt 0.187500 0.650765
vt 0.250000 0.500000
vt 0.250000 0.650765
vt 0.281250 0.500000
vt 0.281250 0.650765
vt 0.250000 0.650765
vt 0.312500 0.500000
vt 0.312500 0.650765
vt 0.281250 0.650765
vt 0.343750 0.500000
vt 0.343750 0.650765
vt 0.312500 0.650765
vt 0.375000 0.500000
vt 0.375000 0.650765
vt 0.343750 0.650765
vt 0.406250 0.500000
vt 0.406250 0.650765
vt 0.437500 0.500000
vt 0.437500 0.650765
vt 0.468750 0.500000
vt 0.468750 0.650765
vt 0.500000 0.500000
vt 0.500000 0.650765
vt 0.468750 0.650765
vt 0.531250 0.500000
vt 0.531250 0.650765
vt 0.500000 0.650765
vt 0.562500 0.500000
vt 0.562500 0.650765
vt 0.593750 0.500000
vt 0.593750 0.650765
vt 0.562500 0.650765
vt 0.625000 0.500000
vt 0.625000 0.650765
vt 0.593750 0.650765
vt 0.656250 0.500000
vt 0.656250 0.650765
vt 0.687500 0.500000
vt 0.687500 0.650765
vt 0.718750 0.500000
vt 0.718750 0.650765
vt 0.687500 0.650765
vt 0.750000 0.500000
vt 0.750000 0.650765
vt 0.781250 0.500000
vt 0.781250 0.650765
vt 0.750000 0.650765
vt 0.812500 0.500000
vt 0.812500 0.650765
vt 0.843750 0.500000
vt 0.843750 0.650765
vt 0.812500 0.650765
vt 0.875000 0.500000
vt 0.875000 0.650765
vt 0.906250 0.500000
vt 0.906250 0.650765
vt 1.000000 0.788234
vt 0.968750 0.788234
vt 0.937500 0.500000
vt 0.937500 0.650765
vt 0.937500 0.788234
vt 1.000000 0.500000
vt 1.000000 0.650765
vt 0.968750 0.650765
vt 0.968750 0.500000
vt 0.906250 0.788233
vt 0.906250 0.788233
vt 0.875000 0.788234
vt 0.843750 0.788233
vt 0.843750 0.788233
vt 0.812500 0.788234
vt 0.781250 0.788233
vt 0.781250 0.788233
vt 0.750000 0.788233
vt 0.718750 0.788234
vt 0.687500 0.788234
vt 0.656250 0.788233
vt 0.656250 0.788233
vt 0.625000 0.788233
vt 0.625000 0.788233
vt 0.593750 0.788234
vt 0.562500 0.788234
vt 0.531250 0.788233
vt 0.531250 0.788233
vt 0.500000 0.788233
vt 0.468750 0.788234
vt 0.468750 0.788234
vt 0.437500 0.788234
vt 0.406250 0.788233
vt 0.406250 0.788233
vt 0.375000 0.788234
vt 0.343750 0.788234
vt 0.312500 0.788233
vt 0.312500 0.788233
vt 0.281250 0.788233
vt 0.281250 0.788233
vt 0.250000 0.788233
vt 0.218750 0.788234
vt 0.187500 0.788234
vt 0.156250 0.788234
vt 0.125000 0.788234
vt 0.093750 0.788234
vt 0.062500 0.788234
vt 0.031250 0.788233
vt 0.031250 0.788233
vt 0.000000 0.788234
vt 0.968750 0.714013
vt 1.000000 0.714013
vt 0.937500 0.714013
vt 0.937500 0.650765
vt 0.968750 0.650765
vt 0.906250 0.714013
vt 0.875000 0.714013
vt 0.843750 0.714013
vt 0.812500 0.714013
vt 0.781250 0.714013
vt 0.750000 0.714013
vt 0.718750 0.714013
vt 0.687500 0.714013
vt 0.656250 0.714013
vt 0.625000 0.714013
vt 0.593750 0.714013
vt 0.562500 0.714013
vt 0.531250 0.714013
vt 0.500000 0.714013
vt 0.468750 0.714013
vt 0.437500 0.714013
vt 0.406250 0.714013
vt 0.375000 0.714013
vt 0.343750 0.714013
vt 0.312500 0.714013
vt 0.281250 0.714013
vt 0.250000 0.714013
vt 0.218750 0.714013
vt 0.187500 0.714013
vt 0.156250 0.714013
vt 0.125000 0.714013
vt 0.093750 0.714013
vt 0.062500 0.714013
vt 0.031250 0.714013
vt 0.000000 0.714013
vt 0.750000 0.443540
vt 0.750000 0.490000
vt 0.796822 0.485388
vt 0.841844 0.471731
vt 0.857525 0.410923
vt 0.883337 0.449553
vt 0.886854 0.386854
vt 0.919706 0.419706
vt 0.910923 0.357525
vt 0.949553 0.383337
vt 0.928808 0.324065
vt 0.971731 0.341844
vt 0.939822 0.287758
vt 0.985388 0.296822
vt 0.943540 0.250000
vt 0.990000 0.250000
vt 0.939822 0.212242
vt 0.985388 0.203178
vt 0.928808 0.175935
vt 0.971731 0.158156
vt 0.910923 0.142475
vt 0.949553 0.116663
vt 0.886854 0.113146
vt 0.919706 0.080294
vt 0.857525 0.089077
vt 0.883337 0.050447
vt 0.824065 0.071192
vt 0.841844 0.028269
vt 0.787758 0.060178
vt 0.796822 0.014612
vt 0.750000 0.056459
vt 0.750000 0.010000
vt 0.712242 0.060178
vt 0.703178 0.014612
vt 0.675935 0.071192
vt 0.658156 0.028269
vt 0.642475 0.089077
vt 0.616663 0.050447
vt 0.613146 0.113146
vt 0.580294 0.080294
vt 0.589077 0.142475
vt 0.550447 0.116663
vt 0.571192 0.175935
vt 0.528269 0.158156
vt 0.560178 0.212242
vt 0.514612 0.203178
vt 0.556459 0.250000
vt 0.510000 0.250000
vt 0.560178 0.287758
vt 0.514612 0.296822
vt 0.571192 0.324065
vt 0.528269 0.341844
vt 0.589077 0.357525
vt 0.550447 0.383337
vt 0.613146 0.386854
vt 0.580294 0.419706
vt 0.642475 0.410923
vt 0.616663 0.449553
vt 0.675935 0.428808
vt 0.658156 0.471731
vt 0.712242 0.439822
vt 0.703178 0.485388
s 1
usemtl red_baloon
f 2507/2624/2463 2444/2625/2400 2446/2626/2402 2508/2627/2464
f 2508/2627/2464 2446/2626/2402 2448/2628/2404 2509/2629/2465
f 2509/2629/2465 2448/2628/2404 2450/2630/2406 2510/2631/2466
f 2510/2631/2466 2450/2630/2406 2452/2632/2408 2511/2633/2467
f 2511/2633/2467 2452/2632/2408 2454/2634/2410 2512/2635/2468
f 2512/2635/2468 2454/2634/2410 2456/2636/2412 2513/2637/2469
f 2513/2637/2469 2456/2636/2412 2458/2638/2414 2514/2639/2470
f 2514/2639/2470 2458/2638/2414 2460/2640/2416 2515/2641/2471
f 2515/2641/2471 2460/2640/2416 2462/2642/2418 2516/2643/2472
f 2516/2643/2472 2462/2642/2418 2464/2644/2420 2517/2645/2473
f 2517/2645/2473 2464/2644/2420 2466/2646/2422 2518/2647/2474
f 2518/2647/2474 2466/2646/2422 2468/2648/2424 2519/2649/2475
f 2519/2649/2475 2468/2648/2424 2470/2650/2426 2520/2651/2476
f 2520/2651/2476 2470/2650/2426 2472/2652/2428 2521/2653/2477
f 2521/2653/2477 2472/2652/2428 2474/2654/2430 2522/2655/2478
f 2522/2655/2478 2474/2654/2430 2476/2656/2432 2523/2657/2479
f 2523/2657/2479 2476/2656/2432 2478/2658/2434 2524/2659/2480
f 2524/2659/2480 2478/2658/2434 2480/2660/2436 2525/2661/2481
f 2525/2661/2481 2480/2660/2436 2482/2662/2438 2526/2663/2482
f 2526/2663/2482 2482/2662/2438 2484/2664/2440 2527/2665/2483
f 2527/2665/2483 2484/2664/2440 2486/2666/2442 2528/2667/2484
f 2528/2667/2484 2486/2666/2442 2488/2668/2444 2529/2669/2485
f 2529/2669/2485 2488/2668/2444 2490/2670/2446 2530/2671/2486
f 2530/2671/2486 2490/2670/2446 2492/2672/2448 2531/2673/2487
f 2531/2673/2487 2492/2672/2448 2494/2674/2450 2532/2675/2488
f 2532/2675/2488 2494/2674/2450 2496/2676/2452 2533/2677/2489
f 2533/2677/2489 2496/2676/2452 2498/2678/2454 2534/2679/2490
f 2534/2679/2490 2498/2678/2454 2500/2680/2456 2535/2681/2491
f 2535/2681/2491 2500/2680/2456 2502/2682/2458 2536/2683/2492
f 2536/2683/2492 2502/2682/2458 2504/2684/2460 2537/2685/2493
f 2446/2686/2402 2444/2687/2400 2506/2688/2462 2504/2689/2460 2502/2690/2458 2500/2691/2456 2498/2692/2454 2496/2693/2452 2494/2694/2450 2492/2695/2448 2490/2696/2446 2488/2697/2444 2486/2698/2442 2484/2699/2440 2482/2700/2438 2480/2701/2436 2478/2702/2434 2476/2703/2432 2474/2704/2430 2472/2705/2428 2470/2706/2426 2468/2707/2424 2466/2708/2422 2464/2709/2420 2462/2710/2418 2460/2711/2416 2458/2712/2414 2456/2713/2412 2454/2714/2410 2452/2715/2408 2450/2716/2406 2448/2717/2404
f 2537/2685/2493 2504/2684/2460 2506/2718/2462 2538/2719/2494
f 2538/2719/2494 2506/2718/2462 2444/2720/2400 2507/2721/2463
f 2445/2722/2401 2447/2723/2403 2669/2723/2625 2668/2722/2624
f 2666/2724/2622 2630/2725/2586 2632/2726/2588 2635/2727/2591
f 2665/2728/2621 2627/2729/2583 2630/2725/2586 2666/2724/2622
f 2664/2730/2620 2624/2731/2580 2627/2732/2583 2665/2728/2621
f 2663/2733/2619 2621/2734/2577 2624/2735/2580 2664/2730/2620
f 2662/2736/2618 2618/2737/2574 2621/2734/2577 2663/2733/2619
f 2661/2738/2617 2615/2739/2571 2618/2737/2574 2662/2736/2618
f 2660/2740/2616 2612/2741/2568 2615/2742/2571 2661/2738/2617
f 2659/2743/2615 2609/2744/2565 2612/2741/2568 2660/2740/2616
f 2658/2745/2614 2606/2746/2562 2609/2747/2565 2659/2743/2615
f 2657/2748/2613 2603/2749/2559 2606/2750/2562 2658/2745/2614
f 2656/2751/2612 2600/2752/2556 2603/2753/2559 2657/2748/2613
f 2655/2754/2611 2597/2755/2553 2600/2756/2556 2656/2751/2612
f 2654/2757/2610 2594/2758/2550 2597/2755/2553 2655/2754/2611
f 2653/2759/2609 2591/2760/2547 2594/2758/2550 2654/2757/2610
f 2652/2761/2608 2588/2762/2544 2591/2760/2547 2653/2759/2609
f 2651/2763/2607 2585/2764/2541 2588/2765/2544 2652/2761/2608
f 2650/2766/2606 2582/2767/2538 2585/2768/2541 2651/2763/2607
f 2649/2769/2605 2579/2770/2535 2582/2767/2538 2650/2766/2606
f 2648/2771/2604 2576/2772/2532 2579/2773/2535 2649/2769/2605
f 2647/2774/2603 2573/2775/2529 2576/2776/2532 2648/2771/2604
f 2646/2777/2602 2570/2778/2526 2573/2775/2529 2647/2774/2603
f 2645/2779/2601 2567/2780/2523 2570/2778/2526 2646/2777/2602
f 2644/2781/2600 2564/2782/2520 2567/2783/2523 2645/2779/2601
f 2643/2784/2599 2561/2785/2517 2564/2782/2520 2644/2781/2600
f 2642/2786/2598 2558/2787/2514 2561/2788/2517 2643/2784/2599
f 2641/2789/2597 2555/2790/2511 2558/2787/2514 2642/2786/2598
f 2640/2791/2596 2552/2792/2508 2555/2793/2511 2641/2789/2597
f 2639/2794/2595 2549/2795/2505 2552/2792/2508 2640/2791/2596
f 2638/2796/2594 2546/2797/2502 2549/2795/2505 2639/2794/2595
f 2633/2798/2589 2507/2624/2463 2508/2627/2464 2539/2799/2495
f 2637/2800/2593 2543/2801/2499 2546/2797/2502 2638/2796/2594
f 2539/2799/2495 2508/2627/2464 2509/2629/2465 2542/2802/2498
f 2635/2803/2591 2632/2804/2588 2540/2805/2496 2636/2806/2592
f 2542/2802/2498 2509/2629/2465 2510/2631/2466 2545/2807/2501
f 2545/2808/2501 2510/2631/2466 2511/2633/2467 2548/2809/2504
f 2548/2809/2504 2511/2633/2467 2512/2635/2468 2551/2810/2507
f 2551/2811/2507 2512/2635/2468 2513/2637/2469 2554/2812/2510
f 2554/2812/2510 2513/2637/2469 2514/2639/2470 2557/2813/2513
f 2557/2814/2513 2514/2639/2470 2515/2641/2471 2560/2815/2516
f 2560/2815/2516 2515/2641/2471 2516/2643/2472 2563/2816/2519
f 2563/2816/2519 2516/2643/2472 2517/2645/2473 2566/2817/2522
f 2566/2817/2522 2517/2645/2473 2518/2647/2474 2569/2818/2525
f 2569/2819/2525 2518/2647/2474 2519/2649/2475 2572/2820/2528
f 2572/2821/2528 2519/2649/2475 2520/2651/2476 2575/2822/2531
f 2575/2822/2531 2520/2651/2476 2521/2653/2477 2578/2823/2534
f 2578/2823/2534 2521/2653/2477 2522/2655/2478 2581/2824/2537
f 2581/2825/2537 2522/2655/2478 2523/2657/2479 2584/2826/2540
f 2584/2826/2540 2523/2657/2479 2524/2659/2480 2587/2827/2543
f 2587/2828/2543 2524/2659/2480 2525/2661/2481 2590/2829/2546
f 2590/2829/2546 2525/2661/2481 2526/2663/2482 2593/2830/2549
f 2593/2831/2549 2526/2663/2482 2527/2665/2483 2596/2832/2552
f 2596/2832/2552 2527/2665/2483 2528/2667/2484 2599/2833/2555
f 2599/2833/2555 2528/2667/2484 2529/2669/2485 2602/2834/2558
f 2602/2835/2558 2529/2669/2485 2530/2671/2486 2605/2836/2561
f 2605/2837/2561 2530/2671/2486 2531/2673/2487 2608/2838/2564
f 2608/2838/2564 2531/2673/2487 2532/2675/2488 2611/2839/2567
f 2611/2839/2567 2532/2675/2488 2533/2677/2489 2614/2840/2570
f 2614/2840/2570 2533/2677/2489 2534/2679/2490 2617/2841/2573
f 2617/2841/2573 2534/2679/2490 2535/2681/2491 2620/2842/2576
f 2620/2842/2576 2535/2681/2491 2536/2683/2492 2623/2843/2579
f 2623/2843/2579 2536/2683/2492 2537/2685/2493 2626/2844/2582
f 2626/2844/2582 2537/2685/2493 2538/2719/2494 2629/2845/2585
f 2629/2846/2585 2538/2719/2494 2507/2721/2463 2633/2847/2589
f 2633/2798/2589 2539/2799/2495 2541/2848/2497 2634/2849/2590
f 2634/2849/2590 2541/2848/2497 2540/2805/2496 2632/2804/2588
f 2539/2799/2495 2542/2802/2498 2544/2850/2500 2541/2848/2497
f 2541/2848/2497 2544/2850/2500 2543/2851/2499 2540/2852/2496
f 2542/2802/2498 2545/2807/2501 2547/2853/2503 2544/2850/2500
f 2544/2850/2500 2547/2853/2503 2546/2797/2502 2543/2801/2499
f 2545/2808/2501 2548/2809/2504 2550/2854/2506 2547/2853/2503
f 2547/2853/2503 2550/2854/2506 2549/2795/2505 2546/2797/2502
f 2548/2809/2504 2551/2810/2507 2553/2855/2509 2550/2854/2506
f 2550/2854/2506 2553/2855/2509 2552/2792/2508 2549/2795/2505
f 2551/2811/2507 2554/2812/2510 2556/2856/2512 2553/2855/2509
f 2553/2855/2509 2556/2856/2512 2555/2793/2511 2552/2792/2508
f 2554/2812/2510 2557/2813/2513 2559/2857/2515 2556/2856/2512
f 2556/2856/2512 2559/2857/2515 2558/2787/2514 2555/2790/2511
f 2557/2814/2513 2560/2815/2516 2562/2858/2518 2559/2857/2515
f 2559/2857/2515 2562/2858/2518 2561/2788/2517 2558/2787/2514
f 2560/2815/2516 2563/2816/2519 2565/2859/2521 2562/2858/2518
f 2562/2858/2518 2565/2859/2521 2564/2782/2520 2561/2785/2517
f 2563/2816/2519 2566/2817/2522 2568/2860/2524 2565/2859/2521
f 2565/2859/2521 2568/2860/2524 2567/2783/2523 2564/2782/2520
f 2566/2817/2522 2569/2818/2525 2571/2861/2527 2568/2860/2524
f 2568/2860/2524 2571/2861/2527 2570/2778/2526 2567/2780/2523
f 2569/2819/2525 2572/2820/2528 2574/2862/2530 2571/2861/2527
f 2571/2861/2527 2574/2862/2530 2573/2775/2529 2570/2778/2526
f 2572/2821/2528 2575/2822/2531 2577/2863/2533 2574/2862/2530
f 2574/2862/2530 2577/2863/2533 2576/2776/2532 2573/2775/2529
f 2575/2822/2531 2578/2823/2534 2580/2864/2536 2577/2863/2533
f 2577/2863/2533 2580/2864/2536 2579/2773/2535 2576/2772/2532
f 2578/2823/2534 2581/2824/2537 2583/2865/2539 2580/2864/2536
f 2580/2864/2536 2583/2865/2539 2582/2767/2538 2579/2770/2535
f 2581/2825/2537 2584/2826/2540 2586/2866/2542 2583/2865/2539
f 2583/2865/2539 2586/2866/2542 2585/2768/2541 2582/2767/2538
f 2584/2826/2540 2587/2827/2543 2589/2867/2545 2586/2866/2542
f 2586/2866/2542 2589/2867/2545 2588/2765/2544 2585/2764/2541
f 2587/2828/2543 2590/2829/2546 2592/2868/2548 2589/2867/2545
f 2589/2867/2545 2592/2868/2548 2591/2760/2547 2588/2762/2544
f 2590/2829/2546 2593/2830/2549 2595/2869/2551 2592/2868/2548
f 2592/2868/2548 2595/2869/2551 2594/2758/2550 2591/2760/2547
f 2593/2831/2549 2596/2832/2552 2598/2870/2554 2595/2869/2551
f 2595/2869/2551 2598/2870/2554 2597/2755/2553 2594/2758/2550
f 2596/2832/2552 2599/2833/2555 2601/2871/2557 2598/2870/2554
f 2598/2870/2554 2601/2871/2557 2600/2756/2556 2597/2755/2553
f 2599/2833/2555 2602/2834/2558 2604/2872/2560 2601/2871/2557
f 2601/2871/2557 2604/2872/2560 2603/2753/2559 2600/2752/2556
f 2602/2835/2558 2605/2836/2561 2607/2873/2563 2604/2872/2560
f 2604/2872/2560 2607/2873/2563 2606/2750/2562 2603/2749/2559
f 2605/2837/2561 2608/2838/2564 2610/2874/2566 2607/2873/2563
f 2607/2873/2563 2610/2874/2566 2609/2747/2565 2606/2746/2562
f 2608/2838/2564 2611/2839/2567 2613/2875/2569 2610/2874/2566
f 2610/2874/2566 2613/2875/2569 2612/2741/2568 2609/2744/2565
f 2611/2839/2567 2614/2840/2570 2616/2876/2572 2613/2875/2569
f 2613/2875/2569 2616/2876/2572 2615/2742/2571 2612/2741/2568
f 2614/2840/2570 2617/2841/2573 2619/2877/2575 2616/2876/2572
f 2616/2876/2572 2619/2877/2575 2618/2737/2574 2615/2739/2571
f 2617/2841/2573 2620/2842/2576 2622/2878/2578 2619/2877/2575
f 2619/2877/2575 2622/2878/2578 2621/2734/2577 2618/2737/2574
f 2620/2842/2576 2623/2843/2579 2625/2879/2581 2622/2878/2578
f 2622/2878/2578 2625/2879/2581 2624/2735/2580 2621/2734/2577
f 2623/2843/2579 2626/2844/2582 2628/2880/2584 2625/2879/2581
f 2625/2879/2581 2628/2880/2584 2627/2732/2583 2624/2731/2580
f 2626/2844/2582 2629/2845/2585 2631/2881/2587 2628/2880/2584
f 2628/2880/2584 2631/2881/2587 2630/2725/2586 2627/2729/2583
f 2629/2846/2585 2633/2847/2589 2634/2882/2590 2631/2881/2587
f 2631/2881/2587 2634/2882/2590 2632/2726/2588 2630/2725/2586
f 2636/2806/2592 2540/2852/2496 2543/2851/2499 2637/2800/2593
f 2445/2722/2401 2443/2883/2399 2635/2884/2591 2636/2885/2592
f 2447/2723/2403 2445/2722/2401 2636/2885/2592 2637/2886/2593
f 2449/2887/2405 2447/2723/2403 2637/2886/2593 2638/2888/2594
f 2451/2889/2407 2449/2887/2405 2638/2888/2594 2639/2890/2595
f 2453/2891/2409 2451/2889/2407 2639/2890/2595 2640/2892/2596
f 2455/2893/2411 2453/2891/2409 2640/2892/2596 2641/2894/2597
f 2457/2895/2413 2455/2893/2411 2641/2894/2597 2642/2896/2598
f 2459/2897/2415 2457/2895/2413 2642/2896/2598 2643/2898/2599
f 2461/2899/2417 2459/2897/2415 2643/2898/2599 2644/2900/2600
f 2463/2901/2419 2461/2899/2417 2644/2900/2600 2645/2902/2601
f 2465/2903/2421 2463/2901/2419 2645/2902/2601 2646/2904/2602
f 2467/2905/2423 2465/2903/2421 2646/2904/2602 2647/2906/2603
f 2469/2907/2425 2467/2905/2423 2647/2906/2603 2648/2908/2604
f 2471/2909/2427 2469/2907/2425 2648/2908/2604 2649/2910/2605
f 2473/2911/2429 2471/2909/2427 2649/2910/2605 2650/2912/2606
f 2475/2913/2431 2473/2911/2429 2650/2912/2606 2651/2914/2607
f 2477/2915/2433 2475/2913/2431 2651/2914/2607 2652/2916/2608
f 2479/2917/2435 2477/2915/2433 2652/2916/2608 2653/2918/2609
f 2481/2919/2437 2479/2917/2435 2653/2918/2609 2654/2920/2610
f 2483/2921/2439 2481/2919/2437 2654/2920/2610 2655/2922/2611
f 2485/2923/2441 2483/2921/2439 2655/2922/2611 2656/2924/2612
f 2487/2925/2443 2485/2923/2441 2656/2924/2612 2657/2926/2613
f 2489/2927/2445 2487/2925/2443 2657/2926/2613 2658/2928/2614
f 2491/2929/2447 2489/2927/2445 2658/2928/2614 2659/2930/2615
f 2493/2931/2449 2491/2929/2447 2659/2930/2615 2660/2932/2616
f 2495/2933/2451 2493/2931/2449 2660/2932/2616 2661/2934/2617
f 2497/2935/2453 2495/2933/2451 2661/2934/2617 2662/2936/2618
f 2499/2937/2455 2497/2935/2453 2662/2936/2618 2663/2938/2619
f 2501/2939/2457 2499/2937/2455 2663/2938/2619 2664/2940/2620
f 2503/2941/2459 2501/2939/2457 2664/2940/2620 2665/2942/2621
f 2505/2943/2461 2503/2941/2459 2665/2942/2621 2666/2944/2622
f 2443/2883/2399 2505/2943/2461 2666/2944/2622 2635/2884/2591
f 2667/2883/2623 2668/2722/2624 2669/2723/2625 2670/2887/2626 2671/2889/2627 2672/2891/2628 2673/2893/2629 2674/2895/2630 2675/2897/2631 2676/2899/2632 2677/2901/2633 2678/2903/2634 2679/2905/2635 2680/2907/2636 2681/2909/2637 2682/2911/2638 2683/2913/2639 2684/2915/2640 2685/2917/2641 2686/2919/2642 2687/2921/2643 2688/2923/2644 2689/2925/2645 2690/2927/2646 2691/2929/2647 2692/2931/2648 2693/2933/2649 2694/2935/2650 2695/2937/2651 2696/2939/2652 2697/2941/2653 2698/2943/2654
f 2499/2937/2455 2501/2939/2457 2696/2939/2652 2695/2937/2651
f 2473/2911/2429 2475/2913/2431 2683/2913/2639 2682/2911/2638
f 2447/2723/2403 2449/2887/2405 2670/2887/2626 2669/2723/2625
f 2501/2939/2457 2503/2941/2459 2697/2941/2653 2696/2939/2652
f 2475/2913/2431 2477/2915/2433 2684/2915/2640 2683/2913/2639
f 2449/2887/2405 2451/2889/2407 2671/2889/2627 2670/2887/2626
f 2503/2941/2459 2505/2943/2461 2698/2943/2654 2697/2941/2653
f 2477/2915/2433 2479/2917/2435 2685/2917/2641 2684/2915/2640
f 2451/2889/2407 2453/2891/2409 2672/2891/2628 2671/2889/2627
f 2505/2943/2461 2443/2883/2399 2667/2883/2623 2698/2943/2654
f 2479/2917/2435 2481/2919/2437 2686/2919/2642 2685/2917/2641
f 2453/2891/2409 2455/2893/2411 2673/2893/2629 2672/2891/2628
f 2481/2919/2437 2483/2921/2439 2687/2921/2643 2686/2919/2642
f 2455/2893/2411 2457/2895/2413 2674/2895/2630 2673/2893/2629
f 2483/2921/2439 2485/2923/2441 2688/2923/2644 2687/2921/2643
f 2457/2895/2413 2459/2897/2415 2675/2897/2631 2674/2895/2630
f 2485/2923/2441 2487/2925/2443 2689/2925/2645 2688/2923/2644
f 2459/2897/2415 2461/2899/2417 2676/2899/2632 2675/2897/2631
f 2487/2925/2443 2489/2927/2445 2690/2927/2646 2689/2925/2645
f 2461/2899/2417 2463/2901/2419 2677/2901/2633 2676/2899/2632
f 2489/2927/2445 2491/2929/2447 2691/2929/2647 2690/2927/2646
f 2463/2901/2419 2465/2903/2421 2678/2903/2634 2677/2901/2633
f 2491/2929/2447 2493/2931/2449 2692/2931/2648 2691/2929/2647
f 2465/2903/2421 2467/2905/2423 2679/2905/2635 2678/2903/2634
f 2493/2931/2449 2495/2933/2451 2693/2933/2649 2692/2931/2648
f 2467/2905/2423 2469/2907/2425 2680/2907/2636 2679/2905/2635
f 2495/2933/2451 2497/2935/2453 2694/2935/2650 2693/2933/2649
f 2469/2907/2425 2471/2909/2427 2681/2909/2637 2680/2907/2636
f 2443/2883/2399 2445/2722/2401 2668/2722/2624 2667/2883/2623
f 2497/2935/2453 2499/2937/2455 2695/2937/2651 2694/2935/2650
f 2471/2909/2427 2473/2911/2429 2682/2911/2638 2681/2909/2637
o Torus.001
v 0.075008 -0.892833 0.003216
v 0.073058 -0.888040 0.003216
v 0.067730 -0.884531 0.003216
v 0.060453 -0.883247 0.003216
v 0.053175 -0.884531 0.003216
v 0.047848 -0.888040 0.003216
v 0.045898 -0.892833 0.003216
v 0.047848 -0.897626 0.003216
v 0.053175 -0.901134 0.003216
v 0.060453 -0.902419 0.003216
v 0.067730 -0.901134 0.003216
v 0.073058 -0.897626 0.003216
v 0.074385 -0.892833 -0.006283
v 0.072452 -0.888040 -0.006029
v 0.067170 -0.884531 -0.005333
v 0.059954 -0.883247 -0.004383
v 0.052739 -0.884531 -0.003434
v 0.047457 -0.888040 -0.002738
v 0.045524 -0.892833 -0.002484
v 0.047457 -0.897626 -0.002738
v 0.052739 -0.901134 -0.003434
v 0.059954 -0.902419 -0.004383
v 0.067170 -0.901134 -0.005333
v 0.072452 -0.897626 -0.006029
v 0.072528 -0.892833 -0.015620
v 0.070644 -0.888040 -0.015115
v 0.065498 -0.884531 -0.013736
v 0.058469 -0.883247 -0.011853
v 0.051439 -0.884531 -0.009969
v 0.046293 -0.888040 -0.008590
v 0.044410 -0.892833 -0.008086
v 0.046293 -0.897626 -0.008590
v 0.051439 -0.901134 -0.009969
v 0.058469 -0.902419 -0.011853
v 0.065498 -0.901134 -0.013736
v 0.070644 -0.897626 -0.015115
v 0.069468 -0.892833 -0.024634
v 0.067666 -0.888040 -0.023888
v 0.062744 -0.884531 -0.021849
v 0.056021 -0.883247 -0.019064
v 0.049297 -0.884531 -0.016279
v 0.044375 -0.888040 -0.014240
v 0.042574 -0.892833 -0.013494
v 0.044375 -0.897626 -0.014240
v 0.049297 -0.901134 -0.016279
v 0.056021 -0.902419 -0.019064
v 0.062744 -0.901134 -0.021849
v 0.067666 -0.897626 -0.023888
v 0.065258 -0.892833 -0.033172
v 0.063569 -0.888040 -0.032197
v 0.058955 -0.884531 -0.029533
v 0.052653 -0.883247 -0.025894
v 0.046350 -0.884531 -0.022255
v 0.041736 -0.888040 -0.019592
v 0.040048 -0.892833 -0.018617
v 0.041736 -0.897626 -0.019592
v 0.046350 -0.901134 -0.022255
v 0.052653 -0.902419 -0.025894
v 0.058955 -0.901134 -0.029533
v 0.063569 -0.897626 -0.032197
v 0.059969 -0.892833 -0.041087
v 0.058422 -0.888040 -0.039900
v 0.054195 -0.884531 -0.036657
v 0.048422 -0.883247 -0.032226
v 0.042648 -0.884531 -0.027796
v 0.038421 -0.888040 -0.024553
v 0.036874 -0.892833 -0.023366
v 0.038421 -0.897626 -0.024553
v 0.042648 -0.901134 -0.027796
v 0.048422 -0.902419 -0.032226
v 0.054195 -0.901134 -0.036657
v 0.058422 -0.897626 -0.039900
v 0.053692 -0.892833 -0.048244
v 0.052313 -0.888040 -0.046865
v 0.048546 -0.884531 -0.043098
v 0.043400 -0.883247 -0.037952
v 0.038254 -0.884531 -0.032806
v 0.034487 -0.888040 -0.029039
v 0.033108 -0.892833 -0.027660
v 0.034487 -0.897626 -0.029039
v 0.038254 -0.901134 -0.032806
v 0.043400 -0.902419 -0.037952
v 0.048546 -0.901134 -0.043098
v 0.052313 -0.897626 -0.046865
v 0.046535 -0.892833 -0.054520
v 0.045348 -0.888040 -0.052973
v 0.042105 -0.884531 -0.048747
v 0.037675 -0.883247 -0.042973
v 0.033244 -0.884531 -0.037200
v 0.030001 -0.888040 -0.032973
v 0.028814 -0.892833 -0.031426
v 0.030001 -0.897626 -0.032973
v 0.033244 -0.901134 -0.037200
v 0.037675 -0.902419 -0.042973
v 0.042105 -0.901134 -0.048747
v 0.045348 -0.897626 -0.052973
v 0.038620 -0.892833 -0.059809
v 0.037645 -0.888040 -0.058120
v 0.034981 -0.884531 -0.053507
v 0.031343 -0.883247 -0.047204
v 0.027704 -0.884531 -0.040902
v 0.025040 -0.888040 -0.036288
v 0.024065 -0.892833 -0.034599
v 0.025040 -0.897626 -0.036288
v 0.027704 -0.901134 -0.040902
v 0.031343 -0.902419 -0.047204
v 0.034981 -0.901134 -0.053507
v 0.037645 -0.897626 -0.058120
v 0.030082 -0.892833 -0.064019
v 0.029336 -0.888040 -0.062218
v 0.027297 -0.884531 -0.057296
v 0.024512 -0.883247 -0.050572
v 0.021727 -0.884531 -0.043849
v 0.019689 -0.888040 -0.038927
v 0.018942 -0.892833 -0.037125
v 0.019689 -0.897626 -0.038927
v 0.021727 -0.901134 -0.043849
v 0.024512 -0.902419 -0.050572
v 0.027297 -0.901134 -0.057296
v 0.029336 -0.897626 -0.062218
v 0.021068 -0.892833 -0.067079
v 0.020563 -0.888040 -0.065196
v 0.019185 -0.884531 -0.060050
v 0.017301 -0.883247 -0.053020
v 0.015417 -0.884531 -0.045991
v 0.014039 -0.888040 -0.040845
v 0.013534 -0.892833 -0.038961
v 0.014039 -0.897626 -0.040845
v 0.015417 -0.901134 -0.045991
v 0.017301 -0.902419 -0.053020
v 0.019185 -0.901134 -0.060050
v 0.020563 -0.897626 -0.065196
v 0.011732 -0.892833 -0.068937
v 0.011477 -0.888040 -0.067003
v 0.010782 -0.884531 -0.061721
v 0.009832 -0.883247 -0.054506
v 0.008882 -0.884531 -0.047291
v 0.008186 -0.888040 -0.042009
v 0.007932 -0.892833 -0.040076
v 0.008186 -0.897626 -0.042009
v 0.008882 -0.901134 -0.047291
v 0.009832 -0.902419 -0.054506
v 0.010782 -0.901134 -0.061721
v 0.011477 -0.897626 -0.067003
v 0.002233 -0.892833 -0.069559
v 0.002233 -0.888040 -0.067609
v 0.002233 -0.884531 -0.062282
v 0.002233 -0.883247 -0.055004
v 0.002233 -0.884531 -0.047727
v 0.002233 -0.888040 -0.042399
v 0.002233 -0.892833 -0.040449
v 0.002233 -0.897626 -0.042399
v 0.002233 -0.901134 -0.047727
v 0.002233 -0.902419 -0.055004
v 0.002233 -0.901134 -0.062282
v 0.002233 -0.897626 -0.067609
v -0.007266 -0.892833 -0.068937
v -0.007012 -0.888040 -0.067003
v -0.006317 -0.884531 -0.061721
v -0.005367 -0.883247 -0.054506
v -0.004417 -0.884531 -0.047291
v -0.003721 -0.888040 -0.042009
v -0.003467 -0.892833 -0.040076
v -0.003721 -0.897626 -0.042009
v -0.004417 -0.901134 -0.047291
v -0.005367 -0.902419 -0.054506
v -0.006317 -0.901134 -0.061721
v -0.007012 -0.897626 -0.067003
v -0.016603 -0.892833 -0.067079
v -0.016098 -0.888040 -0.065196
v -0.014719 -0.884531 -0.060050
v -0.012836 -0.883247 -0.053020
v -0.010952 -0.884531 -0.045991
v -0.009573 -0.888040 -0.040845
v -0.009069 -0.892833 -0.038961
v -0.009573 -0.897626 -0.040845
v -0.010952 -0.901134 -0.045991
v -0.012836 -0.902419 -0.053020
v -0.014719 -0.901134 -0.060050
v -0.016098 -0.897626 -0.065196
v -0.025617 -0.892833 -0.064019
v -0.024871 -0.888040 -0.062218
v -0.022832 -0.884531 -0.057296
v -0.020047 -0.883247 -0.050572
v -0.017262 -0.884531 -0.043849
v -0.015224 -0.888040 -0.038927
v -0.014477 -0.892833 -0.037125
v -0.015224 -0.897626 -0.038927
v -0.017262 -0.901134 -0.043849
v -0.020047 -0.902419 -0.050572
v -0.022832 -0.901134 -0.057296
v -0.024871 -0.897626 -0.062218
v -0.034155 -0.892833 -0.059809
v -0.033180 -0.888040 -0.058120
v -0.030516 -0.884531 -0.053507
v -0.026877 -0.883247 -0.047204
v -0.023239 -0.884531 -0.040902
v -0.020575 -0.888040 -0.036288
v -0.019600 -0.892833 -0.034599
v -0.020575 -0.897626 -0.036288
v -0.023239 -0.901134 -0.040902
v -0.026877 -0.902419 -0.047204
v -0.030516 -0.901134 -0.053507
v -0.033180 -0.897626 -0.058120
v -0.042070 -0.892833 -0.054520
v -0.040883 -0.888040 -0.052973
v -0.037640 -0.884531 -0.048747
v -0.033210 -0.883247 -0.042973
v -0.028779 -0.884531 -0.037200
v -0.025536 -0.888040 -0.032973
v -0.024349 -0.892833 -0.031426
v -0.025536 -0.897626 -0.032973
v -0.028779 -0.901134 -0.037200
v -0.033210 -0.902419 -0.042973
v -0.037640 -0.901134 -0.048747
v -0.040883 -0.897626 -0.052973
v -0.049227 -0.892833 -0.048244
v -0.047848 -0.888040 -0.046865
v -0.044081 -0.884531 -0.043098
v -0.038935 -0.883247 -0.037952
v -0.033789 -0.884531 -0.032806
v -0.030022 -0.888040 -0.029039
v -0.028643 -0.892833 -0.027660
v -0.030022 -0.897626 -0.029039
v -0.033789 -0.901134 -0.032806
v -0.038935 -0.902419 -0.037952
v -0.044081 -0.901134 -0.043098
v -0.047848 -0.897626 -0.046865
v -0.055504 -0.892833 -0.041087
v -0.053957 -0.888040 -0.039900
v -0.049730 -0.884531 -0.036657
v -0.043956 -0.883247 -0.032226
v -0.038183 -0.884531 -0.027796
v -0.033956 -0.888040 -0.024553
v -0.032409 -0.892833 -0.023366
v -0.033956 -0.897626 -0.024553
v -0.038183 -0.901134 -0.027796
v -0.043956 -0.902419 -0.032226
v -0.049730 -0.901134 -0.036657
v -0.053957 -0.897626 -0.039900
v -0.060792 -0.892833 -0.033172
v -0.059104 -0.888040 -0.032197
v -0.054490 -0.884531 -0.029533
v -0.048187 -0.883247 -0.025894
v -0.041885 -0.884531 -0.022255
v -0.037271 -0.888040 -0.019592
v -0.035582 -0.892833 -0.018617
v -0.037271 -0.897626 -0.019592
v -0.041885 -0.901134 -0.022255
v -0.048187 -0.902419 -0.025894
v -0.054490 -0.901134 -0.029533
v -0.059104 -0.897626 -0.032197
v -0.065003 -0.892833 -0.024634
v -0.063201 -0.888040 -0.023888
v -0.058279 -0.884531 -0.021849
v -0.051556 -0.883247 -0.019064
v -0.044832 -0.884531 -0.016279
v -0.039910 -0.888040 -0.014240
v -0.038109 -0.892833 -0.013494
v -0.039910 -0.897626 -0.014240
v -0.044832 -0.901134 -0.016279
v -0.051556 -0.902419 -0.019064
v -0.058279 -0.901134 -0.021849
v -0.063201 -0.897626 -0.023888
v -0.068063 -0.892833 -0.015620
v -0.066179 -0.888040 -0.015115
v -0.061033 -0.884531 -0.013736
v -0.054004 -0.883247 -0.011853
v -0.046974 -0.884531 -0.009969
v -0.041828 -0.888040 -0.008590
v -0.039945 -0.892833 -0.008086
v -0.041828 -0.897626 -0.008590
v -0.046974 -0.901134 -0.009969
v -0.054004 -0.902419 -0.011853
v -0.061033 -0.901134 -0.013736
v -0.066179 -0.897626 -0.015115
v -0.069920 -0.892833 -0.006283
v -0.067986 -0.888040 -0.006029
v -0.062705 -0.884531 -0.005333
v -0.055489 -0.883247 -0.004383
v -0.048274 -0.884531 -0.003434
v -0.042992 -0.888040 -0.002738
v -0.041059 -0.892833 -0.002484
v -0.042992 -0.897626 -0.002738
v -0.048274 -0.901134 -0.003434
v -0.055489 -0.902419 -0.004383
v -0.062705 -0.901134 -0.005333
v -0.067986 -0.897626 -0.006029
v -0.070542 -0.892833 0.003216
v -0.068592 -0.888040 0.003216
v -0.063265 -0.884531 0.003216
v -0.055987 -0.883247 0.003216
v -0.048710 -0.884531 0.003216
v -0.043382 -0.888040 0.003216
v -0.041432 -0.892833 0.003216
v -0.043382 -0.897626 0.003216
v -0.048710 -0.901134 0.003216
v -0.055987 -0.902419 0.003216
v -0.063265 -0.901134 0.003216
v -0.068592 -0.897626 0.003216
v -0.069920 -0.892833 0.012715
v -0.067986 -0.888040 0.012460
v -0.062705 -0.884531 0.011765
v -0.055489 -0.883247 0.010815
v -0.048274 -0.884531 0.009865
v -0.042992 -0.888040 0.009170
v -0.041059 -0.892833 0.008915
v -0.042992 -0.897626 0.009170
v -0.048274 -0.901134 0.009865
v -0.055489 -0.902419 0.010815
v -0.062705 -0.901134 0.011765
v -0.067986 -0.897626 0.012460
v -0.068063 -0.892833 0.022051
v -0.066179 -0.888040 0.021547
v -0.061033 -0.884531 0.020168
v -0.054004 -0.883247 0.018284
v -0.046974 -0.884531 0.016401
v -0.041828 -0.888040 0.015022
v -0.039945 -0.892833 0.014517
v -0.041828 -0.897626 0.015022
v -0.046974 -0.901134 0.016401
v -0.054004 -0.902419 0.018284
v -0.061033 -0.901134 0.020168
v -0.066179 -0.897626 0.021547
v -0.065003 -0.892833 0.031066
v -0.063201 -0.888040 0.030319
v -0.058279 -0.884531 0.028281
v -0.051556 -0.883247 0.025496
v -0.044832 -0.884531 0.022711
v -0.039910 -0.888040 0.020672
v -0.038109 -0.892833 0.019926
v -0.039910 -0.897626 0.020672
v -0.044832 -0.901134 0.022711
v -0.051556 -0.902419 0.025496
v -0.058279 -0.901134 0.028281
v -0.063201 -0.897626 0.030319
v -0.060792 -0.892833 0.039603
v -0.059104 -0.888040 0.038628
v -0.054490 -0.884531 0.035965
v -0.048187 -0.883247 0.032326
v -0.041885 -0.884531 0.028687
v -0.037271 -0.888040 0.026023
v -0.035582 -0.892833 0.025048
v -0.037271 -0.897626 0.026023
v -0.041885 -0.901134 0.028687
v -0.048187 -0.902419 0.032326
v -0.054490 -0.901134 0.035965
v -0.059104 -0.897626 0.038628
v -0.055504 -0.892833 0.047518
v -0.053957 -0.888040 0.046331
v -0.049730 -0.884531 0.043088
v -0.043956 -0.883247 0.038658
v -0.038183 -0.884531 0.034228
v -0.033956 -0.888040 0.030984
v -0.032409 -0.892833 0.029797
v -0.033956 -0.897626 0.030984
v -0.038183 -0.901134 0.034228
v -0.043956 -0.902419 0.038658
v -0.049730 -0.901134 0.043088
v -0.053957 -0.897626 0.046331
v -0.049227 -0.892833 0.054675
v -0.047848 -0.888040 0.053297
v -0.044081 -0.884531 0.049529
v -0.038935 -0.883247 0.044384
v -0.033789 -0.884531 0.039238
v -0.030022 -0.888040 0.035470
v -0.028643 -0.892833 0.034092
v -0.030022 -0.897626 0.035470
v -0.033789 -0.901134 0.039238
v -0.038935 -0.902419 0.044384
v -0.044081 -0.901134 0.049529
v -0.047848 -0.897626 0.053297
v -0.042070 -0.892833 0.060952
v -0.040883 -0.888040 0.059405
v -0.037640 -0.884531 0.055178
v -0.033210 -0.883247 0.049405
v -0.028779 -0.884531 0.043631
v -0.025536 -0.888040 0.039405
v -0.024349 -0.892833 0.037858
v -0.025536 -0.897626 0.039405
v -0.028779 -0.901134 0.043631
v -0.033210 -0.902419 0.049405
v -0.037640 -0.901134 0.055178
v -0.040883 -0.897626 0.059405
v -0.034155 -0.892833 0.066241
v -0.033180 -0.888040 0.064552
v -0.030516 -0.884531 0.059938
v -0.026877 -0.883247 0.053636
v -0.023239 -0.884531 0.047333
v -0.020575 -0.888040 0.042720
v -0.019600 -0.892833 0.041031
v -0.020575 -0.897626 0.042720
v -0.023239 -0.901134 0.047333
v -0.026877 -0.902419 0.053636
v -0.030516 -0.901134 0.059938
v -0.033180 -0.897626 0.064552
v -0.025617 -0.892833 0.070451
v -0.024871 -0.888040 0.068650
v -0.022832 -0.884531 0.063728
v -0.020047 -0.883247 0.057004
v -0.017262 -0.884531 0.050280
v -0.015224 -0.888040 0.045359
v -0.014477 -0.892833 0.043557
v -0.015224 -0.897626 0.045359
v -0.017262 -0.901134 0.050280
v -0.020047 -0.902419 0.057004
v -0.022832 -0.901134 0.063728
v -0.024871 -0.897626 0.068650
v -0.016603 -0.892833 0.073511
v -0.016098 -0.888040 0.071627
v -0.014719 -0.884531 0.066481
v -0.012836 -0.883247 0.059452
v -0.010952 -0.884531 0.052422
v -0.009573 -0.888040 0.047276
v -0.009069 -0.892833 0.045393
v -0.009573 -0.897626 0.047276
v -0.010952 -0.901134 0.052422
v -0.012836 -0.902419 0.059452
v -0.014719 -0.901134 0.066481
v -0.016098 -0.897626 0.071627
v -0.007267 -0.892833 0.075368
v -0.007012 -0.888040 0.073435
v -0.006317 -0.884531 0.068153
v -0.005367 -0.883247 0.060938
v -0.004417 -0.884531 0.053722
v -0.003721 -0.888040 0.048441
v -0.003467 -0.892833 0.046507
v -0.003721 -0.897626 0.048441
v -0.004417 -0.901134 0.053722
v -0.005367 -0.902419 0.060938
v -0.006317 -0.901134 0.068153
v -0.007012 -0.897626 0.073435
v 0.002233 -0.892833 0.075991
v 0.002233 -0.888040 0.074041
v 0.002233 -0.884531 0.068713
v 0.002233 -0.883247 0.061436
v 0.002233 -0.884531 0.054158
v 0.002233 -0.888040 0.048831
v 0.002233 -0.892833 0.046881
v 0.002233 -0.897626 0.048831
v 0.002233 -0.901134 0.054158
v 0.002233 -0.902419 0.061436
v 0.002233 -0.901134 0.068713
v 0.002233 -0.897626 0.074041
v 0.011732 -0.892833 0.075368
v 0.011477 -0.888040 0.073435
v 0.010782 -0.884531 0.068153
v 0.009832 -0.883247 0.060938
v 0.008882 -0.884531 0.053722
v 0.008186 -0.888040 0.048441
v 0.007932 -0.892833 0.046507
v 0.008186 -0.897626 0.048441
v 0.008882 -0.901134 0.053722
v 0.009832 -0.902419 0.060938
v 0.010782 -0.901134 0.068153
v 0.011477 -0.897626 0.073435
v 0.021068 -0.892833 0.073511
v 0.020563 -0.888040 0.071627
v 0.019185 -0.884531 0.066481
v 0.017301 -0.883247 0.059452
v 0.015417 -0.884531 0.052422
v 0.014039 -0.888040 0.047276
v 0.013534 -0.892833 0.045393
v 0.014039 -0.897626 0.047276
v 0.015417 -0.901134 0.052422
v 0.017301 -0.902419 0.059452
v 0.019185 -0.901134 0.066481
v 0.020563 -0.897626 0.071627
v 0.030082 -0.892833 0.070451
v 0.029336 -0.888040 0.068650
v 0.027297 -0.884531 0.063728
v 0.024512 -0.883247 0.057004
v 0.021727 -0.884531 0.050280
v 0.019689 -0.888040 0.045359
v 0.018942 -0.892833 0.043557
v 0.019689 -0.897626 0.045359
v 0.021727 -0.901134 0.050280
v 0.024512 -0.902419 0.057004
v 0.027297 -0.901134 0.063728
v 0.029336 -0.897626 0.068650
v 0.038620 -0.892833 0.066241
v 0.037645 -0.888040 0.064552
v 0.034981 -0.884531 0.059938
v 0.031343 -0.883247 0.053636
v 0.027704 -0.884531 0.047333
v 0.025040 -0.888040 0.042720
v 0.024065 -0.892833 0.041031
v 0.025040 -0.897626 0.042720
v 0.027704 -0.901134 0.047333
v 0.031343 -0.902419 0.053636
v 0.034981 -0.901134 0.059938
v 0.037645 -0.897626 0.064552
v 0.046535 -0.892833 0.060952
v 0.045348 -0.888040 0.059405
v 0.042105 -0.884531 0.055178
v 0.037675 -0.883247 0.049405
v 0.033244 -0.884531 0.043631
v 0.030001 -0.888040 0.039405
v 0.028814 -0.892833 0.037858
v 0.030001 -0.897626 0.039405
v 0.033244 -0.901134 0.043631
v 0.037675 -0.902419 0.049405
v 0.042105 -0.901134 0.055178
v 0.045348 -0.897626 0.059405
v 0.053692 -0.892833 0.054675
v 0.052313 -0.888040 0.053297
v 0.048546 -0.884531 0.049530
v 0.043400 -0.883247 0.044384
v 0.038254 -0.884531 0.039238
v 0.034487 -0.888040 0.035470
v 0.033108 -0.892833 0.034092
v 0.034487 -0.897626 0.035470
v 0.038254 -0.901134 0.039238
v 0.043400 -0.902419 0.044384
v 0.048546 -0.901134 0.049530
v 0.052313 -0.897626 0.053297
v 0.059969 -0.892833 0.047518
v 0.058422 -0.888040 0.046331
v 0.054195 -0.884531 0.043088
v 0.048422 -0.883247 0.038658
v 0.042648 -0.884531 0.034228
v 0.038421 -0.888040 0.030984
v 0.036874 -0.892833 0.029797
v 0.038421 -0.897626 0.030984
v 0.042648 -0.901134 0.034228
v 0.048422 -0.902419 0.038658
v 0.054195 -0.901134 0.043088
v 0.058422 -0.897626 0.046331
v 0.065258 -0.892833 0.039603
v 0.063569 -0.888040 0.038628
v 0.058955 -0.884531 0.035965
v 0.052653 -0.883247 0.032326
v 0.046350 -0.884531 0.028687
v 0.041736 -0.888040 0.026023
v 0.040048 -0.892833 0.025048
v 0.041736 -0.897626 0.026023
v 0.046350 -0.901134 0.028687
v 0.052653 -0.902419 0.032326
v 0.058955 -0.901134 0.035965
v 0.063569 -0.897626 0.038628
v 0.069468 -0.892833 0.031066
v 0.067666 -0.888040 0.030319
v 0.062744 -0.884531 0.028281
v 0.056021 -0.883247 0.025496
v 0.049297 -0.884531 0.022711
v 0.044375 -0.888040 0.020672
v 0.042574 -0.892833 0.019926
v 0.044375 -0.897626 0.020672
v 0.049297 -0.901134 0.022711
v 0.056021 -0.902419 0.025496
v 0.062744 -0.901134 0.028281
v 0.067666 -0.897626 0.030319
v 0.072528 -0.892833 0.022051
v 0.070644 -0.888040 0.021547
v 0.065498 -0.884531 0.020168
v 0.058469 -0.883247 0.018284
v 0.051439 -0.884531 0.016401
v 0.046293 -0.888040 0.015022
v 0.044410 -0.892833 0.014517
v 0.046293 -0.897626 0.015022
v 0.051439 -0.901134 0.016401
v 0.058469 -0.902419 0.018284
v 0.065498 -0.901134 0.020168
v 0.070644 -0.897626 0.021547
v 0.074385 -0.892833 0.012715
v 0.072452 -0.888040 0.012460
v 0.067170 -0.884531 0.011765
v 0.059954 -0.883247 0.010815
v 0.052739 -0.884531 0.009865
v 0.047457 -0.888040 0.009170
v 0.045524 -0.892833 0.008915
v 0.047457 -0.897626 0.009170
v 0.052739 -0.901134 0.009865
v 0.059954 -0.902419 0.010815
v 0.067170 -0.901134 0.011765
v 0.072452 -0.897626 0.012460
vn 1.0000 -0.0000 -0.0000
vn 0.7560 0.6546 -0.0000
vn 0.3621 0.9322 -0.0000
vn 0.0071 1.0000 -0.0000
vn -0.3487 0.9372 -0.0000
vn -0.7478 0.6639 -0.0000
vn -1.0000 -0.0000 -0.0000
vn -0.7478 -0.6639 -0.0000
vn -0.3487 -0.9372 -0.0000
vn 0.0071 -1.0000 -0.0000
vn 0.3621 -0.9322 -0.0000
vn 0.7560 -0.6546 -0.0000
vn 0.9914 -0.0000 -0.1305
vn 0.7495 0.6546 -0.0987
vn 0.3590 0.9322 -0.0473
vn 0.0070 1.0000 -0.0009
vn -0.3457 0.9372 0.0455
vn -0.7414 0.6639 0.0976
vn -0.9914 -0.0000 0.1305
vn -0.7414 -0.6639 0.0976
vn -0.3457 -0.9372 0.0455
vn 0.0070 -1.0000 -0.0009
vn 0.3590 -0.9322 -0.0473
vn 0.7495 -0.6546 -0.0987
vn 0.9659 -0.0000 -0.2588
vn 0.7302 0.6546 -0.1957
vn 0.3497 0.9322 -0.0937
vn 0.0069 1.0000 -0.0018
vn -0.3368 0.9372 0.0902
vn -0.7224 0.6639 0.1936
vn -0.9659 -0.0000 0.2588
vn -0.7224 -0.6639 0.1936
vn -0.3368 -0.9372 0.0902
vn 0.0069 -1.0000 -0.0018
vn 0.3497 -0.9322 -0.0937
vn 0.7302 -0.6546 -0.1957
vn 0.9239 -0.0000 -0.3827
vn 0.6984 0.6546 -0.2893
vn 0.3345 0.9322 -0.1386
vn 0.0066 1.0000 -0.0027
vn -0.3221 0.9372 0.1334
vn -0.6909 0.6639 0.2862
vn -0.9239 -0.0000 0.3827
vn -0.6909 -0.6639 0.2862
vn -0.3221 -0.9372 0.1334
vn 0.0066 -1.0000 -0.0027
vn 0.3345 -0.9322 -0.1386
vn 0.6984 -0.6546 -0.2893
vn 0.8660 -0.0000 -0.5000
vn 0.6547 0.6546 -0.3780
vn 0.3136 0.9322 -0.1810
vn 0.0061 1.0000 -0.0035
vn -0.3020 0.9372 0.1743
vn -0.6477 0.6639 0.3739
vn -0.8660 -0.0000 0.5000
vn -0.6477 -0.6639 0.3739
vn -0.3020 -0.9372 0.1743
vn 0.0061 -1.0000 -0.0035
vn 0.3136 -0.9322 -0.1810
vn 0.6547 -0.6546 -0.3780
vn 0.7934 -0.0000 -0.6088
vn 0.5998 0.6546 -0.4602
vn 0.2872 0.9322 -0.2204
vn 0.0056 1.0000 -0.0043
vn -0.2766 0.9372 0.2123
vn -0.5933 0.6639 0.4553
vn -0.7934 -0.0000 0.6088
vn -0.5933 -0.6639 0.4553
vn -0.2766 -0.9372 0.2123
vn 0.0056 -1.0000 -0.0043
vn 0.2872 -0.9322 -0.2204
vn 0.5998 -0.6546 -0.4602
vn 0.7071 -0.0000 -0.7071
vn 0.5346 0.6546 -0.5346
vn 0.2560 0.9322 -0.2560
vn 0.0050 1.0000 -0.0050
vn -0.2466 0.9372 0.2466
vn -0.5288 0.6639 0.5288
vn -0.7071 -0.0000 0.7071
vn -0.5288 -0.6639 0.5288
vn -0.2466 -0.9372 0.2466
vn 0.0050 -1.0000 -0.0050
vn 0.2560 -0.9322 -0.2560
vn 0.5346 -0.6546 -0.5346
vn 0.6088 -0.0000 -0.7934
vn 0.4602 0.6546 -0.5998
vn 0.2204 0.9322 -0.2872
vn 0.0043 1.0000 -0.0056
vn -0.2123 0.9372 0.2766
vn -0.4553 0.6639 0.5933
vn -0.6088 -0.0000 0.7934
vn -0.4553 -0.6639 0.5933
vn -0.2123 -0.9372 0.2766
vn 0.0043 -1.0000 -0.0056
vn 0.2204 -0.9322 -0.2872
vn 0.4602 -0.6546 -0.5998
vn 0.5000 -0.0000 -0.8660
vn 0.3780 0.6546 -0.6547
vn 0.1810 0.9322 -0.3136
vn 0.0035 1.0000 -0.0061
vn -0.1743 0.9372 0.3020
vn -0.3739 0.6639 0.6477
vn -0.5000 -0.0000 0.8660
vn -0.3739 -0.6639 0.6477
vn -0.1743 -0.9372 0.3020
vn 0.0035 -1.0000 -0.0061
vn 0.1810 -0.9322 -0.3136
vn 0.3780 -0.6546 -0.6547
vn 0.3827 -0.0000 -0.9239
vn 0.2893 0.6546 -0.6984
vn 0.1386 0.9322 -0.3345
vn 0.0027 1.0000 -0.0066
vn -0.1334 0.9372 0.3221
vn -0.2862 0.6639 0.6909
vn -0.3827 -0.0000 0.9239
vn -0.2862 -0.6639 0.6909
vn -0.1334 -0.9372 0.3221
vn 0.0027 -1.0000 -0.0066
vn 0.1386 -0.9322 -0.3345
vn 0.2893 -0.6546 -0.6984
vn 0.2588 -0.0000 -0.9659
vn 0.1957 0.6546 -0.7302
vn 0.0937 0.9322 -0.3497
vn 0.0018 1.0000 -0.0069
vn -0.0902 0.9372 0.3368
vn -0.1936 0.6639 0.7224
vn -0.2588 -0.0000 0.9659
vn -0.1936 -0.6639 0.7224
vn -0.0902 -0.9372 0.3368
vn 0.0018 -1.0000 -0.0069
vn 0.0937 -0.9322 -0.3497
vn 0.1957 -0.6546 -0.7302
vn 0.1305 -0.0000 -0.9914
vn 0.0987 0.6546 -0.7495
vn 0.0473 0.9322 -0.3590
vn 0.0009 1.0000 -0.0070
vn -0.0455 0.9372 0.3457
vn -0.0976 0.6639 0.7414
vn -0.1305 -0.0000 0.9914
vn -0.0976 -0.6639 0.7414
vn -0.0455 -0.9372 0.3457
vn 0.0009 -1.0000 -0.0070
vn 0.0473 -0.9322 -0.3590
vn 0.0987 -0.6546 -0.7495
vn -0.0000 -0.0000 -1.0000
vn -0.0000 0.6546 -0.7560
vn -0.0000 0.9322 -0.3621
vn -0.0000 1.0000 -0.0071
vn -0.0000 0.9372 0.3487
vn -0.0000 0.6639 0.7478
vn -0.0000 -0.0000 1.0000
vn -0.0000 -0.6639 0.7478
vn -0.0000 -0.9372 0.3487
vn -0.0000 -1.0000 -0.0071
vn -0.0000 -0.9322 -0.3621
vn -0.0000 -0.6546 -0.7560
vn -0.1305 -0.0000 -0.9914
vn -0.0987 0.6546 -0.7495
vn -0.0473 0.9322 -0.3590
vn -0.0009 1.0000 -0.0070
vn 0.0455 0.9372 0.3457
vn 0.0976 0.6639 0.7414
vn 0.1305 -0.0000 0.9914
vn 0.0976 -0.6639 0.7414
vn 0.0455 -0.9372 0.3457
vn -0.0009 -1.0000 -0.0070
vn -0.0473 -0.9322 -0.3590
vn -0.0987 -0.6546 -0.7495
vn -0.2588 -0.0000 -0.9659
vn -0.1957 0.6546 -0.7302
vn -0.0937 0.9322 -0.3497
vn -0.0018 1.0000 -0.0069
vn 0.0902 0.9372 0.3368
vn 0.1936 0.6639 0.7224
vn 0.2588 -0.0000 0.9659
vn 0.1936 -0.6639 0.7224
vn 0.0902 -0.9372 0.3368
vn -0.0018 -1.0000 -0.0069
vn -0.0937 -0.9322 -0.3497
vn -0.1957 -0.6546 -0.7302
vn -0.3827 -0.0000 -0.9239
vn -0.2893 0.6546 -0.6984
vn -0.1386 0.9322 -0.3345
vn -0.0027 1.0000 -0.0066
vn 0.1334 0.9372 0.3221
vn 0.2862 0.6639 0.6909
vn 0.3827 -0.0000 0.9239
vn 0.2862 -0.6639 0.6909
vn 0.1334 -0.9372 0.3221
vn -0.0027 -1.0000 -0.0066
vn -0.1386 -0.9322 -0.3345
vn -0.2893 -0.6546 -0.6984
vn -0.5000 -0.0000 -0.8660
vn -0.3780 0.6546 -0.6547
vn -0.1810 0.9322 -0.3136
vn -0.0035 1.0000 -0.0061
vn 0.1743 0.9372 0.3020
vn 0.3739 0.6639 0.6477
vn 0.5000 -0.0000 0.8660
vn 0.3739 -0.6639 0.6477
vn 0.1743 -0.9372 0.3020
vn -0.0035 -1.0000 -0.0061
vn -0.1810 -0.9322 -0.3136
vn -0.3780 -0.6546 -0.6547
vn -0.6088 -0.0000 -0.7934
vn -0.4602 0.6546 -0.5998
vn -0.2204 0.9322 -0.2872
vn -0.0043 1.0000 -0.0056
vn 0.2123 0.9372 0.2766
vn 0.4553 0.6639 0.5933
vn 0.6088 -0.0000 0.7934
vn 0.4553 -0.6639 0.5933
vn 0.2123 -0.9372 0.2766
vn -0.0043 -1.0000 -0.0056
vn -0.2204 -0.9322 -0.2872
vn -0.4602 -0.6546 -0.5998
vn -0.7071 -0.0000 -0.7071
vn -0.5346 0.6546 -0.5346
vn -0.2560 0.9322 -0.2560
vn -0.0050 1.0000 -0.0050
vn 0.2466 0.9372 0.2466
vn 0.5288 0.6639 0.5288
vn 0.7071 -0.0000 0.7071
vn 0.5288 -0.6639 0.5288
vn 0.2466 -0.9372 0.2466
vn -0.0050 -1.0000 -0.0050
vn -0.2560 -0.9322 -0.2560
vn -0.5346 -0.6546 -0.5346
vn -0.7934 -0.0000 -0.6088
vn -0.5998 0.6546 -0.4602
vn -0.2872 0.9322 -0.2204
vn -0.0056 1.0000 -0.0043
vn 0.2766 0.9372 0.2123
vn 0.5933 0.6639 0.4553
vn 0.7934 -0.0000 0.6088
vn 0.5933 -0.6639 0.4553
vn 0.2766 -0.9372 0.2123
vn -0.0056 -1.0000 -0.0043
vn -0.2872 -0.9322 -0.2204
vn -0.5998 -0.6546 -0.4602
vn -0.8660 -0.0000 -0.5000
vn -0.6547 0.6546 -0.3780
vn -0.3136 0.9322 -0.1810
vn -0.0061 1.0000 -0.0035
vn 0.3020 0.9372 0.1743
vn 0.6477 0.6639 0.3739
vn 0.8660 -0.0000 0.5000
vn 0.6477 -0.6639 0.3739
vn 0.3020 -0.9372 0.1743
vn -0.0061 -1.0000 -0.0035
vn -0.3136 -0.9322 -0.1810
vn -0.6547 -0.6546 -0.3780
vn -0.9239 -0.0000 -0.3827
vn -0.6984 0.6546 -0.2893
vn -0.3345 0.9322 -0.1386
vn -0.0066 1.0000 -0.0027
vn 0.3221 0.9372 0.1334
vn 0.6909 0.6639 0.2862
vn 0.9239 -0.0000 0.3827
vn 0.6909 -0.6639 0.2862
vn 0.3221 -0.9372 0.1334
vn -0.0066 -1.0000 -0.0027
vn -0.3345 -0.9322 -0.1386
vn -0.6984 -0.6546 -0.2893
vn -0.9659 -0.0000 -0.2588
vn -0.7302 0.6546 -0.1957
vn -0.3497 0.9322 -0.0937
vn -0.0069 1.0000 -0.0018
vn 0.3368 0.9372 0.0902
vn 0.7224 0.6639 0.1936
vn 0.9659 -0.0000 0.2588
vn 0.7224 -0.6639 0.1936
vn 0.3368 -0.9372 0.0902
vn -0.0069 -1.0000 -0.0018
vn -0.3497 -0.9322 -0.0937
vn -0.7302 -0.6546 -0.1957
vn -0.9914 -0.0000 -0.1305
vn -0.7495 0.6546 -0.0987
vn -0.3590 0.9322 -0.0473
vn -0.0070 1.0000 -0.0009
vn 0.3457 0.9372 0.0455
vn 0.7414 0.6639 0.0976
vn 0.9914 -0.0000 0.1305
vn 0.7414 -0.6639 0.0976
vn 0.3457 -0.9372 0.0455
vn -0.0070 -1.0000 -0.0009
vn -0.3590 -0.9322 -0.0473
vn -0.7495 -0.6546 -0.0987
vn -0.7560 0.6546 -0.0000
vn -0.3621 0.9322 -0.0000
vn -0.0071 1.0000 -0.0000
vn 0.3487 0.9372 -0.0000
vn 0.7478 0.6639 -0.0000
vn 0.7478 -0.6639 -0.0000
vn 0.3487 -0.9372 -0.0000
vn -0.0071 -1.0000 -0.0000
vn -0.3621 -0.9322 -0.0000
vn -0.7560 -0.6546 -0.0000
vn -0.7495 0.6546 0.0987
vn -0.3590 0.9322 0.0473
vn -0.0070 1.0000 0.0009
vn 0.3457 0.9372 -0.0455
vn 0.7414 0.6639 -0.0976
vn 0.7414 -0.6639 -0.0976
vn 0.3457 -0.9372 -0.0455
vn -0.0070 -1.0000 0.0009
vn -0.3590 -0.9322 0.0473
vn -0.7495 -0.6546 0.0987
vn -0.7302 0.6546 0.1957
vn -0.3497 0.9322 0.0937
vn -0.0069 1.0000 0.0018
vn 0.3368 0.9372 -0.0902
vn 0.7224 0.6639 -0.1936
vn 0.7224 -0.6639 -0.1936
vn 0.3368 -0.9372 -0.0902
vn -0.0069 -1.0000 0.0018
vn -0.3497 -0.9322 0.0937
vn -0.7302 -0.6546 0.1957
vn -0.6984 0.6546 0.2893
vn -0.3345 0.9322 0.1386
vn -0.0066 1.0000 0.0027
vn 0.3221 0.9372 -0.1334
vn 0.6909 0.6639 -0.2862
vn 0.6909 -0.6639 -0.2862
vn 0.3221 -0.9372 -0.1334
vn -0.0066 -1.0000 0.0027
vn -0.3345 -0.9322 0.1386
vn -0.6984 -0.6546 0.2893
vn -0.6547 0.6546 0.3780
vn -0.3136 0.9322 0.1810
vn -0.0061 1.0000 0.0035
vn 0.3020 0.9372 -0.1743
vn 0.6477 0.6639 -0.3739
vn 0.6477 -0.6639 -0.3739
vn 0.3020 -0.9372 -0.1743
vn -0.0061 -1.0000 0.0035
vn -0.3136 -0.9322 0.1810
vn -0.6547 -0.6546 0.3780
vn -0.5998 0.6546 0.4602
vn -0.2872 0.9322 0.2204
vn -0.0056 1.0000 0.0043
vn 0.2766 0.9372 -0.2123
vn 0.5933 0.6639 -0.4553
vn 0.5933 -0.6639 -0.4553
vn 0.2766 -0.9372 -0.2123
vn -0.0056 -1.0000 0.0043
vn -0.2872 -0.9322 0.2204
vn -0.5998 -0.6546 0.4602
vn -0.5346 0.6546 0.5346
vn -0.2560 0.9322 0.2560
vn -0.0050 1.0000 0.0050
vn 0.2466 0.9372 -0.2466
vn 0.5288 0.6639 -0.5288
vn 0.5288 -0.6639 -0.5288
vn 0.2466 -0.9372 -0.2466
vn -0.0050 -1.0000 0.0050
vn -0.2560 -0.9322 0.2560
vn -0.5346 -0.6546 0.5346
vn -0.4602 0.6546 0.5998
vn -0.2204 0.9322 0.2872
vn -0.0043 1.0000 0.0056
vn 0.2123 0.9372 -0.2766
vn 0.4553 0.6639 -0.5933
vn 0.4553 -0.6639 -0.5933
vn 0.2123 -0.9372 -0.2766
vn -0.0043 -1.0000 0.0056
vn -0.2204 -0.9322 0.2872
vn -0.4602 -0.6546 0.5998
vn -0.3780 0.6546 0.6547
vn -0.1810 0.9322 0.3136
vn -0.0035 1.0000 0.0061
vn 0.1743 0.9372 -0.3020
vn 0.3739 0.6639 -0.6477
vn 0.3739 -0.6639 -0.6477
vn 0.1743 -0.9372 -0.3020
vn -0.0035 -1.0000 0.0061
vn -0.1810 -0.9322 0.3136
vn -0.3780 -0.6546 0.6547
vn -0.2893 0.6546 0.6984
vn -0.1386 0.9322 0.3345
vn -0.0027 1.0000 0.0066
vn 0.1334 0.9372 -0.3221
vn 0.2862 0.6639 -0.6909
vn 0.2862 -0.6639 -0.6909
vn 0.1334 -0.9372 -0.3221
vn -0.0027 -1.0000 0.0066
vn -0.1386 -0.9322 0.3345
vn -0.2893 -0.6546 0.6984
vn -0.1957 0.6546 0.7302
vn -0.0937 0.9322 0.3497
vn -0.0018 1.0000 0.0069
vn 0.0902 0.9372 -0.3368
vn 0.1936 0.6639 -0.7224
vn 0.1936 -0.6639 -0.7224
vn 0.0902 -0.9372 -0.3368
vn -0.0018 -1.0000 0.0069
vn -0.0937 -0.9322 0.3497
vn -0.1957 -0.6546 0.7302
vn -0.0987 0.6546 0.7495
vn -0.0473 0.9322 0.3590
vn -0.0009 1.0000 0.0070
vn 0.0455 0.9372 -0.3457
vn 0.0976 0.6639 -0.7414
vn 0.0976 -0.6639 -0.7414
vn 0.0455 -0.9372 -0.3457
vn -0.0009 -1.0000 0.0070
vn -0.0473 -0.9322 0.3590
vn -0.0987 -0.6546 0.7495
vn -0.0000 0.6546 0.7560
vn -0.0000 0.9322 0.3621
vn -0.0000 1.0000 0.0071
vn -0.0000 0.9372 -0.3487
vn -0.0000 0.6639 -0.7478
vn -0.0000 -0.6639 -0.7478
vn -0.0000 -0.9372 -0.3487
vn -0.0000 -1.0000 0.0071
vn -0.0000 -0.9322 0.3621
vn -0.0000 -0.6546 0.7560
vn 0.0987 0.6546 0.7495
vn 0.0473 0.9322 0.3590
vn 0.0009 1.0000 0.0070
vn -0.0455 0.9372 -0.3457
vn -0.0976 0.6639 -0.7414
vn -0.0976 -0.6639 -0.7414
vn -0.0455 -0.9372 -0.3457
vn 0.0009 -1.0000 0.0070
vn 0.0473 -0.9322 0.3590
vn 0.0987 -0.6546 0.7495
vn 0.1957 0.6546 0.7302
vn 0.0937 0.9322 0.3497
vn 0.0018 1.0000 0.0069
vn -0.0902 0.9372 -0.3368
vn -0.1936 0.6639 -0.7224
vn -0.1936 -0.6639 -0.7224
vn -0.0902 -0.9372 -0.3368
vn 0.0018 -1.0000 0.0069
vn 0.0937 -0.9322 0.3497
vn 0.1957 -0.6546 0.7302
vn 0.2893 0.6546 0.6984
vn 0.1386 0.9322 0.3345
vn 0.0027 1.0000 0.0066
vn -0.1334 0.9372 -0.3221
vn -0.2862 0.6639 -0.6909
vn -0.2862 -0.6639 -0.6909
vn -0.1334 -0.9372 -0.3221
vn 0.0027 -1.0000 0.0066
vn 0.1386 -0.9322 0.3345
vn 0.2893 -0.6546 0.6984
vn 0.3780 0.6546 0.6547
vn 0.1810 0.9322 0.3136
vn 0.0035 1.0000 0.0061
vn -0.1743 0.9372 -0.3020
vn -0.3739 0.6639 -0.6477
vn -0.3739 -0.6639 -0.6477
vn -0.1743 -0.9372 -0.3020
vn 0.0035 -1.0000 0.0061
vn 0.1810 -0.9322 0.3136
vn 0.3780 -0.6546 0.6547
vn 0.4602 0.6546 0.5998
vn 0.2204 0.9322 0.2872
vn 0.0043 1.0000 0.0056
vn -0.2123 0.9372 -0.2766
vn -0.4553 0.6639 -0.5933
vn -0.4553 -0.6639 -0.5933
vn -0.2123 -0.9372 -0.2766
vn 0.0043 -1.0000 0.0056
vn 0.2204 -0.9322 0.2872
vn 0.4602 -0.6546 0.5998
vn 0.5346 0.6546 0.5346
vn 0.2560 0.9322 0.2560
vn 0.0050 1.0000 0.0050
vn -0.2466 0.9372 -0.2466
vn -0.5288 0.6639 -0.5288
vn -0.5288 -0.6639 -0.5288
vn -0.2466 -0.9372 -0.2466
vn 0.0050 -1.0000 0.0050
vn 0.2560 -0.9322 0.2560
vn 0.5346 -0.6546 0.5346
vn 0.5998 0.6546 0.4602
vn 0.2872 0.9322 0.2204
vn 0.0056 1.0000 0.0043
vn -0.2766 0.9372 -0.2123
vn -0.5933 0.6639 -0.4553
vn -0.5933 -0.6639 -0.4553
vn -0.2766 -0.9372 -0.2123
vn 0.0056 -1.0000 0.0043
vn 0.2872 -0.9322 0.2204
vn 0.5998 -0.6546 0.4602
vn 0.6547 0.6546 0.3780
vn 0.3136 0.9322 0.1810
vn 0.0061 1.0000 0.0035
vn -0.3020 0.9372 -0.1743
vn -0.6477 0.6639 -0.3739
vn -0.6477 -0.6639 -0.3739
vn -0.3020 -0.9372 -0.1743
vn 0.0061 -1.0000 0.0035
vn 0.3136 -0.9322 0.1810
vn 0.6547 -0.6546 0.3780
vn 0.6984 0.6546 0.2893
vn 0.3345 0.9322 0.1386
vn 0.0066 1.0000 0.0027
vn -0.3221 0.9372 -0.1334
vn -0.6909 0.6639 -0.2862
vn -0.6909 -0.6639 -0.2862
vn -0.3221 -0.9372 -0.1334
vn 0.0066 -1.0000 0.0027
vn 0.3345 -0.9322 0.1386
vn 0.6984 -0.6546 0.2893
vn 0.7302 0.6546 0.1957
vn 0.3497 0.9322 0.0937
vn 0.0069 1.0000 0.0018
vn -0.3368 0.9372 -0.0902
vn -0.7224 0.6639 -0.1936
vn -0.7224 -0.6639 -0.1936
vn -0.3368 -0.9372 -0.0902
vn 0.0069 -1.0000 0.0018
vn 0.3497 -0.9322 0.0937
vn 0.7302 -0.6546 0.1957
vn 0.7495 0.6546 0.0987
vn 0.3590 0.9322 0.0473
vn 0.0070 1.0000 0.0009
vn -0.3457 0.9372 -0.0455
vn -0.7414 0.6639 -0.0976
vn -0.7414 -0.6639 -0.0976
vn -0.3457 -0.9372 -0.0455
vn 0.0070 -1.0000 0.0009
vn 0.3590 -0.9322 0.0473
vn 0.7495 -0.6546 0.0987
vt 0.500000 0.500000
vt 0.520833 0.500000
vt 0.520833 0.583333
vt 0.500000 0.583333
vt 0.520833 0.666667
vt 0.500000 0.666667
vt 0.520833 0.750000
vt 0.500000 0.750000
vt 0.520833 0.833333
vt 0.500000 0.833333
vt 0.520833 0.916667
vt 0.500000 0.916667
vt 0.520833 1.000000
vt 0.500000 1.000000
vt 0.500000 0.000000
vt 0.520833 0.000000
vt 0.520833 0.083333
vt 0.500000 0.083333
vt 0.520833 0.166667
vt 0.500000 0.166667
vt 0.520833 0.250000
vt 0.500000 0.250000
vt 0.520833 0.333333
vt 0.500000 0.333333
vt 0.520833 0.416667
vt 0.500000 0.416667
vt 0.541667 0.500000
vt 0.541667 0.583333
vt 0.541667 0.666667
vt 0.541667 0.750000
vt 0.541667 0.833333
vt 0.541667 0.916667
vt 0.541667 1.000000
vt 0.541667 0.000000
vt 0.541667 0.083333
vt 0.541667 0.166667
vt 0.541667 0.250000
vt 0.541667 0.333333
vt 0.541667 0.416667
vt 0.562500 0.500000
vt 0.562500 0.583333
vt 0.562500 0.666667
vt 0.562500 0.750000
vt 0.562500 0.833333
vt 0.562500 0.916667
vt 0.562500 1.000000
vt 0.562500 0.000000
vt 0.562500 0.083333
vt 0.562500 0.166667
vt 0.562500 0.250000
vt 0.562500 0.333333
vt 0.562500 0.416667
vt 0.583333 0.500000
vt 0.583333 0.583333
vt 0.583333 0.666667
vt 0.583333 0.750000
vt 0.583333 0.833333
vt 0.583333 0.916667
vt 0.583333 1.000000
vt 0.583333 0.000000
vt 0.583333 0.083333
vt 0.583333 0.166667
vt 0.583333 0.250000
vt 0.583333 0.333333
vt 0.583333 0.416667
vt 0.604167 0.500000
vt 0.604167 0.583333
vt 0.604167 0.666667
vt 0.604167 0.750000
vt 0.604167 0.833333
vt 0.604167 0.916667
vt 0.604167 1.000000
vt 0.604167 0.000000
vt 0.604167 0.083333
vt 0.604167 0.166667
vt 0.604167 0.250000
vt 0.604167 0.333333
vt 0.604167 0.416667
vt 0.625000 0.500000
vt 0.625000 0.583333
vt 0.625000 0.666667
vt 0.625000 0.750000
vt 0.625000 0.833333
vt 0.625000 0.916667
vt 0.625000 1.000000
vt 0.625000 0.000000
vt 0.625000 0.083333
vt 0.625000 0.166667
vt 0.625000 0.250000
vt 0.625000 0.333333
vt 0.625000 0.416667
vt 0.645833 0.500000
vt 0.645833 0.583333
vt 0.645833 0.666667
vt 0.645833 0.750000
vt 0.645833 0.833333
vt 0.645833 0.916667
vt 0.645833 1.000000
vt 0.645833 0.000000
vt 0.645833 0.083333
vt 0.645833 0.166667
vt 0.645833 0.250000
vt 0.645833 0.333333
vt 0.645833 0.416667
vt 0.666667 0.500000
vt 0.666667 0.583333
vt 0.666667 0.666667
vt 0.666667 0.750000
vt 0.666667 0.833333
vt 0.666667 0.916667
vt 0.666667 1.000000
vt 0.666667 0.000000
vt 0.666667 0.083333
vt 0.666667 0.166667
vt 0.666667 0.250000
vt 0.666667 0.333333
vt 0.666667 0.416667
vt 0.687500 0.500000
vt 0.687500 0.583333
vt 0.687500 0.666667
vt 0.687500 0.750000
vt 0.687500 0.833333
vt 0.687500 0.916667
vt 0.687500 1.000000
vt 0.687500 0.000000
vt 0.687500 0.083333
vt 0.687500 0.166667
vt 0.687500 0.250000
vt 0.687500 0.333333
vt 0.687500 0.416667
vt 0.708333 0.500000
vt 0.708333 0.583333
vt 0.708333 0.666667
vt 0.708333 0.750000
vt 0.708333 0.833333
vt 0.708333 0.916667
vt 0.708333 1.000000
vt 0.708333 0.000000
vt 0.708333 0.083333
vt 0.708333 0.166667
vt 0.708333 0.250000
vt 0.708333 0.333333
vt 0.708333 0.416667
vt 0.729167 0.500000
vt 0.729167 0.583333
vt 0.729167 0.666667
vt 0.729167 0.750000
vt 0.729167 0.833333
vt 0.729167 0.916667
vt 0.729167 1.000000
vt 0.729167 0.000000
vt 0.729167 0.083333
vt 0.729167 0.166667
vt 0.729167 0.250000
vt 0.729167 0.333333
vt 0.729167 0.416667
vt 0.750000 0.500000
vt 0.750000 0.583333
vt 0.750000 0.666667
vt 0.750000 0.750000
vt 0.750000 0.833333
vt 0.750000 0.916667
vt 0.750000 1.000000
vt 0.750000 0.000000
vt 0.750000 0.083333
vt 0.750000 0.166667
vt 0.750000 0.250000
vt 0.750000 0.333333
vt 0.750000 0.416667
vt 0.770833 0.500000
vt 0.770833 0.583333
vt 0.770833 0.666667
vt 0.770833 0.750000
vt 0.770833 0.833333
vt 0.770833 0.916667
vt 0.770833 1.000000
vt 0.770833 0.000000
vt 0.770833 0.083333
vt 0.770833 0.166667
vt 0.770833 0.250000
vt 0.770833 0.333333
vt 0.770833 0.416667
vt 0.791667 0.500000
vt 0.791667 0.583333
vt 0.791667 0.666667
vt 0.791667 0.750000
vt 0.791667 0.833333
vt 0.791667 0.916667
vt 0.791667 1.000000
vt 0.791667 0.000000
vt 0.791667 0.083333
vt 0.791667 0.166667
vt 0.791667 0.250000
vt 0.791667 0.333333
vt 0.791667 0.416667
vt 0.812500 0.500000
vt 0.812500 0.583333
vt 0.812500 0.666667
vt 0.812500 0.750000
vt 0.812500 0.833333
vt 0.812500 0.916667
vt 0.812500 1.000000
vt 0.812500 0.000000
vt 0.812500 0.083333
vt 0.812500 0.166667
vt 0.812500 0.250000
vt 0.812500 0.333333
vt 0.812500 0.416667
vt 0.833333 0.500000
vt 0.833333 0.583333
vt 0.833333 0.666667
vt 0.833333 0.750000
vt 0.833333 0.833333
vt 0.833333 0.916667
vt 0.833333 1.000000
vt 0.833333 0.000000
vt 0.833333 0.083333
vt 0.833333 0.166667
vt 0.833333 0.250000
vt 0.833333 0.333333
vt 0.833333 0.416667
vt 0.854167 0.500000
vt 0.854167 0.583333
vt 0.854167 0.666667
vt 0.854167 0.750000
vt 0.854167 0.833333
vt 0.854167 0.916667
vt 0.854167 1.000000
vt 0.854167 0.000000
vt 0.854167 0.083333
vt 0.854167 0.166667
vt 0.854167 0.250000
vt 0.854167 0.333333
vt 0.854167 0.416667
vt 0.875000 0.500000
vt 0.875000 0.583333
vt 0.875000 0.666667
vt 0.875000 0.750000
vt 0.875000 0.833333
vt 0.875000 0.916667
vt 0.875000 1.000000
vt 0.875000 0.000000
vt 0.875000 0.083333
vt 0.875000 0.166667
vt 0.875000 0.250000
vt 0.875000 0.333333
vt 0.875000 0.416667
vt 0.895833 0.500000
vt 0.895833 0.583333
vt 0.895833 0.666667
vt 0.895833 0.750000
vt 0.895833 0.833333
vt 0.895833 0.916667
vt 0.895833 1.000000
vt 0.895833 0.000000
vt 0.895833 0.083333
vt 0.895833 0.166667
vt 0.895833 0.250000
vt 0.895833 0.333333
vt 0.895833 0.416667
vt 0.916667 0.500000
vt 0.916667 0.583333
vt 0.916667 0.666667
vt 0.916667 0.750000
vt 0.916667 0.833333
vt 0.916667 0.916667
vt 0.916667 1.000000
vt 0.916667 0.000000
vt 0.916667 0.083333
vt 0.916667 0.166667
vt 0.916667 0.250000
vt 0.916667 0.333333
vt 0.916667 0.416667
vt 0.937500 0.500000
vt 0.937500 0.583333
vt 0.937500 0.666667
vt 0.937500 0.750000
vt 0.937500 0.833333
vt 0.937500 0.916667
vt 0.937500 1.000000
vt 0.937500 0.000000
vt 0.937500 0.083333
vt 0.937500 0.166667
vt 0.937500 0.250000
vt 0.937500 0.333333
vt 0.937500 0.416667
vt 0.958333 0.500000
vt 0.958333 0.583333
vt 0.958333 0.666667
vt 0.958333 0.750000
vt 0.958333 0.833333
vt 0.958333 0.916667
vt 0.958333 1.000000
vt 0.958333 0.000000
vt 0.958333 0.083333
vt 0.958333 0.166667
vt 0.958333 0.250000
vt 0.958333 0.333333
vt 0.958333 0.416667
vt 0.979167 0.500000
vt 0.979167 0.583333
vt 0.979167 0.666667
vt 0.979167 0.750000
vt 0.979167 0.833333
vt 0.979167 0.916667
vt 0.979167 1.000000
vt 0.979167 0.000000
vt 0.979167 0.083333
vt 0.979167 0.166667
vt 0.979167 0.250000
vt 0.979167 0.333333
vt 0.979167 0.416667
vt 1.000000 0.500000
vt 1.000000 0.583333
vt 1.000000 0.666667
vt 1.000000 0.750000
vt 1.000000 0.833333
vt 1.000000 0.916667
vt 1.000000 1.000000
vt 1.000000 0.000000
vt 1.000000 0.083333
vt 1.000000 0.166667
vt 1.000000 0.250000
vt 1.000000 0.333333
vt 1.000000 0.416667
vt 0.000000 0.500000
vt 0.020833 0.500000
vt 0.020833 0.583333
vt 0.000000 0.583333
vt 0.020833 0.666667
vt 0.000000 0.666667
vt 0.020833 0.750000
vt 0.000000 0.750000
vt 0.020833 0.833333
vt 0.000000 0.833333
vt 0.020833 0.916667
vt 0.000000 0.916667
vt 0.020833 1.000000
vt 0.000000 1.000000
vt 0.000000 0.000000
vt 0.020833 0.000000
vt 0.020833 0.083333
vt 0.000000 0.083333
vt 0.020833 0.166667
vt 0.000000 0.166667
vt 0.020833 0.250000
vt 0.000000 0.250000
vt 0.020833 0.333333
vt 0.000000 0.333333
vt 0.020833 0.416667
vt 0.000000 0.416667
vt 0.041667 0.500000
vt 0.041667 0.583333
vt 0.041667 0.666667
vt 0.041667 0.750000
vt 0.041667 0.833333
vt 0.041667 0.916667
vt 0.041667 1.000000
vt 0.041667 0.000000
vt 0.041667 0.083333
vt 0.041667 0.166667
vt 0.041667 0.250000
vt 0.041667 0.333333
vt 0.041667 0.416667
vt 0.062500 0.500000
vt 0.062500 0.583333
vt 0.062500 0.666667
vt 0.062500 0.750000
vt 0.062500 0.833333
vt 0.062500 0.916667
vt 0.062500 1.000000
vt 0.062500 0.000000
vt 0.062500 0.083333
vt 0.062500 0.166667
vt 0.062500 0.250000
vt 0.062500 0.333333
vt 0.062500 0.416667
vt 0.083333 0.500000
vt 0.083333 0.583333
vt 0.083333 0.666667
vt 0.083333 0.750000
vt 0.083333 0.833333
vt 0.083333 0.916667
vt 0.083333 1.000000
vt 0.083333 0.000000
vt 0.083333 0.083333
vt 0.083333 0.166667
vt 0.083333 0.250000
vt 0.083333 0.333333
vt 0.083333 0.416667
vt 0.104167 0.500000
vt 0.104167 0.583333
vt 0.104167 0.666667
vt 0.104167 0.750000
vt 0.104167 0.833333
vt 0.104167 0.916667
vt 0.104167 1.000000
vt 0.104167 0.000000
vt 0.104167 0.083333
vt 0.104167 0.166667
vt 0.104167 0.250000
vt 0.104167 0.333333
vt 0.104167 0.416667
vt 0.125000 0.500000
vt 0.125000 0.583333
vt 0.125000 0.666667
vt 0.125000 0.750000
vt 0.125000 0.833333
vt 0.125000 0.916667
vt 0.125000 1.000000
vt 0.125000 0.000000
vt 0.125000 0.083333
vt 0.125000 0.166667
vt 0.125000 0.250000
vt 0.125000 0.333333
vt 0.125000 0.416667
vt 0.145833 0.500000
vt 0.145833 0.583333
vt 0.145833 0.666667
vt 0.145833 0.750000
vt 0.145833 0.833333
vt 0.145833 0.916667
vt 0.145833 1.000000
vt 0.145833 0.000000
vt 0.145833 0.083333
vt 0.145833 0.166667
vt 0.145833 0.250000
vt 0.145833 0.333333
vt 0.145833 0.416667
vt 0.166667 0.500000
vt 0.166667 0.583333
vt 0.166667 0.666667
vt 0.166667 0.750000
vt 0.166667 0.833333
vt 0.166667 0.916667
vt 0.166667 1.000000
vt 0.166667 0.000000
vt 0.166667 0.083333
vt 0.166667 0.166667
vt 0.166667 0.250000
vt 0.166667 0.333333
vt 0.166667 0.416667
vt 0.187500 0.500000
vt 0.187500 0.583333
vt 0.187500 0.666667
vt 0.187500 0.750000
vt 0.187500 0.833333
vt 0.187500 0.916667
vt 0.187500 1.000000
vt 0.187500 0.000000
vt 0.187500 0.083333
vt 0.187500 0.166667
vt 0.187500 0.250000
vt 0.187500 0.333333
vt 0.187500 0.416667
vt 0.208333 0.500000
vt 0.208333 0.583333
vt 0.208333 0.666667
vt 0.208333 0.750000
vt 0.208333 0.833333
vt 0.208333 0.916667
vt 0.208333 1.000000
vt 0.208333 0.000000
vt 0.208333 0.083333
vt 0.208333 0.166667
vt 0.208333 0.250000
vt 0.208333 0.333333
vt 0.208333 0.416667
vt 0.229167 0.500000
vt 0.229167 0.583333
vt 0.229167 0.666667
vt 0.229167 0.750000
vt 0.229167 0.833333
vt 0.229167 0.916667
vt 0.229167 1.000000
vt 0.229167 0.000000
vt 0.229167 0.083333
vt 0.229167 0.166667
vt 0.229167 0.250000
vt 0.229167 0.333333
vt 0.229167 0.416667
vt 0.250000 0.500000
vt 0.250000 0.583333
vt 0.250000 0.666667
vt 0.250000 0.750000
vt 0.250000 0.833333
vt 0.250000 0.916667
vt 0.250000 1.000000
vt 0.250000 0.000000
vt 0.250000 0.083333
vt 0.250000 0.166667
vt 0.250000 0.250000
vt 0.250000 0.333333
vt 0.250000 0.416667
vt 0.270833 0.500000
vt 0.270833 0.583333
vt 0.270833 0.666667
vt 0.270833 0.750000
vt 0.270833 0.833333
vt 0.270833 0.916667
vt 0.270833 1.000000
vt 0.270833 0.000000
vt 0.270833 0.083333
vt 0.270833 0.166667
vt 0.270833 0.250000
vt 0.270833 0.333333
vt 0.270833 0.416667
vt 0.291667 0.500000
vt 0.291667 0.583333
vt 0.291667 0.666667
vt 0.291667 0.750000
vt 0.291667 0.833333
vt 0.291667 0.916667
vt 0.291667 1.000000
vt 0.291667 0.000000
vt 0.291667 0.083333
vt 0.291667 0.166667
vt 0.291667 0.250000
vt 0.291667 0.333333
vt 0.291667 0.416667
vt 0.312500 0.500000
vt 0.312500 0.583333
vt 0.312500 0.666667
vt 0.312500 0.750000
vt 0.312500 0.833333
vt 0.312500 0.916667
vt 0.312500 1.000000
vt 0.312500 0.000000
vt 0.312500 0.083333
vt 0.312500 0.166667
vt 0.312500 0.250000
vt 0.312500 0.333333
vt 0.312500 0.416667
vt 0.333333 0.500000
vt 0.333333 0.583333
vt 0.333333 0.666667
vt 0.333333 0.750000
vt 0.333333 0.833333
vt 0.333333 0.916667
vt 0.333333 1.000000
vt 0.333333 0.000000
vt 0.333333 0.083333
vt 0.333333 0.166667
vt 0.333333 0.250000
vt 0.333333 0.333333
vt 0.333333 0.416667
vt 0.354167 0.500000
vt 0.354167 0.583333
vt 0.354167 0.666667
vt 0.354167 0.750000
vt 0.354167 0.833333
vt 0.354167 0.916667
vt 0.354167 1.000000
vt 0.354167 0.000000
vt 0.354167 0.083333
vt 0.354167 0.166667
vt 0.354167 0.250000
vt 0.354167 0.333333
vt 0.354167 0.416667
vt 0.375000 0.500000
vt 0.375000 0.583333
vt 0.375000 0.666667
vt 0.375000 0.750000
vt 0.375000 0.833333
vt 0.375000 0.916667
vt 0.375000 1.000000
vt 0.375000 0.000000
vt 0.375000 0.083333
vt 0.375000 0.166667
vt 0.375000 0.250000
vt 0.375000 0.333333
vt 0.375000 0.416667
vt 0.395833 0.500000
vt 0.395833 0.583333
vt 0.395833 0.666667
vt 0.395833 0.750000
vt 0.395833 0.833333
vt 0.395833 0.916667
vt 0.395833 1.000000
vt 0.395833 0.000000
vt 0.395833 0.083333
vt 0.395833 0.166667
vt 0.395833 0.250000
vt 0.395833 0.333333
vt 0.395833 0.416667
vt 0.416667 0.500000
vt 0.416667 0.583333
vt 0.416667 0.666667
vt 0.416667 0.750000
vt 0.416667 0.833333
vt 0.416667 0.916667
vt 0.416667 1.000000
vt 0.416667 0.000000
vt 0.416667 0.083333
vt 0.416667 0.166667
vt 0.416667 0.250000
vt 0.416667 0.333333
vt 0.416667 0.416667
vt 0.437500 0.500000
vt 0.437500 0.583333
vt 0.437500 0.666667
vt 0.437500 0.750000
vt 0.437500 0.833333
vt 0.437500 0.916667
vt 0.437500 1.000000
vt 0.437500 0.000000
vt 0.437500 0.083333
vt 0.437500 0.166667
vt 0.437500 0.250000
vt 0.437500 0.333333
vt 0.437500 0.416667
vt 0.458333 0.500000
vt 0.458333 0.583333
vt 0.458333 0.666667
vt 0.458333 0.750000
vt 0.458333 0.833333
vt 0.458333 0.916667
vt 0.458333 1.000000
vt 0.458333 0.000000
vt 0.458333 0.083333
vt 0.458333 0.166667
vt 0.458333 0.250000
vt 0.458333 0.333333
vt 0.458333 0.416667
vt 0.479167 0.500000
vt 0.479167 0.583333
vt 0.479167 0.666667
vt 0.479167 0.750000
vt 0.479167 0.833333
vt 0.479167 0.916667
vt 0.479167 1.000000
vt 0.479167 0.000000
vt 0.479167 0.083333
vt 0.479167 0.166667
vt 0.479167 0.250000
vt 0.479167 0.333333
vt 0.479167 0.416667
s 1
usemtl hair
f 2699/2945/2655 2711/2946/2667 2712/2947/2668 2700/2948/2656
f 2700/2948/2656 2712/2947/2668 2713/2949/2669 2701/2950/2657
f 2701/2950/2657 2713/2949/2669 2714/2951/2670 2702/2952/2658
f 2702/2952/2658 2714/2951/2670 2715/2953/2671 2703/2954/2659
f 2703/2954/2659 2715/2953/2671 2716/2955/2672 2704/2956/2660
f 2704/2956/2660 2716/2955/2672 2717/2957/2673 2705/2958/2661
f 2705/2959/2661 2717/2960/2673 2718/2961/2674 2706/2962/2662
f 2706/2962/2662 2718/2961/2674 2719/2963/2675 2707/2964/2663
f 2707/2964/2663 2719/2963/2675 2720/2965/2676 2708/2966/2664
f 2708/2966/2664 2720/2965/2676 2721/2967/2677 2709/2968/2665
f 2709/2968/2665 2721/2967/2677 2722/2969/2678 2710/2970/2666
f 2710/2970/2666 2722/2969/2678 2711/2946/2667 2699/2945/2655
f 2711/2946/2667 2723/2971/2679 2724/2972/2680 2712/2947/2668
f 2712/2947/2668 2724/2972/2680 2725/2973/2681 2713/2949/2669
f 2713/2949/2669 2725/2973/2681 2726/2974/2682 2714/2951/2670
f 2714/2951/2670 2726/2974/2682 2727/2975/2683 2715/2953/2671
f 2715/2953/2671 2727/2975/2683 2728/2976/2684 2716/2955/2672
f 2716/2955/2672 2728/2976/2684 2729/2977/2685 2717/2957/2673
f 2717/2960/2673 2729/2978/2685 2730/2979/2686 2718/2961/2674
f 2718/2961/2674 2730/2979/2686 2731/2980/2687 2719/2963/2675
f 2719/2963/2675 2731/2980/2687 2732/2981/2688 2720/2965/2676
f 2720/2965/2676 2732/2981/2688 2733/2982/2689 2721/2967/2677
f 2721/2967/2677 2733/2982/2689 2734/2983/2690 2722/2969/2678
f 2722/2969/2678 2734/2983/2690 2723/2971/2679 2711/2946/2667
f 2723/2971/2679 2735/2984/2691 2736/2985/2692 2724/2972/2680
f 2724/2972/2680 2736/2985/2692 2737/2986/2693 2725/2973/2681
f 2725/2973/2681 2737/2986/2693 2738/2987/2694 2726/2974/2682
f 2726/2974/2682 2738/2987/2694 2739/2988/2695 2727/2975/2683
f 2727/2975/2683 2739/2988/2695 2740/2989/2696 2728/2976/2684
f 2728/2976/2684 2740/2989/2696 2741/2990/2697 2729/2977/2685
f 2729/2978/2685 2741/2991/2697 2742/2992/2698 2730/2979/2686
f 2730/2979/2686 2742/2992/2698 2743/2993/2699 2731/2980/2687
f 2731/2980/2687 2743/2993/2699 2744/2994/2700 2732/2981/2688
f 2732/2981/2688 2744/2994/2700 2745/2995/2701 2733/2982/2689
f 2733/2982/2689 2745/2995/2701 2746/2996/2702 2734/2983/2690
f 2734/2983/2690 2746/2996/2702 2735/2984/2691 2723/2971/2679
f 2735/2984/2691 2747/2997/2703 2748/2998/2704 2736/2985/2692
f 2736/2985/2692 2748/2998/2704 2749/2999/2705 2737/2986/2693
f 2737/2986/2693 2749/2999/2705 2750/3000/2706 2738/2987/2694
f 2738/2987/2694 2750/3000/2706 2751/3001/2707 2739/2988/2695
f 2739/2988/2695 2751/3001/2707 2752/3002/2708 2740/2989/2696
f 2740/2989/2696 2752/3002/2708 2753/3003/2709 2741/2990/2697
f 2741/2991/2697 2753/3004/2709 2754/3005/2710 2742/2992/2698
f 2742/2992/2698 2754/3005/2710 2755/3006/2711 2743/2993/2699
f 2743/2993/2699 2755/3006/2711 2756/3007/2712 2744/2994/2700
f 2744/2994/2700 2756/3007/2712 2757/3008/2713 2745/2995/2701
f 2745/2995/2701 2757/3008/2713 2758/3009/2714 2746/2996/2702
f 2746/2996/2702 2758/3009/2714 2747/2997/2703 2735/2984/2691
f 2747/2997/2703 2759/3010/2715 2760/3011/2716 2748/2998/2704
f 2748/2998/2704 2760/3011/2716 2761/3012/2717 2749/2999/2705
f 2749/2999/2705 2761/3012/2717 2762/3013/2718 2750/3000/2706
f 2750/3000/2706 2762/3013/2718 2763/3014/2719 2751/3001/2707
f 2751/3001/2707 2763/3014/2719 2764/3015/2720 2752/3002/2708
f 2752/3002/2708 2764/3015/2720 2765/3016/2721 2753/3003/2709
f 2753/3004/2709 2765/3017/2721 2766/3018/2722 2754/3005/2710
f 2754/3005/2710 2766/3018/2722 2767/3019/2723 2755/3006/2711
f 2755/3006/2711 2767/3019/2723 2768/3020/2724 2756/3007/2712
f 2756/3007/2712 2768/3020/2724 2769/3021/2725 2757/3008/2713
f 2757/3008/2713 2769/3021/2725 2770/3022/2726 2758/3009/2714
f 2758/3009/2714 2770/3022/2726 2759/3010/2715 2747/2997/2703
f 2759/3010/2715 2771/3023/2727 2772/3024/2728 2760/3011/2716
f 2760/3011/2716 2772/3024/2728 2773/3025/2729 2761/3012/2717
f 2761/3012/2717 2773/3025/2729 2774/3026/2730 2762/3013/2718
f 2762/3013/2718 2774/3026/2730 2775/3027/2731 2763/3014/2719
f 2763/3014/2719 2775/3027/2731 2776/3028/2732 2764/3015/2720
f 2764/3015/2720 2776/3028/2732 2777/3029/2733 2765/3016/2721
f 2765/3017/2721 2777/3030/2733 2778/3031/2734 2766/3018/2722
f 2766/3018/2722 2778/3031/2734 2779/3032/2735 2767/3019/2723
f 2767/3019/2723 2779/3032/2735 2780/3033/2736 2768/3020/2724
f 2768/3020/2724 2780/3033/2736 2781/3034/2737 2769/3021/2725
f 2769/3021/2725 2781/3034/2737 2782/3035/2738 2770/3022/2726
f 2770/3022/2726 2782/3035/2738 2771/3023/2727 2759/3010/2715
f 2771/3023/2727 2783/3036/2739 2784/3037/2740 2772/3024/2728
f 2772/3024/2728 2784/3037/2740 2785/3038/2741 2773/3025/2729
f 2773/3025/2729 2785/3038/2741 2786/3039/2742 2774/3026/2730
f 2774/3026/2730 2786/3039/2742 2787/3040/2743 2775/3027/2731
f 2775/3027/2731 2787/3040/2743 2788/3041/2744 2776/3028/2732
f 2776/3028/2732 2788/3041/2744 2789/3042/2745 2777/3029/2733
f 2777/3030/2733 2789/3043/2745 2790/3044/2746 2778/3031/2734
f 2778/3031/2734 2790/3044/2746 2791/3045/2747 2779/3032/2735
f 2779/3032/2735 2791/3045/2747 2792/3046/2748 2780/3033/2736
f 2780/3033/2736 2792/3046/2748 2793/3047/2749 2781/3034/2737
f 2781/3034/2737 2793/3047/2749 2794/3048/2750 2782/3035/2738
f 2782/3035/2738 2794/3048/2750 2783/3036/2739 2771/3023/2727
f 2783/3036/2739 2795/3049/2751 2796/3050/2752 2784/3037/2740
f 2784/3037/2740 2796/3050/2752 2797/3051/2753 2785/3038/2741
f 2785/3038/2741 2797/3051/2753 2798/3052/2754 2786/3039/2742
f 2786/3039/2742 2798/3052/2754 2799/3053/2755 2787/3040/2743
f 2787/3040/2743 2799/3053/2755 2800/3054/2756 2788/3041/2744
f 2788/3041/2744 2800/3054/2756 2801/3055/2757 2789/3042/2745
f 2789/3043/2745 2801/3056/2757 2802/3057/2758 2790/3044/2746
f 2790/3044/2746 2802/3057/2758 2803/3058/2759 2791/3045/2747
f 2791/3045/2747 2803/3058/2759 2804/3059/2760 2792/3046/2748
f 2792/3046/2748 2804/3059/2760 2805/3060/2761 2793/3047/2749
f 2793/3047/2749 2805/3060/2761 2806/3061/2762 2794/3048/2750
f 2794/3048/2750 2806/3061/2762 2795/3049/2751 2783/3036/2739
f 2795/3049/2751 2807/3062/2763 2808/3063/2764 2796/3050/2752
f 2796/3050/2752 2808/3063/2764 2809/3064/2765 2797/3051/2753
f 2797/3051/2753 2809/3064/2765 2810/3065/2766 2798/3052/2754
f 2798/3052/2754 2810/3065/2766 2811/3066/2767 2799/3053/2755
f 2799/3053/2755 2811/3066/2767 2812/3067/2768 2800/3054/2756
f 2800/3054/2756 2812/3067/2768 2813/3068/2769 2801/3055/2757
f 2801/3056/2757 2813/3069/2769 2814/3070/2770 2802/3057/2758
f 2802/3057/2758 2814/3070/2770 2815/3071/2771 2803/3058/2759
f 2803/3058/2759 2815/3071/2771 2816/3072/2772 2804/3059/2760
f 2804/3059/2760 2816/3072/2772 2817/3073/2773 2805/3060/2761
f 2805/3060/2761 2817/3073/2773 2818/3074/2774 2806/3061/2762
f 2806/3061/2762 2818/3074/2774 2807/3062/2763 2795/3049/2751
f 2807/3062/2763 2819/3075/2775 2820/3076/2776 2808/3063/2764
f 2808/3063/2764 2820/3076/2776 2821/3077/2777 2809/3064/2765
f 2809/3064/2765 2821/3077/2777 2822/3078/2778 2810/3065/2766
f 2810/3065/2766 2822/3078/2778 2823/3079/2779 2811/3066/2767
f 2811/3066/2767 2823/3079/2779 2824/3080/2780 2812/3067/2768
f 2812/3067/2768 2824/3080/2780 2825/3081/2781 2813/3068/2769
f 2813/3069/2769 2825/3082/2781 2826/3083/2782 2814/3070/2770
f 2814/3070/2770 2826/3083/2782 2827/3084/2783 2815/3071/2771
f 2815/3071/2771 2827/3084/2783 2828/3085/2784 2816/3072/2772
f 2816/3072/2772 2828/3085/2784 2829/3086/2785 2817/3073/2773
f 2817/3073/2773 2829/3086/2785 2830/3087/2786 2818/3074/2774
f 2818/3074/2774 2830/3087/2786 2819/3075/2775 2807/3062/2763
f 2819/3075/2775 2831/3088/2787 2832/3089/2788 2820/3076/2776
f 2820/3076/2776 2832/3089/2788 2833/3090/2789 2821/3077/2777
f 2821/3077/2777 2833/3090/2789 2834/3091/2790 2822/3078/2778
f 2822/3078/2778 2834/3091/2790 2835/3092/2791 2823/3079/2779
f 2823/3079/2779 2835/3092/2791 2836/3093/2792 2824/3080/2780
f 2824/3080/2780 2836/3093/2792 2837/3094/2793 2825/3081/2781
f 2825/3082/2781 2837/3095/2793 2838/3096/2794 2826/3083/2782
f 2826/3083/2782 2838/3096/2794 2839/3097/2795 2827/3084/2783
f 2827/3084/2783 2839/3097/2795 2840/3098/2796 2828/3085/2784
f 2828/3085/2784 2840/3098/2796 2841/3099/2797 2829/3086/2785
f 2829/3086/2785 2841/3099/2797 2842/3100/2798 2830/3087/2786
f 2830/3087/2786 2842/3100/2798 2831/3088/2787 2819/3075/2775
f 2831/3088/2787 2843/3101/2799 2844/3102/2800 2832/3089/2788
f 2832/3089/2788 2844/3102/2800 2845/3103/2801 2833/3090/2789
f 2833/3090/2789 2845/3103/2801 2846/3104/2802 2834/3091/2790
f 2834/3091/2790 2846/3104/2802 2847/3105/2803 2835/3092/2791
f 2835/3092/2791 2847/3105/2803 2848/3106/2804 2836/3093/2792
f 2836/3093/2792 2848/3106/2804 2849/3107/2805 2837/3094/2793
f 2837/3095/2793 2849/3108/2805 2850/3109/2806 2838/3096/2794
f 2838/3096/2794 2850/3109/2806 2851/3110/2807 2839/3097/2795
f 2839/3097/2795 2851/3110/2807 2852/3111/2808 2840/3098/2796
f 2840/3098/2796 2852/3111/2808 2853/3112/2809 2841/3099/2797
f 2841/3099/2797 2853/3112/2809 2854/3113/2810 2842/3100/2798
f 2842/3100/2798 2854/3113/2810 2843/3101/2799 2831/3088/2787
f 2843/3101/2799 2855/3114/2811 2856/3115/2812 2844/3102/2800
f 2844/3102/2800 2856/3115/2812 2857/3116/2813 2845/3103/2801
f 2845/3103/2801 2857/3116/2813 2858/3117/2814 2846/3104/2802
f 2846/3104/2802 2858/3117/2814 2859/3118/2815 2847/3105/2803
f 2847/3105/2803 2859/3118/2815 2860/3119/2816 2848/3106/2804
f 2848/3106/2804 2860/3119/2816 2861/3120/2817 2849/3107/2805
f 2849/3108/2805 2861/3121/2817 2862/3122/2818 2850/3109/2806
f 2850/3109/2806 2862/3122/2818 2863/3123/2819 2851/3110/2807
f 2851/3110/2807 2863/3123/2819 2864/3124/2820 2852/3111/2808
f 2852/3111/2808 2864/3124/2820 2865/3125/2821 2853/3112/2809
f 2853/3112/2809 2865/3125/2821 2866/3126/2822 2854/3113/2810
f 2854/3113/2810 2866/3126/2822 2855/3114/2811 2843/3101/2799
f 2855/3114/2811 2867/3127/2823 2868/3128/2824 2856/3115/2812
f 2856/3115/2812 2868/3128/2824 2869/3129/2825 2857/3116/2813
f 2857/3116/2813 2869/3129/2825 2870/3130/2826 2858/3117/2814
f 2858/3117/2814 2870/3130/2826 2871/3131/2827 2859/3118/2815
f 2859/3118/2815 2871/3131/2827 2872/3132/2828 2860/3119/2816
f 2860/3119/2816 2872/3132/2828 2873/3133/2829 2861/3120/2817
f 2861/3121/2817 2873/3134/2829 2874/3135/2830 2862/3122/2818
f 2862/3122/2818 2874/3135/2830 2875/3136/2831 2863/3123/2819
f 2863/3123/2819 2875/3136/2831 2876/3137/2832 2864/3124/2820
f 2864/3124/2820 2876/3137/2832 2877/3138/2833 2865/3125/2821
f 2865/3125/2821 2877/3138/2833 2878/3139/2834 2866/3126/2822
f 2866/3126/2822 2878/3139/2834 2867/3127/2823 2855/3114/2811
f 2867/3127/2823 2879/3140/2835 2880/3141/2836 2868/3128/2824
f 2868/3128/2824 2880/3141/2836 2881/3142/2837 2869/3129/2825
f 2869/3129/2825 2881/3142/2837 2882/3143/2838 2870/3130/2826
f 2870/3130/2826 2882/3143/2838 2883/3144/2839 2871/3131/2827
f 2871/3131/2827 2883/3144/2839 2884/3145/2840 2872/3132/2828
f 2872/3132/2828 2884/3145/2840 2885/3146/2841 2873/3133/2829
f 2873/3134/2829 2885/3147/2841 2886/3148/2842 2874/3135/2830
f 2874/3135/2830 2886/3148/2842 2887/3149/2843 2875/3136/2831
f 2875/3136/2831 2887/3149/2843 2888/3150/2844 2876/3137/2832
f 2876/3137/2832 2888/3150/2844 2889/3151/2845 2877/3138/2833
f 2877/3138/2833 2889/3151/2845 2890/3152/2846 2878/3139/2834
f 2878/3139/2834 2890/3152/2846 2879/3140/2835 2867/3127/2823
f 2879/3140/2835 2891/3153/2847 2892/3154/2848 2880/3141/2836
f 2880/3141/2836 2892/3154/2848 2893/3155/2849 2881/3142/2837
f 2881/3142/2837 2893/3155/2849 2894/3156/2850 2882/3143/2838
f 2882/3143/2838 2894/3156/2850 2895/3157/2851 2883/3144/2839
f 2883/3144/2839 2895/3157/2851 2896/3158/2852 2884/3145/2840
f 2884/3145/2840 2896/3158/2852 2897/3159/2853 2885/3146/2841
f 2885/3147/2841 2897/3160/2853 2898/3161/2854 2886/3148/2842
f 2886/3148/2842 2898/3161/2854 2899/3162/2855 2887/3149/2843
f 2887/3149/2843 2899/3162/2855 2900/3163/2856 2888/3150/2844
f 2888/3150/2844 2900/3163/2856 2901/3164/2857 2889/3151/2845
f 2889/3151/2845 2901/3164/2857 2902/3165/2858 2890/3152/2846
f 2890/3152/2846 2902/3165/2858 2891/3153/2847 2879/3140/2835
f 2891/3153/2847 2903/3166/2859 2904/3167/2860 2892/3154/2848
f 2892/3154/2848 2904/3167/2860 2905/3168/2861 2893/3155/2849
f 2893/3155/2849 2905/3168/2861 2906/3169/2862 2894/3156/2850
f 2894/3156/2850 2906/3169/2862 2907/3170/2863 2895/3157/2851
f 2895/3157/2851 2907/3170/2863 2908/3171/2864 2896/3158/2852
f 2896/3158/2852 2908/3171/2864 2909/3172/2865 2897/3159/2853
f 2897/3160/2853 2909/3173/2865 2910/3174/2866 2898/3161/2854
f 2898/3161/2854 2910/3174/2866 2911/3175/2867 2899/3162/2855
f 2899/3162/2855 2911/3175/2867 2912/3176/2868 2900/3163/2856
f 2900/3163/2856 2912/3176/2868 2913/3177/2869 2901/3164/2857
f 2901/3164/2857 2913/3177/2869 2914/3178/2870 2902/3165/2858
f 2902/3165/2858 2914/3178/2870 2903/3166/2859 2891/3153/2847
f 2903/3166/2859 2915/3179/2871 2916/3180/2872 2904/3167/2860
f 2904/3167/2860 2916/3180/2872 2917/3181/2873 2905/3168/2861
f 2905/3168/2861 2917/3181/2873 2918/3182/2874 2906/3169/2862
f 2906/3169/2862 2918/3182/2874 2919/3183/2875 2907/3170/2863
f 2907/3170/2863 2919/3183/2875 2920/3184/2876 2908/3171/2864
f 2908/3171/2864 2920/3184/2876 2921/3185/2877 2909/3172/2865
f 2909/3173/2865 2921/3186/2877 2922/3187/2878 2910/3174/2866
f 2910/3174/2866 2922/3187/2878 2923/3188/2879 2911/3175/2867
f 2911/3175/2867 2923/3188/2879 2924/3189/2880 2912/3176/2868
f 2912/3176/2868 2924/3189/2880 2925/3190/2881 2913/3177/2869
f 2913/3177/2869 2925/3190/2881 2926/3191/2882 2914/3178/2870
f 2914/3178/2870 2926/3191/2882 2915/3179/2871 2903/3166/2859
f 2915/3179/2871 2927/3192/2883 2928/3193/2884 2916/3180/2872
f 2916/3180/2872 2928/3193/2884 2929/3194/2885 2917/3181/2873
f 2917/3181/2873 2929/3194/2885 2930/3195/2886 2918/3182/2874
f 2918/3182/2874 2930/3195/2886 2931/3196/2887 2919/3183/2875
f 2919/3183/2875 2931/3196/2887 2932/3197/2888 2920/3184/2876
f 2920/3184/2876 2932/3197/2888 2933/3198/2889 2921/3185/2877
f 2921/3186/2877 2933/3199/2889 2934/3200/2890 2922/3187/2878
f 2922/3187/2878 2934/3200/2890 2935/3201/2891 2923/3188/2879
f 2923/3188/2879 2935/3201/2891 2936/3202/2892 2924/3189/2880
f 2924/3189/2880 2936/3202/2892 2937/3203/2893 2925/3190/2881
f 2925/3190/2881 2937/3203/2893 2938/3204/2894 2926/3191/2882
f 2926/3191/2882 2938/3204/2894 2927/3192/2883 2915/3179/2871
f 2927/3192/2883 2939/3205/2895 2940/3206/2896 2928/3193/2884
f 2928/3193/2884 2940/3206/2896 2941/3207/2897 2929/3194/2885
f 2929/3194/2885 2941/3207/2897 2942/3208/2898 2930/3195/2886
f 2930/3195/2886 2942/3208/2898 2943/3209/2899 2931/3196/2887
f 2931/3196/2887 2943/3209/2899 2944/3210/2900 2932/3197/2888
f 2932/3197/2888 2944/3210/2900 2945/3211/2901 2933/3198/2889
f 2933/3199/2889 2945/3212/2901 2946/3213/2902 2934/3200/2890
f 2934/3200/2890 2946/3213/2902 2947/3214/2903 2935/3201/2891
f 2935/3201/2891 2947/3214/2903 2948/3215/2904 2936/3202/2892
f 2936/3202/2892 2948/3215/2904 2949/3216/2905 2937/3203/2893
f 2937/3203/2893 2949/3216/2905 2950/3217/2906 2938/3204/2894
f 2938/3204/2894 2950/3217/2906 2939/3205/2895 2927/3192/2883
f 2939/3205/2895 2951/3218/2907 2952/3219/2908 2940/3206/2896
f 2940/3206/2896 2952/3219/2908 2953/3220/2909 2941/3207/2897
f 2941/3207/2897 2953/3220/2909 2954/3221/2910 2942/3208/2898
f 2942/3208/2898 2954/3221/2910 2955/3222/2911 2943/3209/2899
f 2943/3209/2899 2955/3222/2911 2956/3223/2912 2944/3210/2900
f 2944/3210/2900 2956/3223/2912 2957/3224/2913 2945/3211/2901
f 2945/3212/2901 2957/3225/2913 2958/3226/2914 2946/3213/2902
f 2946/3213/2902 2958/3226/2914 2959/3227/2915 2947/3214/2903
f 2947/3214/2903 2959/3227/2915 2960/3228/2916 2948/3215/2904
f 2948/3215/2904 2960/3228/2916 2961/3229/2917 2949/3216/2905
f 2949/3216/2905 2961/3229/2917 2962/3230/2918 2950/3217/2906
f 2950/3217/2906 2962/3230/2918 2951/3218/2907 2939/3205/2895
f 2951/3218/2907 2963/3231/2919 2964/3232/2920 2952/3219/2908
f 2952/3219/2908 2964/3232/2920 2965/3233/2921 2953/3220/2909
f 2953/3220/2909 2965/3233/2921 2966/3234/2922 2954/3221/2910
f 2954/3221/2910 2966/3234/2922 2967/3235/2923 2955/3222/2911
f 2955/3222/2911 2967/3235/2923 2968/3236/2924 2956/3223/2912
f 2956/3223/2912 2968/3236/2924 2969/3237/2925 2957/3224/2913
f 2957/3225/2913 2969/3238/2925 2970/3239/2926 2958/3226/2914
f 2958/3226/2914 2970/3239/2926 2971/3240/2927 2959/3227/2915
f 2959/3227/2915 2971/3240/2927 2972/3241/2928 2960/3228/2916
f 2960/3228/2916 2972/3241/2928 2973/3242/2929 2961/3229/2917
f 2961/3229/2917 2973/3242/2929 2974/3243/2930 2962/3230/2918
f 2962/3230/2918 2974/3243/2930 2963/3231/2919 2951/3218/2907
f 2963/3231/2919 2975/3244/2931 2976/3245/2932 2964/3232/2920
f 2964/3232/2920 2976/3245/2932 2977/3246/2933 2965/3233/2921
f 2965/3233/2921 2977/3246/2933 2978/3247/2934 2966/3234/2922
f 2966/3234/2922 2978/3247/2934 2979/3248/2935 2967/3235/2923
f 2967/3235/2923 2979/3248/2935 2980/3249/2936 2968/3236/2924
f 2968/3236/2924 2980/3249/2936 2981/3250/2937 2969/3237/2925
f 2969/3238/2925 2981/3251/2937 2982/3252/2938 2970/3239/2926
f 2970/3239/2926 2982/3252/2938 2983/3253/2939 2971/3240/2927
f 2971/3240/2927 2983/3253/2939 2984/3254/2940 2972/3241/2928
f 2972/3241/2928 2984/3254/2940 2985/3255/2941 2973/3242/2929
f 2973/3242/2929 2985/3255/2941 2986/3256/2942 2974/3243/2930
f 2974/3243/2930 2986/3256/2942 2975/3244/2931 2963/3231/2919
f 2975/3244/2931 2987/3257/2661 2988/3258/2943 2976/3245/2932
f 2976/3245/2932 2988/3258/2943 2989/3259/2944 2977/3246/2933
f 2977/3246/2933 2989/3259/2944 2990/3260/2945 2978/3247/2934
f 2978/3247/2934 2990/3260/2945 2991/3261/2946 2979/3248/2935
f 2979/3248/2935 2991/3261/2946 2992/3262/2947 2980/3249/2936
f 2980/3249/2936 2992/3262/2947 2993/3263/2655 2981/3250/2937
f 2981/3251/2937 2993/3264/2655 2994/3265/2948 2982/3252/2938
f 2982/3252/2938 2994/3265/2948 2995/3266/2949 2983/3253/2939
f 2983/3253/2939 2995/3266/2949 2996/3267/2950 2984/3254/2940
f 2984/3254/2940 2996/3267/2950 2997/3268/2951 2985/3255/2941
f 2985/3255/2941 2997/3268/2951 2998/3269/2952 2986/3256/2942
f 2986/3256/2942 2998/3269/2952 2987/3257/2661 2975/3244/2931
f 2987/3270/2661 2999/3271/2673 3000/3272/2953 2988/3273/2943
f 2988/3273/2943 3000/3272/2953 3001/3274/2954 2989/3275/2944
f 2989/3275/2944 3001/3274/2954 3002/3276/2955 2990/3277/2945
f 2990/3277/2945 3002/3276/2955 3003/3278/2956 2991/3279/2946
f 2991/3279/2946 3003/3278/2956 3004/3280/2957 2992/3281/2947
f 2992/3281/2947 3004/3280/2957 3005/3282/2667 2993/3283/2655
f 2993/3284/2655 3005/3285/2667 3006/3286/2958 2994/3287/2948
f 2994/3287/2948 3006/3286/2958 3007/3288/2959 2995/3289/2949
f 2995/3289/2949 3007/3288/2959 3008/3290/2960 2996/3291/2950
f 2996/3291/2950 3008/3290/2960 3009/3292/2961 2997/3293/2951
f 2997/3293/2951 3009/3292/2961 3010/3294/2962 2998/3295/2952
f 2998/3295/2952 3010/3294/2962 2999/3271/2673 2987/3270/2661
f 2999/3271/2673 3011/3296/2685 3012/3297/2963 3000/3272/2953
f 3000/3272/2953 3012/3297/2963 3013/3298/2964 3001/3274/2954
f 3001/3274/2954 3013/3298/2964 3014/3299/2965 3002/3276/2955
f 3002/3276/2955 3014/3299/2965 3015/3300/2966 3003/3278/2956
f 3003/3278/2956 3015/3300/2966 3016/3301/2967 3004/3280/2957
f 3004/3280/2957 3016/3301/2967 3017/3302/2679 3005/3282/2667
f 3005/3285/2667 3017/3303/2679 3018/3304/2968 3006/3286/2958
f 3006/3286/2958 3018/3304/2968 3019/3305/2969 3007/3288/2959
f 3007/3288/2959 3019/3305/2969 3020/3306/2970 3008/3290/2960
f 3008/3290/2960 3020/3306/2970 3021/3307/2971 3009/3292/2961
f 3009/3292/2961 3021/3307/2971 3022/3308/2972 3010/3294/2962
f 3010/3294/2962 3022/3308/2972 3011/3296/2685 2999/3271/2673
f 3011/3296/2685 3023/3309/2697 3024/3310/2973 3012/3297/2963
f 3012/3297/2963 3024/3310/2973 3025/3311/2974 3013/3298/2964
f 3013/3298/2964 3025/3311/2974 3026/3312/2975 3014/3299/2965
f 3014/3299/2965 3026/3312/2975 3027/3313/2976 3015/3300/2966
f 3015/3300/2966 3027/3313/2976 3028/3314/2977 3016/3301/2967
f 3016/3301/2967 3028/3314/2977 3029/3315/2691 3017/3302/2679
f 3017/3303/2679 3029/3316/2691 3030/3317/2978 3018/3304/2968
f 3018/3304/2968 3030/3317/2978 3031/3318/2979 3019/3305/2969
f 3019/3305/2969 3031/3318/2979 3032/3319/2980 3020/3306/2970
f 3020/3306/2970 3032/3319/2980 3033/3320/2981 3021/3307/2971
f 3021/3307/2971 3033/3320/2981 3034/3321/2982 3022/3308/2972
f 3022/3308/2972 3034/3321/2982 3023/3309/2697 3011/3296/2685
f 3023/3309/2697 3035/3322/2709 3036/3323/2983 3024/3310/2973
f 3024/3310/2973 3036/3323/2983 3037/3324/2984 3025/3311/2974
f 3025/3311/2974 3037/3324/2984 3038/3325/2985 3026/3312/2975
f 3026/3312/2975 3038/3325/2985 3039/3326/2986 3027/3313/2976
f 3027/3313/2976 3039/3326/2986 3040/3327/2987 3028/3314/2977
f 3028/3314/2977 3040/3327/2987 3041/3328/2703 3029/3315/2691
f 3029/3316/2691 3041/3329/2703 3042/3330/2988 3030/3317/2978
f 3030/3317/2978 3042/3330/2988 3043/3331/2989 3031/3318/2979
f 3031/3318/2979 3043/3331/2989 3044/3332/2990 3032/3319/2980
f 3032/3319/2980 3044/3332/2990 3045/3333/2991 3033/3320/2981
f 3033/3320/2981 3045/3333/2991 3046/3334/2992 3034/3321/2982
f 3034/3321/2982 3046/3334/2992 3035/3322/2709 3023/3309/2697
f 3035/3322/2709 3047/3335/2721 3048/3336/2993 3036/3323/2983
f 3036/3323/2983 3048/3336/2993 3049/3337/2994 3037/3324/2984
f 3037/3324/2984 3049/3337/2994 3050/3338/2995 3038/3325/2985
f 3038/3325/2985 3050/3338/2995 3051/3339/2996 3039/3326/2986
f 3039/3326/2986 3051/3339/2996 3052/3340/2997 3040/3327/2987
f 3040/3327/2987 3052/3340/2997 3053/3341/2715 3041/3328/2703
f 3041/3329/2703 3053/3342/2715 3054/3343/2998 3042/3330/2988
f 3042/3330/2988 3054/3343/2998 3055/3344/2999 3043/3331/2989
f 3043/3331/2989 3055/3344/2999 3056/3345/3000 3044/3332/2990
f 3044/3332/2990 3056/3345/3000 3057/3346/3001 3045/3333/2991
f 3045/3333/2991 3057/3346/3001 3058/3347/3002 3046/3334/2992
f 3046/3334/2992 3058/3347/3002 3047/3335/2721 3035/3322/2709
f 3047/3335/2721 3059/3348/2733 3060/3349/3003 3048/3336/2993
f 3048/3336/2993 3060/3349/3003 3061/3350/3004 3049/3337/2994
f 3049/3337/2994 3061/3350/3004 3062/3351/3005 3050/3338/2995
f 3050/3338/2995 3062/3351/3005 3063/3352/3006 3051/3339/2996
f 3051/3339/2996 3063/3352/3006 3064/3353/3007 3052/3340/2997
f 3052/3340/2997 3064/3353/3007 3065/3354/2727 3053/3341/2715
f 3053/3342/2715 3065/3355/2727 3066/3356/3008 3054/3343/2998
f 3054/3343/2998 3066/3356/3008 3067/3357/3009 3055/3344/2999
f 3055/3344/2999 3067/3357/3009 3068/3358/3010 3056/3345/3000
f 3056/3345/3000 3068/3358/3010 3069/3359/3011 3057/3346/3001
f 3057/3346/3001 3069/3359/3011 3070/3360/3012 3058/3347/3002
f 3058/3347/3002 3070/3360/3012 3059/3348/2733 3047/3335/2721
f 3059/3348/2733 3071/3361/2745 3072/3362/3013 3060/3349/3003
f 3060/3349/3003 3072/3362/3013 3073/3363/3014 3061/3350/3004
f 3061/3350/3004 3073/3363/3014 3074/3364/3015 3062/3351/3005
f 3062/3351/3005 3074/3364/3015 3075/3365/3016 3063/3352/3006
f 3063/3352/3006 3075/3365/3016 3076/3366/3017 3064/3353/3007
f 3064/3353/3007 3076/3366/3017 3077/3367/2739 3065/3354/2727
f 3065/3355/2727 3077/3368/2739 3078/3369/3018 3066/3356/3008
f 3066/3356/3008 3078/3369/3018 3079/3370/3019 3067/3357/3009
f 3067/3357/3009 3079/3370/3019 3080/3371/3020 3068/3358/3010
f 3068/3358/3010 3080/3371/3020 3081/3372/3021 3069/3359/3011
f 3069/3359/3011 3081/3372/3021 3082/3373/3022 3070/3360/3012
f 3070/3360/3012 3082/3373/3022 3071/3361/2745 3059/3348/2733
f 3071/3361/2745 3083/3374/2757 3084/3375/3023 3072/3362/3013
f 3072/3362/3013 3084/3375/3023 3085/3376/3024 3073/3363/3014
f 3073/3363/3014 3085/3376/3024 3086/3377/3025 3074/3364/3015
f 3074/3364/3015 3086/3377/3025 3087/3378/3026 3075/3365/3016
f 3075/3365/3016 3087/3378/3026 3088/3379/3027 3076/3366/3017
f 3076/3366/3017 3088/3379/3027 3089/3380/2751 3077/3367/2739
f 3077/3368/2739 3089/3381/2751 3090/3382/3028 3078/3369/3018
f 3078/3369/3018 3090/3382/3028 3091/3383/3029 3079/3370/3019
f 3079/3370/3019 3091/3383/3029 3092/3384/3030 3080/3371/3020
f 3080/3371/3020 3092/3384/3030 3093/3385/3031 3081/3372/3021
f 3081/3372/3021 3093/3385/3031 3094/3386/3032 3082/3373/3022
f 3082/3373/3022 3094/3386/3032 3083/3374/2757 3071/3361/2745
f 3083/3374/2757 3095/3387/2769 3096/3388/3033 3084/3375/3023
f 3084/3375/3023 3096/3388/3033 3097/3389/3034 3085/3376/3024
f 3085/3376/3024 3097/3389/3034 3098/3390/3035 3086/3377/3025
f 3086/3377/3025 3098/3390/3035 3099/3391/3036 3087/3378/3026
f 3087/3378/3026 3099/3391/3036 3100/3392/3037 3088/3379/3027
f 3088/3379/3027 3100/3392/3037 3101/3393/2763 3089/3380/2751
f 3089/3381/2751 3101/3394/2763 3102/3395/3038 3090/3382/3028
f 3090/3382/3028 3102/3395/3038 3103/3396/3039 3091/3383/3029
f 3091/3383/3029 3103/3396/3039 3104/3397/3040 3092/3384/3030
f 3092/3384/3030 3104/3397/3040 3105/3398/3041 3093/3385/3031
f 3093/3385/3031 3105/3398/3041 3106/3399/3042 3094/3386/3032
f 3094/3386/3032 3106/3399/3042 3095/3387/2769 3083/3374/2757
f 3095/3387/2769 3107/3400/2781 3108/3401/3043 3096/3388/3033
f 3096/3388/3033 3108/3401/3043 3109/3402/3044 3097/3389/3034
f 3097/3389/3034 3109/3402/3044 3110/3403/3045 3098/3390/3035
f 3098/3390/3035 3110/3403/3045 3111/3404/3046 3099/3391/3036
f 3099/3391/3036 3111/3404/3046 3112/3405/3047 3100/3392/3037
f 3100/3392/3037 3112/3405/3047 3113/3406/2775 3101/3393/2763
f 3101/3394/2763 3113/3407/2775 3114/3408/3048 3102/3395/3038
f 3102/3395/3038 3114/3408/3048 3115/3409/3049 3103/3396/3039
f 3103/3396/3039 3115/3409/3049 3116/3410/3050 3104/3397/3040
f 3104/3397/3040 3116/3410/3050 3117/3411/3051 3105/3398/3041
f 3105/3398/3041 3117/3411/3051 3118/3412/3052 3106/3399/3042
f 3106/3399/3042 3118/3412/3052 3107/3400/2781 3095/3387/2769
f 3107/3400/2781 3119/3413/2793 3120/3414/3053 3108/3401/3043
f 3108/3401/3043 3120/3414/3053 3121/3415/3054 3109/3402/3044
f 3109/3402/3044 3121/3415/3054 3122/3416/3055 3110/3403/3045
f 3110/3403/3045 3122/3416/3055 3123/3417/3056 3111/3404/3046
f 3111/3404/3046 3123/3417/3056 3124/3418/3057 3112/3405/3047
f 3112/3405/3047 3124/3418/3057 3125/3419/2787 3113/3406/2775
f 3113/3407/2775 3125/3420/2787 3126/3421/3058 3114/3408/3048
f 3114/3408/3048 3126/3421/3058 3127/3422/3059 3115/3409/3049
f 3115/3409/3049 3127/3422/3059 3128/3423/3060 3116/3410/3050
f 3116/3410/3050 3128/3423/3060 3129/3424/3061 3117/3411/3051
f 3117/3411/3051 3129/3424/3061 3130/3425/3062 3118/3412/3052
f 3118/3412/3052 3130/3425/3062 3119/3413/2793 3107/3400/2781
f 3119/3413/2793 3131/3426/2805 3132/3427/3063 3120/3414/3053
f 3120/3414/3053 3132/3427/3063 3133/3428/3064 3121/3415/3054
f 3121/3415/3054 3133/3428/3064 3134/3429/3065 3122/3416/3055
f 3122/3416/3055 3134/3429/3065 3135/3430/3066 3123/3417/3056
f 3123/3417/3056 3135/3430/3066 3136/3431/3067 3124/3418/3057
f 3124/3418/3057 3136/3431/3067 3137/3432/2799 3125/3419/2787
f 3125/3420/2787 3137/3433/2799 3138/3434/3068 3126/3421/3058
f 3126/3421/3058 3138/3434/3068 3139/3435/3069 3127/3422/3059
f 3127/3422/3059 3139/3435/3069 3140/3436/3070 3128/3423/3060
f 3128/3423/3060 3140/3436/3070 3141/3437/3071 3129/3424/3061
f 3129/3424/3061 3141/3437/3071 3142/3438/3072 3130/3425/3062
f 3130/3425/3062 3142/3438/3072 3131/3426/2805 3119/3413/2793
f 3131/3426/2805 3143/3439/2817 3144/3440/3073 3132/3427/3063
f 3132/3427/3063 3144/3440/3073 3145/3441/3074 3133/3428/3064
f 3133/3428/3064 3145/3441/3074 3146/3442/3075 3134/3429/3065
f 3134/3429/3065 3146/3442/3075 3147/3443/3076 3135/3430/3066
f 3135/3430/3066 3147/3443/3076 3148/3444/3077 3136/3431/3067
f 3136/3431/3067 3148/3444/3077 3149/3445/2811 3137/3432/2799
f 3137/3433/2799 3149/3446/2811 3150/3447/3078 3138/3434/3068
f 3138/3434/3068 3150/3447/3078 3151/3448/3079 3139/3435/3069
f 3139/3435/3069 3151/3448/3079 3152/3449/3080 3140/3436/3070
f 3140/3436/3070 3152/3449/3080 3153/3450/3081 3141/3437/3071
f 3141/3437/3071 3153/3450/3081 3154/3451/3082 3142/3438/3072
f 3142/3438/3072 3154/3451/3082 3143/3439/2817 3131/3426/2805
f 3143/3439/2817 3155/3452/2829 3156/3453/3083 3144/3440/3073
f 3144/3440/3073 3156/3453/3083 3157/3454/3084 3145/3441/3074
f 3145/3441/3074 3157/3454/3084 3158/3455/3085 3146/3442/3075
f 3146/3442/3075 3158/3455/3085 3159/3456/3086 3147/3443/3076
f 3147/3443/3076 3159/3456/3086 3160/3457/3087 3148/3444/3077
f 3148/3444/3077 3160/3457/3087 3161/3458/2823 3149/3445/2811
f 3149/3446/2811 3161/3459/2823 3162/3460/3088 3150/3447/3078
f 3150/3447/3078 3162/3460/3088 3163/3461/3089 3151/3448/3079
f 3151/3448/3079 3163/3461/3089 3164/3462/3090 3152/3449/3080
f 3152/3449/3080 3164/3462/3090 3165/3463/3091 3153/3450/3081
f 3153/3450/3081 3165/3463/3091 3166/3464/3092 3154/3451/3082
f 3154/3451/3082 3166/3464/3092 3155/3452/2829 3143/3439/2817
f 3155/3452/2829 3167/3465/2841 3168/3466/3093 3156/3453/3083
f 3156/3453/3083 3168/3466/3093 3169/3467/3094 3157/3454/3084
f 3157/3454/3084 3169/3467/3094 3170/3468/3095 3158/3455/3085
f 3158/3455/3085 3170/3468/3095 3171/3469/3096 3159/3456/3086
f 3159/3456/3086 3171/3469/3096 3172/3470/3097 3160/3457/3087
f 3160/3457/3087 3172/3470/3097 3173/3471/2835 3161/3458/2823
f 3161/3459/2823 3173/3472/2835 3174/3473/3098 3162/3460/3088
f 3162/3460/3088 3174/3473/3098 3175/3474/3099 3163/3461/3089
f 3163/3461/3089 3175/3474/3099 3176/3475/3100 3164/3462/3090
f 3164/3462/3090 3176/3475/3100 3177/3476/3101 3165/3463/3091
f 3165/3463/3091 3177/3476/3101 3178/3477/3102 3166/3464/3092
f 3166/3464/3092 3178/3477/3102 3167/3465/2841 3155/3452/2829
f 3167/3465/2841 3179/3478/2853 3180/3479/3103 3168/3466/3093
f 3168/3466/3093 3180/3479/3103 3181/3480/3104 3169/3467/3094
f 3169/3467/3094 3181/3480/3104 3182/3481/3105 3170/3468/3095
f 3170/3468/3095 3182/3481/3105 3183/3482/3106 3171/3469/3096
f 3171/3469/3096 3183/3482/3106 3184/3483/3107 3172/3470/3097
f 3172/3470/3097 3184/3483/3107 3185/3484/2847 3173/3471/2835
f 3173/3472/2835 3185/3485/2847 3186/3486/3108 3174/3473/3098
f 3174/3473/3098 3186/3486/3108 3187/3487/3109 3175/3474/3099
f 3175/3474/3099 3187/3487/3109 3188/3488/3110 3176/3475/3100
f 3176/3475/3100 3188/3488/3110 3189/3489/3111 3177/3476/3101
f 3177/3476/3101 3189/3489/3111 3190/3490/3112 3178/3477/3102
f 3178/3477/3102 3190/3490/3112 3179/3478/2853 3167/3465/2841
f 3179/3478/2853 3191/3491/2865 3192/3492/3113 3180/3479/3103
f 3180/3479/3103 3192/3492/3113 3193/3493/3114 3181/3480/3104
f 3181/3480/3104 3193/3493/3114 3194/3494/3115 3182/3481/3105
f 3182/3481/3105 3194/3494/3115 3195/3495/3116 3183/3482/3106
f 3183/3482/3106 3195/3495/3116 3196/3496/3117 3184/3483/3107
f 3184/3483/3107 3196/3496/3117 3197/3497/2859 3185/3484/2847
f 3185/3485/2847 3197/3498/2859 3198/3499/3118 3186/3486/3108
f 3186/3486/3108 3198/3499/3118 3199/3500/3119 3187/3487/3109
f 3187/3487/3109 3199/3500/3119 3200/3501/3120 3188/3488/3110
f 3188/3488/3110 3200/3501/3120 3201/3502/3121 3189/3489/3111
f 3189/3489/3111 3201/3502/3121 3202/3503/3122 3190/3490/3112
f 3190/3490/3112 3202/3503/3122 3191/3491/2865 3179/3478/2853
f 3191/3491/2865 3203/3504/2877 3204/3505/3123 3192/3492/3113
f 3192/3492/3113 3204/3505/3123 3205/3506/3124 3193/3493/3114
f 3193/3493/3114 3205/3506/3124 3206/3507/3125 3194/3494/3115
f 3194/3494/3115 3206/3507/3125 3207/3508/3126 3195/3495/3116
f 3195/3495/3116 3207/3508/3126 3208/3509/3127 3196/3496/3117
f 3196/3496/3117 3208/3509/3127 3209/3510/2871 3197/3497/2859
f 3197/3498/2859 3209/3511/2871 3210/3512/3128 3198/3499/3118
f 3198/3499/3118 3210/3512/3128 3211/3513/3129 3199/3500/3119
f 3199/3500/3119 3211/3513/3129 3212/3514/3130 3200/3501/3120
f 3200/3501/3120 3212/3514/3130 3213/3515/3131 3201/3502/3121
f 3201/3502/3121 3213/3515/3131 3214/3516/3132 3202/3503/3122
f 3202/3503/3122 3214/3516/3132 3203/3504/2877 3191/3491/2865
f 3203/3504/2877 3215/3517/2889 3216/3518/3133 3204/3505/3123
f 3204/3505/3123 3216/3518/3133 3217/3519/3134 3205/3506/3124
f 3205/3506/3124 3217/3519/3134 3218/3520/3135 3206/3507/3125
f 3206/3507/3125 3218/3520/3135 3219/3521/3136 3207/3508/3126
f 3207/3508/3126 3219/3521/3136 3220/3522/3137 3208/3509/3127
f 3208/3509/3127 3220/3522/3137 3221/3523/2883 3209/3510/2871
f 3209/3511/2871 3221/3524/2883 3222/3525/3138 3210/3512/3128
f 3210/3512/3128 3222/3525/3138 3223/3526/3139 3211/3513/3129
f 3211/3513/3129 3223/3526/3139 3224/3527/3140 3212/3514/3130
f 3212/3514/3130 3224/3527/3140 3225/3528/3141 3213/3515/3131
f 3213/3515/3131 3225/3528/3141 3226/3529/3142 3214/3516/3132
f 3214/3516/3132 3226/3529/3142 3215/3517/2889 3203/3504/2877
f 3215/3517/2889 3227/3530/2901 3228/3531/3143 3216/3518/3133
f 3216/3518/3133 3228/3531/3143 3229/3532/3144 3217/3519/3134
f 3217/3519/3134 3229/3532/3144 3230/3533/3145 3218/3520/3135
f 3218/3520/3135 3230/3533/3145 3231/3534/3146 3219/3521/3136
f 3219/3521/3136 3231/3534/3146 3232/3535/3147 3220/3522/3137
f 3220/3522/3137 3232/3535/3147 3233/3536/2895 3221/3523/2883
f 3221/3524/2883 3233/3537/2895 3234/3538/3148 3222/3525/3138
f 3222/3525/3138 3234/3538/3148 3235/3539/3149 3223/3526/3139
f 3223/3526/3139 3235/3539/3149 3236/3540/3150 3224/3527/3140
f 3224/3527/3140 3236/3540/3150 3237/3541/3151 3225/3528/3141
f 3225/3528/3141 3237/3541/3151 3238/3542/3152 3226/3529/3142
f 3226/3529/3142 3238/3542/3152 3227/3530/2901 3215/3517/2889
f 3227/3530/2901 3239/3543/2913 3240/3544/3153 3228/3531/3143
f 3228/3531/3143 3240/3544/3153 3241/3545/3154 3229/3532/3144
f 3229/3532/3144 3241/3545/3154 3242/3546/3155 3230/3533/3145
f 3230/3533/3145 3242/3546/3155 3243/3547/3156 3231/3534/3146
f 3231/3534/3146 3243/3547/3156 3244/3548/3157 3232/3535/3147
f 3232/3535/3147 3244/3548/3157 3245/3549/2907 3233/3536/2895
f 3233/3537/2895 3245/3550/2907 3246/3551/3158 3234/3538/3148
f 3234/3538/3148 3246/3551/3158 3247/3552/3159 3235/3539/3149
f 3235/3539/3149 3247/3552/3159 3248/3553/3160 3236/3540/3150
f 3236/3540/3150 3248/3553/3160 3249/3554/3161 3237/3541/3151
f 3237/3541/3151 3249/3554/3161 3250/3555/3162 3238/3542/3152
f 3238/3542/3152 3250/3555/3162 3239/3543/2913 3227/3530/2901
f 3239/3543/2913 3251/3556/2925 3252/3557/3163 3240/3544/3153
f 3240/3544/3153 3252/3557/3163 3253/3558/3164 3241/3545/3154
f 3241/3545/3154 3253/3558/3164 3254/3559/3165 3242/3546/3155
f 3242/3546/3155 3254/3559/3165 3255/3560/3166 3243/3547/3156
f 3243/3547/3156 3255/3560/3166 3256/3561/3167 3244/3548/3157
f 3244/3548/3157 3256/3561/3167 3257/3562/2919 3245/3549/2907
f 3245/3550/2907 3257/3563/2919 3258/3564/3168 3246/3551/3158
f 3246/3551/3158 3258/3564/3168 3259/3565/3169 3247/3552/3159
f 3247/3552/3159 3259/3565/3169 3260/3566/3170 3248/3553/3160
f 3248/3553/3160 3260/3566/3170 3261/3567/3171 3249/3554/3161
f 3249/3554/3161 3261/3567/3171 3262/3568/3172 3250/3555/3162
f 3250/3555/3162 3262/3568/3172 3251/3556/2925 3239/3543/2913
f 3251/3556/2925 3263/3569/2937 3264/3570/3173 3252/3557/3163
f 3252/3557/3163 3264/3570/3173 3265/3571/3174 3253/3558/3164
f 3253/3558/3164 3265/3571/3174 3266/3572/3175 3254/3559/3165
f 3254/3559/3165 3266/3572/3175 3267/3573/3176 3255/3560/3166
f 3255/3560/3166 3267/3573/3176 3268/3574/3177 3256/3561/3167
f 3256/3561/3167 3268/3574/3177 3269/3575/2931 3257/3562/2919
f 3257/3563/2919 3269/3576/2931 3270/3577/3178 3258/3564/3168
f 3258/3564/3168 3270/3577/3178 3271/3578/3179 3259/3565/3169
f 3259/3565/3169 3271/3578/3179 3272/3579/3180 3260/3566/3170
f 3260/3566/3170 3272/3579/3180 3273/3580/3181 3261/3567/3171
f 3261/3567/3171 3273/3580/3181 3274/3581/3182 3262/3568/3172
f 3262/3568/3172 3274/3581/3182 3263/3569/2937 3251/3556/2925
f 3263/3569/2937 2699/2945/2655 2700/2948/2656 3264/3570/3173
f 3264/3570/3173 2700/2948/2656 2701/2950/2657 3265/3571/3174
f 3265/3571/3174 2701/2950/2657 2702/2952/2658 3266/3572/3175
f 3266/3572/3175 2702/2952/2658 2703/2954/2659 3267/3573/3176
f 3267/3573/3176 2703/2954/2659 2704/2956/2660 3268/3574/3177
f 3268/3574/3177 2704/2956/2660 2705/2958/2661 3269/3575/2931
f 3269/3576/2931 2705/2959/2661 2706/2962/2662 3270/3577/3178
f 3270/3577/3178 2706/2962/2662 2707/2964/2663 3271/3578/3179
f 3271/3578/3179 2707/2964/2663 2708/2966/2664 3272/3579/3180
f 3272/3579/3180 2708/2966/2664 2709/2968/2665 3273/3580/3181
f 3273/3580/3181 2709/2968/2665 2710/2970/2666 3274/3581/3182
f 3274/3581/3182 2710/2970/2666 2699/2945/2655 3263/3569/2937
