# Blender 4.3.2
# www.blender.org
mtllib casaverde_optim.mtl
o 3dSolid001
v -4.725243 5.421260 -6.982350
v -4.725243 5.421260 -7.192486
v -4.725244 5.576732 -7.163174
v -4.725244 5.591012 -7.119298
v -4.725245 5.711467 -7.050902
v -4.725243 5.884803 -7.035524
v -4.725243 5.884803 -6.982350
v 4.364430 5.592536 -7.123632
v 4.364432 5.550782 -7.176624
v 4.364430 5.421260 -7.192484
v 4.364430 5.421260 -6.982347
v 4.364430 5.884803 -6.982348
v 4.364430 5.694383 -7.067518
v 4.364430 5.884803 -7.035522
v 4.403969 5.841258 -6.900184
v 4.614104 5.841258 -6.898612
v 4.584792 5.685789 -6.898830
v 4.540916 5.671508 -6.899159
v 4.471510 5.546950 -6.899680
v 4.457143 5.377715 -6.899786
v 4.403969 5.377715 -6.900184
v 4.521177 5.711736 3.405130
v 4.537037 5.841259 3.405246
v 4.326902 5.841259 3.403676
v 4.326902 5.377716 3.403676
v 4.394568 5.557703 3.404181
v 4.468997 5.663471 3.404741
v 4.380076 5.377716 3.404073
v -4.594061 4.309640 -5.038451
v -4.819961 4.313562 -5.064150
v -4.599270 4.292664 -4.982732
v -4.767900 4.290986 -5.000009
v -4.602489 4.218759 -4.949186
v -4.753998 4.250843 -4.985834
v -4.735811 4.209176 -4.959334
v -4.607420 4.181825 -4.896859
v -4.690790 4.183626 -4.905998
v -4.608940 4.121001 -4.880959
v -4.680433 4.128232 -4.894600
v -4.590382 4.467815 -5.076922
v -4.591600 4.394443 -5.063816
v -4.844823 4.397251 -5.096296
v -4.853739 4.467815 -5.101794
v -5.008221 4.316568 -3.111840
v -4.942515 4.291658 -3.168494
v -4.914644 4.231436 -3.190394
v -4.849594 4.185037 -3.244742
v -4.834859 4.126550 -3.257266
v -5.044512 4.467816 -3.081747
v -5.036069 4.397175 -3.094036
v -4.779253 4.354274 -3.074882
v -4.771999 4.278693 -3.151971
v -4.764681 4.186976 -3.231083
v -4.763203 4.126569 -3.246306
v -4.781155 4.467816 -3.056875
v -4.681521 5.415924 -6.973355
v -4.891656 5.415924 -6.974927
v -4.862344 5.571394 -6.974710
v -4.818468 5.585675 -6.974380
v -4.749061 5.710235 -6.973863
v -4.734695 5.879467 -6.973753
v -4.681521 5.879467 -6.973355
v -4.952864 5.545445 3.329051
v -4.968723 5.415925 3.328931
v -4.758587 5.415925 3.330503
v -4.758587 5.879467 3.330503
v -4.826253 5.699481 3.329996
v -4.900681 5.593715 3.329442
v -4.811761 5.879467 3.330105
v -4.574320 4.309640 -1.036916
v -4.800220 4.313563 -1.062615
v -4.579523 4.292665 -0.981196
v -4.748158 4.290986 -0.998474
v -4.582748 4.218760 -0.947651
v -4.734255 4.250844 -0.984299
v -4.716069 4.209176 -0.957799
v -4.587677 4.181826 -0.895324
v -4.671046 4.183627 -0.904463
v -4.589198 4.121002 -0.879423
v -4.660690 4.128232 -0.893064
v -4.570639 4.467816 -1.075387
v -4.571857 4.394444 -1.062280
v -4.825080 4.397252 -1.094760
v -4.833996 4.467816 -1.100259
v -4.988478 4.316568 0.889695
v -4.922772 4.291659 0.833041
v -4.894902 4.231438 0.811142
v -4.829850 4.185037 0.756793
v -4.815116 4.126550 0.744269
v -5.024769 4.467816 0.919789
v -5.016326 4.397175 0.907499
v -4.759510 4.354275 0.926654
v -4.752253 4.278693 0.849565
v -4.744938 4.186976 0.770451
v -4.743460 4.126570 0.755229
v -4.761412 4.467816 0.944660
v -4.404165 4.414632 3.077516
v -4.406054 4.415292 3.306023
v -4.345722 4.396104 3.077487
v -4.346645 4.391901 3.246994
v -4.311602 4.320375 3.077563
v -4.333819 4.352715 3.231807
v -4.309197 4.310875 3.211052
v -4.257841 4.282374 3.077504
v -4.260274 4.285491 3.161379
v -4.250639 4.226737 3.077436
v -4.252492 4.230607 3.150268
v -4.439926 4.569726 3.077504
v -4.426736 4.496330 3.077483
v -4.435341 4.499286 3.332775
v -4.439926 4.569726 3.342033
v -2.444050 4.418497 3.310743
v -2.506018 4.394028 3.248565
v -2.532732 4.335020 3.224126
v -2.591485 4.286953 3.163307
v -2.605352 4.228403 3.149704
v -2.410877 4.569726 3.342033
v -2.423537 4.499591 3.335067
v -2.428282 4.460938 3.077274
v -2.500797 4.395057 3.077497
v -2.539154 4.317255 3.077536
v -2.602317 4.245941 3.077249
v -2.410877 4.569726 3.077504
v -4.378483 2.069312 3.280253
v -4.276123 1.932221 3.077269
v -4.305355 2.012668 3.206038
v -4.284533 1.929237 3.182717
v -4.384462 2.087207 3.077590
v -4.372783 2.110383 3.275582
v -2.470985 2.087616 3.281197
v -2.544593 2.017670 3.211489
v -2.572632 1.927359 3.182268
v -2.482329 2.061823 3.077275
v -2.573659 1.936115 3.077360
v -2.476743 2.112453 3.077533
v 2.096913 4.414065 3.077573
v 2.093700 4.416337 3.306954
v 2.161635 4.376364 3.077489
v 2.154681 4.392802 3.246995
v 2.165963 4.352889 3.231904
v 2.230554 4.286773 3.077613
v 2.190785 4.311085 3.211233
v 2.239650 4.285538 3.161397
v 2.256885 4.222910 3.077556
v 2.250026 4.230142 3.150014
v 2.060043 4.569726 3.077504
v 2.073207 4.496352 3.077485
v 2.064630 4.499283 3.332776
v 2.060043 4.569726 3.342033
v 4.055913 4.418497 3.310743
v 3.993049 4.393508 3.248547
v 3.968721 4.333360 3.222970
v 3.908481 4.286949 3.163304
v 3.894625 4.228459 3.149811
v 4.089079 4.569726 3.342033
v 4.076425 4.499591 3.335067
v 4.071947 4.461699 3.077282
v 3.992188 4.379057 3.077339
v 3.914094 4.288888 3.077482
v 3.898800 4.228479 3.077441
v 4.089079 4.569726 3.077504
v 2.121531 2.069337 3.280257
v 2.223891 1.932216 3.077270
v 2.194673 2.012656 3.206034
v 2.215485 1.929237 3.182717
v 2.134957 2.115577 3.077516
v 2.127591 2.110937 3.274587
v 2.119254 2.076462 3.077350
v 3.954508 2.015145 3.209738
v 3.927399 1.927359 3.182268
v 4.030683 2.088959 3.281621
v 3.964933 2.015617 3.077299
v 3.930995 1.927326 3.077524
v 4.026514 2.107784 3.077516
v 1.070761 4.055442 3.077304
v 1.055811 4.018781 3.308867
v 0.998005 3.992235 3.077495
v 0.993047 3.993507 3.248547
v 0.967444 3.935402 3.224253
v 0.961261 3.917872 3.077518
v 0.908539 3.887074 3.163390
v 0.897622 3.845875 3.077118
v 0.894612 3.828403 3.149704
v 1.089076 4.169725 3.077504
v 1.089076 4.169725 3.342033
v 1.076062 4.099105 3.334792
v -1.309283 3.911182 3.211012
v -1.334071 3.952949 3.231994
v -1.338338 3.976318 3.077509
v -1.345322 3.992801 3.246995
v -1.405835 4.015510 3.304854
v -1.403089 4.014068 3.077619
v -1.267380 3.884455 3.077495
v -1.260345 3.885537 3.161397
v -1.250669 3.826735 3.077437
v -1.252524 3.830605 3.150268
v -1.439960 4.169725 3.077504
v -1.426789 4.096352 3.077485
v -1.435326 4.099169 3.332648
v -1.439960 4.169725 3.342033
v 4.364424 5.884804 3.249851
v 4.364424 5.884804 3.459986
v 4.364425 5.729335 3.430674
v 4.364425 5.715055 3.386799
v 4.364426 5.594597 3.318402
v 4.364424 5.421261 3.303025
v 4.364424 5.421261 3.249851
v -4.725249 5.713531 3.391134
v -4.725251 5.755283 3.444126
v -4.725249 5.884804 3.459986
v -4.725249 5.884804 3.249851
v -4.725249 5.421261 3.249851
v -4.725249 5.611682 3.335020
v -4.725249 5.421261 3.303025
v 0.376363 3.409724 2.725015
v 0.377081 1.119724 2.725734
v 0.462074 3.409724 2.725750
v 0.464581 3.409724 2.677516
v 0.374577 3.409724 2.677516
v 0.462789 1.119724 2.725035
v 0.374577 1.119724 2.677516
v 0.464581 1.119724 2.677516
v -4.601450 0.819318 3.064033
v -4.201463 0.819318 3.064033
v -4.201463 5.119724 3.064033
v -4.601450 5.119724 3.064033
v -4.201463 0.819315 -6.893726
v -4.601450 0.819315 -6.893726
v -4.601450 5.119722 -6.893727
v -4.201463 5.119722 -6.893727
v -4.250971 0.819318 3.064033
v -3.850984 0.819318 3.064033
v -3.850984 5.119724 3.064033
v -4.250971 5.119724 3.064033
v -3.850984 0.819315 -6.893726
v -4.250971 0.819315 -6.893726
v -4.250971 5.119722 -6.893727
v -3.850984 5.119722 -6.893727
v -0.675442 0.819725 -6.322468
v -2.925451 0.819725 -6.322468
v -2.925451 0.819723 -6.722468
v -0.675442 0.819723 -6.722468
v -2.925451 5.119725 -6.722468
v -0.675442 5.119725 -6.722468
v -0.675442 5.119725 -6.322468
v -2.925451 5.119725 -6.322468
v 0.324559 0.819713 -6.722468
v 2.574555 0.819713 -6.722468
v 2.574555 0.819715 -6.322468
v 0.324559 0.819715 -6.322468
v 2.574555 5.119722 -6.322468
v 0.324559 5.119722 -6.322468
v 0.324559 5.119722 -6.722468
v 2.574555 5.119722 -6.722468
v 4.308504 5.479403 2.677541
v 4.308504 5.179403 2.677541
v 4.308504 5.179402 -6.322455
v 4.308504 5.479403 -6.322455
v -4.482776 5.479403 2.677541
v -4.482776 5.179403 2.677541
v -4.482776 5.479403 -6.322455
v -4.482776 5.179402 -6.322455
v 3.915205 0.819318 3.064033
v 4.315192 0.819318 3.064033
v 4.315192 5.119724 3.064033
v 3.915205 5.119724 3.064033
v 4.315192 0.819315 -6.893726
v 3.915205 0.819315 -6.893726
v 3.915205 5.119722 -6.893727
v 4.315192 5.119722 -6.893727
v 3.564725 0.819318 3.064033
v 3.964712 0.819318 3.064033
v 3.964712 5.119724 3.064033
v 3.564725 5.119724 3.064033
v 3.964712 0.819315 -6.893726
v 3.564725 0.819315 -6.893726
v 3.564725 5.119722 -6.893727
v 3.964712 5.119722 -6.893727
v 0.574577 0.819725 2.677541
v 2.574579 0.819725 2.677541
v 2.574579 0.819725 3.077529
v 0.574577 0.819725 3.077529
v 2.574579 5.119725 3.077528
v 0.574577 5.119725 3.077528
v 0.574577 5.119725 2.677541
v 2.574579 5.119725 2.677541
v -0.925412 0.819725 3.077529
v -2.925414 0.819725 3.077529
v -2.925414 0.819725 2.677541
v -0.925412 0.819725 2.677541
v -2.925414 5.119725 2.677541
v -0.925412 5.119725 2.677541
v -0.925412 5.119725 3.077528
v -2.925414 5.119725 3.077528
v -3.925452 0.819724 3.077529
v -3.925452 0.819724 2.677541
v -2.925451 0.819724 2.677541
v -2.925451 0.819724 3.077529
v -2.925451 2.119724 2.677541
v -2.925451 2.119724 3.077528
v -3.925452 2.119724 3.077528
v -3.925452 2.119724 2.677541
v 3.574568 0.819724 3.077529
v 2.574567 0.819724 3.077529
v 2.574567 0.819724 2.677541
v 3.574568 0.819724 2.677541
v 3.574568 2.119724 2.677541
v 3.574568 2.119724 3.077528
v 2.574567 2.119724 3.077528
v 2.574567 2.119724 2.677541
v -4.668812 1.517816 -0.567845
v -4.640605 1.517816 -0.866517
v -4.590821 1.517816 -0.861815
v -4.619028 1.517816 -0.563144
v -4.791040 1.517816 0.726397
v -4.762834 1.517816 0.427726
v -4.713049 1.517816 0.432427
v -4.741256 1.517816 0.731098
v -4.791040 4.117818 0.726397
v -4.741256 4.117818 0.731098
v -4.762834 3.817816 0.427726
v -4.713049 3.817816 0.432427
v -4.668812 3.817816 -0.567845
v -4.619027 3.817816 -0.563144
v -4.640605 4.117818 -0.866517
v -4.590821 4.117818 -0.861815
v 3.574568 0.819722 -6.722468
v 3.574568 0.819724 -6.322468
v 2.574567 0.819724 -6.322468
v 2.574567 0.819722 -6.722468
v 2.574567 2.119724 -6.322468
v 2.574567 2.119724 -6.722468
v 3.574568 2.119724 -6.722468
v 3.574568 2.119724 -6.322468
v -2.925451 0.819722 -6.722468
v -2.925451 0.819724 -6.322468
v -3.925452 0.819724 -6.322468
v -3.925452 0.819722 -6.722468
v -3.925452 2.119724 -6.322468
v -3.925452 2.119724 -6.722468
v -2.925451 2.119724 -6.722468
v -2.925451 2.119724 -6.322468
v -4.688555 1.517816 -4.569381
v -4.660348 1.517816 -4.868052
v -4.610564 1.517816 -4.863350
v -4.638770 1.517816 -4.564679
v -4.810783 1.517816 -3.275138
v -4.782577 1.517816 -3.573809
v -4.732792 1.517816 -3.569108
v -4.760999 1.517816 -3.270437
v -4.810782 4.117817 -3.275138
v -4.760998 4.117817 -3.270437
v -4.782577 3.817816 -3.573809
v -4.732792 3.817816 -3.569108
v -4.688555 3.817816 -4.569382
v -4.638770 3.817816 -4.564680
v -4.660348 4.117817 -4.868052
v -4.610563 4.117817 -4.863350
v -2.925451 5.119726 2.677541
v -2.925451 5.119726 3.077528
v -2.925451 3.919726 3.077529
v -2.925451 3.919726 2.677541
v -3.925452 5.119726 3.077528
v -3.925452 3.919726 3.077529
v -3.925452 5.119726 2.677541
v -3.925452 3.919726 2.677541
v 3.574568 5.119726 2.677541
v 3.574568 5.119726 3.077528
v 3.574568 3.919726 3.077529
v 3.574568 3.919726 2.677541
v 2.574567 5.119726 3.077528
v 2.574567 3.919726 3.077529
v 2.574567 5.119726 2.677541
v 2.574567 3.919726 2.677541
v -4.717989 1.351111 -6.690102
v -4.718614 1.661110 -6.689409
v -4.661171 1.661226 -6.689428
v -4.660547 1.351227 -6.690121
v -4.715296 1.640040 2.754599
v -4.657854 1.640156 2.754579
v -4.714672 1.330042 2.753907
v -4.657230 1.330158 2.753887
v -3.925452 5.119726 -6.322468
v -3.925452 5.119726 -6.722468
v -3.925452 3.919724 -6.722468
v -3.925452 3.919724 -6.322468
v -2.925451 5.119726 -6.722468
v -2.925451 3.919724 -6.722468
v -2.925451 5.119726 -6.322468
v -2.925451 3.919724 -6.322468
v -2.625438 4.219724 3.127522
v -2.625438 2.119724 3.127522
v -2.625438 2.119724 3.077516
v -2.625438 4.219724 3.077516
v -2.925451 2.119724 3.127522
v -2.925451 2.119724 3.077516
v -2.925451 3.919724 3.127522
v -2.925451 3.919724 3.077516
v -3.925452 3.919724 3.127522
v -3.925452 3.919724 3.077516
v -3.925452 2.119724 3.127522
v -3.925452 2.119724 3.077516
v -4.225452 2.119724 3.127522
v -4.225452 2.119724 3.077516
v -4.225452 4.219724 3.127522
v -4.225452 4.219724 3.077516
v 4.403969 5.841258 -6.900184
v 4.614104 5.841258 -6.898612
v 4.588636 5.691067 -6.898802
v 4.538888 5.665103 -6.899175
v 4.469385 5.546522 -6.899694
v 4.457143 5.377715 -6.899786
v 4.403969 5.377715 -6.900184
v 4.465991 5.663332 3.404716
v 4.520066 5.710928 3.405120
v 4.537037 5.841259 3.405246
v 4.326902 5.841259 3.403676
v 4.326902 5.377716 3.403676
v 4.398899 5.549423 3.404213
v 4.380076 5.377716 3.404073
v 3.874568 4.219724 3.127522
v 3.874568 2.119724 3.127522
v 3.874568 2.119724 3.077516
v 3.874568 4.219724 3.077516
v 3.574568 2.119724 3.127522
v 3.574568 2.119724 3.077516
v 3.574568 3.919724 3.127522
v 3.574568 3.919724 3.077516
v 2.574567 3.919724 3.127522
v 2.574567 3.919724 3.077516
v 2.574567 2.119724 3.127522
v 2.574567 2.119724 3.077516
v 2.274567 2.119724 3.127522
v 2.274567 2.119724 3.077516
v 2.274567 4.219724 3.127522
v 2.274567 4.219724 3.077516
v -3.915431 2.129725 3.127535
v -2.928779 2.126392 3.127535
v -2.935435 2.129725 2.677541
v -3.922112 2.126392 2.677541
v -3.922112 3.913058 3.127535
v -3.915431 3.909724 2.677541
v -2.935435 3.909724 3.127535
v -2.928779 3.913058 2.677541
v -3.925452 2.119725 3.127535
v -2.925451 2.119725 2.677541
v -3.925452 3.919724 2.677541
v -2.925451 3.919724 3.127535
v 3.574568 5.119726 -6.722468
v 3.574568 5.119726 -6.322468
v 3.574568 3.919724 -6.322468
v 3.574568 3.919724 -6.722468
v 2.574567 5.119726 -6.722468
v 2.574567 3.919724 -6.722468
v 2.574567 5.119726 -6.322468
v 2.574567 3.919724 -6.322468
v -2.932107 2.123058 -6.772475
v -3.915431 2.129725 -6.772475
v -3.918771 2.123058 -6.322468
v -2.935435 2.129725 -6.322468
v -3.918771 3.916390 -6.772476
v -3.915431 3.909724 -6.322468
v -2.928779 3.913057 -6.772476
v -2.935435 3.909724 -6.322468
v -3.925452 2.119725 -6.772475
v -2.925451 2.119725 -6.322468
v -3.925452 3.919724 -6.322468
v -2.925451 3.919724 -6.322468
v 2.584576 2.129725 3.127535
v 3.571236 2.126392 3.127535
v 3.564571 2.129725 2.677541
v 2.577904 2.126392 2.677541
v 2.584576 3.909724 3.127535
v 2.581240 3.916391 2.677541
v 3.567903 3.916391 3.127535
v 3.564571 3.909724 2.677541
v 2.574567 2.119725 3.127535
v 3.574568 2.119725 2.677541
v 2.574567 3.919724 3.127535
v 3.574568 3.919724 2.677541
v 3.567903 2.123058 -6.772475
v 2.584576 2.129725 -6.772475
v 2.581240 2.123058 -6.322468
v 3.564571 2.129725 -6.322468
v 2.584576 3.909724 -6.772475
v 2.577904 3.913057 -6.322468
v 3.571236 3.913057 -6.772476
v 3.564571 3.909724 -6.322468
v 2.574567 2.119725 -6.772475
v 3.574568 2.119725 -6.322468
v 2.574567 3.919724 -6.772475
v 3.574568 3.919724 -6.322468
v 0.324559 0.819722 -6.722468
v 0.324559 0.819724 -6.322468
v -0.675442 0.819724 -6.322468
v -0.675442 0.819722 -6.722468
v -0.675442 2.119724 -6.322468
v -0.675442 2.119724 -6.722468
v 0.324559 2.119724 -6.722468
v 0.324559 2.119724 -6.322468
v 0.324559 5.119726 -6.722468
v 0.324559 5.119726 -6.322468
v 0.324559 3.919724 -6.322468
v 0.324559 3.919724 -6.722468
v -0.675442 5.119726 -6.722468
v -0.675442 3.919724 -6.722468
v -0.675442 5.119726 -6.322468
v -0.675442 3.919724 -6.322468
v 0.314562 2.129725 -6.772475
v -0.672106 2.126391 -6.772475
v -0.665434 2.129725 -6.322468
v 0.321227 2.126391 -6.322468
v -0.668770 3.916390 -6.772476
v -0.665434 3.909724 -6.322468
v 0.321227 3.913057 -6.772476
v 0.314562 3.909724 -6.322468
v 0.324559 2.119725 -6.772475
v -0.675442 2.119725 -6.322468
v -0.675442 3.919724 -6.322468
v 0.324559 3.919724 -6.322468
v -1.225449 0.819725 3.077516
v -0.925449 0.819725 3.077516
v -0.925449 0.819725 3.127522
v -1.225449 0.819725 3.127522
v 0.874553 0.819725 3.077516
v 0.874553 0.819725 3.127522
v 0.574553 0.819725 3.127522
v 0.574553 0.819725 3.077516
v 0.574553 3.519725 3.127522
v 0.574553 3.519725 3.077516
v -0.925449 3.519725 3.127522
v 0.874553 3.819725 3.127522
v -1.225449 3.819725 3.127522
v 0.874553 3.819725 3.077516
v -0.925449 3.519725 3.077516
v -1.225449 3.819725 3.077516
v -0.925449 3.519726 2.677541
v -0.925449 3.519726 3.077529
v -0.925449 5.119726 3.077528
v -0.925449 5.119726 2.677541
v 0.574553 3.519726 3.077529
v 0.574553 5.119726 3.077528
v 0.574553 3.519726 2.677541
v 0.574553 5.119726 2.677541
v -0.920444 1.492441 2.677708
v 0.569554 1.492454 3.127369
v -0.922113 3.513059 3.127535
v -0.915440 3.509725 2.677541
v 0.564556 3.509725 3.127535
v 0.571221 3.513059 2.677541
v 0.574553 3.519725 3.127535
v -0.925449 3.519725 2.677541
v 4.308504 5.119725 2.677541
v 4.308504 4.819725 2.677541
v 4.308504 4.819725 -6.322455
v 4.308504 5.119725 -6.322455
v -4.482776 5.119725 2.677541
v -4.482776 4.819725 2.677541
v -4.482776 5.119725 -6.322455
v -4.482776 4.819725 -6.322455
v 3.075585 2.179724 2.707542
v 3.075585 3.859725 2.707542
v 3.075585 3.859725 2.677541
v 3.075585 2.179724 2.677541
v 3.514578 2.179724 2.689541
v 3.514578 3.859725 2.695541
v 3.124587 2.229724 2.689541
v 3.464584 2.229724 2.677541
v 3.464584 3.809725 2.677541
v 3.124587 3.809726 2.695541
v 3.464584 2.229724 2.707542
v 3.464584 3.809725 2.707542
v 3.294585 3.427225 2.686432
v 3.124586 3.402225 2.690877
v 3.464584 3.452225 2.690877
v 3.294585 3.011392 2.687543
v 3.124586 3.044724 2.684209
v 3.464584 3.044724 2.690877
v 3.294585 2.603892 2.687543
v 3.124586 2.637225 2.684209
v 3.464584 2.637225 2.690877
v 3.464584 3.019725 2.684908
v 3.124586 2.229725 2.685073
v 3.124586 3.809726 2.684742
v 3.514553 2.179724 2.757548
v 3.514553 3.859725 2.757548
v 3.514553 3.859725 2.677541
v 3.514553 2.179724 2.677541
v 2.634557 2.179724 2.757548
v 2.634557 2.179724 2.677541
v 2.634557 3.859725 2.757548
v 2.634557 3.859725 2.677541
v 3.564559 3.909724 2.757548
v 3.564559 2.129725 2.757548
v 3.564559 2.129725 2.677541
v 3.564559 3.909724 2.677541
v 2.584563 2.129725 2.757548
v 2.584563 2.129725 2.677541
v 2.584563 3.909724 2.757548
v 2.584563 3.909724 2.677541
v 2.854550 3.418892 2.687543
v 3.024549 3.452225 2.690877
v 2.684551 3.452225 2.684209
v 2.854550 3.011392 2.687543
v 3.024549 3.044724 2.690877
v 2.684551 3.044724 2.684209
v 2.854550 2.603892 2.687543
v 3.024549 2.637225 2.690877
v 2.684551 2.637225 2.684209
v 3.024549 3.019725 2.684908
v 2.684551 2.229725 2.685073
v 2.684551 3.809726 2.684742
v 3.073563 3.859725 2.707542
v 3.073563 2.179724 2.707542
v 3.073563 2.179724 2.677541
v 3.073563 3.859725 2.677541
v 2.634557 2.179724 2.695541
v 2.634557 3.859725 2.689541
v 3.024549 2.229724 2.695541
v 2.684551 2.229724 2.707542
v 2.684551 3.809725 2.707542
v 3.024549 3.809726 2.689541
v 2.684551 2.229724 2.677541
v 2.684551 3.809725 2.677541
v 2.854550 3.418892 2.687543
v 3.024549 3.452225 2.690877
v 2.684551 3.452225 2.684209
v 2.854550 3.011392 2.687543
v 3.024549 3.044724 2.690877
v 2.684551 3.044724 2.684209
v 2.854550 2.603892 2.687543
v 3.024549 2.637225 2.690877
v 2.684551 2.637225 2.684209
v -3.424434 2.179724 2.707542
v -3.424434 3.859725 2.707542
v -3.424434 3.859725 2.677541
v -3.424434 2.179724 2.677541
v -2.985441 2.179724 2.689541
v -2.985441 3.859725 2.695541
v -3.375445 2.229724 2.689541
v -3.035447 2.229724 2.677541
v -3.035447 3.809725 2.677541
v -3.375445 3.809726 2.695541
v -3.035447 2.229724 2.707542
v -3.035447 3.809725 2.707542
v -3.205434 3.418892 2.687543
v -3.375432 3.452225 2.684209
v -3.035435 3.452225 2.690877
v -3.035435 2.994725 2.684209
v -3.375432 2.994725 2.690877
v -3.205434 3.028058 2.687543
v -3.205434 2.603892 2.687543
v -3.375432 2.637225 2.684209
v -3.035435 2.637225 2.690877
v -3.035435 3.019725 2.684908
v -3.375432 2.229725 2.685073
v -3.375432 3.809726 2.684742
v -2.985416 2.179724 2.757548
v -2.985416 3.859725 2.757548
v -2.985416 3.859725 2.677541
v -2.985416 2.179724 2.677541
v -3.865424 2.179724 2.757548
v -3.865424 2.179724 2.677541
v -3.865424 3.859725 2.757548
v -3.865424 3.859725 2.677541
v -2.935410 3.909724 2.757548
v -2.935410 2.129725 2.757548
v -2.935410 2.129725 2.677541
v -2.935410 3.909724 2.677541
v -3.915406 2.129725 2.757548
v -3.915406 2.129725 2.677541
v -3.915406 3.909724 2.757548
v -3.915406 3.909724 2.677541
v -3.475420 3.402225 2.684209
v -3.702084 3.427225 2.687543
v -3.475420 3.452225 2.690877
v -3.645419 3.019725 2.686432
v -3.815418 2.994725 2.690877
v -3.475420 3.044724 2.690877
v -3.645419 2.603892 2.687543
v -3.475420 2.637225 2.690877
v -3.815418 2.637225 2.684209
v -3.475420 2.229725 2.684742
v -3.815418 3.019725 2.684908
v -3.475420 3.809726 2.685073
v -3.426419 3.859725 2.707542
v -3.426419 2.179724 2.707542
v -3.426419 2.179724 2.677541
v -3.426419 3.859725 2.677541
v -3.865424 2.179724 2.695541
v -3.865424 3.859725 2.689541
v -3.475420 2.229724 2.695541
v -3.815418 2.229724 2.707542
v -3.815418 3.809725 2.707542
v -3.475420 3.809726 2.689541
v -3.815418 2.229724 2.677541
v -3.815418 3.809725 2.677541
v -3.475420 3.402225 2.684209
v -3.702084 3.427225 2.687543
v -3.475420 3.452225 2.690877
v -3.475420 2.994725 2.684209
v -3.815418 2.994725 2.690877
v -3.645419 3.028058 2.687543
v -3.645419 2.603892 2.687543
v -3.475420 2.637225 2.690877
v -3.815418 2.637225 2.684209
v 3.073563 2.179724 -6.352458
v 3.073563 3.859725 -6.352458
v 3.073563 3.859725 -6.322456
v 3.073563 2.179724 -6.322456
v 2.634557 2.179724 -6.334457
v 2.634557 3.859725 -6.340457
v 3.024549 2.229722 -6.334457
v 2.684551 2.229722 -6.322456
v 2.684551 3.809725 -6.322456
v 3.024549 3.809725 -6.340457
v 2.684551 2.229722 -6.352458
v 2.684551 3.809725 -6.352458
v 2.684551 3.402225 -6.329151
v 2.911215 3.427224 -6.332485
v 2.684551 3.452224 -6.335819
v 2.684551 2.994725 -6.329150
v 2.854550 3.019724 -6.333595
v 3.024549 3.044724 -6.329150
v 2.854550 2.612224 -6.331373
v 3.024549 2.587224 -6.335818
v 2.684551 2.637223 -6.335818
v 2.634557 2.179724 -6.402463
v 2.634557 3.859725 -6.402463
v 2.634557 3.859725 -6.322455
v 2.634557 2.179724 -6.322455
v 3.514553 2.179724 -6.402463
v 3.514553 2.179724 -6.322455
v 3.514553 3.859725 -6.402463
v 3.514553 3.859725 -6.322455
v 2.584563 3.909724 -6.402463
v 2.584563 2.129725 -6.402463
v 2.584563 2.129725 -6.322455
v 2.584563 3.909724 -6.322455
v 3.564559 2.129725 -6.402463
v 3.564559 2.129725 -6.322455
v 3.564559 3.909724 -6.402463
v 3.564559 3.909724 -6.322455
v 3.294585 3.427224 -6.331373
v 3.464584 3.402225 -6.335819
v 3.124586 3.452224 -6.335819
v 3.294585 3.019724 -6.331373
v 3.464584 2.994725 -6.335818
v 3.124586 3.044724 -6.335818
v 3.294585 2.603891 -6.332484
v 3.124586 2.637223 -6.335818
v 3.464584 2.637223 -6.329150
v 3.075585 3.859725 -6.352458
v 3.075585 2.179724 -6.352458
v 3.075585 2.179724 -6.322456
v 3.075585 3.859725 -6.322456
v 3.514578 2.179724 -6.340457
v 3.514578 3.859725 -6.334457
v 3.124587 2.229722 -6.340457
v 3.464584 2.229722 -6.352458
v 3.464584 3.809725 -6.352458
v 3.124587 3.809725 -6.334457
v 3.464584 2.229722 -6.322456
v 3.464584 3.809725 -6.322456
v 3.124586 3.402225 -6.329151
v 3.294585 3.427224 -6.333596
v 3.464584 3.452224 -6.329151
v 3.124586 2.994725 -6.329150
v 3.294585 3.019724 -6.333595
v 3.464584 3.044724 -6.329150
v 3.294585 2.603891 -6.332484
v 3.124586 2.637223 -6.335818
v 3.464584 2.637223 -6.329150
v -0.176397 2.179724 -6.352458
v -0.176397 3.859725 -6.352458
v -0.176397 3.859725 -6.322456
v -0.176397 2.179724 -6.322456
v -0.615415 2.179724 -6.334457
v -0.615415 3.859725 -6.340457
v -0.225411 2.229722 -6.334457
v -0.565409 2.229722 -6.322456
v -0.565409 3.809725 -6.322456
v -0.225411 3.809725 -6.340457
v -0.565409 2.229722 -6.352458
v -0.565409 3.809725 -6.352458
v -0.565409 3.402225 -6.329151
v -0.225411 3.402225 -6.335819
v -0.395410 3.435557 -6.332485
v -0.395410 3.019724 -6.331373
v -0.225411 2.994725 -6.335818
v -0.565409 3.044724 -6.335818
v -0.395410 2.603891 -6.332484
v -0.225411 2.637223 -6.329150
v -0.565409 2.637223 -6.335818
v -0.565409 2.229723 -6.329695
v -0.225411 3.019724 -6.329860
v -0.565409 3.809725 -6.330027
v -0.615452 2.179724 -6.402463
v -0.615452 3.859725 -6.402463
v -0.615452 3.859725 -6.322455
v -0.615452 2.179724 -6.322455
v 0.264556 2.179724 -6.402463
v 0.264556 2.179724 -6.322455
v 0.264556 3.859725 -6.402463
v 0.264556 3.859725 -6.322455
v -0.665434 3.909724 -6.402463
v -0.665434 2.129725 -6.402463
v -0.665434 2.129725 -6.322455
v -0.665434 3.909724 -6.322455
v 0.314562 2.129725 -6.402463
v 0.314562 2.129725 -6.322455
v 0.314562 3.909724 -6.402463
v 0.314562 3.909724 -6.322455
v -0.125423 3.402225 -6.329151
v 0.044576 3.427224 -6.333596
v 0.214575 3.452224 -6.329151
v -0.125423 2.994725 -6.329150
v 0.101241 3.019724 -6.332484
v -0.125423 3.044724 -6.335818
v 0.044576 2.603891 -6.332484
v -0.125423 2.637223 -6.335818
v 0.214575 2.637223 -6.329150
v -0.125423 2.229723 -6.329695
v 0.214575 3.019724 -6.329860
v -0.125423 3.809725 -6.330027
v -0.174425 3.859725 -6.352458
v -0.174425 2.179724 -6.352458
v -0.174425 2.179724 -6.322456
v -0.174425 3.859725 -6.322456
v 0.264568 2.179724 -6.340457
v 0.264568 3.859725 -6.334457
v -0.125436 2.229722 -6.340457
v 0.214562 2.229722 -6.352458
v 0.214562 3.809725 -6.352458
v -0.125436 3.809725 -6.334457
v 0.214562 2.229722 -6.322456
v 0.214562 3.809725 -6.322456
v -0.125423 3.402225 -6.329151
v 0.214575 3.402225 -6.335819
v 0.044576 3.435557 -6.332484
v 0.044576 3.019724 -6.331373
v 0.214575 2.994725 -6.335818
v -0.125423 3.044724 -6.335818
v 0.044576 2.603891 -6.332484
v -0.125423 2.637223 -6.335818
v 0.214575 2.637223 -6.329150
v -3.426419 2.179724 -6.352458
v -3.426419 3.859725 -6.352458
v -3.426419 3.859725 -6.322456
v -3.426419 2.179724 -6.322456
v -3.865424 2.179724 -6.334457
v -3.865424 3.859725 -6.340457
v -3.475420 2.229722 -6.334457
v -3.815418 2.229722 -6.322456
v -3.815418 3.809725 -6.322456
v -3.475420 3.809725 -6.340457
v -3.815418 2.229722 -6.352458
v -3.815418 3.809725 -6.352458
v -3.815418 3.402225 -6.329151
v -3.475420 3.402225 -6.335819
v -3.645419 3.435557 -6.332485
v -3.702084 3.019724 -6.332484
v -3.475420 2.994725 -6.335818
v -3.475420 3.044724 -6.329150
v -3.815418 2.587224 -6.329150
v -3.475420 2.587224 -6.335818
v -3.645419 2.620557 -6.332484
v -3.865424 2.179724 -6.402463
v -3.865424 3.859725 -6.402463
v -3.865424 3.859725 -6.322455
v -3.865424 2.179724 -6.322455
v -2.985416 2.179724 -6.402463
v -2.985416 2.179724 -6.322455
v -2.985416 3.859725 -6.402463
v -2.985416 3.859725 -6.322455
v -3.915406 3.909724 -6.402463
v -3.915406 2.129725 -6.402463
v -3.915406 2.129725 -6.322455
v -3.915406 3.909724 -6.322455
v -2.935410 2.129725 -6.402463
v -2.935410 2.129725 -6.322455
v -2.935410 3.909724 -6.402463
v -2.935410 3.909724 -6.322455
v -3.205434 3.418891 -6.332484
v -3.375432 3.452224 -6.335819
v -3.035435 3.452224 -6.329151
v -3.375432 2.994725 -6.329150
v -3.035435 2.994725 -6.335818
v -3.205434 3.028057 -6.332484
v -3.205434 2.603891 -6.332484
v -3.375432 2.637223 -6.335818
v -3.035435 2.637223 -6.329150
v -3.375432 2.229723 -6.329695
v -3.035435 3.019724 -6.329860
v -3.375432 3.809725 -6.330027
v -3.424434 3.859725 -6.352458
v -3.424434 2.179724 -6.352458
v -3.424434 2.179724 -6.322456
v -3.424434 3.859725 -6.322456
v -2.985441 2.179724 -6.340457
v -2.985441 3.859725 -6.334457
v -3.375445 2.229722 -6.340457
v -3.035447 2.229722 -6.352458
v -3.035447 3.809725 -6.352458
v -3.375445 3.809725 -6.334457
v -3.035447 2.229722 -6.322456
v -3.035447 3.809725 -6.322456
v -3.262098 3.427224 -6.332485
v -3.035435 3.402225 -6.335819
v -3.035435 3.452224 -6.329151
v -3.375432 2.994725 -6.329150
v -3.035435 2.994725 -6.335818
v -3.205434 3.028057 -6.332484
v -3.375432 2.587224 -6.329150
v -3.205434 2.612224 -6.333595
v -3.035435 2.637223 -6.329150
v 3.237920 3.427224 -6.332484
v 3.464584 3.402225 -6.335819
v 3.464584 3.452224 -6.329151
v 3.294585 3.011391 -6.332484
v 3.124586 3.044724 -6.335818
v 3.464584 3.044724 -6.329150
v 3.294585 2.603891 -6.332484
v 3.124586 2.637223 -6.335818
v 3.464584 2.637223 -6.329150
v 3.124586 2.229723 -6.329695
v 3.464584 3.019724 -6.329860
v 3.124586 3.809725 -6.330027
v 2.854550 3.427224 -6.331373
v 3.024549 3.402225 -6.335819
v 2.684551 3.452224 -6.335819
v 2.684551 2.994725 -6.329150
v 2.854550 3.019724 -6.333595
v 3.024549 3.044724 -6.329150
v 2.854550 2.603891 -6.332484
v 3.024549 2.637223 -6.329150
v 2.684551 2.637223 -6.335818
v 2.854550 2.229723 -6.329860
v 3.024549 3.809725 -6.329695
v 2.684551 3.809725 -6.330027
v 2.684551 3.402225 -6.329151
v 3.024549 3.402225 -6.335819
v 2.854550 3.435557 -6.332485
v 2.854550 3.011391 -6.332484
v 3.024549 3.044724 -6.329150
v 2.684551 3.044724 -6.335818
v 2.684551 2.587224 -6.329150
v 3.024549 2.587224 -6.335818
v 2.854550 2.620557 -6.332484
v -3.205434 3.418891 -6.332484
v -3.375432 3.452224 -6.335819
v -3.035435 3.452224 -6.329151
v -3.205434 3.019724 -6.331373
v -3.035435 2.994725 -6.335818
v -3.375432 3.044724 -6.335818
v -3.205434 2.603891 -6.332484
v -3.375432 2.637223 -6.335818
v -3.035435 2.637223 -6.329150
v -3.815418 3.402225 -6.329151
v -3.475420 3.402225 -6.335819
v -3.645419 3.435557 -6.332485
v -3.645419 3.019724 -6.331373
v -3.475420 2.994725 -6.335818
v -3.815418 3.044724 -6.335818
v -3.815418 2.587224 -6.329150
v -3.475420 2.587224 -6.335818
v -3.645419 2.620557 -6.332484
v -3.645419 3.418891 -6.332485
v -3.475420 3.452224 -6.329151
v -3.815418 3.452224 -6.335819
v -3.645419 3.019724 -6.331373
v -3.475420 2.994725 -6.335818
v -3.815418 3.044724 -6.335818
v -3.645419 2.603891 -6.332484
v -3.475420 2.637223 -6.329150
v -3.815418 2.637223 -6.335818
v -3.645419 2.229723 -6.329860
v -3.475420 3.809725 -6.329695
v -3.815418 3.809725 -6.330027
v 4.364424 5.185167 3.249851
v 4.364424 5.885168 3.249851
v -4.725249 5.885168 3.249851
v -4.725249 5.185167 3.249851
v -4.725249 5.885167 -6.982203
v -4.725249 5.185166 -6.982203
v 4.364424 5.885167 -6.982203
v 4.167896 5.885167 -6.664437
v 4.167896 5.885167 2.947978
v -4.528709 5.885167 2.947978
v -4.528709 5.885167 -6.664437
v 4.167896 5.185167 2.947978
v -4.528709 5.185167 2.947978
v 4.364424 5.185166 -6.982203
v 4.167896 5.185166 -6.664437
v -4.528709 5.185166 -6.664437
v -0.915415 0.819724 2.852525
v 0.569592 0.819724 2.852525
v 0.569592 1.119724 2.852525
v -0.915415 1.119724 2.852525
v -0.915415 1.119724 2.677528
v -0.915415 0.819724 2.677528
v 0.569592 1.119724 2.677528
v 0.569592 0.819724 2.677528
v 0.564556 0.969725 2.852513
v 0.564556 0.969725 3.077504
v 0.564556 0.819725 3.077504
v 0.564556 0.819725 2.852513
v -0.915440 0.969725 3.077504
v -0.915440 0.819725 3.077504
v -0.915440 0.969725 2.852513
v -0.915440 0.819725 2.852513
v 0.564575 0.969496 3.093538
v 0.564569 0.935155 3.114182
v 0.564556 0.929724 3.077504
v -0.915415 0.964295 3.114181
v -0.915441 0.929953 3.093538
v -0.915440 0.969724 3.077504
v 0.564575 1.119486 2.868583
v 0.564569 1.085142 2.889205
v 0.564556 1.079725 2.852538
v -0.915415 1.114307 2.889206
v -0.915441 1.079964 2.868583
v -0.915440 1.119725 2.852538
v 0.286364 3.409724 2.725025
v 0.287076 1.119724 2.725740
v 0.372088 3.409724 2.725734
v 0.374577 3.409724 2.677516
v 0.284586 3.409724 2.677516
v 0.372801 1.119724 2.725019
v 0.284586 1.119724 2.677516
v 0.374577 1.119724 2.677516
v 0.187093 1.119724 2.725736
v 0.186370 3.409724 2.725014
v 0.282096 3.409724 2.725730
v 0.284586 3.409724 2.677516
v 0.184573 3.409724 2.677516
v 0.282811 1.119724 2.725015
v 0.184573 1.119724 2.677516
v 0.284586 1.119724 2.677516
v 0.087047 1.119724 2.725730
v 0.086338 3.409724 2.725016
v 0.182086 3.409724 2.725734
v 0.184561 3.409724 2.677516
v 0.084573 3.409724 2.677516
v 0.182795 1.119724 2.725022
v 0.084573 1.119724 2.677516
v 0.184561 1.119724 2.677516
v -0.012950 1.119724 2.725735
v -0.013663 3.409724 2.725019
v 0.082086 3.409724 2.725736
v 0.084561 3.409724 2.677516
v -0.015439 3.409724 2.677516
v 0.082794 1.119724 2.725025
v -0.015439 1.119724 2.677516
v 0.084561 1.119724 2.677516
v -0.112895 1.119724 2.725735
v -0.113618 3.409724 2.725013
v -0.017906 3.409724 2.725734
v -0.015402 3.409724 2.677516
v -0.115414 3.409724 2.677516
v -0.017188 1.119724 2.725015
v -0.115414 1.119724 2.677516
v -0.015402 1.119724 2.677516
v -0.212924 1.119724 2.725740
v -0.213636 3.409724 2.725026
v -0.117902 3.409724 2.725735
v -0.115427 3.409724 2.677516
v -0.215414 3.409724 2.677516
v -0.117194 1.119724 2.725024
v -0.215414 1.119724 2.677516
v -0.115427 1.119724 2.677516
v -0.312935 1.119724 2.725735
v -0.313654 3.409724 2.725017
v -0.217929 3.409724 2.725730
v -0.215439 3.409724 2.677516
v -0.315440 3.409724 2.677516
v -0.217214 1.119724 2.725015
v -0.315440 1.119724 2.677516
v -0.215439 1.119724 2.677516
v -0.412965 1.119724 2.725730
v -0.413674 3.409724 2.725017
v -0.317929 3.409724 2.725734
v -0.315439 3.409724 2.677516
v -0.415439 3.409724 2.677516
v -0.317216 1.119724 2.725019
v -0.415439 1.119724 2.677516
v -0.315439 1.119724 2.677516
v -0.512926 1.119724 2.725735
v -0.513639 3.409724 2.725019
v -0.417890 3.409724 2.725736
v -0.415415 3.409724 2.677516
v -0.515415 3.409724 2.677516
v -0.417182 1.119724 2.725025
v -0.515415 1.119724 2.677516
v -0.415415 1.119724 2.677516
v -0.612909 1.119724 2.725735
v -0.613631 3.409724 2.725013
v -0.517903 3.409724 2.725729
v -0.515415 3.409724 2.677516
v -0.615427 3.409724 2.677516
v -0.517189 1.119724 2.725013
v -0.615427 1.119724 2.677516
v -0.515415 1.119724 2.677516
v -0.712937 1.119724 2.725740
v -0.713649 3.409724 2.725026
v -0.617915 3.409724 2.725735
v -0.615440 3.409724 2.677516
v -0.715427 3.409724 2.677516
v -0.617207 1.119724 2.725024
v -0.715427 1.119724 2.677516
v -0.615440 1.119724 2.677516
v -0.812935 1.119724 2.725735
v -0.813653 3.409724 2.725017
v -0.717928 3.409724 2.725730
v -0.715440 3.409724 2.677516
v -0.815440 3.409724 2.677516
v -0.717214 1.119724 2.725015
v -0.815440 1.119724 2.677516
v -0.715440 1.119724 2.677516
v 0.464556 3.409724 2.777516
v -0.815440 3.409724 2.777516
v -0.815440 3.409724 2.677516
v 0.464556 3.409724 2.677516
v 0.464556 1.119724 2.777516
v 0.464556 1.119724 2.677516
v -0.815440 1.119724 2.777516
v -0.815440 1.119724 2.677516
v 0.564556 1.119724 2.777516
v 0.564556 3.509725 2.777516
v -0.915440 3.509725 2.777516
v -0.915440 1.119724 2.777516
v 0.564556 1.119724 2.677516
v 0.564556 3.509725 2.677516
v -0.915440 3.509725 2.677516
v -0.915440 1.119724 2.677516
v -0.785451 1.149724 2.731534
v 0.434555 1.149724 2.737531
v 0.434555 1.149724 2.727535
v -0.785451 3.379724 2.733532
v 0.434555 3.379724 2.737531
v 0.434555 3.379724 2.727535
v 0.464556 1.119724 2.731534
v -0.815440 1.119724 2.737531
v -0.815440 1.119724 2.727535
v -0.815440 3.409724 2.737531
v -0.815440 3.409724 2.727535
v 0.464556 3.409724 2.733532
v 4.269724 0.819724 3.127522
v 4.269724 0.819724 3.077516
v 4.269724 1.169724 3.077516
v 4.269724 1.169724 3.127522
v 0.411492 1.169724 3.127522
v 0.411492 0.819724 3.127522
v 0.411492 1.169724 3.077516
v 0.411492 0.819724 3.077516
v -4.774794 1.169724 3.077516
v -4.774794 0.819724 3.077516
v -4.774794 0.819724 3.127522
v -4.774794 1.169724 3.127522
v -0.620795 0.819724 3.127522
v -0.620795 1.169724 3.127522
v -0.620795 0.819724 3.077516
v -0.620795 1.169724 3.077516
v -4.683405 2.102817 0.324134
v -4.665728 2.127816 0.101488
v -4.690044 2.152817 0.323507
v -4.703148 2.102817 -3.677402
v -4.685471 2.127816 -3.900048
v -4.709787 2.152817 -3.678029
v -4.683405 2.637818 0.324134
v -4.658548 2.637818 -0.009997
v -4.670977 2.671150 0.157074
v -4.695970 2.662817 -3.788876
v -4.678291 2.637818 -4.011533
v -4.671652 2.687817 -4.010906
v -4.610968 2.662817 -0.452493
v -4.642300 1.617818 -0.118949
v -4.642633 3.707817 -0.118981
v -4.650582 1.617818 -4.303008
v -4.625889 3.707817 -4.468685
v -4.675275 3.707817 -4.137333
v -4.641568 3.172817 -0.118880
v -4.616707 3.172817 -0.453035
v -4.629138 3.206151 -0.285958
v -4.661311 3.172817 -4.120417
v -4.643631 3.197818 -4.343081
v -4.667950 3.222818 -4.121044
v -4.683405 3.172817 0.324134
v -4.658548 3.172817 -0.009997
v -4.670977 3.206150 0.157074
v -4.703148 3.172817 -3.677402
v -4.678291 3.172817 -4.011534
v -4.690720 3.206150 -3.844462
v -4.696403 1.517818 0.373134
v -4.670437 1.517818 -0.061348
v -4.640569 1.517818 -0.058528
v -4.706635 3.707817 0.321940
v -4.660204 3.707817 -0.010154
v -4.676766 3.707817 0.324761
v -4.706635 1.617819 0.321940
v -4.676766 1.617819 0.324761
v -4.675138 1.617819 -0.011564
v -4.645270 1.617819 -0.008743
v -4.670437 3.757818 -0.061348
v -4.711336 3.757818 0.371724
v -4.681468 3.757818 0.374545
v -4.640569 3.757818 -0.058528
v -4.716146 1.517818 -3.628402
v -4.690180 1.517818 -4.062884
v -4.660312 1.517818 -4.060063
v -4.726377 3.707817 -3.679596
v -4.679947 3.707817 -4.011691
v -4.696509 3.707817 -3.676775
v -4.726377 1.617819 -3.679596
v -4.696509 1.617819 -3.676775
v -4.694881 1.617819 -4.013100
v -4.665013 1.617819 -4.010279
v -4.690180 3.757818 -4.062884
v -4.731079 3.757818 -3.629812
v -4.701211 3.757818 -3.626991
v -4.660312 3.757818 -4.060063
v -4.668557 1.617818 0.157297
v -4.684472 3.707817 0.324033
v -4.652642 3.707817 -0.009440
v -4.672719 1.617818 -4.011006
v -4.704048 2.662817 -3.677487
v -4.672384 3.707817 -4.010975
v -4.598727 3.757818 -0.501579
v -4.598727 1.517818 -0.501579
v -4.594028 1.517818 -0.551338
v -4.594028 3.807818 -0.551338
v -4.686169 3.807818 0.424317
v -4.686169 1.517818 0.424317
v -4.681467 1.517818 0.374532
v -4.681467 3.757818 0.374532
v -4.761120 1.517818 0.367010
v -4.765821 1.517818 0.416795
v -4.678380 3.757818 -0.509101
v -4.678380 1.517818 -0.509101
v -4.761120 3.757818 0.367010
v -4.673681 1.517818 -0.558860
v -4.673680 3.807818 -0.558860
v -4.765821 3.807818 0.416795
v -4.618470 3.757818 -4.503116
v -4.618470 1.517818 -4.503115
v -4.613770 1.517818 -4.552874
v -4.613770 3.807818 -4.552875
v -4.705912 3.807818 -3.577219
v -4.705912 1.517818 -3.577219
v -4.701210 1.517818 -3.627004
v -4.701210 3.757818 -3.627004
v -4.780863 1.517818 -3.634526
v -4.785564 1.517818 -3.584741
v -4.698123 3.757818 -4.510637
v -4.698123 1.517818 -4.510637
v -4.780862 3.757818 -3.634526
v -4.693423 1.517818 -4.560396
v -4.693423 3.807818 -4.560397
v -4.785564 3.807818 -3.584741
v -4.654561 1.517818 -0.069928
v -4.628593 1.517818 -0.504423
v -4.598725 1.517818 -0.501602
v -4.664793 3.707817 -0.121111
v -4.618361 3.707817 -0.453228
v -4.634925 3.707817 -0.118290
v -4.664793 1.617819 -0.121111
v -4.634925 1.617819 -0.118290
v -4.633295 1.617819 -0.454638
v -4.603427 1.617819 -0.451818
v -4.628593 3.757818 -0.504423
v -4.669494 3.757818 -0.071338
v -4.639626 3.757818 -0.068517
v -4.598725 3.757818 -0.501602
v -4.674303 1.517818 -4.071464
v -4.648336 1.517818 -4.505959
v -4.618468 1.517818 -4.503138
v -4.684536 3.707817 -4.122646
v -4.638103 3.707817 -4.454764
v -4.654668 3.707817 -4.119826
v -4.684536 1.617819 -4.122646
v -4.654668 1.617819 -4.119826
v -4.653038 1.617819 -4.456174
v -4.623169 1.617819 -4.453354
v -4.648335 3.757818 -4.505960
v -4.689236 3.757818 -4.072875
v -4.659368 3.757818 -4.070054
v -4.618467 3.757818 -4.503139
v -4.641568 2.102817 -0.118880
v -4.623888 2.127817 -0.341547
v -4.648207 2.152817 -0.119507
v -4.661311 2.102817 -4.120416
v -4.643631 2.127817 -4.343081
v -4.667950 2.152817 -4.121043
v -4.641568 2.637818 -0.118880
v -4.616707 2.637818 -0.453035
v -4.629138 2.671150 -0.285958
v -4.661311 2.637818 -4.120416
v -4.643631 2.662818 -4.343081
v -4.667950 2.687817 -4.121043
v -7.912819 0.822432 -6.889240
v -7.912819 0.468617 -6.889240
v -7.912819 0.822434 5.266280
v -7.912819 0.468619 5.266280
v 4.376376 0.822432 -6.889240
v 4.376376 0.468617 -6.889240
v 4.376376 0.822434 5.266280
v 4.376376 0.468619 5.266280
v -0.663302 2.071440 2.789934
v -0.670745 2.068234 2.719777
v -0.654240 2.075377 2.719459
v -0.658916 1.983087 2.780153
v -0.641042 1.983090 2.809727
v -0.680801 1.983085 2.811819
v -0.657629 2.583072 2.780305
v -0.683571 2.583085 2.803961
v -0.645390 2.583084 2.817275
v -0.662097 2.482208 2.790053
v -0.666868 2.474009 2.719695
v -0.659083 2.492665 2.719640
vn -0.6616 0.1385 -0.7370
vn -1.0000 -0.0000 -0.0000
vn -0.6087 0.5240 -0.5957
vn -0.7984 0.4665 -0.3808
vn -0.7583 0.1943 -0.6223
vn 0.7465 0.2190 -0.6283
vn 0.7547 0.4247 -0.5000
vn 0.6307 0.3803 -0.6764
vn 0.6780 0.0893 -0.7296
vn -0.0000 -1.0000 -0.0000
vn -0.0000 -0.0000 1.0000
vn 1.0000 -0.0000 -0.0000
vn -0.0000 0.0884 -0.9961
vn -0.0015 0.1648 -0.9863
vn -0.0000 1.0000 -0.0000
vn 0.7419 -0.1386 -0.6560
vn 0.6003 -0.5238 -0.6043
vn 0.0075 -0.0000 -1.0000
vn 0.3876 -0.4638 -0.7966
vn 0.6296 -0.1910 -0.7531
vn 0.5076 -0.4486 0.7356
vn 0.6811 -0.3510 0.6426
vn 0.7245 -0.0893 0.6835
vn -1.0000 -0.0000 -0.0075
vn -0.0075 -0.0000 1.0000
vn 0.5926 -0.2164 0.7759
vn 0.9964 -0.0846 0.0075
vn 0.9967 -0.0803 0.0075
vn 0.7141 -0.4863 -0.5036
vn -0.5263 -0.5109 -0.6797
vn 0.8894 -0.3435 -0.3016
vn -0.3142 -0.8768 -0.3641
vn -0.4291 -0.7491 -0.5047
vn 0.8427 -0.3325 -0.4234
vn -0.3614 -0.7973 -0.4834
vn 0.6222 -0.6690 -0.4066
vn -0.4763 -0.6526 -0.5893
vn 0.7649 -0.1692 -0.6215
vn -0.5950 -0.2784 -0.7539
vn 0.7397 -0.1162 -0.6628
vn 0.0938 -0.0656 -0.9934
vn 0.6677 -0.5562 -0.4948
vn -0.4634 -0.6802 -0.5679
vn -0.5714 -0.6681 0.4766
vn -0.3958 -0.8817 0.2569
vn -0.5350 -0.7337 0.4189
vn -0.5686 -0.6970 0.4370
vn -0.7596 -0.2756 0.5891
vn -0.9869 -0.1313 -0.0942
vn -0.9904 -0.1021 -0.0935
vn -0.5766 -0.6535 0.4904
vn 0.5871 -0.3322 0.7382
vn 0.6847 -0.4636 0.5624
vn 0.7069 -0.3238 0.6288
vn 0.5273 -0.6338 0.5659
vn -0.1005 -0.1755 0.9793
vn 0.5963 -0.1160 0.7943
vn -0.7320 0.1386 -0.6670
vn -0.5913 0.5238 -0.6132
vn -0.3756 0.4638 -0.8024
vn -0.6183 0.1910 -0.7624
vn -0.5184 0.4489 0.7279
vn -0.6908 0.3510 0.6322
vn -0.7346 0.0893 0.6726
vn 1.0000 -0.0000 0.0075
vn -0.6040 0.2165 0.7670
vn -0.9964 0.0846 -0.0075
vn -0.9967 0.0803 -0.0074
vn 0.7140 -0.4863 -0.5037
vn 0.8535 -0.4241 -0.3029
vn -0.3141 -0.8768 -0.3642
vn -0.4292 -0.7491 -0.5047
vn 0.7397 -0.1163 -0.6628
vn 0.6681 -0.5559 -0.4946
vn -0.5715 -0.6681 0.4765
vn 0.6847 -0.4633 0.5626
vn -0.3884 -0.4238 -0.8183
vn -0.5238 -0.6773 0.5166
vn -0.5665 -0.5483 -0.6152
vn -0.5701 -0.4854 -0.6629
vn -0.6260 -0.5153 0.5853
vn -0.3530 -0.8733 0.3358
vn -0.4629 -0.7492 0.4738
vn -0.5050 -0.2957 -0.8109
vn -0.4490 -0.7931 0.4116
vn -0.5263 -0.6257 -0.5758
vn -0.5522 -0.6482 0.5243
vn -0.6907 -0.1624 -0.7047
vn -0.6961 -0.2733 0.6638
vn -0.7294 -0.1164 -0.6741
vn -0.9979 -0.0650 -0.0000
vn 0.5182 -0.6572 0.5473
vn 0.3267 -0.8855 0.3303
vn 0.4434 -0.7312 0.5184
vn 0.4930 -0.7510 0.4393
vn 0.6622 -0.2673 0.7000
vn -0.0011 -0.1296 0.9916
vn -0.0000 -0.0988 0.9951
vn 0.5411 -0.6554 0.5270
vn 0.6752 -0.3406 -0.6543
vn 0.5043 -0.4108 -0.7596
vn 0.6105 -0.4620 -0.6433
vn 0.4137 -0.6388 -0.6487
vn 0.9849 -0.1730 0.0063
vn 0.7349 -0.1162 -0.6682
vn -0.4031 -0.6803 -0.6121
vn -0.4766 -0.7372 0.4790
vn -0.7560 0.3128 -0.5751
vn -0.6580 -0.3673 0.6574
vn -0.5310 -0.7104 0.4619
vn -0.5182 0.6747 0.5257
vn 0.4585 -0.7089 0.5359
vn 0.6670 0.1731 0.7247
vn 0.4874 -0.7490 0.4489
vn 0.5973 0.5858 -0.5478
vn 0.6983 -0.3244 -0.6381
vn 0.4103 -0.6699 -0.6188
vn -0.4561 -0.4612 -0.7611
vn -0.6385 -0.5036 0.5819
vn -0.3378 -0.8713 0.3561
vn -0.5605 -0.3469 -0.7520
vn -0.4768 -0.7456 0.4656
vn -0.4035 -0.7940 0.4548
vn -0.4190 -0.6925 -0.5872
vn -0.5115 -0.6638 0.5456
vn -0.6906 -0.1657 -0.7040
vn -0.6969 -0.2721 0.6635
vn -0.7294 -0.1162 -0.6742
vn -0.6051 -0.4941 -0.6243
vn -0.5228 -0.6746 0.5212
vn 0.5296 -0.6671 0.5240
vn 0.2894 -0.8840 0.3672
vn 0.4673 -0.7337 0.4932
vn 0.4885 -0.6970 0.5250
vn 0.6621 -0.2673 0.7002
vn 0.5419 -0.6492 0.5338
vn 0.6825 -0.3184 -0.6579
vn 0.5030 -0.4590 -0.7324
vn 0.5596 -0.3238 -0.7629
vn 0.5138 -0.6338 -0.5782
vn 0.9850 -0.1726 0.0067
vn 0.7347 -0.1152 -0.6686
vn -0.3993 -0.6828 -0.6118
vn -0.4647 -0.7411 0.4846
vn -0.7866 -0.1417 -0.6010
vn -0.6621 -0.3515 0.6618
vn -0.5311 -0.7104 0.4619
vn -0.4359 0.6714 -0.5993
vn -0.5323 0.6465 0.5465
vn 0.4749 -0.7022 0.5304
vn 0.6875 0.1886 0.7013
vn 0.4718 -0.7314 0.4924
vn 0.7230 0.4289 -0.5416
vn 0.5955 -0.3405 -0.7277
vn 0.4717 -0.6592 -0.5856
vn 0.5008 -0.4154 -0.7593
vn 0.6730 -0.3523 -0.6503
vn 0.5427 -0.6568 0.5235
vn 0.3221 -0.8815 0.3453
vn 0.6116 -0.4610 -0.6430
vn 0.5221 -0.6554 0.5457
vn 0.4435 -0.7302 0.5197
vn 0.4130 -0.6390 -0.6489
vn 0.4923 -0.7516 0.4389
vn 0.7348 -0.1166 -0.6682
vn 0.9844 -0.1756 0.0077
vn 0.6582 -0.2752 0.7008
vn -0.6379 -0.5041 0.5822
vn -0.4777 -0.7462 0.4636
vn -0.3352 -0.8722 0.3562
vn -0.5223 -0.6810 0.5133
vn -0.6062 -0.4943 -0.6230
vn -0.4561 -0.4624 -0.7604
vn -0.5650 -0.3147 -0.7627
vn -0.3993 -0.7903 0.4648
vn -0.4755 -0.6584 -0.5834
vn -0.5227 -0.6599 0.5398
vn -0.6907 -0.1658 -0.7038
vn -0.6945 -0.2780 0.6636
vn -0.7294 -0.1163 -0.6741
vn -0.9979 -0.0655 -0.0000
vn -0.0000 -0.1020 0.9948
vn -0.0008 -0.1313 0.9913
vn 0.6616 -0.1385 0.7370
vn 0.6087 -0.5240 0.5958
vn 0.7984 -0.4665 0.3808
vn 0.7583 -0.1943 0.6223
vn -0.7466 -0.2190 0.6283
vn -0.7548 -0.4246 0.5000
vn -0.6309 -0.3804 0.6762
vn -0.6780 -0.0893 0.7296
vn -0.0000 -0.0000 -1.0000
vn -0.0000 -0.0884 0.9961
vn 0.0015 -0.1648 0.9863
vn -0.7151 0.6985 0.0269
vn -0.5677 0.5799 0.5843
vn 0.5584 0.5798 0.5933
vn 0.7178 0.6952 0.0372
vn -0.5586 -0.5798 0.5931
vn 0.5676 -0.5799 0.5845
vn -0.7178 -0.6952 0.0371
vn 0.7151 -0.6985 0.0270
vn -0.0940 -0.0000 0.9956
vn 0.0940 -0.0000 -0.9956
vn 0.9956 -0.0000 0.0940
vn -0.9956 -0.0000 -0.0940
vn -0.0003 0.0022 -1.0000
vn -0.0020 1.0000 0.0022
vn 0.0003 -0.0022 1.0000
vn 0.0004 -0.0022 1.0000
vn 0.0020 -1.0000 -0.0022
vn -1.0000 -0.0020 0.0003
vn 1.0000 0.0020 -0.0003
vn 0.7402 -0.1244 -0.6608
vn 0.6394 -0.4618 -0.6148
vn 0.4416 -0.4577 -0.7717
vn 0.6241 -0.1922 -0.7573
vn 0.5089 -0.4254 0.7484
vn 0.6764 -0.3626 0.6411
vn 0.7256 -0.0951 0.6815
vn 0.6140 -0.2059 0.7620
vn 0.9974 -0.0723 0.0075
vn 0.9941 -0.1086 0.0068
vn 0.0034 1.0000 -0.0075
vn -0.0015 1.0000 0.0034
vn 0.0015 1.0000 -0.0098
vn -0.0011 0.3200 -0.9474
vn 0.9999 0.0037 0.0148
vn 0.9999 -0.0026 -0.0102
vn 0.9999 0.0026 0.0102
vn 0.9999 -0.0037 -0.0148
vn -0.0011 -0.3200 0.9474
vn 0.0015 -1.0000 0.0098
vn -0.0015 -1.0000 -0.0034
vn 0.0034 -1.0000 0.0075
vn -0.9999 -0.0037 0.0148
vn -0.9999 0.0026 -0.0101
vn -0.9999 -0.0026 0.0101
vn -0.9999 0.0037 -0.0148
vn 0.0067 -0.9998 0.0212
vn -0.5799 -0.5798 0.5723
vn 0.0031 -1.0000 0.0068
vn -0.0067 -0.9999 -0.0149
vn -1.0000 -0.0013 0.0086
vn -1.0000 0.0013 -0.0086
vn -0.5799 0.5798 -0.5723
vn -0.0067 0.9999 0.0149
vn 0.0031 1.0000 -0.0068
vn 0.0067 0.9998 -0.0212
vn 0.7083 -0.0013 0.7060
vn 1.0000 0.0013 0.0086
vn 1.0000 -0.0013 -0.0086
vn 0.7083 0.0013 -0.7060
vn 0.0068 0.9999 -0.0148
vn -0.0031 1.0000 0.0067
vn 0.0010 0.3186 0.9479
vn -0.0068 0.9998 0.0212
vn 0.3201 0.0006 -0.9474
vn 1.0000 -0.0013 -0.0087
vn 1.0000 0.0013 0.0087
vn 0.3197 -0.0006 0.9475
vn -0.0865 0.5053 -0.8586
vn 0.0876 0.4989 -0.8622
vn -0.0025 -0.9999 -0.0128
vn -0.0000 -1.0000 -0.0074
vn 0.5192 0.0570 -0.8527
vn 0.5154 -0.0577 -0.8550
vn -0.9999 0.0016 -0.0136
vn -1.0000 -0.0000 -0.0074
vn 0.0024 -0.7079 -0.7063
vn -0.0015 -1.0000 -0.0098
vn 0.0015 -1.0000 0.0034
vn -0.0034 -1.0000 -0.0074
vn -0.9999 0.0037 -0.0149
vn -0.9999 -0.0026 0.0102
vn -0.9999 0.0026 -0.0102
vn -0.9999 -0.0037 0.0149
vn 0.0025 0.9999 -0.0128
vn -0.0000 1.0000 -0.0074
vn 0.9999 -0.0016 -0.0136
vn 1.0000 -0.0000 -0.0074
vn -0.0011 0.3198 -0.9475
vn 0.9999 -0.0016 -0.0137
vn -0.5145 0.0577 -0.8556
vn -0.5183 -0.0570 -0.8533
vn 0.0068 -0.9999 0.0148
vn -0.0031 -1.0000 -0.0067
vn 0.0010 -0.3186 -0.9479
vn -0.0068 -0.9998 -0.0212
vn 0.5187 -0.0570 0.8530
vn 0.5149 0.0577 0.8553
vn -0.9999 -0.0016 0.0136
vn -1.0000 -0.0000 0.0074
vn -0.0022 -0.7093 0.7049
vn -0.9999 0.0016 -0.0137
vn 0.0024 0.7071 0.7071
vn -0.0015 1.0000 0.0098
vn 0.0015 1.0000 -0.0034
vn -0.0034 1.0000 0.0074
vn 0.9999 0.0016 0.0137
vn 1.0000 -0.0000 0.0074
vn -0.5145 -0.0577 0.8556
vn -0.5183 0.0570 0.8533
vn -0.0011 -0.3198 0.9475
vn 0.5187 0.0570 -0.8530
vn 0.5149 -0.0577 -0.8553
vn 0.0024 -0.7071 -0.7071
vn -0.9999 -0.0016 0.0137
vn -0.0022 0.7093 -0.7049
vn -0.0011 0.3201 -0.9474
vn -0.5145 0.0577 -0.8555
vn -0.0865 0.5048 -0.8589
vn 0.0876 0.4994 -0.8619
vn 0.7082 0.0013 -0.7060
vn 0.7067 -0.0013 0.7075
vn -0.5874 -0.1763 0.7898
vn 0.0014 -0.9950 -0.1002
vn 0.3192 -0.0008 -0.9477
vn -0.3051 -0.3067 0.9016
vn 0.0014 -1.0000 0.0090
vn -0.0014 -1.0000 -0.0046
vn 0.0022 -1.0000 0.0074
vn -0.0000 -0.9974 0.0727
vn 0.5879 -0.1762 -0.7895
vn 0.0001 -0.0000 1.0000
vn -0.0020 0.7102 -0.7040
vn 0.0045 0.9998 -0.0191
vn -1.0000 -0.0025 0.0074
vn -0.0045 0.9999 0.0148
vn 0.0028 1.0000 -0.0093
vn 1.0000 -0.0025 -0.0074
vn 0.7322 -0.6804 -0.0306
vn 0.1221 -0.6420 0.7569
vn 0.1221 0.6420 -0.7569
vn 0.5989 0.7934 -0.1087
vn 0.1069 0.0981 -0.9894
vn 0.1298 -0.0920 -0.9873
vn 0.1868 -0.1947 -0.9629
vn 0.7322 0.6804 0.0306
vn 0.5989 -0.7934 0.1087
vn 0.1868 0.1947 0.9629
vn 0.1069 -0.0981 0.9894
vn 0.1298 0.0920 0.9873
vn -0.0000 -0.0000 -0.0000
vn -0.7322 -0.6804 0.0306
vn -0.1221 -0.6420 -0.7569
vn -0.1221 0.6420 0.7569
vn -0.5987 0.7935 0.1087
vn -0.1069 0.0981 0.9894
vn -0.1298 -0.0920 0.9873
vn -0.1868 -0.1947 0.9629
vn -0.7322 0.6804 -0.0306
vn -0.5987 -0.7935 -0.1087
vn -0.1868 0.1947 -0.9629
vn -0.1069 -0.0981 -0.9894
vn -0.1298 0.0920 -0.9873
vn 0.1222 0.6420 -0.7569
vn 0.5991 0.7933 -0.1087
vn 0.1867 -0.1947 -0.9629
vn 0.5990 -0.7933 0.1087
vn -0.5989 0.7934 0.1087
vn -0.1867 -0.1947 0.9629
vn -0.5989 -0.7934 -0.1087
vn -0.1867 0.1947 -0.9629
vn 0.9896 -0.1439 -0.0000
vn 0.9899 -0.1419 -0.0000
vn 0.5990 0.7933 -0.1087
vn 0.7831 -0.6219 -0.0000
vn 0.7811 -0.6244 -0.0000
vn -1.0000 -0.0007 -0.0000
vn 0.5991 -0.7933 0.1087
vn -0.5351 -0.8448 -0.0000
vn -0.5370 -0.8436 -0.0000
vn -0.5326 -0.8464 -0.0000
vn 0.5589 0.8266 -0.0655
vn 0.5631 -0.3551 0.7462
vn 1.0000 -0.0004 -0.0003
vn -0.5627 0.3552 0.7465
vn -0.5590 -0.8266 -0.0654
vn -0.0112 0.6207 -0.7840
vn 0.0112 -0.6210 -0.7838
vn -1.0000 0.0003 0.0007
vn 0.5589 0.8267 -0.0651
vn 0.5631 -0.3554 0.7461
vn -0.5627 0.3554 0.7464
vn -0.5590 -0.8266 -0.0651
vn -0.0112 0.6205 -0.7842
vn 0.0112 -0.6207 -0.7840
vn -0.7151 0.6985 0.0268
vn -0.5677 0.5799 0.5844
vn 0.5586 0.5798 0.5931
vn 0.7178 0.6953 0.0369
vn 0.5677 -0.5799 0.5843
vn -0.7178 -0.6953 0.0369
vn 0.7151 -0.6985 0.0267
vn -0.7152 0.6984 0.0271
vn -0.5674 0.5798 0.5847
vn 0.5588 0.5798 0.5929
vn -0.5586 -0.5799 0.5930
vn 0.5675 -0.5798 0.5846
vn -0.7179 -0.6952 0.0374
vn -0.7150 0.6986 0.0266
vn -0.5676 0.5798 0.5845
vn 0.5589 0.5798 0.5928
vn 0.7177 0.6954 0.0367
vn -0.5590 -0.5798 0.5928
vn -0.7177 -0.6954 0.0367
vn 0.7150 -0.6986 0.0266
vn -0.7151 0.6985 0.0267
vn -0.5675 0.5798 0.5846
vn -0.5589 -0.5798 0.5928
vn -0.7152 0.6984 0.0270
vn 0.5587 0.5799 0.5930
vn 0.5674 -0.5798 0.5846
vn 0.7151 -0.6985 0.0269
vn 0.5590 0.5798 0.5928
vn -0.5588 -0.5798 0.5929
vn 0.5676 -0.5798 0.5846
vn -0.5587 -0.5799 0.5930
vn 0.7177 0.6953 0.0369
vn 0.5589 0.5798 0.5929
vn 0.6875 0.7239 -0.0573
vn 0.0982 0.2359 0.9668
vn 0.6875 -0.7239 0.0573
vn 0.0982 -0.2359 -0.9668
vn 0.7123 -0.7017 -0.0170
vn 0.0720 -0.6706 0.7384
vn 0.7123 0.7017 0.0170
vn 0.0720 0.6706 -0.7384
vn 0.0648 -0.0639 0.9958
vn 0.0678 0.0634 0.9957
vn 0.0678 -0.0635 -0.9957
vn 0.0648 0.0639 -0.9958
vn 0.9847 0.1231 0.1231
vn 0.9117 0.3419 0.2279
vn 0.9666 0.1812 0.1812
vn -0.1240 0.0310 0.9918
vn -0.0995 0.0249 0.9947
vn -0.2425 0.0152 0.9700
vn -0.0000 -0.9796 0.2010
vn -0.0000 -0.9848 0.1734
vn -0.9904 -0.1376 0.0143
vn -0.7045 -0.7070 -0.0626
vn 0.9581 -0.1828 0.2204
vn 0.9446 -0.3162 0.0880
vn -0.9857 -0.1636 0.0404
vn -0.9742 -0.0000 0.2256
vn 0.9734 -0.0944 0.2088
vn 0.6375 -0.0001 0.7704
vn 0.9658 -0.1379 0.2195
vn 0.9638 -0.0540 0.2612
vn 0.9948 -0.0215 0.0995
vn 0.9954 -0.0000 0.0955
vn -0.9898 -0.1379 0.0349
vn -0.9954 -0.0094 -0.0952
vn -0.9960 -0.0001 -0.0898
vn -0.9956 -0.0540 0.0761
vn 0.9948 -0.0215 0.0996
vn 0.9658 -0.1379 0.2196
vn -0.0000 -0.0317 0.9995
vn -0.1259 -0.0315 0.9915
vn -0.1020 -0.0255 0.9945
vn 0.0278 -0.5624 -0.8264
vn 0.7332 -0.5603 0.3854
vn -0.7239 -0.5593 0.4040
vn 0.2070 0.5622 -0.8007
vn -0.8123 0.5598 0.1637
vn 0.5818 0.5587 0.5911
vt 0.000000 39.370079
vt 39.370079 39.370079
vt 6.919610 26.610764
vt 13.533994 24.909727
vt 26.063122 14.737265
vt 29.407412 0.000000
vt 39.370079 0.000000
vt 0.000000 0.000000
vt 39.370079 35.739738
vt 0.000000 0.129322
vt 39.370079 0.209057
vt 15.917356 16.281818
vt 26.318764 24.999075
vt 35.433102 28.484562
vt 9.962667 0.000000
vt 6.919583 26.610876
vt 13.533972 24.909748
vt 26.486197 14.510564
vt 0.000000 35.949310
vt 39.370075 35.739594
vt 0.000000 0.129308
vt 13.494451 14.981092
vt 25.926117 24.529699
vt 35.432880 28.484411
vt 0.000000 0.068534
vt 39.370079 0.154390
vt 39.266365 1.161210
vt 0.000000 11.677792
vt 39.340229 0.052568
vt 39.178444 39.370079
vt 39.178444 1.720519
vt 39.258999 2.351798
vt 39.270050 0.767873
vt 39.328663 0.080747
vt 39.370079 20.169205
vt 39.258942 0.192237
vt 0.111137 0.192237
vt 0.000000 20.169205
vt 39.160419 39.370079
vt 39.239563 0.347417
vt 39.370079 29.538704
vt 0.237593 2.398153
vt 0.207566 39.370079
vt 39.132488 2.398153
vt 39.132488 39.370079
vt 0.113541 1.272780
vt 39.215691 39.370079
vt 39.279930 0.495915
vt 39.178444 0.000000
vt 39.370079 1.720519
vt 39.267487 39.370079
vt 0.119282 2.528304
vt 39.303738 39.370079
vt 0.000000 28.104677
vt 39.370079 29.528809
vt 0.101845 0.781790
vt 0.040479 0.078917
vt 39.370079 13.333871
vt 0.417911 26.729010
vt 1.868563 18.185955
vt 38.478889 22.421085
vt 39.114578 31.116280
vt 37.539906 19.645699
vt 36.838966 11.576845
vt 3.329698 7.377888
vt 35.934097 6.883681
vt 35.556122 0.347351
vt 3.696166 1.033654
vt 6.919613 26.610792
vt 13.534055 24.909676
vt 26.486572 14.510199
vt 0.000000 35.948544
vt 39.370079 35.739513
vt 0.000000 0.129306
vt 13.494583 14.981010
vt 25.925949 24.529493
vt 35.433029 28.484634
vt 0.000000 0.068533
vt 39.266365 1.161210
vt 0.000000 11.678519
vt 39.340225 0.052571
vt 39.258995 2.351823
vt 39.270042 0.767900
vt 39.328659 0.080745
vt 39.370079 20.170387
vt 0.000000 20.170387
vt 39.239563 0.347407
vt 39.370079 29.539154
vt 0.207566 39.370079
vt 0.113533 1.272693
vt 39.279846 0.495286
vt 39.267490 39.370079
vt 0.119280 2.528263
vt 39.303741 39.370079
vt 0.000000 28.103952
vt 0.101847 0.781802
vt 0.040478 0.078915
vt 39.370079 13.334177
vt 0.417903 26.729189
vt 1.868558 18.186010
vt 38.478882 22.421085
vt 39.114571 31.116272
vt 37.539906 19.645725
vt 36.838966 11.576942
vt 3.329716 7.377792
vt 35.934105 6.883725
vt 35.556122 0.347347
vt 3.696162 1.033664
vt 39.162823 39.370079
vt 39.318085 0.273683
vt 39.265965 1.167117
vt 0.000000 11.693260
vt 39.339600 0.053674
vt 39.292740 1.637464
vt 39.271587 0.755013
vt 39.330509 0.077144
vt 39.370079 21.405058
vt 0.111437 0.192237
vt 0.000000 21.405058
vt 39.226112 0.288377
vt 0.216595 39.370079
vt 39.132690 39.370079
vt 0.113716 1.273169
vt 39.267578 39.370079
vt 39.180244 39.370079
vt 39.247154 0.697920
vt 39.370079 13.327934
vt 0.119302 2.528729
vt 0.000000 27.833313
vt 39.370079 29.527975
vt 0.101878 0.782038
vt 0.033694 0.065506
vt 39.370079 16.344568
vt 0.390178 27.239525
vt 1.736992 19.732714
vt 38.542072 22.610897
vt 39.114162 31.113924
vt 37.556793 19.791693
vt 36.838245 11.539061
vt 2.558966 11.364240
vt 3.635406 2.889506
vt 35.913574 6.726093
vt 35.676720 0.966822
vt 39.370079 39.370117
vt 0.000000 39.370117
vt 163.702438 -192.412552
vt 163.702438 -198.134232
vt 164.457230 -192.412552
vt 164.553085 -198.985291
vt 193.412552 -71.773140
vt 197.743607 -71.945885
vt 197.743607 -69.972443
vt 193.412567 -65.905258
vt 201.349106 -66.354843
vt 201.317154 -65.284760
vt -164.916656 -66.354843
vt -90.287399 -66.840363
vt -89.998428 -65.889435
vt 93.149178 -198.189453
vt -161.311325 -71.945885
vt -93.595016 -71.945885
vt -161.311325 -69.972443
vt -93.595016 -69.972443
vt -164.884750 -65.284760
vt -192.412598 -65.242561
vt -200.340103 -65.889435
vt -192.412582 -66.587280
vt -200.050766 -66.840363
vt 92.371017 -192.412582
vt 93.204391 -192.412582
vt -196.743637 -71.945885
vt -192.412567 -71.673096
vt -196.743637 -69.972443
vt 94.744110 -192.412567
vt 94.988571 -196.350082
vt 162.165939 -192.412552
vt 162.200378 -196.632797
vt -90.450142 -199.888138
vt -90.588364 -192.412598
vt -164.441559 -199.873718
vt -164.262238 -192.412567
vt 91.340111 -65.009628
vt 91.375725 -66.755379
vt 94.670876 -71.737701
vt 162.210068 -71.853348
vt 165.810303 -65.865402
vt 0.000000 25.826246
vt 39.268440 1.137993
vt 39.340221 0.052581
vt 39.216728 39.370079
vt 39.258995 2.351871
vt 39.271675 0.755347
vt 39.333225 0.071852
vt 39.370079 20.183443
vt 0.000000 20.183443
vt 39.226105 0.288348
vt 39.370079 28.085775
vt 0.210077 39.370079
vt 0.113539 1.272754
vt 39.279816 0.495015
vt 39.267525 39.370079
vt 0.119283 2.528326
vt 39.303711 39.370079
vt 0.000000 28.103718
vt 0.101844 0.781781
vt 0.033597 0.065499
vt 39.370079 16.850899
vt 0.385543 27.325005
vt 1.889438 17.982262
vt 38.518482 22.648045
vt 39.114716 31.116264
vt 37.369293 17.641500
vt 3.329849 7.378046
vt 36.089226 7.565409
vt 35.556149 0.347312
vt 3.696272 1.033618
vt -92.204300 -192.412613
vt -92.204300 -198.134293
vt -91.449524 -192.412613
vt -91.353760 -198.985245
vt 193.412613 -71.773308
vt 197.743668 -71.945885
vt 197.743668 -69.972443
vt 193.412613 -64.970703
vt 193.412613 -66.145233
vt 201.317001 -65.284218
vt 201.349243 -66.354675
vt 90.989807 -66.354675
vt 165.619339 -66.840363
vt 165.892212 -65.797310
vt -162.692398 -198.124374
vt 94.594925 -71.945885
vt 162.311722 -71.945885
vt 94.594925 -69.972443
vt 162.311722 -69.972443
vt 91.021950 -65.284218
vt -192.412659 -65.272255
vt -200.324356 -65.797310
vt -192.412659 -66.740005
vt -200.050827 -66.840363
vt -196.743698 -71.945885
vt -192.412643 -71.945885
vt -196.743698 -69.972443
vt -192.412643 -69.719620
vt -161.162628 -192.412643
vt -160.918167 -196.350143
vt -93.740295 -192.412613
vt -93.705864 -196.632874
vt 165.211029 -199.643036
vt 165.165710 -192.412659
vt 91.480438 -199.858459
vt 91.644852 -192.412613
vt -164.626282 -65.165443
vt -162.641693 -68.686005
vt -93.696228 -71.853523
vt -161.162628 -72.019524
vt -90.535751 -64.746078
vt -89.983047 -66.152626
vt 39.229820 0.304631
vt 0.089154 1.272830
vt 39.267071 39.370079
vt 39.370079 13.274555
vt 39.247204 0.698423
vt 0.091764 2.528251
vt 0.081868 0.781793
vt 39.370079 12.848470
vt 0.028236 0.069198
vt 39.370079 21.707829
vt 0.165723 39.370079
vt 0.187431 2.398153
vt 39.182346 2.398153
vt 39.182346 39.370079
vt 0.000000 25.781015
vt 39.291168 1.126609
vt 39.346764 0.052768
vt 39.210892 39.370079
vt 39.310707 1.638190
vt 39.289906 0.766923
vt 39.290436 0.349599
vt 0.086206 0.192237
vt 39.283875 0.192237
vt 0.000000 27.838232
vt 2.917067 2.882004
vt 36.407024 0.966516
vt 36.706421 7.340635
vt 2.047798 11.429893
vt 37.764648 17.636084
vt 1.420529 19.467398
vt 38.687019 22.648567
vt 39.165237 31.116215
vt 0.339140 26.646980
vt 6.919683 26.610847
vt 13.533974 24.909746
vt 26.063251 14.737155
vt 39.370079 35.739624
vt 0.000000 0.129315
vt 15.917332 16.281796
vt 26.318773 24.999077
vt 35.432804 28.484535
vt 22.153522 -176.271240
vt 22.284517 -178.082947
vt 25.539925 -178.109894
vt 25.696980 -176.271240
vt 22.400431 -35.129925
vt 22.403870 -125.287399
vt 25.448891 -35.129925
vt 25.452394 -125.287399
vt -21.310476 -178.108917
vt -21.153522 -176.271240
vt -24.696980 -176.271240
vt -24.565639 -178.083954
vt 179.100891 -125.287399
vt 179.076996 -35.129925
vt 177.271240 -125.287399
vt 177.271240 -35.129925
vt -178.101959 -35.129921
vt -178.078064 -125.287399
vt -176.271240 -35.129925
vt -176.271240 -125.287399
vt -24.696980 -35.129925
vt -24.696980 -125.287399
vt -21.153522 -35.129925
vt -21.153522 -125.287399
vt 39.370079 39.370075
vt 0.000000 39.370075
vt 0.000038 39.370075
vt 0.000038 0.000000
vt 39.370041 0.000000
vt 39.370041 39.370079
vt 1.000000 0.007922
vt 0.000000 0.007922
vt 1.000000 0.992078
vt 0.000000 0.992078
vt 0.000038 39.370079
vt 0.000000 39.370041
vt 39.370079 39.370041
vt 31.987888 34.827389
vt 7.381890 34.827389
vt 7.381890 0.000000
vt 31.987888 0.000000
vt 31.988190 0.000000
vt 31.988190 34.827389
vt 7.382190 34.827389
vt 7.382190 0.000000
vt 31.987888 33.745785
vt 7.381890 33.745785
vt 31.988190 33.745785
vt 7.382190 33.745785
vt 5.968194 27.040234
vt 14.115740 24.412352
vt 26.700979 14.434414
vt 39.370079 37.060459
vt 0.000000 0.080874
vt 13.193130 14.851250
vt 25.820454 24.374897
vt 35.363850 28.399445
vt 0.394085 0.218723
vt 39.173229 0.109421
vt 0.196903 39.260796
vt 38.976593 39.151360
vt 39.173176 0.109284
vt 38.975994 39.151360
vt 0.196849 39.260658
vt 0.393485 0.218723
vt 0.196636 0.109302
vt 38.975994 0.218723
vt 39.172901 39.260643
vt 38.976593 0.218723
vt 0.197182 0.109439
vt 0.394085 39.151360
vt 39.173325 0.109369
vt 39.173359 39.260735
vt 0.393485 39.151360
vt 39.172977 39.260689
vt 39.173092 0.109331
vt 0.196724 0.109351
vt 0.196757 39.260712
vt 0.197107 0.109397
vt 0.196988 39.260750
vt 39.173088 0.109333
vt 0.196762 39.260712
vt 39.173317 0.109372
vt 33.745953 35.433075
vt 5.624426 35.433075
vt 5.624426 0.000000
vt 33.745953 0.000000
vt 33.745655 35.433075
vt 5.624125 35.433075
vt 5.624125 0.000000
vt 33.745655 0.000000
vt 0.000000 39.370083
vt 0.005221 0.000000
vt 39.370079 39.370083
vt 0.000601 0.000000
vt 0.000601 39.370079
vt 39.092239 0.000000
vt 0.131222 39.297192
vt 39.107555 39.224262
vt 39.282570 0.000000
vt 0.131274 39.297165
vt 0.015618 0.000000
vt 178.453400 -83.555115
vt 178.453400 -17.413383
vt 177.272247 -83.555115
vt 177.272247 -17.413383
vt -127.492386 -176.272247
vt -144.775589 -176.744720
vt -127.492386 -177.453400
vt -127.492386 -17.413383
vt -129.421585 -81.586609
vt -127.492386 -83.555115
vt -142.807327 -81.586609
vt -144.775589 -83.555115
vt -142.807327 -19.381882
vt -144.775589 -17.413383
vt -129.421585 -19.381882
vt 130.421585 -176.744720
vt 143.807327 -177.453400
vt 143.807327 -176.272247
vt -142.807327 -177.453400
vt -129.421585 -176.980942
vt -142.807327 -176.272247
vt 178.453400 -81.586609
vt 178.453400 -19.381882
vt 177.272247 -81.586609
vt 177.272247 -19.381882
vt 128.492386 -177.453400
vt 145.775589 -176.980942
vt 128.492386 -176.272247
vt 128.492386 -83.555115
vt 130.421585 -19.381882
vt 128.492386 -17.413383
vt 143.807327 -19.381882
vt 145.775589 -17.413383
vt 143.807327 -81.586609
vt 145.775589 -83.555115
vt 130.421585 -81.586609
vt 143.807327 -35.425179
vt 143.807327 -33.456673
vt 130.421585 -35.425179
vt 130.421585 -33.456673
vt 137.114471 -51.468498
vt 143.807327 -49.500000
vt 130.421585 -49.500000
vt -142.807327 -49.500000
vt -136.114471 -51.468498
vt -129.421585 -49.500000
vt 137.114471 -67.511810
vt 143.807327 -65.543304
vt 130.421585 -65.543304
vt -142.807327 -65.543304
vt -136.114471 -67.511810
vt -129.421585 -65.543304
vt 39.370079 19.685038
vt 0.000000 19.685038
vt 180.422150 -83.555115
vt 180.422150 -17.413383
vt 111.129105 -179.422150
vt 145.774612 -179.422150
vt 111.129105 -176.272247
vt 145.774612 -176.272247
vt -179.422150 -17.413383
vt -179.422150 -83.555115
vt -176.272247 -17.413383
vt -176.272247 -83.555115
vt -144.774612 -179.422150
vt -110.129105 -179.422150
vt -144.774612 -176.272247
vt -110.129105 -176.272247
vt -179.422150 -15.444878
vt -179.422150 -85.523621
vt -176.272247 -15.444878
vt -176.272247 -85.523621
vt -146.743362 -179.422150
vt -108.160843 -179.422150
vt -146.743362 -176.272247
vt -108.160843 -176.272247
vt 180.422150 -85.523621
vt 180.422150 -15.444878
vt 177.272247 -85.523621
vt 177.272247 -15.444878
vt 109.160843 -179.422150
vt 147.743362 -179.422150
vt 109.160843 -176.272247
vt 147.743362 -176.272247
vt -144.774612 -17.413383
vt -146.743362 -85.523621
vt -144.774612 -83.555115
vt -108.160843 -85.523621
vt -110.129105 -83.555115
vt -108.160843 -15.444878
vt -110.129105 -17.413383
vt -146.743362 -15.444878
vt 145.774612 -83.555115
vt 147.743362 -15.444878
vt 145.774612 -17.413383
vt 109.160843 -15.444878
vt 111.129105 -17.413383
vt 109.160843 -85.523621
vt 111.129105 -83.555115
vt 147.743362 -85.523621
vt 119.790245 -35.425179
vt 126.483109 -33.456673
vt 113.097366 -33.456673
vt -118.790245 -35.425179
vt -112.097366 -33.456673
vt -125.483109 -33.456673
vt 119.790245 -51.468498
vt 126.483109 -49.500000
vt 113.097366 -49.500000
vt -118.790245 -51.468498
vt -112.097366 -49.500000
vt -125.483109 -49.500000
vt 119.790245 -67.511810
vt 126.483109 -65.543304
vt 113.097366 -65.543304
vt -118.790245 -67.511810
vt -112.097366 -65.543304
vt -125.483109 -65.543304
vt -177.453400 -17.413383
vt -177.453400 -83.555115
vt -127.412796 -177.453400
vt -110.129105 -176.980942
vt -127.412796 -176.272247
vt 128.412796 -17.413383
vt 126.483109 -81.586609
vt 128.412796 -83.555115
vt 113.097366 -81.586609
vt 113.097366 -19.381882
vt 126.483109 -19.381882
vt 113.097366 -177.453400
vt 126.483109 -176.980942
vt 113.097366 -176.272247
vt -125.483109 -176.744720
vt -112.097366 -177.453400
vt -112.097366 -176.272247
vt -177.453400 -19.381882
vt -177.453400 -81.586609
vt -176.272247 -19.381882
vt -176.272247 -81.586609
vt 128.412796 -176.272247
vt 111.129105 -176.744720
vt 128.412796 -177.453400
vt -127.412796 -83.555115
vt -125.483109 -19.381882
vt -127.412796 -17.413383
vt -112.097366 -19.381882
vt -112.097366 -81.586609
vt -125.483109 -81.586609
vt 178.453339 -83.555115
vt 178.453339 -17.413383
vt 177.272186 -83.555115
vt 177.272186 -17.413383
vt 128.413864 -176.272186
vt 111.130661 -176.744659
vt 128.413864 -177.453339
vt 128.413864 -17.413383
vt 126.485153 -81.586609
vt 128.413864 -83.555115
vt 113.099411 -81.586609
vt 111.130661 -83.555115
vt 113.099411 -19.381882
vt 111.130661 -17.413383
vt 126.485153 -19.381882
vt -125.485153 -176.744659
vt -112.099411 -177.453339
vt -112.099411 -176.272186
vt 113.099411 -177.453339
vt 126.485153 -176.980881
vt 113.099411 -176.272186
vt 178.453339 -81.586609
vt 178.453339 -19.381882
vt 177.272186 -81.586609
vt 177.272186 -19.381882
vt -127.413864 -177.453339
vt -110.130661 -176.980881
vt -127.413864 -176.272186
vt -127.413864 -83.555115
vt -125.485153 -19.381882
vt -127.413864 -17.413383
vt -112.099411 -19.381882
vt -110.130661 -17.413383
vt -112.099411 -81.586609
vt -110.130661 -83.555115
vt -125.485153 -81.586609
vt -118.791794 -35.425179
vt -112.098923 -33.456673
vt -125.484665 -33.456673
vt 113.098923 -33.456673
vt 119.791794 -35.425179
vt 126.484665 -33.456673
vt -112.098923 -51.468498
vt -118.791794 -49.500000
vt -125.484665 -51.468498
vt 119.791794 -49.500000
vt 113.098923 -51.468498
vt 126.484665 -51.468498
vt -118.791794 -67.511810
vt -112.098923 -65.543304
vt -125.484665 -65.543304
vt 113.098923 -65.543304
vt 119.791794 -67.511810
vt 126.484665 -65.543304
vt 180.422089 -83.555115
vt 180.422089 -17.413383
vt -144.775681 -179.422089
vt -110.129684 -179.422089
vt -144.775681 -176.272186
vt -110.129684 -176.272186
vt -179.422089 -17.413383
vt -179.422089 -83.555115
vt -176.272186 -17.413383
vt -176.272186 -83.555115
vt 111.129684 -179.422089
vt 145.775681 -179.422089
vt 111.129684 -176.272186
vt 145.775681 -176.272186
vt -179.422089 -15.444878
vt -179.422089 -85.523621
vt -176.272186 -15.444878
vt -176.272186 -85.523621
vt 109.160934 -179.422089
vt 147.743454 -179.422089
vt 109.160934 -176.272186
vt 147.743454 -176.272186
vt 180.422089 -85.523621
vt 180.422089 -15.444878
vt 177.272186 -85.523621
vt 177.272186 -15.444878
vt -146.743454 -179.422089
vt -108.160934 -179.422089
vt -146.743454 -176.272186
vt -108.160934 -176.272186
vt 111.129684 -17.413383
vt 109.160934 -85.523621
vt 111.129684 -83.555115
vt 147.743454 -85.523621
vt 145.775681 -83.555115
vt 147.743454 -15.444878
vt 145.775681 -17.413383
vt 109.160934 -15.444878
vt -110.129684 -83.555115
vt -108.160934 -15.444878
vt -110.129684 -17.413383
vt -146.743454 -15.444878
vt -144.775681 -17.413383
vt -146.743454 -85.523621
vt -144.775681 -83.555115
vt -108.160934 -85.523621
vt -129.421188 -35.425179
vt -129.421188 -33.456673
vt -142.806931 -34.440926
vt 130.421188 -35.425179
vt 143.806931 -34.440926
vt 130.421188 -33.456673
vt -129.421188 -51.468498
vt -129.421188 -49.500000
vt -142.806931 -51.468498
vt -142.806931 -49.500000
vt -136.114075 -67.511810
vt -129.421188 -65.543304
vt -142.806931 -65.543304
vt 137.114075 -67.511810
vt 143.806931 -65.543304
vt 130.421188 -65.543304
vt -177.453339 -17.413383
vt -177.453339 -83.555115
vt 128.491989 -177.453339
vt 145.775681 -176.980881
vt 128.491989 -176.272186
vt -127.491989 -17.413383
vt -129.421188 -81.586609
vt -127.491989 -83.555115
vt -142.806931 -81.586609
vt -142.806931 -19.381882
vt -129.421188 -19.381882
vt -142.806931 -177.453339
vt -129.421188 -176.980881
vt -142.806931 -176.272186
vt 130.421188 -176.744659
vt 143.806931 -177.453339
vt 143.806931 -176.272186
vt -177.453339 -19.381882
vt -177.453339 -81.586609
vt -176.272186 -19.381882
vt -176.272186 -81.586609
vt -127.491989 -176.272186
vt -144.775681 -176.744659
vt -127.491989 -177.453339
vt 128.491989 -83.555115
vt 130.421188 -19.381882
vt 128.491989 -17.413383
vt 143.806931 -19.381882
vt 143.806931 -81.586609
vt 130.421188 -81.586609
vt -136.114075 -49.500000
vt 143.806931 -51.468498
vt 137.114075 -49.500000
vt 130.421188 -51.468498
vt 179.239471 -83.555115
vt 179.239471 -17.413383
vt 178.058319 -83.555115
vt 178.058319 -17.413383
vt -127.412888 178.058319
vt -110.129204 178.530792
vt -127.412888 179.239471
vt 128.412888 -17.413383
vt 126.483200 -81.586609
vt 128.412888 -83.555115
vt 113.097458 -81.586609
vt 111.129196 -83.555115
vt 113.097458 -19.381882
vt 111.129196 -17.413383
vt 126.483200 -19.381882
vt 126.483200 178.530792
vt 113.097458 179.239471
vt 113.097458 178.058319
vt -112.097458 179.239471
vt -125.483200 178.766998
vt -112.097458 178.058319
vt 179.239471 -81.586609
vt 179.239471 -19.381882
vt 178.058319 -81.586609
vt 178.058319 -19.381882
vt 128.412888 179.239471
vt 111.129196 178.766998
vt 128.412888 178.058319
vt -127.412888 -83.555115
vt -125.483200 -19.381882
vt -127.412888 -17.413383
vt -112.097458 -19.381882
vt -110.129196 -17.413383
vt -112.097458 -81.586609
vt -110.129196 -83.555115
vt -125.483200 -81.586609
vt -112.097458 -35.425179
vt -112.097458 -33.456673
vt -125.483200 -34.440926
vt 113.097458 -33.456673
vt 113.097458 -35.425179
vt 126.483200 -34.440926
vt 113.097458 -49.500000
vt 113.097458 -51.468498
vt 126.483200 -49.500000
vt 126.483200 -51.468498
vt -112.097458 -67.511810
vt -112.097458 -65.543304
vt -125.483200 -67.511810
vt -125.483200 -65.543304
vt 181.208221 -83.555115
vt 181.208221 -17.413383
vt 145.774704 181.208221
vt 111.129196 181.208221
vt 145.774704 178.058319
vt 111.129196 178.058319
vt -180.208221 -17.413383
vt -180.208221 -83.555115
vt -177.058319 -17.413383
vt -177.058319 -83.555115
vt -110.129196 181.208221
vt -144.774704 181.208221
vt -110.129196 178.058319
vt -144.774704 178.058319
vt -180.208221 -15.444878
vt -180.208221 -85.523621
vt -177.058319 -15.444878
vt -177.058319 -85.523621
vt -108.160934 181.208221
vt -146.743454 181.208221
vt -108.160934 178.058319
vt -146.743454 178.058319
vt 181.208221 -85.523621
vt 181.208221 -15.444878
vt 178.058319 -85.523621
vt 178.058319 -15.444878
vt 147.743454 181.208221
vt 109.160934 181.208221
vt 147.743454 178.058319
vt 109.160934 178.058319
vt 145.774704 -83.555115
vt 145.774704 -17.413383
vt -144.774704 -17.413383
vt -144.774704 -83.555115
vt -129.421677 -35.425179
vt -129.421677 -33.456673
vt -142.807419 -35.425179
vt -142.807419 -33.456673
vt -129.421677 -51.468498
vt -129.421677 -49.500000
vt -142.807419 -51.468498
vt -142.807419 -49.500000
vt -136.114563 -67.511810
vt -129.421677 -65.543304
vt -142.807419 -65.543304
vt 137.114563 -67.511810
vt 143.807419 -65.543304
vt 130.421677 -65.543304
vt -178.239471 -17.413383
vt -178.239471 -83.555115
vt -127.492477 179.239471
vt -144.775681 178.767014
vt -127.492477 178.058319
vt -127.492477 -17.413383
vt -129.421677 -81.586609
vt -127.492477 -83.555115
vt -142.807419 -81.586609
vt -142.807419 -19.381882
vt -129.421677 -19.381882
vt 143.807419 179.239471
vt 130.421677 178.767014
vt 143.807419 178.058319
vt -129.421677 178.530792
vt -142.807419 179.239471
vt -142.807419 178.058319
vt -178.239471 -19.381882
vt -178.239471 -81.586609
vt -177.058319 -19.381882
vt -177.058319 -81.586609
vt 128.492477 178.058319
vt 145.775681 178.530792
vt 128.492477 179.239471
vt 128.492477 -83.555115
vt 130.421677 -19.381882
vt 128.492477 -17.413383
vt 143.807419 -19.381882
vt 143.807419 -81.586609
vt 130.421677 -81.586609
vt 143.807419 -35.425179
vt 143.807419 -33.456673
vt 130.421677 -35.425179
vt 130.421677 -33.456673
vt 143.807419 -51.468498
vt 143.807419 -49.500000
vt 130.421677 -51.468498
vt 130.421677 -49.500000
vt 179.239502 -83.555115
vt 179.239502 -17.413383
vt 178.058350 -83.555115
vt 178.058350 -17.413383
vt 0.538287 178.058350
vt 17.822468 178.530823
vt 0.538287 179.239502
vt 0.461713 -17.413383
vt -1.467975 -81.586609
vt 0.461713 -83.555115
vt -14.853717 -81.586609
vt -16.822468 -83.555115
vt -14.853717 -19.381882
vt -16.822468 -17.413383
vt -1.467975 -19.381882
vt -1.467975 178.530823
vt -14.853717 179.239502
vt -14.853717 178.058350
vt 15.853717 179.239502
vt 2.467975 178.767029
vt 15.853717 178.058350
vt 179.239502 -81.586609
vt 179.239502 -19.381882
vt 178.058350 -81.586609
vt 178.058350 -19.381882
vt 0.461713 179.239502
vt -16.822468 178.767029
vt 0.461713 178.058350
vt 0.538287 -83.555115
vt 2.467975 -19.381882
vt 0.538287 -17.413383
vt 15.853717 -19.381882
vt 17.822468 -17.413383
vt 15.853717 -81.586609
vt 17.822468 -83.555115
vt 2.467975 -81.586609
vt 15.853718 -35.425179
vt 9.160847 -33.456673
vt 2.467976 -35.425179
vt -8.160847 -33.456673
vt -14.853718 -35.425179
vt -1.467976 -35.425179
vt 15.853718 -51.468498
vt 15.853718 -49.500000
vt 2.467976 -51.468498
vt 2.467976 -49.500000
vt 9.160846 -67.511810
vt 15.853718 -65.543304
vt 2.467976 -65.543304
vt -14.853718 -65.543304
vt -8.160846 -67.511810
vt -1.467976 -65.543304
vt 181.208252 -83.555115
vt 181.208252 -17.413383
vt 17.822063 181.208252
vt -16.823933 181.208252
vt 17.822063 178.058350
vt -16.823933 178.058350
vt -180.208252 -17.413383
vt -180.208252 -83.555115
vt -177.058350 -17.413383
vt -177.058350 -83.555115
vt 17.823933 181.208252
vt -16.822063 181.208252
vt 17.823933 178.058350
vt -16.822063 178.058350
vt -180.208252 -15.444878
vt -180.208252 -85.523621
vt -177.058350 -15.444878
vt -177.058350 -85.523621
vt 19.791706 181.208252
vt -18.790813 181.208252
vt 19.791706 178.058350
vt -18.790813 178.058350
vt 181.208252 -85.523621
vt 181.208252 -15.444878
vt 178.058350 -85.523621
vt 178.058350 -15.444878
vt 19.790813 181.208252
vt -18.791706 181.208252
vt 19.790813 178.058350
vt -18.791706 178.058350
vt -16.823933 -17.413383
vt -18.791706 -85.523621
vt -16.823933 -83.555115
vt 19.790813 -85.523621
vt 17.822063 -83.555115
vt 19.790813 -15.444878
vt 17.822063 -17.413383
vt -18.791706 -15.444878
vt 17.823933 -83.555115
vt 19.791706 -15.444878
vt 17.823933 -17.413383
vt -18.790813 -15.444878
vt -16.822063 -17.413383
vt -18.790813 -85.523621
vt -16.822063 -83.555115
vt 19.791706 -85.523621
vt 15.854290 -35.425179
vt 15.854290 -33.456673
vt 2.468548 -35.425179
vt 2.468548 -33.456673
vt -1.468548 -51.468498
vt -1.468548 -49.500000
vt -14.854290 -50.484249
vt 2.468548 -51.468498
vt 15.854290 -50.484249
vt 2.468548 -49.500000
vt -8.161420 -67.511810
vt -1.468548 -65.543304
vt -14.854290 -65.543304
vt 9.161420 -67.511810
vt 15.854290 -65.543304
vt 2.468548 -65.543304
vt -178.239502 -17.413383
vt -178.239502 -83.555115
vt 0.460650 179.239502
vt -16.822552 178.767029
vt 0.460650 178.058350
vt 0.460650 -17.413383
vt -1.468060 -81.586609
vt 0.460650 -83.555115
vt -14.853803 -81.586609
vt -16.822552 -83.555115
vt -14.853803 -19.381882
vt -16.822552 -17.413383
vt -1.468060 -19.381882
vt 15.853803 179.239502
vt 2.468060 178.767029
vt 15.853803 178.058350
vt -1.468060 178.530823
vt -14.853803 179.239502
vt -14.853803 178.058350
vt -178.239502 -19.381882
vt -178.239502 -81.586609
vt -177.058350 -19.381882
vt -177.058350 -81.586609
vt 0.539350 178.058350
vt 17.822552 178.530823
vt 0.539350 179.239502
vt 0.539350 -83.555115
vt 2.468060 -19.381882
vt 0.539350 -17.413383
vt 15.853803 -19.381882
vt 17.822552 -17.413383
vt 15.853803 -81.586609
vt 17.822552 -83.555115
vt 2.468060 -81.586609
vt -1.468548 -35.425179
vt -8.161420 -33.456673
vt -14.854290 -35.425179
vt 9.161420 -33.456673
vt -14.854290 -51.468498
vt -14.854290 -49.500000
vt 179.239532 -83.555115
vt 179.239532 -17.413383
vt 178.058380 -83.555115
vt 178.058380 -17.413383
vt 128.491898 178.058380
vt 145.775604 178.530853
vt 128.491898 179.239532
vt -127.491898 -17.413383
vt -129.421097 -81.586609
vt -127.491898 -83.555115
vt -142.806839 -81.586609
vt -142.806839 -19.381882
vt -129.421097 -19.381882
vt -129.421097 178.530853
vt -142.806839 179.239532
vt -142.806839 178.058380
vt 143.806839 179.239532
vt 130.421097 178.767059
vt 143.806839 178.058380
vt 179.239532 -81.586609
vt 179.239532 -19.381882
vt 178.058380 -81.586609
vt 178.058380 -19.381882
vt -127.491898 179.239532
vt -144.775589 178.767059
vt -127.491898 178.058380
vt 128.491898 -83.555115
vt 130.421097 -19.381882
vt 128.491898 -17.413383
vt 143.806839 -19.381882
vt 143.806839 -81.586609
vt 130.421097 -81.586609
vt 143.806839 -35.425179
vt 137.113983 -33.456673
vt 130.421097 -35.425179
vt -136.113983 -33.456673
vt -142.806839 -35.425179
vt -129.421097 -35.425179
vt 130.421097 -51.468498
vt 143.806839 -50.484245
vt 130.421097 -49.500000
vt -129.421097 -49.500000
vt -142.806839 -50.484245
vt -129.421097 -51.468498
vt 143.806839 -67.511810
vt 137.113983 -65.543304
vt 130.421097 -67.511810
vt -136.113983 -65.543304
vt -142.806839 -67.511810
vt -129.421097 -67.511810
vt 181.208282 -83.555115
vt 181.208282 -17.413383
vt -110.129593 181.208282
vt -144.775589 181.208282
vt -110.129593 178.058380
vt -144.775589 178.058380
vt -180.208282 -17.413383
vt -180.208282 -83.555115
vt -177.058380 -17.413383
vt -177.058380 -83.555115
vt 145.775589 181.208282
vt 111.129593 181.208282
vt 145.775589 178.058380
vt 111.129593 178.058380
vt -180.208282 -15.444878
vt -180.208282 -85.523621
vt -177.058380 -15.444878
vt -177.058380 -85.523621
vt 147.743362 181.208282
vt 109.160843 181.208282
vt 147.743362 178.058380
vt 109.160843 178.058380
vt 181.208282 -85.523621
vt 181.208282 -15.444878
vt 178.058380 -85.523621
vt 178.058380 -15.444878
vt -108.160843 181.208282
vt -146.743362 181.208282
vt -108.160843 178.058380
vt -146.743362 178.058380
vt -110.129593 -83.555115
vt -110.129593 -17.413383
vt 111.129593 -17.413383
vt 111.129593 -83.555115
vt 119.791702 -35.425179
vt 126.484573 -33.456673
vt 113.098831 -33.456673
vt -118.791702 -35.425179
vt -112.098831 -33.456673
vt -125.484573 -33.456673
vt 126.484573 -51.468498
vt 119.791702 -49.500000
vt 113.098831 -51.468498
vt -112.098831 -51.468498
vt -118.791702 -49.500000
vt -125.484573 -51.468498
vt 119.791702 -67.511810
vt 126.484573 -65.543304
vt 113.098831 -65.543304
vt -118.791702 -67.511810
vt -112.098831 -65.543304
vt -125.484573 -65.543304
vt -178.239532 -17.413383
vt -178.239532 -83.555115
vt 128.413773 179.239532
vt 111.130569 178.767075
vt 128.413773 178.058380
vt 128.413773 -17.413383
vt 126.485062 -81.586609
vt 128.413773 -83.555115
vt 113.099319 -81.586609
vt 111.130569 -83.555115
vt 113.099319 -19.381882
vt 111.130569 -17.413383
vt 126.485062 -19.381882
vt -112.099319 179.239532
vt -125.485062 178.767075
vt -112.099319 178.058380
vt 126.485062 178.530853
vt 113.099319 179.239532
vt 113.099319 178.058380
vt -178.239532 -19.381882
vt -178.239532 -81.586609
vt -177.058380 -19.381882
vt -177.058380 -81.586609
vt -127.413773 178.058380
vt -110.130569 178.530853
vt -127.413773 179.239532
vt -127.413773 -83.555115
vt -125.485062 -19.381882
vt -127.413773 -17.413383
vt -112.099319 -19.381882
vt -110.130569 -17.413383
vt -112.099319 -81.586609
vt -110.130569 -83.555115
vt -125.485062 -81.586609
vt 113.098831 -35.425179
vt 126.484573 -34.440926
vt -112.098831 -35.425179
vt -125.484573 -34.440926
vt -112.098831 -67.511810
vt -125.484573 -67.511810
vt -129.421661 -34.440926
vt 130.421661 -34.440926
vt -136.114563 -51.468498
vt 137.114563 -51.468498
vt -125.483200 -35.425179
vt -125.483200 -33.456673
vt -118.790329 -67.511810
vt 113.097458 -65.543304
vt 119.790329 -67.511810
vt 126.483200 -65.543304
vt 19.685053 0.000000
vt 19.685026 0.000000
vt -118.790337 -33.456673
vt 119.790337 -33.456673
vt 126.483200 -35.425179
vt -118.790329 -51.468498
vt -112.097458 -49.500000
vt -125.483200 -49.500000
vt 119.790329 -51.468498
vt -118.790329 -65.543304
vt 119.790329 -65.543304
vt 113.097458 -67.511810
vt 126.483200 -67.511810
vt 126.484573 -49.500000
vt 113.098831 -49.500000
vt 143.806839 -51.468498
vt 143.806839 -49.500000
vt 137.113983 -35.425179
vt 143.806839 -33.456673
vt 130.421097 -33.456673
vt -142.806839 -33.456673
vt -136.113983 -35.425179
vt -129.421097 -33.456673
vt 137.113983 -67.511810
vt 143.806839 -65.543304
vt 130.421097 -65.543304
vt -142.806839 -65.543304
vt -136.113983 -67.511810
vt -129.421097 -65.543304
vt 0.851248 1.161493
vt 0.851248 38.147423
vt 38.518829 38.147423
vt 38.518829 1.161493
vt 29.732912 -5.405516
vt 29.732912 6.405508
vt -28.731932 -5.405516
vt -28.731932 6.405508
vt -1.271491 -5.405516
vt -1.271491 6.405508
vt -8.161139 -5.405516
vt -8.161139 6.405508
vt -28.731932 2.271491
vt 29.732912 2.271477
vt -28.731932 9.161139
vt 29.732912 9.161126
vt 2.271477 6.405508
vt 2.271477 -5.405516
vt 9.161126 6.405508
vt 9.161126 -5.405516
vt -28.732912 6.405508
vt -28.732912 -5.405516
vt 29.731932 6.405508
vt 29.731932 -5.405516
vt -28.732912 2.271477
vt 29.731932 2.271491
vt -28.732912 9.161126
vt 29.731932 9.161139
vt -6.585945 0.500009
vt -6.585945 -5.405503
vt 2.271966 0.500009
vt 2.271966 -5.405503
vt -28.732912 0.500009
vt -28.732912 -5.405503
vt 29.534666 0.500009
vt 29.534666 -5.405503
vt -1.271980 0.500009
vt -1.271980 -5.405503
vt 7.585930 0.500009
vt 7.585930 -5.405503
vt -28.534670 0.500009
vt -28.534670 -5.405503
vt 29.732908 0.500009
vt 29.732908 -5.405503
vt 29.732908 2.271980
vt -28.534670 2.271966
vt 29.732912 -6.585930
vt -28.534666 -6.585945
vt 29.534670 2.271966
vt -28.732908 2.271980
vt 29.534666 -6.585945
vt -28.732912 -6.585930
vt -7.180532 0.405704
vt -7.898815 -0.742917
vt -6.585945 -1.074805
vt 29.535154 0.106297
vt -28.731936 -0.050951
vt 29.535154 -0.523872
vt -28.731936 -0.681105
vt -28.732048 -7.876225
vt 29.534864 -7.180532
vt -28.535099 -7.876257
vt 29.732517 -7.180516
vt 29.732912 -1.074805
vt 29.732912 0.499998
vt -28.534666 -1.074805
vt -28.534666 0.499998
vt 8.180516 -0.980500
vt 8.898780 0.168153
vt 7.585930 0.499998
vt 1.676013 6.310985
vt 0.958257 5.161928
vt 2.270989 4.830713
vt 29.535156 6.011815
vt -28.731934 5.856516
vt 29.535156 5.379734
vt -28.731934 5.224414
vt -28.732044 0.980360
vt 29.534866 1.676013
vt -28.732910 2.271003
vt -28.535099 0.980365
vt 29.732513 1.676027
vt -28.534668 2.270989
vt 29.732910 4.830713
vt 29.732910 6.405516
vt -28.534668 4.830713
vt -28.534668 6.405516
vt -0.676027 4.925232
vt 0.041751 6.074258
vt -1.271003 6.405516
vt 18.610554 -176.271240
vt 18.741140 -178.083511
vt 21.997234 -178.108948
vt 18.856127 -35.129925
vt 18.859604 -125.287407
vt 21.991428 -35.129925
vt 22.015230 -125.287399
vt -17.766865 -178.109253
vt -17.610554 -176.271240
vt -21.023037 -178.083191
vt 179.101334 -125.287399
vt 179.077606 -35.129925
vt -177.994019 -35.129925
vt -177.990540 -125.287399
vt -17.610554 -35.129925
vt -17.610554 -125.287399
vt 14.673054 -176.271240
vt 14.804632 -178.082809
vt 18.454269 -178.108643
vt 14.920340 -35.129925
vt 14.923796 -125.287399
vt 18.448452 -35.129925
vt 18.472317 -125.287399
vt 179.100922 -125.287399
vt 179.076874 -35.129925
vt -13.830704 -178.108917
vt -13.673054 -176.271240
vt -17.480131 -178.082886
vt -177.994156 -35.129925
vt -177.990662 -125.287399
vt -13.673054 -35.129925
vt -13.673054 -125.287399
vt 10.736042 -176.271240
vt 10.865899 -178.083069
vt 14.516932 -178.108994
vt 14.672565 -176.271240
vt 10.873541 -35.129925
vt 10.897318 -125.287399
vt 14.511248 -35.129925
vt 14.534963 -125.287399
vt 178.994965 -125.287399
vt 178.991440 -35.129925
vt -9.891630 -178.108673
vt -9.736042 -176.271240
vt -13.672565 -176.271240
vt -13.542605 -178.083359
vt -177.994781 -35.129925
vt -177.991241 -125.287399
vt -13.672565 -35.129925
vt -13.672565 -125.287399
vt -9.736042 -35.129925
vt -9.736042 -125.287399
vt 6.798542 -176.271240
vt 6.929029 -178.083191
vt 10.579910 -178.109024
vt 10.735554 -176.271240
vt 7.044866 -35.129925
vt 7.048321 -125.287399
vt 10.574230 -35.129925
vt 10.597906 -125.287399
vt 179.100998 -125.287399
vt 179.077255 -35.129921
vt -5.954829 -178.108948
vt -5.798542 -176.271240
vt -9.735554 -176.271240
vt -9.605539 -178.083435
vt -177.991241 -125.287407
vt -9.735554 -35.129925
vt -9.735554 -125.287399
vt -5.798542 -35.129925
vt -5.798542 -125.287399
vt 2.862507 -176.271240
vt 2.994046 -178.082794
vt 6.643052 -178.108917
vt 6.800007 -176.271240
vt 3.109872 -35.129925
vt 3.113310 -125.287399
vt 6.637112 -35.129925
vt 6.661026 -125.287399
vt 179.076813 -35.129925
vt -2.020131 -178.108902
vt -1.862507 -176.271240
vt -5.800007 -176.271240
vt -5.669009 -178.082947
vt -177.993225 -35.129925
vt -177.989761 -125.287399
vt -5.800007 -35.129925
vt -5.800007 -125.287399
vt -1.862507 -35.129925
vt -1.862507 -125.287399
vt -1.074505 -176.271240
vt -0.943894 -178.083542
vt 2.706360 -178.109024
vt 2.862018 -176.271240
vt -0.828968 -35.129925
vt -0.825489 -125.287399
vt 2.700678 -35.129925
vt 2.724371 -125.287399
vt 179.101349 -125.287399
vt 179.077637 -35.129925
vt 1.918180 -178.109283
vt 2.074505 -176.271240
vt -1.862018 -176.271240
vt -1.732009 -178.083420
vt -177.994751 -35.129925
vt -177.991226 -125.287399
vt -1.862018 -35.129925
vt -1.862018 -125.287399
vt 2.074505 -35.129925
vt 2.074505 -125.287399
vt -5.012493 -176.271240
vt -4.881473 -178.082977
vt -1.231768 -178.108658
vt -1.075482 -176.271240
vt -4.765681 -35.129925
vt -4.762227 -125.287399
vt -1.237585 -35.129925
vt -1.213719 -125.287399
vt 179.100952 -125.287399
vt 179.077057 -35.129925
vt 5.855532 -178.108917
vt 6.012493 -176.271240
vt 2.075482 -176.271240
vt 2.205905 -178.082886
vt -177.990646 -125.287399
vt 2.075482 -35.129925
vt 2.075482 -125.287399
vt 6.012493 -35.129925
vt 6.012493 -125.287399
vt -8.949505 -176.271240
vt -8.819622 -178.083069
vt -5.168798 -178.108948
vt -8.811979 -35.129925
vt -8.788202 -125.287399
vt -5.174611 -35.129925
vt -5.150801 -125.287399
vt 178.994949 -125.287399
vt 178.991425 -35.129925
vt 9.793890 -178.108688
vt 9.949505 -176.271240
vt 6.142988 -178.083160
vt -177.993958 -35.129925
vt -177.990479 -125.287399
vt 9.949505 -35.129925
vt 9.949505 -125.287399
vt -12.885540 -176.271240
vt -12.755054 -178.083176
vt -9.104172 -178.109009
vt -8.948528 -176.271240
vt -12.639215 -35.129925
vt -12.635763 -125.287399
vt -9.109852 -35.129925
vt -9.086176 -125.287399
vt 179.077255 -35.129925
vt 13.729254 -178.108963
vt 13.885540 -176.271240
vt 9.948528 -176.271240
vt 10.078543 -178.083435
vt -177.994766 -35.129929
vt 9.948528 -35.129925
vt 9.948528 -125.287399
vt 13.885540 -35.129925
vt 13.885540 -125.287399
vt -16.823040 -176.271240
vt -16.691523 -178.082764
vt -13.041800 -178.108643
vt -16.575644 -35.129925
vt -16.572205 -125.287399
vt -13.047613 -35.129925
vt -13.023735 -125.287399
vt 179.100861 -125.287399
vt 179.076782 -35.129925
vt 17.665432 -178.108887
vt 17.823040 -176.271240
vt 14.015926 -178.082886
vt -177.994217 -35.129925
vt -177.990723 -125.287399
vt 17.823040 -35.129925
vt 17.823040 -125.287399
vt -20.760052 -176.271240
vt -20.629440 -178.083527
vt -16.979187 -178.109009
vt -16.823528 -176.271240
vt -20.514517 -35.129925
vt -20.511036 -125.287399
vt -16.984867 -35.129925
vt -16.961176 -125.287399
vt 179.077621 -35.129925
vt 21.603729 -178.109283
vt 21.760052 -176.271240
vt 17.823528 -176.271240
vt 17.953537 -178.083420
vt -177.991226 -125.287407
vt 17.823528 -35.129925
vt 17.823528 -125.287399
vt 21.760052 -35.129925
vt 21.760052 -125.287399
vt -24.697552 -176.271240
vt -24.566509 -178.083008
vt -20.916809 -178.108673
vt -20.760540 -176.271240
vt -24.450773 -35.129925
vt -24.447315 -125.287399
vt -20.922621 -35.129925
vt -20.898758 -125.287399
vt 179.100967 -125.287399
vt 179.077072 -35.129925
vt 25.540577 -178.108948
vt 25.697552 -176.271240
vt 21.760540 -176.271240
vt 21.890953 -178.082886
vt -177.994202 -35.129925
vt -177.990692 -125.287399
vt 21.760540 -35.129925
vt 21.760540 -125.287399
vt 25.697552 -35.129925
vt 25.697552 -125.287399
vt -24.696003 -180.208252
vt 25.697552 -180.208252
vt -24.696003 -176.271240
vt 181.208252 -125.287399
vt 181.208252 -35.129925
vt -180.208252 -35.129925
vt -180.208252 -125.287399
vt -24.697552 -125.287399
vt -24.697552 -35.129925
vt -28.634563 -125.287399
vt -28.634563 -31.192913
vt 25.696003 -35.129925
vt 29.633015 -31.192913
vt 29.633015 -125.287399
vt 25.696003 -125.287399
vt -28.633015 -176.271240
vt -28.633015 -180.208252
vt -28.634563 -180.208252
vt 29.633015 -180.208252
vt -28.634563 -176.271240
vt 29.633015 -176.271240
vt -180.208252 -31.192913
vt -176.271240 -31.192913
vt 29.634563 -180.208252
vt 29.634563 -176.271240
vt 181.208252 -31.192913
vt 177.271240 -31.192913
vt 29.634563 -125.287399
vt 29.634563 -31.192913
vt -24.696003 -35.129925
vt -28.633015 -31.192913
vt -28.633015 -125.287399
vt -24.696003 -125.287399
vt 0.000000 0.236085
vt 39.370079 0.393485
vt 39.370079 0.157390
vt 0.000000 0.393485
vt 38.976593 0.000000
vt 38.976593 39.370079
vt 0.922736 0.515765
vt 38.447342 0.515765
vt 0.922736 38.854313
vt 38.447342 38.854313
vt -269.578400 55.224426
vt -269.578400 57.192947
vt -282.766876 56.208664
vt 270.578400 57.192947
vt 270.578400 55.224426
vt 283.766876 56.208664
vt -269.578400 76.287415
vt -276.172424 78.255920
vt -282.766876 76.287415
vt 277.172424 78.255920
vt 270.578400 76.287415
vt 283.766876 76.287415
vt -269.578400 77.271637
vt -282.766876 78.255920
vt 283.766876 78.255920
vt 270.578400 77.271637
vt 19.685043 0.000000
vt 19.685036 0.000000
vt -287.097443 97.350418
vt -293.692200 99.318909
vt -300.286896 97.350418
vt 294.692200 99.318909
vt 288.097443 97.350418
vt 301.286896 97.350418
vt -287.097443 99.318909
vt -300.286896 98.334641
vt 288.097443 99.318909
vt 301.286896 98.334641
vt -269.578400 97.350418
vt -276.172424 99.318909
vt -282.766876 97.350418
vt 277.172424 99.318909
vt 270.578400 97.350418
vt 283.766876 97.350418
vt -276.172363 99.318909
vt 277.172394 99.318909
vt 268.609650 -176.862747
vt 285.735626 -177.453308
vt 285.735626 -176.272156
vt 270.578400 -177.453308
vt 283.766876 -176.862732
vt 270.578400 -176.272156
vt 178.453308 36.129944
vt 178.453308 118.413406
vt 177.272156 36.129944
vt 177.272156 118.413406
vt -282.766876 -177.453308
vt -269.578400 -177.453308
vt -282.766876 -176.272156
vt -269.578400 -176.272156
vt -176.862732 118.413406
vt -177.453308 36.129944
vt -176.272156 36.129944
vt -284.735626 -177.453308
vt -267.609650 -177.453308
vt -284.735626 -176.272156
vt -267.609650 -176.272156
vt -177.453308 120.381897
vt -176.862747 32.192932
vt -176.272156 120.381897
vt 178.453308 32.192932
vt 178.453308 120.381897
vt 177.272156 32.192932
vt 177.272156 120.381897
vt 283.766876 118.413406
vt 285.735626 120.381897
vt 270.578400 118.413406
vt 268.609650 120.381897
vt 270.578400 36.129944
vt 268.609650 32.192932
vt 285.735626 32.192932
vt 283.766876 36.129944
vt -282.766876 36.129944
vt -282.766876 118.413406
vt -284.735626 120.381897
vt -269.578400 118.413406
vt -267.609650 120.381897
vt -269.578400 36.129944
vt -267.609650 32.192932
vt -284.735626 32.192932
vt 268.609650 -176.862762
vt -176.862762 32.192932
vt 19.685040 0.000000
vt 303.256134 32.192932
vt 305.223907 32.192932
vt 303.256134 120.381897
vt 305.223907 122.350418
vt 268.610138 120.381897
vt 266.641388 122.350418
vt 266.641388 32.192932
vt 268.610138 32.192932
vt 268.610138 -176.272156
vt 266.641388 -176.272156
vt 268.610138 -179.422058
vt 266.641388 -179.422058
vt -179.422058 120.381897
vt -179.422058 32.192932
vt -176.272156 32.192932
vt 303.256134 -179.422058
vt 303.256134 -176.272156
vt 180.422058 32.192932
vt 180.422058 120.381897
vt 305.223907 -179.422058
vt 305.223907 -176.272156
vt 180.422058 122.350418
vt 177.272156 122.350418
vt -304.223907 -179.422058
vt -265.641388 -179.422058
vt -304.223907 -176.272156
vt -265.641388 -176.272156
vt -179.422058 122.350418
vt -176.272156 122.350418
vt -302.256134 32.192932
vt -302.256134 120.381897
vt -304.223907 32.192932
vt -304.223907 122.350418
vt -267.610138 120.381897
vt -265.641388 122.350418
vt -265.641388 32.192932
vt -267.610138 32.192932
vt 286.130646 -176.862732
vt 303.257111 -177.453293
vt 303.257111 -176.272141
vt 288.098907 -177.453293
vt 301.288330 -176.862701
vt 288.098907 -176.272141
vt 178.453293 36.129944
vt 178.453293 118.413406
vt 177.272141 36.129944
vt 177.272141 118.413406
vt -300.288361 -177.453293
vt -287.098907 -177.453293
vt -300.288361 -176.272141
vt -287.098907 -176.272141
vt -176.862701 118.413406
vt -177.453293 36.129944
vt -176.272141 36.129944
vt -302.257111 -177.453293
vt -285.130646 -177.453293
vt -302.257111 -176.272141
vt -285.130646 -176.272141
vt -177.453293 120.381897
vt -176.862732 32.192932
vt -176.272141 120.381897
vt 178.453293 32.192932
vt 178.453293 120.381897
vt 177.272141 32.192932
vt 177.272141 120.381897
vt 301.288361 118.413406
vt 303.257111 120.381897
vt 288.098907 118.413406
vt 286.130646 120.381897
vt 288.098907 36.129944
vt 286.130646 32.192932
vt 303.257111 32.192932
vt 301.288361 36.129944
vt -300.288361 36.129944
vt -300.288361 118.413406
vt -302.257111 120.381897
vt -287.098907 118.413406
vt -285.130646 120.381897
vt -287.098907 36.129944
vt -285.130646 32.192932
vt -302.257111 32.192932
vt 286.130646 -176.862717
vt 301.288391 -176.862732
vt -176.862717 32.192932
vt -287.097443 55.224426
vt -287.097443 57.192947
vt -300.286865 56.208672
vt 288.097443 57.192947
vt 288.097443 55.224426
vt 301.286896 56.208672
vt -300.286896 56.208672
vt -287.097443 76.287415
vt -293.692200 78.255920
vt -300.286896 76.287415
vt 294.692200 78.255920
vt 288.097443 76.287415
vt 301.286896 76.287415
vt -287.097443 78.255920
vt -300.286896 77.271652
vt 288.097443 78.255920
vt 301.286926 77.271652
vt 0.520914 -0.849307
vt 0.479086 1.099307
vt 0.479086 -0.849307
vt 0.511709 -0.699228
vt 0.488291 1.449228
vt 0.488291 -0.699228
vt 0.519573 -0.308211
vt 0.480427 1.558211
vt 0.480427 -0.308211
vt 0.525434 -0.133425
vt 0.474566 1.883425
vt 0.474566 -0.133425
vt 1.704720 -0.826347
vt -0.693001 1.822441
vt -0.693001 -0.826347
vt 0.875000 0.500000
vt 0.625000 0.750000
vt 0.625000 0.500000
vt 0.520914 1.099307
vt 0.511709 1.449228
vt 0.519573 1.558211
vt 0.525434 1.883425
vt 1.704720 1.822441
vt 0.875000 0.750000
vt 0.207189 0.000000
vt 1.078298 2.755898
vt 0.205714 2.755897
vt 1.541157 -0.000000
vt 2.183886 2.755897
vt 0.903036 0.089501
vt 1.398255 0.982331
vt 0.260771 1.065198
vt 3.440489 0.000000
vt 4.544606 0.000000
vt 4.527406 23.622047
vt 0.028993 0.000000
vt 1.297173 23.622047
vt 0.003531 23.622047
vt 1.621331 -0.000000
vt 3.134547 23.622047
vt 0.948895 1.453399
vt 0.150464 0.743038
vt 1.277545 0.322595
vt 0.113460 0.000000
vt 0.740277 2.755897
vt 0.027339 2.755897
vt 1.289124 0.000000
vt 1.987798 2.755897
s 1
usemtl wall4.009
f 2/1/1 1/2/2 3/3/3
f 1/2/2 4/4/4 3/3/3
f 4/4/4 1/2/2 5/5/5
f 6/6/2 5/5/5 7/7/2
f 5/5/5 1/2/2 7/7/2
f 5/7/5 13/8/6 4/2/4
f 13/8/6 8/1/7 4/2/4
f 3/8/3 4/1/4 8/9/7
f 3/10/3 8/11/7 9/7/8
f 3/7/3 9/8/8 2/2/1
f 9/8/8 10/1/9 2/2/1
f 1/2/10 2/7/10 11/1/10
f 2/7/10 10/8/10 11/1/10
f 1/1/11 11/2/11 7/8/11
f 11/2/11 12/7/11 7/8/11
f 13/12/6 11/1/12 8/13/7
f 11/1/12 9/14/8 8/13/7
f 9/14/8 11/1/12 10/2/9
f 11/1/12 13/12/6 12/8/12
f 13/12/6 14/15/12 12/8/12
f 6/7/13 14/8/14 5/2/5
f 14/8/14 13/1/6 5/2/5
f 6/8/15 7/1/15 14/7/15
f 7/1/15 12/2/15 14/7/15
f 125/146/106 126/147/107 128/148/108
f 128/148/108 126/147/107 124/149/109
f 125/150/106 127/151/110 126/152/107
f 128/153/108 124/154/109 129/155/111
f 124/156/109 131/157/112 130/158/113
f 126/147/107 131/159/112 124/149/109
f 127/160/110 132/161/114 126/162/107
f 126/162/107 132/161/114 131/163/112
f 124/156/109 130/158/113 129/164/111
f 135/165/115 130/166/113 133/167/116
f 130/166/113 131/168/112 133/167/116
f 133/169/116 131/159/112 134/170/117
f 132/171/114 134/172/117 131/173/112
f 134/174/117 132/175/114 125/176/106
f 125/176/106 132/175/114 127/177/110
f 130/178/113 135/179/115 129/180/111
f 129/180/111 135/179/115 128/181/108
f 135/182/115 133/183/116 134/184/117
f 135/182/115 134/184/117 125/185/106
f 135/182/115 125/185/106 128/186/108
f 163/217/143 164/218/144 168/219/145
f 168/219/145 164/218/144 162/220/146
f 163/221/143 165/222/147 164/223/144
f 166/224/148 168/225/145 167/226/149
f 168/225/145 162/227/146 167/226/149
f 162/228/146 169/229/150 171/230/151
f 164/218/144 169/231/150 162/220/146
f 165/232/147 170/233/152 164/234/144
f 164/234/144 170/233/152 169/235/150
f 162/228/146 171/230/151 167/236/149
f 174/237/153 171/238/151 172/239/154
f 171/238/151 169/240/150 172/239/154
f 170/241/152 173/242/155 169/243/150
f 169/243/150 173/242/155 172/244/154
f 173/245/155 170/246/152 163/247/143
f 163/247/143 170/246/152 165/248/147
f 171/249/151 174/250/153 167/251/149
f 167/251/149 174/250/153 166/252/148
f 174/253/153 172/254/154 163/255/143
f 163/255/143 172/254/154 173/256/155
f 174/253/153 163/255/143 166/257/148
f 163/255/143 168/258/145 166/257/148
f 202/1/184 203/292/185 201/2/12
f 201/2/12 203/292/185 204/293/186
f 204/293/186 205/294/187 201/2/12
f 206/6/12 207/7/12 205/294/187
f 205/294/187 207/7/12 201/2/12
f 205/7/187 204/2/186 213/8/188
f 213/8/188 204/2/186 208/1/189
f 203/8/185 208/295/189 204/1/186
f 203/296/185 209/7/190 208/11/189
f 203/7/185 202/2/184 209/8/190
f 209/8/190 202/2/184 210/1/191
f 201/2/15 211/1/15 202/7/15
f 202/7/15 211/1/15 210/8/15
f 201/1/192 207/8/192 211/2/192
f 211/2/192 207/8/192 212/7/192
f 213/297/188 208/298/189 211/1/2
f 211/1/2 208/298/189 209/299/190
f 209/299/190 210/2/191 211/1/2
f 211/1/2 212/8/2 213/297/188
f 213/297/188 212/8/2 214/15/2
f 206/7/193 205/2/187 214/8/194
f 214/8/194 205/2/187 213/1/188
f 206/8/10 214/7/10 207/1/10
f 207/1/10 214/7/10 212/2/10
f 522/1/10 523/8/10 521/2/10
f 521/2/10 523/8/10 524/7/10
f 525/1/10 526/8/10 528/2/10
f 528/2/10 526/8/10 527/7/10
f 529/324/2 530/325/2 527/7/2
f 527/7/2 530/325/2 528/8/2
f 529/383/11 533/1/11 531/384/11
f 531/384/11 533/1/11 524/8/11
f 531/384/11 524/8/11 523/385/11
f 527/386/11 526/7/11 529/383/11
f 529/383/11 526/7/11 532/2/11
f 529/383/11 532/2/11 533/1/11
f 534/2/12 532/1/12 525/7/12
f 525/7/12 532/1/12 526/8/12
f 531/7/10 535/2/10 529/8/10
f 529/8/10 535/2/10 530/325/10
f 523/8/12 522/7/12 531/325/12
f 531/325/12 522/7/12 535/2/12
f 533/2/2 536/1/2 524/7/2
f 524/7/2 536/1/2 521/8/2
f 532/7/15 534/2/15 533/8/15
f 533/8/15 534/2/15 536/1/15
f 535/387/192 534/1/192 530/388/192
f 530/388/192 534/1/192 525/8/192
f 530/388/192 525/8/192 528/389/192
f 522/390/192 521/7/192 535/387/192
f 535/387/192 521/7/192 536/2/192
f 535/387/192 536/2/192 534/1/192
f 547/391/316 545/392/317 548/393/318
f 549/394/319 547/7/320 550/395/321
f 550/395/321 547/7/320 548/393/322
f 546/396/323 549/393/319 550/391/324
f 547/397/320 549/398/319 551/2/325
f 551/2/325 549/398/319 546/399/323
f 552/2/326 550/400/327 548/398/318
f 552/2/326 548/398/318 545/399/317
f 545/392/317 547/2/316 552/1/328
f 547/8/329 551/7/330 552/1/326
f 552/1/326 551/7/330 550/2/327
f 551/1/331 546/401/323 550/2/324
f 1149/7/12 1150/2/12 1148/8/12
f 1148/8/12 1150/2/12 1151/1/12
f 1148/7/11 1151/2/11 1153/8/11
f 1153/8/11 1151/2/11 1152/1/11
f 1150/2/15 1154/1/15 1151/7/15
f 1151/7/15 1154/1/15 1152/8/15
f 1148/8/10 1153/7/10 1149/1/10
f 1149/1/10 1153/7/10 1155/2/10
f 1153/7/2 1152/2/2 1155/8/2
f 1155/8/2 1152/2/2 1154/1/2
f 1150/1/192 1149/8/192 1154/2/192
f 1154/2/192 1149/8/192 1155/7/192
f 1156/1/2 1157/8/2 1159/2/2
f 1159/2/2 1157/8/2 1158/7/2
f 1159/1/11 1158/8/11 1161/2/11
f 1161/2/11 1158/8/11 1160/7/11
f 1157/2/10 1162/1/10 1158/7/10
f 1158/7/10 1162/1/10 1160/8/10
f 1159/8/15 1161/7/15 1156/1/15
f 1156/1/15 1161/7/15 1163/2/15
f 1161/1/12 1160/8/12 1163/2/12
f 1163/2/12 1160/8/12 1162/7/12
f 1157/7/192 1156/2/192 1162/8/192
f 1162/8/192 1156/2/192 1163/1/192
usemtl wall4.007
f 16/1/16 17/16/17 15/2/18
f 15/2/18 17/16/17 18/17/19
f 18/17/19 19/18/20 15/2/18
f 20/6/18 21/7/18 19/18/20
f 19/18/20 21/7/18 15/2/18
f 19/7/20 18/2/19 27/19/21
f 17/8/17 27/20/21 18/1/19
f 17/21/17 22/7/22 27/11/21
f 17/7/17 16/2/16 22/8/22
f 22/8/22 16/2/16 23/1/23
f 15/2/15 24/1/15 16/7/15
f 16/7/15 24/1/15 23/8/15
f 15/1/24 21/8/24 24/2/24
f 24/2/24 21/8/24 25/7/24
f 24/1/25 26/22/26 27/23/21
f 24/1/25 27/23/21 22/24/22
f 22/24/22 23/2/23 24/1/25
f 24/1/25 25/8/25 26/22/26
f 26/22/26 25/8/25 28/15/25
f 19/25/20 27/7/21 26/26/26
f 20/7/27 19/2/20 28/8/28
f 28/8/28 19/2/20 26/1/26
f 20/8/10 28/7/10 21/1/10
f 21/1/10 28/7/10 25/2/10
usemtl wall_2.013
f 33/8/29 34/27/30 31/1/31
f 31/1/31 34/27/30 32/2/32
f 33/28/29 35/29/33 34/2/30
f 36/30/34 37/31/35 33/2/29
f 33/2/29 37/31/35 35/7/33
f 38/8/36 39/32/37 36/1/34
f 36/1/34 39/32/37 37/2/35
f 41/8/38 42/33/39 40/1/40
f 40/1/40 42/33/39 43/2/41
f 29/8/42 30/34/43 41/1/38
f 41/1/38 30/34/43 42/2/39
f 34/8/30 46/7/44 32/1/32
f 32/1/32 46/7/44 45/2/45
f 35/8/33 46/35/44 34/1/30
f 37/36/35 47/37/46 35/7/33
f 35/7/33 47/37/46 46/38/44
f 39/8/37 48/7/47 37/1/35
f 37/1/35 48/7/47 47/2/46
f 42/8/39 50/7/48 43/1/49
f 43/1/49 50/7/48 49/2/50
f 30/8/43 44/7/51 42/1/39
f 42/1/39 44/7/51 50/2/48
f 51/39/52 44/40/51 52/41/53
f 45/42/45 52/43/53 44/8/51
f 45/42/45 44/8/51 30/7/43
f 45/42/45 30/7/43 32/44/32
f 32/44/32 30/7/43 29/2/42
f 32/44/32 29/2/42 31/45/31
f 46/46/44 52/41/53 45/1/45
f 52/47/53 46/48/44 53/2/54
f 46/49/44 47/50/46 53/51/54
f 48/52/47 54/7/55 47/1/46
f 47/1/46 54/7/55 53/53/54
f 54/1/55 48/54/47 38/2/36
f 38/2/36 48/54/47 39/55/37
f 49/7/15 55/2/15 43/8/15
f 43/8/15 55/2/15 40/1/15
f 50/56/48 51/7/52 49/1/56
f 49/1/56 51/7/52 55/2/57
f 44/57/51 51/58/52 50/1/48
f 51/59/52 52/60/53 29/61/42
f 51/59/52 29/61/42 41/62/38
f 29/61/42 52/60/53 31/63/31
f 31/63/31 52/60/53 33/64/29
f 33/64/29 52/60/53 53/65/54
f 53/65/54 36/66/34 33/64/29
f 36/66/34 53/65/54 38/67/36
f 38/67/36 53/65/54 54/68/55
f 41/62/38 40/2/40 55/1/57
f 41/62/38 55/1/57 51/59/52
f 343/8/10 344/7/10 346/1/10
f 346/1/10 344/7/10 345/2/10
f 347/8/10 348/7/10 350/1/10
f 350/1/10 348/7/10 349/2/10
f 347/8/203 350/7/203 351/1/203
f 351/1/203 350/7/203 352/2/203
f 353/2/204 354/1/204 348/7/204
f 348/7/204 354/1/204 349/8/204
f 355/7/10 356/2/10 353/8/10
f 353/8/10 356/2/10 354/1/10
f 343/8/203 346/7/203 355/1/203
f 355/1/203 346/7/203 356/2/203
f 357/2/204 358/1/204 344/7/204
f 344/7/204 358/1/204 345/8/204
f 351/7/15 352/2/15 357/8/15
f 357/8/15 352/2/15 358/1/15
f 345/7/205 358/2/205 356/337/205
f 356/337/205 358/2/205 352/1/205
f 356/337/205 352/1/205 354/338/205
f 354/338/205 352/1/205 350/8/205
f 354/338/205 350/8/205 349/339/205
f 356/337/205 346/340/205 345/7/205
f 348/341/206 347/7/206 353/342/206
f 353/342/206 347/7/206 351/2/206
f 353/342/206 351/2/206 357/1/206
f 353/342/206 357/1/206 355/343/206
f 355/343/206 357/1/206 344/8/206
f 355/343/206 344/8/206 343/344/206
usemtl wall4.008
f 57/1/58 58/69/59 56/2/18
f 56/2/18 58/69/59 59/70/60
f 59/70/60 60/71/61 56/2/18
f 61/6/18 62/7/18 60/71/61
f 60/71/61 62/7/18 56/2/18
f 60/7/61 59/2/60 68/72/62
f 58/8/59 68/73/62 59/1/60
f 58/74/59 63/7/63 68/11/62
f 58/7/59 57/2/58 63/8/63
f 63/8/63 57/2/58 64/1/64
f 56/2/10 65/1/10 57/7/10
f 57/7/10 65/1/10 64/8/10
f 56/1/65 62/8/65 65/2/65
f 65/2/65 62/8/65 66/7/65
f 65/1/25 67/75/66 68/76/62
f 65/1/25 68/76/62 63/77/63
f 63/77/63 64/2/64 65/1/25
f 65/1/25 66/8/25 67/75/66
f 67/75/66 66/8/25 69/15/25
f 60/78/61 68/7/62 67/26/66
f 61/7/67 60/2/61 69/8/68
f 69/8/68 60/2/61 67/1/66
f 61/8/15 69/7/15 62/1/15
f 62/1/15 69/7/15 66/2/15
usemtl wall_2.012
f 74/8/69 75/79/30 72/1/70
f 72/1/70 75/79/30 73/2/71
f 74/80/69 76/81/72 75/2/30
f 77/30/34 78/31/35 74/2/69
f 74/2/69 78/31/35 76/7/72
f 79/8/36 80/82/37 77/1/34
f 77/1/34 80/82/37 78/2/35
f 82/8/38 83/83/39 81/1/73
f 81/1/73 83/83/39 84/2/41
f 70/8/74 71/84/43 82/1/38
f 82/1/38 71/84/43 83/2/39
f 75/8/30 87/7/75 73/1/71
f 73/1/71 87/7/75 86/2/45
f 76/8/72 87/85/75 75/1/30
f 78/36/35 88/37/46 76/7/72
f 76/7/72 88/37/46 87/86/75
f 80/8/37 89/7/47 78/1/35
f 78/1/35 89/7/47 88/2/46
f 83/8/39 91/7/48 84/1/49
f 84/1/49 91/7/48 90/2/50
f 71/8/43 85/7/51 83/1/39
f 83/1/39 85/7/51 91/2/48
f 92/39/52 85/87/51 93/88/76
f 86/42/45 93/89/76 85/8/51
f 86/42/45 85/8/51 71/7/43
f 86/42/45 71/7/43 73/44/71
f 73/44/71 71/7/43 70/2/74
f 73/44/71 70/2/74 72/45/70
f 87/90/75 93/88/76 86/1/45
f 93/47/76 87/91/75 94/2/54
f 87/49/75 88/50/46 94/92/54
f 89/93/47 95/7/55 88/1/46
f 88/1/46 95/7/55 94/94/54
f 95/1/55 89/95/47 79/2/36
f 79/2/36 89/95/47 80/55/37
f 90/7/15 96/2/15 84/8/15
f 84/8/15 96/2/15 81/1/15
f 91/96/48 92/7/52 90/1/56
f 90/1/56 92/7/52 96/2/57
f 85/97/51 92/98/52 91/1/48
f 92/99/52 93/100/76 70/101/74
f 92/99/52 70/101/74 82/102/38
f 70/101/74 93/100/76 72/103/70
f 72/103/70 93/100/76 74/104/69
f 74/104/69 93/100/76 94/105/54
f 94/105/54 77/106/34 74/104/69
f 77/106/34 94/105/54 79/107/36
f 79/107/36 94/105/54 95/108/55
f 82/102/38 81/2/73 96/1/57
f 82/102/38 96/1/57 92/99/52
f 311/8/10 312/7/10 314/1/10
f 314/1/10 312/7/10 313/2/10
f 315/8/10 316/7/10 318/1/10
f 318/1/10 316/7/10 317/2/10
f 315/8/203 318/7/203 319/1/203
f 319/1/203 318/7/203 320/2/203
f 321/2/204 322/1/204 316/7/204
f 316/7/204 322/1/204 317/8/204
f 323/7/10 324/2/10 321/8/10
f 321/8/10 324/2/10 322/1/10
f 311/8/203 314/7/203 323/1/203
f 323/1/203 314/7/203 324/2/203
f 325/2/204 326/1/204 312/7/204
f 312/7/204 326/1/204 313/8/204
f 319/7/15 320/2/15 325/8/15
f 325/8/15 320/2/15 326/1/15
f 313/7/205 326/2/205 324/337/205
f 324/337/205 326/2/205 320/1/205
f 324/337/205 320/1/205 322/338/205
f 322/338/205 320/1/205 318/8/205
f 322/338/205 318/8/205 317/339/205
f 324/337/205 314/340/205 313/7/205
f 316/341/206 315/7/206 321/342/206
f 321/342/206 315/7/206 319/2/206
f 321/342/206 319/2/206 325/1/206
f 321/342/206 325/1/206 323/343/206
f 323/343/206 325/1/206 312/8/206
f 323/343/206 312/8/206 311/344/206
usemtl wall_2.015
f 99/109/77 98/110/78 97/2/79
f 101/8/80 102/111/81 99/1/77
f 99/1/77 102/111/81 100/2/82
f 101/112/80 103/113/83 102/2/81
f 104/30/84 105/31/85 101/2/80
f 101/2/80 105/31/85 103/7/83
f 106/8/86 107/114/87 104/1/84
f 104/1/84 107/114/87 105/2/85
f 109/8/88 110/115/89 108/1/90
f 108/1/90 110/115/89 111/2/91
f 97/8/79 98/116/78 109/1/88
f 109/1/88 98/116/78 110/2/89
f 102/8/81 114/7/92 100/1/82
f 100/1/82 114/7/92 113/2/93
f 103/8/83 114/117/92 102/1/81
f 105/36/85 115/118/94 103/7/83
f 103/7/83 115/118/94 114/119/92
f 107/8/87 116/7/95 105/1/85
f 105/1/85 116/7/95 115/2/94
f 110/8/89 118/7/96 111/1/97
f 111/1/97 118/7/96 117/2/98
f 98/8/78 112/7/99 110/1/89
f 110/1/89 112/7/99 118/2/96
f 119/39/100 112/120/99 120/2/101
f 113/42/93 120/121/101 112/8/99
f 113/42/93 112/8/99 98/7/78
f 113/42/93 98/7/78 100/44/82
f 100/44/82 98/7/78 99/122/77
f 114/123/92 121/7/102 113/1/93
f 113/1/93 121/7/102 120/2/101
f 114/49/92 115/50/94 121/124/102
f 121/125/102 115/126/94 122/127/103
f 116/128/95 122/127/103 115/1/94
f 122/1/103 116/129/95 106/2/86
f 106/2/86 116/129/95 107/130/87
f 117/7/15 123/2/15 111/8/15
f 111/8/15 123/2/15 108/1/15
f 118/131/96 119/7/100 117/1/104
f 117/1/104 119/7/100 123/2/105
f 112/132/99 119/133/100 118/1/96
f 119/134/100 120/135/101 97/136/79
f 119/134/100 97/136/79 109/137/88
f 97/136/79 120/135/101 99/138/77
f 99/138/77 120/135/101 101/139/80
f 101/139/80 120/135/101 121/140/102
f 101/139/80 121/140/102 122/141/103
f 122/141/103 104/142/84 101/139/80
f 104/142/84 122/141/103 106/143/86
f 109/137/88 108/144/90 123/145/105
f 109/137/88 123/145/105 119/134/100
f 138/187/118 140/188/119 139/2/120
f 141/8/121 142/189/122 138/1/118
f 138/1/118 142/189/122 140/2/119
f 141/190/121 143/31/123 142/7/122
f 144/8/124 145/191/125 141/1/121
f 141/1/121 145/191/125 143/2/123
f 147/8/126 148/192/127 146/1/128
f 146/1/128 148/192/127 149/2/91
f 136/8/129 137/193/130 147/1/126
f 147/1/126 137/193/130 148/2/127
f 140/8/119 152/7/131 139/1/120
f 139/1/120 152/7/131 151/2/132
f 142/8/122 152/194/131 140/1/119
f 143/36/123 153/37/133 142/7/122
f 142/7/122 153/37/133 152/195/131
f 145/8/125 154/7/134 143/1/123
f 143/1/123 154/7/134 153/2/133
f 148/8/127 156/7/135 149/1/97
f 149/1/97 156/7/135 155/2/98
f 137/8/130 150/7/136 148/1/127
f 148/1/127 150/7/136 156/2/135
f 157/39/137 150/196/136 158/197/138
f 151/42/132 158/198/138 150/8/136
f 151/42/132 150/8/136 137/7/130
f 151/42/132 137/7/130 139/44/120
f 139/44/120 137/7/130 136/2/129
f 139/44/120 136/2/129 138/45/118
f 152/199/131 158/197/138 151/1/132
f 158/47/138 152/200/131 159/2/139
f 152/49/131 153/50/133 159/201/139
f 154/202/134 160/7/140 153/1/133
f 153/1/133 160/7/140 159/203/139
f 160/1/140 154/204/134 144/2/124
f 144/2/124 154/204/134 145/130/125
f 155/7/15 161/2/15 149/8/15
f 149/8/15 161/2/15 146/1/15
f 156/205/135 157/7/137 155/1/141
f 155/1/141 157/7/137 161/2/142
f 150/206/136 157/207/137 156/1/135
f 157/208/137 158/209/138 136/210/129
f 157/208/137 136/210/129 147/211/126
f 136/210/129 158/209/138 138/212/118
f 138/212/118 158/209/138 159/213/139
f 159/213/139 141/214/121 138/212/118
f 141/214/121 159/213/139 144/215/124
f 144/215/124 159/213/139 160/216/140
f 147/211/126 146/144/128 161/145/142
f 147/211/126 161/145/142 157/208/137
f 177/2/156 175/39/157 176/259/158
f 177/2/156 178/1/159 180/7/160
f 180/7/160 178/1/159 179/260/161
f 181/50/162 180/261/160 179/49/161
f 182/262/163 180/125/160 181/263/162
f 182/262/163 181/1/162 183/264/164
f 184/2/165 185/1/166 175/7/157
f 175/7/157 185/1/166 186/265/167
f 175/266/157 186/1/167 176/267/158
f 179/268/161 188/1/168 187/8/169
f 178/2/159 190/1/170 179/7/161
f 179/7/161 190/1/170 188/8/168
f 177/269/156 176/8/158 178/270/159
f 178/270/159 176/8/158 191/7/171
f 178/270/159 191/7/171 190/271/170
f 190/271/170 191/7/171 192/2/172
f 190/271/170 192/2/172 189/272/173
f 189/273/173 188/274/168 190/2/170
f 193/8/174 187/275/169 189/1/173
f 189/1/173 187/275/169 188/2/168
f 193/276/174 194/31/175 187/7/169
f 195/8/176 196/277/177 193/1/174
f 193/1/174 196/277/177 194/2/175
f 198/8/178 199/278/179 197/1/180
f 197/1/180 199/278/179 200/2/181
f 192/8/172 191/279/171 198/1/178
f 198/1/178 191/279/171 199/2/179
f 179/8/161 187/7/169 181/280/162
f 181/280/162 187/7/169 194/281/175
f 181/2/162 194/1/175 183/7/164
f 183/7/164 194/1/175 196/8/177
f 185/2/182 200/1/183 186/7/167
f 186/7/167 200/1/183 199/8/179
f 186/2/167 199/1/179 176/7/158
f 176/7/158 199/1/179 191/8/171
f 196/130/177 195/2/176 183/282/164
f 183/282/164 195/2/176 182/1/163
f 197/1/15 200/8/15 184/2/15
f 184/2/15 200/8/15 185/7/15
f 182/283/163 195/284/176 193/285/174
f 182/283/163 193/285/174 180/286/160
f 193/285/174 189/287/173 180/286/160
f 189/287/173 177/288/156 180/286/160
f 189/287/173 192/289/172 198/290/178
f 189/287/173 198/290/178 175/291/157
f 198/290/178 197/2/180 184/1/165
f 198/290/178 184/1/165 175/291/157
f 189/287/173 175/291/157 177/288/156
f 392/8/12 393/7/12 391/1/12
f 391/1/12 393/7/12 394/2/12
f 395/7/10 396/2/10 392/8/10
f 392/8/10 396/2/10 393/1/10
f 397/2/2 398/1/2 395/7/2
f 395/7/2 398/1/2 396/8/2
f 399/7/10 400/2/10 397/8/10
f 397/8/10 400/2/10 398/1/10
f 401/8/12 402/7/12 399/1/12
f 399/1/12 402/7/12 400/2/12
f 403/7/10 404/2/10 401/8/10
f 401/8/10 404/2/10 402/1/10
f 405/2/2 406/1/2 403/7/2
f 403/7/2 406/1/2 404/8/2
f 391/7/15 394/2/15 405/8/15
f 405/8/15 394/2/15 406/1/15
f 404/7/192 406/2/192 400/345/192
f 400/345/192 406/2/192 394/1/192
f 400/345/192 394/1/192 398/346/192
f 398/346/192 394/1/192 393/8/192
f 398/346/192 393/8/192 396/339/192
f 400/345/192 402/340/192 404/7/192
f 395/341/11 392/7/11 397/347/11
f 397/347/11 392/7/11 391/2/11
f 397/347/11 391/2/11 405/1/11
f 397/347/11 405/1/11 399/348/11
f 399/348/11 405/1/11 403/8/11
f 399/348/11 403/8/11 401/344/11
f 422/8/12 423/7/12 421/1/12
f 421/1/12 423/7/12 424/2/12
f 425/7/10 426/2/10 422/8/10
f 422/8/10 426/2/10 423/1/10
f 427/2/2 428/1/2 425/7/2
f 425/7/2 428/1/2 426/8/2
f 429/7/10 430/2/10 427/8/10
f 427/8/10 430/2/10 428/1/10
f 431/8/12 432/7/12 429/1/12
f 429/1/12 432/7/12 430/2/12
f 433/7/10 434/2/10 431/8/10
f 431/8/10 434/2/10 432/1/10
f 435/2/2 436/1/2 433/7/2
f 433/7/2 436/1/2 434/8/2
f 421/7/15 424/2/15 435/8/15
f 435/8/15 424/2/15 436/1/15
f 434/7/192 436/2/192 430/345/192
f 430/345/192 436/2/192 424/1/192
f 430/345/192 424/1/192 428/346/192
f 428/346/192 424/1/192 423/8/192
f 428/346/192 423/8/192 426/339/192
f 430/345/192 432/340/192 434/7/192
f 425/341/11 422/7/11 427/347/11
f 427/347/11 422/7/11 421/2/11
f 427/347/11 421/2/11 435/1/11
f 427/347/11 435/1/11 429/348/11
f 429/348/11 435/1/11 433/8/11
f 429/348/11 433/8/11 431/344/11
f 437/8/224 438/7/225 440/1/226
f 440/1/226 438/7/225 439/2/227
f 441/1/228 437/8/229 442/2/230
f 442/2/230 437/8/229 440/7/231
f 443/8/232 441/7/233 444/1/234
f 444/1/234 441/7/233 442/2/235
f 438/7/236 443/2/237 439/8/238
f 439/8/238 443/2/237 444/1/239
f 438/8/240 445/7/241 446/1/242
f 446/1/242 445/7/241 440/2/243
f 445/7/241 441/2/244 440/8/245
f 440/8/245 441/2/244 447/1/246
f 441/8/247 448/7/248 447/1/246
f 447/1/246 448/7/248 444/2/249
f 448/1/250 438/8/251 444/2/252
f 444/2/252 438/8/251 446/7/253
f 437/357/11 445/8/241 438/358/240
f 437/357/11 441/359/244 445/8/241
f 441/359/233 443/360/232 448/2/250
f 448/2/250 443/360/232 438/358/251
f 440/361/245 447/2/246 442/362/192
f 442/362/192 447/2/246 444/363/249
f 440/361/226 439/364/227 446/8/253
f 446/8/253 439/364/227 444/363/252
f 457/2/254 458/1/255 460/7/256
f 460/7/256 458/1/255 459/8/257
f 458/7/258 461/2/259 459/8/260
f 459/8/260 461/2/259 462/1/261
f 461/2/262 463/1/263 462/7/264
f 462/7/264 463/1/263 464/8/265
f 463/1/266 457/8/267 464/2/268
f 464/2/268 457/8/267 460/7/269
f 465/2/270 457/1/271 459/7/272
f 459/7/272 457/1/271 466/8/273
f 461/1/274 465/8/275 467/2/276
f 467/2/276 465/8/275 459/7/277
f 463/2/263 461/1/262 468/7/278
f 468/7/278 461/1/262 467/8/279
f 457/7/267 463/2/266 466/8/280
f 466/8/280 463/2/266 468/1/281
f 457/365/271 465/7/270 458/366/258
f 458/366/258 465/7/270 461/367/259
f 460/368/256 459/369/257 466/7/11
f 460/368/256 466/7/11 468/2/11
f 459/369/260 462/370/261 467/1/11
f 467/1/11 462/370/261 464/360/11
f 467/1/11 464/360/11 468/2/11
f 468/2/11 464/360/11 460/368/256
f 469/8/224 470/7/225 472/1/226
f 472/1/226 470/7/225 471/2/282
f 473/1/281 469/8/283 474/2/284
f 474/2/284 469/8/283 472/7/285
f 475/8/286 473/7/287 476/1/288
f 476/1/288 473/7/287 474/2/289
f 470/7/290 475/2/291 471/8/292
f 471/8/292 475/2/291 476/1/293
f 470/8/240 477/7/294 478/1/242
f 478/1/242 477/7/294 472/2/243
f 477/7/269 479/2/295 472/8/285
f 472/8/285 479/2/295 474/1/284
f 479/8/296 475/7/297 474/1/298
f 474/1/298 475/7/297 480/2/299
f 475/1/291 470/8/290 480/2/300
f 480/2/300 470/8/290 478/7/301
f 469/357/11 477/8/294 470/371/240
f 469/357/11 473/370/11 477/8/294
f 477/8/294 473/370/11 479/1/296
f 479/1/296 473/370/11 475/372/297
f 476/373/288 474/374/289 480/1/192
f 476/373/288 480/1/192 478/8/192
f 472/375/226 471/364/282 478/8/192
f 478/8/192 471/364/282 476/373/288
f 481/2/254 482/1/255 484/7/256
f 484/7/256 482/1/255 483/8/257
f 482/7/301 485/2/300 483/8/302
f 483/8/302 485/2/300 486/1/303
f 485/2/235 487/1/234 486/7/233
f 486/7/233 487/1/234 488/8/304
f 487/1/305 481/8/306 488/2/268
f 488/2/268 481/8/306 484/7/269
f 489/2/307 481/1/271 483/7/272
f 483/7/272 481/1/271 490/8/273
f 491/1/293 489/8/308 486/2/303
f 486/2/303 489/8/308 483/7/302
f 487/2/249 491/1/309 492/7/248
f 492/7/248 491/1/309 486/8/247
f 481/7/306 487/2/305 490/8/283
f 490/8/283 487/2/305 492/1/281
f 481/376/271 489/7/307 482/366/192
f 482/366/192 489/7/307 491/2/309
f 482/366/192 491/2/309 485/362/192
f 485/362/192 491/2/309 487/377/249
f 484/368/256 483/378/257 490/7/11
f 484/368/256 490/7/11 492/2/11
f 486/379/233 488/360/304 492/2/11
f 492/2/11 488/360/304 484/368/256
f 509/2/310 510/1/226 512/7/225
f 512/7/225 510/1/226 511/8/224
f 510/7/285 513/2/311 511/8/283
f 511/8/283 513/2/311 514/1/281
f 513/2/312 515/1/313 514/7/264
f 514/7/264 515/1/313 516/8/265
f 515/1/239 509/8/238 516/2/237
f 516/2/237 509/8/238 512/7/236
f 510/2/243 517/1/242 518/7/294
f 518/7/294 517/1/242 512/8/240
f 513/1/311 510/8/285 519/2/295
f 519/2/295 510/8/285 518/7/269
f 515/2/313 513/1/312 520/7/278
f 520/7/278 513/1/312 519/8/279
f 517/7/314 515/2/252 512/8/251
f 512/8/251 515/2/252 520/1/315
f 510/380/226 509/364/310 517/8/314
f 517/8/314 509/364/310 515/381/252
f 511/357/11 518/8/294 512/382/240
f 511/357/11 514/370/11 518/8/294
f 518/8/294 514/370/11 519/1/11
f 519/1/11 514/370/11 516/360/11
f 519/1/11 516/360/11 520/2/315
f 520/2/315 516/360/11 512/382/251
f 1116/1458/195 1113/1459/397 1114/1460/421
f 1116/1458/195 1114/1460/421 1115/1461/420
f 1113/1462/397 1112/1463/419 1114/1464/421
f 1114/1464/421 1112/1463/419 1117/1465/400
f 1112/1466/419 1113/1467/397 1118/314/201
f 1118/314/201 1113/1467/397 1116/315/195
f 1112/1468/419 1118/1469/201 1119/1470/395
f 1112/1468/419 1119/1470/395 1117/1471/400
f 1114/1472/421 1117/1473/400 1115/318/420
f 1115/318/420 1117/1473/400 1119/319/395
f 1115/1474/192 1119/1475/192 1116/1476/192
f 1116/1476/192 1119/1475/192 1118/1477/192
usemtl 02_-_Default.009
f 219/300/195 215/301/196 217/302/197
f 219/300/195 217/302/197 218/303/198
f 215/304/196 216/305/199 217/306/197
f 217/306/197 216/305/199 220/307/200
f 216/308/199 221/309/201 222/310/202
f 216/308/199 222/310/202 220/311/200
f 216/312/199 215/313/196 221/314/201
f 221/314/201 215/313/196 219/315/195
f 217/316/197 220/317/200 218/318/198
f 218/318/198 220/317/200 222/319/202
f 218/320/192 222/321/192 219/322/192
f 219/322/192 222/321/192 221/323/192
f 561/402/2 562/403/2 564/404/2
f 564/404/2 562/403/2 563/405/2
f 564/406/10 565/407/332 561/408/333
f 563/409/334 567/410/335 564/411/336
f 564/411/336 567/410/335 568/412/337
f 564/411/336 568/412/337 565/413/332
f 565/413/332 568/412/337 569/414/338
f 565/413/332 569/414/338 566/415/339
f 566/415/339 569/414/338 563/409/334
f 563/409/334 569/414/338 570/416/340
f 563/409/334 570/416/340 567/410/335
f 567/417/335 571/418/341 568/419/15
f 572/420/10 570/421/340 569/422/338
f 571/423/2 572/424/2 568/425/2
f 568/425/2 572/424/2 569/426/2
f 562/427/15 566/428/339 563/429/334
f 561/430/333 570/431/340 562/432/342
f 562/432/342 570/431/340 572/433/343
f 562/432/342 572/433/343 566/434/339
f 566/434/339 572/433/343 571/435/341
f 566/434/339 571/435/341 565/436/332
f 565/436/332 571/435/341 561/430/333
f 561/430/333 571/435/341 567/437/335
f 561/430/333 567/437/335 570/431/340
f 573/438/344 575/439/344 574/440/344
f 574/440/344 575/439/344 573/441/344
f 576/442/344 578/443/344 577/444/344
f 578/445/344 576/446/344 577/447/344
f 579/448/12 581/449/12 580/450/12
f 581/451/12 579/452/12 580/453/12
f 585/456/2 586/457/2 588/404/2
f 588/404/2 586/457/2 587/405/2
f 589/458/15 585/459/15 590/460/15
f 590/460/15 585/459/15 588/461/15
f 591/462/12 589/463/12 592/464/12
f 592/464/12 589/463/12 590/465/12
f 586/466/10 591/467/10 587/468/10
f 587/468/10 591/467/10 592/469/10
f 593/470/12 594/471/12 596/472/12
f 596/472/12 594/471/12 595/473/12
f 594/474/10 597/475/10 595/476/10
f 595/476/10 597/475/10 598/477/10
f 597/478/2 599/479/2 598/480/2
f 598/480/2 599/479/2 600/481/2
f 599/482/15 593/483/15 600/484/15
f 600/484/15 593/483/15 596/485/15
f 587/486/192 595/487/192 588/488/192
f 588/488/192 595/487/192 598/489/192
f 588/488/192 598/489/192 590/490/192
f 590/490/192 598/489/192 600/491/192
f 590/490/192 600/491/192 592/492/192
f 592/492/192 600/491/192 587/486/192
f 587/486/192 600/491/192 596/493/192
f 587/486/192 596/493/192 595/487/192
f 585/494/11 593/495/11 586/496/11
f 586/496/11 593/495/11 599/497/11
f 586/496/11 599/497/11 591/498/11
f 591/498/11 599/497/11 597/499/11
f 591/498/11 597/499/11 589/500/11
f 589/500/11 597/499/11 585/494/11
f 585/494/11 597/499/11 594/501/11
f 585/494/11 594/501/11 593/495/11
f 601/502/344 602/503/344 603/504/344
f 601/505/344 603/506/344 602/507/344
f 604/508/344 605/509/344 606/510/344
f 604/511/344 606/512/344 605/513/344
f 607/514/344 608/515/344 609/516/344
f 607/517/344 609/518/344 608/519/344
f 613/520/12 614/521/12 616/464/12
f 616/464/12 614/521/12 615/465/12
f 614/522/10 617/523/345 615/524/346
f 613/525/347 619/526/348 614/527/349
f 614/527/349 619/526/348 620/528/350
f 614/527/349 620/528/350 617/500/345
f 617/500/345 620/528/350 621/529/351
f 617/500/345 621/529/351 618/498/352
f 618/498/352 621/529/351 613/525/347
f 613/525/347 621/529/351 622/530/353
f 613/525/347 622/530/353 619/526/348
f 620/531/15 619/532/348 623/533/354
f 622/534/353 621/535/351 624/536/10
f 621/537/12 620/538/12 624/539/12
f 624/539/12 620/538/12 623/540/12
f 616/541/15 618/542/352 613/543/347
f 615/544/346 622/545/353 616/546/355
f 616/546/355 622/545/353 624/547/356
f 616/546/355 624/547/356 618/492/352
f 618/492/352 624/547/356 623/548/354
f 618/492/352 623/548/354 617/490/345
f 617/490/345 623/548/354 615/544/346
f 615/544/346 623/548/354 619/549/348
f 615/544/346 619/549/348 622/545/353
f 625/502/344 626/503/344 627/504/344
f 625/505/344 627/506/344 626/507/344
f 628/508/344 629/509/344 630/510/344
f 628/511/344 630/512/344 629/513/344
f 631/514/344 632/515/344 633/516/344
f 631/517/344 633/518/344 632/519/344
f 634/550/2 635/551/2 637/552/2
f 637/552/2 635/551/2 636/553/2
f 637/554/10 638/555/332 634/556/333
f 636/557/357 640/558/358 637/559/336
f 637/559/336 640/558/358 641/560/337
f 637/559/336 641/560/337 638/561/332
f 638/561/332 641/560/337 642/562/359
f 638/561/332 642/562/359 639/563/339
f 639/563/339 642/562/359 636/557/357
f 636/557/357 642/562/359 643/564/360
f 636/557/357 643/564/360 640/558/358
f 640/565/358 644/566/341 641/567/15
f 645/568/10 643/569/360 642/570/359
f 644/571/2 645/572/2 641/573/2
f 641/573/2 645/572/2 642/574/2
f 635/575/15 639/576/339 636/577/357
f 634/578/333 643/579/360 635/580/342
f 635/580/342 643/579/360 645/581/343
f 635/580/342 645/581/343 639/582/339
f 639/582/339 645/581/343 644/583/341
f 639/582/339 644/583/341 638/584/332
f 638/584/332 644/583/341 634/578/333
f 634/578/333 644/583/341 640/585/358
f 634/578/333 640/585/358 643/579/360
f 646/586/10 648/587/10 647/588/10
f 648/589/10 646/590/10 647/591/10
f 649/592/15 651/593/15 650/594/15
f 651/595/15 649/596/15 650/597/15
f 652/598/10 654/599/10 653/600/10
f 654/601/10 652/602/10 653/603/10
f 658/604/2 659/605/2 661/552/2
f 661/552/2 659/605/2 660/553/2
f 662/606/15 658/607/15 663/608/15
f 663/608/15 658/607/15 661/609/15
f 664/610/12 662/611/12 665/612/12
f 665/612/12 662/611/12 663/613/12
f 659/614/10 664/615/10 660/616/10
f 660/616/10 664/615/10 665/617/10
f 666/618/12 667/619/12 669/620/12
f 669/620/12 667/619/12 668/621/12
f 667/622/10 670/623/10 668/624/10
f 668/624/10 670/623/10 671/625/10
f 670/626/2 672/627/2 671/628/2
f 671/628/2 672/627/2 673/629/2
f 672/630/15 666/631/15 673/632/15
f 673/632/15 666/631/15 669/633/15
f 660/634/192 668/635/192 661/636/192
f 661/636/192 668/635/192 671/637/192
f 661/636/192 671/637/192 663/638/192
f 663/638/192 671/637/192 673/639/192
f 663/638/192 673/639/192 665/640/192
f 665/640/192 673/639/192 660/634/192
f 660/634/192 673/639/192 669/641/192
f 660/634/192 669/641/192 668/635/192
f 658/642/11 666/643/11 659/644/11
f 659/644/11 666/643/11 672/645/11
f 659/644/11 672/645/11 664/646/11
f 664/646/11 672/645/11 670/647/11
f 664/646/11 670/647/11 662/648/11
f 662/648/11 670/647/11 658/642/11
f 658/642/11 670/647/11 667/649/11
f 658/642/11 667/649/11 666/643/11
f 674/650/344 676/651/344 675/652/344
f 674/653/344 675/654/344 676/655/344
f 677/656/344 679/657/344 678/658/344
f 678/658/344 679/657/344 677/659/344
f 680/660/344 681/661/344 682/662/344
f 680/663/344 682/664/344 681/665/344
f 686/666/12 687/667/12 689/612/12
f 689/612/12 687/667/12 688/613/12
f 687/668/10 690/669/345 688/670/346
f 686/671/347 692/672/361 687/673/349
f 687/673/349 692/672/361 693/674/350
f 687/673/349 693/674/350 690/648/345
f 690/648/345 693/674/350 694/675/362
f 690/648/345 694/675/362 691/646/352
f 691/646/352 694/675/362 686/671/347
f 686/671/347 694/675/362 695/676/363
f 686/671/347 695/676/363 692/672/361
f 693/677/15 692/678/361 696/679/364
f 695/680/363 694/681/362 697/682/10
f 694/683/12 693/684/12 697/685/12
f 697/685/12 693/684/12 696/686/12
f 689/687/15 691/688/352 686/689/347
f 688/690/346 695/691/363 689/692/355
f 689/692/355 695/691/363 697/693/356
f 689/692/355 697/693/356 691/640/352
f 691/640/352 697/693/356 696/694/364
f 691/640/352 696/694/364 690/638/345
f 690/638/345 696/694/364 688/690/346
f 688/690/346 696/694/364 692/695/361
f 688/690/346 692/695/361 695/691/363
f 698/650/344 700/651/344 699/652/344
f 698/653/344 699/654/344 700/655/344
f 701/656/344 703/696/344 702/658/344
f 702/697/344 703/698/344 701/699/344
f 704/660/344 705/661/344 706/662/344
f 704/663/344 706/664/344 705/665/344
f 707/700/12 708/701/12 710/702/12
f 710/702/12 708/701/12 709/703/12
f 710/704/10 711/705/345 707/706/346
f 709/707/347 713/708/348 710/709/349
f 710/709/349 713/708/348 714/710/350
f 710/709/349 714/710/350 711/711/345
f 711/711/345 714/710/350 715/712/351
f 711/711/345 715/712/351 712/713/352
f 712/713/352 715/712/351 709/707/347
f 709/707/347 715/712/351 716/714/353
f 709/707/347 716/714/353 713/708/348
f 713/715/348 717/716/354 714/717/15
f 718/718/10 716/719/353 715/720/351
f 717/721/12 718/722/12 714/723/12
f 714/723/12 718/722/12 715/724/12
f 708/725/15 712/726/352 709/727/347
f 707/728/346 716/729/353 708/730/355
f 708/730/355 716/729/353 718/731/356
f 708/730/355 718/731/356 712/732/352
f 712/732/352 718/731/356 717/733/354
f 712/732/352 717/733/354 711/734/345
f 711/734/345 717/733/354 707/728/346
f 707/728/346 717/733/354 713/735/348
f 707/728/346 713/735/348 716/729/353
f 719/736/344 721/737/344 720/738/344
f 721/739/344 719/740/344 720/741/344
f 723/742/344 722/743/344 724/744/344
f 724/744/344 722/743/344 723/745/344
f 725/746/365 727/747/344 726/748/366
f 726/748/366 727/747/344 725/749/365
f 728/750/12 729/751/12 731/702/12
f 731/702/12 729/751/12 730/703/12
f 732/752/15 728/753/15 733/754/15
f 733/754/15 728/753/15 731/755/15
f 734/756/2 732/757/2 735/758/2
f 735/758/2 732/757/2 733/759/2
f 729/760/10 734/761/10 730/762/10
f 730/762/10 734/761/10 735/763/10
f 736/764/2 737/765/2 739/766/2
f 739/766/2 737/765/2 738/767/2
f 737/768/10 740/769/10 738/770/10
f 738/770/10 740/769/10 741/771/10
f 740/772/12 742/773/12 741/774/12
f 741/774/12 742/773/12 743/775/12
f 742/776/15 736/777/15 743/778/15
f 743/778/15 736/777/15 739/779/15
f 730/713/11 738/635/11 731/711/11
f 731/711/11 738/635/11 741/637/11
f 731/711/11 741/637/11 733/780/11
f 733/780/11 741/637/11 743/639/11
f 733/780/11 743/639/11 735/781/11
f 735/781/11 743/639/11 730/713/11
f 730/713/11 743/639/11 739/641/11
f 730/713/11 739/641/11 738/635/11
f 728/734/192 736/643/192 729/732/192
f 729/732/192 736/643/192 742/645/192
f 729/732/192 742/645/192 734/782/192
f 734/782/192 742/645/192 740/647/192
f 734/782/192 740/647/192 732/783/192
f 732/783/192 740/647/192 728/734/192
f 728/734/192 740/647/192 737/649/192
f 728/734/192 737/649/192 736/643/192
f 744/784/11 746/785/11 745/786/11
f 745/786/11 746/785/11 744/787/11
f 747/788/344 749/789/344 748/790/344
f 748/790/344 749/789/344 747/791/344
f 750/792/344 751/793/344 752/794/344
f 750/795/344 752/796/344 751/797/344
f 753/798/2 754/799/2 756/758/2
f 756/758/2 754/799/2 755/759/2
f 754/800/10 757/801/332 755/802/333
f 753/803/334 759/804/335 754/805/336
f 754/805/336 759/804/335 760/806/337
f 754/805/336 760/806/337 757/648/332
f 757/648/332 760/806/337 761/807/338
f 757/648/332 761/807/338 758/646/339
f 758/646/339 761/807/338 753/803/334
f 753/803/334 761/807/338 762/808/340
f 753/803/334 762/808/340 759/804/335
f 760/809/15 759/810/335 763/811/341
f 762/812/340 761/813/338 764/814/10
f 761/815/2 760/816/2 764/817/2
f 764/817/2 760/816/2 763/818/2
f 756/819/15 758/820/339 753/821/334
f 755/822/333 762/823/340 756/824/342
f 756/824/342 762/823/340 764/825/343
f 756/824/342 764/825/343 758/640/339
f 758/640/339 764/825/343 763/826/341
f 758/640/339 763/826/341 757/638/332
f 757/638/332 763/826/341 755/822/333
f 755/822/333 763/826/341 759/827/335
f 755/822/333 759/827/335 762/823/340
f 766/828/344 767/829/344 765/830/344
f 765/830/344 767/829/344 766/831/344
f 769/832/344 770/833/344 768/834/344
f 768/834/344 770/833/344 769/835/344
f 771/792/344 772/793/344 773/794/344
f 771/795/344 773/796/344 772/797/344
f 774/836/12 775/837/12 777/838/12
f 777/838/12 775/837/12 776/839/12
f 777/840/10 778/841/345 774/842/346
f 776/843/347 780/844/348 777/845/349
f 777/845/349 780/844/348 781/846/350
f 777/845/349 781/846/350 778/847/345
f 778/847/345 781/846/350 782/848/362
f 778/847/345 782/848/362 779/849/352
f 779/849/352 782/848/362 776/843/347
f 776/843/347 782/848/362 783/850/353
f 776/843/347 783/850/353 780/844/348
f 780/851/348 784/852/354 781/853/15
f 785/854/10 783/855/353 782/856/362
f 784/857/12 785/858/12 781/859/12
f 781/859/12 785/858/12 782/860/12
f 775/861/15 779/862/352 776/863/347
f 774/864/346 783/865/353 775/866/355
f 775/866/355 783/865/353 785/867/356
f 775/866/355 785/867/356 779/868/352
f 779/868/352 785/867/356 784/869/354
f 779/868/352 784/869/354 778/870/345
f 778/870/345 784/869/354 774/864/346
f 774/864/346 784/869/354 780/871/348
f 774/864/346 780/871/348 783/865/353
f 786/872/15 788/873/15 787/874/15
f 788/875/15 786/876/15 787/877/15
f 789/878/344 791/879/344 790/880/344
f 790/880/344 791/879/344 789/881/344
f 792/882/10 794/883/10 793/884/10
f 794/885/10 792/886/10 793/887/10
f 798/888/12 799/889/12 801/838/12
f 801/838/12 799/889/12 800/839/12
f 802/890/15 798/891/15 803/892/15
f 803/892/15 798/891/15 801/893/15
f 804/894/2 802/895/2 805/896/2
f 805/896/2 802/895/2 803/897/2
f 799/898/10 804/899/10 800/900/10
f 800/900/10 804/899/10 805/901/10
f 806/902/2 807/903/2 809/904/2
f 809/904/2 807/903/2 808/905/2
f 807/906/10 810/907/10 808/908/10
f 808/908/10 810/907/10 811/909/10
f 810/910/12 812/911/12 811/912/12
f 811/912/12 812/911/12 813/913/12
f 812/914/15 806/915/15 813/916/15
f 813/916/15 806/915/15 809/917/15
f 800/918/11 808/919/11 801/920/11
f 801/920/11 808/919/11 811/921/11
f 801/920/11 811/921/11 803/922/11
f 803/922/11 811/921/11 813/923/11
f 803/922/11 813/923/11 805/924/11
f 805/924/11 813/923/11 800/918/11
f 800/918/11 813/923/11 809/925/11
f 800/918/11 809/925/11 808/919/11
f 798/926/192 806/927/192 799/928/192
f 799/928/192 806/927/192 812/929/192
f 799/928/192 812/929/192 804/930/192
f 804/930/192 812/929/192 810/931/192
f 804/930/192 810/931/192 802/932/192
f 802/932/192 810/931/192 798/926/192
f 798/926/192 810/931/192 807/933/192
f 798/926/192 807/933/192 806/927/192
f 815/934/192 816/935/192 814/936/192
f 814/936/192 816/935/192 815/937/192
f 817/938/344 819/939/344 818/940/344
f 817/941/344 818/942/344 819/943/344
f 820/944/344 821/945/344 822/946/344
f 820/947/344 822/948/344 821/949/344
f 826/950/2 827/951/2 829/896/2
f 829/896/2 827/951/2 828/897/2
f 827/952/10 830/953/332 828/954/333
f 826/955/357 832/956/367 827/957/336
f 827/957/336 832/956/367 833/958/337
f 827/957/336 833/958/337 830/959/332
f 830/959/332 833/958/337 834/960/338
f 830/959/332 834/960/338 831/961/339
f 831/961/339 834/960/338 826/955/357
f 826/955/357 834/960/338 835/962/360
f 826/955/357 835/962/360 832/956/367
f 833/963/15 832/964/367 836/965/341
f 835/966/360 834/967/338 837/968/10
f 834/969/2 833/970/2 837/971/2
f 837/971/2 833/970/2 836/972/2
f 829/973/15 831/974/339 826/975/357
f 828/976/333 835/977/360 829/978/342
f 829/978/342 835/977/360 837/979/343
f 829/978/342 837/979/343 831/980/339
f 831/980/339 837/979/343 836/981/341
f 831/980/339 836/981/341 830/982/332
f 830/982/332 836/981/341 828/976/333
f 828/976/333 836/981/341 832/983/367
f 828/976/333 832/983/367 835/977/360
f 838/984/344 840/985/344 839/986/344
f 839/934/344 840/987/344 838/936/344
f 841/938/344 843/939/344 842/988/344
f 842/988/344 843/939/344 841/989/344
f 844/944/344 845/945/344 846/946/344
f 844/947/344 846/948/344 845/949/344
f 847/990/12 848/991/12 850/992/12
f 850/992/12 848/991/12 849/993/12
f 850/994/10 851/995/345 847/996/346
f 849/997/347 853/998/361 850/999/349
f 850/999/349 853/998/361 854/1000/350
f 850/999/349 854/1000/350 851/413/345
f 851/413/345 854/1000/350 855/1001/362
f 851/413/345 855/1001/362 852/415/352
f 852/415/352 855/1001/362 849/997/347
f 849/997/347 855/1001/362 856/1002/363
f 849/997/347 856/1002/363 853/998/361
f 853/1003/361 857/1004/354 854/1005/15
f 858/1006/10 856/1007/363 855/1008/362
f 857/1009/12 858/1010/12 854/1011/12
f 854/1011/12 858/1010/12 855/1012/12
f 848/1013/15 852/1014/352 849/1015/347
f 847/1016/346 856/1017/363 848/1018/355
f 848/1018/355 856/1017/363 858/1019/356
f 848/1018/355 858/1019/356 852/434/352
f 852/434/352 858/1019/356 857/1020/354
f 852/434/352 857/1020/354 851/436/345
f 851/436/345 857/1020/354 847/1016/346
f 847/1016/346 857/1020/354 853/1021/361
f 847/1016/346 853/1021/361 856/1017/363
f 859/1022/368 861/1023/369 860/1024/368
f 861/1025/369 859/1026/368 860/1027/368
f 863/1028/344 862/1029/344 864/1030/344
f 864/1031/344 862/1032/344 863/1033/344
f 865/1034/370 867/1035/370 866/1036/370
f 867/1037/370 865/1038/370 866/1039/370
f 868/1040/12 869/1041/12 871/992/12
f 871/992/12 869/1041/12 870/993/12
f 872/1042/15 868/1043/15 873/1044/15
f 873/1044/15 868/1043/15 871/1045/15
f 874/1046/2 872/1047/2 875/1048/2
f 875/1048/2 872/1047/2 873/1049/2
f 869/1050/10 874/1051/10 870/1052/10
f 870/1052/10 874/1051/10 875/1053/10
f 876/1054/2 877/1055/2 879/1056/2
f 879/1056/2 877/1055/2 878/1057/2
f 877/1058/10 880/1059/10 878/1060/10
f 878/1060/10 880/1059/10 881/1061/10
f 880/1062/12 882/1063/12 881/1064/12
f 881/1064/12 882/1063/12 883/1065/12
f 882/1066/15 876/1067/15 883/1068/15
f 883/1068/15 876/1067/15 879/1069/15
f 870/415/11 878/487/11 871/413/11
f 871/413/11 878/487/11 881/489/11
f 871/413/11 881/489/11 873/1070/11
f 873/1070/11 881/489/11 883/491/11
f 873/1070/11 883/491/11 875/1071/11
f 875/1071/11 883/491/11 870/415/11
f 870/415/11 883/491/11 879/493/11
f 870/415/11 879/493/11 878/487/11
f 868/436/192 876/495/192 869/434/192
f 869/434/192 876/495/192 882/497/192
f 869/434/192 882/497/192 874/1072/192
f 874/1072/192 882/497/192 880/499/192
f 874/1072/192 880/499/192 872/1073/192
f 872/1073/192 880/499/192 868/436/192
f 868/436/192 880/499/192 877/501/192
f 868/436/192 877/501/192 876/495/192
f 884/1074/344 885/1075/344 886/1076/344
f 884/1077/344 886/1078/344 885/1079/344
f 887/1080/344 889/1081/344 888/1082/344
f 888/1083/344 889/1084/344 887/1085/344
f 890/1086/344 891/1087/344 892/1088/344
f 890/1089/344 892/1090/344 891/1091/344
f 896/1092/2 897/1093/2 899/1048/2
f 899/1048/2 897/1093/2 898/1049/2
f 897/1094/10 900/1095/332 898/1096/333
f 896/1097/357 902/1098/367 897/1099/336
f 897/1099/336 902/1098/367 903/1100/337
f 897/1099/336 903/1100/337 900/1101/332
f 900/1101/332 903/1100/337 904/1102/338
f 900/1101/332 904/1102/338 901/1103/339
f 901/1103/339 904/1102/338 896/1097/357
f 896/1097/357 904/1102/338 905/1104/371
f 896/1097/357 905/1104/371 902/1098/367
f 903/1105/15 902/1106/367 906/1107/341
f 905/1108/371 904/1109/338 907/1110/10
f 904/1111/2 903/1112/2 907/1113/2
f 907/1113/2 903/1112/2 906/1114/2
f 899/1115/15 901/1116/339 896/1117/357
f 898/1118/333 905/1119/371 899/1120/342
f 899/1120/342 905/1119/371 907/1121/343
f 899/1120/342 907/1121/343 901/1122/339
f 901/1122/339 907/1121/343 906/1123/341
f 901/1122/339 906/1123/341 900/1124/332
f 900/1124/332 906/1123/341 898/1118/333
f 898/1118/333 906/1123/341 902/1125/367
f 898/1118/333 902/1125/367 905/1119/371
f 909/1126/344 908/1127/344 910/1076/344
f 909/1128/344 910/1078/344 908/1129/344
f 911/1080/344 913/1081/344 912/1082/344
f 912/1083/344 913/1084/344 911/1085/344
f 915/1130/344 916/1090/344 914/1131/344
f 914/1131/344 916/1090/344 915/1091/344
f 918/786/344 917/1132/344 919/787/344
f 918/828/344 919/829/344 917/1133/344
f 920/1134/344 921/789/344 922/791/344
f 920/1135/344 922/833/344 921/835/344
f 923/792/344 924/793/344 925/794/344
f 923/795/344 925/796/344 924/797/344
f 929/736/11 931/737/11 930/1136/11
f 930/1136/11 931/737/11 929/1137/11
f 933/742/344 932/743/344 934/744/344
f 934/744/344 932/743/344 933/745/344
f 935/1138/372 937/747/373 936/749/374
f 937/1139/373 935/1140/372 936/1141/374
f 941/736/12 943/1144/12 942/1136/12
f 943/1145/12 941/740/12 942/1146/12
f 944/1147/344 946/1148/344 945/1149/344
f 946/742/344 944/1150/344 945/744/344
f 947/746/370 949/1151/370 948/748/370
f 949/1152/370 947/1153/370 948/1154/370
f 950/1074/344 951/1075/344 952/1076/344
f 950/1077/344 952/1078/344 951/1079/344
f 953/1080/192 955/1155/192 954/1082/192
f 954/1082/192 955/1155/192 953/1156/192
f 956/1086/344 957/1087/344 958/1088/344
f 956/1089/344 958/1090/344 957/1091/344
f 959/1022/368 961/1023/369 960/1024/368
f 961/1025/369 959/1026/368 960/1027/368
f 962/1157/344 964/1158/344 963/1028/344
f 963/1028/344 964/1158/344 962/1030/344
f 965/1034/370 967/1035/370 966/1036/370
f 967/1037/370 965/1038/370 966/1039/370
f 968/1159/15 970/1160/15 969/1161/15
f 970/1162/15 968/1163/15 969/1164/15
f 971/1157/344 973/1158/344 972/1028/344
f 972/1028/344 973/1158/344 971/1030/344
f 974/1165/370 976/1166/370 975/1167/370
f 976/1168/370 974/1169/370 975/1170/370
f 1028/1261/389 1024/1262/390 1026/1263/391
f 1028/1261/389 1026/1263/391 1027/300/392
f 1024/1264/390 1025/1265/199 1026/1266/391
f 1026/1266/391 1025/1265/199 1029/1267/393
f 1025/1268/199 1030/1269/394 1031/309/395
f 1025/1268/199 1031/309/395 1029/1270/393
f 1025/1271/199 1024/1272/390 1030/314/394
f 1030/314/394 1024/1272/390 1028/315/389
f 1026/1273/391 1029/1274/393 1027/318/392
f 1027/318/392 1029/1274/393 1031/319/395
f 1027/322/192 1031/323/192 1028/1275/192
f 1028/1275/192 1031/323/192 1030/1276/192
f 1036/1277/396 1033/1278/397 1034/1279/398
f 1036/1277/396 1034/1279/398 1035/1261/392
f 1033/1280/397 1032/1281/399 1034/1282/398
f 1034/1282/398 1032/1281/399 1037/1283/400
f 1032/1284/399 1033/1285/397 1038/314/401
f 1038/314/401 1033/1285/397 1036/315/396
f 1032/1286/399 1038/1287/401 1039/1269/395
f 1032/1286/399 1039/1269/395 1037/1288/400
f 1034/1289/398 1037/1290/400 1035/318/392
f 1035/318/392 1037/1290/400 1039/319/395
f 1035/1275/192 1039/1276/192 1036/1291/192
f 1036/1291/192 1039/1276/192 1038/1292/192
f 1044/1293/402 1041/1294/403 1042/1295/404
f 1044/1293/402 1042/1295/404 1043/1296/405
f 1041/1297/403 1040/1298/406 1042/1299/404
f 1042/1299/404 1040/1298/406 1045/1300/400
f 1040/1301/406 1041/1302/403 1046/314/407
f 1046/314/407 1041/1302/403 1044/315/402
f 1040/1303/406 1046/1304/407 1047/1305/408
f 1040/1303/406 1047/1305/408 1045/1306/400
f 1042/1307/404 1045/1308/400 1043/318/405
f 1043/318/405 1045/1308/400 1047/319/408
f 1043/1309/192 1047/1310/192 1044/1311/192
f 1044/1311/192 1047/1310/192 1046/1312/192
f 1052/1313/409 1049/1314/410 1050/1315/404
f 1052/1313/409 1050/1315/404 1051/1316/405
f 1049/1317/410 1048/1318/411 1050/1319/404
f 1050/1319/404 1048/1318/411 1053/1320/400
f 1048/1321/411 1049/1322/410 1054/314/394
f 1054/314/394 1049/1322/410 1052/315/409
f 1048/1323/411 1054/1324/394 1055/1325/408
f 1048/1323/411 1055/1325/408 1053/1326/400
f 1050/1307/404 1053/1327/400 1051/318/405
f 1051/318/405 1053/1327/400 1055/319/408
f 1051/1328/192 1055/1329/192 1052/1330/192
f 1052/1330/192 1055/1329/192 1054/1331/192
f 1060/1332/412 1057/1333/397 1058/1334/413
f 1060/1332/412 1058/1334/413 1059/1335/198
f 1057/1336/397 1056/1337/399 1058/1338/413
f 1058/1338/413 1056/1337/399 1061/1339/414
f 1056/312/399 1057/1340/397 1062/314/401
f 1062/314/401 1057/1340/397 1060/315/412
f 1056/1341/399 1062/1342/401 1063/1343/415
f 1056/1341/399 1063/1343/415 1061/1344/414
f 1058/1345/413 1061/1346/414 1059/318/198
f 1059/318/198 1061/1346/414 1063/319/415
f 1059/1347/192 1063/1348/192 1060/1349/192
f 1060/1349/192 1063/1348/192 1062/1350/192
f 1068/1351/389 1065/1352/410 1066/1353/416
f 1068/1351/389 1066/1353/416 1067/1354/405
f 1065/1355/410 1064/1356/417 1066/1357/416
f 1066/1357/416 1064/1356/417 1069/1358/418
f 1064/1359/417 1065/1360/410 1070/314/394
f 1070/314/394 1065/1360/410 1068/315/389
f 1064/1361/417 1070/1362/394 1071/1363/408
f 1064/1361/417 1071/1363/408 1069/1364/418
f 1066/1365/416 1069/1366/418 1067/318/405
f 1067/318/405 1069/1366/418 1071/319/408
f 1067/1367/192 1071/1368/192 1068/1369/192
f 1068/1369/192 1071/1368/192 1070/1370/192
f 1076/1371/195 1073/1372/397 1074/1373/398
f 1076/1371/195 1074/1373/398 1075/1374/392
f 1073/1375/397 1072/1376/419 1074/1377/398
f 1074/1377/398 1072/1376/419 1077/1378/400
f 1072/1379/419 1073/1380/397 1078/314/201
f 1078/314/201 1073/1380/397 1076/315/195
f 1072/1381/419 1078/1382/201 1079/1383/395
f 1072/1381/419 1079/1383/395 1077/1384/400
f 1074/1289/398 1077/1385/400 1075/318/392
f 1075/318/392 1077/1385/400 1079/319/395
f 1075/1386/192 1079/1387/192 1076/1388/192
f 1076/1388/192 1079/1387/192 1078/1389/192
f 1084/1390/402 1081/1391/403 1082/1392/398
f 1084/1390/402 1082/1392/398 1083/1371/392
f 1081/1393/403 1080/1394/406 1082/1395/398
f 1082/1395/398 1080/1394/406 1085/1396/400
f 1080/1397/406 1081/1398/403 1086/314/407
f 1086/314/407 1081/1398/403 1084/315/402
f 1080/1399/406 1086/1400/407 1087/1382/395
f 1080/1399/406 1087/1382/395 1085/1401/400
f 1082/1402/398 1085/1403/400 1083/318/392
f 1083/318/392 1085/1403/400 1087/319/395
f 1083/1388/192 1087/1389/192 1084/1404/192
f 1084/1404/192 1087/1389/192 1086/1405/192
f 1092/1406/409 1089/1407/410 1090/1408/404
f 1092/1406/409 1090/1408/404 1091/1409/405
f 1089/1410/410 1088/1411/411 1090/1412/404
f 1090/1412/404 1088/1411/411 1093/1413/400
f 1088/1321/411 1089/1414/410 1094/314/394
f 1094/314/394 1089/1414/410 1092/315/409
f 1088/1415/411 1094/1416/394 1095/1417/408
f 1088/1415/411 1095/1417/408 1093/1418/400
f 1090/1419/404 1093/1308/400 1091/318/405
f 1091/318/405 1093/1308/400 1095/319/408
f 1091/1420/192 1095/1421/192 1092/1422/192
f 1092/1422/192 1095/1421/192 1094/1423/192
f 1100/1424/412 1097/1425/397 1098/1426/398
f 1100/1424/412 1098/1426/398 1099/1406/420
f 1097/1427/397 1096/1428/399 1098/1429/398
f 1098/1429/398 1096/1428/399 1101/1430/400
f 1096/1431/399 1097/1432/397 1102/314/401
f 1102/314/401 1097/1432/397 1100/315/412
f 1096/1433/399 1102/1434/401 1103/1416/395
f 1096/1433/399 1103/1416/395 1101/1435/400
f 1098/1436/398 1101/1437/400 1099/318/420
f 1099/318/420 1101/1437/400 1103/319/395
f 1099/1422/192 1103/1423/192 1100/1438/192
f 1100/1438/192 1103/1423/192 1102/1439/192
f 1108/1440/389 1105/1441/410 1106/1442/416
f 1108/1440/389 1106/1442/416 1107/1443/405
f 1105/1444/410 1104/1445/417 1106/1446/416
f 1106/1446/416 1104/1445/417 1109/1447/418
f 1104/1359/417 1105/1448/410 1110/314/394
f 1110/314/394 1105/1448/410 1108/315/389
f 1104/1449/417 1110/1450/394 1111/1451/408
f 1104/1449/417 1111/1451/408 1109/1452/418
f 1106/1365/416 1109/1453/418 1107/318/405
f 1107/318/405 1109/1453/418 1111/319/408
f 1107/1454/192 1111/1455/192 1108/1456/192
f 1108/1456/192 1111/1455/192 1110/1457/192
f 1120/1478/10 1121/1479/10 1123/1480/10
f 1123/1480/10 1121/1479/10 1122/1469/10
f 1124/1481/2 1120/1482/2 1125/314/2
f 1125/314/2 1120/1482/2 1123/315/2
f 1121/1483/12 1126/1484/12 1122/318/12
f 1122/318/12 1126/1484/12 1127/319/12
f 1126/1485/11 1121/1486/11 1131/1487/11
f 1131/1487/11 1121/1486/11 1130/1488/11
f 1130/1488/11 1121/1486/11 1120/1489/11
f 1130/1488/11 1120/1489/11 1129/1490/11
f 1129/1490/11 1120/1489/11 1128/1491/11
f 1128/1491/11 1120/1489/11 1124/1492/11
f 1125/1480/10 1132/1493/10 1124/1478/10
f 1124/1478/10 1132/1493/10 1128/1494/10
f 1130/1495/15 1129/1496/15 1134/1497/15
f 1134/1497/15 1129/1496/15 1133/1498/15
f 1129/1499/12 1128/1484/12 1133/1500/12
f 1133/1500/12 1128/1484/12 1132/319/12
f 1126/1479/10 1131/1501/10 1127/1469/10
f 1127/1469/10 1131/1501/10 1135/1502/10
f 1131/1481/2 1130/1503/2 1135/314/2
f 1135/314/2 1130/1503/2 1134/1504/2
f 1127/1477/192 1135/1505/192 1122/1476/192
f 1122/1476/192 1135/1505/192 1134/1506/192
f 1122/1476/192 1134/1506/192 1123/1507/192
f 1123/1507/192 1134/1506/192 1133/1508/192
f 1123/1507/192 1133/1508/192 1132/1509/192
f 1132/1509/192 1125/1510/192 1123/1507/192
usemtl wall.004
f 224/7/11 225/324/11 223/8/11
f 223/8/11 225/324/11 226/325/11
f 224/8/10 223/7/10 227/1/10
f 227/1/10 223/7/10 228/2/10
f 229/326/2 228/327/2 226/324/2
f 226/324/2 228/327/2 223/7/2
f 230/325/192 227/8/192 229/324/192
f 229/324/192 227/8/192 228/7/192
f 225/325/12 224/8/12 230/2/12
f 230/2/12 224/8/12 227/328/12
f 226/8/15 225/7/15 229/1/15
f 229/1/15 225/7/15 230/2/15
f 232/7/11 233/324/11 231/8/11
f 231/8/11 233/324/11 234/325/11
f 232/8/10 231/7/10 235/1/10
f 235/1/10 231/7/10 236/2/10
f 237/326/2 236/327/2 234/324/2
f 234/324/2 236/327/2 231/7/2
f 238/325/192 235/8/192 237/324/192
f 237/324/192 235/8/192 236/7/192
f 233/325/12 232/8/12 238/2/12
f 238/2/12 232/8/12 235/328/12
f 234/8/15 233/7/15 237/1/15
f 237/1/15 233/7/15 238/2/15
f 239/8/10 240/7/10 242/1/10
f 242/1/10 240/7/10 241/2/10
f 244/1/192 242/8/192 243/2/192
f 243/2/192 242/8/192 241/7/192
f 245/1/12 239/8/12 244/2/12
f 244/2/12 239/8/12 242/7/12
f 246/1/11 240/8/11 245/2/11
f 245/2/11 240/8/11 239/7/11
f 243/1/2 241/8/2 246/2/2
f 246/2/2 241/8/2 240/7/2
f 244/2/15 243/1/15 245/7/15
f 245/7/15 243/1/15 246/8/15
f 247/2/10 248/1/10 250/7/10
f 250/7/10 248/1/10 249/8/10
f 252/1/11 250/8/11 251/2/11
f 251/2/11 250/8/11 249/7/11
f 253/1/2 247/8/2 252/2/2
f 252/2/2 247/8/2 250/7/2
f 254/1/192 248/8/192 253/2/192
f 253/2/192 248/8/192 247/7/192
f 251/1/12 249/8/12 254/2/12
f 254/2/12 249/8/12 248/7/12
f 252/8/15 251/7/15 253/1/15
f 253/1/15 251/7/15 254/2/15
f 264/7/11 265/324/11 263/8/11
f 263/8/11 265/324/11 266/325/11
f 264/8/10 263/7/10 267/1/10
f 267/1/10 263/7/10 268/2/10
f 269/326/2 268/327/2 266/324/2
f 266/324/2 268/327/2 263/7/2
f 270/325/192 267/8/192 269/324/192
f 269/324/192 267/8/192 268/7/192
f 265/325/12 264/8/12 270/2/12
f 270/2/12 264/8/12 267/328/12
f 266/8/15 265/7/15 269/1/15
f 269/1/15 265/7/15 270/2/15
f 272/7/11 273/324/11 271/8/11
f 271/8/11 273/324/11 274/325/11
f 272/8/10 271/7/10 275/1/10
f 275/1/10 271/7/10 276/2/10
f 277/326/2 276/327/2 274/324/2
f 274/324/2 276/327/2 271/7/2
f 278/325/192 275/8/192 277/324/192
f 277/324/192 275/8/192 276/7/192
f 273/325/12 272/8/12 278/2/12
f 278/2/12 272/8/12 275/328/12
f 274/8/15 273/7/15 277/1/15
f 277/1/15 273/7/15 278/2/15
f 279/2/10 280/1/10 282/7/10
f 282/7/10 280/1/10 281/8/10
f 284/1/11 282/8/11 283/2/11
f 283/2/11 282/8/11 281/7/11
f 285/1/2 279/8/2 284/2/2
f 284/2/2 279/8/2 282/7/2
f 286/1/192 280/8/192 285/2/192
f 285/2/192 280/8/192 279/7/192
f 283/1/12 281/8/12 286/2/12
f 286/2/12 281/8/12 280/7/12
f 284/8/15 283/7/15 285/1/15
f 285/1/15 283/7/15 286/2/15
f 287/8/10 288/7/10 290/1/10
f 290/1/10 288/7/10 289/2/10
f 292/1/192 290/8/192 291/2/192
f 291/2/192 290/8/192 289/7/192
f 293/1/12 287/8/12 292/2/12
f 292/2/12 287/8/12 290/7/12
f 294/1/11 288/8/11 293/2/11
f 293/2/11 288/8/11 287/7/11
f 291/1/2 289/8/2 294/2/2
f 294/2/2 289/8/2 288/7/2
f 292/2/15 291/1/15 293/7/15
f 293/7/15 291/1/15 294/8/15
f 296/2/10 297/1/10 295/7/10
f 295/7/10 297/1/10 298/8/10
f 300/1/12 298/8/12 299/2/12
f 299/2/12 298/8/12 297/7/12
f 301/1/11 295/8/11 300/2/11
f 300/2/11 295/8/11 298/7/11
f 302/1/2 296/8/2 301/2/2
f 301/2/2 296/8/2 295/7/2
f 299/1/192 297/8/192 302/2/192
f 302/2/192 297/8/192 296/7/192
f 299/2/15 302/1/15 300/7/15
f 300/7/15 302/1/15 301/8/15
f 303/8/10 304/7/10 306/1/10
f 306/1/10 304/7/10 305/2/10
f 308/1/12 303/8/12 307/2/12
f 307/2/12 303/8/12 306/7/12
f 309/1/11 304/8/11 308/2/11
f 308/2/11 304/8/11 303/7/11
f 310/1/2 305/8/2 309/2/2
f 309/2/2 305/8/2 304/7/2
f 307/1/192 306/8/192 310/2/192
f 310/2/192 306/8/192 305/7/192
f 307/2/15 310/1/15 308/7/15
f 308/7/15 310/1/15 309/8/15
f 328/8/10 329/7/10 327/1/10
f 327/1/10 329/7/10 330/2/10
f 332/1/2 330/8/2 331/2/2
f 331/2/2 330/8/2 329/7/2
f 333/1/192 327/8/192 332/2/192
f 332/2/192 327/8/192 330/7/192
f 334/1/12 328/8/12 333/2/12
f 333/2/12 328/8/12 327/7/12
f 331/1/11 329/8/11 334/2/11
f 334/2/11 329/8/11 328/7/11
f 331/8/15 334/7/15 332/1/15
f 332/1/15 334/7/15 333/2/15
f 336/8/10 337/7/10 335/1/10
f 335/1/10 337/7/10 338/2/10
f 340/1/2 338/8/2 339/2/2
f 339/2/2 338/8/2 337/7/2
f 341/1/192 335/8/192 340/2/192
f 340/2/192 335/8/192 338/7/192
f 342/1/12 336/8/12 341/2/12
f 341/2/12 336/8/12 335/7/12
f 339/1/11 337/8/11 342/2/11
f 342/2/11 337/8/11 336/7/11
f 339/8/15 342/7/15 340/1/15
f 340/1/15 342/7/15 341/2/15
f 360/1/12 361/8/12 359/2/12
f 359/2/12 361/8/12 362/7/12
f 363/1/11 364/8/11 360/2/11
f 360/2/11 364/8/11 361/7/11
f 365/1/2 366/8/2 363/2/2
f 363/2/2 366/8/2 364/7/2
f 359/1/192 362/8/192 365/2/192
f 365/2/192 362/8/192 366/7/192
f 366/2/10 362/1/10 364/7/10
f 364/7/10 362/1/10 361/8/10
f 359/2/15 365/1/15 360/7/15
f 360/7/15 365/1/15 363/8/15
f 368/1/12 369/8/12 367/2/12
f 367/2/12 369/8/12 370/7/12
f 371/1/11 372/8/11 368/2/11
f 368/2/11 372/8/11 369/7/11
f 373/1/2 374/8/2 371/2/2
f 371/2/2 374/8/2 372/7/2
f 367/1/192 370/8/192 373/2/192
f 373/2/192 370/8/192 374/7/192
f 367/2/15 373/1/15 368/7/15
f 368/7/15 373/1/15 371/8/15
f 374/2/10 370/1/10 372/7/10
f 372/7/10 370/1/10 369/8/10
f 384/1/2 385/8/2 383/2/2
f 383/2/2 385/8/2 386/7/2
f 387/1/192 388/8/192 384/2/192
f 384/2/192 388/8/192 385/7/192
f 389/1/12 390/8/12 387/2/12
f 387/2/12 390/8/12 388/7/12
f 383/1/11 386/8/11 389/2/11
f 389/2/11 386/8/11 390/7/11
f 383/8/15 389/7/15 384/1/15
f 384/1/15 389/7/15 387/2/15
f 390/8/10 386/7/10 388/1/10
f 388/1/10 386/7/10 385/2/10
f 450/1/12 451/8/12 449/2/12
f 449/2/12 451/8/12 452/7/12
f 449/1/192 452/8/192 453/2/192
f 453/2/192 452/8/192 454/7/192
f 453/1/2 454/8/2 455/2/2
f 455/2/2 454/8/2 456/7/2
f 455/1/11 456/8/11 450/2/11
f 450/2/11 456/8/11 451/7/11
f 449/2/15 453/1/15 450/7/15
f 450/7/15 453/1/15 455/8/15
f 451/8/10 456/7/10 452/1/10
f 452/1/10 456/7/10 454/2/10
f 494/8/10 495/7/10 493/1/10
f 493/1/10 495/7/10 496/2/10
f 498/1/2 496/8/2 497/2/2
f 497/2/2 496/8/2 495/7/2
f 499/1/192 493/8/192 498/2/192
f 498/2/192 493/8/192 496/7/192
f 500/1/12 494/8/12 499/2/12
f 499/2/12 494/8/12 493/7/12
f 497/1/11 495/8/11 500/2/11
f 500/2/11 495/8/11 494/7/11
f 497/8/15 500/7/15 498/1/15
f 498/1/15 500/7/15 499/2/15
f 502/1/12 503/8/12 501/2/12
f 501/2/12 503/8/12 504/7/12
f 501/1/192 504/8/192 505/2/192
f 505/2/192 504/8/192 506/7/192
f 505/1/2 506/8/2 507/2/2
f 507/2/2 506/8/2 508/7/2
f 507/1/11 508/8/11 502/2/11
f 502/2/11 508/8/11 503/7/11
f 501/2/15 505/1/15 502/7/15
f 502/7/15 505/1/15 507/8/15
f 503/8/10 508/7/10 504/1/10
f 504/1/10 508/7/10 506/2/10
f 538/7/2 539/2/2 537/8/2
f 537/8/2 539/2/2 540/1/2
f 541/7/11 542/2/11 538/8/11
f 538/8/11 542/2/11 539/1/11
f 543/7/12 544/2/12 541/8/12
f 541/8/12 544/2/12 542/1/12
f 537/7/192 540/2/192 543/8/192
f 543/8/192 540/2/192 544/1/192
f 537/2/10 543/1/10 538/7/10
f 538/7/10 543/1/10 541/8/10
f 544/2/15 540/1/15 542/7/15
f 542/7/15 540/1/15 539/8/15
f 553/1/12 554/8/12 556/329/12
f 556/329/12 554/8/12 555/328/12
f 554/7/11 553/2/11 558/8/11
f 558/8/11 553/2/11 557/1/11
f 556/329/15 559/335/15 553/7/15
f 553/7/15 559/335/15 557/8/15
f 559/334/2 560/327/2 557/2/2
f 557/2/2 560/327/2 558/7/2
f 556/1/192 555/8/192 559/2/192
f 559/2/192 555/8/192 560/7/192
f 554/8/10 558/7/10 555/335/10
f 555/335/10 558/7/10 560/336/10
f 980/7/11 981/2/11 983/8/11
f 983/8/11 981/2/11 982/1/11
f 983/7/2 982/2/2 985/8/2
f 985/8/2 982/2/2 984/1/2
f 981/7/15 989/1171/15 982/8/15
f 982/8/15 989/1171/15 990/1172/15
f 982/8/15 990/1172/15 984/1/15
f 984/1/15 990/1172/15 987/1173/15
f 984/1/15 987/1173/15 986/2/15
f 986/2/15 987/1173/15 981/7/15
f 981/7/15 987/1173/15 988/1174/15
f 981/7/15 988/1174/15 989/1171/15
f 992/7/192 989/2/192 991/8/192
f 991/8/192 989/2/192 988/1/192
f 981/1/12 980/8/12 986/2/12
f 986/2/12 980/8/12 993/7/12
f 986/1/192 993/8/192 984/2/192
f 984/2/192 993/8/192 985/7/192
f 987/1/2 994/8/2 988/2/2
f 988/2/2 994/8/2 991/7/2
f 989/1/12 992/8/12 990/2/12
f 990/2/12 992/8/12 995/7/12
f 994/7/11 987/2/11 995/8/11
f 995/8/11 987/2/11 990/1/11
f 983/7/10 991/1171/10 980/8/10
f 980/8/10 991/1171/10 994/1172/10
f 980/8/10 994/1172/10 993/1/10
f 993/1/10 994/1172/10 995/1173/10
f 993/1/10 995/1173/10 985/2/10
f 985/2/10 995/1173/10 983/7/10
f 983/7/10 995/1173/10 992/1174/10
f 983/7/10 992/1174/10 991/1171/10
usemtl wall.005
f 255/1/12 256/8/12 258/329/12
f 258/329/12 256/8/12 257/328/12
f 256/7/11 255/2/11 260/8/11
f 260/8/11 255/2/11 259/1/11
f 258/330/15 261/331/15 255/332/15
f 255/332/15 261/331/15 259/333/15
f 261/334/2 262/327/2 259/2/2
f 259/2/2 262/327/2 260/7/2
f 258/1/192 257/8/192 261/2/192
f 261/2/192 257/8/192 262/7/192
f 256/8/10 260/7/10 257/335/10
f 257/335/10 260/7/10 262/336/10
usemtl wall_2.014
f 375/7/207 376/2/207 378/8/207
f 378/8/207 376/2/207 377/1/207
f 376/8/208 379/7/208 377/1/208
f 377/1/208 379/7/208 380/2/208
f 379/1/209 381/8/210 380/2/209
f 380/2/209 381/8/210 382/7/210
f 381/8/211 375/7/211 382/1/211
f 382/1/211 375/7/211 378/2/211
f 376/1/212 375/8/212 379/2/212
f 379/2/212 375/8/212 381/7/212
f 378/7/213 377/2/213 382/8/213
f 382/8/213 377/2/213 380/1/213
usemtl wall4.010
f 408/1/214 409/349/215 407/2/18
f 407/2/18 409/349/215 410/350/216
f 407/2/18 410/350/216 411/351/217
f 412/6/18 413/7/18 411/351/217
f 411/351/217 413/7/18 407/2/18
f 409/8/215 414/352/218 410/1/216
f 409/353/215 415/7/219 414/11/218
f 409/7/215 408/2/214 415/8/219
f 415/8/219 408/2/214 416/1/220
f 407/2/15 417/1/15 408/7/15
f 408/7/15 417/1/15 416/8/15
f 407/1/24 413/8/24 417/2/24
f 417/2/24 413/8/24 418/7/24
f 417/1/25 419/354/221 414/355/218
f 417/1/25 414/355/218 415/356/219
f 415/356/219 416/2/220 417/1/25
f 417/1/25 418/8/25 419/354/221
f 419/354/221 418/8/25 420/15/25
f 411/7/217 410/2/216 419/8/221
f 419/8/221 410/2/216 414/1/218
f 412/7/222 411/2/217 420/8/223
f 420/8/223 411/2/217 419/1/221
f 412/8/10 420/7/10 413/1/10
f 413/1/10 420/7/10 418/2/10
usemtl glass.009
f 583/8/344 582/454/344 584/325/344
f 584/324/344 582/455/344 583/7/344
f 611/8/344 610/454/344 612/325/344
f 611/7/344 612/324/344 610/455/344
f 656/8/344 655/454/344 657/325/344
f 657/324/344 655/455/344 656/7/344
f 683/7/344 685/324/344 684/455/344
f 683/8/344 684/454/344 685/325/344
f 795/7/344 797/324/15 796/455/15
f 797/325/15 795/8/344 796/454/15
f 823/7/344 825/324/344 824/455/344
f 823/8/344 824/454/344 825/325/344
f 893/7/344 895/324/344 894/455/344
f 893/8/344 894/454/344 895/325/344
f 926/7/344 928/324/344 927/455/344
f 926/8/344 927/454/344 928/325/344
f 938/1142/15 940/324/15 939/325/15
f 940/325/15 938/1143/15 939/324/15
f 977/1142/344 979/324/344 978/325/344
f 979/325/344 977/1143/344 978/324/344
usemtl wall_3.003
f 997/1175/11 998/1176/11 996/1177/11
f 996/1177/11 998/1176/11 999/1178/11
f 996/1179/2 999/1180/2 1001/1181/2
f 1001/1181/2 999/1180/2 1000/1182/2
f 999/1183/15 998/1184/15 1000/1185/15
f 1000/1185/15 998/1184/15 1002/1186/15
f 998/1187/12 997/1188/12 1002/1189/12
f 1002/1189/12 997/1188/12 1003/1190/12
f 1002/1191/192 1003/1192/192 1000/1193/192
f 1000/1193/192 1003/1192/192 1001/1194/192
f 997/1195/10 996/1196/10 1003/1197/10
f 1003/1197/10 996/1196/10 1001/1198/10
f 1005/1199/12 1006/1200/12 1004/1201/12
f 1004/1201/12 1006/1200/12 1007/1202/12
f 1008/1203/11 1009/1204/11 1005/1205/11
f 1005/1205/11 1009/1204/11 1006/1206/11
f 1010/1207/2 1011/1208/2 1008/1209/2
f 1008/1209/2 1011/1208/2 1009/1210/2
f 1004/1211/192 1007/1212/192 1010/1213/192
f 1010/1213/192 1007/1212/192 1011/1214/192
f 1011/1215/10 1007/1216/10 1009/1217/10
f 1009/1217/10 1007/1216/10 1006/1218/10
f 1004/1219/15 1010/1220/15 1005/1221/15
f 1005/1221/15 1010/1220/15 1008/1222/15
f 1012/1223/375 1013/1224/376 1014/1225/377
f 1012/1226/375 1015/1227/378 1013/1228/376
f 1013/1228/376 1015/1227/378 1016/1229/379
f 1015/1230/378 1012/1231/375 1017/1222/380
f 1013/1232/376 1016/1233/379 1014/1218/381
f 1016/1234/379 1017/1235/380 1014/1236/381
f 1014/1236/381 1017/1235/380 1012/1237/375
f 1016/1238/379 1015/1239/378 1017/1240/382
f 1018/1241/383 1019/1242/384 1020/1243/377
f 1018/1244/383 1021/1245/385 1019/1246/384
f 1019/1246/384 1021/1245/385 1022/1247/386
f 1021/1248/385 1018/1249/383 1023/1250/387
f 1019/1251/384 1022/1252/386 1020/1253/388
f 1022/1254/386 1023/1255/387 1020/1256/388
f 1020/1256/388 1023/1255/387 1018/1257/383
f 1022/1258/386 1021/1259/385 1023/1260/382
usemtl metal.003
f 1136/1511/422 1137/7/423 1138/1512/15
f 1140/8/10 1139/1513/424 1141/1514/425
f 1137/7/2 1140/2/2 1138/1515/2
f 1138/1515/2 1140/2/2 1141/1516/2
f 1142/1511/426 1143/7/427 1144/1512/10
f 1143/7/2 1145/2/2 1144/1515/2
f 1144/1515/2 1145/2/2 1146/1516/2
f 1145/8/15 1147/1513/428 1146/1514/429
f 1136/1517/422 1143/8/427 1137/1518/423
f 1137/1518/423 1143/8/427 1142/7/426
f 1137/1518/423 1142/7/426 1147/324/428
f 1136/1517/422 1139/1519/424 1143/8/427
f 1143/8/427 1139/1519/424 1145/325/430
f 1145/325/430 1139/1519/424 1140/1520/431
f 1145/325/430 1140/1520/431 1147/324/428
f 1147/324/428 1140/1520/431 1137/1518/423
f 1138/1517/432 1144/7/433 1136/1518/422
f 1136/1518/422 1144/7/433 1146/324/429
f 1136/1518/422 1146/324/429 1139/1520/424
f 1139/1520/424 1146/324/429 1141/1519/425
f 1141/1519/425 1146/324/429 1147/325/428
f 1141/1519/425 1147/325/428 1142/8/426
f 1144/7/433 1138/1517/432 1142/8/426
f 1142/8/426 1138/1517/432 1141/1519/425
f 1308/1729/344 1310/1730/344 1309/1731/344
f 1308/1732/344 1309/1733/344 1310/1730/344
f 1311/1734/463 1312/1735/464 1313/1736/465
f 1312/1737/464 1311/1738/463 1314/1739/466
f 1311/1740/463 1315/1741/467 1314/1742/466
f 1311/1740/463 1313/1743/465 1315/1741/467
f 1313/1743/465 1312/1737/464 1316/1744/468
f 1312/1737/464 1314/1739/466 1316/1744/468
f 1313/1743/465 1316/1744/468 1315/1741/467
f 1314/1745/466 1315/1746/467 1316/1747/468
f 1317/1748/344 1319/1749/344 1318/1750/344
f 1317/1751/344 1318/1752/344 1319/1749/344
usemtl 02_-_Default.010
f 1164/1521/434 1166/1522/435 1165/1523/436
f 1166/1524/435 1164/1525/434 1165/1526/436
f 1170/1527/344 1172/1528/344 1171/1529/344
f 1172/1530/344 1170/1531/344 1171/1532/344
f 1182/1539/344 1184/1540/344 1183/1541/344
f 1184/1542/344 1182/1543/344 1183/1544/344
f 1188/1549/10 1190/1550/10 1189/1551/10
f 1190/1552/10 1188/1553/10 1189/1554/10
f 1194/1557/442 1195/1558/443 1196/1559/10
f 1197/1560/10 1198/1561/444 1199/1562/445
f 1200/1563/204 1197/1564/204 1201/1565/204
f 1201/1565/204 1197/1564/204 1199/1566/204
f 1202/1567/15 1200/1568/15 1203/1569/15
f 1203/1569/15 1200/1568/15 1201/1570/15
f 1198/1571/446 1202/1572/447 1203/1573/203
f 1204/1574/15 1205/1575/15 1207/1576/15
f 1207/1576/15 1205/1575/15 1206/1577/15
f 1205/1578/203 1194/1579/448 1206/1580/449
f 1195/1581/204 1204/1582/204 1196/1583/204
f 1196/1583/204 1204/1582/204 1207/1584/204
f 1198/1585/444 1207/1586/450 1199/1587/445
f 1199/1587/445 1207/1586/450 1206/1588/449
f 1199/1587/445 1206/1588/449 1201/1589/451
f 1201/1589/451 1206/1588/449 1194/1590/448
f 1201/1589/451 1194/1590/448 1196/1591/452
f 1198/1585/444 1203/1592/453 1207/1586/450
f 1207/1586/450 1203/1592/453 1196/1591/452
f 1196/1591/452 1203/1592/453 1201/1589/451
f 1202/1593/447 1198/1594/446 1204/1595/454
f 1204/1595/454 1198/1594/446 1197/1596/455
f 1204/1595/454 1197/1596/455 1205/1597/456
f 1205/1597/456 1197/1596/455 1200/1598/457
f 1205/1597/456 1200/1598/457 1194/1599/442
f 1194/1599/442 1200/1598/457 1195/1600/443
f 1195/1600/443 1200/1598/457 1202/1593/447
f 1195/1600/443 1202/1593/447 1204/1595/454
f 1229/1604/205 1230/1605/205 1228/1606/205
f 1228/1606/205 1230/1605/205 1231/1607/205
f 1228/1606/205 1231/1607/205 1235/1608/205
f 1235/1608/205 1231/1607/205 1232/1609/205
f 1235/1608/205 1232/1609/205 1233/1610/205
f 1233/1610/205 1234/1611/205 1235/1608/205
f 1234/1612/10 1233/1613/10 1236/1614/10
f 1236/1614/10 1233/1613/10 1237/1615/10
f 1238/1616/203 1239/1617/203 1228/1580/203
f 1228/1580/203 1239/1617/203 1229/1618/203
f 1240/1614/10 1238/1619/10 1235/1612/10
f 1235/1612/10 1238/1619/10 1228/1620/10
f 1236/1621/204 1240/1622/204 1234/1583/204
f 1234/1583/204 1240/1622/204 1235/1584/204
f 1239/1619/10 1241/1623/10 1229/1620/10
f 1229/1620/10 1241/1623/10 1230/1624/10
f 1241/1621/204 1242/1625/204 1230/1583/204
f 1230/1583/204 1242/1625/204 1231/1626/204
f 1242/1627/15 1243/1628/15 1231/1629/15
f 1231/1629/15 1243/1628/15 1232/1630/15
f 1243/1631/203 1237/1617/203 1232/1632/203
f 1232/1632/203 1237/1617/203 1233/1618/203
f 1239/1633/206 1238/1634/206 1241/1635/206
f 1241/1635/206 1238/1634/206 1242/1636/206
f 1242/1636/206 1238/1634/206 1240/1637/206
f 1242/1636/206 1240/1637/206 1243/1638/206
f 1243/1638/206 1240/1637/206 1237/1639/206
f 1237/1639/206 1240/1637/206 1236/1640/206
f 1260/1641/442 1261/1642/443 1262/1643/10
f 1263/1644/10 1264/1645/444 1265/1646/445
f 1266/1647/204 1263/1648/204 1267/1649/204
f 1267/1649/204 1263/1648/204 1265/1650/204
f 1268/1651/15 1266/1652/15 1269/1653/15
f 1269/1653/15 1266/1652/15 1267/1654/15
f 1264/1655/446 1268/1656/447 1269/1657/203
f 1270/1658/15 1271/1659/15 1273/1660/15
f 1273/1660/15 1271/1659/15 1272/1661/15
f 1271/1662/203 1260/1663/448 1272/1664/449
f 1261/1665/204 1270/1666/204 1262/1667/204
f 1262/1667/204 1270/1666/204 1273/1668/204
f 1264/1669/444 1273/1670/450 1265/1671/445
f 1265/1671/445 1273/1670/450 1272/1672/449
f 1265/1671/445 1272/1672/449 1267/1673/451
f 1267/1673/451 1272/1672/449 1260/1674/448
f 1267/1673/451 1260/1674/448 1262/1675/458
f 1264/1669/444 1269/1676/453 1273/1670/450
f 1273/1670/450 1269/1676/453 1262/1675/458
f 1262/1675/458 1269/1676/453 1267/1673/451
f 1268/1677/447 1264/1678/446 1270/1679/454
f 1270/1679/454 1264/1678/446 1263/1680/455
f 1270/1679/454 1263/1680/455 1271/1681/456
f 1271/1681/456 1263/1680/455 1266/1682/457
f 1271/1681/456 1266/1682/457 1260/1683/442
f 1260/1683/442 1266/1682/457 1261/1684/443
f 1261/1684/443 1266/1682/457 1268/1677/447
f 1261/1684/443 1268/1677/447 1270/1679/454
f 1288/1688/344 1290/1689/344 1289/1690/344
f 1290/1691/344 1288/1692/344 1289/1693/344
f 1294/1695/344 1296/1696/344 1295/1697/344
f 1296/1698/344 1294/1699/344 1295/1700/344
usemtl 02_-_Default.011
f 1167/1521/344 1169/1522/344 1168/1523/344
f 1169/1524/344 1167/1525/344 1168/1526/344
f 1174/1529/437 1173/1533/438 1175/1534/439
f 1175/1535/439 1173/1536/438 1174/1532/437
f 1185/1539/344 1187/1545/344 1186/1546/344
f 1187/1547/344 1185/1543/344 1186/1548/344
f 1191/1549/10 1193/1555/10 1192/1551/10
f 1193/1556/10 1191/1553/10 1192/1554/10
f 1208/1601/442 1209/1558/443 1210/1559/10
f 1211/1560/10 1212/1561/444 1213/1562/445
f 1214/1563/204 1211/1564/204 1215/1565/204
f 1215/1565/204 1211/1564/204 1213/1566/204
f 1216/1567/15 1214/1568/15 1217/1569/15
f 1217/1569/15 1214/1568/15 1215/1570/15
f 1212/1571/446 1216/1572/447 1217/1573/203
f 1218/1574/15 1219/1575/15 1221/1576/15
f 1221/1576/15 1219/1575/15 1220/1577/15
f 1219/1578/203 1208/1602/448 1220/1580/449
f 1209/1581/204 1218/1582/204 1210/1583/204
f 1210/1583/204 1218/1582/204 1221/1584/204
f 1212/1585/444 1221/1586/450 1213/1587/445
f 1213/1587/445 1221/1586/450 1220/1588/449
f 1213/1587/445 1220/1588/449 1215/1589/451
f 1215/1589/451 1220/1588/449 1208/1590/448
f 1215/1589/451 1208/1590/448 1210/1591/452
f 1212/1585/444 1217/1592/453 1221/1586/450
f 1221/1586/450 1217/1592/453 1210/1591/452
f 1210/1591/452 1217/1592/453 1215/1589/451
f 1216/1593/447 1212/1594/446 1218/1595/454
f 1218/1595/454 1212/1594/446 1211/1596/455
f 1218/1595/454 1211/1596/455 1219/1597/456
f 1219/1597/456 1211/1596/455 1214/1598/457
f 1219/1597/456 1214/1598/457 1208/1599/442
f 1208/1599/442 1214/1598/457 1209/1600/443
f 1209/1600/443 1214/1598/457 1216/1593/447
f 1209/1600/443 1216/1593/447 1218/1595/454
f 1245/1604/205 1246/1605/205 1244/1606/205
f 1244/1606/205 1246/1605/205 1247/1607/205
f 1244/1606/205 1247/1607/205 1251/1608/205
f 1251/1608/205 1247/1607/205 1248/1609/205
f 1251/1608/205 1248/1609/205 1249/1610/205
f 1249/1610/205 1250/1611/205 1251/1608/205
f 1250/1612/10 1249/1613/10 1252/1614/10
f 1252/1614/10 1249/1613/10 1253/1615/10
f 1254/1616/203 1255/1617/203 1244/1580/203
f 1244/1580/203 1255/1617/203 1245/1618/203
f 1256/1614/10 1254/1619/10 1251/1612/10
f 1251/1612/10 1254/1619/10 1244/1620/10
f 1252/1621/204 1256/1622/204 1250/1583/204
f 1250/1583/204 1256/1622/204 1251/1584/204
f 1255/1619/10 1257/1623/10 1245/1620/10
f 1245/1620/10 1257/1623/10 1246/1624/10
f 1257/1621/204 1258/1625/204 1246/1583/204
f 1246/1583/204 1258/1625/204 1247/1626/204
f 1258/1627/15 1259/1628/15 1247/1629/15
f 1247/1629/15 1259/1628/15 1248/1630/15
f 1259/1631/203 1253/1617/203 1248/1632/203
f 1248/1632/203 1253/1617/203 1249/1618/203
f 1255/1633/206 1254/1634/206 1257/1635/206
f 1257/1635/206 1254/1634/206 1258/1636/206
f 1258/1636/206 1254/1634/206 1256/1637/206
f 1258/1636/206 1256/1637/206 1259/1638/206
f 1259/1638/206 1256/1637/206 1253/1639/206
f 1253/1639/206 1256/1637/206 1252/1640/206
f 1274/1685/442 1275/1642/443 1276/1643/10
f 1277/1644/10 1278/1686/444 1279/1646/445
f 1280/1647/204 1277/1648/204 1281/1649/204
f 1281/1649/204 1277/1648/204 1279/1650/204
f 1282/1651/15 1280/1652/15 1283/1653/15
f 1283/1653/15 1280/1652/15 1281/1654/15
f 1278/1571/446 1282/1656/447 1283/1657/203
f 1284/1658/15 1285/1659/15 1287/1660/15
f 1287/1660/15 1285/1659/15 1286/1661/15
f 1285/1662/203 1274/1687/448 1286/1664/449
f 1275/1665/204 1284/1666/204 1276/1667/204
f 1276/1667/204 1284/1666/204 1287/1668/204
f 1278/1669/444 1287/1670/459 1279/1671/445
f 1279/1671/445 1287/1670/459 1286/1672/449
f 1279/1671/445 1286/1672/449 1281/1673/451
f 1281/1673/451 1286/1672/449 1274/1674/448
f 1281/1673/451 1274/1674/448 1276/1675/452
f 1278/1669/444 1283/1676/453 1287/1670/459
f 1287/1670/459 1283/1676/453 1276/1675/452
f 1276/1675/452 1283/1676/453 1281/1673/451
f 1282/1677/447 1278/1678/446 1284/1679/454
f 1284/1679/454 1278/1678/446 1277/1680/455
f 1284/1679/454 1277/1680/455 1285/1681/456
f 1285/1681/456 1277/1680/455 1280/1682/457
f 1285/1681/456 1280/1682/457 1274/1683/442
f 1274/1683/442 1280/1682/457 1275/1684/443
f 1275/1684/443 1280/1682/457 1282/1677/447
f 1275/1684/443 1282/1677/447 1284/1679/454
f 1291/1688/460 1293/1689/461 1292/1694/462
f 1293/1691/461 1291/1692/460 1292/1693/462
f 1297/1695/11 1299/1701/11 1298/1702/11
f 1299/1703/11 1297/1699/11 1298/1704/11
usemtl glass.010
f 1177/8/344 1176/454/344 1178/391/344
f 1178/393/344 1176/455/344 1177/7/344
f 1222/1603/192 1224/393/192 1223/391/192
f 1224/391/192 1222/1603/192 1223/393/192
usemtl glass.011
f 1179/1537/440 1181/393/441 1180/391/441
f 1181/391/441 1179/1538/440 1180/393/441
f 1225/7/344 1227/393/344 1226/455/344
f 1227/391/344 1225/8/344 1226/454/344
usemtl Material.020
f 1301/1705/2 1302/1706/2 1300/1707/2
f 1303/1708/11 1306/1709/11 1302/1710/11
f 1307/1711/12 1304/1712/12 1306/1713/12
f 1305/1714/192 1300/1715/192 1304/1716/192
f 1306/1717/15 1300/1718/15 1302/1719/15
f 1303/1720/10 1305/1721/10 1307/1722/10
f 1301/1705/2 1303/1723/2 1302/1706/2
f 1303/1708/11 1307/1724/11 1306/1709/11
f 1307/1711/12 1305/1725/12 1304/1712/12
f 1305/1714/192 1301/1726/192 1300/1715/192
f 1306/1717/15 1304/1727/15 1300/1718/15
f 1303/1720/10 1301/1728/10 1305/1721/10
