# Blender 4.3.2
# www.blender.org
mtllib casaroja_optim.mtl
o Cube.001
v -5.079819 0.822432 -6.889240
v -5.079819 0.468617 -6.889240
v -5.079819 0.822434 5.266280
v -5.079819 0.468619 5.266280
v 7.209376 0.822432 -6.889240
v 7.209376 0.468617 -6.889240
v 7.209376 0.822434 5.266280
v 7.209376 0.468619 5.266280
v 0.376363 3.409724 2.725015
v 0.377081 1.119724 2.725734
v 0.462074 3.409724 2.725750
v 0.464581 3.409724 2.677516
v 0.374577 3.409724 2.677516
v 0.462789 1.119724 2.725035
v 0.374577 1.119724 2.677516
v 0.464581 1.119724 2.677516
v -4.627802 5.119725 3.064033
v -4.227815 5.119725 3.064033
v -4.227815 9.119725 3.064032
v -4.627802 9.119725 3.064032
v -4.627802 9.119723 -6.893727
v -4.627802 5.119725 -6.893727
v -4.227815 9.119723 -6.893727
v -4.227815 5.119725 -6.893727
v -4.601450 0.819318 3.064033
v -4.201463 0.819318 3.064033
v -4.201463 5.119724 3.064033
v -4.601450 5.119724 3.064033
v -4.201463 0.819315 -6.893726
v -4.601450 0.819315 -6.893726
v -4.601450 5.119722 -6.893727
v -4.201463 5.119722 -6.893727
v -4.245722 5.119725 3.064033
v -3.845735 5.119725 3.064033
v -3.845735 9.119725 3.064032
v -4.245722 9.119725 3.064032
v -4.245722 9.119723 -6.893727
v -4.245722 5.119725 -6.893727
v -3.845735 9.119723 -6.893727
v -3.845735 5.119725 -6.893727
v -4.250971 0.819318 3.064033
v -3.850984 0.819318 3.064033
v -3.850984 5.119724 3.064033
v -4.250971 5.119724 3.064033
v -3.850984 0.819315 -6.893726
v -4.250971 0.819315 -6.893726
v -4.250971 5.119722 -6.893727
v -3.850984 5.119722 -6.893727
v -0.675442 0.819725 -6.322468
v -2.925451 0.819725 -6.322468
v -2.925451 0.819723 -6.722468
v -0.675442 0.819723 -6.722468
v -2.925451 5.119725 -6.722468
v -0.675442 5.119725 -6.722468
v -0.675442 5.119725 -6.322468
v -2.925451 5.119725 -6.322468
v 0.324559 0.819713 -6.722468
v 2.574555 0.819713 -6.722468
v 2.574555 0.819715 -6.322468
v 0.324559 0.819715 -6.322468
v 2.574555 5.119722 -6.322468
v 0.324559 5.119722 -6.322468
v 0.324559 5.119722 -6.722468
v 2.574555 5.119722 -6.722468
v 4.308504 9.143051 2.677540
v 4.308504 8.843051 2.677540
v 4.308504 8.843049 -6.322455
v 4.308504 9.143050 -6.322455
v -4.482776 9.143051 2.677540
v -4.482776 8.843051 2.677540
v -4.482776 9.143050 -6.322455
v -4.482776 8.843049 -6.322455
v 4.384914 5.098974 0.425812
v 4.380115 5.098974 0.726815
v 4.330354 5.098974 0.721867
v 4.538406 5.098974 -0.865337
v 4.483847 5.098974 -0.569283
v 4.488646 5.098974 -0.870285
v 4.538406 7.698975 -0.865338
v 4.488646 7.698975 -0.870286
v 4.508727 7.398974 -0.566810
v 4.458966 7.398974 -0.571757
v 4.409794 7.398974 0.428285
v 4.360033 7.398974 0.423338
v 4.380115 7.698975 0.726814
v 4.330354 7.698975 0.721866
v 3.915205 0.819318 3.064033
v 4.315192 0.819318 3.064033
v 4.315192 5.119724 3.064033
v 3.915205 5.119724 3.064033
v 4.315192 0.819315 -6.893726
v 3.915205 0.819315 -6.893726
v 3.915205 5.119722 -6.893727
v 4.315192 5.119722 -6.893727
v 3.920453 5.119725 3.064033
v 4.320440 5.119725 3.064033
v 4.320440 9.119725 3.064032
v 3.920453 9.119725 3.064032
v 3.920453 9.119723 -6.893727
v 3.920453 5.119725 -6.893727
v 4.320440 9.119723 -6.893727
v 4.320440 5.119725 -6.893727
v 3.564725 0.819318 3.064033
v 3.964712 0.819318 3.064033
v 3.964712 5.119724 3.064033
v 3.564725 5.119724 3.064033
v 3.964712 0.819315 -6.893726
v 3.564725 0.819315 -6.893726
v 3.564725 5.119722 -6.893727
v 3.964712 5.119722 -6.893727
v 0.574577 0.819725 2.677541
v 2.574579 0.819725 2.677541
v 2.574579 0.819725 3.077529
v 0.574577 0.819725 3.077529
v 2.574579 5.119725 3.077528
v 0.574577 5.119725 3.077528
v 0.574577 5.119725 2.677541
v 2.574579 5.119725 2.677541
v -0.925412 0.819725 3.077529
v -2.925414 0.819725 3.077529
v -2.925414 0.819725 2.677541
v -0.925412 0.819725 2.677541
v -2.925414 5.119725 2.677541
v -0.925412 5.119725 2.677541
v -0.925412 5.119725 3.077528
v -2.925414 5.119725 3.077528
v -3.925452 0.819724 3.077529
v -3.925452 0.819724 2.677541
v -2.925451 0.819724 2.677541
v -2.925451 0.819724 3.077529
v -2.925451 2.119724 2.677541
v -2.925451 2.119724 3.077528
v -3.925452 2.119724 3.077528
v -3.925452 2.119724 2.677541
v 3.574568 0.819724 3.077529
v 2.574567 0.819724 3.077529
v 2.574567 0.819724 2.677541
v 3.574568 0.819724 2.677541
v 3.574568 2.119724 2.677541
v 3.574568 2.119724 3.077528
v 2.574567 2.119724 3.077528
v 2.574567 2.119724 2.677541
v 4.384914 5.098974 -3.499346
v 4.380115 5.098974 -3.198344
v 4.330354 5.098974 -3.203290
v 4.538406 5.098974 -4.790495
v 4.483847 5.098974 -4.494441
v 4.488646 5.098974 -4.795443
v 4.538406 7.698975 -4.790495
v 4.488646 7.698975 -4.795443
v 4.508727 7.398973 -4.491968
v 4.458966 7.398973 -4.496914
v 4.409794 7.398973 -3.496871
v 4.360033 7.398973 -3.501819
v 4.380115 7.698975 -3.198344
v 4.330354 7.698975 -3.203290
v 4.384914 1.517816 -3.499345
v 4.380115 1.517816 -3.198343
v 4.330354 1.517816 -3.203290
v 4.538406 1.517816 -4.790495
v 4.483847 1.517816 -4.494441
v 4.488646 1.517816 -4.795442
v 4.538406 4.117817 -4.790495
v 4.488646 4.117817 -4.795443
v 4.508727 3.817816 -4.491968
v 4.458966 3.817816 -4.496914
v 4.409794 3.817816 -3.496871
v 4.360033 3.817816 -3.501819
v 4.380115 4.117817 -3.198343
v 4.330354 4.117817 -3.203290
v 3.574568 0.819722 -6.722468
v 3.574568 0.819724 -6.322468
v 2.574567 0.819724 -6.322468
v 2.574567 0.819722 -6.722468
v 2.574567 2.119724 -6.322468
v 2.574567 2.119724 -6.722468
v 3.574568 2.119724 -6.722468
v 3.574568 2.119724 -6.322468
v -2.925451 0.819722 -6.722468
v -2.925451 0.819724 -6.322468
v -3.925452 0.819724 -6.322468
v -3.925452 0.819722 -6.722468
v -3.925452 2.119724 -6.322468
v -3.925452 2.119724 -6.722468
v -2.925451 2.119724 -6.722468
v -2.925451 2.119724 -6.322468
v 4.312883 4.308637 0.973880
v 4.538625 4.309259 0.998484
v 4.318841 4.267370 0.913274
v 4.486280 4.290622 0.935531
v 4.456192 4.209398 0.896407
v 4.328775 4.145133 0.814014
v 4.399669 4.158210 0.826073
v 4.310093 4.404942 1.001965
v 4.575579 4.466473 1.042300
v 4.734480 4.310381 -0.948058
v 4.669159 4.278921 -0.898409
v 4.576828 4.185986 -0.819555
v 4.561700 4.126285 -0.806443
v 4.764099 4.400096 -0.972135
v 4.500477 4.282617 -0.913343
v 4.490671 4.147570 -0.812490
v 4.510114 4.456608 -1.020444
v 4.312882 7.889797 0.897454
v 4.538626 7.890419 0.922058
v 4.318841 7.848523 0.836844
v 4.486280 7.871779 0.859104
v 4.456192 7.790552 0.819981
v 4.328775 7.726292 0.737587
v 4.399670 7.739370 0.749647
v 4.310093 7.986100 0.925538
v 4.575579 8.047631 0.965874
v 4.734479 7.891539 -1.024484
v 4.669158 7.860075 -0.974835
v 4.576829 7.767145 -0.895983
v 4.561700 7.707443 -0.882870
v 4.764099 7.981255 -1.048561
v 4.500477 7.863772 -0.989769
v 4.490671 7.728729 -0.888918
v 4.510114 8.037766 -1.096872
v 4.312883 7.889796 -3.027704
v 4.538626 7.890418 -3.003100
v 4.318841 7.848524 -3.088312
v 4.486279 7.871779 -3.066054
v 4.456192 7.790552 -3.105178
v 4.328775 7.726292 -3.187570
v 4.399670 7.739370 -3.175510
v 4.310093 7.986100 -2.999619
v 4.575579 8.047631 -2.959284
v 4.734479 7.891539 -4.949643
v 4.669158 7.860075 -4.899993
v 4.576829 7.767145 -4.821140
v 4.561700 7.707442 -4.808028
v 4.764099 7.981254 -4.973719
v 4.500477 7.863771 -4.914927
v 4.490671 7.728730 -4.814075
v 4.510114 8.037767 -5.022028
v 4.312883 4.308637 -3.027705
v 4.538626 4.309259 -3.003100
v 4.318841 4.267370 -3.088310
v 4.486280 4.290622 -3.066053
v 4.456192 4.209398 -3.105177
v 4.328775 4.145133 -3.187570
v 4.399669 4.158210 -3.175511
v 4.310093 4.404942 -2.999619
v 4.575579 4.466473 -2.959283
v 4.734480 4.310380 -4.949643
v 4.669159 4.278921 -4.899994
v 4.576828 4.185986 -4.821139
v 4.561700 4.126285 -4.808028
v 4.764099 4.400096 -4.973719
v 4.500477 4.282616 -4.914928
v 4.490671 4.147570 -4.814075
v 4.510114 4.456608 -5.022028
v -4.403284 4.411880 3.077506
v -4.403838 4.410283 3.303962
v -4.345548 4.379051 3.077495
v -4.346128 4.391338 3.246025
v -4.310738 4.311350 3.212461
v -4.241242 4.247104 3.077499
v -4.260135 4.287155 3.161602
v -4.246851 4.229403 3.147273
v -4.430074 4.506851 3.077504
v -4.443921 4.568379 3.345745
v -2.447620 4.412293 3.306895
v -2.503510 4.380816 3.246867
v -2.591105 4.287899 3.162723
v -2.605647 4.228194 3.148966
v -2.420740 4.502006 3.333980
v -2.505328 4.384520 3.077467
v -2.606655 4.249485 3.077688
v -2.397807 4.558538 3.076463
v -4.359487 2.048389 3.259055
v -4.385641 2.097168 3.077407
v -4.269834 1.936363 3.077738
v -4.279903 1.946856 3.181856
v -4.373066 2.111347 3.276105
v -2.555621 1.988613 3.198155
v -2.572945 1.927131 3.181527
v -2.466951 2.097981 3.285231
v -2.466995 2.102077 3.077517
v -2.576649 1.943304 3.077538
v 2.098111 4.410549 3.077505
v 2.095962 4.411171 3.304572
v 2.159014 4.369274 3.077432
v 2.153429 4.392530 3.246254
v 2.189385 4.311302 3.212442
v 2.258767 4.247041 3.077500
v 2.253780 4.260122 3.149240
v 2.069890 4.506851 3.077504
v 2.056018 4.568384 3.345678
v 4.052333 4.412292 3.306889
v 3.996464 4.380827 3.246799
v 3.908864 4.287897 3.162725
v 3.894319 4.228194 3.148966
v 4.079221 4.502006 3.333980
v 3.994637 4.384523 3.077467
v 3.893310 4.249481 3.077688
v 4.102167 4.558517 3.076462
v 2.140548 2.048385 3.259056
v 2.114378 2.097175 3.077409
v 2.230185 1.936362 3.077738
v 2.220116 1.946856 3.181854
v 2.126856 2.111178 3.276011
v 3.946511 1.989451 3.201472
v 3.927086 1.927131 3.181527
v 4.031796 2.099221 3.284659
v 4.035319 2.103416 3.077719
v 3.924221 1.944948 3.077513
v 1.102156 4.158536 3.076472
v 1.052336 4.012289 3.306890
v 0.996523 3.980607 3.247665
v 0.993924 3.985738 3.077451
v 0.894182 3.846851 3.077766
v 0.908860 3.887894 3.162722
v 0.894316 3.828194 3.148966
v 1.079217 4.102005 3.333980
v -1.310621 3.911313 3.212269
v -1.346581 3.992552 3.246328
v -1.340985 3.969269 3.077450
v -1.404041 4.011173 3.304577
v -1.401889 4.010553 3.077505
v -1.241243 3.847030 3.077499
v -1.246202 3.860100 3.149231
v -1.430108 4.106851 3.077504
v -1.443980 4.168381 3.345676
v -4.403285 7.911880 3.077504
v -4.403838 7.910281 3.303960
v -4.345550 7.879051 3.077494
v -4.346128 7.891338 3.246025
v -4.310739 7.811352 3.212462
v -4.241242 7.747106 3.077498
v -4.260134 7.787153 3.161601
v -4.246851 7.729403 3.147273
v -4.430074 8.006849 3.077502
v -4.443922 8.068377 3.345743
v -2.447620 7.912291 3.306893
v -2.503509 7.880817 3.246868
v -2.591106 7.787897 3.162722
v -2.605647 7.728193 3.148966
v -2.420740 8.002005 3.333979
v -2.505327 7.884520 3.077466
v -2.606654 7.749484 3.077687
v -2.397807 8.058537 3.076461
v 2.098111 7.910547 3.077503
v 2.095962 7.911169 3.304571
v 2.159013 7.869274 3.077431
v 2.153429 7.892530 3.246253
v 2.189384 7.811303 3.212442
v 2.258767 7.747043 3.077498
v 2.253780 7.760120 3.149239
v 2.069890 8.006849 3.077502
v 2.056018 8.068382 3.345676
v 4.052332 7.912290 3.306887
v 3.996464 7.880827 3.246799
v 3.908864 7.787895 3.162723
v 3.894319 7.728193 3.148966
v 4.079221 8.002005 3.333979
v 3.994637 7.884523 3.077466
v 3.893310 7.749479 3.077687
v 4.102166 8.058516 3.076461
v 1.099725 8.159653 3.075940
v 1.052535 8.012244 3.306865
v 0.994184 7.993576 3.248857
v 0.975889 7.938843 3.229551
v 0.994015 7.985613 3.077447
v 0.894183 7.846855 3.077765
v 0.908862 7.887898 3.162723
v 0.894316 7.828191 3.148966
v 1.090444 8.167633 3.345721
v -1.310620 7.911306 3.212266
v -1.346580 7.992551 3.246327
v -1.340982 7.969261 3.077449
v -1.404040 8.011168 3.304574
v -1.401887 8.010550 3.077504
v -1.241245 7.847032 3.077498
v -1.246205 7.860105 3.149231
v -1.430108 8.106849 3.077502
v -1.444010 8.168559 3.344974
v 4.384914 1.517816 0.502239
v 4.380115 1.517816 0.803241
v 4.330354 1.517816 0.798294
v 4.538406 1.517816 -0.788911
v 4.483847 1.517816 -0.492857
v 4.488646 1.517816 -0.793858
v 4.538406 4.117818 -0.788911
v 4.488646 4.117818 -0.793858
v 4.508727 3.817816 -0.490383
v 4.458966 3.817816 -0.495330
v 4.409794 3.817816 0.504713
v 4.360033 3.817816 0.499765
v 4.380115 4.117818 0.803241
v 4.330354 4.117818 0.798294
v 4.428102 4.806434 2.759860
v 4.428730 5.116432 2.759171
v 4.371289 5.116548 2.758908
v 4.370662 4.806550 2.759597
v 4.472007 5.095362 -6.684736
v 4.414566 5.095478 -6.685000
v 4.471379 4.785364 -6.684049
v 4.413939 4.785480 -6.684312
v -2.925451 5.119726 2.677541
v -2.925451 5.119726 3.077528
v -2.925451 3.919726 3.077529
v -2.925451 3.919726 2.677541
v -3.925452 5.119726 3.077528
v -3.925452 3.919726 3.077529
v -3.925452 5.119726 2.677541
v -3.925452 3.919726 2.677541
v 3.574568 5.119726 2.677541
v 3.574568 5.119726 3.077528
v 3.574568 3.919726 3.077529
v 3.574568 3.919726 2.677541
v 2.574567 5.119726 3.077528
v 2.574567 3.919726 3.077529
v 2.574567 5.119726 2.677541
v 2.574567 3.919726 2.677541
v 4.428102 1.351111 2.759860
v 4.428730 1.661110 2.759171
v 4.371289 1.661226 2.758908
v 4.370662 1.351227 2.759597
v 4.472007 1.640040 -6.684736
v 4.414566 1.640156 -6.685000
v 4.471379 1.330041 -6.684048
v 4.413939 1.330157 -6.684312
v -3.925452 5.119726 -6.322468
v -3.925452 5.119726 -6.722468
v -3.925452 3.919724 -6.722468
v -3.925452 3.919724 -6.322468
v -2.925451 5.119726 -6.722468
v -2.925451 3.919724 -6.722468
v -2.925451 5.119726 -6.322468
v -2.925451 3.919724 -6.322468
v -2.625438 4.219724 3.127522
v -2.625438 2.119724 3.127522
v -2.625438 2.119724 3.077516
v -2.625438 4.219724 3.077516
v -2.925451 2.119724 3.102519
v -2.925451 3.919724 3.127522
v -2.925451 3.919724 3.077516
v -3.925452 3.919724 3.127522
v -3.925452 3.919724 3.077516
v -3.925452 2.119724 3.102519
v -4.225452 2.119724 3.127522
v -4.225452 2.119724 3.077516
v -4.225452 4.219724 3.127522
v -4.225452 4.219724 3.077516
v 4.403969 9.504905 -6.900184
v 4.614104 9.504905 -6.898612
v 4.603644 9.431519 -6.898690
v 4.586208 9.346990 -6.898820
v 4.538762 9.328777 -6.899176
v 4.522914 9.284745 -6.899294
v 4.509628 9.244792 -6.899394
v 4.455759 9.179091 -6.899795
v 4.457143 9.041362 -6.899786
v 4.403969 9.041362 -6.900184
v 4.444931 9.283463 3.404558
v 4.471592 9.329728 3.404757
v 4.517450 9.370790 3.405100
v 4.529566 9.431520 3.405190
v 4.537037 9.504906 3.405246
v 4.326902 9.504906 3.403675
v 4.326902 9.041363 3.403675
v 4.401364 9.225187 3.404233
v 4.380076 9.041363 3.404072
v 4.386060 9.166197 3.404116
v 3.874568 4.219724 3.127522
v 3.874568 2.119724 3.127522
v 3.874568 2.119724 3.077516
v 3.874568 4.219724 3.077516
v 3.574568 2.119724 3.102519
v 3.574568 3.919724 3.127522
v 3.574568 3.919724 3.077516
v 2.574567 3.919724 3.127522
v 2.574567 3.919724 3.077516
v 2.574567 2.119724 3.102519
v 2.274567 2.119724 3.127522
v 2.274567 2.119724 3.077516
v 2.274567 4.219724 3.127522
v 2.274567 4.219724 3.077516
v -3.918771 2.123059 3.127535
v -2.928779 2.126392 3.127535
v -2.935435 2.129725 2.677541
v -3.915431 2.129725 2.677541
v -3.922112 3.913058 3.127535
v -3.915431 3.909724 2.677541
v -2.935435 3.909724 3.127535
v -2.928779 3.913058 2.677541
v -3.925452 2.119725 2.677541
v -2.925451 2.119725 2.677541
v -3.925452 3.919724 2.677541
v -2.925451 3.919724 3.127535
v 3.574568 5.119726 -6.722468
v 3.574568 5.119726 -6.322468
v 3.574568 3.919724 -6.322468
v 3.574568 3.919724 -6.722468
v 2.574567 5.119726 -6.722468
v 2.574567 3.919724 -6.722468
v 2.574567 5.119726 -6.322468
v 2.574567 3.919724 -6.322468
v -2.932107 2.123058 -6.772475
v -3.922112 2.126391 -6.772475
v -3.915431 2.129725 -6.322468
v -2.935435 2.129725 -6.322468
v -3.918771 3.916390 -6.772476
v -3.915431 3.909724 -6.322468
v -2.928779 3.913057 -6.772476
v -2.935435 3.909724 -6.322468
v -2.925451 2.119725 -6.322468
v -3.925452 2.119725 -6.322468
v -3.925452 3.919724 -6.322468
v -2.925451 3.919724 -6.322468
v 2.584576 2.129725 3.127535
v 3.571236 2.126392 3.127535
v 3.564571 2.129725 2.677541
v 2.577904 2.126392 2.677541
v 2.584576 3.909724 3.127535
v 2.581240 3.916391 2.677541
v 3.567903 3.916391 3.127535
v 3.564571 3.909724 2.677541
v 2.574567 2.119725 3.127535
v 3.574568 2.119725 2.677541
v 2.574567 3.919724 3.127535
v 3.574568 3.919724 2.677541
v 3.567903 2.123058 -6.772475
v 2.584576 2.129725 -6.772475
v 2.581240 2.123058 -6.322468
v 3.564571 2.129725 -6.322468
v 2.581240 3.916390 -6.772476
v 2.584576 3.909724 -6.322468
v 3.571236 3.913057 -6.772476
v 3.564571 3.909724 -6.322468
v 2.574567 2.119725 -6.772475
v 3.574568 2.119725 -6.322468
v 2.574567 3.919724 -6.322468
v 3.574568 3.919724 -6.322468
v 0.324559 0.819722 -6.722468
v 0.324559 0.819724 -6.322468
v -0.675442 0.819724 -6.322468
v -0.675442 0.819722 -6.722468
v -0.675442 2.119724 -6.322468
v -0.675442 2.119724 -6.722468
v 0.324559 2.119724 -6.722468
v 0.324559 2.119724 -6.322468
v 0.324559 5.119726 -6.722468
v 0.324559 5.119726 -6.322468
v 0.324559 3.919724 -6.322468
v 0.324559 3.919724 -6.722468
v -0.675442 5.119726 -6.722468
v -0.675442 3.919724 -6.722468
v -0.675442 5.119726 -6.322468
v -0.675442 3.919724 -6.322468
v 0.317894 2.123058 -6.772475
v -0.672106 2.126391 -6.772475
v -0.665434 2.129725 -6.322468
v 0.314562 2.129725 -6.322468
v -0.668770 3.916390 -6.772476
v -0.665434 3.909724 -6.322468
v 0.314562 3.909724 -6.772475
v 0.317894 3.916390 -6.322468
v 0.324559 2.119725 -6.322468
v -0.675442 2.119725 -6.322468
v -0.675442 3.919724 -6.322468
v 0.324559 3.919724 -6.772475
v -1.225449 0.819725 3.077516
v -0.925449 0.819725 3.102519
v -1.225449 0.819725 3.127522
v 0.874553 0.819725 3.077516
v 0.874553 0.819725 3.127522
v 0.574553 0.819725 3.102519
v 0.574553 3.519725 3.127522
v 0.574553 3.519725 3.077516
v -0.925449 3.519725 3.127522
v 0.874553 3.819725 3.127522
v -1.225449 3.819725 3.127522
v 0.874553 3.819725 3.077516
v -0.925449 3.519725 3.077516
v -1.225449 3.819725 3.077516
v -0.925449 3.519726 2.677541
v -0.925449 3.519726 3.077529
v -0.925449 5.119726 3.077528
v -0.925449 5.119726 2.677541
v 0.574553 3.519726 3.077529
v 0.574553 5.119726 3.077528
v 0.574553 3.519726 2.677541
v 0.574553 5.119726 2.677541
v -0.922113 0.819725 2.677541
v -0.918776 0.819725 3.127535
v 0.571221 0.819725 3.127535
v 0.567888 0.819725 2.677541
v -0.922113 3.513059 3.127535
v -0.915440 3.509725 2.677541
v 0.567888 3.516392 3.127535
v 0.564556 3.509725 2.677541
v -0.925449 3.519725 2.677541
v 0.574553 3.519725 2.677541
v 4.308504 5.119725 2.677541
v 4.308504 4.819725 2.677541
v 4.308504 4.819725 -6.322455
v 4.308504 5.119725 -6.322455
v -4.482776 5.119725 2.677541
v -4.482776 4.819725 2.677541
v -4.482776 5.119725 -6.322455
v -4.482776 4.819725 -6.322455
v -2.925451 9.119723 -6.722468
v -0.675442 9.119723 -6.722468
v -0.675442 5.119725 -6.722468
v -2.925451 5.119725 -6.722468
v -0.675442 9.119723 -6.322468
v -0.675442 5.119725 -6.322468
v -2.925451 9.119723 -6.322468
v -2.925451 5.119725 -6.322468
v 2.574555 9.119723 -6.322468
v 0.324559 9.119723 -6.322468
v 0.324559 5.119725 -6.322468
v 2.574555 5.119725 -6.322468
v 0.324559 9.119723 -6.722468
v 0.324559 5.119725 -6.722468
v 2.574555 9.119723 -6.722468
v 2.574555 5.119725 -6.722468
v 3.538373 5.119725 3.064033
v 3.938360 5.119725 3.064033
v 3.938360 9.119725 3.064032
v 3.538373 9.119725 3.064032
v 3.538373 9.119723 -6.893727
v 3.538373 5.119725 -6.893727
v 3.938360 9.119723 -6.893727
v 3.938360 5.119725 -6.893727
v 2.574579 8.819725 3.077526
v 2.574579 8.819725 2.677539
v 0.574577 8.819725 2.677539
v 0.574577 8.819725 3.077526
v 2.574579 5.119725 3.077528
v 2.574579 5.119725 2.677541
v 0.574577 5.119725 3.077528
v 0.574577 5.119725 2.677541
v -2.925414 8.819725 2.677539
v -2.925414 8.819725 3.077526
v -0.925412 8.819725 3.077526
v -0.925412 8.819725 2.677539
v -2.925414 5.119725 2.677541
v -2.925414 5.119725 3.077528
v -0.925412 5.119725 2.677541
v -0.925412 5.119725 3.077528
v 2.574567 5.619725 -6.322468
v 3.574568 5.619725 -6.322468
v 3.574568 5.619725 -6.722468
v 2.574567 5.619725 -6.722468
v 2.574567 5.119725 -6.322468
v 3.574568 5.119725 -6.322468
v 2.574567 5.119725 -6.722468
v 3.574568 5.119725 -6.722468
v -3.925452 5.619725 -6.322468
v -2.925451 5.619725 -6.322468
v -2.925451 5.619725 -6.722468
v -3.925452 5.619725 -6.722468
v -3.925452 5.119725 -6.322468
v -2.925451 5.119725 -6.322468
v -3.925452 5.119725 -6.722468
v -2.925451 5.119725 -6.722468
v -2.925451 8.819724 2.677539
v -3.925452 8.819724 2.677539
v -3.925452 8.819724 3.077526
v -2.925451 8.819724 3.077526
v -3.925452 7.419725 3.077528
v -2.925451 7.419725 3.077528
v -3.925452 7.419725 2.677541
v -2.925451 7.419725 2.677541
v 3.574568 8.819724 2.677539
v 2.574567 8.819724 2.677539
v 2.574567 8.819724 3.077526
v 3.574568 8.819724 3.077526
v 2.574567 7.419725 3.077528
v 3.574568 7.419725 3.077528
v 2.574567 7.419725 2.677541
v 3.574568 7.419725 2.677541
v -2.932107 5.623058 -6.772476
v -3.922112 5.626392 -6.772476
v -3.915431 5.629725 -6.322468
v -2.935435 5.629725 -6.322468
v -3.918771 7.416391 -6.772476
v -3.915431 7.409725 -6.322468
v -2.935435 7.409725 -6.772475
v -2.932107 7.416391 -6.322468
v -2.925451 5.619725 -6.322468
v -3.925452 5.619725 -6.322468
v -3.925452 7.419724 -6.322468
v -2.925451 7.419724 -6.772475
v 3.567903 5.623058 -6.772476
v 2.584576 5.629725 -6.772475
v 2.581240 5.623058 -6.322468
v 3.564571 5.629725 -6.322468
v 2.581240 7.416391 -6.772476
v 2.584576 7.409725 -6.322468
v 3.571236 7.413058 -6.772476
v 3.564571 7.409725 -6.322468
v 2.574567 5.619725 -6.772475
v 3.574568 5.619725 -6.322468
v 2.574567 7.419724 -6.322468
v 3.574568 7.419724 -6.322468
v -0.925449 5.119725 3.102519
v -1.225449 5.119725 3.127522
v -1.225449 5.119725 3.077516
v 0.874553 5.119725 3.127522
v 0.574553 5.119725 3.102519
v 0.874553 5.119725 3.077516
v 0.574553 7.519725 3.127522
v 0.574553 7.519725 3.077516
v -0.925449 7.519725 3.127522
v 0.874553 7.819725 3.127522
v -1.225449 7.819725 3.127522
v 0.874553 7.819725 3.077516
v -0.925449 7.519725 3.077516
v -1.225449 7.819725 3.077516
v -0.925449 8.819723 2.677539
v -0.925449 8.819723 3.077526
v 0.574553 8.819723 3.077526
v 0.574553 8.819723 2.677539
v -0.925449 7.519724 2.677541
v -0.925449 7.519724 3.077528
v 0.574553 7.519724 2.677541
v 0.574553 7.519724 3.077528
v -0.915440 7.509724 3.127535
v -0.918776 5.119724 3.127535
v -0.922113 5.119724 2.677541
v -0.918776 7.516391 2.677541
v 0.567888 7.516391 3.127535
v 0.564556 7.509724 2.677541
v 0.571221 5.119724 3.127535
v 0.567888 5.119724 2.677541
v -0.925449 7.519724 3.127535
v 0.574553 7.519724 2.677541
v -2.925451 7.419724 -6.322468
v -3.925452 7.419724 -6.322468
v -3.925452 7.419724 -6.722468
v -2.925451 7.419724 -6.722468
v -3.925452 9.119722 -6.322468
v -3.925452 9.119722 -6.722468
v -2.925451 9.119722 -6.322468
v -2.925451 9.119722 -6.722468
v 2.574567 7.419724 -6.722468
v 2.574567 9.119722 -6.722468
v 3.574568 9.119722 -6.722468
v 3.574568 7.419724 -6.722468
v 2.574567 7.419724 -6.322468
v 2.574567 9.119722 -6.322468
v 3.574568 7.419724 -6.322468
v 3.574568 9.119722 -6.322468
v -0.675442 7.419724 -6.722468
v -0.675442 9.119722 -6.722468
v 0.324559 9.119722 -6.722468
v 0.324559 7.419724 -6.722468
v -0.675442 7.419724 -6.322468
v -0.675442 9.119722 -6.322468
v 0.324559 7.419724 -6.322468
v 0.324559 9.119722 -6.322468
v -0.672106 5.119725 -6.772476
v -0.668770 7.416392 -6.772476
v -0.665434 7.409726 -6.322468
v -0.668770 5.119725 -6.322468
v 0.321227 7.413059 -6.772476
v 0.314562 7.409726 -6.322468
v 0.317894 5.119725 -6.772476
v 0.321227 5.119725 -6.322468
v 0.324559 7.419724 -6.322468
v -0.675442 7.419724 -6.322468
v 3.075585 2.179724 2.707542
v 3.075585 3.859725 2.707542
v 3.075585 3.859725 2.677541
v 3.075585 2.179724 2.677541
v 3.514578 2.179724 2.689541
v 3.514578 3.859725 2.695541
v 3.124587 2.229724 2.689541
v 3.464584 2.229724 2.677541
v 3.464584 3.809725 2.677541
v 3.124587 3.809726 2.695541
v 3.464584 2.229724 2.707542
v 3.464584 3.809725 2.707542
v 3.464584 3.402225 2.684209
v 3.124586 3.402225 2.690877
v 3.124586 3.452225 2.684209
v 3.464584 3.452225 2.690877
v 3.464584 2.994725 2.684209
v 3.124586 2.994725 2.690877
v 3.124586 3.044724 2.684209
v 3.464584 3.044724 2.690877
v 3.464584 2.587224 2.684209
v 3.124586 2.587224 2.690877
v 3.124586 2.637225 2.684209
v 3.464584 2.637225 2.690877
v 3.464584 2.229725 2.684742
v 3.124586 2.229725 2.685073
v 3.124586 3.809726 2.684742
v 3.464584 3.809726 2.685073
v 3.514553 2.179724 2.757548
v 3.514553 3.859725 2.757548
v 3.514553 3.859725 2.677541
v 3.514553 2.179724 2.677541
v 2.634557 2.179724 2.757548
v 2.634557 2.179724 2.677541
v 2.634557 3.859725 2.757548
v 2.634557 3.859725 2.677541
v 3.564559 3.909724 2.757548
v 3.564559 2.129725 2.757548
v 3.564559 2.129725 2.677541
v 3.564559 3.909724 2.677541
v 2.584563 2.129725 2.757548
v 2.584563 2.129725 2.677541
v 2.584563 3.909724 2.757548
v 2.584563 3.909724 2.677541
v 3.024549 3.402225 2.684209
v 2.684551 3.402225 2.690877
v 3.024549 3.452225 2.690877
v 2.684551 3.452225 2.684209
v 3.024549 2.994725 2.684209
v 2.684551 2.994725 2.690877
v 3.024549 3.044724 2.690877
v 2.684551 3.044724 2.684209
v 3.024549 2.587224 2.684209
v 2.684551 2.587224 2.690877
v 3.024549 2.637225 2.690877
v 2.684551 2.637225 2.684209
v 3.024549 2.229725 2.684742
v 2.684551 2.229725 2.685073
v 3.024549 3.809726 2.685073
v 2.684551 3.809726 2.684742
v 3.073563 3.859725 2.707542
v 3.073563 2.179724 2.707542
v 3.073563 2.179724 2.677541
v 3.073563 3.859725 2.677541
v 2.634557 2.179724 2.695541
v 2.634557 3.859725 2.689541
v 3.024549 2.229724 2.695541
v 2.684551 2.229724 2.707542
v 2.684551 3.809725 2.707542
v 3.024549 3.809726 2.689541
v 2.684551 2.229724 2.677541
v 2.684551 3.809725 2.677541
v 3.024549 3.402225 2.684209
v 2.684551 3.402225 2.690877
v 3.024549 3.452225 2.690877
v 2.684551 3.452225 2.684209
v 3.024549 2.994725 2.684209
v 2.684551 2.994725 2.690877
v 3.024549 3.044724 2.690877
v 2.684551 3.044724 2.684209
v 3.024549 2.587224 2.684209
v 2.684551 2.587224 2.690877
v 3.024549 2.637225 2.690877
v 2.684551 2.637225 2.684209
v -3.424434 2.179724 2.707542
v -3.424434 3.859725 2.707542
v -3.424434 3.859725 2.677541
v -3.424434 2.179724 2.677541
v -2.985441 2.179724 2.689541
v -2.985441 3.859725 2.695541
v -3.375445 2.229724 2.689541
v -3.035447 2.229724 2.677541
v -3.035447 3.809725 2.677541
v -3.375445 3.809726 2.695541
v -3.035447 2.229724 2.707542
v -3.035447 3.809725 2.707542
v -3.035435 3.402225 2.684209
v -3.375432 3.402225 2.690877
v -3.375432 3.452225 2.684209
v -3.035435 3.452225 2.690877
v -3.035435 2.994725 2.684209
v -3.375432 2.994725 2.690877
v -3.375432 3.044724 2.684209
v -3.035435 3.044724 2.690877
v -3.035435 2.587224 2.684209
v -3.375432 2.587224 2.690877
v -3.375432 2.637225 2.684209
v -3.035435 2.637225 2.690877
v -3.035435 2.229725 2.684742
v -3.375432 2.229725 2.685073
v -3.375432 3.809726 2.684742
v -3.035435 3.809726 2.685073
v -2.985416 2.179724 2.757548
v -2.985416 3.859725 2.757548
v -2.985416 3.859725 2.677541
v -2.985416 2.179724 2.677541
v -3.865424 2.179724 2.757548
v -3.865424 2.179724 2.677541
v -3.865424 3.859725 2.757548
v -3.865424 3.859725 2.677541
v -2.935410 3.909724 2.757548
v -2.935410 2.129725 2.757548
v -2.935410 2.129725 2.677541
v -2.935410 3.909724 2.677541
v -3.915406 2.129725 2.757548
v -3.915406 2.129725 2.677541
v -3.915406 3.909724 2.757548
v -3.915406 3.909724 2.677541
v -3.475420 3.402225 2.684209
v -3.815418 3.402225 2.690877
v -3.475420 3.452225 2.690877
v -3.815418 3.452225 2.684209
v -3.475420 2.994725 2.684209
v -3.815418 2.994725 2.690877
v -3.475420 3.044724 2.690877
v -3.815418 3.044724 2.684209
v -3.475420 2.587224 2.684209
v -3.815418 2.587224 2.690877
v -3.475420 2.637225 2.690877
v -3.815418 2.637225 2.684209
v -3.475420 2.229725 2.684742
v -3.815418 2.229725 2.685073
v -3.475420 3.809726 2.685073
v -3.815418 3.809726 2.684742
v -3.426419 3.859725 2.707542
v -3.426419 2.179724 2.707542
v -3.426419 2.179724 2.677541
v -3.426419 3.859725 2.677541
v -3.865424 2.179724 2.695541
v -3.865424 3.859725 2.689541
v -3.475420 2.229724 2.695541
v -3.815418 2.229724 2.707542
v -3.815418 3.809725 2.707542
v -3.475420 3.809726 2.689541
v -3.815418 2.229724 2.677541
v -3.815418 3.809725 2.677541
v -3.475420 3.402225 2.684209
v -3.815418 3.402225 2.690877
v -3.475420 3.452225 2.690877
v -3.815418 3.452225 2.684209
v -3.475420 2.994725 2.684209
v -3.815418 2.994725 2.690877
v -3.475420 3.044724 2.690877
v -3.815418 3.044724 2.684209
v -3.475420 2.587224 2.684209
v -3.815418 2.587224 2.690877
v -3.475420 2.637225 2.690877
v -3.815418 2.637225 2.684209
v 3.073563 2.179724 -6.352458
v 3.073563 3.859725 -6.352458
v 3.073563 3.859725 -6.322456
v 3.073563 2.179724 -6.322456
v 2.634557 2.179724 -6.334457
v 2.634557 3.859725 -6.340457
v 3.024549 2.229722 -6.334457
v 2.684551 2.229722 -6.322456
v 2.684551 3.809725 -6.322456
v 3.024549 3.809725 -6.340457
v 2.684551 2.229722 -6.352458
v 2.684551 3.809725 -6.352458
v 2.684551 3.402225 -6.329151
v 3.024549 3.402225 -6.335819
v 3.024549 3.452224 -6.329151
v 2.684551 3.452224 -6.335819
v 2.684551 2.994725 -6.329150
v 3.024549 2.994725 -6.335818
v 3.024549 3.044724 -6.329150
v 2.684551 3.044724 -6.335818
v 2.684551 2.587224 -6.329150
v 3.024549 2.587224 -6.335818
v 3.024549 2.637223 -6.329150
v 2.684551 2.637223 -6.335818
v 2.634557 2.179724 -6.402463
v 2.634557 3.859725 -6.402463
v 2.634557 3.859725 -6.322455
v 2.634557 2.179724 -6.322455
v 3.514553 2.179724 -6.402463
v 3.514553 2.179724 -6.322455
v 3.514553 3.859725 -6.402463
v 3.514553 3.859725 -6.322455
v 2.584563 3.909724 -6.402463
v 2.584563 2.129725 -6.402463
v 2.584563 2.129725 -6.322455
v 2.584563 3.909724 -6.322455
v 3.564559 2.129725 -6.402463
v 3.564559 2.129725 -6.322455
v 3.564559 3.909724 -6.402463
v 3.564559 3.909724 -6.322455
v 3.124586 3.402225 -6.329151
v 3.464584 3.402225 -6.335819
v 3.124586 3.452224 -6.335819
v 3.464584 3.452224 -6.329151
v 3.124586 2.994725 -6.329150
v 3.464584 2.994725 -6.335818
v 3.124586 3.044724 -6.335818
v 3.464584 3.044724 -6.329150
v 3.124586 2.587224 -6.329150
v 3.464584 2.587224 -6.335818
v 3.124586 2.637223 -6.335818
v 3.464584 2.637223 -6.329150
v 3.075585 3.859725 -6.352458
v 3.075585 2.179724 -6.352458
v 3.075585 2.179724 -6.322456
v 3.075585 3.859725 -6.322456
v 3.514578 2.179724 -6.340457
v 3.514578 3.859725 -6.334457
v 3.124587 2.229722 -6.340457
v 3.464584 2.229722 -6.352458
v 3.464584 3.809725 -6.352458
v 3.124587 3.809725 -6.334457
v 3.464584 2.229722 -6.322456
v 3.464584 3.809725 -6.322456
v 3.124586 3.402225 -6.329151
v 3.464584 3.402225 -6.335819
v 3.124586 3.452224 -6.335819
v 3.464584 3.452224 -6.329151
v 3.124586 2.994725 -6.329150
v 3.464584 2.994725 -6.335818
v 3.124586 3.044724 -6.335818
v 3.464584 3.044724 -6.329150
v 3.124586 2.587224 -6.329150
v 3.464584 2.587224 -6.335818
v 3.124586 2.637223 -6.335818
v 3.464584 2.637223 -6.329150
v -0.176397 2.179724 -6.352458
v -0.176397 3.859725 -6.352458
v -0.176397 3.859725 -6.322456
v -0.176397 2.179724 -6.322456
v -0.615415 2.179724 -6.334457
v -0.615415 3.859725 -6.340457
v -0.225411 2.229722 -6.334457
v -0.565409 2.229722 -6.322456
v -0.565409 3.809725 -6.322456
v -0.225411 3.809725 -6.340457
v -0.565409 2.229722 -6.352458
v -0.565409 3.809725 -6.352458
v -0.565409 3.402225 -6.329151
v -0.225411 3.402225 -6.335819
v -0.225411 3.452224 -6.329151
v -0.565409 3.452224 -6.335819
v -0.565409 2.994725 -6.329150
v -0.225411 2.994725 -6.335818
v -0.225411 3.044724 -6.329150
v -0.565409 3.044724 -6.335818
v -0.565409 2.587224 -6.329150
v -0.225411 2.587224 -6.335818
v -0.225411 2.637223 -6.329150
v -0.565409 2.637223 -6.335818
v -0.565409 2.229723 -6.329695
v -0.225411 2.229723 -6.330025
v -0.225411 3.809725 -6.329695
v -0.565409 3.809725 -6.330027
v -0.615452 2.179724 -6.402463
v -0.615452 3.859725 -6.402463
v -0.615452 3.859725 -6.322455
v -0.615452 2.179724 -6.322455
v 0.264556 2.179724 -6.402463
v 0.264556 2.179724 -6.322455
v 0.264556 3.859725 -6.402463
v 0.264556 3.859725 -6.322455
v -0.665434 3.909724 -6.402463
v -0.665434 2.129725 -6.402463
v -0.665434 2.129725 -6.322455
v -0.665434 3.909724 -6.322455
v 0.314562 2.129725 -6.402463
v 0.314562 2.129725 -6.322455
v 0.314562 3.909724 -6.402463
v 0.314562 3.909724 -6.322455
v -0.125423 3.402225 -6.329151
v 0.214575 3.402225 -6.335819
v -0.125423 3.452224 -6.335819
v 0.214575 3.452224 -6.329151
v -0.125423 2.994725 -6.329150
v 0.214575 2.994725 -6.335818
v -0.125423 3.044724 -6.335818
v 0.214575 3.044724 -6.329150
v -0.125423 2.587224 -6.329150
v 0.214575 2.587224 -6.335818
v -0.125423 2.637223 -6.335818
v 0.214575 2.637223 -6.329150
v -0.125423 2.229723 -6.329695
v 0.214575 2.229723 -6.330025
v -0.125423 3.809725 -6.330027
v 0.214575 3.809725 -6.329695
v -0.174425 3.859725 -6.352458
v -0.174425 2.179724 -6.352458
v -0.174425 2.179724 -6.322456
v -0.174425 3.859725 -6.322456
v 0.264568 2.179724 -6.340457
v 0.264568 3.859725 -6.334457
v -0.125436 2.229722 -6.340457
v 0.214562 2.229722 -6.352458
v 0.214562 3.809725 -6.352458
v -0.125436 3.809725 -6.334457
v 0.214562 2.229722 -6.322456
v 0.214562 3.809725 -6.322456
v -0.125423 3.402225 -6.329151
v 0.214575 3.402225 -6.335819
v -0.125423 3.452224 -6.335819
v 0.214575 3.452224 -6.329151
v -0.125423 2.994725 -6.329150
v 0.214575 2.994725 -6.335818
v -0.125423 3.044724 -6.335818
v 0.214575 3.044724 -6.329150
v -0.125423 2.587224 -6.329150
v 0.214575 2.587224 -6.335818
v -0.125423 2.637223 -6.335818
v 0.214575 2.637223 -6.329150
v -3.426419 2.179724 -6.352458
v -3.426419 3.859725 -6.352458
v -3.426419 3.859725 -6.322456
v -3.426419 2.179724 -6.322456
v -3.865424 2.179724 -6.334457
v -3.865424 3.859725 -6.340457
v -3.475420 2.229722 -6.334457
v -3.815418 2.229722 -6.322456
v -3.815418 3.809725 -6.322456
v -3.475420 3.809725 -6.340457
v -3.815418 2.229722 -6.352458
v -3.815418 3.809725 -6.352458
v -3.815418 3.402225 -6.329151
v -3.475420 3.402225 -6.335819
v -3.475420 3.452224 -6.329151
v -3.815418 3.452224 -6.335819
v -3.815418 2.994725 -6.329150
v -3.475420 2.994725 -6.335818
v -3.475420 3.044724 -6.329150
v -3.815418 3.044724 -6.335818
v -3.815418 2.587224 -6.329150
v -3.475420 2.587224 -6.335818
v -3.475420 2.637223 -6.329150
v -3.815418 2.637223 -6.335818
v -3.865424 2.179724 -6.402463
v -3.865424 3.859725 -6.402463
v -3.865424 3.859725 -6.322455
v -3.865424 2.179724 -6.322455
v -2.985416 2.179724 -6.402463
v -2.985416 2.179724 -6.322455
v -2.985416 3.859725 -6.402463
v -2.985416 3.859725 -6.322455
v -3.915406 3.909724 -6.402463
v -3.915406 2.129725 -6.402463
v -3.915406 2.129725 -6.322455
v -3.915406 3.909724 -6.322455
v -2.935410 2.129725 -6.402463
v -2.935410 2.129725 -6.322455
v -2.935410 3.909724 -6.402463
v -2.935410 3.909724 -6.322455
v -3.375432 3.402225 -6.329151
v -3.035435 3.402225 -6.335819
v -3.375432 3.452224 -6.335819
v -3.035435 3.452224 -6.329151
v -3.375432 2.994725 -6.329150
v -3.035435 2.994725 -6.335818
v -3.375432 3.044724 -6.335818
v -3.035435 3.044724 -6.329150
v -3.375432 2.587224 -6.329150
v -3.035435 2.587224 -6.335818
v -3.375432 2.637223 -6.335818
v -3.035435 2.637223 -6.329150
v -3.375432 2.229723 -6.329695
v -3.035435 2.229723 -6.330025
v -3.375432 3.809725 -6.330027
v -3.035435 3.809725 -6.329695
v -3.424434 3.859725 -6.352458
v -3.424434 2.179724 -6.352458
v -3.424434 2.179724 -6.322456
v -3.424434 3.859725 -6.322456
v -2.985441 2.179724 -6.340457
v -2.985441 3.859725 -6.334457
v -3.375445 2.229722 -6.340457
v -3.035447 2.229722 -6.352458
v -3.035447 3.809725 -6.352458
v -3.375445 3.809725 -6.334457
v -3.035447 2.229722 -6.322456
v -3.035447 3.809725 -6.322456
v -3.375432 3.402225 -6.329151
v -3.035435 3.402225 -6.335819
v -3.375432 3.452224 -6.335819
v -3.035435 3.452224 -6.329151
v -3.375432 2.994725 -6.329150
v -3.035435 2.994725 -6.335818
v -3.375432 3.044724 -6.335818
v -3.035435 3.044724 -6.329150
v -3.375432 2.587224 -6.329150
v -3.035435 2.587224 -6.335818
v -3.375432 2.637223 -6.335818
v -3.035435 2.637223 -6.329150
v 3.124586 3.402225 -6.329151
v 3.464584 3.402225 -6.335819
v 3.124586 3.452224 -6.335819
v 3.464584 3.452224 -6.329151
v 3.124586 2.994725 -6.329150
v 3.464584 2.994725 -6.335818
v 3.124586 3.044724 -6.335818
v 3.464584 3.044724 -6.329150
v 3.124586 2.587224 -6.329150
v 3.464584 2.587224 -6.335818
v 3.124586 2.637223 -6.335818
v 3.464584 2.637223 -6.329150
v 3.124586 2.229723 -6.329695
v 3.464584 2.229723 -6.330025
v 3.124586 3.809725 -6.330027
v 3.464584 3.809725 -6.329695
v 2.684551 3.402225 -6.329151
v 3.024549 3.402225 -6.335819
v 3.024549 3.452224 -6.329151
v 2.684551 3.452224 -6.335819
v 2.684551 2.994725 -6.329150
v 3.024549 2.994725 -6.335818
v 3.024549 3.044724 -6.329150
v 2.684551 3.044724 -6.335818
v 2.684551 2.587224 -6.329150
v 3.024549 2.587224 -6.335818
v 3.024549 2.637223 -6.329150
v 2.684551 2.637223 -6.335818
v 2.684551 2.229723 -6.329695
v 3.024549 2.229723 -6.330025
v 3.024549 3.809725 -6.329695
v 2.684551 3.809725 -6.330027
v 2.684551 3.402225 -6.329151
v 3.024549 3.402225 -6.335819
v 3.024549 3.452224 -6.329151
v 2.684551 3.452224 -6.335819
v 2.684551 2.994725 -6.329150
v 3.024549 2.994725 -6.335818
v 3.024549 3.044724 -6.329150
v 2.684551 3.044724 -6.335818
v 2.684551 2.587224 -6.329150
v 3.024549 2.587224 -6.335818
v 3.024549 2.637223 -6.329150
v 2.684551 2.637223 -6.335818
v -3.375432 3.402225 -6.329151
v -3.035435 3.402225 -6.335819
v -3.375432 3.452224 -6.335819
v -3.035435 3.452224 -6.329151
v -3.375432 2.994725 -6.329150
v -3.035435 2.994725 -6.335818
v -3.375432 3.044724 -6.335818
v -3.035435 3.044724 -6.329150
v -3.375432 2.587224 -6.329150
v -3.035435 2.587224 -6.335818
v -3.375432 2.637223 -6.335818
v -3.035435 2.637223 -6.329150
v -3.815418 3.402225 -6.329151
v -3.475420 3.402225 -6.335819
v -3.475420 3.452224 -6.329151
v -3.815418 3.452224 -6.335819
v -3.815418 2.994725 -6.329150
v -3.475420 2.994725 -6.335818
v -3.475420 3.044724 -6.329150
v -3.815418 3.044724 -6.335818
v -3.815418 2.587224 -6.329150
v -3.475420 2.587224 -6.335818
v -3.475420 2.637223 -6.329150
v -3.815418 2.637223 -6.335818
v -3.815418 3.402225 -6.329151
v -3.475420 3.402225 -6.335819
v -3.475420 3.452224 -6.329151
v -3.815418 3.452224 -6.335819
v -3.815418 2.994725 -6.329150
v -3.475420 2.994725 -6.335818
v -3.475420 3.044724 -6.329150
v -3.815418 3.044724 -6.335818
v -3.815418 2.587224 -6.329150
v -3.475420 2.587224 -6.335818
v -3.475420 2.637223 -6.329150
v -3.815418 2.637223 -6.335818
v -3.815418 2.229723 -6.329695
v -3.475420 2.229723 -6.330025
v -3.475420 3.809725 -6.329695
v -3.815418 3.809725 -6.330027
v -3.424434 7.359725 -6.352458
v -3.424434 5.679725 -6.352458
v -3.424434 5.679725 -6.322456
v -3.424434 7.359725 -6.322456
v -2.985441 5.679725 -6.340457
v -2.985441 7.359725 -6.334457
v -3.375445 5.729723 -6.340457
v -3.035447 5.729723 -6.352458
v -3.035447 7.309723 -6.352458
v -3.375445 7.309724 -6.334457
v -3.035447 5.729723 -6.322456
v -3.035447 7.309723 -6.322456
v -3.375432 6.902225 -6.329151
v -3.035435 6.902225 -6.335819
v -3.375432 6.952226 -6.335819
v -3.035435 6.952226 -6.329151
v -3.375432 6.494725 -6.329151
v -3.035435 6.494725 -6.335819
v -3.375432 6.544724 -6.335819
v -3.035435 6.544724 -6.329151
v -3.375432 6.087224 -6.329151
v -3.035435 6.087224 -6.335819
v -3.375432 6.137226 -6.335819
v -3.035435 6.137226 -6.329151
v -3.375432 5.729723 -6.329696
v -3.035435 5.729723 -6.330027
v -3.375432 7.309724 -6.330027
v -3.035435 7.309724 -6.329696
v -2.985416 7.359725 -6.402463
v -2.985416 5.679725 -6.402463
v -2.985416 5.679725 -6.322455
v -2.985416 7.359725 -6.322455
v -3.865424 5.679725 -6.402463
v -3.865424 5.679725 -6.322455
v -3.865424 7.359725 -6.402463
v -3.865424 7.359725 -6.322455
v -2.935410 5.629725 -6.402463
v -2.935410 7.409725 -6.402463
v -2.935410 7.409725 -6.322455
v -2.935410 5.629725 -6.322455
v -3.915406 5.629725 -6.402463
v -3.915406 5.629725 -6.322455
v -3.915406 7.409725 -6.402463
v -3.915406 7.409725 -6.322455
v -3.815418 6.902225 -6.329151
v -3.475420 6.902225 -6.335819
v -3.475420 6.952226 -6.329151
v -3.815418 6.952226 -6.335819
v -3.815418 6.494725 -6.329151
v -3.475420 6.494725 -6.335819
v -3.475420 6.544724 -6.329151
v -3.815418 6.544724 -6.335819
v -3.815418 6.087224 -6.329151
v -3.475420 6.087224 -6.335819
v -3.475420 6.137226 -6.329151
v -3.815418 6.137226 -6.335819
v -3.426419 5.679725 -6.352458
v -3.426419 7.359725 -6.352458
v -3.426419 7.359725 -6.322456
v -3.426419 5.679725 -6.322456
v -3.865424 5.679725 -6.334457
v -3.865424 7.359725 -6.340457
v -3.475420 5.729723 -6.334457
v -3.815418 5.729723 -6.322456
v -3.815418 7.309723 -6.322456
v -3.475420 7.309724 -6.340457
v -3.815418 5.729723 -6.352458
v -3.815418 7.309723 -6.352458
v -3.815418 6.902225 -6.329151
v -3.475420 6.902225 -6.335819
v -3.475420 6.952226 -6.329151
v -3.815418 6.952226 -6.335819
v -3.815418 6.494725 -6.329151
v -3.475420 6.494725 -6.335819
v -3.475420 6.544724 -6.329151
v -3.815418 6.544724 -6.335819
v -3.815418 6.087224 -6.329151
v -3.475420 6.087224 -6.335819
v -3.475420 6.137226 -6.329151
v -3.815418 6.137226 -6.335819
v 3.075585 7.359725 -6.352458
v 3.075585 5.679725 -6.352458
v 3.075585 5.679725 -6.322456
v 3.075585 7.359725 -6.322456
v 3.514578 5.679725 -6.340457
v 3.514578 7.359725 -6.334457
v 3.124587 5.729723 -6.340457
v 3.464584 5.729723 -6.352458
v 3.464584 7.309723 -6.352458
v 3.124587 7.309724 -6.334457
v 3.464584 5.729723 -6.322456
v 3.464584 7.309723 -6.322456
v 3.124586 6.902225 -6.329151
v 3.464584 6.902225 -6.335819
v 3.124586 6.952226 -6.335819
v 3.464584 6.952226 -6.329151
v 3.124586 6.494725 -6.329151
v 3.464584 6.494725 -6.335819
v 3.124586 6.544724 -6.335819
v 3.464584 6.544724 -6.329151
v 3.124586 6.087224 -6.329151
v 3.464584 6.087224 -6.335819
v 3.124586 6.137226 -6.335819
v 3.464584 6.137226 -6.329151
v 3.124586 5.729723 -6.329696
v 3.464584 5.729723 -6.330027
v 3.124586 7.309724 -6.330027
v 3.464584 7.309724 -6.329696
v 3.514553 7.359725 -6.402463
v 3.514553 5.679725 -6.402463
v 3.514553 5.679725 -6.322455
v 3.514553 7.359725 -6.322455
v 2.634557 5.679725 -6.402463
v 2.634557 5.679725 -6.322455
v 2.634557 7.359725 -6.402463
v 2.634557 7.359725 -6.322455
v 3.564559 5.629725 -6.402463
v 3.564559 7.409725 -6.402463
v 3.564559 7.409725 -6.322455
v 3.564559 5.629725 -6.322455
v 2.584563 5.629725 -6.402463
v 2.584563 5.629725 -6.322455
v 2.584563 7.409725 -6.402463
v 2.584563 7.409725 -6.322455
v 2.684551 6.902225 -6.329151
v 3.024549 6.902225 -6.335819
v 3.024549 6.952226 -6.329151
v 2.684551 6.952226 -6.335819
v 2.684551 6.494725 -6.329151
v 3.024549 6.494725 -6.335819
v 3.024549 6.544724 -6.329151
v 2.684551 6.544724 -6.335819
v 2.684551 6.087224 -6.329151
v 3.024549 6.087224 -6.335819
v 3.024549 6.137226 -6.329151
v 2.684551 6.137226 -6.335819
v 2.684551 5.729723 -6.329696
v 3.024549 5.729723 -6.330027
v 3.024549 7.309724 -6.329696
v 2.684551 7.309724 -6.330027
v 3.073563 5.679725 -6.352458
v 3.073563 7.359725 -6.352458
v 3.073563 7.359725 -6.322456
v 3.073563 5.679725 -6.322456
v 2.634557 5.679725 -6.334457
v 2.634557 7.359725 -6.340457
v 3.024549 5.729723 -6.334457
v 2.684551 5.729723 -6.322456
v 2.684551 7.309723 -6.322456
v 3.024549 7.309724 -6.340457
v 2.684551 5.729723 -6.352458
v 2.684551 7.309723 -6.352458
v 2.684551 6.902225 -6.329151
v 3.024549 6.902225 -6.335819
v 3.024549 6.952226 -6.329151
v 2.684551 6.952226 -6.335819
v 2.684551 6.494725 -6.329151
v 3.024549 6.494725 -6.335819
v 3.024549 6.544724 -6.329151
v 2.684551 6.544724 -6.335819
v 2.684551 6.087224 -6.329151
v 3.024549 6.087224 -6.335819
v 3.024549 6.137226 -6.329151
v 2.684551 6.137226 -6.335819
v -0.170444 5.119725 -6.337457
v 0.264556 5.119725 -6.352458
v 0.264556 5.119725 -6.322456
v -0.120437 7.309723 -6.352458
v 0.214550 7.309724 -6.337457
v -0.120437 7.309723 -6.322456
v -0.120437 5.219726 -6.352458
v -0.120437 5.219726 -6.322456
v 0.214550 5.219726 -6.337457
v 0.264556 7.359725 -6.352458
v -0.170444 7.359725 -6.337457
v 0.264556 7.359725 -6.322456
v -0.120437 6.774724 -6.329151
v 0.214550 6.774724 -6.335819
v 0.214550 6.824725 -6.329151
v -0.120437 6.824725 -6.335819
v -0.120437 6.239725 -6.329151
v 0.214550 6.239725 -6.335819
v 0.214550 6.289723 -6.329151
v -0.120437 6.289723 -6.335819
v -0.120437 5.704724 -6.329151
v 0.214550 5.704724 -6.335819
v 0.214550 5.754725 -6.329151
v -0.120437 5.754725 -6.335819
v 0.214550 5.219725 -6.330220
v -0.120437 5.219725 -6.329885
v -0.120437 7.309724 -6.330220
v 0.214550 7.309724 -6.329885
v 0.264556 7.359725 -6.322455
v 0.297893 5.119725 -6.322456
v 0.314562 7.409725 -6.322455
v -0.665434 7.409725 -6.322455
v -0.632113 5.119725 -6.322456
v -0.615452 7.359725 -6.322455
v -0.648773 5.119725 -6.402464
v 0.264556 7.359725 -6.402463
v 0.281225 5.119725 -6.402464
v -0.615452 7.359725 -6.402463
v 0.314562 7.409725 -6.402463
v -0.665434 7.409725 -6.402463
v -0.615452 5.119725 -6.337457
v -0.180440 5.119725 -6.337457
v -0.565446 7.309724 -6.337457
v -0.230434 7.309724 -6.337457
v -0.565446 5.219726 -6.352458
v -0.565446 5.219726 -6.322456
v -0.230434 5.219726 -6.352458
v -0.230434 5.219726 -6.322456
v -0.180440 7.359725 -6.352458
v -0.615452 7.359725 -6.352458
v -0.615452 7.359725 -6.322456
v -0.180440 7.359725 -6.322456
v -0.565446 6.774724 -6.329151
v -0.230434 6.774724 -6.335819
v -0.230434 6.824725 -6.329151
v -0.565446 6.824725 -6.335819
v -0.565446 6.239725 -6.329151
v -0.230434 6.239725 -6.335819
v -0.230434 6.289723 -6.329151
v -0.565446 6.289723 -6.335819
v -0.565446 5.704724 -6.329151
v -0.230434 5.704724 -6.335819
v -0.230434 5.754725 -6.329151
v -0.565446 5.754725 -6.335819
v -0.230434 5.219725 -6.330220
v -0.565446 5.219725 -6.329885
v -0.565446 7.309724 -6.330220
v -0.230434 7.309724 -6.329885
v -0.845441 7.439725 2.757548
v -0.845441 5.119725 2.757548
v -0.845441 5.119725 2.677541
v -0.845441 7.439725 2.677541
v 0.494558 7.439725 2.757548
v 0.494558 7.439725 2.677541
v 0.494558 5.119725 2.757548
v 0.494558 5.119725 2.677541
v 0.564556 5.119725 2.757548
v 0.564556 7.509725 2.757548
v -0.915440 7.509725 2.757548
v -0.915440 5.119725 2.757548
v 0.564556 5.119725 2.677541
v -0.915440 5.119725 2.677541
v -0.915440 7.509725 2.677541
v 0.564556 7.509725 2.677541
v 0.444564 7.389725 2.707541
v -0.120437 7.389726 2.695541
v 0.444564 7.389725 2.677541
v 0.444564 5.169725 2.707541
v 0.444564 5.169725 2.677541
v -0.120437 5.169725 2.689541
v -0.170444 7.439725 2.707541
v 0.494558 7.439725 2.695541
v -0.170444 7.439725 2.677541
v 0.494558 5.119725 2.689541
v -0.170444 5.119725 2.707541
v -0.170444 5.119725 2.677541
v -0.120400 6.868089 2.684209
v 0.444601 6.868089 2.690877
v 0.444601 6.818089 2.684209
v -0.120400 6.818089 2.690877
v -0.120400 6.304725 2.684209
v 0.444601 6.304725 2.690877
v 0.444601 6.254725 2.684209
v -0.120400 6.254725 2.690877
v -0.120400 5.737226 2.684209
v 0.444601 5.737226 2.690877
v 0.444601 5.687225 2.684209
v -0.120400 5.687225 2.690877
v 0.444601 7.389726 2.685374
v -0.120400 7.389726 2.685035
v -0.120400 5.169725 2.685374
v 0.444601 5.169725 2.685035
v -0.230434 7.389725 2.707541
v -0.795447 7.389726 2.695541
v -0.230434 7.389725 2.677541
v -0.230434 5.169725 2.707541
v -0.230434 5.169725 2.677541
v -0.795447 5.169725 2.689541
v -0.845441 7.439725 2.707541
v -0.180440 7.439725 2.695541
v -0.845441 7.439725 2.677541
v -0.180440 5.119725 2.689541
v -0.845441 5.119725 2.707541
v -0.845441 5.119725 2.677541
v -0.795447 6.868089 2.684209
v -0.230434 6.868089 2.690877
v -0.230434 6.818089 2.684209
v -0.795447 6.818089 2.690877
v -0.795447 6.304725 2.684209
v -0.230434 6.304725 2.690877
v -0.230434 6.254725 2.684209
v -0.795447 6.254725 2.690877
v -0.795447 5.737226 2.684209
v -0.230434 5.737226 2.690877
v -0.230434 5.687225 2.684209
v -0.795447 5.687225 2.690877
v -0.230434 7.389726 2.685374
v -0.795447 7.389726 2.685035
v -0.795447 5.169725 2.685374
v -0.230434 5.169725 2.685035
v 4.364424 8.848814 3.249851
v 4.364424 9.548814 3.249851
v -4.725249 9.548814 3.249851
v -4.725249 8.848814 3.249851
v -4.725249 9.548813 -6.982204
v -4.725249 8.848813 -6.982203
v 4.364424 9.548813 -6.982204
v 4.167896 9.548813 -6.664438
v 4.167896 9.548814 2.947977
v -4.528709 9.548814 2.947977
v -4.528709 9.548813 -6.664438
v 4.167896 8.848814 2.947977
v -4.528709 8.848814 2.947977
v 4.364424 8.848813 -6.982203
v 4.167896 8.848813 -6.664437
v -4.528709 8.848813 -6.664437
v -0.915415 0.819724 2.852525
v 0.569592 0.819724 2.852525
v 0.569592 1.119724 2.852525
v -0.915415 1.119724 2.852525
v -0.915415 1.119724 2.677528
v -0.915415 0.819724 2.677528
v 0.569592 1.119724 2.677528
v 0.569592 0.819724 2.677528
v 0.564556 0.969725 2.852513
v 0.564556 0.969725 3.077504
v 0.564556 0.819725 3.077504
v 0.564556 0.819725 2.852513
v -0.915440 0.969725 3.077504
v -0.915440 0.819725 3.077504
v -0.915440 0.969725 2.852513
v -0.915440 0.819725 2.852513
v 0.564562 0.970984 3.100756
v 0.564569 0.935155 3.114182
v 0.564556 0.929724 3.077504
v -0.915415 0.964295 3.114181
v -0.915428 0.928465 3.100755
v -0.915440 0.969724 3.077504
v 0.564562 1.120971 2.875814
v 0.564569 1.085142 2.889205
v 0.564556 1.079725 2.852538
v -0.915415 1.114307 2.889206
v -0.915428 1.078479 2.875815
v -0.915440 1.119725 2.852538
v 0.286364 3.409724 2.725025
v 0.287076 1.119724 2.725740
v 0.372088 3.409724 2.725734
v 0.374577 3.409724 2.677516
v 0.284586 3.409724 2.677516
v 0.372801 1.119724 2.725019
v 0.284586 1.119724 2.677516
v 0.374577 1.119724 2.677516
v 0.187093 1.119724 2.725736
v 0.186370 3.409724 2.725014
v 0.282096 3.409724 2.725730
v 0.284586 3.409724 2.677516
v 0.184573 3.409724 2.677516
v 0.282811 1.119724 2.725015
v 0.184573 1.119724 2.677516
v 0.284586 1.119724 2.677516
v 0.087047 1.119724 2.725730
v 0.086338 3.409724 2.725016
v 0.182086 3.409724 2.725734
v 0.184561 3.409724 2.677516
v 0.084573 3.409724 2.677516
v 0.182795 1.119724 2.725022
v 0.084573 1.119724 2.677516
v 0.184561 1.119724 2.677516
v -0.012950 1.119724 2.725735
v -0.013663 3.409724 2.725019
v 0.082086 3.409724 2.725736
v 0.084561 3.409724 2.677516
v -0.015439 3.409724 2.677516
v 0.082794 1.119724 2.725025
v -0.015439 1.119724 2.677516
v 0.084561 1.119724 2.677516
v -0.112895 1.119724 2.725735
v -0.113618 3.409724 2.725013
v -0.017906 3.409724 2.725734
v -0.015402 3.409724 2.677516
v -0.115414 3.409724 2.677516
v -0.017188 1.119724 2.725015
v -0.115414 1.119724 2.677516
v -0.015402 1.119724 2.677516
v -0.212924 1.119724 2.725740
v -0.213636 3.409724 2.725026
v -0.117902 3.409724 2.725735
v -0.115427 3.409724 2.677516
v -0.215414 3.409724 2.677516
v -0.117194 1.119724 2.725024
v -0.215414 1.119724 2.677516
v -0.115427 1.119724 2.677516
v -0.312935 1.119724 2.725735
v -0.313654 3.409724 2.725017
v -0.217929 3.409724 2.725730
v -0.215439 3.409724 2.677516
v -0.315440 3.409724 2.677516
v -0.217214 1.119724 2.725015
v -0.315440 1.119724 2.677516
v -0.215439 1.119724 2.677516
v -0.412965 1.119724 2.725730
v -0.413674 3.409724 2.725017
v -0.317929 3.409724 2.725734
v -0.315439 3.409724 2.677516
v -0.415439 3.409724 2.677516
v -0.317216 1.119724 2.725019
v -0.415439 1.119724 2.677516
v -0.315439 1.119724 2.677516
v -0.512926 1.119724 2.725735
v -0.513639 3.409724 2.725019
v -0.417890 3.409724 2.725736
v -0.415415 3.409724 2.677516
v -0.515415 3.409724 2.677516
v -0.417182 1.119724 2.725025
v -0.515415 1.119724 2.677516
v -0.415415 1.119724 2.677516
v -0.612909 1.119724 2.725735
v -0.613631 3.409724 2.725013
v -0.517903 3.409724 2.725729
v -0.515415 3.409724 2.677516
v -0.615427 3.409724 2.677516
v -0.517189 1.119724 2.725013
v -0.615427 1.119724 2.677516
v -0.515415 1.119724 2.677516
v -0.712937 1.119724 2.725740
v -0.713649 3.409724 2.725026
v -0.617915 3.409724 2.725735
v -0.615440 3.409724 2.677516
v -0.715427 3.409724 2.677516
v -0.617207 1.119724 2.725024
v -0.715427 1.119724 2.677516
v -0.615440 1.119724 2.677516
v -0.812935 1.119724 2.725735
v -0.813653 3.409724 2.725017
v -0.717928 3.409724 2.725730
v -0.715440 3.409724 2.677516
v -0.815440 3.409724 2.677516
v -0.717214 1.119724 2.725015
v -0.815440 1.119724 2.677516
v -0.715440 1.119724 2.677516
v 0.464556 3.409724 2.777516
v -0.815440 3.409724 2.777516
v -0.815440 3.409724 2.677516
v 0.464556 3.409724 2.677516
v 0.464556 1.119724 2.777516
v 0.464556 1.119724 2.677516
v -0.815440 1.119724 2.777516
v -0.815440 1.119724 2.677516
v 0.564556 1.119724 2.777516
v 0.564556 3.509725 2.777516
v -0.915440 3.509725 2.777516
v -0.915440 1.119724 2.777516
v 0.564556 1.119724 2.677516
v 0.564556 3.509725 2.677516
v -0.915440 3.509725 2.677516
v -0.915440 1.119724 2.677516
v -0.785451 1.149724 2.731534
v 0.434555 1.149724 2.737531
v 0.434555 1.149724 2.727535
v -0.785451 3.379724 2.733532
v 0.434555 3.379724 2.737531
v 0.434555 3.379724 2.727535
v 0.464556 1.119724 2.731534
v -0.815440 1.119724 2.737531
v -0.815440 1.119724 2.727535
v -0.815440 3.409724 2.737531
v -0.815440 3.409724 2.727535
v 0.464556 3.409724 2.733532
v 4.269724 0.819724 3.094185
v 4.269724 1.169724 3.110853
v 0.411492 1.169724 3.094185
v 0.411492 0.819724 3.110853
v -4.774795 1.169724 3.094185
v -4.774795 0.819724 3.110853
v -0.620795 0.819724 3.094185
v -0.620795 1.169724 3.110853
v 2.574567 5.119724 3.102519
v 2.274567 5.119724 3.127522
v 2.274567 5.119724 3.077516
v 3.874568 5.119724 3.127522
v 3.574568 5.119724 3.102519
v 3.874568 5.119724 3.077516
v 3.874568 7.719725 3.127522
v 3.874568 7.719725 3.077516
v 3.574568 7.419724 3.127522
v 3.574568 7.419724 3.077516
v 2.574567 7.419724 3.127522
v 2.574567 7.419724 3.077516
v 2.274567 7.719725 3.127522
v 2.274567 7.719725 3.077516
v 2.577904 7.413060 3.127535
v 2.581240 5.119725 3.127535
v 2.577904 5.119725 2.677541
v 2.584576 7.409726 2.677541
v 3.564571 7.409726 3.127535
v 3.571236 7.413060 2.677541
v 3.571236 5.119725 3.127535
v 3.567903 5.119725 2.677541
v 3.574568 7.419726 3.127535
v 2.574567 7.419726 2.677541
v -3.925452 5.119724 3.102519
v -4.225452 5.119724 3.127522
v -4.225452 5.119724 3.077516
v -2.625438 5.119724 3.127522
v -2.925451 5.119724 3.102519
v -2.625438 5.119724 3.077516
v -2.625438 7.719725 3.127522
v -2.625438 7.719725 3.077516
v -2.925451 7.419724 3.127522
v -2.925451 7.419724 3.077516
v -3.925452 7.419724 3.127522
v -3.925452 7.419724 3.077516
v -4.225452 7.719725 3.127522
v -4.225452 7.719725 3.077516
v -3.915431 7.409726 3.127535
v -3.918771 5.119725 3.127535
v -3.922112 5.119725 2.677541
v -3.918771 7.416393 2.677541
v -2.932107 7.416393 3.127535
v -2.935435 7.409726 2.677541
v -2.928779 5.119725 3.127535
v -2.932107 5.119725 2.677541
v -3.925452 7.419726 3.127535
v -2.925451 7.419726 2.677541
v 4.364424 9.548451 3.249851
v 4.364424 9.548451 3.459986
v 4.364425 9.475065 3.449527
v 4.364425 9.390535 3.432089
v 4.364425 9.372323 3.384644
v 4.364425 9.328291 3.368796
v 4.364425 9.288339 3.355510
v 4.364425 9.222635 3.301641
v 4.364424 9.084908 3.303025
v 4.364424 9.084908 3.249851
v -4.725249 9.328292 3.371786
v -4.725249 9.373274 3.394542
v -4.725249 9.414333 3.440398
v -4.725249 9.475065 3.452515
v -4.725249 9.548451 3.459986
v -4.725249 9.548451 3.249851
v -4.725249 9.084908 3.249851
v -4.725249 9.220561 3.301722
v -4.725249 9.288865 3.355793
v -4.725249 9.084908 3.303025
v 0.874578 5.119725 3.110853
v 0.874578 5.429725 3.094184
v 2.274579 5.429725 3.110853
v 2.274579 5.119725 3.094184
v -2.625413 5.119725 3.110853
v -2.625413 5.429725 3.094184
v -1.225424 5.429725 3.110853
v -1.225424 5.119725 3.094184
v -4.725243 9.084907 -6.982350
v -4.725243 9.084907 -7.192486
v -4.725244 9.158295 -7.182026
v -4.725244 9.242825 -7.164590
v -4.725244 9.261037 -7.117144
v -4.725244 9.305067 -7.101296
v -4.725244 9.345022 -7.088009
v -4.725244 9.410722 -7.034142
v -4.725243 9.548450 -7.035525
v -4.725243 9.548450 -6.982351
v 4.364430 9.306348 -7.100379
v 4.364430 9.260086 -7.127040
v 4.364430 9.219023 -7.172898
v 4.364430 9.158294 -7.185013
v 4.364430 9.084907 -7.192484
v 4.364430 9.084907 -6.982347
v 4.364430 9.548450 -6.982349
v 4.364430 9.364628 -7.056809
v 4.364430 9.548450 -7.035523
v 4.364430 9.423616 -7.041507
v -3.036436 5.704725 2.684209
v -3.371423 5.704725 2.690877
v -3.371423 5.754725 2.684209
v -3.036436 5.754725 2.690877
v -3.036436 6.239725 2.684209
v -3.371423 6.239725 2.690877
v -3.371423 6.289725 2.684209
v -3.036436 6.289725 2.690877
v -3.816432 5.219726 2.685279
v -3.481420 5.219726 2.684944
v -3.481420 7.309725 2.685279
v -3.816432 7.309725 2.684944
v -3.481420 6.774725 2.684209
v -3.816432 6.774725 2.690877
v -3.816432 6.824725 2.684209
v -3.481420 6.824725 2.690877
v -3.036436 6.774725 2.684209
v -3.371423 6.774725 2.690877
v -3.371423 6.824725 2.684209
v -3.036436 6.824725 2.690877
v -2.986430 5.119725 2.692541
v -3.421430 5.119725 2.707541
v -3.421430 5.119725 2.677541
v -3.036436 7.309725 2.692541
v -3.371423 7.309725 2.692541
v -3.036436 5.219726 2.707541
v -3.036436 5.219726 2.677541
v -3.371423 5.219726 2.692541
v -3.421430 7.359725 2.707541
v -2.986430 7.359725 2.707541
v -2.986430 7.359725 2.677541
v -3.421430 7.359725 2.677541
v -3.371423 5.219726 2.685279
v -3.036436 5.219726 2.684944
v -3.036436 7.309725 2.685279
v -3.371423 7.309725 2.684944
v -3.866450 7.359725 2.677541
v -3.899771 5.119725 2.677541
v -3.916432 7.409725 2.677541
v -2.936436 7.409725 2.677541
v -2.969774 5.119725 2.677541
v -2.986442 7.359725 2.677541
v -2.953105 5.119725 2.757548
v -3.866450 7.359725 2.757548
v -3.883111 5.119725 2.757548
v -2.986442 7.359725 2.757548
v -3.916432 7.409725 2.757548
v -2.936436 7.409725 2.757548
v -3.431463 5.119725 2.692541
v -3.866475 5.119725 2.692541
v -3.481457 7.309725 2.692541
v -3.816469 7.309725 2.692541
v -3.481457 5.219726 2.707541
v -3.481457 5.219726 2.677541
v -3.816469 5.219726 2.707541
v -3.816469 5.219726 2.677541
v -3.866475 7.359725 2.707541
v -3.431463 7.359725 2.707541
v -3.431463 7.359725 2.677541
v -3.866475 7.359725 2.677541
v -3.481420 5.704725 2.684209
v -3.816432 5.704725 2.690877
v -3.816432 5.754725 2.684209
v -3.481420 5.754725 2.690877
v -3.481420 6.239725 2.684209
v -3.816432 6.239725 2.690877
v -3.816432 6.289725 2.684209
v -3.481420 6.289725 2.690877
v 3.463967 5.704725 2.684209
v 3.128979 5.704725 2.690877
v 3.128979 5.754725 2.684209
v 3.463967 5.754725 2.690877
v 4.428789 5.683975 -0.463611
v 4.402283 5.683975 -0.129606
v 4.395648 5.733975 -0.130266
v 4.435424 5.733975 -0.462951
v 4.428789 5.683975 -4.388768
v 4.402283 5.683975 -4.054764
v 4.395648 5.733975 -4.055424
v 4.435424 5.733975 -4.388108
v 4.428789 2.102817 -4.388767
v 4.402283 2.102817 -4.054764
v 4.395648 2.152817 -4.055424
v 4.435424 2.152817 -4.388108
v 4.428789 2.102817 -0.387183
v 4.402283 2.102817 -0.053180
v 4.395648 2.152817 -0.053840
v 4.435424 2.152817 -0.386524
v 3.463967 6.239725 2.684209
v 3.128979 6.239725 2.690877
v 3.128979 6.289725 2.684209
v 3.463967 6.289725 2.690877
v 4.428789 6.218975 -0.463611
v 4.402283 6.218975 -0.129606
v 4.395647 6.268975 -0.130266
v 4.435424 6.268975 -0.462951
v 4.428789 6.218975 -4.388768
v 4.402283 6.218975 -4.054764
v 4.395647 6.268975 -4.055424
v 4.435424 6.268975 -4.388108
v 4.428789 2.637818 -4.388767
v 4.402283 2.637818 -4.054764
v 4.395647 2.687817 -4.055424
v 4.435424 2.687817 -4.388108
v 4.428789 2.637818 -0.387184
v 4.402283 2.637818 -0.053180
v 4.395647 2.687817 -0.053840
v 4.435424 2.687817 -0.386524
v 2.683970 5.219726 2.685279
v 3.018982 5.219726 2.684944
v 3.018982 7.309725 2.685279
v 2.683970 7.309725 2.684944
v 4.352687 5.198976 0.312666
v 4.385497 5.198976 -0.020735
v 4.385831 7.288975 -0.020703
v 4.352354 7.288975 0.312633
v 4.352687 5.198975 -3.612492
v 4.385497 5.198975 -3.945894
v 4.385831 7.288974 -3.945860
v 4.352354 7.288974 -3.612525
v 4.352687 1.617818 -3.612491
v 4.385497 1.617818 -3.945893
v 4.385831 3.707817 -3.945860
v 4.352354 3.707817 -3.612524
v 4.352687 1.617818 0.389093
v 4.385497 1.617818 0.055691
v 4.385831 3.707817 0.055724
v 4.352354 3.707817 0.389060
v 3.018982 6.774725 2.684209
v 2.683970 6.774725 2.690877
v 2.683970 6.824725 2.684209
v 3.018982 6.824725 2.690877
v 4.384765 6.753975 -0.020809
v 4.358257 6.753975 0.313220
v 4.351622 6.803976 0.312560
v 4.391401 6.803976 -0.020149
v 4.384765 6.753974 -3.945966
v 4.358257 6.753974 -3.611938
v 4.351622 6.803975 -3.612598
v 4.391401 6.803975 -3.945306
v 4.384765 3.172817 -3.945966
v 4.358257 3.172817 -3.611938
v 4.351622 3.222818 -3.612597
v 4.391401 3.222818 -3.945306
v 4.384765 3.172817 0.055618
v 4.358257 3.172817 0.389646
v 4.351622 3.222818 0.388986
v 4.391401 3.222818 0.056278
v 3.463967 6.774725 2.684209
v 3.128979 6.774725 2.690877
v 3.128979 6.824725 2.684209
v 3.463967 6.824725 2.690877
v 4.428789 6.753975 -0.463611
v 4.402283 6.753975 -0.129606
v 4.395647 6.803976 -0.130266
v 4.435424 6.803976 -0.462951
v 4.428789 6.753974 -4.388768
v 4.402283 6.753974 -4.054764
v 4.395647 6.803975 -4.055424
v 4.435424 6.803975 -4.388108
v 4.428789 3.172817 -4.388768
v 4.402283 3.172817 -4.054764
v 4.395647 3.222818 -4.055424
v 4.435424 3.222818 -4.388108
v 4.428789 3.172817 -0.387184
v 4.402283 3.172817 -0.053180
v 4.395647 3.222818 -0.053840
v 4.435424 3.222818 -0.386524
v 3.513973 5.119725 2.692541
v 3.078973 5.119725 2.692541
v 3.463967 7.309725 2.707541
v 3.128979 7.309725 2.692541
v 3.463967 7.309725 2.677541
v 3.463967 5.219726 2.707541
v 3.463967 5.219726 2.677541
v 3.128979 5.219726 2.707541
v 3.128979 5.219726 2.677541
v 3.078973 7.359725 2.707541
v 3.513973 7.359725 2.692541
v 3.078973 7.359725 2.677541
v 4.442027 5.098975 -0.512546
v 4.398992 5.098975 -0.079681
v 4.437079 7.288975 -0.462786
v 4.403939 7.288975 -0.129442
v 4.452007 5.198976 -0.461302
v 4.422153 5.198976 -0.464270
v 4.418866 5.198976 -0.127957
v 4.389012 5.198976 -0.130925
v 4.413918 7.338975 -0.078198
v 4.456954 7.338975 -0.511063
v 4.427100 7.338975 -0.514031
v 4.384065 7.338975 -0.081166
v 4.442027 5.098975 -4.437705
v 4.398992 5.098975 -4.004838
v 4.437079 7.288974 -4.387944
v 4.403939 7.288974 -4.054600
v 4.452007 5.198976 -4.386459
v 4.422153 5.198976 -4.389428
v 4.418866 5.198976 -4.053115
v 4.389012 5.198976 -4.056084
v 4.413918 7.338974 -4.003355
v 4.456954 7.338974 -4.436221
v 4.427100 7.338974 -4.439188
v 4.384065 7.338974 -4.006322
v 4.442027 1.517818 -4.437705
v 4.398992 1.517817 -4.004838
v 4.437079 3.707817 -4.387944
v 4.403939 3.707817 -4.054600
v 4.452007 1.617819 -4.386459
v 4.422153 1.617819 -4.389427
v 4.418866 1.617819 -4.053115
v 4.389012 1.617819 -4.056083
v 4.413918 3.757818 -4.003355
v 4.456954 3.757818 -4.436221
v 4.427100 3.757818 -4.439188
v 4.384065 3.757818 -4.006322
v 4.442027 1.517818 -0.436120
v 4.398992 1.517818 -0.003254
v 4.437079 3.707817 -0.386359
v 4.403939 3.707817 -0.053015
v 4.452007 1.617819 -0.384875
v 4.422153 1.617819 -0.387843
v 4.418866 1.617819 -0.051531
v 4.389012 1.617819 -0.054499
v 4.413918 3.757818 -0.001770
v 4.456954 3.757818 -0.434636
v 4.427100 3.757818 -0.437604
v 4.384065 3.757818 -0.004738
v 3.128979 5.219726 2.685279
v 3.463967 5.219726 2.684944
v 3.463967 7.309725 2.685279
v 3.128979 7.309725 2.684944
v 4.396713 5.198976 -0.130160
v 4.429521 5.198976 -0.463538
v 4.429854 7.288975 -0.463505
v 4.396380 7.288975 -0.130193
v 4.396713 5.198975 -4.055318
v 4.429521 5.198975 -4.388696
v 4.429854 7.288974 -4.388663
v 4.396380 7.288974 -4.055351
v 4.396713 1.617818 -4.055318
v 4.429521 1.617818 -4.388695
v 4.429854 3.707817 -4.388663
v 4.396380 3.707817 -4.055351
v 4.396713 1.617818 -0.053733
v 4.429521 1.617818 -0.387111
v 4.429854 3.707817 -0.387078
v 4.396380 3.707817 -0.053766
v 2.633951 7.359725 2.677541
v 2.600630 5.119725 2.677541
v 2.583970 7.409725 2.677541
v 3.563966 7.409725 2.677541
v 3.530629 5.119725 2.677541
v 3.513960 7.359725 2.677541
v 3.547297 5.119725 2.757548
v 2.633951 7.359725 2.757548
v 2.617291 5.119725 2.757548
v 3.513960 7.359725 2.757548
v 2.583970 7.409725 2.757548
v 3.563966 7.409725 2.757548
v 4.340037 7.338975 0.361673
v 4.336741 5.098975 0.394831
v 4.335093 7.388975 0.411409
v 4.432046 7.388975 -0.563779
v 4.428748 5.098975 -0.530604
v 4.427099 7.338975 -0.514018
v 4.510012 5.098975 -0.539276
v 4.419652 7.338975 0.369589
v 4.418004 5.098975 0.386168
v 4.506713 7.338975 -0.506103
v 4.414707 7.388975 0.419324
v 4.511661 7.388975 -0.555864
v 4.340037 7.338974 -3.563483
v 4.336741 5.098975 -3.530326
v 4.335093 7.388975 -3.513747
v 4.432046 7.388975 -4.488935
v 4.428748 5.098975 -4.455762
v 4.427099 7.338974 -4.439176
v 4.510012 5.098975 -4.464434
v 4.419652 7.338974 -3.555568
v 4.418004 5.098975 -3.538990
v 4.506713 7.338974 -4.431261
v 4.414707 7.388975 -3.505832
v 4.511661 7.388975 -4.481020
v 4.340037 3.757818 -3.563483
v 4.336741 1.517818 -3.530326
v 4.335093 3.807818 -3.513747
v 4.432046 3.807818 -4.488935
v 4.428748 1.517818 -4.455762
v 4.427099 3.757818 -4.439176
v 4.510012 1.517818 -4.464434
v 4.419652 3.757818 -3.555568
v 4.418004 1.517818 -3.538989
v 4.506713 3.757818 -4.431261
v 4.414707 3.807818 -3.505832
v 4.511661 3.807818 -4.481020
v 4.340037 3.757818 0.438101
v 4.336741 1.517818 0.471258
v 4.335093 3.807818 0.487837
v 4.432046 3.807818 -0.487352
v 4.428748 1.517818 -0.454178
v 4.427099 3.757818 -0.437591
v 4.510012 1.517818 -0.462849
v 4.419652 3.757818 0.446016
v 4.418004 1.517818 0.462595
v 4.506713 3.757818 -0.429676
v 4.414707 3.807818 0.495752
v 4.511661 3.807818 -0.479436
v 3.068939 5.119725 2.692541
v 2.633927 5.119725 2.692541
v 3.018945 7.309725 2.707541
v 2.683933 7.309725 2.692541
v 3.018945 7.309725 2.677541
v 3.018945 5.219726 2.707541
v 3.018945 5.219726 2.677541
v 2.683933 5.219726 2.707541
v 2.683933 5.219726 2.677541
v 2.633927 7.359725 2.707541
v 3.068939 7.359725 2.692541
v 2.633927 7.359725 2.677541
v 4.397999 5.098975 -0.069696
v 4.369889 5.098975 0.364666
v 4.340035 5.098975 0.361698
v 4.393053 7.288975 -0.019948
v 4.359909 7.288975 0.313421
v 4.407979 5.198976 -0.018463
v 4.378126 5.198976 -0.021431
v 4.359910 5.198976 0.313422
v 4.369889 7.338975 0.364665
v 4.412925 7.338975 -0.068213
v 4.383072 7.338975 -0.071181
v 4.340035 7.338975 0.361697
v 4.397999 5.098975 -3.994853
v 4.369889 5.098975 -3.560492
v 4.340035 5.098975 -3.563459
v 4.407979 7.288974 -3.943620
v 4.359909 7.288974 -3.611737
v 4.378126 7.288974 -3.946589
v 4.407979 5.198976 -3.943620
v 4.378126 5.198976 -3.946589
v 4.359910 5.198976 -3.611737
v 4.369889 7.338974 -3.560492
v 4.397999 7.338975 -3.994853
v 4.340035 7.338974 -3.563459
v 4.397999 1.517818 -3.994853
v 4.369889 1.517818 -3.560491
v 4.340035 1.517818 -3.563459
v 4.407979 3.707817 -3.943620
v 4.359909 3.707817 -3.611736
v 4.378126 3.707817 -3.946589
v 4.407979 1.617819 -3.943620
v 4.378126 1.617819 -3.946589
v 4.359910 1.617819 -3.611736
v 4.369889 3.757818 -3.560491
v 4.397999 3.757818 -3.994853
v 4.340035 3.757818 -3.563459
v 4.397999 1.517818 0.006731
v 4.369889 1.517818 0.441093
v 4.340035 1.517818 0.438125
v 4.393053 3.707817 0.056480
v 4.359909 3.707817 0.389848
v 4.407979 1.617819 0.057964
v 4.378126 1.617819 0.054996
v 4.359910 1.617819 0.389848
v 4.369889 3.757818 0.441093
v 4.412925 3.757818 0.008215
v 4.383072 3.757818 0.005247
v 4.340035 3.757818 0.438125
v 3.018982 5.704725 2.684209
v 2.683970 5.704725 2.690877
v 2.683970 5.754725 2.684209
v 3.018982 5.754725 2.690877
v 4.384765 5.683975 -0.020809
v 4.358257 5.683975 0.313220
v 4.351622 5.733975 0.312560
v 4.391401 5.733975 -0.020149
v 4.384765 5.683975 -3.945966
v 4.358257 5.683975 -3.611938
v 4.351622 5.733975 -3.612598
v 4.391401 5.733975 -3.945306
v 4.384765 2.102817 -3.945966
v 4.358257 2.102817 -3.611938
v 4.351622 2.152817 -3.612597
v 4.391401 2.152817 -3.945306
v 4.384765 2.102817 0.055619
v 4.358257 2.102817 0.389646
v 4.351622 2.152817 0.388987
v 4.391401 2.152817 0.056278
v 3.018982 6.239725 2.684209
v 2.683970 6.239725 2.690877
v 2.683970 6.289725 2.684209
v 3.018982 6.289725 2.690877
v 4.384765 6.218975 -0.020809
v 4.358257 6.218975 0.313220
v 4.351622 6.268975 0.312560
v 4.391401 6.268975 -0.020149
v 4.384765 6.218975 -3.945966
v 4.358257 6.218975 -3.611938
v 4.351622 6.268975 -3.612598
v 4.391401 6.268975 -3.945306
v 4.384765 2.637818 -3.945966
v 4.358257 2.637818 -3.611938
v 4.351622 2.687817 -3.612597
v 4.391401 2.687817 -3.945306
v 4.384765 2.637818 0.055618
v 4.358257 2.637818 0.389646
v 4.351622 2.687817 0.388986
v 4.391401 2.687817 0.056278
v -3.815812 5.729723 -6.329696
v -3.475814 5.729723 -6.330027
v -3.815812 7.309724 -6.330027
v -3.475814 7.309724 -6.329696
v -0.653715 2.064542 2.789687
v -0.674790 2.072763 2.789687
v -0.656891 2.081007 2.789687
v -0.653418 2.064456 2.719687
v -0.671812 2.065967 2.719687
v -0.662407 2.084030 2.719687
v -0.658916 1.983087 2.780153
v -0.640811 1.983087 2.811839
v -0.681988 1.983087 2.795278
v -0.675090 1.983087 2.819536
v -0.658349 2.583087 2.780248
v -0.681842 2.583087 2.794864
v -0.677082 2.583087 2.817262
v -0.643826 2.583087 2.815047
v -0.651412 2.480381 2.789687
v -0.665824 2.471998 2.789687
v -0.667832 2.493237 2.789687
v -0.673165 2.480128 2.719687
v -0.658465 2.493608 2.719687
v -0.656476 2.472553 2.719687
vn -1.0000 -0.0000 -0.0000
vn -0.0000 -0.0000 1.0000
vn 1.0000 -0.0000 -0.0000
vn -0.0000 -0.0000 -1.0000
vn -0.0000 1.0000 -0.0000
vn -0.0000 -1.0000 -0.0000
vn -0.7151 0.6985 0.0269
vn -0.5677 0.5799 0.5843
vn 0.5584 0.5798 0.5933
vn 0.7178 0.6952 0.0372
vn -0.5586 -0.5798 0.5931
vn 0.5676 -0.5799 0.5845
vn -0.7178 -0.6952 0.0371
vn 0.7151 -0.6985 0.0270
vn 0.9933 -0.1158 0.0021
vn 0.7223 -0.6914 0.0165
vn -0.9933 -0.1158 -0.0021
vn -0.7223 -0.6914 -0.0165
vn 0.0989 -0.0000 -0.9951
vn -0.0989 -0.0000 0.9951
vn -0.9753 -0.0003 0.2208
vn 0.9753 -0.0003 -0.2208
vn -0.9846 -0.0099 -0.1745
vn -0.9951 -0.0000 -0.0989
vn -0.9949 -0.0003 -0.1012
vn -0.9834 -0.0108 -0.1812
vn 0.9834 -0.0108 0.1812
vn 0.9846 -0.0099 0.1745
vn 0.9949 -0.0003 0.1012
vn 0.9951 -0.0000 0.0989
vn 0.0990 -0.0000 -0.9951
vn -0.7737 -0.4428 0.4532
vn 0.4526 -0.6871 0.5683
vn 0.2776 -0.8993 0.3380
vn -0.6012 -0.7506 0.2742
vn 0.2680 -0.8927 0.3623
vn -0.6825 -0.4802 0.5510
vn 0.4785 -0.6538 0.5861
vn -0.6903 0.4068 0.5983
vn 0.5059 0.5156 0.6916
vn 0.3269 -0.8959 -0.3009
vn 0.6349 -0.6862 -0.3550
vn 0.4573 -0.7617 -0.4589
vn 0.5781 -0.6514 -0.4914
vn 0.7582 0.3323 -0.5611
vn -0.4342 0.4841 -0.7597
vn -0.6647 -0.4139 -0.6219
vn -0.6342 -0.6204 -0.4614
vn -0.8060 -0.4270 0.4098
vn -0.6903 0.4069 0.5983
vn 0.5781 -0.6513 -0.4914
vn 0.7582 0.3323 -0.5610
vn -0.6648 -0.4138 -0.6220
vn -0.7874 -0.4228 0.4485
vn -0.6832 -0.4797 0.5506
vn -0.6647 -0.4138 -0.6220
vn -0.7869 -0.4229 0.4493
vn -0.6012 -0.7505 0.2742
vn -0.6832 -0.4795 0.5508
vn -0.4234 -0.5009 -0.7549
vn -0.5369 -0.6481 0.5400
vn -0.6100 -0.4767 -0.6330
vn -0.4940 -0.7392 0.4577
vn -0.2720 -0.9032 0.3320
vn -0.3971 -0.6232 -0.6737
vn -0.4904 -0.7937 0.3600
vn -0.5286 -0.7484 0.4007
vn -0.6623 0.4096 -0.6273
vn -0.6379 0.5151 0.5725
vn 0.3316 -0.8959 0.2956
vn 0.4167 -0.6859 0.5966
vn 0.5032 -0.7616 0.4083
vn 0.5464 -0.6512 0.5267
vn 0.6333 0.3323 0.6989
vn 0.7129 0.4842 -0.5072
vn 0.5531 -0.4139 -0.7230
vn 0.3964 -0.6204 -0.6768
vn -0.3377 -0.7247 -0.6007
vn -0.6009 -0.5207 0.6065
vn -0.7313 0.3626 -0.5777
vn -0.3685 -0.8495 0.3776
vn -0.6013 0.4827 0.6368
vn 0.4870 -0.6566 0.5759
vn 0.6766 0.2603 0.6889
vn 0.5020 -0.7461 0.4374
vn 0.7374 0.3932 -0.5492
vn 0.3896 -0.6527 -0.6497
vn -0.4780 -0.4845 -0.7327
vn -0.5208 -0.6871 0.5066
vn -0.3089 -0.8993 0.3096
vn -0.3323 -0.7506 -0.5711
vn -0.3340 -0.8927 0.3025
vn -0.6156 -0.4794 -0.6255
vn -0.5359 -0.6538 0.5342
vn -0.6636 0.4068 -0.6277
vn -0.6381 0.5156 0.5718
vn 0.3318 -0.8959 0.2955
vn 0.4161 -0.6862 0.5967
vn 0.5019 -0.7617 0.4097
vn 0.5462 -0.6513 0.5267
vn 0.6333 0.3323 0.6990
vn 0.7130 0.4841 -0.5072
vn -0.3376 -0.7247 -0.6007
vn -0.6005 -0.5208 0.6068
vn -0.7314 0.3626 -0.5776
vn -0.3689 -0.8496 0.3770
vn -0.6021 0.4817 0.6367
vn 0.5384 -0.6406 0.5475
vn 0.6822 0.2611 0.6829
vn 0.4916 -0.7649 0.4162
vn 0.7525 0.3818 -0.5367
vn 0.4002 -0.6445 -0.6515
vn 0.5522 -0.4060 -0.7282
vn 0.7130 0.4846 -0.5068
vn 0.5475 -0.6510 0.5257
vn 0.4001 -0.6305 -0.6651
vn 0.3367 -0.8939 0.2959
vn 0.3938 -0.6860 0.6118
vn 0.4992 -0.7559 0.4237
vn 0.6319 0.3347 0.6990
vn -0.3079 -0.8995 0.3101
vn -0.5212 -0.6874 0.5057
vn -0.5357 -0.6539 0.5342
vn -0.6158 -0.4794 -0.6252
vn -0.4780 -0.4852 -0.7321
vn -0.3309 -0.7515 -0.5707
vn -0.3333 -0.8932 0.3018
vn -0.6626 0.4086 -0.6277
vn -0.6374 0.5169 0.5714
vn -0.3971 -0.6232 -0.6738
vn 0.3317 -0.8959 0.2956
vn -0.6156 -0.4794 -0.6254
vn 0.5586 -0.3938 -0.7300
vn 0.6934 0.4220 -0.5840
vn 0.5390 -0.6582 0.5256
vn 0.2963 -0.8917 0.3421
vn 0.5562 -0.6208 0.5526
vn 0.3885 -0.6337 -0.6689
vn 0.2706 -0.7589 0.5923
vn 0.4992 -0.7559 0.4236
vn 0.6177 0.4649 0.6342
vn -0.3061 -0.8991 0.3128
vn -0.5349 -0.6532 0.5359
vn -0.4781 -0.4853 -0.7321
vn -0.6628 0.4080 -0.6279
vn -0.6387 0.5177 0.5693
vn -0.0046 0.0022 1.0000
vn 0.0020 1.0000 -0.0022
vn 0.0046 -0.0022 -1.0000
vn -0.0020 -1.0000 0.0022
vn 1.0000 -0.0020 0.0046
vn -1.0000 0.0020 -0.0046
vn -0.0536 -0.6924 0.7196
vn -0.0825 -0.1189 0.9895
vn -0.3162 -0.0005 -0.9487
vn -0.1006 -0.0138 -0.9948
vn 0.3162 -0.0005 0.9487
vn 0.1006 -0.0138 0.9948
vn 0.0536 -0.6924 -0.7196
vn 0.0825 -0.1189 -0.9895
vn 0.0029 -0.0005 -1.0000
vn -0.0743 -0.0124 -0.9972
vn -0.0029 -0.0005 1.0000
vn 0.0743 -0.0124 0.9972
vn 0.7372 -0.1042 -0.6676
vn 0.7085 -0.1225 -0.6950
vn 0.0075 -0.0000 -1.0000
vn 0.4212 -0.4066 -0.8107
vn 0.6065 -0.5111 -0.6090
vn 0.6709 -0.2304 -0.7049
vn 0.6562 -0.3597 -0.6633
vn 0.5963 -0.3956 0.6985
vn 0.5126 -0.4209 0.7484
vn 0.6609 -0.3794 0.6475
vn 0.7044 -0.1067 0.7018
vn 0.7214 -0.0740 0.6886
vn -1.0000 -0.0000 -0.0075
vn 0.6695 -0.1026 0.7357
vn 0.5870 -0.2849 0.7578
vn -0.0075 -0.0000 1.0000
vn 0.9436 -0.3311 0.0076
vn 0.9999 0.0101 0.0075
vn 0.9989 -0.0474 0.0067
vn -0.0865 -0.5052 0.8586
vn 0.0876 -0.4990 0.8622
vn -0.0025 0.9999 0.0128
vn -0.0000 1.0000 0.0074
vn -0.5178 0.0571 0.8536
vn -0.5140 -0.0577 0.8558
vn 0.9999 0.0016 0.0137
vn 1.0000 -0.0000 0.0074
vn -0.0011 -0.3200 0.9474
vn 0.0015 -1.0000 0.0098
vn -0.0015 -1.0000 -0.0034
vn 0.0034 -1.0000 0.0075
vn -0.9999 -0.0037 0.0148
vn -0.9999 0.0026 -0.0101
vn -0.9999 -0.0026 0.0101
vn -0.9999 0.0037 -0.0148
vn 0.0025 -0.9999 0.0128
vn -0.0000 -1.0000 0.0074
vn -0.9999 -0.0016 0.0137
vn -1.0000 -0.0000 0.0074
vn -0.0067 0.9999 0.0149
vn 0.0031 1.0000 -0.0068
vn -0.0022 0.7093 -0.7049
vn 0.0067 0.9998 -0.0212
vn 0.7083 -0.0013 0.7060
vn 1.0000 0.0013 0.0086
vn 1.0000 -0.0013 -0.0086
vn 0.7067 0.0013 -0.7075
vn 0.0866 -0.5038 -0.8594
vn -0.0876 -0.5004 -0.8614
vn 0.0025 0.9999 -0.0128
vn -0.0000 1.0000 -0.0074
vn -0.5178 -0.0571 -0.8536
vn -0.5140 0.0577 -0.8558
vn 0.9999 -0.0016 -0.0137
vn 1.0000 -0.0000 -0.0074
vn -0.0865 0.5053 -0.8586
vn 0.0876 0.4989 -0.8622
vn -0.0025 -0.9999 -0.0128
vn -0.0000 -1.0000 -0.0074
vn 0.5192 0.0570 -0.8527
vn 0.5154 -0.0577 -0.8550
vn -0.9999 0.0016 -0.0136
vn -1.0000 -0.0000 -0.0074
vn -0.9999 0.0016 -0.0137
vn 0.9999 -0.0016 -0.0136
vn 0.0034 1.0000 -0.0075
vn -0.0015 1.0000 0.0034
vn 0.0015 1.0000 -0.0098
vn -0.0011 0.3198 -0.9475
vn -0.5145 0.0577 -0.8556
vn -0.5183 -0.0570 -0.8533
vn 0.0068 -0.9999 0.0148
vn -0.0031 -1.0000 -0.0067
vn 0.0010 -0.3186 -0.9479
vn -0.0068 -0.9998 -0.0212
vn 0.5187 -0.0570 0.8530
vn 0.5149 0.0577 0.8553
vn -0.9999 -0.0016 0.0136
vn 0.0067 -0.9998 0.0212
vn -0.0022 -0.7093 0.7049
vn 0.0031 -1.0000 0.0068
vn -0.0067 -0.9999 -0.0149
vn 0.0024 0.7071 0.7071
vn -0.0015 1.0000 0.0098
vn 0.0015 1.0000 -0.0034
vn -0.0034 1.0000 0.0074
vn 0.0068 0.9999 -0.0148
vn -0.0031 1.0000 0.0067
vn 0.0010 0.3186 0.9479
vn -0.0068 0.9998 0.0212
vn 0.3201 0.0006 -0.9474
vn 1.0000 -0.0013 -0.0087
vn 1.0000 0.0013 0.0087
vn 0.3197 -0.0006 0.9475
vn -0.0865 0.5048 -0.8589
vn 0.0876 0.4994 -0.8619
vn 0.5187 0.0570 -0.8530
vn 0.5149 -0.0577 -0.8553
vn 0.0024 -0.7079 -0.7063
vn -0.0015 -1.0000 -0.0098
vn 0.0015 -1.0000 0.0034
vn -0.0034 -1.0000 -0.0074
vn -0.9999 0.0037 -0.0149
vn -0.9999 -0.0025 0.0102
vn -0.9999 0.0026 -0.0102
vn -0.9999 -0.0037 0.0149
vn 0.0866 -0.5043 -0.8592
vn -0.0876 -0.4999 -0.8617
vn -0.5145 0.0577 -0.8555
vn -0.3047 -0.3048 -0.9024
vn -1.0000 0.0013 -0.0087
vn -1.0000 -0.0013 0.0087
vn -0.3197 0.0006 0.9475
vn 0.9999 -0.0037 -0.0148
vn 0.9999 0.0025 0.0102
vn 0.9999 -0.0025 -0.0102
vn 0.9999 0.0037 0.0148
vn 0.0558 -0.6909 -0.7208
vn 0.0825 -0.1144 -0.9900
vn -0.0558 -0.6909 0.7208
vn -0.0825 -0.1144 0.9900
vn -0.3162 -0.0002 -0.9487
vn -0.0947 -0.0092 -0.9955
vn -0.0020 -0.0002 1.0000
vn 0.3162 -0.0002 0.9487
vn 0.0772 -0.0086 0.9970
vn 0.0947 -0.0092 0.9955
vn 0.0020 -0.0002 -1.0000
vn -0.0772 -0.0086 -0.9970
vn -0.5394 -0.0006 0.8420
vn 0.0010 -0.8173 0.5762
vn 0.3189 0.0003 -0.9478
vn -0.0020 -0.8445 -0.5356
vn 0.0656 0.5145 0.8550
vn -0.0663 0.5114 0.8568
vn 0.0018 -0.9999 0.0134
vn 0.0012 -0.8174 0.5761
vn 0.5342 0.0006 0.8453
vn -0.0019 -0.8439 -0.5364
vn -0.3197 -0.0004 -0.9475
vn -1.0000 -0.0012 0.0074
vn -0.0018 0.9999 0.0134
vn 0.9999 0.0008 0.0125
vn 0.0866 -0.5039 -0.8594
vn -0.0876 -0.5003 -0.8614
vn -0.5140 0.0577 -0.8559
vn -0.0865 0.5049 -0.8589
vn 0.0876 0.4995 -0.8619
vn 0.5187 0.0570 -0.8531
vn 0.0553 -0.6913 -0.7205
vn 0.0825 -0.1155 -0.9899
vn -0.0553 -0.6913 0.7205
vn -0.0825 -0.1155 0.9899
vn -0.3162 -0.0003 -0.9487
vn -0.0962 -0.0104 -0.9953
vn -0.0022 -0.0003 1.0000
vn 0.3162 -0.0003 0.9487
vn 0.0765 -0.0096 0.9970
vn 0.0962 -0.0104 0.9953
vn 0.0022 -0.0003 -1.0000
vn -0.0765 -0.0096 -0.9970
vn 0.3200 -0.0004 0.9474
vn 0.0007 -0.8447 0.5352
vn -0.5339 0.0006 -0.8456
vn 0.0003 -0.8141 -0.5807
vn 0.0045 -0.9999 0.0148
vn -0.0028 -1.0000 -0.0093
vn -0.3048 -0.3047 -0.9024
vn -0.0045 -0.9998 -0.0191
vn -0.0003 -0.8141 0.5807
vn 0.5343 0.0006 0.8453
vn -0.0007 -0.8444 -0.5357
vn 0.0016 0.7075 0.7068
vn -0.0014 1.0000 0.0089
vn -0.9999 0.0009 -0.0122
vn 0.0014 1.0000 -0.0046
vn -0.0022 1.0000 0.0074
vn 0.9999 0.0009 0.0122
vn 0.0009 -0.8128 -0.5825
vn -0.5339 0.0006 -0.8455
vn 0.0004 -0.8446 0.5353
vn 0.3197 -0.0005 0.9475
vn 0.5397 -0.0006 -0.8418
vn 0.0009 -0.8127 -0.5827
vn -0.3189 0.0003 0.9478
vn 0.0003 -0.8431 0.5377
vn -0.9999 0.0009 -0.0121
vn 1.0000 -0.0014 -0.0074
vn 0.7322 -0.6804 -0.0306
vn 0.1221 -0.6420 0.7569
vn 0.1221 0.6420 -0.7569
vn 0.5989 0.7934 -0.1087
vn 0.1069 0.0981 -0.9894
vn 0.1298 -0.0920 -0.9873
vn 0.1868 -0.1947 -0.9629
vn 0.7322 0.6804 0.0306
vn 0.5989 -0.7934 0.1087
vn 0.1868 0.1947 0.9629
vn 0.1069 -0.0981 0.9894
vn 0.1298 0.0920 0.9873
vn 0.8203 -0.5669 -0.0760
vn 0.8202 0.5669 0.0760
vn -0.8202 -0.5669 0.0760
vn -0.8203 0.5669 -0.0760
vn 0.8202 0.5670 0.0760
vn -0.8203 -0.5669 0.0760
vn -0.8202 0.5670 -0.0760
vn 0.5855 -0.8082 0.0633
vn 0.5855 0.8082 -0.0631
vn -0.5855 -0.8082 -0.0633
vn -0.5855 0.8082 0.0631
vn -0.7322 -0.6804 0.0306
vn -0.1221 -0.6420 -0.7569
vn -0.1221 0.6420 0.7569
vn -0.5987 0.7935 0.1087
vn -0.1069 0.0981 0.9894
vn -0.1298 -0.0920 0.9873
vn -0.1868 -0.1947 0.9629
vn -0.7322 0.6804 -0.0306
vn -0.5987 -0.7935 -0.1087
vn -0.1868 0.1947 -0.9629
vn -0.1069 -0.0981 -0.9894
vn -0.1298 0.0920 -0.9873
vn 0.1222 0.6420 -0.7569
vn 0.5991 0.7933 -0.1087
vn 0.1867 -0.1947 -0.9629
vn 0.5990 -0.7933 0.1087
vn -0.8202 0.5669 -0.0760
vn 0.5855 -0.8082 0.0629
vn -0.5855 -0.8082 -0.0630
vn -0.5989 0.7934 0.1087
vn -0.1867 -0.1947 0.9629
vn -0.5989 -0.7934 -0.1087
vn -0.1867 0.1947 -0.9629
vn -0.8202 -0.5670 0.0760
vn 0.8202 -0.5670 -0.0760
vn 0.8203 0.5669 0.0760
vn -0.5862 -0.8077 -0.0629
vn -0.5862 0.8077 0.0629
vn 0.5862 -0.8077 0.0629
vn 0.5862 0.8077 -0.0629
vn 0.5990 0.7933 -0.1087
vn -0.5862 -0.8077 -0.0631
vn -0.5862 0.8077 0.0631
vn 0.5862 -0.8077 0.0631
vn 0.5862 0.8077 -0.0631
vn 0.5991 -0.7933 0.1087
vn 0.1222 -0.6420 0.7569
vn 0.1867 0.1947 0.9629
vn 0.8202 -0.5669 -0.0760
vn -0.5855 0.8082 0.0630
vn 0.5855 -0.8082 0.0630
vn 0.5855 0.8082 -0.0630
vn -0.5855 -0.8082 -0.0632
vn 0.5855 -0.8082 0.0631
vn 0.5855 0.8082 -0.0632
vn -0.5987 0.7936 0.1087
vn -0.6992 -0.7149 -0.0000
vn -0.0515 -0.6728 -0.7381
vn -0.5818 -0.8134 -0.0000
vn -0.1582 -0.2149 0.9637
vn -0.8670 0.4983 -0.0000
vn -0.1687 0.2769 -0.9460
vn -0.7341 0.6790 -0.0000
vn -0.1005 0.6533 0.7504
vn -0.1754 -0.0410 0.9836
vn -0.0695 0.0716 0.9950
vn -0.1318 -0.1198 -0.9840
vn -0.1609 0.1138 -0.9804
vn -0.8198 -0.5675 0.0761
vn -0.8199 0.5674 -0.0761
vn 0.8198 -0.5675 -0.0761
vn 0.8199 0.5674 0.0761
vn -0.8199 -0.5674 0.0761
vn 0.8199 -0.5674 -0.0761
vn -0.8199 -0.5675 0.0761
vn 0.8199 -0.5675 -0.0761
vn 0.5747 -0.8180 0.0244
vn 0.5747 0.8180 -0.0244
vn -0.5747 -0.8180 -0.0244
vn -0.5747 0.8180 0.0244
vn -0.3167 -0.0024 0.9485
vn 0.1104 -0.8423 0.5276
vn 0.3167 -0.0024 0.9485
vn 0.1102 -0.8423 0.5276
vn -0.3167 -0.0024 -0.9485
vn -0.1103 -0.8422 -0.5277
vn -0.1104 -0.8423 -0.5276
vn 0.3167 -0.0024 -0.9485
vn 1.0000 -0.0074 -0.0046
vn 1.0000 -0.0073 -0.0000
vn -1.0000 -0.0073 -0.0000
vn -1.0000 -0.0074 0.0046
vn 0.7263 -0.6874 -0.0000
vn 0.1813 -0.0683 0.9810
vn -0.7264 -0.6872 -0.0000
vn -0.1813 -0.0683 -0.9811
vn -0.6368 -0.7710 -0.0000
vn -0.6510 -0.1101 0.7510
vn 0.6368 -0.7711 -0.0000
vn 0.6510 -0.1101 -0.7510
vn -0.1417 -0.1436 0.9794
vn 0.1553 -0.0686 0.9855
vn 0.1417 -0.1436 -0.9794
vn -0.1553 -0.0686 -0.9855
vn -0.8198 -0.5676 0.0761
vn -0.8200 0.5673 -0.0761
vn 0.8198 -0.5676 -0.0761
vn 0.8200 0.5673 0.0761
vn 0.8199 0.5675 0.0761
vn 0.5747 -0.8180 0.0237
vn 0.5747 0.8180 -0.0237
vn -0.5747 -0.8180 -0.0237
vn -0.5747 0.8180 0.0237
vn 0.6338 -0.7667 0.1028
vn 0.1831 -0.1873 -0.9651
vn 0.6338 0.7666 -0.1027
vn 0.1831 0.1873 0.9651
vn 0.7240 0.6891 0.0302
vn 0.1260 0.6413 -0.7568
vn 0.7240 -0.6891 -0.0302
vn 0.1260 -0.6413 0.7568
vn 0.1101 0.1043 -0.9884
vn 0.1263 -0.1014 -0.9868
vn 0.1263 0.1013 0.9868
vn 0.1101 -0.1043 0.9884
vn -0.8297 0.5532 -0.0745
vn -0.8296 -0.5534 0.0745
vn 0.8297 0.5532 0.0745
vn 0.8296 -0.5534 -0.0745
vn -0.8296 -0.5533 0.0745
vn -0.8296 0.5533 -0.0745
vn 0.8296 -0.5533 -0.0745
vn 0.8296 0.5533 0.0745
vn -0.8297 0.5533 -0.0745
vn 0.8297 0.5533 0.0745
vn 0.5934 -0.7954 0.1236
vn 0.5882 0.7991 -0.1243
vn -0.5882 -0.7991 -0.1243
vn -0.5934 0.7954 0.1236
vn 0.6339 -0.7665 0.1028
vn 0.6339 0.7665 -0.1027
vn 0.5934 -0.7953 0.1242
vn 0.5882 0.7990 -0.1247
vn -0.5882 -0.7990 -0.1247
vn -0.5934 0.7953 0.1242
vn 0.5576 0.8275 0.0658
vn 0.5700 -0.4181 0.7073
vn 1.0000 -0.0000 -0.0004
vn -0.5696 0.4182 0.7076
vn -0.5576 -0.8275 0.0659
vn -0.0179 0.5689 -0.8222
vn 0.0179 -0.5693 -0.8220
vn -1.0000 0.0001 0.0007
vn 0.5576 0.8274 0.0664
vn 0.5700 -0.4185 0.7070
vn -0.5696 0.4186 0.7074
vn -0.5576 -0.8274 0.0665
vn -0.0179 0.5686 -0.8224
vn 0.0179 -0.5689 -0.8222
vn -0.7151 0.6985 0.0268
vn -0.5677 0.5799 0.5844
vn 0.5586 0.5798 0.5931
vn 0.7178 0.6953 0.0369
vn 0.5677 -0.5799 0.5843
vn -0.7178 -0.6953 0.0369
vn 0.7151 -0.6985 0.0267
vn -0.7152 0.6984 0.0271
vn -0.5674 0.5798 0.5847
vn 0.5588 0.5798 0.5929
vn -0.5586 -0.5799 0.5930
vn 0.5675 -0.5798 0.5846
vn -0.7179 -0.6952 0.0374
vn -0.7150 0.6986 0.0266
vn -0.5676 0.5798 0.5845
vn 0.5589 0.5798 0.5928
vn 0.7177 0.6954 0.0367
vn -0.5590 -0.5798 0.5928
vn -0.7177 -0.6954 0.0367
vn 0.7150 -0.6986 0.0266
vn -0.7151 0.6985 0.0267
vn -0.5675 0.5798 0.5846
vn -0.5589 -0.5798 0.5928
vn -0.7152 0.6984 0.0270
vn 0.5587 0.5799 0.5930
vn 0.5674 -0.5798 0.5846
vn 0.7151 -0.6985 0.0269
vn 0.5590 0.5798 0.5928
vn -0.5588 -0.5798 0.5929
vn 0.5676 -0.5798 0.5846
vn -0.5587 -0.5799 0.5930
vn 0.7177 0.6953 0.0369
vn 0.5589 0.5798 0.5929
vn 0.6875 0.7239 -0.0573
vn 0.0982 0.2359 0.9668
vn 0.6875 -0.7239 0.0573
vn 0.0982 -0.2359 -0.9668
vn 0.7123 -0.7017 -0.0170
vn 0.0720 -0.6706 0.7384
vn 0.7123 0.7017 0.0170
vn 0.0720 0.6706 -0.7384
vn 0.0648 -0.0639 0.9958
vn 0.0678 0.0634 0.9957
vn 0.0678 -0.0635 -0.9957
vn 0.0648 0.0639 -0.9958
vn 0.8294 -0.5579 -0.0280
vn 0.8294 0.5579 0.0280
vn -0.8294 -0.5579 0.0280
vn -0.8294 0.5579 -0.0280
vn -0.8304 0.5564 -0.0281
vn -0.8304 -0.5564 0.0281
vn 0.8304 0.5564 0.0281
vn 0.8304 -0.5564 -0.0281
vn 0.0961 -0.1158 0.9886
vn 0.0551 -0.6914 0.7203
vn -0.0961 -0.1158 -0.9886
vn -0.0551 -0.6914 -0.7203
vn 0.0762 -0.0099 -0.9970
vn 0.0023 -0.0003 -1.0000
vn 0.0830 -0.0108 -0.9965
vn -0.0831 -0.0108 0.9965
vn -0.0762 -0.0099 0.9970
vn -0.0023 -0.0003 1.0000
vn -0.5393 -0.0006 0.8421
vn -0.0009 -0.8127 0.5827
vn 0.3191 0.0003 -0.9477
vn -0.0004 -0.8434 -0.5372
vn -0.3054 -0.3056 0.9019
vn 0.0004 -0.8431 0.5377
vn 0.5398 -0.0006 -0.8418
vn -0.0022 0.7096 -0.7046
vn -1.0000 -0.0015 0.0074
vn 0.0831 -0.0108 -0.9965
vn -0.0830 -0.0108 0.9965
vn 0.3201 -0.0005 0.9474
vn 0.0003 -0.8442 0.5361
vn -0.5335 0.0006 -0.8458
vn 0.0008 -0.8128 -0.5825
vn -0.3047 -0.3046 -0.9024
vn -0.0008 -0.8128 0.5825
vn 0.5349 0.0006 0.8449
vn -0.0003 -0.8433 -0.5375
vn 0.0024 0.7077 0.7065
vn 0.9999 0.0009 0.0121
vn 0.6731 -0.1042 0.7322
vn 0.7003 -0.1225 0.7032
vn 0.8139 -0.4065 0.4151
vn 0.6136 -0.5110 0.6020
vn 0.7099 -0.2305 0.6655
vn 0.6684 -0.3594 0.6512
vn -0.7163 -0.2888 0.6352
vn -0.7512 -0.4022 0.5234
vn -0.6427 -0.3795 0.6655
vn -0.6965 -0.1067 0.7096
vn -0.6831 -0.0740 0.7265
vn -0.6762 -0.3707 0.6367
vn -0.0000 -0.3311 0.9436
vn 0.0009 -0.3240 0.9461
vn -0.0000 0.0101 0.9999
vn -0.0000 0.0096 1.0000
vn -0.8087 0.5875 -0.0309
vn -0.8087 -0.5875 0.0309
vn 0.8087 0.5875 0.0309
vn 0.8087 -0.5875 -0.0309
vn -0.6731 0.1042 -0.7322
vn -0.7003 0.1225 -0.7032
vn -0.8139 0.4066 -0.4151
vn -0.6135 0.5111 -0.6020
vn -0.7099 0.2304 -0.6656
vn -0.6682 0.3599 -0.6511
vn 0.6941 0.3955 -0.6015
vn 0.7445 0.4210 -0.5181
vn 0.6426 0.3793 -0.6657
vn 0.6965 0.1067 -0.7096
vn 0.6831 0.0740 -0.7265
vn 0.7306 0.1026 -0.6750
vn 0.7532 0.2857 -0.5925
vn 0.0007 0.3320 -0.9433
vn -0.0000 -0.0100 -0.9999
vn -0.0009 0.0473 -0.9989
vn -0.5697 -0.8215 -0.0236
vn -0.5790 0.8150 0.0234
vn 0.5790 -0.8150 0.0234
vn 0.5697 0.8215 -0.0236
vn 0.1074 -0.1376 0.9847
vn 0.0515 -0.6728 0.7381
vn -0.7263 -0.6874 -0.0000
vn -0.1710 -0.0445 -0.9843
vn 0.8670 0.4983 -0.0000
vn 0.1594 0.2735 0.9486
vn 0.1163 -0.0944 -0.9887
vn 0.7071 -0.7072 -0.0000
vn 0.1467 -0.1467 -0.9782
vn 0.0695 0.0716 -0.9950
vn 0.1467 -0.1467 0.9782
vn -0.1417 -0.1435 0.9794
vn -0.5697 -0.8215 -0.0231
vn -0.5790 0.8150 0.0229
vn 0.5790 -0.8150 0.0229
vn 0.5697 0.8215 -0.0231
vn -0.1105 -0.8423 -0.5276
vn -0.1102 -0.8422 -0.5277
vn 0.1102 -0.8423 0.5277
vn 0.1105 -0.8423 0.5276
vn -0.8199 0.5675 -0.0761
vn 0.0055 -0.5669 -0.8238
vn 0.1569 0.5680 -0.8079
vn -0.0053 -0.5680 0.8230
vn -0.1568 0.5669 0.8088
vn 0.0054 -0.5674 -0.8234
vn 0.1568 0.5674 -0.8084
vn -0.0054 -0.5674 0.8234
vn -0.1569 0.5674 0.8084
vn -0.1568 0.5674 0.8084
vn 0.0054 -0.5672 -0.8235
vn 0.1569 0.5676 -0.8082
vn -0.0053 -0.5676 0.8233
vn -0.1568 0.5672 0.8085
vn -0.0805 -0.8182 0.5693
vn -0.0334 0.8181 0.5741
vn 0.0805 -0.8181 -0.5694
vn 0.0334 0.8182 -0.5740
vn -0.0807 -0.8182 0.5693
vn -0.0347 0.8182 0.5739
vn 0.0793 -0.8182 -0.5694
vn 0.0332 0.8182 -0.5740
vn -0.0807 -0.8180 0.5696
vn -0.0349 0.8184 0.5736
vn 0.0793 -0.8184 -0.5692
vn 0.0330 0.8180 -0.5743
vn -0.0805 -0.8181 0.5694
vn -0.0334 0.8182 0.5739
vn 0.0805 -0.8182 -0.5693
vn 0.0334 0.8181 -0.5741
vn 0.1568 0.5674 -0.8083
vn -0.0054 -0.5675 0.8234
vn -0.1568 0.5675 0.8083
vn 0.0054 -0.5675 -0.8234
vn 0.1569 0.5675 -0.8083
vn -0.0054 -0.5676 0.8233
vn 0.1568 0.5675 -0.8083
vn -0.1568 0.5674 0.8083
vn -0.1569 0.5674 0.8083
vn 0.0054 -0.5672 -0.8236
vn 0.1293 -0.1828 -0.9746
vn 0.1582 -0.2149 -0.9637
vn 0.1329 -0.1636 0.9775
vn 0.7342 0.6790 -0.0000
vn 0.0964 0.6549 -0.7495
vn -0.6586 -0.0884 0.7473
vn 0.1651 -0.0650 -0.9841
vn 0.6425 -0.7663 -0.0000
vn 0.1609 0.1138 0.9804
vn 0.1651 -0.0650 0.9841
vn -0.0719 -0.6873 0.7228
vn -0.9942 -0.0683 0.0834
vn 0.0719 -0.6874 -0.7227
vn 0.9942 -0.0683 -0.0834
vn 0.0630 -0.7710 -0.6337
vn -0.6829 -0.1101 -0.7221
vn -0.0630 -0.7710 0.6337
vn 0.6829 -0.1101 0.7221
vn -0.9606 -0.1436 -0.2379
vn -0.9960 -0.0686 0.0570
vn 0.9606 -0.1436 0.2379
vn 0.9960 -0.0686 -0.0570
vn -0.0719 -0.6874 0.7228
vn -0.5697 -0.8215 -0.0237
vn -0.5790 0.8150 0.0236
vn 0.5790 -0.8150 0.0236
vn 0.5697 0.8215 -0.0237
vn -0.0804 -0.8177 0.5699
vn -0.0328 0.8177 0.5748
vn 0.0810 -0.8177 -0.5700
vn 0.0329 0.8177 -0.5747
vn -0.0803 -0.8179 0.5697
vn -0.0336 0.8186 0.5734
vn 0.0800 -0.8186 -0.5687
vn 0.0334 0.8180 -0.5743
vn -0.0805 -0.8183 0.5692
vn -0.0334 0.8184 0.5737
vn 0.0806 -0.8184 -0.5690
vn 0.0337 0.8183 -0.5738
vn -0.0813 -0.8177 0.5699
vn -0.0328 0.8177 0.5747
vn 0.0807 -0.8177 -0.5699
vn 0.0328 0.8177 -0.5747
vn -0.1102 -0.8422 -0.5278
vn -0.9126 -0.0024 -0.4090
vn -0.5361 -0.8422 0.0577
vn -0.9752 -0.0023 0.2213
vn -0.5360 -0.8422 0.0575
vn 0.9752 -0.0024 -0.2213
vn 0.5361 -0.8422 -0.0574
vn 0.5360 -0.8422 -0.0577
vn 0.9125 -0.0024 0.4090
vn -0.0943 -0.0074 0.9955
vn -0.0989 -0.0073 0.9951
vn 0.0989 -0.0073 -0.9951
vn 0.0943 -0.0074 -0.9955
vn -0.5359 -0.8423 0.0577
vn -0.9752 -0.0024 0.2213
vn -0.5364 -0.8420 0.0575
vn 0.5363 -0.8421 -0.0574
vn 0.5357 -0.8425 -0.0577
vn -0.5360 -0.8422 0.0577
vn -0.5361 -0.8422 0.0575
vn 0.5360 -0.8423 -0.0577
vn 0.7341 0.6790 -0.0000
vn 0.1652 -0.0650 -0.9841
vn 0.1652 -0.0650 0.9841
vn 0.9904 -0.1376 -0.0095
vn 0.7395 -0.6728 0.0217
vn -0.0719 -0.6872 0.7229
vn -0.9964 -0.0445 0.0727
vn 0.0858 0.4983 -0.8628
vn 0.9597 0.2735 -0.0648
vn -0.9724 -0.0944 -0.2136
vn 0.0700 -0.7072 -0.7036
vn -0.9589 -0.1467 -0.2428
vn -0.9833 0.0716 -0.1676
vn 0.9880 -0.1467 -0.0492
vn 0.0692 -0.7150 -0.6957
vn 0.0576 -0.8134 -0.5789
vn -0.9433 -0.2149 -0.2528
vn -0.0990 -0.0000 0.9951
vn 0.9580 0.2769 -0.0743
vn 0.0726 0.6790 -0.7305
vn -0.7368 0.6533 -0.1743
vn -0.9615 -0.0410 -0.2719
vn 0.9922 -0.1198 -0.0338
vn 0.9915 0.1138 -0.0632
vn 0.1569 0.5674 -0.8083
vn 0.5380 -0.6161 0.5753
vn 0.3877 0.7148 0.5820
vn -0.8080 -0.0226 0.5887
vn -0.7040 -0.4147 -0.5765
vn 0.6651 -0.4836 -0.5690
vn 0.0274 0.8102 -0.5855
vn 0.1911 -0.5745 -0.7959
vn -0.4161 -0.5819 0.6988
vn -0.7526 -0.5956 -0.2809
vn 0.7555 -0.5646 0.3323
vn 0.2484 0.5713 -0.7822
vn -0.7374 0.5981 -0.3138
vn -0.4894 0.5863 0.6456
vn 0.7010 0.5652 0.4349
vn 0.8047 -0.0621 0.5904
vn -0.3831 0.7037 0.5983
vn -0.3594 -0.7190 0.5948
vn -0.7968 -0.1334 -0.5893
vn 0.4631 -0.6591 -0.5926
vn 0.2905 0.7506 -0.5935
vt 0.520914 -0.849307
vt 0.479086 1.099307
vt 0.479086 -0.849307
vt 0.511709 -0.699228
vt 0.488291 1.449228
vt 0.488291 -0.699228
vt 0.519573 -0.308211
vt 0.480427 1.558211
vt 0.480427 -0.308211
vt 0.525434 -0.133425
vt 0.474566 1.883425
vt 0.474566 -0.133425
vt 1.704720 -0.826347
vt -0.693001 1.822441
vt -0.693001 -0.826347
vt 0.875000 0.500000
vt 0.625000 0.750000
vt 0.625000 0.500000
vt 0.520914 1.099307
vt 0.511709 1.449228
vt 0.519573 1.558211
vt 0.525434 1.883425
vt 1.704720 1.822441
vt 0.875000 0.750000
vt 22.153522 -176.271240
vt 22.284517 -178.082947
vt 25.539925 -178.109894
vt 25.696980 -176.271240
vt 22.400431 -35.129925
vt 22.403870 -125.287399
vt 25.448891 -35.129925
vt 25.452394 -125.287399
vt -21.310476 -178.108917
vt -21.153522 -176.271240
vt -24.696980 -176.271240
vt -24.565639 -178.083954
vt 179.100891 -125.287399
vt 179.076996 -35.129925
vt 177.271240 -125.287399
vt 177.271240 -35.129925
vt -178.101959 -35.129921
vt -178.078064 -125.287399
vt -176.271240 -35.129925
vt -176.271240 -125.287399
vt -24.696980 -35.129925
vt -24.696980 -125.287399
vt -21.153522 -35.129925
vt -21.153522 -125.287399
vt 39.370079 0.000000
vt 39.370079 39.370079
vt 0.000000 0.000000
vt 0.000000 39.370079
vt 39.370079 39.370075
vt 0.000000 39.370075
vt 0.000038 39.370075
vt 0.000038 0.000000
vt 39.370041 0.000000
vt 39.370041 39.370079
vt 1.000000 0.007922
vt 0.000000 0.007922
vt 1.000000 0.992078
vt 0.000000 0.992078
vt 0.000038 39.370079
vt 0.000000 39.370041
vt 39.370079 39.370041
vt 0.000000 19.684669
vt 19.685219 0.000000
vt 19.684669 0.000000
vt 31.987888 34.827389
vt 7.381890 34.827389
vt 7.381890 0.000000
vt 31.987888 0.000000
vt 31.988190 0.000000
vt 31.988190 34.827389
vt 7.382190 34.827389
vt 7.382190 0.000000
vt 0.000000 19.684675
vt 19.685226 0.000000
vt 19.684675 0.000000
vt 0.000000 29.397579
vt 39.341888 0.049647
vt 39.178444 39.370079
vt 39.178444 1.720519
vt 39.321297 0.095101
vt 39.370079 31.096931
vt 39.258942 0.192237
vt 0.111137 0.192237
vt 0.000000 31.096931
vt 0.000000 19.001268
vt 39.160419 39.370079
vt 39.258667 0.431260
vt 39.370079 32.144119
vt 0.237593 2.398153
vt 0.216978 39.370079
vt 39.132488 2.398153
vt 39.132488 39.370079
vt 39.215691 39.370079
vt 39.279873 0.495498
vt 39.178444 0.000000
vt 39.370079 1.720519
vt 39.286854 39.370079
vt 0.134113 2.842655
vt 39.351761 12.891253
vt 0.000000 27.841520
vt 39.370079 29.528809
vt 39.370079 34.495522
vt 0.000000 5.761221
vt 0.050248 0.097962
vt 39.370079 34.465641
vt 0.028414 38.241440
vt 1.832919 18.540491
vt 38.488197 22.373791
vt 39.152031 32.324501
vt 37.340904 17.052275
vt 3.622297 2.941853
vt 35.694977 2.758921
vt 0.000000 29.394678
vt 39.341888 0.049644
vt 39.321308 0.095082
vt 39.370079 31.094732
vt 0.000000 31.094732
vt 0.000000 19.002254
vt 39.258644 0.431169
vt 39.370079 32.142330
vt 0.216977 39.370079
vt 39.279823 0.495104
vt 39.286915 39.370079
vt 0.134113 2.842669
vt 39.351746 12.891389
vt 0.000000 27.841867
vt 39.370079 29.527975
vt 39.370079 34.495186
vt 0.000000 5.761204
vt 0.050237 0.097942
vt 39.370079 34.464634
vt 0.028418 38.241333
vt 1.832945 18.540216
vt 38.488235 22.373947
vt 39.152031 32.324497
vt 37.340855 17.051760
vt 3.622280 2.941949
vt 35.694984 2.759007
vt 0.000000 29.395115
vt 39.341881 0.049654
vt 39.321304 0.095089
vt 39.370079 31.094090
vt 0.000000 31.094090
vt 0.000000 19.002323
vt 39.258644 0.431179
vt 39.370083 32.142403
vt 0.216975 39.370079
vt 39.279839 0.495210
vt 39.286911 39.370079
vt 0.134113 2.842657
vt 39.351746 12.892215
vt 0.000000 27.841980
vt 39.370079 34.496021
vt 0.000000 5.761462
vt 0.050239 0.097944
vt 39.370079 34.465714
vt 0.028411 38.241558
vt 1.832933 18.540283
vt 38.488213 22.373856
vt 39.152035 32.324551
vt 37.340855 17.051846
vt 3.622281 2.942045
vt 35.694984 2.758999
vt 0.000000 29.397724
vt 39.341888 0.049649
vt 39.321301 0.095102
vt 39.370079 31.096424
vt 0.000000 31.096424
vt 0.000000 19.001398
vt 39.258663 0.431254
vt 39.370079 32.143993
vt 0.216977 39.370079
vt 39.279892 0.495633
vt 39.286846 39.370079
vt 39.351757 12.891161
vt 0.000000 27.841618
vt 39.370079 34.495701
vt 0.000000 5.761214
vt 0.050247 0.097961
vt 39.370079 34.466171
vt 0.028412 38.241493
vt 1.832915 18.540483
vt 38.488182 22.373711
vt 39.152035 32.324497
vt 37.340900 17.052275
vt 3.622297 2.941831
vt 35.694981 2.758969
vt 39.162823 39.370079
vt 39.318085 0.273683
vt 0.000000 28.015394
vt 39.342869 0.047917
vt 0.000000 12.722107
vt 39.189686 3.819324
vt 39.321056 0.095572
vt 39.370079 31.103325
vt 0.111437 0.192237
vt 0.000000 31.103325
vt 39.258652 0.431208
vt 39.370079 32.138725
vt 0.216951 39.370079
vt 39.132690 39.370079
vt 39.280006 0.496512
vt 39.286896 39.370079
vt 0.182135 3.860537
vt 39.351753 12.894383
vt 0.000000 26.247274
vt 39.370079 34.504425
vt 0.000000 5.761479
vt 0.050383 0.097951
vt 39.370079 34.479061
vt 0.028336 38.243870
vt 1.832909 18.537670
vt 38.508839 22.426867
vt 39.152035 32.324554
vt 37.418159 18.187641
vt 3.622285 2.942602
vt 35.709015 2.692976
vt 163.783310 -192.412552
vt 164.523499 -198.955688
vt 164.583588 -192.412567
vt 163.702438 -198.134232
vt 193.412567 -65.584686
vt 201.265442 -66.489319
vt 201.329498 -65.316940
vt 93.204391 -198.134262
vt 92.355583 -198.982727
vt -161.311310 -71.397369
vt -93.595016 -71.945885
vt -93.595016 -69.972443
vt -164.833038 -66.489319
vt -90.038055 -65.592667
vt -164.897110 -65.316940
vt -192.412582 -65.518616
vt -200.300446 -65.592667
vt -192.412582 -66.840370
vt 93.169121 -192.412582
vt -196.743637 -71.945885
vt -192.412582 -71.467621
vt -196.743637 -69.972443
vt 94.823433 -192.412582
vt 94.862183 -196.476471
vt 162.033646 -192.412567
vt 162.046585 -196.479187
vt -90.583481 -199.754913
vt -90.650558 -192.412582
vt -164.435165 -199.867340
vt -164.295715 -192.412567
vt 91.265991 -65.399429
vt 94.653259 -71.537369
vt 162.124557 -71.811707
vt 165.669800 -65.499138
vt 0.000000 29.393848
vt 39.341881 0.049660
vt 39.321312 0.095077
vt 39.370079 31.094297
vt 0.000000 31.094297
vt 0.000000 19.002529
vt 39.258636 0.431147
vt 39.370079 32.142624
vt 0.216978 39.370079
vt 39.279816 0.495015
vt 39.286957 39.370079
vt 0.134109 2.842580
vt 39.351742 12.892086
vt 0.000000 27.841114
vt 39.370079 34.495197
vt 0.000000 5.761350
vt 0.050235 0.097937
vt 39.370079 34.464928
vt 0.028418 38.241375
vt 1.833014 18.540260
vt 38.488358 22.374006
vt 39.152161 32.324539
vt 37.340965 17.051701
vt 3.622447 2.942055
vt 35.695042 2.758757
vt -92.122894 -192.412613
vt -91.383293 -198.955688
vt -91.323151 -192.412613
vt -92.204300 -198.134293
vt 193.412613 -65.584648
vt 201.265305 -66.489677
vt 201.325821 -65.309387
vt 91.073624 -66.489677
vt 165.619339 -66.840363
vt 165.859680 -65.548561
vt -162.735718 -198.167694
vt 94.594917 -71.397430
vt 162.311722 -71.945885
vt 162.311722 -69.972443
vt 91.013107 -65.309387
vt -200.291779 -65.548561
vt -200.050827 -66.840363
vt -192.412628 -65.316345
vt -163.623276 -192.412628
vt -162.785965 -192.412643
vt -196.743698 -71.945885
vt -192.412643 -71.368347
vt -196.743698 -69.972443
vt -161.083313 -192.412643
vt -161.044556 -196.476532
vt -93.872612 -192.412613
vt -93.859657 -196.479248
vt 165.287460 -199.719498
vt 165.152222 -192.412659
vt 91.470245 -199.868637
vt 91.611275 -192.412628
vt -164.649643 -65.222061
vt -161.276566 -71.451256
vt -93.781715 -71.811752
vt -90.236580 -65.498940
vt 39.370079 32.510712
vt 39.258682 0.431338
vt 39.370079 0.118205
vt 0.157949 0.074308
vt 39.337650 39.370079
vt 39.353527 10.557030
vt 0.103175 2.842640
vt 39.370079 34.476871
vt 0.039980 0.097980
vt 39.370079 31.309027
vt 0.171159 39.370079
vt 0.187431 2.398153
vt 39.182346 2.398153
vt 39.182346 39.370079
vt 0.000000 29.395021
vt 39.348801 0.048147
vt 39.274799 0.418239
vt 0.086206 0.192237
vt 39.283875 0.192237
vt 0.000000 18.988792
vt 0.000000 27.840563
vt 0.000000 5.761554
vt 39.370079 34.503338
vt 2.905903 2.686522
vt 36.432526 2.685581
vt 37.742237 17.051167
vt 1.470245 18.605598
vt 38.662888 22.374353
vt 39.195274 32.324535
vt 0.022772 38.243523
vt 39.318130 0.273430
vt 0.000000 28.017126
vt 39.342884 0.047893
vt 0.000000 12.723623
vt 39.189686 3.819318
vt 39.321056 0.095575
vt 39.370079 31.104322
vt 0.000000 31.104322
vt 39.258652 0.431205
vt 39.370079 32.139496
vt 0.216951 39.370079
vt 39.279945 0.496058
vt 39.286835 39.370079
vt 0.182135 3.860522
vt 39.351761 12.893998
vt 0.000000 26.248938
vt 39.370079 29.529638
vt 39.370079 34.504646
vt 0.000000 5.761308
vt 0.050382 0.097950
vt 39.370079 34.478848
vt 0.028361 38.243877
vt 1.833196 18.537769
vt 38.509094 22.426918
vt 39.152241 32.324497
vt 37.418449 18.187840
vt 3.622589 2.942508
vt 35.709320 2.693273
vt 0.000000 29.395668
vt 39.341888 0.049645
vt 39.321312 0.095075
vt 39.370079 31.095129
vt 0.000000 31.095129
vt 0.000000 19.002392
vt 39.258636 0.431145
vt 39.370079 32.143353
vt 0.216979 39.370079
vt 39.279751 0.494545
vt 39.351749 12.891638
vt 0.000000 27.841471
vt 39.370079 34.495182
vt 0.000000 5.761178
vt 0.050235 0.097936
vt 39.370079 34.464397
vt 0.028418 38.241325
vt 1.832932 18.540354
vt 38.488251 22.373974
vt 39.152031 32.324482
vt 37.340858 17.051826
vt 3.622283 2.941975
vt 35.694992 2.759024
vt 39.370079 32.379066
vt 39.258980 0.432649
vt 0.095556 1.364229
vt 39.370079 0.118196
vt 0.157979 0.074294
vt 39.337646 39.370079
vt 39.353523 10.560378
vt 39.370079 35.164360
vt 0.040102 0.098278
vt 39.370079 31.304047
vt 0.000000 38.880219
vt 0.170143 39.370079
vt 0.000000 29.390579
vt 39.348816 0.048123
vt 39.274780 0.418322
vt 0.000000 18.991758
vt 39.370079 29.527143
vt 0.000000 27.840748
vt 0.000000 5.761444
vt 39.370079 34.951927
vt 2.905868 2.687148
vt 36.432556 2.686025
vt 37.742184 17.050518
vt 1.468483 18.597160
vt 38.662865 22.374254
vt 39.195278 32.324543
vt 0.020026 38.361637
vt 0.000000 19.684668
vt 19.685223 0.000000
vt 19.684668 0.000000
vt 39.370079 19.685040
vt 19.685040 0.000000
vt 0.000000 19.685040
vt 31.987888 33.745785
vt 7.381890 33.745785
vt 31.988190 33.745785
vt 7.382190 33.745785
vt 1.960897 33.137093
vt 14.116871 24.410921
vt 6.833128 26.560768
vt 17.085381 20.671104
vt 20.338264 17.562443
vt 28.375881 11.588726
vt 29.407412 0.000000
vt 39.370079 27.190208
vt 0.000000 0.119782
vt 39.370079 0.209057
vt 11.083336 10.602455
vt 14.389700 15.517475
vt 22.549232 20.425365
vt 26.997784 24.606522
vt 37.969475 33.137100
vt 35.173141 28.052608
vt 9.962667 0.000000
vt 0.000000 33.312359
vt 39.370079 0.044486
vt 0.000000 0.116037
vt 39.370079 0.130647
vt 0.000000 0.229483
vt 39.370079 9.908486
vt 0.196903 39.260796
vt 38.976593 39.151360
vt 39.173229 0.109421
vt 0.393485 0.218723
vt 38.975994 0.218723
vt 38.975994 39.151360
vt 0.196849 39.260658
vt 0.394085 0.218723
vt 38.976593 0.218723
vt 0.394085 39.151360
vt 39.173325 0.109369
vt 39.173359 39.260735
vt 0.393485 39.151360
vt 39.172977 39.260689
vt 39.173092 0.109331
vt 0.196724 0.109351
vt 0.197107 0.109397
vt 39.172989 39.260696
vt 0.196722 0.109350
vt 39.173363 39.260735
vt 33.745953 35.433075
vt 5.624426 35.433075
vt 5.624426 0.000000
vt 33.745953 0.000000
vt 33.745655 35.433075
vt 5.624125 35.433075
vt 5.624125 0.000000
vt 33.745655 0.000000
vt 0.000000 39.370083
vt 13.123515 0.000000
vt 39.370079 39.370083
vt 0.000601 0.000000
vt 0.000601 39.370079
vt 39.107754 0.000000
vt 0.175016 0.000000
vt 0.262523 39.224262
vt 39.107555 39.224262
vt 39.282570 0.000000
vt 0.393485 39.151352
vt 39.172897 39.260643
vt 0.000000 39.370087
vt 0.196644 0.109313
vt 0.394085 0.218735
vt 38.976593 0.218735
vt 39.173439 39.260780
vt 0.394085 39.151352
vt 0.196732 0.109361
vt 38.975994 0.218735
vt 39.172970 39.260681
vt 0.197114 0.109407
vt 39.370079 39.370087
vt 38.976593 39.151352
vt 33.745655 34.995628
vt 5.624426 34.995628
vt 0.000000 39.370060
vt 39.370079 39.370060
vt 0.175014 0.000000
vt 0.262523 39.206032
vt 39.238831 39.288063
vt 39.238781 39.288033
vt 13.123438 0.000000
vt 0.262723 0.000000
vt 0.394085 39.198895
vt 38.976593 39.198895
vt 39.238918 0.000000
vt 178.453400 -83.555115
vt 178.453400 -17.413383
vt 177.272247 -83.555115
vt 177.272247 -17.413383
vt -127.492386 -176.272247
vt -144.775589 -176.744720
vt -127.492386 -177.453400
vt -127.492386 -17.413383
vt -129.421585 -81.586609
vt -127.492386 -83.555115
vt -142.807327 -81.586609
vt -144.775589 -83.555115
vt -142.807327 -19.381882
vt -144.775589 -17.413383
vt -129.421585 -19.381882
vt 130.421585 -176.744720
vt 143.807327 -177.453400
vt 143.807327 -176.272247
vt -142.807327 -177.453400
vt -129.421585 -176.980942
vt -142.807327 -176.272247
vt 178.453400 -81.586609
vt 178.453400 -19.381882
vt 177.272247 -81.586609
vt 177.272247 -19.381882
vt 128.492386 -177.453400
vt 145.775589 -176.980942
vt 128.492386 -176.272247
vt 128.492386 -83.555115
vt 130.421585 -19.381882
vt 128.492386 -17.413383
vt 143.807327 -19.381882
vt 145.775589 -17.413383
vt 143.807327 -81.586609
vt 145.775589 -83.555115
vt 130.421585 -81.586609
vt 143.807327 -35.425179
vt 143.807327 -33.456673
vt 130.421585 -35.425179
vt 130.421585 -33.456673
vt -142.807327 -33.456673
vt -142.807327 -35.425179
vt -129.421585 -33.456673
vt -129.421585 -35.425179
vt 143.807327 -51.468498
vt 143.807327 -49.500000
vt 130.421585 -51.468498
vt 130.421585 -49.500000
vt -142.807327 -49.500000
vt -142.807327 -51.468498
vt -129.421585 -49.500000
vt -129.421585 -51.468498
vt 143.807327 -67.511810
vt 143.807327 -65.543304
vt 130.421585 -67.511810
vt 130.421585 -65.543304
vt -142.807327 -65.543304
vt -142.807327 -67.511810
vt -129.421585 -65.543304
vt -129.421585 -67.511810
vt 180.422150 -83.555115
vt 180.422150 -17.413383
vt 111.129105 -179.422150
vt 145.774612 -179.422150
vt 111.129105 -176.272247
vt 145.774612 -176.272247
vt -179.422150 -17.413383
vt -179.422150 -83.555115
vt -176.272247 -17.413383
vt -176.272247 -83.555115
vt -144.774612 -179.422150
vt -110.129105 -179.422150
vt -144.774612 -176.272247
vt -110.129105 -176.272247
vt -179.422150 -15.444878
vt -179.422150 -85.523621
vt -176.272247 -15.444878
vt -176.272247 -85.523621
vt -146.743362 -179.422150
vt -108.160843 -179.422150
vt -146.743362 -176.272247
vt -108.160843 -176.272247
vt 180.422150 -85.523621
vt 180.422150 -15.444878
vt 177.272247 -85.523621
vt 177.272247 -15.444878
vt 109.160843 -179.422150
vt 147.743362 -179.422150
vt 109.160843 -176.272247
vt 147.743362 -176.272247
vt -144.774612 -17.413383
vt -146.743362 -85.523621
vt -144.774612 -83.555115
vt -108.160843 -85.523621
vt -110.129105 -83.555115
vt -108.160843 -15.444878
vt -110.129105 -17.413383
vt -146.743362 -15.444878
vt 145.774612 -83.555115
vt 147.743362 -15.444878
vt 145.774612 -17.413383
vt 109.160843 -15.444878
vt 111.129105 -17.413383
vt 109.160843 -85.523621
vt 111.129105 -83.555115
vt 147.743362 -85.523621
vt 126.483109 -35.425179
vt 126.483109 -33.456673
vt 113.097366 -35.425179
vt 113.097366 -33.456673
vt -112.097366 -35.425179
vt -112.097366 -33.456673
vt -125.483109 -35.425179
vt -125.483109 -33.456673
vt 126.483109 -51.468498
vt 126.483109 -49.500000
vt 113.097366 -51.468498
vt 113.097366 -49.500000
vt -112.097366 -51.468498
vt -112.097366 -49.500000
vt -125.483109 -51.468498
vt -125.483109 -49.500000
vt 126.483109 -67.511810
vt 126.483109 -65.543304
vt 113.097366 -67.511810
vt 113.097366 -65.543304
vt -112.097366 -67.511810
vt -112.097366 -65.543304
vt -125.483109 -67.511810
vt -125.483109 -65.543304
vt -177.453400 -17.413383
vt -177.453400 -83.555115
vt -127.412796 -177.453400
vt -110.129105 -176.980942
vt -127.412796 -176.272247
vt 128.412796 -17.413383
vt 126.483109 -81.586609
vt 128.412796 -83.555115
vt 113.097366 -81.586609
vt 113.097366 -19.381882
vt 126.483109 -19.381882
vt 113.097366 -177.453400
vt 126.483109 -176.980942
vt 113.097366 -176.272247
vt -125.483109 -176.744720
vt -112.097366 -177.453400
vt -112.097366 -176.272247
vt -177.453400 -19.381882
vt -177.453400 -81.586609
vt -176.272247 -19.381882
vt -176.272247 -81.586609
vt 128.412796 -176.272247
vt 111.129105 -176.744720
vt 128.412796 -177.453400
vt -127.412796 -83.555115
vt -125.483109 -19.381882
vt -127.412796 -17.413383
vt -112.097366 -19.381882
vt -112.097366 -81.586609
vt -125.483109 -81.586609
vt 178.453339 -83.555115
vt 178.453339 -17.413383
vt 177.272186 -83.555115
vt 177.272186 -17.413383
vt 128.413864 -176.272186
vt 111.130661 -176.744659
vt 128.413864 -177.453339
vt 128.413864 -17.413383
vt 126.485153 -81.586609
vt 128.413864 -83.555115
vt 113.099411 -81.586609
vt 111.130661 -83.555115
vt 113.099411 -19.381882
vt 111.130661 -17.413383
vt 126.485153 -19.381882
vt -125.485153 -176.744659
vt -112.099411 -177.453339
vt -112.099411 -176.272186
vt 113.099411 -177.453339
vt 126.485153 -176.980881
vt 113.099411 -176.272186
vt 178.453339 -81.586609
vt 178.453339 -19.381882
vt 177.272186 -81.586609
vt 177.272186 -19.381882
vt -127.413864 -177.453339
vt -110.130661 -176.980881
vt -127.413864 -176.272186
vt -127.413864 -83.555115
vt -125.485153 -19.381882
vt -127.413864 -17.413383
vt -112.099411 -19.381882
vt -110.130661 -17.413383
vt -112.099411 -81.586609
vt -110.130661 -83.555115
vt -125.485153 -81.586609
vt -112.098923 -35.425179
vt -112.098923 -33.456673
vt -125.484665 -35.425179
vt -125.484665 -33.456673
vt 113.098923 -33.456673
vt 113.098923 -35.425179
vt 126.484665 -33.456673
vt 126.484665 -35.425179
vt -112.098923 -51.468498
vt -112.098923 -49.500000
vt -125.484665 -51.468498
vt -125.484665 -49.500000
vt 113.098923 -49.500000
vt 113.098923 -51.468498
vt 126.484665 -49.500000
vt 126.484665 -51.468498
vt -112.098923 -67.511810
vt -112.098923 -65.543304
vt -125.484665 -67.511810
vt -125.484665 -65.543304
vt 113.098923 -65.543304
vt 113.098923 -67.511810
vt 126.484665 -65.543304
vt 126.484665 -67.511810
vt 180.422089 -83.555115
vt 180.422089 -17.413383
vt -144.775681 -179.422089
vt -110.129684 -179.422089
vt -144.775681 -176.272186
vt -110.129684 -176.272186
vt -179.422089 -17.413383
vt -179.422089 -83.555115
vt -176.272186 -17.413383
vt -176.272186 -83.555115
vt 111.129684 -179.422089
vt 145.775681 -179.422089
vt 111.129684 -176.272186
vt 145.775681 -176.272186
vt -179.422089 -15.444878
vt -179.422089 -85.523621
vt -176.272186 -15.444878
vt -176.272186 -85.523621
vt 109.160934 -179.422089
vt 147.743454 -179.422089
vt 109.160934 -176.272186
vt 147.743454 -176.272186
vt 180.422089 -85.523621
vt 180.422089 -15.444878
vt 177.272186 -85.523621
vt 177.272186 -15.444878
vt -146.743454 -179.422089
vt -108.160934 -179.422089
vt -146.743454 -176.272186
vt -108.160934 -176.272186
vt 111.129684 -17.413383
vt 109.160934 -85.523621
vt 111.129684 -83.555115
vt 147.743454 -85.523621
vt 145.775681 -83.555115
vt 147.743454 -15.444878
vt 145.775681 -17.413383
vt 109.160934 -15.444878
vt -110.129684 -83.555115
vt -108.160934 -15.444878
vt -110.129684 -17.413383
vt -146.743454 -15.444878
vt -144.775681 -17.413383
vt -146.743454 -85.523621
vt -144.775681 -83.555115
vt -108.160934 -85.523621
vt -129.421188 -35.425179
vt -129.421188 -33.456673
vt -142.806931 -35.425179
vt -142.806931 -33.456673
vt 143.806931 -35.425179
vt 143.806931 -33.456673
vt 130.421188 -35.425179
vt 130.421188 -33.456673
vt -129.421188 -51.468498
vt -129.421188 -49.500000
vt -142.806931 -51.468498
vt -142.806931 -49.500000
vt 143.806931 -51.468498
vt 143.806931 -49.500000
vt 130.421188 -51.468498
vt 130.421188 -49.500000
vt -129.421188 -67.511810
vt -129.421188 -65.543304
vt -142.806931 -67.511810
vt -142.806931 -65.543304
vt 143.806931 -67.511810
vt 143.806931 -65.543304
vt 130.421188 -67.511810
vt 130.421188 -65.543304
vt -177.453339 -17.413383
vt -177.453339 -83.555115
vt 128.491989 -177.453339
vt 145.775681 -176.980881
vt 128.491989 -176.272186
vt -127.491989 -17.413383
vt -129.421188 -81.586609
vt -127.491989 -83.555115
vt -142.806931 -81.586609
vt -142.806931 -19.381882
vt -129.421188 -19.381882
vt -142.806931 -177.453339
vt -129.421188 -176.980881
vt -142.806931 -176.272186
vt 130.421188 -176.744659
vt 143.806931 -177.453339
vt 143.806931 -176.272186
vt -177.453339 -19.381882
vt -177.453339 -81.586609
vt -176.272186 -19.381882
vt -176.272186 -81.586609
vt -127.491989 -176.272186
vt -144.775681 -176.744659
vt -127.491989 -177.453339
vt 128.491989 -83.555115
vt 130.421188 -19.381882
vt 128.491989 -17.413383
vt 143.806931 -19.381882
vt 143.806931 -81.586609
vt 130.421188 -81.586609
vt 179.239471 -83.555115
vt 179.239471 -17.413383
vt 178.058319 -83.555115
vt 178.058319 -17.413383
vt -127.412888 178.058319
vt -110.129204 178.530792
vt -127.412888 179.239471
vt 128.412888 -17.413383
vt 126.483200 -81.586609
vt 128.412888 -83.555115
vt 113.097458 -81.586609
vt 111.129196 -83.555115
vt 113.097458 -19.381882
vt 111.129196 -17.413383
vt 126.483200 -19.381882
vt 126.483200 178.530792
vt 113.097458 179.239471
vt 113.097458 178.058319
vt -112.097458 179.239471
vt -125.483200 178.766998
vt -112.097458 178.058319
vt 179.239471 -81.586609
vt 179.239471 -19.381882
vt 178.058319 -81.586609
vt 178.058319 -19.381882
vt 128.412888 179.239471
vt 111.129196 178.766998
vt 128.412888 178.058319
vt -127.412888 -83.555115
vt -125.483200 -19.381882
vt -127.412888 -17.413383
vt -112.097458 -19.381882
vt -110.129196 -17.413383
vt -112.097458 -81.586609
vt -110.129196 -83.555115
vt -125.483200 -81.586609
vt -112.097458 -35.425179
vt -112.097458 -33.456673
vt -125.483200 -35.425179
vt -125.483200 -33.456673
vt 113.097458 -33.456673
vt 113.097458 -35.425179
vt 126.483200 -33.456673
vt 126.483200 -35.425179
vt -112.097458 -51.468498
vt -112.097458 -49.500000
vt -125.483200 -51.468498
vt -125.483200 -49.500000
vt 113.097458 -49.500000
vt 113.097458 -51.468498
vt 126.483200 -49.500000
vt 126.483200 -51.468498
vt -112.097458 -67.511810
vt -112.097458 -65.543304
vt -125.483200 -67.511810
vt -125.483200 -65.543304
vt 113.097458 -65.543304
vt 113.097458 -67.511810
vt 126.483200 -65.543304
vt 126.483200 -67.511810
vt 181.208221 -83.555115
vt 181.208221 -17.413383
vt 145.774704 181.208221
vt 111.129196 181.208221
vt 145.774704 178.058319
vt 111.129196 178.058319
vt -180.208221 -17.413383
vt -180.208221 -83.555115
vt -177.058319 -17.413383
vt -177.058319 -83.555115
vt -110.129196 181.208221
vt -144.774704 181.208221
vt -110.129196 178.058319
vt -144.774704 178.058319
vt -180.208221 -15.444878
vt -180.208221 -85.523621
vt -177.058319 -15.444878
vt -177.058319 -85.523621
vt -108.160934 181.208221
vt -146.743454 181.208221
vt -108.160934 178.058319
vt -146.743454 178.058319
vt 181.208221 -85.523621
vt 181.208221 -15.444878
vt 178.058319 -85.523621
vt 178.058319 -15.444878
vt 147.743454 181.208221
vt 109.160934 181.208221
vt 147.743454 178.058319
vt 109.160934 178.058319
vt 145.774704 -83.555115
vt 145.774704 -17.413383
vt -144.774704 -17.413383
vt -144.774704 -83.555115
vt -129.421677 -35.425179
vt -129.421677 -33.456673
vt -142.807419 -35.425179
vt -142.807419 -33.456673
vt 143.807419 -35.425179
vt 143.807419 -33.456673
vt 130.421677 -35.425179
vt 130.421677 -33.456673
vt -129.421677 -51.468498
vt -129.421677 -49.500000
vt -142.807419 -51.468498
vt -142.807419 -49.500000
vt 143.807419 -51.468498
vt 143.807419 -49.500000
vt 130.421677 -51.468498
vt 130.421677 -49.500000
vt -129.421677 -67.511810
vt -129.421677 -65.543304
vt -142.807419 -67.511810
vt -142.807419 -65.543304
vt 143.807419 -67.511810
vt 143.807419 -65.543304
vt 130.421677 -67.511810
vt 130.421677 -65.543304
vt -178.239471 -17.413383
vt -178.239471 -83.555115
vt -127.492477 179.239471
vt -144.775681 178.767014
vt -127.492477 178.058319
vt -127.492477 -17.413383
vt -129.421677 -81.586609
vt -127.492477 -83.555115
vt -142.807419 -81.586609
vt -142.807419 -19.381882
vt -129.421677 -19.381882
vt 143.807419 179.239471
vt 130.421677 178.767014
vt 143.807419 178.058319
vt -129.421677 178.530792
vt -142.807419 179.239471
vt -142.807419 178.058319
vt -178.239471 -19.381882
vt -178.239471 -81.586609
vt -177.058319 -19.381882
vt -177.058319 -81.586609
vt 128.492477 178.058319
vt 145.775681 178.530792
vt 128.492477 179.239471
vt 128.492477 -83.555115
vt 130.421677 -19.381882
vt 128.492477 -17.413383
vt 143.807419 -19.381882
vt 143.807419 -81.586609
vt 130.421677 -81.586609
vt 179.239502 -83.555115
vt 179.239502 -17.413383
vt 178.058350 -83.555115
vt 178.058350 -17.413383
vt 0.538287 178.058350
vt 17.822468 178.530823
vt 0.538287 179.239502
vt 0.461713 -17.413383
vt -1.467975 -81.586609
vt 0.461713 -83.555115
vt -14.853717 -81.586609
vt -16.822468 -83.555115
vt -14.853717 -19.381882
vt -16.822468 -17.413383
vt -1.467975 -19.381882
vt -1.467975 178.530823
vt -14.853717 179.239502
vt -14.853717 178.058350
vt 15.853717 179.239502
vt 2.467975 178.767029
vt 15.853717 178.058350
vt 179.239502 -81.586609
vt 179.239502 -19.381882
vt 178.058350 -81.586609
vt 178.058350 -19.381882
vt 0.461713 179.239502
vt -16.822468 178.767029
vt 0.461713 178.058350
vt 0.538287 -83.555115
vt 2.467975 -19.381882
vt 0.538287 -17.413383
vt 15.853717 -19.381882
vt 17.822468 -17.413383
vt 15.853717 -81.586609
vt 17.822468 -83.555115
vt 2.467975 -81.586609
vt 15.853718 -35.425179
vt 15.853718 -33.456673
vt 2.467976 -35.425179
vt 2.467976 -33.456673
vt -14.853718 -33.456673
vt -14.853718 -35.425179
vt -1.467976 -33.456673
vt -1.467976 -35.425179
vt 15.853718 -51.468498
vt 15.853718 -49.500000
vt 2.467976 -51.468498
vt 2.467976 -49.500000
vt -14.853718 -49.500000
vt -14.853718 -51.468498
vt -1.467976 -49.500000
vt -1.467976 -51.468498
vt 15.853718 -67.511810
vt 15.853718 -65.543304
vt 2.467976 -67.511810
vt 2.467976 -65.543304
vt -14.853718 -65.543304
vt -14.853718 -67.511810
vt -1.467976 -65.543304
vt -1.467976 -67.511810
vt 181.208252 -83.555115
vt 181.208252 -17.413383
vt 17.822063 181.208252
vt -16.823933 181.208252
vt 17.822063 178.058350
vt -16.823933 178.058350
vt -180.208252 -17.413383
vt -180.208252 -83.555115
vt -177.058350 -17.413383
vt -177.058350 -83.555115
vt 17.823933 181.208252
vt -16.822063 181.208252
vt 17.823933 178.058350
vt -16.822063 178.058350
vt -180.208252 -15.444878
vt -180.208252 -85.523621
vt -177.058350 -15.444878
vt -177.058350 -85.523621
vt 19.791706 181.208252
vt -18.790813 181.208252
vt 19.791706 178.058350
vt -18.790813 178.058350
vt 181.208252 -85.523621
vt 181.208252 -15.444878
vt 178.058350 -85.523621
vt 178.058350 -15.444878
vt 19.790813 181.208252
vt -18.791706 181.208252
vt 19.790813 178.058350
vt -18.791706 178.058350
vt -16.823933 -17.413383
vt -18.791706 -85.523621
vt -16.823933 -83.555115
vt 19.790813 -85.523621
vt 17.822063 -83.555115
vt 19.790813 -15.444878
vt 17.822063 -17.413383
vt -18.791706 -15.444878
vt 17.823933 -83.555115
vt 19.791706 -15.444878
vt 17.823933 -17.413383
vt -18.790813 -15.444878
vt -16.822063 -17.413383
vt -18.790813 -85.523621
vt -16.822063 -83.555115
vt 19.791706 -85.523621
vt -1.468548 -35.425179
vt -1.468548 -33.456673
vt -14.854290 -35.425179
vt -14.854290 -33.456673
vt 15.854290 -35.425179
vt 15.854290 -33.456673
vt 2.468548 -35.425179
vt 2.468548 -33.456673
vt -1.468548 -51.468498
vt -1.468548 -49.500000
vt -14.854290 -51.468498
vt -14.854290 -49.500000
vt 15.854290 -51.468498
vt 15.854290 -49.500000
vt 2.468548 -51.468498
vt 2.468548 -49.500000
vt -1.468548 -67.511810
vt -1.468548 -65.543304
vt -14.854290 -67.511810
vt -14.854290 -65.543304
vt 15.854290 -67.511810
vt 15.854290 -65.543304
vt 2.468548 -67.511810
vt 2.468548 -65.543304
vt -178.239502 -17.413383
vt -178.239502 -83.555115
vt 0.460650 179.239502
vt -16.822552 178.767029
vt 0.460650 178.058350
vt 0.460650 -17.413383
vt -1.468060 -81.586609
vt 0.460650 -83.555115
vt -14.853803 -81.586609
vt -16.822552 -83.555115
vt -14.853803 -19.381882
vt -16.822552 -17.413383
vt -1.468060 -19.381882
vt 15.853803 179.239502
vt 2.468060 178.767029
vt 15.853803 178.058350
vt -1.468060 178.530823
vt -14.853803 179.239502
vt -14.853803 178.058350
vt -178.239502 -19.381882
vt -178.239502 -81.586609
vt -177.058350 -19.381882
vt -177.058350 -81.586609
vt 0.539350 178.058350
vt 17.822552 178.530823
vt 0.539350 179.239502
vt 0.539350 -83.555115
vt 2.468060 -19.381882
vt 0.539350 -17.413383
vt 15.853803 -19.381882
vt 17.822552 -17.413383
vt 15.853803 -81.586609
vt 17.822552 -83.555115
vt 2.468060 -81.586609
vt 179.239532 -83.555115
vt 179.239532 -17.413383
vt 178.058380 -83.555115
vt 178.058380 -17.413383
vt 128.491898 178.058380
vt 145.775604 178.530853
vt 128.491898 179.239532
vt -127.491898 -17.413383
vt -129.421097 -81.586609
vt -127.491898 -83.555115
vt -142.806839 -81.586609
vt -142.806839 -19.381882
vt -129.421097 -19.381882
vt -129.421097 178.530853
vt -142.806839 179.239532
vt -142.806839 178.058380
vt 143.806839 179.239532
vt 130.421097 178.767059
vt 143.806839 178.058380
vt 179.239532 -81.586609
vt 179.239532 -19.381882
vt 178.058380 -81.586609
vt 178.058380 -19.381882
vt -127.491898 179.239532
vt -144.775589 178.767059
vt -127.491898 178.058380
vt 128.491898 -83.555115
vt 130.421097 -19.381882
vt 128.491898 -17.413383
vt 143.806839 -19.381882
vt 143.806839 -81.586609
vt 130.421097 -81.586609
vt 143.806839 -35.425179
vt 143.806839 -33.456673
vt 130.421097 -35.425179
vt 130.421097 -33.456673
vt -142.806839 -33.456673
vt -142.806839 -35.425179
vt -129.421097 -33.456673
vt -129.421097 -35.425179
vt 143.806839 -51.468498
vt 143.806839 -49.500000
vt 130.421097 -51.468498
vt 130.421097 -49.500000
vt -142.806839 -49.500000
vt -142.806839 -51.468498
vt -129.421097 -49.500000
vt -129.421097 -51.468498
vt 143.806839 -67.511810
vt 143.806839 -65.543304
vt 130.421097 -67.511810
vt 130.421097 -65.543304
vt -142.806839 -65.543304
vt -142.806839 -67.511810
vt -129.421097 -65.543304
vt -129.421097 -67.511810
vt 181.208282 -83.555115
vt 181.208282 -17.413383
vt -110.129593 181.208282
vt -144.775589 181.208282
vt -110.129593 178.058380
vt -144.775589 178.058380
vt -180.208282 -17.413383
vt -180.208282 -83.555115
vt -177.058380 -17.413383
vt -177.058380 -83.555115
vt 145.775589 181.208282
vt 111.129593 181.208282
vt 145.775589 178.058380
vt 111.129593 178.058380
vt -180.208282 -15.444878
vt -180.208282 -85.523621
vt -177.058380 -15.444878
vt -177.058380 -85.523621
vt 147.743362 181.208282
vt 109.160843 181.208282
vt 147.743362 178.058380
vt 109.160843 178.058380
vt 181.208282 -85.523621
vt 181.208282 -15.444878
vt 178.058380 -85.523621
vt 178.058380 -15.444878
vt -108.160843 181.208282
vt -146.743362 181.208282
vt -108.160843 178.058380
vt -146.743362 178.058380
vt -110.129593 -83.555115
vt -110.129593 -17.413383
vt 111.129593 -17.413383
vt 111.129593 -83.555115
vt 126.484573 -35.425179
vt 126.484573 -33.456673
vt 113.098831 -35.425179
vt 113.098831 -33.456673
vt -112.098831 -35.425179
vt -112.098831 -33.456673
vt -125.484573 -35.425179
vt -125.484573 -33.456673
vt 126.484573 -51.468498
vt 126.484573 -49.500000
vt 113.098831 -51.468498
vt 113.098831 -49.500000
vt -112.098831 -51.468498
vt -112.098831 -49.500000
vt -125.484573 -51.468498
vt -125.484573 -49.500000
vt 126.484573 -67.511810
vt 126.484573 -65.543304
vt 113.098831 -67.511810
vt 113.098831 -65.543304
vt -112.098831 -67.511810
vt -112.098831 -65.543304
vt -125.484573 -67.511810
vt -125.484573 -65.543304
vt -178.239532 -17.413383
vt -178.239532 -83.555115
vt 128.413773 179.239532
vt 111.130569 178.767075
vt 128.413773 178.058380
vt 128.413773 -17.413383
vt 126.485062 -81.586609
vt 128.413773 -83.555115
vt 113.099319 -81.586609
vt 111.130569 -83.555115
vt 113.099319 -19.381882
vt 111.130569 -17.413383
vt 126.485062 -19.381882
vt -112.099319 179.239532
vt -125.485062 178.767075
vt -112.099319 178.058380
vt 126.485062 178.530853
vt 113.099319 179.239532
vt 113.099319 178.058380
vt -178.239532 -19.381882
vt -178.239532 -81.586609
vt -177.058380 -19.381882
vt -177.058380 -81.586609
vt -127.413773 178.058380
vt -110.130569 178.530853
vt -127.413773 179.239532
vt -127.413773 -83.555115
vt -125.485062 -19.381882
vt -127.413773 -17.413383
vt -112.099319 -19.381882
vt -110.130569 -17.413383
vt -112.099319 -81.586609
vt -110.130569 -83.555115
vt -125.485062 -81.586609
vt -178.239532 120.381897
vt -178.239532 54.240173
vt -177.058380 120.381897
vt -177.058380 54.240173
vt 128.413773 120.381897
vt 126.485062 56.208679
vt 128.413773 54.240173
vt 113.099319 56.208679
vt 111.130569 54.240173
vt 113.099319 118.413406
vt 111.130569 120.381897
vt 126.485062 118.413406
vt -178.239532 118.413406
vt -178.239532 56.208679
vt -177.058380 118.413406
vt -177.058380 56.208679
vt -127.413773 54.240173
vt -125.485062 118.413406
vt -127.413773 120.381897
vt -112.099319 118.413406
vt -110.130569 120.381897
vt -112.099319 56.208679
vt -110.130569 54.240173
vt -125.485062 56.208679
vt 126.484573 102.370117
vt 126.484573 104.338638
vt 113.098831 102.370117
vt 113.098831 104.338638
vt -112.098831 102.370117
vt -112.098831 104.338638
vt -125.484573 102.370117
vt -125.484573 104.338638
vt 126.484573 86.326782
vt 126.484573 88.295288
vt 113.098831 86.326782
vt 113.098831 88.295288
vt -112.098831 86.326782
vt -112.098831 88.295288
vt -125.484573 86.326782
vt -125.484573 88.295288
vt 126.484573 70.283524
vt 126.484573 72.252014
vt 113.098831 70.283524
vt 113.098831 72.252014
vt -112.098831 70.283524
vt -112.098831 72.252014
vt -125.484573 70.283524
vt -125.484573 72.252014
vt -180.208282 120.381882
vt -180.208282 54.240158
vt -177.058380 120.381882
vt -177.058380 54.240158
vt 181.208282 54.240158
vt 181.208282 120.381882
vt 178.058380 54.240158
vt 178.058380 120.381882
vt 181.208282 52.271667
vt 181.208282 122.350403
vt 178.058380 52.271667
vt 178.058380 122.350403
vt -180.208282 122.350403
vt -180.208282 52.271667
vt -177.058380 122.350403
vt -177.058380 52.271667
vt -110.129593 54.240158
vt -108.160843 122.350403
vt -110.129593 120.381882
vt -146.743362 122.350403
vt -144.775589 120.381882
vt -146.743362 52.271667
vt -144.775589 54.240158
vt -108.160843 52.271667
vt 111.129593 120.381882
vt 109.160843 52.271667
vt 111.129593 54.240158
vt 147.743362 52.271667
vt 145.775589 54.240158
vt 147.743362 122.350403
vt 145.775589 120.381882
vt 109.160843 122.350403
vt 143.806839 102.370117
vt 143.806839 104.338638
vt 130.421097 102.370117
vt 130.421097 104.338638
vt -142.806839 104.338638
vt -142.806839 102.370117
vt -129.421097 104.338638
vt -129.421097 102.370117
vt 143.806839 86.326782
vt 143.806839 88.295288
vt 130.421097 86.326782
vt 130.421097 88.295288
vt -142.806839 88.295288
vt -142.806839 86.326782
vt -129.421097 88.295288
vt -129.421097 86.326782
vt 143.806839 70.283524
vt 143.806839 72.252014
vt 130.421097 70.283524
vt 130.421097 72.252014
vt -142.806839 72.252014
vt -142.806839 70.283524
vt -129.421097 72.252014
vt -129.421097 70.283524
vt 179.239532 54.240173
vt 179.239532 120.381897
vt 178.058380 54.240173
vt 178.058380 120.381897
vt -127.491898 120.381897
vt -129.421097 56.208679
vt -127.491898 54.240173
vt -142.806839 56.208679
vt -144.775589 54.240173
vt -142.806839 118.413406
vt -144.775589 120.381897
vt -129.421097 118.413406
vt 179.239532 56.208679
vt 179.239532 118.413406
vt 178.058380 56.208679
vt 178.058380 118.413406
vt 128.491898 54.240173
vt 130.421097 118.413406
vt 128.491898 120.381897
vt 143.806839 118.413406
vt 145.775589 120.381897
vt 143.806839 56.208679
vt 145.775589 54.240173
vt 130.421097 56.208679
vt -178.239471 120.381897
vt -178.239471 54.240173
vt -177.058319 120.381897
vt -177.058319 54.240173
vt -127.492477 120.381897
vt -129.421677 56.208679
vt -127.492477 54.240173
vt -142.807419 56.208679
vt -144.775681 54.240173
vt -142.807419 118.413406
vt -144.775681 120.381897
vt -129.421677 118.413406
vt -178.239471 118.413406
vt -178.239471 56.208679
vt -177.058319 118.413406
vt -177.058319 56.208679
vt 128.492477 54.240173
vt 130.421677 118.413406
vt 128.492477 120.381897
vt 143.807419 118.413406
vt 145.775681 120.381897
vt 143.807419 56.208679
vt 145.775681 54.240173
vt 130.421677 56.208679
vt -129.421677 102.370117
vt -129.421677 104.338638
vt -142.807419 102.370117
vt -142.807419 104.338638
vt 143.807419 102.370117
vt 143.807419 104.338638
vt 130.421677 102.370117
vt 130.421677 104.338638
vt -129.421677 86.326782
vt -129.421677 88.295288
vt -142.807419 86.326782
vt -142.807419 88.295288
vt 143.807419 86.326782
vt 143.807419 88.295288
vt 130.421677 86.326782
vt 130.421677 88.295288
vt -129.421677 70.283524
vt -129.421677 72.252014
vt -142.807419 70.283524
vt -142.807419 72.252014
vt 143.807419 70.283524
vt 143.807419 72.252014
vt 130.421677 70.283524
vt 130.421677 72.252014
vt -180.208221 120.381882
vt -180.208221 54.240158
vt -177.058319 120.381882
vt -177.058319 54.240158
vt 181.208221 54.240158
vt 181.208221 120.381882
vt 178.058319 54.240158
vt 178.058319 120.381882
vt 181.208221 52.271667
vt 181.208221 122.350403
vt 178.058319 52.271667
vt 178.058319 122.350403
vt -180.208221 122.350403
vt -180.208221 52.271667
vt -177.058319 122.350403
vt -177.058319 52.271667
vt 145.774704 54.240158
vt 147.743454 122.350403
vt 145.774704 120.381882
vt 109.160934 122.350403
vt 111.129196 120.381882
vt 109.160934 52.271667
vt 111.129196 54.240158
vt 147.743454 52.271667
vt -144.774704 120.381882
vt -146.743454 52.271667
vt -144.774704 54.240158
vt -108.160934 52.271667
vt -110.129196 54.240158
vt -108.160934 122.350403
vt -110.129196 120.381882
vt -146.743454 122.350403
vt -112.097458 102.370117
vt -112.097458 104.338638
vt -125.483200 102.370117
vt -125.483200 104.338638
vt 113.097458 104.338638
vt 113.097458 102.370117
vt 126.483200 104.338638
vt 126.483200 102.370117
vt -112.097458 86.326782
vt -112.097458 88.295288
vt -125.483200 86.326782
vt -125.483200 88.295288
vt 113.097458 88.295288
vt 113.097458 86.326782
vt 126.483200 88.295288
vt 126.483200 86.326782
vt -112.097458 70.283524
vt -112.097458 72.252014
vt -125.483200 70.283524
vt -125.483200 72.252014
vt 113.097458 72.252014
vt 113.097458 70.283524
vt 126.483200 72.252014
vt 126.483200 70.283524
vt 179.239471 54.240173
vt 179.239471 120.381897
vt 178.058319 54.240173
vt 178.058319 120.381897
vt 128.412888 120.381897
vt 126.483200 56.208679
vt 128.412888 54.240173
vt 113.097458 56.208679
vt 111.129196 54.240173
vt 113.097458 118.413406
vt 111.129196 120.381897
vt 126.483200 118.413406
vt 179.239471 56.208679
vt 179.239471 118.413406
vt 178.058319 56.208679
vt 178.058319 118.413406
vt -127.412888 54.240173
vt -125.483200 118.413406
vt -127.412888 120.381897
vt -112.097458 118.413406
vt -110.129196 120.381897
vt -112.097458 56.208679
vt -110.129196 54.240173
vt -125.483200 56.208679
vt 0.303912 178.648926
vt -16.822063 179.239502
vt -1.664838 179.239502
vt -14.853314 178.648926
vt -1.664838 178.058350
vt 179.239502 36.129944
vt 179.239502 118.413406
vt 178.058350 36.129944
vt 178.058350 118.413406
vt 15.853314 178.648926
vt 2.664838 179.239502
vt 2.664838 178.058350
vt 17.822063 179.239502
vt 0.696088 178.648926
vt 179.239502 32.192932
vt 179.239502 120.381897
vt 178.058350 32.192932
vt 178.058350 120.381897
vt 15.853314 118.413406
vt 17.822063 120.381897
vt 2.664838 118.413406
vt 0.696088 120.381897
vt 2.664838 36.129944
vt 0.696088 32.192932
vt 17.822063 32.192932
vt 15.853314 36.129944
vt -14.853314 36.129944
vt -14.853314 118.413406
vt -16.822063 120.381897
vt -1.664838 118.413406
vt 0.303912 120.381897
vt -1.664838 36.129944
vt 0.303912 32.192932
vt -16.822063 32.192932
vt -1.664837 97.350418
vt -1.664837 99.318909
vt -14.853313 97.350418
vt -14.853313 99.318909
vt 2.664837 99.318909
vt 2.664837 97.350418
vt 15.853313 99.318909
vt 15.853313 97.350418
vt -1.664837 76.287415
vt -1.664837 78.255920
vt -14.853313 76.287415
vt -14.853313 78.255920
vt 2.664837 78.255920
vt 2.664837 76.287415
vt 15.853313 78.255920
vt 15.853313 76.287415
vt -1.664837 55.224426
vt -1.664837 57.192947
vt -14.853313 55.224426
vt -14.853313 57.192947
vt 2.664837 57.192947
vt 2.664837 55.224426
vt 15.853313 57.192947
vt 15.853313 55.224426
vt 19.134563 32.192932
vt 19.790813 122.350418
vt -16.823933 120.381897
vt -18.791706 122.350418
vt -17.479858 32.192932
vt -180.208252 120.381897
vt -180.208252 32.192932
vt -177.058350 120.381897
vt -177.058350 32.192932
vt 181.208252 32.192932
vt 181.208252 120.381897
vt 181.208252 122.350418
vt 178.058350 122.350418
vt -180.208252 122.350418
vt -177.058350 122.350418
vt -17.478313 32.192932
vt -18.790813 122.350418
vt 17.823933 120.381897
vt 19.791706 122.350418
vt 19.135780 32.192932
vt 178.648926 118.413406
vt -1.665729 179.239502
vt -14.855182 179.239502
vt -1.665729 178.058350
vt -14.855182 178.058350
vt -177.648926 118.413406
vt -178.239502 36.129944
vt -177.058350 36.129944
vt 0.302533 179.239502
vt -16.823933 179.239502
vt 0.302533 178.058350
vt -178.239502 120.381897
vt -177.648926 32.192932
vt 178.648926 32.192932
vt -1.665729 118.413406
vt 0.302533 120.381897
vt -14.855182 118.413406
vt -14.855182 36.129944
vt -16.823933 32.192932
vt 0.302533 32.192932
vt -1.665729 36.129944
vt 2.665729 36.129944
vt 2.665729 118.413406
vt 0.697467 120.381897
vt 15.855182 118.413406
vt 15.855182 36.129944
vt 17.823933 32.192932
vt 0.697467 32.192932
vt 15.855183 97.350418
vt 15.855183 99.318909
vt 2.665730 97.350418
vt 2.665730 99.318909
vt -14.855183 99.318909
vt -14.855183 97.350418
vt -1.665730 99.318909
vt -1.665730 97.350418
vt 15.855183 76.287415
vt 15.855183 78.255920
vt 2.665730 76.287415
vt 2.665730 78.255920
vt -14.855183 78.255920
vt -14.855183 76.287415
vt -1.665730 78.255920
vt -1.665730 76.287415
vt 15.855183 55.224426
vt 15.855183 57.192947
vt 2.665730 55.224426
vt 2.665730 57.192947
vt -14.855183 57.192947
vt -14.855183 55.224426
vt -1.665730 57.192947
vt -1.665730 55.224426
vt -179.422119 123.531525
vt -179.422119 32.192932
vt -176.272217 123.531525
vt -176.272217 32.192932
vt -25.877155 -179.422119
vt 26.878704 -179.422119
vt -25.877155 -176.272217
vt 26.878704 -176.272217
vt 180.422119 32.192932
vt 180.422119 123.531525
vt 177.272217 32.192932
vt 177.272217 123.531525
vt -25.878704 32.192932
vt -25.878704 123.531525
vt -28.634563 32.192932
vt -28.634563 126.287415
vt 26.877155 123.531525
vt 29.633015 126.287415
vt 29.633015 32.192932
vt 26.877155 32.192932
vt -28.633015 -176.272217
vt -28.633015 -179.422119
vt -25.877155 32.192932
vt -25.877155 123.531525
vt -28.633015 32.192932
vt -28.633015 126.287415
vt 29.634563 126.287415
vt 26.878704 123.531525
vt 29.634563 32.192932
vt 26.878704 32.192932
vt 29.634563 -179.422119
vt 29.634563 -176.272217
vt 180.422119 126.287415
vt 177.272217 126.287415
vt -28.634563 -179.422119
vt 29.633015 -179.422119
vt -28.634563 -176.272217
vt 29.633015 -176.272217
vt -179.422119 126.287415
vt -176.272217 126.287415
vt -23.908894 -177.453369
vt -1.664753 -176.980927
vt -23.908894 -176.272217
vt 178.453369 34.161453
vt 178.453369 121.563019
vt 177.272217 34.161453
vt 177.272217 121.563019
vt 2.664753 -176.744690
vt 24.908894 -177.453369
vt 24.908894 -176.272217
vt 0.696003 -177.453369
vt 26.877157 -176.980927
vt 0.696003 -176.272217
vt -25.877155 -176.744690
vt 0.303997 -177.453369
vt 0.303997 -176.272217
vt 178.453369 32.192947
vt 178.453369 123.531540
vt 177.272217 32.192947
vt 177.272217 123.531540
vt -1.664753 121.563019
vt 0.303997 123.531540
vt -23.908894 121.563019
vt -25.877155 123.531540
vt -25.877155 32.192947
vt -1.664753 34.161453
vt 0.303997 32.192947
vt -23.908894 34.161453
vt 24.908894 121.563019
vt 0.696003 123.531540
vt 2.664753 121.563019
vt 0.696003 32.192947
vt 2.664753 34.161453
vt 24.908894 34.161453
vt 26.877155 32.192947
vt 26.877155 123.531540
vt 2.666218 101.026184
vt 2.666218 99.057693
vt 24.910358 101.026184
vt 24.910358 99.057693
vt -1.666218 99.057693
vt -1.666218 101.026184
vt -23.910358 99.057693
vt -23.910358 101.026184
vt -1.666218 76.878006
vt -1.666218 78.846497
vt -23.910358 76.878006
vt -23.910358 78.846497
vt 2.666218 78.846497
vt 2.666218 76.878006
vt 24.910358 78.846497
vt 24.910358 76.878006
vt -1.666218 54.535461
vt -1.666218 56.503952
vt -23.910358 54.535461
vt -23.910358 56.503952
vt 2.666218 56.503952
vt 2.666218 54.535461
vt 24.910358 56.503952
vt 24.910358 54.535461
vt 2.665813 -177.453369
vt 24.910442 -176.980927
vt 2.665813 -176.272217
vt -23.910442 -176.744690
vt -1.665813 -177.453369
vt -1.665813 -176.272217
vt -25.878704 -177.453369
vt 0.302448 -176.980927
vt -25.878704 -176.272217
vt 0.697552 -176.744690
vt 26.878704 -177.453369
vt 24.910442 121.563019
vt 26.878704 123.531540
vt 2.665813 121.563019
vt 0.697552 123.531540
vt 0.697552 32.192947
vt 24.910442 34.161453
vt 26.878704 32.192947
vt 2.665813 34.161453
vt -1.665813 121.563019
vt -25.878704 123.531540
vt -23.910442 121.563019
vt -25.878704 32.192947
vt -23.910442 34.161453
vt -1.665813 34.161453
vt 0.302448 32.192947
vt 0.302448 123.531540
vt -23.910442 101.026184
vt -23.910442 99.057693
vt -1.665813 101.026184
vt -1.665813 99.057693
vt 24.910442 99.057693
vt 24.910442 101.026184
vt 2.665813 99.057693
vt 2.665813 101.026184
vt 24.910442 76.878006
vt 24.910442 78.846497
vt 2.665813 76.878006
vt 2.665813 78.846497
vt -23.910442 78.846497
vt -23.910442 76.878006
vt -1.665813 78.846497
vt -1.665813 76.878006
vt 24.910442 54.535461
vt 24.910442 56.503952
vt 2.665813 54.535461
vt 2.665813 56.503952
vt -23.910442 56.503952
vt -23.910442 54.535461
vt -1.665813 56.503952
vt -1.665813 54.535461
vt 0.851248 1.161493
vt 0.851248 38.147423
vt 38.518829 38.147423
vt 38.518829 1.161493
vt 29.732912 -5.405516
vt 29.732912 6.405508
vt -28.731932 -5.405516
vt -28.731932 6.405508
vt -1.271491 -5.405516
vt -1.271491 6.405508
vt -8.161139 -5.405516
vt -8.161139 6.405508
vt -28.731932 2.271491
vt 29.732912 2.271477
vt -28.731932 9.161139
vt 29.732912 9.161126
vt 2.271477 6.405508
vt 2.271477 -5.405516
vt 9.161126 6.405508
vt 9.161126 -5.405516
vt -28.732912 6.405508
vt -28.732912 -5.405516
vt 29.731932 6.405508
vt 29.731932 -5.405516
vt -28.732912 2.271477
vt 29.731932 2.271491
vt -28.732912 9.161126
vt 29.731932 9.161139
vt -6.585945 0.500009
vt -6.585945 -5.405503
vt 2.271966 0.500009
vt 2.271966 -5.405503
vt -28.732912 0.500009
vt -28.732912 -5.405503
vt 29.534666 0.500009
vt 29.534666 -5.405503
vt -1.271980 0.500009
vt -1.271980 -5.405503
vt 7.585930 0.500009
vt 7.585930 -5.405503
vt -28.534670 0.500009
vt -28.534670 -5.405503
vt 29.732908 0.500009
vt 29.732908 -5.405503
vt 29.732908 2.271980
vt -28.534670 2.271966
vt 29.732912 -6.585930
vt -28.534666 -6.585945
vt 29.534670 2.271966
vt -28.732908 2.271980
vt 29.534666 -6.585945
vt -28.732912 -6.585930
vt -7.443506 0.364000
vt -7.898815 -0.742917
vt -6.585945 -1.074805
vt 29.535154 0.106297
vt -28.731936 -0.050951
vt 29.535154 -0.523872
vt -28.731936 -0.681105
vt -28.732048 -7.876225
vt 29.534952 -7.443506
vt -28.535099 -7.876257
vt 29.732344 -7.443460
vt 29.732912 -1.074805
vt 29.732912 0.499998
vt -28.534666 -1.074805
vt -28.534666 0.499998
vt 8.443460 -0.938796
vt 8.898780 0.168153
vt 7.585930 0.499998
vt 1.412608 6.269135
vt 0.958257 5.161928
vt 2.270989 4.830713
vt 29.535156 6.011815
vt -28.731934 5.856516
vt 29.535156 5.379734
vt -28.731934 5.224414
vt -28.732044 0.980360
vt 29.534954 1.412608
vt -28.732910 2.271003
vt -28.535099 0.980365
vt 29.732338 1.412590
vt -28.534668 2.270989
vt 29.732910 4.830713
vt 29.732910 6.405516
vt -28.534668 4.830713
vt -28.534668 6.405516
vt -0.412590 4.967083
vt 0.041751 6.074258
vt -1.271003 6.405516
vt 18.610554 -176.271240
vt 18.741140 -178.083511
vt 21.997234 -178.108948
vt 18.856127 -35.129925
vt 18.859604 -125.287407
vt 21.991428 -35.129925
vt 22.015230 -125.287399
vt -17.766865 -178.109253
vt -17.610554 -176.271240
vt -21.023037 -178.083191
vt 179.101334 -125.287399
vt 179.077606 -35.129925
vt -177.994019 -35.129925
vt -177.990540 -125.287399
vt -17.610554 -35.129925
vt -17.610554 -125.287399
vt 14.673054 -176.271240
vt 14.804632 -178.082809
vt 18.454269 -178.108643
vt 14.920340 -35.129925
vt 14.923796 -125.287399
vt 18.448452 -35.129925
vt 18.472317 -125.287399
vt 179.100922 -125.287399
vt 179.076874 -35.129925
vt -13.830704 -178.108917
vt -13.673054 -176.271240
vt -17.480131 -178.082886
vt -177.994156 -35.129925
vt -177.990662 -125.287399
vt -13.673054 -35.129925
vt -13.673054 -125.287399
vt 10.736042 -176.271240
vt 10.865899 -178.083069
vt 14.516932 -178.108994
vt 14.672565 -176.271240
vt 10.873541 -35.129925
vt 10.897318 -125.287399
vt 14.511248 -35.129925
vt 14.534963 -125.287399
vt 178.994965 -125.287399
vt 178.991440 -35.129925
vt -9.891630 -178.108673
vt -9.736042 -176.271240
vt -13.672565 -176.271240
vt -13.542605 -178.083359
vt -177.994781 -35.129925
vt -177.991241 -125.287399
vt -13.672565 -35.129925
vt -13.672565 -125.287399
vt -9.736042 -35.129925
vt -9.736042 -125.287399
vt 6.798542 -176.271240
vt 6.929029 -178.083191
vt 10.579910 -178.109024
vt 10.735554 -176.271240
vt 7.044866 -35.129925
vt 7.048321 -125.287399
vt 10.574230 -35.129925
vt 10.597906 -125.287399
vt 179.100998 -125.287399
vt 179.077255 -35.129921
vt -5.954829 -178.108948
vt -5.798542 -176.271240
vt -9.735554 -176.271240
vt -9.605539 -178.083435
vt -177.991241 -125.287407
vt -9.735554 -35.129925
vt -9.735554 -125.287399
vt -5.798542 -35.129925
vt -5.798542 -125.287399
vt 2.862507 -176.271240
vt 2.994046 -178.082794
vt 6.643052 -178.108917
vt 6.800007 -176.271240
vt 3.109872 -35.129925
vt 3.113310 -125.287399
vt 6.637112 -35.129925
vt 6.661026 -125.287399
vt 179.076813 -35.129925
vt -2.020131 -178.108902
vt -1.862507 -176.271240
vt -5.800007 -176.271240
vt -5.669009 -178.082947
vt -177.993225 -35.129925
vt -177.989761 -125.287399
vt -5.800007 -35.129925
vt -5.800007 -125.287399
vt -1.862507 -35.129925
vt -1.862507 -125.287399
vt -1.074505 -176.271240
vt -0.943894 -178.083542
vt 2.706360 -178.109024
vt 2.862018 -176.271240
vt -0.828968 -35.129925
vt -0.825489 -125.287399
vt 2.700678 -35.129925
vt 2.724371 -125.287399
vt 179.101349 -125.287399
vt 179.077637 -35.129925
vt 1.918180 -178.109283
vt 2.074505 -176.271240
vt -1.862018 -176.271240
vt -1.732009 -178.083420
vt -177.994751 -35.129925
vt -177.991226 -125.287399
vt -1.862018 -35.129925
vt -1.862018 -125.287399
vt 2.074505 -35.129925
vt 2.074505 -125.287399
vt -5.012493 -176.271240
vt -4.881473 -178.082977
vt -1.231768 -178.108658
vt -1.075482 -176.271240
vt -4.765681 -35.129925
vt -4.762227 -125.287399
vt -1.237585 -35.129925
vt -1.213719 -125.287399
vt 179.100952 -125.287399
vt 179.077057 -35.129925
vt 5.855532 -178.108917
vt 6.012493 -176.271240
vt 2.075482 -176.271240
vt 2.205905 -178.082886
vt -177.990646 -125.287399
vt 2.075482 -35.129925
vt 2.075482 -125.287399
vt 6.012493 -35.129925
vt 6.012493 -125.287399
vt -8.949505 -176.271240
vt -8.819622 -178.083069
vt -5.168798 -178.108948
vt -8.811979 -35.129925
vt -8.788202 -125.287399
vt -5.174611 -35.129925
vt -5.150801 -125.287399
vt 178.994949 -125.287399
vt 178.991425 -35.129925
vt 9.793890 -178.108688
vt 9.949505 -176.271240
vt 6.142988 -178.083160
vt -177.993958 -35.129925
vt -177.990479 -125.287399
vt 9.949505 -35.129925
vt 9.949505 -125.287399
vt -12.885540 -176.271240
vt -12.755054 -178.083176
vt -9.104172 -178.109009
vt -8.948528 -176.271240
vt -12.639215 -35.129925
vt -12.635763 -125.287399
vt -9.109852 -35.129925
vt -9.086176 -125.287399
vt 179.077255 -35.129925
vt 13.729254 -178.108963
vt 13.885540 -176.271240
vt 9.948528 -176.271240
vt 10.078543 -178.083435
vt -177.994766 -35.129929
vt 9.948528 -35.129925
vt 9.948528 -125.287399
vt 13.885540 -35.129925
vt 13.885540 -125.287399
vt -16.823040 -176.271240
vt -16.691523 -178.082764
vt -13.041800 -178.108643
vt -16.575644 -35.129925
vt -16.572205 -125.287399
vt -13.047613 -35.129925
vt -13.023735 -125.287399
vt 179.100861 -125.287399
vt 179.076782 -35.129925
vt 17.665432 -178.108887
vt 17.823040 -176.271240
vt 14.015926 -178.082886
vt -177.994217 -35.129925
vt -177.990723 -125.287399
vt 17.823040 -35.129925
vt 17.823040 -125.287399
vt -20.760052 -176.271240
vt -20.629440 -178.083527
vt -16.979187 -178.109009
vt -16.823528 -176.271240
vt -20.514517 -35.129925
vt -20.511036 -125.287399
vt -16.984867 -35.129925
vt -16.961176 -125.287399
vt 179.077621 -35.129925
vt 21.603729 -178.109283
vt 21.760052 -176.271240
vt 17.823528 -176.271240
vt 17.953537 -178.083420
vt -177.991226 -125.287407
vt 17.823528 -35.129925
vt 17.823528 -125.287399
vt 21.760052 -35.129925
vt 21.760052 -125.287399
vt -24.697552 -176.271240
vt -24.566509 -178.083008
vt -20.916809 -178.108673
vt -20.760540 -176.271240
vt -24.450773 -35.129925
vt -24.447315 -125.287399
vt -20.922621 -35.129925
vt -20.898758 -125.287399
vt 179.100967 -125.287399
vt 179.077072 -35.129925
vt 25.540577 -178.108948
vt 25.697552 -176.271240
vt 21.760540 -176.271240
vt 21.890953 -178.082886
vt -177.994202 -35.129925
vt -177.990692 -125.287399
vt 21.760540 -35.129925
vt 21.760540 -125.287399
vt 25.697552 -35.129925
vt 25.697552 -125.287399
vt -24.696003 -180.208252
vt 25.697552 -180.208252
vt -24.696003 -176.271240
vt 181.208252 -125.287399
vt 181.208252 -35.129925
vt -180.208252 -35.129925
vt -180.208252 -125.287399
vt -24.697552 -125.287399
vt -24.697552 -35.129925
vt -28.634563 -125.287399
vt -28.634563 -31.192913
vt 25.696003 -35.129925
vt 29.633015 -31.192913
vt 29.633015 -125.287399
vt 25.696003 -125.287399
vt -28.633015 -176.271240
vt -28.633015 -180.208252
vt -28.634563 -180.208252
vt 29.633015 -180.208252
vt -28.634563 -176.271240
vt 29.633015 -176.271240
vt -180.208252 -31.192913
vt -176.271240 -31.192913
vt 29.634563 -180.208252
vt 29.634563 -176.271240
vt 181.208252 -31.192913
vt 177.271240 -31.192913
vt 29.634563 -125.287399
vt 29.634563 -31.192913
vt -24.696003 -35.129925
vt -28.633015 -31.192913
vt -28.633015 -125.287399
vt -24.696003 -125.287399
vt 0.000000 0.236085
vt 39.370079 0.393485
vt 39.370079 0.157390
vt 0.000000 0.393485
vt 38.976593 0.000000
vt 38.976593 39.370079
vt 0.922736 0.515765
vt 38.447342 0.515765
vt 0.922736 38.854313
vt 38.447342 38.854313
vt 13.122110 0.000000
vt 39.107746 0.000000
vt 0.196980 39.284515
vt 39.238926 0.000000
vt 0.196749 39.284485
vt 38.975994 39.198895
vt 39.238712 0.000000
vt 13.123048 0.000000
vt 39.107758 0.000000
vt 0.262726 0.000000
vt 39.173454 39.284538
vt 0.262320 0.000000
vt 0.393485 39.198895
vt 39.172905 39.284431
vt 1.960955 33.137096
vt 14.116900 24.410896
vt 6.833264 26.560667
vt 17.085453 20.671091
vt 20.338350 17.562424
vt 28.376040 11.588509
vt 39.370079 27.189342
vt 0.000000 0.119783
vt 11.356128 11.429106
vt 19.060637 17.627512
vt 22.844818 20.671144
vt 26.997952 24.606583
vt 37.969429 33.137085
vt 35.172832 28.052464
vt 39.370079 0.229483
vt 1.961044 33.137039
vt 14.116865 24.410912
vt 6.833355 26.560608
vt 17.085438 20.671124
vt 20.338177 17.562220
vt 28.375954 11.588667
vt 39.370079 27.189678
vt 0.000000 0.119803
vt 11.083307 10.602455
vt 14.389391 15.517358
vt 22.549358 20.425556
vt 26.997986 24.606546
vt 37.969440 33.137081
vt 35.173252 28.052704
vt 0.000000 33.321110
vt 39.370079 0.044763
vt 39.370079 0.130624
vt 39.370079 9.907926
vt -269.578400 55.224426
vt -269.578400 57.192947
vt -282.766876 55.224426
vt -282.766876 57.192947
vt 270.578400 57.192947
vt 270.578400 55.224426
vt 283.766876 57.192947
vt 283.766876 55.224426
vt -269.578400 76.287415
vt -269.578400 78.255920
vt -282.766876 76.287415
vt -282.766876 78.255920
vt 270.578400 78.255920
vt 270.578400 76.287415
vt 283.766876 78.255920
vt 283.766876 76.287415
vt -287.097443 97.350418
vt -287.097443 99.318909
vt -300.286896 97.350418
vt -300.286896 99.318909
vt 288.097443 99.318909
vt 288.097443 97.350418
vt 301.286896 99.318909
vt 301.286896 97.350418
vt -269.578400 97.350418
vt -269.578400 99.318909
vt -282.766876 97.350418
vt -282.766876 99.318909
vt 270.578400 99.318909
vt 270.578400 97.350418
vt 283.766876 99.318909
vt 283.766876 97.350418
vt 268.609650 -176.862732
vt 285.735626 -177.453308
vt 285.735626 -176.272156
vt 178.453308 36.129944
vt 177.862747 118.413406
vt 177.272156 36.129944
vt -282.766876 -176.862732
vt -269.578400 -177.453308
vt -269.578400 -176.272156
vt -284.735626 -177.453308
vt -267.609650 -177.453308
vt -284.735626 -176.272156
vt -267.609650 -176.272156
vt -177.453308 120.381897
vt -176.862732 32.192932
vt -176.272156 120.381897
vt 178.453308 32.192932
vt 178.453308 120.381897
vt 177.272156 32.192932
vt 177.272156 120.381897
vt 283.766876 118.413406
vt 285.735626 120.381897
vt 270.578400 118.413406
vt 268.609650 120.381897
vt 270.578400 36.129944
vt 268.609650 32.192932
vt 285.735626 32.192932
vt 283.766876 36.129944
vt -282.766876 36.129944
vt -282.766876 118.413406
vt -284.735626 120.381897
vt -269.578400 118.413406
vt -267.609650 120.381897
vt -269.578400 36.129944
vt -267.609650 32.192932
vt -284.735626 32.192932
vt 303.256134 120.381897
vt 304.567993 32.192932
vt 305.223907 122.350418
vt 268.610138 120.381897
vt 266.641388 122.350418
vt 267.953888 32.192932
vt -179.422058 120.381897
vt -179.422058 32.192932
vt -176.272156 32.192932
vt 268.610138 -179.422058
vt 303.256134 -179.422058
vt 268.610138 -176.272156
vt 303.256134 -176.272156
vt 180.422058 32.192932
vt 180.422058 120.381897
vt 180.422058 122.350418
vt 177.272156 122.350418
vt -304.223907 -179.422058
vt -265.641388 -179.422058
vt -304.223907 -176.272156
vt -265.641388 -176.272156
vt -179.422058 122.350418
vt -176.272156 122.350418
vt -302.912079 32.192932
vt -302.256134 120.381897
vt -304.223907 122.350418
vt -267.610138 120.381897
vt -265.641388 122.350418
vt -266.297638 32.192932
vt 178.453293 36.129944
vt 177.862717 118.413406
vt 177.272141 36.129944
vt -300.288361 -177.453293
vt -287.098907 -177.453293
vt -300.288361 -176.272141
vt -287.098907 -176.272141
vt -176.862701 118.413406
vt -177.453293 36.129944
vt -176.272141 36.129944
vt -302.257111 -177.453293
vt -285.130646 -177.453293
vt -302.257111 -176.272141
vt -285.130646 -176.272141
vt -177.453293 120.381897
vt -176.272141 120.381897
vt 177.862732 32.192932
vt 178.453293 120.381897
vt 177.272141 120.381897
vt 301.288361 118.413406
vt 303.257111 120.381897
vt 288.098907 118.413406
vt 286.130646 120.381897
vt 288.098907 36.129944
vt 286.130646 32.192932
vt 303.257111 32.192932
vt 301.288361 36.129944
vt -300.288361 36.129944
vt -300.288361 118.413406
vt -302.257111 120.381897
vt -287.098907 118.413406
vt -285.130646 120.381897
vt -287.098907 36.129944
vt -285.130646 32.192932
vt -302.257111 32.192932
vt -287.097443 55.224426
vt -287.097443 57.192947
vt -300.286896 55.224426
vt -300.286896 57.192947
vt 288.097443 57.192947
vt 288.097443 55.224426
vt 301.286896 57.192947
vt 301.286896 55.224426
vt -287.097443 76.287415
vt -287.097443 78.255920
vt -300.286896 76.287415
vt -300.286896 78.255920
vt 288.097443 78.255920
vt 288.097443 76.287415
vt 301.286896 78.255920
vt 301.286896 76.287415
vt 270.578400 -177.453308
vt 283.766846 -176.862732
vt 270.578400 -176.272156
vt 178.453308 118.413406
vt 177.272156 118.413406
vt -282.766876 -177.453308
vt -282.766876 -176.272156
vt -176.862732 118.413406
vt -177.453308 36.129944
vt -176.272156 36.129944
vt -267.609619 -176.862732
vt 177.862747 32.192932
vt 177.862732 118.413406
vt -176.862747 118.413406
vt -302.912048 32.192932
vt 304.567963 32.192932
vt 288.098907 -177.453293
vt 301.288361 -176.862701
vt 288.098907 -176.272141
vt 178.453293 118.413406
vt 177.272141 118.413406
vt -285.130646 -176.862732
vt 286.130646 -176.862732
vt 303.257111 -177.453293
vt 303.257111 -176.272141
vt -300.288361 -176.862717
vt 178.453293 32.192932
vt 177.272141 32.192932
vt 301.288361 -176.862717
vt 0.612197 0.634386
vt 0.080375 0.576705
vt 0.356895 0.109822
vt 1.521907 -0.000000
vt 2.226091 2.755897
vt 1.500399 2.755898
vt 2.318994 0.000000
vt 0.231805 0.000000
vt 0.832088 0.000000
vt 0.625762 2.755897
vt -0.008302 2.755897
vt 0.594734 0.132609
vt 0.582580 0.679783
vt 0.090628 0.380841
vt 0.903036 0.089501
vt 0.364460 1.363945
vt 0.073421 0.525409
vt 1.372533 1.048913
vt 3.362178 0.000000
vt 4.544606 0.000000
vt 4.527406 23.622047
vt 0.028993 0.000000
vt 0.959457 23.622047
vt 0.020528 23.622047
vt 0.971428 0.000000
vt 1.865064 23.622047
vt 1.981021 -0.000000
vt 3.240488 23.622047
vt 0.922022 1.456693
vt 0.077717 1.036388
vt 0.272791 0.249752
vt 1.339607 0.397951
vt 0.462663 0.727101
vt 0.143788 0.250779
vt 0.723737 0.277025
vt 1.983490 0.000000
vt 2.404981 0.000000
vt 2.318208 2.755897
vt 1.652051 2.755898
vt 0.422484 0.000000
vt 0.756173 2.755897
vt 0.059427 2.755897
vt 1.315620 0.000000
vt 0.680290 0.225146
vt 0.465330 0.728861
vt 0.105631 0.282111
s 1
usemtl Material.016
f 2/1/1 3/2/1 1/3/1
f 4/4/2 7/5/2 3/6/2
f 8/7/3 5/8/3 7/9/3
f 6/10/4 1/11/4 5/12/4
f 7/13/5 1/14/5 3/15/5
f 4/16/6 6/17/6 8/18/6
f 2/1/1 4/19/1 3/2/1
f 4/4/2 8/20/2 7/5/2
f 8/7/3 6/21/3 5/8/3
f 6/10/4 2/22/4 1/11/4
f 7/13/5 5/23/5 1/14/5
f 4/16/6 2/24/6 6/17/6
usemtl 02_-_Default
f 13/25/7 9/26/8 11/27/9
f 13/25/7 11/27/9 12/28/10
f 9/29/8 10/30/11 11/31/9
f 11/31/9 10/30/11 14/32/12
f 10/33/11 15/34/13 16/35/14
f 10/33/11 16/35/14 14/36/12
f 10/37/11 9/38/8 15/39/13
f 15/39/13 9/38/8 13/40/7
f 11/41/9 14/42/12 12/43/10
f 12/43/10 14/42/12 16/44/14
f 12/45/4 16/46/4 13/47/4
f 13/47/4 16/46/4 15/48/4
f 768/522/1 769/523/1 771/524/1
f 771/524/1 769/523/1 770/525/1
f 771/526/6 772/527/353 768/528/354
f 770/529/355 774/530/356 771/531/357
f 771/531/357 774/530/356 775/532/358
f 771/531/357 775/532/358 772/533/353
f 772/533/353 775/532/358 776/534/359
f 772/533/353 776/534/359 773/535/360
f 773/535/360 776/534/359 770/529/355
f 770/529/355 776/534/359 777/536/361
f 770/529/355 777/536/361 774/530/356
f 774/537/356 778/538/362 775/539/5
f 779/540/6 777/541/361 776/542/359
f 778/543/1 779/544/1 775/545/1
f 775/545/1 779/544/1 776/546/1
f 769/547/5 773/548/360 770/549/355
f 768/550/354 777/551/361 769/552/363
f 769/552/363 777/551/361 779/553/364
f 769/552/363 779/553/364 773/554/360
f 773/554/360 779/553/364 778/555/362
f 773/554/360 778/555/362 772/556/353
f 772/556/353 778/555/362 768/550/354
f 768/550/354 778/555/362 774/557/356
f 768/550/354 774/557/356 777/551/361
f 780/558/365 783/559/366 781/560/367
f 781/560/367 783/559/366 782/561/368
f 783/562/366 780/563/365 782/564/368
f 782/564/368 780/563/365 781/565/367
f 784/566/365 787/567/369 785/568/370
f 785/568/370 787/567/369 786/569/371
f 787/570/369 784/571/365 786/572/371
f 786/572/371 784/571/365 785/573/370
f 788/574/365 791/575/369 789/576/370
f 789/576/370 791/575/369 790/577/371
f 791/578/369 788/579/365 790/580/371
f 790/580/371 788/579/365 789/581/370
f 796/582/1 797/583/1 799/524/1
f 799/524/1 797/583/1 798/525/1
f 800/584/5 796/585/5 801/586/5
f 801/586/5 796/585/5 799/587/5
f 802/588/3 800/589/3 803/590/3
f 803/590/3 800/589/3 801/591/3
f 797/592/6 802/593/6 798/594/6
f 798/594/6 802/593/6 803/595/6
f 804/596/3 805/597/3 807/598/3
f 807/598/3 805/597/3 806/599/3
f 805/600/6 808/601/6 806/602/6
f 806/602/6 808/601/6 809/603/6
f 808/604/1 810/605/1 809/606/1
f 809/606/1 810/605/1 811/607/1
f 810/608/5 804/609/5 811/610/5
f 811/610/5 804/609/5 807/611/5
f 798/612/4 806/613/4 799/614/4
f 799/614/4 806/613/4 809/615/4
f 799/614/4 809/615/4 801/616/4
f 801/616/4 809/615/4 811/617/4
f 801/616/4 811/617/4 803/618/4
f 803/618/4 811/617/4 798/612/4
f 798/612/4 811/617/4 807/619/4
f 798/612/4 807/619/4 806/613/4
f 796/620/2 804/621/2 797/622/2
f 797/622/2 804/621/2 810/623/2
f 797/622/2 810/623/2 802/624/2
f 802/624/2 810/623/2 808/625/2
f 802/624/2 808/625/2 800/626/2
f 800/626/2 808/625/2 796/620/2
f 796/620/2 808/625/2 805/627/2
f 796/620/2 805/627/2 804/621/2
f 812/628/365 814/629/366 813/630/367
f 813/630/367 814/629/366 815/631/368
f 813/632/367 815/633/368 812/634/365
f 812/634/365 815/633/368 814/635/366
f 816/636/365 818/637/369 817/638/370
f 817/638/370 818/637/369 819/639/371
f 817/640/370 819/641/371 816/642/365
f 816/642/365 819/641/371 818/643/369
f 820/644/365 822/645/369 821/646/370
f 821/646/370 822/645/369 823/647/371
f 821/648/370 823/649/371 820/650/365
f 820/650/365 823/649/371 822/651/369
f 828/652/3 829/653/3 831/590/3
f 831/590/3 829/653/3 830/591/3
f 829/654/6 832/655/376 830/656/377
f 828/657/378 834/658/379 829/659/380
f 829/659/380 834/658/379 835/660/381
f 829/659/380 835/660/381 832/626/376
f 832/626/376 835/660/381 836/661/382
f 832/626/376 836/661/382 833/624/383
f 833/624/383 836/661/382 828/657/378
f 828/657/378 836/661/382 837/662/384
f 828/657/378 837/662/384 834/658/379
f 835/663/5 834/664/379 838/665/385
f 837/666/384 836/667/382 839/668/6
f 836/669/3 835/670/3 839/671/3
f 839/671/3 835/670/3 838/672/3
f 831/673/5 833/674/383 828/675/378
f 830/676/377 837/677/384 831/678/386
f 831/678/386 837/677/384 839/679/387
f 831/678/386 839/679/387 833/618/383
f 833/618/383 839/679/387 838/680/385
f 833/618/383 838/680/385 832/616/376
f 832/616/376 838/680/385 830/676/377
f 830/676/377 838/680/385 834/681/379
f 830/676/377 834/681/379 837/677/384
f 840/628/365 842/629/366 841/630/367
f 841/630/367 842/629/366 843/631/368
f 841/632/367 843/633/368 840/634/365
f 840/634/365 843/633/368 842/635/366
f 844/636/365 846/637/369 845/638/370
f 845/638/370 846/637/369 847/639/371
f 845/640/370 847/641/371 844/642/365
f 844/642/365 847/641/371 846/643/369
f 848/644/365 850/645/369 849/646/370
f 849/646/370 850/645/369 851/647/371
f 849/648/370 851/649/371 848/650/365
f 848/650/365 851/649/371 850/651/369
f 852/682/1 853/683/1 855/684/1
f 855/684/1 853/683/1 854/685/1
f 855/686/6 856/687/353 852/688/354
f 854/689/388 858/690/389 855/691/357
f 855/691/357 858/690/389 859/692/358
f 855/691/357 859/692/358 856/693/353
f 856/693/353 859/692/358 860/694/390
f 856/693/353 860/694/390 857/695/360
f 857/695/360 860/694/390 854/689/388
f 854/689/388 860/694/390 861/696/391
f 854/689/388 861/696/391 858/690/389
f 858/697/389 862/698/362 859/699/5
f 863/700/6 861/701/391 860/702/390
f 862/703/1 863/704/1 859/705/1
f 859/705/1 863/704/1 860/706/1
f 853/707/5 857/708/360 854/709/388
f 852/710/354 861/711/391 853/712/363
f 853/712/363 861/711/391 863/713/364
f 853/712/363 863/713/364 857/714/360
f 857/714/360 863/713/364 862/715/362
f 857/714/360 862/715/362 856/716/353
f 856/716/353 862/715/362 852/710/354
f 852/710/354 862/715/362 858/717/389
f 852/710/354 858/717/389 861/711/391
f 864/718/365 867/719/366 865/720/367
f 865/720/367 867/719/366 866/721/368
f 867/722/366 864/723/365 866/724/368
f 866/724/368 864/723/365 865/725/367
f 868/726/365 871/727/369 869/728/370
f 869/728/370 871/727/369 870/729/371
f 871/730/369 868/731/365 870/732/371
f 870/732/371 868/731/365 869/733/370
f 872/734/365 875/735/366 873/736/370
f 873/736/370 875/735/366 874/737/392
f 875/738/366 872/739/365 874/740/392
f 874/740/392 872/739/365 873/741/370
f 880/742/1 881/743/1 883/684/1
f 883/684/1 881/743/1 882/685/1
f 884/744/5 880/745/5 885/746/5
f 885/746/5 880/745/5 883/747/5
f 886/748/3 884/749/3 887/750/3
f 887/750/3 884/749/3 885/751/3
f 881/752/6 886/753/6 882/754/6
f 882/754/6 886/753/6 887/755/6
f 888/756/3 889/757/3 891/758/3
f 891/758/3 889/757/3 890/759/3
f 889/760/6 892/761/6 890/762/6
f 890/762/6 892/761/6 893/763/6
f 892/764/1 894/765/1 893/766/1
f 893/766/1 894/765/1 895/767/1
f 894/768/5 888/769/5 895/770/5
f 895/770/5 888/769/5 891/771/5
f 882/772/4 890/773/4 883/774/4
f 883/774/4 890/773/4 893/775/4
f 883/774/4 893/775/4 885/776/4
f 885/776/4 893/775/4 895/777/4
f 885/776/4 895/777/4 887/778/4
f 887/778/4 895/777/4 882/772/4
f 882/772/4 895/777/4 891/779/4
f 882/772/4 891/779/4 890/773/4
f 880/780/2 888/781/2 881/782/2
f 881/782/2 888/781/2 894/783/2
f 881/782/2 894/783/2 886/784/2
f 886/784/2 894/783/2 892/785/2
f 886/784/2 892/785/2 884/786/2
f 884/786/2 892/785/2 880/780/2
f 880/780/2 892/785/2 889/787/2
f 880/780/2 889/787/2 888/781/2
f 896/788/365 898/789/366 897/790/367
f 897/790/367 898/789/366 899/791/368
f 897/792/367 899/793/368 896/794/365
f 896/794/365 899/793/368 898/795/366
f 900/796/365 902/797/369 901/798/370
f 901/798/370 902/797/369 903/799/371
f 901/800/370 903/801/371 900/802/365
f 900/802/365 903/801/371 902/803/369
f 904/804/365 906/805/369 905/806/370
f 905/806/370 906/805/369 907/807/371
f 905/808/370 907/809/371 904/810/365
f 904/810/365 907/809/371 906/811/369
f 912/812/3 913/813/3 915/750/3
f 915/750/3 913/813/3 914/751/3
f 913/814/6 916/815/376 914/816/377
f 912/817/378 918/818/395 913/819/380
f 913/819/380 918/818/395 919/820/381
f 913/819/380 919/820/381 916/786/376
f 916/786/376 919/820/381 920/821/396
f 916/786/376 920/821/396 917/784/383
f 917/784/383 920/821/396 912/817/378
f 912/817/378 920/821/396 921/822/397
f 912/817/378 921/822/397 918/818/395
f 919/823/5 918/824/395 922/825/398
f 921/826/397 920/827/396 923/828/6
f 920/829/3 919/830/3 923/831/3
f 923/831/3 919/830/3 922/832/3
f 915/833/5 917/834/383 912/835/378
f 914/836/377 921/837/397 915/838/386
f 915/838/386 921/837/397 923/839/387
f 915/838/386 923/839/387 917/778/383
f 917/778/383 923/839/387 922/840/398
f 917/778/383 922/840/398 916/776/376
f 916/776/376 922/840/398 914/836/377
f 914/836/377 922/840/398 918/841/395
f 914/836/377 918/841/395 921/837/397
f 924/788/365 926/789/366 925/790/367
f 925/790/367 926/789/366 927/791/368
f 925/792/367 927/793/368 924/794/365
f 924/794/365 927/793/368 926/795/366
f 928/796/365 930/797/369 929/798/370
f 929/798/370 930/797/369 931/799/371
f 929/800/370 931/801/371 928/802/365
f 928/802/365 931/801/371 930/803/369
f 932/804/365 934/805/369 933/806/370
f 933/806/370 934/805/369 935/807/371
f 933/808/370 935/809/371 932/810/365
f 932/810/365 935/809/371 934/811/369
f 936/842/3 937/843/3 939/844/3
f 939/844/3 937/843/3 938/845/3
f 939/846/6 940/847/376 936/848/377
f 938/849/378 942/850/379 939/851/380
f 939/851/380 942/850/379 943/852/381
f 939/851/380 943/852/381 940/853/376
f 940/853/376 943/852/381 944/854/382
f 940/853/376 944/854/382 941/855/383
f 941/855/383 944/854/382 938/849/378
f 938/849/378 944/854/382 945/856/384
f 938/849/378 945/856/384 942/850/379
f 942/857/379 946/858/385 943/859/5
f 947/860/6 945/861/384 944/862/382
f 946/863/3 947/864/3 943/865/3
f 943/865/3 947/864/3 944/866/3
f 937/867/5 941/868/383 938/869/378
f 936/870/377 945/871/384 937/872/386
f 937/872/386 945/871/384 947/873/387
f 937/872/386 947/873/387 941/874/383
f 941/874/383 947/873/387 946/875/385
f 941/874/383 946/875/385 940/876/376
f 940/876/376 946/875/385 936/870/377
f 936/870/377 946/875/385 942/877/379
f 936/870/377 942/877/379 945/871/384
f 948/878/370 951/879/371 949/880/365
f 949/880/365 951/879/371 950/881/369
f 951/882/371 948/883/370 950/884/369
f 950/884/369 948/883/370 949/885/365
f 952/886/370 955/887/371 953/888/365
f 953/888/365 955/887/371 954/889/369
f 955/890/371 952/891/370 954/892/369
f 954/892/369 952/891/370 953/893/365
f 956/894/367 959/895/371 957/896/365
f 957/896/365 959/895/371 958/897/369
f 959/898/371 956/899/367 958/900/369
f 958/900/369 956/899/367 957/901/365
f 960/902/3 961/903/3 963/844/3
f 963/844/3 961/903/3 962/845/3
f 964/904/5 960/905/5 965/906/5
f 965/906/5 960/905/5 963/907/5
f 966/908/1 964/909/1 967/910/1
f 967/910/1 964/909/1 965/911/1
f 961/912/6 966/913/6 962/914/6
f 962/914/6 966/913/6 967/915/6
f 968/916/1 969/917/1 971/918/1
f 971/918/1 969/917/1 970/919/1
f 969/920/6 972/921/6 970/922/6
f 970/922/6 972/921/6 973/923/6
f 972/924/3 974/925/3 973/926/3
f 973/926/3 974/925/3 975/927/3
f 974/928/5 968/929/5 975/930/5
f 975/930/5 968/929/5 971/931/5
f 962/855/2 970/773/2 963/853/2
f 963/853/2 970/773/2 973/775/2
f 963/853/2 973/775/2 965/932/2
f 965/932/2 973/775/2 975/777/2
f 965/932/2 975/777/2 967/933/2
f 967/933/2 975/777/2 962/855/2
f 962/855/2 975/777/2 971/779/2
f 962/855/2 971/779/2 970/773/2
f 960/876/4 968/781/4 961/874/4
f 961/874/4 968/781/4 974/783/4
f 961/874/4 974/783/4 966/934/4
f 966/934/4 974/783/4 972/785/4
f 966/934/4 972/785/4 964/935/4
f 964/935/4 972/785/4 960/876/4
f 960/876/4 972/785/4 969/787/4
f 960/876/4 969/787/4 968/781/4
f 976/936/370 978/937/371 977/938/365
f 977/938/365 978/937/371 979/939/369
f 977/940/365 979/941/369 976/942/370
f 976/942/370 979/941/369 978/943/371
f 980/944/370 982/945/371 981/946/365
f 981/946/365 982/945/371 983/947/369
f 981/948/365 983/949/369 980/950/370
f 980/950/370 983/949/369 982/951/371
f 984/952/367 986/953/371 985/954/365
f 985/954/365 986/953/371 987/955/369
f 985/956/365 987/957/369 984/958/367
f 984/958/367 987/957/369 986/959/371
f 988/960/1 989/961/1 991/910/1
f 991/910/1 989/961/1 990/911/1
f 989/962/6 992/963/353 990/964/354
f 988/965/355 994/966/356 989/967/357
f 989/967/357 994/966/356 995/968/358
f 989/967/357 995/968/358 992/786/353
f 992/786/353 995/968/358 996/969/359
f 992/786/353 996/969/359 993/784/360
f 993/784/360 996/969/359 988/965/355
f 988/965/355 996/969/359 997/970/361
f 988/965/355 997/970/361 994/966/356
f 995/971/5 994/972/356 998/973/362
f 997/974/361 996/975/359 999/976/6
f 996/977/1 995/978/1 999/979/1
f 999/979/1 995/978/1 998/980/1
f 991/981/5 993/982/360 988/983/355
f 990/984/354 997/985/361 991/986/363
f 991/986/363 997/985/361 999/987/364
f 991/986/363 999/987/364 993/778/360
f 993/778/360 999/987/364 998/988/362
f 993/778/360 998/988/362 992/776/353
f 992/776/353 998/988/362 990/984/354
f 990/984/354 998/988/362 994/989/356
f 990/984/354 994/989/356 997/985/361
f 1000/936/370 1002/937/371 1001/938/365
f 1001/938/365 1002/937/371 1003/939/369
f 1001/940/365 1003/941/369 1000/942/370
f 1000/942/370 1003/941/369 1002/943/371
f 1004/944/370 1006/945/371 1005/946/365
f 1005/946/365 1006/945/371 1007/947/369
f 1005/948/365 1007/949/369 1004/950/370
f 1004/950/370 1007/949/369 1006/951/371
f 1008/952/367 1010/953/371 1009/954/365
f 1009/954/365 1010/953/371 1011/955/369
f 1009/956/365 1011/957/369 1008/958/367
f 1008/958/367 1011/957/369 1010/959/371
f 1012/990/3 1013/991/3 1015/992/3
f 1015/992/3 1013/991/3 1014/993/3
f 1015/994/6 1016/995/376 1012/996/377
f 1014/997/378 1018/998/379 1015/999/380
f 1015/999/380 1018/998/379 1019/1000/381
f 1015/999/380 1019/1000/381 1016/1001/376
f 1016/1001/376 1019/1000/381 1020/1002/396
f 1016/1001/376 1020/1002/396 1017/1003/383
f 1017/1003/383 1020/1002/396 1014/997/378
f 1014/997/378 1020/1002/396 1021/1004/384
f 1014/997/378 1021/1004/384 1018/998/379
f 1018/1005/379 1022/1006/385 1019/1007/5
f 1023/1008/6 1021/1009/384 1020/1010/396
f 1022/1011/3 1023/1012/3 1019/1013/3
f 1019/1013/3 1023/1012/3 1020/1014/3
f 1013/1015/5 1017/1016/383 1014/1017/378
f 1012/1018/377 1021/1019/384 1013/1020/386
f 1013/1020/386 1021/1019/384 1023/1021/387
f 1013/1020/386 1023/1021/387 1017/1022/383
f 1017/1022/383 1023/1021/387 1022/1023/385
f 1017/1022/383 1022/1023/385 1016/1024/376
f 1016/1024/376 1022/1023/385 1012/1018/377
f 1012/1018/377 1022/1023/385 1018/1025/379
f 1012/1018/377 1018/1025/379 1021/1019/384
f 1024/1026/399 1027/1027/368 1025/1028/400
f 1025/1028/400 1027/1027/368 1026/1029/401
f 1027/1030/368 1024/1031/399 1026/1032/401
f 1026/1032/401 1024/1031/399 1025/1033/400
f 1028/1034/399 1031/1035/368 1029/1036/400
f 1029/1036/400 1031/1035/368 1030/1037/401
f 1031/1038/368 1028/1039/399 1030/1040/401
f 1030/1040/401 1028/1039/399 1029/1041/400
f 1032/1042/370 1035/1043/371 1033/1044/365
f 1033/1044/365 1035/1043/371 1034/1045/369
f 1035/1046/371 1032/1047/370 1034/1048/369
f 1034/1048/369 1032/1047/370 1033/1049/365
f 1040/1050/3 1041/1051/3 1043/992/3
f 1043/992/3 1041/1051/3 1042/993/3
f 1044/1052/5 1040/1053/5 1045/1054/5
f 1045/1054/5 1040/1053/5 1043/1055/5
f 1046/1056/1 1044/1057/1 1047/1058/1
f 1047/1058/1 1044/1057/1 1045/1059/1
f 1041/1060/6 1046/1061/6 1042/1062/6
f 1042/1062/6 1046/1061/6 1047/1063/6
f 1048/1064/1 1049/1065/1 1051/1066/1
f 1051/1066/1 1049/1065/1 1050/1067/1
f 1049/1068/6 1052/1069/6 1050/1070/6
f 1050/1070/6 1052/1069/6 1053/1071/6
f 1052/1072/3 1054/1073/3 1053/1074/3
f 1053/1074/3 1054/1073/3 1055/1075/3
f 1054/1076/5 1048/1077/5 1055/1078/5
f 1055/1078/5 1048/1077/5 1051/1079/5
f 1042/1080/2 1050/1081/2 1043/1082/2
f 1043/1082/2 1050/1081/2 1053/1083/2
f 1043/1082/2 1053/1083/2 1045/1084/2
f 1045/1084/2 1053/1083/2 1055/1085/2
f 1045/1084/2 1055/1085/2 1047/1086/2
f 1047/1086/2 1055/1085/2 1042/1080/2
f 1042/1080/2 1055/1085/2 1051/1087/2
f 1042/1080/2 1051/1087/2 1050/1081/2
f 1040/1088/4 1048/1089/4 1041/1090/4
f 1041/1090/4 1048/1089/4 1054/1091/4
f 1041/1090/4 1054/1091/4 1046/1092/4
f 1046/1092/4 1054/1091/4 1052/1093/4
f 1046/1092/4 1052/1093/4 1044/1094/4
f 1044/1094/4 1052/1093/4 1040/1088/4
f 1040/1088/4 1052/1093/4 1049/1095/4
f 1040/1088/4 1049/1095/4 1048/1089/4
f 1056/1096/370 1058/1097/371 1057/1098/365
f 1057/1098/365 1058/1097/371 1059/1099/369
f 1057/1100/365 1059/1101/369 1056/1102/370
f 1056/1102/370 1059/1101/369 1058/1103/371
f 1060/1104/370 1062/1105/371 1061/1106/365
f 1061/1106/365 1062/1105/371 1063/1107/369
f 1061/1108/365 1063/1109/369 1060/1110/370
f 1060/1110/370 1063/1109/369 1062/1111/371
f 1064/1112/367 1066/1113/371 1065/1114/365
f 1065/1114/365 1066/1113/371 1067/1115/369
f 1065/1116/365 1067/1117/369 1064/1118/367
f 1064/1118/367 1067/1117/369 1066/1119/371
f 1072/1120/1 1073/1121/1 1075/1058/1
f 1075/1058/1 1073/1121/1 1074/1059/1
f 1073/1122/6 1076/1123/353 1074/1124/354
f 1072/1125/388 1078/1126/406 1073/1127/357
f 1073/1127/357 1078/1126/406 1079/1128/358
f 1073/1127/357 1079/1128/358 1076/1129/353
f 1076/1129/353 1079/1128/358 1080/1130/359
f 1076/1129/353 1080/1130/359 1077/1131/360
f 1077/1131/360 1080/1130/359 1072/1125/388
f 1072/1125/388 1080/1130/359 1081/1132/391
f 1072/1125/388 1081/1132/391 1078/1126/406
f 1079/1133/5 1078/1134/406 1082/1135/362
f 1081/1136/391 1080/1137/359 1083/1138/6
f 1080/1139/1 1079/1140/1 1083/1141/1
f 1083/1141/1 1079/1140/1 1082/1142/1
f 1075/1143/5 1077/1144/360 1072/1145/388
f 1074/1146/354 1081/1147/391 1075/1148/363
f 1075/1148/363 1081/1147/391 1083/1149/364
f 1075/1148/363 1083/1149/364 1077/1150/360
f 1077/1150/360 1083/1149/364 1082/1151/362
f 1077/1150/360 1082/1151/362 1076/1152/353
f 1076/1152/353 1082/1151/362 1074/1146/354
f 1074/1146/354 1082/1151/362 1078/1153/406
f 1074/1146/354 1078/1153/406 1081/1147/391
f 1084/1096/370 1086/1097/371 1085/1098/365
f 1085/1098/365 1086/1097/371 1087/1099/369
f 1085/1100/365 1087/1101/369 1084/1102/370
f 1084/1102/370 1087/1101/369 1086/1103/371
f 1088/1104/370 1090/1105/371 1089/1106/365
f 1089/1106/365 1090/1105/371 1091/1107/369
f 1089/1108/365 1091/1109/369 1088/1110/370
f 1088/1110/370 1091/1109/369 1090/1111/371
f 1092/1112/367 1094/1113/371 1093/1114/365
f 1093/1114/365 1094/1113/371 1095/1115/369
f 1093/1116/365 1095/1117/369 1092/1118/367
f 1092/1118/367 1095/1117/369 1094/1119/371
f 1096/1154/3 1097/1155/3 1099/1156/3
f 1099/1156/3 1097/1155/3 1098/1157/3
f 1099/1158/6 1100/1159/376 1096/1160/377
f 1098/1161/378 1102/1162/395 1099/1163/380
f 1099/1163/380 1102/1162/395 1103/1164/381
f 1099/1163/380 1103/1164/381 1100/533/376
f 1100/533/376 1103/1164/381 1104/1165/396
f 1100/533/376 1104/1165/396 1101/535/383
f 1101/535/383 1104/1165/396 1098/1161/378
f 1098/1161/378 1104/1165/396 1105/1166/397
f 1098/1161/378 1105/1166/397 1102/1162/395
f 1102/1167/395 1106/1168/385 1103/1169/5
f 1107/1170/6 1105/1171/397 1104/1172/396
f 1106/1173/3 1107/1174/3 1103/1175/3
f 1103/1175/3 1107/1174/3 1104/1176/3
f 1097/1177/5 1101/1178/383 1098/1179/378
f 1096/1180/377 1105/1181/397 1097/1182/386
f 1097/1182/386 1105/1181/397 1107/1183/387
f 1097/1182/386 1107/1183/387 1101/554/383
f 1101/554/383 1107/1183/387 1106/1184/385
f 1101/554/383 1106/1184/385 1100/556/376
f 1100/556/376 1106/1184/385 1096/1180/377
f 1096/1180/377 1106/1184/385 1102/1185/395
f 1096/1180/377 1102/1185/395 1105/1181/397
f 1108/1186/370 1111/1187/371 1109/1188/365
f 1109/1188/365 1111/1187/371 1110/1189/369
f 1111/1190/371 1108/1191/370 1110/1192/369
f 1110/1192/369 1108/1191/370 1109/1193/365
f 1112/1194/370 1115/1195/371 1113/1196/365
f 1113/1196/365 1115/1195/371 1114/1197/369
f 1115/1198/371 1112/1199/370 1114/1200/369
f 1114/1200/369 1112/1199/370 1113/1201/365
f 1116/1202/367 1119/1203/371 1117/1204/365
f 1117/1204/365 1119/1203/371 1118/1205/369
f 1119/1206/371 1116/1207/367 1118/1208/369
f 1118/1208/369 1116/1207/367 1117/1209/365
f 1120/1210/3 1121/1211/3 1123/1156/3
f 1123/1156/3 1121/1211/3 1122/1157/3
f 1124/1212/5 1120/1213/5 1125/1214/5
f 1125/1214/5 1120/1213/5 1123/1215/5
f 1126/1216/1 1124/1217/1 1127/1218/1
f 1127/1218/1 1124/1217/1 1125/1219/1
f 1121/1220/6 1126/1221/6 1122/1222/6
f 1122/1222/6 1126/1221/6 1127/1223/6
f 1128/1224/1 1129/1225/1 1131/1226/1
f 1131/1226/1 1129/1225/1 1130/1227/1
f 1129/1228/6 1132/1229/6 1130/1230/6
f 1130/1230/6 1132/1229/6 1133/1231/6
f 1132/1232/3 1134/1233/3 1133/1234/3
f 1133/1234/3 1134/1233/3 1135/1235/3
f 1134/1236/5 1128/1237/5 1135/1238/5
f 1135/1238/5 1128/1237/5 1131/1239/5
f 1122/535/2 1130/613/2 1123/533/2
f 1123/533/2 1130/613/2 1133/615/2
f 1123/533/2 1133/615/2 1125/1240/2
f 1125/1240/2 1133/615/2 1135/617/2
f 1125/1240/2 1135/617/2 1127/1241/2
f 1127/1241/2 1135/617/2 1122/535/2
f 1122/535/2 1135/617/2 1131/619/2
f 1122/535/2 1131/619/2 1130/613/2
f 1120/556/4 1128/621/4 1121/554/4
f 1121/554/4 1128/621/4 1134/623/4
f 1121/554/4 1134/623/4 1126/1242/4
f 1126/1242/4 1134/623/4 1132/625/4
f 1126/1242/4 1132/625/4 1124/1243/4
f 1124/1243/4 1132/625/4 1120/556/4
f 1120/556/4 1132/625/4 1129/627/4
f 1120/556/4 1129/627/4 1128/621/4
f 1136/1244/399 1138/1245/368 1137/1246/400
f 1137/1246/400 1138/1245/368 1139/1247/401
f 1137/1248/400 1139/1249/401 1136/1250/399
f 1136/1250/399 1139/1249/401 1138/1251/368
f 1140/1252/370 1142/1253/371 1141/1254/365
f 1141/1254/365 1142/1253/371 1143/1255/369
f 1141/1256/365 1143/1257/369 1140/1258/370
f 1140/1258/370 1143/1257/369 1142/1259/371
f 1144/1260/370 1146/1261/371 1145/1262/365
f 1145/1262/365 1146/1261/371 1147/1263/369
f 1145/1264/365 1147/1265/369 1144/1266/370
f 1144/1266/370 1147/1265/369 1146/1267/371
f 1152/1268/1 1153/1269/1 1155/1218/1
f 1155/1218/1 1153/1269/1 1154/1219/1
f 1153/1270/6 1156/1271/353 1154/1272/354
f 1152/1273/388 1158/1274/406 1153/1275/357
f 1153/1275/357 1158/1274/406 1159/1276/358
f 1153/1275/357 1159/1276/358 1156/1277/353
f 1156/1277/353 1159/1276/358 1160/1278/359
f 1156/1277/353 1160/1278/359 1157/1279/360
f 1157/1279/360 1160/1278/359 1152/1273/388
f 1152/1273/388 1160/1278/359 1161/1280/411
f 1152/1273/388 1161/1280/411 1158/1274/406
f 1159/1281/5 1158/1282/406 1162/1283/362
f 1161/1284/411 1160/1285/359 1163/1286/6
f 1160/1287/1 1159/1288/1 1163/1289/1
f 1163/1289/1 1159/1288/1 1162/1290/1
f 1155/1291/5 1157/1292/360 1152/1293/388
f 1154/1294/354 1161/1295/411 1155/1296/363
f 1155/1296/363 1161/1295/411 1163/1297/364
f 1155/1296/363 1163/1297/364 1157/1298/360
f 1157/1298/360 1163/1297/364 1162/1299/362
f 1157/1298/360 1162/1299/362 1156/1300/353
f 1156/1300/353 1162/1299/362 1154/1294/354
f 1154/1294/354 1162/1299/362 1158/1301/406
f 1154/1294/354 1158/1301/406 1161/1295/411
f 1164/1244/399 1166/1245/368 1165/1246/400
f 1165/1246/400 1166/1245/368 1167/1247/401
f 1165/1248/400 1167/1249/401 1164/1250/399
f 1164/1250/399 1167/1249/401 1166/1251/368
f 1168/1252/370 1170/1253/371 1169/1254/365
f 1169/1254/365 1170/1253/371 1171/1255/369
f 1169/1256/365 1171/1257/369 1168/1258/370
f 1168/1258/370 1171/1257/369 1170/1259/371
f 1172/1260/370 1174/1261/371 1173/1262/365
f 1173/1262/365 1174/1261/371 1175/1263/369
f 1173/1264/365 1175/1265/369 1172/1266/370
f 1172/1266/370 1175/1265/369 1174/1267/371
f 1176/936/370 1178/937/371 1177/938/365
f 1177/938/365 1178/937/371 1179/939/369
f 1177/940/365 1179/941/369 1176/942/370
f 1176/942/370 1179/941/369 1178/943/371
f 1180/944/370 1182/945/371 1181/946/365
f 1181/946/365 1182/945/371 1183/947/369
f 1181/948/365 1183/949/369 1180/950/370
f 1180/950/370 1183/949/369 1182/951/371
f 1184/952/367 1186/953/371 1185/954/365
f 1185/954/365 1186/953/371 1187/955/369
f 1185/956/365 1187/957/369 1184/958/367
f 1184/958/367 1187/957/369 1186/959/371
f 1192/878/370 1195/879/371 1193/880/365
f 1193/880/365 1195/879/371 1194/881/369
f 1195/882/371 1192/883/370 1194/884/369
f 1194/884/369 1192/883/370 1193/885/365
f 1196/886/370 1199/887/371 1197/888/365
f 1197/888/365 1199/887/371 1198/889/369
f 1199/890/371 1196/891/370 1198/892/369
f 1198/892/369 1196/891/370 1197/893/365
f 1200/894/367 1203/895/371 1201/896/365
f 1201/896/365 1203/895/371 1202/897/369
f 1203/898/371 1200/899/367 1202/900/369
f 1202/900/369 1200/899/367 1201/901/365
f 1208/878/370 1211/879/371 1209/880/365
f 1209/880/365 1211/879/371 1210/881/369
f 1211/882/371 1208/883/370 1210/884/369
f 1210/884/369 1208/883/370 1209/885/365
f 1212/886/370 1215/887/371 1213/888/365
f 1213/888/365 1215/887/371 1214/889/369
f 1215/890/371 1212/891/370 1214/892/369
f 1214/892/369 1212/891/370 1213/893/365
f 1216/894/367 1219/895/371 1217/896/365
f 1217/896/365 1219/895/371 1218/897/369
f 1219/898/371 1216/899/367 1218/900/369
f 1218/900/369 1216/899/367 1217/901/365
f 1220/1244/399 1222/1245/368 1221/1246/400
f 1221/1246/400 1222/1245/368 1223/1247/401
f 1221/1248/400 1223/1249/401 1220/1250/399
f 1220/1250/399 1223/1249/401 1222/1251/368
f 1224/1252/370 1226/1253/371 1225/1254/365
f 1225/1254/365 1226/1253/371 1227/1255/369
f 1225/1256/365 1227/1257/369 1224/1258/370
f 1224/1258/370 1227/1257/369 1226/1259/371
f 1228/1260/370 1230/1261/371 1229/1262/365
f 1229/1262/365 1230/1261/371 1231/1263/369
f 1229/1264/365 1231/1265/369 1228/1266/370
f 1228/1266/370 1231/1265/369 1230/1267/371
f 1232/1186/370 1235/1187/371 1233/1188/365
f 1233/1188/365 1235/1187/371 1234/1189/369
f 1235/1190/371 1232/1191/370 1234/1192/369
f 1234/1192/369 1232/1191/370 1233/1193/365
f 1236/1194/370 1239/1195/371 1237/1196/365
f 1237/1196/365 1239/1195/371 1238/1197/369
f 1239/1198/371 1236/1199/370 1238/1200/369
f 1238/1200/369 1236/1199/370 1237/1201/365
f 1240/1202/367 1243/1203/371 1241/1204/365
f 1241/1204/365 1243/1203/371 1242/1205/369
f 1243/1206/371 1240/1207/367 1242/1208/369
f 1242/1208/369 1240/1207/367 1241/1209/365
f 1244/1186/370 1247/1187/371 1245/1188/365
f 1245/1188/365 1247/1187/371 1246/1189/369
f 1247/1190/371 1244/1191/370 1246/1192/369
f 1246/1192/369 1244/1191/370 1245/1193/365
f 1248/1194/370 1251/1195/371 1249/1196/365
f 1249/1196/365 1251/1195/371 1250/1197/369
f 1251/1198/371 1248/1199/370 1250/1200/369
f 1250/1200/369 1248/1199/370 1249/1201/365
f 1252/1202/367 1255/1203/371 1253/1204/365
f 1253/1204/365 1255/1203/371 1254/1205/369
f 1255/1206/371 1252/1207/367 1254/1208/369
f 1254/1208/369 1252/1207/367 1253/1209/365
f 1260/1302/1 1261/1303/1 1263/1304/1
f 1263/1304/1 1261/1303/1 1262/1305/1
f 1261/1270/6 1264/1271/353 1262/1272/412
f 1260/1306/355 1266/1307/406 1261/1308/357
f 1261/1308/357 1266/1307/406 1267/1309/358
f 1261/1308/357 1267/1309/358 1264/1310/353
f 1264/1310/353 1267/1309/358 1268/1311/359
f 1264/1310/353 1268/1311/359 1265/1312/360
f 1265/1312/360 1268/1311/359 1260/1306/355
f 1260/1306/355 1268/1311/359 1269/1313/391
f 1260/1306/355 1269/1313/391 1266/1307/406
f 1267/1281/5 1266/1282/406 1270/1283/413
f 1269/1284/391 1268/1285/359 1271/1286/6
f 1268/1314/1 1267/1315/1 1271/1316/1
f 1271/1316/1 1267/1315/1 1270/1317/1
f 1263/1291/5 1265/1292/360 1260/1293/355
f 1262/1318/412 1269/1319/391 1263/1320/363
f 1263/1320/363 1269/1319/391 1271/1321/364
f 1263/1320/363 1271/1321/364 1265/1322/360
f 1265/1322/360 1271/1321/364 1270/1323/413
f 1265/1322/360 1270/1323/413 1264/1324/353
f 1264/1324/353 1270/1323/413 1262/1318/412
f 1262/1318/412 1270/1323/413 1266/1325/406
f 1262/1318/412 1266/1325/406 1269/1319/391
f 1272/1326/399 1274/1327/392 1273/1328/414
f 1273/1328/414 1274/1327/392 1275/1329/369
f 1273/1330/414 1275/1331/369 1272/1332/399
f 1272/1332/399 1275/1331/369 1274/1333/392
f 1276/1334/370 1278/1335/392 1277/1336/414
f 1277/1336/414 1278/1335/392 1279/1337/401
f 1277/1338/414 1279/1339/401 1276/1340/370
f 1276/1340/370 1279/1339/401 1278/1341/392
f 1280/1342/399 1282/1343/392 1281/1344/414
f 1281/1344/414 1282/1343/392 1283/1345/369
f 1281/1346/414 1283/1347/369 1280/1348/399
f 1280/1348/399 1283/1347/369 1282/1349/392
f 1288/1350/1 1289/1351/1 1291/1352/1
f 1291/1352/1 1289/1351/1 1290/1353/1
f 1289/1212/5 1292/1213/5 1290/1214/5
f 1290/1214/5 1292/1213/5 1293/1215/5
f 1292/1354/3 1294/1355/3 1293/1356/3
f 1293/1356/3 1294/1355/3 1295/1357/3
f 1294/1220/6 1288/1221/6 1295/1222/6
f 1295/1222/6 1288/1221/6 1291/1223/6
f 1296/1358/3 1297/1359/3 1299/1360/3
f 1299/1360/3 1297/1359/3 1298/1361/3
f 1300/1228/6 1296/1229/6 1301/1230/6
f 1301/1230/6 1296/1229/6 1299/1231/6
f 1302/1362/1 1300/1363/1 1303/1364/1
f 1303/1364/1 1300/1363/1 1301/1365/1
f 1297/1236/5 1302/1237/5 1298/1238/5
f 1298/1238/5 1302/1237/5 1303/1239/5
f 1290/1366/2 1298/1367/2 1291/1368/2
f 1291/1368/2 1298/1367/2 1303/1369/2
f 1291/1368/2 1303/1369/2 1295/1370/2
f 1295/1370/2 1303/1369/2 1301/1371/2
f 1295/1370/2 1301/1371/2 1293/1372/2
f 1293/1372/2 1301/1371/2 1290/1366/2
f 1290/1366/2 1301/1371/2 1299/1373/2
f 1290/1366/2 1299/1373/2 1298/1367/2
f 1288/1374/4 1296/1375/4 1289/1376/4
f 1289/1376/4 1296/1375/4 1300/1377/4
f 1289/1376/4 1300/1377/4 1292/1378/4
f 1292/1378/4 1300/1377/4 1302/1379/4
f 1292/1378/4 1302/1379/4 1294/1380/4
f 1294/1380/4 1302/1379/4 1288/1374/4
f 1288/1374/4 1302/1379/4 1297/1381/4
f 1288/1374/4 1297/1381/4 1296/1375/4
f 1304/1382/370 1307/1383/371 1305/1384/365
f 1305/1384/365 1307/1383/371 1306/1385/369
f 1307/1386/371 1304/1387/370 1306/1388/369
f 1306/1388/369 1304/1387/370 1305/1389/365
f 1308/1390/399 1311/1391/368 1309/1392/400
f 1309/1392/400 1311/1391/368 1310/1393/401
f 1311/1394/368 1308/1395/399 1310/1396/401
f 1310/1396/401 1308/1395/399 1309/1397/400
f 1312/1398/399 1315/1399/392 1313/1400/414
f 1313/1400/414 1315/1399/392 1314/1401/369
f 1315/1402/392 1312/1403/399 1314/1404/369
f 1314/1404/369 1312/1403/399 1313/1405/414
f 1316/1406/3 1317/1407/3 1319/1408/3
f 1319/1408/3 1317/1407/3 1318/1409/3
f 1319/1158/6 1320/1159/376 1316/1160/377
f 1318/1410/378 1322/1411/395 1319/1412/380
f 1319/1412/380 1322/1411/395 1323/1413/381
f 1319/1412/380 1323/1413/381 1320/1414/376
f 1320/1414/376 1323/1413/381 1324/1415/396
f 1320/1414/376 1324/1415/396 1321/1416/383
f 1321/1416/383 1324/1415/396 1318/1410/378
f 1318/1410/378 1324/1415/396 1325/1417/397
f 1318/1410/378 1325/1417/397 1322/1411/395
f 1322/1167/395 1326/1168/385 1323/1169/5
f 1327/1170/6 1325/1171/397 1324/1172/396
f 1326/1418/3 1327/1419/3 1323/1420/3
f 1323/1420/3 1327/1419/3 1324/1421/3
f 1317/1177/5 1321/1178/383 1318/1179/378
f 1316/1422/377 1325/1423/397 1317/1424/386
f 1317/1424/386 1325/1423/397 1327/1425/387
f 1317/1424/386 1327/1425/387 1321/1426/383
f 1321/1426/383 1327/1425/387 1326/1427/385
f 1321/1426/383 1326/1427/385 1320/1428/376
f 1320/1428/376 1326/1427/385 1316/1422/377
f 1316/1422/377 1326/1427/385 1322/1429/395
f 1316/1422/377 1322/1429/395 1325/1423/397
f 1328/1382/370 1331/1383/371 1329/1384/365
f 1329/1384/365 1331/1383/371 1330/1385/369
f 1331/1386/371 1328/1387/370 1330/1388/369
f 1330/1388/369 1328/1387/370 1329/1389/365
f 1332/1390/399 1335/1391/368 1333/1392/400
f 1333/1392/400 1335/1391/368 1334/1393/401
f 1335/1394/368 1332/1395/399 1334/1396/401
f 1334/1396/401 1332/1395/399 1333/1397/400
f 1336/1398/399 1339/1399/392 1337/1400/414
f 1337/1400/414 1339/1399/392 1338/1401/369
f 1339/1402/392 1336/1403/399 1338/1404/369
f 1338/1404/369 1336/1403/399 1337/1405/414
f 1340/1430/1 1341/1431/1 1343/1432/1
f 1343/1432/1 1341/1431/1 1342/1433/1
f 1341/962/6 1344/963/353 1342/964/354
f 1340/1434/355 1346/1435/356 1341/1436/357
f 1341/1436/357 1346/1435/356 1347/1437/358
f 1341/1436/357 1347/1437/358 1344/1438/353
f 1344/1438/353 1347/1437/358 1348/1439/359
f 1344/1438/353 1348/1439/359 1345/1440/360
f 1345/1440/360 1348/1439/359 1340/1434/355
f 1340/1434/355 1348/1439/359 1349/1441/361
f 1340/1434/355 1349/1441/361 1346/1435/356
f 1347/971/5 1346/972/356 1350/973/362
f 1349/974/361 1348/975/359 1351/976/6
f 1348/1442/1 1347/1443/1 1351/1444/1
f 1351/1444/1 1347/1443/1 1350/1445/1
f 1343/981/5 1345/982/360 1340/983/355
f 1342/1446/354 1349/1447/361 1343/1448/363
f 1343/1448/363 1349/1447/361 1351/1449/364
f 1343/1448/363 1351/1449/364 1345/1450/360
f 1345/1450/360 1351/1449/364 1350/1451/362
f 1345/1450/360 1350/1451/362 1344/1452/353
f 1344/1452/353 1350/1451/362 1342/1446/354
f 1342/1446/354 1350/1451/362 1346/1453/356
f 1342/1446/354 1346/1453/356 1349/1447/361
f 1352/1454/370 1354/1455/371 1353/1456/365
f 1353/1456/365 1354/1455/371 1355/1457/369
f 1353/1458/365 1355/1459/369 1352/1460/370
f 1352/1460/370 1355/1459/369 1354/1461/371
f 1356/1462/399 1358/1463/368 1357/1464/400
f 1357/1464/400 1358/1463/368 1359/1465/401
f 1357/1466/400 1359/1467/401 1356/1468/399
f 1356/1468/399 1359/1467/401 1358/1469/368
f 1360/1470/399 1362/1471/392 1361/1472/414
f 1361/1472/414 1362/1471/392 1363/1473/369
f 1361/1474/414 1363/1475/369 1360/1476/399
f 1360/1476/399 1363/1475/369 1362/1477/392
f 1368/1478/1 1369/1479/1 1371/1480/1
f 1371/1480/1 1369/1479/1 1370/1481/1
f 1369/904/5 1372/905/5 1370/906/5
f 1370/906/5 1372/905/5 1373/907/5
f 1372/1482/3 1374/1483/3 1373/1484/3
f 1373/1484/3 1374/1483/3 1375/1485/3
f 1374/912/6 1368/913/6 1375/914/6
f 1375/914/6 1368/913/6 1371/915/6
f 1376/1486/3 1377/1487/3 1379/1488/3
f 1379/1488/3 1377/1487/3 1378/1489/3
f 1380/920/6 1376/921/6 1381/922/6
f 1381/922/6 1376/921/6 1379/923/6
f 1382/1490/1 1380/1491/1 1383/1492/1
f 1383/1492/1 1380/1491/1 1381/1493/1
f 1377/928/5 1382/929/5 1378/930/5
f 1378/930/5 1382/929/5 1383/931/5
f 1370/1494/2 1378/1495/2 1371/1496/2
f 1371/1496/2 1378/1495/2 1383/1497/2
f 1371/1496/2 1383/1497/2 1375/1498/2
f 1375/1498/2 1383/1497/2 1381/1499/2
f 1375/1498/2 1381/1499/2 1373/1500/2
f 1373/1500/2 1381/1499/2 1370/1494/2
f 1370/1494/2 1381/1499/2 1379/1501/2
f 1370/1494/2 1379/1501/2 1378/1495/2
f 1368/1502/4 1376/1503/4 1369/1504/4
f 1369/1504/4 1376/1503/4 1380/1505/4
f 1369/1504/4 1380/1505/4 1372/1506/4
f 1372/1506/4 1380/1505/4 1382/1507/4
f 1372/1506/4 1382/1507/4 1374/1508/4
f 1374/1508/4 1382/1507/4 1368/1502/4
f 1368/1502/4 1382/1507/4 1377/1509/4
f 1368/1502/4 1377/1509/4 1376/1503/4
f 1384/1510/370 1387/1511/371 1385/1512/365
f 1385/1512/365 1387/1511/371 1386/1513/369
f 1387/1514/371 1384/1515/370 1386/1516/369
f 1386/1516/369 1384/1515/370 1385/1517/365
f 1388/1518/399 1391/1519/368 1389/1520/400
f 1389/1520/400 1391/1519/368 1390/1521/401
f 1391/1522/368 1388/1523/399 1390/1524/401
f 1390/1524/401 1388/1523/399 1389/1525/400
f 1392/1526/399 1395/1527/392 1393/1528/414
f 1393/1528/414 1395/1527/392 1394/1529/369
f 1395/1530/392 1392/1531/399 1394/1532/369
f 1394/1532/369 1392/1531/399 1393/1533/414
f 1400/1534/3 1401/1535/3 1403/1536/3
f 1403/1536/3 1401/1535/3 1402/1537/3
f 1403/846/6 1404/847/376 1400/848/377
f 1402/1538/378 1406/1539/421 1403/1540/380
f 1403/1540/380 1406/1539/421 1407/1541/381
f 1403/1540/380 1407/1541/381 1404/1542/376
f 1404/1542/376 1407/1541/381 1408/1543/382
f 1404/1542/376 1408/1543/382 1405/1544/383
f 1405/1544/383 1408/1543/382 1402/1538/378
f 1402/1538/378 1408/1543/382 1409/1545/384
f 1402/1538/378 1409/1545/384 1406/1539/421
f 1406/857/421 1410/858/385 1407/859/5
f 1411/860/6 1409/861/384 1408/862/382
f 1410/1546/3 1411/1547/3 1407/1548/3
f 1407/1548/3 1411/1547/3 1408/1549/3
f 1401/867/5 1405/868/383 1402/869/378
f 1400/1550/377 1409/1551/384 1401/1552/386
f 1401/1552/386 1409/1551/384 1411/1553/387
f 1401/1552/386 1411/1553/387 1405/1554/383
f 1405/1554/383 1411/1553/387 1410/1555/385
f 1405/1554/383 1410/1555/385 1404/1556/376
f 1404/1556/376 1410/1555/385 1400/1550/377
f 1400/1550/377 1410/1555/385 1406/1557/421
f 1400/1550/377 1406/1557/421 1409/1551/384
f 1412/1510/370 1415/1511/371 1413/1512/365
f 1413/1512/365 1415/1511/371 1414/1513/369
f 1415/1514/371 1412/1515/370 1414/1516/369
f 1414/1516/369 1412/1515/370 1413/1517/365
f 1416/1518/399 1419/1519/368 1417/1520/400
f 1417/1520/400 1419/1519/368 1418/1521/401
f 1419/1522/368 1416/1523/399 1418/1524/401
f 1418/1524/401 1416/1523/399 1417/1525/400
f 1420/1526/399 1423/1527/392 1421/1528/414
f 1421/1528/414 1423/1527/392 1422/1529/369
f 1423/1530/392 1420/1531/399 1422/1532/369
f 1422/1532/369 1420/1531/399 1421/1533/414
f 1424/1558/422 1425/1559/423 1426/1063/6
f 1427/1560/6 1428/1561/424 1429/1562/425
f 1430/1563/3 1427/1564/3 1431/1565/3
f 1431/1565/3 1427/1564/3 1429/1566/3
f 1432/1567/426 1430/1568/427 1431/1569/5
f 1433/1570/5 1434/1571/428 1435/1054/429
f 1425/1572/3 1433/1573/3 1426/1574/3
f 1426/1574/3 1433/1573/3 1435/1575/3
f 1428/1576/424 1435/1577/429 1429/1578/425
f 1429/1578/425 1435/1577/429 1434/1579/428
f 1429/1578/425 1434/1579/428 1431/1580/430
f 1431/1580/430 1434/1579/428 1424/1581/422
f 1431/1580/430 1424/1581/422 1426/1582/431
f 1428/1576/424 1432/1583/426 1435/1577/429
f 1435/1577/429 1432/1583/426 1426/1582/431
f 1426/1582/431 1432/1583/426 1431/1580/430
f 1432/1584/426 1428/1585/424 1433/1586/432
f 1433/1586/432 1428/1585/424 1427/1587/433
f 1433/1586/432 1427/1587/433 1434/1588/428
f 1434/1588/428 1427/1587/433 1430/1589/427
f 1434/1588/428 1430/1589/427 1424/1590/422
f 1424/1590/422 1430/1589/427 1425/1591/423
f 1425/1591/423 1430/1589/427 1432/1584/426
f 1425/1591/423 1432/1584/426 1433/1586/432
f 1436/1592/434 1439/1593/435 1437/1594/436
f 1437/1594/436 1439/1593/435 1438/1595/437
f 1439/1596/435 1436/1597/434 1438/1598/437
f 1438/1598/437 1436/1597/434 1437/1599/436
f 1440/1600/438 1443/1601/435 1441/1602/439
f 1441/1602/439 1443/1601/435 1442/1603/437
f 1443/1604/435 1440/1605/438 1442/1606/437
f 1442/1606/437 1440/1605/438 1441/1607/439
f 1444/1608/440 1447/1609/435 1445/1610/441
f 1445/1610/441 1447/1609/435 1446/1611/437
f 1447/1612/435 1444/1613/440 1446/1614/437
f 1446/1614/437 1444/1613/440 1445/1615/441
f 1452/1577/446 1453/1616/447 1454/1617/2
f 1452/1577/446 1454/1617/2 1457/1618/448
f 1457/1618/448 1454/1617/2 1455/1619/2
f 1457/1618/448 1455/1619/2 1456/1620/449
f 1459/1621/450 1460/1622/451 1452/1623/446
f 1452/1623/446 1460/1622/451 1453/1624/447
f 1461/1060/6 1459/1061/6 1457/1062/6
f 1457/1062/6 1459/1061/6 1452/1063/6
f 1458/1625/452 1461/1626/453 1456/1574/449
f 1456/1574/449 1461/1626/453 1457/1575/448
f 1460/1625/451 1462/1627/454 1453/1574/447
f 1453/1574/447 1462/1627/454 1454/1628/455
f 1462/1076/5 1463/1077/5 1454/1078/5
f 1454/1078/5 1463/1077/5 1455/1079/5
f 1463/1629/456 1458/1622/452 1455/1630/457
f 1455/1630/457 1458/1622/452 1456/1624/449
f 1460/1631/451 1459/1586/450 1462/1632/4
f 1462/1632/4 1459/1586/450 1461/1633/453
f 1462/1632/4 1461/1633/453 1463/1634/4
f 1463/1634/4 1461/1633/453 1458/1635/452
f 1468/1563/3 1466/1636/458 1469/1565/459
f 1470/1637/5 1468/1638/5 1471/1639/5
f 1471/1639/5 1468/1638/5 1469/1640/5
f 1467/1641/460 1470/1642/461 1471/1643/1
f 1472/1644/5 1473/1645/5 1475/1646/5
f 1475/1646/5 1473/1645/5 1474/1055/5
f 1473/1647/1 1464/1648/462 1474/1623/463
f 1465/1649/464 1472/1573/465 1475/1575/3
f 1467/1650/460 1475/1651/466 1466/1652/458
f 1466/1652/458 1475/1651/466 1474/1618/463
f 1466/1652/458 1474/1618/463 1469/1653/459
f 1469/1653/459 1474/1618/463 1464/1654/462
f 1469/1653/459 1464/1654/462 1465/1655/464
f 1467/1650/460 1471/1656/467 1475/1651/466
f 1475/1651/466 1471/1656/467 1465/1655/464
f 1465/1655/464 1471/1656/467 1469/1653/459
f 1470/1657/461 1467/1658/460 1472/1659/465
f 1472/1659/465 1467/1658/460 1466/1660/458
f 1472/1659/465 1466/1660/458 1473/1633/468
f 1473/1633/468 1466/1660/458 1468/1661/469
f 1473/1633/468 1468/1661/469 1464/1662/462
f 1464/1662/462 1468/1661/469 1465/1663/464
f 1465/1663/464 1468/1661/469 1470/1657/461
f 1465/1663/464 1470/1657/461 1472/1659/465
f 1476/1664/470 1479/1665/471 1477/1666/472
f 1477/1666/472 1479/1665/471 1478/1667/473
f 1479/1668/471 1476/1669/470 1478/1670/473
f 1478/1670/473 1476/1669/470 1477/1671/472
f 1480/1672/438 1483/1673/435 1481/1674/439
f 1481/1674/439 1483/1673/435 1482/1675/437
f 1483/1676/435 1480/1677/438 1482/1678/437
f 1482/1678/437 1480/1677/438 1481/1679/439
f 1484/1680/440 1487/1681/435 1485/1682/439
f 1485/1682/439 1487/1681/435 1486/1683/474
f 1487/1684/435 1484/1685/440 1486/1686/474
f 1486/1686/474 1484/1685/440 1485/1687/439
f 1492/1688/3 1493/1689/3 1495/1690/3
f 1495/1690/3 1493/1689/3 1494/1691/3
f 1496/1692/6 1492/1693/6 1497/1694/6
f 1497/1694/6 1492/1693/6 1495/1695/6
f 1498/1696/1 1496/1697/1 1499/1698/1
f 1499/1698/1 1496/1697/1 1497/1699/1
f 1493/1700/2 1492/1701/2 1503/1702/2
f 1503/1702/2 1492/1701/2 1502/1703/2
f 1502/1703/2 1492/1701/2 1496/1704/2
f 1502/1703/2 1496/1704/2 1501/1705/2
f 1501/1705/2 1496/1704/2 1500/1706/2
f 1500/1706/2 1496/1704/2 1498/1707/2
f 1499/1694/6 1504/1708/6 1498/1692/6
f 1498/1692/6 1504/1708/6 1500/1709/6
f 1499/1710/4 1497/1711/4 1504/1712/4
f 1504/1712/4 1497/1711/4 1507/1713/4
f 1507/1713/4 1497/1711/4 1506/1714/4
f 1506/1714/4 1497/1711/4 1495/1715/4
f 1506/1714/4 1495/1715/4 1505/1716/4
f 1505/1716/4 1495/1715/4 1494/1717/4
f 1493/1693/6 1503/1718/6 1494/1695/6
f 1494/1695/6 1503/1718/6 1505/1719/6
f 1503/1696/1 1502/1720/1 1505/1698/1
f 1505/1698/1 1502/1720/1 1506/1721/1
f 1502/1722/5 1501/1723/5 1506/1724/5
f 1506/1724/5 1501/1723/5 1507/1725/5
f 1501/1726/3 1500/1689/3 1507/1727/3
f 1507/1727/3 1500/1689/3 1504/1691/3
f 1508/1728/6 1509/1729/479 1510/1730/480
f 1511/1731/1 1508/1732/1 1512/1733/1
f 1512/1733/1 1508/1732/1 1510/1734/1
f 1513/1735/481 1511/1736/482 1512/1737/5
f 1514/1738/5 1515/1739/483 1516/1740/484
f 1517/1741/485 1518/1742/486 1519/1743/6
f 1518/1744/1 1514/1745/1 1519/1746/1
f 1519/1746/1 1514/1745/1 1516/1747/1
f 1509/1748/479 1516/1749/484 1510/1750/480
f 1510/1750/480 1516/1749/484 1515/1751/483
f 1510/1750/480 1515/1751/483 1517/1752/485
f 1509/1748/479 1513/1753/481 1516/1749/484
f 1516/1749/484 1513/1753/481 1519/1754/487
f 1519/1754/487 1513/1753/481 1512/1755/488
f 1519/1754/487 1512/1755/488 1517/1752/485
f 1517/1752/485 1512/1755/488 1510/1750/480
f 1508/1756/489 1514/1757/490 1509/1758/479
f 1509/1758/479 1514/1757/490 1518/1759/486
f 1509/1758/479 1518/1759/486 1513/1760/481
f 1513/1760/481 1518/1759/486 1511/1761/482
f 1511/1761/482 1518/1759/486 1517/1762/485
f 1511/1761/482 1517/1762/485 1515/1763/483
f 1514/1757/490 1508/1756/489 1515/1763/483
f 1515/1763/483 1508/1756/489 1511/1761/482
f 1520/1764/491 1523/1765/492 1521/1766/493
f 1521/1766/493 1523/1765/492 1522/1767/494
f 1523/1768/492 1520/1769/491 1522/1770/494
f 1522/1770/494 1520/1769/491 1521/1771/493
f 1527/1772/495 1524/1773/496 1526/1774/497
f 1526/1774/497 1524/1773/496 1525/1775/498
f 1524/1776/496 1527/1777/495 1525/1778/498
f 1525/1778/498 1527/1777/495 1526/1779/497
f 1531/1780/492 1528/1781/499 1530/1782/494
f 1530/1782/494 1528/1781/499 1529/1783/500
f 1528/1784/499 1531/1785/492 1529/1786/500
f 1529/1786/500 1531/1785/492 1530/1787/494
f 1536/1788/6 1537/1789/505 1538/1790/480
f 1539/1731/1 1536/1732/1 1540/1733/1
f 1540/1733/1 1536/1732/1 1538/1734/1
f 1541/1791/506 1539/1792/482 1540/1793/5
f 1542/1794/5 1543/1795/483 1544/1796/484
f 1545/1797/485 1546/1798/486 1547/1695/6
f 1546/1744/1 1542/1745/1 1547/1746/1
f 1547/1746/1 1542/1745/1 1544/1747/1
f 1537/1799/505 1544/1800/484 1538/1801/480
f 1538/1801/480 1544/1800/484 1543/1802/483
f 1538/1801/480 1543/1802/483 1545/1803/485
f 1537/1799/505 1541/1804/506 1544/1800/484
f 1544/1800/484 1541/1804/506 1547/1805/487
f 1547/1805/487 1541/1804/506 1540/1806/488
f 1547/1805/487 1540/1806/488 1545/1803/485
f 1545/1803/485 1540/1806/488 1538/1801/480
f 1536/1807/489 1542/1808/490 1537/1809/505
f 1537/1809/505 1542/1808/490 1546/1810/486
f 1537/1809/505 1546/1810/486 1541/1811/506
f 1541/1811/506 1546/1810/486 1539/1812/482
f 1539/1812/482 1546/1810/486 1545/1813/485
f 1539/1812/482 1545/1813/485 1543/1814/483
f 1542/1808/490 1536/1807/489 1543/1814/483
f 1543/1814/483 1536/1807/489 1539/1812/482
f 1548/1815/491 1551/1816/492 1549/1817/493
f 1549/1817/493 1551/1816/492 1550/1818/494
f 1551/1819/492 1548/1820/491 1550/1821/494
f 1550/1821/494 1548/1820/491 1549/1822/493
f 1555/1823/492 1552/1824/491 1554/1825/494
f 1554/1825/494 1552/1824/491 1553/1826/493
f 1552/1827/491 1555/1828/492 1553/1829/493
f 1553/1829/493 1555/1828/492 1554/1830/494
f 1559/1831/492 1556/1832/499 1558/1833/494
f 1558/1833/494 1556/1832/499 1557/1834/500
f 1556/1835/499 1559/1836/492 1557/1837/500
f 1557/1837/500 1559/1836/492 1558/1838/494
f 1612/1929/525 1608/1930/526 1610/1931/527
f 1612/1929/525 1610/1931/527 1611/25/528
f 1608/1932/526 1609/1933/11 1610/1934/527
f 1610/1934/527 1609/1933/11 1613/1935/529
f 1609/1936/11 1614/1937/530 1615/34/531
f 1609/1936/11 1615/34/531 1613/1938/529
f 1609/1939/11 1608/1940/526 1614/39/530
f 1614/39/530 1608/1940/526 1612/40/525
f 1610/1941/527 1613/1942/529 1611/43/528
f 1611/43/528 1613/1942/529 1615/44/531
f 1611/47/4 1615/48/4 1612/1943/4
f 1612/1943/4 1615/48/4 1614/1944/4
f 1620/1945/532 1617/1946/533 1618/1947/534
f 1620/1945/532 1618/1947/534 1619/1929/528
f 1617/1948/533 1616/1949/535 1618/1950/534
f 1618/1950/534 1616/1949/535 1621/1951/536
f 1616/1952/535 1617/1953/533 1622/39/537
f 1622/39/537 1617/1953/533 1620/40/532
f 1616/1954/535 1622/1955/537 1623/1937/531
f 1616/1954/535 1623/1937/531 1621/1956/536
f 1618/1957/534 1621/1958/536 1619/43/528
f 1619/43/528 1621/1958/536 1623/44/531
f 1619/1943/4 1623/1944/4 1620/1959/4
f 1620/1959/4 1623/1944/4 1622/1960/4
f 1628/1961/538 1625/1962/539 1626/1963/540
f 1628/1961/538 1626/1963/540 1627/1964/541
f 1625/1965/539 1624/1966/542 1626/1967/540
f 1626/1967/540 1624/1966/542 1629/1968/536
f 1624/1969/542 1625/1970/539 1630/39/543
f 1630/39/543 1625/1970/539 1628/40/538
f 1624/1971/542 1630/1972/543 1631/1973/544
f 1624/1971/542 1631/1973/544 1629/1974/536
f 1626/1975/540 1629/1976/536 1627/43/541
f 1627/43/541 1629/1976/536 1631/44/544
f 1627/1977/4 1631/1978/4 1628/1979/4
f 1628/1979/4 1631/1978/4 1630/1980/4
f 1636/1981/545 1633/1982/546 1634/1983/540
f 1636/1981/545 1634/1983/540 1635/1984/541
f 1633/1985/546 1632/1986/547 1634/1987/540
f 1634/1987/540 1632/1986/547 1637/1988/536
f 1632/1989/547 1633/1990/546 1638/39/530
f 1638/39/530 1633/1990/546 1636/40/545
f 1632/1991/547 1638/1992/530 1639/1993/544
f 1632/1991/547 1639/1993/544 1637/1994/536
f 1634/1975/540 1637/1995/536 1635/43/541
f 1635/43/541 1637/1995/536 1639/44/544
f 1635/1996/4 1639/1997/4 1636/1998/4
f 1636/1998/4 1639/1997/4 1638/1999/4
f 1644/2000/548 1641/2001/533 1642/2002/549
f 1644/2000/548 1642/2002/549 1643/2003/10
f 1641/2004/533 1640/2005/535 1642/2006/549
f 1642/2006/549 1640/2005/535 1645/2007/550
f 1640/37/535 1641/2008/533 1646/39/537
f 1646/39/537 1641/2008/533 1644/40/548
f 1640/2009/535 1646/2010/537 1647/2011/551
f 1640/2009/535 1647/2011/551 1645/2012/550
f 1642/2013/549 1645/2014/550 1643/43/10
f 1643/43/10 1645/2014/550 1647/44/551
f 1643/2015/4 1647/2016/4 1644/2017/4
f 1644/2017/4 1647/2016/4 1646/2018/4
f 1652/2019/525 1649/2020/546 1650/2021/552
f 1652/2019/525 1650/2021/552 1651/2022/541
f 1649/2023/546 1648/2024/553 1650/2025/552
f 1650/2025/552 1648/2024/553 1653/2026/554
f 1648/2027/553 1649/2028/546 1654/39/530
f 1654/39/530 1649/2028/546 1652/40/525
f 1648/2029/553 1654/2030/530 1655/2031/544
f 1648/2029/553 1655/2031/544 1653/2032/554
f 1650/2033/552 1653/2034/554 1651/43/541
f 1651/43/541 1653/2034/554 1655/44/544
f 1651/2035/4 1655/2036/4 1652/2037/4
f 1652/2037/4 1655/2036/4 1654/2038/4
f 1660/2039/7 1657/2040/533 1658/2041/534
f 1660/2039/7 1658/2041/534 1659/2042/528
f 1657/2043/533 1656/2044/555 1658/2045/534
f 1658/2045/534 1656/2044/555 1661/2046/536
f 1656/2047/555 1657/2048/533 1662/39/13
f 1662/39/13 1657/2048/533 1660/40/7
f 1656/2049/555 1662/2050/13 1663/2051/531
f 1656/2049/555 1663/2051/531 1661/2052/536
f 1658/1957/534 1661/2053/536 1659/43/528
f 1659/43/528 1661/2053/536 1663/44/531
f 1659/2054/4 1663/2055/4 1660/2056/4
f 1660/2056/4 1663/2055/4 1662/2057/4
f 1668/2058/538 1665/2059/539 1666/2060/534
f 1668/2058/538 1666/2060/534 1667/2039/528
f 1665/2061/539 1664/2062/542 1666/2063/534
f 1666/2063/534 1664/2062/542 1669/2064/536
f 1664/2065/542 1665/2066/539 1670/39/543
f 1670/39/543 1665/2066/539 1668/40/538
f 1664/2067/542 1670/2068/543 1671/2050/531
f 1664/2067/542 1671/2050/531 1669/2069/536
f 1666/2070/534 1669/2071/536 1667/43/528
f 1667/43/528 1669/2071/536 1671/44/531
f 1667/2056/4 1671/2057/4 1668/2072/4
f 1668/2072/4 1671/2057/4 1670/2073/4
f 1676/2074/545 1673/2075/546 1674/2076/540
f 1676/2074/545 1674/2076/540 1675/2077/541
f 1673/2078/546 1672/2079/547 1674/2080/540
f 1674/2080/540 1672/2079/547 1677/2081/536
f 1672/1989/547 1673/2082/546 1678/39/530
f 1678/39/530 1673/2082/546 1676/40/545
f 1672/2083/547 1678/2084/530 1679/2085/544
f 1672/2083/547 1679/2085/544 1677/2086/536
f 1674/2087/540 1677/1976/536 1675/43/541
f 1675/43/541 1677/1976/536 1679/44/544
f 1675/2088/4 1679/2089/4 1676/2090/4
f 1676/2090/4 1679/2089/4 1678/2091/4
f 1684/2092/548 1681/2093/533 1682/2094/534
f 1684/2092/548 1682/2094/534 1683/2074/556
f 1681/2095/533 1680/2096/535 1682/2097/534
f 1682/2097/534 1680/2096/535 1685/2098/536
f 1680/2099/535 1681/2100/533 1686/39/537
f 1686/39/537 1681/2100/533 1684/40/548
f 1680/2101/535 1686/2102/537 1687/2084/531
f 1680/2101/535 1687/2084/531 1685/2103/536
f 1682/2104/534 1685/2105/536 1683/43/556
f 1683/43/556 1685/2105/536 1687/44/531
f 1683/2090/4 1687/2091/4 1684/2106/4
f 1684/2106/4 1687/2091/4 1686/2107/4
f 1692/2108/525 1689/2109/546 1690/2110/552
f 1692/2108/525 1690/2110/552 1691/2111/541
f 1689/2112/546 1688/2113/553 1690/2114/552
f 1690/2114/552 1688/2113/553 1693/2115/554
f 1688/2027/553 1689/2116/546 1694/39/530
f 1694/39/530 1689/2116/546 1692/40/525
f 1688/2117/553 1694/2118/530 1695/2119/544
f 1688/2117/553 1695/2119/544 1693/2120/554
f 1690/2033/552 1693/2121/554 1691/43/541
f 1691/43/541 1693/2121/554 1695/44/544
f 1691/2122/4 1695/2123/4 1692/2124/4
f 1692/2124/4 1695/2123/4 1694/2125/4
f 1704/2146/6 1705/2147/6 1707/2148/6
f 1707/2148/6 1705/2147/6 1706/2137/6
f 1708/2149/1 1704/2150/1 1709/39/1
f 1709/39/1 1704/2150/1 1707/40/1
f 1705/2151/3 1710/2152/3 1706/43/3
f 1706/43/3 1710/2152/3 1711/44/3
f 1710/2153/2 1705/2154/2 1715/2155/2
f 1715/2155/2 1705/2154/2 1714/2156/2
f 1714/2156/2 1705/2154/2 1704/2157/2
f 1714/2156/2 1704/2157/2 1713/2158/2
f 1713/2158/2 1704/2157/2 1712/2159/2
f 1712/2159/2 1704/2157/2 1708/2160/2
f 1709/2148/6 1716/2161/6 1708/2146/6
f 1708/2146/6 1716/2161/6 1712/2162/6
f 1714/2163/5 1713/2164/5 1718/2165/5
f 1718/2165/5 1713/2164/5 1717/2166/5
f 1713/2167/3 1712/2152/3 1717/2168/3
f 1717/2168/3 1712/2152/3 1716/44/3
f 1710/2147/6 1715/2169/6 1711/2137/6
f 1711/2137/6 1715/2169/6 1719/2170/6
f 1715/2149/1 1714/2171/1 1719/39/1
f 1719/39/1 1714/2171/1 1718/2172/1
f 1711/2145/4 1719/2173/4 1706/2144/4
f 1706/2144/4 1719/2173/4 1718/2174/4
f 1706/2144/4 1718/2174/4 1707/2175/4
f 1707/2175/4 1718/2174/4 1717/2176/4
f 1707/2175/4 1717/2176/4 1716/2177/4
f 1716/2177/4 1709/2178/4 1707/2175/4
f 1836/2236/441 1839/2237/437 1837/2238/440
f 1837/2238/440 1839/2237/437 1838/2239/435
f 1839/2240/437 1836/2241/441 1838/2242/435
f 1838/2242/435 1836/2241/441 1837/2243/440
f 1840/2244/439 1843/2245/437 1841/2246/438
f 1841/2246/438 1843/2245/437 1842/2247/435
f 1843/2248/437 1840/2249/439 1842/2250/435
f 1842/2250/435 1840/2249/439 1841/2251/438
f 1848/2252/441 1851/2253/437 1849/2254/440
f 1849/2254/440 1851/2253/437 1850/2255/435
f 1851/2256/437 1848/2257/441 1850/2258/435
f 1850/2258/435 1848/2257/441 1849/2259/440
f 1852/2260/439 1855/2261/437 1853/2262/438
f 1853/2262/438 1855/2261/437 1854/2263/435
f 1855/2264/437 1852/2265/439 1854/2266/435
f 1854/2266/435 1852/2265/439 1853/2267/438
f 1856/2268/649 1857/2269/650 1858/2270/6
f 1861/2271/1 1859/2272/651 1862/2273/652
f 1863/2274/653 1861/2275/654 1862/2276/5
f 1864/2277/5 1865/2278/5 1867/2279/5
f 1867/2279/5 1865/2278/5 1866/2280/5
f 1865/2281/3 1856/2282/655 1866/2283/465
f 1857/2284/1 1864/2285/1 1858/2286/1
f 1858/2286/1 1864/2285/1 1867/2287/1
f 1860/2288/656 1867/2289/657 1859/2290/651
f 1859/2290/651 1867/2289/657 1866/2291/465
f 1859/2290/651 1866/2291/465 1862/2292/652
f 1862/2292/652 1866/2291/465 1856/2293/655
f 1862/2292/652 1856/2293/655 1858/2294/658
f 1860/2288/656 1863/2295/653 1867/2289/657
f 1867/2289/657 1863/2295/653 1858/2294/658
f 1858/2294/658 1863/2295/653 1862/2292/652
f 1863/2296/653 1860/2297/656 1864/2298/659
f 1864/2298/659 1860/2297/656 1859/2299/651
f 1864/2298/659 1859/2299/651 1865/2300/660
f 1865/2300/660 1859/2299/651 1861/2301/654
f 1865/2300/660 1861/2301/654 1856/2302/649
f 1856/2302/649 1861/2301/654 1857/2303/650
f 1857/2303/650 1861/2301/654 1863/2296/653
f 1857/2303/650 1863/2296/653 1864/2298/659
f 1872/2304/453 1873/2305/665 1874/2306/4
f 1872/2304/453 1874/2306/4 1877/2307/450
f 1877/2307/450 1874/2306/4 1875/2308/4
f 1877/2307/450 1875/2308/4 1876/2309/666
f 1879/2310/448 1880/2311/667 1872/2283/453
f 1872/2283/453 1880/2311/667 1873/2312/665
f 1881/2313/6 1879/2314/6 1877/2315/6
f 1877/2315/6 1879/2314/6 1872/2316/6
f 1878/2317/668 1881/2318/446 1876/2286/666
f 1876/2286/666 1881/2318/446 1877/2287/450
f 1880/2317/667 1882/2319/457 1873/2286/665
f 1873/2286/665 1882/2319/457 1874/2320/456
f 1882/2321/5 1883/2322/5 1874/2323/5
f 1874/2323/5 1883/2322/5 1875/2324/5
f 1883/2325/455 1878/2311/668 1875/2326/454
f 1875/2326/454 1878/2311/668 1876/2312/666
f 1880/2327/667 1879/2328/448 1882/2329/2
f 1882/2329/2 1879/2328/448 1881/2330/446
f 1882/2329/2 1881/2330/446 1883/2331/2
f 1883/2331/2 1881/2330/446 1878/2332/668
f 1888/2333/1 1886/2334/460 1889/2335/461
f 1890/2336/5 1888/2337/5 1891/2338/5
f 1891/2338/5 1888/2337/5 1889/2339/5
f 1887/2340/458 1890/2341/459 1891/2342/3
f 1892/2343/5 1893/2344/5 1895/2345/5
f 1895/2345/5 1893/2344/5 1894/2346/5
f 1893/2347/3 1884/2282/464 1894/2348/465
f 1885/2349/462 1892/2350/463 1895/2351/1
f 1887/2352/458 1895/2353/468 1886/2354/460
f 1886/2354/460 1895/2353/468 1894/2355/465
f 1886/2354/460 1894/2355/465 1889/2356/461
f 1889/2356/461 1894/2355/465 1884/2357/464
f 1889/2356/461 1884/2357/464 1885/2358/462
f 1887/2352/458 1891/2359/469 1895/2353/468
f 1895/2353/468 1891/2359/469 1885/2358/462
f 1885/2358/462 1891/2359/469 1889/2356/461
f 1890/2360/459 1887/2361/458 1892/2362/463
f 1892/2362/463 1887/2361/458 1886/2363/460
f 1892/2362/463 1886/2363/460 1893/2364/466
f 1893/2364/466 1886/2363/460 1888/2365/467
f 1893/2364/466 1888/2365/467 1884/2366/464
f 1884/2366/464 1888/2365/467 1885/2367/462
f 1885/2367/462 1888/2365/467 1890/2360/459
f 1885/2367/462 1890/2360/459 1892/2362/463
f 1896/2368/441 1899/2369/437 1897/2370/440
f 1897/2370/440 1899/2369/437 1898/2371/435
f 1899/2372/437 1896/2373/441 1898/2374/435
f 1898/2374/435 1896/2373/441 1897/2375/440
f 1900/2376/439 1903/2377/474 1901/2378/438
f 1901/2378/438 1903/2377/474 1902/2379/669
f 1903/2380/474 1900/2381/439 1902/2382/669
f 1902/2382/669 1900/2381/439 1901/2383/438
f 1904/2236/439 1907/2237/437 1905/2238/438
f 1905/2238/438 1907/2237/437 1906/2239/435
f 1907/2240/437 1904/2241/439 1906/2242/435
f 1906/2242/435 1904/2241/439 1905/2243/438
f 1924/2244/439 1927/2245/437 1925/2246/438
f 1925/2246/438 1927/2245/437 1926/2247/435
f 1927/2248/437 1924/2249/439 1926/2250/435
f 1926/2250/435 1924/2249/439 1925/2251/438
f 1964/2252/441 1967/2253/437 1965/2254/440
f 1965/2254/440 1967/2253/437 1966/2255/435
f 1967/2256/437 1964/2257/441 1966/2258/435
f 1966/2258/435 1964/2257/441 1965/2259/440
f 1984/2260/441 1987/2261/437 1985/2262/440
f 1985/2262/440 1987/2261/437 1986/2263/435
f 1987/2264/437 1984/2265/441 1986/2266/435
f 1986/2266/435 1984/2265/441 1985/2267/440
f 2006/2384/6 2007/2385/709 2008/2386/710
f 2009/2271/1 2006/2387/1 2010/2273/1
f 2010/2273/1 2006/2387/1 2008/2388/1
f 2011/2389/5 2009/2275/5 2012/2390/5
f 2012/2390/5 2009/2275/5 2010/2276/5
f 2007/2391/711 2011/2392/459 2012/2393/3
f 2013/2277/5 2014/2394/712 2015/2279/713
f 2005/2395/462 2013/2285/714 2015/2287/1
f 2007/2288/709 2015/2289/713 2008/2290/710
f 2008/2290/710 2015/2289/713 2014/2291/712
f 2008/2290/710 2014/2291/712 2010/2292/715
f 2010/2292/715 2014/2291/712 2004/2293/716
f 2010/2292/715 2004/2293/716 2005/2294/462
f 2007/2288/709 2012/2295/469 2015/2289/713
f 2015/2289/713 2012/2295/469 2005/2294/462
f 2005/2294/462 2012/2295/469 2010/2292/715
f 2011/2296/459 2007/2297/711 2013/2298/714
f 2013/2298/714 2007/2297/711 2006/2299/717
f 2013/2298/714 2006/2299/717 2014/2300/712
f 2014/2300/712 2006/2299/717 2009/2301/718
f 2014/2300/712 2009/2301/718 2004/2302/716
f 2004/2302/716 2009/2301/718 2005/2303/462
f 2005/2303/462 2009/2301/718 2011/2296/459
f 2005/2303/462 2011/2296/459 2013/2298/714
f 2084/2304/453 2085/2305/452 2086/2306/4
f 2084/2304/453 2086/2306/4 2089/2307/450
f 2089/2307/450 2086/2306/4 2087/2308/4
f 2089/2307/450 2087/2308/4 2088/2309/752
f 2091/2310/448 2092/2311/667 2084/2283/453
f 2084/2283/453 2092/2311/667 2085/2312/452
f 2093/2313/6 2091/2314/6 2089/2315/6
f 2089/2315/6 2091/2314/6 2084/2316/6
f 2090/2317/668 2093/2318/446 2088/2286/752
f 2088/2286/752 2093/2318/446 2089/2287/450
f 2092/2317/667 2094/2319/457 2085/2286/452
f 2085/2286/452 2094/2319/457 2086/2320/456
f 2094/2321/5 2095/2322/5 2086/2323/5
f 2086/2323/5 2095/2322/5 2087/2324/5
f 2095/2325/455 2090/2311/668 2087/2326/454
f 2087/2326/454 2090/2311/668 2088/2312/752
f 2092/2398/667 2091/2328/448 2094/2329/2
f 2094/2329/2 2091/2328/448 2093/2330/446
f 2094/2329/2 2093/2330/446 2095/2331/2
f 2095/2331/2 2093/2330/446 2090/2332/668
f 2146/2400/6 2147/2401/709 2148/2402/710
f 2149/2333/1 2146/2403/1 2150/2335/1
f 2150/2335/1 2146/2403/1 2148/2404/1
f 2151/2336/5 2149/2337/5 2152/2338/5
f 2152/2338/5 2149/2337/5 2150/2339/5
f 2147/2340/711 2151/2341/459 2152/2342/3
f 2153/2343/5 2154/2405/773 2155/2345/713
f 2145/2349/462 2153/2350/714 2155/2351/1
f 2147/2352/709 2155/2353/713 2148/2354/710
f 2148/2354/710 2155/2353/713 2154/2355/773
f 2148/2354/710 2154/2355/773 2150/2356/774
f 2150/2356/774 2154/2355/773 2144/2357/716
f 2150/2356/774 2144/2357/716 2145/2358/462
f 2147/2352/709 2152/2359/469 2155/2353/713
f 2155/2353/713 2152/2359/469 2145/2358/462
f 2145/2358/462 2152/2359/469 2150/2356/774
f 2151/2360/459 2147/2361/711 2153/2362/714
f 2153/2362/714 2147/2361/711 2146/2363/717
f 2153/2362/714 2146/2363/717 2154/2364/773
f 2154/2364/773 2146/2363/717 2149/2365/775
f 2154/2364/773 2149/2365/775 2144/2366/716
f 2144/2366/716 2149/2365/775 2145/2367/462
f 2145/2367/462 2149/2365/775 2151/2360/459
f 2145/2367/462 2151/2360/459 2153/2362/714
f 2204/2368/439 2207/2369/437 2205/2370/438
f 2205/2370/438 2207/2369/437 2206/2371/435
f 2207/2372/437 2204/2373/439 2206/2374/435
f 2206/2374/435 2204/2373/439 2205/2375/438
f 2224/2376/441 2227/2377/437 2225/2378/440
f 2225/2378/440 2227/2377/437 2226/2379/435
f 2227/2380/437 2224/2381/441 2226/2382/435
f 2226/2382/435 2224/2381/441 2225/2383/440
usemtl wall
f 18/49/2 19/50/2 17/51/2
f 17/51/2 19/50/2 20/52/2
f 21/52/1 22/51/1 20/50/1
f 20/50/1 22/51/1 17/49/1
f 23/52/4 24/51/4 21/50/4
f 21/50/4 24/51/4 22/49/4
f 19/52/3 18/51/3 23/50/3
f 23/50/3 18/51/3 24/49/3
f 20/51/5 19/49/5 21/52/5
f 21/52/5 19/49/5 23/50/5
f 22/50/6 24/52/6 17/49/6
f 17/49/6 24/52/6 18/51/6
f 26/49/2 27/53/2 25/51/2
f 25/51/2 27/53/2 28/54/2
f 26/51/6 25/49/6 29/52/6
f 29/52/6 25/49/6 30/50/6
f 31/55/1 30/56/1 28/53/1
f 28/53/1 30/56/1 25/49/1
f 32/54/4 29/51/4 31/53/4
f 31/53/4 29/51/4 30/49/4
f 27/54/3 26/51/3 32/50/3
f 32/50/3 26/51/3 29/57/3
f 28/51/5 27/49/5 31/52/5
f 31/52/5 27/49/5 32/50/5
f 34/49/2 35/50/2 33/51/2
f 33/51/2 35/50/2 36/52/2
f 37/52/1 38/51/1 36/50/1
f 36/50/1 38/51/1 33/49/1
f 39/52/4 40/51/4 37/50/4
f 37/50/4 40/51/4 38/49/4
f 35/52/3 34/51/3 39/50/3
f 39/50/3 34/51/3 40/49/3
f 36/51/5 35/49/5 37/52/5
f 37/52/5 35/49/5 39/50/5
f 38/50/6 40/52/6 33/49/6
f 33/49/6 40/52/6 34/51/6
f 42/49/2 43/53/2 41/51/2
f 41/51/2 43/53/2 44/54/2
f 42/51/6 41/49/6 45/52/6
f 45/52/6 41/49/6 46/50/6
f 47/55/1 46/56/1 44/53/1
f 44/53/1 46/56/1 41/49/1
f 48/54/4 45/51/4 47/53/4
f 47/53/4 45/51/4 46/49/4
f 43/54/3 42/51/3 48/50/3
f 48/50/3 42/51/3 45/57/3
f 44/51/5 43/49/5 47/52/5
f 47/52/5 43/49/5 48/50/5
f 49/51/6 50/49/6 52/52/6
f 52/52/6 50/49/6 51/50/6
f 54/52/4 52/51/4 53/50/4
f 53/50/4 52/51/4 51/49/4
f 55/52/3 49/51/3 54/50/3
f 54/50/3 49/51/3 52/49/3
f 56/52/2 50/51/2 55/50/2
f 55/50/2 50/51/2 49/49/2
f 53/52/1 51/51/1 56/50/1
f 56/50/1 51/51/1 50/49/1
f 54/50/5 53/52/5 55/49/5
f 55/49/5 53/52/5 56/51/5
f 57/50/6 58/52/6 60/49/6
f 60/49/6 58/52/6 59/51/6
f 62/52/2 60/51/2 61/50/2
f 61/50/2 60/51/2 59/49/2
f 63/52/1 57/51/1 62/50/1
f 62/50/1 57/51/1 60/49/1
f 64/52/4 58/51/4 63/50/4
f 63/50/4 58/51/4 57/49/4
f 61/52/3 59/51/3 64/50/3
f 64/50/3 59/51/3 58/49/3
f 62/51/5 61/49/5 63/52/5
f 63/52/5 61/49/5 64/50/5
f 88/49/2 89/53/2 87/51/2
f 87/51/2 89/53/2 90/54/2
f 88/51/6 87/49/6 91/52/6
f 91/52/6 87/49/6 92/50/6
f 93/55/1 92/56/1 90/53/1
f 90/53/1 92/56/1 87/49/1
f 94/54/4 91/51/4 93/53/4
f 93/53/4 91/51/4 92/49/4
f 89/54/3 88/51/3 94/50/3
f 94/50/3 88/51/3 91/57/3
f 90/51/5 89/49/5 93/52/5
f 93/52/5 89/49/5 94/50/5
f 96/49/2 97/50/2 95/51/2
f 95/51/2 97/50/2 98/52/2
f 99/52/1 100/51/1 98/50/1
f 98/50/1 100/51/1 95/49/1
f 101/52/4 102/51/4 99/50/4
f 99/50/4 102/51/4 100/49/4
f 97/52/3 96/51/3 101/50/3
f 101/50/3 96/51/3 102/49/3
f 98/51/5 97/49/5 99/52/5
f 99/52/5 97/49/5 101/50/5
f 100/50/6 102/52/6 95/49/6
f 95/49/6 102/52/6 96/51/6
f 104/49/2 105/53/2 103/51/2
f 103/51/2 105/53/2 106/54/2
f 104/51/6 103/49/6 107/52/6
f 107/52/6 103/49/6 108/50/6
f 109/55/1 108/56/1 106/53/1
f 106/53/1 108/56/1 103/49/1
f 110/54/4 107/51/4 109/53/4
f 109/53/4 107/51/4 108/49/4
f 105/54/3 104/51/3 110/50/3
f 110/50/3 104/51/3 107/57/3
f 106/51/5 105/49/5 109/52/5
f 109/52/5 105/49/5 110/50/5
f 111/50/6 112/52/6 114/49/6
f 114/49/6 112/52/6 113/51/6
f 116/52/2 114/51/2 115/50/2
f 115/50/2 114/51/2 113/49/2
f 117/52/1 111/51/1 116/50/1
f 116/50/1 111/51/1 114/49/1
f 118/52/4 112/51/4 117/50/4
f 117/50/4 112/51/4 111/49/4
f 115/52/3 113/51/3 118/50/3
f 118/50/3 113/51/3 112/49/3
f 116/51/5 115/49/5 117/52/5
f 117/52/5 115/49/5 118/50/5
f 119/51/6 120/49/6 122/52/6
f 122/52/6 120/49/6 121/50/6
f 124/52/4 122/51/4 123/50/4
f 123/50/4 122/51/4 121/49/4
f 125/52/3 119/51/3 124/50/3
f 124/50/3 119/51/3 122/49/3
f 126/52/2 120/51/2 125/50/2
f 125/50/2 120/51/2 119/49/2
f 123/52/1 121/51/1 126/50/1
f 126/50/1 121/51/1 120/49/1
f 124/50/5 123/52/5 125/49/5
f 125/49/5 123/52/5 126/51/5
f 128/50/6 129/52/6 127/49/6
f 127/49/6 129/52/6 130/51/6
f 132/52/3 130/51/3 131/50/3
f 131/50/3 130/51/3 129/49/3
f 133/52/2 127/51/2 132/50/2
f 132/50/2 127/51/2 130/49/2
f 134/52/1 128/51/1 133/50/1
f 133/50/1 128/51/1 127/49/1
f 131/52/4 129/51/4 134/50/4
f 134/50/4 129/51/4 128/49/4
f 131/50/5 134/52/5 132/49/5
f 132/49/5 134/52/5 133/51/5
f 135/51/6 136/49/6 138/52/6
f 138/52/6 136/49/6 137/50/6
f 140/52/3 135/51/3 139/50/3
f 139/50/3 135/51/3 138/49/3
f 141/52/2 136/51/2 140/50/2
f 140/50/2 136/51/2 135/49/2
f 142/52/1 137/51/1 141/50/1
f 141/50/1 137/51/1 136/49/1
f 139/52/4 138/51/4 142/50/4
f 142/50/4 138/51/4 137/49/4
f 139/50/5 142/52/5 140/49/5
f 140/49/5 142/52/5 141/51/5
f 172/51/6 173/49/6 171/52/6
f 171/52/6 173/49/6 174/50/6
f 176/52/1 174/51/1 175/50/1
f 175/50/1 174/51/1 173/49/1
f 177/52/4 171/51/4 176/50/4
f 176/50/4 171/51/4 174/49/4
f 178/52/3 172/51/3 177/50/3
f 177/50/3 172/51/3 171/49/3
f 175/52/2 173/51/2 178/50/2
f 178/50/2 173/51/2 172/49/2
f 175/51/5 178/49/5 176/52/5
f 176/52/5 178/49/5 177/50/5
f 180/51/6 181/49/6 179/52/6
f 179/52/6 181/49/6 182/50/6
f 184/52/1 182/51/1 183/50/1
f 183/50/1 182/51/1 181/49/1
f 185/52/4 179/51/4 184/50/4
f 184/50/4 179/51/4 182/49/4
f 186/52/3 180/51/3 185/50/3
f 185/50/3 180/51/3 179/49/3
f 183/52/2 181/51/2 186/50/2
f 186/50/2 181/51/2 180/49/2
f 183/51/5 186/49/5 184/52/5
f 184/52/5 186/49/5 185/50/5
f 403/52/3 404/51/3 402/50/3
f 402/50/3 404/51/3 405/49/3
f 406/52/2 407/51/2 403/50/2
f 403/50/2 407/51/2 404/49/2
f 408/52/1 409/51/1 406/50/1
f 406/50/1 409/51/1 407/49/1
f 402/52/4 405/51/4 408/50/4
f 408/50/4 405/51/4 409/49/4
f 409/50/6 405/52/6 407/49/6
f 407/49/6 405/52/6 404/51/6
f 402/50/5 408/52/5 403/49/5
f 403/49/5 408/52/5 406/51/5
f 411/52/3 412/51/3 410/50/3
f 410/50/3 412/51/3 413/49/3
f 414/52/2 415/51/2 411/50/2
f 411/50/2 415/51/2 412/49/2
f 416/52/1 417/51/1 414/50/1
f 414/50/1 417/51/1 415/49/1
f 410/52/4 413/51/4 416/50/4
f 416/50/4 413/51/4 417/49/4
f 410/50/5 416/52/5 411/49/5
f 411/49/5 416/52/5 414/51/5
f 417/50/6 413/52/6 415/49/6
f 415/49/6 413/52/6 412/51/6
f 427/52/1 428/51/1 426/50/1
f 426/50/1 428/51/1 429/49/1
f 430/52/4 431/51/4 427/50/4
f 427/50/4 431/51/4 428/49/4
f 432/52/3 433/51/3 430/50/3
f 430/50/3 433/51/3 431/49/3
f 426/52/2 429/51/2 432/50/2
f 432/50/2 429/51/2 433/49/2
f 426/51/5 432/49/5 427/52/5
f 427/52/5 432/49/5 430/50/5
f 433/51/6 429/49/6 431/52/6
f 431/52/6 429/49/6 428/50/6
f 495/52/3 496/51/3 494/50/3
f 494/50/3 496/51/3 497/49/3
f 494/52/4 497/51/4 498/50/4
f 498/50/4 497/51/4 499/49/4
f 498/52/1 499/51/1 500/50/1
f 500/50/1 499/51/1 501/49/1
f 500/52/2 501/51/2 495/50/2
f 495/50/2 501/51/2 496/49/2
f 494/50/5 498/52/5 495/49/5
f 495/49/5 498/52/5 500/51/5
f 496/51/6 501/49/6 497/52/6
f 497/52/6 501/49/6 499/50/6
f 539/51/6 540/49/6 538/52/6
f 538/52/6 540/49/6 541/50/6
f 543/52/1 541/51/1 542/50/1
f 542/50/1 541/51/1 540/49/1
f 544/52/4 538/51/4 543/50/4
f 543/50/4 538/51/4 541/49/4
f 545/52/3 539/51/3 544/50/3
f 544/50/3 539/51/3 538/49/3
f 542/52/2 540/51/2 545/50/2
f 545/50/2 540/51/2 539/49/2
f 542/51/5 545/49/5 543/52/5
f 543/52/5 545/49/5 544/50/5
f 547/52/3 548/51/3 546/50/3
f 546/50/3 548/51/3 549/49/3
f 546/52/4 549/51/4 550/50/4
f 550/50/4 549/51/4 551/49/4
f 550/52/1 551/51/1 552/50/1
f 552/50/1 551/51/1 553/49/1
f 552/52/2 553/51/2 547/50/2
f 547/50/2 553/51/2 548/49/2
f 546/50/5 550/52/5 547/49/5
f 547/49/5 550/52/5 552/51/5
f 548/51/6 553/49/6 549/52/6
f 549/52/6 553/49/6 551/50/6
f 581/49/1 582/50/1 580/51/1
f 580/51/1 582/50/1 583/52/1
f 584/49/2 585/50/2 581/51/2
f 581/51/2 585/50/2 582/52/2
f 586/49/3 587/50/3 584/51/3
f 584/51/3 587/50/3 585/52/3
f 580/49/4 583/50/4 586/51/4
f 586/51/4 583/50/4 587/52/4
f 580/50/6 586/52/6 581/49/6
f 581/49/6 586/52/6 584/51/6
f 587/50/5 583/52/5 585/49/5
f 585/49/5 583/52/5 582/51/5
f 598/52/3 599/51/3 601/58/3
f 601/58/3 599/51/3 600/57/3
f 599/49/2 598/50/2 603/51/2
f 603/51/2 598/50/2 602/52/2
f 601/58/5 604/64/5 598/49/5
f 598/49/5 604/64/5 602/51/5
f 604/63/1 605/56/1 602/50/1
f 602/50/1 605/56/1 603/49/1
f 601/52/4 600/51/4 604/50/4
f 604/50/4 600/51/4 605/49/4
f 599/51/6 603/49/6 600/64/6
f 600/64/6 603/49/6 605/65/6
f 607/52/4 608/51/4 606/50/4
f 606/50/4 608/51/4 609/49/4
f 610/52/3 611/51/3 607/50/3
f 607/50/3 611/51/3 608/49/3
f 612/52/2 613/51/2 610/50/2
f 610/50/2 613/51/2 611/49/2
f 606/52/1 609/51/1 612/50/1
f 612/50/1 609/51/1 613/49/1
f 607/50/5 606/52/5 610/49/5
f 610/49/5 606/52/5 612/51/5
f 609/50/6 608/52/6 613/49/6
f 613/49/6 608/52/6 611/51/6
f 615/52/2 616/51/2 614/50/2
f 614/50/2 616/51/2 617/49/2
f 618/52/1 619/51/1 615/50/1
f 615/50/1 619/51/1 616/49/1
f 620/52/4 621/51/4 618/50/4
f 618/50/4 621/51/4 619/49/4
f 614/52/3 617/51/3 620/50/3
f 620/50/3 617/51/3 621/49/3
f 617/51/6 616/49/6 621/52/6
f 621/52/6 616/49/6 619/50/6
f 615/51/5 614/49/5 618/52/5
f 618/52/5 614/49/5 620/50/5
f 623/49/2 624/50/2 622/51/2
f 622/51/2 624/50/2 625/52/2
f 626/52/1 627/51/1 625/50/1
f 625/50/1 627/51/1 622/49/1
f 628/52/4 629/51/4 626/50/4
f 626/50/4 629/51/4 627/49/4
f 624/52/3 623/51/3 628/50/3
f 628/50/3 623/51/3 629/49/3
f 625/51/5 624/49/5 626/52/5
f 626/52/5 624/49/5 628/50/5
f 627/50/6 629/52/6 622/49/6
f 622/49/6 629/52/6 623/51/6
f 631/50/5 632/52/5 630/49/5
f 630/49/5 632/52/5 633/51/5
f 630/52/3 634/51/3 631/50/3
f 631/50/3 634/51/3 635/49/3
f 633/52/2 636/51/2 630/50/2
f 630/50/2 636/51/2 634/49/2
f 632/52/1 637/51/1 633/50/1
f 633/50/1 637/51/1 636/49/1
f 631/52/4 635/51/4 632/50/4
f 632/50/4 635/51/4 637/49/4
f 634/51/6 636/49/6 635/52/6
f 635/52/6 636/49/6 637/50/6
f 639/51/5 640/49/5 638/52/5
f 638/52/5 640/49/5 641/50/5
f 638/52/1 642/51/1 639/50/1
f 639/50/1 642/51/1 643/49/1
f 641/52/4 644/51/4 638/50/4
f 638/50/4 644/51/4 642/49/4
f 640/52/3 645/51/3 641/50/3
f 641/50/3 645/51/3 644/49/3
f 639/52/2 643/51/2 640/50/2
f 640/50/2 643/51/2 645/49/2
f 642/50/6 644/52/6 643/49/6
f 643/49/6 644/52/6 645/51/6
f 646/51/5 647/49/5 649/52/5
f 649/52/5 647/49/5 648/50/5
f 646/52/2 650/51/2 647/50/2
f 647/50/2 650/51/2 651/49/2
f 649/52/1 652/51/1 646/50/1
f 646/50/1 652/51/1 650/49/1
f 648/52/4 653/51/4 649/50/4
f 649/50/4 653/51/4 652/49/4
f 647/52/3 651/51/3 648/50/3
f 648/50/3 651/51/3 653/49/3
f 651/51/6 650/49/6 653/52/6
f 653/52/6 650/49/6 652/50/6
f 654/51/5 655/49/5 657/52/5
f 657/52/5 655/49/5 656/50/5
f 654/52/2 658/51/2 655/50/2
f 655/50/2 658/51/2 659/49/2
f 657/52/1 660/51/1 654/50/1
f 654/50/1 660/51/1 658/49/1
f 656/52/4 661/51/4 657/50/4
f 657/50/4 661/51/4 660/49/4
f 655/52/3 659/51/3 656/50/3
f 656/50/3 659/51/3 661/49/3
f 659/51/6 658/49/6 661/52/6
f 661/52/6 658/49/6 660/50/6
f 662/50/5 663/52/5 665/49/5
f 665/49/5 663/52/5 664/51/5
f 664/52/2 666/51/2 665/50/2
f 665/50/2 666/51/2 667/49/2
f 663/52/1 668/51/1 664/50/1
f 664/50/1 668/51/1 666/49/1
f 665/52/3 667/51/3 662/50/3
f 662/50/3 667/51/3 669/49/3
f 662/52/4 669/51/4 663/50/4
f 663/50/4 669/51/4 668/49/4
f 668/50/6 669/52/6 666/49/6
f 666/49/6 669/52/6 667/51/6
f 670/50/5 671/52/5 673/49/5
f 673/49/5 671/52/5 672/51/5
f 672/52/2 674/51/2 673/50/2
f 673/50/2 674/51/2 675/49/2
f 671/52/1 676/51/1 672/50/1
f 672/50/1 676/51/1 674/49/1
f 673/52/3 675/51/3 670/50/3
f 670/50/3 675/51/3 677/49/3
f 670/52/4 677/51/4 671/50/4
f 671/50/4 677/51/4 676/49/4
f 676/50/6 677/52/6 674/49/6
f 674/49/6 677/52/6 675/51/6
f 717/51/5 718/49/5 716/52/5
f 716/52/5 718/49/5 719/50/5
f 716/52/1 720/51/1 717/50/1
f 717/50/1 720/51/1 721/49/1
f 719/511/4 722/51/4 716/512/4
f 716/512/4 722/51/4 720/49/4
f 717/511/2 721/51/2 718/512/2
f 718/512/2 721/51/2 723/49/2
f 718/52/3 723/51/3 719/50/3
f 719/50/3 723/51/3 722/49/3
f 720/50/6 722/52/6 721/49/6
f 721/49/6 722/52/6 723/51/6
f 734/51/6 735/49/6 737/52/6
f 737/52/6 735/49/6 736/50/6
f 735/49/1 738/50/1 736/51/1
f 736/51/1 738/50/1 739/52/1
f 734/49/2 740/50/2 735/51/2
f 735/51/2 740/50/2 738/52/2
f 736/49/4 739/50/4 737/51/4
f 737/51/4 739/50/4 741/52/4
f 737/49/3 741/50/3 734/51/3
f 734/51/3 741/50/3 740/52/3
f 738/51/5 740/49/5 739/52/5
f 739/52/5 740/49/5 741/50/5
f 742/49/4 743/50/4 745/51/4
f 745/51/4 743/50/4 744/52/4
f 746/49/1 747/50/1 742/51/1
f 742/51/1 747/50/1 743/52/1
f 748/51/6 746/49/6 745/52/6
f 745/52/6 746/49/6 742/50/6
f 745/49/3 744/50/3 748/51/3
f 748/51/3 744/50/3 749/52/3
f 748/49/2 749/50/2 746/51/2
f 746/51/2 749/50/2 747/52/2
f 744/50/5 743/52/5 749/49/5
f 749/49/5 743/52/5 747/51/5
f 750/49/4 751/50/4 753/51/4
f 753/51/4 751/50/4 752/52/4
f 754/49/1 755/50/1 750/51/1
f 750/51/1 755/50/1 751/52/1
f 756/51/6 754/49/6 753/52/6
f 753/52/6 754/49/6 750/50/6
f 753/49/3 752/50/3 756/51/3
f 756/51/3 752/50/3 757/52/3
f 756/49/2 757/50/2 754/51/2
f 754/51/2 757/50/2 755/52/2
f 752/50/5 751/52/5 757/49/5
f 757/49/5 751/52/5 755/51/5
f 1564/49/2 1565/50/2 1567/51/2
f 1567/51/2 1565/50/2 1566/52/2
f 1567/49/1 1566/50/1 1569/51/1
f 1569/51/1 1566/50/1 1568/52/1
f 1565/49/5 1573/1839/5 1566/51/5
f 1566/51/5 1573/1839/5 1574/1840/5
f 1566/51/5 1574/1840/5 1568/52/5
f 1568/52/5 1574/1840/5 1571/1841/5
f 1568/52/5 1571/1841/5 1570/50/5
f 1570/50/5 1571/1841/5 1565/49/5
f 1565/49/5 1571/1841/5 1572/1842/5
f 1565/49/5 1572/1842/5 1573/1839/5
f 1576/49/4 1573/50/4 1575/51/4
f 1575/51/4 1573/50/4 1572/52/4
f 1565/52/3 1564/51/3 1570/50/3
f 1570/50/3 1564/51/3 1577/49/3
f 1570/52/4 1577/51/4 1568/50/4
f 1568/50/4 1577/51/4 1569/49/4
f 1571/52/1 1578/51/1 1572/50/1
f 1572/50/1 1578/51/1 1575/49/1
f 1573/52/3 1576/51/3 1574/50/3
f 1574/50/3 1576/51/3 1579/49/3
f 1578/49/2 1571/50/2 1579/51/2
f 1579/51/2 1571/50/2 1574/52/2
f 1567/49/6 1575/1839/6 1564/51/6
f 1564/51/6 1575/1839/6 1578/1840/6
f 1564/51/6 1578/1840/6 1577/52/6
f 1577/52/6 1578/1840/6 1579/1841/6
f 1577/52/6 1579/1841/6 1569/50/6
f 1569/50/6 1579/1841/6 1567/49/6
f 1567/49/6 1579/1841/6 1576/1842/6
f 1567/49/6 1576/1842/6 1575/1839/6
usemtl wall.009
f 65/52/3 66/51/3 68/58/3
f 68/58/3 66/51/3 67/57/3
f 66/49/2 65/50/2 70/51/2
f 70/51/2 65/50/2 69/52/2
f 68/59/5 71/60/5 65/61/5
f 65/61/5 71/60/5 69/62/5
f 71/63/1 72/56/1 69/50/1
f 69/50/1 72/56/1 70/49/1
f 68/52/4 67/51/4 71/50/4
f 71/50/4 67/51/4 72/49/4
f 66/51/6 70/49/6 67/64/6
f 67/64/6 70/49/6 72/65/6
usemtl wall_2.001
f 73/66/15 74/49/16 75/50/6
f 76/51/6 77/67/17 78/52/18
f 76/51/19 78/49/19 79/52/19
f 79/52/19 78/49/19 80/50/19
f 81/50/20 82/52/21 77/67/17
f 83/49/6 84/50/6 81/51/6
f 81/51/6 84/50/6 82/52/6
f 83/52/22 73/68/15 84/50/19
f 85/50/20 86/52/20 74/49/20
f 74/49/20 86/52/20 75/51/20
f 79/49/5 80/50/5 85/51/5
f 85/51/5 80/50/5 86/52/5
f 75/49/23 86/50/24 84/69/25
f 84/69/25 86/50/24 80/52/24
f 84/69/25 80/52/24 82/70/21
f 82/70/21 80/52/24 78/51/18
f 82/70/21 78/51/18 77/71/17
f 84/69/25 73/72/26 75/49/23
f 77/73/27 76/49/28 81/74/29
f 81/74/29 76/49/28 79/50/30
f 81/74/29 79/50/30 85/52/30
f 81/74/29 85/52/30 83/75/22
f 83/75/22 85/52/30 74/51/16
f 83/75/22 74/51/16 73/76/15
f 206/117/49 208/118/33 207/50/34
f 209/82/35 210/83/36 206/50/49
f 206/50/49 210/83/36 208/49/33
f 204/51/37 205/119/38 211/52/50
f 211/52/50 205/119/38 212/50/40
f 208/51/33 214/120/41 207/52/34
f 210/86/36 215/87/42 208/49/33
f 208/49/33 215/87/42 214/121/41
f 210/122/36 216/49/43 215/50/42
f 205/51/38 213/49/51 212/52/40
f 212/52/40 213/49/51 217/50/52
f 220/90/46 213/123/51 218/124/53
f 214/93/41 218/125/53 213/51/51
f 214/93/41 213/51/51 205/49/38
f 214/93/41 205/49/38 207/95/34
f 207/95/34 205/49/38 204/50/37
f 207/95/34 204/50/37 206/96/49
f 218/97/53 214/126/41 219/50/48
f 214/99/41 215/100/42 219/127/48
f 216/128/43 219/129/48 215/52/42
f 219/52/48 216/130/43 209/50/35
f 209/50/35 216/130/43 210/131/36
f 217/49/52 220/132/46 212/51/40
f 212/51/40 220/132/46 211/133/50
f 213/134/51 220/135/46 217/52/52
f 220/136/46 218/137/53 204/138/37
f 220/136/46 204/138/37 211/139/50
f 204/138/37 218/137/53 206/140/49
f 206/140/49 218/137/53 219/141/48
f 219/141/48 209/142/35 206/140/49
usemtl wall_2.002
f 143/77/15 144/49/16 145/50/6
f 146/51/6 147/78/17 148/52/18
f 146/51/31 148/49/31 149/52/19
f 149/52/19 148/49/31 150/50/19
f 151/50/20 152/52/21 147/78/17
f 153/49/6 154/50/6 151/51/6
f 151/51/6 154/50/6 152/52/6
f 153/52/22 143/79/15 154/50/19
f 155/50/20 156/52/20 144/49/20
f 144/49/20 156/52/20 145/51/20
f 149/49/5 150/50/5 155/51/5
f 155/51/5 150/50/5 156/52/5
f 145/49/23 156/50/24 154/69/25
f 154/69/25 156/50/24 150/52/24
f 154/69/25 150/52/24 152/70/21
f 152/70/21 150/52/24 148/51/18
f 152/70/21 148/51/18 147/71/17
f 154/69/25 143/72/26 145/49/23
f 147/73/27 146/49/28 151/74/29
f 151/74/29 146/49/28 149/50/30
f 151/74/29 149/50/30 155/52/30
f 151/74/29 155/52/30 153/75/22
f 153/75/22 155/52/30 144/51/16
f 153/75/22 144/51/16 143/76/15
f 223/143/54 225/144/33 224/50/34
f 226/82/35 227/83/36 223/50/54
f 223/50/54 227/83/36 225/49/33
f 221/51/55 222/145/38 228/52/39
f 228/52/39 222/145/38 229/50/40
f 225/51/33 231/146/41 224/52/34
f 227/86/36 232/87/42 225/49/33
f 225/49/33 232/87/42 231/147/41
f 227/148/36 233/49/43 232/50/42
f 222/51/38 230/49/51 229/52/40
f 229/52/40 230/49/51 234/50/52
f 237/90/46 230/149/51 235/150/56
f 231/93/41 235/151/56 230/51/51
f 231/93/41 230/51/51 222/49/38
f 231/93/41 222/49/38 224/95/34
f 224/95/34 222/49/38 221/50/55
f 224/95/34 221/50/55 223/96/54
f 235/97/56 231/152/41 236/50/48
f 231/99/41 232/100/42 236/153/48
f 233/154/43 236/155/48 232/52/42
f 236/52/48 233/156/43 226/50/35
f 226/50/35 233/156/43 227/131/36
f 234/49/52 237/157/46 229/51/40
f 229/51/40 237/157/46 228/158/39
f 230/159/51 237/160/46 234/52/52
f 237/161/46 235/162/56 221/163/55
f 237/161/46 221/163/55 228/164/39
f 221/163/55 235/162/56 223/165/54
f 223/165/54 235/162/56 236/166/48
f 236/166/48 226/167/35 223/165/54
usemtl wall_2.003
f 157/77/15 158/49/16 159/50/6
f 160/51/6 161/78/17 162/52/18
f 160/51/19 162/49/19 163/52/19
f 163/52/19 162/49/19 164/50/19
f 165/50/20 166/52/21 161/78/17
f 167/49/6 168/50/6 165/51/6
f 165/51/6 168/50/6 166/52/6
f 167/52/22 157/79/15 168/50/31
f 169/50/20 170/52/20 158/49/20
f 158/49/20 170/52/20 159/51/20
f 163/49/5 164/50/5 169/51/5
f 169/51/5 164/50/5 170/52/5
f 159/49/23 170/50/24 168/69/25
f 168/69/25 170/50/24 164/52/24
f 168/69/25 164/52/24 166/70/21
f 166/70/21 164/52/24 162/51/18
f 166/70/21 162/51/18 161/71/17
f 168/69/25 157/72/26 159/49/23
f 161/73/27 160/49/28 165/74/29
f 165/74/29 160/49/28 163/50/30
f 165/74/29 163/50/30 169/52/30
f 165/74/29 169/52/30 167/75/22
f 167/75/22 169/52/30 158/51/16
f 167/75/22 158/51/16 157/76/15
f 240/168/57 242/169/33 241/50/34
f 243/82/58 244/83/36 240/50/57
f 240/50/57 244/83/36 242/49/33
f 238/51/59 239/170/38 245/52/39
f 245/52/39 239/170/38 246/50/40
f 242/51/33 248/171/41 241/52/34
f 244/86/36 249/87/42 242/49/33
f 242/49/33 249/87/42 248/172/41
f 244/173/36 250/49/43 249/50/42
f 239/51/38 247/49/44 246/52/40
f 246/52/40 247/49/44 251/50/52
f 254/90/46 247/174/44 252/175/47
f 248/93/41 252/176/47 247/51/44
f 248/93/41 247/51/44 239/49/38
f 248/93/41 239/49/38 241/95/34
f 241/95/34 239/49/38 238/50/59
f 241/95/34 238/50/59 240/96/57
f 252/97/47 248/177/41 253/50/48
f 248/99/41 249/100/42 253/178/48
f 250/154/43 253/179/48 249/52/42
f 253/52/48 250/180/43 243/50/58
f 243/50/58 250/180/43 244/105/36
f 251/49/52 254/181/46 246/51/40
f 246/51/40 254/181/46 245/182/39
f 247/183/44 254/184/46 251/52/52
f 254/185/46 252/186/47 238/187/59
f 254/185/46 238/187/59 245/188/39
f 238/187/59 252/186/47 240/189/57
f 240/189/57 252/186/47 253/190/48
f 253/190/48 243/191/58 240/189/57
usemtl wall_2.004
f 189/80/32 191/81/33 190/50/34
f 192/82/35 193/83/36 189/50/32
f 189/50/32 193/83/36 191/49/33
f 187/51/37 188/84/38 194/52/39
f 194/52/39 188/84/38 195/50/40
f 191/51/33 197/85/41 190/52/34
f 193/86/36 198/87/42 191/49/33
f 191/49/33 198/87/42 197/88/41
f 193/89/36 199/49/43 198/50/42
f 188/51/38 196/49/44 195/52/40
f 195/52/40 196/49/44 200/50/45
f 203/90/46 196/91/44 201/92/47
f 197/93/41 201/94/47 196/51/44
f 197/93/41 196/51/44 188/49/38
f 197/93/41 188/49/38 190/95/34
f 190/95/34 188/49/38 187/50/37
f 190/95/34 187/50/37 189/96/32
f 201/97/47 197/98/41 202/50/48
f 197/99/41 198/100/42 202/101/48
f 199/102/43 202/103/48 198/52/42
f 202/52/48 199/104/43 192/50/35
f 192/50/35 199/104/43 193/105/36
f 200/49/45 203/106/46 195/51/40
f 195/51/40 203/106/46 194/107/39
f 196/108/44 203/109/46 200/52/45
f 203/110/46 201/111/47 187/112/37
f 203/110/46 187/112/37 194/113/39
f 187/112/37 201/111/47 189/114/32
f 189/114/32 201/111/47 202/115/48
f 202/115/48 192/116/35 189/114/32
f 380/424/15 381/49/16 382/50/6
f 383/51/6 384/425/17 385/52/18
f 383/51/19 385/49/19 386/52/19
f 386/52/19 385/49/19 387/50/19
f 388/50/20 389/52/21 384/425/17
f 390/49/6 391/50/6 388/51/6
f 388/51/6 391/50/6 389/52/6
f 390/52/22 380/426/15 391/50/19
f 392/50/20 393/52/20 381/49/20
f 381/49/20 393/52/20 382/51/20
f 386/49/5 387/50/5 392/51/5
f 392/51/5 387/50/5 393/52/5
f 382/49/23 393/50/24 391/69/25
f 391/69/25 393/50/24 387/52/24
f 391/69/25 387/52/24 389/70/21
f 389/70/21 387/52/24 385/51/18
f 389/70/21 385/51/18 384/71/17
f 391/69/25 380/72/26 382/49/23
f 384/73/27 383/49/28 388/74/29
f 388/74/29 383/49/28 386/50/30
f 388/74/29 386/50/30 392/52/30
f 388/74/29 392/52/30 390/75/22
f 390/75/22 392/52/30 381/51/16
f 390/75/22 381/51/16 380/76/15
usemtl wall_2
f 257/192/60 256/193/61 255/50/62
f 257/194/60 259/195/63 258/50/64
f 260/82/65 261/83/66 257/50/60
f 257/50/60 261/83/66 259/49/63
f 260/196/65 262/197/67 261/50/66
f 255/51/62 256/198/61 263/52/68
f 263/52/68 256/198/61 264/50/69
f 259/51/63 266/199/70 258/52/64
f 261/86/66 267/200/71 259/49/63
f 259/49/63 267/200/71 266/201/70
f 262/51/67 268/49/72 261/52/66
f 261/52/66 268/49/72 267/50/71
f 256/51/61 265/49/73 264/52/69
f 264/52/69 265/49/73 269/50/74
f 272/90/75 265/202/73 270/203/76
f 266/93/70 270/204/76 265/51/73
f 266/93/70 265/51/73 256/49/61
f 266/93/70 256/49/61 258/95/64
f 258/95/64 256/49/61 257/205/60
f 270/97/76 266/206/70 271/50/77
f 266/99/70 267/100/71 271/207/77
f 268/208/72 271/209/77 267/52/71
f 271/52/77 268/210/72 260/50/65
f 260/50/65 268/210/72 262/131/67
f 269/49/74 272/211/75 264/51/69
f 264/51/69 272/211/75 263/212/68
f 265/213/73 272/214/75 269/52/74
f 272/215/75 270/216/76 255/217/62
f 272/215/75 255/217/62 263/218/68
f 255/217/62 270/216/76 257/219/60
f 257/219/60 270/216/76 271/220/77
f 271/220/77 260/221/65 257/219/60
f 285/256/88 287/257/89 286/50/90
f 288/82/91 289/83/92 285/50/88
f 285/50/88 289/83/92 287/49/89
f 283/51/93 284/258/94 290/52/95
f 290/52/95 284/258/94 291/50/96
f 287/51/89 293/259/97 286/52/90
f 289/86/92 294/87/98 287/49/89
f 287/49/89 294/87/98 293/260/97
f 289/261/92 295/49/99 294/50/98
f 284/51/94 292/49/100 291/52/96
f 291/52/96 292/49/100 296/50/101
f 299/90/102 292/262/100 297/263/76
f 293/93/97 297/264/76 292/51/100
f 293/93/97 292/51/100 284/49/94
f 293/93/97 284/49/94 286/95/90
f 286/95/90 284/49/94 283/50/93
f 286/95/90 283/50/93 285/96/88
f 297/97/76 293/265/97 298/50/77
f 293/99/97 294/100/98 298/266/77
f 295/267/99 298/268/77 294/52/98
f 298/52/77 295/269/99 288/50/91
f 288/50/91 295/269/99 289/131/92
f 296/49/101 299/270/102 291/51/96
f 291/51/96 299/270/102 290/271/95
f 292/272/100 299/273/102 296/52/101
f 299/274/102 297/275/76 283/276/93
f 299/274/102 283/276/93 290/277/95
f 283/276/93 297/275/76 285/278/88
f 285/278/88 297/275/76 298/279/77
f 298/279/77 288/280/91 285/278/88
f 313/316/113 310/90/114 311/317/115
f 314/49/116 313/318/113 312/319/117
f 315/100/118 314/320/116 312/99/117
f 314/321/116 315/52/118 316/322/119
f 310/323/114 317/52/120 311/324/115
f 312/325/117 319/52/121 318/51/122
f 313/326/113 311/51/115 312/327/117
f 312/327/117 311/51/115 321/49/123
f 312/327/117 321/49/123 319/328/121
f 319/328/121 321/49/123 322/50/124
f 319/328/121 322/50/124 320/329/125
f 320/330/125 318/331/122 319/50/121
f 323/82/126 324/83/127 320/50/125
f 320/50/125 324/83/127 318/49/122
f 322/51/124 321/332/123 325/52/128
f 325/52/128 321/332/123 326/50/129
f 312/51/117 318/49/122 315/333/118
f 315/333/118 318/49/122 324/334/127
f 315/50/118 324/335/127 316/49/119
f 317/50/120 326/52/129 311/49/115
f 311/49/115 326/52/129 321/51/123
f 324/131/127 323/50/126 316/336/119
f 316/336/119 323/50/126 314/52/116
f 325/337/128 326/51/129 310/338/114
f 310/338/114 326/51/129 317/49/120
f 314/339/116 323/340/126 320/341/125
f 314/339/116 320/341/125 313/342/113
f 320/341/125 322/343/124 325/344/128
f 320/341/125 325/344/128 310/345/114
f 320/341/125 310/345/114 313/342/113
f 329/192/60 328/346/61 327/50/62
f 329/347/60 331/348/63 330/50/64
f 332/82/130 333/83/66 329/50/60
f 329/50/60 333/83/66 331/49/63
f 332/349/130 334/350/67 333/50/66
f 327/51/62 328/351/61 335/52/68
f 335/52/68 328/351/61 336/50/69
f 331/51/63 338/352/131 330/52/64
f 333/86/66 339/200/71 331/49/63
f 331/49/63 339/200/71 338/353/131
f 334/51/67 340/49/72 333/52/66
f 333/52/66 340/49/72 339/50/71
f 328/51/61 337/49/73 336/52/69
f 336/52/69 337/49/73 341/50/74
f 344/90/75 337/354/73 342/355/76
f 338/93/131 342/356/76 337/51/73
f 338/93/131 337/51/73 328/49/61
f 338/93/131 328/49/61 330/95/64
f 330/95/64 328/49/61 329/205/60
f 342/97/76 338/357/131 343/50/77
f 338/99/131 339/100/71 343/358/77
f 340/359/72 343/360/77 339/52/71
f 343/52/77 340/361/72 332/50/130
f 332/50/130 340/361/72 334/362/67
f 341/49/74 344/363/75 336/51/69
f 336/51/69 344/363/75 335/364/68
f 337/365/73 344/366/75 341/52/74
f 344/367/75 342/368/76 327/369/62
f 344/367/75 327/369/62 335/370/68
f 327/369/62 342/368/76 329/371/60
f 329/371/60 342/368/76 343/372/77
f 343/372/77 332/373/130 329/371/60
f 347/374/88 349/375/89 348/50/90
f 350/82/91 351/83/92 347/50/88
f 347/50/88 351/83/92 349/49/89
f 345/51/132 346/376/94 352/52/95
f 352/52/95 346/376/94 353/50/96
f 349/51/89 355/377/97 348/52/90
f 351/86/92 356/87/98 349/49/89
f 349/49/89 356/87/98 355/378/97
f 351/379/92 357/49/99 356/50/98
f 346/51/94 354/49/100 353/52/96
f 353/52/96 354/49/100 358/50/74
f 361/90/102 354/380/100 359/381/76
f 355/93/97 359/382/76 354/51/100
f 355/93/97 354/51/100 346/49/94
f 355/93/97 346/49/94 348/95/90
f 348/95/90 346/49/94 345/50/132
f 348/95/90 345/50/132 347/96/88
f 359/97/76 355/383/97 360/50/77
f 355/99/97 356/100/98 360/207/77
f 357/267/99 360/384/77 356/52/98
f 360/52/77 357/385/99 350/50/91
f 350/50/91 357/385/99 351/362/92
f 358/49/74 361/386/102 353/51/96
f 353/51/96 361/386/102 352/387/95
f 354/388/100 361/389/102 358/52/74
f 361/390/102 359/391/76 345/392/132
f 361/390/102 345/392/132 352/393/95
f 345/392/132 359/391/76 347/394/88
f 347/394/88 359/391/76 360/395/77
f 360/395/77 350/396/91 347/394/88
f 366/397/133 362/90/134 363/398/135
f 366/397/133 364/52/136 365/399/137
f 367/49/138 366/400/133 365/401/137
f 368/100/139 367/402/138 365/99/137
f 367/403/138 368/52/139 369/322/140
f 362/404/134 370/52/141 363/405/135
f 365/406/137 372/52/142 371/51/122
f 364/50/136 372/407/142 365/49/137
f 366/408/133 363/51/135 364/327/136
f 364/327/136 363/51/135 374/49/143
f 364/327/136 374/49/143 372/328/142
f 372/328/142 374/49/143 375/50/124
f 372/328/142 375/50/124 373/329/144
f 373/409/144 371/410/122 372/50/142
f 376/82/126 377/83/127 373/50/144
f 373/50/144 377/83/127 371/49/122
f 375/51/124 374/411/143 378/52/145
f 378/52/145 374/411/143 379/50/146
f 365/51/137 371/49/122 368/333/139
f 368/333/139 371/49/122 377/334/127
f 368/50/139 377/412/127 369/49/140
f 370/50/141 379/52/146 363/49/135
f 363/49/135 379/52/146 374/51/143
f 377/413/127 376/50/126 369/414/140
f 369/414/140 376/50/126 367/52/138
f 378/415/145 379/51/146 362/416/134
f 362/416/134 379/51/146 370/49/141
f 367/417/138 376/418/126 373/419/144
f 367/417/138 373/419/144 366/420/133
f 373/419/144 375/421/124 378/422/145
f 373/419/144 378/422/145 362/423/134
f 373/419/144 362/423/134 366/420/133
f 435/51/3 436/49/3 434/52/3
f 434/52/3 436/49/3 437/50/3
f 435/51/153 438/427/154 436/52/6
f 439/50/1 440/52/155 438/428/156
f 441/49/6 442/50/6 439/51/6
f 439/51/6 442/50/6 440/52/6
f 441/52/157 443/428/158 442/50/3
f 444/49/6 445/50/159 443/429/160
f 446/50/1 447/52/1 444/49/1
f 444/49/1 447/52/1 445/51/1
f 434/49/5 437/50/5 446/51/5
f 446/51/5 437/50/5 447/52/5
f 445/49/159 447/50/4 442/430/161
f 442/430/161 447/50/4 437/52/4
f 442/430/161 437/52/4 440/431/155
f 440/431/155 437/52/4 436/51/162
f 440/431/155 436/51/162 438/71/156
f 442/430/161 443/72/160 445/49/159
f 438/73/154 435/49/153 439/432/163
f 439/432/163 435/49/153 434/50/2
f 439/432/163 434/50/2 446/52/2
f 439/432/163 446/52/2 441/433/157
f 441/433/157 446/52/2 444/51/164
f 441/433/157 444/51/164 443/76/158
f 469/51/3 470/49/3 468/52/3
f 468/52/3 470/49/3 471/50/3
f 469/51/153 472/427/154 470/52/6
f 473/50/1 474/52/155 472/428/156
f 475/49/6 476/50/6 473/51/6
f 473/51/6 476/50/6 474/52/6
f 475/52/157 477/428/158 476/50/3
f 478/49/6 479/50/159 477/429/160
f 480/50/1 481/52/1 478/49/1
f 478/49/1 481/52/1 479/51/1
f 468/49/5 471/50/5 480/51/5
f 480/51/5 471/50/5 481/52/5
f 479/49/159 481/50/4 476/430/161
f 476/430/161 481/50/4 471/52/4
f 476/430/161 471/52/4 474/431/155
f 474/431/155 471/52/4 470/51/162
f 474/431/155 470/51/162 472/71/156
f 476/430/161 477/72/160 479/49/159
f 472/73/154 469/49/153 473/432/163
f 473/432/163 469/49/153 468/50/2
f 473/432/163 468/50/2 480/52/2
f 473/432/163 480/52/2 475/433/157
f 475/433/157 480/52/2 478/51/164
f 475/433/157 478/51/164 477/76/158
f 482/51/184 483/49/185 485/52/186
f 485/52/186 483/49/185 484/50/187
f 486/52/188 482/51/189 487/50/190
f 487/50/190 482/51/189 485/49/191
f 488/51/192 486/49/193 489/52/194
f 489/52/194 486/49/193 487/50/195
f 483/49/196 488/50/197 484/51/198
f 484/51/198 488/50/197 489/52/199
f 483/51/185 482/49/184 491/52/200
f 491/52/200 482/49/184 490/50/201
f 482/49/189 486/50/188 490/51/202
f 490/51/202 486/50/188 492/52/203
f 486/51/204 493/49/205 492/52/206
f 492/52/206 493/49/205 489/50/207
f 493/52/208 483/51/209 489/50/210
f 489/50/210 483/51/209 491/49/211
f 486/457/193 488/458/192 493/50/208
f 493/50/208 488/458/192 483/459/209
f 484/460/4 490/49/4 485/461/4
f 485/461/4 490/49/4 492/50/206
f 485/461/4 492/50/206 487/462/4
f 487/462/4 492/50/206 489/463/207
f 490/49/4 484/460/4 491/51/211
f 491/51/211 484/460/4 489/463/210
f 502/50/212 503/52/213 505/49/214
f 505/49/214 503/52/213 504/51/215
f 503/49/216 506/50/217 504/51/218
f 504/51/218 506/50/217 507/52/219
f 506/50/220 508/52/221 507/49/222
f 507/49/222 508/52/221 509/51/223
f 508/52/224 502/51/225 509/50/226
f 509/50/226 502/51/225 505/49/227
f 503/50/213 502/52/212 511/49/222
f 511/49/222 502/52/212 510/51/223
f 506/52/217 503/51/216 512/50/228
f 512/50/228 503/51/216 511/49/227
f 508/50/221 506/52/220 513/49/214
f 513/49/214 506/52/220 512/51/215
f 502/49/225 508/50/224 510/51/229
f 510/51/229 508/50/224 513/52/219
f 504/464/2 511/51/2 505/465/2
f 505/465/2 511/51/2 510/49/2
f 505/465/2 510/49/2 513/50/2
f 504/464/2 507/466/2 511/51/2
f 511/51/2 507/466/2 512/52/2
f 512/52/2 507/466/2 509/458/2
f 512/52/2 509/458/2 513/50/2
f 513/50/2 509/458/2 505/465/2
f 514/51/230 515/49/231 517/52/232
f 517/52/232 515/49/231 516/50/233
f 518/52/219 514/51/218 519/50/234
f 519/50/234 514/51/218 517/49/235
f 520/51/236 518/49/237 521/52/238
f 521/52/238 518/49/237 519/50/239
f 515/49/240 520/50/241 516/51/242
f 516/51/242 520/50/241 521/52/203
f 515/51/243 522/49/244 523/52/245
f 523/52/245 522/49/244 517/50/246
f 522/49/227 524/50/228 517/51/235
f 517/51/235 524/50/228 519/52/234
f 524/51/247 520/49/248 519/52/249
f 519/52/249 520/49/248 525/50/250
f 520/52/241 515/51/240 525/50/190
f 525/50/190 515/51/240 523/49/191
f 514/464/2 522/51/244 515/467/243
f 514/464/2 518/466/2 522/51/244
f 522/51/244 518/466/2 524/52/247
f 524/52/247 518/466/2 520/468/248
f 521/469/238 519/470/239 525/52/4
f 521/469/238 525/52/4 523/51/4
f 517/471/232 516/460/233 523/51/4
f 523/51/4 516/460/233 521/469/238
f 526/50/251 527/52/252 529/49/253
f 529/49/253 527/52/252 528/51/254
f 527/49/255 530/50/256 528/51/257
f 528/51/257 530/50/256 531/52/258
f 530/50/259 532/52/260 531/49/222
f 531/49/222 532/52/260 533/51/223
f 532/52/261 526/51/262 533/50/226
f 533/50/226 526/51/262 529/49/227
f 534/50/263 526/52/264 528/49/265
f 528/49/265 526/52/264 535/51/266
f 530/52/267 534/51/268 536/50/269
f 536/50/269 534/51/268 528/49/270
f 532/50/260 530/52/259 537/49/214
f 537/49/214 530/52/259 536/51/215
f 526/49/262 532/50/261 535/51/218
f 535/51/218 532/50/261 537/52/219
f 526/472/264 534/49/263 527/461/255
f 527/461/255 534/49/263 530/470/256
f 529/465/253 528/473/254 535/49/2
f 529/465/253 535/49/2 537/50/2
f 528/473/257 531/466/258 536/52/2
f 536/52/2 531/466/258 533/458/2
f 536/52/2 533/458/2 537/50/2
f 537/50/2 533/458/2 529/465/253
f 554/50/271 555/52/272 557/49/214
f 557/49/214 555/52/272 556/51/215
f 555/49/235 558/50/273 556/51/218
f 556/51/218 558/50/273 559/52/219
f 558/50/239 560/52/274 559/49/237
f 559/49/237 560/52/274 561/51/236
f 560/52/274 554/51/275 561/50/276
f 561/50/276 554/51/275 557/49/277
f 555/50/272 554/52/271 563/49/222
f 563/49/222 554/52/271 562/51/223
f 558/52/273 555/51/235 564/50/228
f 564/50/228 555/51/235 563/49/227
f 565/50/250 558/52/249 561/49/248
f 561/49/248 558/52/249 564/51/247
f 554/49/278 565/50/279 562/51/280
f 562/51/280 565/50/279 561/52/281
f 560/469/274 558/474/239 565/52/4
f 560/469/274 565/52/4 554/475/275
f 556/464/2 563/51/2 557/465/277
f 557/465/277 563/51/2 562/49/2
f 557/465/277 562/49/2 561/476/276
f 556/464/2 559/466/2 563/51/2
f 563/51/2 559/466/2 564/52/247
f 564/52/247 559/466/2 561/476/248
f 678/50/308 679/52/309 681/49/214
f 681/49/214 679/52/309 680/51/215
f 679/49/216 682/50/310 680/51/218
f 680/51/218 682/50/310 683/52/219
f 682/50/239 684/52/274 683/49/237
f 683/49/237 684/52/274 685/51/236
f 684/52/274 678/51/275 685/50/276
f 685/50/276 678/51/275 681/49/277
f 679/50/309 678/52/308 687/49/222
f 687/49/222 678/52/308 686/51/223
f 682/52/310 679/51/216 688/50/228
f 688/50/228 679/51/216 687/49/227
f 689/50/250 682/52/249 685/49/248
f 685/49/248 682/52/249 688/51/247
f 678/49/278 689/50/279 686/51/280
f 686/51/280 689/50/279 685/52/281
f 684/495/274 682/496/239 689/497/4
f 684/495/274 689/497/4 678/498/275
f 680/499/2 687/51/2 681/500/277
f 681/500/277 687/51/2 686/49/2
f 681/500/277 686/49/2 685/501/276
f 680/499/2 683/502/2 687/51/2
f 687/51/2 683/502/2 688/497/247
f 688/497/247 683/502/2 685/501/248
f 690/50/251 691/52/252 693/49/253
f 693/49/253 691/52/252 692/51/254
f 691/49/255 694/50/256 692/51/257
f 692/51/257 694/50/256 695/52/258
f 694/50/311 696/52/312 695/49/222
f 695/49/222 696/52/312 697/51/223
f 696/52/313 690/51/262 697/50/226
f 697/50/226 690/51/262 693/49/227
f 698/50/263 690/52/264 692/49/265
f 692/49/265 690/52/264 699/51/266
f 694/52/267 698/51/268 700/50/269
f 700/50/269 698/51/268 692/49/270
f 696/50/312 694/52/311 701/49/214
f 701/49/214 694/52/311 700/51/215
f 690/49/262 696/50/313 699/51/218
f 699/51/218 696/50/313 701/52/219
f 690/503/264 698/49/263 691/504/255
f 691/504/255 698/49/263 694/505/256
f 693/500/253 692/506/254 699/49/2
f 693/500/253 699/49/2 701/507/2
f 692/506/257 695/502/258 700/497/2
f 700/497/2 695/502/258 697/508/2
f 700/497/2 697/508/2 701/507/2
f 701/507/2 697/508/2 693/500/253
f 704/50/314 702/428/315 703/49/6
f 705/51/316 706/427/317 707/52/6
f 708/487/1 709/485/318 706/428/319
f 708/509/320 712/54/2 710/510/321
f 710/510/321 712/54/2 703/51/322
f 710/510/321 703/51/322 702/479/323
f 706/484/317 705/49/316 708/509/320
f 708/509/320 705/49/316 711/53/2
f 708/509/320 711/53/2 712/54/2
f 713/50/3 711/52/3 707/49/3
f 707/49/3 711/52/3 705/51/3
f 710/49/6 714/50/6 708/51/6
f 708/51/6 714/50/6 709/485/6
f 710/485/321 702/428/323 714/50/3
f 712/50/1 715/52/1 703/49/1
f 703/49/1 715/52/1 704/51/1
f 711/49/5 713/50/5 712/51/5
f 712/51/5 713/50/5 715/52/5
f 714/509/324 713/54/4 709/510/318
f 709/510/318 713/54/4 707/51/325
f 709/510/318 707/51/325 706/479/319
f 702/484/315 704/49/314 714/509/324
f 714/509/324 704/49/314 715/53/4
f 714/509/324 715/53/4 713/54/4
f 724/52/326 725/486/327 727/50/328
f 727/50/328 725/486/327 726/49/329
f 728/488/330 724/49/331 729/489/332
f 729/489/332 724/49/331 727/50/333
f 730/494/334 728/50/335 731/51/336
f 731/51/336 728/50/335 729/52/332
f 725/513/327 724/514/326 732/52/337
f 732/52/337 724/514/326 728/515/338
f 731/491/336 729/514/332 733/52/4
f 733/52/4 729/514/332 727/516/333
f 725/486/327 732/50/339 726/51/329
f 726/51/329 732/50/339 727/52/328
f 732/51/337 728/49/338 727/52/340
f 727/52/340 728/49/338 733/50/341
f 728/52/335 730/51/334 733/50/342
f 733/50/342 730/51/334 731/49/336
f 758/49/343 759/50/344 761/517/345
f 761/517/345 759/50/344 760/52/346
f 759/50/311 762/52/312 760/49/222
f 760/49/222 762/52/312 763/51/223
f 762/52/347 764/51/348 763/50/349
f 763/50/349 764/51/348 765/490/350
f 761/518/345 760/519/346 767/52/2
f 767/52/2 760/519/346 763/520/349
f 767/52/2 763/520/349 766/50/2
f 766/50/2 763/520/349 765/521/350
f 759/52/344 758/51/343 767/50/351
f 767/50/351 758/51/343 761/517/345
f 762/50/312 759/52/311 766/49/214
f 766/49/214 759/52/311 767/51/215
f 764/49/348 762/50/347 765/51/350
f 765/51/350 762/50/347 766/52/352
f 1700/2126/7 1697/2127/533 1698/2128/557
f 1700/2126/7 1698/2128/557 1699/2129/556
f 1697/2130/533 1696/2131/555 1698/2132/557
f 1698/2132/557 1696/2131/555 1701/2133/536
f 1696/2134/555 1697/2135/533 1702/39/13
f 1702/39/13 1697/2135/533 1700/40/7
f 1696/2136/555 1702/2137/13 1703/2138/531
f 1696/2136/555 1703/2138/531 1701/2139/536
f 1698/2140/557 1701/2141/536 1699/43/556
f 1699/43/556 1701/2141/536 1703/44/531
f 1699/2142/4 1703/2143/4 1700/2144/4
f 1700/2144/4 1703/2143/4 1702/2145/4
f 1740/429/578 1741/49/579 1742/50/6
f 1743/51/6 1744/428/580 1745/52/581
f 1743/51/3 1745/49/3 1746/52/3
f 1746/52/3 1745/49/3 1747/50/3
f 1748/50/1 1749/52/318 1744/428/580
f 1750/49/6 1751/50/6 1748/51/6
f 1748/51/6 1751/50/6 1749/52/6
f 1750/52/321 1740/428/578 1751/50/3
f 1752/50/1 1753/52/1 1741/49/1
f 1741/49/1 1753/52/1 1742/51/1
f 1746/49/5 1747/50/5 1752/51/5
f 1752/51/5 1747/50/5 1753/52/5
f 1742/49/582 1753/50/4 1751/69/583
f 1751/69/583 1753/50/4 1747/52/4
f 1751/69/583 1747/52/4 1749/70/318
f 1749/70/318 1747/52/4 1745/51/581
f 1749/70/318 1745/51/581 1744/71/580
f 1751/69/583 1740/72/584 1742/49/582
f 1744/73/585 1743/49/586 1748/74/587
f 1748/74/587 1743/49/586 1746/50/2
f 1748/74/587 1746/50/2 1752/52/2
f 1748/74/587 1752/52/2 1750/75/321
f 1750/75/321 1752/52/2 1741/51/579
f 1750/75/321 1741/51/579 1740/76/578
f 1754/52/588 1755/2189/589 1757/50/590
f 1757/50/590 1755/2189/589 1756/49/591
f 1758/51/592 1754/49/193 1759/52/194
f 1759/52/194 1754/49/193 1757/50/195
f 1760/2190/593 1758/50/592 1761/51/348
f 1761/51/348 1758/50/592 1759/52/594
f 1754/2191/193 1758/520/592 1762/50/2
f 1762/50/2 1758/520/592 1760/2192/593
f 1763/50/595 1759/2193/207 1757/2194/590
f 1763/50/595 1757/2194/590 1756/2195/591
f 1755/2189/589 1754/50/588 1756/51/591
f 1756/51/591 1754/50/588 1763/52/596
f 1754/51/204 1762/49/205 1763/52/595
f 1763/52/595 1762/49/205 1759/50/207
f 1762/52/352 1760/51/593 1759/50/594
f 1759/50/594 1760/51/593 1761/49/348
f 1764/429/578 1765/49/579 1766/50/6
f 1767/51/6 1768/428/580 1769/52/581
f 1767/51/3 1769/49/3 1770/52/3
f 1770/52/3 1769/49/3 1771/50/3
f 1772/50/1 1773/52/318 1768/428/580
f 1774/49/6 1775/50/6 1772/51/6
f 1772/51/6 1775/50/6 1773/52/6
f 1774/52/321 1764/428/578 1775/50/3
f 1776/50/1 1777/52/1 1765/49/1
f 1765/49/1 1777/52/1 1766/51/1
f 1770/49/5 1771/50/5 1776/51/5
f 1776/51/5 1771/50/5 1777/52/5
f 1766/49/582 1777/50/4 1775/69/583
f 1775/69/583 1777/50/4 1771/52/4
f 1775/69/583 1771/52/4 1773/70/318
f 1773/70/318 1771/52/4 1769/51/581
f 1773/70/318 1769/51/581 1768/71/580
f 1775/69/583 1764/72/597 1766/49/582
f 1768/73/598 1767/49/586 1772/74/587
f 1772/74/587 1767/49/586 1770/50/2
f 1772/74/587 1770/50/2 1776/52/2
f 1772/74/587 1776/52/2 1774/75/321
f 1774/75/321 1776/52/2 1765/51/579
f 1774/75/321 1765/51/579 1764/76/578
f 1778/52/599 1779/2196/600 1781/50/601
f 1781/50/601 1779/2196/600 1780/49/602
f 1782/51/236 1778/49/237 1783/52/603
f 1783/52/603 1778/49/237 1781/50/239
f 1784/2197/604 1782/50/605 1785/51/606
f 1785/51/606 1782/50/605 1783/52/603
f 1779/2198/600 1778/519/599 1786/52/607
f 1786/52/607 1778/519/599 1782/2199/248
f 1785/2200/606 1783/2201/603 1787/52/4
f 1787/52/4 1783/2201/603 1781/2202/239
f 1779/2196/600 1786/50/351 1780/51/602
f 1780/51/602 1786/50/351 1781/52/601
f 1786/51/607 1782/49/248 1781/52/249
f 1781/52/249 1782/49/248 1787/50/250
f 1782/52/605 1784/51/604 1787/50/608
f 1787/50/608 1784/51/604 1785/49/606
f 1809/52/625 1808/51/626 1810/50/627
f 1810/50/627 1808/51/626 1811/49/628
f 1808/49/626 1809/50/625 1811/51/628
f 1811/51/628 1809/50/625 1810/52/627
f 1813/52/625 1812/51/626 1814/50/627
f 1814/50/627 1812/51/626 1815/49/628
f 1812/49/626 1813/50/625 1815/51/628
f 1815/51/628 1813/50/625 1814/52/627
usemtl wall4
f 275/222/78 273/223/79 274/224/80
f 275/222/78 276/225/81 273/223/79
f 274/226/80 273/227/79 277/228/82
f 276/225/81 278/229/83 273/223/79
f 273/223/79 278/229/83 280/230/84
f 276/231/81 279/232/85 278/233/83
f 273/234/79 280/235/84 277/236/82
f 281/237/86 280/238/84 282/239/87
f 280/230/84 278/229/83 282/240/87
f 279/241/85 282/242/87 278/243/83
f 282/244/87 279/245/85 275/246/78
f 275/246/78 279/245/85 276/247/81
f 280/248/84 281/249/86 277/250/82
f 277/250/82 281/249/86 274/251/80
f 281/252/86 282/253/87 275/254/78
f 281/252/86 275/254/78 274/255/80
f 302/281/103 300/282/104 301/283/105
f 302/281/103 303/284/106 300/282/104
f 301/285/105 300/286/104 304/287/107
f 300/288/104 305/289/108 307/290/109
f 303/284/106 305/291/108 300/282/104
f 303/292/106 306/293/110 305/294/108
f 300/288/104 307/290/109 304/295/107
f 307/296/109 305/297/108 308/298/111
f 308/299/111 305/291/108 309/300/112
f 306/301/110 309/302/112 305/303/108
f 309/304/112 306/305/110 302/306/103
f 302/306/103 306/305/110 303/307/106
f 307/308/109 308/309/111 304/310/107
f 304/310/107 308/309/111 301/311/105
f 308/312/111 309/313/112 302/314/103
f 308/312/111 302/314/103 301/315/105
f 566/50/282 567/428/283 568/49/6
f 569/52/6 570/51/284 571/427/285
f 572/53/1 573/54/286 571/428/287
f 572/477/288 576/52/2 574/478/289
f 574/478/289 576/52/2 568/51/290
f 574/478/289 568/51/290 567/479/291
f 571/480/285 570/49/284 572/477/288
f 572/477/288 570/49/284 575/50/2
f 572/477/288 575/50/2 576/52/2
f 577/50/3 575/52/3 569/49/3
f 569/49/3 575/52/3 570/51/3
f 574/49/6 578/50/6 572/51/6
f 572/51/6 578/50/6 573/54/6
f 574/54/289 567/428/291 578/50/3
f 576/50/1 579/52/1 568/49/1
f 568/49/1 579/52/1 566/51/1
f 575/49/5 577/50/5 576/51/5
f 576/51/5 577/50/5 579/52/5
f 578/481/292 577/52/4 573/482/286
f 573/482/286 577/52/4 569/51/293
f 573/482/286 569/51/293 571/483/287
f 567/484/283 566/49/282 578/481/292
f 578/481/292 566/49/282 579/50/4
f 578/481/292 579/50/4 577/52/4
f 592/485/294 589/486/295 593/487/296
f 593/487/296 589/486/295 588/49/297
f 594/488/298 592/49/299 595/489/300
f 595/489/300 592/49/299 593/487/201
f 590/490/301 594/487/302 591/51/303
f 591/51/303 594/487/302 595/485/304
f 591/491/303 595/492/304 597/52/4
f 597/52/4 595/492/304 596/50/4
f 596/50/4 595/492/304 593/493/296
f 596/50/4 593/493/296 588/494/297
f 589/486/295 592/50/294 588/51/297
f 588/51/297 592/50/294 596/52/305
f 592/51/299 594/49/298 596/52/306
f 596/52/306 594/49/298 597/50/187
f 594/52/302 590/51/301 597/50/307
f 597/50/307 590/51/301 591/49/303
f 1732/49/570 1733/50/571 1735/51/572
f 1735/51/572 1733/50/571 1734/52/573
f 1733/52/571 1732/51/570 1734/50/573
f 1734/50/573 1732/51/570 1735/49/572
f 1736/52/574 1737/51/575 1739/50/576
f 1739/50/576 1737/51/575 1738/49/577
f 1737/49/575 1736/50/574 1738/51/577
f 1738/51/577 1736/50/574 1739/52/576
f 1789/52/609 1790/2203/610 1788/50/3
f 1788/50/3 1790/2203/610 1792/2204/611
f 1791/2205/612 1792/2204/611 1790/2203/610
f 1792/2204/611 1793/2206/613 1788/50/3
f 1788/50/3 1793/2206/613 1794/2207/614
f 1788/50/3 1794/2207/614 1795/2208/3
f 1796/440/3 1797/49/3 1795/2208/3
f 1795/2208/3 1797/49/3 1788/50/3
f 1793/49/613 1792/50/611 1798/51/615
f 1798/51/615 1792/50/611 1799/52/616
f 1791/51/612 1799/2209/616 1792/52/611
f 1791/2210/612 1800/49/617 1799/443/616
f 1791/49/612 1790/50/610 1800/51/617
f 1800/51/617 1790/50/610 1801/52/618
f 1790/49/610 1789/50/609 1801/51/618
f 1801/51/618 1789/50/609 1802/52/619
f 1788/50/5 1803/52/5 1789/49/5
f 1789/49/5 1803/52/5 1802/51/5
f 1788/52/4 1797/51/4 1803/50/4
f 1803/50/4 1797/51/4 1804/49/4
f 1803/52/1 1805/2211/1 1806/2212/620
f 1803/52/1 1806/2212/620 1798/2213/615
f 1798/2213/615 1799/2214/616 1803/52/1
f 1803/52/1 1799/2214/616 1801/2215/618
f 1801/2215/618 1799/2214/616 1800/2216/617
f 1801/2215/618 1802/50/619 1803/52/1
f 1803/52/1 1804/51/1 1805/2211/1
f 1805/2211/1 1804/51/1 1807/450/1
f 1794/49/614 1793/50/613 1806/51/620
f 1806/51/620 1793/50/613 1798/52/615
f 1794/51/614 1806/49/620 1795/455/621
f 1795/455/621 1806/49/620 1805/2217/622
f 1796/49/623 1795/50/621 1807/51/624
f 1807/51/624 1795/50/621 1805/52/622
f 1796/51/6 1807/49/6 1797/52/6
f 1797/52/6 1807/49/6 1804/50/6
f 1817/52/629 1816/50/1 1818/2218/630
f 1816/50/1 1820/2219/631 1818/2218/630
f 1819/2220/632 1818/2218/630 1820/2219/631
f 1820/2219/631 1816/50/1 1821/2221/633
f 1816/50/1 1822/2222/634 1821/2221/633
f 1816/50/1 1823/2223/1 1822/2222/634
f 1824/440/1 1823/2223/1 1825/49/1
f 1823/2223/1 1816/50/1 1825/49/1
f 1821/49/633 1826/51/635 1820/50/631
f 1826/51/635 1827/52/636 1820/50/631
f 1819/51/632 1820/52/631 1827/2224/636
f 1819/2225/632 1827/443/636 1828/49/637
f 1819/49/632 1828/51/637 1818/50/630
f 1828/51/637 1829/52/638 1818/50/630
f 1818/49/630 1829/51/638 1817/50/629
f 1829/51/638 1830/52/639 1817/50/629
f 1816/50/6 1817/49/6 1831/52/6
f 1817/49/6 1830/51/6 1831/52/6
f 1816/52/2 1831/50/2 1825/51/2
f 1831/50/2 1832/49/2 1825/51/2
f 1835/2226/640 1831/52/3 1833/2227/641
f 1831/52/3 1826/2228/635 1833/2227/641
f 1826/2228/635 1831/52/3 1827/2229/636
f 1831/52/3 1829/2230/638 1827/2229/636
f 1829/2230/638 1828/2231/637 1827/2229/636
f 1829/2230/638 1831/52/3 1830/50/639
f 1831/52/3 1835/2226/640 1832/51/3
f 1835/2226/640 1834/450/3 1832/51/3
f 1822/49/634 1826/2232/635 1821/50/633
f 1822/2233/634 1833/51/641 1826/453/635
f 1822/51/634 1823/455/642 1833/2234/641
f 1835/51/640 1833/52/641 1823/2235/642
f 1824/49/643 1834/51/644 1823/50/642
f 1834/51/644 1835/52/640 1823/50/642
f 1824/51/5 1825/52/5 1834/49/5
f 1825/52/5 1832/50/5 1834/49/5
usemtl wall_2.005
f 394/49/147 395/50/147 397/51/147
f 397/51/147 395/50/147 396/52/147
f 395/51/148 398/49/148 396/52/148
f 396/52/148 398/49/148 399/50/148
f 398/52/149 400/51/149 399/50/149
f 399/50/149 400/51/149 401/49/149
f 400/51/150 394/49/150 401/52/150
f 401/52/150 394/49/150 397/50/150
f 395/52/151 394/51/151 398/50/151
f 398/50/151 394/51/151 400/49/151
f 397/49/152 396/50/152 401/51/152
f 401/51/152 396/50/152 399/52/152
usemtl wall_2.006
f 418/49/147 419/50/147 421/51/147
f 421/51/147 419/50/147 420/52/147
f 419/51/148 422/49/148 420/52/148
f 420/52/148 422/49/148 423/50/148
f 422/52/149 424/51/149 423/50/149
f 423/50/149 424/51/149 425/49/149
f 424/51/150 418/49/150 425/52/150
f 425/52/150 418/49/150 421/50/150
f 419/52/151 418/51/151 422/50/151
f 422/50/151 418/51/151 424/49/151
f 421/49/152 420/50/152 425/51/152
f 425/51/152 420/50/152 423/52/152
usemtl wall4.001
f 449/52/165 450/434/166 448/50/167
f 448/50/167 450/434/166 452/435/168
f 451/436/169 452/435/168 450/434/166
f 452/435/168 453/437/170 448/50/167
f 448/50/167 453/437/170 454/438/171
f 448/50/167 454/438/171 455/439/167
f 456/440/167 457/49/167 455/439/167
f 455/439/167 457/49/167 448/50/167
f 453/49/170 452/50/168 458/51/172
f 458/51/172 452/50/168 459/52/173
f 451/51/169 459/441/173 452/52/168
f 451/442/169 460/49/174 459/443/173
f 451/49/169 450/50/166 460/51/174
f 460/51/174 450/50/166 461/52/175
f 450/49/166 449/50/165 461/51/175
f 461/51/175 449/50/165 462/52/176
f 448/50/5 463/52/5 449/49/5
f 449/49/5 463/52/5 462/51/5
f 448/52/177 457/51/177 463/50/177
f 463/50/177 457/51/177 464/49/177
f 467/444/178 465/445/179 463/52/180
f 463/52/180 465/445/179 458/446/172
f 458/446/172 459/447/173 463/52/180
f 463/52/180 459/447/173 461/448/175
f 461/448/175 459/447/173 460/449/174
f 461/448/175 462/50/176 463/52/180
f 463/52/180 464/51/180 467/444/178
f 467/444/178 464/51/180 466/450/180
f 454/49/171 453/50/170 458/451/172
f 454/452/171 458/453/172 465/51/179
f 454/51/171 465/454/179 455/455/181
f 467/51/178 455/456/181 465/52/179
f 456/49/182 455/50/181 466/51/183
f 466/51/183 455/50/181 467/52/178
f 456/51/6 466/49/6 457/52/6
f 457/52/6 466/49/6 464/50/6
usemtl glass
f 792/49/372 795/53/373 793/51/374
f 793/51/374 795/53/373 794/54/375
f 795/54/373 792/51/372 794/53/375
f 794/53/375 792/51/372 793/49/374
f 824/49/372 826/53/373 825/51/374
f 825/51/374 826/53/373 827/54/375
f 825/49/374 827/53/375 824/51/372
f 824/51/372 827/53/375 826/54/373
f 876/49/393 879/53/373 877/51/394
f 877/51/394 879/53/373 878/54/375
f 879/54/373 876/51/393 878/53/375
f 878/53/375 876/51/393 877/49/394
f 908/49/372 910/53/373 909/51/374
f 909/51/374 910/53/373 911/54/375
f 909/49/374 911/53/375 908/51/372
f 908/51/372 911/53/375 910/54/373
f 1036/49/402 1039/53/403 1037/51/404
f 1037/51/404 1039/53/403 1038/54/405
f 1039/54/403 1036/51/402 1038/53/405
f 1038/53/405 1036/51/402 1037/49/404
f 1068/49/402 1070/53/403 1069/51/404
f 1069/51/404 1070/53/403 1071/54/405
f 1069/49/404 1071/53/405 1068/51/402
f 1068/51/402 1071/53/405 1070/54/403
f 1148/49/407 1150/53/408 1149/51/409
f 1149/51/409 1150/53/408 1151/54/410
f 1149/49/409 1151/53/410 1148/51/407
f 1148/51/407 1151/53/410 1150/54/408
f 1188/49/402 1190/53/403 1189/51/404
f 1189/51/404 1190/53/403 1191/54/405
f 1189/49/404 1191/53/405 1188/51/402
f 1188/51/402 1191/53/405 1190/54/403
f 1204/49/402 1207/53/403 1205/51/404
f 1205/51/404 1207/53/403 1206/54/405
f 1207/54/403 1204/51/402 1206/53/405
f 1206/53/405 1204/51/402 1205/49/404
f 1256/49/402 1259/53/403 1257/51/404
f 1257/51/404 1259/53/403 1258/54/405
f 1259/54/403 1256/51/402 1258/53/405
f 1258/53/405 1256/51/402 1257/49/404
f 1284/49/394 1286/507/415 1285/51/416
f 1285/51/416 1286/507/415 1287/497/417
f 1285/49/416 1287/507/417 1284/51/394
f 1284/51/394 1287/507/417 1286/497/415
f 1364/49/418 1366/507/375 1365/51/419
f 1365/51/419 1366/507/375 1367/497/420
f 1365/49/419 1367/507/420 1364/51/418
f 1364/51/418 1367/507/420 1366/497/375
f 1396/49/418 1399/507/375 1397/51/419
f 1397/51/419 1399/507/375 1398/497/420
f 1399/497/375 1396/51/418 1398/507/420
f 1398/507/420 1396/51/418 1397/49/419
f 1448/49/442 1451/487/443 1449/51/444
f 1449/51/444 1451/487/443 1450/485/445
f 1451/485/443 1448/51/442 1450/487/445
f 1450/487/445 1448/51/442 1449/49/444
f 1488/49/475 1491/487/476 1489/51/477
f 1489/51/477 1491/487/476 1490/485/478
f 1491/485/476 1488/51/475 1490/487/478
f 1490/487/478 1488/51/475 1489/49/477
f 1535/49/501 1532/50/502 1534/51/503
f 1534/51/503 1532/50/502 1533/52/504
f 1532/52/502 1535/51/501 1533/50/504
f 1533/50/504 1535/51/501 1534/49/503
f 1563/49/507 1560/50/508 1562/51/509
f 1562/51/509 1560/50/508 1561/52/510
f 1560/52/508 1563/51/507 1561/50/510
f 1561/50/510 1563/51/507 1562/49/509
f 1844/49/645 1847/487/646 1845/51/647
f 1845/51/647 1847/487/646 1846/485/648
f 1847/485/646 1844/51/645 1846/487/648
f 1846/487/648 1844/51/645 1845/49/647
f 1868/49/661 1871/487/662 1869/51/663
f 1869/51/663 1871/487/662 1870/485/664
f 1871/485/662 1868/51/661 1870/487/664
f 1870/487/664 1868/51/661 1869/49/663
f 1944/49/645 1947/487/646 1945/51/647
f 1945/51/647 1947/487/646 1946/485/648
f 1947/485/646 1944/51/645 1946/487/648
f 1946/487/648 1944/51/645 1945/49/647
f 2064/49/732 2067/487/733 2065/51/734
f 2065/51/734 2067/487/733 2066/485/735
f 2067/485/733 2064/51/732 2066/487/735
f 2066/487/735 2064/51/732 2065/49/734
f 2244/49/394 2246/507/415 2245/51/416
f 2245/51/416 2246/507/415 2247/497/417
f 2245/49/416 2247/507/417 2244/51/394
f 2244/51/394 2247/507/417 2246/497/415
usemtl wall_3
f 1581/1843/2 1582/1844/2 1580/1845/2
f 1580/1845/2 1582/1844/2 1583/1846/2
f 1580/1847/1 1583/1848/1 1585/1849/1
f 1585/1849/1 1583/1848/1 1584/1850/1
f 1583/1851/5 1582/1852/5 1584/1853/5
f 1584/1853/5 1582/1852/5 1586/1854/5
f 1582/1855/3 1581/1856/3 1586/1857/3
f 1586/1857/3 1581/1856/3 1587/1858/3
f 1586/1859/4 1587/1860/4 1584/1861/4
f 1584/1861/4 1587/1860/4 1585/1862/4
f 1581/1863/6 1580/1864/6 1587/1865/6
f 1587/1865/6 1580/1864/6 1585/1866/6
f 1589/1867/3 1590/1868/3 1588/1869/3
f 1588/1869/3 1590/1868/3 1591/1870/3
f 1592/1871/2 1593/1872/2 1589/1873/2
f 1589/1873/2 1593/1872/2 1590/1874/2
f 1594/1875/1 1595/1876/1 1592/1877/1
f 1592/1877/1 1595/1876/1 1593/1878/1
f 1588/1879/4 1591/1880/4 1594/1881/4
f 1594/1881/4 1591/1880/4 1595/1882/4
f 1595/1883/6 1591/1884/6 1593/1885/6
f 1593/1885/6 1591/1884/6 1590/1886/6
f 1588/1887/5 1594/1888/5 1589/1889/5
f 1589/1889/5 1594/1888/5 1592/1890/5
f 1596/1891/511 1597/1892/512 1598/1893/513
f 1596/1894/511 1599/1895/514 1597/1896/512
f 1597/1896/512 1599/1895/514 1600/1897/515
f 1599/1898/514 1596/1899/511 1601/1890/516
f 1597/1900/512 1600/1901/515 1598/1886/517
f 1600/1902/515 1601/1903/516 1598/1904/517
f 1598/1904/517 1601/1903/516 1596/1905/511
f 1600/1906/515 1599/1907/514 1601/1908/518
f 1602/1909/519 1603/1910/520 1604/1911/513
f 1602/1912/519 1605/1913/521 1603/1914/520
f 1603/1914/520 1605/1913/521 1606/1915/522
f 1605/1916/521 1602/1917/519 1607/1918/523
f 1603/1919/520 1606/1920/522 1604/1921/524
f 1606/1922/522 1607/1923/523 1604/1924/524
f 1604/1924/524 1607/1923/523 1602/1925/519
f 1606/1926/522 1605/1927/521 1607/1928/518
usemtl metal
f 1720/2179/558 1721/49/559 1722/2180/5
f 1724/51/6 1723/2181/560 1725/2182/561
f 1721/49/1 1724/50/1 1722/2183/1
f 1722/2183/1 1724/50/1 1725/2184/1
f 1726/2179/562 1727/49/563 1728/2180/6
f 1727/49/1 1729/50/1 1728/2183/1
f 1728/2183/1 1729/50/1 1730/2184/1
f 1729/51/5 1731/2181/564 1730/2182/565
f 1720/2185/558 1727/51/563 1721/2186/559
f 1721/2186/559 1727/51/563 1726/49/562
f 1721/2186/559 1726/49/562 1731/53/564
f 1720/2185/558 1723/2187/560 1727/51/563
f 1727/51/563 1723/2187/560 1729/54/566
f 1729/54/566 1723/2187/560 1724/2188/567
f 1729/54/566 1724/2188/567 1731/53/564
f 1731/53/564 1724/2188/567 1721/2186/559
f 1722/2185/568 1728/49/569 1720/2186/558
f 1720/2186/558 1728/49/569 1730/53/565
f 1720/2186/558 1730/53/565 1723/2188/560
f 1723/2188/560 1730/53/565 1725/2187/561
f 1725/2187/561 1730/53/565 1731/54/564
f 1725/2187/561 1731/54/564 1726/51/562
f 1728/49/569 1722/2185/568 1726/51/562
f 1726/51/562 1722/2185/568 1725/2187/561
f 2248/2413/798 2250/2414/799 2249/2415/800
f 2248/2416/798 2252/2417/801 2251/2418/802
f 2248/2416/798 2249/2419/800 2252/2417/801
f 2249/2420/800 2250/2421/799 2253/2422/803
f 2250/2421/799 2251/2418/802 2253/2422/803
f 2250/2421/799 2248/2416/798 2251/2418/802
f 2249/2420/800 2253/2422/803 2252/2423/801
f 2251/2424/802 2252/2425/801 2253/2426/803
f 2254/2427/804 2257/2428/805 2256/2429/806
f 2254/2427/804 2255/2430/807 2257/2428/805
f 2255/2431/807 2254/2432/804 2258/2433/808
f 2254/2434/804 2259/2435/809 2258/2436/808
f 2254/2434/804 2256/2437/806 2259/2435/809
f 2256/2437/806 2260/2438/810 2259/2435/809
f 2256/2437/806 2257/2439/805 2260/2438/810
f 2257/2439/805 2255/2431/807 2261/2440/811
f 2255/2431/807 2258/2433/808 2261/2440/811
f 2257/2439/805 2261/2440/811 2260/2438/810
f 2258/2441/808 2259/2442/809 2260/2443/810
f 2258/2441/808 2260/2443/810 2261/2444/811
f 2262/2445/812 2264/2446/813 2263/2447/814
f 2263/2448/814 2264/2449/813 2265/2450/815
f 2263/2448/814 2265/2450/815 2267/2451/816
f 2264/2452/813 2266/2453/817 2265/2454/815
f 2264/2452/813 2262/2455/812 2266/2453/817
f 2262/2455/812 2267/2451/816 2266/2453/817
f 2262/2455/812 2263/2448/814 2267/2451/816
f 2267/2456/816 2265/2457/815 2266/2458/817
usemtl 02_-_Default.001
f 1908/2236/670 1911/2237/671 1909/2238/672
f 1909/2238/672 1911/2237/671 1910/2239/673
f 1911/2240/671 1908/2241/670 1910/2242/673
f 1910/2242/673 1908/2241/670 1909/2243/672
f 1928/2244/674 1931/2245/675 1929/2246/676
f 1929/2246/676 1931/2245/675 1930/2247/678
f 1931/2248/675 1928/2249/674 1930/2250/678
f 1930/2250/678 1928/2249/674 1929/2251/676
f 1968/2252/674 1971/2253/699 1969/2254/700
f 1969/2254/700 1971/2253/699 1970/2255/701
f 1971/2256/699 1968/2257/674 1970/2258/701
f 1970/2258/701 1968/2257/674 1969/2259/700
f 1988/2260/674 1991/2261/699 1989/2262/700
f 1989/2262/700 1991/2261/699 1990/2263/701
f 1991/2264/699 1988/2265/674 1990/2266/701
f 1990/2266/701 1988/2265/674 1989/2267/700
f 2020/2271/20 2018/2396/719 2021/2273/720
f 2022/2389/5 2020/2275/5 2023/2390/5
f 2023/2390/5 2020/2275/5 2021/2276/5
f 2019/2397/721 2022/2392/722 2023/2393/19
f 2024/2277/5 2025/2278/5 2027/2279/5
f 2027/2279/5 2025/2278/5 2026/2280/5
f 2025/2281/19 2016/2282/723 2026/2283/724
f 2017/2349/725 2024/2285/726 2027/2287/20
f 2019/2288/721 2027/2289/727 2018/2290/719
f 2018/2290/719 2027/2289/727 2026/2291/724
f 2018/2290/719 2026/2291/724 2021/2292/720
f 2021/2292/720 2026/2291/724 2016/2293/723
f 2021/2292/720 2016/2293/723 2017/2294/725
f 2019/2288/721 2023/2295/728 2027/2289/727
f 2027/2289/727 2023/2295/728 2017/2294/725
f 2017/2294/725 2023/2295/728 2021/2292/720
f 2022/2296/722 2019/2297/721 2024/2298/726
f 2024/2298/726 2019/2297/721 2018/2299/719
f 2024/2298/726 2018/2299/719 2025/2300/729
f 2025/2300/729 2018/2299/719 2020/2301/730
f 2025/2300/729 2020/2301/730 2016/2302/723
f 2016/2302/723 2020/2301/730 2017/2303/725
f 2017/2303/725 2020/2301/730 2022/2296/722
f 2017/2303/725 2022/2296/722 2024/2298/726
f 2096/2304/753 2097/2305/754 2098/2306/24
f 2096/2304/753 2098/2306/24 2101/2307/755
f 2101/2307/755 2098/2306/24 2099/2308/24
f 2101/2307/755 2099/2308/24 2100/2309/756
f 2103/2310/757 2104/2311/758 2096/2283/753
f 2096/2283/753 2104/2311/758 2097/2312/754
f 2105/2313/6 2103/2314/6 2101/2315/6
f 2101/2315/6 2103/2314/6 2096/2316/6
f 2102/2317/759 2105/2318/760 2100/2286/756
f 2100/2286/756 2105/2318/760 2101/2287/755
f 2104/2317/758 2106/2319/761 2097/2286/754
f 2097/2286/754 2106/2319/761 2098/2320/762
f 2106/2321/5 2107/2322/5 2098/2323/5
f 2098/2323/5 2107/2322/5 2099/2324/5
f 2107/2325/763 2102/2311/759 2099/2326/764
f 2099/2326/764 2102/2311/759 2100/2312/756
f 2104/2398/758 2103/2328/757 2106/2329/30
f 2106/2329/30 2103/2328/757 2105/2330/760
f 2106/2329/30 2105/2330/760 2107/2331/30
f 2107/2331/30 2105/2330/760 2102/2332/759
f 2156/2406/776 2157/2407/777 2158/2408/6
f 2161/2333/20 2159/2334/778 2162/2335/779
f 2163/2409/780 2161/2337/781 2162/2339/5
f 2164/2343/5 2165/2344/5 2167/2345/5
f 2167/2345/5 2165/2344/5 2166/2346/5
f 2165/2347/19 2156/2282/782 2166/2348/724
f 2157/2410/20 2164/2350/20 2158/2411/20
f 2158/2411/20 2164/2350/20 2167/2351/20
f 2160/2352/783 2167/2353/784 2159/2354/778
f 2159/2354/778 2167/2353/784 2166/2355/724
f 2159/2354/778 2166/2355/724 2162/2356/779
f 2162/2356/779 2166/2355/724 2156/2357/782
f 2162/2356/779 2156/2357/782 2158/2358/785
f 2160/2352/783 2163/2359/780 2167/2353/784
f 2167/2353/784 2163/2359/780 2158/2358/785
f 2158/2358/785 2163/2359/780 2162/2356/779
f 2163/2360/780 2160/2361/783 2164/2362/786
f 2164/2362/786 2160/2361/783 2159/2363/778
f 2164/2362/786 2159/2363/778 2165/2364/729
f 2165/2364/729 2159/2363/778 2161/2365/781
f 2165/2364/729 2161/2365/781 2156/2366/776
f 2156/2366/776 2161/2365/781 2157/2367/777
f 2157/2367/777 2161/2365/781 2163/2360/780
f 2157/2367/777 2163/2360/780 2164/2362/786
f 2208/2368/674 2211/2369/699 2209/2370/676
f 2209/2370/676 2211/2369/699 2210/2371/706
f 2211/2372/699 2208/2373/674 2210/2374/706
f 2210/2374/706 2208/2373/674 2209/2375/676
f 2228/2376/674 2231/2377/699 2229/2378/676
f 2229/2378/676 2231/2377/699 2230/2379/706
f 2231/2380/699 2228/2381/674 2230/2382/706
f 2230/2382/706 2228/2381/674 2229/2383/676
usemtl 02_-_Default.002
f 1912/2236/674 1915/2237/675 1913/2238/676
f 1913/2238/676 1915/2237/675 1914/2239/677
f 1915/2240/675 1912/2241/674 1914/2242/677
f 1914/2242/677 1912/2241/674 1913/2243/676
f 1932/2244/674 1935/2245/675 1933/2246/676
f 1933/2246/676 1935/2245/675 1934/2247/678
f 1935/2248/675 1932/2249/674 1934/2250/678
f 1934/2250/678 1932/2249/674 1933/2251/676
f 1972/2252/702 1975/2253/703 1973/2254/700
f 1973/2254/700 1975/2253/703 1974/2255/701
f 1975/2256/703 1972/2257/702 1974/2258/701
f 1974/2258/701 1972/2257/702 1973/2259/700
f 1992/2260/674 1995/2261/675 1993/2262/676
f 1993/2262/676 1995/2261/675 1994/2263/707
f 1995/2264/675 1992/2265/674 1994/2266/707
f 1994/2266/707 1992/2265/674 1993/2267/676
f 2032/2271/20 2030/2396/731 2033/2273/720
f 2034/2389/5 2032/2275/5 2035/2390/5
f 2035/2390/5 2032/2275/5 2033/2276/5
f 2031/2391/721 2034/2392/722 2035/2393/31
f 2036/2277/5 2037/2278/5 2039/2279/5
f 2039/2279/5 2037/2278/5 2038/2280/5
f 2037/2281/19 2028/2282/723 2038/2283/724
f 2029/2349/725 2036/2285/726 2039/2287/20
f 2031/2288/721 2039/2289/727 2030/2290/731
f 2030/2290/731 2039/2289/727 2038/2291/724
f 2030/2290/731 2038/2291/724 2033/2292/720
f 2033/2292/720 2038/2291/724 2028/2293/723
f 2033/2292/720 2028/2293/723 2029/2294/725
f 2031/2288/721 2035/2295/728 2039/2289/727
f 2039/2289/727 2035/2295/728 2029/2294/725
f 2029/2294/725 2035/2295/728 2033/2292/720
f 2034/2296/722 2031/2297/721 2036/2298/726
f 2036/2298/726 2031/2297/721 2030/2299/731
f 2036/2298/726 2030/2299/731 2037/2300/729
f 2037/2300/729 2030/2299/731 2032/2301/730
f 2037/2300/729 2032/2301/730 2028/2302/723
f 2028/2302/723 2032/2301/730 2029/2303/725
f 2029/2303/725 2032/2301/730 2034/2296/722
f 2029/2303/725 2034/2296/722 2036/2298/726
f 2108/2304/753 2109/2399/765 2110/2306/24
f 2108/2304/753 2110/2306/24 2113/2307/766
f 2113/2307/766 2110/2306/24 2111/2308/24
f 2113/2307/766 2111/2308/24 2112/2309/767
f 2115/2310/757 2116/2311/768 2108/2283/753
f 2108/2283/753 2116/2311/768 2109/2312/765
f 2117/2313/6 2115/2314/6 2113/2315/6
f 2113/2315/6 2115/2314/6 2108/2316/6
f 2114/2317/769 2117/2318/760 2112/2286/767
f 2112/2286/767 2117/2318/760 2113/2287/766
f 2116/2317/768 2118/2319/761 2109/2286/765
f 2109/2286/765 2118/2319/761 2110/2320/762
f 2118/2321/5 2119/2322/5 2110/2323/5
f 2110/2323/5 2119/2322/5 2111/2324/5
f 2119/2325/763 2114/2311/769 2111/2326/764
f 2111/2326/764 2114/2311/769 2112/2312/767
f 2116/2398/768 2115/2328/757 2118/2329/30
f 2118/2329/30 2115/2328/757 2117/2330/760
f 2118/2329/30 2117/2330/760 2119/2331/30
f 2119/2331/30 2117/2330/760 2114/2332/769
f 2168/2406/787 2169/2407/777 2170/2408/6
f 2171/2400/6 2172/2412/788 2173/2402/789
f 2174/2333/790 2171/2403/790 2175/2335/790
f 2175/2335/790 2171/2403/790 2173/2404/790
f 2176/2409/780 2174/2337/791 2175/2339/5
f 2177/2343/5 2178/2405/792 2179/2345/793
f 2169/2410/20 2177/2350/20 2170/2411/20
f 2170/2411/20 2177/2350/20 2179/2351/20
f 2172/2352/788 2179/2353/793 2173/2354/789
f 2173/2354/789 2179/2353/793 2178/2355/792
f 2173/2354/789 2178/2355/792 2175/2356/794
f 2175/2356/794 2178/2355/792 2168/2357/787
f 2175/2356/794 2168/2357/787 2170/2358/785
f 2172/2352/788 2176/2359/780 2179/2353/793
f 2179/2353/793 2176/2359/780 2170/2358/785
f 2170/2358/785 2176/2359/780 2175/2356/794
f 2176/2360/780 2172/2361/788 2177/2362/795
f 2177/2362/795 2172/2361/788 2171/2363/796
f 2177/2362/795 2171/2363/796 2178/2364/792
f 2178/2364/792 2171/2363/796 2174/2365/791
f 2178/2364/792 2174/2365/791 2168/2366/787
f 2168/2366/787 2174/2365/791 2169/2367/777
f 2169/2367/777 2174/2365/791 2176/2360/780
f 2169/2367/777 2176/2360/780 2177/2362/795
f 2212/2368/674 2215/2369/797 2213/2370/676
f 2213/2370/676 2215/2369/797 2214/2371/706
f 2215/2372/797 2212/2373/674 2214/2374/706
f 2214/2374/706 2212/2373/674 2213/2375/676
f 2232/2376/702 2235/2377/703 2233/2378/700
f 2233/2378/700 2235/2377/703 2234/2379/706
f 2235/2380/703 2232/2381/702 2234/2382/706
f 2234/2382/706 2232/2381/702 2233/2383/700
usemtl 02_-_Default.003
f 1916/2236/674 1919/2237/675 1917/2238/676
f 1917/2238/676 1919/2237/675 1918/2239/677
f 1919/2240/675 1916/2241/674 1918/2242/677
f 1918/2242/677 1916/2241/674 1917/2243/676
f 1936/2244/674 1939/2245/675 1937/2246/676
f 1937/2246/676 1939/2245/675 1938/2247/678
f 1939/2248/675 1936/2249/674 1938/2250/678
f 1938/2250/678 1936/2249/674 1937/2251/676
f 1976/2252/679 1979/2253/680 1977/2254/704
f 1977/2254/704 1979/2253/680 1978/2255/682
f 1979/2256/680 1976/2257/679 1978/2258/682
f 1978/2258/682 1976/2257/679 1977/2259/704
f 1996/2260/674 1999/2261/675 1997/2262/676
f 1997/2262/676 1999/2261/675 1998/2263/677
f 1999/2264/675 1996/2265/674 1998/2266/677
f 1998/2266/677 1996/2265/674 1997/2267/676
f 2044/2271/20 2042/2396/719 2045/2273/720
f 2046/2389/5 2044/2275/5 2047/2390/5
f 2047/2390/5 2044/2275/5 2045/2276/5
f 2043/2391/721 2046/2392/722 2047/2393/31
f 2048/2277/5 2049/2278/5 2051/2279/5
f 2051/2279/5 2049/2278/5 2050/2280/5
f 2049/2281/19 2040/2282/723 2050/2283/724
f 2041/2349/725 2048/2285/726 2051/2287/20
f 2043/2288/721 2051/2289/727 2042/2290/719
f 2042/2290/719 2051/2289/727 2050/2291/724
f 2042/2290/719 2050/2291/724 2045/2292/720
f 2045/2292/720 2050/2291/724 2040/2293/723
f 2045/2292/720 2040/2293/723 2041/2294/725
f 2043/2288/721 2047/2295/728 2051/2289/727
f 2051/2289/727 2047/2295/728 2041/2294/725
f 2041/2294/725 2047/2295/728 2045/2292/720
f 2046/2296/722 2043/2297/721 2048/2298/726
f 2048/2298/726 2043/2297/721 2042/2299/719
f 2048/2298/726 2042/2299/719 2049/2300/729
f 2049/2300/729 2042/2299/719 2044/2301/730
f 2049/2300/729 2044/2301/730 2040/2302/723
f 2040/2302/723 2044/2301/730 2041/2303/725
f 2041/2303/725 2044/2301/730 2046/2296/722
f 2041/2303/725 2046/2296/722 2048/2298/726
f 2120/2304/753 2121/2399/765 2122/2306/24
f 2120/2304/753 2122/2306/24 2125/2307/766
f 2125/2307/766 2122/2306/24 2123/2308/24
f 2125/2307/766 2123/2308/24 2124/2309/767
f 2127/2310/757 2128/2311/768 2120/2283/753
f 2120/2283/753 2128/2311/768 2121/2312/765
f 2129/2313/6 2127/2314/6 2125/2315/6
f 2125/2315/6 2127/2314/6 2120/2316/6
f 2126/2317/769 2129/2318/760 2124/2286/767
f 2124/2286/767 2129/2318/760 2125/2287/766
f 2128/2317/768 2130/2319/761 2121/2286/765
f 2121/2286/765 2130/2319/761 2122/2320/762
f 2130/2321/5 2131/2322/5 2122/2323/5
f 2122/2323/5 2131/2322/5 2123/2324/5
f 2131/2325/763 2126/2311/769 2123/2326/764
f 2123/2326/764 2126/2311/769 2124/2312/767
f 2128/2398/768 2127/2328/757 2130/2329/30
f 2130/2329/30 2127/2328/757 2129/2330/760
f 2130/2329/30 2129/2330/760 2131/2331/30
f 2131/2331/30 2129/2330/760 2126/2332/769
f 2180/2406/787 2181/2407/777 2182/2408/6
f 2183/2400/6 2184/2412/788 2185/2402/789
f 2186/2333/790 2183/2403/790 2187/2335/790
f 2187/2335/790 2183/2403/790 2185/2404/790
f 2188/2409/780 2186/2337/791 2187/2339/5
f 2189/2343/5 2190/2405/792 2191/2345/793
f 2181/2410/20 2189/2350/20 2182/2411/20
f 2182/2411/20 2189/2350/20 2191/2351/20
f 2184/2352/788 2191/2353/793 2185/2354/789
f 2185/2354/789 2191/2353/793 2190/2355/792
f 2185/2354/789 2190/2355/792 2187/2356/794
f 2187/2356/794 2190/2355/792 2180/2357/787
f 2187/2356/794 2180/2357/787 2182/2358/785
f 2184/2352/788 2188/2359/780 2191/2353/793
f 2191/2353/793 2188/2359/780 2182/2358/785
f 2182/2358/785 2188/2359/780 2187/2356/794
f 2188/2360/780 2184/2361/788 2189/2362/795
f 2189/2362/795 2184/2361/788 2183/2363/796
f 2189/2362/795 2183/2363/796 2190/2364/792
f 2190/2364/792 2183/2363/796 2186/2365/791
f 2190/2364/792 2186/2365/791 2180/2366/787
f 2180/2366/787 2186/2365/791 2181/2367/777
f 2181/2367/777 2186/2365/791 2188/2360/780
f 2181/2367/777 2188/2360/780 2189/2362/795
f 2216/2368/679 2219/2369/680 2217/2370/704
f 2217/2370/704 2219/2369/680 2218/2371/682
f 2219/2372/680 2216/2373/679 2218/2374/682
f 2218/2374/682 2216/2373/679 2217/2375/704
f 2236/2376/679 2239/2377/680 2237/2378/704
f 2237/2378/704 2239/2377/680 2238/2379/682
f 2239/2380/680 2236/2381/679 2238/2382/682
f 2238/2382/682 2236/2381/679 2237/2383/704
usemtl 02_-_Default.004
f 1920/2236/674 1923/2237/675 1921/2238/676
f 1921/2238/676 1923/2237/675 1922/2239/678
f 1923/2240/675 1920/2241/674 1922/2242/678
f 1922/2242/678 1920/2241/674 1921/2243/676
f 1940/2244/679 1943/2245/680 1941/2246/681
f 1941/2246/681 1943/2245/680 1942/2247/682
f 1943/2248/680 1940/2249/679 1942/2250/682
f 1942/2250/682 1940/2249/679 1941/2251/681
f 1980/2252/702 1983/2253/705 1981/2254/676
f 1981/2254/676 1983/2253/705 1982/2255/706
f 1983/2256/705 1980/2257/702 1982/2258/706
f 1982/2258/706 1980/2257/702 1981/2259/676
f 2000/2260/708 2003/2261/680 2001/2262/681
f 2001/2262/681 2003/2261/680 2002/2263/682
f 2003/2264/680 2000/2265/708 2002/2266/682
f 2002/2266/682 2000/2265/708 2001/2267/681
f 2056/2271/20 2054/2396/719 2057/2273/720
f 2058/2389/5 2056/2275/5 2059/2390/5
f 2059/2390/5 2056/2275/5 2057/2276/5
f 2055/2397/721 2058/2392/722 2059/2393/19
f 2060/2277/5 2061/2278/5 2063/2279/5
f 2063/2279/5 2061/2278/5 2062/2280/5
f 2061/2281/19 2052/2282/723 2062/2283/724
f 2053/2349/725 2060/2285/726 2063/2287/20
f 2055/2288/721 2063/2289/727 2054/2290/719
f 2054/2290/719 2063/2289/727 2062/2291/724
f 2054/2290/719 2062/2291/724 2057/2292/720
f 2057/2292/720 2062/2291/724 2052/2293/723
f 2057/2292/720 2052/2293/723 2053/2294/725
f 2055/2288/721 2059/2295/728 2063/2289/727
f 2063/2289/727 2059/2295/728 2053/2294/725
f 2053/2294/725 2059/2295/728 2057/2292/720
f 2058/2296/722 2055/2297/721 2060/2298/726
f 2060/2298/726 2055/2297/721 2054/2299/719
f 2060/2298/726 2054/2299/719 2061/2300/729
f 2061/2300/729 2054/2299/719 2056/2301/730
f 2061/2300/729 2056/2301/730 2052/2302/723
f 2052/2302/723 2056/2301/730 2053/2303/725
f 2053/2303/725 2056/2301/730 2058/2296/722
f 2053/2303/725 2058/2296/722 2060/2298/726
f 2132/2304/753 2133/2305/770 2134/2306/24
f 2132/2304/753 2134/2306/24 2137/2307/755
f 2137/2307/755 2134/2306/24 2135/2308/24
f 2137/2307/755 2135/2308/24 2136/2309/771
f 2139/2310/757 2140/2311/758 2132/2283/753
f 2132/2283/753 2140/2311/758 2133/2312/770
f 2141/2313/6 2139/2314/6 2137/2315/6
f 2137/2315/6 2139/2314/6 2132/2316/6
f 2138/2317/772 2141/2318/760 2136/2286/771
f 2136/2286/771 2141/2318/760 2137/2287/755
f 2140/2317/758 2142/2319/761 2133/2286/770
f 2133/2286/770 2142/2319/761 2134/2320/762
f 2142/2321/5 2143/2322/5 2134/2323/5
f 2134/2323/5 2143/2322/5 2135/2324/5
f 2143/2325/763 2138/2311/772 2135/2326/764
f 2135/2326/764 2138/2311/772 2136/2312/771
f 2140/2327/758 2139/2328/757 2142/2329/30
f 2142/2329/30 2139/2328/757 2141/2330/760
f 2142/2329/30 2141/2330/760 2143/2331/30
f 2143/2331/30 2141/2330/760 2138/2332/772
f 2192/2406/776 2193/2407/777 2194/2408/6
f 2197/2333/20 2195/2334/778 2198/2335/779
f 2199/2409/780 2197/2337/781 2198/2339/5
f 2200/2343/5 2201/2344/5 2203/2345/5
f 2203/2345/5 2201/2344/5 2202/2346/5
f 2201/2347/19 2192/2282/782 2202/2348/724
f 2193/2410/20 2200/2350/20 2194/2411/20
f 2194/2411/20 2200/2350/20 2203/2351/20
f 2196/2352/783 2203/2353/784 2195/2354/778
f 2195/2354/778 2203/2353/784 2202/2355/724
f 2195/2354/778 2202/2355/724 2198/2356/779
f 2198/2356/779 2202/2355/724 2192/2357/782
f 2198/2356/779 2192/2357/782 2194/2358/785
f 2196/2352/783 2199/2359/780 2203/2353/784
f 2203/2353/784 2199/2359/780 2194/2358/785
f 2194/2358/785 2199/2359/780 2198/2356/779
f 2199/2360/780 2196/2361/783 2200/2362/786
f 2200/2362/786 2196/2361/783 2195/2363/778
f 2200/2362/786 2195/2363/778 2201/2364/729
f 2201/2364/729 2195/2363/778 2197/2365/781
f 2201/2364/729 2197/2365/781 2192/2366/776
f 2192/2366/776 2197/2365/781 2193/2367/777
f 2193/2367/777 2197/2365/781 2199/2360/780
f 2193/2367/777 2199/2360/780 2200/2362/786
f 2220/2368/702 2223/2369/705 2221/2370/700
f 2221/2370/700 2223/2369/705 2222/2371/701
f 2223/2372/705 2220/2373/702 2222/2374/701
f 2222/2374/701 2220/2373/702 2221/2375/700
f 2240/2376/702 2243/2377/703 2241/2378/700
f 2241/2378/700 2243/2377/703 2242/2379/701
f 2243/2380/703 2240/2381/702 2242/2382/701
f 2242/2382/701 2240/2381/702 2241/2383/700
usemtl glass.001
f 1948/49/683 1951/487/684 1949/51/685
f 1949/51/685 1951/487/684 1950/485/686
f 1951/485/684 1948/51/683 1950/487/686
f 1950/487/686 1948/51/683 1949/49/685
f 2068/49/736 2071/487/737 2069/51/738
f 2069/51/738 2071/487/737 2070/485/739
f 2071/485/737 2068/51/736 2070/487/739
f 2070/487/739 2068/51/736 2069/49/738
usemtl glass.002
f 1952/49/687 1955/487/688 1953/51/689
f 1953/51/689 1955/487/688 1954/485/690
f 1955/485/688 1952/51/687 1954/487/690
f 1954/487/690 1952/51/687 1953/49/689
f 2072/49/740 2075/487/741 2073/51/742
f 2073/51/742 2075/487/741 2074/485/743
f 2075/485/741 2072/51/740 2074/487/743
f 2074/487/743 2072/51/740 2073/49/742
usemtl glass.003
f 1956/49/691 1959/487/692 1957/51/693
f 1957/51/693 1959/487/692 1958/485/694
f 1959/485/692 1956/51/691 1958/487/694
f 1958/487/694 1956/51/691 1957/49/693
f 2076/49/744 2079/487/745 2077/51/746
f 2077/51/746 2079/487/745 2078/485/747
f 2079/485/745 2076/51/744 2078/487/747
f 2078/487/747 2076/51/744 2077/49/746
usemtl glass.004
f 1960/49/695 1963/487/696 1961/51/697
f 1961/51/697 1963/487/696 1962/485/698
f 1963/485/696 1960/51/695 1962/487/698
f 1962/487/698 1960/51/695 1961/49/697
f 2080/49/748 2083/487/749 2081/51/750
f 2081/51/750 2083/487/749 2082/485/751
f 2083/485/749 2080/51/748 2082/487/751
f 2082/487/751 2080/51/748 2081/49/750
