# Blender 4.3.2
# www.blender.org
mtllib casarosa_optim.mtl
o 3dSolid.001
v 4.403969 5.841258 -6.900185
v 4.614104 5.841258 -6.898612
v 4.584971 5.686047 -6.898830
v 4.540342 5.671017 -6.899164
v 4.471598 5.548416 -6.899679
v 4.457143 5.377715 -6.899786
v 4.403969 5.377715 -6.900185
v 4.468165 5.665973 3.404733
v 4.520815 5.710068 3.405127
v 4.537037 5.841259 3.405246
v 4.326902 5.841259 3.403676
v 4.326902 5.377717 3.403676
v 4.409266 5.560454 3.404289
v 4.380076 5.377717 3.404073
v -4.681521 5.415924 -6.973355
v -4.891656 5.415924 -6.974927
v -4.862522 5.571137 -6.974711
v -4.817894 5.586165 -6.974376
v -4.749148 5.708771 -6.973864
v -4.734695 5.879467 -6.973753
v -4.681521 5.879467 -6.973355
v -4.899851 5.591212 3.329447
v -4.952501 5.547114 3.329054
v -4.968723 5.415926 3.328931
v -4.758587 5.415926 3.330503
v -4.758587 5.879467 3.330503
v -4.840946 5.696738 3.329885
v -4.811761 5.879467 3.330105
v -4.801969 4.314398 -1.067318
v -4.579798 4.289585 -0.978558
v -4.586294 4.189493 -0.910668
v -4.748153 4.291434 -1.000608
v -4.713751 4.207093 -0.955605
v -4.670969 4.183156 -0.903061
v -4.589209 4.120982 -0.879354
v -4.662515 4.128870 -0.893544
v -4.570639 4.467816 -1.075387
v -4.574152 4.311621 -1.038409
v -4.833996 4.467816 -1.100259
v -4.993533 4.317785 0.889373
v -4.922757 4.291798 0.833202
v -4.880531 4.206797 0.797313
v -4.830041 4.184813 0.757148
v -4.814809 4.122981 0.742546
v -5.024769 4.467816 0.919789
v -4.759291 4.335338 0.922527
v -4.752784 4.290197 0.853494
v -4.750077 4.225671 0.824971
v -4.743005 4.140739 0.753287
v -4.761412 4.467816 0.944660
v -4.821704 4.314317 -5.069241
v -4.599304 4.294147 -4.982583
v -4.765836 4.289390 -4.995621
v -4.606096 4.188695 -4.911304
v -4.733635 4.208974 -4.961602
v -4.690712 4.183154 -4.904597
v -4.608951 4.120981 -4.880890
v -4.682257 4.128870 -4.895080
v -4.590382 4.467814 -5.076922
v -4.593700 4.314273 -5.041705
v -4.853739 4.467814 -5.101794
v -5.013274 4.317753 -3.112175
v -4.941421 4.291955 -3.168193
v -4.905350 4.211727 -3.198746
v -4.849784 4.184812 -3.244387
v -4.834552 4.122980 -3.258989
v -5.044512 4.467816 -3.081747
v -4.779029 4.335340 -3.079007
v -4.772530 4.290196 -3.148041
v -4.770052 4.229409 -3.174125
v -4.762748 4.140317 -3.248374
v -4.781155 4.467816 -3.056875
v -4.403097 4.415190 3.077507
v -4.405760 4.414165 3.304454
v -4.345163 4.396063 3.077517
v -4.342486 4.391302 3.244538
v -4.272251 4.288501 3.077475
v -4.312866 4.311746 3.209617
v -4.258708 4.284735 3.160728
v -4.250358 4.226616 3.077439
v -4.252585 4.230615 3.150298
v -4.439926 4.569726 3.077504
v -4.426852 4.496491 3.077482
v -4.435727 4.499896 3.333289
v -4.439926 4.569726 3.342033
v -2.446384 4.417518 3.309242
v -2.505929 4.394624 3.250841
v -2.542843 4.310720 3.210133
v -2.592141 4.285914 3.162559
v -2.605346 4.228414 3.149710
v -2.410877 4.569726 3.342033
v -2.423382 4.499815 3.335184
v -2.428661 4.459589 3.077282
v -2.501065 4.394972 3.077491
v -2.533997 4.324242 3.077507
v -2.603186 4.243265 3.077228
v -2.410877 4.569726 3.077504
v -4.376340 2.064359 3.277908
v -4.308786 2.017833 3.207434
v -4.297037 1.996788 3.077479
v -4.282639 1.925782 3.077527
v -4.284584 1.929618 3.187494
v -4.377844 2.090903 3.077676
v -4.373124 2.110860 3.274658
v -2.548087 2.012870 3.207469
v -2.566611 1.928688 3.187290
v -2.473030 2.082453 3.284292
v -2.470936 2.103433 3.078484
v -2.548470 1.998507 3.077506
v -2.566281 1.927914 3.077534
v 2.089829 4.416306 3.307049
v 2.157305 4.391494 3.077528
v 2.154457 4.393128 3.247330
v 2.225616 4.291305 3.077604
v 2.188842 4.310310 3.208495
v 2.241038 4.285069 3.161188
v 2.256955 4.222890 3.077559
v 2.249719 4.230779 3.151875
v 2.060043 4.569726 3.077504
v 2.097189 4.413528 3.077521
v 2.060043 4.569726 3.342033
v 4.055860 4.419693 3.313793
v 3.993284 4.393707 3.248613
v 3.958524 4.313405 3.213947
v 3.908853 4.286726 3.163461
v 3.892881 4.224889 3.149668
v 4.089079 4.569726 3.342033
v 4.066845 4.437245 3.077472
v 3.997507 4.392106 3.077489
v 3.962009 4.316224 3.077534
v 3.897372 4.244289 3.077193
v 4.089079 4.569726 3.077504
v 2.123698 2.064349 3.277905
v 2.191243 2.017826 3.207438
v 2.202983 1.996786 3.077479
v 2.217379 1.925783 3.077527
v 2.215434 1.929618 3.187494
v 2.122186 2.090913 3.077680
v 2.126871 2.110732 3.275714
v 3.951902 2.012824 3.207448
v 3.933420 1.928688 3.187290
v 4.027515 2.081481 3.284066
v 4.034611 2.103434 3.078246
v 3.951086 1.997784 3.077519
v 3.933750 1.927914 3.077534
v 1.066878 4.037298 3.077469
v 1.053581 4.017520 3.309225
v 0.997514 3.992106 3.077487
v 0.993282 3.993706 3.248613
v 0.957862 3.912391 3.213318
v 0.968631 3.926929 3.077472
v 0.908938 3.886893 3.163576
v 0.896843 3.842747 3.077076
v 0.892830 3.824770 3.149558
v 1.089076 4.169725 3.077504
v 1.089076 4.169725 3.342033
v 1.073758 4.092421 3.331607
v -1.311182 3.911030 3.209635
v -1.307279 3.909295 3.077507
v -1.345547 3.993127 3.247331
v -1.342698 3.991493 3.077522
v -1.404947 4.013903 3.304167
v -1.400205 4.012146 3.077561
v -1.258285 3.884490 3.077505
v -1.258963 3.885071 3.161190
v -1.250390 3.826614 3.077439
v -1.252842 3.831294 3.152274
v -1.443840 4.153020 3.077504
v -1.439960 4.169725 3.342033
v -1.432581 4.098958 3.329375
v 4.364424 5.884804 3.249851
v 4.364424 5.884804 3.459985
v 4.364426 5.729595 3.430852
v 4.364425 5.714563 3.386225
v 4.364426 5.591956 3.317477
v 4.364424 5.421261 3.303025
v 4.364424 5.421261 3.249851
v -4.725250 5.709519 3.391116
v -4.725252 5.753619 3.443764
v -4.725249 5.884804 3.459985
v -4.725249 5.884804 3.249851
v -4.725249 5.421261 3.249851
v -4.725248 5.603992 3.332209
v -4.725249 5.421261 3.303025
v -4.725243 5.421259 -6.982350
v -4.725243 5.421259 -7.192486
v -4.725245 5.576472 -7.163354
v -4.725244 5.591502 -7.118725
v -4.725245 5.712856 -7.050171
v -4.725243 5.884802 -7.035524
v -4.725243 5.884802 -6.982350
v 4.364432 5.552443 -7.176264
v 4.364430 5.421259 -7.192484
v 4.364430 5.421259 -6.982347
v 4.364430 5.884802 -6.982348
v 4.364430 5.705922 -7.048568
v 4.364433 5.606739 -7.121973
v 4.364430 5.884802 -7.035522
v 0.376363 3.409724 2.725015
v 0.377081 1.119724 2.725734
v 0.462074 3.409724 2.725750
v 0.464581 3.409724 2.677516
v 0.374577 3.409724 2.677516
v 0.462789 1.119724 2.725035
v 0.374577 1.119724 2.677516
v 0.464581 1.119724 2.677516
v -4.601450 0.819318 3.064033
v -4.201463 0.819318 3.064033
v -4.201463 5.119724 3.064033
v -4.601450 5.119724 3.064033
v -4.201463 0.819314 -6.893726
v -4.601450 0.819314 -6.893726
v -4.601450 5.119721 -6.893727
v -4.201463 5.119721 -6.893727
v -4.250971 0.819318 3.064033
v -3.850984 0.819318 3.064033
v -3.850984 5.119724 3.064033
v -4.250971 5.119724 3.064033
v -3.850984 0.819314 -6.893726
v -4.250971 0.819314 -6.893726
v -4.250971 5.119721 -6.893727
v -3.850984 5.119721 -6.893727
v -0.675442 0.819725 -6.322468
v -2.925451 0.819725 -6.322468
v -2.925451 0.819722 -6.722468
v -0.675442 0.819722 -6.722468
v -2.925451 5.119725 -6.722468
v -0.675442 5.119725 -6.722468
v -0.675442 5.119725 -6.322468
v -2.925451 5.119725 -6.322468
v 0.324559 0.819712 -6.722468
v 2.574555 0.819712 -6.722468
v 2.574555 0.819715 -6.322468
v 0.324559 0.819715 -6.322468
v 2.574555 5.119721 -6.322468
v 0.324559 5.119721 -6.322468
v 0.324559 5.119721 -6.722468
v 2.574555 5.119721 -6.722468
v 4.308504 5.479403 2.677541
v 4.308504 5.179403 2.677541
v 4.308504 5.179401 -6.322455
v 4.308504 5.479403 -6.322455
v -4.482776 5.479403 2.677541
v -4.482776 5.179403 2.677541
v -4.482776 5.479403 -6.322455
v -4.482776 5.179401 -6.322455
v 3.915205 0.819318 3.064033
v 4.315192 0.819318 3.064033
v 4.315192 5.119724 3.064033
v 3.915205 5.119724 3.064033
v 4.315192 0.819314 -6.893726
v 3.915205 0.819314 -6.893726
v 3.915205 5.119721 -6.893727
v 4.315192 5.119721 -6.893727
v 3.564725 0.819318 3.064033
v 3.964712 0.819318 3.064033
v 3.964712 5.119724 3.064033
v 3.564725 5.119724 3.064033
v 3.964712 0.819314 -6.893726
v 3.564725 0.819314 -6.893726
v 3.564725 5.119721 -6.893727
v 3.964712 5.119721 -6.893727
v 0.574577 0.819725 2.677541
v 2.574579 0.819725 2.677541
v 2.574579 0.819725 3.077529
v 0.574577 0.819725 3.077529
v 2.574579 5.119725 3.077528
v 0.574577 5.119725 3.077528
v 0.574577 5.119725 2.677541
v 2.574579 5.119725 2.677541
v -0.925412 0.819725 3.077529
v -2.925414 0.819725 3.077529
v -2.925414 0.819725 2.677541
v -0.925412 0.819725 2.677541
v -2.925414 5.119725 2.677541
v -0.925412 5.119725 2.677541
v -0.925412 5.119725 3.077528
v -2.925414 5.119725 3.077528
v -3.925452 0.819724 3.077529
v -3.925452 0.819724 2.677541
v -2.925451 0.819724 2.677541
v -2.925451 0.819724 3.077529
v -2.925451 2.119724 2.677541
v -2.925451 2.119724 3.077528
v -3.925452 2.119724 3.077528
v -3.925452 2.119724 2.677541
v 3.574568 0.819724 3.077529
v 2.574567 0.819724 3.077529
v 2.574567 0.819724 2.677541
v 3.574568 0.819724 2.677541
v 3.574568 2.119724 2.677541
v 3.574568 2.119724 3.077528
v 2.574567 2.119724 3.077528
v 2.574567 2.119724 2.677541
v -4.643920 1.517816 -0.565495
v -4.640605 1.517816 -0.866517
v -4.590821 1.517816 -0.861815
v -4.791040 1.517816 0.726397
v -4.737942 1.517816 0.430076
v -4.741256 1.517816 0.731098
v -4.791040 4.117818 0.726397
v -4.741256 4.117818 0.731098
v -4.762834 3.817816 0.427726
v -4.713049 3.817816 0.432427
v -4.668812 3.817816 -0.567845
v -4.619027 3.817816 -0.563144
v -4.640605 4.117818 -0.866517
v -4.590821 4.117818 -0.861815
v 3.574568 0.819721 -6.722468
v 3.574568 0.819724 -6.322468
v 2.574567 0.819724 -6.322468
v 2.574567 0.819721 -6.722468
v 2.574567 2.119724 -6.322468
v 2.574567 2.119724 -6.722468
v 3.574568 2.119724 -6.722468
v 3.574568 2.119724 -6.322468
v -2.925451 0.819721 -6.722468
v -2.925451 0.819724 -6.322468
v -3.925452 0.819724 -6.322468
v -3.925452 0.819721 -6.722468
v -3.925452 2.119724 -6.322468
v -3.925452 2.119724 -6.722468
v -2.925451 2.119724 -6.722468
v -2.925451 2.119724 -6.322468
v -4.663662 1.517816 -4.567030
v -4.660348 1.517816 -4.868052
v -4.610564 1.517816 -4.863350
v -4.810783 1.517816 -3.275138
v -4.757685 1.517816 -3.571458
v -4.760999 1.517816 -3.270437
v -4.810782 4.117816 -3.275138
v -4.760998 4.117816 -3.270437
v -4.782577 3.817816 -3.573809
v -4.732792 3.817816 -3.569108
v -4.688555 3.817816 -4.569383
v -4.638770 3.817816 -4.564681
v -4.660348 4.117816 -4.868052
v -4.610563 4.117816 -4.863350
v -2.925451 5.119726 2.677541
v -2.925451 5.119726 3.077528
v -2.925451 3.919726 3.077529
v -2.925451 3.919726 2.677541
v -3.925452 5.119726 3.077528
v -3.925452 3.919726 3.077529
v -3.925452 5.119726 2.677541
v -3.925452 3.919726 2.677541
v 3.574568 5.119726 2.677541
v 3.574568 5.119726 3.077528
v 3.574568 3.919726 3.077529
v 3.574568 3.919726 2.677541
v 2.574567 5.119726 3.077528
v 2.574567 3.919726 3.077529
v 2.574567 5.119726 2.677541
v 2.574567 3.919726 2.677541
v -4.717989 1.351111 -6.690102
v -4.718614 1.661110 -6.689409
v -4.661171 1.661226 -6.689428
v -4.660547 1.351227 -6.690121
v -4.715296 1.640040 2.754599
v -4.657854 1.640156 2.754579
v -4.714672 1.330042 2.753907
v -4.657230 1.330158 2.753887
v -3.925452 5.119726 -6.322468
v -3.925452 5.119726 -6.722468
v -3.925452 3.919724 -6.722468
v -3.925452 3.919724 -6.322468
v -2.925451 5.119726 -6.722468
v -2.925451 3.919724 -6.722468
v -2.925451 5.119726 -6.322468
v -2.925451 3.919724 -6.322468
v -2.625438 4.219724 3.127522
v -2.625438 2.119724 3.127522
v -2.625438 2.119724 3.077516
v -2.625438 4.219724 3.077516
v -2.925451 2.119724 3.102519
v -2.925451 3.919724 3.127522
v -2.925451 3.919724 3.077516
v -3.925452 3.919724 3.127522
v -3.925452 3.919724 3.077516
v -3.925452 2.119724 3.102519
v -4.225452 2.119724 3.127522
v -4.225452 2.119724 3.077516
v -4.225452 4.219724 3.127522
v -4.225452 4.219724 3.077516
v 4.403969 5.841258 -6.900185
v 4.614104 5.841258 -6.898612
v 4.603644 5.767871 -6.898690
v 4.594517 5.707824 -6.898758
v 4.568114 5.674529 -6.898955
v 4.538762 5.665130 -6.899176
v 4.522914 5.621097 -6.899295
v 4.509628 5.581146 -6.899395
v 4.468147 5.549450 -6.899704
v 4.460135 5.502549 -6.899764
v 4.457143 5.377715 -6.899786
v 4.403969 5.377715 -6.900185
v 4.448837 5.621099 3.404588
v 4.471593 5.666081 3.404758
v 4.517449 5.707139 3.405101
v 4.529566 5.767873 3.405191
v 4.537037 5.841259 3.405246
v 4.326902 5.841259 3.403676
v 4.326902 5.377717 3.403676
v 4.391358 5.549373 3.404157
v 4.432845 5.581673 3.404467
v 4.380076 5.377717 3.404073
v 4.386060 5.502551 3.404116
v 3.874568 4.219724 3.127522
v 3.874568 2.119724 3.127522
v 3.874568 2.119724 3.077516
v 3.874568 4.219724 3.077516
v 3.574568 2.119724 3.102519
v 3.574568 3.919724 3.127522
v 3.574568 3.919724 3.077516
v 2.574567 3.919724 3.127522
v 2.574567 3.919724 3.077516
v 2.574567 2.119724 3.102519
v 2.274567 2.119724 3.127522
v 2.274567 2.119724 3.077516
v 2.274567 4.219724 3.127522
v 2.274567 4.219724 3.077516
v -3.915431 2.129725 3.127535
v -2.928779 2.126392 3.127535
v -2.935435 2.129725 2.677541
v -3.922112 2.126392 2.677541
v -3.915431 3.909724 3.127535
v -3.918771 3.916391 2.677541
v -2.932107 3.916391 3.127535
v -2.935435 3.909724 2.677541
v -3.925452 2.119725 3.127535
v -2.925451 2.119725 2.677541
v -3.925452 3.919724 3.127535
v -2.925451 3.919724 2.677541
v 3.574568 5.119726 -6.722468
v 3.574568 5.119726 -6.322468
v 3.574568 3.919724 -6.322468
v 3.574568 3.919724 -6.722468
v 2.574567 5.119726 -6.722468
v 2.574567 3.919724 -6.722468
v 2.574567 5.119726 -6.322468
v 2.574567 3.919724 -6.322468
v -2.932107 2.123058 -6.772475
v -3.922112 2.126391 -6.772475
v -3.915431 2.129725 -6.322468
v -2.935435 2.129725 -6.322468
v -3.915431 3.909724 -6.772475
v -3.922112 3.913057 -6.322468
v -2.928779 3.913057 -6.772476
v -2.935435 3.909724 -6.322468
v -2.925451 2.119725 -6.322468
v -3.925452 2.119725 -6.322468
v -3.925452 3.919724 -6.772475
v -2.925451 3.919724 -6.322468
v 2.584576 2.129725 3.127535
v 3.571236 2.126392 3.127535
v 3.564571 2.129725 2.677541
v 2.577904 2.126392 2.677541
v 2.577904 3.913058 3.127535
v 2.584576 3.909724 2.677541
v 3.567903 3.916391 3.127535
v 3.564571 3.909724 2.677541
v 2.574567 2.119725 3.127535
v 3.574568 2.119725 2.677541
v 2.574567 3.919724 2.677541
v 3.574568 3.919724 2.677541
v 3.567903 2.123058 -6.772475
v 2.584576 2.129725 -6.772475
v 2.581240 2.123058 -6.322468
v 3.564571 2.129725 -6.322468
v 2.581240 3.916390 -6.772476
v 2.584576 3.909724 -6.322468
v 3.571236 3.913057 -6.772476
v 3.564571 3.909724 -6.322468
v 2.574567 2.119725 -6.772475
v 3.574568 2.119725 -6.322468
v 2.574567 3.919724 -6.322468
v 3.574568 3.919724 -6.322468
v 0.324559 0.819721 -6.722468
v 0.324559 0.819724 -6.322468
v -0.675442 0.819724 -6.322468
v -0.675442 0.819721 -6.722468
v -0.675442 2.119724 -6.322468
v -0.675442 2.119724 -6.722468
v 0.324559 2.119724 -6.722468
v 0.324559 2.119724 -6.322468
v 0.324559 5.119726 -6.722468
v 0.324559 5.119726 -6.322468
v 0.324559 3.919724 -6.322468
v 0.324559 3.919724 -6.722468
v -0.675442 5.119726 -6.722468
v -0.675442 3.919724 -6.722468
v -0.675442 5.119726 -6.322468
v -0.675442 3.919724 -6.322468
v 0.314562 2.129725 -6.772475
v -0.672106 2.126391 -6.772475
v -0.665434 2.129725 -6.322468
v 0.321227 2.126391 -6.322468
v -0.668770 3.916390 -6.772476
v -0.665434 3.909724 -6.322468
v 0.314562 3.909724 -6.772475
v 0.317894 3.916390 -6.322468
v 0.324559 2.119725 -6.772475
v -0.675442 2.119725 -6.322468
v -0.675442 3.919724 -6.322468
v 0.324559 3.919724 -6.772475
v -1.225449 0.819725 3.077516
v -0.925449 0.819725 3.102519
v -1.225449 0.819725 3.127522
v 0.874553 0.819725 3.077516
v 0.874553 0.819725 3.127522
v 0.574553 0.819725 3.102519
v 0.574553 3.519725 3.127522
v 0.574553 3.519725 3.077516
v -0.925449 3.519725 3.127522
v 0.874553 3.819725 3.127522
v -1.225449 3.819725 3.127522
v 0.874553 3.819725 3.077516
v -0.925449 3.519725 3.077516
v -1.225449 3.819725 3.077516
v -0.925449 3.519726 2.677541
v -0.925449 3.519726 3.077529
v -0.925449 5.119726 3.077528
v -0.925449 5.119726 2.677541
v 0.574553 3.519726 3.077529
v 0.574553 5.119726 3.077528
v 0.574553 3.519726 2.677541
v 0.574553 5.119726 2.677541
v -0.922113 0.819725 2.677541
v -0.918776 0.819725 3.127535
v 0.571221 0.819725 3.127535
v 0.567888 0.819725 2.677541
v -0.922113 3.513059 3.127535
v -0.915440 3.509725 2.677541
v 0.567888 3.516392 3.127535
v 0.564556 3.509725 2.677541
v -0.925449 3.519725 2.677541
v 0.574553 3.519725 2.677541
v 4.308504 5.119725 2.677541
v 4.308504 4.819725 2.677541
v 4.308504 4.819725 -6.322455
v 4.308504 5.119725 -6.322455
v -4.482776 5.119725 2.677541
v -4.482776 4.819725 2.677541
v -4.482776 5.119725 -6.322455
v -4.482776 4.819725 -6.322455
v 3.075585 2.179724 2.707542
v 3.075585 3.859725 2.707542
v 3.075585 3.859725 2.677541
v 3.075585 2.179724 2.677541
v 3.514578 2.179724 2.689541
v 3.514578 3.859725 2.695541
v 3.124587 2.229724 2.689541
v 3.464584 2.229724 2.677541
v 3.464584 3.809725 2.677541
v 3.124587 3.809726 2.695541
v 3.464584 2.229724 2.707542
v 3.464584 3.809725 2.707542
v 3.464584 3.402225 2.684209
v 3.124586 3.402225 2.690877
v 3.124586 3.452225 2.684209
v 3.464584 3.452225 2.690877
v 3.464584 2.994725 2.684209
v 3.124586 2.994725 2.690877
v 3.124586 3.044724 2.684209
v 3.464584 3.044724 2.690877
v 3.464584 2.587224 2.684209
v 3.124586 2.587224 2.690877
v 3.124586 2.637225 2.684209
v 3.464584 2.637225 2.690877
v 3.464584 2.229725 2.684742
v 3.124586 2.229725 2.685073
v 3.124586 3.809726 2.684742
v 3.464584 3.809726 2.685073
v 3.514553 2.179724 2.757548
v 3.514553 3.859725 2.757548
v 3.514553 3.859725 2.677541
v 3.514553 2.179724 2.677541
v 2.634557 2.179724 2.757548
v 2.634557 2.179724 2.677541
v 2.634557 3.859725 2.757548
v 2.634557 3.859725 2.677541
v 3.564559 3.909724 2.757548
v 3.564559 2.129725 2.757548
v 3.564559 2.129725 2.677541
v 3.564559 3.909724 2.677541
v 2.584563 2.129725 2.757548
v 2.584563 2.129725 2.677541
v 2.584563 3.909724 2.757548
v 2.584563 3.909724 2.677541
v 3.024549 3.402225 2.684209
v 2.684551 3.402225 2.690877
v 3.024549 3.452225 2.690877
v 2.684551 3.452225 2.684209
v 3.024549 2.994725 2.684209
v 2.684551 2.994725 2.690877
v 3.024549 3.044724 2.690877
v 2.684551 3.044724 2.684209
v 3.024549 2.587224 2.684209
v 2.684551 2.587224 2.690877
v 3.024549 2.637225 2.690877
v 2.684551 2.637225 2.684209
v 3.024549 2.229725 2.684742
v 2.684551 2.229725 2.685073
v 3.024549 3.809726 2.685073
v 2.684551 3.809726 2.684742
v 3.073563 3.859725 2.707542
v 3.073563 2.179724 2.707542
v 3.073563 2.179724 2.677541
v 3.073563 3.859725 2.677541
v 2.634557 2.179724 2.695541
v 2.634557 3.859725 2.689541
v 3.024549 2.229724 2.695541
v 2.684551 2.229724 2.707542
v 2.684551 3.809725 2.707542
v 3.024549 3.809726 2.689541
v 2.684551 2.229724 2.677541
v 2.684551 3.809725 2.677541
v 3.024549 3.402225 2.684209
v 2.684551 3.402225 2.690877
v 3.024549 3.452225 2.690877
v 2.684551 3.452225 2.684209
v 3.024549 2.994725 2.684209
v 2.684551 2.994725 2.690877
v 3.024549 3.044724 2.690877
v 2.684551 3.044724 2.684209
v 3.024549 2.587224 2.684209
v 2.684551 2.587224 2.690877
v 3.024549 2.637225 2.690877
v 2.684551 2.637225 2.684209
v -3.424434 2.179724 2.707542
v -3.424434 3.859725 2.707542
v -3.424434 3.859725 2.677541
v -3.424434 2.179724 2.677541
v -2.985441 2.179724 2.689541
v -2.985441 3.859725 2.695541
v -3.375445 2.229724 2.689541
v -3.035447 2.229724 2.677541
v -3.035447 3.809725 2.677541
v -3.375445 3.809726 2.695541
v -3.035447 2.229724 2.707542
v -3.035447 3.809725 2.707542
v -3.035435 3.402225 2.684209
v -3.375432 3.402225 2.690877
v -3.375432 3.452225 2.684209
v -3.035435 3.452225 2.690877
v -3.035435 2.994725 2.684209
v -3.375432 2.994725 2.690877
v -3.375432 3.044724 2.684209
v -3.035435 3.044724 2.690877
v -3.035435 2.587224 2.684209
v -3.375432 2.587224 2.690877
v -3.375432 2.637225 2.684209
v -3.035435 2.637225 2.690877
v -3.035435 2.229725 2.684742
v -3.375432 2.229725 2.685073
v -3.375432 3.809726 2.684742
v -3.035435 3.809726 2.685073
v -2.985416 2.179724 2.757548
v -2.985416 3.859725 2.757548
v -2.985416 3.859725 2.677541
v -2.985416 2.179724 2.677541
v -3.865424 2.179724 2.757548
v -3.865424 2.179724 2.677541
v -3.865424 3.859725 2.757548
v -3.865424 3.859725 2.677541
v -2.935410 3.909724 2.757548
v -2.935410 2.129725 2.757548
v -2.935410 2.129725 2.677541
v -2.935410 3.909724 2.677541
v -3.915406 2.129725 2.757548
v -3.915406 2.129725 2.677541
v -3.915406 3.909724 2.757548
v -3.915406 3.909724 2.677541
v -3.475420 3.402225 2.684209
v -3.815418 3.402225 2.690877
v -3.475420 3.452225 2.690877
v -3.815418 3.452225 2.684209
v -3.475420 2.994725 2.684209
v -3.815418 2.994725 2.690877
v -3.475420 3.044724 2.690877
v -3.815418 3.044724 2.684209
v -3.475420 2.587224 2.684209
v -3.815418 2.587224 2.690877
v -3.475420 2.637225 2.690877
v -3.815418 2.637225 2.684209
v -3.475420 2.229725 2.684742
v -3.815418 2.229725 2.685073
v -3.475420 3.809726 2.685073
v -3.815418 3.809726 2.684742
v -3.426419 3.859725 2.707542
v -3.426419 2.179724 2.707542
v -3.426419 2.179724 2.677541
v -3.426419 3.859725 2.677541
v -3.865424 2.179724 2.695541
v -3.865424 3.859725 2.689541
v -3.475420 2.229724 2.695541
v -3.815418 2.229724 2.707542
v -3.815418 3.809725 2.707542
v -3.475420 3.809726 2.689541
v -3.815418 2.229724 2.677541
v -3.815418 3.809725 2.677541
v -3.475420 3.402225 2.684209
v -3.815418 3.402225 2.690877
v -3.475420 3.452225 2.690877
v -3.815418 3.452225 2.684209
v -3.475420 2.994725 2.684209
v -3.815418 2.994725 2.690877
v -3.475420 3.044724 2.690877
v -3.815418 3.044724 2.684209
v -3.475420 2.587224 2.684209
v -3.815418 2.587224 2.690877
v -3.475420 2.637225 2.690877
v -3.815418 2.637225 2.684209
v 3.073563 2.179724 -6.352458
v 3.073563 3.859725 -6.352458
v 3.073563 3.859725 -6.322456
v 3.073563 2.179724 -6.322456
v 2.634557 2.179724 -6.334457
v 2.634557 3.859725 -6.340457
v 3.024549 2.229722 -6.334457
v 2.684551 2.229722 -6.322456
v 2.684551 3.809725 -6.322456
v 3.024549 3.809725 -6.340457
v 2.684551 2.229722 -6.352458
v 2.684551 3.809725 -6.352458
v 2.684551 3.402225 -6.329151
v 3.024549 3.402225 -6.335819
v 3.024549 3.452224 -6.329151
v 2.684551 3.452224 -6.335819
v 2.684551 2.994725 -6.329150
v 3.024549 2.994725 -6.335818
v 3.024549 3.044724 -6.329150
v 2.684551 3.044724 -6.335818
v 2.684551 2.587224 -6.329150
v 3.024549 2.587224 -6.335818
v 3.024549 2.637223 -6.329150
v 2.684551 2.637223 -6.335818
v 2.634557 2.179724 -6.402463
v 2.634557 3.859725 -6.402463
v 2.634557 3.859725 -6.322455
v 2.634557 2.179724 -6.322455
v 3.514553 2.179724 -6.402463
v 3.514553 2.179724 -6.322455
v 3.514553 3.859725 -6.402463
v 3.514553 3.859725 -6.322455
v 2.584563 3.909724 -6.402463
v 2.584563 2.129725 -6.402463
v 2.584563 2.129725 -6.322455
v 2.584563 3.909724 -6.322455
v 3.564559 2.129725 -6.402463
v 3.564559 2.129725 -6.322455
v 3.564559 3.909724 -6.402463
v 3.564559 3.909724 -6.322455
v 3.124586 3.402225 -6.329151
v 3.464584 3.402225 -6.335819
v 3.124586 3.452224 -6.335819
v 3.464584 3.452224 -6.329151
v 3.124586 2.994725 -6.329150
v 3.464584 2.994725 -6.335818
v 3.124586 3.044724 -6.335818
v 3.464584 3.044724 -6.329150
v 3.124586 2.587224 -6.329150
v 3.464584 2.587224 -6.335818
v 3.124586 2.637223 -6.335818
v 3.464584 2.637223 -6.329150
v 3.075585 3.859725 -6.352458
v 3.075585 2.179724 -6.352458
v 3.075585 2.179724 -6.322456
v 3.075585 3.859725 -6.322456
v 3.514578 2.179724 -6.340457
v 3.514578 3.859725 -6.334457
v 3.124587 2.229722 -6.340457
v 3.464584 2.229722 -6.352458
v 3.464584 3.809725 -6.352458
v 3.124587 3.809725 -6.334457
v 3.464584 2.229722 -6.322456
v 3.464584 3.809725 -6.322456
v 3.124586 3.402225 -6.329151
v 3.464584 3.402225 -6.335819
v 3.124586 3.452224 -6.335819
v 3.464584 3.452224 -6.329151
v 3.124586 2.994725 -6.329150
v 3.464584 2.994725 -6.335818
v 3.124586 3.044724 -6.335818
v 3.464584 3.044724 -6.329150
v 3.124586 2.587224 -6.329150
v 3.464584 2.587224 -6.335818
v 3.124586 2.637223 -6.335818
v 3.464584 2.637223 -6.329150
v -0.176397 2.179724 -6.352458
v -0.176397 3.859725 -6.352458
v -0.176397 3.859725 -6.322456
v -0.176397 2.179724 -6.322456
v -0.615415 2.179724 -6.334457
v -0.615415 3.859725 -6.340457
v -0.225411 2.229722 -6.334457
v -0.565409 2.229722 -6.322456
v -0.565409 3.809725 -6.322456
v -0.225411 3.809725 -6.340457
v -0.565409 2.229722 -6.352458
v -0.565409 3.809725 -6.352458
v -0.565409 3.402225 -6.329151
v -0.225411 3.402225 -6.335819
v -0.225411 3.452224 -6.329151
v -0.565409 3.452224 -6.335819
v -0.565409 2.994725 -6.329150
v -0.225411 2.994725 -6.335818
v -0.225411 3.044724 -6.329150
v -0.565409 3.044724 -6.335818
v -0.565409 2.587224 -6.329150
v -0.225411 2.587224 -6.335818
v -0.225411 2.637223 -6.329150
v -0.565409 2.637223 -6.335818
v -0.565409 2.229722 -6.329695
v -0.225411 2.229722 -6.330025
v -0.225411 3.809725 -6.329696
v -0.565409 3.809725 -6.330027
v -0.615452 2.179724 -6.402463
v -0.615452 3.859725 -6.402463
v -0.615452 3.859725 -6.322455
v -0.615452 2.179724 -6.322455
v 0.264556 2.179724 -6.402463
v 0.264556 2.179724 -6.322455
v 0.264556 3.859725 -6.402463
v 0.264556 3.859725 -6.322455
v -0.665434 3.909724 -6.402463
v -0.665434 2.129725 -6.402463
v -0.665434 2.129725 -6.322455
v -0.665434 3.909724 -6.322455
v 0.314562 2.129725 -6.402463
v 0.314562 2.129725 -6.322455
v 0.314562 3.909724 -6.402463
v 0.314562 3.909724 -6.322455
v -0.125423 3.402225 -6.329151
v 0.214575 3.402225 -6.335819
v -0.125423 3.452224 -6.335819
v 0.214575 3.452224 -6.329151
v -0.125423 2.994725 -6.329150
v 0.214575 2.994725 -6.335818
v -0.125423 3.044724 -6.335818
v 0.214575 3.044724 -6.329150
v -0.125423 2.587224 -6.329150
v 0.214575 2.587224 -6.335818
v -0.125423 2.637223 -6.335818
v 0.214575 2.637223 -6.329150
v -0.125423 2.229722 -6.329695
v 0.214575 2.229722 -6.330025
v -0.125423 3.809725 -6.330027
v 0.214575 3.809725 -6.329696
v -0.174425 3.859725 -6.352458
v -0.174425 2.179724 -6.352458
v -0.174425 2.179724 -6.322456
v -0.174425 3.859725 -6.322456
v 0.264568 2.179724 -6.340457
v 0.264568 3.859725 -6.334457
v -0.125436 2.229722 -6.340457
v 0.214562 2.229722 -6.352458
v 0.214562 3.809725 -6.352458
v -0.125436 3.809725 -6.334457
v 0.214562 2.229722 -6.322456
v 0.214562 3.809725 -6.322456
v -0.125423 3.402225 -6.329151
v 0.214575 3.402225 -6.335819
v -0.125423 3.452224 -6.335819
v 0.214575 3.452224 -6.329151
v -0.125423 2.994725 -6.329150
v 0.214575 2.994725 -6.335818
v -0.125423 3.044724 -6.335818
v 0.214575 3.044724 -6.329150
v -0.125423 2.587224 -6.329150
v 0.214575 2.587224 -6.335818
v -0.125423 2.637223 -6.335818
v 0.214575 2.637223 -6.329150
v -3.426419 2.179724 -6.352458
v -3.426419 3.859725 -6.352458
v -3.426419 3.859725 -6.322456
v -3.426419 2.179724 -6.322456
v -3.865424 2.179724 -6.334457
v -3.865424 3.859725 -6.340457
v -3.475420 2.229722 -6.334457
v -3.815418 2.229722 -6.322456
v -3.815418 3.809725 -6.322456
v -3.475420 3.809725 -6.340457
v -3.815418 2.229722 -6.352458
v -3.815418 3.809725 -6.352458
v -3.815418 3.402225 -6.329151
v -3.475420 3.402225 -6.335819
v -3.475420 3.452224 -6.329151
v -3.815418 3.452224 -6.335819
v -3.815418 2.994725 -6.329150
v -3.475420 2.994725 -6.335818
v -3.475420 3.044724 -6.329150
v -3.815418 3.044724 -6.335818
v -3.815418 2.587224 -6.329150
v -3.475420 2.587224 -6.335818
v -3.475420 2.637223 -6.329150
v -3.815418 2.637223 -6.335818
v -3.865424 2.179724 -6.402463
v -3.865424 3.859725 -6.402463
v -3.865424 3.859725 -6.322455
v -3.865424 2.179724 -6.322455
v -2.985416 2.179724 -6.402463
v -2.985416 2.179724 -6.322455
v -2.985416 3.859725 -6.402463
v -2.985416 3.859725 -6.322455
v -3.915406 3.909724 -6.402463
v -3.915406 2.129725 -6.402463
v -3.915406 2.129725 -6.322455
v -3.915406 3.909724 -6.322455
v -2.935410 2.129725 -6.402463
v -2.935410 2.129725 -6.322455
v -2.935410 3.909724 -6.402463
v -2.935410 3.909724 -6.322455
v -3.375432 3.402225 -6.329151
v -3.035435 3.402225 -6.335819
v -3.375432 3.452224 -6.335819
v -3.035435 3.452224 -6.329151
v -3.375432 2.994725 -6.329150
v -3.035435 2.994725 -6.335818
v -3.375432 3.044724 -6.335818
v -3.035435 3.044724 -6.329150
v -3.375432 2.587224 -6.329150
v -3.035435 2.587224 -6.335818
v -3.375432 2.637223 -6.335818
v -3.035435 2.637223 -6.329150
v -3.375432 2.229722 -6.329695
v -3.035435 2.229722 -6.330025
v -3.375432 3.809725 -6.330027
v -3.035435 3.809725 -6.329696
v -3.424434 3.859725 -6.352458
v -3.424434 2.179724 -6.352458
v -3.424434 2.179724 -6.322456
v -3.424434 3.859725 -6.322456
v -2.985441 2.179724 -6.340457
v -2.985441 3.859725 -6.334457
v -3.375445 2.229722 -6.340457
v -3.035447 2.229722 -6.352458
v -3.035447 3.809725 -6.352458
v -3.375445 3.809725 -6.334457
v -3.035447 2.229722 -6.322456
v -3.035447 3.809725 -6.322456
v -3.375432 3.402225 -6.329151
v -3.035435 3.402225 -6.335819
v -3.375432 3.452224 -6.335819
v -3.035435 3.452224 -6.329151
v -3.375432 2.994725 -6.329150
v -3.035435 2.994725 -6.335818
v -3.375432 3.044724 -6.335818
v -3.035435 3.044724 -6.329150
v -3.375432 2.587224 -6.329150
v -3.035435 2.587224 -6.335818
v -3.375432 2.637223 -6.335818
v -3.035435 2.637223 -6.329150
v 3.124586 3.402225 -6.329151
v 3.464584 3.402225 -6.335819
v 3.124586 3.452224 -6.335819
v 3.464584 3.452224 -6.329151
v 3.124586 2.994725 -6.329150
v 3.464584 2.994725 -6.335818
v 3.124586 3.044724 -6.335818
v 3.464584 3.044724 -6.329150
v 3.124586 2.587224 -6.329150
v 3.464584 2.587224 -6.335818
v 3.124586 2.637223 -6.335818
v 3.464584 2.637223 -6.329150
v 3.124586 2.229722 -6.329695
v 3.464584 2.229722 -6.330025
v 3.124586 3.809725 -6.330027
v 3.464584 3.809725 -6.329696
v 2.684551 3.402225 -6.329151
v 3.024549 3.402225 -6.335819
v 3.024549 3.452224 -6.329151
v 2.684551 3.452224 -6.335819
v 2.684551 2.994725 -6.329150
v 3.024549 2.994725 -6.335818
v 3.024549 3.044724 -6.329150
v 2.684551 3.044724 -6.335818
v 2.684551 2.587224 -6.329150
v 3.024549 2.587224 -6.335818
v 3.024549 2.637223 -6.329150
v 2.684551 2.637223 -6.335818
v 2.684551 2.229722 -6.329695
v 3.024549 2.229722 -6.330025
v 3.024549 3.809725 -6.329696
v 2.684551 3.809725 -6.330027
v 2.684551 3.402225 -6.329151
v 3.024549 3.402225 -6.335819
v 3.024549 3.452224 -6.329151
v 2.684551 3.452224 -6.335819
v 2.684551 2.994725 -6.329150
v 3.024549 2.994725 -6.335818
v 3.024549 3.044724 -6.329150
v 2.684551 3.044724 -6.335818
v 2.684551 2.587224 -6.329150
v 3.024549 2.587224 -6.335818
v 3.024549 2.637223 -6.329150
v 2.684551 2.637223 -6.335818
v -3.375432 3.402225 -6.329151
v -3.035435 3.402225 -6.335819
v -3.375432 3.452224 -6.335819
v -3.035435 3.452224 -6.329151
v -3.375432 2.994725 -6.329150
v -3.035435 2.994725 -6.335818
v -3.375432 3.044724 -6.335818
v -3.035435 3.044724 -6.329150
v -3.375432 2.587224 -6.329150
v -3.035435 2.587224 -6.335818
v -3.375432 2.637223 -6.335818
v -3.035435 2.637223 -6.329150
v -3.815418 3.402225 -6.329151
v -3.475420 3.402225 -6.335819
v -3.475420 3.452224 -6.329151
v -3.815418 3.452224 -6.335819
v -3.815418 2.994725 -6.329150
v -3.475420 2.994725 -6.335818
v -3.475420 3.044724 -6.329150
v -3.815418 3.044724 -6.335818
v -3.815418 2.587224 -6.329150
v -3.475420 2.587224 -6.335818
v -3.475420 2.637223 -6.329150
v -3.815418 2.637223 -6.335818
v -3.815418 3.402225 -6.329151
v -3.475420 3.402225 -6.335819
v -3.475420 3.452224 -6.329151
v -3.815418 3.452224 -6.335819
v -3.815418 2.994725 -6.329150
v -3.475420 2.994725 -6.335818
v -3.475420 3.044724 -6.329150
v -3.815418 3.044724 -6.335818
v -3.815418 2.587224 -6.329150
v -3.475420 2.587224 -6.335818
v -3.475420 2.637223 -6.329150
v -3.815418 2.637223 -6.335818
v -3.815418 2.229722 -6.329695
v -3.475420 2.229722 -6.330025
v -3.475420 3.809725 -6.329696
v -3.815418 3.809725 -6.330027
v 4.364424 5.185167 3.249851
v 4.364424 5.885169 3.249851
v -4.725249 5.885169 3.249851
v -4.725249 5.185167 3.249851
v -4.725249 5.885167 -6.982203
v -4.725249 5.185165 -6.982203
v 4.364424 5.885167 -6.982203
v 4.167896 5.885167 -6.664437
v 4.167896 5.885167 2.947978
v -4.528709 5.885167 2.947978
v -4.528709 5.885167 -6.664437
v 4.167896 5.185167 2.947978
v -4.528709 5.185167 2.947978
v 4.364424 5.185165 -6.982203
v 4.167896 5.185165 -6.664437
v -4.528709 5.185165 -6.664437
v -0.915415 0.819724 2.852525
v 0.569592 0.819724 2.852525
v 0.569592 1.119724 2.852525
v -0.915415 1.119724 2.852525
v -0.915415 1.119724 2.677528
v -0.915415 0.819724 2.677528
v 0.569592 1.119724 2.677528
v 0.569592 0.819724 2.677528
v 0.564556 0.969725 2.852513
v 0.564556 0.969725 3.077504
v 0.564556 0.819725 3.077504
v 0.564556 0.819725 2.852513
v -0.915440 0.969725 3.077504
v -0.915440 0.819725 3.077504
v -0.915440 0.969725 2.852513
v -0.915440 0.819725 2.852513
v 0.564562 0.970984 3.100756
v 0.564569 0.935155 3.114182
v 0.564556 0.929724 3.077504
v -0.915415 0.964295 3.114181
v -0.915428 0.928465 3.100755
v -0.915440 0.969724 3.077504
v 0.564562 1.120971 2.875814
v 0.564569 1.085142 2.889205
v 0.564556 1.079725 2.852538
v -0.915415 1.114307 2.889206
v -0.915428 1.078479 2.875815
v -0.915440 1.119725 2.852538
v 0.286364 3.409724 2.725025
v 0.287076 1.119724 2.725740
v 0.372088 3.409724 2.725734
v 0.374577 3.409724 2.677516
v 0.284586 3.409724 2.677516
v 0.372801 1.119724 2.725019
v 0.284586 1.119724 2.677516
v 0.374577 1.119724 2.677516
v 0.187093 1.119724 2.725736
v 0.186370 3.409724 2.725014
v 0.282096 3.409724 2.725730
v 0.284586 3.409724 2.677516
v 0.184573 3.409724 2.677516
v 0.282811 1.119724 2.725015
v 0.184573 1.119724 2.677516
v 0.284586 1.119724 2.677516
v 0.087047 1.119724 2.725730
v 0.086338 3.409724 2.725016
v 0.182086 3.409724 2.725734
v 0.184561 3.409724 2.677516
v 0.084573 3.409724 2.677516
v 0.182795 1.119724 2.725022
v 0.084573 1.119724 2.677516
v 0.184561 1.119724 2.677516
v -0.012950 1.119724 2.725735
v -0.013663 3.409724 2.725019
v 0.082086 3.409724 2.725736
v 0.084561 3.409724 2.677516
v -0.015439 3.409724 2.677516
v 0.082794 1.119724 2.725025
v -0.015439 1.119724 2.677516
v 0.084561 1.119724 2.677516
v -0.112895 1.119724 2.725735
v -0.113618 3.409724 2.725013
v -0.017906 3.409724 2.725734
v -0.015402 3.409724 2.677516
v -0.115414 3.409724 2.677516
v -0.017188 1.119724 2.725015
v -0.115414 1.119724 2.677516
v -0.015402 1.119724 2.677516
v -0.212924 1.119724 2.725740
v -0.213636 3.409724 2.725026
v -0.117902 3.409724 2.725735
v -0.115427 3.409724 2.677516
v -0.215414 3.409724 2.677516
v -0.117194 1.119724 2.725024
v -0.215414 1.119724 2.677516
v -0.115427 1.119724 2.677516
v -0.312935 1.119724 2.725735
v -0.313654 3.409724 2.725017
v -0.217929 3.409724 2.725730
v -0.215439 3.409724 2.677516
v -0.315440 3.409724 2.677516
v -0.217214 1.119724 2.725015
v -0.315440 1.119724 2.677516
v -0.215439 1.119724 2.677516
v -0.412965 1.119724 2.725730
v -0.413674 3.409724 2.725017
v -0.317929 3.409724 2.725734
v -0.315439 3.409724 2.677516
v -0.415439 3.409724 2.677516
v -0.317216 1.119724 2.725019
v -0.415439 1.119724 2.677516
v -0.315439 1.119724 2.677516
v -0.512926 1.119724 2.725735
v -0.513639 3.409724 2.725019
v -0.417890 3.409724 2.725736
v -0.415415 3.409724 2.677516
v -0.515415 3.409724 2.677516
v -0.417182 1.119724 2.725025
v -0.515415 1.119724 2.677516
v -0.415415 1.119724 2.677516
v -0.612909 1.119724 2.725735
v -0.613631 3.409724 2.725013
v -0.517903 3.409724 2.725729
v -0.515415 3.409724 2.677516
v -0.615427 3.409724 2.677516
v -0.517189 1.119724 2.725013
v -0.615427 1.119724 2.677516
v -0.515415 1.119724 2.677516
v -0.712937 1.119724 2.725740
v -0.713649 3.409724 2.725026
v -0.617915 3.409724 2.725735
v -0.615440 3.409724 2.677516
v -0.715427 3.409724 2.677516
v -0.617207 1.119724 2.725024
v -0.715427 1.119724 2.677516
v -0.615440 1.119724 2.677516
v -0.812935 1.119724 2.725735
v -0.813653 3.409724 2.725017
v -0.717928 3.409724 2.725730
v -0.715440 3.409724 2.677516
v -0.815440 3.409724 2.677516
v -0.717214 1.119724 2.725015
v -0.815440 1.119724 2.677516
v -0.715440 1.119724 2.677516
v 0.464556 3.409724 2.777516
v -0.815440 3.409724 2.777516
v -0.815440 3.409724 2.677516
v 0.464556 3.409724 2.677516
v 0.464556 1.119724 2.777516
v 0.464556 1.119724 2.677516
v -0.815440 1.119724 2.777516
v -0.815440 1.119724 2.677516
v 0.564556 1.119724 2.777516
v 0.564556 3.509725 2.777516
v -0.915440 3.509725 2.777516
v -0.915440 1.119724 2.777516
v 0.564556 1.119724 2.677516
v 0.564556 3.509725 2.677516
v -0.915440 3.509725 2.677516
v -0.915440 1.119724 2.677516
v -0.785451 1.149724 2.731534
v 0.434555 1.149724 2.737531
v 0.434555 1.149724 2.727535
v -0.785451 3.379724 2.733532
v 0.434555 3.379724 2.737531
v 0.434555 3.379724 2.727535
v 0.464556 1.119724 2.731534
v -0.815440 1.119724 2.737531
v -0.815440 1.119724 2.727535
v -0.815440 3.409724 2.737531
v -0.815440 3.409724 2.727535
v 0.464556 3.409724 2.733532
v 4.269724 0.819724 3.127522
v 4.269724 0.819724 3.077516
v 4.269724 1.169724 3.077516
v 4.269724 1.169724 3.127522
v 0.411492 1.169724 3.127522
v 0.411492 0.819724 3.127522
v 0.411492 1.169724 3.077516
v 0.411492 0.819724 3.077516
v -4.774794 1.169724 3.077516
v -4.774794 0.819724 3.077516
v -4.774794 0.819724 3.127522
v -4.774794 1.169724 3.127522
v -0.620795 0.819724 3.127522
v -0.620795 1.169724 3.127522
v -0.620795 0.819724 3.077516
v -0.620795 1.169724 3.077516
v -4.683405 2.102817 0.324134
v -4.658548 2.102817 -0.009997
v -4.651909 2.152817 -0.009370
v -4.690044 2.152817 0.323507
v -4.703148 2.102817 -3.677402
v -4.678291 2.102817 -4.011533
v -4.671652 2.152817 -4.010906
v -4.709787 2.152817 -3.678029
v -4.683405 2.637818 0.324134
v -4.658548 2.637818 -0.009997
v -4.651909 2.687817 -0.009370
v -4.690044 2.687817 0.323507
v -4.703148 2.637818 -3.677402
v -4.678291 2.637818 -4.011533
v -4.671652 2.687817 -4.010906
v -4.709787 2.687817 -3.678029
v -4.611135 1.617818 -0.452509
v -4.642300 1.617818 -0.118949
v -4.642633 3.707817 -0.118981
v -4.610801 3.707817 -0.452478
v -4.674944 1.617818 -4.137283
v -4.626220 1.617818 -4.468733
v -4.625889 3.707817 -4.468685
v -4.675275 3.707817 -4.137333
v -4.641568 3.172817 -0.118880
v -4.616707 3.172817 -0.453035
v -4.610069 3.222818 -0.452408
v -4.648207 3.222818 -0.119507
v -4.661311 3.172817 -4.120417
v -4.636450 3.172817 -4.454572
v -4.629812 3.222818 -4.453945
v -4.667950 3.222818 -4.121044
v -4.683405 3.172817 0.324134
v -4.658548 3.172817 -0.009997
v -4.651909 3.222818 -0.009370
v -4.690044 3.222818 0.323507
v -4.703148 3.172817 -3.677402
v -4.678291 3.172817 -4.011534
v -4.671652 3.222818 -4.010908
v -4.709787 3.222818 -3.678029
v -4.696403 1.517818 0.373134
v -4.655503 1.517818 -0.059938
v -4.706635 3.707817 0.321940
v -4.660204 3.707817 -0.010154
v -4.676766 3.707817 0.324761
v -4.706635 1.617819 0.321940
v -4.676766 1.617819 0.324761
v -4.675138 1.617819 -0.011564
v -4.645270 1.617819 -0.008743
v -4.670437 3.757818 -0.061348
v -4.711336 3.757818 0.371724
v -4.681468 3.757818 0.374545
v -4.640569 3.757818 -0.058528
v -4.716146 1.517818 -3.628402
v -4.675246 1.517818 -4.061474
v -4.726377 3.707817 -3.679596
v -4.679947 3.707817 -4.011692
v -4.696509 3.707817 -3.676775
v -4.726377 1.617819 -3.679596
v -4.696509 1.617819 -3.676775
v -4.694881 1.617819 -4.013100
v -4.665013 1.617819 -4.010279
v -4.690180 3.757818 -4.062884
v -4.731079 3.757818 -3.629812
v -4.701211 3.757818 -3.626991
v -4.660312 3.757818 -4.060063
v -4.652976 1.617818 -0.009471
v -4.684138 1.617818 0.324065
v -4.684472 3.707817 0.324033
v -4.652642 3.707817 -0.009440
v -4.672719 1.617818 -4.011006
v -4.703881 1.617818 -3.677471
v -4.704215 3.707817 -3.677503
v -4.672384 3.707817 -4.010975
v -4.598727 3.757818 -0.501579
v -4.598727 1.517818 -0.501579
v -4.594028 1.517818 -0.551338
v -4.594028 3.807818 -0.551338
v -4.686169 3.807818 0.424317
v -4.686169 1.517818 0.424317
v -4.681467 1.517818 0.374532
v -4.681467 3.757818 0.374532
v -4.761120 1.517818 0.367010
v -4.765821 1.517818 0.416795
v -4.678380 3.757818 -0.509101
v -4.678380 1.517818 -0.509101
v -4.761120 3.757818 0.367010
v -4.673681 1.517818 -0.558860
v -4.673680 3.807818 -0.558860
v -4.765821 3.807818 0.416795
v -4.618470 3.757818 -4.503117
v -4.618470 1.517818 -4.503115
v -4.613770 1.517818 -4.552874
v -4.613770 3.807818 -4.552876
v -4.705912 3.807818 -3.577219
v -4.705912 1.517818 -3.577219
v -4.701210 1.517818 -3.627004
v -4.701210 3.757818 -3.627004
v -4.780863 1.517818 -3.634526
v -4.785564 1.517818 -3.584741
v -4.698123 3.757818 -4.510637
v -4.698123 1.517818 -4.510637
v -4.780862 3.757818 -3.634526
v -4.693423 1.517818 -4.560396
v -4.693423 3.807818 -4.560398
v -4.785564 3.807818 -3.584741
v -4.654561 1.517818 -0.069928
v -4.628593 1.517818 -0.504423
v -4.598725 1.517818 -0.501602
v -4.664793 3.707817 -0.121111
v -4.618361 3.707817 -0.453228
v -4.634925 3.707817 -0.118290
v -4.664793 1.617819 -0.121111
v -4.634925 1.617819 -0.118290
v -4.633295 1.617819 -0.454638
v -4.603427 1.617819 -0.451818
v -4.628593 3.757818 -0.504423
v -4.669494 3.757818 -0.071338
v -4.639626 3.757818 -0.068517
v -4.598725 3.757818 -0.501602
v -4.674303 1.517818 -4.071464
v -4.648336 1.517818 -4.505959
v -4.618468 1.517818 -4.503138
v -4.669602 3.707817 -4.121236
v -4.638103 3.707817 -4.454764
v -4.684536 1.617819 -4.122646
v -4.654668 1.617819 -4.119826
v -4.653038 1.617819 -4.456174
v -4.623169 1.617819 -4.453354
v -4.648335 3.757818 -4.505960
v -4.689236 3.757818 -4.072875
v -4.659368 3.757818 -4.070055
v -4.618467 3.757818 -4.503139
v -4.641568 2.102817 -0.118880
v -4.616707 2.102817 -0.453035
v -4.610069 2.152817 -0.452408
v -4.648207 2.152817 -0.119507
v -4.661311 2.102817 -4.120416
v -4.636451 2.102817 -4.454571
v -4.629812 2.152817 -4.453944
v -4.667950 2.152817 -4.121043
v -4.641568 2.637818 -0.118880
v -4.616707 2.637818 -0.453035
v -4.610069 2.687817 -0.452408
v -4.648207 2.687817 -0.119507
v -4.661311 2.637818 -4.120416
v -4.636451 2.637818 -4.454571
v -4.629812 2.687817 -4.453944
v -4.667950 2.687817 -4.121043
v -7.912819 0.822431 -6.889240
v -7.912819 0.468616 -6.889240
v -7.912819 0.822434 5.266280
v -7.912819 0.468619 5.266280
v 4.376376 0.822431 -6.889240
v 4.376376 0.468616 -6.889240
v 4.376376 0.822434 5.266280
v 4.376376 0.468619 5.266280
v -0.663157 2.059654 2.789687
v -0.672224 2.076081 2.789687
v -0.654160 2.080615 2.789687
v -0.665747 2.061399 2.719687
v -0.672551 2.075225 2.719687
v -0.658967 2.082527 2.719687
v -0.652199 2.068596 2.719687
v -0.658916 1.983087 2.780153
v -0.640811 1.983087 2.811839
v -0.681988 1.983087 2.795278
v -0.675090 1.983087 2.819536
v -0.641882 2.583087 2.807237
v -0.658349 2.583087 2.780248
v -0.681842 2.583087 2.794864
v -0.677082 2.583087 2.817262
v -0.655518 2.583087 2.821184
v -0.651454 2.478303 2.789687
v -0.670040 2.474327 2.789687
v -0.666427 2.493682 2.789687
v -0.671198 2.477045 2.719687
v -0.654364 2.489633 2.719687
v -0.669605 2.490889 2.719687
v -0.656510 2.472534 2.719687
vn 0.7419 -0.1379 -0.6562
vn 0.6028 -0.5203 -0.6049
vn 0.0075 -0.0000 -1.0000
vn 0.3908 -0.4641 -0.7949
vn 0.6290 -0.1915 -0.7534
vn 0.6212 -0.2175 0.7529
vn 0.5034 -0.4218 0.7541
vn 0.6750 -0.3698 0.6384
vn 0.7247 -0.0902 0.6832
vn -0.0000 1.0000 -0.0000
vn -1.0000 -0.0000 -0.0075
vn -0.0075 -0.0000 1.0000
vn 0.9964 -0.0844 0.0075
vn 0.9876 -0.1570 0.0062
vn -0.0000 -1.0000 -0.0000
vn -0.7320 0.1379 -0.6672
vn -0.5937 0.5203 -0.6138
vn -0.3789 0.4641 -0.8006
vn -0.6177 0.1915 -0.7628
vn -0.6324 0.2175 0.7435
vn -0.5146 0.4218 0.7465
vn -0.6846 0.3697 0.6282
vn -0.7348 0.0902 0.6723
vn 1.0000 -0.0000 0.0075
vn -0.9964 0.0844 -0.0075
vn -0.9876 0.1570 -0.0086
vn 0.7826 -0.3429 -0.5196
vn -0.2655 -0.9046 -0.3335
vn 0.8202 -0.4827 -0.3071
vn -0.3895 -0.7091 -0.5878
vn -0.4315 -0.7785 -0.4558
vn 0.6230 -0.7001 -0.3489
vn -0.5149 -0.6523 -0.5563
vn 0.6728 -0.5262 -0.5201
vn -0.4890 -0.6211 -0.6124
vn 0.7223 -0.1630 -0.6720
vn 0.0923 -0.1906 -0.9773
vn -0.5339 -0.7309 0.4252
vn -0.3639 -0.8855 0.2890
vn -0.4509 -0.8055 0.3845
vn -0.4880 -0.7547 0.4385
vn -0.6198 -0.6142 0.4885
vn -0.9707 -0.2208 -0.0945
vn -0.9784 -0.1850 -0.0924
vn 0.5673 -0.4168 0.7103
vn 0.7295 -0.4173 0.5419
vn 0.5907 -0.4328 0.6810
vn 0.6046 -0.6350 0.4809
vn -0.1111 -0.2025 0.9730
vn 0.5944 -0.1232 0.7946
vn 0.8355 -0.4591 -0.3020
vn -0.4865 -0.6218 -0.6137
vn 0.6711 -0.5298 -0.5186
vn 0.7932 -0.3523 -0.4966
vn -0.4257 -0.7027 -0.5700
vn -0.2997 -0.8839 -0.3591
vn -0.4422 -0.7750 -0.4515
vn 0.6228 -0.6992 -0.3511
vn -0.5139 -0.6514 -0.5582
vn 0.7234 -0.1588 -0.6719
vn 0.0923 -0.1881 -0.9778
vn -0.5503 -0.7049 0.4475
vn -0.3684 -0.8814 0.2957
vn -0.4700 -0.7916 0.3905
vn -0.4896 -0.7535 0.4388
vn -0.6194 -0.6152 0.4877
vn -0.9708 -0.2205 -0.0945
vn -0.9784 -0.1849 -0.0924
vn 0.5673 -0.4167 0.7103
vn 0.7309 -0.4139 0.5427
vn 0.5923 -0.4256 0.6841
vn 0.6032 -0.6357 0.4818
vn 0.5944 -0.1232 0.7947
vn -0.3764 -0.4587 -0.8049
vn -0.5225 -0.6853 0.5073
vn -0.5634 -0.5459 -0.6201
vn -0.5744 -0.3291 -0.7495
vn -0.5325 -0.6983 0.4783
vn -0.3295 -0.8857 0.3271
vn -0.4015 -0.7698 0.4963
vn -0.4542 -0.6702 -0.5870
vn -0.5153 -0.6570 0.5503
vn -0.6906 -0.1663 -0.7039
vn -0.6948 -0.2737 0.6651
vn -0.7291 -0.1151 -0.6747
vn -0.9982 -0.0600 -0.0000
vn 0.3129 -0.8908 0.3294
vn 0.4944 -0.7241 0.4810
vn 0.4210 -0.7958 0.4353
vn 0.4987 -0.7393 0.4524
vn 0.6614 -0.2757 0.6976
vn -0.0009 -0.1237 0.9923
vn -0.0000 -0.0975 0.9952
vn 0.5310 -0.6665 0.5233
vn 0.6742 -0.3458 -0.6526
vn 0.5048 -0.4042 -0.7628
vn 0.6149 -0.4400 -0.6545
vn 0.4150 -0.6461 -0.6406
vn 0.9851 -0.1721 0.0054
vn 0.7350 -0.1174 -0.6678
vn -0.7420 0.3032 -0.5980
vn -0.4981 -0.7593 0.4188
vn -0.6481 -0.4221 0.6338
vn -0.5802 -0.2713 -0.7679
vn -0.5056 -0.6366 -0.5823
vn -0.5114 -0.6891 0.5134
vn -0.5489 0.6429 0.5342
vn 0.6740 0.1691 0.7191
vn 0.4668 -0.7062 0.5324
vn 0.5128 -0.6910 0.5094
vn 0.7416 0.4131 -0.5286
vn 0.5901 -0.2894 -0.7537
vn 0.5012 -0.6365 -0.5862
vn -0.5685 -0.3552 -0.7421
vn -0.5218 -0.7144 0.4661
vn -0.3896 -0.4581 -0.7989
vn -0.3096 -0.8933 0.3259
vn -0.4076 -0.7750 0.4830
vn -0.4062 -0.7000 -0.5874
vn -0.5056 -0.6522 0.5648
vn -0.5813 -0.5272 -0.6199
vn -0.5637 -0.6221 0.5433
vn -0.7370 -0.1630 -0.6560
vn -0.9817 -0.1906 -0.0000
vn 0.4981 -0.7032 0.5074
vn 0.3262 -0.8829 0.3377
vn 0.4088 -0.7993 0.4403
vn 0.4803 -0.7596 0.4385
vn 0.5446 -0.6142 0.5711
vn -0.0028 -0.2208 0.9753
vn -0.0000 -0.1850 0.9827
vn 0.6538 -0.4168 -0.6315
vn 0.4686 -0.4243 -0.7748
vn 0.6123 -0.4558 -0.6461
vn 0.4171 -0.6330 -0.6522
vn 0.9791 -0.2025 0.0191
vn 0.7352 -0.1233 -0.6665
vn -0.7421 0.3037 -0.5976
vn -0.4982 -0.7593 0.4186
vn -0.6489 -0.4288 0.6285
vn -0.5803 -0.2713 -0.7679
vn -0.5483 0.6367 0.5422
vn 0.6701 0.1636 0.7240
vn 0.4615 -0.7101 0.5317
vn 0.5130 -0.6909 0.5094
vn 0.7542 0.4005 -0.5204
vn 0.5838 -0.2945 -0.7566
vn 0.5020 -0.6358 -0.5863
vn 0.4699 -0.4173 -0.7779
vn 0.6537 -0.4157 -0.6323
vn 0.5295 -0.6573 0.5362
vn 0.3191 -0.8855 0.3377
vn 0.6217 -0.4342 -0.6519
vn 0.4913 -0.7129 0.5004
vn 0.4249 -0.7978 0.4279
vn 0.4204 -0.6352 -0.6479
vn 0.4807 -0.7573 0.4421
vn 0.6275 0.5314 -0.5691
vn 0.9824 -0.1863 0.0108
vn 0.6582 -0.2892 0.6951
vn -0.3086 -0.8966 0.3176
vn -0.5136 -0.7057 0.4880
vn -0.5260 -0.6713 0.5222
vn -0.5624 -0.5451 -0.6217
vn -0.4041 -0.4233 -0.8109
vn -0.5546 -0.5293 -0.6420
vn -0.8191 -0.5736 -0.0085
vn -0.4236 -0.7889 0.4451
vn -0.5221 -0.6298 -0.5751
vn -0.5572 -0.6309 0.5399
vn -0.9638 -0.2662 -0.0121
vn -0.6874 -0.2961 0.6632
vn -0.9940 -0.1075 0.0214
vn -0.0000 -0.1337 0.9910
vn -0.0013 -0.1753 0.9845
vn -0.0051 0.7486 -0.6630
vn -0.0062 0.9983 -0.0588
vn -0.0001 0.0005 -1.0000
vn 0.6618 -0.1379 0.7369
vn 0.6094 -0.5203 0.5983
vn 1.0000 -0.0000 -0.0000
vn 0.7978 -0.4641 0.3849
vn 0.7581 -0.1915 0.6234
vn -0.7482 -0.2175 0.6268
vn -0.7503 -0.4218 0.5090
vn -0.6333 -0.3697 0.6799
vn -0.6777 -0.0902 0.7298
vn -0.0000 -0.0000 -1.0000
vn -1.0000 -0.0000 -0.0000
vn -0.0000 -0.0844 0.9964
vn 0.0014 -0.1568 0.9876
vn -0.6618 0.1379 -0.7369
vn -0.6096 0.5199 -0.5984
vn -0.7976 0.4650 -0.3842
vn -0.7584 0.1927 -0.6227
vn 0.7244 0.4501 -0.5222
vn 0.6408 0.3366 -0.6900
vn 0.6777 0.0902 -0.7298
vn -0.0000 -0.0000 1.0000
vn 0.7756 0.2198 -0.5918
vn -0.0000 0.0849 -0.9964
vn 0.0002 0.0729 -0.9973
vn -0.7151 0.6985 0.0269
vn -0.5677 0.5799 0.5843
vn 0.5584 0.5798 0.5933
vn 0.7178 0.6952 0.0372
vn -0.5586 -0.5798 0.5931
vn 0.5676 -0.5799 0.5845
vn -0.7178 -0.6952 0.0371
vn 0.7151 -0.6985 0.0270
vn -0.9933 -0.1158 0.0028
vn -0.7223 -0.6914 -0.0129
vn 0.9933 -0.1158 -0.0028
vn 0.7223 -0.6914 0.0129
vn -0.0940 -0.0000 0.9956
vn 0.0940 -0.0000 -0.9956
vn 0.9742 -0.0003 -0.2256
vn -0.9742 -0.0003 0.2256
vn 0.9855 -0.0099 0.1696
vn 0.9956 -0.0000 0.0940
vn 0.9954 -0.0003 0.0963
vn 0.9843 -0.0108 0.1764
vn -0.9843 -0.0108 -0.1764
vn -0.9855 -0.0099 -0.1696
vn -0.9954 -0.0003 -0.0963
vn -0.9956 -0.0000 -0.0940
vn -0.0003 0.0022 -1.0000
vn -0.0020 1.0000 0.0022
vn 0.0003 -0.0022 1.0000
vn 0.0004 -0.0022 1.0000
vn 0.0020 -1.0000 -0.0022
vn -1.0000 -0.0020 0.0003
vn 1.0000 0.0020 -0.0003
vn -0.0536 -0.6924 0.7196
vn -0.0825 -0.1189 0.9895
vn -0.3162 -0.0005 -0.9487
vn -0.1006 -0.0138 -0.9948
vn 0.3162 -0.0005 0.9487
vn 0.1006 -0.0138 0.9948
vn 0.0536 -0.6924 -0.7196
vn 0.0825 -0.1189 -0.9895
vn 0.0029 -0.0005 -1.0000
vn -0.0743 -0.0124 -0.9972
vn -0.0029 -0.0005 1.0000
vn 0.0743 -0.0124 0.9972
vn 0.7372 -0.1042 -0.6676
vn 0.7058 -0.1032 -0.7008
vn 0.4022 -0.4104 -0.8184
vn 0.6989 -0.3019 -0.6484
vn 0.4383 -0.6271 -0.6439
vn 0.6708 -0.2305 -0.7049
vn 0.6256 -0.4433 -0.6419
vn 0.5208 -0.3102 -0.7953
vn 0.6921 -0.0666 -0.7187
vn 0.6298 -0.2888 0.7211
vn 0.5179 -0.4021 0.7551
vn 0.6609 -0.3795 0.6474
vn 0.7044 -0.1067 0.7018
vn 0.7214 -0.0739 0.6885
vn 0.6921 -0.0562 0.7196
vn 0.5106 -0.2903 0.8093
vn 0.5989 -0.4569 0.6577
vn 0.9997 -0.0240 0.0075
vn 0.9988 -0.0477 0.0072
vn 0.0034 1.0000 -0.0075
vn -0.0015 1.0000 0.0034
vn 0.0015 1.0000 -0.0098
vn -0.0011 0.3198 -0.9475
vn 1.0000 -0.0000 -0.0074
vn 0.9999 -0.0016 -0.0137
vn -0.5140 0.0577 -0.8558
vn -0.5178 -0.0570 -0.8536
vn 0.0068 -0.9999 0.0148
vn -0.0031 -1.0000 -0.0067
vn 0.0010 -0.3186 -0.9479
vn -0.0068 -0.9998 -0.0212
vn 0.5192 -0.0570 0.8527
vn 0.5154 0.0577 0.8550
vn -0.9999 -0.0016 0.0136
vn -1.0000 -0.0000 0.0074
vn 0.0067 -0.9998 0.0212
vn -0.0022 -0.7093 0.7049
vn 0.0031 -1.0000 0.0068
vn -0.0067 -0.9999 -0.0149
vn -1.0000 -0.0000 -0.0074
vn -0.9999 0.0016 -0.0137
vn 0.0024 0.7071 0.7071
vn -0.0015 1.0000 0.0098
vn 0.0015 1.0000 -0.0034
vn -0.0034 1.0000 0.0074
vn 0.9999 0.0016 0.0136
vn 1.0000 -0.0000 0.0074
vn 0.0866 -0.5038 -0.8594
vn -0.0876 -0.5004 -0.8614
vn 0.0025 0.9999 -0.0128
vn -0.0000 1.0000 -0.0074
vn 0.9999 -0.0037 -0.0148
vn 0.9999 0.0026 0.0102
vn 0.9999 -0.0026 -0.0102
vn 0.9999 0.0037 0.0148
vn 0.0034 -1.0000 0.0075
vn -0.0015 -1.0000 -0.0034
vn 0.0015 -1.0000 0.0098
vn -0.0011 -0.3198 0.9475
vn 0.5192 0.0570 -0.8527
vn 0.5154 -0.0577 -0.8550
vn -0.9999 0.0016 -0.0136
vn -0.0025 -0.9999 -0.0128
vn -0.0000 -1.0000 -0.0074
vn -0.5799 0.5798 -0.5723
vn -1.0000 0.0013 -0.0086
vn -1.0000 -0.0013 0.0086
vn -0.7068 0.0013 0.7075
vn 0.0067 0.9998 -0.0212
vn 0.0031 1.0000 -0.0068
vn -0.0067 0.9999 0.0149
vn 0.9999 -0.0016 -0.0136
vn 0.0866 0.5044 0.8591
vn -0.0876 0.4999 0.8617
vn 0.0025 -0.9999 0.0128
vn -0.0000 -1.0000 0.0074
vn 0.5187 -0.0570 0.8530
vn 0.5149 0.0577 0.8553
vn -0.5799 -0.5798 0.5723
vn -0.7067 -0.0013 -0.7075
vn -0.0025 0.9999 0.0128
vn -0.0000 1.0000 0.0074
vn 0.9999 0.0016 0.0137
vn 0.0068 0.9999 -0.0148
vn -0.0031 1.0000 0.0067
vn 0.0010 0.3186 0.9479
vn -0.0068 0.9998 0.0212
vn 0.3201 0.0006 -0.9474
vn 1.0000 -0.0013 -0.0087
vn 1.0000 0.0013 0.0087
vn 0.3197 -0.0006 0.9475
vn -0.0865 0.5048 -0.8589
vn 0.0876 0.4994 -0.8619
vn 0.5187 0.0570 -0.8530
vn 0.5149 -0.0577 -0.8553
vn 0.0024 -0.7079 -0.7063
vn -0.0015 -1.0000 -0.0098
vn 0.0015 -1.0000 0.0034
vn -0.0034 -1.0000 -0.0074
vn -0.9999 0.0037 -0.0149
vn -0.9999 -0.0025 0.0102
vn -0.9999 0.0026 -0.0102
vn -0.9999 -0.0037 0.0149
vn -0.5183 -0.0570 -0.8533
vn -0.5145 0.0577 -0.8555
vn -0.0001 -0.0000 -1.0000
vn 0.0558 -0.6909 -0.7208
vn 0.0825 -0.1144 -0.9900
vn -0.0558 -0.6909 0.7208
vn -0.0825 -0.1144 0.9900
vn -0.3162 -0.0002 -0.9487
vn -0.0947 -0.0092 -0.9955
vn -0.0020 -0.0002 1.0000
vn 0.3162 -0.0002 0.9487
vn 0.0772 -0.0086 0.9970
vn 0.0947 -0.0092 0.9955
vn 0.0020 -0.0002 -1.0000
vn -0.0772 -0.0086 -0.9970
vn -0.5394 -0.0006 0.8420
vn 0.0010 -0.8173 0.5762
vn 0.3189 0.0003 -0.9478
vn -0.0020 -0.8445 -0.5356
vn 0.0656 0.5145 0.8550
vn -0.0663 0.5114 0.8568
vn 0.0018 -0.9999 0.0134
vn 0.0012 -0.8174 0.5761
vn 0.5342 0.0006 0.8453
vn -0.0019 -0.8439 -0.5364
vn -0.3197 -0.0004 -0.9475
vn -1.0000 -0.0012 0.0074
vn -0.0018 0.9999 0.0134
vn 0.9999 0.0008 0.0125
vn 0.7322 -0.6804 -0.0306
vn 0.1221 -0.6420 0.7569
vn 0.1221 0.6420 -0.7569
vn 0.5989 0.7934 -0.1087
vn 0.1069 0.0981 -0.9894
vn 0.1298 -0.0920 -0.9873
vn 0.1868 -0.1947 -0.9629
vn 0.7322 0.6804 0.0306
vn 0.5989 -0.7934 0.1087
vn 0.1868 0.1947 0.9629
vn 0.1069 -0.0981 0.9894
vn 0.1298 0.0920 0.9873
vn 0.8203 -0.5669 -0.0760
vn 0.8202 0.5669 0.0760
vn -0.8202 -0.5669 0.0760
vn -0.8203 0.5669 -0.0760
vn 0.8202 0.5670 0.0760
vn -0.8203 -0.5669 0.0760
vn -0.8202 0.5670 -0.0760
vn 0.5855 -0.8082 0.0633
vn 0.5855 0.8082 -0.0631
vn -0.5855 -0.8082 -0.0633
vn -0.5855 0.8082 0.0631
vn -0.7322 -0.6804 0.0306
vn -0.1221 -0.6420 -0.7569
vn -0.1221 0.6420 0.7569
vn -0.5987 0.7935 0.1087
vn -0.1069 0.0981 0.9894
vn -0.1298 -0.0920 0.9873
vn -0.1868 -0.1947 0.9629
vn -0.7322 0.6804 -0.0306
vn -0.5987 -0.7935 -0.1087
vn -0.1868 0.1947 -0.9629
vn -0.1069 -0.0981 -0.9894
vn -0.1298 0.0920 -0.9873
vn 0.1222 0.6420 -0.7569
vn 0.5991 0.7933 -0.1087
vn 0.1867 -0.1947 -0.9629
vn 0.5990 -0.7933 0.1087
vn -0.8202 0.5669 -0.0760
vn 0.5855 -0.8082 0.0629
vn -0.5855 -0.8082 -0.0630
vn -0.5989 0.7934 0.1087
vn -0.1867 -0.1947 0.9629
vn -0.5989 -0.7934 -0.1087
vn -0.1867 0.1947 -0.9629
vn -0.5987 0.7936 0.1087
vn -0.8202 -0.5670 0.0760
vn 0.8202 -0.5670 -0.0760
vn 0.8203 0.5669 0.0760
vn -0.5810 -0.8115 -0.0632
vn -0.5900 0.8050 0.0627
vn 0.5900 -0.8050 0.0627
vn 0.5810 0.8115 -0.0632
vn 0.1222 -0.6420 0.7569
vn 0.5990 0.7933 -0.1087
vn -0.5810 -0.8114 -0.0636
vn -0.5900 0.8050 0.0630
vn 0.5900 -0.8050 0.0630
vn 0.5810 0.8114 -0.0636
vn 0.5576 0.8275 0.0658
vn 0.5700 -0.4181 0.7073
vn 1.0000 -0.0000 -0.0004
vn -0.5696 0.4182 0.7076
vn -0.5576 -0.8275 0.0659
vn -0.0179 0.5689 -0.8222
vn 0.0179 -0.5693 -0.8220
vn -1.0000 0.0001 0.0007
vn 0.5576 0.8274 0.0664
vn 0.5700 -0.4185 0.7070
vn -0.5696 0.4186 0.7074
vn -0.5576 -0.8274 0.0665
vn -0.0179 0.5686 -0.8224
vn 0.0179 -0.5689 -0.8222
vn -0.7151 0.6985 0.0268
vn -0.5677 0.5799 0.5844
vn 0.5586 0.5798 0.5931
vn 0.7178 0.6953 0.0369
vn 0.5677 -0.5799 0.5843
vn -0.7178 -0.6953 0.0369
vn 0.7151 -0.6985 0.0267
vn -0.7152 0.6984 0.0271
vn -0.5674 0.5798 0.5847
vn 0.5588 0.5798 0.5929
vn -0.5586 -0.5799 0.5930
vn 0.5675 -0.5798 0.5846
vn -0.7179 -0.6952 0.0374
vn -0.7150 0.6986 0.0266
vn -0.5676 0.5798 0.5845
vn 0.5589 0.5798 0.5928
vn 0.7177 0.6954 0.0367
vn -0.5590 -0.5798 0.5928
vn -0.7177 -0.6954 0.0367
vn 0.7150 -0.6986 0.0266
vn -0.7151 0.6985 0.0267
vn -0.5675 0.5798 0.5846
vn -0.5589 -0.5798 0.5928
vn -0.7152 0.6984 0.0270
vn 0.5587 0.5799 0.5930
vn 0.5674 -0.5798 0.5846
vn 0.7151 -0.6985 0.0269
vn 0.5590 0.5798 0.5928
vn -0.5588 -0.5798 0.5929
vn 0.5676 -0.5798 0.5846
vn -0.5587 -0.5799 0.5930
vn 0.7177 0.6953 0.0369
vn 0.5589 0.5798 0.5929
vn 0.6875 0.7239 -0.0573
vn 0.0982 0.2359 0.9668
vn 0.6875 -0.7239 0.0573
vn 0.0982 -0.2359 -0.9668
vn 0.7123 -0.7017 -0.0170
vn 0.0720 -0.6706 0.7384
vn 0.7123 0.7017 0.0170
vn 0.0720 0.6706 -0.7384
vn 0.0648 -0.0639 0.9958
vn 0.0678 0.0634 0.9957
vn 0.0678 -0.0635 -0.9957
vn 0.0648 0.0639 -0.9958
vn -0.0012 -0.5679 0.8231
vn -0.1528 0.5671 0.8094
vn 0.0014 -0.5671 -0.8237
vn 0.1529 0.5679 -0.8088
vn -0.0013 -0.5675 0.8234
vn -0.1528 0.5675 0.8091
vn 0.0013 -0.5675 -0.8234
vn 0.1528 0.5675 -0.8091
vn -0.0013 -0.5674 0.8234
vn -0.1528 0.5674 0.8091
vn 0.0013 -0.5674 -0.8234
vn 0.1528 0.5674 -0.8091
vn 0.0779 -0.8176 -0.5705
vn 0.0307 0.8175 -0.5751
vn -0.0778 -0.8175 0.5706
vn -0.0307 0.8176 0.5750
vn -0.1061 -0.8185 0.5647
vn -0.0616 0.8177 0.5724
vn 0.1068 -0.8177 -0.5657
vn 0.0614 0.8185 -0.5712
vn -0.0015 -0.5668 0.8238
vn -0.1529 0.5680 0.8087
vn 0.0012 -0.5680 -0.8230
vn 0.1528 0.5668 -0.8095
vn -0.0014 -0.5672 0.8235
vn -0.1529 0.5676 0.8090
vn 0.0013 -0.5676 -0.8233
vn 0.1528 0.5672 -0.8093
vn -0.1529 0.5674 0.8091
vn 0.9581 -0.1828 0.2204
vn 0.9446 -0.3162 0.0880
vn -0.9857 -0.1636 0.0404
vn -0.9938 -0.0683 0.0883
vn -0.0599 -0.7710 0.6340
vn 0.6375 -0.0001 0.7704
vn 0.0599 -0.7710 -0.6340
vn -0.6798 -0.1047 -0.7259
vn 0.9667 -0.1380 0.2154
vn 0.9661 -0.0686 0.2487
vn 0.9957 -0.0686 -0.0619
vn -0.9954 -0.0094 -0.0952
vn -0.9960 -0.0001 -0.0898
vn -0.9956 -0.0686 0.0635
vn 0.0777 -0.8181 -0.5698
vn 0.0308 0.8181 -0.5742
vn -0.0777 -0.8182 0.5697
vn -0.0308 0.8181 0.5742
vn 0.0775 -0.8180 -0.5699
vn 0.0308 0.8180 -0.5743
vn -0.0774 -0.8180 0.5699
vn -0.0308 0.8180 0.5743
vn -0.9904 -0.1376 0.0143
vn -0.7045 -0.7070 -0.0626
vn -0.9742 -0.0000 0.2256
vn 0.9734 -0.0944 0.2088
vn 0.9658 -0.1379 0.2195
vn 0.9638 -0.0540 0.2612
vn 0.9948 -0.0215 0.0996
vn 0.9954 -0.0000 0.0955
vn -0.9898 -0.1379 0.0349
vn -0.9956 -0.0540 0.0761
vn 0.0683 -0.6872 -0.7232
vn 0.9957 -0.0539 -0.0752
vn -0.0683 -0.6873 0.7231
vn 0.6865 -0.1101 0.7188
vn 0.9608 -0.1434 0.2372
vn 0.9948 -0.0215 0.0995
vn -0.9882 -0.1434 0.0532
vn -0.9618 -0.1436 -0.2332
vn -0.9958 -0.0539 0.0746
vn 0.1528 0.5669 -0.8095
vn -0.0014 -0.5673 0.8235
vn 0.1528 0.5673 -0.8092
vn -0.0015 -0.5669 0.8238
vn -0.1529 0.5677 0.8089
vn 0.0013 -0.5677 -0.8233
vn 0.0177 -0.8138 0.5809
vn 0.6053 0.5337 0.5906
vn -0.7520 0.3177 0.5776
vn -0.7806 0.2419 -0.5763
vn 0.2386 0.7738 -0.5868
vn 0.7657 -0.2526 -0.5916
vn -0.2658 -0.7701 -0.5800
vn 0.1911 -0.5745 -0.7959
vn -0.4168 -0.5833 0.6971
vn -0.7526 -0.5956 -0.2809
vn 0.7550 -0.5664 0.3304
vn 0.1896 0.5764 -0.7948
vn -0.7374 0.5981 -0.3138
vn -0.5571 0.6014 0.5727
vn 0.2380 0.6171 0.7500
vn 0.8006 0.5926 0.0886
vn 0.7695 -0.2379 0.5927
vn -0.2464 0.7718 0.5862
vn -0.5716 -0.5761 0.5843
vn 0.4328 -0.6841 -0.5872
vn -0.6831 -0.4303 -0.5901
vn -0.5280 0.6172 -0.5833
vn 0.6225 0.5114 -0.5924
vt 0.000000 39.370079
vt 6.747558 26.587276
vt 39.370079 39.370079
vt 13.595590 24.857018
vt 26.402180 14.610744
vt 29.407412 0.000000
vt 39.370079 0.000000
vt 0.000000 0.000000
vt 39.370079 31.260075
vt 0.000000 0.128681
vt 39.370079 0.209057
vt 14.964924 15.762957
vt 26.467077 24.484076
vt 35.336681 28.348738
vt 9.962667 0.000000
vt 6.747858 26.587029
vt 13.595641 24.856972
vt 26.402742 14.610250
vt 39.370079 31.259251
vt 0.000000 0.128692
vt 14.963907 15.762169
vt 26.467203 24.484098
vt 35.336857 28.348934
vt 39.372875 40.243362
vt 0.000000 9.888244
vt 39.325989 0.077646
vt 39.230072 39.370079
vt 39.178444 1.720519
vt 39.285847 1.783351
vt 39.260593 0.840436
vt 0.000000 40.274685
vt 39.370079 28.068424
vt 39.258942 0.192237
vt 0.111137 0.192237
vt 39.160419 39.370079
vt 39.241081 0.354083
vt 0.237593 2.398153
vt 0.212725 39.370079
vt 39.132488 2.398153
vt 39.132488 39.370079
vt 0.121688 1.364108
vt 39.178444 0.000000
vt 39.370079 1.720519
vt 39.268669 39.370079
vt 39.180244 39.370079
vt 39.248169 0.708480
vt 39.370079 11.213802
vt 0.134113 2.842649
vt 0.000000 20.405838
vt 39.370079 29.528809
vt 0.109488 0.840455
vt 0.534690 24.678101
vt 1.779123 19.447279
vt 38.499184 22.573639
vt 37.488842 19.224730
vt 36.181648 8.164484
vt 2.402590 12.436827
vt 3.649034 2.556923
vt 35.555870 0.342961
vt 39.162823 39.370079
vt 39.318176 0.273206
vt 39.248337 1.363025
vt 39.228588 39.370079
vt 39.285843 1.783436
vt 39.260597 0.840420
vt 0.000000 1.707174
vt 39.241074 0.354031
vt 0.212726 39.370079
vt 39.132683 39.370079
vt 0.121693 1.364164
vt 39.268551 39.370079
vt 39.248184 0.708649
vt 39.370079 10.871179
vt 0.134116 2.842716
vt 0.000000 20.405478
vt 39.370079 29.529638
vt 0.109486 0.840446
vt 0.534671 24.678272
vt 1.779116 19.447296
vt 38.548752 22.753231
vt 37.552921 19.758087
vt 36.168495 8.072291
vt 2.360416 12.875492
vt 3.650528 2.510238
vt 35.555870 0.342980
vt 39.317982 0.274224
vt 39.248520 1.362633
vt 39.221359 39.370079
vt 39.294186 1.606812
vt 39.278858 0.699276
vt 39.324913 0.088054
vt 39.370079 40.163307
vt 0.000000 3.512613
vt 0.111437 0.192237
vt 39.241390 0.355425
vt 0.218200 39.370079
vt 39.132690 39.370079
vt -0.002456 40.135811
vt 0.040385 0.071365
vt 39.370079 10.974253
vt 39.271999 39.370079
vt 39.248173 0.708508
vt 39.370079 11.442546
vt 0.119291 2.528489
vt 0.000000 27.854321
vt 39.370079 29.527975
vt 0.101864 0.781932
vt 0.041528 0.080736
vt 39.370079 16.297194
vt 0.400283 27.093819
vt 1.742099 19.723072
vt 38.540657 22.613594
vt 39.116760 31.128963
vt 37.553032 19.758984
vt 36.135036 7.910817
vt 2.450177 12.042963
vt 3.646563 2.592784
vt 35.671860 0.948015
vt 39.370079 39.370117
vt 0.000000 39.370117
vt 164.755524 -192.412552
vt 164.691467 -199.123749
vt 165.480621 -199.913010
vt 163.783310 -192.412552
vt 163.808990 -198.240845
vt 164.583588 -192.412567
vt 193.412552 -71.945885
vt 197.743607 -71.945885
vt 193.412537 -69.390839
vt 197.743607 -69.972443
vt 193.412567 -65.721657
vt 201.265442 -66.489319
vt 201.329498 -65.316940
vt 92.087395 -199.250793
vt 93.204391 -198.134262
vt 92.361298 -198.977020
vt -161.311325 -71.945885
vt -93.595016 -71.945885
vt -161.311325 -69.972443
vt -93.595016 -69.972443
vt -164.833038 -66.489319
vt -90.063568 -65.809509
vt -164.897110 -65.316940
vt 92.283005 -192.412582
vt 93.120880 -192.412582
vt -196.743637 -71.945885
vt -192.412582 -71.945885
vt -196.743637 -69.972443
vt -192.412582 -69.285995
vt 94.647720 -192.412582
vt 94.626732 -196.711914
vt 162.165283 -192.412552
vt 162.294418 -196.726715
vt -90.583481 -199.754913
vt -90.650558 -192.412582
vt -164.427307 -199.859467
vt -164.295715 -192.412567
vt 91.491882 -65.247261
vt 93.884781 -69.261467
vt 162.887894 -69.373993
vt 162.165283 -72.041946
vt 94.647720 -71.971916
vt 165.602173 -65.685905
vt 39.248329 1.363141
vt 39.229637 39.370079
vt 39.285843 1.783403
vt 39.260597 0.840417
vt 0.000000 0.906233
vt 39.241074 0.354056
vt 0.212720 39.370079
vt 0.121695 1.364188
vt 39.268795 39.370079
vt 39.248161 0.708411
vt 39.370079 12.556934
vt 0.134109 2.842580
vt 0.000000 20.404892
vt 0.109486 0.840441
vt 0.534750 24.677963
vt 1.779221 19.447317
vt 38.499275 22.573416
vt 37.488968 19.224741
vt 36.179657 8.153943
vt 2.546648 11.236123
vt 3.643322 2.739886
vt 35.555897 0.342928
vt -91.151077 -192.412613
vt -91.215233 -199.123825
vt -90.426086 -199.912720
vt -92.122894 -192.412613
vt -92.097595 -198.241043
vt -91.323151 -192.412613
vt 193.412613 -71.945885
vt 197.743668 -71.945885
vt 193.412628 -69.391006
vt 197.743668 -69.972443
vt 193.412613 -65.721565
vt 201.265305 -66.489677
vt 201.325821 -65.309387
vt -163.793015 -199.224945
vt -162.702347 -198.134323
vt -163.544861 -198.976852
vt 94.594925 -71.945885
vt 162.311722 -71.945885
vt 94.594925 -69.972443
vt 162.311722 -69.972443
vt 91.073624 -66.489677
vt 165.834152 -65.854546
vt 91.013107 -65.309387
vt -163.623276 -192.412628
vt -162.785965 -192.412643
vt -196.743698 -71.945885
vt -192.412643 -71.945885
vt -196.743698 -69.972443
vt -192.412659 -69.314240
vt -161.259033 -192.412643
vt -161.280029 -196.711990
vt -93.740936 -192.412613
vt -93.611832 -196.726776
vt 165.287460 -199.719498
vt 165.152222 -192.412659
vt 91.469734 -199.869156
vt 91.611275 -192.412628
vt -164.514481 -65.212250
vt -162.006866 -69.290764
vt -93.018471 -69.374084
vt -93.740936 -72.041924
vt -161.259033 -71.971909
vt -90.303780 -65.685539
vt 39.241417 0.355539
vt 0.095558 1.364258
vt 39.272038 39.370079
vt 39.370079 11.300632
vt 39.248123 0.708032
vt 0.103175 2.842640
vt 0.088009 0.840435
vt 39.370079 2.640856
vt 0.032955 0.080762
vt 0.167776 39.370079
vt 0.187431 2.398153
vt 39.182346 2.398153
vt 39.182346 39.370079
vt 39.274597 1.363151
vt 39.178444 39.370079
vt 39.332790 1.028889
vt 0.000000 31.019234
vt 39.284622 0.817463
vt 39.277996 0.404216
vt 0.086206 0.192237
vt 39.283875 0.192237
vt 0.000000 19.937214
vt 2.927616 2.568276
vt 36.403152 0.947853
vt 36.613846 6.916613
vt 1.932779 12.367104
vt 37.264362 10.416138
vt 37.860992 19.224697
vt 1.427423 19.447651
vt 38.660568 22.356314
vt 39.327171 37.623268
vt 0.428931 24.684093
vt 6.747642 26.587301
vt 13.595672 24.856947
vt 26.403002 14.610150
vt 39.370079 31.259693
vt 0.000000 0.128708
vt 14.963684 15.762192
vt 26.467150 24.484123
vt 35.336876 28.349136
vt 6.747485 26.587236
vt 13.595575 24.857025
vt 26.244604 14.663321
vt 0.000000 33.949829
vt 39.370079 31.258581
vt 0.000000 0.128717
vt 25.690037 23.715750
vt 13.293402 14.968801
vt 35.337513 28.349438
vt 0.000000 0.074269
vt 39.370079 0.191636
vt 22.153522 -176.271240
vt 22.284517 -178.082947
vt 25.539925 -178.109894
vt 25.696980 -176.271240
vt 22.400431 -35.129925
vt 22.403870 -125.287399
vt 25.448891 -35.129925
vt 25.452394 -125.287399
vt -21.310476 -178.108917
vt -21.153522 -176.271240
vt -24.696980 -176.271240
vt -24.565639 -178.083954
vt 179.100891 -125.287399
vt 179.076996 -35.129925
vt 177.271240 -125.287399
vt 177.271240 -35.129925
vt -178.101959 -35.129921
vt -178.078064 -125.287399
vt -176.271240 -35.129925
vt -176.271240 -125.287399
vt -24.696980 -35.129925
vt -24.696980 -125.287399
vt -21.153522 -35.129925
vt -21.153522 -125.287399
vt 39.370079 39.370075
vt 0.000000 39.370075
vt 0.000038 39.370075
vt 0.000038 0.000000
vt 39.370041 0.000000
vt 39.370041 39.370079
vt 1.000000 0.007922
vt 0.000000 0.007922
vt 1.000000 0.992078
vt 0.000000 0.992078
vt 0.000038 39.370079
vt 0.000000 39.370041
vt 39.370079 39.370041
vt 0.000000 19.685036
vt 19.685223 0.000000
vt 19.685036 0.000000
vt 31.987888 34.827389
vt 7.381890 34.827389
vt 7.381890 0.000000
vt 31.987888 0.000000
vt 31.988190 0.000000
vt 31.988190 34.827389
vt 7.382190 34.827389
vt 7.382190 0.000000
vt 0.000000 19.685059
vt 19.685219 0.000000
vt 19.685059 0.000000
vt 39.370079 19.685040
vt 19.685040 0.000000
vt 0.000000 19.685040
vt 31.987888 33.745785
vt 7.381890 33.745785
vt 31.988190 33.745785
vt 7.382190 33.745785
vt 1.960919 33.137077
vt 14.116879 24.410915
vt 4.141702 28.102943
vt 8.839403 25.411076
vt 17.085360 20.671118
vt 20.338133 17.562534
vt 26.974583 14.521408
vt 28.847122 10.602455
vt 39.370079 27.188570
vt 0.000000 0.209057
vt 11.083336 10.602455
vt 12.378414 14.524821
vt 19.060944 17.627563
vt 22.844746 20.671116
vt 26.997963 24.606560
vt 37.969429 33.137077
vt 35.172874 28.052307
vt 0.000000 0.229483
vt 39.370079 0.229483
vt 0.394085 0.218723
vt 39.173229 0.109421
vt 0.394085 39.151360
vt 39.173447 39.260780
vt 0.393485 39.151360
vt 39.172901 39.260643
vt 39.173176 0.109284
vt 0.393485 0.218723
vt 38.975994 39.151360
vt 0.196849 39.260658
vt 38.976593 0.218723
vt 0.196903 39.260796
vt 38.976593 39.151360
vt 39.173325 0.109369
vt 0.196988 39.260750
vt 39.173092 0.109331
vt 0.196724 0.109351
vt 38.975994 0.218723
vt 39.172977 39.260689
vt 0.197107 0.109397
vt 39.172989 39.260696
vt 39.173088 0.109333
vt 39.173317 0.109372
vt 39.173363 39.260735
vt 33.745953 35.433075
vt 5.624426 35.433075
vt 5.624426 0.000000
vt 33.745953 0.000000
vt 33.745655 35.433075
vt 5.624125 35.433075
vt 5.624125 0.000000
vt 33.745655 0.000000
vt 0.000000 39.370083
vt 13.123515 0.000000
vt 39.370079 39.370083
vt 0.000601 0.000000
vt 0.000601 39.370079
vt 39.107754 0.000000
vt 0.175016 0.000000
vt 0.262523 39.224262
vt 39.107555 39.224262
vt 39.282570 0.000000
vt 178.453400 -83.555115
vt 178.453400 -17.413383
vt 177.272247 -83.555115
vt 177.272247 -17.413383
vt -127.492386 -176.272247
vt -144.775589 -176.744720
vt -127.492386 -177.453400
vt -127.492386 -17.413383
vt -129.421585 -81.586609
vt -127.492386 -83.555115
vt -142.807327 -81.586609
vt -144.775589 -83.555115
vt -142.807327 -19.381882
vt -144.775589 -17.413383
vt -129.421585 -19.381882
vt 130.421585 -176.744720
vt 143.807327 -177.453400
vt 143.807327 -176.272247
vt -142.807327 -177.453400
vt -129.421585 -176.980942
vt -142.807327 -176.272247
vt 178.453400 -81.586609
vt 178.453400 -19.381882
vt 177.272247 -81.586609
vt 177.272247 -19.381882
vt 128.492386 -177.453400
vt 145.775589 -176.980942
vt 128.492386 -176.272247
vt 128.492386 -83.555115
vt 130.421585 -19.381882
vt 128.492386 -17.413383
vt 143.807327 -19.381882
vt 145.775589 -17.413383
vt 143.807327 -81.586609
vt 145.775589 -83.555115
vt 130.421585 -81.586609
vt 143.807327 -35.425179
vt 143.807327 -33.456673
vt 130.421585 -35.425179
vt 130.421585 -33.456673
vt -142.807327 -33.456673
vt -142.807327 -35.425179
vt -129.421585 -33.456673
vt -129.421585 -35.425179
vt 143.807327 -51.468498
vt 143.807327 -49.500000
vt 130.421585 -51.468498
vt 130.421585 -49.500000
vt -142.807327 -49.500000
vt -142.807327 -51.468498
vt -129.421585 -49.500000
vt -129.421585 -51.468498
vt 143.807327 -67.511810
vt 143.807327 -65.543304
vt 130.421585 -67.511810
vt 130.421585 -65.543304
vt -142.807327 -65.543304
vt -142.807327 -67.511810
vt -129.421585 -65.543304
vt -129.421585 -67.511810
vt 180.422150 -83.555115
vt 180.422150 -17.413383
vt 111.129105 -179.422150
vt 145.774612 -179.422150
vt 111.129105 -176.272247
vt 145.774612 -176.272247
vt -179.422150 -17.413383
vt -179.422150 -83.555115
vt -176.272247 -17.413383
vt -176.272247 -83.555115
vt -144.774612 -179.422150
vt -110.129105 -179.422150
vt -144.774612 -176.272247
vt -110.129105 -176.272247
vt -179.422150 -15.444878
vt -179.422150 -85.523621
vt -176.272247 -15.444878
vt -176.272247 -85.523621
vt -146.743362 -179.422150
vt -108.160843 -179.422150
vt -146.743362 -176.272247
vt -108.160843 -176.272247
vt 180.422150 -85.523621
vt 180.422150 -15.444878
vt 177.272247 -85.523621
vt 177.272247 -15.444878
vt 109.160843 -179.422150
vt 147.743362 -179.422150
vt 109.160843 -176.272247
vt 147.743362 -176.272247
vt -144.774612 -17.413383
vt -146.743362 -85.523621
vt -144.774612 -83.555115
vt -108.160843 -85.523621
vt -110.129105 -83.555115
vt -108.160843 -15.444878
vt -110.129105 -17.413383
vt -146.743362 -15.444878
vt 145.774612 -83.555115
vt 147.743362 -15.444878
vt 145.774612 -17.413383
vt 109.160843 -15.444878
vt 111.129105 -17.413383
vt 109.160843 -85.523621
vt 111.129105 -83.555115
vt 147.743362 -85.523621
vt 126.483109 -35.425179
vt 126.483109 -33.456673
vt 113.097366 -35.425179
vt 113.097366 -33.456673
vt -112.097366 -35.425179
vt -112.097366 -33.456673
vt -125.483109 -35.425179
vt -125.483109 -33.456673
vt 126.483109 -51.468498
vt 126.483109 -49.500000
vt 113.097366 -51.468498
vt 113.097366 -49.500000
vt -112.097366 -51.468498
vt -112.097366 -49.500000
vt -125.483109 -51.468498
vt -125.483109 -49.500000
vt 126.483109 -67.511810
vt 126.483109 -65.543304
vt 113.097366 -67.511810
vt 113.097366 -65.543304
vt -112.097366 -67.511810
vt -112.097366 -65.543304
vt -125.483109 -67.511810
vt -125.483109 -65.543304
vt -177.453400 -17.413383
vt -177.453400 -83.555115
vt -127.412796 -177.453400
vt -110.129105 -176.980942
vt -127.412796 -176.272247
vt 128.412796 -17.413383
vt 126.483109 -81.586609
vt 128.412796 -83.555115
vt 113.097366 -81.586609
vt 113.097366 -19.381882
vt 126.483109 -19.381882
vt 113.097366 -177.453400
vt 126.483109 -176.980942
vt 113.097366 -176.272247
vt -125.483109 -176.744720
vt -112.097366 -177.453400
vt -112.097366 -176.272247
vt -177.453400 -19.381882
vt -177.453400 -81.586609
vt -176.272247 -19.381882
vt -176.272247 -81.586609
vt 128.412796 -176.272247
vt 111.129105 -176.744720
vt 128.412796 -177.453400
vt -127.412796 -83.555115
vt -125.483109 -19.381882
vt -127.412796 -17.413383
vt -112.097366 -19.381882
vt -112.097366 -81.586609
vt -125.483109 -81.586609
vt 178.453339 -83.555115
vt 178.453339 -17.413383
vt 177.272186 -83.555115
vt 177.272186 -17.413383
vt 128.413864 -176.272186
vt 111.130661 -176.744659
vt 128.413864 -177.453339
vt 128.413864 -17.413383
vt 126.485153 -81.586609
vt 128.413864 -83.555115
vt 113.099411 -81.586609
vt 111.130661 -83.555115
vt 113.099411 -19.381882
vt 111.130661 -17.413383
vt 126.485153 -19.381882
vt -125.485153 -176.744659
vt -112.099411 -177.453339
vt -112.099411 -176.272186
vt 113.099411 -177.453339
vt 126.485153 -176.980881
vt 113.099411 -176.272186
vt 178.453339 -81.586609
vt 178.453339 -19.381882
vt 177.272186 -81.586609
vt 177.272186 -19.381882
vt -127.413864 -177.453339
vt -110.130661 -176.980881
vt -127.413864 -176.272186
vt -127.413864 -83.555115
vt -125.485153 -19.381882
vt -127.413864 -17.413383
vt -112.099411 -19.381882
vt -110.130661 -17.413383
vt -112.099411 -81.586609
vt -110.130661 -83.555115
vt -125.485153 -81.586609
vt -112.098923 -35.425179
vt -112.098923 -33.456673
vt -125.484665 -35.425179
vt -125.484665 -33.456673
vt 113.098923 -33.456673
vt 113.098923 -35.425179
vt 126.484665 -33.456673
vt 126.484665 -35.425179
vt -112.098923 -51.468498
vt -112.098923 -49.500000
vt -125.484665 -51.468498
vt -125.484665 -49.500000
vt 113.098923 -49.500000
vt 113.098923 -51.468498
vt 126.484665 -49.500000
vt 126.484665 -51.468498
vt -112.098923 -67.511810
vt -112.098923 -65.543304
vt -125.484665 -67.511810
vt -125.484665 -65.543304
vt 113.098923 -65.543304
vt 113.098923 -67.511810
vt 126.484665 -65.543304
vt 126.484665 -67.511810
vt 180.422089 -83.555115
vt 180.422089 -17.413383
vt -144.775681 -179.422089
vt -110.129684 -179.422089
vt -144.775681 -176.272186
vt -110.129684 -176.272186
vt -179.422089 -17.413383
vt -179.422089 -83.555115
vt -176.272186 -17.413383
vt -176.272186 -83.555115
vt 111.129684 -179.422089
vt 145.775681 -179.422089
vt 111.129684 -176.272186
vt 145.775681 -176.272186
vt -179.422089 -15.444878
vt -179.422089 -85.523621
vt -176.272186 -15.444878
vt -176.272186 -85.523621
vt 109.160934 -179.422089
vt 147.743454 -179.422089
vt 109.160934 -176.272186
vt 147.743454 -176.272186
vt 180.422089 -85.523621
vt 180.422089 -15.444878
vt 177.272186 -85.523621
vt 177.272186 -15.444878
vt -146.743454 -179.422089
vt -108.160934 -179.422089
vt -146.743454 -176.272186
vt -108.160934 -176.272186
vt 111.129684 -17.413383
vt 109.160934 -85.523621
vt 111.129684 -83.555115
vt 147.743454 -85.523621
vt 145.775681 -83.555115
vt 147.743454 -15.444878
vt 145.775681 -17.413383
vt 109.160934 -15.444878
vt -110.129684 -83.555115
vt -108.160934 -15.444878
vt -110.129684 -17.413383
vt -146.743454 -15.444878
vt -144.775681 -17.413383
vt -146.743454 -85.523621
vt -144.775681 -83.555115
vt -108.160934 -85.523621
vt -129.421188 -35.425179
vt -129.421188 -33.456673
vt -142.806931 -35.425179
vt -142.806931 -33.456673
vt 143.806931 -35.425179
vt 143.806931 -33.456673
vt 130.421188 -35.425179
vt 130.421188 -33.456673
vt -129.421188 -51.468498
vt -129.421188 -49.500000
vt -142.806931 -51.468498
vt -142.806931 -49.500000
vt 143.806931 -51.468498
vt 143.806931 -49.500000
vt 130.421188 -51.468498
vt 130.421188 -49.500000
vt -129.421188 -67.511810
vt -129.421188 -65.543304
vt -142.806931 -67.511810
vt -142.806931 -65.543304
vt 143.806931 -67.511810
vt 143.806931 -65.543304
vt 130.421188 -67.511810
vt 130.421188 -65.543304
vt -177.453339 -17.413383
vt -177.453339 -83.555115
vt 128.491989 -177.453339
vt 145.775681 -176.980881
vt 128.491989 -176.272186
vt -127.491989 -17.413383
vt -129.421188 -81.586609
vt -127.491989 -83.555115
vt -142.806931 -81.586609
vt -142.806931 -19.381882
vt -129.421188 -19.381882
vt -142.806931 -177.453339
vt -129.421188 -176.980881
vt -142.806931 -176.272186
vt 130.421188 -176.744659
vt 143.806931 -177.453339
vt 143.806931 -176.272186
vt -177.453339 -19.381882
vt -177.453339 -81.586609
vt -176.272186 -19.381882
vt -176.272186 -81.586609
vt -127.491989 -176.272186
vt -144.775681 -176.744659
vt -127.491989 -177.453339
vt 128.491989 -83.555115
vt 130.421188 -19.381882
vt 128.491989 -17.413383
vt 143.806931 -19.381882
vt 143.806931 -81.586609
vt 130.421188 -81.586609
vt 179.239471 -83.555115
vt 179.239471 -17.413383
vt 178.058319 -83.555115
vt 178.058319 -17.413383
vt -127.412888 178.058319
vt -110.129204 178.530792
vt -127.412888 179.239471
vt 128.412888 -17.413383
vt 126.483200 -81.586609
vt 128.412888 -83.555115
vt 113.097458 -81.586609
vt 111.129196 -83.555115
vt 113.097458 -19.381882
vt 111.129196 -17.413383
vt 126.483200 -19.381882
vt 126.483200 178.530792
vt 113.097458 179.239471
vt 113.097458 178.058319
vt -112.097458 179.239471
vt -125.483200 178.766998
vt -112.097458 178.058319
vt 179.239471 -81.586609
vt 179.239471 -19.381882
vt 178.058319 -81.586609
vt 178.058319 -19.381882
vt 128.412888 179.239471
vt 111.129196 178.766998
vt 128.412888 178.058319
vt -127.412888 -83.555115
vt -125.483200 -19.381882
vt -127.412888 -17.413383
vt -112.097458 -19.381882
vt -110.129196 -17.413383
vt -112.097458 -81.586609
vt -110.129196 -83.555115
vt -125.483200 -81.586609
vt -112.097458 -35.425179
vt -112.097458 -33.456673
vt -125.483200 -35.425179
vt -125.483200 -33.456673
vt 113.097458 -33.456673
vt 113.097458 -35.425179
vt 126.483200 -33.456673
vt 126.483200 -35.425179
vt -112.097458 -51.468498
vt -112.097458 -49.500000
vt -125.483200 -51.468498
vt -125.483200 -49.500000
vt 113.097458 -49.500000
vt 113.097458 -51.468498
vt 126.483200 -49.500000
vt 126.483200 -51.468498
vt -112.097458 -67.511810
vt -112.097458 -65.543304
vt -125.483200 -67.511810
vt -125.483200 -65.543304
vt 113.097458 -65.543304
vt 113.097458 -67.511810
vt 126.483200 -65.543304
vt 126.483200 -67.511810
vt 181.208221 -83.555115
vt 181.208221 -17.413383
vt 145.774704 181.208221
vt 111.129196 181.208221
vt 145.774704 178.058319
vt 111.129196 178.058319
vt -180.208221 -17.413383
vt -180.208221 -83.555115
vt -177.058319 -17.413383
vt -177.058319 -83.555115
vt -110.129196 181.208221
vt -144.774704 181.208221
vt -110.129196 178.058319
vt -144.774704 178.058319
vt -180.208221 -15.444878
vt -180.208221 -85.523621
vt -177.058319 -15.444878
vt -177.058319 -85.523621
vt -108.160934 181.208221
vt -146.743454 181.208221
vt -108.160934 178.058319
vt -146.743454 178.058319
vt 181.208221 -85.523621
vt 181.208221 -15.444878
vt 178.058319 -85.523621
vt 178.058319 -15.444878
vt 147.743454 181.208221
vt 109.160934 181.208221
vt 147.743454 178.058319
vt 109.160934 178.058319
vt 145.774704 -83.555115
vt 145.774704 -17.413383
vt -144.774704 -17.413383
vt -144.774704 -83.555115
vt -129.421677 -35.425179
vt -129.421677 -33.456673
vt -142.807419 -35.425179
vt -142.807419 -33.456673
vt 143.807419 -35.425179
vt 143.807419 -33.456673
vt 130.421677 -35.425179
vt 130.421677 -33.456673
vt -129.421677 -51.468498
vt -129.421677 -49.500000
vt -142.807419 -51.468498
vt -142.807419 -49.500000
vt 143.807419 -51.468498
vt 143.807419 -49.500000
vt 130.421677 -51.468498
vt 130.421677 -49.500000
vt -129.421677 -67.511810
vt -129.421677 -65.543304
vt -142.807419 -67.511810
vt -142.807419 -65.543304
vt 143.807419 -67.511810
vt 143.807419 -65.543304
vt 130.421677 -67.511810
vt 130.421677 -65.543304
vt -178.239471 -17.413383
vt -178.239471 -83.555115
vt -127.492477 179.239471
vt -144.775681 178.767014
vt -127.492477 178.058319
vt -127.492477 -17.413383
vt -129.421677 -81.586609
vt -127.492477 -83.555115
vt -142.807419 -81.586609
vt -142.807419 -19.381882
vt -129.421677 -19.381882
vt 143.807419 179.239471
vt 130.421677 178.767014
vt 143.807419 178.058319
vt -129.421677 178.530792
vt -142.807419 179.239471
vt -142.807419 178.058319
vt -178.239471 -19.381882
vt -178.239471 -81.586609
vt -177.058319 -19.381882
vt -177.058319 -81.586609
vt 128.492477 178.058319
vt 145.775681 178.530792
vt 128.492477 179.239471
vt 128.492477 -83.555115
vt 130.421677 -19.381882
vt 128.492477 -17.413383
vt 143.807419 -19.381882
vt 143.807419 -81.586609
vt 130.421677 -81.586609
vt 179.239502 -83.555115
vt 179.239502 -17.413383
vt 178.058350 -83.555115
vt 178.058350 -17.413383
vt 0.538287 178.058350
vt 17.822468 178.530823
vt 0.538287 179.239502
vt 0.461713 -17.413383
vt -1.467975 -81.586609
vt 0.461713 -83.555115
vt -14.853717 -81.586609
vt -16.822468 -83.555115
vt -14.853717 -19.381882
vt -16.822468 -17.413383
vt -1.467975 -19.381882
vt -1.467975 178.530823
vt -14.853717 179.239502
vt -14.853717 178.058350
vt 15.853717 179.239502
vt 2.467975 178.767029
vt 15.853717 178.058350
vt 179.239502 -81.586609
vt 179.239502 -19.381882
vt 178.058350 -81.586609
vt 178.058350 -19.381882
vt 0.461713 179.239502
vt -16.822468 178.767029
vt 0.461713 178.058350
vt 0.538287 -83.555115
vt 2.467975 -19.381882
vt 0.538287 -17.413383
vt 15.853717 -19.381882
vt 17.822468 -17.413383
vt 15.853717 -81.586609
vt 17.822468 -83.555115
vt 2.467975 -81.586609
vt 15.853718 -35.425179
vt 15.853718 -33.456673
vt 2.467976 -35.425179
vt 2.467976 -33.456673
vt -14.853718 -33.456673
vt -14.853718 -35.425179
vt -1.467976 -33.456673
vt -1.467976 -35.425179
vt 15.853718 -51.468498
vt 15.853718 -49.500000
vt 2.467976 -51.468498
vt 2.467976 -49.500000
vt -14.853718 -49.500000
vt -14.853718 -51.468498
vt -1.467976 -49.500000
vt -1.467976 -51.468498
vt 15.853718 -67.511810
vt 15.853718 -65.543304
vt 2.467976 -67.511810
vt 2.467976 -65.543304
vt -14.853718 -65.543304
vt -14.853718 -67.511810
vt -1.467976 -65.543304
vt -1.467976 -67.511810
vt 181.208252 -83.555115
vt 181.208252 -17.413383
vt 17.822063 181.208252
vt -16.823933 181.208252
vt 17.822063 178.058350
vt -16.823933 178.058350
vt -180.208252 -17.413383
vt -180.208252 -83.555115
vt -177.058350 -17.413383
vt -177.058350 -83.555115
vt 17.823933 181.208252
vt -16.822063 181.208252
vt 17.823933 178.058350
vt -16.822063 178.058350
vt -180.208252 -15.444878
vt -180.208252 -85.523621
vt -177.058350 -15.444878
vt -177.058350 -85.523621
vt 19.791706 181.208252
vt -18.790813 181.208252
vt 19.791706 178.058350
vt -18.790813 178.058350
vt 181.208252 -85.523621
vt 181.208252 -15.444878
vt 178.058350 -85.523621
vt 178.058350 -15.444878
vt 19.790813 181.208252
vt -18.791706 181.208252
vt 19.790813 178.058350
vt -18.791706 178.058350
vt -16.823933 -17.413383
vt -18.791706 -85.523621
vt -16.823933 -83.555115
vt 19.790813 -85.523621
vt 17.822063 -83.555115
vt 19.790813 -15.444878
vt 17.822063 -17.413383
vt -18.791706 -15.444878
vt 17.823933 -83.555115
vt 19.791706 -15.444878
vt 17.823933 -17.413383
vt -18.790813 -15.444878
vt -16.822063 -17.413383
vt -18.790813 -85.523621
vt -16.822063 -83.555115
vt 19.791706 -85.523621
vt -1.468548 -35.425179
vt -1.468548 -33.456673
vt -14.854290 -35.425179
vt -14.854290 -33.456673
vt 15.854290 -35.425179
vt 15.854290 -33.456673
vt 2.468548 -35.425179
vt 2.468548 -33.456673
vt -1.468548 -51.468498
vt -1.468548 -49.500000
vt -14.854290 -51.468498
vt -14.854290 -49.500000
vt 15.854290 -51.468498
vt 15.854290 -49.500000
vt 2.468548 -51.468498
vt 2.468548 -49.500000
vt -1.468548 -67.511810
vt -1.468548 -65.543304
vt -14.854290 -67.511810
vt -14.854290 -65.543304
vt 15.854290 -67.511810
vt 15.854290 -65.543304
vt 2.468548 -67.511810
vt 2.468548 -65.543304
vt -178.239502 -17.413383
vt -178.239502 -83.555115
vt 0.460650 179.239502
vt -16.822552 178.767029
vt 0.460650 178.058350
vt 0.460650 -17.413383
vt -1.468060 -81.586609
vt 0.460650 -83.555115
vt -14.853803 -81.586609
vt -16.822552 -83.555115
vt -14.853803 -19.381882
vt -16.822552 -17.413383
vt -1.468060 -19.381882
vt 15.853803 179.239502
vt 2.468060 178.767029
vt 15.853803 178.058350
vt -1.468060 178.530823
vt -14.853803 179.239502
vt -14.853803 178.058350
vt -178.239502 -19.381882
vt -178.239502 -81.586609
vt -177.058350 -19.381882
vt -177.058350 -81.586609
vt 0.539350 178.058350
vt 17.822552 178.530823
vt 0.539350 179.239502
vt 0.539350 -83.555115
vt 2.468060 -19.381882
vt 0.539350 -17.413383
vt 15.853803 -19.381882
vt 17.822552 -17.413383
vt 15.853803 -81.586609
vt 17.822552 -83.555115
vt 2.468060 -81.586609
vt 179.239532 -83.555115
vt 179.239532 -17.413383
vt 178.058380 -83.555115
vt 178.058380 -17.413383
vt 128.491898 178.058380
vt 145.775604 178.530853
vt 128.491898 179.239532
vt -127.491898 -17.413383
vt -129.421097 -81.586609
vt -127.491898 -83.555115
vt -142.806839 -81.586609
vt -142.806839 -19.381882
vt -129.421097 -19.381882
vt -129.421097 178.530853
vt -142.806839 179.239532
vt -142.806839 178.058380
vt 143.806839 179.239532
vt 130.421097 178.767059
vt 143.806839 178.058380
vt 179.239532 -81.586609
vt 179.239532 -19.381882
vt 178.058380 -81.586609
vt 178.058380 -19.381882
vt -127.491898 179.239532
vt -144.775589 178.767059
vt -127.491898 178.058380
vt 128.491898 -83.555115
vt 130.421097 -19.381882
vt 128.491898 -17.413383
vt 143.806839 -19.381882
vt 143.806839 -81.586609
vt 130.421097 -81.586609
vt 143.806839 -35.425179
vt 143.806839 -33.456673
vt 130.421097 -35.425179
vt 130.421097 -33.456673
vt -142.806839 -33.456673
vt -142.806839 -35.425179
vt -129.421097 -33.456673
vt -129.421097 -35.425179
vt 143.806839 -51.468498
vt 143.806839 -49.500000
vt 130.421097 -51.468498
vt 130.421097 -49.500000
vt -142.806839 -49.500000
vt -142.806839 -51.468498
vt -129.421097 -49.500000
vt -129.421097 -51.468498
vt 143.806839 -67.511810
vt 143.806839 -65.543304
vt 130.421097 -67.511810
vt 130.421097 -65.543304
vt -142.806839 -65.543304
vt -142.806839 -67.511810
vt -129.421097 -65.543304
vt -129.421097 -67.511810
vt 181.208282 -83.555115
vt 181.208282 -17.413383
vt -110.129593 181.208282
vt -144.775589 181.208282
vt -110.129593 178.058380
vt -144.775589 178.058380
vt -180.208282 -17.413383
vt -180.208282 -83.555115
vt -177.058380 -17.413383
vt -177.058380 -83.555115
vt 145.775589 181.208282
vt 111.129593 181.208282
vt 145.775589 178.058380
vt 111.129593 178.058380
vt -180.208282 -15.444878
vt -180.208282 -85.523621
vt -177.058380 -15.444878
vt -177.058380 -85.523621
vt 147.743362 181.208282
vt 109.160843 181.208282
vt 147.743362 178.058380
vt 109.160843 178.058380
vt 181.208282 -85.523621
vt 181.208282 -15.444878
vt 178.058380 -85.523621
vt 178.058380 -15.444878
vt -108.160843 181.208282
vt -146.743362 181.208282
vt -108.160843 178.058380
vt -146.743362 178.058380
vt -110.129593 -83.555115
vt -110.129593 -17.413383
vt 111.129593 -17.413383
vt 111.129593 -83.555115
vt 126.484573 -35.425179
vt 126.484573 -33.456673
vt 113.098831 -35.425179
vt 113.098831 -33.456673
vt -112.098831 -35.425179
vt -112.098831 -33.456673
vt -125.484573 -35.425179
vt -125.484573 -33.456673
vt 126.484573 -51.468498
vt 126.484573 -49.500000
vt 113.098831 -51.468498
vt 113.098831 -49.500000
vt -112.098831 -51.468498
vt -112.098831 -49.500000
vt -125.484573 -51.468498
vt -125.484573 -49.500000
vt 126.484573 -67.511810
vt 126.484573 -65.543304
vt 113.098831 -67.511810
vt 113.098831 -65.543304
vt -112.098831 -67.511810
vt -112.098831 -65.543304
vt -125.484573 -67.511810
vt -125.484573 -65.543304
vt -178.239532 -17.413383
vt -178.239532 -83.555115
vt 128.413773 179.239532
vt 111.130569 178.767075
vt 128.413773 178.058380
vt 128.413773 -17.413383
vt 126.485062 -81.586609
vt 128.413773 -83.555115
vt 113.099319 -81.586609
vt 111.130569 -83.555115
vt 113.099319 -19.381882
vt 111.130569 -17.413383
vt 126.485062 -19.381882
vt -112.099319 179.239532
vt -125.485062 178.767075
vt -112.099319 178.058380
vt 126.485062 178.530853
vt 113.099319 179.239532
vt 113.099319 178.058380
vt -178.239532 -19.381882
vt -178.239532 -81.586609
vt -177.058380 -19.381882
vt -177.058380 -81.586609
vt -127.413773 178.058380
vt -110.130569 178.530853
vt -127.413773 179.239532
vt -127.413773 -83.555115
vt -125.485062 -19.381882
vt -127.413773 -17.413383
vt -112.099319 -19.381882
vt -110.130569 -17.413383
vt -112.099319 -81.586609
vt -110.130569 -83.555115
vt -125.485062 -81.586609
vt 0.851248 1.161493
vt 0.851248 38.147423
vt 38.518829 38.147423
vt 38.518829 1.161493
vt 29.732912 -5.405516
vt 29.732912 6.405508
vt -28.731932 -5.405516
vt -28.731932 6.405508
vt -1.271491 -5.405516
vt -1.271491 6.405508
vt -8.161139 -5.405516
vt -8.161139 6.405508
vt -28.731932 2.271491
vt 29.732912 2.271477
vt -28.731932 9.161139
vt 29.732912 9.161126
vt 2.271477 6.405508
vt 2.271477 -5.405516
vt 9.161126 6.405508
vt 9.161126 -5.405516
vt -28.732912 6.405508
vt -28.732912 -5.405516
vt 29.731932 6.405508
vt 29.731932 -5.405516
vt -28.732912 2.271477
vt 29.731932 2.271491
vt -28.732912 9.161126
vt 29.731932 9.161139
vt -6.585945 0.500009
vt -6.585945 -5.405503
vt 2.271966 0.500009
vt 2.271966 -5.405503
vt -28.732912 0.500009
vt -28.732912 -5.405503
vt 29.534666 0.500009
vt 29.534666 -5.405503
vt -1.271980 0.500009
vt -1.271980 -5.405503
vt 7.585930 0.500009
vt 7.585930 -5.405503
vt -28.534670 0.500009
vt -28.534670 -5.405503
vt 29.732908 0.500009
vt 29.732908 -5.405503
vt 29.732908 2.271980
vt -28.534670 2.271966
vt 29.732912 -6.585930
vt -28.534666 -6.585945
vt 29.534670 2.271966
vt -28.732908 2.271980
vt 29.534666 -6.585945
vt -28.732912 -6.585930
vt -7.443506 0.364000
vt -7.898815 -0.742917
vt -6.585945 -1.074805
vt 29.535154 0.106297
vt -28.731936 -0.050951
vt 29.535154 -0.523872
vt -28.731936 -0.681105
vt -28.732048 -7.876225
vt 29.534952 -7.443506
vt -28.535099 -7.876257
vt 29.732344 -7.443460
vt 29.732912 -1.074805
vt 29.732912 0.499998
vt -28.534666 -1.074805
vt -28.534666 0.499998
vt 8.443460 -0.938796
vt 8.898780 0.168153
vt 7.585930 0.499998
vt 1.412608 6.269135
vt 0.958257 5.161928
vt 2.270989 4.830713
vt 29.535156 6.011815
vt -28.731934 5.856516
vt 29.535156 5.379734
vt -28.731934 5.224414
vt -28.732044 0.980360
vt 29.534954 1.412608
vt -28.732910 2.271003
vt -28.535099 0.980365
vt 29.732338 1.412590
vt -28.534668 2.270989
vt 29.732910 4.830713
vt 29.732910 6.405516
vt -28.534668 4.830713
vt -28.534668 6.405516
vt -0.412590 4.967083
vt 0.041751 6.074258
vt -1.271003 6.405516
vt 18.610554 -176.271240
vt 18.741140 -178.083511
vt 21.997234 -178.108948
vt 18.856127 -35.129925
vt 18.859604 -125.287407
vt 21.991428 -35.129925
vt 22.015230 -125.287399
vt -17.766865 -178.109253
vt -17.610554 -176.271240
vt -21.023037 -178.083191
vt 179.101334 -125.287399
vt 179.077606 -35.129925
vt -177.994019 -35.129925
vt -177.990540 -125.287399
vt -17.610554 -35.129925
vt -17.610554 -125.287399
vt 14.673054 -176.271240
vt 14.804632 -178.082809
vt 18.454269 -178.108643
vt 14.920340 -35.129925
vt 14.923796 -125.287399
vt 18.448452 -35.129925
vt 18.472317 -125.287399
vt 179.100922 -125.287399
vt 179.076874 -35.129925
vt -13.830704 -178.108917
vt -13.673054 -176.271240
vt -17.480131 -178.082886
vt -177.994156 -35.129925
vt -177.990662 -125.287399
vt -13.673054 -35.129925
vt -13.673054 -125.287399
vt 10.736042 -176.271240
vt 10.865899 -178.083069
vt 14.516932 -178.108994
vt 14.672565 -176.271240
vt 10.873541 -35.129925
vt 10.897318 -125.287399
vt 14.511248 -35.129925
vt 14.534963 -125.287399
vt 178.994965 -125.287399
vt 178.991440 -35.129925
vt -9.891630 -178.108673
vt -9.736042 -176.271240
vt -13.672565 -176.271240
vt -13.542605 -178.083359
vt -177.994781 -35.129925
vt -177.991241 -125.287399
vt -13.672565 -35.129925
vt -13.672565 -125.287399
vt -9.736042 -35.129925
vt -9.736042 -125.287399
vt 6.798542 -176.271240
vt 6.929029 -178.083191
vt 10.579910 -178.109024
vt 10.735554 -176.271240
vt 7.044866 -35.129925
vt 7.048321 -125.287399
vt 10.574230 -35.129925
vt 10.597906 -125.287399
vt 179.100998 -125.287399
vt 179.077255 -35.129921
vt -5.954829 -178.108948
vt -5.798542 -176.271240
vt -9.735554 -176.271240
vt -9.605539 -178.083435
vt -177.991241 -125.287407
vt -9.735554 -35.129925
vt -9.735554 -125.287399
vt -5.798542 -35.129925
vt -5.798542 -125.287399
vt 2.862507 -176.271240
vt 2.994046 -178.082794
vt 6.643052 -178.108917
vt 6.800007 -176.271240
vt 3.109872 -35.129925
vt 3.113310 -125.287399
vt 6.637112 -35.129925
vt 6.661026 -125.287399
vt 179.076813 -35.129925
vt -2.020131 -178.108902
vt -1.862507 -176.271240
vt -5.800007 -176.271240
vt -5.669009 -178.082947
vt -177.993225 -35.129925
vt -177.989761 -125.287399
vt -5.800007 -35.129925
vt -5.800007 -125.287399
vt -1.862507 -35.129925
vt -1.862507 -125.287399
vt -1.074505 -176.271240
vt -0.943894 -178.083542
vt 2.706360 -178.109024
vt 2.862018 -176.271240
vt -0.828968 -35.129925
vt -0.825489 -125.287399
vt 2.700678 -35.129925
vt 2.724371 -125.287399
vt 179.101349 -125.287399
vt 179.077637 -35.129925
vt 1.918180 -178.109283
vt 2.074505 -176.271240
vt -1.862018 -176.271240
vt -1.732009 -178.083420
vt -177.994751 -35.129925
vt -177.991226 -125.287399
vt -1.862018 -35.129925
vt -1.862018 -125.287399
vt 2.074505 -35.129925
vt 2.074505 -125.287399
vt -5.012493 -176.271240
vt -4.881473 -178.082977
vt -1.231768 -178.108658
vt -1.075482 -176.271240
vt -4.765681 -35.129925
vt -4.762227 -125.287399
vt -1.237585 -35.129925
vt -1.213719 -125.287399
vt 179.100952 -125.287399
vt 179.077057 -35.129925
vt 5.855532 -178.108917
vt 6.012493 -176.271240
vt 2.075482 -176.271240
vt 2.205905 -178.082886
vt -177.990646 -125.287399
vt 2.075482 -35.129925
vt 2.075482 -125.287399
vt 6.012493 -35.129925
vt 6.012493 -125.287399
vt -8.949505 -176.271240
vt -8.819622 -178.083069
vt -5.168798 -178.108948
vt -8.811979 -35.129925
vt -8.788202 -125.287399
vt -5.174611 -35.129925
vt -5.150801 -125.287399
vt 178.994949 -125.287399
vt 178.991425 -35.129925
vt 9.793890 -178.108688
vt 9.949505 -176.271240
vt 6.142988 -178.083160
vt -177.993958 -35.129925
vt -177.990479 -125.287399
vt 9.949505 -35.129925
vt 9.949505 -125.287399
vt -12.885540 -176.271240
vt -12.755054 -178.083176
vt -9.104172 -178.109009
vt -8.948528 -176.271240
vt -12.639215 -35.129925
vt -12.635763 -125.287399
vt -9.109852 -35.129925
vt -9.086176 -125.287399
vt 179.077255 -35.129925
vt 13.729254 -178.108963
vt 13.885540 -176.271240
vt 9.948528 -176.271240
vt 10.078543 -178.083435
vt -177.994766 -35.129929
vt 9.948528 -35.129925
vt 9.948528 -125.287399
vt 13.885540 -35.129925
vt 13.885540 -125.287399
vt -16.823040 -176.271240
vt -16.691523 -178.082764
vt -13.041800 -178.108643
vt -16.575644 -35.129925
vt -16.572205 -125.287399
vt -13.047613 -35.129925
vt -13.023735 -125.287399
vt 179.100861 -125.287399
vt 179.076782 -35.129925
vt 17.665432 -178.108887
vt 17.823040 -176.271240
vt 14.015926 -178.082886
vt -177.994217 -35.129925
vt -177.990723 -125.287399
vt 17.823040 -35.129925
vt 17.823040 -125.287399
vt -20.760052 -176.271240
vt -20.629440 -178.083527
vt -16.979187 -178.109009
vt -16.823528 -176.271240
vt -20.514517 -35.129925
vt -20.511036 -125.287399
vt -16.984867 -35.129925
vt -16.961176 -125.287399
vt 179.077621 -35.129925
vt 21.603729 -178.109283
vt 21.760052 -176.271240
vt 17.823528 -176.271240
vt 17.953537 -178.083420
vt -177.991226 -125.287407
vt 17.823528 -35.129925
vt 17.823528 -125.287399
vt 21.760052 -35.129925
vt 21.760052 -125.287399
vt -24.697552 -176.271240
vt -24.566509 -178.083008
vt -20.916809 -178.108673
vt -20.760540 -176.271240
vt -24.450773 -35.129925
vt -24.447315 -125.287399
vt -20.922621 -35.129925
vt -20.898758 -125.287399
vt 179.100967 -125.287399
vt 179.077072 -35.129925
vt 25.540577 -178.108948
vt 25.697552 -176.271240
vt 21.760540 -176.271240
vt 21.890953 -178.082886
vt -177.994202 -35.129925
vt -177.990692 -125.287399
vt 21.760540 -35.129925
vt 21.760540 -125.287399
vt 25.697552 -35.129925
vt 25.697552 -125.287399
vt -24.696003 -180.208252
vt 25.697552 -180.208252
vt -24.696003 -176.271240
vt 181.208252 -125.287399
vt 181.208252 -35.129925
vt -180.208252 -35.129925
vt -180.208252 -125.287399
vt -24.697552 -125.287399
vt -24.697552 -35.129925
vt -28.634563 -125.287399
vt -28.634563 -31.192913
vt 25.696003 -35.129925
vt 29.633015 -31.192913
vt 29.633015 -125.287399
vt 25.696003 -125.287399
vt -28.633015 -176.271240
vt -28.633015 -180.208252
vt -28.634563 -180.208252
vt 29.633015 -180.208252
vt -28.634563 -176.271240
vt 29.633015 -176.271240
vt -180.208252 -31.192913
vt -176.271240 -31.192913
vt 29.634563 -180.208252
vt 29.634563 -176.271240
vt 181.208252 -31.192913
vt 177.271240 -31.192913
vt 29.634563 -125.287399
vt 29.634563 -31.192913
vt -24.696003 -35.129925
vt -28.633015 -31.192913
vt -28.633015 -125.287399
vt -24.696003 -125.287399
vt 0.000000 0.236085
vt 39.370079 0.393485
vt 39.370079 0.157390
vt 0.000000 0.393485
vt 38.976593 0.000000
vt 38.976593 39.370079
vt 0.922736 0.515765
vt 38.447342 0.515765
vt 0.922736 38.854313
vt 38.447342 38.854313
vt -269.578400 55.224426
vt -269.578400 57.192947
vt -282.766876 55.224426
vt -282.766876 57.192947
vt 270.578400 57.192947
vt 270.578400 55.224426
vt 283.766876 57.192947
vt 283.766876 55.224426
vt -269.578400 76.287415
vt -269.578400 78.255920
vt -282.766876 76.287415
vt -282.766876 78.255920
vt 270.578400 78.255920
vt 270.578400 76.287415
vt 283.766876 78.255920
vt 283.766876 76.287415
vt -287.097443 97.350418
vt -287.097443 99.318909
vt -300.286896 97.350418
vt -300.286896 99.318909
vt 288.097443 99.318909
vt 288.097443 97.350418
vt 301.286896 99.318909
vt 301.286896 97.350418
vt -269.578400 97.350418
vt -269.578400 99.318909
vt -282.766876 97.350418
vt -282.766876 99.318909
vt 270.578400 99.318909
vt 270.578400 97.350418
vt 283.766876 99.318909
vt 283.766876 97.350418
vt 270.578400 -177.453308
vt 283.766876 -176.862732
vt 270.578400 -176.272156
vt 178.453308 36.129944
vt 178.453308 118.413406
vt 177.272156 36.129944
vt 177.272156 118.413406
vt -282.766876 -177.453308
vt -269.578400 -177.453308
vt -282.766876 -176.272156
vt -269.578400 -176.272156
vt -176.862732 118.413406
vt -177.453308 36.129944
vt -176.272156 36.129944
vt -284.735626 -177.453308
vt -267.609650 -177.453308
vt -284.735626 -176.272156
vt -267.609650 -176.272156
vt -177.453308 120.381897
vt -176.862747 32.192932
vt -176.272156 120.381897
vt 177.862747 32.192932
vt 178.453308 120.381897
vt 177.272156 120.381897
vt 283.766876 118.413406
vt 285.735626 120.381897
vt 270.578400 118.413406
vt 268.609650 120.381897
vt 270.578400 36.129944
vt 268.609650 32.192932
vt 285.735626 32.192932
vt 283.766876 36.129944
vt -282.766876 36.129944
vt -282.766876 118.413406
vt -284.735626 120.381897
vt -269.578400 118.413406
vt -267.609650 120.381897
vt -269.578400 36.129944
vt -267.609650 32.192932
vt -284.735626 32.192932
vt -176.862762 32.192932
vt 177.862732 32.192932
vt 303.256134 32.192932
vt 305.223907 32.192932
vt 303.256134 120.381897
vt 305.223907 122.350418
vt 268.610138 120.381897
vt 266.641388 122.350418
vt 266.641388 32.192932
vt 268.610138 32.192932
vt 268.610138 -176.272156
vt 266.641388 -176.272156
vt 268.610138 -179.422058
vt 266.641388 -179.422058
vt -179.422058 120.381897
vt -179.422058 32.192932
vt -176.272156 32.192932
vt 303.256134 -179.422058
vt 303.256134 -176.272156
vt 180.422058 32.192932
vt 180.422058 120.381897
vt 177.272156 32.192932
vt 305.223907 -179.422058
vt 305.223907 -176.272156
vt 180.422058 122.350418
vt 177.272156 122.350418
vt -304.223907 -179.422058
vt -265.641388 -179.422058
vt -304.223907 -176.272156
vt -265.641388 -176.272156
vt -179.422058 122.350418
vt -176.272156 122.350418
vt -302.256134 32.192932
vt -302.256134 120.381897
vt -304.223907 32.192932
vt -304.223907 122.350418
vt -267.610138 120.381897
vt -265.641388 122.350418
vt -265.641388 32.192932
vt -267.610138 32.192932
vt 286.130646 -176.862732
vt 303.257111 -177.453293
vt 303.257111 -176.272141
vt 288.098907 -177.453293
vt 301.288330 -176.862701
vt 288.098907 -176.272141
vt 178.453293 36.129944
vt 178.453293 118.413406
vt 177.272141 36.129944
vt 177.272141 118.413406
vt -300.288361 -177.453293
vt -287.098907 -177.453293
vt -300.288361 -176.272141
vt -287.098907 -176.272141
vt -176.862701 118.413406
vt -177.453293 36.129944
vt -176.272141 36.129944
vt -302.257111 -177.453293
vt -285.130646 -177.453293
vt -302.257111 -176.272141
vt -285.130646 -176.272141
vt -177.453293 120.381897
vt -176.862732 32.192932
vt -176.272141 120.381897
vt 178.453293 32.192932
vt 178.453293 120.381897
vt 177.272141 32.192932
vt 177.272141 120.381897
vt 301.288361 118.413406
vt 303.257111 120.381897
vt 288.098907 118.413406
vt 286.130646 120.381897
vt 288.098907 36.129944
vt 286.130646 32.192932
vt 303.257111 32.192932
vt 301.288361 36.129944
vt -300.288361 36.129944
vt -300.288361 118.413406
vt -302.257111 120.381897
vt -287.098907 118.413406
vt -285.130646 120.381897
vt -287.098907 36.129944
vt -285.130646 32.192932
vt -302.257111 32.192932
vt 286.130646 -176.862717
vt 177.862717 118.413406
vt -176.862717 32.192932
vt -287.097443 55.224426
vt -287.097443 57.192947
vt -300.286896 55.224426
vt -300.286896 57.192947
vt 288.097443 57.192947
vt 288.097443 55.224426
vt 301.286896 57.192947
vt 301.286896 55.224426
vt -287.097443 76.287415
vt -287.097443 78.255920
vt -300.286896 76.287415
vt -300.286896 78.255920
vt 288.097443 78.255920
vt 288.097443 76.287415
vt 301.286896 78.255920
vt 301.286896 76.287415
vt 0.520914 -0.849307
vt 0.479086 1.099307
vt 0.479086 -0.849307
vt 0.511709 -0.699228
vt 0.488291 1.449228
vt 0.488291 -0.699228
vt 0.519573 -0.308211
vt 0.480427 1.558211
vt 0.480427 -0.308211
vt 0.525434 -0.133425
vt 0.474566 1.883425
vt 0.474566 -0.133425
vt 1.704720 -0.826347
vt -0.693001 1.822441
vt -0.693001 -0.826347
vt 0.875000 0.500000
vt 0.625000 0.750000
vt 0.625000 0.500000
vt 0.520914 1.099307
vt 0.511709 1.449228
vt 0.519573 1.558211
vt 0.525434 1.883425
vt 1.704720 1.822441
vt 0.875000 0.750000
vt 0.696116 0.371454
vt 0.177466 0.601735
vt 0.250377 0.052438
vt 1.875280 -0.000000
vt 2.404981 0.000000
vt 2.404981 2.755897
vt 0.158560 0.000000
vt 0.923756 0.000000
vt 0.736757 2.755897
vt 1.360222 2.755898
vt 1.980450 2.755897
vt 0.123430 2.755897
vt 0.505764 0.040907
vt 0.724946 0.496160
vt 0.281584 0.734518
vt 0.061262 0.285410
vt 0.903036 0.089501
vt 0.364460 1.363945
vt 0.073421 0.525409
vt 1.372533 1.048913
vt 3.362178 0.000000
vt 4.544606 0.000000
vt 4.527406 23.622047
vt 0.028993 0.000000
vt 0.959457 23.622047
vt 0.020528 23.622047
vt 0.971428 0.000000
vt 1.865064 23.622047
vt 1.981021 -0.000000
vt 2.745121 23.622047
vt 3.514293 23.622047
vt 0.922022 1.456693
vt 0.077717 1.036388
vt 0.272791 0.249752
vt 1.049412 0.045598
vt 1.500007 0.592708
vt 0.507841 0.691529
vt 0.109589 0.278844
vt 0.643519 0.145513
vt 1.378412 0.000000
vt 2.157323 0.000000
vt 1.654058 2.755898
vt 2.257827 2.755897
vt -0.068714 0.000000
vt 0.341951 2.755897
vt -0.068714 2.755897
vt 0.476149 0.000000
vt 0.948647 2.755897
vt 0.682207 0.226484
vt 0.591231 0.710791
vt 0.128054 0.612460
vt 0.150483 0.117640
s 1
usemtl wall4.003
f 2/1/1 3/2/2 1/3/3
f 1/3/3 3/2/2 4/4/4
f 4/4/4 5/5/5 1/3/3
f 6/6/3 7/7/3 5/5/5
f 5/5/5 7/7/3 1/3/3
f 5/7/5 4/3/4 13/8/6
f 13/8/6 4/3/4 8/1/7
f 3/8/2 8/9/7 4/1/4
f 3/10/2 9/7/8 8/11/7
f 3/7/2 2/3/1 9/8/8
f 9/8/8 2/3/1 10/1/9
f 1/3/10 11/1/10 2/7/10
f 2/7/10 11/1/10 10/8/10
f 1/1/11 7/8/11 11/3/11
f 11/3/11 7/8/11 12/7/11
f 13/12/6 8/13/7 11/1/12
f 11/1/12 8/13/7 9/14/8
f 9/14/8 10/3/9 11/1/12
f 11/1/12 12/8/12 13/12/6
f 13/12/6 12/8/12 14/15/12
f 6/7/13 5/3/5 14/8/14
f 14/8/14 5/3/5 13/1/6
f 6/8/15 14/7/15 7/1/15
f 7/1/15 14/7/15 12/3/15
usemtl wall4.004
f 16/1/16 17/16/17 15/3/3
f 15/3/3 17/16/17 18/17/18
f 18/17/18 19/18/19 15/3/3
f 20/6/3 21/7/3 19/18/19
f 19/18/19 21/7/3 15/3/3
f 19/7/19 18/3/18 27/8/20
f 27/8/20 18/3/18 22/1/21
f 17/8/17 22/19/21 18/1/18
f 17/20/17 23/7/22 22/11/21
f 17/7/17 16/3/16 23/8/22
f 23/8/22 16/3/16 24/1/23
f 15/3/15 25/1/15 16/7/15
f 16/7/15 25/1/15 24/8/15
f 15/1/24 21/8/24 25/3/24
f 25/3/24 21/8/24 26/7/24
f 27/21/20 22/22/21 25/1/12
f 25/1/12 22/22/21 23/23/22
f 23/23/22 24/3/23 25/1/12
f 25/1/12 26/8/12 27/21/20
f 27/21/20 26/8/12 28/15/12
f 20/7/25 19/3/19 28/8/26
f 28/8/26 19/3/19 27/1/20
f 20/8/10 28/7/10 21/1/10
f 21/1/10 28/7/10 26/3/10
usemtl wall_2.008
f 31/8/27 32/24/28 30/1/29
f 31/25/27 33/26/30 32/3/28
f 31/27/27 34/28/31 33/7/30
f 35/8/32 36/29/33 31/1/27
f 31/1/27 36/29/33 34/3/31
f 38/8/34 29/30/35 37/1/36
f 37/1/36 29/30/35 39/3/37
f 32/31/28 42/7/38 41/3/39
f 33/8/30 42/32/38 32/1/28
f 34/33/31 43/34/40 33/7/30
f 33/7/30 43/34/40 42/8/38
f 36/8/33 44/7/41 34/1/31
f 34/1/31 44/7/41 43/3/40
f 29/8/35 40/7/42 39/1/43
f 39/1/43 40/7/42 45/3/44
f 46/35/45 40/36/42 47/3/46
f 41/37/39 47/38/46 40/8/42
f 41/37/39 40/8/42 29/7/35
f 41/37/39 29/7/35 32/39/28
f 32/39/28 29/7/35 38/3/34
f 32/39/28 38/3/34 30/40/29
f 42/41/38 48/7/47 41/1/39
f 41/1/39 48/7/47 47/3/46
f 42/42/38 43/43/40 48/44/47
f 48/45/47 43/46/40 49/47/48
f 44/48/41 49/47/48 43/1/40
f 49/1/48 44/49/41 35/3/32
f 35/3/32 44/49/41 36/50/33
f 45/7/10 50/3/10 39/8/10
f 39/8/10 50/3/10 37/1/10
f 40/51/42 46/7/45 45/1/49
f 45/1/49 46/7/45 50/3/50
f 46/52/45 47/53/46 38/54/34
f 38/54/34 47/53/46 30/55/29
f 30/55/29 47/53/46 31/56/27
f 31/56/27 47/53/46 48/57/47
f 31/56/27 48/57/47 49/58/48
f 31/56/27 49/58/48 35/59/32
f 38/54/34 37/3/36 50/1/50
f 38/54/34 50/1/50 46/52/45
f 295/317/211 296/7/212 297/3/15
f 298/8/15 299/318/213 300/1/214
f 298/8/215 300/7/215 301/1/215
f 301/1/215 300/7/215 302/3/215
f 303/3/216 304/1/217 299/318/213
f 305/7/15 306/3/15 303/8/15
f 303/8/15 306/3/15 304/1/15
f 305/1/218 295/319/211 306/3/215
f 307/3/216 308/1/216 296/7/216
f 296/7/216 308/1/216 297/8/216
f 301/7/10 302/3/10 307/8/10
f 307/8/10 302/3/10 308/1/10
f 297/7/219 308/3/220 306/320/221
f 306/320/221 308/3/220 302/1/220
f 306/320/221 302/1/220 304/321/217
f 304/321/217 302/1/220 300/8/214
f 304/321/217 300/8/214 299/322/213
f 306/320/221 295/323/222 297/7/219
f 299/324/223 298/7/224 303/325/225
f 303/325/225 298/7/224 301/3/226
f 303/325/225 301/3/226 307/1/226
f 303/325/225 307/1/226 305/326/218
f 305/326/218 307/1/226 296/8/212
f 305/326/218 296/8/212 295/327/211
usemtl wall_2.009
f 52/60/51 51/61/52 60/3/53
f 54/8/54 55/62/55 52/1/51
f 52/1/51 55/62/55 53/3/56
f 54/63/54 56/28/57 55/7/55
f 57/8/58 58/64/59 54/1/54
f 54/1/54 58/64/59 56/3/57
f 60/8/53 51/65/52 59/1/60
f 59/1/60 51/65/52 61/3/61
f 55/8/55 64/7/62 53/1/56
f 53/1/56 64/7/62 63/3/63
f 56/33/57 65/34/64 55/7/55
f 55/7/55 65/34/64 64/66/62
f 58/8/59 66/7/65 56/1/57
f 56/1/57 66/7/65 65/3/64
f 51/8/52 62/7/66 61/1/67
f 61/1/67 62/7/66 67/3/68
f 68/35/69 62/67/66 69/3/70
f 63/37/63 69/68/70 62/8/66
f 63/37/63 62/8/66 51/7/52
f 63/37/63 51/7/52 53/39/56
f 53/39/56 51/7/52 52/69/51
f 64/70/62 70/7/71 63/1/63
f 63/1/63 70/7/71 69/3/70
f 64/42/62 65/43/64 70/71/71
f 70/45/71 65/72/64 71/73/72
f 66/74/65 71/73/72 65/1/64
f 71/1/72 66/75/65 57/3/58
f 57/3/58 66/75/65 58/76/59
f 67/7/10 72/3/10 61/8/10
f 61/8/10 72/3/10 59/1/10
f 62/77/66 68/7/69 67/1/49
f 67/1/49 68/7/69 72/3/73
f 68/78/69 69/79/70 60/80/53
f 60/80/53 69/79/70 52/81/51
f 52/81/51 69/79/70 54/82/54
f 54/82/54 69/79/70 70/83/71
f 54/82/54 70/83/71 71/84/72
f 54/82/54 71/84/72 57/85/58
f 60/80/53 59/3/60 72/1/73
f 60/80/53 72/1/73 68/78/69
f 325/328/211 326/7/212 327/3/15
f 328/8/15 329/329/213 330/1/214
f 328/8/215 330/7/215 331/1/215
f 331/1/215 330/7/215 332/3/215
f 333/3/216 334/1/217 329/329/213
f 335/7/15 336/3/15 333/8/15
f 333/8/15 336/3/15 334/1/15
f 335/1/218 325/330/211 336/3/215
f 337/3/216 338/1/216 326/7/216
f 326/7/216 338/1/216 327/8/216
f 331/7/10 332/3/10 337/8/10
f 337/8/10 332/3/10 338/1/10
f 327/7/219 338/3/220 336/320/221
f 336/320/221 338/3/220 332/1/220
f 336/320/221 332/1/220 334/321/217
f 334/321/217 332/1/220 330/8/214
f 334/321/217 330/8/214 329/322/213
f 336/320/221 325/323/222 327/7/219
f 329/324/223 328/7/224 333/325/225
f 333/325/225 328/7/224 331/3/226
f 333/325/225 331/3/226 337/1/226
f 333/325/225 337/1/226 335/326/218
f 335/326/218 337/1/226 326/8/212
f 335/326/218 326/8/212 325/327/211
usemtl wall_2.011
f 75/60/74 74/86/75 73/3/76
f 77/8/77 78/87/78 75/1/74
f 75/1/74 78/87/78 76/3/79
f 77/88/77 79/28/80 78/7/78
f 80/8/81 81/89/82 77/1/77
f 77/1/77 81/89/82 79/3/80
f 83/8/83 84/90/84 82/1/85
f 82/1/85 84/90/84 85/3/86
f 73/8/76 74/91/75 83/1/83
f 83/1/83 74/91/75 84/3/84
f 78/8/78 87/92/87 76/1/79
f 78/93/78 88/7/88 87/3/87
f 79/33/80 89/94/89 78/7/78
f 78/7/78 89/94/89 88/8/88
f 81/8/82 90/7/90 79/1/80
f 79/1/80 90/7/90 89/3/89
f 84/8/84 92/7/91 85/1/92
f 85/1/92 92/7/91 91/3/93
f 74/8/75 86/7/94 84/1/84
f 84/1/84 86/7/94 92/3/91
f 93/35/95 86/95/94 94/3/96
f 87/37/87 94/96/96 86/8/94
f 87/37/87 86/8/94 74/7/75
f 87/37/87 74/7/75 76/39/79
f 76/39/79 74/7/75 75/97/74
f 87/98/87 95/7/97 94/3/96
f 88/99/88 95/100/97 87/1/87
f 88/42/88 89/43/89 95/101/97
f 95/45/97 89/102/89 96/103/98
f 90/104/90 96/103/98 89/1/89
f 96/1/98 90/105/90 80/3/81
f 80/3/81 90/105/90 81/106/82
f 91/7/10 97/3/10 85/8/10
f 85/8/10 97/3/10 82/1/10
f 92/107/91 93/7/95 91/1/99
f 91/1/99 93/7/95 97/3/100
f 86/108/94 93/109/95 92/1/91
f 93/110/95 94/111/96 73/112/76
f 93/110/95 73/112/76 83/113/83
f 73/112/76 94/111/96 75/114/74
f 75/114/74 94/111/96 77/115/77
f 77/115/77 94/111/96 95/116/97
f 77/115/77 95/116/97 96/117/98
f 77/115/77 96/117/98 80/118/81
f 83/113/83 82/119/85 97/120/100
f 83/113/83 97/120/100 93/110/95
f 114/8/114 115/164/115 112/1/116
f 112/1/116 115/164/115 113/3/117
f 114/165/114 116/28/118 115/7/115
f 117/8/119 118/166/120 114/1/114
f 114/1/114 118/166/120 116/3/118
f 120/8/121 111/167/122 119/1/123
f 119/1/123 111/167/122 121/3/124
f 115/8/115 124/7/125 113/1/117
f 113/1/117 124/7/125 123/3/126
f 116/33/118 125/34/127 115/7/115
f 115/7/115 125/34/127 124/168/125
f 118/8/120 126/7/128 116/1/118
f 116/1/118 126/7/128 125/3/127
f 111/8/122 122/7/129 121/1/130
f 121/1/130 122/7/129 127/3/131
f 128/35/132 122/169/129 129/3/133
f 123/37/126 129/170/133 122/8/129
f 123/37/126 122/8/129 111/7/122
f 123/37/126 111/7/122 113/39/117
f 113/39/117 111/7/122 120/3/121
f 113/39/117 120/3/121 112/40/116
f 124/171/125 130/7/134 123/1/126
f 123/1/126 130/7/134 129/3/133
f 124/42/125 125/43/127 130/172/134
f 130/45/134 125/173/127 131/174/135
f 126/175/128 131/174/135 125/1/127
f 131/1/135 126/176/128 117/3/119
f 117/3/119 126/176/128 118/106/120
f 127/7/10 132/3/10 121/8/10
f 121/8/10 132/3/10 119/1/10
f 122/177/129 128/7/132 127/1/136
f 127/1/136 128/7/132 132/3/137
f 128/178/132 129/179/133 120/180/121
f 120/180/121 129/179/133 112/181/116
f 112/181/116 129/179/133 114/182/114
f 114/182/114 129/179/133 130/183/134
f 114/182/114 130/183/134 131/184/135
f 114/182/114 131/184/135 117/185/119
f 120/180/121 119/119/123 132/120/137
f 120/180/121 132/120/137 128/178/132
f 148/3/149 146/35/150 147/229/151
f 148/3/149 149/1/152 151/7/153
f 151/7/153 149/1/152 150/230/154
f 152/43/155 151/231/153 150/42/154
f 153/232/156 151/45/153 152/233/155
f 153/232/156 152/1/155 154/234/157
f 155/3/158 156/1/159 146/7/150
f 146/7/150 156/1/159 157/235/160
f 146/236/150 157/1/160 147/237/151
f 149/3/152 160/1/161 150/7/154
f 150/7/154 160/1/161 158/8/162
f 148/238/149 147/8/151 149/239/152
f 149/239/152 147/8/151 162/7/163
f 149/239/152 162/7/163 160/240/161
f 160/240/161 162/7/163 163/3/164
f 160/240/161 163/3/164 161/241/165
f 159/8/166 158/242/162 161/1/165
f 161/1/165 158/242/162 160/3/161
f 164/243/167 165/28/168 159/3/166
f 159/3/166 165/28/168 158/7/162
f 166/8/169 167/244/170 164/1/167
f 164/1/167 167/244/170 165/3/168
f 168/245/171 170/246/172 169/3/173
f 163/8/164 162/247/163 168/1/171
f 168/1/171 162/247/163 170/3/172
f 150/8/154 158/7/162 152/248/155
f 152/248/155 158/7/162 165/249/168
f 152/3/155 165/1/168 154/7/157
f 154/7/157 165/1/168 167/8/170
f 156/3/174 169/1/175 157/7/160
f 157/7/160 169/1/175 170/8/172
f 157/3/160 170/1/172 147/7/151
f 147/7/151 170/1/172 162/8/163
f 167/106/170 166/3/169 154/250/157
f 154/250/157 166/3/169 153/1/156
f 168/245/176 169/8/177 155/3/158
f 155/3/158 169/8/177 156/7/10
f 153/251/156 166/252/169 164/253/178
f 153/251/156 164/253/178 151/254/153
f 151/254/153 164/253/178 159/255/166
f 159/255/166 161/256/165 148/257/149
f 159/255/166 148/257/149 151/254/153
f 161/256/165 163/258/164 168/259/176
f 161/256/165 168/259/176 146/260/150
f 168/259/176 155/1/158 146/260/150
f 161/256/165 146/260/150 148/257/149
f 372/8/181 373/7/181 371/1/181
f 371/1/181 373/7/181 374/3/181
f 372/8/234 375/331/235 373/1/15
f 376/3/189 377/1/236 375/332/237
f 378/7/15 379/3/15 376/8/15
f 376/8/15 379/3/15 377/1/15
f 378/1/238 380/332/239 379/3/181
f 381/7/15 382/3/240 380/333/241
f 383/3/189 384/1/189 381/7/189
f 381/7/189 384/1/189 382/8/189
f 371/7/10 374/3/10 383/8/10
f 383/8/10 374/3/10 384/1/10
f 382/7/240 384/3/188 379/334/242
f 379/334/242 384/3/188 374/1/188
f 379/334/242 374/1/188 377/335/236
f 377/335/236 374/1/188 373/8/243
f 377/335/236 373/8/243 375/322/237
f 379/334/242 380/323/241 382/7/240
f 375/324/235 372/7/234 376/336/244
f 376/336/244 372/7/234 371/3/199
f 376/336/244 371/3/199 383/1/199
f 376/336/244 383/1/199 378/337/238
f 378/337/238 383/1/199 381/8/245
f 378/337/238 381/8/245 380/327/239
f 409/8/181 410/7/181 408/1/181
f 408/1/181 410/7/181 411/3/181
f 409/8/234 412/331/235 410/1/15
f 413/3/189 414/1/236 412/332/237
f 415/7/15 416/3/15 413/8/15
f 413/8/15 416/3/15 414/1/15
f 415/1/238 417/332/239 416/3/181
f 418/7/15 419/3/240 417/333/241
f 420/3/189 421/1/189 418/7/189
f 418/7/189 421/1/189 419/8/189
f 408/7/10 411/3/10 420/8/10
f 420/8/10 411/3/10 421/1/10
f 419/7/240 421/3/188 416/334/242
f 416/334/242 421/3/188 411/1/188
f 416/334/242 411/1/188 414/335/236
f 414/335/236 411/1/188 410/8/243
f 414/335/236 410/8/243 412/322/237
f 416/334/242 417/323/241 419/7/240
f 412/324/235 409/7/234 413/336/244
f 413/336/244 409/7/234 408/3/199
f 413/336/244 408/3/199 420/1/199
f 413/336/244 420/1/199 415/337/238
f 415/337/238 420/1/199 418/8/245
f 415/337/238 418/8/245 417/327/239
f 422/8/265 423/7/266 425/1/267
f 425/1/267 423/7/266 424/3/268
f 426/1/269 422/8/270 427/3/271
f 427/3/271 422/8/270 425/7/272
f 428/8/273 426/7/274 429/1/275
f 429/1/275 426/7/274 427/3/276
f 423/7/277 428/3/278 424/8/279
f 424/8/279 428/3/278 429/1/280
f 423/8/281 430/7/282 431/1/283
f 431/1/283 430/7/282 425/3/284
f 430/7/285 432/3/286 425/8/272
f 425/8/272 432/3/286 427/1/271
f 432/8/287 428/7/288 427/1/289
f 427/1/289 428/7/288 433/3/290
f 428/1/278 423/8/277 433/3/291
f 433/3/291 423/8/277 431/7/292
f 422/357/199 430/8/282 423/358/281
f 422/357/199 426/359/199 430/8/282
f 430/8/282 426/359/199 432/1/287
f 432/1/287 426/359/199 428/360/288
f 429/361/275 427/362/276 433/1/188
f 429/361/275 433/1/188 431/8/188
f 425/363/267 424/364/268 431/8/188
f 431/8/188 424/364/268 429/361/275
f 442/3/293 443/1/294 445/7/295
f 445/7/295 443/1/294 444/8/296
f 443/7/297 446/3/298 444/8/299
f 444/8/299 446/3/298 447/1/300
f 446/3/301 448/1/302 447/7/303
f 447/7/303 448/1/302 449/8/304
f 448/1/305 442/8/306 449/3/307
f 449/3/307 442/8/306 445/7/285
f 443/3/294 442/1/293 451/7/308
f 451/7/308 442/1/293 450/8/309
f 452/1/310 443/8/311 447/3/312
f 447/3/312 443/8/311 451/7/313
f 448/3/314 452/1/310 453/7/315
f 453/7/315 452/1/310 447/8/316
f 442/7/306 448/3/305 450/8/317
f 450/8/317 448/3/305 453/1/269
f 443/363/311 452/3/310 446/365/188
f 446/365/188 452/3/310 448/366/314
f 444/357/199 451/8/313 445/367/199
f 445/367/199 451/8/313 450/7/199
f 445/367/199 450/7/199 453/3/199
f 444/357/199 447/368/312 451/8/313
f 447/368/303 449/369/304 453/3/199
f 453/3/199 449/369/304 445/367/199
f 454/8/265 455/7/266 457/1/267
f 457/1/267 455/7/266 456/3/268
f 458/1/300 454/8/299 459/3/298
f 459/3/298 454/8/299 457/7/297
f 460/8/318 458/7/319 461/1/320
f 461/1/320 458/7/319 459/3/321
f 455/7/322 460/3/323 456/8/279
f 456/8/279 460/3/323 461/1/280
f 455/8/281 462/7/324 463/1/283
f 463/1/283 462/7/324 457/3/284
f 462/7/324 458/3/312 457/8/311
f 457/8/311 458/3/312 464/1/325
f 458/8/319 460/7/318 464/1/326
f 464/1/326 460/7/318 465/3/327
f 460/1/323 455/8/322 465/3/328
f 465/3/328 455/8/322 463/7/292
f 454/357/199 462/8/324 455/370/281
f 454/357/199 458/371/312 462/8/324
f 457/372/311 464/3/325 459/365/188
f 459/365/188 464/3/325 461/361/188
f 461/361/188 464/3/325 465/1/188
f 461/361/188 465/1/188 463/8/188
f 457/372/267 456/364/268 463/8/188
f 463/8/188 456/364/268 461/361/188
f 466/3/329 467/1/330 469/7/331
f 469/7/331 467/1/330 468/8/332
f 467/7/333 470/3/334 468/8/335
f 468/8/335 470/3/334 471/1/336
f 470/3/337 472/1/338 471/7/308
f 471/7/308 472/1/338 473/8/309
f 472/1/339 466/8/340 473/3/307
f 473/3/307 466/8/340 469/7/285
f 474/3/341 466/1/342 468/7/343
f 468/7/343 466/1/342 475/8/344
f 470/1/345 474/8/346 476/3/347
f 476/3/347 474/8/346 468/7/348
f 472/3/338 470/1/337 477/7/295
f 477/7/295 470/1/337 476/8/296
f 466/7/340 472/3/339 475/8/270
f 475/8/270 472/3/339 477/1/269
f 466/373/342 474/7/341 467/374/333
f 467/374/333 474/7/341 470/375/334
f 469/367/331 468/376/332 475/7/199
f 469/367/331 475/7/199 477/3/199
f 468/376/335 471/359/336 476/1/199
f 476/1/199 471/359/336 473/369/199
f 476/1/199 473/369/199 477/3/199
f 477/3/199 473/369/199 469/367/331
f 494/3/268 495/1/267 497/7/266
f 497/7/266 495/1/267 496/8/265
f 495/7/349 498/3/350 496/8/270
f 496/8/270 498/3/350 499/1/269
f 498/3/276 500/1/275 499/7/274
f 499/7/274 500/1/275 501/8/273
f 500/1/280 494/8/279 501/3/323
f 501/3/323 494/8/279 497/7/322
f 495/3/284 502/1/283 503/7/282
f 503/7/282 502/1/283 497/8/281
f 498/1/350 495/8/349 504/3/286
f 504/3/286 495/8/349 503/7/285
f 505/3/290 498/1/289 501/7/288
f 501/7/288 498/1/289 504/8/287
f 502/7/292 505/3/328 497/8/322
f 497/8/322 505/3/328 501/1/323
f 500/361/275 498/377/276 505/1/188
f 500/361/275 505/1/188 502/8/351
f 495/378/267 494/364/268 502/8/351
f 502/8/351 494/364/268 500/361/275
f 496/357/199 503/8/282 497/379/281
f 496/357/199 499/359/199 503/8/282
f 503/8/282 499/359/199 504/1/287
f 504/1/287 499/359/199 501/380/288
f 1174/1466/203 1171/1467/460 1172/1468/484
f 1174/1466/203 1172/1468/484 1173/1469/483
f 1171/1470/460 1170/1471/482 1172/1472/484
f 1172/1472/484 1170/1471/482 1175/1473/463
f 1170/1474/482 1171/1475/460 1176/294/209
f 1176/294/209 1171/1475/460 1174/295/203
f 1170/1476/482 1176/1477/209 1177/1478/458
f 1170/1476/482 1177/1478/458 1175/1479/463
f 1172/1480/484 1175/1481/463 1173/298/483
f 1173/298/483 1175/1481/463 1177/299/458
f 1173/1482/188 1177/1483/188 1174/1484/188
f 1174/1484/188 1177/1483/188 1176/1485/188
usemtl wall4.005
f 103/121/101 99/122/102 98/123/103
f 100/124/104 99/125/102 103/126/101
f 101/127/105 102/128/106 100/129/104
f 100/129/104 102/128/106 99/130/102
f 103/131/101 98/132/103 104/133/107
f 99/122/102 107/134/108 98/123/103
f 99/125/102 105/135/109 107/136/108
f 102/137/106 106/138/110 99/139/102
f 99/139/102 106/138/110 105/140/109
f 98/141/103 107/142/108 104/143/107
f 108/144/111 107/136/108 109/145/112
f 107/136/108 105/135/109 109/145/112
f 106/146/110 110/147/113 105/148/109
f 105/148/109 110/147/113 109/149/112
f 110/150/113 106/151/110 101/152/105
f 101/152/105 106/151/110 102/153/106
f 107/154/108 108/155/111 104/156/107
f 104/156/107 108/155/111 103/157/101
f 108/158/111 109/159/112 100/160/104
f 100/160/104 109/159/112 101/161/105
f 101/161/105 109/159/112 110/162/113
f 108/158/111 100/160/104 103/163/101
f 138/186/138 134/187/139 133/188/140
f 135/189/141 134/190/139 138/191/138
f 136/192/105 137/193/106 135/194/141
f 135/194/141 137/193/106 134/195/139
f 138/196/138 133/197/140 139/198/142
f 134/187/139 142/199/143 133/188/140
f 134/190/139 140/200/144 142/201/143
f 137/202/106 141/203/145 134/204/139
f 134/204/139 141/203/145 140/205/144
f 133/206/140 142/207/143 139/208/142
f 143/209/146 142/201/143 144/210/147
f 142/201/143 140/200/144 144/210/147
f 141/211/145 145/212/148 140/213/144
f 140/213/144 145/212/148 144/214/147
f 145/215/148 141/216/145 136/217/105
f 136/217/105 141/216/145 137/218/106
f 142/219/143 143/220/146 139/221/142
f 139/221/142 143/220/146 138/222/138
f 143/223/146 144/224/147 135/225/141
f 135/225/141 144/224/147 136/226/105
f 136/226/105 144/224/147 145/227/148
f 143/223/146 135/225/141 138/228/138
f 172/1/179 173/261/180 171/3/181
f 171/3/181 173/261/180 174/262/182
f 174/262/182 175/263/183 171/3/181
f 176/6/181 177/7/181 175/263/183
f 175/263/183 177/7/181 171/3/181
f 175/7/183 174/3/182 183/8/184
f 183/8/184 174/3/182 178/1/185
f 173/8/180 178/264/185 174/1/182
f 173/265/180 179/7/186 178/11/185
f 173/7/180 172/3/179 179/8/186
f 179/8/186 172/3/179 180/1/187
f 171/3/10 181/1/10 172/7/10
f 172/7/10 181/1/10 180/8/10
f 171/1/188 177/8/188 181/3/188
f 181/3/188 177/8/188 182/7/188
f 183/266/184 178/267/185 181/1/189
f 181/1/189 178/267/185 179/268/186
f 179/268/186 180/3/187 181/1/189
f 181/1/189 182/8/189 183/266/184
f 183/266/184 182/8/189 184/15/189
f 176/7/190 175/3/183 184/8/191
f 184/8/191 175/3/183 183/1/184
f 176/8/15 184/7/15 177/1/15
f 177/1/15 184/7/15 182/3/15
f 186/1/192 185/3/189 187/269/193
f 185/3/189 188/270/194 187/269/193
f 188/270/194 185/3/189 189/271/195
f 190/6/189 189/271/195 191/7/189
f 189/271/195 185/3/189 191/7/189
f 189/7/195 197/272/196 188/3/194
f 187/8/193 188/1/194 197/273/196
f 187/274/193 197/11/196 192/7/197
f 187/7/193 192/8/197 186/3/192
f 192/8/197 193/1/198 186/3/192
f 185/3/15 186/7/15 194/1/15
f 186/7/15 193/8/15 194/1/15
f 185/1/199 194/3/199 191/8/199
f 194/3/199 195/7/199 191/8/199
f 194/1/181 197/275/196 196/276/200
f 194/1/181 192/277/197 197/275/196
f 192/277/197 194/1/181 193/3/198
f 194/1/181 196/276/200 195/8/181
f 196/276/200 198/15/181 195/8/181
f 189/278/195 196/279/200 197/7/196
f 190/7/201 198/8/202 189/3/195
f 198/8/202 196/1/200 189/3/195
f 190/8/10 191/1/10 198/7/10
f 191/1/10 195/3/10 198/7/10
f 506/3/352 507/332/353 508/7/15
f 509/1/15 510/8/354 511/331/355
f 512/304/189 513/305/356 511/332/357
f 512/381/358 516/1/199 514/382/359
f 514/382/359 516/1/199 508/8/360
f 514/382/359 508/8/360 507/383/361
f 511/384/355 510/7/354 512/381/358
f 512/381/358 510/7/354 515/3/199
f 512/381/358 515/3/199 516/1/199
f 517/3/181 515/1/181 509/7/181
f 509/7/181 515/1/181 510/8/181
f 514/7/15 518/3/15 512/8/15
f 512/8/15 518/3/15 513/305/15
f 514/305/359 507/332/361 518/3/181
f 516/3/189 519/1/189 508/7/189
f 508/7/189 519/1/189 506/8/189
f 515/7/10 517/3/10 516/8/10
f 516/8/10 517/3/10 519/1/10
f 518/385/362 517/1/188 513/386/356
f 513/386/356 517/1/188 509/8/363
f 513/386/356 509/8/363 511/387/357
f 507/388/353 506/7/352 518/385/362
f 518/385/362 506/7/352 519/3/188
f 518/385/362 519/3/188 517/1/188
f 532/389/364 529/390/365 533/391/366
f 533/391/366 529/390/365 528/7/367
f 534/392/368 532/7/369 535/393/370
f 535/393/370 532/7/369 533/391/321
f 530/394/371 534/391/372 531/8/373
f 531/8/373 534/391/372 535/389/374
f 531/395/373 535/396/374 537/1/188
f 537/1/188 535/396/374 536/3/188
f 536/3/188 535/396/374 533/397/366
f 536/3/188 533/397/366 528/398/367
f 529/390/365 532/3/364 528/8/367
f 528/8/367 532/3/364 536/1/375
f 532/8/369 534/7/368 536/1/376
f 536/1/376 534/7/368 537/3/327
f 534/1/372 530/8/371 537/3/377
f 537/3/377 530/8/371 531/7/373
f 1207/7/181 1208/3/181 1206/8/181
f 1206/8/181 1208/3/181 1209/1/181
f 1206/7/199 1209/3/199 1211/8/199
f 1211/8/199 1209/3/199 1210/1/199
f 1208/3/10 1212/1/10 1209/7/10
f 1209/7/10 1212/1/10 1210/8/10
f 1206/8/15 1211/7/15 1207/1/15
f 1207/1/15 1211/7/15 1213/3/15
f 1211/7/189 1210/3/189 1213/8/189
f 1213/8/189 1210/3/189 1212/1/189
f 1208/1/188 1207/8/188 1212/3/188
f 1212/3/188 1207/8/188 1213/7/188
f 1214/1/189 1215/8/189 1217/3/189
f 1217/3/189 1215/8/189 1216/7/189
f 1217/1/199 1216/8/199 1219/3/199
f 1219/3/199 1216/8/199 1218/7/199
f 1215/3/15 1220/1/15 1216/7/15
f 1216/7/15 1220/1/15 1218/8/15
f 1217/8/10 1219/7/10 1214/1/10
f 1214/1/10 1219/7/10 1221/3/10
f 1219/1/181 1218/8/181 1221/3/181
f 1221/3/181 1218/8/181 1220/7/181
f 1215/7/188 1214/3/188 1220/8/188
f 1220/8/188 1214/3/188 1221/1/188
usemtl 02_-_Default.006
f 203/280/203 199/281/204 201/282/205
f 203/280/203 201/282/205 202/283/206
f 199/284/204 200/285/207 201/286/205
f 201/286/205 200/285/207 204/287/208
f 200/288/207 205/289/209 206/290/210
f 200/288/207 206/290/210 204/291/208
f 200/292/207 199/293/204 205/294/209
f 205/294/209 199/293/204 203/295/203
f 201/296/205 204/297/208 202/298/206
f 202/298/206 204/297/208 206/299/210
f 202/300/188 206/301/188 203/302/188
f 203/302/188 206/301/188 205/303/188
f 546/399/189 547/400/189 549/401/189
f 549/401/189 547/400/189 548/402/189
f 549/403/15 550/404/378 546/405/379
f 548/406/380 552/407/381 549/408/382
f 549/408/382 552/407/381 553/409/383
f 549/408/382 553/409/383 550/410/378
f 550/410/378 553/409/383 554/411/384
f 550/410/378 554/411/384 551/412/385
f 551/412/385 554/411/384 548/406/380
f 548/406/380 554/411/384 555/413/386
f 548/406/380 555/413/386 552/407/381
f 552/414/381 556/415/387 553/416/10
f 557/417/15 555/418/386 554/419/384
f 556/420/189 557/421/189 553/422/189
f 553/422/189 557/421/189 554/423/189
f 547/424/10 551/425/385 548/426/380
f 546/427/379 555/428/386 547/429/388
f 547/429/388 555/428/386 557/430/389
f 547/429/388 557/430/389 551/431/385
f 551/431/385 557/430/389 556/432/387
f 551/431/385 556/432/387 550/433/378
f 550/433/378 556/432/387 546/427/379
f 546/427/379 556/432/387 552/434/381
f 546/427/379 552/434/381 555/428/386
f 558/435/390 561/436/391 559/437/392
f 559/437/392 561/436/391 560/438/393
f 561/439/391 558/440/390 560/441/393
f 560/441/393 558/440/390 559/442/392
f 562/443/390 565/444/394 563/445/395
f 563/445/395 565/444/394 564/446/396
f 565/447/394 562/448/390 564/449/396
f 564/449/396 562/448/390 563/450/395
f 566/451/390 569/452/394 567/453/395
f 567/453/395 569/452/394 568/454/396
f 569/455/394 566/456/390 568/457/396
f 568/457/396 566/456/390 567/458/395
f 574/459/189 575/460/189 577/401/189
f 577/401/189 575/460/189 576/402/189
f 578/461/10 574/462/10 579/463/10
f 579/463/10 574/462/10 577/464/10
f 580/465/181 578/466/181 581/467/181
f 581/467/181 578/466/181 579/468/181
f 575/469/15 580/470/15 576/471/15
f 576/471/15 580/470/15 581/472/15
f 582/473/181 583/474/181 585/475/181
f 585/475/181 583/474/181 584/476/181
f 583/477/15 586/478/15 584/479/15
f 584/479/15 586/478/15 587/480/15
f 586/481/189 588/482/189 587/483/189
f 587/483/189 588/482/189 589/484/189
f 588/485/10 582/486/10 589/487/10
f 589/487/10 582/486/10 585/488/10
f 576/489/188 584/490/188 577/491/188
f 577/491/188 584/490/188 587/492/188
f 577/491/188 587/492/188 579/493/188
f 579/493/188 587/492/188 589/494/188
f 579/493/188 589/494/188 581/495/188
f 581/495/188 589/494/188 576/489/188
f 576/489/188 589/494/188 585/496/188
f 576/489/188 585/496/188 584/490/188
f 574/497/199 582/498/199 575/499/199
f 575/499/199 582/498/199 588/500/199
f 575/499/199 588/500/199 580/501/199
f 580/501/199 588/500/199 586/502/199
f 580/501/199 586/502/199 578/503/199
f 578/503/199 586/502/199 574/497/199
f 574/497/199 586/502/199 583/504/199
f 574/497/199 583/504/199 582/498/199
f 590/505/390 592/506/391 591/507/392
f 591/507/392 592/506/391 593/508/393
f 591/509/392 593/510/393 590/511/390
f 590/511/390 593/510/393 592/512/391
f 594/513/390 596/514/394 595/515/395
f 595/515/395 596/514/394 597/516/396
f 595/517/395 597/518/396 594/519/390
f 594/519/390 597/518/396 596/520/394
f 598/521/390 600/522/394 599/523/395
f 599/523/395 600/522/394 601/524/396
f 599/525/395 601/526/396 598/527/390
f 598/527/390 601/526/396 600/528/394
f 606/529/181 607/530/181 609/467/181
f 609/467/181 607/530/181 608/468/181
f 607/531/15 610/532/401 608/533/402
f 606/534/403 612/535/404 607/536/405
f 607/536/405 612/535/404 613/537/406
f 607/536/405 613/537/406 610/503/401
f 610/503/401 613/537/406 614/538/407
f 610/503/401 614/538/407 611/501/408
f 611/501/408 614/538/407 606/534/403
f 606/534/403 614/538/407 615/539/409
f 606/534/403 615/539/409 612/535/404
f 613/540/10 612/541/404 616/542/410
f 615/543/409 614/544/407 617/545/15
f 614/546/181 613/547/181 617/548/181
f 617/548/181 613/547/181 616/549/181
f 609/550/10 611/551/408 606/552/403
f 608/553/402 615/554/409 609/555/411
f 609/555/411 615/554/409 617/556/412
f 609/555/411 617/556/412 611/495/408
f 611/495/408 617/556/412 616/557/410
f 611/495/408 616/557/410 610/493/401
f 610/493/401 616/557/410 608/553/402
f 608/553/402 616/557/410 612/558/404
f 608/553/402 612/558/404 615/554/409
f 618/505/390 620/506/391 619/507/392
f 619/507/392 620/506/391 621/508/393
f 619/509/392 621/510/393 618/511/390
f 618/511/390 621/510/393 620/512/391
f 622/513/390 624/514/394 623/515/395
f 623/515/395 624/514/394 625/516/396
f 623/517/395 625/518/396 622/519/390
f 622/519/390 625/518/396 624/520/394
f 626/521/390 628/522/394 627/523/395
f 627/523/395 628/522/394 629/524/396
f 627/525/395 629/526/396 626/527/390
f 626/527/390 629/526/396 628/528/394
f 630/559/189 631/560/189 633/561/189
f 633/561/189 631/560/189 632/562/189
f 633/563/15 634/564/378 630/565/379
f 632/566/413 636/567/414 633/568/382
f 633/568/382 636/567/414 637/569/383
f 633/568/382 637/569/383 634/570/378
f 634/570/378 637/569/383 638/571/415
f 634/570/378 638/571/415 635/572/385
f 635/572/385 638/571/415 632/566/413
f 632/566/413 638/571/415 639/573/416
f 632/566/413 639/573/416 636/567/414
f 636/574/414 640/575/387 637/576/10
f 641/577/15 639/578/416 638/579/415
f 640/580/189 641/581/189 637/582/189
f 637/582/189 641/581/189 638/583/189
f 631/584/10 635/585/385 632/586/413
f 630/587/379 639/588/416 631/589/388
f 631/589/388 639/588/416 641/590/389
f 631/589/388 641/590/389 635/591/385
f 635/591/385 641/590/389 640/592/387
f 635/591/385 640/592/387 634/593/378
f 634/593/378 640/592/387 630/587/379
f 630/587/379 640/592/387 636/594/414
f 630/587/379 636/594/414 639/588/416
f 642/595/390 645/596/391 643/597/392
f 643/597/392 645/596/391 644/598/393
f 645/599/391 642/600/390 644/601/393
f 644/601/393 642/600/390 643/602/392
f 646/603/390 649/604/394 647/605/395
f 647/605/395 649/604/394 648/606/396
f 649/607/394 646/608/390 648/609/396
f 648/609/396 646/608/390 647/610/395
f 650/611/390 653/612/391 651/613/395
f 651/613/395 653/612/391 652/614/417
f 653/615/391 650/616/390 652/617/417
f 652/617/417 650/616/390 651/618/395
f 658/619/189 659/620/189 661/561/189
f 661/561/189 659/620/189 660/562/189
f 662/621/10 658/622/10 663/623/10
f 663/623/10 658/622/10 661/624/10
f 664/625/181 662/626/181 665/627/181
f 665/627/181 662/626/181 663/628/181
f 659/629/15 664/630/15 660/631/15
f 660/631/15 664/630/15 665/632/15
f 666/633/181 667/634/181 669/635/181
f 669/635/181 667/634/181 668/636/181
f 667/637/15 670/638/15 668/639/15
f 668/639/15 670/638/15 671/640/15
f 670/641/189 672/642/189 671/643/189
f 671/643/189 672/642/189 673/644/189
f 672/645/10 666/646/10 673/647/10
f 673/647/10 666/646/10 669/648/10
f 660/649/188 668/650/188 661/651/188
f 661/651/188 668/650/188 671/652/188
f 661/651/188 671/652/188 663/653/188
f 663/653/188 671/652/188 673/654/188
f 663/653/188 673/654/188 665/655/188
f 665/655/188 673/654/188 660/649/188
f 660/649/188 673/654/188 669/656/188
f 660/649/188 669/656/188 668/650/188
f 658/657/199 666/658/199 659/659/199
f 659/659/199 666/658/199 672/660/199
f 659/659/199 672/660/199 664/661/199
f 664/661/199 672/660/199 670/662/199
f 664/661/199 670/662/199 662/663/199
f 662/663/199 670/662/199 658/657/199
f 658/657/199 670/662/199 667/664/199
f 658/657/199 667/664/199 666/658/199
f 674/665/390 676/666/391 675/667/392
f 675/667/392 676/666/391 677/668/393
f 675/669/392 677/670/393 674/671/390
f 674/671/390 677/670/393 676/672/391
f 678/673/390 680/674/394 679/675/395
f 679/675/395 680/674/394 681/676/396
f 679/677/395 681/678/396 678/679/390
f 678/679/390 681/678/396 680/680/394
f 682/681/390 684/682/394 683/683/395
f 683/683/395 684/682/394 685/684/396
f 683/685/395 685/686/396 682/687/390
f 682/687/390 685/686/396 684/688/394
f 690/689/181 691/690/181 693/627/181
f 693/627/181 691/690/181 692/628/181
f 691/691/15 694/692/401 692/693/402
f 690/694/403 696/695/420 691/696/405
f 691/696/405 696/695/420 697/697/406
f 691/696/405 697/697/406 694/663/401
f 694/663/401 697/697/406 698/698/421
f 694/663/401 698/698/421 695/661/408
f 695/661/408 698/698/421 690/694/403
f 690/694/403 698/698/421 699/699/422
f 690/694/403 699/699/422 696/695/420
f 697/700/10 696/701/420 700/702/423
f 699/703/422 698/704/421 701/705/15
f 698/706/181 697/707/181 701/708/181
f 701/708/181 697/707/181 700/709/181
f 693/710/10 695/711/408 690/712/403
f 692/713/402 699/714/422 693/715/411
f 693/715/411 699/714/422 701/716/412
f 693/715/411 701/716/412 695/655/408
f 695/655/408 701/716/412 700/717/423
f 695/655/408 700/717/423 694/653/401
f 694/653/401 700/717/423 692/713/402
f 692/713/402 700/717/423 696/718/420
f 692/713/402 696/718/420 699/714/422
f 702/665/390 704/666/391 703/667/392
f 703/667/392 704/666/391 705/668/393
f 703/669/392 705/670/393 702/671/390
f 702/671/390 705/670/393 704/672/391
f 706/673/390 708/674/394 707/675/395
f 707/675/395 708/674/394 709/676/396
f 707/677/395 709/678/396 706/679/390
f 706/679/390 709/678/396 708/680/394
f 710/681/390 712/682/394 711/683/395
f 711/683/395 712/682/394 713/684/396
f 711/685/395 713/686/396 710/687/390
f 710/687/390 713/686/396 712/688/394
f 714/719/181 715/720/181 717/721/181
f 717/721/181 715/720/181 716/722/181
f 717/723/15 718/724/401 714/725/402
f 716/726/403 720/727/424 717/728/405
f 717/728/405 720/727/424 721/729/406
f 717/728/405 721/729/406 718/730/401
f 718/730/401 721/729/406 722/731/407
f 718/730/401 722/731/407 719/732/408
f 719/732/408 722/731/407 716/726/403
f 716/726/403 722/731/407 723/733/409
f 716/726/403 723/733/409 720/727/424
f 720/734/424 724/735/410 721/736/10
f 725/737/15 723/738/409 722/739/407
f 724/740/181 725/741/181 721/742/181
f 721/742/181 725/741/181 722/743/181
f 715/744/10 719/745/408 716/746/403
f 714/747/402 723/748/409 715/749/411
f 715/749/411 723/748/409 725/750/412
f 715/749/411 725/750/412 719/751/408
f 719/751/408 725/750/412 724/752/410
f 719/751/408 724/752/410 718/753/401
f 718/753/401 724/752/410 714/747/402
f 714/747/402 724/752/410 720/754/424
f 714/747/402 720/754/424 723/748/409
f 726/755/395 729/756/396 727/757/390
f 727/757/390 729/756/396 728/758/394
f 729/759/396 726/760/395 728/761/394
f 728/761/394 726/760/395 727/762/390
f 730/763/395 733/764/396 731/765/390
f 731/765/390 733/764/396 732/766/394
f 733/767/396 730/768/395 732/769/394
f 732/769/394 730/768/395 731/770/390
f 734/771/395 737/772/396 735/773/390
f 735/773/390 737/772/396 736/774/391
f 737/775/396 734/776/395 736/777/391
f 736/777/391 734/776/395 735/778/390
f 738/779/181 739/780/181 741/721/181
f 741/721/181 739/780/181 740/722/181
f 742/781/10 738/782/10 743/783/10
f 743/783/10 738/782/10 741/784/10
f 744/785/189 742/786/189 745/787/189
f 745/787/189 742/786/189 743/788/189
f 739/789/15 744/790/15 740/791/15
f 740/791/15 744/790/15 745/792/15
f 746/793/189 747/794/189 749/795/189
f 749/795/189 747/794/189 748/796/189
f 747/797/15 750/798/15 748/799/15
f 748/799/15 750/798/15 751/800/15
f 750/801/181 752/802/181 751/803/181
f 751/803/181 752/802/181 753/804/181
f 752/805/10 746/806/10 753/807/10
f 753/807/10 746/806/10 749/808/10
f 740/732/199 748/650/199 741/730/199
f 741/730/199 748/650/199 751/652/199
f 741/730/199 751/652/199 743/809/199
f 743/809/199 751/652/199 753/654/199
f 743/809/199 753/654/199 745/810/199
f 745/810/199 753/654/199 740/732/199
f 740/732/199 753/654/199 749/656/199
f 740/732/199 749/656/199 748/650/199
f 738/753/188 746/658/188 739/751/188
f 739/751/188 746/658/188 752/660/188
f 739/751/188 752/660/188 744/811/188
f 744/811/188 752/660/188 750/662/188
f 744/811/188 750/662/188 742/812/188
f 742/812/188 750/662/188 738/753/188
f 738/753/188 750/662/188 747/664/188
f 738/753/188 747/664/188 746/658/188
f 754/813/395 756/814/396 755/815/390
f 755/815/390 756/814/396 757/816/394
f 755/817/390 757/818/394 754/819/395
f 754/819/395 757/818/394 756/820/396
f 758/821/395 760/822/396 759/823/390
f 759/823/390 760/822/396 761/824/394
f 759/825/390 761/826/394 758/827/395
f 758/827/395 761/826/394 760/828/396
f 762/829/395 764/830/396 763/831/390
f 763/831/390 764/830/396 765/832/391
f 763/833/390 765/834/391 762/835/395
f 762/835/395 765/834/391 764/836/396
f 766/837/189 767/838/189 769/787/189
f 769/787/189 767/838/189 768/788/189
f 767/839/15 770/840/378 768/841/379
f 766/842/380 772/843/381 767/844/382
f 767/844/382 772/843/381 773/845/383
f 767/844/382 773/845/383 770/663/378
f 770/663/378 773/845/383 774/846/384
f 770/663/378 774/846/384 771/661/385
f 771/661/385 774/846/384 766/842/380
f 766/842/380 774/846/384 775/847/386
f 766/842/380 775/847/386 772/843/381
f 773/848/10 772/849/381 776/850/387
f 775/851/386 774/852/384 777/853/15
f 774/854/189 773/855/189 777/856/189
f 777/856/189 773/855/189 776/857/189
f 769/858/10 771/859/385 766/860/380
f 768/861/379 775/862/386 769/863/388
f 769/863/388 775/862/386 777/864/389
f 769/863/388 777/864/389 771/655/385
f 771/655/385 777/864/389 776/865/387
f 771/655/385 776/865/387 770/653/378
f 770/653/378 776/865/387 768/861/379
f 768/861/379 776/865/387 772/866/381
f 768/861/379 772/866/381 775/862/386
f 778/813/395 780/814/396 779/815/390
f 779/815/390 780/814/396 781/816/394
f 779/817/390 781/818/394 778/819/395
f 778/819/395 781/818/394 780/820/396
f 782/821/395 784/822/396 783/823/390
f 783/823/390 784/822/396 785/824/394
f 783/825/390 785/826/394 782/827/395
f 782/827/395 785/826/394 784/828/396
f 786/829/395 788/830/396 787/831/390
f 787/831/390 788/830/396 789/832/391
f 787/833/390 789/834/391 786/835/395
f 786/835/395 789/834/391 788/836/396
f 790/867/181 791/868/181 793/869/181
f 793/869/181 791/868/181 792/870/181
f 793/871/15 794/872/401 790/873/402
f 792/874/403 796/875/424 793/876/405
f 793/876/405 796/875/424 797/877/406
f 793/876/405 797/877/406 794/878/401
f 794/878/401 797/877/406 798/879/421
f 794/878/401 798/879/421 795/880/408
f 795/880/408 798/879/421 792/874/403
f 792/874/403 798/879/421 799/881/409
f 792/874/403 799/881/409 796/875/424
f 796/882/424 800/883/410 797/884/10
f 801/885/15 799/886/409 798/887/421
f 800/888/181 801/889/181 797/890/181
f 797/890/181 801/889/181 798/891/181
f 791/892/10 795/893/408 792/894/403
f 790/895/402 799/896/409 791/897/411
f 791/897/411 799/896/409 801/898/412
f 791/897/411 801/898/412 795/899/408
f 795/899/408 801/898/412 800/900/410
f 795/899/408 800/900/410 794/901/401
f 794/901/401 800/900/410 790/895/402
f 790/895/402 800/900/410 796/902/424
f 790/895/402 796/902/424 799/896/409
f 802/903/425 805/904/393 803/905/426
f 803/905/426 805/904/393 804/906/427
f 805/907/393 802/908/425 804/909/427
f 804/909/427 802/908/425 803/910/426
f 806/911/425 809/912/393 807/913/426
f 807/913/426 809/912/393 808/914/427
f 809/915/393 806/916/425 808/917/427
f 808/917/427 806/916/425 807/918/426
f 810/919/395 813/920/396 811/921/390
f 811/921/390 813/920/396 812/922/391
f 813/923/396 810/924/395 812/925/391
f 812/925/391 810/924/395 811/926/390
f 818/927/181 819/928/181 821/869/181
f 821/869/181 819/928/181 820/870/181
f 822/929/10 818/930/10 823/931/10
f 823/931/10 818/930/10 821/932/10
f 824/933/189 822/934/189 825/935/189
f 825/935/189 822/934/189 823/936/189
f 819/937/15 824/938/15 820/939/15
f 820/939/15 824/938/15 825/940/15
f 826/941/189 827/942/189 829/943/189
f 829/943/189 827/942/189 828/944/189
f 827/945/15 830/946/15 828/947/15
f 828/947/15 830/946/15 831/948/15
f 830/949/181 832/950/181 831/951/181
f 831/951/181 832/950/181 833/952/181
f 832/953/10 826/954/10 833/955/10
f 833/955/10 826/954/10 829/956/10
f 820/957/199 828/958/199 821/959/199
f 821/959/199 828/958/199 831/960/199
f 821/959/199 831/960/199 823/961/199
f 823/961/199 831/960/199 833/962/199
f 823/961/199 833/962/199 825/963/199
f 825/963/199 833/962/199 820/957/199
f 820/957/199 833/962/199 829/964/199
f 820/957/199 829/964/199 828/958/199
f 818/965/188 826/966/188 819/967/188
f 819/967/188 826/966/188 832/968/188
f 819/967/188 832/968/188 824/969/188
f 824/969/188 832/968/188 830/970/188
f 824/969/188 830/970/188 822/971/188
f 822/971/188 830/970/188 818/965/188
f 818/965/188 830/970/188 827/972/188
f 818/965/188 827/972/188 826/966/188
f 834/973/395 836/974/396 835/975/390
f 835/975/390 836/974/396 837/976/394
f 835/977/390 837/978/394 834/979/395
f 834/979/395 837/978/394 836/980/396
f 838/981/395 840/982/396 839/983/390
f 839/983/390 840/982/396 841/984/394
f 839/985/390 841/986/394 838/987/395
f 838/987/395 841/986/394 840/988/396
f 842/989/395 844/990/396 843/991/390
f 843/991/390 844/990/396 845/992/391
f 843/993/390 845/994/391 842/995/395
f 842/995/395 845/994/391 844/996/396
f 850/997/189 851/998/189 853/935/189
f 853/935/189 851/998/189 852/936/189
f 851/999/15 854/1000/378 852/1001/432
f 850/1002/413 856/1003/433 851/1004/382
f 851/1004/382 856/1003/433 857/1005/383
f 851/1004/382 857/1005/383 854/1006/378
f 854/1006/378 857/1005/383 858/1007/384
f 854/1006/378 858/1007/384 855/1008/385
f 855/1008/385 858/1007/384 850/1002/413
f 850/1002/413 858/1007/384 859/1009/416
f 850/1002/413 859/1009/416 856/1003/433
f 857/1010/10 856/1011/433 860/1012/387
f 859/1013/416 858/1014/384 861/1015/15
f 858/1016/189 857/1017/189 861/1018/189
f 861/1018/189 857/1017/189 860/1019/189
f 853/1020/10 855/1021/385 850/1022/413
f 852/1023/432 859/1024/416 853/1025/388
f 853/1025/388 859/1024/416 861/1026/389
f 853/1025/388 861/1026/389 855/1027/385
f 855/1027/385 861/1026/389 860/1028/387
f 855/1027/385 860/1028/387 854/1029/378
f 854/1029/378 860/1028/387 852/1023/432
f 852/1023/432 860/1028/387 856/1030/433
f 852/1023/432 856/1030/433 859/1024/416
f 862/973/395 864/974/396 863/975/390
f 863/975/390 864/974/396 865/976/394
f 863/977/390 865/978/394 862/979/395
f 862/979/395 865/978/394 864/980/396
f 866/981/395 868/982/396 867/983/390
f 867/983/390 868/982/396 869/984/394
f 867/985/390 869/986/394 866/987/395
f 866/987/395 869/986/394 868/988/396
f 870/989/395 872/990/396 871/991/390
f 871/991/390 872/990/396 873/992/391
f 871/993/390 873/994/391 870/995/395
f 870/995/395 873/994/391 872/996/396
f 874/1031/181 875/1032/181 877/1033/181
f 877/1033/181 875/1032/181 876/1034/181
f 877/1035/15 878/1036/401 874/1037/402
f 876/1038/403 880/1039/420 877/1040/405
f 877/1040/405 880/1039/420 881/1041/406
f 877/1040/405 881/1041/406 878/410/401
f 878/410/401 881/1041/406 882/1042/421
f 878/410/401 882/1042/421 879/412/408
f 879/412/408 882/1042/421 876/1038/403
f 876/1038/403 882/1042/421 883/1043/422
f 876/1038/403 883/1043/422 880/1039/420
f 880/1044/420 884/1045/410 881/1046/10
f 885/1047/15 883/1048/422 882/1049/421
f 884/1050/181 885/1051/181 881/1052/181
f 881/1052/181 885/1051/181 882/1053/181
f 875/1054/10 879/1055/408 876/1056/403
f 874/1057/402 883/1058/422 875/1059/411
f 875/1059/411 883/1058/422 885/1060/412
f 875/1059/411 885/1060/412 879/431/408
f 879/431/408 885/1060/412 884/1061/410
f 879/431/408 884/1061/410 878/433/401
f 878/433/401 884/1061/410 874/1057/402
f 874/1057/402 884/1061/410 880/1062/420
f 874/1057/402 880/1062/420 883/1058/422
f 886/1063/395 889/1064/396 887/1065/390
f 887/1065/390 889/1064/396 888/1066/394
f 889/1067/396 886/1068/395 888/1069/394
f 888/1069/394 886/1068/395 887/1070/390
f 890/1071/395 893/1072/396 891/1073/390
f 891/1073/390 893/1072/396 892/1074/394
f 893/1075/396 890/1076/395 892/1077/394
f 892/1077/394 890/1076/395 891/1078/390
f 894/1079/395 897/1080/396 895/1081/390
f 895/1081/390 897/1080/396 896/1082/391
f 897/1083/396 894/1084/395 896/1085/391
f 896/1085/391 894/1084/395 895/1086/390
f 898/1087/181 899/1088/181 901/1033/181
f 901/1033/181 899/1088/181 900/1034/181
f 902/1089/10 898/1090/10 903/1091/10
f 903/1091/10 898/1090/10 901/1092/10
f 904/1093/189 902/1094/189 905/1095/189
f 905/1095/189 902/1094/189 903/1096/189
f 899/1097/15 904/1098/15 900/1099/15
f 900/1099/15 904/1098/15 905/1100/15
f 906/1101/189 907/1102/189 909/1103/189
f 909/1103/189 907/1102/189 908/1104/189
f 907/1105/15 910/1106/15 908/1107/15
f 908/1107/15 910/1106/15 911/1108/15
f 910/1109/181 912/1110/181 911/1111/181
f 911/1111/181 912/1110/181 913/1112/181
f 912/1113/10 906/1114/10 913/1115/10
f 913/1115/10 906/1114/10 909/1116/10
f 900/412/199 908/490/199 901/410/199
f 901/410/199 908/490/199 911/492/199
f 901/410/199 911/492/199 903/1117/199
f 903/1117/199 911/492/199 913/494/199
f 903/1117/199 913/494/199 905/1118/199
f 905/1118/199 913/494/199 900/412/199
f 900/412/199 913/494/199 909/496/199
f 900/412/199 909/496/199 908/490/199
f 898/433/188 906/498/188 899/431/188
f 899/431/188 906/498/188 912/500/188
f 899/431/188 912/500/188 904/1119/188
f 904/1119/188 912/500/188 910/502/188
f 904/1119/188 910/502/188 902/1120/188
f 902/1120/188 910/502/188 898/433/188
f 898/433/188 910/502/188 907/504/188
f 898/433/188 907/504/188 906/498/188
f 914/1121/425 916/1122/393 915/1123/426
f 915/1123/426 916/1122/393 917/1124/427
f 915/1125/426 917/1126/427 914/1127/425
f 914/1127/425 917/1126/427 916/1128/393
f 918/1129/395 920/1130/396 919/1131/390
f 919/1131/390 920/1130/396 921/1132/394
f 919/1133/390 921/1134/394 918/1135/395
f 918/1135/395 921/1134/394 920/1136/396
f 922/1137/395 924/1138/396 923/1139/390
f 923/1139/390 924/1138/396 925/1140/394
f 923/1141/390 925/1142/394 922/1143/395
f 922/1143/395 925/1142/394 924/1144/396
f 930/1145/189 931/1146/189 933/1095/189
f 933/1095/189 931/1146/189 932/1096/189
f 931/1147/15 934/1148/378 932/1149/432
f 930/1150/413 936/1151/433 931/1152/382
f 931/1152/382 936/1151/433 937/1153/383
f 931/1152/382 937/1153/383 934/1154/378
f 934/1154/378 937/1153/383 938/1155/384
f 934/1154/378 938/1155/384 935/1156/385
f 935/1156/385 938/1155/384 930/1150/413
f 930/1150/413 938/1155/384 939/1157/416
f 930/1150/413 939/1157/416 936/1151/433
f 937/1158/10 936/1159/433 940/1160/387
f 939/1161/416 938/1162/384 941/1163/15
f 938/1164/189 937/1165/189 941/1166/189
f 941/1166/189 937/1165/189 940/1167/189
f 933/1168/10 935/1169/385 930/1170/413
f 932/1171/432 939/1172/416 933/1173/388
f 933/1173/388 939/1172/416 941/1174/389
f 933/1173/388 941/1174/389 935/1175/385
f 935/1175/385 941/1174/389 940/1176/387
f 935/1175/385 940/1176/387 934/1177/378
f 934/1177/378 940/1176/387 932/1171/432
f 932/1171/432 940/1176/387 936/1178/433
f 932/1171/432 936/1178/433 939/1172/416
f 942/1121/425 944/1122/393 943/1123/426
f 943/1123/426 944/1122/393 945/1124/427
f 943/1125/426 945/1126/427 942/1127/425
f 942/1127/425 945/1126/427 944/1128/393
f 946/1129/395 948/1130/396 947/1131/390
f 947/1131/390 948/1130/396 949/1132/394
f 947/1133/390 949/1134/394 946/1135/395
f 946/1135/395 949/1134/394 948/1136/396
f 950/1137/395 952/1138/396 951/1139/390
f 951/1139/390 952/1138/396 953/1140/394
f 951/1141/390 953/1142/394 950/1143/395
f 950/1143/395 953/1142/394 952/1144/396
f 954/813/395 956/814/396 955/815/390
f 955/815/390 956/814/396 957/816/394
f 955/817/390 957/818/394 954/819/395
f 954/819/395 957/818/394 956/820/396
f 958/821/395 960/822/396 959/823/390
f 959/823/390 960/822/396 961/824/394
f 959/825/390 961/826/394 958/827/395
f 958/827/395 961/826/394 960/828/396
f 962/829/395 964/830/396 963/831/390
f 963/831/390 964/830/396 965/832/391
f 963/833/390 965/834/391 962/835/395
f 962/835/395 965/834/391 964/836/396
f 970/755/395 973/756/396 971/757/390
f 971/757/390 973/756/396 972/758/394
f 973/759/396 970/760/395 972/761/394
f 972/761/394 970/760/395 971/762/390
f 974/763/395 977/764/396 975/765/390
f 975/765/390 977/764/396 976/766/394
f 977/767/396 974/768/395 976/769/394
f 976/769/394 974/768/395 975/770/390
f 978/771/395 981/772/396 979/773/390
f 979/773/390 981/772/396 980/774/391
f 981/775/396 978/776/395 980/777/391
f 980/777/391 978/776/395 979/778/390
f 986/755/395 989/756/396 987/757/390
f 987/757/390 989/756/396 988/758/394
f 989/759/396 986/760/395 988/761/394
f 988/761/394 986/760/395 987/762/390
f 990/763/395 993/764/396 991/765/390
f 991/765/390 993/764/396 992/766/394
f 993/767/396 990/768/395 992/769/394
f 992/769/394 990/768/395 991/770/390
f 994/771/395 997/772/396 995/773/390
f 995/773/390 997/772/396 996/774/391
f 997/775/396 994/776/395 996/777/391
f 996/777/391 994/776/395 995/778/390
f 998/1121/425 1000/1122/393 999/1123/426
f 999/1123/426 1000/1122/393 1001/1124/427
f 999/1125/426 1001/1126/427 998/1127/425
f 998/1127/425 1001/1126/427 1000/1128/393
f 1002/1129/395 1004/1130/396 1003/1131/390
f 1003/1131/390 1004/1130/396 1005/1132/394
f 1003/1133/390 1005/1134/394 1002/1135/395
f 1002/1135/395 1005/1134/394 1004/1136/396
f 1006/1137/395 1008/1138/396 1007/1139/390
f 1007/1139/390 1008/1138/396 1009/1140/394
f 1007/1141/390 1009/1142/394 1006/1143/395
f 1006/1143/395 1009/1142/394 1008/1144/396
f 1010/1063/395 1013/1064/396 1011/1065/390
f 1011/1065/390 1013/1064/396 1012/1066/394
f 1013/1067/396 1010/1068/395 1012/1069/394
f 1012/1069/394 1010/1068/395 1011/1070/390
f 1014/1071/395 1017/1072/396 1015/1073/390
f 1015/1073/390 1017/1072/396 1016/1074/394
f 1017/1075/396 1014/1076/395 1016/1077/394
f 1016/1077/394 1014/1076/395 1015/1078/390
f 1018/1079/395 1021/1080/396 1019/1081/390
f 1019/1081/390 1021/1080/396 1020/1082/391
f 1021/1083/396 1018/1084/395 1020/1085/391
f 1020/1085/391 1018/1084/395 1019/1086/390
f 1022/1063/395 1025/1064/396 1023/1065/390
f 1023/1065/390 1025/1064/396 1024/1066/394
f 1025/1067/396 1022/1068/395 1024/1069/394
f 1024/1069/394 1022/1068/395 1023/1070/390
f 1026/1071/395 1029/1072/396 1027/1073/390
f 1027/1073/390 1029/1072/396 1028/1074/394
f 1029/1075/396 1026/1076/395 1028/1077/394
f 1028/1077/394 1026/1076/395 1027/1078/390
f 1030/1079/395 1033/1080/396 1031/1081/390
f 1031/1081/390 1033/1080/396 1032/1082/391
f 1033/1083/396 1030/1084/395 1032/1085/391
f 1032/1085/391 1030/1084/395 1031/1086/390
f 1086/1269/452 1082/1270/453 1084/1271/454
f 1086/1269/452 1084/1271/454 1085/280/455
f 1082/1272/453 1083/1273/207 1084/1274/454
f 1084/1274/454 1083/1273/207 1087/1275/456
f 1083/1276/207 1088/1277/457 1089/289/458
f 1083/1276/207 1089/289/458 1087/1278/456
f 1083/1279/207 1082/1280/453 1088/294/457
f 1088/294/457 1082/1280/453 1086/295/452
f 1084/1281/454 1087/1282/456 1085/298/455
f 1085/298/455 1087/1282/456 1089/299/458
f 1085/302/188 1089/303/188 1086/1283/188
f 1086/1283/188 1089/303/188 1088/1284/188
f 1094/1285/459 1091/1286/460 1092/1287/461
f 1094/1285/459 1092/1287/461 1093/1269/455
f 1091/1288/460 1090/1289/462 1092/1290/461
f 1092/1290/461 1090/1289/462 1095/1291/463
f 1090/1292/462 1091/1293/460 1096/294/464
f 1096/294/464 1091/1293/460 1094/295/459
f 1090/1294/462 1096/1295/464 1097/1277/458
f 1090/1294/462 1097/1277/458 1095/1296/463
f 1092/1297/461 1095/1298/463 1093/298/455
f 1093/298/455 1095/1298/463 1097/299/458
f 1093/1283/188 1097/1284/188 1094/1299/188
f 1094/1299/188 1097/1284/188 1096/1300/188
f 1102/1301/465 1099/1302/466 1100/1303/467
f 1102/1301/465 1100/1303/467 1101/1304/468
f 1099/1305/466 1098/1306/469 1100/1307/467
f 1100/1307/467 1098/1306/469 1103/1308/463
f 1098/1309/469 1099/1310/466 1104/294/470
f 1104/294/470 1099/1310/466 1102/295/465
f 1098/1311/469 1104/1312/470 1105/1313/471
f 1098/1311/469 1105/1313/471 1103/1314/463
f 1100/1315/467 1103/1316/463 1101/298/468
f 1101/298/468 1103/1316/463 1105/299/471
f 1101/1317/188 1105/1318/188 1102/1319/188
f 1102/1319/188 1105/1318/188 1104/1320/188
f 1110/1321/472 1107/1322/473 1108/1323/467
f 1110/1321/472 1108/1323/467 1109/1324/468
f 1107/1325/473 1106/1326/474 1108/1327/467
f 1108/1327/467 1106/1326/474 1111/1328/463
f 1106/1329/474 1107/1330/473 1112/294/457
f 1112/294/457 1107/1330/473 1110/295/472
f 1106/1331/474 1112/1332/457 1113/1333/471
f 1106/1331/474 1113/1333/471 1111/1334/463
f 1108/1315/467 1111/1335/463 1109/298/468
f 1109/298/468 1111/1335/463 1113/299/471
f 1109/1336/188 1113/1337/188 1110/1338/188
f 1110/1338/188 1113/1337/188 1112/1339/188
f 1118/1340/475 1115/1341/460 1116/1342/476
f 1118/1340/475 1116/1342/476 1117/1343/206
f 1115/1344/460 1114/1345/462 1116/1346/476
f 1116/1346/476 1114/1345/462 1119/1347/477
f 1114/292/462 1115/1348/460 1120/294/464
f 1120/294/464 1115/1348/460 1118/295/475
f 1114/1349/462 1120/1350/464 1121/1351/478
f 1114/1349/462 1121/1351/478 1119/1352/477
f 1116/1353/476 1119/1354/477 1117/298/206
f 1117/298/206 1119/1354/477 1121/299/478
f 1117/1355/188 1121/1356/188 1118/1357/188
f 1118/1357/188 1121/1356/188 1120/1358/188
f 1126/1359/452 1123/1360/473 1124/1361/479
f 1126/1359/452 1124/1361/479 1125/1362/468
f 1123/1363/473 1122/1364/480 1124/1365/479
f 1124/1365/479 1122/1364/480 1127/1366/481
f 1122/1367/480 1123/1368/473 1128/294/457
f 1128/294/457 1123/1368/473 1126/295/452
f 1122/1369/480 1128/1370/457 1129/1371/471
f 1122/1369/480 1129/1371/471 1127/1372/481
f 1124/1373/479 1127/1374/481 1125/298/468
f 1125/298/468 1127/1374/481 1129/299/471
f 1125/1375/188 1129/1376/188 1126/1377/188
f 1126/1377/188 1129/1376/188 1128/1378/188
f 1134/1379/203 1131/1380/460 1132/1381/461
f 1134/1379/203 1132/1381/461 1133/1382/455
f 1131/1383/460 1130/1384/482 1132/1385/461
f 1132/1385/461 1130/1384/482 1135/1386/463
f 1130/1387/482 1131/1388/460 1136/294/209
f 1136/294/209 1131/1388/460 1134/295/203
f 1130/1389/482 1136/1390/209 1137/1391/458
f 1130/1389/482 1137/1391/458 1135/1392/463
f 1132/1297/461 1135/1393/463 1133/298/455
f 1133/298/455 1135/1393/463 1137/299/458
f 1133/1394/188 1137/1395/188 1134/1396/188
f 1134/1396/188 1137/1395/188 1136/1397/188
f 1142/1398/465 1139/1399/466 1140/1400/461
f 1142/1398/465 1140/1400/461 1141/1379/455
f 1139/1401/466 1138/1402/469 1140/1403/461
f 1140/1403/461 1138/1402/469 1143/1404/463
f 1138/1405/469 1139/1406/466 1144/294/470
f 1144/294/470 1139/1406/466 1142/295/465
f 1138/1407/469 1144/1408/470 1145/1390/458
f 1138/1407/469 1145/1390/458 1143/1409/463
f 1140/1410/461 1143/1411/463 1141/298/455
f 1141/298/455 1143/1411/463 1145/299/458
f 1141/1396/188 1145/1397/188 1142/1412/188
f 1142/1412/188 1145/1397/188 1144/1413/188
f 1150/1414/472 1147/1415/473 1148/1416/467
f 1150/1414/472 1148/1416/467 1149/1417/468
f 1147/1418/473 1146/1419/474 1148/1420/467
f 1148/1420/467 1146/1419/474 1151/1421/463
f 1146/1329/474 1147/1422/473 1152/294/457
f 1152/294/457 1147/1422/473 1150/295/472
f 1146/1423/474 1152/1424/457 1153/1425/471
f 1146/1423/474 1153/1425/471 1151/1426/463
f 1148/1427/467 1151/1316/463 1149/298/468
f 1149/298/468 1151/1316/463 1153/299/471
f 1149/1428/188 1153/1429/188 1150/1430/188
f 1150/1430/188 1153/1429/188 1152/1431/188
f 1158/1432/475 1155/1433/460 1156/1434/461
f 1158/1432/475 1156/1434/461 1157/1414/483
f 1155/1435/460 1154/1436/462 1156/1437/461
f 1156/1437/461 1154/1436/462 1159/1438/463
f 1154/1439/462 1155/1440/460 1160/294/464
f 1160/294/464 1155/1440/460 1158/295/475
f 1154/1441/462 1160/1442/464 1161/1424/458
f 1154/1441/462 1161/1424/458 1159/1443/463
f 1156/1444/461 1159/1445/463 1157/298/483
f 1157/298/483 1159/1445/463 1161/299/458
f 1157/1430/188 1161/1431/188 1158/1446/188
f 1158/1446/188 1161/1431/188 1160/1447/188
f 1166/1448/452 1163/1449/473 1164/1450/479
f 1166/1448/452 1164/1450/479 1165/1451/468
f 1163/1452/473 1162/1453/480 1164/1454/479
f 1164/1454/479 1162/1453/480 1167/1455/481
f 1162/1367/480 1163/1456/473 1168/294/457
f 1168/294/457 1163/1456/473 1166/295/452
f 1162/1457/480 1168/1458/457 1169/1459/471
f 1162/1457/480 1169/1459/471 1167/1460/481
f 1164/1373/479 1167/1461/481 1165/298/468
f 1165/298/468 1167/1461/481 1169/299/471
f 1165/1462/188 1169/1463/188 1166/1464/188
f 1166/1464/188 1169/1463/188 1168/1465/188
f 1178/1486/15 1179/1487/15 1181/1488/15
f 1181/1488/15 1179/1487/15 1180/1477/15
f 1182/1489/189 1178/1490/189 1183/294/189
f 1183/294/189 1178/1490/189 1181/295/189
f 1179/1491/181 1184/1492/181 1180/298/181
f 1180/298/181 1184/1492/181 1185/299/181
f 1184/1493/199 1179/1494/199 1189/1495/199
f 1189/1495/199 1179/1494/199 1188/1496/199
f 1188/1496/199 1179/1494/199 1178/1497/199
f 1188/1496/199 1178/1497/199 1187/1498/199
f 1187/1498/199 1178/1497/199 1186/1499/199
f 1186/1499/199 1178/1497/199 1182/1500/199
f 1183/1488/15 1190/1501/15 1182/1486/15
f 1182/1486/15 1190/1501/15 1186/1502/15
f 1188/1503/10 1187/1504/10 1192/1505/10
f 1192/1505/10 1187/1504/10 1191/1506/10
f 1187/1507/181 1186/1492/181 1191/1508/181
f 1191/1508/181 1186/1492/181 1190/299/181
f 1184/1487/15 1189/1509/15 1185/1477/15
f 1185/1477/15 1189/1509/15 1193/1510/15
f 1189/1489/189 1188/1511/189 1193/294/189
f 1193/294/189 1188/1511/189 1192/1512/189
f 1185/1485/188 1193/1513/188 1180/1484/188
f 1180/1484/188 1193/1513/188 1192/1514/188
f 1180/1484/188 1192/1514/188 1181/1515/188
f 1181/1515/188 1192/1514/188 1191/1516/188
f 1181/1515/188 1191/1516/188 1190/1517/188
f 1190/1517/188 1183/1518/188 1181/1515/188
usemtl wall.002
f 208/7/199 209/304/199 207/8/199
f 207/8/199 209/304/199 210/305/199
f 208/8/15 207/7/15 211/1/15
f 211/1/15 207/7/15 212/3/15
f 213/306/189 212/307/189 210/304/189
f 210/304/189 212/307/189 207/7/189
f 214/305/188 211/8/188 213/304/188
f 213/304/188 211/8/188 212/7/188
f 209/305/181 208/8/181 214/3/181
f 214/3/181 208/8/181 211/308/181
f 210/8/10 209/7/10 213/1/10
f 213/1/10 209/7/10 214/3/10
f 216/7/199 217/304/199 215/8/199
f 215/8/199 217/304/199 218/305/199
f 216/8/15 215/7/15 219/1/15
f 219/1/15 215/7/15 220/3/15
f 221/306/189 220/307/189 218/304/189
f 218/304/189 220/307/189 215/7/189
f 222/305/188 219/8/188 221/304/188
f 221/304/188 219/8/188 220/7/188
f 217/305/181 216/8/181 222/3/181
f 222/3/181 216/8/181 219/308/181
f 218/8/10 217/7/10 221/1/10
f 221/1/10 217/7/10 222/3/10
f 223/8/15 224/7/15 226/1/15
f 226/1/15 224/7/15 225/3/15
f 228/1/188 226/8/188 227/3/188
f 227/3/188 226/8/188 225/7/188
f 229/1/181 223/8/181 228/3/181
f 228/3/181 223/8/181 226/7/181
f 230/1/199 224/8/199 229/3/199
f 229/3/199 224/8/199 223/7/199
f 227/1/189 225/8/189 230/3/189
f 230/3/189 225/8/189 224/7/189
f 228/3/10 227/1/10 229/7/10
f 229/7/10 227/1/10 230/8/10
f 231/3/15 232/1/15 234/7/15
f 234/7/15 232/1/15 233/8/15
f 236/1/199 234/8/199 235/3/199
f 235/3/199 234/8/199 233/7/199
f 237/1/189 231/8/189 236/3/189
f 236/3/189 231/8/189 234/7/189
f 238/1/188 232/8/188 237/3/188
f 237/3/188 232/8/188 231/7/188
f 235/1/181 233/8/181 238/3/181
f 238/3/181 233/8/181 232/7/181
f 236/8/10 235/7/10 237/1/10
f 237/1/10 235/7/10 238/3/10
f 248/7/199 249/304/199 247/8/199
f 247/8/199 249/304/199 250/305/199
f 248/8/15 247/7/15 251/1/15
f 251/1/15 247/7/15 252/3/15
f 253/306/189 252/307/189 250/304/189
f 250/304/189 252/307/189 247/7/189
f 254/305/188 251/8/188 253/304/188
f 253/304/188 251/8/188 252/7/188
f 249/305/181 248/8/181 254/3/181
f 254/3/181 248/8/181 251/308/181
f 250/8/10 249/7/10 253/1/10
f 253/1/10 249/7/10 254/3/10
f 256/7/199 257/304/199 255/8/199
f 255/8/199 257/304/199 258/305/199
f 256/8/15 255/7/15 259/1/15
f 259/1/15 255/7/15 260/3/15
f 261/306/189 260/307/189 258/304/189
f 258/304/189 260/307/189 255/7/189
f 262/305/188 259/8/188 261/304/188
f 261/304/188 259/8/188 260/7/188
f 257/305/181 256/8/181 262/3/181
f 262/3/181 256/8/181 259/308/181
f 258/8/10 257/7/10 261/1/10
f 261/1/10 257/7/10 262/3/10
f 263/3/15 264/1/15 266/7/15
f 266/7/15 264/1/15 265/8/15
f 268/1/199 266/8/199 267/3/199
f 267/3/199 266/8/199 265/7/199
f 269/1/189 263/8/189 268/3/189
f 268/3/189 263/8/189 266/7/189
f 270/1/188 264/8/188 269/3/188
f 269/3/188 264/8/188 263/7/188
f 267/1/181 265/8/181 270/3/181
f 270/3/181 265/8/181 264/7/181
f 268/8/10 267/7/10 269/1/10
f 269/1/10 267/7/10 270/3/10
f 271/8/15 272/7/15 274/1/15
f 274/1/15 272/7/15 273/3/15
f 276/1/188 274/8/188 275/3/188
f 275/3/188 274/8/188 273/7/188
f 277/1/181 271/8/181 276/3/181
f 276/3/181 271/8/181 274/7/181
f 278/1/199 272/8/199 277/3/199
f 277/3/199 272/8/199 271/7/199
f 275/1/189 273/8/189 278/3/189
f 278/3/189 273/8/189 272/7/189
f 276/3/10 275/1/10 277/7/10
f 277/7/10 275/1/10 278/8/10
f 280/3/15 281/1/15 279/7/15
f 279/7/15 281/1/15 282/8/15
f 284/1/181 282/8/181 283/3/181
f 283/3/181 282/8/181 281/7/181
f 285/1/199 279/8/199 284/3/199
f 284/3/199 279/8/199 282/7/199
f 286/1/189 280/8/189 285/3/189
f 285/3/189 280/8/189 279/7/189
f 283/1/188 281/8/188 286/3/188
f 286/3/188 281/8/188 280/7/188
f 283/3/10 286/1/10 284/7/10
f 284/7/10 286/1/10 285/8/10
f 287/8/15 288/7/15 290/1/15
f 290/1/15 288/7/15 289/3/15
f 292/1/181 287/8/181 291/3/181
f 291/3/181 287/8/181 290/7/181
f 293/1/199 288/8/199 292/3/199
f 292/3/199 288/8/199 287/7/199
f 294/1/189 289/8/189 293/3/189
f 293/3/189 289/8/189 288/7/189
f 291/1/188 290/8/188 294/3/188
f 294/3/188 290/8/188 289/7/188
f 291/3/10 294/1/10 292/7/10
f 292/7/10 294/1/10 293/8/10
f 310/8/15 311/7/15 309/1/15
f 309/1/15 311/7/15 312/3/15
f 314/1/189 312/8/189 313/3/189
f 313/3/189 312/8/189 311/7/189
f 315/1/188 309/8/188 314/3/188
f 314/3/188 309/8/188 312/7/188
f 316/1/181 310/8/181 315/3/181
f 315/3/181 310/8/181 309/7/181
f 313/1/199 311/8/199 316/3/199
f 316/3/199 311/8/199 310/7/199
f 313/8/10 316/7/10 314/1/10
f 314/1/10 316/7/10 315/3/10
f 318/8/15 319/7/15 317/1/15
f 317/1/15 319/7/15 320/3/15
f 322/1/189 320/8/189 321/3/189
f 321/3/189 320/8/189 319/7/189
f 323/1/188 317/8/188 322/3/188
f 322/3/188 317/8/188 320/7/188
f 324/1/181 318/8/181 323/3/181
f 323/3/181 318/8/181 317/7/181
f 321/1/199 319/8/199 324/3/199
f 324/3/199 319/8/199 318/7/199
f 321/8/10 324/7/10 322/1/10
f 322/1/10 324/7/10 323/3/10
f 340/1/181 341/8/181 339/3/181
f 339/3/181 341/8/181 342/7/181
f 343/1/199 344/8/199 340/3/199
f 340/3/199 344/8/199 341/7/199
f 345/1/189 346/8/189 343/3/189
f 343/3/189 346/8/189 344/7/189
f 339/1/188 342/8/188 345/3/188
f 345/3/188 342/8/188 346/7/188
f 346/3/15 342/1/15 344/7/15
f 344/7/15 342/1/15 341/8/15
f 339/3/10 345/1/10 340/7/10
f 340/7/10 345/1/10 343/8/10
f 348/1/181 349/8/181 347/3/181
f 347/3/181 349/8/181 350/7/181
f 351/1/199 352/8/199 348/3/199
f 348/3/199 352/8/199 349/7/199
f 353/1/189 354/8/189 351/3/189
f 351/3/189 354/8/189 352/7/189
f 347/1/188 350/8/188 353/3/188
f 353/3/188 350/8/188 354/7/188
f 347/3/10 353/1/10 348/7/10
f 348/7/10 353/1/10 351/8/10
f 354/3/15 350/1/15 352/7/15
f 352/7/15 350/1/15 349/8/15
f 364/1/189 365/8/189 363/3/189
f 363/3/189 365/8/189 366/7/189
f 367/1/188 368/8/188 364/3/188
f 364/3/188 368/8/188 365/7/188
f 369/1/181 370/8/181 367/3/181
f 367/3/181 370/8/181 368/7/181
f 363/1/199 366/8/199 369/3/199
f 369/3/199 366/8/199 370/7/199
f 363/8/10 369/7/10 364/1/10
f 364/1/10 369/7/10 367/3/10
f 370/8/15 366/7/15 368/1/15
f 368/1/15 366/7/15 365/3/15
f 435/1/181 436/8/181 434/3/181
f 434/3/181 436/8/181 437/7/181
f 434/1/188 437/8/188 438/3/188
f 438/3/188 437/8/188 439/7/188
f 438/1/189 439/8/189 440/3/189
f 440/3/189 439/8/189 441/7/189
f 440/1/199 441/8/199 435/3/199
f 435/3/199 441/8/199 436/7/199
f 434/3/10 438/1/10 435/7/10
f 435/7/10 438/1/10 440/8/10
f 436/8/15 441/7/15 437/1/15
f 437/1/15 441/7/15 439/3/15
f 479/8/15 480/7/15 478/1/15
f 478/1/15 480/7/15 481/3/15
f 483/1/189 481/8/189 482/3/189
f 482/3/189 481/8/189 480/7/189
f 484/1/188 478/8/188 483/3/188
f 483/3/188 478/8/188 481/7/188
f 485/1/181 479/8/181 484/3/181
f 484/3/181 479/8/181 478/7/181
f 482/1/199 480/8/199 485/3/199
f 485/3/199 480/8/199 479/7/199
f 482/8/10 485/7/10 483/1/10
f 483/1/10 485/7/10 484/3/10
f 487/1/181 488/8/181 486/3/181
f 486/3/181 488/8/181 489/7/181
f 486/1/188 489/8/188 490/3/188
f 490/3/188 489/8/188 491/7/188
f 490/1/189 491/8/189 492/3/189
f 492/3/189 491/8/189 493/7/189
f 492/1/199 493/8/199 487/3/199
f 487/3/199 493/8/199 488/7/199
f 486/3/10 490/1/10 487/7/10
f 487/7/10 490/1/10 492/8/10
f 488/8/15 493/7/15 489/1/15
f 489/1/15 493/7/15 491/3/15
f 521/7/189 522/3/189 520/8/189
f 520/8/189 522/3/189 523/1/189
f 524/7/199 525/3/199 521/8/199
f 521/8/199 525/3/199 522/1/199
f 526/7/181 527/3/181 524/8/181
f 524/8/181 527/3/181 525/1/181
f 520/7/188 523/3/188 526/8/188
f 526/8/188 523/3/188 527/1/188
f 520/3/15 526/1/15 521/7/15
f 521/7/15 526/1/15 524/8/15
f 527/3/10 523/1/10 525/7/10
f 525/7/10 523/1/10 522/8/10
f 538/1/181 539/8/181 541/309/181
f 541/309/181 539/8/181 540/308/181
f 539/7/199 538/3/199 543/8/199
f 543/8/199 538/3/199 542/1/199
f 541/309/10 544/315/10 538/7/10
f 538/7/10 544/315/10 542/8/10
f 544/314/189 545/307/189 542/3/189
f 542/3/189 545/307/189 543/7/189
f 541/1/188 540/8/188 544/3/188
f 544/3/188 540/8/188 545/7/188
f 539/8/15 543/7/15 540/315/15
f 540/315/15 543/7/15 545/316/15
f 1038/7/199 1039/3/199 1041/8/199
f 1041/8/199 1039/3/199 1040/1/199
f 1041/7/189 1040/3/189 1043/8/189
f 1043/8/189 1040/3/189 1042/1/189
f 1039/7/10 1047/1179/10 1040/8/10
f 1040/8/10 1047/1179/10 1048/1180/10
f 1040/8/10 1048/1180/10 1042/1/10
f 1042/1/10 1048/1180/10 1045/1181/10
f 1042/1/10 1045/1181/10 1044/3/10
f 1044/3/10 1045/1181/10 1039/7/10
f 1039/7/10 1045/1181/10 1046/1182/10
f 1039/7/10 1046/1182/10 1047/1179/10
f 1050/7/188 1047/3/188 1049/8/188
f 1049/8/188 1047/3/188 1046/1/188
f 1039/1/181 1038/8/181 1044/3/181
f 1044/3/181 1038/8/181 1051/7/181
f 1044/1/188 1051/8/188 1042/3/188
f 1042/3/188 1051/8/188 1043/7/188
f 1045/1/189 1052/8/189 1046/3/189
f 1046/3/189 1052/8/189 1049/7/189
f 1047/1/181 1050/8/181 1048/3/181
f 1048/3/181 1050/8/181 1053/7/181
f 1052/7/199 1045/3/199 1053/8/199
f 1053/8/199 1045/3/199 1048/1/199
f 1041/7/15 1049/1179/15 1038/8/15
f 1038/8/15 1049/1179/15 1052/1180/15
f 1038/8/15 1052/1180/15 1051/1/15
f 1051/1/15 1052/1180/15 1053/1181/15
f 1051/1/15 1053/1181/15 1043/3/15
f 1043/3/15 1053/1181/15 1041/7/15
f 1041/7/15 1053/1181/15 1050/1182/15
f 1041/7/15 1050/1182/15 1049/1179/15
usemtl wall.003
f 239/1/181 240/8/181 242/309/181
f 242/309/181 240/8/181 241/308/181
f 240/7/199 239/3/199 244/8/199
f 244/8/199 239/3/199 243/1/199
f 242/310/10 245/311/10 239/312/10
f 239/312/10 245/311/10 243/313/10
f 245/314/189 246/307/189 243/3/189
f 243/3/189 246/307/189 244/7/189
f 242/1/188 241/8/188 245/3/188
f 245/3/188 241/8/188 246/7/188
f 240/8/15 244/7/15 241/315/15
f 241/315/15 244/7/15 246/316/15
usemtl wall_2.010
f 355/7/227 356/3/227 358/8/227
f 358/8/227 356/3/227 357/1/227
f 356/8/228 359/7/228 357/1/228
f 357/1/228 359/7/228 360/3/228
f 359/1/229 361/8/230 360/3/229
f 360/3/229 361/8/230 362/7/230
f 361/8/231 355/7/231 362/1/231
f 362/1/231 355/7/231 358/3/231
f 356/1/232 355/8/232 359/3/232
f 359/3/232 355/8/232 361/7/232
f 358/7/233 357/3/233 362/8/233
f 362/8/233 357/3/233 360/1/233
usemtl wall4.006
f 386/1/246 387/338/247 385/3/3
f 385/3/3 387/338/247 390/339/248
f 388/340/249 389/341/250 387/338/247
f 389/341/250 390/339/248 387/338/247
f 390/339/248 391/342/251 385/3/3
f 385/3/3 391/342/251 392/343/252
f 385/3/3 392/343/252 393/344/253
f 385/3/3 393/344/253 394/345/254
f 395/6/3 396/7/3 394/345/254
f 394/345/254 396/7/3 385/3/3
f 391/7/251 390/3/248 397/8/255
f 397/8/255 390/3/248 398/1/256
f 389/8/250 398/346/256 390/1/248
f 388/8/249 399/7/257 389/347/250
f 389/347/250 399/7/257 398/11/256
f 388/7/249 387/3/247 399/8/257
f 399/8/257 387/3/247 400/1/258
f 387/7/247 386/3/246 400/8/258
f 400/8/258 386/3/246 401/1/259
f 385/3/10 402/1/10 386/7/10
f 386/7/10 402/1/10 401/8/10
f 385/1/11 396/8/11 402/3/11
f 402/3/11 396/8/11 403/7/11
f 407/348/260 404/349/261 402/1/12
f 402/1/12 404/349/261 405/350/262
f 402/1/12 405/350/262 397/351/255
f 397/351/255 398/352/256 402/1/12
f 402/1/12 398/352/256 400/353/258
f 400/353/258 398/352/256 399/354/257
f 400/353/258 401/3/259 402/1/12
f 402/1/12 403/8/12 407/348/260
f 407/348/260 403/8/12 406/15/12
f 392/7/252 391/3/251 405/8/262
f 405/8/262 391/3/251 397/1/255
f 392/8/252 405/7/262 393/355/253
f 393/355/253 405/7/262 404/356/261
f 394/7/254 393/3/253 407/8/260
f 407/8/260 393/3/253 404/1/261
f 395/7/263 394/3/254 406/8/264
f 406/8/264 394/3/254 407/1/260
f 395/8/15 406/7/15 396/1/15
f 396/1/15 406/7/15 403/3/15
usemtl glass.006
f 570/7/397 573/304/398 571/8/399
f 571/8/399 573/304/398 572/305/400
f 573/305/398 570/8/397 572/304/400
f 572/304/400 570/8/397 571/7/399
f 602/7/397 604/304/398 603/8/399
f 603/8/399 604/304/398 605/305/400
f 603/7/399 605/304/400 602/8/397
f 602/8/397 605/304/400 604/305/398
f 654/7/418 657/304/398 655/8/419
f 655/8/419 657/304/398 656/305/400
f 657/305/398 654/8/418 656/304/400
f 656/304/400 654/8/418 655/7/419
f 686/7/397 688/304/398 687/8/399
f 687/8/399 688/304/398 689/305/400
f 687/7/399 689/304/400 686/8/397
f 686/8/397 689/304/400 688/305/398
f 814/7/428 817/304/429 815/8/430
f 815/8/430 817/304/429 816/305/431
f 817/305/429 814/8/428 816/304/431
f 816/304/431 814/8/428 815/7/430
f 846/7/428 848/304/429 847/8/430
f 847/8/430 848/304/429 849/305/431
f 847/7/430 849/304/431 846/8/428
f 846/8/428 849/304/431 848/305/429
f 926/7/434 928/304/435 927/8/436
f 927/8/436 928/304/435 929/305/437
f 927/7/436 929/304/437 926/8/434
f 926/8/434 929/304/437 928/305/435
f 966/7/428 968/304/429 967/8/430
f 967/8/430 968/304/429 969/305/431
f 967/7/430 969/304/431 966/8/428
f 966/8/428 969/304/431 968/305/429
f 982/7/428 985/304/429 983/8/430
f 983/8/430 985/304/429 984/305/431
f 985/305/429 982/8/428 984/304/431
f 984/304/431 982/8/428 983/7/430
f 1034/7/428 1037/304/429 1035/8/430
f 1035/8/430 1037/304/429 1036/305/431
f 1037/305/429 1034/8/428 1036/304/431
f 1036/304/431 1034/8/428 1035/7/430
usemtl wall_3.002
f 1055/1183/199 1056/1184/199 1054/1185/199
f 1054/1185/199 1056/1184/199 1057/1186/199
f 1054/1187/189 1057/1188/189 1059/1189/189
f 1059/1189/189 1057/1188/189 1058/1190/189
f 1057/1191/10 1056/1192/10 1058/1193/10
f 1058/1193/10 1056/1192/10 1060/1194/10
f 1056/1195/181 1055/1196/181 1060/1197/181
f 1060/1197/181 1055/1196/181 1061/1198/181
f 1060/1199/188 1061/1200/188 1058/1201/188
f 1058/1201/188 1061/1200/188 1059/1202/188
f 1055/1203/15 1054/1204/15 1061/1205/15
f 1061/1205/15 1054/1204/15 1059/1206/15
f 1063/1207/181 1064/1208/181 1062/1209/181
f 1062/1209/181 1064/1208/181 1065/1210/181
f 1066/1211/199 1067/1212/199 1063/1213/199
f 1063/1213/199 1067/1212/199 1064/1214/199
f 1068/1215/189 1069/1216/189 1066/1217/189
f 1066/1217/189 1069/1216/189 1067/1218/189
f 1062/1219/188 1065/1220/188 1068/1221/188
f 1068/1221/188 1065/1220/188 1069/1222/188
f 1069/1223/15 1065/1224/15 1067/1225/15
f 1067/1225/15 1065/1224/15 1064/1226/15
f 1062/1227/10 1068/1228/10 1063/1229/10
f 1063/1229/10 1068/1228/10 1066/1230/10
f 1070/1231/438 1071/1232/439 1072/1233/440
f 1070/1234/438 1073/1235/441 1071/1236/439
f 1071/1236/439 1073/1235/441 1074/1237/442
f 1073/1238/441 1070/1239/438 1075/1230/443
f 1071/1240/439 1074/1241/442 1072/1226/444
f 1074/1242/442 1075/1243/443 1072/1244/444
f 1072/1244/444 1075/1243/443 1070/1245/438
f 1074/1246/442 1073/1247/441 1075/1248/445
f 1076/1249/446 1077/1250/447 1078/1251/440
f 1076/1252/446 1079/1253/448 1077/1254/447
f 1077/1254/447 1079/1253/448 1080/1255/449
f 1079/1256/448 1076/1257/446 1081/1258/450
f 1077/1259/447 1080/1260/449 1078/1261/451
f 1080/1262/449 1081/1263/450 1078/1264/451
f 1078/1264/451 1081/1263/450 1076/1265/446
f 1080/1266/449 1079/1267/448 1081/1268/445
usemtl metal.002
f 1194/1519/485 1195/7/486 1196/1520/10
f 1198/8/15 1197/1521/487 1199/1522/488
f 1195/7/189 1198/3/189 1196/1523/189
f 1196/1523/189 1198/3/189 1199/1524/189
f 1200/1519/489 1201/7/490 1202/1520/15
f 1201/7/189 1203/3/189 1202/1523/189
f 1202/1523/189 1203/3/189 1204/1524/189
f 1203/8/10 1205/1521/491 1204/1522/492
f 1194/1525/485 1201/8/490 1195/1526/486
f 1195/1526/486 1201/8/490 1200/7/489
f 1195/1526/486 1200/7/489 1205/304/491
f 1194/1525/485 1197/1527/487 1201/8/490
f 1201/8/490 1197/1527/487 1203/305/493
f 1203/305/493 1197/1527/487 1198/1528/494
f 1203/305/493 1198/1528/494 1205/304/491
f 1205/304/491 1198/1528/494 1195/1526/486
f 1196/1525/495 1202/7/496 1194/1526/485
f 1194/1526/485 1202/7/496 1204/304/492
f 1194/1526/485 1204/304/492 1197/1528/487
f 1197/1528/487 1204/304/492 1199/1527/488
f 1199/1527/488 1204/304/492 1205/305/491
f 1199/1527/488 1205/305/491 1200/8/489
f 1202/7/496 1196/1525/495 1200/8/489
f 1200/8/489 1196/1525/495 1199/1527/488
f 1379/1728/573 1381/1729/574 1380/1730/575
f 1379/1731/573 1380/1732/575 1383/1733/576
f 1380/1734/575 1381/1735/574 1384/1736/577
f 1381/1735/574 1379/1731/573 1385/1737/578
f 1379/1731/573 1383/1733/576 1382/1738/579
f 1380/1734/575 1384/1736/577 1383/1739/576
f 1381/1735/574 1385/1737/578 1384/1736/577
f 1379/1731/573 1382/1738/579 1385/1737/578
f 1385/1740/578 1382/1741/579 1383/1742/576
f 1385/1740/578 1383/1742/576 1384/1743/577
f 1386/1744/580 1389/1745/581 1388/1746/582
f 1386/1744/580 1387/1747/583 1389/1745/581
f 1387/1748/583 1386/1749/580 1391/1750/584
f 1386/1751/580 1392/1752/585 1391/1753/584
f 1386/1751/580 1388/1754/582 1392/1752/585
f 1388/1754/582 1393/1755/586 1392/1752/585
f 1388/1754/582 1389/1756/581 1393/1755/586
f 1389/1756/581 1387/1748/583 1394/1757/587
f 1387/1748/583 1390/1758/588 1394/1757/587
f 1387/1748/583 1391/1750/584 1390/1758/588
f 1389/1756/581 1394/1757/587 1393/1755/586
f 1391/1759/584 1392/1760/585 1393/1761/586
f 1391/1759/584 1393/1761/586 1394/1762/587
f 1391/1759/584 1394/1762/587 1390/1763/588
f 1395/1764/589 1397/1765/590 1396/1766/591
f 1395/1767/589 1396/1768/591 1401/1769/592
f 1396/1768/591 1398/1770/593 1401/1769/592
f 1396/1771/591 1400/1772/594 1398/1773/593
f 1396/1771/591 1397/1774/590 1400/1772/594
f 1397/1774/590 1399/1775/595 1400/1772/594
f 1397/1774/590 1395/1767/589 1399/1775/595
f 1395/1767/589 1401/1769/592 1399/1775/595
f 1401/1776/592 1398/1777/593 1400/1778/594
f 1401/1776/592 1400/1778/594 1399/1779/595
usemtl 02_-_Default.007
f 1222/1529/497 1225/1530/498 1223/1531/499
f 1223/1531/499 1225/1530/498 1224/1532/500
f 1225/1533/498 1222/1534/497 1224/1535/500
f 1224/1535/500 1222/1534/497 1223/1536/499
f 1230/1537/497 1233/1538/498 1231/1539/499
f 1231/1539/499 1233/1538/498 1232/1540/500
f 1233/1541/498 1230/1542/497 1232/1543/500
f 1232/1543/500 1230/1542/497 1231/1544/499
f 1246/1545/517 1249/1546/518 1247/1547/519
f 1247/1547/519 1249/1546/518 1248/1548/520
f 1249/1549/518 1246/1550/517 1248/1551/520
f 1248/1551/520 1246/1550/517 1247/1552/519
f 1254/1553/501 1257/1554/502 1255/1555/503
f 1255/1555/503 1257/1554/502 1256/1556/504
f 1257/1557/502 1254/1558/501 1256/1559/504
f 1256/1559/504 1254/1558/501 1255/1560/503
f 1264/1561/15 1265/1562/526 1266/1563/527
f 1267/1564/216 1264/1565/216 1268/1566/216
f 1268/1566/216 1264/1565/216 1266/1567/216
f 1269/1568/10 1267/1569/10 1270/1570/10
f 1270/1570/10 1267/1569/10 1268/1571/10
f 1265/1572/528 1269/1573/529 1270/1574/215
f 1271/1575/10 1272/1576/10 1274/1577/10
f 1274/1577/10 1272/1576/10 1273/1578/10
f 1272/1579/215 1262/1580/530 1273/1581/531
f 1263/1582/532 1271/1583/533 1274/1584/216
f 1265/1585/526 1274/1586/534 1266/1587/527
f 1266/1587/527 1274/1586/534 1273/1588/531
f 1266/1587/527 1273/1588/531 1268/1589/535
f 1268/1589/535 1273/1588/531 1262/1590/530
f 1268/1589/535 1262/1590/530 1263/1591/532
f 1265/1585/526 1270/1592/536 1274/1586/534
f 1274/1586/534 1270/1592/536 1263/1591/532
f 1263/1591/532 1270/1592/536 1268/1589/535
f 1269/1593/529 1265/1594/528 1271/1595/533
f 1271/1595/533 1265/1594/528 1264/1596/537
f 1271/1595/533 1264/1596/537 1272/1597/538
f 1272/1597/538 1264/1596/537 1267/1598/539
f 1272/1597/538 1267/1598/539 1262/1599/530
f 1262/1599/530 1267/1598/539 1263/1600/532
f 1263/1600/532 1267/1598/539 1269/1593/529
f 1263/1600/532 1269/1593/529 1271/1595/533
f 1297/1603/220 1298/1604/220 1296/1605/220
f 1296/1605/220 1298/1604/220 1299/1606/220
f 1296/1605/220 1299/1606/220 1303/1607/220
f 1303/1607/220 1299/1606/220 1300/1608/220
f 1303/1607/220 1300/1608/220 1301/1609/220
f 1301/1609/220 1302/1610/220 1303/1607/220
f 1302/1611/15 1301/1612/15 1304/1613/15
f 1304/1613/15 1301/1612/15 1305/1614/15
f 1306/1615/215 1307/1616/215 1296/1581/215
f 1296/1581/215 1307/1616/215 1297/1617/215
f 1308/1613/15 1306/1618/15 1303/1611/15
f 1303/1611/15 1306/1618/15 1296/1619/15
f 1304/1620/216 1308/1621/216 1302/1622/216
f 1302/1622/216 1308/1621/216 1303/1584/216
f 1307/1618/15 1309/1623/15 1297/1619/15
f 1297/1619/15 1309/1623/15 1298/1624/15
f 1309/1620/216 1310/1625/216 1298/1622/216
f 1298/1622/216 1310/1625/216 1299/1626/216
f 1310/1627/10 1311/1628/10 1299/1629/10
f 1299/1629/10 1311/1628/10 1300/1630/10
f 1311/1631/215 1305/1616/215 1300/1632/215
f 1300/1632/215 1305/1616/215 1301/1617/215
f 1307/1633/226 1306/1634/226 1309/1635/226
f 1309/1635/226 1306/1634/226 1310/1636/226
f 1310/1636/226 1306/1634/226 1308/1637/226
f 1310/1636/226 1308/1637/226 1311/1638/226
f 1311/1638/226 1308/1637/226 1305/1639/226
f 1305/1639/226 1308/1637/226 1304/1640/226
f 1328/1641/548 1329/1642/549 1330/1643/15
f 1331/1644/15 1332/1645/526 1333/1646/527
f 1334/1647/216 1331/1648/216 1335/1649/216
f 1335/1649/216 1331/1648/216 1333/1650/216
f 1336/1651/10 1334/1652/10 1337/1653/10
f 1337/1653/10 1334/1652/10 1335/1654/10
f 1332/1655/528 1336/1656/550 1337/1657/215
f 1338/1658/10 1339/1659/10 1341/1660/10
f 1341/1660/10 1339/1659/10 1340/1661/10
f 1339/1662/215 1328/1663/551 1340/1664/531
f 1329/1665/216 1338/1666/216 1330/1667/216
f 1330/1667/216 1338/1666/216 1341/1668/216
f 1332/1669/526 1341/1670/552 1333/1671/527
f 1333/1671/527 1341/1670/552 1340/1672/531
f 1333/1671/527 1340/1672/531 1335/1673/553
f 1335/1673/553 1340/1672/531 1328/1674/551
f 1335/1673/553 1328/1674/551 1330/1675/554
f 1332/1669/526 1337/1676/555 1341/1670/552
f 1341/1670/552 1337/1676/555 1330/1675/554
f 1330/1675/554 1337/1676/555 1335/1673/553
f 1336/1677/550 1332/1678/528 1338/1679/556
f 1338/1679/556 1332/1678/528 1331/1680/537
f 1338/1679/556 1331/1680/537 1339/1681/538
f 1339/1681/538 1331/1680/537 1334/1682/557
f 1339/1681/538 1334/1682/557 1328/1683/548
f 1328/1683/548 1334/1682/557 1329/1684/549
f 1329/1684/549 1334/1682/557 1336/1677/550
f 1329/1684/549 1336/1677/550 1338/1679/556
f 1355/1688/517 1358/1689/518 1356/1690/519
f 1356/1690/519 1358/1689/518 1357/1691/567
f 1358/1692/518 1355/1693/517 1357/1694/567
f 1357/1694/567 1355/1693/517 1356/1695/519
f 1363/1696/570 1366/1697/518 1364/1698/519
f 1364/1698/519 1366/1697/518 1365/1699/567
f 1366/1700/518 1363/1701/570 1365/1702/567
f 1365/1702/567 1363/1701/570 1364/1703/519
usemtl 02_-_Default.008
f 1226/1529/501 1229/1530/502 1227/1531/503
f 1227/1531/503 1229/1530/502 1228/1532/504
f 1229/1533/502 1226/1534/501 1228/1535/504
f 1228/1535/504 1226/1534/501 1227/1536/503
f 1234/1537/505 1237/1538/506 1235/1539/507
f 1235/1539/507 1237/1538/506 1236/1540/508
f 1237/1541/506 1234/1542/505 1236/1543/508
f 1236/1543/508 1234/1542/505 1235/1544/507
f 1250/1545/521 1253/1546/522 1251/1547/523
f 1251/1547/523 1253/1546/522 1252/1548/524
f 1253/1549/522 1250/1550/521 1252/1551/524
f 1252/1551/524 1250/1550/521 1251/1552/523
f 1258/1553/505 1261/1554/525 1259/1555/507
f 1259/1555/507 1261/1554/525 1260/1556/508
f 1261/1557/525 1258/1558/505 1260/1559/508
f 1260/1559/508 1258/1558/505 1259/1560/507
f 1277/1561/15 1278/1562/526 1279/1563/527
f 1280/1564/216 1277/1565/216 1281/1566/216
f 1281/1566/216 1277/1565/216 1279/1567/216
f 1282/1568/10 1280/1569/10 1283/1570/10
f 1283/1570/10 1280/1569/10 1281/1571/10
f 1278/1572/528 1282/1573/529 1283/1574/215
f 1284/1575/10 1285/1576/10 1287/1577/10
f 1287/1577/10 1285/1576/10 1286/1578/10
f 1285/1579/215 1275/1601/530 1286/1581/531
f 1276/1602/532 1284/1583/533 1287/1584/216
f 1278/1585/526 1287/1586/534 1279/1587/527
f 1279/1587/527 1287/1586/534 1286/1588/531
f 1279/1587/527 1286/1588/531 1281/1589/535
f 1281/1589/535 1286/1588/531 1275/1590/530
f 1281/1589/535 1275/1590/530 1276/1591/532
f 1278/1585/526 1283/1592/536 1287/1586/534
f 1287/1586/534 1283/1592/536 1276/1591/532
f 1276/1591/532 1283/1592/536 1281/1589/535
f 1282/1593/529 1278/1594/528 1284/1595/533
f 1284/1595/533 1278/1594/528 1277/1596/537
f 1284/1595/533 1277/1596/537 1285/1597/538
f 1285/1597/538 1277/1596/537 1280/1598/539
f 1285/1597/538 1280/1598/539 1275/1599/530
f 1275/1599/530 1280/1598/539 1276/1600/532
f 1276/1600/532 1280/1598/539 1282/1593/529
f 1276/1600/532 1282/1593/529 1284/1595/533
f 1313/1603/220 1314/1604/220 1312/1605/220
f 1312/1605/220 1314/1604/220 1315/1606/220
f 1312/1605/220 1315/1606/220 1319/1607/220
f 1319/1607/220 1315/1606/220 1316/1608/220
f 1319/1607/220 1316/1608/220 1317/1609/220
f 1317/1609/220 1318/1610/220 1319/1607/220
f 1318/1611/15 1317/1612/15 1320/1613/15
f 1320/1613/15 1317/1612/15 1321/1614/15
f 1322/1615/215 1323/1616/215 1312/1581/215
f 1312/1581/215 1323/1616/215 1313/1617/215
f 1324/1613/15 1322/1618/15 1319/1611/15
f 1319/1611/15 1322/1618/15 1312/1619/15
f 1320/1620/216 1324/1621/216 1318/1622/216
f 1318/1622/216 1324/1621/216 1319/1584/216
f 1323/1618/15 1325/1623/15 1313/1619/15
f 1313/1619/15 1325/1623/15 1314/1624/15
f 1325/1620/216 1326/1625/216 1314/1622/216
f 1314/1622/216 1326/1625/216 1315/1626/216
f 1326/1627/10 1327/1628/10 1315/1629/10
f 1315/1629/10 1327/1628/10 1316/1630/10
f 1327/1631/215 1321/1616/215 1316/1632/215
f 1316/1632/215 1321/1616/215 1317/1617/215
f 1323/1633/226 1322/1634/226 1325/1635/226
f 1325/1635/226 1322/1634/226 1326/1636/226
f 1326/1636/226 1322/1634/226 1324/1637/226
f 1326/1636/226 1324/1637/226 1327/1638/226
f 1327/1638/226 1324/1637/226 1321/1639/226
f 1321/1639/226 1324/1637/226 1320/1640/226
f 1342/1685/548 1343/1642/549 1344/1643/15
f 1347/1647/216 1345/1686/558 1348/1649/559
f 1349/1651/10 1347/1652/10 1350/1653/10
f 1350/1653/10 1347/1652/10 1348/1654/10
f 1346/1572/560 1349/1656/550 1350/1657/215
f 1351/1658/10 1352/1659/10 1354/1660/10
f 1354/1660/10 1352/1659/10 1353/1661/10
f 1352/1662/215 1342/1687/551 1353/1664/561
f 1343/1665/216 1351/1666/216 1344/1667/216
f 1344/1667/216 1351/1666/216 1354/1668/216
f 1346/1669/560 1354/1670/562 1345/1671/558
f 1345/1671/558 1354/1670/562 1353/1672/561
f 1345/1671/558 1353/1672/561 1348/1673/559
f 1348/1673/559 1353/1672/561 1342/1674/551
f 1348/1673/559 1342/1674/551 1344/1675/563
f 1346/1669/560 1350/1676/555 1354/1670/562
f 1354/1670/562 1350/1676/555 1344/1675/563
f 1344/1675/563 1350/1676/555 1348/1673/559
f 1349/1677/550 1346/1678/560 1351/1679/564
f 1351/1679/564 1346/1678/560 1345/1680/558
f 1351/1679/564 1345/1680/558 1352/1681/565
f 1352/1681/565 1345/1680/558 1347/1682/566
f 1352/1681/565 1347/1682/566 1342/1683/548
f 1342/1683/548 1347/1682/566 1343/1684/549
f 1343/1684/549 1347/1682/566 1349/1677/550
f 1343/1684/549 1349/1677/550 1351/1679/564
f 1359/1688/568 1362/1689/522 1360/1690/523
f 1360/1690/523 1362/1689/522 1361/1691/569
f 1362/1692/522 1359/1693/568 1361/1694/569
f 1361/1694/569 1359/1693/568 1360/1695/523
f 1367/1696/568 1370/1697/571 1368/1698/572
f 1368/1698/572 1370/1697/571 1369/1699/569
f 1370/1700/571 1367/1701/568 1369/1702/569
f 1369/1702/569 1367/1701/568 1368/1703/572
usemtl glass.007
f 1238/7/509 1241/391/510 1239/8/511
f 1239/8/511 1241/391/510 1240/389/512
f 1241/389/510 1238/8/509 1240/391/512
f 1240/391/512 1238/8/509 1239/7/511
f 1288/7/540 1291/391/541 1289/8/542
f 1289/8/542 1291/391/541 1290/389/543
f 1291/389/541 1288/8/540 1290/391/543
f 1290/391/543 1288/8/540 1289/7/542
usemtl glass.008
f 1242/7/513 1245/391/514 1243/8/515
f 1243/8/515 1245/391/514 1244/389/516
f 1245/389/514 1242/8/513 1244/391/516
f 1244/391/516 1242/8/513 1243/7/515
f 1292/7/544 1295/391/545 1293/8/546
f 1293/8/546 1295/391/545 1294/389/547
f 1295/389/545 1292/8/544 1294/391/547
f 1294/391/547 1292/8/544 1293/7/546
usemtl Material.018
f 1372/1704/189 1373/1705/189 1371/1706/189
f 1374/1707/199 1377/1708/199 1373/1709/199
f 1378/1710/181 1375/1711/181 1377/1712/181
f 1376/1713/188 1371/1714/188 1375/1715/188
f 1377/1716/10 1371/1717/10 1373/1718/10
f 1374/1719/15 1376/1720/15 1378/1721/15
f 1372/1704/189 1374/1722/189 1373/1705/189
f 1374/1707/199 1378/1723/199 1377/1708/199
f 1378/1710/181 1376/1724/181 1375/1711/181
f 1376/1713/188 1372/1725/188 1371/1714/188
f 1377/1716/10 1375/1726/10 1371/1717/10
f 1374/1719/15 1372/1727/15 1376/1720/15
