# Blender 4.3.2
# www.blender.org
mtllib baseballbat.mtl
o taco_de_baseball
v 5.598421 0.027921 -0.239528
v 0.010561 -0.026642 -0.203117
v 5.602808 0.102989 -0.223866
v 0.008954 0.068521 -0.184731
v 5.601175 0.185804 -0.171822
v 5.587443 0.228977 -0.079943
v 0.007639 0.165096 -0.083775
v 5.576765 0.232693 0.015980
v 0.011917 0.181348 -0.012628
v 5.578015 0.225341 0.072466
v 0.009612 0.170900 0.067479
v 5.594159 0.188821 0.157356
v 0.006946 0.124139 0.139562
v 5.599027 0.117233 0.211128
v 0.006426 0.060812 0.182634
v 5.601905 0.012924 0.231602
v 0.008716 -0.005158 0.199140
v 5.597890 -0.062530 0.218460
v 0.007922 -0.089437 0.184581
v 5.603970 -0.139656 0.168069
v 0.011657 -0.159802 0.140753
v 5.604074 -0.199713 0.076139
v 0.010321 -0.198570 0.080087
v 5.600202 -0.214392 0.003705
v 0.010477 -0.216409 -0.007747
v 5.604645 -0.194643 -0.093348
v 0.010419 -0.205827 -0.069186
v 5.609343 -0.139928 -0.170092
v 0.012763 -0.164230 -0.140358
v 5.603289 -0.062128 -0.222253
v 0.010602 -0.088558 -0.189883
v 5.416808 0.032754 -0.250366
v 2.057763 -0.012700 -0.138311
v 0.132161 -0.015629 -0.126992
v 0.127872 0.034646 -0.116472
v 2.054032 0.044303 -0.130710
v 5.415305 0.109907 -0.234210
v 0.123657 0.069589 -0.092692
v 2.062521 0.091809 -0.100520
v 5.355632 0.191944 -0.183034
v 0.119077 0.102586 -0.049301
v 2.070760 0.121341 -0.059074
v 5.326534 0.242456 -0.110044
v 0.124664 0.108962 -0.000134
v 2.074601 0.133919 -0.000263
v 0.121875 0.102952 0.040782
v 2.078889 0.123150 0.052215
v 0.117792 0.074470 0.079657
v 2.077116 0.095466 0.093353
v 0.113151 0.035776 0.107141
v 2.063244 0.043977 0.126634
v 5.362995 0.112759 0.226942
v 0.111326 -0.013584 0.117335
v 2.059653 0.001090 0.135409
v 5.345766 0.021542 0.245476
v 0.112547 -0.059852 0.108439
v 2.064541 -0.044722 0.128335
v 5.407179 -0.073826 0.226525
v 0.110595 -0.101058 0.081038
v 2.077709 -0.090024 0.099913
v 0.113304 -0.125310 0.047777
v 2.088942 -0.122669 0.058397
v 0.120751 -0.140716 -0.004885
v 2.089669 -0.139833 0.001386
v 2.074331 -0.130748 -0.052463
v 5.387581 -0.205888 -0.103588
v 0.128538 -0.103525 -0.090872
v 2.067497 -0.104634 -0.091128
v 5.360711 -0.150210 -0.182858
v 0.131821 -0.058833 -0.119571
v 2.064051 -0.061122 -0.123827
v 5.417114 -0.062775 -0.235925
v 5.631832 0.083731 -0.147858
v 5.630398 0.146066 -0.123474
v 5.625798 0.173596 -0.080782
v 5.627750 0.178271 -0.000561
v 5.626595 0.169286 0.057826
v 5.628621 0.141684 0.118939
v 5.631954 -0.042227 0.158590
v 5.632427 -0.101250 0.121572
v -0.002312 0.052241 -0.156544
v -0.002568 -0.024794 -0.143231
v -0.003127 0.104091 0.119791
v -0.002682 -0.019306 0.166697
v -0.001680 -0.178974 -0.005857
v -0.001677 -0.158718 -0.067126
v 0.102847 -0.012178 -0.157568
v 0.082409 -0.012311 -0.175062
v 0.063171 -0.016620 -0.192177
v 0.047809 -0.014468 -0.201765
v 0.033973 -0.015829 -0.205662
v 0.022920 -0.014525 -0.206377
v 0.015195 -0.010656 -0.205142
v 5.602791 0.046891 -0.236812
v 0.011443 0.042077 -0.196003
v 0.007841 0.028522 -0.197117
v 0.010031 0.004834 -0.202257
v 5.501638 0.114332 -0.230963
v 5.557635 0.111544 -0.229015
v 5.587491 0.108534 -0.226138
v 5.597940 0.134315 -0.211623
v 5.602489 0.148967 -0.201047
v 5.601791 0.167761 -0.187851
v 0.008715 0.114559 -0.155124
v 0.008539 0.096776 -0.168756
v 5.461012 0.191950 -0.181741
v 5.530192 0.191701 -0.179304
v 5.561711 0.189754 -0.178149
v 5.578436 0.188390 -0.176704
v 5.600402 0.201448 -0.154528
v 5.599342 0.210452 -0.141816
v 5.597718 0.215800 -0.131867
v 5.595482 0.220154 -0.119533
v 0.008969 0.158087 -0.101961
v 0.008122 0.146742 -0.120023
v 5.426013 0.246254 -0.089808
v 5.511141 0.244295 -0.080107
v 5.537912 0.240932 -0.081268
v 5.555943 0.238671 -0.077280
v 5.572378 0.234895 -0.075256
v 5.582655 0.232565 -0.055579
v 0.011076 0.174614 -0.059240
v 5.470797 0.253130 -0.010291
v 5.536925 0.243529 0.007319
v 5.558175 0.238631 0.009513
v 5.576008 0.230234 0.045016
v 0.008495 0.176693 0.042650
v 0.011075 0.181380 0.017184
v 5.372236 0.245691 0.085718
v 5.448723 0.239822 0.093089
v 5.537554 0.233205 0.084300
v 5.563789 0.226056 0.090313
v 5.583164 0.213754 0.111425
v 5.589972 0.200365 0.139589
v 0.009653 0.134350 0.129470
v 0.010773 0.163077 0.085090
v 5.442677 0.198878 0.166799
v 5.516699 0.192991 0.169724
v 5.549135 0.195565 0.163206
v 5.568255 0.190300 0.165766
v 5.583969 0.185111 0.167398
v 5.596513 0.174445 0.173407
v 5.597701 0.157341 0.187750
v 5.598341 0.137769 0.200590
v 0.010014 0.083602 0.174005
v 0.010280 0.098205 0.164720
v 0.008460 0.115512 0.149533
v 5.475147 0.110162 0.226521
v 5.545938 0.110554 0.223220
v 5.583150 0.109139 0.219198
v 5.599389 0.088550 0.222075
v 5.595454 0.062506 0.229763
v 5.600362 0.040005 0.231134
v 0.008341 0.043311 0.190370
v 5.488400 0.017867 0.243204
v 5.538191 0.016114 0.240979
v 5.570089 0.016795 0.238353
v 5.590176 0.034079 0.234623
v 5.597710 -0.018195 0.230141
v 5.598322 -0.040628 0.225202
v 0.007663 -0.069592 0.191002
v 0.011180 -0.056974 0.196574
v 0.010978 -0.036982 0.199617
v 5.498438 -0.066791 0.226977
v 5.554443 -0.076222 0.220020
v 5.578935 -0.064593 0.221698
v 5.598918 -0.084065 0.208817
v 5.599405 -0.104357 0.197348
v 5.603687 -0.122084 0.183131
v 0.009910 -0.142961 0.154406
v 0.007758 -0.105927 0.176890
v 5.463503 -0.157449 0.168072
v 5.504642 -0.147374 0.176282
v 5.556311 -0.145332 0.174324
v 5.580998 -0.143934 0.171589
v 5.593697 -0.150426 0.161663
v 5.609384 -0.153855 0.150394
v 5.609310 -0.168271 0.132189
v 5.600615 -0.183394 0.114569
v 5.604511 -0.190154 0.098285
v 0.009841 -0.175052 0.121432
v 5.464748 -0.204456 0.097835
v 5.534848 -0.204763 0.090093
v 5.581990 -0.198059 0.094355
v 5.594640 -0.195315 0.094462
v 5.600895 -0.208367 0.050084
v 5.604670 -0.211046 0.026479
v 0.010752 -0.215752 0.015476
v 0.010811 -0.209149 0.049917
v 5.497376 -0.224639 -0.001388
v 5.544007 -0.222211 0.003359
v 5.565715 -0.220386 -0.008319
v 5.582981 -0.218121 0.004243
v 5.605341 -0.211698 -0.024319
v 5.605326 -0.205299 -0.060803
v 0.010590 -0.213659 -0.039333
v 5.503389 -0.203257 -0.102272
v 5.544205 -0.206151 -0.089650
v 5.575788 -0.200511 -0.095796
v 5.595443 -0.201233 -0.084430
v 5.604470 -0.182193 -0.118535
v 5.609684 -0.168298 -0.136646
v 5.600453 -0.157215 -0.156641
v 0.008785 -0.174977 -0.124144
v 0.010521 -0.188316 -0.106894
v 0.010602 -0.198114 -0.088419
v 5.465210 -0.157341 -0.173062
v 5.534722 -0.146464 -0.180240
v 5.564730 -0.153933 -0.169464
v 5.581459 -0.140653 -0.179755
v 5.594349 -0.142184 -0.174728
v 5.604133 -0.125429 -0.185616
v 5.608970 -0.102762 -0.199441
v 5.603935 -0.083550 -0.212538
v 0.010775 -0.114466 -0.177461
v 0.011011 -0.132158 -0.166277
v 5.527864 -0.075396 -0.227683
v 5.575008 -0.064054 -0.228216
v 5.599792 -0.046647 -0.229033
v 5.603158 0.004361 -0.237203
v 0.010569 -0.055595 -0.199285
v 5.580296 0.016618 -0.243249
v 5.558129 0.012255 -0.245768
v 5.503085 0.027482 -0.248677
v 5.282071 0.026487 -0.251623
v 1.707922 -0.001236 -0.129679
v 1.405869 -0.005273 -0.118992
v 1.121930 -0.003264 -0.121902
v 0.815296 -0.008799 -0.122754
v 0.383910 -0.016974 -0.122498
v 0.245517 -0.010370 -0.123987
v 0.013989 0.057010 -0.191803
v 0.021402 0.057168 -0.192995
v 0.032645 0.059825 -0.191615
v 0.046732 0.056132 -0.189076
v 0.061475 0.056457 -0.179895
v 0.101470 0.037612 -0.147994
v 0.371214 0.025941 -0.113626
v 0.539900 0.028675 -0.112973
v 0.811695 0.036921 -0.111528
v 1.102953 0.037096 -0.112350
v 1.704029 0.037858 -0.122399
v 5.230845 0.120495 -0.230952
v 0.013112 0.131458 -0.141962
v 0.020290 0.132070 -0.143102
v 0.031498 0.127485 -0.147490
v 0.045626 0.130074 -0.140153
v 0.059309 0.132522 -0.126554
v 0.094289 0.098398 -0.111111
v 0.353271 0.066081 -0.087098
v 1.103550 0.076252 -0.084399
v 1.718793 0.082493 -0.094715
v 5.128475 0.194531 -0.180734
v 0.015384 0.168728 -0.082733
v 0.023353 0.169525 -0.082278
v 0.033953 0.168467 -0.081112
v 0.046428 0.164256 -0.081061
v 0.058675 0.162843 -0.063084
v 0.070038 0.150553 -0.075953
v 0.088333 0.139177 -0.053603
v 0.234790 0.097486 -0.048928
v 0.415585 0.093247 -0.050694
v 0.585182 0.092765 -0.050052
v 0.814896 0.095108 -0.048107
v 1.113566 0.097879 -0.052396
v 1.414714 0.098435 -0.049408
v 5.133918 0.247058 -0.102889
v 5.241194 0.244399 -0.108749
v 0.017294 0.183648 -0.002092
v 0.025320 0.183672 0.002366
v 0.035749 0.181154 -0.001884
v 0.098604 0.139910 0.001938
v 0.433603 0.102259 0.007600
v 0.618294 0.100322 0.004140
v 0.846703 0.102358 0.003434
v 1.118715 0.107308 -0.007352
v 1.415202 0.107788 -0.005385
v 1.726321 0.121667 -0.001106
v 0.015682 0.167310 0.081038
v 0.022972 0.172271 0.071284
v 0.033853 0.170958 0.070507
v 0.046542 0.166760 0.068744
v 0.059832 0.160614 0.064218
v 0.073850 0.152549 0.056668
v 0.090011 0.133846 0.060808
v 0.263008 0.096175 0.040471
v 0.419927 0.087296 0.047591
v 0.840608 0.092300 0.038823
v 1.414505 0.095769 0.046592
v 0.015020 0.133762 0.133646
v 0.021167 0.124581 0.145163
v 0.032205 0.124098 0.144883
v 0.045682 0.121349 0.143068
v 0.060539 0.124107 0.127594
v 0.075154 0.108669 0.124339
v 0.092232 0.095024 0.108303
v 0.237649 0.058195 0.083728
v 0.409966 0.060841 0.078562
v 0.582974 0.061194 0.076416
v 1.406643 0.070839 0.079280
v 0.012472 0.066212 0.183704
v 0.019396 0.066905 0.184862
v 0.030575 0.067362 0.184564
v 0.045085 0.048456 0.189667
v 0.059170 0.049818 0.181993
v 0.071928 0.044499 0.169308
v 0.087506 0.044448 0.145443
v 0.231691 0.030410 0.096247
v 0.530768 0.026116 0.096251
v 1.088841 0.025931 0.100994
v 1.389279 0.026471 0.104273
v 1.715698 0.038788 0.115139
v 0.013051 -0.021883 0.201309
v 0.019659 -0.010482 0.202638
v 0.030839 -0.010435 0.202666
v 0.045594 -0.009810 0.200359
v 0.073389 -0.026153 0.179821
v 0.087558 -0.014716 0.157515
v 0.239779 -0.011312 0.100708
v 0.276551 -0.013544 0.101758
v 0.661137 -0.011820 0.103063
v 1.063379 -0.018274 0.105184
v 1.385128 -0.003763 0.109197
v 0.013560 -0.086318 0.189251
v 0.019550 -0.091237 0.188909
v 0.031539 -0.090625 0.189414
v 0.048161 -0.099160 0.183599
v 0.062915 -0.089240 0.181982
v 0.075788 -0.085198 0.168435
v 0.098485 -0.067405 0.133112
v 0.278084 -0.052433 0.093339
v 0.671775 -0.049645 0.096155
v 1.390701 -0.049096 0.100368
v 0.020932 -0.157309 0.146150
v 0.032251 -0.156985 0.146222
v 0.060978 -0.150987 0.139167
v 0.237070 -0.091493 0.066056
v 0.303186 -0.087875 0.070887
v 0.954015 -0.087348 0.071700
v 1.401348 -0.092327 0.067419
v 1.731084 -0.099374 0.076931
v 0.016102 -0.207155 0.064450
v 0.034407 -0.203952 0.072209
v 0.047132 -0.199827 0.070836
v 0.074928 -0.178804 0.070736
v 0.090478 -0.159333 0.063119
v 0.242104 -0.116044 0.034077
v 1.410578 -0.109998 0.041943
v 1.740979 -0.124493 0.033976
v 5.321492 -0.206832 0.099084
v 0.015566 -0.218844 -0.007992
v 0.023110 -0.220085 -0.007901
v 0.034320 -0.219407 -0.006366
v 0.047716 -0.215659 -0.006198
v 0.077399 -0.195222 -0.006592
v 0.096869 -0.174848 -0.003616
v 0.248022 -0.128214 -0.002011
v 0.403061 -0.125553 -0.010578
v 0.988083 -0.122313 -0.012756
v 5.324685 -0.228309 -0.002059
v 0.015127 -0.200030 -0.089600
v 0.021929 -0.202796 -0.086377
v 0.033654 -0.203979 -0.083465
v 0.047715 -0.199434 -0.086404
v 0.061716 -0.192792 -0.081272
v 0.099424 -0.162796 -0.055415
v 0.505179 -0.117104 -0.045236
v 0.772033 -0.114814 -0.050788
v 1.114089 -0.114848 -0.050263
v 1.402346 -0.110907 -0.052651
v 1.727067 -0.123977 -0.048990
v 0.022842 -0.164609 -0.142769
v 0.034215 -0.163947 -0.142827
v 0.048068 -0.149992 -0.151295
v 0.061776 -0.158087 -0.132715
v 0.101770 -0.119421 -0.116395
v 0.243530 -0.096020 -0.091345
v 0.485622 -0.092046 -0.094024
v 0.895560 -0.091264 -0.089348
v 1.412139 -0.085752 -0.086320
v 0.015828 -0.088526 -0.191868
v 0.023520 -0.088415 -0.192978
v 0.034697 -0.087563 -0.192512
v 0.048179 -0.093499 -0.186434
v 0.062386 -0.089739 -0.178665
v 0.081792 -0.086571 -0.160110
v 0.102392 -0.071124 -0.147141
v 0.250042 -0.061757 -0.114653
v 0.477234 -0.057655 -0.115878
v 0.807228 -0.055746 -0.114768
v 1.128495 -0.048317 -0.114610
v 1.409342 -0.045803 -0.111436
v 1.720535 -0.046262 -0.121771
v 5.242169 -0.075812 -0.232656
v 0.129762 0.022588 -0.121186
v 0.131619 0.002556 -0.125928
v 2.053458 0.027467 -0.135547
v 2.055976 0.010025 -0.138359
v 5.418327 0.087399 -0.241566
v 5.421221 0.063121 -0.246936
v 0.132338 -0.038108 -0.124980
v 2.061557 -0.037976 -0.133299
v 5.448265 0.003969 -0.249467
v 5.356785 -0.021723 -0.247471
v 5.418949 -0.038762 -0.243019
v 0.130338 -0.080385 -0.108839
v 0.129480 -0.092890 -0.100036
v 2.066206 -0.085813 -0.107938
v 5.360331 -0.112054 -0.212545
v 5.357430 -0.131567 -0.198869
v 0.126925 -0.117042 -0.074439
v 0.125694 -0.124689 -0.061922
v 2.069942 -0.121791 -0.068611
v 5.353257 -0.167356 -0.164999
v 5.362706 -0.182292 -0.145646
v 5.403683 -0.194948 -0.124514
v 0.123561 -0.135069 -0.035648
v 0.122601 -0.138943 -0.019744
v 2.079143 -0.135583 -0.040355
v 2.084180 -0.138812 -0.027041
v 2.087745 -0.140207 -0.013414
v 5.331268 -0.215619 -0.080594
v 5.415021 -0.222165 -0.050647
v 0.118599 -0.139708 0.006185
v 0.115722 -0.133345 0.027018
v 2.090134 -0.136659 0.019223
v 2.089439 -0.131769 0.036980
v 5.356233 -0.225923 0.028272
v 5.361670 -0.221677 0.052203
v 5.365498 -0.214967 0.076195
v 0.111644 -0.114860 0.065261
v 2.084677 -0.108584 0.079937
v 5.416680 -0.194583 0.119802
v 0.110169 -0.082999 0.095622
v 2.069639 -0.068486 0.116617
v 5.416488 -0.100605 0.213298
v 0.112436 -0.037238 0.115184
v 2.060880 -0.026115 0.133413
v 2.059719 -0.012443 0.135252
v 5.355906 -0.045115 0.236729
v 5.350389 -0.021401 0.241949
v 5.440235 0.001659 0.243663
v 0.111714 0.001476 0.116402
v 0.112212 0.017302 0.113682
v 2.060666 0.021672 0.133251
v 5.344426 0.052047 0.243175
v 5.317384 0.078581 0.238356
v 0.113911 0.044225 0.102969
v 0.115080 0.052064 0.097852
v 0.116451 0.062976 0.090130
v 2.068784 0.067406 0.114875
v 2.073720 0.081973 0.104967
v 5.340628 0.131657 0.217933
v 5.430832 0.152822 0.205537
v 5.420384 0.170763 0.193071
v 0.118624 0.080953 0.071959
v 0.120916 0.095794 0.052721
v 2.078819 0.109281 0.077050
v 5.376966 0.226681 0.129418
v 0.119860 0.110503 0.023702
v 0.118810 0.112805 0.014479
v 0.121422 0.111464 0.008664
v 2.078909 0.129966 0.033447
v 2.077292 0.133329 0.016594
v 0.116830 0.111724 -0.018924
v 0.113805 0.111757 -0.028225
v 0.114800 0.109137 -0.037465
v 2.071167 0.132722 -0.013647
v 2.067952 0.126716 -0.041822
v 0.119539 0.098111 -0.058475
v 0.120034 0.090535 -0.070409
v 2.069842 0.114895 -0.072240
v 2.067489 0.104480 -0.086644
v 5.377458 0.233144 -0.130210
v 5.421681 0.225500 -0.142598
v 5.358967 0.208972 -0.165166
v 0.125341 0.052084 -0.107004
v 2.057566 0.075576 -0.114273
v 2.054402 0.058644 -0.124358
v 5.416591 0.174010 -0.197997
v 5.417535 0.131793 -0.224599
v 5.628963 0.153274 -0.071819
v 5.628004 0.163348 -0.036832
v 5.629684 0.163542 0.004723
v 5.628221 0.146656 0.076986
v 5.630596 0.088101 0.156224
v 5.631474 0.023578 -0.178935
v 5.591883 0.219368 0.072049
v 5.609838 0.205441 0.071696
v 5.625403 0.188072 0.003320
v 5.622365 0.196845 0.004020
v 5.591866 0.225747 0.026967
v 5.611587 -0.133669 0.169176
v 5.618152 -0.132161 0.164318
v 5.623244 -0.138108 0.150617
v 5.626653 -0.135980 0.142722
v 5.629388 -0.123233 0.142410
v 5.630802 -0.114557 0.137261
v 5.630160 -0.050329 0.178175
v 5.628695 -0.055817 0.186269
v 5.625803 -0.064103 0.193660
v 5.621945 -0.053251 0.205362
v 5.617161 -0.070094 0.204831
v 5.610913 -0.071140 0.209170
v 5.611897 -0.076241 -0.212221
v 5.617702 -0.064361 -0.212820
v 5.622793 -0.057231 -0.209714
v 5.626131 -0.050720 -0.204817
v 5.628972 -0.055217 -0.193117
v 5.631063 -0.051271 -0.178420
v 5.629446 -0.122267 -0.148707
v 5.626639 -0.122601 -0.161236
v 5.623214 -0.131050 -0.163021
v 5.595879 0.225579 -0.067864
v 5.603970 0.219716 -0.062928
v 5.609963 0.213438 -0.059917
v 5.615795 0.203455 -0.082617
v 5.619357 0.196311 -0.065371
v 5.627240 0.164711 -0.142188
v 5.609150 0.181785 -0.170703
v 5.609294 0.017560 0.228177
v 5.615766 0.016017 0.223591
v 5.620766 0.016695 0.217839
v 5.624601 0.019165 0.210700
v 5.627751 0.022458 0.200335
v 5.630182 0.024418 0.184809
v 5.628451 0.097162 0.174322
v 5.614316 0.102921 0.207905
v 5.607841 0.112004 0.209232
v 5.612331 -0.193955 -0.085589
v 5.623567 -0.180787 -0.091925
v 5.626990 -0.172304 -0.093492
v 5.629765 -0.167207 -0.082010
v 5.631787 -0.154037 -0.074397
v 5.629876 -0.183207 -0.003197
v 5.627131 -0.192308 -0.011866
v 5.623794 -0.199353 -0.007109
v 5.618740 -0.204924 -0.007257
v 5.612543 -0.209203 0.004335
v 5.610323 0.105316 -0.219275
v 5.616571 0.101754 -0.216198
v 5.621336 0.104012 -0.209477
v 5.624948 0.115450 -0.196876
v 5.627895 0.104375 -0.191446
v 5.629925 0.095909 -0.180375
v 5.628986 0.023452 -0.205984
v 5.625546 0.032332 -0.217569
v 5.622192 0.028222 -0.224568
v 5.617122 0.014170 -0.230222
v 5.610846 0.016682 -0.234451
v 5.603744 0.182505 0.157960
v 5.610385 0.180772 0.150982
v 5.615833 0.176328 0.145171
v 5.621093 0.163299 0.148986
v 5.624327 0.161700 0.129487
v 5.612888 -0.191353 0.086849
v 5.623595 -0.184443 0.078314
v 5.627043 -0.179545 0.071230
v 5.629772 -0.167779 0.075810
v 5.631160 -0.157881 0.074280
v -0.003794 0.124572 -0.060914
v -0.003734 0.123441 0.062364
v -0.004355 -0.036900 0.111312
v -0.002293 -0.131269 0.117350
v -0.004432 -0.109384 0.054075
v 0.005676 -0.195532 0.076324
v 0.001454 -0.185352 0.079713
v -0.000389 -0.180694 0.071535
v -0.002513 -0.160364 0.061440
v 0.001425 -0.201700 -0.012448
v 0.005530 0.177265 -0.001804
v 0.001777 0.171132 0.002334
v -0.001006 0.162671 -0.003208
v -0.003068 0.147019 -0.002027
v -0.002339 0.145531 0.062469
v 0.000273 0.154875 0.072522
v 0.003423 0.160546 0.076187
v 0.006365 0.163735 0.078034
v 0.001476 -0.083772 0.175833
v -0.000320 -0.067575 0.173497
v 0.000572 -0.142094 0.136500
v 0.006106 -0.159364 0.134968
v 0.007165 -0.152218 -0.146630
v 0.000019 -0.144974 -0.125430
v 0.004666 -0.101645 -0.177309
v 0.007261 -0.095437 -0.184109
v 0.005035 0.118142 -0.147950
v 0.002684 0.125844 -0.135992
v 0.000745 0.122493 -0.133001
v -0.001423 0.110889 -0.132234
v -0.003224 0.098271 -0.118572
v -0.002326 0.146491 -0.067622
v 0.002058 0.159495 -0.079324
v 0.003769 0.067856 0.176372
v -0.000314 0.059673 0.170643
v -0.003458 0.048894 0.152947
v -0.000764 -0.015214 0.182125
v 0.002131 -0.010394 0.191592
v 0.005339 -0.002028 0.196134
v 0.000261 -0.182475 -0.069364
v 0.002040 -0.194157 -0.064373
v 0.003916 -0.190024 -0.087090
v 0.006812 -0.194765 -0.087983
v 0.003313 -0.012464 -0.195411
v 0.000587 -0.022662 -0.185952
v -0.001164 -0.015965 -0.173448
v 0.000725 0.047879 -0.179193
v 0.004470 0.065328 -0.181553
v -0.000042 0.111657 0.136841
v 0.001927 0.124302 0.129891
v 5.450418 0.153994 -0.211712
v 5.499825 0.143637 -0.216722
v 5.501840 0.173058 -0.196957
v 5.555676 0.131957 -0.220031
v 5.535757 0.153396 -0.209250
v 5.542672 0.172845 -0.194911
v 5.575473 0.151722 -0.206486
v 5.562914 0.162542 -0.200779
v 5.575123 0.172373 -0.191733
v 5.587113 0.124801 -0.219174
v 5.580770 0.140967 -0.211945
v 5.592338 0.159478 -0.197591
v 5.591728 0.182187 -0.179318
v 5.465972 0.208430 -0.164190
v 5.502992 0.225051 -0.139378
v 5.482424 0.231987 -0.126201
v 5.530527 0.203773 -0.166523
v 5.519734 0.215826 -0.152609
v 5.525972 0.230383 -0.124432
v 5.551285 0.217376 -0.147005
v 5.548908 0.223453 -0.137015
v 5.560775 0.205754 -0.161032
v 5.557202 0.227652 -0.124092
v 5.577635 0.204372 -0.159509
v 5.585099 0.213718 -0.144577
v 5.583284 0.219463 -0.134617
v 5.572768 0.225789 -0.122478
v 5.590214 0.203522 -0.156752
v 5.585468 0.223262 -0.121053
v 5.397851 0.257708 -0.032394
v 5.473601 0.245915 -0.083897
v 5.464089 0.249127 -0.071401
v 5.454436 0.252533 -0.052492
v 5.479744 0.251981 -0.033452
v 5.521744 0.246090 -0.059054
v 5.515532 0.247971 -0.022953
v 5.547477 0.242429 -0.048358
v 5.565907 0.238150 -0.046958
v 5.383636 0.257664 0.026173
v 5.399700 0.248869 0.071291
v 5.431902 0.255464 0.017746
v 5.431851 0.251550 0.049688
v 5.476729 0.242533 0.076635
v 5.497758 0.249310 0.014815
v 5.497281 0.247337 0.036652
v 5.502050 0.243559 0.058837
v 5.535448 0.240150 0.048273
v 5.558413 0.235347 0.047079
v 5.387570 0.236994 0.107651
v 5.395748 0.214637 0.148070
v 5.448935 0.233936 0.109128
v 5.467442 0.224376 0.127985
v 5.474507 0.215507 0.142899
v 5.478743 0.208869 0.152582
v 5.514430 0.200660 0.160883
v 5.502314 0.231565 0.105321
v 5.510391 0.222351 0.125902
v 5.519255 0.210506 0.146366
v 5.541805 0.225758 0.108157
v 5.533930 0.220170 0.125044
v 5.543281 0.208778 0.145088
v 5.558519 0.212229 0.133917
v 5.565543 0.200485 0.152834
v 5.571699 0.214529 0.120750
v 5.578005 0.203892 0.141512
v 5.581087 0.195341 0.154740
v 5.446151 0.132661 0.216912
v 5.488434 0.181157 0.183025
v 5.517868 0.162739 0.196494
v 5.519112 0.142320 0.209546
v 5.521044 0.127291 0.217292
v 5.529291 0.180135 0.181626
v 5.552747 0.179128 0.180248
v 5.553782 0.161445 0.194549
v 5.554424 0.141299 0.207496
v 5.567289 0.124624 0.214857
v 5.571160 0.177795 0.178562
v 5.572238 0.160407 0.192749
v 5.572913 0.140389 0.205659
v 5.585931 0.168599 0.183174
v 5.586926 0.149381 0.197188
v 5.587587 0.129223 0.208821
v 5.446256 0.088004 0.234625
v 5.449121 0.063653 0.240202
v 5.451331 0.039699 0.243265
v 5.500709 0.097069 0.230364
v 5.522078 0.075458 0.235624
v 5.523215 0.051852 0.239825
v 5.524122 0.033881 0.241390
v 5.547323 0.092724 0.229384
v 5.567253 0.074402 0.232516
v 5.568726 0.051338 0.236472
v 5.569267 0.033363 0.238006
v 5.585305 0.090698 0.225342
v 5.455841 -0.020631 0.240615
v 5.459579 -0.044308 0.235371
v 5.528520 -0.006293 0.240196
v 5.508636 -0.019952 0.239149
v 5.526194 -0.044050 0.233171
v 5.538102 -0.031216 0.235559
v 5.552994 -0.059360 0.226659
v 5.569795 -0.001951 0.237371
v 5.560214 -0.019037 0.236170
v 5.561172 -0.042240 0.231107
v 5.578715 -0.018796 0.233984
v 5.579632 -0.041904 0.228899
v 5.590637 0.004293 0.234352
v 5.461586 -0.120704 0.199634
v 5.437057 -0.138548 0.186736
v 5.500656 -0.088953 0.217207
v 5.504216 -0.109121 0.205758
v 5.533369 -0.128186 0.190941
v 5.555159 -0.092599 0.212022
v 5.555831 -0.107898 0.203225
v 5.564119 -0.126908 0.188948
v 5.580688 -0.086123 0.212054
v 5.581446 -0.106349 0.200612
v 5.582004 -0.125756 0.186991
v 5.593409 -0.128689 0.181974
v 5.466047 -0.173266 0.149696
v 5.492680 -0.186470 0.129692
v 5.507008 -0.197700 0.108835
v 5.533224 -0.159525 0.161985
v 5.533507 -0.171102 0.148356
v 5.535130 -0.181138 0.134247
v 5.557240 -0.189432 0.118166
v 5.560217 -0.199396 0.098012
v 5.564970 -0.161446 0.156217
v 5.565257 -0.176121 0.137450
v 5.581643 -0.159794 0.154894
v 5.582638 -0.174466 0.135925
v 5.583104 -0.187080 0.115901
v 5.593905 -0.169496 0.139158
v 5.473725 -0.214917 0.069317
v 5.465240 -0.221851 0.040654
v 5.453493 -0.225287 0.016375
v 5.531526 -0.210811 0.074361
v 5.517466 -0.217891 0.050883
v 5.535653 -0.219611 0.037492
v 5.507086 -0.223651 0.014721
v 5.546110 -0.213249 0.062856
v 5.560599 -0.220245 0.017157
v 5.566693 -0.207922 0.074313
v 5.576057 -0.211697 0.057608
v 5.576261 -0.215599 0.039757
v 5.590219 -0.204704 0.073287
v 5.590529 -0.215131 0.026703
v 5.466167 -0.225004 -0.019784
v 5.450410 -0.213799 -0.079307
v 5.503942 -0.219747 -0.050500
v 5.531816 -0.222489 -0.019448
v 5.528529 -0.211205 -0.078575
v 5.557263 -0.219568 -0.031668
v 5.557279 -0.215584 -0.055112
v 5.565634 -0.208191 -0.078598
v 5.581915 -0.217757 -0.019708
v 5.589387 -0.213475 -0.044260
v 5.590006 -0.209429 -0.061900
v 5.583052 -0.205859 -0.078461
v 5.594783 -0.215263 -0.019176
v 5.493926 -0.193146 -0.123292
v 5.467013 -0.180800 -0.144309
v 5.493730 -0.172899 -0.153755
v 5.538423 -0.196035 -0.113486
v 5.530923 -0.161830 -0.164599
v 5.538084 -0.184663 -0.133471
v 5.555862 -0.168009 -0.154644
v 5.565542 -0.194537 -0.111569
v 5.577555 -0.184905 -0.126150
v 5.576392 -0.175649 -0.140876
v 5.588940 -0.191385 -0.110674
v 5.582610 -0.160132 -0.159207
v 5.595133 -0.174824 -0.136056
v 5.460250 -0.135249 -0.193865
v 5.489324 -0.109345 -0.211473
v 5.495811 -0.088649 -0.222890
v 5.531751 -0.133127 -0.192128
v 5.535232 -0.120071 -0.201915
v 5.555921 -0.097533 -0.214658
v 5.566386 -0.136810 -0.185637
v 5.564549 -0.117414 -0.201050
v 5.581670 -0.116576 -0.199006
v 5.591116 -0.104478 -0.205084
v 5.575658 -0.084131 -0.219394
v 5.594294 -0.124044 -0.190317
v 5.593352 -0.079579 -0.218137
v 5.465267 -0.020396 -0.246111
v 5.503472 -0.054156 -0.236690
v 5.505509 -0.032406 -0.242560
v 5.504529 0.002693 -0.247930
v 5.535049 -0.010206 -0.245278
v 5.542879 -0.055429 -0.234268
v 5.556092 -0.031610 -0.240066
v 5.576550 -0.043099 -0.234906
v 5.576563 -0.008019 -0.242042
v 5.589013 -0.028382 -0.236458
v 5.593624 -0.000063 -0.239846
v 0.006958 -0.212582 0.011995
v 0.007107 -0.207425 0.044369
v 0.003117 -0.206249 0.013483
v 0.003958 -0.201147 0.051234
v 0.001205 -0.195196 0.045535
v 0.000079 -0.194169 0.016466
v 5.602936 0.219675 0.021614
v 5.602522 0.214137 0.064618
v 5.611297 0.210802 0.038450
v 5.617538 0.202274 0.041486
v 5.621668 0.194320 0.038530
v 5.624337 0.183093 0.048874
v 5.524273 0.050014 -0.246463
v 5.504497 0.064699 -0.244960
v 5.501019 0.086529 -0.240175
v 5.558407 0.036804 -0.245448
v 5.542904 0.074899 -0.241166
v 5.541662 0.099139 -0.234563
v 5.565291 0.063800 -0.241570
v 5.563579 0.086222 -0.236737
v 5.588429 0.063207 -0.238474
v 5.586716 0.086294 -0.233662
v 5.586706 0.043191 -0.241396
v 0.014862 0.015410 -0.202912
v 0.022304 0.015534 -0.203950
v 0.021798 0.038411 -0.199039
v 0.033611 0.015128 -0.203337
v 0.032953 0.038291 -0.198503
v 0.047584 0.016010 -0.199177
v 0.046945 0.037657 -0.194853
v 0.061720 0.034550 -0.186543
v 0.062243 0.014882 -0.190271
v 0.102089 0.007276 -0.156216
v 0.099562 0.025642 -0.154366
v 0.246122 0.005120 -0.121983
v 0.243527 0.023467 -0.116691
v 0.432960 -0.004975 -0.121392
v 0.373571 0.006124 -0.120019
v 0.505223 0.010942 -0.118797
v 0.806676 0.006065 -0.121456
v 0.820630 0.024255 -0.116788
v 1.104918 0.017621 -0.118933
v 1.404276 0.012909 -0.117532
v 1.404591 0.031615 -0.112520
v 1.717253 0.020701 -0.127614
v 5.017676 0.096370 -0.240125
v 5.229733 0.074105 -0.246112
v 5.293453 0.051122 -0.249734
v 5.289286 0.098453 -0.239143
v 0.015794 -0.069345 -0.197978
v 0.015822 -0.050827 -0.202136
v 0.015400 -0.030422 -0.204655
v 0.024039 -0.063765 -0.200500
v 0.023239 -0.041014 -0.204565
v 0.034827 -0.063011 -0.199791
v 0.034360 -0.040914 -0.203782
v 0.048500 -0.061856 -0.195842
v 0.048140 -0.040296 -0.199744
v 0.063509 -0.049928 -0.188678
v 0.079838 -0.068132 -0.168914
v 0.082121 -0.042248 -0.172907
v 0.103111 -0.042651 -0.154765
v 0.247873 -0.047099 -0.119810
v 0.249234 -0.031774 -0.122796
v 0.358792 -0.038448 -0.120928
v 0.390175 -0.046995 -0.119266
v 0.355038 -0.031202 -0.122125
v 0.812600 -0.026886 -0.122000
v 1.025370 -0.038944 -0.118770
v 1.109482 -0.022504 -0.120990
v 1.407920 -0.024324 -0.117443
v 1.715605 -0.025215 -0.127757
v 5.131475 -0.012965 -0.250156
v 5.243408 -0.058231 -0.239333
v 5.241204 -0.036047 -0.245500
v 5.285652 0.005100 -0.251323
v 0.012867 -0.149884 -0.154063
v 0.019442 -0.134284 -0.168116
v 0.015630 -0.110473 -0.182005
v 0.023397 -0.150404 -0.156093
v 0.023316 -0.110836 -0.183057
v 0.034729 -0.149890 -0.155721
v 0.034571 -0.132800 -0.168389
v 0.034651 -0.109376 -0.182991
v 0.048565 -0.114434 -0.175558
v 0.061697 -0.144133 -0.144920
v 0.062837 -0.125935 -0.157266
v 0.062602 -0.109025 -0.168705
v 0.100950 -0.096443 -0.135141
v 0.244512 -0.080842 -0.103656
v 0.488703 -0.082607 -0.102061
v 0.354818 -0.068154 -0.110892
v 0.493785 -0.071936 -0.108982
v 0.820608 -0.072041 -0.106632
v 0.934201 -0.084611 -0.095941
v 1.037041 -0.071409 -0.104192
v 1.411699 -0.067128 -0.100447
v 1.725594 -0.084602 -0.099553
v 1.719291 -0.065946 -0.112169
v 5.320977 -0.091907 -0.224631
v 0.015184 -0.188135 -0.110884
v 0.015326 -0.176399 -0.127384
v 0.021967 -0.191042 -0.108689
v 0.022625 -0.177260 -0.128190
v 0.033227 -0.190367 -0.109355
v 0.033902 -0.176719 -0.128335
v 0.047914 -0.190687 -0.103136
v 0.048156 -0.179355 -0.120249
v 0.047996 -0.164880 -0.137293
v 0.062245 -0.179492 -0.106290
v 0.062183 -0.169569 -0.119952
v 0.078185 -0.166720 -0.094789
v 0.096117 -0.139695 -0.100701
v 0.098945 -0.153613 -0.076735
v 0.241198 -0.113389 -0.068084
v 0.247973 -0.104384 -0.081437
v 0.257940 -0.119795 -0.052507
v 0.360877 -0.109872 -0.070882
v 0.554008 -0.112402 -0.060708
v 0.839576 -0.102197 -0.074759
v 1.107981 -0.107867 -0.063981
v 1.100902 -0.097074 -0.079843
v 1.407781 -0.098057 -0.072471
v 1.718372 -0.114894 -0.065293
v 1.714515 -0.098815 -0.086162
v 5.265543 -0.196801 -0.124992
v 0.015518 -0.217345 -0.028758
v 0.015325 -0.214236 -0.047472
v 0.015216 -0.208998 -0.066691
v 0.022868 -0.218544 -0.028668
v 0.022551 -0.215539 -0.047245
v 0.022316 -0.210181 -0.067077
v 0.033679 -0.217304 -0.034363
v 0.033543 -0.212908 -0.056461
v 0.047410 -0.212265 -0.043110
v 0.047794 -0.206515 -0.067071
v 0.063123 -0.206419 -0.015362
v 0.061891 -0.201958 -0.051927
v 0.080794 -0.188682 -0.029883
v 0.062637 -0.198288 -0.064899
v 0.099289 -0.171172 -0.025129
v 0.249564 -0.128756 -0.013647
v 0.254568 -0.127625 -0.024330
v 0.254908 -0.125458 -0.035095
v 0.568817 -0.122620 -0.012439
v 0.572856 -0.121487 -0.024645
v 1.410741 -0.121016 -0.024975
v 1.087787 -0.118294 -0.040124
v 1.412352 -0.122419 -0.012230
v 1.402970 -0.118296 -0.035156
v 1.735051 -0.132514 -0.013482
v 1.731786 -0.131290 -0.025603
v 1.728725 -0.128374 -0.037694
v 5.247433 -0.226556 -0.038762
v 5.315502 -0.227846 -0.020398
v 5.248564 -0.221920 -0.062770
v 0.016108 -0.213167 0.043175
v 0.016203 -0.218232 0.015421
v 0.023738 -0.209174 0.061096
v 0.023802 -0.214362 0.042400
v 0.023824 -0.219324 0.014915
v 0.034073 -0.212439 0.045767
v 0.034745 -0.218447 0.013974
v 0.046857 -0.207715 0.046292
v 0.047936 -0.214820 0.010658
v 0.061103 -0.197625 0.051353
v 0.062199 -0.207575 0.006579
v 0.076794 -0.187983 0.036694
v 0.077215 -0.194667 0.009594
v 0.095094 -0.167242 0.030663
v 0.095959 -0.172621 0.012341
v 0.241201 -0.123303 0.017278
v 0.385311 -0.120853 0.018286
v 0.403331 -0.124253 0.002809
v 0.559110 -0.117027 0.024423
v 0.562866 -0.121748 0.004551
v 0.997598 -0.116337 0.025553
v 0.978549 -0.120740 0.007469
v 1.412598 -0.117076 0.023763
v 1.411495 -0.121739 0.002554
v 1.741579 -0.131903 0.003281
v 5.268431 -0.228357 0.015648
v 0.013716 -0.175059 0.124860
v 0.012342 -0.186431 0.107312
v 0.015748 -0.197092 0.088689
v 0.020650 -0.171766 0.130981
v 0.021450 -0.183315 0.115912
v 0.022993 -0.197702 0.090073
v 0.031676 -0.171278 0.131403
v 0.032631 -0.183266 0.115350
v 0.033654 -0.193328 0.096822
v 0.046410 -0.169116 0.129726
v 0.046813 -0.180487 0.113857
v 0.046861 -0.189525 0.096121
v 0.060907 -0.164371 0.124645
v 0.060481 -0.174081 0.110891
v 0.060820 -0.185099 0.087450
v 0.074041 -0.154678 0.117229
v 0.074020 -0.165757 0.100763
v 0.089630 -0.143198 0.090034
v 0.089585 -0.153373 0.075712
v 0.239851 -0.111540 0.042317
v 0.238095 -0.103275 0.053380
v 0.550181 -0.098425 0.058427
v 1.400470 -0.101717 0.055099
v 0.597477 -0.109366 0.041127
v 1.732547 -0.113627 0.057041
v 0.013712 -0.106709 0.180362
v 0.011864 -0.126510 0.167787
v 0.014157 -0.142258 0.157438
v 0.020163 -0.107407 0.181660
v 0.021625 -0.136785 0.163506
v 0.031974 -0.107583 0.181657
v 0.032271 -0.137735 0.162554
v 0.047222 -0.116323 0.173894
v 0.046867 -0.147275 0.151529
v 0.062278 -0.102817 0.175731
v 0.061172 -0.136170 0.152246
v 0.075676 -0.104099 0.159806
v 0.074511 -0.135634 0.137102
v 0.089599 -0.121838 0.114511
v 0.239116 -0.064621 0.086109
v 0.237057 -0.078739 0.077359
v 0.285332 -0.072690 0.082253
v 0.888722 -0.066815 0.088053
v 1.393998 -0.078265 0.081096
v 1.392771 -0.066534 0.090410
v 1.722566 -0.063302 0.107831
v 1.723135 -0.081356 0.094753
v 0.019563 -0.031049 0.202281
v 0.019948 -0.051342 0.199854
v 0.019753 -0.071256 0.195468
v 0.031022 -0.030771 0.202400
v 0.031488 -0.050520 0.200037
v 0.031561 -0.069921 0.195952
v 0.046543 -0.031760 0.200071
v 0.046739 -0.056678 0.196904
v 0.047691 -0.080333 0.190804
v 0.060791 -0.039698 0.193522
v 0.061984 -0.070291 0.187885
v 0.075070 -0.061159 0.174999
v 0.239741 -0.031485 0.098530
v 0.239870 -0.048714 0.094025
v 0.272270 -0.035667 0.098764
v 0.838601 -0.033358 0.101839
v 0.652821 -0.025400 0.102094
v 1.389001 -0.036961 0.104920
v 1.388726 -0.023066 0.108200
v 1.702499 -0.020818 0.122437
v 1.711606 -0.043140 0.117179
v 0.011987 0.042525 0.192582
v 0.010397 0.018163 0.197582
v 0.012694 -0.001159 0.200720
v 0.019036 0.047718 0.192381
v 0.019517 0.028703 0.197683
v 0.019193 0.008656 0.201173
v 0.030327 0.047707 0.192403
v 0.030727 0.029365 0.197481
v 0.030690 0.009196 0.201159
v 0.045150 0.028193 0.195343
v 0.045492 0.008466 0.198902
v 0.059399 0.025673 0.189021
v 0.059749 -0.001490 0.193560
v 0.072917 0.012759 0.176808
v 0.089535 0.014763 0.150676
v 0.240638 0.012102 0.098873
v 0.280109 0.002438 0.101137
v 0.650350 0.008561 0.101817
v 1.078561 0.006323 0.104447
v 1.389014 0.010839 0.107895
v 1.715836 0.025317 0.119853
v 1.712232 0.003909 0.123377
v 5.309173 0.093466 0.234067
v 0.013056 0.116092 0.151702
v 0.020167 0.105868 0.161840
v 0.019526 0.084955 0.175725
v 0.031170 0.106358 0.161179
v 0.030856 0.085005 0.175589
v 0.045520 0.111448 0.152957
v 0.045301 0.092054 0.168106
v 0.045011 0.075981 0.177570
v 0.059480 0.108765 0.145981
v 0.059173 0.086029 0.163884
v 0.073637 0.092285 0.141072
v 0.073244 0.073043 0.154131
v 0.090839 0.086559 0.117517
v 0.089165 0.068564 0.131820
v 0.235508 0.046766 0.089902
v 0.403848 0.049019 0.086779
v 0.377124 0.036187 0.092729
v 0.553943 0.037141 0.092496
v 0.840188 0.060097 0.080478
v 0.590507 0.047161 0.087018
v 0.956740 0.039048 0.094797
v 1.103033 0.064163 0.081267
v 1.397988 0.050350 0.093958
v 1.721005 0.075912 0.093639
v 1.716481 0.056942 0.106425
v 5.370408 0.187758 0.179199
v 0.023931 0.165501 0.084843
v 0.023103 0.135987 0.131556
v 0.034401 0.164368 0.083515
v 0.033677 0.134628 0.131540
v 0.046288 0.159211 0.083581
v 0.046092 0.131137 0.130338
v 0.058298 0.153463 0.080669
v 0.070052 0.144314 0.079031
v 0.069240 0.122589 0.117034
v 0.083288 0.123969 0.084738
v 0.083338 0.115028 0.099023
v 0.251257 0.085387 0.056128
v 0.246128 0.073682 0.069953
v 0.412267 0.074067 0.064831
v 0.601123 0.084550 0.047253
v 0.587390 0.073968 0.062167
v 0.843540 0.084060 0.052910
v 0.864118 0.072257 0.069101
v 1.110031 0.091217 0.050168
v 1.097840 0.076438 0.069662
v 1.408659 0.083225 0.065641
v 1.737155 0.105910 0.058910
v 1.733406 0.091547 0.079164
v 0.016669 0.181714 0.032030
v 0.015450 0.174806 0.062015
v 0.024714 0.182867 0.022630
v 0.023959 0.179587 0.045709
v 0.035215 0.180256 0.027669
v 0.034532 0.176130 0.052143
v 0.047333 0.176304 0.011597
v 0.046784 0.175284 0.030475
v 0.046849 0.171874 0.050295
v 0.061908 0.168164 0.020426
v 0.059736 0.165588 0.046871
v 0.075842 0.158821 0.012810
v 0.073272 0.158681 0.033267
v 0.089196 0.146755 0.023019
v 0.091038 0.139494 0.045927
v 0.274295 0.106571 0.009761
v 0.258969 0.105671 0.019989
v 0.439520 0.101181 0.016029
v 0.418542 0.095128 0.033370
v 0.612299 0.099071 0.013899
v 0.603621 0.092652 0.032658
v 0.847578 0.099818 0.020269
v 1.115231 0.106565 0.010882
v 1.106019 0.100951 0.030872
v 1.417720 0.107356 0.009956
v 1.415071 0.104492 0.024616
v 1.734454 0.121004 0.017242
v 1.731611 0.115512 0.037385
v 0.016075 0.174829 -0.064675
v 0.017133 0.178539 -0.047527
v 0.024007 0.175544 -0.063643
v 0.026221 0.179745 -0.041066
v 0.034145 0.174216 -0.062114
v 0.034539 0.177591 -0.044054
v 0.044920 0.170865 -0.059881
v 0.046918 0.175354 -0.022128
v 0.059372 0.168876 -0.015712
v 0.070268 0.155535 -0.056943
v 0.075091 0.157971 -0.012185
v 0.090588 0.143608 -0.018163
v 0.277926 0.104652 -0.031115
v 0.276259 0.106264 -0.022158
v 0.306392 0.105370 -0.011873
v 0.422064 0.099320 -0.035097
v 0.431519 0.102071 -0.020456
v 0.616514 0.098065 -0.033472
v 0.621518 0.100094 -0.018611
v 0.835767 0.101138 -0.020831
v 1.109045 0.104768 -0.025224
v 1.412869 0.104369 -0.026770
v 1.722987 0.114977 -0.040143
v 1.724735 0.120609 -0.013687
v 5.113941 0.254575 -0.080094
v 5.096893 0.260113 -0.056313
v 5.243955 0.254150 -0.078637
v 5.241479 0.259612 -0.055427
v 0.012611 0.147843 -0.122249
v 0.013869 0.159942 -0.102757
v 0.020089 0.144373 -0.128999
v 0.020617 0.153690 -0.115776
v 0.021803 0.161004 -0.103034
v 0.031661 0.144457 -0.128513
v 0.032823 0.158022 -0.107852
v 0.045858 0.142514 -0.125909
v 0.045631 0.154767 -0.106933
v 0.059252 0.147222 -0.105185
v 0.058363 0.155159 -0.088866
v 0.069620 0.127235 -0.117873
v 0.067957 0.142162 -0.098766
v 0.089213 0.119839 -0.091992
v 0.089311 0.131433 -0.071500
v 0.241656 0.086273 -0.065615
v 0.362025 0.082744 -0.066577
v 0.739796 0.081153 -0.072514
v 0.585891 0.087172 -0.061815
v 0.800201 0.089449 -0.060856
v 1.116830 0.088542 -0.069632
v 1.413272 0.084830 -0.073391
v 1.414706 0.093376 -0.060546
v 1.723150 0.099162 -0.075731
v 1.733383 0.109330 -0.058866
v 5.167424 0.210039 -0.164078
v 5.102917 0.224553 -0.144737
v 5.187916 0.237634 -0.124048
v 5.298112 0.224595 -0.145257
v 0.013746 0.075163 -0.183798
v 0.013319 0.093037 -0.173734
v 0.013445 0.110386 -0.161543
v 0.021071 0.075892 -0.184784
v 0.020426 0.094221 -0.174511
v 0.020894 0.111084 -0.162463
v 0.032091 0.084632 -0.179781
v 0.031659 0.101709 -0.169242
v 0.046428 0.074345 -0.181129
v 0.046133 0.099853 -0.166713
v 0.062219 0.075749 -0.169763
v 0.060666 0.098889 -0.156765
v 0.075863 0.095701 -0.140170
v 0.099525 0.053067 -0.142093
v 0.098290 0.066781 -0.134508
v 0.235676 0.045736 -0.106099
v 0.229940 0.062710 -0.093203
v 0.362165 0.046785 -0.103137
v 0.357090 0.057267 -0.095537
v 0.551228 0.045042 -0.105077
v 0.816741 0.053761 -0.102161
v 0.639211 0.063127 -0.093004
v 1.116869 0.054979 -0.102722
v 1.107883 0.068752 -0.092121
v 1.404369 0.047103 -0.105668
v 1.408205 0.066289 -0.092933
v 1.712873 0.051913 -0.116579
v 1.711189 0.067377 -0.107278
v 5.227874 0.137899 -0.222441
v 5.295785 0.154036 -0.212951
v 5.264127 0.174815 -0.198212
v 5.634070 0.008344 0.042848
v 5.632887 0.094966 -0.083752
v 5.630602 0.138364 -0.040347
v 5.631952 0.128142 -0.001262
v 5.632920 0.062502 0.078763
v 5.631022 0.117478 0.067756
v 5.632225 0.020552 0.146572
v 5.634046 -0.056609 0.050888
v 5.633559 -0.116813 -0.047353
v 5.634136 -0.046551 -0.050808
v 5.633363 -0.039979 -0.121932
v 5.611155 -0.091776 0.198930
v 5.611395 -0.110780 0.187033
v 5.617406 -0.100379 0.188962
v 5.622217 -0.075351 0.196000
v 5.622481 -0.107454 0.177036
v 5.626421 -0.115786 0.161257
v 5.611771 -0.119837 -0.185558
v 5.618309 -0.118622 -0.180936
v 5.617994 -0.084927 -0.202959
v 5.622708 -0.092535 -0.192091
v 5.626289 -0.075014 -0.193717
v 5.608397 0.198914 -0.151820
v 5.607293 0.207289 -0.139478
v 5.604548 0.214266 -0.125737
v 5.614429 0.195154 -0.148760
v 5.613297 0.202967 -0.136344
v 5.610919 0.208905 -0.124443
v 5.620595 0.188823 -0.142606
v 5.616887 0.200636 -0.126614
v 5.621198 0.191809 -0.122813
v 5.626024 0.174909 -0.130040
v 5.623322 0.183794 -0.083902
v 5.628459 0.161359 -0.118285
v 5.607955 0.083322 0.219425
v 5.608323 0.061945 0.224379
v 5.608760 0.039865 0.227372
v 5.614775 0.070645 0.217888
v 5.615390 0.037707 0.222818
v 5.619883 0.089763 0.205865
v 5.620219 0.047265 0.216046
v 5.623630 0.091588 0.197327
v 5.624039 0.054310 0.206798
v 5.612579 -0.208676 -0.019026
v 5.612266 -0.206007 -0.041958
v 5.612473 -0.201022 -0.063665
v 5.618587 -0.202454 -0.036866
v 5.618607 -0.192505 -0.077342
v 5.623340 -0.193286 -0.053811
v 5.627041 -0.181625 -0.068483
v 5.610817 0.040360 -0.233765
v 5.610571 0.062283 -0.231033
v 5.607955 0.078821 -0.229114
v 5.617216 0.045212 -0.228860
v 5.616736 0.073618 -0.224259
v 5.621419 0.074967 -0.218418
v 5.625131 0.088962 -0.206881
v 5.596206 0.204264 0.120552
v 5.601426 0.191134 0.145764
v 5.606317 0.193538 0.129896
v 5.613590 0.185531 0.128404
v 5.616194 0.189486 0.095208
v 5.619065 0.175305 0.131429
v 5.620253 0.180715 0.093232
v 5.624888 0.166522 0.085588
v 5.612228 -0.179164 0.111993
v 5.618286 -0.149557 0.146231
v 5.618362 -0.163654 0.128045
v 5.618621 -0.181611 0.098337
v 5.623220 -0.166497 0.113443
v 5.626945 -0.168324 0.095678
v 5.632625 -0.141253 0.064219
v 5.611451 -0.049534 -0.222885
v 5.611294 -0.027675 -0.228839
v 5.608595 -0.012960 -0.233220
v 5.617847 -0.043194 -0.220179
v 5.617357 -0.015218 -0.226816
v 5.622028 -0.011692 -0.221928
v 5.625719 0.005650 -0.216609
v 5.592821 0.227415 -0.033624
v 5.602862 0.220685 -0.018586
v 5.611970 0.212608 0.007195
v 5.618081 0.204973 0.007386
v 5.624235 0.184009 -0.037958
v 5.609616 -0.006424 0.226578
v 5.610013 -0.028027 0.223004
v 5.610483 -0.049928 0.217186
v 5.616217 -0.017820 0.220464
v 5.616869 -0.050148 0.212357
v 5.621251 -0.015139 0.214552
v 5.625179 -0.030368 0.203854
v 5.612499 -0.182099 -0.111537
v 5.612179 -0.153372 -0.153426
v 5.618591 -0.176254 -0.113285
v 5.618419 -0.149378 -0.151764
v 5.623214 -0.156571 -0.133002
v 5.626756 -0.140791 -0.141683
v 5.631499 -0.113005 -0.136615
v 5.610170 0.130897 -0.207868
v 5.610304 0.161758 -0.187877
v 5.616472 0.134776 -0.200761
v 5.616166 0.168240 -0.176825
v 5.621163 0.132433 -0.195698
v 5.620572 0.167142 -0.170443
v 5.624220 0.162374 -0.164785
v 5.627841 0.147056 -0.160069
v 5.605238 0.172165 0.169591
v 5.606554 0.154572 0.184495
v 5.607197 0.135447 0.197194
v 5.612122 0.168507 0.165546
v 5.613092 0.151231 0.180457
v 5.613966 0.125461 0.197331
v 5.617414 0.164969 0.159209
v 5.618279 0.148260 0.174278
v 5.619458 0.119187 0.193554
v 5.622244 0.143845 0.166977
v 5.623402 0.112995 0.187902
v 5.624680 0.151539 0.146589
v 5.626748 0.101247 0.182918
v 5.626950 0.145429 0.136047
v 5.612526 -0.200962 0.059027
v 5.612206 -0.207148 0.031071
v 5.618892 -0.196232 0.059956
v 5.618767 -0.203869 0.019840
v 5.623445 -0.196568 0.031624
v 5.627112 -0.191348 0.014820
v 5.631886 -0.168149 -0.001153
v -0.004316 -0.010174 -0.019890
v -0.004311 -0.100979 -0.000345
v -0.004701 -0.039935 0.054252
v -0.005588 0.025619 0.082806
v -0.004853 0.083703 0.078458
v -0.004441 0.106455 -0.007424
v -0.004269 0.056298 -0.098726
v 0.004635 0.168333 0.061360
v 0.005482 0.176611 0.020912
v 0.002433 0.170248 0.036572
v 0.000198 0.160750 0.055847
v -0.001261 0.161853 0.017225
v 0.006602 -0.129325 0.161057
v 0.003413 -0.135289 0.151100
v 0.004130 -0.101610 0.174290
v 0.000762 -0.108106 0.161567
v -0.001581 -0.088351 0.154648
v 0.007291 -0.119423 -0.171258
v 0.003928 -0.142615 -0.148719
v 0.002150 -0.132908 -0.150104
v 0.001260 -0.097950 -0.169438
v -0.001707 -0.126994 -0.113908
v 0.004004 0.153909 -0.100620
v 0.003871 0.144548 -0.115951
v 0.006809 0.131477 -0.137350
v 0.000000 0.150063 -0.088957
v 0.000024 0.138522 -0.109285
v 0.005235 0.033266 0.190455
v 0.002040 0.018725 0.188747
v 0.001642 0.044708 0.181569
v -0.001236 0.027163 0.175395
v 0.006449 -0.205495 -0.058130
v 0.006915 -0.212826 -0.018232
v 0.003834 -0.200147 -0.061575
v 0.004040 -0.208680 -0.015448
v 0.004724 0.047132 -0.188796
v 0.006727 0.000827 -0.200097
v 0.003105 0.013574 -0.193401
v -0.000234 0.019591 -0.179635
v 0.006307 0.132126 0.128512
v 0.003223 0.144508 0.101020
v -0.001089 0.120753 0.119069
v -0.000842 0.134132 0.096532
v 0.006714 -0.181336 0.107422
v 0.003742 -0.175978 0.107950
v 0.003263 -0.158170 0.129981
v 0.001294 -0.161218 0.119228
v -0.000516 -0.157423 0.110764
v 0.006689 -0.034563 -0.199388
v 0.007113 -0.065424 -0.194188
v 0.003219 -0.033854 -0.194037
v 0.004434 -0.066135 -0.190357
v 0.001432 -0.071528 -0.180391
v -0.001459 -0.080440 -0.153760
v 0.007786 0.177707 -0.022723
v 0.006766 0.170925 -0.061870
v 0.004060 0.168416 -0.058489
v 0.001580 0.163821 -0.058443
v -0.000457 0.156933 -0.064421
v 0.004768 -0.048884 0.192575
v 0.004615 -0.029129 0.194976
v 0.003746 -0.074745 0.184506
v 0.001550 -0.040400 0.187918
v 0.007320 -0.183762 -0.108983
v 0.003795 -0.172202 -0.116812
v 0.001988 -0.160690 -0.122933
v 0.001493 -0.177546 -0.095218
v 0.005766 0.092959 -0.168601
v 0.003053 0.097339 -0.161103
v 0.000446 0.095341 -0.154743
v 0.001439 0.066041 -0.174405
v 0.004893 0.092476 0.163782
v 0.004019 0.112841 0.146798
v 0.001685 0.086559 0.162018
v -0.001514 0.091307 0.145052
vn 0.0092 0.6167 -0.7871
vn 0.0192 0.6890 -0.7245
vn 0.0308 0.6143 -0.7885
vn 0.0146 0.5361 -0.8440
vn 0.0278 0.5639 -0.8254
vn 0.0300 0.4882 -0.8722
vn 0.0639 0.4868 -0.8712
vn 0.0303 0.3771 -0.9257
vn 0.1720 0.6399 -0.7490
vn 0.1884 0.6688 -0.7192
vn 0.2036 0.6171 -0.7601
vn 0.0055 0.5339 -0.8455
vn 0.2931 0.6673 -0.6847
vn 0.2591 0.7008 -0.6647
vn 0.3151 0.6363 -0.7041
vn 0.2903 0.5714 -0.7676
vn 0.2588 0.5973 -0.7591
vn 0.3106 0.5539 -0.7725
vn 0.1514 0.7644 -0.6267
vn 0.1469 0.8013 -0.5799
vn 0.1902 0.7554 -0.6271
vn 0.0060 0.7619 -0.6477
vn 0.0192 0.8474 -0.5306
vn 0.0233 0.7632 -0.6457
vn 0.0325 0.9466 -0.3208
vn 0.0448 0.9508 -0.3064
vn 0.0515 0.9225 -0.3825
vn 0.0857 0.9755 -0.2025
vn 0.1124 0.9697 -0.2171
vn 0.1261 0.9442 -0.3044
vn 0.2698 0.9183 -0.2899
vn 0.3115 0.9239 -0.2222
vn 0.2852 0.9189 -0.2727
vn 0.2181 0.8628 -0.4562
vn 0.2874 0.8579 -0.4259
vn 0.2793 0.8640 -0.4189
vn 0.2845 0.7548 -0.5911
vn 0.2837 0.7919 -0.5408
vn 0.2781 0.7538 -0.5954
vn 0.1546 0.6983 -0.6989
vn 0.3192 0.9477 0.0068
vn 0.2884 0.9559 0.0557
vn 0.3170 0.9480 -0.0282
vn 0.0814 0.9909 0.1071
vn 0.1216 0.9859 0.1148
vn 0.1277 0.9898 0.0632
vn 0.0800 0.9890 0.1245
vn 0.1008 0.9726 0.2095
vn 0.1107 0.9707 0.2134
vn 0.0878 0.9795 0.1814
vn 0.3062 0.9263 0.2197
vn 0.2855 0.9394 0.1900
vn 0.2627 0.9495 0.1714
vn 0.2899 0.9497 0.1186
vn 0.2898 0.9499 0.1168
vn 0.2875 0.9537 0.0883
vn 0.1582 0.9368 0.3119
vn 0.2145 0.9463 0.2419
vn 0.1669 0.9602 0.2239
vn 0.2121 0.9044 0.3703
vn 0.2114 0.9048 0.3696
vn 0.1943 0.9147 0.3543
vn 0.3076 0.7478 0.5884
vn 0.2990 0.7558 0.5826
vn 0.2745 0.7775 0.5658
vn 0.3194 0.8275 0.4617
vn 0.3231 0.8524 0.4112
vn 0.3238 0.8595 0.3954
vn 0.1828 0.6025 0.7769
vn 0.1734 0.6120 0.7716
vn 0.1549 0.6303 0.7608
vn 0.1785 0.5129 0.8397
vn 0.1703 0.5220 0.8358
vn 0.1545 0.5392 0.8279
vn 0.1270 0.4224 0.8975
vn 0.1635 0.4383 0.8838
vn 0.1248 0.4936 0.8607
vn 0.0120 0.3764 0.9264
vn 0.0125 0.4538 0.8910
vn 0.0064 0.4478 0.8941
vn 0.0235 0.3711 0.9283
vn 0.0443 0.3993 0.9158
vn 0.2647 0.3583 0.8953
vn 0.2562 0.3762 0.8904
vn 0.2436 0.4022 0.8826
vn 0.2797 0.4598 0.8428
vn 0.2650 0.4748 0.8392
vn 0.2497 0.4901 0.8351
vn 0.2859 0.5463 0.7872
vn 0.2689 0.5628 0.7817
vn 0.2519 0.5787 0.7757
vn 0.2942 0.6453 0.7050
vn 0.2767 0.6624 0.6962
vn 0.2537 0.6838 0.6842
vn 0.1238 0.1342 0.9832
vn 0.1958 0.1451 0.9699
vn 0.1040 0.1908 0.9761
vn 0.1167 0.0590 0.9914
vn 0.1693 0.0340 0.9850
vn 0.0436 0.3366 0.9406
vn 0.0776 0.3707 0.9255
vn 0.0416 0.3553 0.9338
vn 0.0383 -0.3533 0.9347
vn 0.0465 -0.2658 0.9629
vn 0.0259 -0.2613 0.9649
vn 0.1250 -0.0910 0.9880
vn 0.2321 -0.0741 0.9699
vn 0.1251 -0.0133 0.9921
vn 0.0177 -0.3188 0.9477
vn 0.0141 -0.2347 0.9720
vn 0.0257 -0.5361 0.8438
vn 0.0354 -0.5669 0.8230
vn 0.0200 -0.5281 0.8490
vn 0.0395 -0.6815 0.7307
vn 0.0575 -0.6125 0.7884
vn 0.0296 -0.6476 0.7614
vn 0.0254 -0.6918 0.7216
vn 0.2942 -0.6801 0.6715
vn 0.2727 -0.6705 0.6900
vn 0.2491 -0.6594 0.7093
vn 0.0267 -0.8943 0.4468
vn 0.0381 -0.9101 0.4126
vn 0.0243 -0.8909 0.4536
vn 0.3075 -0.7576 0.5758
vn 0.4527 -0.6758 0.5818
vn 0.2866 -0.7296 0.6209
vn 0.2052 -0.7328 0.6488
vn 0.1890 -0.7232 0.6643
vn 0.1696 -0.7112 0.6822
vn 0.0247 -0.9969 0.0741
vn 0.0370 -0.9993 -0.0018
vn 0.0408 -0.9962 0.0770
vn 0.2535 -0.9143 0.3160
vn 0.3538 -0.8847 0.3036
vn 0.2456 -0.8842 0.3974
vn 0.0268 -0.9512 -0.3074
vn 0.0357 -0.9817 -0.1873
vn 0.0199 -0.9812 -0.1922
vn 0.0530 -0.9953 -0.0807
vn 0.0258 -0.9965 -0.0797
vn 0.0179 -0.9947 -0.1014
vn 0.2285 -0.9458 -0.2307
vn 0.2819 -0.9253 -0.2536
vn 0.1674 -0.9651 -0.2015
vn 0.2792 -0.9489 -0.1471
vn 0.2872 -0.9519 -0.1065
vn 0.2424 -0.9680 -0.0653
vn 0.0336 -0.8701 -0.4917
vn 0.0358 -0.9144 -0.4032
vn 0.0183 -0.9139 -0.4054
vn 0.0197 -0.8687 -0.4949
vn 0.0243 -0.8199 -0.5720
vn 0.0942 -0.7759 -0.6238
vn 0.1399 -0.8080 -0.5723
vn 0.0861 -0.8249 -0.5587
vn 0.2586 -0.7942 -0.5499
vn 0.1278 -0.8351 -0.5350
vn 0.2754 -0.8249 -0.4937
vn 0.2500 -0.8377 -0.4856
vn 0.1567 -0.5715 -0.8055
vn 0.1794 -0.6021 -0.7781
vn 0.1648 -0.6168 -0.7696
vn 0.0167 -0.3418 -0.9396
vn 0.0310 -0.4454 -0.8948
vn 0.0136 -0.4126 -0.9108
vn 0.1518 -0.3769 -0.9137
vn 0.2396 -0.4126 -0.8788
vn 0.1325 -0.4405 -0.8879
vn 0.2790 -0.3412 -0.8976
vn 0.3512 -0.4313 -0.8310
vn 0.0222 -0.1683 -0.9855
vn 0.0342 -0.1761 -0.9838
vn 0.0150 -0.2049 -0.9787
vn 0.0348 -0.0768 -0.9964
vn 0.0574 -0.1333 -0.9894
vn 0.1004 -0.0046 -0.9949
vn 0.1246 -0.0096 -0.9922
vn 0.1258 -0.0675 -0.9898
vn 0.1614 -0.2980 -0.9408
vn 0.2310 -0.2592 -0.9378
vn 0.1223 -0.3207 -0.9392
vn 0.0175 -0.0691 -0.9975
vn 0.0105 -0.1663 -0.9860
vn 0.0140 0.0478 -0.9988
vn 0.0084 -0.0828 -0.9965
vn 0.0333 0.0215 -0.9992
vn 0.2402 -0.0948 -0.9661
vn 0.3550 -0.0659 -0.9325
vn 0.3676 -0.0973 -0.9249
vn 0.3745 -0.2755 -0.8854
vn -0.8376 -0.5361 0.1052
vn -0.8536 -0.5174 0.0601
vn -0.8474 -0.5291 0.0456
vn -0.8832 -0.4361 0.1727
vn -0.8710 -0.4724 0.1348
vn -0.9618 -0.2681 0.0558
vn -0.9848 -0.1631 0.0601
vn -0.9695 -0.2437 0.0242
vn -0.6992 -0.7149 -0.0016
vn -0.6757 -0.7351 0.0558
vn -0.6288 -0.7749 -0.0644
vn -0.6578 -0.7220 0.2148
vn -0.6180 -0.7663 0.1755
vn -0.5953 -0.7889 0.1523
vn -0.6769 -0.6780 0.2866
vn -0.8855 -0.4206 0.1973
vn -0.9964 -0.0845 -0.0100
vn -0.9976 -0.0665 0.0180
vn -0.9997 -0.0223 0.0026
vn -0.9653 -0.2601 0.0218
vn -0.9699 -0.2427 -0.0185
vn -0.9429 -0.3313 -0.0338
vn -0.8338 -0.5514 -0.0269
vn -0.8372 -0.5442 -0.0541
vn 0.5098 0.8565 0.0803
vn 0.5194 0.8417 0.1476
vn 0.5011 0.8635 0.0569
vn 0.7820 0.6230 0.0210
vn 0.7892 0.6050 0.1057
vn 0.7838 0.6206 0.0224
vn 0.8886 0.4584 0.0150
vn 0.8971 0.4340 0.0830
vn 0.8838 0.4678 -0.0046
vn 0.9915 0.1188 0.0524
vn 0.9903 0.1327 0.0421
vn 0.9886 0.1449 0.0418
vn 0.5309 0.8471 0.0239
vn 0.1985 0.2603 -0.9449
vn 0.3409 0.3224 -0.8831
vn 0.3234 0.2661 -0.9081
vn 0.1814 0.0821 -0.9800
vn 0.2687 0.1219 -0.9555
vn 0.2139 0.0447 -0.9758
vn 0.1870 0.0234 -0.9821
vn -0.1393 0.0418 -0.9894
vn -0.1373 0.1426 -0.9802
vn -0.1402 0.0036 -0.9901
vn -0.1472 0.1490 -0.9778
vn -0.1835 0.2486 -0.9511
vn -0.2052 0.2743 -0.9395
vn -0.1585 0.3434 -0.9257
vn 0.0612 0.1450 -0.9875
vn 0.0496 0.2574 -0.9650
vn 0.0629 0.1404 -0.9881
vn 0.5711 0.1359 -0.8095
vn 0.6635 0.2013 -0.7206
vn 0.6588 0.1646 -0.7341
vn -0.3291 0.0921 -0.9398
vn -0.4222 0.1374 -0.8960
vn -0.2988 0.0776 -0.9512
vn -0.6440 0.1561 -0.7490
vn -0.5946 0.2311 -0.7701
vn -0.4029 0.1808 -0.8972
vn 0.7367 0.2768 -0.6169
vn 0.7369 0.3382 -0.5853
vn 0.7348 0.2743 -0.6203
vn 0.7302 0.2252 -0.6450
vn 0.7313 0.2206 -0.6454
vn 0.7207 0.0121 -0.6932
vn 0.7227 0.0849 -0.6860
vn 0.7216 -0.0016 -0.6923
vn -0.0024 0.3158 -0.9488
vn -0.0066 0.2506 -0.9681
vn 0.0100 0.2251 -0.9743
vn -0.0004 0.2433 -0.9699
vn 0.0038 0.2317 -0.9728
vn 0.0028 0.1430 -0.9897
vn 0.0084 0.0425 -0.9991
vn 0.0097 0.1692 -0.9855
vn 0.0107 0.0021 -0.9999
vn 0.0077 0.3333 -0.9428
vn -0.0373 0.2549 -0.9663
vn -0.0279 0.1883 -0.9817
vn -0.0367 0.0098 -0.9993
vn 0.0265 0.1512 -0.9882
vn 0.0284 0.0240 -0.9993
vn 0.0249 -0.0068 -0.9997
vn 0.0310 0.1382 -0.9899
vn 0.0340 0.3610 -0.9320
vn 0.0356 0.2871 -0.9572
vn 0.0357 0.2816 -0.9589
vn -0.0273 0.2136 -0.9765
vn -0.0264 0.1554 -0.9875
vn 0.0033 0.1194 -0.9928
vn -0.0010 0.0171 -0.9999
vn 0.0091 0.0034 -1.0000
vn -0.1162 -0.2687 -0.9562
vn -0.1244 -0.3473 -0.9295
vn -0.1304 -0.3538 -0.9262
vn -0.1117 -0.1739 -0.9784
vn -0.1222 -0.2317 -0.9651
vn -0.1377 -0.1386 -0.9807
vn -0.0980 -0.0612 -0.9933
vn -0.0818 -0.0690 -0.9943
vn 0.0737 -0.2335 -0.9696
vn 0.0681 -0.1228 -0.9901
vn 0.0747 -0.2307 -0.9702
vn 0.5370 -0.1979 -0.8201
vn 0.5254 -0.3117 -0.7917
vn 0.5187 -0.3203 -0.7927
vn 0.6681 -0.1330 -0.7321
vn 0.6727 -0.2091 -0.7098
vn 0.6768 -0.2734 -0.6835
vn 0.6476 -0.1155 -0.7532
vn 0.6486 -0.1002 -0.7545
vn 0.6423 -0.1719 -0.7469
vn -0.3492 -0.1902 -0.9175
vn -0.4189 -0.2423 -0.8751
vn -0.4345 -0.2474 -0.8660
vn -0.3670 -0.0931 -0.9255
vn -0.3681 -0.1437 -0.9186
vn -0.3550 -0.0510 -0.9335
vn -0.4350 0.0121 -0.9003
vn 0.0050 -0.1909 -0.9816
vn 0.0064 -0.1676 -0.9858
vn 0.0039 -0.1771 -0.9842
vn 0.0084 -0.3208 -0.9471
vn 0.0137 -0.3660 -0.9305
vn 0.0060 -0.3614 -0.9324
vn 0.0039 -0.0519 -0.9986
vn 0.0040 -0.0552 -0.9985
vn 0.0058 -0.1627 -0.9867
vn 0.0253 -0.3553 -0.9344
vn 0.0304 -0.3201 -0.9469
vn 0.0306 -0.3429 -0.9389
vn 0.0263 -0.0805 -0.9964
vn 0.0275 -0.1319 -0.9909
vn 0.0288 -0.1936 -0.9807
vn -0.0259 -0.3586 -0.9331
vn -0.0226 -0.2975 -0.9544
vn -0.0220 -0.3807 -0.9244
vn 0.0026 -0.4189 -0.9080
vn 0.0009 -0.2751 -0.9614
vn 0.0014 -0.4469 -0.8946
vn 0.0059 -0.1507 -0.9886
vn 0.0052 -0.1772 -0.9842
vn 0.0033 -0.5713 -0.8207
vn -0.0567 -0.6432 -0.7636
vn -0.3957 -0.5938 -0.7005
vn 0.2953 -0.5470 -0.7833
vn 0.2564 -0.6060 -0.7530
vn 0.2444 -0.6138 -0.7507
vn 0.2663 -0.4522 -0.8512
vn 0.2707 -0.4808 -0.8340
vn 0.2522 -0.5125 -0.8208
vn 0.2667 -0.3624 -0.8931
vn 0.5207 -0.4356 -0.7343
vn 0.5735 -0.4595 -0.6782
vn 0.5113 -0.4893 -0.7065
vn 0.6014 -0.4005 -0.6913
vn 0.6497 -0.4561 -0.6082
vn 0.6946 -0.4856 -0.5308
vn 0.6102 -0.4952 -0.6184
vn -0.5088 -0.4970 -0.7029
vn -0.3982 -0.4242 -0.8133
vn -0.3070 -0.5387 -0.7846
vn -0.0372 -0.4701 -0.8818
vn -0.1417 -0.4594 -0.8769
vn 0.2314 -0.6622 -0.7127
vn -0.1858 -0.7054 -0.6840
vn -0.4080 -0.6635 -0.6271
vn 0.0006 -0.4994 -0.8664
vn 0.0044 -0.5966 -0.8025
vn 0.0089 -0.5243 -0.8515
vn 0.0107 -0.5899 -0.8074
vn 0.0110 -0.4516 -0.8922
vn -0.0319 -0.4652 -0.8846
vn -0.0242 -0.5642 -0.8253
vn -0.0255 -0.6098 -0.7921
vn 0.0398 -0.6520 -0.7572
vn 0.0262 -0.6981 -0.7156
vn 0.0424 -0.7204 -0.6923
vn 0.0261 -0.4470 -0.8941
vn -0.0326 -0.2826 -0.9587
vn -0.0296 -0.4392 -0.8979
vn -0.0210 -0.5385 -0.8424
vn -0.0208 -0.5423 -0.8399
vn -0.1779 -0.8227 -0.5399
vn -0.1905 -0.8348 -0.5165
vn -0.2111 -0.8530 -0.4773
vn -0.2890 -0.7519 -0.5925
vn -0.1629 -0.7710 -0.6156
vn -0.4486 -0.7086 -0.5447
vn -0.4037 -0.7619 -0.5065
vn -0.3868 -0.7888 -0.4778
vn 0.5258 -0.5463 -0.6520
vn 0.6063 -0.5632 -0.5614
vn 0.5017 -0.5939 -0.6289
vn 0.7361 -0.5873 -0.3366
vn 0.7492 -0.5555 -0.3607
vn 0.7719 -0.5744 -0.2724
vn 0.7718 -0.5775 -0.2661
vn 0.6059 -0.7267 -0.3237
vn 0.7088 -0.6641 -0.2377
vn 0.0141 -0.8713 -0.4905
vn 0.0097 -0.8753 -0.4834
vn 0.0177 -0.9179 -0.3965
vn 0.0118 -0.7560 -0.6544
vn 0.0129 -0.7909 -0.6118
vn 0.0101 -0.8506 -0.5257
vn 0.0223 -0.7600 -0.6495
vn 0.0444 -0.7737 -0.6320
vn 0.0062 -0.7195 -0.6944
vn 0.0070 -0.7683 -0.6401
vn 0.0085 -0.7897 -0.6135
vn -0.0324 -0.8366 -0.5469
vn -0.0298 -0.8471 -0.5306
vn -0.0301 -0.8799 -0.4742
vn 0.0133 -0.8663 -0.4994
vn 0.0160 -0.8236 -0.5670
vn -0.1619 -0.9866 -0.0214
vn -0.1588 -0.9810 -0.1118
vn -0.1597 -0.9870 -0.0186
vn -0.1602 -0.9804 -0.1146
vn -0.1658 -0.9647 -0.2048
vn -0.1680 -0.9630 -0.2105
vn -0.1717 -0.9373 -0.3032
vn 0.0500 -0.9745 -0.2186
vn 0.0337 -0.9709 -0.2370
vn 0.0706 -0.9782 -0.1950
vn 0.0479 -0.9447 -0.3244
vn 0.0206 -0.9184 -0.3952
vn 0.0658 -0.9475 -0.3130
vn 0.2314 -0.9389 -0.2549
vn 0.2142 -0.9368 -0.2767
vn 0.2570 -0.9407 -0.2216
vn 0.5044 -0.8524 -0.1381
vn 0.4892 -0.8670 -0.0944
vn 0.4751 -0.8759 -0.0845
vn 0.4969 -0.8238 -0.2727
vn 0.6059 -0.7592 -0.2377
vn 0.6374 -0.7530 -0.1632
vn 0.6995 -0.7005 -0.1411
vn 0.7028 -0.6941 -0.1556
vn 0.6973 -0.7100 -0.0977
vn -0.4366 -0.8995 -0.0170
vn -0.4647 -0.8812 -0.0866
vn -0.4309 -0.9022 -0.0169
vn -0.4078 -0.9001 -0.1532
vn -0.4693 -0.8571 -0.2123
vn -0.4377 -0.8610 -0.2592
vn -0.4167 -0.8584 -0.2992
vn -0.4329 -0.8163 -0.3824
vn -0.1757 -0.9361 -0.3048
vn -0.1781 -0.9031 -0.3908
vn 0.2020 -0.8935 -0.4011
vn 0.1989 -0.8904 -0.4095
vn 0.2254 -0.9145 -0.3359
vn 0.7986 -0.5802 -0.1597
vn 0.8059 -0.5762 -0.1358
vn 0.8110 -0.5817 -0.0624
vn 0.0048 -0.9890 -0.1479
vn 0.0198 -0.9663 -0.2566
vn 0.0022 -0.9669 -0.2552
vn 0.0846 -0.9908 -0.1057
vn 0.0474 -0.9983 -0.0346
vn 0.0846 -0.9906 -0.1077
vn 0.0686 -0.9544 -0.2904
vn 0.0442 -0.9890 -0.1415
vn 0.0751 -0.9699 -0.2317
vn 0.0158 -0.9998 -0.0139
vn 0.0199 -0.9986 0.0491
vn 0.0176 -0.9622 -0.2718
vn 0.0132 -0.9796 -0.2005
vn -0.1289 -0.9656 0.2257
vn -0.1154 -0.9461 0.3025
vn -0.1076 -0.9368 0.3328
vn -0.1366 -0.9846 0.1094
vn -0.1279 -0.9676 0.2176
vn 0.1021 -0.9712 0.2153
vn 0.1001 -0.9690 0.2259
vn 0.0922 -0.9594 0.2665
vn 0.5015 -0.8374 0.2173
vn 0.4999 -0.8355 0.2280
vn 0.4945 -0.8291 0.2609
vn -0.3928 -0.8877 0.2404
vn -0.4421 -0.8489 0.2897
vn -0.3780 -0.8535 0.3586
vn -0.4153 -0.9041 0.1010
vn -0.4288 -0.8840 0.1863
vn -0.4113 -0.9063 0.0973
vn -0.1343 -0.9855 0.1041
vn 0.0925 -0.9891 0.1145
vn 0.0677 -0.9976 -0.0146
vn 0.0957 -0.9892 0.1106
vn 0.2775 -0.9605 -0.0226
vn 0.2933 -0.9502 0.1056
vn 0.3004 -0.9457 0.1244
vn 0.4853 -0.8743 0.0030
vn 0.4949 -0.8647 0.0857
vn 0.4876 -0.8640 0.1254
vn 0.7221 -0.6917 0.0115
vn 0.7242 -0.6893 -0.0191
vn 0.7203 -0.6930 0.0319
vn 0.1256 -0.9389 0.3206
vn 0.0965 -0.9287 0.3582
vn 0.0883 -0.9033 0.4198
vn 0.0127 -0.9514 0.3076
vn 0.0130 -0.9711 0.2384
vn 0.0572 -0.8952 0.4419
vn 0.0135 -0.9843 0.1762
vn 0.0179 -0.9976 0.0671
vn 0.0128 -0.9734 0.2287
vn 0.1012 -0.9349 0.3401
vn 0.1023 -0.9520 0.2886
vn 0.1026 -0.9236 0.3694
vn 0.0008 -1.0000 -0.0056
vn -0.0003 -0.9908 0.1356
vn 0.0018 -0.9882 0.1531
vn -0.0227 -0.9904 0.1361
vn -0.0219 -0.9937 0.1099
vn -0.0215 -0.9842 0.1757
vn -0.0016 -0.9510 0.3092
vn -0.0193 -0.8967 0.4421
vn 0.0015 -0.8795 0.4758
vn 0.0163 -0.9981 0.0586
vn 0.0181 -0.9997 0.0173
vn -0.1981 -0.8448 0.4970
vn -0.2079 -0.8283 0.5203
vn -0.4427 -0.7082 0.5500
vn -0.1558 -0.8932 0.4217
vn -0.1488 -0.8962 0.4178
vn -0.1625 -0.8688 0.4677
vn 0.0330 -0.8360 0.5478
vn 0.0150 -0.7589 0.6510
vn 0.0114 -0.7598 0.6501
vn 0.2222 -0.8232 0.5225
vn 0.1975 -0.7448 0.6374
vn 0.1909 -0.7429 0.6416
vn 0.7992 -0.5471 0.2488
vn 0.8084 -0.5199 0.2761
vn 0.8168 -0.5198 0.2505
vn -0.4686 -0.7080 0.5283
vn -0.5008 -0.6559 0.5648
vn 0.8522 -0.4566 0.2554
vn 0.8430 -0.4691 0.2632
vn 0.8513 -0.4483 0.2725
vn -0.2225 -0.6905 0.6883
vn -0.2104 -0.7346 0.6451
vn -0.2201 -0.6675 0.7114
vn 0.0650 -0.8346 0.5471
vn 0.0002 -0.8022 0.5971
vn 0.0657 -0.7662 0.6393
vn -0.0274 -0.9440 0.3288
vn -0.0231 -0.8853 0.4644
vn -0.0300 -0.8626 0.5050
vn -0.0242 -0.7971 0.6033
vn -0.0285 -0.7617 0.6473
vn -0.2285 -0.5225 0.8214
vn -0.2182 -0.4609 0.8602
vn -0.3605 -0.4304 0.8275
vn -0.1861 -0.6181 0.7638
vn -0.2055 -0.5692 0.7961
vn 0.3739 -0.5231 0.7659
vn 0.4018 -0.5620 0.7230
vn 0.3607 -0.4686 0.8064
vn 0.6701 -0.4656 0.5781
vn 0.7437 -0.3489 0.5702
vn 0.7071 -0.3525 0.6130
vn 0.6744 -0.4950 0.5479
vn 0.8651 -0.3432 0.3658
vn 0.8729 -0.3327 0.3570
vn 0.8750 -0.2904 0.3873
vn -0.6476 -0.2857 0.7064
vn -0.5051 -0.2992 0.8096
vn -0.6440 -0.3602 0.6749
vn 0.8801 -0.2891 0.3766
vn 0.8811 -0.2122 0.4227
vn 0.8033 -0.2009 0.5607
vn 0.8707 -0.1676 0.4623
vn 0.3369 -0.4077 0.8487
vn 0.3491 -0.3353 0.8751
vn -0.0007 -0.4711 0.8821
vn -0.0139 -0.3580 0.9336
vn -0.0161 -0.3602 0.9328
vn -0.2419 -0.3655 0.8988
vn -0.2202 -0.3319 0.9172
vn -0.0181 -0.5137 0.8578
vn -0.0021 -0.5407 0.8412
vn -0.0073 -0.4137 0.9104
vn -0.0015 -0.6791 0.7340
vn -0.0018 -0.6969 0.7172
vn -0.0007 -0.5315 0.8470
vn -0.0176 -0.4039 0.9146
vn -0.0014 -0.3846 0.9231
vn -0.0238 -0.6489 0.7605
vn -0.0218 -0.5623 0.8266
vn 0.1326 -0.6144 0.7778
vn 0.1378 -0.5961 0.7910
vn 0.1379 -0.5362 0.8327
vn 0.1327 -0.6778 0.7231
vn 0.1349 -0.6969 0.7044
vn -0.0257 -0.6898 0.7236
vn -0.0323 -0.6474 0.7615
vn -0.0281 -0.5453 0.8378
vn -0.0376 -0.5118 0.8583
vn -0.2420 -0.2185 0.9454
vn -0.2879 -0.2445 0.9259
vn -0.2230 -0.2076 0.9525
vn -0.1964 -0.3040 0.9322
vn 0.3444 -0.2686 0.8996
vn 0.3530 -0.2395 0.9044
vn 0.3422 -0.2217 0.9131
vn 0.8579 -0.0741 0.5085
vn 0.8664 -0.0915 0.4910
vn -0.4539 -0.0988 0.8856
vn -0.3484 -0.0240 0.9370
vn -0.5204 -0.0242 0.8536
vn -0.7531 -0.1823 0.6321
vn 0.1203 -0.3540 0.9275
vn 0.1347 -0.4203 0.8973
vn 0.1255 -0.3236 0.9378
vn -0.2234 -0.0768 0.9717
vn -0.2221 0.0151 0.9749
vn -0.0049 -0.2180 0.9759
vn -0.0088 -0.2053 0.9787
vn -0.0041 -0.1141 0.9935
vn -0.0135 -0.0184 0.9997
vn -0.0217 -0.2975 0.9545
vn -0.0270 -0.1464 0.9889
vn -0.0113 0.0216 0.9997
vn -0.0350 -0.1334 0.9904
vn -0.0452 0.0180 0.9988
vn -0.0423 0.0711 0.9966
vn -0.0042 -0.0531 0.9986
vn -0.0045 0.0259 0.9997
vn -0.2213 0.1587 0.9622
vn -0.2291 0.1256 0.9653
vn -0.2083 0.1710 0.9630
vn 0.8454 -0.0009 0.5342
vn 0.8458 -0.0027 0.5334
vn 0.8304 0.0530 0.5547
vn -0.4666 0.3322 0.8197
vn -0.3296 0.2691 0.9050
vn -0.3249 0.3898 0.8617
vn -0.2975 0.2105 0.9312
vn -0.5701 0.2523 0.7819
vn -0.2360 0.0235 0.9715
vn 0.8545 0.0372 0.5181
vn 0.8535 0.0441 0.5192
vn 0.8452 0.1012 0.5248
vn -0.2051 0.3216 0.9244
vn -0.1945 0.4087 0.8917
vn -0.0323 -0.0213 0.9993
vn -0.0110 0.1247 0.9921
vn -0.0299 0.1172 0.9927
vn -0.0454 0.1032 0.9936
vn -0.0439 0.1671 0.9850
vn 0.1118 0.2390 0.9646
vn 0.0705 0.2692 0.9605
vn 0.1017 0.3789 0.9198
vn 0.1239 0.1080 0.9864
vn 0.1308 -0.0081 0.9914
vn 0.0813 0.1380 0.9871
vn 0.1296 -0.0184 0.9914
vn -0.0341 0.2024 0.9787
vn -0.0341 0.2879 0.9571
vn -0.1313 0.6505 0.7481
vn -0.2018 0.5945 0.7784
vn -0.0992 0.6650 0.7402
vn -0.4180 0.5289 0.7386
vn -0.2159 0.4895 0.8449
vn -0.4359 0.4458 0.7819
vn 0.0444 0.7165 0.6961
vn 0.0203 0.6167 0.7870
vn 0.0581 0.7238 0.6876
vn 0.2224 0.7120 0.6660
vn 0.2101 0.6467 0.7332
vn 0.2419 0.7204 0.6501
vn 0.1799 0.4717 0.8632
vn 0.1777 0.4687 0.8653
vn 0.1970 0.4948 0.8464
vn 0.4655 0.3865 0.7962
vn 0.4378 0.3227 0.8391
vn 0.4799 0.3924 0.7847
vn -0.5788 0.5992 0.5531
vn -0.3922 0.6246 0.6753
vn -0.3546 0.6873 0.6340
vn -0.5250 0.5706 0.6315
vn 0.1849 0.3859 0.9038
vn 0.1668 0.3257 0.9307
vn 0.1989 0.3948 0.8970
vn 0.4631 0.6478 0.6049
vn 0.4628 0.6476 0.6053
vn 0.4798 0.6599 0.5782
vn -0.0029 0.3928 0.9196
vn -0.0094 0.3991 0.9168
vn -0.0099 0.5402 0.8415
vn -0.0107 0.6591 0.7520
vn -0.0132 0.6264 0.7794
vn -0.0083 0.5074 0.8617
vn -0.0076 0.6781 0.7350
vn -0.0451 0.4259 0.9037
vn -0.0380 0.4962 0.8674
vn -0.0437 0.5652 0.8238
vn 0.1012 0.4254 0.8993
vn 0.0934 0.3411 0.9354
vn -0.0349 0.4515 0.8916
vn -0.0358 0.5210 0.8528
vn 0.2671 0.7886 0.5539
vn 0.2753 0.7909 0.5465
vn 0.2793 0.8227 0.4951
vn 0.7019 0.6019 0.3808
vn 0.7536 0.5489 0.3617
vn 0.7207 0.5768 0.3846
vn -0.3070 0.8189 0.4850
vn -0.3480 0.8384 0.4194
vn -0.4843 0.8219 0.3000
vn -0.3579 0.7426 0.5662
vn -0.0817 0.7908 0.6065
vn -0.1710 0.7239 0.6684
vn -0.0664 0.8172 0.5726
vn 0.1080 0.8072 0.5803
vn 0.1168 0.8084 0.5769
vn 0.8054 0.4345 0.4033
vn 0.7950 0.4100 0.4470
vn 0.7805 0.5216 0.3448
vn 0.4817 0.8135 0.3259
vn 0.4731 0.7723 0.4239
vn 0.4842 0.8197 0.3060
vn 0.3465 0.8200 0.4556
vn 0.3460 0.8741 0.3411
vn 0.3411 0.8767 0.3392
vn 0.1397 0.8636 0.4844
vn 0.1408 0.9234 0.3571
vn 0.1370 0.9237 0.3577
vn 0.0186 0.7618 0.6476
vn 0.0214 0.7589 0.6508
vn 0.0222 0.7884 0.6148
vn 0.0102 0.7964 0.6048
vn 0.0116 0.7811 0.6243
vn 0.0139 0.8521 0.5231
vn -0.0116 0.8219 0.5696
vn -0.0157 0.8316 0.5552
vn -0.0146 0.8968 0.4422
vn -0.0126 0.8499 0.5268
vn -0.0068 0.7958 0.6056
vn -0.0046 0.8913 0.4535
vn -0.0468 0.7464 0.6638
vn -0.0407 0.7637 0.6443
vn -0.0418 0.8550 0.5170
vn 0.0507 0.7726 0.6328
vn 0.0539 0.7528 0.6560
vn 0.0524 0.7854 0.6167
vn 0.0651 0.6656 0.7435
vn 0.0627 0.6422 0.7640
vn 0.0616 0.6443 0.7623
vn -0.0472 0.8853 0.4625
vn -0.0451 0.9057 0.4214
vn -0.0444 0.9393 0.3403
vn -0.0154 0.9350 0.3544
vn 0.0141 0.8732 0.4872
vn 0.0097 0.9989 -0.0454
vn -0.0512 0.9961 0.0720
vn -0.0000 1.0000 -0.0054
vn -0.0238 0.9904 0.1358
vn -0.0982 0.9741 0.2036
vn -0.0451 0.9537 0.2974
vn -0.0862 0.9278 0.3630
vn -0.0142 0.9615 0.2745
vn 0.1845 0.9600 0.2106
vn 0.1671 0.9565 0.2393
vn 0.2124 0.9626 0.1682
vn 0.3650 0.9238 0.1155
vn 0.3638 0.9238 0.1194
vn 0.3816 0.9223 0.0609
vn 0.5671 0.8221 0.0498
vn 0.5628 0.8196 0.1072
vn 0.5697 0.8218 0.0062
vn 0.5839 0.7857 0.2045
vn 0.5930 0.7587 0.2698
vn 0.5914 0.7835 0.1907
vn 0.6356 0.7716 0.0248
vn 0.6509 0.7525 0.1004
vn 0.6428 0.7649 -0.0412
vn -0.4265 0.9030 0.0522
vn -0.3320 0.9431 -0.0203
vn -0.2405 0.9661 -0.0940
vn -0.5654 0.8094 0.1587
vn -0.3486 0.9019 0.2552
vn -0.3531 0.9260 0.1331
vn 0.7594 0.6334 0.1489
vn 0.7602 0.6372 0.1265
vn 0.7607 0.6448 0.0743
vn 0.7658 0.6427 -0.0204
vn 0.7625 0.6358 0.1200
vn 0.7646 0.6416 -0.0613
vn 0.3857 0.9223 -0.0252
vn 0.3713 0.9284 0.0149
vn 0.3541 0.9313 -0.0852
vn 0.0245 0.9110 0.4117
vn 0.0293 0.9110 0.4113
vn 0.0311 0.9314 0.3627
vn -0.0041 0.9846 0.1747
vn -0.0026 0.9611 0.2763
vn -0.0023 0.9940 0.1098
vn -0.0470 0.9581 0.2827
vn -0.0445 0.9854 0.1642
vn 0.0308 0.9976 -0.0617
vn 0.0252 0.9897 -0.1411
vn 0.0254 0.9996 -0.0094
vn -0.0376 0.9415 0.3349
vn -0.0353 0.9405 0.3380
vn -0.0373 0.9654 0.2580
vn -0.0245 0.9859 -0.1655
vn -0.0452 0.9680 -0.2466
vn -0.0567 0.9627 -0.2645
vn 0.2003 0.9708 -0.1320
vn 0.1557 0.9578 -0.2417
vn 0.1515 0.9555 -0.2531
vn 0.2239 0.9746 -0.0068
vn 0.2161 0.9758 -0.0342
vn 0.2014 0.9759 -0.0841
vn 0.3695 0.9197 -0.1325
vn 0.3379 0.9171 -0.2116
vn 0.3240 0.9180 -0.2287
vn -0.2957 0.9319 -0.2101
vn -0.3663 0.8758 -0.3144
vn -0.5836 0.7619 -0.2809
vn -0.3325 0.9334 -0.1351
vn 0.7717 0.6134 -0.1681
vn 0.7655 0.6223 -0.1637
vn 0.7698 0.6327 -0.0847
vn 0.4752 0.8637 -0.1680
vn 0.4716 0.8638 -0.1776
vn 0.4476 0.8622 -0.2372
vn -0.0700 0.9372 -0.3416
vn -0.0806 0.9333 -0.3498
vn 0.0253 0.9436 -0.3300
vn 0.0250 0.9644 -0.2633
vn 0.0187 0.8570 -0.5150
vn 0.0091 0.9934 -0.1145
vn 0.0105 0.9830 -0.1834
vn 0.0071 0.9570 -0.2899
vn -0.0109 0.9928 -0.1196
vn -0.0153 0.9906 -0.1358
vn -0.0069 0.9514 -0.3078
vn -0.0450 0.9970 -0.0623
vn -0.0448 0.9888 -0.1426
vn -0.0450 0.9872 -0.1529
vn 0.0360 0.9879 -0.1508
vn 0.0395 0.9840 -0.1740
vn 0.0369 0.9625 -0.2689
vn 0.0222 0.9997 0.0140
vn 0.0303 0.9985 0.0458
vn -0.0438 0.9414 -0.3344
vn -0.0374 0.9650 -0.2595
vn -0.0402 0.9135 -0.4049
vn -0.1758 0.7090 -0.6829
vn -0.1912 0.7649 -0.6151
vn -0.1679 0.7047 -0.6893
vn -0.1454 0.8841 -0.4442
vn -0.1873 0.8441 -0.5024
vn -0.2020 0.8379 -0.5071
vn -0.1270 0.8925 -0.4327
vn 0.0244 0.7822 -0.6225
vn 0.0194 0.6986 -0.7152
vn 0.0308 0.7294 -0.6834
vn 0.0492 0.8284 -0.5579
vn 0.0294 0.7875 -0.6156
vn 0.0746 0.9035 -0.4220
vn 0.0635 0.8972 -0.4370
vn 0.0164 0.8665 -0.4989
vn 0.2126 0.7709 -0.6005
vn 0.2278 0.6991 -0.6778
vn 0.2338 0.6717 -0.7030
vn 0.2566 0.8594 -0.4422
vn 0.2205 0.7765 -0.5903
vn 0.4582 0.8430 -0.2818
vn 0.4479 0.8431 -0.2978
vn 0.4314 0.8426 -0.3223
vn 0.7262 0.5380 -0.4279
vn 0.7338 0.5503 -0.3983
vn 0.7274 0.4978 -0.4722
vn 0.7173 0.6201 -0.3178
vn 0.7170 0.6342 -0.2893
vn 0.7306 0.5928 -0.3389
vn 0.7075 0.6470 -0.2841
vn -0.4414 0.6651 -0.6023
vn -0.4342 0.7291 -0.5290
vn -0.4442 0.6442 -0.6226
vn -0.5187 0.7625 -0.3866
vn -0.4363 0.7380 -0.5147
vn -0.3775 0.8300 -0.4106
vn 0.7612 0.5999 -0.2465
vn 0.7614 0.5831 -0.2833
vn 0.7602 0.5624 -0.3255
vn 0.6830 0.5529 -0.4773
vn 0.6819 0.5619 -0.4683
vn 0.6969 0.4642 -0.5467
vn 0.0180 0.9248 -0.3801
vn 0.0141 0.8326 -0.5537
vn -0.0064 0.7885 -0.6150
vn -0.0098 0.8160 -0.5779
vn -0.0043 0.7811 -0.6244
vn -0.0103 0.7737 -0.6334
vn -0.0034 0.8742 -0.4856
vn -0.0070 0.8802 -0.4745
vn -0.0075 0.8585 -0.5127
vn -0.0126 0.9676 -0.2523
vn 0.0031 0.7690 -0.6392
vn 0.0033 0.8302 -0.5575
vn 0.0015 0.7680 -0.6405
vn -0.0052 0.9181 -0.3963
vn 0.0023 0.9093 -0.4161
vn 0.0014 0.9425 -0.3342
vn -0.0431 0.8733 -0.4853
vn -0.0432 0.8127 -0.5811
vn -0.0424 0.7802 -0.6240
vn 0.0485 0.7952 -0.6043
vn 0.0463 0.6827 -0.7292
vn 0.0411 0.6891 -0.7235
vn 0.0511 0.7959 -0.6033
vn -0.0408 0.7031 -0.7099
vn -0.0418 0.6384 -0.7685
vn 0.0002 0.7637 -0.6455
vn 0.0038 0.8257 -0.5641
vn -0.1637 0.4375 -0.8842
vn -0.1742 0.5269 -0.8319
vn -0.1618 0.4376 -0.8845
vn -0.1577 0.6228 -0.7663
vn -0.1781 0.5218 -0.8343
vn 0.0473 0.4506 -0.8915
vn 0.0295 0.4683 -0.8831
vn 0.0669 0.4308 -0.9000
vn 0.0278 0.5470 -0.8367
vn 0.0301 0.5811 -0.8133
vn 0.0482 0.5255 -0.8495
vn 0.0463 0.6344 -0.7716
vn 0.2478 0.4893 -0.8362
vn 0.2288 0.5687 -0.7901
vn 0.2634 0.4770 -0.8385
vn 0.2118 0.5761 -0.7894
vn 0.5092 0.4080 -0.7578
vn 0.6052 0.3900 -0.6940
vn 0.5901 0.3061 -0.7471
vn 0.5063 0.5179 -0.6895
vn 0.5997 0.4905 -0.6322
vn 0.4978 0.6074 -0.6190
vn -0.3775 0.3892 -0.8402
vn -0.4249 0.4192 -0.8023
vn -0.3511 0.3739 -0.8585
vn -0.4449 0.4551 -0.7713
vn -0.4054 0.5125 -0.7570
vn -0.4421 0.5574 -0.7027
vn -0.4011 0.6110 -0.6825
vn -0.1531 0.6235 -0.7667
vn 0.4917 0.6638 -0.5635
vn 0.7493 0.3780 -0.5438
vn 0.7487 0.4239 -0.5097
vn 0.7439 0.3990 -0.5361
vn 0.2474 0.3564 -0.9010
vn 0.2344 0.4131 -0.8800
vn 0.2547 0.3373 -0.9063
vn -0.2906 0.3336 -0.8968
vn 0.0128 0.5893 -0.8078
vn 0.0153 0.5137 -0.8578
vn 0.0171 0.4553 -0.8902
vn -0.0044 0.5283 -0.8490
vn -0.0085 0.5095 -0.8604
vn -0.0050 0.4478 -0.8941
vn -0.0050 0.6538 -0.7566
vn -0.0057 0.5563 -0.8310
vn -0.0400 0.5831 -0.8114
vn -0.0412 0.5583 -0.8286
vn 0.0356 0.4759 -0.8788
vn 0.0411 0.5140 -0.8568
vn 0.0409 0.4409 -0.8966
vn 0.0367 0.5659 -0.8237
vn 0.0040 0.7189 -0.6951
vn 0.0053 0.6527 -0.7576
vn 0.0036 0.6818 -0.7315
vn -0.0060 0.4366 -0.8996
vn -0.0014 0.3817 -0.9243
vn 0.0011 0.6479 -0.7617
vn 0.0047 0.6897 -0.7240
vn 0.9991 0.0258 -0.0346
vn 0.9998 -0.0057 -0.0211
vn 0.9981 0.0033 -0.0612
vn 0.9979 0.0642 -0.0118
vn 0.9996 0.0291 -0.0049
vn 0.9992 0.0382 -0.0153
vn 0.9989 0.0473 0.0025
vn 0.9980 0.0631 0.0050
vn 0.9993 0.0134 0.0337
vn 0.9997 0.0222 0.0114
vn 0.9972 0.0489 0.0558
vn 0.9996 -0.0252 -0.0092
vn 1.0000 -0.0047 0.0077
vn 0.9988 -0.0435 0.0241
vn 1.0000 -0.0041 -0.0072
vn 0.9928 0.1130 -0.0388
vn 0.9900 0.1381 -0.0286
vn 0.9815 0.1899 -0.0237
vn 0.9980 0.0599 0.0200
vn 0.9918 0.1233 0.0344
vn 0.9938 0.0168 0.1095
vn 0.9961 -0.0878 0.0039
vn 0.9960 -0.0631 -0.0632
vn 0.9958 -0.0324 -0.0861
vn 0.7832 -0.3198 0.5332
vn 0.7503 -0.2933 0.5925
vn 0.7642 -0.2580 0.5911
vn 0.7892 -0.3993 0.4666
vn 0.7504 -0.4756 0.4590
vn 0.8019 -0.3785 0.4623
vn 0.9141 -0.2150 0.3438
vn 0.8884 -0.1757 0.4240
vn 0.8978 -0.2051 0.3898
vn 0.9692 -0.1337 0.2069
vn 0.9610 -0.0873 0.2624
vn 0.9613 -0.1101 0.2527
vn 0.9619 -0.1854 0.2008
vn 0.9896 -0.0992 0.1039
vn 0.9885 -0.0941 0.1182
vn 0.9872 -0.0393 0.1548
vn 0.2971 -0.4214 0.8568
vn 0.3836 -0.3790 0.8421
vn 0.2906 -0.3334 0.8969
vn 0.2901 -0.5024 0.8145
vn 0.3863 -0.4612 0.7988
vn 0.4266 -0.5411 0.7247
vn 0.3978 -0.5298 0.7490
vn 0.3782 -0.5219 0.7646
vn 0.3979 -0.6296 0.6673
vn 0.4987 -0.5749 0.6487
vn 0.3696 -0.6013 0.7084
vn 0.8997 -0.3133 0.3041
vn 0.8957 -0.3369 0.2903
vn 0.9065 -0.2798 0.3161
vn 0.9057 -0.1172 0.4073
vn 0.7747 -0.2385 0.5856
vn 0.5861 -0.4318 -0.6857
vn 0.5585 -0.4050 -0.7239
vn 0.5970 -0.4350 -0.6741
vn 0.5837 -0.3463 -0.7344
vn 0.7855 -0.2867 -0.5485
vn 0.7658 -0.2746 -0.5815
vn 0.7527 -0.3485 -0.5586
vn 0.9109 -0.2220 -0.3478
vn 0.8932 -0.2827 -0.3496
vn 0.8990 -0.2963 -0.3226
vn 0.9689 -0.1256 -0.2134
vn 0.9622 -0.1904 -0.1947
vn 0.9641 -0.1600 -0.2118
vn 0.9615 -0.1006 -0.2556
vn 0.9909 -0.0441 -0.1272
vn 0.4212 -0.5680 -0.7070
vn 0.4920 -0.5270 -0.6930
vn 0.4316 -0.5824 -0.6888
vn 0.4807 -0.5044 -0.7173
vn 0.5613 -0.3054 -0.7692
vn 0.8979 -0.1486 -0.4144
vn 0.8934 -0.1272 -0.4308
vn 0.9052 -0.1717 -0.3887
vn 0.8042 -0.3555 -0.4762
vn 0.7119 -0.4815 -0.5112
vn 0.7900 -0.4664 -0.3979
vn 0.6323 0.6350 -0.4438
vn 0.6501 0.6590 -0.3784
vn 0.6283 0.6378 -0.4455
vn 0.6481 0.7247 -0.2342
vn 0.6530 0.7411 -0.1562
vn 0.6454 0.7272 -0.2338
vn 0.8285 0.5197 -0.2084
vn 0.8263 0.4898 -0.2781
vn 0.8004 0.5025 -0.3270
vn 0.8007 0.5953 -0.0669
vn 0.7957 0.5986 -0.0928
vn 0.7839 0.6038 -0.1446
vn 0.7275 0.6859 -0.0187
vn 0.7236 0.6901 -0.0155
vn 0.7316 0.6807 -0.0370
vn 0.9570 0.2893 -0.0215
vn 0.9702 0.2361 -0.0536
vn 0.9495 0.2857 -0.1297
vn 0.9031 0.4294 -0.0077
vn 0.9169 0.3982 -0.0270
vn 0.9000 0.4358 -0.0053
vn 0.9811 0.1935 -0.0005
vn 0.9778 0.1854 -0.0982
vn 0.4169 0.6533 -0.6319
vn 0.4161 0.7289 -0.5436
vn 0.4165 0.6408 -0.6449
vn 0.4210 0.7246 -0.5457
vn 0.4321 0.7562 -0.4913
vn 0.4512 0.8244 -0.3416
vn 0.4528 0.8584 -0.2411
vn 0.4320 0.8361 -0.3382
vn 0.5945 0.8032 -0.0372
vn 0.5884 0.8081 -0.0252
vn 0.6517 0.7460 -0.1371
vn 0.9817 0.1905 -0.0009
vn 0.9906 0.1365 -0.0011
vn 0.9906 0.1371 -0.0028
vn 0.6355 0.5686 -0.5224
vn 0.5873 0.5429 -0.6002
vn 0.7923 0.1484 0.5918
vn 0.7552 0.2098 0.6211
vn 0.7778 0.2390 0.5813
vn 0.8975 0.0732 0.4350
vn 0.8852 0.0122 0.4650
vn 0.8912 0.1013 0.4422
vn 0.9671 0.0640 0.2464
vn 0.9565 0.1369 0.2576
vn 0.9594 0.0896 0.2676
vn 0.9584 0.0196 0.2847
vn 0.9876 0.0120 0.1565
vn 0.9886 0.0808 0.1270
vn 0.3452 0.2801 0.8958
vn 0.4055 0.3639 0.8386
vn 0.4086 0.3911 0.8247
vn 0.7650 0.0620 0.6411
vn 0.7591 -0.0039 0.6509
vn 0.7466 0.1053 0.6569
vn 0.8993 0.2343 0.3692
vn 0.8903 0.1655 0.4243
vn 0.8974 0.2202 0.3823
vn 0.7892 0.2467 0.5624
vn 0.5923 -0.8031 -0.0641
vn 0.5747 -0.8088 -0.1249
vn 0.5694 -0.8219 -0.0184
vn 0.6148 -0.7642 -0.1951
vn 0.5747 -0.8040 -0.1524
vn 0.5840 -0.7491 -0.3127
vn 0.5660 -0.7791 -0.2694
vn 0.7981 -0.5957 -0.0906
vn 0.7536 -0.6571 -0.0170
vn 0.7408 -0.6715 -0.0173
vn 0.7840 -0.5896 -0.1942
vn 0.7199 -0.6328 -0.2851
vn 0.7399 -0.6542 -0.1571
vn 0.9125 -0.4005 -0.0836
vn 0.8942 -0.4455 -0.0426
vn 0.9001 -0.4354 -0.0134
vn 0.9696 -0.2380 -0.0572
vn 0.9626 -0.2710 0.0017
vn 0.9649 -0.2607 -0.0318
vn 0.9624 -0.2505 -0.1046
vn 0.9913 -0.1200 -0.0547
vn 0.9954 -0.0875 -0.0382
vn 0.4176 -0.9048 -0.0828
vn 0.3727 -0.9141 -0.1599
vn 0.4107 -0.9105 -0.0475
vn 0.8997 -0.3967 -0.1821
vn 0.8941 -0.3945 -0.2120
vn 0.9071 -0.3938 -0.1485
vn 0.5859 -0.8099 0.0275
vn 0.5655 0.2102 -0.7975
vn 0.5636 0.2042 -0.8004
vn 0.5562 0.1820 -0.8109
vn 0.5542 0.3020 -0.7757
vn 0.5552 0.2922 -0.7787
vn 0.5389 0.2505 -0.8043
vn 0.7556 0.1441 -0.6390
vn 0.7516 0.1606 -0.6397
vn 0.7617 0.1161 -0.6375
vn 0.7575 0.2252 -0.6127
vn 0.7476 0.2573 -0.6122
vn 0.7697 0.1898 -0.6095
vn 0.9093 0.0896 -0.4063
vn 0.8921 0.0477 -0.4493
vn 0.8965 0.0218 -0.4424
vn 0.9693 0.0630 -0.2378
vn 0.9814 0.0061 -0.1917
vn 0.9652 0.0367 -0.2588
vn 0.9746 0.0954 -0.2025
vn 0.9944 0.0440 -0.0965
vn 0.4101 0.3428 -0.8451
vn 0.8958 0.1697 -0.4108
vn 0.8815 0.2147 -0.4206
vn 0.9019 0.1581 -0.4020
vn 0.7957 0.0814 -0.6003
vn 0.7382 0.0254 -0.6741
vn 0.7815 -0.0313 -0.6231
vn 0.5772 0.0564 -0.8146
vn 0.5528 -0.0299 -0.8327
vn 0.5542 -0.0163 -0.8322
vn 0.6059 0.7641 0.2215
vn 0.5867 0.7623 0.2734
vn 0.6175 0.7597 0.2038
vn 0.6206 0.7241 0.3010
vn 0.7408 0.6401 0.2037
vn 0.7658 0.5794 0.2789
vn 0.7425 0.6342 0.2158
vn 0.8184 0.5550 0.1487
vn 0.8522 0.5026 0.1458
vn 0.8229 0.5482 0.1495
vn 0.9311 0.3514 0.0981
vn 0.9606 0.2668 0.0781
vn 0.9355 0.3433 0.0841
vn 0.9644 0.2549 0.0709
vn 0.9625 0.2616 0.0722
vn 0.4444 0.8624 0.2422
vn 0.4037 0.8978 0.1760
vn 0.3966 0.9025 0.1679
vn 0.4641 0.8255 0.3211
vn 0.4355 0.8517 0.2915
vn 0.4515 0.7773 0.4382
vn 0.4372 0.7891 0.4315
vn 0.4192 0.8033 0.4231
vn 0.6250 0.6491 0.4337
vn 0.6126 0.6668 0.4244
vn 0.5917 0.7068 0.3876
vn 0.8875 0.4162 0.1976
vn 0.8891 0.3873 0.2441
vn 0.8929 0.4130 0.1793
vn 0.9882 0.1471 0.0422
vn 0.9930 0.1146 0.0293
vn 0.8972 0.4314 0.0949
vn 0.6260 -0.7239 0.2900
vn 0.5579 -0.7403 0.3750
vn 0.5828 -0.6932 0.4241
vn 0.7936 -0.4897 0.3612
vn 0.7751 -0.4889 0.4003
vn 0.7886 -0.5458 0.2832
vn 0.7150 -0.6516 0.2533
vn 0.7551 -0.5555 0.3482
vn 0.9126 -0.3384 0.2296
vn 0.9698 -0.2045 0.1332
vn 0.9646 -0.2027 0.1687
vn 0.9625 -0.2486 0.1087
vn 0.9903 -0.1292 0.0515
vn 0.9930 -0.1061 0.0510
vn 0.4229 -0.8082 0.4098
vn 0.3989 -0.7992 0.4496
vn 0.3747 -0.7991 0.4701
vn 0.3933 -0.8533 0.3424
vn 0.3715 -0.8551 0.3618
vn 0.8998 -0.4072 0.1565
vn 0.8943 -0.4270 0.1335
vn 0.9073 -0.3808 0.1783
vn 0.5803 -0.5497 0.6008
vn 0.5362 -0.0756 -0.8407
vn 0.7573 -0.1110 -0.6436
vn 0.7532 -0.0958 -0.6507
vn 0.7635 -0.1364 -0.6312
vn 0.7949 -0.0433 -0.6052
vn 0.9097 -0.0717 -0.4091
vn 0.9687 -0.0320 -0.2460
vn 0.9636 -0.0654 -0.2592
vn 0.3969 -0.2670 -0.8781
vn 0.5373 -0.1261 -0.8339
vn 0.4980 -0.1872 -0.8467
vn 0.3555 -0.2062 -0.9116
vn 0.3847 -0.0128 -0.9230
vn 0.3865 0.0204 -0.9221
vn 0.9039 -0.0095 -0.4276
vn 0.7985 -0.1528 -0.5823
vn 0.7410 -0.2135 -0.6367
vn 0.7221 -0.2316 -0.6519
vn 0.5724 -0.2567 -0.7788
vn 0.6778 0.7353 -0.0063
vn 0.8318 0.5544 -0.0277
vn 0.3887 0.9199 0.0514
vn 0.3833 0.9201 0.0809
vn 0.4086 0.9124 0.0227
vn 0.9814 0.1886 -0.0348
vn 0.7749 -0.0998 0.6241
vn 0.7552 -0.0085 0.6555
vn 0.9092 -0.0507 0.4132
vn 0.8813 -0.0022 0.4726
vn 0.9124 -0.1028 0.3962
vn 0.9680 -0.0354 0.2484
vn 0.9565 0.0032 0.2917
vn 0.9883 -0.0494 0.1442
vn 0.3961 -0.1253 0.9096
vn 0.3820 -0.1086 0.9177
vn 0.3689 -0.0931 0.9248
vn 0.2970 -0.2421 0.9237
vn 0.3880 -0.2032 0.8990
vn 0.2438 -0.1609 0.9564
vn 0.3830 -0.2942 0.8757
vn 0.5885 -0.3179 0.7434
vn 0.5870 -0.2400 0.7732
vn 0.5905 -0.2266 0.7745
vn 0.6074 -0.6478 -0.4598
vn 0.5676 -0.6205 -0.5412
vn 0.6136 -0.6460 -0.4540
vn 0.4798 -0.6681 -0.5687
vn 0.7396 -0.5486 -0.3899
vn 0.9123 -0.3369 -0.2328
vn 0.9694 -0.1970 -0.1464
vn 0.9647 -0.2281 -0.1316
vn 0.9911 -0.0890 -0.0994
vn 0.4047 -0.7939 -0.4537
vn 0.4971 -0.7685 -0.4027
vn 0.3703 -0.8317 -0.4137
vn 0.4571 -0.6192 -0.6386
vn 0.9066 -0.3062 -0.2903
vn 0.8013 -0.5147 -0.3051
vn 0.6382 0.4668 -0.6123
vn 0.6594 0.4413 -0.6086
vn 0.8964 0.3111 -0.3157
vn 0.9366 0.2556 -0.2399
vn 0.8968 0.2701 -0.3504
vn 0.3870 0.4252 -0.8182
vn 0.3684 0.4984 -0.7848
vn 0.3555 0.4399 -0.8247
vn 0.4080 0.5546 -0.7252
vn 0.4068 0.5845 -0.7020
vn 0.9150 0.2271 -0.3336
vn 0.7701 0.3286 -0.5468
vn 0.5812 0.3720 -0.7238
vn 0.6250 0.4911 0.6068
vn 0.6191 0.5869 0.5218
vn 0.6230 0.5849 0.5193
vn 0.6168 0.4289 0.6600
vn 0.6265 0.4867 0.6088
vn 0.6062 0.3278 0.7246
vn 0.5881 0.3958 0.7054
vn 0.7866 0.4724 0.3977
vn 0.7856 0.3997 0.4723
vn 0.7870 0.4836 0.3830
vn 0.9847 0.0916 0.1485
vn 0.9856 0.1443 0.0882
vn 0.4404 0.6481 0.6214
vn 0.4288 0.7029 0.5675
vn 0.4279 0.7035 0.5674
vn 0.4361 0.5546 0.7087
vn 0.4389 0.6510 0.6193
vn 0.4223 0.4697 0.7753
vn 0.4329 0.5526 0.7122
vn 0.4213 0.4673 0.7773
vn 0.9520 0.2564 0.1671
vn 0.9535 0.2422 0.1795
vn 0.9549 0.2634 0.1368
vn 0.7694 0.5685 0.2912
vn 0.6101 -0.7819 0.1281
vn 0.5696 -0.8180 0.0809
vn 0.6281 -0.7648 0.1436
vn 0.7864 -0.6148 0.0599
vn 0.7534 -0.6477 0.1136
vn 0.9124 -0.4017 0.0780
vn 0.9697 -0.2410 0.0407
vn 0.9649 -0.2523 0.0731
vn 0.9914 -0.1305 -0.0040
vn 0.4091 -0.8933 0.1861
vn 0.3980 -0.9067 0.1399
vn 0.4180 -0.8880 0.1917
vn 0.3458 -0.9318 0.1104
vn 0.3924 -0.9195 0.0238
vn 0.9077 -0.4193 0.0157
vn 0.8064 -0.5717 0.1512
vn -0.9999 -0.0119 -0.0016
vn -0.9995 -0.0151 0.0292
vn -0.9997 0.0231 -0.0033
vn -1.0000 -0.0005 0.0065
vn -0.9998 0.0182 0.0125
vn -0.9963 -0.0609 0.0614
vn -0.9959 0.0289 0.0856
vn -0.9966 -0.0136 0.0817
vn -0.9988 0.0464 0.0134
vn -0.9943 0.0794 0.0714
vn -0.9965 0.0837 -0.0027
vn -0.9997 0.0014 -0.0224
vn -0.9992 0.0387 -0.0139
vn -0.9979 0.0424 -0.0494
vn -0.9953 0.0318 -0.0920
vn -0.8562 0.5149 0.0425
vn -0.7876 0.6082 0.0988
vn -0.9401 0.3369 0.0516
vn -0.9454 0.3136 0.0889
vn -0.8868 0.4390 0.1448
vn -0.8454 0.5335 -0.0255
vn -0.8589 0.5119 -0.0135
vn -0.6522 0.7560 0.0554
vn -0.9463 0.3231 -0.0058
vn -0.9734 0.2285 0.0186
vn -0.9905 0.1279 0.0507
vn -0.9461 0.2914 0.1412
vn -0.9727 0.2312 -0.0194
vn -0.6655 0.7173 0.2061
vn -0.5724 0.8184 -0.0505
vn -0.5848 0.8107 -0.0264
vn -0.5584 0.8294 -0.0167
vn -0.8481 0.4731 0.2384
vn -0.7822 0.5510 0.2908
vn -0.8379 -0.3063 0.4518
vn -0.7784 -0.3964 0.4868
vn -0.7634 -0.4163 0.4939
vn -0.7674 -0.2843 0.5747
vn -0.6282 -0.4437 0.6391
vn -0.9217 -0.1764 0.3454
vn -0.9600 -0.1470 0.2383
vn -0.9344 -0.2113 0.2867
vn -0.5814 -0.5192 0.6264
vn -0.6212 -0.5669 0.5411
vn -0.6227 -0.5508 0.5558
vn -0.6021 -0.4386 0.6672
vn -0.9621 -0.1797 0.2051
vn -0.9109 -0.2766 0.3062
vn -0.8631 -0.2760 -0.4229
vn -0.8066 -0.3663 -0.4638
vn -0.7892 -0.2844 -0.5444
vn -0.9894 -0.1034 -0.1016
vn -0.9983 -0.0408 -0.0413
vn -0.9968 -0.0337 -0.0721
vn -0.6467 -0.3686 -0.6677
vn -0.5833 -0.3435 -0.7361
vn -0.6689 -0.2515 -0.6995
vn -0.5851 -0.5485 -0.5973
vn -0.6160 -0.4225 -0.6648
vn -0.7996 0.5317 -0.2791
vn -0.7797 0.5935 -0.1995
vn -0.9593 0.2356 -0.1557
vn -0.9540 0.2687 -0.1332
vn -0.8160 0.4789 -0.3238
vn -0.9179 0.2863 -0.2746
vn -0.9723 0.1711 -0.1594
vn -0.9851 0.1152 -0.1277
vn -0.9830 0.1733 -0.0604
vn -0.6947 0.5887 -0.4133
vn -0.7515 0.4390 -0.4924
vn -0.8580 0.3740 -0.3519
vn -0.7670 0.4767 -0.4295
vn -0.9365 0.3288 -0.1219
vn -0.9437 0.3135 -0.1054
vn -0.8425 0.1235 0.5243
vn -0.8917 0.0702 0.4471
vn -0.7433 0.0549 0.6667
vn -0.7755 0.2287 0.5885
vn -0.7945 0.1981 0.5741
vn -0.7936 0.1977 0.5754
vn -0.9774 -0.0075 0.2115
vn -0.9004 0.0066 0.4351
vn -0.9544 0.0844 0.2865
vn -0.9562 0.1187 0.2677
vn -0.9806 0.0358 0.1926
vn -0.6518 0.1128 0.7499
vn -0.5397 0.0284 0.8413
vn -0.5887 0.1887 0.7860
vn -0.5701 0.1831 0.8009
vn -0.6816 0.3255 0.6553
vn -0.8603 -0.4968 -0.1144
vn -0.8393 -0.5163 -0.1701
vn -0.9840 -0.1661 -0.0650
vn -0.7084 -0.6657 -0.2344
vn -0.6461 -0.7375 -0.1964
vn -0.7247 -0.6456 -0.2408
vn -0.7424 -0.6604 -0.1131
vn -0.8479 -0.4800 -0.2251
vn -0.8501 -0.4716 -0.2343
vn -0.7206 0.0390 -0.6922
vn -0.8981 0.0613 -0.4355
vn -0.9592 0.0847 -0.2697
vn -0.7880 0.1875 -0.5864
vn -0.9782 -0.0168 -0.2070
vn -0.9840 0.0200 -0.1770
vn -0.9953 -0.0079 -0.0961
vn -0.6774 0.3020 -0.6707
vn -0.8027 0.2365 -0.5475
vn -0.9994 -0.0127 -0.0333
vn -0.9435 0.1430 -0.2989
vn -0.6923 0.5930 0.4111
vn -0.8750 0.4099 0.2576
vn -0.8834 0.3769 0.2785
vn -0.9710 0.2030 0.1261
vn -0.9674 0.2155 0.1332
vn -0.5398 0.7534 0.3755
vn -0.5680 0.7073 0.4209
vn -0.9847 0.1230 0.1236
vn -0.7159 0.5458 0.4354
vn -0.8346 -0.3970 0.3820
vn -0.8120 -0.4816 0.3298
vn -0.8180 -0.4973 0.2890
vn -0.9340 -0.3064 0.1839
vn -0.9300 -0.2718 0.2473
vn -0.9456 -0.2590 0.1968
vn -0.9866 -0.1357 0.0908
vn -0.9726 -0.2001 0.1183
vn -0.5997 -0.7004 0.3870
vn -0.6254 -0.6668 0.4053
vn -0.7296 -0.5482 0.4087
vn -0.5995 -0.5999 0.5298
vn -0.8746 -0.1284 -0.4675
vn -0.9669 -0.0816 -0.2418
vn -0.9116 -0.0513 -0.4078
vn -0.6599 -0.0308 -0.7507
vn -0.5890 -0.0902 -0.8031
vn -0.6786 -0.0140 -0.7344
vn -0.6684 -0.1434 -0.7298
vn -0.5688 -0.2188 -0.7928
vn -0.6860 -0.1301 -0.7159
vn -0.8368 -0.2059 -0.5073
vn -0.8485 -0.1874 -0.4949
vn -0.9670 -0.1166 -0.2264
vn -0.8956 -0.0004 -0.4450
vn -0.8359 -0.0617 -0.5454
vn -0.6716 0.7188 -0.1797
vn -0.8151 0.5698 -0.1048
vn -0.6522 0.7524 -0.0923
vn -0.9616 0.2678 -0.0606
vn -0.9976 0.0663 -0.0218
vn -0.5821 0.7986 -0.1530
vn -0.8740 0.4779 -0.0886
vn -0.7746 -0.1897 0.6033
vn -0.7809 -0.1122 0.6145
vn -0.9352 -0.0557 0.3498
vn -0.7715 -0.0445 0.6346
vn -0.9679 -0.0696 0.2413
vn -0.9452 -0.1200 0.3037
vn -0.9929 -0.0387 0.1123
vn -0.5460 -0.1546 0.8234
vn -0.9296 -0.1054 0.3531
vn -0.8483 -0.3741 -0.3747
vn -0.8160 -0.4587 -0.3517
vn -0.7571 -0.5525 -0.3486
vn -0.9525 -0.2489 -0.1757
vn -0.9715 -0.2042 -0.1205
vn -0.9584 -0.2146 -0.1884
vn -0.6679 -0.6451 -0.3712
vn -0.6493 -0.6855 -0.3294
vn -0.9512 -0.2776 -0.1345
vn -0.9620 -0.2595 -0.0848
vn -0.9484 -0.2109 -0.2369
vn -0.9611 -0.1594 -0.2256
vn -0.7884 0.3677 -0.4931
vn -0.9269 0.2203 -0.3039
vn -0.8911 0.2157 -0.3994
vn -0.9871 0.0785 -0.1392
vn -0.6697 0.4667 -0.5776
vn -0.6093 0.4140 -0.6763
vn -0.6915 0.3329 -0.6411
vn -0.7255 0.3894 0.5674
vn -0.8229 0.3029 0.4807
vn -0.8151 0.2929 0.4999
vn -0.6816 0.4806 0.5518
vn -0.9543 0.1628 0.2508
vn -0.9052 0.1832 0.3835
vn -0.9805 0.1146 0.1596
vn -0.6682 0.3627 0.6496
vn -0.9137 0.2797 0.2950
vn -0.8986 0.2863 0.3325
vn 0.0563 0.4971 -0.8659
vn 0.0501 0.6934 -0.7189
vn 0.0551 0.5740 -0.8170
vn 0.0605 0.6220 -0.7807
vn 0.0811 0.5069 -0.8582
vn 0.1925 0.4151 -0.8892
vn 0.0945 0.4127 -0.9060
vn 0.1605 0.4855 -0.8594
vn 0.1188 0.7055 -0.6986
vn 0.2020 0.4884 -0.8489
vn 0.1652 0.5243 -0.8354
vn 0.1583 0.5757 -0.8022
vn 0.1828 0.5466 -0.8172
vn 0.2394 0.6125 -0.7533
vn 0.2525 0.5135 -0.8201
vn 0.0919 0.3641 -0.9268
vn 0.0448 0.8114 -0.5827
vn 0.0333 0.8401 -0.5414
vn 0.0357 0.9270 -0.3733
vn 0.0704 0.7408 -0.6680
vn 0.0517 0.7493 -0.6602
vn 0.1056 0.9256 -0.3634
vn 0.0829 0.9540 -0.2881
vn 0.2254 0.9489 -0.2210
vn 0.2798 0.9316 -0.2319
vn 0.0149 0.8970 -0.4418
vn 0.0210 0.9397 -0.3415
vn 0.0645 0.9726 -0.2234
vn 0.2087 0.8609 -0.4640
vn 0.2862 0.7904 -0.5417
vn 0.0821 0.9934 -0.0803
vn 0.0751 0.9936 -0.0845
vn 0.0688 0.9957 -0.0626
vn 0.0627 0.9771 -0.2034
vn 0.1440 0.9896 0.0043
vn 0.1486 0.9880 -0.0417
vn 0.1154 0.9932 -0.0141
vn 0.1066 0.9939 0.0279
vn 0.1537 0.9691 -0.1929
vn 0.1520 0.9752 -0.1608
vn 0.1494 0.9816 -0.1192
vn 0.1696 0.9847 -0.0408
vn 0.3280 0.9370 -0.1204
vn 0.3259 0.9414 -0.0867
vn 0.2875 0.9563 0.0533
vn 0.0650 0.9739 0.2176
vn 0.0636 0.9704 0.2331
vn 0.0733 0.9590 0.2738
vn 0.1295 0.9800 0.1508
vn 0.0448 0.9543 0.2954
vn 0.1636 0.9852 0.0510
vn 0.2919 0.9451 0.1471
vn 0.2773 0.9573 0.0819
vn 0.0430 0.8512 0.5230
vn 0.0273 0.8561 0.5161
vn 0.0433 0.8305 0.5553
vn 0.0306 0.7797 0.6254
vn 0.0240 0.7875 0.6158
vn 0.0472 0.7627 0.6451
vn 0.1166 0.9074 0.4038
vn 0.1590 0.9128 0.3762
vn 0.1416 0.8748 0.4633
vn 0.1391 0.8767 0.4606
vn 0.1553 0.8641 0.4788
vn 0.2310 0.8926 0.3872
vn 0.2254 0.9291 0.2933
vn 0.2017 0.8543 0.4791
vn 0.2020 0.8541 0.4793
vn 0.2181 0.8420 0.4935
vn 0.0601 0.7502 0.6585
vn 0.1246 0.8056 0.5793
vn 0.1216 0.8085 0.5758
vn 0.1385 0.7920 0.5947
vn 0.3201 0.8271 0.4620
vn 0.3091 0.9051 0.2919
vn 0.0661 0.9604 0.2707
vn 0.0799 0.9528 0.2930
vn 0.0457 0.5846 0.8101
vn 0.0216 0.5704 0.8210
vn 0.0464 0.5001 0.8647
vn 0.0511 0.4579 0.8875
vn 0.1946 0.7031 0.6840
vn 0.2118 0.6882 0.6939
vn 0.1885 0.7082 0.6804
vn 0.2007 0.5840 0.7866
vn 0.1942 0.4951 0.8469
vn 0.1306 0.3668 0.9211
vn 0.2948 0.4440 0.8461
vn 0.3027 0.5297 0.7924
vn 0.3169 0.6223 0.7158
vn 0.3293 0.7268 0.6027
vn 0.0383 0.7047 0.7085
vn 0.0287 0.6635 0.7476
vn 0.0627 0.6732 0.7368
vn 0.0157 0.6970 0.7169
vn 0.0172 0.6970 0.7168
vn 0.0288 0.2782 0.9601
vn 0.0174 0.3225 0.9464
vn 0.0312 0.2654 0.9636
vn 0.0517 0.2182 0.9745
vn 0.0226 0.2199 0.9753
vn 0.0530 0.1324 0.9898
vn 0.0185 0.1217 0.9924
vn 0.0550 0.0885 0.9946
vn 0.0764 0.2962 0.9521
vn 0.2593 0.0843 0.9621
vn 0.1448 0.2599 0.9547
vn 0.1851 0.2169 0.9585
vn 0.1574 0.2466 0.9563
vn 0.0148 0.2312 0.9728
vn 0.0086 0.2759 0.9612
vn 0.0212 0.1364 0.9904
vn 0.0079 0.1806 0.9835
vn 0.0132 0.0335 0.9994
vn 0.0105 0.0611 0.9981
vn 0.0331 -0.0122 0.9994
vn 0.0417 0.0201 0.9989
vn 0.0668 -0.0168 0.9976
vn 0.2782 0.0852 0.9567
vn 0.3062 0.0339 0.9514
vn 0.0213 -0.0253 0.9995
vn 0.0329 -0.0695 0.9970
vn 0.0483 -0.1456 0.9882
vn 0.0350 -0.1620 0.9862
vn 0.0586 -0.1608 0.9852
vn 0.0615 -0.0663 0.9959
vn 0.1032 -0.1530 0.9828
vn 0.0760 -0.1871 0.9794
vn 0.0719 -0.1797 0.9811
vn 0.0881 -0.2089 0.9740
vn 0.1185 -0.1789 0.9767
vn 0.0153 -0.1240 0.9922
vn 0.0142 -0.2002 0.9797
vn 0.0204 -0.1634 0.9864
vn 0.0821 -0.3250 0.9421
vn 0.0914 -0.3691 0.9249
vn 0.2593 -0.0310 0.9653
vn 0.1876 -0.0060 0.9822
vn 0.0367 -0.4824 0.8752
vn 0.0216 -0.4443 0.8956
vn 0.0454 -0.5026 0.8633
vn 0.0390 -0.5754 0.8170
vn 0.0745 -0.4294 0.9000
vn 0.0413 -0.4054 0.9132
vn 0.0845 -0.4649 0.8813
vn 0.0876 -0.5294 0.8439
vn 0.1036 -0.6075 0.7875
vn 0.2879 -0.5813 0.7610
vn 0.2362 -0.6077 0.7583
vn 0.3138 -0.6150 0.7234
vn 0.2051 -0.6596 0.7231
vn 0.2186 -0.6647 0.7144
vn 0.1188 -0.3825 0.9163
vn 0.1262 -0.3970 0.9091
vn 0.0355 -0.8696 0.4926
vn 0.0293 -0.8716 0.4894
vn 0.0457 -0.8704 0.4902
vn 0.0910 -0.8651 0.4932
vn 0.1081 -0.8990 0.4243
vn 0.0823 -0.7766 0.6245
vn 0.0559 -0.7850 0.6170
vn 0.0871 -0.7841 0.6145
vn 0.2227 -0.7428 0.6314
vn 0.0407 -0.9135 0.4047
vn 0.2209 -0.8506 0.4772
vn 0.2953 -0.8651 0.4054
vn 0.3133 -0.8742 0.3711
vn 0.4474 -0.7296 0.5173
vn 0.3170 -0.6896 0.6511
vn 0.0896 -0.6824 0.7255
vn 0.0627 -0.7109 0.7005
vn 0.0804 -0.7252 0.6838
vn 0.0388 -0.7217 0.6911
vn 0.0526 -0.9416 0.3325
vn 0.0292 -0.9557 0.2930
vn 0.0412 -0.9664 0.2537
vn 0.0253 -0.9744 0.2236
vn 0.0768 -0.9624 0.2605
vn 0.0569 -0.9596 0.2755
vn 0.0463 -0.9637 0.2629
vn 0.0794 -0.9886 0.1282
vn 0.0733 -0.9869 0.1438
vn 0.0585 -0.9930 0.1028
vn 0.2230 -0.9667 0.1252
vn 0.1645 -0.9757 0.1448
vn 0.1331 -0.9850 0.1102
vn 0.1585 -0.9409 0.2994
vn 0.1410 -0.9601 0.2416
vn 0.1971 -0.9533 0.2288
vn 0.1201 -0.9736 0.1943
vn 0.3003 -0.9536 0.0211
vn 0.2073 -0.9781 0.0161
vn 0.0194 -0.9458 0.3240
vn 0.0180 -0.9768 0.2135
vn 0.0174 -0.9851 0.1708
vn 0.1276 -0.9901 0.0583
vn 0.1259 -0.9905 0.0553
vn 0.1102 -0.9935 0.0276
vn 0.2361 -0.9564 0.1720
vn 0.0448 -0.9416 -0.3337
vn 0.0571 -0.9742 -0.2184
vn 0.0863 -0.9741 -0.2089
vn 0.0907 -0.9818 -0.1668
vn 0.0615 -0.9649 -0.2554
vn 0.0777 -0.9586 -0.2741
vn 0.1303 -0.9881 -0.0820
vn 0.1266 -0.9908 -0.0486
vn 0.1225 -0.9871 -0.1030
vn 0.1353 -0.9822 -0.1301
vn 0.1530 -0.9513 -0.2676
vn 0.1599 -0.9388 -0.3052
vn 0.1888 -0.9263 -0.3259
vn 0.0915 -0.9325 -0.3495
vn 0.0722 -0.9379 -0.3394
vn 0.0962 -0.9288 -0.3580
vn 0.2860 -0.8985 -0.3330
vn 0.2847 -0.8804 -0.3792
vn 0.3098 -0.9365 -0.1644
vn 0.0843 -0.9964 0.0009
vn 0.0818 -0.9966 -0.0037
vn 0.0702 -0.9972 -0.0254
vn 0.0677 -0.8899 -0.4512
vn 0.0368 -0.8404 -0.5408
vn 0.0538 -0.7494 -0.6599
vn 0.0369 -0.7888 -0.6136
vn 0.0258 -0.7227 -0.6906
vn 0.0543 -0.7989 -0.5990
vn 0.0529 -0.8093 -0.5851
vn 0.0919 -0.7437 -0.6621
vn 0.1179 -0.7663 -0.6316
vn 0.1558 -0.8720 -0.4641
vn 0.1730 -0.8567 -0.4860
vn 0.2010 -0.8421 -0.5004
vn 0.0520 -0.7139 -0.6983
vn 0.2945 -0.7257 -0.6217
vn 0.3028 -0.6541 -0.6931
vn 0.3372 -0.7639 -0.5502
vn 0.2523 -0.8776 -0.4077
vn 0.2917 -0.8567 -0.4255
vn 0.1086 -0.9032 -0.4152
vn 0.1002 -0.8880 -0.4489
vn 0.0596 -0.9136 -0.4022
vn 0.0547 -0.6326 -0.7725
vn 0.0376 -0.6347 -0.7718
vn 0.0662 -0.5960 -0.8002
vn 0.0301 -0.5356 -0.8439
vn 0.0531 -0.5280 -0.8476
vn 0.0486 -0.5405 -0.8399
vn 0.0512 -0.4700 -0.8812
vn 0.0493 -0.3955 -0.9171
vn 0.0823 -0.6782 -0.7302
vn 0.0630 -0.6644 -0.7448
vn 0.0975 -0.4879 -0.8674
vn 0.1526 -0.5294 -0.8345
vn 0.2066 -0.6734 -0.7098
vn 0.2135 -0.6364 -0.7413
vn 0.2042 -0.6854 -0.6989
vn 0.2748 -0.5003 -0.8211
vn 0.0151 -0.6901 -0.7236
vn 0.0233 -0.6313 -0.7752
vn 0.0811 -0.4158 -0.9058
vn 0.2860 -0.5750 -0.7665
vn 0.2872 -0.5986 -0.7478
vn 0.0697 -0.0862 -0.9938
vn 0.0643 -0.3180 -0.9459
vn 0.0662 -0.1985 -0.9779
vn 0.0839 -0.1305 -0.9879
vn 0.1125 -0.2334 -0.9658
vn 0.0965 -0.2597 -0.9609
vn 0.1268 -0.2096 -0.9695
vn 0.2287 -0.2000 -0.9527
vn 0.1617 -0.1421 -0.9766
vn 0.1962 -0.0431 -0.9796
vn 0.2373 -0.0296 -0.9710
vn 0.2115 -0.3440 -0.9148
vn 0.2909 -0.1718 -0.9412
vn 0.0341 -0.3122 -0.9494
vn -0.9706 -0.2187 0.1010
vn -0.6845 -0.7239 0.0868
vn -0.6973 -0.7073 0.1159
vn -0.6791 -0.6830 0.2691
vn 0.5301 0.8297 0.1748
vn 0.6361 0.7649 0.1020
vn 0.6528 0.7554 0.0573
vn 0.6798 0.7179 0.1501
vn 0.7898 0.6077 0.0835
vn 0.3909 0.9126 0.1196
vn 0.0456 0.1927 -0.9802
vn 0.0282 0.1711 -0.9848
vn 0.0284 0.2657 -0.9636
vn 0.0464 0.1049 -0.9934
vn 0.0768 0.1225 -0.9895
vn 0.0916 0.0639 -0.9937
vn 0.0757 0.2403 -0.9677
vn 0.0692 0.2059 -0.9761
vn 0.0609 0.2652 -0.9623
vn 0.1936 0.3554 -0.9144
vn 0.2097 0.1710 -0.9627
vn 0.2897 0.1989 -0.9362
vn 0.0480 0.2592 -0.9646
vn 0.6626 -0.0064 -0.7489
vn 0.6551 0.0648 -0.7527
vn 0.6631 -0.0128 -0.7484
vn 0.5898 0.2087 -0.7801
vn -0.4486 0.0169 -0.8936
vn -0.4477 0.1499 -0.8815
vn -0.4565 0.3122 -0.8331
vn 0.7201 0.1247 -0.6826
vn 0.7188 0.1669 -0.6748
vn -0.0027 0.1706 -0.9853
vn -0.0065 0.3183 -0.9480
vn 0.0024 0.0268 -0.9996
vn 0.0012 0.0877 -0.9961
vn 0.0015 -0.0424 -0.9991
vn 0.0021 0.3875 -0.9219
vn -0.0352 -0.0012 -0.9994
vn -0.0363 0.0768 -0.9964
vn 0.0283 0.2327 -0.9721
vn 0.0339 0.3685 -0.9290
vn -0.0249 0.0001 -0.9997
vn 0.0097 0.0558 -0.9984
vn -0.1566 -0.1242 -0.9798
vn 0.0671 -0.1211 -0.9904
vn 0.5374 -0.1453 -0.8307
vn 0.5310 -0.0954 -0.8420
vn 0.6717 -0.1093 -0.7328
vn 0.6568 -0.2433 -0.7138
vn 0.6647 -0.2088 -0.7173
vn 0.6677 -0.2721 -0.6929
vn -0.3404 -0.3457 -0.8744
vn -0.3387 -0.2861 -0.8963
vn -0.3332 -0.3317 -0.8826
vn 0.6750 -0.3052 -0.6718
vn 0.0051 -0.1904 -0.9817
vn 0.0038 -0.3314 -0.9435
vn 0.0057 -0.1056 -0.9944
vn 0.0122 -0.1750 -0.9845
vn 0.0106 -0.1563 -0.9876
vn 0.0236 -0.2530 -0.9672
vn -0.0240 -0.1077 -0.9939
vn -0.0306 -0.1797 -0.9832
vn -0.0021 -0.3595 -0.9332
vn 0.0082 0.0246 -0.9997
vn 0.3062 -0.5395 -0.7843
vn 0.6821 -0.4475 -0.5784
vn -0.3551 -0.4806 -0.8018
vn 0.7320 -0.4911 -0.4722
vn 0.7300 -0.4457 -0.5181
vn 0.7358 -0.5144 -0.4405
vn 0.0012 -0.6274 -0.7787
vn 0.0105 -0.7333 -0.6798
vn 0.0094 -0.4919 -0.8706
vn -0.0316 -0.6806 -0.7320
vn -0.0314 -0.6045 -0.7960
vn -0.0289 -0.6690 -0.7427
vn -0.0320 -0.4606 -0.8870
vn 0.0417 -0.6310 -0.7746
vn 0.0350 -0.5698 -0.8210
vn 0.0371 -0.5070 -0.8612
vn 0.0369 -0.5119 -0.8583
vn -0.0211 -0.6673 -0.7445
vn -0.0290 -0.7310 -0.6817
vn 0.0054 -0.8222 -0.5691
vn 0.0124 -0.3968 -0.9178
vn -0.1615 -0.8912 -0.4239
vn -0.1375 -0.8762 -0.4618
vn 0.1921 -0.8505 -0.4897
vn 0.1949 -0.8455 -0.4972
vn 0.2099 -0.8166 -0.5377
vn 0.4878 -0.6944 -0.5290
vn 0.6130 -0.6113 -0.5005
vn 0.4934 -0.7373 -0.4614
vn 0.7155 -0.5912 -0.3721
vn 0.7244 -0.5883 -0.3594
vn 0.7146 -0.5439 -0.4399
vn -0.4428 -0.8135 -0.3770
vn 0.2270 -0.7053 -0.6716
vn 0.2387 -0.6659 -0.7068
vn 0.2252 -0.7109 -0.6662
vn 0.7299 -0.5492 -0.4069
vn 0.0186 -0.9490 -0.3147
vn 0.0073 -0.9321 -0.3620
vn 0.0050 -0.9228 -0.3853
vn 0.0023 -0.8684 -0.4959
vn 0.0006 -0.9056 -0.4242
vn 0.0123 -0.8322 -0.5544
vn 0.0095 -0.8174 -0.5760
vn 0.0097 -0.8280 -0.5607
vn 0.0005 -0.8772 -0.4801
vn 0.0100 -0.8893 -0.4572
vn 0.0142 -0.6762 -0.7366
vn -0.0322 -0.7972 -0.6029
vn 0.0561 -0.8534 -0.5182
vn 0.0568 -0.8409 -0.5382
vn 0.0608 -0.8719 -0.4860
vn 0.0484 -0.9913 -0.1223
vn 0.0572 -0.9928 -0.1051
vn 0.0288 -0.9867 -0.1601
vn 0.0123 -0.9653 -0.2609
vn 0.2658 -0.9567 -0.1189
vn 0.2284 -0.9546 -0.1913
vn 0.2522 -0.9566 -0.1458
vn 0.1893 -0.9325 -0.3076
vn 0.5048 -0.8479 -0.1621
vn 0.4863 -0.8514 -0.1965
vn 0.7251 -0.6877 -0.0359
vn 0.0130 -0.9067 -0.4216
vn 0.7989 -0.5787 -0.1638
vn 0.8153 -0.5774 -0.0429
vn 0.5035 -0.8637 -0.0243
vn 0.0469 -0.9668 -0.2513
vn 0.0007 -1.0000 -0.0054
vn -0.0001 -0.9938 -0.1112
vn -0.0098 -0.9496 -0.3132
vn -0.0248 -0.9805 -0.1952
vn 0.0074 -0.9361 -0.3517
vn 0.0993 -0.9836 0.1508
vn 0.0948 -0.9898 0.1061
vn 0.0963 -0.9936 0.0590
vn 0.0679 -0.9337 -0.3515
vn 0.0587 -0.8980 -0.4360
vn -0.0327 -0.9211 -0.3879
vn -0.0268 -0.9118 -0.4097
vn 0.0184 -0.9997 -0.0178
vn 0.0131 -0.9839 -0.1782
vn 0.1481 -0.9422 0.3005
vn 0.6419 -0.7339 0.2222
vn 0.6366 -0.7444 0.2018
vn 0.6493 -0.7117 0.2682
vn 0.7486 -0.6420 0.1655
vn 0.7489 -0.6396 0.1733
vn 0.7468 -0.6516 0.1335
vn 0.6376 -0.7606 0.1221
vn 0.6361 -0.7602 0.1323
vn 0.6476 -0.7612 0.0335
vn 0.0651 -0.9975 -0.0274
vn 0.2761 -0.9609 -0.0197
vn 0.8346 -0.4786 0.2727
vn 0.8373 -0.4954 0.2312
vn 0.8225 -0.5267 0.2149
vn 0.8218 -0.5645 0.0779
vn 0.8144 -0.5716 0.1005
vn 0.8270 -0.5391 0.1594
vn 0.8009 -0.5327 0.2733
vn 0.7641 -0.6115 0.2057
vn 0.0459 -0.9359 0.3493
vn 0.5077 -0.8083 0.2983
vn 0.5219 -0.8046 0.2833
vn 0.4822 -0.8048 0.3460
vn 0.0132 -0.9723 0.2335
vn -0.0002 -0.9561 0.2932
vn 0.1141 -0.8540 0.5076
vn 0.0980 -0.9709 0.2187
vn 0.0203 -0.9891 0.1455
vn 0.0163 -0.9714 0.2369
vn 0.0224 -0.9951 0.0962
vn 0.0008 -0.9873 0.1589
vn -0.0225 -0.9646 0.2629
vn -0.0225 -0.9447 0.3272
vn 0.0058 -0.9365 0.3508
vn 0.0167 -0.9964 0.0832
vn -0.1819 -0.7651 0.6176
vn -0.1519 -0.7884 0.5962
vn -0.1508 -0.8675 0.4740
vn 0.0370 -0.8410 0.5397
vn 0.0654 -0.8866 0.4578
vn 0.2293 -0.8252 0.5162
vn 0.6572 -0.6913 0.3002
vn 0.6719 -0.6481 0.3584
vn 0.8513 -0.4182 0.3170
vn 0.8452 -0.4419 0.3005
vn 0.8446 -0.4378 0.3083
vn -0.3901 -0.8344 0.3895
vn 0.8606 -0.4116 0.2998
vn 0.8565 -0.4031 0.3223
vn 0.8605 -0.3805 0.3386
vn 0.8669 -0.3877 0.3134
vn 0.8741 -0.3251 0.3609
vn -0.0138 -0.7002 0.7138
vn -0.0166 -0.8261 0.5633
vn 0.1249 -0.7881 0.6028
vn 0.1296 -0.4526 0.8823
vn 0.1536 -0.4927 0.8565
vn 0.1482 -0.5417 0.8274
vn 0.1862 -0.5833 0.7906
vn 0.1840 -0.6418 0.7445
vn 0.1847 -0.6831 0.7066
vn 0.4103 -0.6006 0.6862
vn 0.4164 -0.6408 0.6450
vn 0.6736 -0.5265 0.5187
vn -0.4176 -0.5608 0.7149
vn -0.3950 -0.6029 0.6931
vn 0.0019 -0.4753 0.8798
vn -0.0180 -0.5995 0.8002
vn 0.0023 -0.7261 0.6876
vn 0.1340 -0.3922 0.9101
vn 0.1334 -0.4905 0.8611
vn 0.1385 -0.4518 0.8813
vn -0.0200 -0.7549 0.6555
vn -0.0172 -0.3494 0.9368
vn -0.0297 -0.3548 0.9345
vn -0.0272 -0.4443 0.8955
vn -0.0365 -0.3402 0.9396
vn -0.2504 -0.1406 0.9579
vn -0.3044 -0.2538 0.9181
vn 0.1372 -0.2266 0.9643
vn 0.1503 -0.2412 0.9588
vn 0.1375 -0.1840 0.9733
vn 0.3933 -0.0826 0.9157
vn 0.3875 -0.1392 0.9113
vn 0.4000 -0.1510 0.9040
vn 0.7455 0.0046 0.6665
vn 0.7441 -0.0393 0.6669
vn 0.7432 -0.1130 0.6594
vn -0.4914 -0.2335 0.8390
vn -0.4559 -0.2501 0.8542
vn 0.8607 -0.0059 0.5090
vn 0.8607 0.0018 0.5092
vn -0.0244 -0.2176 0.9757
vn -0.0063 -0.0646 0.9979
vn -0.0063 -0.0673 0.9977
vn 0.1344 -0.1716 0.9760
vn 0.1326 -0.1875 0.9733
vn 0.1383 -0.3481 0.9272
vn -0.0337 -0.0787 0.9963
vn -0.0325 -0.2007 0.9791
vn -0.2367 0.2203 0.9463
vn -0.1980 0.0860 0.9764
vn -0.1755 0.0709 0.9819
vn 0.7420 0.1254 0.6586
vn 0.7362 0.1627 0.6569
vn 0.7439 0.0689 0.6647
vn 0.8335 0.1184 0.5397
vn 0.8394 0.0688 0.5391
vn 0.8337 0.1172 0.5397
vn -0.4293 0.0713 0.9003
vn -0.3860 0.0196 0.9223
vn 0.8429 0.1123 0.5262
vn 0.1577 0.3128 0.9366
vn -0.0275 -0.0295 0.9992
vn -0.0096 0.2885 0.9574
vn -0.0011 0.2980 0.9546
vn -0.0043 0.1536 0.9881
vn -0.0049 0.1744 0.9847
vn -0.0440 0.3326 0.9420
vn -0.0456 0.3132 0.9486
vn -0.0456 0.2262 0.9730
vn -0.0121 0.0794 0.9968
vn -0.0359 0.3811 0.9238
vn 0.0158 0.6082 0.7936
vn 0.1972 0.6066 0.7702
vn 0.1812 0.5678 0.8030
vn 0.1558 0.5510 0.8198
vn 0.1607 0.4455 0.8807
vn 0.4405 0.6308 0.6388
vn 0.4457 0.5047 0.7394
vn 0.4335 0.4514 0.7800
vn 0.4466 0.5090 0.7359
vn 0.7175 0.4293 0.5485
vn 0.7101 0.4482 0.5431
vn 0.7232 0.3609 0.5889
vn 0.7786 0.4042 0.4801
vn 0.7801 0.4068 0.4753
vn 0.7814 0.4090 0.4713
vn 0.8050 0.2945 0.5150
vn 0.7993 0.3264 0.5046
vn 0.8076 0.2774 0.5203
vn 0.4296 0.2998 0.8518
vn 0.6826 0.5432 0.4888
vn 0.6597 0.5909 0.4643
vn 0.6818 0.5419 0.4914
vn -0.2011 0.7110 0.6738
vn 0.0112 0.5537 0.8326
vn 0.0100 0.4738 0.8806
vn 0.0158 0.5616 0.8273
vn 0.0084 0.3622 0.9321
vn 0.0118 0.3874 0.9218
vn -0.0111 0.6809 0.7323
vn -0.0467 0.6622 0.7479
vn -0.0463 0.5946 0.8027
vn -0.0374 0.6953 0.7178
vn 0.0658 0.6176 0.7837
vn 0.0657 0.5709 0.8184
vn 0.0787 0.4656 0.8815
vn 0.0791 0.5324 0.8428
vn 0.0791 0.5366 0.8401
vn -0.0354 0.7619 0.6467
vn -0.0117 0.7445 0.6675
vn -0.0134 0.7482 0.6633
vn 0.3427 0.7964 0.4983
vn 0.3501 0.8129 0.4654
vn 0.6374 0.6331 0.4393
vn 0.7577 0.5419 0.3635
vn -0.3404 0.7660 0.5453
vn -0.3910 0.6973 0.6007
vn 0.4569 0.7338 0.5029
vn 0.4469 0.7022 0.5543
vn 0.4586 0.7398 0.4923
vn 0.7519 0.5078 0.4203
vn 0.7519 0.5530 0.3590
vn 0.7611 0.5212 0.3861
vn 0.7643 0.4663 0.4455
vn 0.6859 0.6340 0.3572
vn 0.6720 0.6887 0.2724
vn 0.4693 0.7699 0.4326
vn 0.1428 0.8635 0.4837
vn -0.0585 0.8842 0.4634
vn -0.0548 0.8613 0.5052
vn 0.0226 0.8624 0.5058
vn 0.0200 0.8162 0.5774
vn 0.0272 0.8725 0.4878
vn 0.0150 0.7031 0.7109
vn -0.0119 0.7730 0.6343
vn -0.0470 0.8408 0.5393
vn 0.0458 0.8727 0.4861
vn 0.0430 0.8862 0.4612
vn 0.0449 0.8207 0.5697
vn 0.0536 0.7609 0.6466
vn 0.0177 0.6578 0.7530
vn -0.0351 0.8235 0.5663
vn -0.0068 0.9293 0.3692
vn -0.0114 0.9078 0.4192
vn -0.0113 0.8751 0.4838
vn -0.1264 0.9678 0.2178
vn 0.2138 0.9738 0.0772
vn 0.1731 0.9743 0.1441
vn 0.2012 0.9746 0.0981
vn 0.3513 0.9356 0.0348
vn 0.4754 0.8779 0.0571
vn 0.4767 0.8791 0.0058
vn 0.4727 0.8744 0.1097
vn 0.5481 0.8269 0.1256
vn 0.6519 0.7444 0.1444
vn 0.0283 0.9937 0.1085
vn 0.0256 0.9898 0.1399
vn 0.0444 0.9638 0.2628
vn -0.0173 0.9655 0.2598
vn -0.0103 0.9663 0.2574
vn -0.0014 0.9986 -0.0528
vn 0.0328 0.9725 -0.2304
vn 0.0328 0.9770 -0.2106
vn -0.0350 0.9091 0.4152
vn 0.0141 0.8999 0.4359
vn 0.0136 0.8764 0.4814
vn 0.0147 0.9390 0.3436
vn -0.0355 0.9981 0.0502
vn -0.0348 0.9794 0.1988
vn -0.0353 0.9910 0.1289
vn -0.0009 0.9980 -0.0630
vn -0.0154 0.9985 0.0516
vn -0.0162 0.9917 0.1274
vn -0.0163 0.9992 -0.0366
vn -0.0312 0.9910 -0.1301
vn 0.1982 0.9691 -0.1469
vn 0.2198 0.9715 -0.0884
vn 0.6581 0.7429 -0.1225
vn 0.6481 0.7558 -0.0937
vn -0.3242 0.9089 -0.2622
vn 0.7648 0.6215 -0.1695
vn 0.7479 0.6273 -0.2172
vn 0.5857 0.7911 -0.1764
vn 0.5866 0.7959 -0.1497
vn 0.5977 0.7604 -0.2541
vn 0.0110 0.9976 -0.0688
vn -0.0068 0.9704 -0.2413
vn -0.0125 0.9688 -0.2477
vn -0.0440 0.9663 -0.2538
vn 0.0362 0.9967 -0.0720
vn 0.0272 0.9966 -0.0778
vn -0.0390 0.9991 -0.0135
vn 0.0141 0.9594 -0.2818
vn -0.1627 0.7925 -0.5877
vn -0.1349 0.8125 -0.5671
vn 0.0616 0.8327 -0.5502
vn 0.2622 0.8585 -0.4407
vn 0.4900 0.7562 -0.4337
vn 0.4870 0.7956 -0.3604
vn 0.4899 0.7591 -0.4286
vn 0.7240 0.5727 -0.3844
vn 0.4741 0.8422 -0.2568
vn 0.7107 0.6590 -0.2463
vn 0.7622 0.5444 -0.3502
vn 0.7610 0.5631 -0.3222
vn 0.7607 0.5355 -0.3668
vn 0.7569 0.4994 -0.4216
vn 0.7203 0.4796 -0.5012
vn 0.0179 0.7896 -0.6134
vn 0.0144 0.7665 -0.6420
vn 0.0188 0.8036 -0.5948
vn -0.0015 0.8772 -0.4801
vn 0.0057 0.9272 -0.3745
vn 0.0034 0.8324 -0.5542
vn 0.0505 0.8435 -0.5347
vn 0.0495 0.8383 -0.5429
vn -0.0315 0.7859 -0.6175
vn -0.0318 0.8614 -0.5069
vn 0.0044 0.7249 -0.6889
vn -0.0017 0.8204 -0.5717
vn 0.0005 0.9129 -0.4081
vn 0.0058 0.9470 -0.3211
vn 0.0094 0.9302 -0.3669
vn 0.0017 0.8499 -0.5269
vn 0.0080 0.4891 -0.8722
vn 0.2216 0.4239 -0.8782
vn 0.5019 0.4299 -0.7505
vn 0.6931 0.3981 -0.6009
vn 0.7504 0.4149 -0.5145
vn 0.7412 0.3188 -0.5908
vn 0.5014 0.3013 -0.8111
vn 0.4884 0.3558 -0.7968
vn 0.0343 0.3471 -0.9372
vn 0.0174 0.4018 -0.9156
vn 0.0326 0.3529 -0.9351
vn 0.0065 0.5491 -0.8357
vn 0.0040 0.5427 -0.8399
vn -0.0386 0.4074 -0.9124
vn -0.0286 0.4564 -0.8893
vn 0.0068 0.4047 -0.9144
vn 0.0140 0.3731 -0.9277
vn 0.0132 0.4333 -0.9012
vn 0.0147 0.3085 -0.9511
vn 0.0746 0.6876 -0.7223
vn 0.0951 0.6224 -0.7769
vn 0.0006 0.7121 -0.7021
vn 0.9984 -0.0089 0.0555
vn 1.0000 0.0061 0.0070
vn 0.9985 -0.0316 0.0453
vn 0.9932 0.1119 -0.0320
vn 0.9939 0.1090 -0.0165
vn 0.7412 -0.3897 0.5466
vn 0.7249 -0.4114 0.5525
vn 0.8835 -0.2855 0.3714
vn 0.8736 -0.3051 0.3792
vn 0.4088 -0.4018 0.8194
vn 0.4099 -0.4803 0.7755
vn 0.4458 -0.5483 0.7075
vn 0.5641 -0.5217 -0.6400
vn 0.8828 -0.2190 -0.4155
vn 0.8738 -0.2189 -0.4343
vn 0.3108 -0.5031 -0.8064
vn 0.4010 -0.3818 -0.8327
vn 0.4275 -0.3359 -0.8393
vn 0.7520 -0.2763 -0.5984
vn 0.6628 0.6458 -0.3790
vn 0.8807 0.4660 -0.0851
vn 0.8069 0.5899 -0.0295
vn 0.8927 0.4485 -0.0450
vn 0.4429 0.7487 -0.4933
vn 0.4637 0.8304 -0.3089
vn 0.4721 0.8723 -0.1275
vn 0.8936 0.1424 0.4258
vn 0.4121 0.2433 0.8780
vn 0.8838 -0.4485 -0.1336
vn 0.8750 -0.4616 -0.1462
vn 0.4133 -0.8820 -0.2264
vn 0.4089 -0.8755 -0.2574
vn 0.5983 0.1323 -0.7903
vn 0.5726 0.0896 -0.8150
vn 0.6077 0.1370 -0.7823
vn 0.5714 0.2291 -0.7880
vn 0.8085 0.0899 -0.5815
vn 0.7447 0.1879 -0.6404
vn 0.8866 0.1306 -0.4437
vn 0.8785 0.1428 -0.4560
vn 0.4122 0.0900 -0.9067
vn 0.3720 0.1556 -0.9151
vn 0.4063 0.0584 -0.9119
vn 0.3592 0.1635 -0.9188
vn 0.9616 0.1468 -0.2318
vn 0.5434 0.8140 0.2050
vn 0.6396 0.7060 0.3041
vn 0.6826 0.7096 0.1748
vn 0.8577 0.4976 0.1296
vn 0.8491 0.5027 0.1623
vn 0.9114 0.3988 0.1020
vn 0.4814 0.8142 0.3244
vn 0.4722 0.7594 0.4476
vn 0.9311 0.3421 0.1264
vn 0.9511 0.3024 0.0625
vn 0.9971 -0.0490 0.0579
vn 0.8842 -0.4080 0.2274
vn 0.8750 -0.4273 0.2275
vn 0.4337 -0.8063 0.4022
vn 0.5596 -0.6253 0.5440
vn 0.5731 -0.2264 -0.7876
vn 0.5754 -0.1261 -0.8081
vn 0.5725 -0.0899 -0.8150
vn 0.8101 -0.1391 -0.5695
vn 0.7462 -0.0708 -0.6620
vn 0.8811 -0.0431 -0.4709
vn 0.8720 -0.0359 -0.4882
vn 0.4394 -0.3268 -0.8367
vn 0.4065 -0.2374 -0.8823
vn 0.6485 0.7609 0.0230
vn 0.8718 0.4897 -0.0140
vn 0.9487 0.3158 -0.0173
vn 0.9519 0.3026 -0.0478
vn 0.9567 0.2912 -0.0005
vn 0.4551 0.8890 -0.0503
vn 0.4746 0.8764 -0.0815
vn 0.4440 0.8960 -0.0083
vn 0.9753 0.2207 0.0102
vn 0.5596 0.8287 0.0077
vn 0.7753 -0.0900 0.6251
vn 0.8895 -0.0858 0.4487
vn 0.8834 -0.0946 0.4590
vn 0.9967 -0.0239 0.0781
vn 0.4308 -0.0159 0.9023
vn 0.4474 -0.0535 0.8927
vn 0.4197 0.0082 0.9076
vn 0.4097 -0.1416 0.9012
vn 0.4097 -0.2260 0.8838
vn 0.4034 -0.3163 0.8586
vn 0.5907 -0.3238 0.7391
vn 0.7661 -0.1646 0.6213
vn 0.7366 -0.2292 0.6363
vn 0.7527 -0.1952 0.6288
vn 0.4805 -0.7447 -0.4632
vn 0.5706 -0.7153 -0.4034
vn 0.8838 -0.3617 -0.2969
vn 0.8749 -0.3689 -0.3137
vn 0.4287 -0.8348 -0.3454
vn 0.4460 -0.8152 -0.3696
vn 0.4054 -0.8588 -0.3133
vn 0.5235 0.4616 -0.7161
vn 0.5487 0.4262 -0.7192
vn 0.9227 0.2273 -0.3114
vn 0.9828 0.1263 -0.1348
vn 0.7729 0.3323 -0.5405
vn 0.7839 0.3941 0.4798
vn 0.9624 0.1873 0.1970
vn 0.9799 0.1595 0.1199
vn 0.5978 0.2798 0.7513
vn 0.7714 0.3374 0.5395
vn 0.7457 0.2924 0.5986
vn 0.7631 0.3221 0.5603
vn 0.8968 0.3473 0.2741
vn 0.5632 -0.7992 0.2101
vn 0.5681 -0.7892 0.2331
vn 0.5714 -0.8027 0.1711
vn 0.8854 -0.4622 0.0496
vn 0.8766 -0.4794 0.0424
vn 0.3938 -0.8820 0.2589
vn 0.3330 -0.9063 0.2604
vn -0.9998 -0.0175 -0.0051
vn -1.0000 -0.0058 -0.0061
vn -0.9980 -0.0547 -0.0303
vn -0.8714 0.4897 0.0293
vn -0.8485 -0.2877 0.4441
vn -0.9948 -0.0466 0.0904
vn -0.8451 -0.3596 0.3956
vn -0.8261 -0.4258 0.3690
vn -0.7062 0.5569 -0.4372
vn -0.9227 0.0894 0.3749
vn -0.6716 0.1158 0.7318
vn -0.9416 -0.3274 -0.0782
vn -0.6134 0.0824 -0.7854
vn -0.5584 0.0133 -0.8295
vn -0.5790 0.6726 0.4609
vn -0.7488 -0.5261 0.4031
vn -0.7981 -0.1447 -0.5849
vn -0.7849 -0.2007 -0.5862
vn -0.5656 -0.1084 -0.8175
vn -0.9283 -0.1677 -0.3319
vn -0.9418 0.3324 -0.0505
vn -0.9290 0.3575 -0.0953
vn -0.9349 -0.0938 0.3423
vn -0.7982 -0.2240 0.5591
vn -0.7965 -0.4689 -0.3816
vn -0.9963 -0.0780 -0.0352
vn -0.6481 -0.6920 -0.3180
vn -0.6526 -0.7011 -0.2874
vn -0.8408 0.2762 -0.4656
vn -0.8524 0.2542 -0.4569
vn -0.9257 0.2127 -0.3127
vn -0.6440 0.4425 -0.6241
vn -0.5818 0.3938 -0.7116
vn -0.6449 0.3573 0.6756
vn -0.7815 0.4673 0.4134
vn 0.0098 0.4464 -0.8948
vn 0.0919 0.5764 -0.8120
vn 0.0811 0.5370 -0.8397
vn 0.1030 0.4901 -0.8656
vn 0.1317 0.5777 -0.8056
vn 0.2726 0.3858 -0.8814
vn 0.0459 0.9093 -0.4136
vn 0.0119 0.3567 -0.9341
vn 0.0880 0.8592 -0.5040
vn 0.0859 0.8367 -0.5409
vn 0.0514 0.9130 -0.4047
vn 0.1229 0.7754 -0.6194
vn 0.1253 0.8077 -0.5761
vn 0.0692 0.7907 -0.6083
vn 0.1445 0.9371 -0.3179
vn 0.1375 0.9175 -0.3731
vn 0.2299 0.9668 -0.1115
vn 0.2297 0.9649 -0.1272
vn 0.0800 0.9882 -0.1305
vn 0.0959 0.9871 -0.1282
vn 0.2239 0.9745 -0.0140
vn 0.2246 0.9742 -0.0217
vn 0.1718 0.9821 -0.0773
vn 0.2197 0.9740 0.0549
vn 0.2172 0.9746 0.0550
vn 0.1837 0.9739 0.1333
vn 0.0663 0.9904 0.1215
vn 0.2141 0.9678 0.1324
vn 0.0298 0.8829 0.4687
vn 0.0486 0.8897 0.4540
vn 0.0467 0.9219 0.3847
vn 0.0354 0.9213 0.3871
vn 0.0638 0.8919 0.4478
vn 0.0659 0.9204 0.3854
vn 0.0218 0.7912 0.6112
vn 0.0505 0.9377 0.3438
vn 0.0623 0.8733 0.4832
vn 0.1011 0.9094 0.4034
vn 0.1129 0.9473 0.2999
vn 0.0795 0.8428 0.5324
vn 0.0692 0.8165 0.5731
vn 0.0881 0.8429 0.5308
vn 0.0845 0.8150 0.5732
vn 0.1256 0.8865 0.4453
vn 0.1097 0.8196 0.5623
vn 0.1878 0.8642 0.4668
vn 0.1939 0.7871 0.5855
vn 0.0754 0.7296 0.6797
vn 0.3110 0.8958 0.3176
vn 0.0386 0.9380 0.3444
vn 0.0662 0.5832 0.8096
vn 0.0722 0.6726 0.7365
vn 0.0143 0.6526 0.7576
vn 0.0159 0.6320 0.7748
vn 0.0086 0.4963 0.8681
vn 0.0675 0.4913 0.8684
vn 0.0694 0.4553 0.8876
vn 0.1121 0.5872 0.8017
vn 0.1120 0.5857 0.8027
vn 0.1127 0.6764 0.7278
vn 0.1126 0.6820 0.7226
vn 0.1105 0.5149 0.8501
vn 0.1117 0.7254 0.6792
vn 0.1695 0.7238 0.6689
vn 0.0293 0.7151 0.6984
vn 0.1156 0.3293 0.9371
vn 0.0127 0.3272 0.9449
vn 0.1165 0.2892 0.9502
vn 0.0777 0.0318 0.9965
vn 0.0090 0.2787 0.9603
vn 0.0063 0.1851 0.9827
vn 0.0079 0.0756 0.9971
vn 0.2657 0.3011 0.9158
vn 0.3727 0.1835 0.9096
vn 0.0566 -0.2331 0.9708
vn 0.0365 -0.2155 0.9758
vn 0.1042 -0.2639 0.9589
vn 0.1191 -0.2565 0.9592
vn 0.0609 -0.1599 0.9853
vn 0.1192 -0.3032 0.9454
vn 0.1938 -0.1516 0.9693
vn 0.2003 -0.2511 0.9470
vn 0.1993 -0.3444 0.9174
vn 0.2408 -0.0051 0.9706
vn 0.0206 -0.4390 0.8983
vn 0.0307 -0.6144 0.7884
vn 0.1206 -0.5277 0.8408
vn 0.1165 -0.4701 0.8749
vn 0.1214 -0.6069 0.7855
vn 0.1211 -0.6822 0.7211
vn 0.2079 -0.5173 0.8302
vn 0.2035 -0.4329 0.8782
vn 0.1924 -0.5902 0.7840
vn 0.0365 -0.7745 0.6315
vn 0.0519 -0.7586 0.6495
vn 0.0358 -0.7577 0.6517
vn 0.0400 -0.8170 0.5753
vn 0.0575 -0.8312 0.5531
vn 0.1108 -0.8179 0.5646
vn 0.1257 -0.8119 0.5701
vn 0.1239 -0.7495 0.6504
vn 0.1235 -0.7455 0.6550
vn 0.1244 -0.8630 0.4897
vn 0.1277 -0.9093 0.3960
vn 0.2087 -0.8499 0.4838
vn 0.1902 -0.8006 0.5682
vn 0.1967 -0.8075 0.5560
vn 0.1675 -0.7756 0.6087
vn 0.1997 -0.8916 0.4064
vn 0.0752 -0.9252 0.3719
vn 0.0579 -0.9027 0.4263
vn 0.0608 -0.9229 0.3803
vn 0.0524 -0.9816 0.1838
vn 0.0319 -0.9908 0.1316
vn 0.0481 -0.9804 0.1913
vn 0.0673 -0.9740 0.2165
vn 0.0571 -0.9975 0.0414
vn 0.0602 -0.9958 0.0695
vn 0.1170 -0.9433 0.3106
vn 0.0263 -0.9339 0.3567
vn 0.0206 -0.9332 0.3588
vn 0.1419 -0.9863 0.0836
vn 0.0971 -0.9950 0.0250
vn 0.0815 -0.9327 0.3513
vn 0.1278 -0.9494 -0.2869
vn 0.1279 -0.9577 -0.2577
vn 0.0715 -0.9935 -0.0886
vn 0.0830 -0.9944 -0.0649
vn 0.1986 -0.9782 -0.0610
vn 0.1468 -0.9262 -0.3473
vn 0.0695 -0.8658 -0.4955
vn 0.0851 -0.8640 -0.4963
vn 0.1454 -0.9891 -0.0215
vn 0.1997 -0.7461 -0.6351
vn 0.0172 -0.7573 -0.6529
vn 0.1262 -0.6694 -0.7321
vn 0.1454 -0.7139 -0.6849
vn 0.1313 -0.7053 -0.6967
vn 0.0818 -0.9114 -0.4033
vn 0.1900 -0.9028 -0.3858
vn 0.1059 -0.5719 -0.8134
vn 0.0805 -0.6139 -0.7853
vn 0.1232 -0.6428 -0.7561
vn 0.0182 -0.5237 -0.8517
vn 0.0165 -0.6122 -0.7906
vn 0.0166 -0.2750 -0.9613
vn 0.0402 -0.2549 -0.9661
vn 0.0872 -0.6885 -0.7200
vn -0.9944 -0.1055 0.0073
vn 0.0842 -0.2796 -0.9564
vn 0.1254 -0.1903 -0.9737
vn 0.9550 0.2967 -0.0018
vn 0.9550 0.2967 0.0015
vn 0.9753 0.2096 0.0696
vn 0.0147 0.1656 -0.9861
vn 0.0138 0.2653 -0.9641
vn 0.1274 0.1653 -0.9780
vn 0.0571 0.3165 -0.9469
vn 0.0508 0.2649 -0.9629
vn 0.0782 0.1932 -0.9780
vn 0.0628 0.1626 -0.9847
vn 0.0885 0.3095 -0.9468
vn 0.1272 0.2687 -0.9548
vn 0.0645 0.0104 -0.9979
vn 0.0644 -0.0021 -0.9979
vn 0.2674 0.1370 -0.9538
vn 0.2669 0.1433 -0.9530
vn 0.2763 0.0089 -0.9610
vn 0.2768 0.0011 -0.9609
vn 0.2557 0.2481 -0.9344
vn 0.2557 0.2482 -0.9344
vn 0.5340 0.0053 -0.8455
vn 0.5230 0.1249 -0.8431
vn 0.5347 -0.0072 -0.8450
vn 0.5134 0.2201 -0.8295
vn 0.6536 0.0166 -0.7567
vn 0.6533 0.0691 -0.7540
vn 0.6533 0.0025 -0.7571
vn 0.6742 0.2809 -0.6831
vn 0.0131 0.2247 -0.9743
vn -0.0384 0.3340 -0.9418
vn -0.0381 0.3330 -0.9422
vn -0.0286 0.3401 -0.9400
vn 0.0678 -0.3435 -0.9367
vn 0.0674 -0.3483 -0.9350
vn 0.0042 0.3143 -0.9493
vn 0.0007 0.3500 -0.9368
vn 0.0022 0.3836 -0.9235
vn 0.0056 0.2200 -0.9755
vn 0.0060 0.1303 -0.9915
vn 0.2882 -0.2205 -0.9318
vn 0.2882 -0.2199 -0.9320
vn 0.2704 -0.3143 -0.9100
vn 0.2830 -0.1172 -0.9519
vn 0.2831 -0.1177 -0.9519
vn 0.7173 -0.1264 -0.6853
vn 0.7172 -0.1273 -0.6851
vn 0.7185 -0.2652 -0.6430
vn 0.7188 -0.2719 -0.6399
vn 0.0076 -0.0492 -0.9988
vn 0.0036 -0.2341 -0.9722
vn 0.0019 -0.1350 -0.9908
vn 0.0139 -0.3704 -0.9288
vn -0.0334 -0.1779 -0.9835
vn 0.0097 -0.3149 -0.9491
vn 0.0104 -0.2758 -0.9612
vn 0.0505 -0.5627 -0.8251
vn 0.0466 -0.6366 -0.7698
vn 0.0090 -0.3556 -0.9346
vn 0.0584 -0.4653 -0.8832
vn 0.6766 -0.3529 -0.6463
vn 0.7221 -0.3808 -0.5775
vn 0.7222 -0.3819 -0.5767
vn 0.0400 -0.7159 -0.6970
vn 0.0395 -0.7189 -0.6940
vn 0.0151 -0.5949 -0.8037
vn 0.0145 -0.5364 -0.8439
vn 0.0137 -0.6551 -0.7554
vn -0.0214 -0.7390 -0.6734
vn -0.0214 -0.7455 -0.6662
vn 0.0347 -0.5769 -0.8161
vn 0.0247 -0.8536 -0.5204
vn 0.0245 -0.8495 -0.5271
vn 0.0284 -0.7857 -0.6180
vn 0.0288 -0.7833 -0.6210
vn 0.1938 -0.7748 -0.6017
vn 0.2019 -0.7621 -0.6152
vn 0.1754 -0.8023 -0.5706
vn 0.4964 -0.7566 -0.4255
vn 0.5038 -0.7888 -0.3521
vn 0.4904 -0.6526 -0.5776
vn -0.0217 -0.8302 -0.5571
vn -0.0217 -0.8428 -0.5378
vn 0.0079 -0.9167 -0.3996
vn -0.0219 -0.9115 -0.4106
vn 0.6598 -0.7419 -0.1194
vn 0.6430 -0.7626 -0.0715
vn 0.6443 -0.7609 -0.0766
vn 0.6228 -0.7823 -0.0150
vn -0.0314 -0.9991 -0.0276
vn -0.0255 -0.9870 -0.1587
vn -0.0321 -0.9991 -0.0271
vn -0.0002 -0.9995 -0.0300
vn -0.0256 -0.9566 -0.2904
vn -0.0218 -0.9595 -0.2808
vn -0.0217 -0.9886 -0.1491
vn -0.0220 -0.9995 -0.0207
vn -0.0305 -0.9900 0.1375
vn 0.3212 -0.9158 0.2412
vn 0.3107 -0.8911 0.3308
vn 0.3108 -0.8912 0.3304
vn 0.3210 -0.9177 0.2340
vn 0.7564 -0.6233 0.1986
vn -0.0311 -0.9553 0.2939
vn 0.2713 -0.8681 0.4156
vn 0.2696 -0.8674 0.4182
vn 0.4579 -0.7640 0.4545
vn 0.4569 -0.7624 0.4582
vn 0.4254 -0.6979 0.5762
vn 0.4244 -0.6955 0.5797
vn 0.4719 -0.8004 0.3697
vn 0.6819 -0.5737 0.4539
vn 0.6818 -0.5748 0.4524
vn 0.6727 -0.6378 0.3750
vn 0.8561 -0.4030 0.3235
vn 0.0115 -0.6862 0.7273
vn 0.0116 -0.6841 0.7293
vn 0.0107 -0.5851 0.8109
vn 0.0109 -0.5946 0.8039
vn 0.7366 -0.2281 0.6366
vn 0.1231 -0.5302 0.8389
vn -0.0408 -0.4991 0.8656
vn -0.0312 -0.3603 0.9323
vn -0.0079 -0.1669 0.9859
vn -0.0079 -0.1632 0.9866
vn -0.0068 -0.0669 0.9977
vn -0.0068 -0.0678 0.9977
vn -0.0117 -0.2627 0.9648
vn -0.0113 -0.2552 0.9668
vn 0.1359 -0.1507 0.9792
vn 0.1490 -0.0677 0.9865
vn 0.1493 -0.0611 0.9869
vn 0.7387 -0.1334 0.6607
vn 0.1092 -0.2994 0.9478
vn 0.4048 -0.0323 0.9138
vn 0.4187 0.0800 0.9046
vn 0.4152 0.0319 0.9092
vn 0.1520 0.0352 0.9878
vn 0.1520 0.0335 0.9878
vn -0.0044 0.0305 0.9995
vn -0.0044 0.0308 0.9995
vn -0.0341 -0.1807 0.9829
vn -0.0344 0.0436 0.9985
vn -0.0000 0.2234 0.9747
vn 0.0020 0.3179 0.9481
vn 0.0021 0.3183 0.9480
vn -0.0000 0.2202 0.9755
vn -0.0013 0.1247 0.9922
vn -0.0012 0.1275 0.9918
vn 0.1603 0.2238 0.9614
vn 0.1602 0.2207 0.9621
vn 0.1553 0.1289 0.9794
vn 0.1552 0.1266 0.9797
vn 0.4353 0.2029 0.8771
vn 0.4355 0.2073 0.8760
vn 0.4211 0.1322 0.8973
vn 0.7333 0.2448 0.6343
vn 0.7338 0.2450 0.6337
vn 0.8197 0.2059 0.5345
vn 0.8227 0.1889 0.5362
vn 0.0055 0.4089 0.9126
vn 0.0056 0.4121 0.9111
vn 0.8345 0.1799 0.5208
vn 0.8350 0.1860 0.5178
vn -0.0036 0.2982 0.9545
vn -0.0124 0.1521 0.9883
vn -0.0107 0.3014 0.9534
vn 0.0116 0.5043 0.8635
vn 0.0117 0.5059 0.8625
vn 0.4541 0.5464 0.7037
vn 0.7296 0.3315 0.5981
vn 0.7188 0.4630 0.5185
vn 0.7994 0.3265 0.5044
vn 0.8242 0.2520 0.5071
vn 0.8267 0.2189 0.5182
vn 0.8157 0.3191 0.4826
vn 0.8212 0.2595 0.5082
vn 0.8155 0.3212 0.4815
vn 0.0028 0.4907 0.8713
vn 0.0056 0.5595 0.8288
vn 0.0078 0.6601 0.7511
vn 0.7766 0.4010 0.4858
vn 0.0116 0.4006 0.9162
vn 0.0786 0.4624 0.8832
vn -0.0359 0.6197 0.7840
vn -0.0355 0.6571 0.7530
vn 0.6026 0.7005 0.3824
vn 0.6023 0.6990 0.3855
vn 0.7663 0.5194 0.3782
vn 0.5932 0.7442 0.3071
vn 0.7617 0.5841 0.2805
vn 0.3466 0.9131 0.2149
vn 0.3470 0.9142 0.2096
vn 0.4778 0.8570 0.1927
vn 0.4783 0.8591 0.1820
vn 0.6746 0.7020 0.2283
vn 0.7576 0.6166 0.2142
vn 0.7594 0.6339 0.1465
vn 0.5708 0.8176 -0.0753
vn 0.5686 0.8200 -0.0658
vn 0.4891 0.8701 -0.0604
vn 0.4902 0.8673 -0.0862
vn 0.0115 0.9990 0.0429
vn 0.0141 0.9708 0.2396
vn 0.0138 0.9793 0.2019
vn 0.0115 0.9991 0.0418
vn 0.0284 0.9938 0.1072
vn -0.0075 0.9974 0.0719
vn -0.0457 0.9923 0.1148
vn 0.0423 0.9804 0.1925
vn 0.0432 0.9545 0.2951
vn -0.0353 0.9993 -0.0081
vn 0.6686 0.7295 -0.1442
vn 0.6722 0.7232 -0.1585
vn 0.2983 0.9019 -0.3124
vn 0.3011 0.9027 -0.3073
vn 0.7657 0.6189 -0.1753
vn 0.6779 0.7091 -0.1940
vn 0.1294 0.9336 -0.3341
vn 0.1268 0.9321 -0.3392
vn 0.0293 0.9875 -0.1547
vn -0.0004 0.9787 -0.2053
vn 0.0017 0.9797 -0.2005
vn -0.0067 0.9965 -0.0838
vn 0.0416 0.8849 -0.4639
vn 0.0409 0.8850 -0.4637
vn 0.0434 0.8913 -0.4513
vn -0.0346 0.9901 -0.1357
vn -0.0341 0.9662 -0.2555
vn -0.0332 0.9271 -0.3734
vn -0.0069 0.9230 -0.3847
vn 0.0038 0.9689 -0.2476
vn 0.0092 0.9738 -0.2272
vn 0.0058 0.9728 -0.2318
vn 0.4815 0.7042 -0.5217
vn 0.6551 0.6550 -0.3766
vn 0.6497 0.6694 -0.3601
vn 0.6167 0.7309 -0.2925
vn 0.0128 0.7217 -0.6921
vn 0.0137 0.6859 -0.7276
vn 0.7529 0.4899 -0.4394
vn -0.0315 0.7096 -0.7039
vn 0.0410 0.8988 -0.4364
vn 0.0076 0.9045 -0.4263
vn 0.6857 0.3543 -0.6359
vn 0.7274 0.4653 -0.5044
vn 0.0041 0.6420 -0.7667
vn -0.0055 0.5580 -0.8298
vn -0.0060 0.6587 -0.7524
vn -0.0072 0.7136 -0.7005
vn 0.0039 0.4717 -0.8818
vn -0.0302 0.5926 -0.8049
vn -0.0293 0.4623 -0.8862
vn 0.0044 0.4492 -0.8934
vn 0.5894 -0.3748 0.7156
vn 0.5630 -0.4380 0.7009
vn 0.5910 -0.4748 0.6521
vn 0.9760 0.2179 -0.0032
vn 0.7885 0.4392 -0.4305
vn 0.7846 0.4113 -0.4640
vn 0.5818 0.2475 0.7748
vn 0.5701 0.1934 0.7985
vn 0.5935 0.0895 0.7999
vn 0.5901 0.0773 0.8036
vn 0.5916 0.1411 0.7938
vn 0.3940 0.1732 0.9027
vn 0.3999 0.0921 0.9119
vn 0.4002 0.0885 0.9121
vn 0.5880 -0.0012 0.8088
vn 0.5906 -0.0149 0.8068
vn 0.9609 0.1641 0.2229
vn 0.5777 -0.6676 0.4696
vn 0.5894 -0.0700 0.8048
vn 0.5697 -0.1275 0.8119
vn 0.5908 -0.1738 0.7879
vn 0.9054 0.2858 0.3138
vn 0.9055 0.2888 0.3108
vt 0.790597 0.655251
vt 0.794576 0.665844
vt 0.786393 0.657668
vt 0.782588 0.647345
vt 0.777943 0.650187
vt 0.775522 0.643702
vt 0.768614 0.641471
vt 0.764009 0.630942
vt 0.783029 0.661238
vt 0.785856 0.668080
vt 0.777634 0.657087
vt 0.790227 0.641779
vt 0.786713 0.671825
vt 0.780133 0.662711
vt 0.773078 0.654016
vt 0.794218 0.678498
vt 0.797196 0.685566
vt 0.793447 0.679739
vt 0.804949 0.672359
vt 0.807438 0.684390
vt 0.799841 0.674608
vt 0.815020 0.706594
vt 0.813439 0.710847
vt 0.805144 0.693734
vt 0.811512 0.712748
vt 0.809532 0.712399
vt 0.803174 0.693892
vt 0.799261 0.689937
vt 0.799305 0.696142
vt 0.797537 0.690891
vt 0.795571 0.686505
vt 0.792294 0.680613
vt 0.788641 0.669728
vt 0.809061 0.727485
vt 0.811289 0.755189
vt 0.805856 0.724033
vt 0.823660 0.752404
vt 0.820573 0.762501
vt 0.819468 0.753317
vt 0.825436 0.766869
vt 0.823512 0.779914
vt 0.821221 0.772101
vt 0.816557 0.787160
vt 0.813979 0.780016
vt 0.815513 0.768222
vt 0.812982 0.767924
vt 0.819264 0.794555
vt 0.819186 0.783431
vt 0.817686 0.806417
vt 0.816325 0.800991
vt 0.813197 0.823775
vt 0.812474 0.819366
vt 0.814609 0.817173
vt 0.813655 0.810578
vt 0.815514 0.810754
vt 0.810134 0.838321
vt 0.810562 0.832952
vt 0.813114 0.829356
vt 0.806312 0.847943
vt 0.807060 0.842551
vt 0.803482 0.855328
vt 0.802974 0.852031
vt 0.811503 0.866670
vt 0.811264 0.855688
vt 0.816406 0.858413
vt 0.805477 0.864404
vt 0.806217 0.856611
vt 0.799485 0.860444
vt 0.799222 0.856235
vt 0.803647 0.846740
vt 0.807455 0.837194
vt 0.810404 0.828142
vt 0.784703 0.887226
vt 0.785617 0.880548
vt 0.791447 0.877480
vt 0.779217 0.894859
vt 0.777312 0.893571
vt 0.800660 0.870236
vt 0.801317 0.863112
vt 0.609497 0.917783
vt 0.618359 0.926475
vt 0.615410 0.931046
vt 0.766350 0.910378
vt 0.766463 0.906484
vt 0.773168 0.902350
vt 0.602909 0.918681
vt 0.609148 0.935707
vt 0.590700 0.891849
vt 0.596397 0.896722
vt 0.594180 0.904199
vt 0.585679 0.876093
vt 0.591695 0.884638
vt 0.584441 0.882967
vt 0.580816 0.870880
vt 0.588512 0.867238
vt 0.592207 0.871713
vt 0.594672 0.879805
vt 0.569321 0.835423
vt 0.572862 0.840640
vt 0.569527 0.846075
vt 0.583510 0.854939
vt 0.588753 0.861544
vt 0.585287 0.863054
vt 0.589556 0.872695
vt 0.563713 0.801742
vt 0.565585 0.793332
vt 0.566353 0.799691
vt 0.574344 0.824187
vt 0.576468 0.825721
vt 0.576890 0.833649
vt 0.565279 0.762341
vt 0.566647 0.774087
vt 0.562477 0.773264
vt 0.567267 0.787235
vt 0.564061 0.786259
vt 0.556918 0.785921
vt 0.572130 0.769780
vt 0.573918 0.769469
vt 0.571408 0.776685
vt 0.572838 0.784347
vt 0.571500 0.786487
vt 0.571584 0.742031
vt 0.569714 0.752549
vt 0.564184 0.751408
vt 0.567278 0.740738
vt 0.572781 0.733071
vt 0.579268 0.728258
vt 0.578538 0.734840
vt 0.575064 0.738342
vt 0.579511 0.736950
vt 0.576526 0.741699
vt 0.578584 0.744692
vt 0.575656 0.748794
vt 0.592392 0.703063
vt 0.591240 0.707965
vt 0.586572 0.714928
vt 0.599780 0.672565
vt 0.595822 0.686417
vt 0.587399 0.681425
vt 0.606263 0.680035
vt 0.603058 0.687813
vt 0.600718 0.688136
vt 0.608898 0.681941
vt 0.602675 0.690933
vt 0.615065 0.657113
vt 0.612476 0.664308
vt 0.607028 0.662519
vt 0.624402 0.650556
vt 0.621966 0.656047
vt 0.631844 0.648283
vt 0.634118 0.648899
vt 0.624488 0.658022
vt 0.612886 0.671482
vt 0.613489 0.674801
vt 0.623225 0.646215
vt 0.609883 0.653041
vt 0.632512 0.633829
vt 0.615672 0.638280
vt 0.634330 0.640251
vt 0.628722 0.656419
vt 0.631402 0.656048
vt 0.625907 0.663064
vt 0.191253 0.147197
vt 0.207029 0.147132
vt 0.207142 0.150284
vt 0.174322 0.142622
vt 0.187583 0.144241
vt 0.190170 0.140999
vt 0.175291 0.133979
vt 0.206118 0.140458
vt 0.216184 0.153393
vt 0.221408 0.152479
vt 0.188493 0.148357
vt 0.205351 0.151620
vt 0.172559 0.144668
vt 0.171579 0.137689
vt 0.218164 0.133963
vt 0.180513 0.122666
vt 0.181689 0.087452
vt 0.219446 0.146719
vt 0.220506 0.150314
vt 0.809202 0.760623
vt 0.808096 0.778140
vt 0.805889 0.758915
vt 0.801624 0.753151
vt 0.800077 0.769547
vt 0.798076 0.753960
vt 0.795885 0.769199
vt 0.794042 0.753183
vt 0.788287 0.781319
vt 0.777144 0.757740
vt 0.784684 0.752392
vt 0.802991 0.740978
vt 0.747529 0.625169
vt 0.753905 0.634407
vt 0.742325 0.626140
vt 0.646171 0.639316
vt 0.649654 0.640094
vt 0.639633 0.647041
vt 0.393410 0.153955
vt 0.418517 0.154017
vt 0.390236 0.155344
vt 0.846134 0.373202
vt 0.830246 0.371599
vt 0.846177 0.371628
vt 0.825732 0.373866
vt 0.812203 0.371521
vt 0.830292 0.370146
vt 0.846171 0.369964
vt 0.419095 0.170092
vt 0.414276 0.209657
vt 0.406509 0.206673
vt 0.407862 0.151079
vt 0.418528 0.152547
vt 0.840070 0.376915
vt 0.808333 0.326166
vt 0.790069 0.299855
vt 0.802027 0.295207
vt 0.820508 0.321564
vt 0.814620 0.288736
vt 0.387489 0.201200
vt 0.392614 0.236328
vt 0.375186 0.229612
vt 0.781761 0.259345
vt 0.789511 0.246824
vt 0.792542 0.255609
vt 0.371597 0.303382
vt 0.368078 0.327014
vt 0.354160 0.326921
vt 0.368248 0.351718
vt 0.355688 0.353117
vt 0.783501 0.204014
vt 0.777250 0.178765
vt 0.787252 0.180148
vt 0.373669 0.375997
vt 0.361306 0.378534
vt 0.370952 0.254456
vt 0.383927 0.259949
vt 0.788467 0.273741
vt 0.800480 0.268382
vt 0.383001 0.404346
vt 0.373240 0.407290
vt 0.369081 0.275680
vt 0.357166 0.301255
vt 0.362981 0.270914
vt 0.349068 0.156966
vt 0.336594 0.158615
vt 0.336274 0.157784
vt 0.362037 0.156066
vt 0.353143 0.157599
vt 0.369323 0.156559
vt 0.377247 0.155006
vt 0.369333 0.157712
vt 0.353533 0.158631
vt 0.353762 0.161607
vt 0.332771 0.168077
vt 0.332365 0.162261
vt 0.361255 0.168333
vt 0.344275 0.179212
vt 0.364387 0.180443
vt 0.359875 0.196278
vt 0.358342 0.154873
vt 0.335860 0.156515
vt 0.380124 0.153145
vt 0.338843 0.245649
vt 0.341236 0.263833
vt 0.331539 0.264934
vt 0.332846 0.318380
vt 0.315313 0.326443
vt 0.317336 0.296709
vt 0.343236 0.299438
vt 0.343179 0.326793
vt 0.333543 0.220168
vt 0.324810 0.243319
vt 0.353590 0.223904
vt 0.352719 0.248908
vt 0.325442 0.384117
vt 0.337722 0.416106
vt 0.318020 0.419525
vt 0.314182 0.259178
vt 0.601535 0.639511
vt 0.598276 0.655851
vt 0.306963 0.159646
vt 0.295777 0.160304
vt 0.295874 0.158929
vt 0.307277 0.160890
vt 0.294291 0.163061
vt 0.295838 0.161056
vt 0.322888 0.160231
vt 0.318289 0.162849
vt 0.306750 0.168462
vt 0.319342 0.168025
vt 0.293144 0.190217
vt 0.293790 0.167896
vt 0.306881 0.158164
vt 0.322051 0.158613
vt 0.322167 0.159400
vt 0.286093 0.161054
vt 0.285867 0.160350
vt 0.285689 0.158999
vt 0.304657 0.240623
vt 0.298511 0.267664
vt 0.305128 0.295772
vt 0.288387 0.307687
vt 0.332099 0.326463
vt 0.301286 0.356830
vt 0.307734 0.385972
vt 0.289637 0.387553
vt 0.298122 0.215828
vt 0.286865 0.238758
vt 0.285982 0.214440
vt 0.311646 0.217359
vt 0.322041 0.355742
vt 0.294139 0.422686
vt 0.266515 0.159227
vt 0.264861 0.159883
vt 0.255026 0.158657
vt 0.276316 0.159512
vt 0.276335 0.160245
vt 0.276228 0.157938
vt 0.264906 0.158145
vt 0.284700 0.167073
vt 0.283685 0.162791
vt 0.257902 0.187499
vt 0.267955 0.212678
vt 0.255744 0.211442
vt 0.243105 0.185961
vt 0.252707 0.165427
vt 0.261210 0.236299
vt 0.261478 0.254490
vt 0.242958 0.235945
vt 0.271119 0.326007
vt 0.263574 0.357886
vt 0.252374 0.325759
vt 0.276743 0.238472
vt 0.285620 0.267097
vt 0.294364 0.294971
vt 0.242016 0.358294
vt 0.250999 0.389590
vt 0.233412 0.390443
vt 0.560490 0.739111
vt 0.567700 0.731299
vt 0.216089 0.154588
vt 0.225509 0.156662
vt 0.215922 0.155303
vt 0.225710 0.155973
vt 0.234146 0.157669
vt 0.234455 0.156984
vt 0.243564 0.158567
vt 0.238461 0.158749
vt 0.228095 0.157650
vt 0.251572 0.159799
vt 0.243863 0.160876
vt 0.232271 0.160009
vt 0.218771 0.162590
vt 0.214774 0.157747
vt 0.244493 0.165630
vt 0.237044 0.164743
vt 0.226265 0.171767
vt 0.223503 0.182772
vt 0.213480 0.168328
vt 0.230945 0.155400
vt 0.243631 0.157853
vt 0.245294 0.156862
vt 0.253075 0.159268
vt 0.253552 0.161480
vt 0.232700 0.208559
vt 0.214515 0.264744
vt 0.235195 0.264027
vt 0.224723 0.322660
vt 0.219580 0.206318
vt 0.210362 0.231162
vt 0.207731 0.204212
vt 0.219871 0.232456
vt 0.205661 0.248068
vt 0.200174 0.230413
vt 0.559494 0.761217
vt 0.554616 0.768168
vt 0.191908 0.150340
vt 0.182872 0.149087
vt 0.181128 0.147981
vt 0.205289 0.152830
vt 0.192272 0.151112
vt 0.190293 0.151584
vt 0.188984 0.153784
vt 0.184254 0.157253
vt 0.176031 0.150814
vt 0.205455 0.153584
vt 0.215119 0.155867
vt 0.205734 0.154363
vt 0.206802 0.156531
vt 0.207893 0.160640
vt 0.210241 0.179602
vt 0.204820 0.166714
vt 0.176647 0.148535
vt 0.167338 0.145307
vt 0.176230 0.243550
vt 0.172128 0.264548
vt 0.165409 0.229429
vt 0.193920 0.246361
vt 0.188658 0.264601
vt 0.181042 0.203167
vt 0.182174 0.229908
vt 0.162562 0.201427
vt 0.202597 0.308971
vt 0.189704 0.358131
vt 0.183040 0.309743
vt 0.187393 0.390202
vt 0.187283 0.427027
vt 0.172230 0.425473
vt 0.178094 0.308495
vt 0.153385 0.354857
vt 0.157574 0.269003
vt 0.554373 0.800122
vt 0.557019 0.793452
vt 0.157493 0.141242
vt 0.152454 0.141293
vt 0.146461 0.138708
vt 0.168013 0.144777
vt 0.142193 0.139184
vt 0.142704 0.138546
vt 0.152507 0.142059
vt 0.141691 0.140881
vt 0.169509 0.160596
vt 0.157430 0.171841
vt 0.150892 0.155187
vt 0.148228 0.137950
vt 0.134806 0.134662
vt 0.166541 0.173627
vt 0.131248 0.135285
vt 0.158211 0.229004
vt 0.141804 0.265617
vt 0.142801 0.228921
vt 0.161655 0.387702
vt 0.138344 0.420356
vt 0.140278 0.384612
vt 0.118272 0.415898
vt 0.121466 0.380861
vt 0.107686 0.126604
vt 0.091710 0.123696
vt 0.092026 0.122441
vt 0.120478 0.131105
vt 0.115103 0.130589
vt 0.099199 0.129186
vt 0.117470 0.138783
vt 0.089037 0.130827
vt 0.092224 0.142533
vt 0.121690 0.148168
vt 0.122411 0.166237
vt 0.078938 0.115391
vt 0.074356 0.117241
vt 0.093396 0.119962
vt 0.106033 0.199781
vt 0.080901 0.202250
vt 0.076306 0.140882
vt 0.070433 0.165103
vt 0.084793 0.125196
vt 0.076967 0.128125
vt 0.077225 0.120889
vt 0.078104 0.119839
vt 0.098973 0.230834
vt 0.107062 0.241401
vt 0.088560 0.243039
vt 0.126808 0.240675
vt 0.112898 0.347874
vt 0.104934 0.287270
vt 0.084036 0.342155
vt 0.090986 0.269101
vt 0.099096 0.345487
vt 0.113905 0.229544
vt 0.127083 0.199342
vt 0.129419 0.229201
vt 0.097487 0.410282
vt 0.101757 0.376291
vt 0.077466 0.403883
vt 0.086249 0.372167
vt 0.047275 0.108478
vt 0.059196 0.114783
vt 0.042686 0.110401
vt 0.067919 0.121141
vt 0.058432 0.125203
vt 0.046116 0.116326
vt 0.052124 0.140854
vt 0.060834 0.207719
vt 0.475956 0.408856
vt 0.489446 0.405137
vt 0.503409 0.403761
vt 0.059893 0.109398
vt 0.481112 0.405371
vt 0.498480 0.401783
vt 0.076968 0.245593
vt 0.079461 0.287587
vt 0.499405 0.255750
vt 0.494785 0.236632
vt 0.502078 0.210845
vt 0.074385 0.339601
vt 0.493102 0.185327
vt 0.507116 0.182520
vt 0.068443 0.337919
vt 0.489206 0.158715
vt 0.505044 0.154563
vt 0.507096 0.283075
vt 0.511867 0.252096
vt 0.520202 0.398803
vt 0.512873 0.398580
vt 0.526689 0.395319
vt 0.481462 0.381029
vt 0.492083 0.358459
vt 0.514783 0.378353
vt 0.549069 0.392881
vt 0.536203 0.394052
vt 0.551216 0.390266
vt 0.537414 0.395161
vt 0.506065 0.401398
vt 0.513819 0.325282
vt 0.518607 0.359269
vt 0.539027 0.392324
vt 0.551062 0.389363
vt 0.507075 0.293897
vt 0.520619 0.285040
vt 0.528516 0.296716
vt 0.518435 0.180543
vt 0.520869 0.150988
vt 0.528779 0.326546
vt 0.544742 0.298680
vt 0.546558 0.326750
vt 0.499477 0.323000
vt 0.506904 0.120722
vt 0.523883 0.116292
vt 0.582622 0.382605
vt 0.575210 0.383574
vt 0.587653 0.380708
vt 0.571773 0.385814
vt 0.562194 0.386675
vt 0.562539 0.388136
vt 0.575417 0.382784
vt 0.587408 0.380011
vt 0.579702 0.379978
vt 0.586697 0.378244
vt 0.562042 0.385936
vt 0.556759 0.385357
vt 0.566891 0.383010
vt 0.540522 0.384591
vt 0.564421 0.379302
vt 0.590621 0.382445
vt 0.594994 0.379739
vt 0.583387 0.383517
vt 0.551141 0.388525
vt 0.539221 0.389475
vt 0.580166 0.375752
vt 0.592767 0.372925
vt 0.547025 0.264628
vt 0.550762 0.223737
vt 0.559420 0.262346
vt 0.573516 0.236931
vt 0.573852 0.205220
vt 0.552494 0.175818
vt 0.574285 0.173417
vt 0.546470 0.146258
vt 0.564366 0.143474
vt 0.554917 0.326464
vt 0.560791 0.298744
vt 0.543708 0.111848
vt 0.595733 0.378093
vt 0.594693 0.376251
vt 0.623433 0.370339
vt 0.620470 0.361739
vt 0.599998 0.356571
vt 0.610390 0.354057
vt 0.624526 0.375089
vt 0.627024 0.373854
vt 0.633640 0.373867
vt 0.596320 0.378818
vt 0.586157 0.352199
vt 0.588202 0.324304
vt 0.631691 0.369288
vt 0.622815 0.366616
vt 0.632199 0.365493
vt 0.625129 0.372568
vt 0.631972 0.371628
vt 0.624993 0.373616
vt 0.632008 0.372624
vt 0.606046 0.296610
vt 0.591935 0.280203
vt 0.610472 0.277904
vt 0.590583 0.264240
vt 0.609072 0.263656
vt 0.603507 0.236204
vt 0.617158 0.235949
vt 0.607434 0.203729
vt 0.590113 0.172157
vt 0.610731 0.171001
vt 0.583376 0.141325
vt 0.603967 0.139755
vt 0.596607 0.323506
vt 0.590591 0.297725
vt 0.572215 0.298815
vt 0.623295 0.139023
vt 0.625629 0.203216
vt 0.624636 0.263522
vt 0.668145 0.369416
vt 0.655718 0.369875
vt 0.665805 0.369051
vt 0.651176 0.370822
vt 0.644446 0.371051
vt 0.636495 0.372539
vt 0.640933 0.370345
vt 0.653011 0.368876
vt 0.651048 0.366605
vt 0.660694 0.365333
vt 0.655573 0.362178
vt 0.647270 0.358241
vt 0.658826 0.355796
vt 0.641489 0.364209
vt 0.633859 0.359828
vt 0.651127 0.349209
vt 0.664037 0.343779
vt 0.658477 0.371095
vt 0.673706 0.369989
vt 0.646504 0.372936
vt 0.643608 0.324195
vt 0.651243 0.324210
vt 0.655661 0.322160
vt 0.662421 0.319338
vt 0.667946 0.367464
vt 0.678860 0.364340
vt 0.637450 0.297805
vt 0.628290 0.277279
vt 0.645655 0.276740
vt 0.645467 0.202794
vt 0.632081 0.170377
vt 0.645761 0.170258
vt 0.640952 0.138938
vt 0.651751 0.297666
vt 0.651645 0.275539
vt 0.628673 0.102885
vt 0.692398 0.368569
vt 0.700957 0.368007
vt 0.701565 0.368543
vt 0.688844 0.368125
vt 0.700361 0.366897
vt 0.690624 0.366913
vt 0.699627 0.364518
vt 0.698828 0.369543
vt 0.711562 0.368692
vt 0.712176 0.370600
vt 0.700527 0.344913
vt 0.685957 0.321346
vt 0.693731 0.320404
vt 0.702451 0.360936
vt 0.711630 0.364818
vt 0.711211 0.368099
vt 0.682499 0.297179
vt 0.689000 0.273214
vt 0.708591 0.291439
vt 0.676181 0.273843
vt 0.684355 0.260868
vt 0.676082 0.234478
vt 0.677093 0.202943
vt 0.695620 0.233732
vt 0.659953 0.170576
vt 0.667640 0.140071
vt 0.679249 0.171441
vt 0.661991 0.294077
vt 0.678146 0.320939
vt 0.700106 0.171769
vt 0.690015 0.141479
vt 0.707027 0.142222
vt 0.749462 0.370357
vt 0.739246 0.369088
vt 0.749750 0.369495
vt 0.723071 0.369159
vt 0.730595 0.368743
vt 0.735178 0.369739
vt 0.722979 0.368441
vt 0.753646 0.368818
vt 0.739063 0.368314
vt 0.725939 0.367779
vt 0.749500 0.366490
vt 0.738677 0.366309
vt 0.717539 0.361490
vt 0.726431 0.365752
vt 0.740455 0.355295
vt 0.729038 0.342280
vt 0.749050 0.337125
vt 0.725990 0.356917
vt 0.713385 0.344354
vt 0.711666 0.356217
vt 0.747323 0.372134
vt 0.723086 0.370271
vt 0.734470 0.370878
vt 0.712963 0.316116
vt 0.724947 0.314357
vt 0.742698 0.361925
vt 0.765973 0.350438
vt 0.702008 0.271457
vt 0.721963 0.289394
vt 0.719704 0.269422
vt 0.722126 0.237500
vt 0.743494 0.265951
vt 0.732500 0.204148
vt 0.707717 0.259102
vt 0.709157 0.233060
vt 0.717489 0.202666
vt 0.701020 0.202634
vt 0.724065 0.173099
vt 0.710858 0.172109
vt 0.722511 0.143832
vt 0.751144 0.284318
vt 0.751234 0.308632
vt 0.742272 0.146704
vt 0.746454 0.175173
vt 0.814788 0.668630
vt 0.812680 0.680778
vt 0.795910 0.372362
vt 0.780724 0.370781
vt 0.795813 0.371230
vt 0.767100 0.371189
vt 0.781059 0.371840
vt 0.788463 0.370004
vt 0.809876 0.370269
vt 0.774691 0.369633
vt 0.767188 0.370239
vt 0.774911 0.367140
vt 0.795808 0.367104
vt 0.790648 0.359843
vt 0.809415 0.359316
vt 0.771244 0.360760
vt 0.800896 0.374196
vt 0.811905 0.372758
vt 0.777021 0.373132
vt 0.762340 0.372294
vt 0.793414 0.330137
vt 0.771774 0.304883
vt 0.811971 0.366896
vt 0.769240 0.280072
vt 0.763384 0.263206
vt 0.765771 0.252057
vt 0.748290 0.246753
vt 0.754792 0.230444
vt 0.757823 0.149384
vt 0.764573 0.177196
vt 0.742072 0.203096
vt 0.769634 0.229164
vt 0.777856 0.249868
vt 0.798701 0.651168
vt 0.799442 0.662603
vt 0.689096 0.695826
vt 0.642129 0.722693
vt 0.660057 0.676638
vt 0.765146 0.734714
vt 0.736490 0.712132
vt 0.763882 0.692394
vt 0.760146 0.755505
vt 0.735043 0.858641
vt 0.742344 0.811443
vt 0.771237 0.840981
vt 0.614164 0.770794
vt 0.647512 0.819331
vt 0.602452 0.823492
vt 0.649503 0.761832
vt 0.731730 0.673909
vt 0.775203 0.736335
vt 0.768460 0.794608
vt 0.785726 0.813781
vt 0.752918 0.877830
vt 0.591329 0.793104
vt 0.604741 0.728158
vt 0.624075 0.697555
vt 0.606395 0.888523
vt 0.616501 0.897852
vt 0.616831 0.903592
vt 0.596245 0.871225
vt 0.595735 0.864118
vt 0.605509 0.881454
vt 0.623118 0.899384
vt 0.604304 0.872558
vt 0.628921 0.897970
vt 0.603703 0.862565
vt 0.608581 0.861311
vt 0.634024 0.894759
vt 0.609142 0.901908
vt 0.615111 0.905485
vt 0.616668 0.912470
vt 0.602589 0.891841
vt 0.607874 0.895293
vt 0.597318 0.881557
vt 0.601701 0.885541
vt 0.594853 0.873123
vt 0.597910 0.860799
vt 0.625265 0.908532
vt 0.598200 0.700106
vt 0.604360 0.695147
vt 0.595304 0.710833
vt 0.605708 0.689404
vt 0.614112 0.685845
vt 0.603728 0.701265
vt 0.597126 0.719581
vt 0.593385 0.720209
vt 0.610514 0.696765
vt 0.599138 0.724663
vt 0.619015 0.692325
vt 0.591685 0.710142
vt 0.593894 0.709179
vt 0.588641 0.718881
vt 0.610305 0.686320
vt 0.618145 0.686328
vt 0.587739 0.727513
vt 0.790949 0.681667
vt 0.792028 0.688603
vt 0.789039 0.682835
vt 0.794057 0.687397
vt 0.794124 0.694051
vt 0.785979 0.685625
vt 0.790386 0.692944
vt 0.799769 0.721245
vt 0.796818 0.722906
vt 0.786271 0.694686
vt 0.778538 0.690631
vt 0.791783 0.712791
vt 0.788891 0.720987
vt 0.769678 0.696044
vt 0.773883 0.683598
vt 0.784742 0.671993
vt 0.796504 0.693575
vt 0.802211 0.718853
vt 0.777025 0.714415
vt 0.768979 0.718567
vt 0.779050 0.667867
vt 0.783973 0.873450
vt 0.787357 0.862681
vt 0.792892 0.859282
vt 0.774373 0.881255
vt 0.761126 0.890440
vt 0.773729 0.875087
vt 0.784816 0.850344
vt 0.785370 0.858825
vt 0.758500 0.885234
vt 0.780508 0.847847
vt 0.792166 0.868974
vt 0.796655 0.857073
vt 0.773691 0.887680
vt 0.763434 0.894477
vt 0.794677 0.849202
vt 0.790821 0.848830
vt 0.574201 0.786411
vt 0.576359 0.779003
vt 0.575947 0.791137
vt 0.575514 0.768098
vt 0.574632 0.777071
vt 0.576914 0.758857
vt 0.578233 0.762081
vt 0.578290 0.791126
vt 0.581813 0.755275
vt 0.579402 0.771690
vt 0.581232 0.789042
vt 0.583172 0.764942
vt 0.585056 0.792569
vt 0.588099 0.758210
vt 0.594088 0.760190
vt 0.585150 0.753909
vt 0.574289 0.795906
vt 0.737702 0.627395
vt 0.736028 0.622583
vt 0.754189 0.637341
vt 0.751499 0.638338
vt 0.663546 0.636292
vt 0.662871 0.641344
vt 0.652136 0.644301
vt 0.751446 0.642379
vt 0.737819 0.632086
vt 0.650870 0.654757
vt 0.646315 0.652993
vt 0.668320 0.644072
vt 0.650629 0.663380
vt 0.742532 0.640897
vt 0.748382 0.652127
vt 0.724980 0.640401
vt 0.742501 0.657082
vt 0.755127 0.651219
vt 0.711973 0.668221
vt 0.638121 0.655738
vt 0.647955 0.644104
vt 0.637565 0.652923
vt 0.811735 0.802495
vt 0.808869 0.807979
vt 0.811085 0.814563
vt 0.805214 0.817147
vt 0.805758 0.808833
vt 0.805077 0.782272
vt 0.801997 0.811901
vt 0.801890 0.794553
vt 0.796184 0.813712
vt 0.797670 0.795093
vt 0.790426 0.794961
vt 0.792297 0.775216
vt 0.814276 0.797387
vt 0.811307 0.780608
vt 0.810216 0.820810
vt 0.808076 0.818514
vt 0.800788 0.821253
vt 0.780659 0.793674
vt 0.579125 0.830727
vt 0.582551 0.836266
vt 0.582286 0.842312
vt 0.587297 0.850803
vt 0.591169 0.860543
vt 0.582748 0.827521
vt 0.587733 0.844115
vt 0.588423 0.836175
vt 0.589988 0.827487
vt 0.594499 0.827375
vt 0.578743 0.835617
vt 0.580278 0.842917
vt 0.585268 0.824762
vt 0.626719 0.666896
vt 0.629983 0.668017
vt 0.617064 0.677784
vt 0.639043 0.664587
vt 0.613742 0.678400
vt 0.620931 0.669798
vt 0.804893 0.733889
vt 0.784530 0.734532
vt 0.752462 0.910148
vt 0.765739 0.897044
vt 0.750273 0.906793
vt 0.637564 0.913960
vt 0.745279 0.904209
vt 0.648629 0.914284
vt 0.655396 0.903029
vt 0.756038 0.915523
vt 0.758526 0.908566
vt 0.768248 0.901559
vt 0.625613 0.922977
vt 0.632823 0.926126
vt 0.633041 0.931174
vt 0.623320 0.915701
vt 0.624707 0.913122
vt 0.582206 0.735849
vt 0.581653 0.746224
vt 0.585735 0.727356
vt 0.587301 0.736020
vt 0.592539 0.730369
vt 0.579407 0.747481
vt 0.576039 0.755816
vt 0.777292 0.661963
vt 0.765790 0.652175
vt 0.777741 0.670859
vt 0.774819 0.673198
vt 0.763752 0.654430
vt 0.765089 0.648000
vt 0.767517 0.646745
vt 0.805635 0.836687
vt 0.806405 0.826508
vt 0.808676 0.827228
vt 0.801876 0.846140
vt 0.803351 0.835984
vt 0.798107 0.848854
vt 0.800717 0.834376
vt 0.803742 0.824887
vt 0.791397 0.820103
vt 0.795783 0.822869
vt 0.575085 0.806848
vt 0.576504 0.802275
vt 0.578678 0.819165
vt 0.579458 0.807269
vt 0.581748 0.800254
vt 0.573907 0.814256
vt 0.576631 0.818584
vt 0.573399 0.804920
vt 0.184214 0.029160
vt 0.123755 0.035150
vt 0.677552 0.418428
vt 0.592012 0.462827
vt 0.613180 0.419361
vt 0.140909 0.111783
vt 0.556091 0.412138
vt 0.525779 0.485334
vt 0.502154 0.438138
vt 0.630118 0.398223
vt 0.593903 0.397830
vt 0.669070 0.389461
vt 0.752170 0.435918
vt 0.707468 0.396724
vt 0.750430 0.396159
vt 0.800655 0.402996
vt 0.656478 0.373533
vt 0.648484 0.376516
vt 0.638558 0.379388
vt 0.636647 0.375670
vt 0.668209 0.372875
vt 0.666343 0.376305
vt 0.657954 0.381040
vt 0.632649 0.387316
vt 0.629214 0.381145
vt 0.670120 0.381079
vt 0.628293 0.377630
vt 0.627886 0.375946
vt 0.113383 0.125275
vt 0.121275 0.124727
vt 0.137548 0.132935
vt 0.092510 0.115763
vt 0.103865 0.113170
vt 0.122316 0.130175
vt 0.131626 0.123189
vt 0.139942 0.131023
vt 0.314413 0.156170
vt 0.296455 0.154011
vt 0.325169 0.153388
vt 0.286136 0.145930
vt 0.287544 0.134140
vt 0.328338 0.133053
vt 0.318716 0.157613
vt 0.330449 0.155205
vt 0.291839 0.156987
vt 0.722824 0.372374
vt 0.711502 0.374043
vt 0.731912 0.378205
vt 0.718439 0.377137
vt 0.732790 0.373107
vt 0.748797 0.378047
vt 0.752995 0.383980
vt 0.707726 0.383986
vt 0.757587 0.373739
vt 0.748948 0.375325
vt 0.704015 0.378230
vt 0.531750 0.398490
vt 0.522998 0.404262
vt 0.506394 0.405196
vt 0.541715 0.399221
vt 0.500789 0.420915
vt 0.500803 0.410995
vt 0.553642 0.399111
vt 0.533788 0.409431
vt 0.554866 0.393262
vt 0.240556 0.154679
vt 0.243033 0.152934
vt 0.249866 0.145716
vt 0.255560 0.156097
vt 0.256302 0.153860
vt 0.404157 0.148652
vt 0.416312 0.142292
vt 0.426795 0.148158
vt 0.840662 0.383919
vt 0.815098 0.387558
vt 0.819937 0.378833
vt 0.381259 0.138240
vt 0.408857 0.128947
vt 0.382639 0.126276
vt 0.413621 0.104338
vt 0.802157 0.377978
vt 0.366852 0.101177
vt 0.798600 0.382971
vt 0.596972 0.381657
vt 0.612399 0.381200
vt 0.594628 0.384870
vt 0.598569 0.389474
vt 0.614225 0.386961
vt 0.587853 0.389258
vt 0.155410 0.135758
vt 0.156505 0.138555
vt 0.146507 0.130058
vt 0.150352 0.126207
vt 0.349606 0.151145
vt 0.343279 0.146305
vt 0.373094 0.147330
vt 0.373513 0.151497
vt 0.350801 0.153555
vt 0.324685 0.147816
vt 0.391500 0.145232
vt 0.700653 0.371021
vt 0.699223 0.372921
vt 0.679289 0.371179
vt 0.699811 0.375291
vt 0.068059 0.107130
vt 0.045657 0.101190
vt 0.053103 0.095921
vt 0.483431 0.412421
vt 0.475225 0.421246
vt 0.463578 0.417560
vt 0.069356 0.093522
vt 0.080355 0.106485
vt 0.463936 0.432135
vt 0.458894 0.412427
vt 0.273530 0.154341
vt 0.266972 0.156903
vt 0.263098 0.150471
vt 0.279697 0.151687
vt 0.245434 0.150623
vt 0.300978 0.150768
vt 0.773475 0.377262
vt 0.771855 0.381203
vt 0.779108 0.375183
vt 0.569835 0.388413
vt 0.568612 0.391445
vt 0.584176 0.385424
vt 0.576557 0.394894
vt 0.791478 0.668057
vt 0.784635 0.659270
vt 0.776196 0.652345
vt 0.764515 0.641253
vt 0.771264 0.647339
vt 0.789741 0.669027
vt 0.760279 0.632799
vt 0.799710 0.680661
vt 0.804047 0.687567
vt 0.807458 0.693490
vt 0.795267 0.677776
vt 0.795634 0.674739
vt 0.801677 0.688688
vt 0.802035 0.694770
vt 0.800763 0.695460
vt 0.812035 0.689724
vt 0.818344 0.700069
vt 0.817753 0.732411
vt 0.817730 0.723379
vt 0.822753 0.731766
vt 0.815457 0.716268
vt 0.815676 0.737197
vt 0.812751 0.721620
vt 0.819930 0.742520
vt 0.808153 0.714381
vt 0.811204 0.726570
vt 0.803589 0.713371
vt 0.806311 0.715350
vt 0.813433 0.751876
vt 0.827887 0.775906
vt 0.829490 0.782245
vt 0.825342 0.785687
vt 0.815669 0.750476
vt 0.822841 0.808968
vt 0.826593 0.811614
vt 0.821976 0.813787
vt 0.822552 0.821421
vt 0.819295 0.818235
vt 0.819828 0.801715
vt 0.818595 0.811362
vt 0.816393 0.815609
vt 0.818211 0.822963
vt 0.816862 0.820354
vt 0.815060 0.822174
vt 0.822343 0.792805
vt 0.813345 0.839524
vt 0.816189 0.846216
vt 0.809527 0.849285
vt 0.817872 0.830600
vt 0.815716 0.830193
vt 0.824399 0.829638
vt 0.801289 0.875803
vt 0.794189 0.879046
vt 0.794941 0.886566
vt 0.787552 0.889250
vt 0.787902 0.897167
vt 0.782034 0.896986
vt 0.797183 0.870672
vt 0.794113 0.869517
vt 0.805611 0.884293
vt 0.797513 0.894931
vt 0.788010 0.909144
vt 0.778726 0.905477
vt 0.775184 0.904493
vt 0.777975 0.889858
vt 0.775936 0.914703
vt 0.767135 0.914781
vt 0.762696 0.922140
vt 0.758370 0.923209
vt 0.759537 0.919081
vt 0.629260 0.934690
vt 0.625188 0.933128
vt 0.621924 0.926087
vt 0.758090 0.917901
vt 0.772196 0.929975
vt 0.765806 0.924886
vt 0.614747 0.918182
vt 0.608999 0.910071
vt 0.602103 0.906650
vt 0.603589 0.901990
vt 0.598780 0.894115
vt 0.593511 0.883604
vt 0.614438 0.913763
vt 0.606922 0.903166
vt 0.574421 0.849171
vt 0.576704 0.844076
vt 0.574385 0.834947
vt 0.584098 0.863542
vt 0.580334 0.859296
vt 0.580344 0.853667
vt 0.572208 0.832096
vt 0.584925 0.851964
vt 0.587992 0.873753
vt 0.583282 0.866794
vt 0.570623 0.825724
vt 0.566957 0.823235
vt 0.568150 0.814928
vt 0.565153 0.810807
vt 0.570359 0.819847
vt 0.569226 0.801016
vt 0.568531 0.809451
vt 0.571728 0.804337
vt 0.571079 0.810067
vt 0.571933 0.817104
vt 0.572260 0.795570
vt 0.570423 0.795907
vt 0.562081 0.826698
vt 0.560453 0.816175
vt 0.559434 0.806070
vt 0.569184 0.790903
vt 0.569029 0.763353
vt 0.569599 0.771994
vt 0.568960 0.781481
vt 0.571252 0.762509
vt 0.570354 0.786322
vt 0.572408 0.762458
vt 0.574026 0.759819
vt 0.570752 0.757920
vt 0.573129 0.755612
vt 0.568033 0.795591
vt 0.572610 0.747554
vt 0.579695 0.723104
vt 0.575574 0.728840
vt 0.577733 0.718742
vt 0.582705 0.720867
vt 0.582018 0.725889
vt 0.583112 0.715235
vt 0.583931 0.726360
vt 0.586858 0.717208
vt 0.573951 0.748479
vt 0.586121 0.708289
vt 0.582831 0.707019
vt 0.589606 0.701902
vt 0.590143 0.695301
vt 0.596147 0.692656
vt 0.601038 0.681895
vt 0.586659 0.711779
vt 0.596005 0.698411
vt 0.574772 0.711620
vt 0.607391 0.674480
vt 0.615615 0.665580
vt 0.618555 0.666571
vt 0.606036 0.672267
vt 0.803588 0.767240
vt 0.744444 0.616731
vt 0.744007 0.612314
vt 0.752229 0.619334
vt 0.644976 0.632787
vt 0.654258 0.629613
vt 0.641627 0.639257
vt 0.748809 0.622923
vt 0.755780 0.626771
vt 0.757518 0.634452
vt 0.739024 0.618540
vt 0.656034 0.631861
vt 0.660604 0.631924
vt 0.388235 0.168629
vt 0.390757 0.182975
vt 0.844570 0.354460
vt 0.828893 0.357084
vt 0.373792 0.282950
vt 0.377200 0.274047
vt 0.787598 0.227098
vt 0.779619 0.228078
vt 0.770496 0.203732
vt 0.369484 0.160995
vt 0.335687 0.193497
vt 0.329766 0.178302
vt 0.352986 0.266424
vt 0.340572 0.354455
vt 0.357147 0.411689
vt 0.342658 0.381749
vt 0.322387 0.271122
vt 0.624120 0.629491
vt 0.314283 0.191788
vt 0.308380 0.269068
vt 0.280681 0.357609
vt 0.272227 0.388521
vt 0.588084 0.671479
vt 0.262531 0.161980
vt 0.265253 0.160553
vt 0.272526 0.162419
vt 0.275209 0.166646
vt 0.266534 0.166150
vt 0.264459 0.175168
vt 0.276762 0.188027
vt 0.254967 0.157639
vt 0.252965 0.265609
vt 0.250197 0.293427
vt 0.239998 0.325643
vt 0.265266 0.293854
vt 0.229630 0.233529
vt 0.205109 0.264578
vt 0.213053 0.359180
vt 0.226070 0.358640
vt 0.553509 0.778055
vt 0.189321 0.165429
vt 0.200116 0.178655
vt 0.188022 0.177739
vt 0.198801 0.203550
vt 0.164115 0.151842
vt 0.170359 0.356632
vt 0.157122 0.423484
vt 0.163132 0.145042
vt 0.151921 0.143791
vt 0.145527 0.169581
vt 0.145321 0.200074
vt 0.140071 0.352384
vt 0.091579 0.124795
vt 0.115758 0.131724
vt 0.124051 0.136093
vt 0.130897 0.136026
vt 0.129767 0.141862
vt 0.124967 0.296748
vt 0.127038 0.350768
vt 0.083272 0.233227
vt 0.069349 0.366957
vt 0.461109 0.409135
vt 0.057505 0.115876
vt 0.040301 0.123064
vt 0.470005 0.396625
vt 0.457737 0.380753
vt 0.478322 0.317109
vt 0.493238 0.279653
vt 0.071260 0.236659
vt 0.483040 0.128159
vt 0.473892 0.131365
vt 0.524185 0.388014
vt 0.503875 0.391749
vt 0.538771 0.391514
vt 0.536817 0.207792
vt 0.520053 0.258251
vt 0.522125 0.251475
vt 0.520595 0.209252
vt 0.530810 0.178681
vt 0.531601 0.148879
vt 0.573234 0.368559
vt 0.577734 0.353353
vt 0.586978 0.365889
vt 0.561909 0.355492
vt 0.559170 0.371206
vt 0.565102 0.284377
vt 0.550887 0.286052
vt 0.574812 0.264299
vt 0.574789 0.325261
vt 0.563183 0.326023
vt 0.571661 0.106989
vt 0.583587 0.204768
vt 0.596380 0.236420
vt 0.595855 0.367474
vt 0.596981 0.380280
vt 0.616917 0.323351
vt 0.626560 0.351196
vt 0.623227 0.297043
vt 0.628410 0.323600
vt 0.574695 0.283072
vt 0.588806 0.104965
vt 0.635801 0.235555
vt 0.643538 0.263190
vt 0.612234 0.103333
vt 0.642912 0.103025
vt 0.660515 0.202736
vt 0.651680 0.235083
vt 0.677190 0.344847
vt 0.673370 0.354381
vt 0.700097 0.355556
vt 0.672915 0.261332
vt 0.678714 0.296093
vt 0.656917 0.139384
vt 0.826399 0.711083
vt 0.727717 0.361711
vt 0.704163 0.259401
vt 0.732247 0.111125
vt 0.718296 0.108765
vt 0.822549 0.677489
vt 0.822054 0.687267
vt 0.828746 0.697789
vt 0.822658 0.698152
vt 0.779920 0.332844
vt 0.756051 0.203434
vt 0.770380 0.151765
vt 0.811713 0.657405
vt 0.705056 0.701432
vt 0.641254 0.885262
vt 0.687006 0.815731
vt 0.671981 0.875500
vt 0.616819 0.854415
vt 0.691192 0.738627
vt 0.705994 0.801748
vt 0.789423 0.869762
vt 0.677450 0.668625
vt 0.658861 0.635975
vt 0.782702 0.712498
vt 0.790016 0.753673
vt 0.637774 0.921037
vt 0.768394 0.898132
vt 0.751176 0.915642
vt 0.767931 0.674707
vt 0.797263 0.832632
vt 0.227766 0.083031
vt 0.266703 0.008596
vt 0.628877 0.523877
vt 0.694551 0.525858
vt 0.361613 0.040119
vt 0.253266 0.134834
vt 0.809955 0.461685
vt 0.096992 0.094842
vt 0.832966 0.397748
vt 0.056036 0.070938
vt 0.775197 0.634973
vt 0.780051 0.655679
vt 0.766417 0.624859
vt 0.799500 0.684293
vt 0.817857 0.768108
vt 0.827192 0.756814
vt 0.828629 0.802395
vt 0.823928 0.802387
vt 0.825298 0.793442
vt 0.828773 0.793013
vt 0.821489 0.802003
vt 0.820099 0.811655
vt 0.811365 0.838815
vt 0.814372 0.829761
vt 0.819419 0.837722
vt 0.807557 0.848478
vt 0.809840 0.877376
vt 0.625811 0.937674
vt 0.622478 0.940373
vt 0.623139 0.924749
vt 0.630684 0.933393
vt 0.615757 0.945381
vt 0.600444 0.892980
vt 0.594641 0.882779
vt 0.576822 0.860616
vt 0.577748 0.851787
vt 0.581466 0.853099
vt 0.578279 0.843350
vt 0.575599 0.833458
vt 0.572494 0.824677
vt 0.561953 0.837051
vt 0.570798 0.721485
vt 0.591422 0.702252
vt 0.583929 0.692245
vt 0.579128 0.701786
vt 0.646899 0.620488
vt 0.651335 0.625486
vt 0.748470 0.607259
vt 0.756754 0.615029
vt 0.656145 0.625683
vt 0.740790 0.616251
vt 0.418154 0.155600
vt 0.389136 0.156688
vt 0.419651 0.160098
vt 0.390329 0.160328
vt 0.829927 0.366083
vt 0.845965 0.365094
vt 0.781755 0.154122
vt 0.792396 0.156518
vt 0.787785 0.124693
vt 0.799578 0.128307
vt 0.336992 0.159527
vt 0.769034 0.614496
vt 0.784162 0.602354
vt 0.781026 0.622438
vt 0.761967 0.599409
vt 0.634342 0.618867
vt 0.639568 0.607183
vt 0.592992 0.663821
vt 0.273242 0.424574
vt 0.276518 0.160925
vt 0.249507 0.426342
vt 0.233902 0.427290
vt 0.203117 0.358777
vt 0.212802 0.391094
vt 0.202339 0.391007
vt 0.223240 0.390862
vt 0.222799 0.427796
vt 0.211181 0.428018
vt 0.199679 0.427807
vt 0.162076 0.146919
vt 0.150392 0.147477
vt 0.141195 0.144802
vt 0.139209 0.152049
vt 0.059284 0.397095
vt 0.461649 0.407508
vt 0.481055 0.404074
vt 0.042259 0.112021
vt 0.460637 0.404616
vt 0.479454 0.401693
vt 0.498239 0.398284
vt 0.498221 0.400696
vt 0.489828 0.289151
vt 0.059911 0.363684
vt 0.048687 0.392748
vt 0.492287 0.125106
vt 0.526875 0.394333
vt 0.512974 0.397527
vt 0.525932 0.392508
vt 0.512133 0.395517
vt 0.538242 0.375037
vt 0.541996 0.357789
vt 0.557514 0.109164
vt 0.641012 0.367926
vt 0.636328 0.350298
vt 0.675458 0.360230
vt 0.651776 0.262637
vt 0.656902 0.103624
vt 0.710845 0.367063
vt 0.704484 0.317317
vt 0.668119 0.104456
vt 0.691730 0.106429
vt 0.706510 0.107413
vt 0.832976 0.708682
vt 0.836544 0.718617
vt 0.829088 0.720517
vt 0.746786 0.114102
vt 0.752856 0.265065
vt 0.762653 0.117841
vt 0.776887 0.121563
vt 0.787472 0.630613
vt 0.776348 0.888516
vt 0.783329 0.879011
vt 0.634549 0.923475
vt 0.481571 0.457892
s 1
usemtl taco_de_baseball
f 480/1/1 106/2/2 613/3/3
f 611/4/4 613/3/3 615/5/5
f 612/6/6 614/7/7 98/8/8
f 619/9/9 623/10/10 622/11/11
f 1244/12/12 480/1/1 611/4/4
f 623/10/13 5/13/14 103/14/15
f 622/11/16 103/14/17 102/15/18
f 634/16/19 635/17/20 638/18/21
f 476/19/22 475/20/23 624/21/24
f 116/22/25 641/23/26 629/24/27
f 117/25/28 118/26/29 633/27/30
f 636/28/31 113/29/32 112/30/33
f 635/17/34 112/30/35 111/31/36
f 638/18/37 111/31/38 110/32/39
f 623/10/13 110/32/39 5/13/14
f 109/33/40 638/18/21 623/10/10
f 648/34/41 8/35/42 121/36/43
f 651/37/44 655/38/45 654/39/46
f 652/40/47 655/38/45 651/37/44
f 653/41/48 656/42/49 652/40/50
f 132/43/51 10/44/52 658/45/53
f 658/45/54 126/46/55 8/35/56
f 669/47/57 132/43/58 131/48/59
f 672/49/60 674/50/61 669/47/62
f 141/51/63 12/52/64 676/53/65
f 676/53/66 134/54/67 675/55/68
f 688/56/69 690/57/70 687/58/71
f 689/59/72 691/60/73 688/56/74
f 686/61/75 692/62/76 689/59/77
f 52/63/78 677/64/79 453/65/80
f 148/66/81 681/67/82 677/64/79
f 150/68/83 14/69/84 692/62/85
f 692/62/86 144/70/87 691/60/88
f 691/60/89 143/71/90 690/57/91
f 690/57/92 142/72/93 141/51/94
f 702/73/95 152/74/96 701/75/97
f 703/76/98 158/77/99 702/73/95
f 696/78/100 149/79/101 148/66/102
f 164/80/103 709/81/104 706/82/105
f 712/83/106 717/84/107 157/85/108
f 58/86/109 706/82/105 440/87/110
f 718/88/111 721/89/112 436/90/113
f 173/91/114 722/92/115 719/93/116
f 172/94/117 173/91/114 719/93/116
f 176/95/118 20/96/119 729/97/120
f 182/98/121 732/99/122 433/100/123
f 743/101/124 177/102/125 176/95/126
f 740/103/127 176/95/128 175/104/129
f 746/105/130 190/106/131 750/107/132
f 756/108/133 22/109/134 185/110/135
f 759/111/136 760/112/137 423/113/138
f 760/112/137 761/114/139 758/115/140
f 962/116/141 423/113/138 758/115/140
f 768/117/142 195/118/143 767/119/144
f 767/119/145 194/120/146 770/121/147
f 771/122/148 197/123/149 66/124/150
f 416/125/151 772/126/152 771/122/148
f 777/127/153 780/128/154 776/129/155
f 780/128/154 783/130/156 779/131/157
f 783/130/156 201/132/158 781/133/159
f 792/134/160 795/135/161 210/136/162
f 72/137/163 786/138/164 907/139/165
f 218/140/166 796/141/167 794/142/168
f 796/141/167 30/143/169 214/144/170
f 797/145/171 799/146/172 405/147/173
f 800/148/174 801/149/175 797/145/171
f 223/150/176 222/151/177 805/152/178
f 804/153/179 219/154/180 218/140/181
f 403/155/182 797/145/171 404/156/183
f 32/157/184 403/155/182 883/158/185
f 224/159/186 800/148/174 403/155/182
f 807/160/187 220/161/188 1320/162/189
f 219/154/190 30/143/169 796/141/167
f 809/163/191 810/164/192 808/165/193
f 566/166/194 811/167/195 809/163/191
f 812/168/196 568/169/197 813/170/198
f 25/171/199 808/165/200 1405/172/201
f 189/173/202 809/163/203 188/174/204
f 23/175/205 809/163/203 189/173/202
f 566/166/194 567/176/206 811/167/195
f 85/177/207 569/178/208 565/179/209
f 810/164/210 570/180/211 1407/181/212
f 808/165/193 1407/181/213 1405/172/214
f 492/182/215 815/183/216 814/184/217
f 1327/185/218 817/186/219 1328/187/220
f 1328/187/221 818/188/222 491/189/223
f 77/190/224 484/191/225 76/192/226
f 492/182/215 814/184/217 1326/193/227
f 829/194/228 3/195/229 1298/196/230
f 830/197/231 94/198/232 1/199/233
f 830/197/231 1/199/233 222/151/234
f 93/200/235 832/201/236 92/202/237
f 831/203/238 833/204/239 832/205/236
f 95/206/240 233/207/241 833/204/239
f 832/205/242 835/208/243 834/209/244
f 839/210/245 841/211/246 840/212/247
f 97/213/248 831/214/249 93/200/250
f 96/215/251 95/206/252 831/203/253
f 237/216/254 35/217/255 395/218/256
f 841/219/257 395/218/256 396/220/258
f 87/221/259 396/222/260 34/223/261
f 238/224/262 846/225/263 845/226/264
f 847/227/265 849/228/266 228/229/267
f 228/229/268 850/230/269 227/231/270
f 849/232/266 851/233/271 850/234/269
f 850/230/272 852/235/273 226/236/274
f 396/222/275 231/237/276 34/223/277
f 396/222/275 842/238/278 231/237/276
f 395/218/279 843/239/280 842/240/281
f 852/235/273 397/241/282 398/242/283
f 844/243/284 229/244/285 230/245/286
f 857/246/287 382/247/288 381/248/289
f 858/249/290 860/250/291 857/246/287
f 858/249/290 861/251/292 860/250/291
f 859/252/293 92/202/237 861/251/294
f 860/250/295 863/253/296 862/254/297
f 864/255/298 385/256/299 384/257/300
f 866/258/301 867/259/302 385/256/303
f 868/260/304 869/261/305 867/259/306
f 221/262/307 857/246/308 31/263/309
f 221/262/307 859/252/310 858/249/311
f 2/264/312 93/200/313 859/252/310
f 870/265/314 872/266/315 873/267/316
f 876/268/317 391/269/318 390/270/319
f 875/271/320 877/272/321 876/268/322
f 70/273/323 870/265/324 388/274/325
f 401/275/326 871/276/327 870/265/328
f 393/277/329 402/278/330 71/279/331
f 388/274/332 873/267/333 899/280/334
f 883/158/185 404/156/183 880/281/335
f 404/156/183 405/147/173 882/282/336
f 885/283/337 887/284/338 884/285/339
f 890/286/340 374/287/341 889/288/342
f 891/289/343 892/290/344 890/286/345
f 891/289/343 384/257/346 892/290/344
f 892/290/347 894/291/348 374/287/349
f 892/290/347 895/292/350 894/291/348
f 894/291/351 376/293/352 893/294/353
f 216/295/354 886/296/355 885/283/356
f 381/248/289 888/297/357 886/296/358
f 889/288/342 374/287/341 373/298/359
f 884/285/339 372/299/360 29/300/361
f 388/274/332 899/280/334 897/301/362
f 898/302/363 901/303/364 902/304/365
f 901/303/364 903/305/366 902/304/365
f 904/306/367 906/307/368 905/308/369
f 407/309/370 377/310/371 67/311/372
f 70/273/323 388/274/325 406/312/373
f 392/313/374 393/277/329 906/307/375
f 906/307/375 71/279/376 408/314/377
f 908/315/378 910/316/379 361/317/380
f 909/318/381 910/316/379 908/315/378
f 29/300/361 911/319/382 909/318/381
f 204/320/383 908/315/384 205/321/385
f 29/300/361 909/318/381 204/320/383
f 374/287/386 375/322/387 916/323/388
f 921/324/389 411/325/390 412/326/391
f 921/324/389 412/326/391 366/327/392
f 365/328/393 921/324/389 366/327/394
f 922/329/395 925/330/396 924/331/397
f 929/332/398 930/333/399 928/334/400
f 67/311/372 923/335/401 411/325/402
f 378/336/403 379/337/404 923/335/405
f 370/338/406 931/339/407 371/340/408
f 933/341/409 415/342/410 416/125/151
f 351/343/411 937/344/412 352/345/413
f 934/346/414 938/347/415 937/344/412
f 935/348/416 939/349/417 938/347/415
f 938/347/418 941/350/419 940/351/420
f 939/349/421 363/352/422 941/350/423
f 941/350/424 943/353/425 942/354/426
f 942/354/427 944/355/428 354/356/429
f 943/353/430 947/357/431 945/358/432
f 946/359/433 948/360/434 355/361/435
f 947/357/431 948/360/434 946/359/433
f 947/357/431 366/327/394 948/360/434
f 25/171/436 934/346/437 351/343/438
f 196/362/439 935/348/440 934/346/437
f 196/362/439 936/363/441 935/348/440
f 27/364/442 361/317/443 936/363/441
f 936/363/444 362/365/445 939/349/417
f 363/352/446 364/366/447 943/353/448
f 366/327/449 417/367/450 948/360/451
f 953/368/452 367/369/453 955/370/454
f 418/371/455 949/372/456 63/373/457
f 417/367/458 950/374/459 418/371/460
f 949/372/456 358/375/461 357/376/462
f 422/377/463 423/113/138 963/378/464
f 964/379/465 966/380/466 342/381/467
f 965/382/468 967/383/469 964/379/465
f 967/383/470 969/384/471 966/380/472
f 971/385/473 973/386/474 344/387/475
f 189/173/476 342/381/477 23/175/478
f 188/174/479 964/379/480 189/173/476
f 188/174/479 351/343/438 965/382/481
f 965/382/468 352/345/413 968/388/482
f 968/388/483 353/389/484 970/390/485
f 353/389/486 972/391/487 970/390/488
f 354/356/489 974/392/490 972/391/491
f 355/361/492 356/393/493 976/394/494
f 966/380/495 343/395/496 995/396/497
f 980/397/498 982/398/499 347/399/500
f 981/400/501 983/401/502 980/397/503
f 425/402/504 979/403/505 61/404/506
f 358/375/461 983/401/502 981/400/501
f 359/405/507 987/406/508 985/407/509
f 988/408/510 64/409/511 426/410/512
f 984/411/513 348/412/514 1013/413/515
f 989/414/516 360/415/517 746/105/130
f 991/416/518 994/417/519 990/418/520
f 992/419/521 995/396/522 991/416/523
f 994/417/524 996/420/525 993/421/526
f 997/422/527 999/423/528 996/420/529
f 345/424/530 1008/425/531 1006/426/532
f 181/427/533 990/418/520 21/428/534
f 991/416/518 990/418/520 181/427/533
f 342/381/467 995/396/522 992/419/521
f 346/429/535 61/404/536 1008/425/537
f 21/428/538 993/421/539 334/430/540
f 1009/431/541 1011/432/542 1010/433/543
f 349/434/544 62/435/545 1014/436/546
f 1014/436/546 432/437/547 341/438/548
f 1016/439/549 1018/440/550 1015/441/551
f 1017/442/552 334/430/540 1019/443/553
f 1022/444/554 1025/445/555 1024/446/556
f 1025/445/557 1026/447/558 1024/446/559
f 1025/445/557 1027/448/560 1026/447/558
f 1027/448/561 1028/449/562 1026/447/563
f 19/450/564 1015/441/551 324/451/565
f 1016/439/549 1015/441/551 171/452/566
f 1026/447/563 434/453/567 56/454/568
f 329/455/569 1026/447/558 330/456/570
f 327/457/571 1024/446/556 328/458/572
f 1018/440/573 326/459/574 325/460/575
f 1015/441/551 325/460/576 324/451/577
f 1029/461/578 1031/462/579 331/463/580
f 338/464/581 1033/465/582 1031/462/579
f 1032/466/583 333/467/584 332/468/585
f 1033/465/586 1034/469/587 1032/466/583
f 434/453/588 1030/470/589 1029/461/590
f 59/471/591 1030/470/589 434/453/588
f 59/471/591 337/472/592 1030/470/589
f 341/438/548 60/473/593 1036/474/594
f 1036/474/594 435/475/595 1035/476/596
f 162/477/597 1039/478/598 1038/479/599
f 324/451/577 325/460/576 1039/478/600
f 1045/480/601 1047/481/602 1044/482/603
f 1048/483/604 330/456/570 437/484/605
f 329/455/569 330/456/570 1048/483/604
f 163/485/606 313/486/607 17/487/608
f 19/450/564 324/451/565 161/488/609
f 326/459/610 327/457/611 1045/480/612
f 327/457/571 328/458/572 1045/480/601
f 313/486/607 1037/489/613 314/490/614
f 1051/491/615 332/468/585 1052/492/616
f 1053/493/617 1052/494/616 322/495/618
f 332/468/585 1054/496/619 1052/492/616
f 322/495/618 1055/497/620 323/498/621
f 1054/496/619 1055/499/620 1052/492/616
f 1055/497/620 1056/500/622 323/498/623
f 323/498/623 1056/500/622 1079/501/624
f 320/502/625 1053/493/617 321/503/626
f 1059/504/627 1063/505/628 1062/506/629
f 317/507/630 318/508/631 1071/509/632
f 15/510/633 1058/511/634 301/512/635
f 1059/504/636 1058/511/634 154/513/637
f 313/486/607 314/490/614 1060/514/638
f 318/508/639 443/515/640 1072/516/641
f 301/512/635 1061/517/642 302/518/643
f 319/519/644 1074/520/645 1073/521/646
f 1077/522/647 1079/501/624 1078/523/648
f 444/524/649 308/525/650 50/526/651
f 443/515/652 319/519/653 1073/521/654
f 53/527/655 319/519/653 443/515/652
f 1078/523/648 445/528/656 51/529/657
f 1081/530/658 1082/531/659 291/532/660
f 146/533/661 1083/534/662 1082/531/659
f 145/535/663 302/518/643 1083/534/662
f 291/532/664 1084/536/665 292/537/666
f 292/537/667 1086/538/668 293/539/669
f 1085/540/670 1088/541/671 1087/542/672
f 1088/541/673 305/543/674 1090/544/675
f 13/545/676 1081/530/677 290/546/678
f 147/547/679 146/533/661 1081/530/677
f 303/548/680 304/549/681 1088/541/682
f 293/539/683 1089/550/684 294/551/685
f 1098/552/686 1101/553/687 1100/554/688
f 1099/555/689 1100/554/688 1102/556/690
f 1102/556/690 1103/557/691 300/558/692
f 1103/557/693 1105/559/694 1104/560/695
f 448/561/696 308/525/650 1095/562/697
f 1105/559/694 51/529/698 451/563/699
f 1110/564/700 1112/565/701 1111/566/702
f 1114/567/703 1117/568/704 1116/569/705
f 136/570/706 279/571/707 11/572/708
f 136/570/706 290/546/709 279/571/707
f 290/546/710 291/532/711 1108/573/712
f 1108/573/713 292/537/666 1110/564/714
f 1110/564/700 293/539/669 1112/565/701
f 296/574/715 48/575/716 1117/568/717
f 282/576/718 1113/577/719 283/578/720
f 1109/579/721 282/576/722 281/580/723
f 1107/581/724 281/580/725 280/582/726
f 1118/583/727 1120/584/728 287/585/729
f 287/585/730 1122/586/731 1121/587/732
f 1121/587/733 1123/588/734 288/589/735
f 1125/590/736 1127/591/737 289/592/738
f 1127/591/739 1129/593/740 1128/594/741
f 456/595/742 1119/596/743 1118/583/744
f 48/575/745 297/597/746 1119/596/747
f 289/592/748 1128/594/749 1157/598/750
f 288/589/735 1125/590/736 1153/599/751
f 287/585/730 1121/587/732 1150/600/752
f 269/601/753 1132/602/754 270/603/755
f 1130/604/756 1133/605/757 1132/602/754
f 1131/606/758 280/582/759 1133/605/760
f 1133/605/761 1135/607/762 1134/608/763
f 1133/605/761 281/580/725 1135/607/762
f 1134/608/764 1137/609/765 1136/610/766
f 1139/611/767 1142/612/768 1141/613/769
f 1140/614/770 284/615/771 1142/612/772
f 1141/613/773 1143/616/774 272/617/775
f 128/618/776 269/601/777 9/619/778
f 127/620/779 1131/606/780 1130/604/781
f 11/572/708 279/571/707 1131/606/780
f 1143/616/782 460/621/783 461/622/784
f 272/617/785 462/623/786 44/624/787
f 271/625/788 1136/610/789 1165/626/790
f 1146/627/791 1148/628/792 1147/629/793
f 1152/630/794 1155/631/795 1154/632/796
f 1155/631/797 1157/598/750 1156/633/798
f 44/624/799 1145/634/800 273/635/801
f 1157/598/802 463/636/803 1156/633/804
f 1159/637/805 1160/638/806 1158/639/807
f 1161/640/808 1162/641/809 1160/638/810
f 270/603/811 271/625/812 1161/640/813
f 1163/642/814 1164/643/815 1162/641/816
f 122/644/817 254/645/818 7/646/819
f 9/619/778 1159/637/820 122/644/817
f 260/647/821 466/648/822 467/649/823
f 1164/643/824 258/650/825 257/651/826
f 1158/639/807 255/652/827 254/645/828
f 1170/653/829 1173/654/830 261/655/831
f 1174/656/832 1175/657/833 1173/654/834
f 1177/658/835 1178/659/836 264/660/837
f 277/661/838 1181/662/839 1179/663/840
f 466/648/841 1170/653/842 467/649/843
f 44/624/799 1172/664/844 465/665/845
f 266/666/846 1180/667/847 1210/668/848
f 244/669/849 1188/670/850 245/671/851
f 1187/672/852 1189/673/853 1186/674/854
f 254/645/828 1190/675/855 1187/672/852
f 1188/670/856 246/676/857 245/671/858
f 1189/673/859 1191/677/860 1188/670/856
f 1190/675/861 1192/678/862 1189/673/863
f 1191/677/864 247/679/865 246/676/866
f 1192/678/867 1193/680/868 1191/677/864
f 257/651/869 1196/681/870 1194/682/871
f 1197/683/872 1199/684/873 249/685/874
f 1198/686/875 1200/687/876 1199/684/877
f 259/688/878 1200/687/876 1198/686/875
f 1397/689/879 1186/674/880 244/669/881
f 114/690/882 1186/674/880 115/691/883
f 7/646/819 1187/672/884 114/690/882
f 1200/687/885 470/692/886 471/693/887
f 248/694/888 1197/683/889 1227/695/890
f 261/655/831 262/696/891 1201/697/892
f 1202/698/893 1203/699/894 250/700/895
f 1203/699/894 251/701/896 250/700/895
f 1204/702/897 1205/703/898 1203/699/894
f 1203/699/894 1206/704/899 251/701/896
f 264/660/837 265/705/900 1205/703/898
f 1206/704/901 1207/706/902 251/701/903
f 265/705/904 1208/707/905 1206/704/899
f 265/705/904 266/666/906 1208/707/905
f 1208/707/907 1209/708/908 1207/706/909
f 471/693/910 1231/709/911 38/710/912
f 471/693/910 1201/697/913 1231/709/911
f 1207/706/909 252/711/914 1240/712/915
f 1211/713/916 1214/714/917 476/19/22
f 1215/715/918 1219/716/919 1218/717/920
f 1217/718/921 1219/716/919 1216/719/922
f 1218/717/923 1221/720/924 234/721/925
f 1219/716/926 1222/722/927 1221/720/928
f 1220/723/929 1222/722/927 1219/716/926
f 1221/720/930 1224/724/931 1223/725/932
f 246/676/866 1224/724/931 1222/722/933
f 1223/725/934 1225/726/935 236/727/936
f 1224/724/937 1226/728/938 1225/726/935
f 247/679/939 1226/728/938 1224/724/937
f 4/729/940 1215/715/941 232/730/942
f 4/729/940 1216/719/943 1215/715/941
f 105/731/944 1217/718/945 1216/719/943
f 104/732/946 1217/718/945 105/731/944
f 104/732/946 244/669/881 1217/718/945
f 1217/718/921 245/671/851 1220/723/947
f 247/679/939 248/694/948 1226/728/938
f 1228/733/949 477/734/950 35/217/951
f 234/721/952 1223/725/953 235/735/954
f 232/730/955 1218/717/920 233/207/241
f 1230/736/956 1232/737/957 238/224/958
f 1232/737/959 1234/738/960 238/224/961
f 1236/739/962 1235/740/963 1234/738/960
f 1240/712/915 1242/741/964 1239/742/965
f 35/217/966 1230/736/967 843/239/968
f 477/734/969 1231/709/911 1230/736/967
f 251/701/970 1240/712/971 1238/743/972
f 1234/738/960 240/744/973 239/745/974
f 1245/746/975 40/747/976 480/1/1
f 73/748/977 1256/749/978 487/750/979
f 1248/751/980 1247/752/981 74/753/982
f 1249/754/983 1248/751/980 484/191/984
f 1252/755/985 1250/756/986 486/757/987
f 1254/758/988 1253/759/989 1317/760/990
f 1255/761/991 1253/759/989 1254/758/988
f 1247/752/981 73/762/977 74/753/982
f 484/191/992 483/763/993 76/192/994
f 486/757/987 1251/764/995 78/765/996
f 1252/755/985 486/757/987 526/766/997
f 1254/758/988 1317/760/990 1372/767/998
f 1256/749/978 1254/758/988 1343/768/999
f 487/750/979 1256/749/978 510/769/1000
f 1259/770/1001 1260/771/1002 503/772/1003
f 494/773/1004 495/774/1005 1261/775/1006
f 1261/775/1007 501/776/1008 1260/771/1009
f 1262/777/1010 500/778/1011 501/776/1012
f 1262/777/1010 497/779/1013 500/778/1011
f 497/779/1014 498/780/1015 499/781/1016
f 167/782/1017 504/783/1018 18/784/1019
f 168/785/1020 1257/786/1021 167/782/1017
f 169/787/1022 1258/788/1023 168/785/1024
f 20/96/1025 493/789/1026 169/787/1027
f 495/774/1028 496/790/1029 1262/777/1030
f 1260/771/1009 501/776/1008 502/791/1031
f 503/772/1003 1260/771/1002 502/791/1032
f 213/792/1033 1265/793/1034 1264/794/1035
f 505/795/1036 1265/793/1034 213/792/1033
f 1265/793/1037 507/796/1038 1266/797/1039
f 1266/797/1040 512/798/1041 513/799/1042
f 1267/800/1043 511/801/1044 512/798/1045
f 1267/800/1043 509/802/1046 511/801/1044
f 509/802/1047 510/769/1000 1343/768/999
f 212/803/1048 1263/804/1049 28/805/1050
f 213/792/1051 1263/804/1049 212/803/1048
f 505/795/1036 506/806/1052 1265/793/1034
f 507/796/1053 508/807/1054 1267/800/1055
f 1264/794/1056 513/799/1057 1340/808/1058
f 1268/809/1059 1272/810/1060 1271/811/1061
f 1269/812/1062 1273/813/1063 1272/810/1064
f 1272/810/1065 1274/814/1066 1271/811/1067
f 1273/813/1068 1275/815/1069 1272/810/1070
f 515/816/1071 516/817/1072 1273/813/1073
f 1276/818/1074 1277/819/1075 1274/814/1076
f 517/820/1077 518/821/1078 1276/818/1079
f 1277/819/1075 1279/822/1080 519/823/1081
f 5/13/1082 1268/809/1083 520/824/1084
f 110/32/1085 1269/812/1086 1268/809/1083
f 111/31/1087 1270/825/1088 1269/812/1089
f 514/826/1090 515/816/1091 1270/825/1092
f 75/827/1093 482/828/1094 1279/822/1095
f 520/824/1096 1271/811/1061 1347/829/1097
f 1283/830/1098 1285/831/1099 528/832/1100
f 1286/833/1101 524/834/1102 1288/835/1103
f 1288/835/1104 1364/836/1105 1287/837/1106
f 1288/835/1104 525/838/1107 1364/836/1105
f 525/838/1108 526/766/997 527/839/1109
f 151/840/1110 529/841/1111 14/69/1112
f 1284/842/1113 523/843/1114 1286/833/1115
f 1360/844/1116 1287/837/1117 1362/845/1118
f 528/832/1100 1285/831/1099 1360/844/1119
f 1289/846/1120 1292/847/1121 538/848/1122
f 1291/849/1123 1292/847/1121 1290/850/1124
f 530/851/1125 1293/852/1126 1291/849/1123
f 1292/847/1127 537/853/1128 538/848/1129
f 1293/852/1130 531/854/1131 1294/855/1132
f 1294/855/1133 536/856/1134 537/853/1135
f 1295/857/1136 535/858/1137 536/856/1138
f 1295/857/1136 533/859/1139 535/858/1137
f 533/859/1140 534/860/1141 1372/767/998
f 194/120/1142 1290/850/1143 1289/846/1144
f 531/854/1145 532/861/1146 1295/857/1147
f 1289/846/1120 538/848/1122 539/862/1148
f 1298/196/1149 1300/863/1150 1297/864/1151
f 540/865/1152 541/866/1153 1298/196/1154
f 1300/867/1155 1301/868/1156 1299/869/1157
f 541/866/1158 542/870/1159 1301/871/1160
f 1301/868/1161 547/872/1162 548/873/1163
f 1302/874/1164 546/875/1165 547/872/1166
f 1302/876/1164 544/877/1167 546/878/1165
f 544/877/1167 545/879/1168 546/878/1165
f 3/195/229 540/865/1169 1298/196/230
f 542/870/1170 543/880/1171 1302/876/1172
f 545/879/1168 73/762/977 487/881/979
f 1299/869/1173 548/873/1174 549/882/1175
f 1296/883/1176 549/882/1177 550/884/1178
f 1303/885/1179 1305/886/1180 815/183/1181
f 1304/887/1182 1305/886/1180 1303/885/1179
f 1305/886/1183 553/888/1184 1306/889/1185
f 489/890/1186 1308/891/1187 1307/892/1188
f 1308/891/1189 555/893/1190 1309/894/1191
f 1309/894/1191 1310/895/1192 819/896/1193
f 1309/894/1191 555/893/1190 1310/895/1192
f 555/893/1190 78/765/996 1310/895/1192
f 133/897/1194 488/898/1195 10/44/1196
f 134/54/1197 1303/885/1198 133/897/1194
f 12/52/1199 1304/887/1200 134/54/1201
f 551/899/1202 552/900/1203 1304/887/1204
f 553/888/1205 554/901/1206 1308/891/1207
f 1310/895/1208 485/902/1209 77/190/224
f 817/186/1210 1309/894/1191 818/188/222
f 556/903/1211 1314/904/1212 1311/905/1213
f 1313/906/1214 495/774/1005 1312/907/1215
f 1314/904/1216 557/908/1217 1315/909/1218
f 1315/909/1219 496/790/1029 495/774/1028
f 1316/910/1220 497/779/1013 496/790/1221
f 1316/910/1220 559/911/1222 497/779/1013
f 559/911/1223 560/912/1224 498/780/1015
f 180/913/1225 1311/905/1226 179/914/1227
f 22/109/134 556/903/1228 180/913/1229
f 557/908/1230 558/915/1231 1316/910/1232
f 1312/907/1215 495/774/1005 494/773/1004
f 177/102/125 494/773/1233 493/789/1026
f 550/884/1178 549/882/1177 1320/162/1234
f 1322/916/1235 1323/917/1236 1321/918/1237
f 549/882/1175 548/873/1174 1323/917/1238
f 1323/917/1239 508/807/1054 507/796/1053
f 1324/919/1240 509/802/1046 508/807/1241
f 1324/919/1240 546/875/1165 509/802/1046
f 219/154/190 1318/920/1242 30/143/169
f 1320/162/1243 1319/921/1244 219/154/1245
f 220/161/188 550/884/1246 1320/162/189
f 1/199/1247 550/884/1246 220/161/188
f 548/873/1163 547/872/1162 1324/919/1248
f 1321/918/1249 507/796/1250 506/806/1251
f 1318/920/1252 506/806/1052 505/795/1036
f 1326/193/1253 516/817/1072 515/816/1071
f 1327/185/218 1328/187/220 516/817/1254
f 8/35/1255 492/182/1256 1325/922/1257
f 1329/923/1258 483/763/993 75/827/1093
f 1333/924/1259 523/843/1114 522/925/1260
f 1335/926/1261 524/834/1102 523/843/1262
f 502/791/1031 501/776/1008 1336/927/1263
f 1336/928/1264 525/838/1107 524/834/1265
f 1336/927/1264 500/778/1011 525/929/1107
f 500/778/1266 499/781/1016 526/930/997
f 159/931/1267 1330/932/1268 16/933/1269
f 160/934/1270 1331/935/1271 159/936/1272
f 18/784/1019 1332/937/1273 160/934/1270
f 504/783/1274 1334/938/1275 1332/937/1276
f 202/939/1277 1340/808/1278 1339/940/1279
f 1338/941/1280 1340/808/1278 202/939/1277
f 1340/808/1058 513/799/1057 1341/942/1281
f 1341/942/1282 532/861/1146 531/854/1145
f 1342/943/1283 533/859/1139 532/861/1284
f 1342/943/1283 511/801/1044 533/859/1139
f 511/801/1285 1343/768/999 534/860/1141
f 201/132/1286 1337/944/1287 26/945/1288
f 28/805/1289 1340/808/1278 1338/941/1280
f 513/799/1042 512/798/1041 1342/943/1290
f 1339/940/1291 531/854/1131 1293/852/1130
f 1337/944/1287 1293/852/1126 530/851/1125
f 1345/946/1292 1347/829/1097 1346/947/1293
f 1349/948/1294 1350/949/1295 1348/950/1296
f 3/195/229 1344/951/1297 540/865/1169
f 102/15/1298 1344/951/1297 101/952/1299
f 102/15/1298 1345/946/1300 1344/951/1297
f 103/14/1301 520/824/1084 1345/946/1300
f 74/753/982 73/762/977 545/879/1168
f 1348/950/1302 543/880/1171 542/870/1170
f 1346/947/1303 542/870/1159 541/866/1158
f 1344/951/1304 541/866/1153 540/865/1152
f 1353/953/1305 1355/954/1306 1352/955/1307
f 1354/956/1308 1356/957/1309 1353/953/1305
f 529/841/1310 1357/958/1311 1354/956/1308
f 1355/954/1312 1359/959/1313 1358/960/1314
f 1364/836/1315 527/839/1109 1365/961/1316
f 142/72/1317 551/899/1318 12/52/1319
f 143/71/1320 1352/955/1321 142/72/1317
f 144/70/1322 1353/953/1323 143/71/1320
f 14/69/1112 1354/956/1324 144/70/1322
f 554/901/1325 1363/962/1326 555/893/1327
f 552/900/1328 1358/960/1314 553/888/1184
f 1352/955/1307 552/900/1203 551/899/1202
f 1367/963/1329 1369/964/1330 1368/965/1331
f 539/862/1148 1369/964/1330 1367/963/1329
f 1369/964/1332 537/853/1128 1370/966/1333
f 1370/966/1334 558/915/1231 557/908/1230
f 1371/967/1335 559/911/1222 558/915/1336
f 1371/967/1335 535/858/1137 559/911/1222
f 535/858/1337 1372/767/998 560/912/1224
f 186/968/1338 1367/963/1339 1366/969/1340
f 187/970/1341 539/862/1342 1367/963/1339
f 539/862/1148 538/848/1122 1369/964/1330
f 537/853/1135 536/856/1134 1371/967/1343
f 1368/965/1344 557/908/1217 1314/904/1216
f 1375/971/1345 565/179/209 563/972/1346
f 1378/973/1347 1376/974/1348 1377/975/1349
f 564/976/1350 565/179/209 569/178/208
f 563/972/1346 565/179/209 564/976/1350
f 596/977/1351 563/978/1346 84/979/1352
f 562/980/1353 1377/975/1349 83/981/1354
f 1377/975/1349 596/977/1351 83/981/1354
f 1378/973/1347 1377/975/1349 574/982/1355
f 1379/983/1356 561/984/1357 591/985/1358
f 1379/983/1356 591/985/1358 81/986/1359
f 1381/987/1360 1382/988/1361 127/620/779
f 1382/988/1362 1383/989/1363 1380/990/1364
f 571/991/1365 572/992/1366 1381/987/1367
f 572/992/1368 1384/993/1369 1382/988/1362
f 1383/989/1363 575/994/1370 576/995/1371
f 1384/993/1369 574/982/1355 575/994/1370
f 573/996/1372 574/982/1355 1384/993/1369
f 11/572/708 127/620/779 1380/990/1373
f 9/619/1374 571/991/1375 128/618/1376
f 572/992/1368 573/996/1372 1384/993/1369
f 1380/990/1364 576/995/1371 577/997/1377
f 1380/990/1364 577/997/1377 578/998/1378
f 1385/999/1379 1386/1000/1380 582/1001/1381
f 171/452/566 1387/1002/1382 1385/999/1383
f 1387/1002/1384 1388/1003/1385 1386/1000/1386
f 170/1004/1387 582/1001/1388 21/428/1389
f 1016/439/1390 1385/999/1383 170/1004/1387
f 171/452/566 1385/999/1383 1016/439/1390
f 19/450/564 1387/1002/1382 171/452/566
f 1386/1000/1386 581/1005/1391 1418/1006/1392
f 1390/1007/1393 1391/1008/1394 585/1009/1395
f 584/1010/1396 1394/1011/1397 1426/1012/1398
f 215/1013/1399 586/1014/1400 31/263/1401
f 216/295/354 583/1015/1402 1390/1007/1403
f 7/646/819 1395/1016/1404 593/1017/1405
f 1395/1016/1404 1399/1018/1406 1398/1019/1407
f 1396/1020/1408 589/1021/1409 1399/1018/1406
f 589/1021/1410 590/1022/1411 1399/1018/1406
f 1399/1018/1406 592/1023/1412 1398/1019/1407
f 590/1022/1411 591/985/1358 592/1023/1412
f 115/691/1413 1395/1016/1404 114/690/882
f 587/1024/1414 588/1025/1415 1397/689/1416
f 593/1017/1417 1398/1019/1407 1431/1026/1418
f 1400/1027/1419 1401/1028/1420 599/1029/1421
f 15/510/1422 1402/1030/1423 1400/1027/1424
f 1401/1028/1420 597/1031/1425 598/1032/1426
f 1402/1030/1427 595/1033/1428 1403/1034/1429
f 1403/1034/1429 84/979/1352 597/1031/1425
f 1403/1034/1429 596/977/1351 84/979/1352
f 1059/504/1430 599/1029/1421 17/487/1431
f 154/513/637 1400/1027/1432 1059/504/1433
f 15/510/1422 594/1035/1434 1402/1030/1423
f 1404/1036/1435 1407/181/213 1406/1037/1436
f 570/180/211 85/177/207 600/1038/1437
f 27/364/1438 1404/1036/1439 603/1039/1440
f 196/362/1441 1405/172/201 1404/1036/1439
f 603/1039/1442 1406/1037/1436 602/1040/1443
f 1409/1041/1444 1410/1042/1445 96/1043/251
f 1410/1044/1445 607/1045/1446 1408/1046/1447
f 1410/1042/1445 605/1047/1448 1411/1048/1449
f 1411/1048/1449 606/1049/1450 81/1050/1359
f 4/729/1451 1408/1046/1447 608/1051/1452
f 95/206/252 96/215/251 1408/1046/1447
f 606/1049/1450 82/1052/1453 81/1050/1359
f 1408/1046/1447 1443/1053/1454 608/1051/1452
f 1412/1054/1455 1413/1055/1456 610/1056/1457
f 578/998/1378 1413/1055/1456 1412/1054/1455
f 1413/1055/1456 1414/1057/1458 610/1056/1457
f 576/995/1371 1415/1058/1459 1413/1055/1456
f 576/995/1371 575/994/1370 1415/1058/1459
f 1415/1058/1459 83/981/1354 1414/1057/1458
f 575/994/1370 562/980/1353 83/981/1354
f 11/572/708 578/998/1460 136/570/1461
f 1414/1057/1458 83/981/1354 609/1059/1462
f 1412/1054/1455 610/1056/1457 13/545/1463
f 582/1001/1464 1417/1060/1465 1416/1061/1466
f 1417/1060/1467 567/176/206 566/166/194
f 1418/1006/1468 1419/1062/1469 1417/1060/1467
f 1419/1062/1469 1420/1063/1470 567/176/1471
f 1419/1062/1469 581/1005/1391 1420/1063/1470
f 1420/1063/1470 569/178/208 568/169/197
f 1420/1063/1470 564/976/1350 569/178/208
f 991/416/1472 1416/1061/1473 23/175/478
f 181/427/1474 1416/1061/1473 991/416/1472
f 21/428/1389 582/1001/1388 181/427/1475
f 581/1005/1391 564/976/1350 1420/1063/1470
f 1424/1064/1476 1425/1065/1477 1423/1066/1478
f 1425/1065/1477 1426/1012/1398 606/1049/1450
f 2/264/1479 1421/1067/1480 1409/1041/1481
f 221/262/1482 1422/1068/1483 1421/1067/1484
f 31/263/1401 1422/1068/1483 221/262/1482
f 586/1014/1485 585/1009/1395 1424/1064/1486
f 1424/1064/1476 1393/1069/1487 1425/1065/1477
f 1423/1066/1478 605/1047/1448 604/1070/1488
f 1421/1067/1489 604/1070/1488 1409/1041/1444
f 1428/1071/1490 1429/1072/1491 1427/1073/1492
f 1431/1026/1493 592/1023/1412 573/996/1372
f 592/1023/1494 561/984/1357 574/982/1355
f 122/644/1495 1427/1073/1492 9/619/1374
f 7/646/819 1428/1071/1490 122/644/1495
f 1428/1071/1490 593/1017/1405 1429/1072/1491
f 1429/1072/1491 593/1017/1405 1430/1074/1496
f 161/488/609 1434/1075/1497 19/450/564
f 1432/1076/1498 1434/1075/1497 161/488/609
f 1432/1076/1498 1435/1077/1499 1434/1075/1497
f 1433/1078/1500 1435/1079/1499 1432/1080/1498
f 1435/1077/1499 580/1081/1501 579/1082/1502
f 1435/1079/1499 597/1031/1425 580/1083/1501
f 597/1031/1425 84/979/1352 580/1083/1503
f 163/485/606 1432/1080/1498 162/1084/1504
f 17/487/1431 1433/1078/1500 163/485/606
f 598/1032/1426 1435/1079/1499 1433/1078/1500
f 598/1032/1426 597/1031/1425 1435/1079/1499
f 1434/1075/1505 579/1082/1502 1387/1002/1384
f 583/1015/1506 1437/1085/1507 1391/1008/1394
f 1436/1086/1508 602/1040/1443 1437/1085/1507
f 1437/1085/1509 1439/1087/1510 1438/1088/1511
f 1439/1087/1510 600/1038/1437 584/1010/1396
f 29/300/361 204/320/383 583/1015/1402
f 205/321/1512 603/1039/1513 1436/1086/1508
f 602/1040/1514 601/1089/1515 1439/1087/1510
f 1391/1008/1516 1438/1088/1511 1392/1090/1517
f 587/1024/1414 1441/1091/1518 588/1025/1415
f 588/1025/1415 1442/1092/1519 589/1021/1409
f 608/1051/1452 1443/1053/1454 1441/1091/1520
f 1442/1092/1521 590/1022/1411 589/1021/1410
f 1443/1053/1454 607/1045/1446 1442/1092/1519
f 81/986/1359 591/985/1358 590/1022/1411
f 104/732/1522 1440/1093/1523 587/1024/1414
f 4/729/1451 608/1051/1452 1440/1093/1524
f 1444/1094/1525 1446/1095/1526 594/1035/1527
f 1444/1094/1525 1445/1096/1528 1446/1095/1526
f 1446/1095/1529 595/1033/1428 594/1035/1530
f 1447/1097/1531 83/981/1354 596/977/1351
f 145/535/663 1444/1094/1525 594/1035/1532
f 146/533/661 1445/1096/1528 1444/1094/1525
f 147/547/679 13/545/676 1445/1096/1528
f 610/1056/1457 609/1059/1533 1445/1096/1534
f 611/4/4 480/1/1 613/3/3
f 614/7/7 612/6/6 615/5/1535
f 611/4/4 615/5/1535 612/6/6
f 613/3/3 106/2/2 107/1098/1536
f 615/5/1537 613/3/3 616/1099/1538
f 614/7/7 615/5/1535 617/1100/1539
f 620/1101/1540 614/7/1541 621/1102/1542
f 109/33/40 619/9/9 108/1103/1543
f 620/1101/1540 621/1102/1542 101/952/1544
f 617/1100/1545 619/9/1546 622/11/1547
f 619/9/9 109/33/40 623/10/10
f 480/1/1 40/747/976 106/2/2
f 622/11/16 623/10/1548 103/14/17
f 101/952/1299 622/11/1549 102/15/1298
f 99/1104/1550 98/8/8 614/7/1541
f 628/1105/1551 475/20/23 625/1106/1552
f 624/21/24 475/20/23 628/1105/1551
f 626/1107/1553 116/22/25 629/24/27
f 632/1108/1554 627/1109/1555 628/1105/1551
f 633/27/30 631/1110/1556 629/24/1557
f 629/24/1557 117/25/28 633/27/30
f 636/28/31 637/1111/1558 639/1112/1559
f 474/1113/1560 43/1114/1561 626/1107/1553
f 629/24/1557 641/23/1562 117/25/28
f 636/28/31 639/1112/1559 113/29/32
f 635/17/34 636/28/1563 112/30/35
f 638/18/37 635/17/1564 111/31/38
f 623/10/13 638/18/37 110/32/39
f 109/33/40 634/16/19 638/18/21
f 644/1115/1565 643/1116/1566 640/1117/1567
f 117/25/28 641/23/1562 642/1118/1568
f 646/1119/1569 645/1120/1570 644/1115/1571
f 646/1119/1569 644/1115/1571 123/1121/1572
f 119/1122/1573 118/26/1574 645/1120/1575
f 647/1123/1576 645/1120/1570 646/1119/1569
f 6/1124/1577 120/1125/1578 121/36/43
f 648/34/41 125/1126/1579 8/35/42
f 120/1125/1578 648/34/41 121/36/43
f 652/40/1580 650/1127/1581 653/41/1582
f 652/40/47 656/42/1583 655/38/45
f 656/42/49 653/41/48 131/48/59
f 650/1127/1584 129/1128/1584 130/1129/1584
f 124/1130/1585 646/1119/1569 654/39/46
f 658/45/54 10/44/1586 126/46/55
f 125/1126/1579 658/45/1587 8/35/42
f 654/39/46 123/1121/1572 651/37/44
f 663/1131/1588 660/1132/1589 664/1133/1590
f 664/1133/1591 137/1134/1592 665/1135/1593
f 669/47/57 670/1136/1594 672/49/1595
f 672/49/1596 671/1137/1597 673/1138/1598
f 674/50/61 672/49/60 675/55/1599
f 669/47/57 674/50/1600 132/43/58
f 675/55/1601 673/1138/1602 676/53/1603
f 665/1135/1593 137/1134/1592 138/1139/1604
f 673/1138/1605 139/1140/1606 140/1141/1607
f 676/53/66 12/52/1608 134/54/67
f 10/44/52 132/43/51 133/897/1609
f 130/1129/1610 666/1142/1611 653/41/1582
f 679/1143/1612 454/1144/1613 680/1145/1614
f 680/1145/1614 677/64/79 681/67/1615
f 687/58/1616 690/57/1617 141/51/1618
f 688/56/69 691/60/1619 690/57/70
f 689/59/72 692/62/1620 691/60/73
f 52/63/78 148/66/81 677/64/79
f 686/61/75 149/79/101 150/68/1621
f 686/61/75 150/68/1621 692/62/76
f 692/62/86 14/69/1622 144/70/87
f 691/60/89 144/70/1623 143/71/90
f 690/57/92 143/71/1624 142/72/93
f 141/51/63 142/72/1625 12/52/64
f 138/1139/1626 678/1146/1627 682/1147/1628
f 137/1134/1629 1106/1148/1630 678/1146/1629
f 696/78/1631 693/1149/1632 697/1150/1633
f 697/1150/1634 694/1151/1635 698/1152/1636
f 698/1152/1636 695/1153/1637 699/1154/1638
f 696/78/100 700/1155/1639 149/79/101
f 700/1155/1639 697/1150/1634 701/75/97
f 152/74/96 702/73/95 158/77/1640
f 701/75/1641 152/74/1642 704/1156/1643
f 693/1149/1644 447/1157/1645 694/1151/1635
f 694/1151/1646 446/1158/1647 695/1153/1637
f 695/1153/1648 55/1159/1649 155/1160/1650
f 699/1154/1651 155/1160/1650 156/1161/1652
f 153/1162/1653 158/77/1640 16/933/1654
f 152/74/96 158/77/1640 153/1162/1653
f 155/1160/1650 442/1163/1655 707/1164/1656
f 58/86/109 164/80/103 706/82/105
f 707/1164/1657 708/1165/1658 710/1166/1659
f 712/83/106 707/1164/1660 713/1167/1661
f 713/1168/1662 710/1169/1663 714/1170/1664
f 712/83/106 713/1167/1661 715/1171/1665
f 155/1160/1650 55/1159/1649 442/1163/1655
f 442/1163/1666 441/1172/1667 705/1173/1668
f 711/1174/1669 164/80/103 165/1175/1670
f 717/84/107 159/931/1272 16/933/1671
f 157/85/108 717/84/1672 158/77/99
f 720/1176/1673 436/90/1674 721/89/1675
f 721/89/112 718/88/111 722/92/1676
f 165/1175/1677 720/1176/1678 723/1177/1679
f 724/1178/1680 722/92/115 725/1179/1681
f 169/787/1682 729/97/1683 20/96/1684
f 175/104/1685 176/95/1686 729/97/1683
f 168/785/1020 729/97/1683 169/787/1682
f 166/1180/1687 165/1175/1670 726/1181/1688
f 164/80/103 58/86/109 720/1176/1678
f 731/1182/1689 433/100/1690 732/99/1691
f 736/1183/1692 732/99/1691 737/1184/1693
f 738/1185/1694 734/1186/1695 739/1187/1696
f 740/103/127 743/101/1697 176/95/128
f 732/99/122 182/98/121 183/1188/1698
f 179/914/1699 185/110/135 180/913/1700
f 185/110/135 22/109/1701 180/913/1700
f 743/101/124 178/1189/1702 177/102/125
f 20/96/119 176/95/118 177/102/1703
f 174/1190/1704 733/1191/1705 738/1185/1706
f 173/91/114 172/94/117 733/1191/1707
f 747/1192/1708 744/1193/1709 748/1194/1710
f 748/1194/1710 744/1193/1709 745/1195/1711
f 751/1196/1712 747/1192/1713 748/1194/1714
f 752/1197/1715 749/1198/1716 750/107/1717
f 757/1199/1718 755/1200/1719 752/1197/1720
f 756/108/1721 754/1201/1722 186/968/1723
f 754/1201/1722 755/1200/1724 186/968/1723
f 24/1202/1725 757/1199/1718 193/1203/1726
f 744/1193/1709 430/1204/1727 429/1205/1728
f 745/1195/1711 429/1205/1728 428/1206/1729
f 746/105/130 360/415/517 190/106/131
f 193/1203/1730 752/1197/1731 192/1207/1732
f 186/968/1733 757/1199/1718 187/970/1341
f 423/113/138 760/112/137 758/115/140
f 759/111/136 762/1208/1734 760/112/137
f 760/112/1735 764/1209/1736 763/1210/1737
f 764/1209/1736 762/1208/1738 765/1211/1739
f 766/1212/1740 192/1207/1741 763/1210/1742
f 766/1212/1740 763/1210/1742 767/119/1743
f 767/119/144 764/1209/1736 768/117/142
f 768/117/1744 769/1213/1745 200/1214/1746
f 422/377/463 759/111/136 423/113/138
f 765/1211/1747 198/1215/1748 199/1216/1749
f 195/118/143 768/117/142 200/1214/1750
f 200/1214/1750 26/945/1751 195/118/143
f 24/1202/1725 770/121/147 194/120/146
f 767/119/145 195/118/1752 194/120/146
f 192/1207/1753 191/1217/1754 761/114/1755
f 190/106/131 758/115/140 761/114/139
f 771/122/148 774/1218/1756 197/123/149
f 772/126/152 776/129/1757 771/122/148
f 775/1219/1758 773/1220/1759 207/1221/1760
f 777/127/1761 773/1220/1759 775/1219/1758
f 773/1220/1759 777/127/1761 776/129/1762
f 776/129/155 780/128/154 779/131/157
f 209/1222/1763 777/127/153 775/1219/1758
f 780/128/154 777/127/153 782/1223/1764
f 782/1223/1764 777/127/153 209/1222/1763
f 781/133/1765 779/131/1766 783/130/1767
f 416/125/151 771/122/148 66/124/150
f 416/125/151 415/342/410 772/126/152
f 775/1219/1758 207/1221/1760 208/1224/1768
f 209/1222/1763 775/1219/1758 208/1224/1768
f 28/805/1289 203/1225/1769 211/1226/1770
f 783/130/156 202/939/1771 201/132/158
f 781/133/1772 201/132/1773 26/945/1751
f 199/1216/1774 778/1227/1775 781/133/1765
f 197/123/149 774/1218/1756 198/1215/1776
f 787/1228/1777 784/1229/1778 788/1230/1779
f 785/1231/1780 789/1232/1781 788/1230/1782
f 789/1232/1783 786/138/164 217/1233/1784
f 790/1234/1785 208/1224/1786 787/1228/1777
f 789/1232/1787 794/142/168 793/1235/1788
f 210/136/1789 795/135/1790 211/1226/1791
f 796/141/167 793/1235/1792 794/142/168
f 69/1236/1793 784/1229/1794 207/1221/1760
f 72/137/163 217/1233/1784 786/138/164
f 794/142/168 217/1233/1795 218/140/166
f 211/1226/1770 795/135/1796 212/803/1797
f 211/1226/1770 212/803/1797 28/805/1289
f 208/1224/1768 207/1221/1760 784/1229/1794
f 797/145/171 801/149/175 799/146/172
f 403/155/182 800/148/174 797/145/171
f 801/149/175 800/148/174 223/150/1798
f 218/140/181 802/1237/1799 804/153/179
f 803/1238/1800 801/149/175 805/152/1801
f 805/152/1801 801/149/175 223/150/1798
f 804/153/1802 803/1238/1803 806/1239/1804
f 219/154/180 804/153/179 806/1239/1805
f 807/160/187 806/1239/1805 805/152/1806
f 807/160/187 805/152/1806 222/151/1807
f 404/156/183 797/145/171 405/147/173
f 32/157/184 224/159/186 403/155/182
f 800/148/174 224/159/186 223/150/1798
f 807/160/187 222/151/1807 1/199/1808
f 796/141/167 218/140/166 219/154/1809
f 806/1239/1805 807/160/187 1320/162/1810
f 806/1239/1805 1320/162/1810 219/154/180
f 217/1233/1784 72/137/163 798/1240/1811
f 809/163/191 811/167/195 810/164/192
f 811/167/195 812/168/196 810/164/192
f 811/167/195 567/176/1812 812/168/196
f 812/168/196 567/176/1812 568/169/197
f 25/171/199 188/174/1813 808/165/200
f 188/174/1813 809/163/1814 808/165/200
f 23/175/205 566/166/1815 809/163/203
f 810/164/210 813/170/198 570/180/211
f 808/165/193 810/164/192 1407/181/213
f 492/182/215 488/898/1816 815/183/216
f 816/1241/1817 814/184/1818 815/183/1819
f 1327/185/218 816/1241/1820 817/186/219
f 817/186/219 816/1241/1820 489/890/1186
f 1328/187/221 817/186/1210 818/188/222
f 492/182/1256 8/35/1255 126/46/1821
f 824/1242/1822 821/1243/1823 822/1244/1824
f 820/1245/1825 826/1246/1826 823/1247/1827
f 827/1248/1828 824/1242/1829 825/1249/1830
f 829/194/228 100/1250/1831 3/195/229
f 828/1251/1832 829/194/228 1298/196/1833
f 828/1252/1832 1298/1253/1833 94/198/232
f 93/200/235 831/214/238 832/201/236
f 831/203/238 95/206/240 833/204/239
f 95/206/240 232/730/955 233/207/241
f 832/205/242 833/204/1834 835/208/243
f 89/1254/1835 839/210/1836 88/1255/1837
f 839/1256/245 838/1257/1838 841/219/246
f 2/264/312 97/213/1839 93/200/313
f 97/213/248 96/1043/1840 831/214/249
f 95/206/240 4/729/1841 232/730/955
f 396/222/260 840/212/1842 841/211/1843
f 87/221/259 840/212/1842 396/222/260
f 846/1258/263 844/243/284 845/1259/264
f 847/1260/1844 846/225/263 848/1261/1845
f 238/224/262 239/745/974 846/225/263
f 844/243/284 847/227/1844 229/244/285
f 844/243/284 846/1258/263 847/227/1844
f 849/232/266 847/1260/265 848/1261/1845
f 229/244/1846 847/227/1847 228/229/1848
f 849/232/266 848/1261/1845 241/1262/1849
f 228/229/268 849/228/266 850/230/269
f 227/231/1850 850/230/1851 226/236/274
f 396/220/275 395/218/1852 842/240/278
f 395/218/279 35/217/1853 843/239/280
f 239/745/974 240/744/973 848/1261/1845
f 848/1261/1845 240/744/973 241/1262/1849
f 226/236/274 852/235/273 398/242/1854
f 230/245/286 231/237/1855 844/243/284
f 857/246/287 860/250/291 382/247/288
f 858/249/290 859/252/1856 861/251/292
f 860/250/295 861/251/1857 863/253/296
f 866/258/1858 864/255/298 865/1263/1859
f 864/255/298 866/258/1858 385/256/299
f 866/258/301 868/260/1860 867/259/302
f 867/259/1861 869/261/1862 387/1264/1863
f 31/263/1864 857/246/1865 381/248/1866
f 221/262/307 858/249/311 857/246/308
f 221/262/307 2/264/312 859/252/310
f 859/252/293 93/200/235 92/202/237
f 385/256/303 867/259/302 386/1265/1867
f 872/266/315 870/265/314 871/276/1868
f 388/274/332 870/265/1869 873/267/333
f 872/266/315 871/276/1868 874/1266/1870
f 878/1267/1871 876/268/317 877/272/1872
f 70/273/323 401/275/1873 870/265/324
f 33/1268/1874 879/1269/1875 226/236/274
f 402/278/330 393/277/329 879/1269/1875
f 389/1270/1876 899/280/334 873/267/333
f 225/1271/1877 32/157/184 883/158/185
f 883/158/185 403/155/182 404/156/183
f 885/283/337 886/296/358 888/297/357
f 890/286/340 892/290/1878 374/287/341
f 374/287/386 894/291/351 893/294/353
f 894/291/351 896/1272/1879 376/293/352
f 216/295/354 885/283/356 884/285/339
f 216/295/354 215/1013/1880 886/296/355
f 215/1013/1880 31/263/1864 886/296/355
f 31/263/1864 381/248/1866 886/296/355
f 381/248/289 382/247/288 888/297/357
f 376/293/1881 407/309/1882 67/311/1883
f 374/287/386 893/294/353 375/322/387
f 884/285/339 887/284/338 372/299/360
f 897/301/1884 899/280/334 898/302/363
f 379/337/404 378/336/403 902/304/1885
f 378/336/403 898/302/363 902/304/1885
f 898/302/363 900/1273/1886 901/303/364
f 380/1274/1887 904/306/1888 905/308/1889
f 904/306/367 392/313/1890 906/307/368
f 407/309/370 897/301/1891 377/310/371
f 406/312/1892 388/274/1893 897/301/1894
f 906/307/375 393/277/329 71/279/376
f 905/308/369 906/307/368 408/314/1895
f 932/1275/1896 380/1274/1887 905/308/1889
f 379/337/404 902/304/1885 929/332/1897
f 394/1276/1898 72/137/163 907/139/165
f 361/317/1899 910/316/1900 362/365/445
f 909/318/381 911/319/382 910/316/379
f 29/300/361 372/299/360 911/319/382
f 914/1277/1901 912/1278/1902 915/1279/1903
f 915/1279/1904 918/1280/1905 917/1281/1906
f 919/1282/1907 365/328/393 917/1281/1908
f 918/1280/1905 375/322/387 920/1283/1909
f 920/1283/1909 375/322/387 376/293/352
f 27/364/442 206/1284/1910 361/317/443
f 206/1284/1910 205/321/385 361/317/443
f 205/321/385 908/315/384 361/317/443
f 204/320/383 909/318/381 908/315/384
f 373/298/1911 374/287/1912 916/323/1913
f 411/325/390 921/324/389 920/1283/1914
f 924/331/1915 925/330/396 926/1285/1916
f 368/1286/1917 928/334/1918 369/1287/1919
f 923/335/1920 379/337/1921 927/1288/1922
f 927/1288/1923 929/332/1897 928/334/1918
f 928/334/400 930/333/399 370/338/1924
f 929/332/398 380/1274/1925 930/333/399
f 370/338/406 930/333/1926 931/339/407
f 930/333/1926 932/1275/1896 931/339/407
f 923/335/401 67/311/372 377/310/371
f 411/325/1927 923/335/1928 922/329/1929
f 923/335/401 377/310/371 378/336/403
f 368/1286/1917 367/369/453 926/1285/1916
f 926/1285/1916 367/369/453 924/331/1915
f 66/124/150 933/341/409 416/125/151
f 351/343/411 934/346/414 937/344/412
f 934/346/414 935/348/416 938/347/415
f 935/348/416 936/363/444 939/349/417
f 940/351/1930 937/344/1931 938/347/1932
f 938/347/418 939/349/1933 941/350/419
f 940/351/1934 941/350/1935 942/354/1936
f 941/350/424 363/352/1937 943/353/425
f 942/354/427 945/358/1938 944/355/428
f 942/354/427 943/353/1939 945/358/1938
f 355/361/492 948/360/1940 356/393/493
f 25/171/436 196/362/439 934/346/437
f 196/362/439 27/364/442 936/363/441
f 936/363/444 361/317/1899 362/365/445
f 939/349/421 362/365/1941 363/352/422
f 417/367/450 366/327/449 412/326/1942
f 418/371/1943 948/360/451 417/367/450
f 974/392/490 354/356/489 944/355/1944
f 949/372/456 950/374/459 358/375/461
f 367/369/453 951/1289/1945 924/331/1915
f 953/368/452 950/374/459 951/1289/1945
f 359/405/507 952/1290/1946 953/368/452
f 359/405/507 953/368/452 954/1291/1947
f 953/368/452 955/370/454 954/1291/1947
f 957/1292/1948 954/1291/1949 955/370/1950
f 357/376/1951 63/373/1952 949/372/1953
f 949/372/456 418/371/455 950/374/459
f 950/374/459 417/367/458 951/1289/1945
f 951/1289/1945 417/367/458 924/331/1954
f 417/367/458 412/326/1955 924/331/1954
f 957/1292/1948 370/338/1956 371/340/1957
f 358/375/461 952/1290/1958 983/401/502
f 422/377/463 66/124/150 759/111/136
f 423/113/138 961/1293/1959 963/378/464
f 962/116/141 961/1293/1959 423/113/138
f 964/379/465 967/383/469 966/380/466
f 965/382/468 968/388/482 967/383/469
f 966/380/495 969/384/1960 343/395/496
f 973/386/1961 975/1294/1962 345/424/1963
f 978/1295/1964 976/394/1965 356/393/1966
f 976/394/1967 974/392/1968 355/361/1969
f 189/173/476 964/379/480 342/381/477
f 188/174/479 965/382/481 964/379/480
f 188/174/479 25/171/436 351/343/438
f 965/382/468 351/343/411 352/345/413
f 968/388/483 352/345/1970 353/389/484
f 353/389/486 354/356/1971 972/391/487
f 425/402/1972 977/1296/1973 424/1297/1974
f 356/393/1975 63/373/1976 424/1297/1974
f 978/1295/1977 356/393/1975 424/1297/1974
f 977/1296/1973 978/1295/1977 424/1297/1974
f 977/1296/1973 425/402/1972 61/404/536
f 346/429/1978 345/424/530 977/1296/1979
f 347/399/500 979/403/1980 980/397/498
f 344/387/1981 973/386/1982 1004/1298/1983
f 342/381/467 966/380/466 995/396/522
f 980/397/498 983/401/1984 982/398/499
f 984/411/513 986/1299/1985 348/412/514
f 61/404/1986 979/403/1980 347/399/500
f 979/403/505 424/1297/1987 357/376/1951
f 981/400/1988 357/376/1989 358/375/1990
f 983/401/1991 359/405/507 985/407/509
f 349/434/544 988/408/510 426/410/1992
f 349/434/544 426/410/1992 427/1300/1993
f 349/434/544 427/1300/1993 62/435/545
f 982/398/1994 984/411/513 1013/413/515
f 347/399/500 982/398/1994 1013/413/515
f 428/1206/1995 989/414/516 746/105/130
f 990/418/1996 994/417/1997 993/421/539
f 991/416/518 995/396/1998 994/417/519
f 994/417/524 997/422/1999 996/420/525
f 998/1301/2000 995/396/497 343/395/496
f 997/422/527 1000/1302/2001 999/423/528
f 1004/1298/2002 345/424/1963 1006/426/2003
f 1007/1303/2004 1006/426/2005 1008/425/2006
f 1008/425/531 345/424/530 346/429/1978
f 23/175/478 992/419/2007 991/416/1472
f 23/175/478 342/381/477 992/419/2007
f 1008/425/2008 61/404/2009 431/1304/2010
f 1007/1303/2011 431/1304/2010 59/471/2012
f 21/428/538 990/418/1996 993/421/539
f 337/472/2013 1010/433/543 338/464/581
f 1010/433/543 1011/432/542 338/464/581
f 1009/431/541 1013/413/515 1011/432/542
f 1011/432/542 1013/413/515 1012/1305/2014
f 1010/433/543 431/1304/2015 1009/431/541
f 1009/431/541 61/404/1986 347/399/500
f 431/1304/2015 61/404/1986 1009/431/541
f 1014/436/546 348/412/514 349/434/544
f 1014/436/546 62/435/545 432/437/547
f 341/438/548 432/437/547 60/473/593
f 1016/439/549 1019/443/553 1018/440/550
f 1016/439/549 1017/442/552 1019/443/553
f 1017/442/552 21/428/538 334/430/540
f 1020/1306/2016 1022/444/2017 327/457/611
f 1022/444/2018 1021/1307/2019 1023/1308/2020
f 1023/1308/2020 1021/1307/2019 335/1309/2021
f 327/457/571 1022/444/554 1024/446/556
f 1025/445/555 1023/1308/2022 336/1310/2023
f 1022/444/554 1023/1308/2022 1025/445/555
f 1027/448/560 1025/445/557 336/1310/2024
f 434/453/567 1028/449/562 59/471/2012
f 19/450/564 171/452/566 1015/441/551
f 170/1004/1387 1017/442/2025 1016/439/1390
f 170/1004/1387 21/428/2026 1017/442/2025
f 56/454/568 330/456/570 1026/447/563
f 1026/447/563 1028/449/562 434/453/567
f 326/459/610 1020/1306/2016 327/457/611
f 1018/440/573 1020/1306/2027 326/459/574
f 1015/441/551 1018/440/550 325/460/576
f 1031/462/579 1030/470/2028 338/464/581
f 1031/462/579 1033/465/586 1032/466/583
f 338/464/581 339/1311/2029 1033/465/582
f 1032/466/583 1034/469/587 333/467/584
f 1035/476/596 1034/469/587 1036/474/594
f 56/454/2030 434/453/2031 1029/461/2032
f 339/1311/2029 340/1312/2033 1033/465/582
f 1036/474/594 60/473/593 435/475/595
f 331/463/2034 1050/1313/2035 1029/461/2036
f 333/467/584 1035/476/596 1057/1314/2037
f 313/486/607 163/485/606 1037/489/613
f 163/485/606 1038/1315/2038 1037/489/613
f 163/485/606 162/1084/1504 1038/1315/2038
f 162/477/597 324/451/2039 1039/478/598
f 1042/1316/2040 1045/480/2041 1044/482/2042
f 1046/1317/2043 1044/482/2044 1047/481/2045
f 1045/480/601 328/458/572 1047/481/602
f 317/507/2046 1046/1318/2047 1048/1319/2048
f 161/488/2049 324/451/2050 162/477/1504
f 330/456/570 56/454/568 437/484/605
f 318/508/639 437/1320/2051 53/527/2052
f 1051/491/2053 1050/1313/2035 331/463/2034
f 320/502/625 1051/1321/615 1053/493/617
f 1051/1321/615 1052/494/616 1053/493/617
f 1054/496/619 332/468/585 333/467/584
f 321/503/2054 1053/493/2055 322/495/618
f 1055/497/620 322/495/618 1052/494/616
f 1049/1322/2056 437/484/2057 1050/1313/2058
f 439/1323/2059 1056/500/622 438/1324/2060
f 1058/511/634 1062/506/2061 1061/517/642
f 1058/511/634 1059/504/636 1062/506/2061
f 1059/504/627 1060/514/2062 1063/505/628
f 1060/514/2062 314/490/2063 1063/505/628
f 1071/509/2064 1069/1325/2065 1070/1326/2066
f 1071/509/2064 1070/1326/2066 317/507/2046
f 1071/509/2067 318/508/2068 1072/516/2069
f 15/510/633 154/513/637 1058/511/634
f 17/487/1431 1060/514/2070 1059/504/1430
f 17/487/1431 313/486/2071 1060/514/2070
f 318/508/639 53/527/2052 443/515/640
f 1072/516/641 443/515/640 444/524/2072
f 303/548/680 1064/1327/2073 304/549/681
f 301/512/635 1058/511/634 1061/517/642
f 319/519/644 320/502/2074 1074/520/645
f 310/1328/2075 309/1329/2076 1075/1330/2077
f 1075/1330/2077 321/503/626 1076/1331/2078
f 310/1328/2075 1075/1330/2077 1076/1331/2078
f 1078/523/2079 311/1332/2080 1077/522/2081
f 308/525/650 444/524/649 1073/521/654
f 1077/522/647 323/498/623 1079/501/624
f 323/498/621 1076/1331/2082 322/495/618
f 1076/1331/2082 321/503/2054 322/495/618
f 445/528/656 1078/523/648 1079/501/624
f 312/1333/2083 1078/523/2079 51/529/698
f 1081/530/658 146/533/661 1082/531/659
f 146/533/661 145/535/663 1083/534/662
f 145/535/663 301/512/635 302/518/643
f 291/532/664 1082/531/2084 1084/536/665
f 1086/538/668 1084/536/2085 1087/542/2086
f 292/537/667 1084/536/2085 1086/538/668
f 1087/542/2086 1084/536/2085 1085/540/2087
f 1085/540/670 303/548/2088 1088/541/671
f 293/539/683 1086/538/2089 1089/550/684
f 1087/542/2090 1088/541/2091 1090/544/2092
f 1091/1334/2093 1089/550/2094 1090/544/2095
f 1093/1335/2096 295/1336/2097 1091/1334/2098
f 1094/1337/2099 1091/1334/2100 1092/1338/2101
f 13/545/676 147/547/679 1081/530/677
f 145/535/663 15/510/633 301/512/635
f 1088/541/673 304/549/2102 305/543/674
f 295/1336/2103 294/551/2104 1089/550/2105
f 290/546/710 1081/530/2106 291/532/711
f 297/597/2107 1095/562/2108 1096/1339/2109
f 1095/562/2110 308/525/650 1097/1340/2111
f 299/1341/2112 1100/554/688 1099/555/689
f 1102/556/690 1100/554/688 1103/557/691
f 1100/554/688 1101/553/687 1103/557/691
f 300/558/2113 1103/557/2114 1104/560/2115
f 48/575/745 450/1342/2116 297/597/746
f 297/597/746 450/1342/2116 449/1343/2117
f 1095/562/2118 449/1343/2119 448/561/2120
f 308/525/650 448/561/696 50/526/651
f 310/1328/2075 1101/553/687 309/1329/2076
f 1105/559/694 312/1333/2083 51/529/698
f 1129/593/740 1104/560/2115 49/1344/2121
f 300/558/692 1126/1345/2122 1102/556/690
f 1124/1346/2123 299/1341/2112 1099/555/689
f 1109/579/721 1110/564/2124 1111/566/2125
f 1115/1347/2126 294/551/2104 295/1336/2103
f 1114/567/703 1115/1347/2127 1117/568/704
f 136/570/706 135/1348/2128 290/546/709
f 135/1348/2128 13/545/2129 290/546/709
f 1108/573/713 291/532/664 292/537/666
f 1110/564/700 292/537/667 293/539/669
f 1112/565/2130 293/539/2131 294/551/2132
f 457/1349/2133 285/1350/2134 1116/569/2135
f 1116/569/2135 1117/568/717 456/595/2136
f 1116/569/2135 456/595/2136 457/1349/2133
f 285/1350/2137 284/615/2138 1114/567/703
f 282/576/718 1111/566/2139 1113/577/719
f 1109/579/721 1111/566/2125 282/576/722
f 1107/581/724 1109/579/2140 281/580/725
f 279/571/2141 1107/581/2142 280/582/759
f 286/1351/2143 1118/583/2144 287/585/2145
f 1118/583/727 1119/596/2146 1120/584/728
f 287/585/730 1120/584/728 1122/586/731
f 1121/587/733 1122/586/2147 1123/588/734
f 1124/1346/2123 1122/586/2147 299/1341/2112
f 288/589/735 1123/588/734 1125/590/736
f 1125/590/736 1126/1345/2122 1127/591/737
f 1129/593/740 1127/591/739 300/558/2113
f 289/592/748 1127/591/2148 1128/594/749
f 286/1351/2149 46/1352/2150 457/1349/2151
f 1119/596/743 456/595/742 48/575/2152
f 457/1349/2151 456/595/742 1118/583/744
f 1119/596/2146 297/597/2107 298/1353/2153
f 458/1354/2154 1128/594/741 1129/593/740
f 1153/599/2155 1125/590/736 289/592/738
f 1150/600/2156 1121/587/2157 288/589/735
f 269/601/753 1130/604/756 1132/602/754
f 1130/604/756 1131/606/2158 1133/605/757
f 1132/602/2159 1133/605/2160 1134/608/2161
f 1133/605/761 280/582/726 281/580/725
f 271/625/788 1134/608/2162 1136/610/789
f 1139/611/2163 1136/610/2164 1137/609/2165
f 1139/611/767 1140/614/2166 1142/612/768
f 1141/613/773 1142/612/2167 1143/616/774
f 128/618/776 1130/604/781 269/601/777
f 128/618/776 127/620/779 1130/604/781
f 127/620/779 11/572/708 1131/606/780
f 1131/606/758 279/571/2141 280/582/759
f 1147/629/2168 1145/634/2169 1146/627/2170
f 1146/627/791 286/1351/2143 1148/628/792
f 1151/1355/2171 1149/1356/2172 1150/600/2156
f 1151/1355/2171 1150/600/2156 288/589/735
f 1155/631/795 1152/630/794 1153/599/2155
f 1152/630/794 1154/632/796 277/661/2173
f 1157/598/750 1155/631/797 289/592/748
f 1145/634/800 462/623/2174 461/622/2175
f 44/624/799 462/623/2174 1145/634/800
f 1148/628/792 286/1351/2143 287/585/2145
f 1157/598/802 47/1357/2176 463/636/803
f 1148/628/2177 287/585/2178 1150/600/2179
f 1156/633/2180 463/636/2181 464/1358/2182
f 276/1359/2183 1152/630/794 277/661/2173
f 275/1360/2184 1152/630/2185 276/1359/2186
f 1159/637/805 1161/640/2187 1160/638/806
f 1163/642/814 1165/626/790 1164/643/815
f 269/601/753 270/603/755 1161/640/2187
f 1161/640/808 1163/642/2188 1162/641/809
f 1161/640/808 271/625/2189 1163/642/2188
f 1169/1361/2190 1168/1362/2191 272/617/775
f 122/644/817 1158/639/2192 254/645/818
f 122/644/817 1159/637/820 1158/639/2192
f 9/619/778 269/601/777 1159/637/820
f 1169/1361/2193 465/665/2194 466/648/822
f 258/650/2195 1167/1363/2196 259/688/2197
f 1158/639/807 1160/638/806 255/652/827
f 1174/656/832 1176/1364/2198 1175/657/833
f 264/660/837 1175/657/2199 1177/658/835
f 1178/659/836 1177/658/835 276/1359/2186
f 264/660/837 1178/659/2200 265/705/900
f 266/666/846 1179/663/2201 1180/667/847
f 1179/663/2201 1181/662/839 1180/667/847
f 466/648/841 1171/1365/2202 1170/653/842
f 1171/1365/2202 465/665/845 1172/664/844
f 1172/664/844 273/635/801 1174/656/2203
f 1181/662/839 277/661/838 278/1366/2204
f 261/655/831 1173/654/830 262/696/891
f 43/1114/1561 1184/1367/2205 116/22/25
f 244/669/849 1186/674/2206 1188/670/850
f 1186/674/2206 1189/673/2207 1188/670/850
f 1187/672/852 1190/675/855 1189/673/853
f 254/645/828 255/652/827 1190/675/855
f 1188/670/856 1191/677/860 246/676/857
f 1189/673/859 1192/678/2208 1191/677/860
f 1191/677/864 1193/680/868 247/679/865
f 1192/678/867 1194/682/2209 1193/680/868
f 1194/682/2210 1196/681/2211 1195/1368/2212
f 1197/683/872 1198/686/2213 1199/684/873
f 1397/689/879 115/691/883 1186/674/880
f 114/690/882 1187/672/884 1186/674/880
f 7/646/819 254/645/818 1187/672/884
f 257/651/869 258/650/2214 1196/681/870
f 1200/687/876 259/688/878 260/647/2215
f 1199/684/2216 1200/687/2217 471/693/2218
f 249/685/2219 1199/684/2216 471/693/2218
f 1227/695/2220 1197/683/872 249/685/874
f 1202/698/2221 1201/697/2222 262/696/2223
f 1202/698/893 1204/702/897 1203/699/894
f 262/696/2224 263/1369/2225 1204/702/897
f 1210/668/848 1208/707/907 266/666/846
f 1203/699/894 1205/703/898 1206/704/899
f 1205/703/898 265/705/904 1206/704/899
f 1206/704/901 1208/707/2226 1207/706/902
f 1207/706/909 1209/708/908 252/711/914
f 1208/707/907 1210/668/848 1209/708/908
f 1201/697/913 470/692/2227 261/655/2228
f 473/1370/2229 1209/708/908 472/1371/2230
f 251/701/970 1207/706/2231 1240/712/971
f 1211/713/916 1212/1372/2232 1214/714/917
f 1213/1373/2233 267/1374/2234 268/1375/2235
f 1214/714/917 1213/1373/2236 474/1113/1560
f 43/1114/1561 474/1113/1560 268/1375/2235
f 476/19/22 1214/714/917 475/20/23
f 1215/715/918 1216/719/922 1219/716/919
f 1217/718/921 1220/723/947 1219/716/919
f 1218/717/923 1219/716/2237 1221/720/924
f 1220/723/929 246/676/857 1222/722/927
f 234/721/952 1221/720/2238 1223/725/953
f 1221/720/930 1222/722/933 1224/724/931
f 246/676/866 247/679/865 1224/724/931
f 1223/725/934 1224/724/2239 1225/726/935
f 1226/728/938 1227/695/890 1229/1376/2240
f 4/729/940 105/731/944 1216/719/943
f 104/732/946 1397/689/879 244/669/881
f 1217/718/921 244/669/849 245/671/851
f 1226/728/938 248/694/888 1227/695/890
f 1228/733/949 1229/1376/2241 477/734/950
f 237/216/254 1228/733/2242 35/217/255
f 235/735/2243 1223/725/2244 236/727/936
f 233/207/2245 1218/717/2246 234/721/2247
f 232/730/955 1215/715/918 1218/717/920
f 1234/738/960 1235/740/963 240/744/973
f 1239/742/2248 1237/1377/2249 1240/712/971
f 1239/742/2250 1242/741/964 1241/1378/2251
f 1240/712/915 252/711/914 1242/741/964
f 35/217/966 477/734/969 1230/736/967
f 477/734/969 38/710/912 1231/709/911
f 851/233/271 241/1262/1849 1239/742/2252
f 238/224/262 1234/738/960 239/745/974
f 843/239/2253 1230/736/2254 238/224/2255
f 616/1099/1538 107/1098/1536 108/1103/2256 619/9/2257
f 1245/746/975 253/1379/2258 40/747/976
f 1245/746/975 480/1/1 1244/12/12
f 73/762/977 1247/752/981 1256/1380/978
f 1248/751/980 1249/754/983 1247/752/981
f 1249/754/983 1251/764/995 1250/756/986
f 486/757/987 1250/756/986 1251/764/995
f 79/1381/2259 1246/1382/2260 1252/1383/985
f 80/1384/2261 1253/759/989 79/1381/2259
f 1256/749/978 1255/761/991 1254/758/988
f 1256/749/978 1247/1385/981 1255/761/991
f 74/753/2262 482/828/1094 1248/751/2263
f 1249/754/983 1246/1386/2260 1247/752/981
f 1250/756/986 1246/1386/2260 1249/754/983
f 1255/761/991 1246/1382/2260 1253/759/989
f 1247/1385/981 1246/1382/2260 1255/761/991
f 483/763/993 482/828/1094 75/827/1093
f 483/763/993 1248/751/2263 482/828/1094
f 484/191/992 1248/751/2263 483/763/993
f 485/902/1209 484/191/225 77/190/224
f 485/902/1209 1251/764/995 484/191/225
f 78/765/996 1251/764/995 485/902/1209
f 1259/770/1001 1261/775/2264 1260/771/1002
f 1259/770/1001 494/773/2265 1261/775/2264
f 1261/775/1007 1262/777/2266 501/776/1008
f 1261/775/1007 495/774/2267 1262/777/2266
f 500/778/1266 497/779/1014 499/781/1016
f 167/782/1017 1257/786/2268 504/783/1018
f 168/785/1020 1258/788/2269 1257/786/1021
f 169/787/1022 493/789/2270 1258/788/1023
f 1262/777/1010 496/790/1221 497/779/1013
f 28/805/1289 1263/804/1049 1264/794/2271
f 1263/804/1049 213/792/1051 1264/794/2271
f 1264/794/1056 1266/797/1039 513/799/1057
f 1264/794/1056 1265/793/1037 1266/797/1039
f 1266/797/1040 1267/800/2272 512/798/1041
f 1266/797/1040 507/796/2273 1267/800/2272
f 511/801/1285 509/802/1047 1343/768/999
f 213/792/2274 214/144/170 505/795/2275
f 505/795/2275 214/144/170 30/143/2276
f 1265/793/1037 506/806/2277 507/796/1038
f 1267/800/1043 508/807/1241 509/802/1046
f 510/769/1000 1256/749/978 1343/768/999
f 28/805/1289 1264/794/2271 1340/808/1278
f 1268/809/1059 1269/812/2278 1272/810/1060
f 1269/812/1062 1270/825/1092 1273/813/1063
f 1270/825/1092 515/816/1091 1273/813/1063
f 1272/810/1065 1275/815/2279 1274/814/1066
f 1273/813/1068 516/817/2280 1275/815/1069
f 1275/815/2279 1276/818/2281 1274/814/1066
f 5/13/1082 110/32/1085 1268/809/1083
f 110/32/1085 111/31/2282 1269/812/1086
f 111/31/1087 112/30/2283 1270/825/1088
f 112/30/2283 113/29/2284 1270/825/1088
f 1279/822/1095 482/828/1094 74/753/2262
f 519/823/1081 1279/822/1095 74/753/2262
f 520/824/1096 1268/809/1059 1271/811/1061
f 1286/833/1115 1283/830/1098 1284/842/1113
f 1285/831/2285 1288/835/1103 1287/837/1117
f 1285/831/2285 1286/833/1101 1288/835/1103
f 1288/835/1104 524/834/1265 525/838/1107
f 1364/836/1315 525/838/1108 527/839/1109
f 151/840/1110 1280/1387/2286 529/841/1111
f 1284/842/1113 522/925/1260 523/843/1114
f 1286/833/1101 523/843/1262 524/834/1102
f 1360/844/1116 1285/831/2285 1287/837/1117
f 1289/846/1120 1290/850/1124 1292/847/1121
f 1291/849/1123 1293/852/1126 1292/847/1121
f 1292/847/1127 1294/855/1132 537/853/1128
f 1292/847/1127 1293/852/1130 1294/855/1132
f 1294/855/1133 1295/857/2287 536/856/1134
f 1294/855/1133 531/854/2288 1295/857/2287
f 535/858/1337 533/859/1140 1372/767/998
f 194/120/1142 195/118/2289 1290/850/1143
f 195/118/2289 1291/849/2290 1290/850/1143
f 487/750/979 546/875/1165 545/1388/1168
f 1295/857/1136 532/861/1284 533/859/1139
f 534/860/1141 1254/758/988 1372/767/998
f 1296/883/1176 1297/1389/2291 1299/869/2292
f 1297/1389/2291 1300/867/2293 1299/869/2292
f 1298/196/1149 541/866/2294 1300/863/1150
f 1299/869/1173 1301/868/2295 548/873/1174
f 1300/863/1155 541/866/2296 1301/871/1156
f 1301/868/1161 1302/874/2297 547/872/1162
f 1301/871/1161 542/870/2298 1302/876/2297
f 94/198/2299 1297/1389/2300 1296/883/2301
f 94/198/2299 1298/1253/2302 1297/1389/2300
f 1302/876/1164 543/880/2303 544/877/1167
f 1296/883/1176 1299/869/2292 549/882/1177
f 488/898/1816 1303/885/2304 815/183/216
f 1304/887/1182 552/900/2305 1305/886/1180
f 815/183/1819 1305/886/1183 489/890/2306
f 1305/886/1183 552/900/1328 553/888/1184
f 489/890/1186 1306/889/2307 1308/891/1187
f 1306/889/2307 553/888/2308 1308/891/1187
f 817/186/1210 1307/892/2309 1309/894/1191
f 1307/892/2309 1308/891/1189 1309/894/1191
f 133/897/1194 1303/885/1198 488/898/1195
f 134/54/1197 1304/887/2310 1303/885/1198
f 12/52/1199 551/899/2311 1304/887/1200
f 1308/891/1189 554/901/2312 555/893/1190
f 1310/895/1208 78/765/996 485/902/1209
f 818/188/2313 1309/894/1191 819/896/1193
f 1315/909/1218 1313/906/1214 1314/904/1216
f 1313/906/1214 1315/909/1218 495/774/1005
f 80/1384/2261 498/780/2314 1317/760/990
f 1315/909/1219 1316/910/2315 496/790/1029
f 1315/909/1219 557/908/2316 1316/910/2315
f 497/779/1014 559/911/1223 498/780/1015
f 1317/760/990 498/780/2314 560/912/1224
f 178/1189/1702 179/914/1227 1311/905/1226
f 180/913/1225 556/903/2317 1311/905/1226
f 1316/910/1220 558/915/1336 559/911/1222
f 177/102/125 1312/907/2318 494/773/1233
f 1318/920/1252 1319/921/1244 1321/918/2319
f 1319/921/1244 1322/916/2320 1321/918/2319
f 1319/921/1244 1320/162/1243 1322/916/2320
f 1320/162/1243 549/882/2321 1322/916/2320
f 1321/918/1249 1323/917/2322 507/796/1250
f 1322/916/1235 549/882/2323 1323/917/1236
f 1323/917/1239 1324/919/2324 508/807/1054
f 1323/917/1239 548/873/2325 1324/919/2324
f 509/802/1047 546/875/1165 510/769/1000
f 487/750/979 510/769/1000 546/875/1165
f 30/143/2276 1318/920/2326 505/795/2275
f 219/154/190 1319/921/2327 1318/920/1242
f 1324/919/1240 547/872/1166 546/875/1165
f 1318/920/1252 1321/918/2319 506/806/1052
f 1326/193/1253 1327/185/2328 516/817/1072
f 516/817/1254 1328/187/220 517/820/2329
f 1328/187/221 491/189/223 518/821/1078
f 518/821/2330 1329/923/2331 1278/1390/2332
f 514/826/2333 6/1124/2334 121/36/2335
f 1329/923/1258 490/1391/2336 76/192/994
f 1325/922/1257 121/36/2335 8/35/1255
f 1325/922/2337 492/182/215 1326/193/227
f 1329/923/1258 76/192/994 483/763/993
f 1333/924/1259 1335/926/2338 523/843/1114
f 1335/926/1261 1336/928/2339 524/834/1102
f 1335/1392/1261 502/791/2340 1336/927/2339
f 1336/927/1264 501/776/1012 500/778/1011
f 525/929/1108 500/778/1266 526/930/997
f 79/1381/2259 526/930/997 499/781/2341
f 16/933/2342 1330/932/2343 521/1393/2344
f 159/931/1267 1331/1394/2345 1330/932/1268
f 160/934/1270 1332/937/2346 1331/935/1271
f 18/784/1019 504/783/2347 1332/937/1273
f 504/783/1274 503/772/2348 1334/938/1275
f 1334/938/2349 503/772/2350 502/791/2351
f 526/930/997 79/1381/2259 1252/1383/985
f 1337/944/1287 202/939/2352 1339/940/2353
f 1339/940/1291 1341/942/1281 531/854/1131
f 1341/942/1282 1342/943/2354 532/861/1146
f 1341/942/1282 513/799/2355 1342/943/2354
f 533/859/1140 511/801/1285 534/860/1141
f 26/945/2356 1337/944/2357 530/851/2358
f 202/939/1771 203/1225/1769 1338/941/1280
f 1342/943/1283 512/798/1045 511/801/1044
f 1343/768/999 1254/758/988 534/860/1141
f 1337/944/1287 1339/940/2353 1293/852/1126
f 1344/951/1304 1345/946/2359 1346/947/2360
f 1345/946/1292 520/824/1096 1347/829/1097
f 1348/950/1302 1350/949/2361 543/880/1171
f 1351/1395/2362 1350/949/1295 519/823/1081
f 545/879/1168 544/877/1167 1351/1395/2362
f 545/879/1168 1351/1395/2362 74/753/2262
f 74/753/2262 1351/1395/2362 519/823/1081
f 3/195/229 101/952/1299 1344/951/1297
f 102/15/1298 103/14/1301 1345/946/1300
f 103/14/1301 5/13/1082 520/824/1084
f 1346/947/1303 1348/950/2363 542/870/1159
f 1344/951/1304 1346/947/2360 541/866/1153
f 1353/953/1305 1356/957/1309 1355/954/1306
f 1354/956/1308 1357/958/1311 1356/957/1309
f 1355/954/1312 1356/957/2364 1359/959/1313
f 1363/962/1326 554/901/1325 1361/1396/2365
f 1363/962/2366 1364/836/1315 1365/961/1316
f 142/72/1317 1352/955/1321 551/899/1318
f 143/71/1320 1353/953/1323 1352/955/1321
f 144/70/1322 1354/956/1324 1353/953/1323
f 14/69/1112 529/841/1111 1354/956/1324
f 529/841/1310 528/832/2367 1357/958/1311
f 1357/958/2368 528/832/2369 1360/844/2370
f 1317/760/990 560/912/1224 1372/767/998
f 555/893/1190 1365/961/1316 78/765/996
f 555/893/1190 1363/962/2366 1365/961/1316
f 553/888/1205 1358/960/2371 554/901/1206
f 552/900/1328 1355/954/1312 1358/960/1314
f 1352/955/1307 1355/954/1306 552/900/1203
f 556/903/1211 1366/969/2372 1368/965/2373
f 1366/969/2372 1367/963/2374 1368/965/2373
f 1368/965/1344 1370/966/1333 557/908/1217
f 1368/965/1344 1369/964/1332 1370/966/1333
f 1370/966/1334 1371/967/2375 558/915/1231
f 1370/966/1334 537/853/2376 1371/967/2375
f 559/911/1223 535/858/1337 560/912/1224
f 556/903/1228 22/109/134 1366/969/2377
f 22/109/134 186/968/2378 1366/969/2377
f 186/968/1338 187/970/1341 1367/963/1339
f 187/970/1341 24/1202/1725 539/862/1342
f 1369/964/1332 538/848/1129 537/853/1128
f 1371/967/1335 536/856/1138 535/858/1137
f 556/903/1211 1368/965/2373 1314/904/1212
f 1374/1397/2379 1373/1398/2380 82/1052/1453
f 565/179/209 1373/1398/2380 1374/1397/2379
f 1375/971/1345 1373/1398/2380 565/179/209
f 1376/974/1348 1375/1399/1345 563/978/1346
f 1376/974/1348 1378/973/1347 1373/1400/2380
f 82/1052/1453 1373/1398/2380 1379/1401/1356
f 1376/974/1348 1373/1400/2380 1375/1399/1345
f 86/1402/2381 1374/1397/2379 1394/1011/1397
f 1379/983/1356 1373/1400/2380 1378/973/1347
f 1394/1011/1397 1374/1397/2379 1426/1012/1398
f 85/177/207 1374/1397/2379 86/1402/2381
f 596/977/1351 1376/974/1348 563/978/1346
f 1377/975/1349 1376/974/1348 596/977/1351
f 81/986/1359 82/1403/1453 1379/983/1356
f 127/620/779 1382/988/1361 1380/990/1373
f 1381/987/1360 572/992/2382 1382/988/1361
f 1382/988/1362 1384/993/1369 1383/989/1363
f 1383/989/1363 1384/993/1369 575/994/1370
f 11/572/708 1380/990/1373 578/998/1460
f 128/618/776 1381/987/1367 127/620/779
f 128/618/776 571/991/1365 1381/987/1367
f 562/980/1353 574/982/1355 1377/975/1349
f 1380/990/1364 1383/989/1363 576/995/1371
f 1385/999/1379 1387/1002/2383 1386/1000/1380
f 1386/1000/1386 1388/1003/1385 581/1005/1391
f 1387/1002/1384 579/1082/1502 1388/1003/1385
f 579/1082/1502 580/1081/1501 1388/1003/1385
f 1388/1003/1385 580/1081/1503 1389/1404/2384
f 170/1004/1387 1385/999/1383 582/1001/1388
f 564/976/1350 1389/1404/2384 563/972/1346
f 582/1001/1464 1386/1000/2385 1418/1006/2386
f 586/1014/1485 1390/1007/1393 585/1009/1395
f 1390/1007/1393 583/1015/1506 1391/1008/1394
f 1393/1069/1487 1392/1090/1517 584/1010/1396
f 1393/1069/1487 584/1010/1396 1426/1012/1398
f 215/1013/1399 1390/1007/1403 586/1014/1400
f 215/1013/1399 216/295/354 1390/1007/1403
f 216/295/354 884/285/339 583/1015/1402
f 884/285/339 29/300/361 583/1015/1402
f 1425/1065/1477 1393/1069/1487 1426/1012/1398
f 1396/1020/1408 1397/689/1416 588/1025/1415
f 593/1017/1417 1395/1016/1404 1398/1019/1407
f 1395/1016/1404 1396/1020/1408 1399/1018/1406
f 1396/1020/1408 588/1025/1415 589/1021/1409
f 1399/1018/1406 590/1022/1411 592/1023/1412
f 592/1023/1494 591/985/1358 561/984/1357
f 114/690/882 1395/1016/1404 7/646/819
f 115/691/1413 1396/1020/1408 1395/1016/1404
f 115/691/1413 1397/689/2387 1396/1020/1408
f 1431/1026/1493 1398/1019/1407 592/1023/1412
f 599/1029/1421 1401/1028/1420 598/1032/1426
f 1400/1027/1419 1402/1030/2388 1401/1028/1420
f 1401/1028/1420 1403/1034/1429 597/1031/1425
f 1401/1028/1420 1402/1030/2388 1403/1034/1429
f 1403/1034/1429 595/1033/1428 596/977/1351
f 1059/504/1430 1400/1027/2389 599/1029/1421
f 154/513/637 15/510/633 1400/1027/1432
f 1402/1030/1427 594/1035/1530 595/1033/1428
f 1404/1036/1435 1405/172/214 1407/181/213
f 601/1089/1515 570/180/211 600/1038/1437
f 27/364/1438 196/362/1441 1404/1036/1439
f 196/362/1441 25/171/199 1405/172/201
f 602/1040/1514 1406/1037/2390 601/1089/1515
f 603/1039/1442 1404/1036/1435 1406/1037/1436
f 96/215/251 1410/1044/1445 1408/1046/1447
f 1409/1041/1444 604/1070/1488 1410/1042/1445
f 606/1049/1450 1411/1048/1449 605/1047/1448
f 1410/1042/1445 604/1070/1488 605/1047/1448
f 4/729/1451 95/206/252 1408/1046/1447
f 96/1043/251 97/213/2391 1409/1041/1444
f 97/213/2391 2/264/2392 1409/1041/1444
f 607/1045/1446 1411/1405/1449 81/986/1359
f 1408/1046/1447 607/1045/1446 1443/1053/1454
f 578/998/1378 577/997/1377 1413/1055/1456
f 577/997/1377 576/995/1371 1413/1055/1456
f 1413/1055/1456 1415/1058/1459 1414/1057/1458
f 1415/1058/1459 575/994/1370 83/981/1354
f 13/545/1463 135/1348/2393 1412/1054/1455
f 135/1348/2393 136/570/1461 1412/1054/1455
f 136/570/1461 578/998/1460 1412/1054/1455
f 610/1056/1457 1414/1057/1458 609/1059/1533
f 1416/1061/1466 1417/1060/1465 566/166/1815
f 582/1001/1464 1418/1006/2386 1417/1060/1465
f 1417/1060/1467 1419/1062/1469 567/176/206
f 567/176/1812 1420/1063/1470 568/169/197
f 23/175/205 1416/1061/1466 566/166/1815
f 181/427/1474 582/1001/2394 1416/1061/1473
f 1418/1006/1468 581/1005/1391 1419/1062/1469
f 1421/1067/1489 1424/1064/1476 1423/1066/1478
f 1421/1067/1489 1422/1068/2395 1424/1064/1476
f 1422/1068/2395 586/1014/2396 1424/1064/1476
f 605/1047/1448 1425/1065/1477 606/1049/1450
f 2/264/1479 221/262/2397 1421/1067/1480
f 31/263/1401 586/1014/1400 1422/1068/1483
f 1424/1064/1476 585/1009/2398 1393/1069/1487
f 1421/1067/1489 1423/1066/1478 604/1070/1488
f 1427/1073/1492 1429/1072/1491 571/991/1375
f 574/982/1355 561/984/1357 1378/973/1347
f 9/619/1374 1427/1073/1492 571/991/1375
f 122/644/1495 1428/1071/1490 1427/1073/1492
f 1428/1071/1490 7/646/819 593/1017/1405
f 1430/1074/2399 593/1017/2400 1431/1026/1493
f 1434/1075/1505 1435/1077/2401 579/1082/1502
f 580/1081/1503 84/1406/1352 1389/1404/2384
f 162/477/1504 1432/1076/1498 161/488/2049
f 163/485/606 1433/1078/1500 1432/1080/1498
f 17/487/1431 599/1029/1421 1433/1078/1500
f 599/1029/1421 598/1032/1426 1433/1078/1500
f 19/450/564 1434/1075/2402 1387/1002/1382
f 583/1015/1506 204/320/2403 1437/1085/1507
f 204/320/2403 1436/1086/1508 1437/1085/1507
f 1436/1086/1508 603/1039/1442 602/1040/1443
f 1391/1008/1516 1437/1085/1509 1438/1088/1511
f 1437/1085/1509 602/1040/1514 1439/1087/1510
f 1438/1088/1511 1439/1087/1510 584/1010/1396
f 1439/1087/1510 601/1089/1515 600/1038/1437
f 584/1010/1396 86/1402/2381 1394/1011/1397
f 584/1010/1396 600/1038/2404 86/1402/2381
f 204/320/2403 205/321/1512 1436/1086/1508
f 205/321/1512 206/1284/2405 603/1039/1513
f 206/1284/2405 27/364/2406 603/1039/1513
f 1392/1090/1517 1438/1088/1511 584/1010/1396
f 587/1024/1414 1440/1093/2407 1441/1091/1518
f 1440/1093/2407 608/1051/2408 1441/1091/1518
f 588/1025/1415 1441/1091/2409 1442/1092/1519
f 1441/1091/2409 1443/1053/1454 1442/1092/1519
f 1442/1092/1521 81/986/1359 590/1022/1411
f 1442/1092/1521 607/1045/1446 81/986/1359
f 1397/689/1416 104/732/1522 587/1024/1414
f 104/732/1522 105/731/2410 1440/1093/1523
f 105/731/2410 4/729/2411 1440/1093/1523
f 1446/1095/1529 1445/1096/1534 609/1059/1533
f 1446/1095/1529 1447/1097/1531 595/1033/1428
f 1446/1095/1529 609/1059/1533 1447/1097/1531
f 595/1033/1428 1447/1097/1531 596/977/1351
f 1447/1097/1531 609/1059/1462 83/981/1354
f 15/510/1422 145/535/2412 594/1035/1434
f 145/535/663 146/533/661 1444/1094/1525
f 146/533/661 147/547/679 1445/1096/1528
f 13/545/676 610/1056/2413 1445/1096/1528
f 612/6/6 481/1407/2414 611/4/4
f 616/1099/1538 613/3/3 107/1098/1536
f 618/1408/2415 617/1100/2416 615/5/1537
f 618/1408/2415 615/5/1537 616/1099/1538
f 619/9/2257 618/1408/2415 616/1099/1538
f 621/1102/1542 617/1100/1545 622/11/1547 101/952/1544
f 621/1102/1542 614/7/2417 617/1100/1545
f 619/9/2257 617/1100/2418 618/1408/2415
f 620/1101/1540 101/952/2419 3/195/229 100/1250/1831
f 99/1104/1550 614/7/1541 620/1101/1540 100/1250/1831
f 475/20/23 474/1113/1560 626/1107/1553 625/1106/2420
f 98/8/8 37/1409/2421 481/1407/2414
f 628/1105/1551 625/1106/1552 631/1110/2422 630/1410/2423
f 628/1105/1551 627/1109/1555 624/21/24
f 625/1106/2420 626/1107/1553 629/24/27 631/1110/2424
f 632/1108/2425 630/1410/2426 635/17/20 634/16/19
f 630/1410/2423 632/1108/2427 628/1105/1551
f 630/1410/2423 631/1110/2422 636/28/1563 635/17/34
f 631/1110/1556 633/27/30 637/1111/2428 636/28/2429
f 476/19/22 624/21/24 106/2/2 40/747/976
f 633/27/30 118/26/1574 119/1122/1573 637/1111/2428
f 116/22/25 626/1107/1553 43/1114/1561
f 637/1111/1558 119/1122/2430 120/1125/2431 639/1112/1559
f 639/1112/1559 120/1125/1578 6/1124/1577 113/29/32
f 108/1103/1543 632/1108/2425 634/16/19 109/33/40
f 107/1098/1536 627/1109/1555 632/1108/1554 108/1103/2256
f 624/21/24 627/1109/1555 107/1098/1536 106/2/2
f 642/1118/2432 643/1116/1566 645/1120/2433 117/25/28
f 119/1122/2430 647/1123/2434 648/34/2435 120/1125/2431
f 644/1115/1565 645/1120/2433 643/1116/1566
f 645/1120/2433 118/26/29 117/25/28
f 647/1123/1576 119/1122/2436 645/1120/1570
f 124/1130/1585 647/1123/1576 646/1119/1569
f 124/1130/2437 125/1126/2438 648/34/2435 647/1123/2434
f 654/39/46 655/38/45 657/1411/2439 124/1130/1585
f 651/37/44 649/1412/2440 652/40/47
f 124/1130/2437 657/1411/2439 658/45/2441 125/1126/2438
f 657/1411/2439 655/38/45 656/42/1583
f 657/1411/2439 656/42/1583 131/48/59
f 131/48/59 132/43/58 658/45/2441 657/1411/2439
f 459/1413/2442 662/1414/2443 661/1415/2444 659/1416/2445
f 653/41/1582 650/1127/1581 130/1129/1610
f 654/39/46 646/1119/1569 123/1121/1572
f 660/1132/1589 663/1131/1588 662/1414/2443 459/1413/2442
f 662/1414/2443 667/1417/2446 666/1142/2447 661/1415/2444
f 664/1133/1591 660/1132/2448 137/1134/1592
f 666/1142/2447 130/1129/2449 661/1415/2444
f 663/1131/1588 668/1418/2450 667/1417/2446 662/1414/2443
f 667/1417/2451 670/1136/1594 669/47/57 666/1142/2452
f 668/1418/2453 663/1131/1588 664/1133/1590
f 668/1418/2453 664/1133/1590 665/1135/2454
f 668/1418/2453 671/1137/2455 670/1136/1594 667/1417/2451
f 665/1135/2454 139/1140/2456 671/1137/2455 668/1418/2453
f 672/49/1596 670/1136/2457 671/1137/1597
f 673/1138/1605 671/1137/2458 139/1140/1606
f 675/55/1601 672/49/2459 673/1138/1602
f 140/1141/2460 141/51/2460 676/53/2460 673/1138/2460
f 139/1140/2461 665/1135/1593 138/1139/1604
f 675/55/68 134/54/67 133/897/1609 674/50/2462
f 666/1142/2452 669/47/57 131/48/59 653/41/48
f 133/897/1609 132/43/51 674/50/2462
f 659/1416/2445 661/1415/2444 130/1129/2449 129/1128/2463
f 679/1143/1612 684/1419/2464 683/1420/2465 682/1147/1628
f 678/1146/1627 1106/1148/2466 455/1421/2467
f 678/1146/1627 455/1421/2467 679/1143/1612
f 679/1143/1612 455/1421/2467 454/1144/1613
f 680/1145/1614 454/1144/2468 677/64/79
f 682/1147/1628 678/1146/1627 679/1143/1612
f 680/1145/1614 685/1422/2469 684/1419/2464 679/1143/1612
f 681/67/1615 686/61/2470 685/1422/2469 680/1145/1614
f 684/1419/2471 688/56/2472 687/58/2473 683/1420/2474
f 685/1422/2475 689/59/77 688/56/2472 684/1419/2471
f 683/1420/2474 687/58/2473 140/1141/2476 139/1140/2476
f 689/59/77 685/1422/2475 686/61/75
f 454/1144/2468 453/65/80 677/64/79
f 681/67/82 148/66/81 149/79/101
f 686/61/75 681/67/82 149/79/101
f 141/51/1618 140/1141/2477 687/58/1616
f 682/1147/1628 683/1420/2465 139/1140/2461 138/1139/1604
f 698/1152/1636 702/73/95 701/75/97 697/1150/1634
f 138/1139/1626 137/1134/2478 678/1146/1627
f 696/78/1631 148/66/81 693/1149/1632
f 697/1150/1634 693/1149/1644 694/1151/1635
f 698/1152/1636 694/1151/1646 695/1153/1637
f 700/1155/1639 696/78/100 697/1150/1634
f 699/1154/1638 703/76/98 702/73/95 698/1152/1636
f 700/1155/1639 704/1156/2479 150/68/1621 149/79/101
f 693/1149/1632 148/66/81 52/63/78 1080/1423/2480
f 704/1156/1643 700/1155/2481 701/75/1641
f 156/1161/1652 157/85/108 703/76/98 699/1154/2482
f 693/1149/1644 1080/1423/2483 447/1157/1645
f 694/1151/1646 447/1157/2484 446/1158/1647
f 695/1153/1648 446/1158/2485 55/1159/1649
f 699/1154/1651 695/1153/1648 155/1160/1650
f 151/840/1110 14/69/84 150/68/83 704/1156/2486
f 703/76/98 157/85/108 158/77/99
f 151/840/1110 704/1156/2486 152/74/2487
f 705/1173/1668 708/1165/1658 707/1164/1657 442/1163/1666
f 706/82/105 709/81/104 708/1424/1658 705/1425/1668
f 712/83/106 157/85/108 156/1161/1652 707/1164/1660
f 156/1161/1652 155/1160/1650 707/1164/1660
f 710/1169/2488 708/1424/2489 709/81/104
f 709/81/104 164/80/103 711/1174/1669
f 714/1170/2490 716/1426/2491 715/1427/1665 713/1168/1661
f 713/1167/1662 707/1164/2492 710/1166/1663
f 714/1170/2490 710/1169/2488 709/81/104
f 714/1170/2490 709/81/104 711/1174/1669
f 711/1174/1669 166/1180/2493 716/1426/2491 714/1170/2490
f 715/1171/2494 159/931/1272 717/84/107 712/83/106
f 716/1426/2495 160/934/1270 159/936/1272 715/1427/2494
f 18/784/1019 160/934/1270 716/1426/2495 166/1180/2496
f 440/87/110 706/82/105 705/1425/1668 441/1428/1667
f 721/89/1675 724/1178/1680 723/1177/1679 720/1176/1673
f 166/1180/1687 711/1174/1669 165/1175/1670
f 16/933/1671 158/77/2497 717/84/107
f 720/1176/1673 58/86/2498 436/90/1674
f 722/92/115 718/88/2499 719/93/116
f 724/1178/1680 727/1429/2500 726/1181/2501 723/1177/1679
f 724/1178/1680 721/89/1675 722/92/115
f 722/92/115 173/91/114 174/1190/1704
f 725/1179/1681 722/92/115 174/1190/1704
f 726/1181/2501 165/1175/1677 723/1177/1679
f 725/1179/1681 728/1430/2502 727/1429/2500 724/1178/1680
f 174/1190/1704 175/104/2503 728/1430/2502 725/1179/1681
f 727/1429/2504 168/785/1020 167/782/1017 726/1181/2505
f 728/1430/2506 729/97/1683 168/785/1020 727/1429/2504
f 726/1181/2505 167/782/1017 18/784/1019 166/1180/2496
f 728/1430/2506 175/104/1685 729/97/1683
f 612/6/6 98/8/8 481/1407/2414
f 730/1431/2507 734/1186/1695 733/1191/2508 172/94/2509
f 165/1175/1677 164/80/103 720/1176/1678
f 731/1182/2510 735/1432/2511 734/1186/1695 730/1431/2507
f 739/1187/2512 741/1433/2513 740/103/2514 738/1185/2515
f 735/1432/2511 731/1182/2510 736/1183/1692
f 736/1183/1692 731/1182/1689 732/99/1691
f 738/1185/1694 733/1191/2508 734/1186/1695
f 739/1187/2512 734/1186/1695 735/1432/2511
f 739/1187/2512 735/1432/2511 736/1183/1692
f 736/1183/1692 742/1434/2516 741/1433/2513 739/1187/2512
f 737/1184/1693 184/1435/2517 742/1434/2516 736/1183/1692
f 742/1434/2518 179/914/1699 743/101/2519 741/1433/2520
f 743/101/2519 740/103/2521 741/1433/2520
f 185/110/135 179/914/1699 742/1434/2518 184/1435/2522
f 738/1185/2515 740/103/2514 175/104/2503 174/1190/1704
f 737/1184/2523 732/99/2524 183/1188/2525
f 178/1189/1702 743/101/124 179/914/1227
f 746/105/130 750/107/132 749/1198/2526 745/1195/2527
f 174/1190/1704 173/91/114 733/1191/1705
f 749/1198/2526 748/1194/2528 745/1195/2527
f 751/1196/1712 749/1198/1716 755/1200/1724 754/1201/1722
f 749/1198/2526 751/1196/2529 748/1194/2528
f 191/1217/2530 752/1197/2531 750/107/132
f 753/1436/2532 747/1192/1713 751/1196/1712
f 754/1201/1722 753/1436/2532 751/1196/1712
f 430/1204/1727 744/1193/1709 182/98/2533 350/1437/2534
f 752/1197/1715 755/1200/1724 749/1198/1716
f 754/1201/1722 756/108/1721 753/1436/2532
f 193/1203/1730 757/1199/2535 752/1197/1731
f 757/1199/1718 186/968/1733 755/1200/1719
f 753/1436/2532 756/108/1721 184/1435/2517 737/1184/1693
f 745/1195/1711 744/1193/1709 429/1205/1728
f 746/105/130 745/1195/2527 428/1206/1995
f 191/1217/2530 750/107/132 190/106/131
f 192/1207/1753 752/1197/2536 191/1217/1754
f 187/970/1341 757/1199/1718 24/1202/1725
f 22/109/134 756/108/133 186/968/2378
f 185/110/135 184/1435/2522 756/108/133
f 753/1436/2537 737/1184/2523 183/1188/2525 747/1192/1708
f 744/1193/1709 747/1192/1708 183/1188/2525 182/98/2533
f 765/1211/2538 769/1213/1745 768/117/1744 764/1209/2539
f 761/114/139 760/112/137 763/1210/2540
f 764/1209/1736 760/112/1735 762/1208/1738
f 763/1210/2540 192/1207/2541 761/114/139
f 765/1211/1747 762/1208/1734 198/1215/1748
f 767/119/144 763/1210/1737 764/1209/1736
f 360/415/517 962/116/141 758/115/140 190/106/131
f 770/121/147 766/1212/2542 767/119/145
f 197/123/149 762/1208/1734 759/111/136 66/124/150
f 193/1203/1726 766/1212/2542 770/121/147 24/1202/1725
f 762/1208/1734 197/123/149 198/1215/1748
f 769/1213/1745 765/1211/2538 199/1216/2543
f 769/1213/1745 199/1216/2543 200/1214/1746
f 776/129/2544 779/131/2545 778/1227/1775 774/1218/1756
f 766/1212/1740 193/1203/2546 192/1207/1741
f 761/114/139 191/1217/2530 190/106/131
f 773/1220/1759 776/129/1762 772/126/152
f 774/1218/1756 771/122/148 776/129/2544
f 782/1223/2547 203/1225/1769 783/130/156 780/128/154
f 781/133/1765 778/1227/1775 779/131/1766
f 415/342/410 414/1438/2548 773/1220/1759 772/126/152
f 782/1223/2547 210/136/1789 211/1226/1791 203/1225/1769
f 207/1221/1760 773/1220/1759 414/1438/2548
f 207/1221/1760 414/1438/2548 69/1236/1793
f 210/136/2549 782/1223/2550 209/1222/2551
f 774/1218/1756 778/1227/1775 199/1216/1774 198/1215/2552
f 203/1225/1769 202/939/1771 783/130/156
f 200/1214/1750 781/133/1772 26/945/1751
f 200/1214/1750 199/1216/2553 781/133/1772
f 787/1228/1777 788/1230/1779 791/1439/2554 790/1234/2555
f 787/1228/1777 208/1224/1786 784/1229/1778
f 788/1230/1782 784/1229/1794 785/1231/1780
f 789/1232/1783 785/1231/1780 786/138/164
f 790/1234/2556 791/1439/2554 792/134/160 210/136/2549
f 791/1439/2554 788/1230/1779 789/1232/1787
f 789/1232/1787 217/1233/1795 794/142/168
f 791/1439/2554 789/1232/1787 793/1235/1788 792/134/160
f 409/1440/2557 785/1231/1780 784/1229/1794 410/1441/2558
f 793/1235/1788 795/135/161 792/134/160
f 69/1236/1793 410/1441/2558 784/1229/1794
f 907/139/165 786/138/164 785/1231/1780 409/1440/2557
f 793/1235/1792 796/141/167 214/144/170 213/792/2274
f 793/1235/1792 213/792/2274 212/803/1797 795/135/1796
f 405/147/2559 799/146/2560 798/1240/1811 72/137/163
f 210/136/2549 209/1222/2551 790/1234/2556
f 790/1234/1785 209/1222/2561 208/1224/1786
f 803/1238/1800 802/1237/1799 798/1240/1811 799/146/2560
f 813/170/2562 568/169/197 569/178/208 85/177/207
f 803/1238/1800 799/146/2560 801/149/175
f 804/153/1802 802/1237/2563 803/1238/1803
f 806/1239/1805 803/1238/2564 805/152/1806
f 1/199/1808 220/161/188 807/160/187
f 218/140/181 217/1233/1784 802/1237/1799
f 217/1233/1784 798/1240/1811 802/1237/1799
f 813/170/198 810/164/210 812/168/196
f 818/188/2313 819/896/1193 490/1391/2565 491/189/2566
f 85/177/207 570/180/211 813/170/2562
f 816/1241/1817 1327/185/2328 814/184/1818
f 489/890/2306 816/1241/1817 815/183/1819
f 819/896/1193 77/190/2567 76/192/994 490/1391/2336
f 488/898/1195 492/182/1256 126/46/1821 10/44/1196
f 400/1442/2568 821/1443/1823 820/1245/1825 32/157/184
f 1327/185/2328 1326/193/1253 814/184/1818
f 820/1245/1825 224/159/186 32/157/184
f 400/1444/2568 399/1445/2569 822/1244/1824 821/1243/1823
f 399/1445/2569 37/1409/2421 98/8/8 822/1244/1824
f 826/1246/2570 828/1252/1832 830/197/231 823/1247/1827
f 823/1247/1827 224/159/186 820/1245/1825
f 824/1446/1822 820/1245/1825 821/1443/1823
f 825/1249/2571 824/1242/2572 822/1244/1824
f 825/1249/2571 822/1244/1824 98/8/8
f 826/1246/2573 820/1245/2574 824/1446/1829
f 827/1248/1828 826/1447/2573 824/1242/1829
f 99/1104/1550 827/1248/2575 825/1249/2571
f 826/1447/2570 827/1248/2576 829/194/228 828/1251/1832
f 99/1104/1550 100/1250/1831 829/194/228 827/1248/2576
f 823/1247/1827 830/197/231 222/151/177 223/150/176
f 99/1104/1550 825/1249/2571 98/8/8
f 830/197/231 828/1252/1832 94/198/232
f 92/202/2577 832/201/242 834/1448/244 91/1449/2578
f 823/1247/1827 223/150/176 224/159/186
f 833/204/1834 233/207/2245 234/721/2247 835/208/243
f 834/1448/2579 836/1450/2580 90/1451/2581 91/1449/2582
f 834/209/2579 835/208/2583 837/1452/2584 836/1453/2580
f 234/721/952 235/735/954 837/1452/2584 835/208/2583
f 90/1451/2585 836/1450/2586 839/210/245 89/1254/2587
f 836/1453/2586 837/1452/2588 838/1257/1838 839/1256/245
f 837/1452/2588 235/735/2243 236/727/936 838/1257/1838
f 88/1255/2589 839/210/2590 840/212/2590 87/221/2591
f 838/1257/1838 236/727/936 237/216/2592 841/219/246
f 842/238/2593 845/1259/264 844/243/284 231/237/1855
f 395/218/256 841/219/257 237/216/254
f 843/239/2253 238/224/2255 845/226/264 842/240/2593
f 242/1454/2594 852/1455/273 850/234/272 851/233/2595
f 848/1261/1845 846/225/263 239/745/974
f 851/233/271 849/232/266 241/1262/1849
f 36/1456/2596 397/1457/282 852/1455/273 242/1454/2594
f 398/242/1854 33/1268/1874 226/236/274
f 860/250/295 862/254/297 383/1458/2597 382/247/2598
f 856/1459/2599 853/1460/2600 243/1461/2601
f 37/1409/2421 856/1459/2599 243/1461/2601
f 37/1409/2421 399/1445/2569 856/1459/2599
f 399/1445/2569 854/1462/2602 856/1459/2599
f 399/1445/2569 400/1444/2568 854/1462/2602
f 400/1442/2568 855/1463/2603 854/1464/2602
f 400/1442/2568 32/157/184 855/1463/2603
f 32/157/184 225/1271/1877 855/1463/2603
f 861/251/1857 92/202/2577 91/1449/2578 863/253/296
f 862/254/2604 864/255/2605 384/257/346 383/1458/2606
f 862/254/2604 863/253/2607 865/1263/2608 864/255/2605
f 863/253/2607 91/1449/2582 90/1451/2581 865/1263/2608
f 865/1263/1859 90/1451/2585 89/1254/2587 866/258/1858
f 89/1254/1835 88/1255/1837 868/260/1860 866/258/301
f 88/1255/2589 87/221/2591 869/261/305 868/260/304
f 869/261/2609 87/221/259 34/223/261 401/275/2610
f 869/261/2609 401/275/2610 70/273/2611 387/1264/2612
f 231/237/1855 230/245/286 874/1266/1870 871/276/2613
f 386/1265/1867 867/259/1861 387/1264/1863
f 873/267/333 876/268/2614 390/270/319 389/1270/1876
f 874/1266/1870 873/267/333 872/266/315
f 873/267/333 874/1266/1870 875/271/2615 876/268/2614
f 230/245/286 229/244/285 875/271/2615 874/1266/1870
f 229/244/1846 228/229/1848 877/272/321 875/271/320
f 876/268/317 878/1267/1871 392/313/2616 391/269/318
f 228/229/268 227/231/270 878/1267/1871 877/272/1872
f 392/313/374 878/1267/2617 879/1269/1875 393/277/329
f 878/1267/2617 227/231/1850 226/236/274 879/1269/1875
f 34/223/277 231/237/276 871/276/327 401/275/326
f 33/1268/1874 402/278/330 879/1269/1875
f 405/147/2559 72/137/163 881/1465/2618 882/282/2619
f 882/282/336 880/281/335 404/156/183
f 885/283/337 890/286/2620 889/288/2621 887/284/338
f 72/137/163 394/1276/2622 881/1465/2618
f 888/297/357 891/289/2623 890/286/2620 885/283/337
f 892/290/347 384/257/300 385/256/299 895/292/350
f 386/1265/1867 387/1264/1863 896/1272/2624 895/292/350
f 895/292/350 385/256/303 386/1265/1867
f 896/1272/2624 894/291/348 895/292/350
f 382/247/2598 383/1458/2597 891/289/2623 888/297/357
f 387/1264/2612 70/273/2611 406/312/2625 896/1272/2626
f 384/257/346 891/289/343 383/1458/2606
f 896/1272/2626 406/312/2625 407/309/1882 376/293/1881
f 887/284/338 889/288/2621 373/298/2627 372/299/2628
f 376/293/352 375/322/387 893/294/353
f 898/302/363 378/336/403 377/310/371 897/301/1884
f 900/1273/1886 389/1270/1876 390/270/319 901/303/364
f 898/302/363 899/280/334 900/1273/1886
f 389/1270/1876 900/1273/1886 899/280/334
f 390/270/319 391/269/318 903/305/366 901/303/364
f 903/305/2629 904/306/2630 380/1274/1925 902/304/2631
f 391/269/318 392/313/2616 904/306/2630 903/305/2629
f 905/308/369 408/314/1895 68/1466/2632 932/1275/2633
f 897/301/1894 407/309/2634 406/312/1892
f 380/1274/1925 929/332/398 902/304/2631
f 910/316/2635 912/1278/2636 363/352/422 362/365/1941
f 911/319/2637 913/1467/2638 912/1278/2636 910/316/2635
f 372/299/2628 373/298/2627 913/1467/2638 911/319/2637
f 914/1277/1901 364/366/447 363/352/446 912/1278/1902
f 916/323/1913 915/1279/2639 913/1467/2640 373/298/1911
f 915/1279/2639 912/1278/2641 913/1467/2640
f 914/1277/2642 917/1281/1906 365/328/393 364/366/2643
f 916/323/2644 375/322/387 918/1280/1905 915/1279/1904
f 917/1281/1906 914/1277/2642 915/1279/1904
f 918/1280/1905 920/1283/1909 919/1282/1907 917/1281/1908
f 67/311/1883 411/325/390 920/1283/1914 376/293/1881
f 921/324/389 365/328/393 919/1282/1907
f 921/324/389 919/1282/1907 920/1283/1914
f 927/1288/1922 368/1286/1917 926/1285/1916 925/330/396
f 925/330/396 922/329/395 923/335/1920
f 931/339/2645 932/1275/2633 68/1466/2632 413/1468/2646
f 927/1288/1922 925/330/396 923/335/1920
f 928/334/1918 368/1286/1917 927/1288/1923
f 929/332/1897 927/1288/1923 379/337/404
f 369/1287/2647 928/334/400 370/338/1924
f 932/1275/1896 930/333/1926 380/1274/1887
f 922/329/1929 924/331/1954 412/326/1955
f 922/329/1929 412/326/1955 411/325/1927
f 371/340/1957 931/339/2645 413/1468/2646 65/1469/2648
f 352/345/1970 937/344/1931 940/351/1930 353/389/484
f 940/351/1934 942/354/1936 354/356/1971 353/389/486
f 946/359/2649 355/361/2650 944/355/2651 945/358/432
f 364/366/2643 365/328/393 947/357/431 943/353/430
f 947/357/431 946/359/2649 945/358/432
f 948/360/451 418/371/1943 63/373/1976 356/393/1975
f 366/327/394 947/357/431 365/328/393
f 358/375/461 950/374/459 953/368/452 952/1290/1958
f 355/361/2650 974/392/2652 944/355/2651
f 956/1470/2653 954/1291/1949 959/1471/2654 958/1472/2655
f 367/369/453 953/368/452 951/1289/1945
f 954/1291/1947 956/1470/2656 359/405/507
f 954/1291/1949 957/1292/1948 960/1473/2657 959/1471/2654
f 368/1286/1917 369/1287/1919 955/370/454 367/369/453
f 371/340/1957 960/1473/2657 957/1292/1948
f 369/1287/2647 370/338/1924 957/1292/1948 955/370/1950
f 960/1473/2657 371/340/1957 65/1469/2648 419/1474/2658
f 959/1471/2654 960/1473/2657 419/1474/2658 420/1475/2659
f 958/1472/2655 959/1471/2654 420/1475/2659 421/1476/2660
f 988/408/510 958/1472/2655 421/1476/2660 64/409/511
f 987/406/2661 956/1470/2653 958/1472/2655 988/408/510
f 956/1470/2656 987/406/508 359/405/507
f 983/401/1991 952/1290/1946 359/405/507
f 968/388/483 970/390/485 969/384/471 967/383/470
f 971/385/2662 344/387/2663 343/395/2664 969/384/2665
f 970/390/488 972/391/487 971/385/2662 969/384/2665
f 971/385/473 972/391/491 974/392/490 973/386/474
f 973/386/1961 974/392/1968 976/394/1967 975/1294/1962
f 976/394/1965 978/1295/1964 977/1296/1979 975/1294/2666
f 977/1296/1979 345/424/530 975/1294/2666
f 357/376/1989 981/400/1988 980/397/498 979/403/1980
f 61/404/536 346/429/535 977/1296/1973
f 345/424/1963 1004/1298/2002 973/386/1961
f 983/401/1991 985/407/509 984/411/513 982/398/1994
f 985/407/509 987/406/508 986/1299/1985 984/411/513
f 988/408/510 349/434/544 986/1299/2667 987/406/2661
f 349/434/544 348/412/514 986/1299/2667
f 979/403/505 425/402/504 424/1297/1987
f 357/376/1951 424/1297/1987 63/373/1952
f 995/396/497 998/1301/2000 997/422/1999 994/417/524
f 998/1301/2668 1001/1477/2669 1000/1302/2001 997/422/527
f 343/395/2664 344/387/2663 1001/1477/2669 998/1301/2668
f 1000/1302/2670 1003/1478/2671 1002/1479/2672 999/423/2673
f 1004/1298/1983 1003/1478/2671 1000/1302/2670 1001/1477/2674
f 1006/426/2003 1005/1480/2675 1002/1479/2676 1003/1478/2677
f 1001/1477/2674 344/387/1981 1004/1298/1983
f 1005/1480/2678 1007/1303/2004 1028/449/562 1027/448/561
f 1006/426/2003 1003/1478/2677 1004/1298/2002
f 1005/1480/2678 1006/426/2005 1007/1303/2004
f 1007/1303/2011 1008/425/2008 431/1304/2010
f 59/471/2012 1028/449/562 1007/1303/2011
f 1002/1479/2676 1005/1480/2675 1027/448/560 336/1310/2024
f 999/423/2673 1002/1479/2672 336/1310/2023 1023/1308/2022
f 335/1309/2021 996/420/529 999/423/528 1023/1308/2020
f 334/430/2679 993/421/526 996/420/525 335/1309/2680
f 1012/1305/2014 1014/436/546 341/438/548 340/1312/2033
f 339/1311/2029 338/464/581 1011/432/542
f 340/1312/2033 339/1311/2029 1011/432/542
f 340/1312/2033 1011/432/542 1012/1305/2014
f 1012/1305/2014 1013/413/515 348/412/514
f 431/1304/2015 1010/433/543 337/472/592 59/471/591
f 1014/436/546 1012/1305/2014 348/412/514
f 1013/413/515 1009/431/541 347/399/500
f 1019/443/2681 1021/1307/2682 1020/1306/2027 1018/440/573
f 1019/443/2681 334/430/2679 335/1309/2680 1021/1307/2682
f 1024/446/559 1026/447/558 329/455/569 328/458/2683
f 1022/444/2018 1020/1306/2684 1021/1307/2019
f 1031/462/579 1032/466/583 332/468/585 331/463/580
f 1031/462/579 1029/461/578 1030/470/2028
f 340/1312/2033 341/438/548 1036/474/594 1033/465/586
f 1035/476/596 333/467/2685 1034/469/587
f 1036/474/594 1034/469/587 1033/465/586
f 1029/461/2032 1050/1313/2058 56/454/2030
f 338/464/581 1030/470/2028 337/472/2013
f 1035/476/596 435/475/595 57/1481/2686 1057/1314/2037
f 1038/1315/2687 1041/1482/2688 1040/1483/2689 1037/489/2690
f 1038/479/2687 1039/478/2691 1042/1316/2692 1041/1484/2688
f 1039/478/2691 325/460/575 326/459/574 1042/1316/2692
f 1041/1482/2693 1044/1485/2042 1043/1486/2694 1040/1483/2695
f 328/458/2683 329/455/569 1048/483/2048 1047/481/2696
f 1041/1484/2693 1042/1316/2040 1044/482/2042
f 1045/480/612 1042/1316/2697 326/459/610
f 1043/1486/2698 1044/1485/2044 1046/1318/2043
f 1048/483/2048 1046/1317/2047 1047/481/2696
f 1048/1319/604 437/1320/605 318/508/631 317/507/630
f 1043/1486/2698 1046/1318/2043 1070/1326/2699 316/1487/2700
f 317/507/2046 1070/1326/2066 1046/1318/2047
f 1040/1483/2695 1043/1486/2694 316/1487/2701 315/1488/2702
f 1040/1483/2689 315/1488/2703 314/490/2704 1037/489/2690
f 319/519/644 1049/1489/2705 1051/1321/2053 320/502/2074
f 1054/496/619 1057/1314/2037 1056/1490/622 1055/499/620
f 1051/491/2053 1049/1322/2705 1050/1313/2035
f 332/468/585 1051/491/615 331/463/580
f 437/1320/2057 1049/1489/2056 319/519/653 53/527/655
f 1057/1314/2037 1054/496/619 333/467/584
f 1057/1314/2037 57/1481/2686 438/1491/2060 1056/1490/622
f 1050/1313/2058 437/484/2057 56/454/2030
f 1079/501/624 1056/500/622 439/1323/2059 54/1492/2706
f 1065/1493/2707 1064/1327/2708 1061/517/2709 1062/506/2710
f 1062/506/2710 1063/505/2711 1066/1494/2712 1065/1493/2707
f 315/1488/2703 1066/1494/2712 1063/505/2711 314/490/2704
f 1065/1493/2713 1067/1495/2714 304/549/681 1064/1327/2073
f 1066/1494/2715 1068/1496/2716 1067/1495/2714 1065/1493/2713
f 316/1487/2701 1068/1496/2716 1066/1494/2715 315/1488/2702
f 1069/1325/2717 305/543/674 304/549/2102 1067/1495/2718
f 1068/1496/2719 1070/1326/2699 1069/1325/2717 1067/1495/2718
f 1069/1325/2065 1071/509/2064 306/1497/2720 305/543/2721
f 1070/1326/2699 1068/1496/2719 316/1487/2700
f 1071/509/2067 1072/516/2069 307/1498/2722 306/1497/2723
f 302/518/2724 1061/517/2709 1064/1327/2708 303/548/2725
f 444/524/2072 307/1498/2726 1072/516/641
f 444/524/2072 50/526/2727 307/1498/2726
f 1073/521/646 1075/1330/2077 309/1329/2076 1097/1340/2728
f 1073/521/654 1097/1340/2111 308/525/650
f 1074/520/645 320/502/625 321/503/626 1075/1330/2077
f 1075/1330/2077 1073/521/646 1074/520/645
f 310/1328/2075 1076/1331/2082 1077/522/2729 311/1332/2730
f 323/498/621 1077/522/2729 1076/1331/2082
f 1078/523/2079 312/1333/2083 311/1332/2080
f 1073/521/654 444/524/649 443/515/652
f 54/1492/2706 445/528/656 1079/501/624
f 1082/531/2084 1083/534/2731 1085/540/2732 1084/536/665
f 1083/534/2731 302/518/2724 303/548/2725 1085/540/2732
f 1086/538/2733 1087/542/2090 1090/544/2092 1089/550/2733
f 305/543/2721 306/1497/2720 1092/1338/2734 1090/544/2095
f 1091/1334/2093 295/1336/2735 1089/550/2094
f 1092/1338/2734 1091/1334/2093 1090/544/2095
f 1092/1338/2101 306/1497/2723 307/1498/2722 1094/1337/2099
f 1094/1337/2099 1093/1335/2736 1091/1334/2100
f 1094/1337/2737 307/1498/2726 50/526/2727 448/561/2738
f 1093/1335/2739 1094/1337/2737 449/1343/2740 450/1342/2741
f 448/561/2738 449/1343/2740 1094/1337/2737
f 296/574/715 1093/1335/2739 450/1342/2741 48/575/716
f 298/1353/2153 1096/1339/2742 1100/554/2743 299/1341/2744
f 1093/1335/2096 296/574/2745 295/1336/2097
f 1096/1339/2109 298/1353/2153 297/597/2107
f 1097/1340/2111 1096/1339/2746 1095/562/2110
f 1096/1339/2742 1097/1340/2728 1098/552/686 1100/554/2743
f 1101/553/687 310/1328/2075 311/1332/2730 1103/557/691
f 1095/562/2118 297/597/2747 449/1343/2119
f 309/1329/2076 1098/552/686 1097/1340/2728
f 309/1329/2076 1101/553/687 1098/552/686
f 1103/557/693 311/1332/2080 312/1333/2083 1105/559/694
f 1104/560/695 1105/559/694 451/563/699 452/1499/2748
f 1099/555/689 1102/556/690 1126/1345/2122 1124/1346/2123
f 452/1499/2748 49/1344/2749 1104/560/695
f 1104/560/2115 1129/593/740 300/558/2113
f 290/546/710 1108/573/712 1107/581/2142 279/571/2141
f 1108/573/713 1110/564/714 1109/579/2140 1107/581/724
f 1111/566/2139 1112/565/2130 294/551/2132 1113/577/719
f 1113/577/2750 294/551/2104 1115/1347/2126 1114/567/2751
f 295/1336/2752 296/574/2752 1117/568/704 1115/1347/2127
f 1116/569/705 285/1350/2137 1114/567/703
f 283/578/2753 1113/577/2750 1114/567/2751 284/615/771
f 48/575/716 456/595/2136 1117/568/717
f 457/1349/2133 46/1352/2754 285/1350/2134
f 1120/584/728 298/1353/2153 299/1341/2744 1122/586/731
f 298/1353/2153 1120/584/728 1119/596/2146
f 1123/588/734 1124/1346/2123 1126/1345/2122 1125/590/736
f 1124/1346/2123 1123/588/734 1122/586/2147
f 300/558/692 1127/591/737 1126/1345/2122
f 1118/583/744 286/1351/2149 457/1349/2151
f 49/1344/2121 458/1354/2154 1129/593/740
f 458/1354/2154 47/1357/2176 1128/594/741
f 47/1357/2176 1157/598/802 1128/594/741
f 270/603/811 1132/602/2159 1134/608/2161 271/625/812
f 1134/608/764 1135/607/2755 1138/1500/2756 1137/609/765
f 1135/607/2755 281/580/723 282/576/722 1138/1500/2756
f 1137/609/2165 1138/1500/2757 1140/614/2758 1139/611/2163
f 1138/1500/2757 282/576/718 283/578/720 1140/614/2758
f 284/615/2138 1144/1501/2759 1143/616/774 1142/612/2167
f 284/615/771 1140/614/770 283/578/2753
f 1144/1501/2760 46/1352/2754 460/621/783 1143/616/782
f 285/1350/2137 1144/1501/2759 284/615/2138
f 46/1352/2754 1144/1501/2760 285/1350/2134
f 272/617/785 1143/616/2761 461/622/2761 462/623/786
f 1166/1502/2762 1139/611/767 1141/613/769 1168/1362/2763
f 272/617/775 1168/1362/2191 1141/613/773
f 1136/610/2164 1139/611/2163 1166/1502/2764 1165/626/2765
f 273/635/2766 1147/629/2767 1149/1356/2768 274/1503/2769
f 1147/629/2168 273/635/2770 1145/634/2169
f 1147/629/2767 1148/628/2177 1150/600/2179 1149/1356/2768
f 1149/1356/2172 1151/1355/2171 275/1360/2184 274/1503/2771
f 1154/632/2772 1156/633/798 278/1366/2204 277/661/838
f 1152/630/2185 275/1360/2184 1151/1355/2171
f 1153/599/751 1152/630/2185 1151/1355/2171
f 1153/599/751 1151/1355/2171 288/589/735
f 289/592/738 1155/631/795 1153/599/2155
f 1146/627/2170 1145/634/2169 461/622/2773 460/621/2774
f 1154/632/2772 1155/631/797 1156/633/798
f 46/1352/2150 286/1351/2149 1146/627/2170 460/621/2774
f 1156/633/2180 464/1358/2182 45/1504/2775 278/1366/2204
f 1165/626/2765 1166/1502/2764 258/650/825 1164/643/824
f 1159/637/805 269/601/753 1161/640/2187
f 1165/626/790 1163/642/814 271/625/788
f 1166/1502/2762 1168/1362/2763 1167/1363/2196 258/650/2195
f 1168/1362/2191 1169/1361/2190 260/647/2776 1167/1363/2777
f 272/617/785 44/624/787 465/665/2194 1169/1361/2193
f 1164/643/815 257/651/2778 256/1505/2779 1162/641/816
f 466/648/822 260/647/821 1169/1361/2193
f 467/649/823 41/1506/2780 260/647/821
f 260/647/2776 259/688/2781 1167/1363/2777
f 1160/638/810 1162/641/809 256/1505/2782 255/652/2783
f 1174/656/2203 1173/654/830 1170/653/829 1171/1365/2784
f 265/705/904 1178/659/2785 1179/663/2786 266/666/906
f 1174/656/2203 1171/1365/2784 1172/664/844
f 1177/658/835 1175/657/2199 1176/1364/2787
f 276/1359/2183 277/661/2173 1179/663/2786 1178/659/2785
f 467/649/2788 1170/653/2788 261/655/2789 41/1506/2790
f 1174/656/832 273/635/2766 274/1503/2769 1176/1364/2198
f 1171/1365/2202 466/648/841 465/665/845
f 1172/664/844 44/624/799 273/635/801
f 275/1360/2184 1177/658/835 1176/1364/2787 274/1503/2771
f 278/1366/2204 45/1504/2775 468/1507/2791 1181/662/839
f 1177/658/835 275/1360/2184 276/1359/2186
f 1181/662/839 468/1507/2791 469/1508/2792 1180/667/847
f 1210/668/848 1180/667/847 469/1508/2792 42/1509/2793
f 1173/654/834 1175/657/833 263/1369/2225 262/696/2224
f 264/660/837 263/1369/2794 1175/657/2199
f 1182/1510/2795 1183/1511/2796 1185/1512/2797 1184/1367/2205
f 267/1374/2234 1182/1510/2795 1184/1367/2205 268/1375/2235
f 1184/1367/2205 43/1114/1561 268/1375/2235
f 255/652/2783 256/1505/2782 1192/678/862 1190/675/861
f 256/1505/2779 257/651/2778 1194/682/2209 1192/678/867
f 1195/1368/2212 248/694/948 1193/680/2798 1194/682/2210
f 248/694/948 247/679/939 1193/680/2798
f 1195/1368/2799 1198/686/2800 1197/683/889 248/694/888
f 259/688/2197 1198/686/2800 1195/1368/2799 1196/681/2801
f 1200/687/885 260/647/821 41/1506/2780 470/692/886
f 259/688/2197 1196/681/2801 258/650/2195
f 1201/697/2222 1202/698/2221 250/700/2802 1231/709/2803
f 471/693/2218 38/710/2804 249/685/2219
f 263/1369/2794 264/660/837 1205/703/898 1204/702/897
f 1204/702/897 1202/698/893 262/696/2224
f 1209/708/908 473/1370/2229 39/1513/2805 252/711/914
f 1201/697/913 471/693/910 470/692/2227
f 261/655/2789 470/692/2806 41/1506/2790
f 42/1509/2793 472/1371/2230 1210/668/848
f 472/1371/2230 1209/708/908 1210/668/848
f 253/1379/2258 1211/713/916 476/19/22 40/747/976
f 1213/1373/2236 1214/714/917 1212/1372/2232
f 268/1375/2235 474/1113/2807 1213/1373/2233
f 475/20/23 1214/714/917 474/1113/1560
f 1225/726/935 1226/728/938 1229/1376/2240 1228/733/2808
f 1229/1376/2241 249/685/2219 38/710/2804 477/734/950
f 249/685/874 1229/1376/2809 1227/695/2220
f 246/676/857 1220/723/929 245/671/858
f 1225/726/935 1228/733/2808 237/216/2592 236/727/936
f 1230/736/956 1231/709/2803 1233/1514/2810 1232/737/957
f 1232/737/959 1233/1514/2810 1236/739/962 1234/738/960
f 250/700/2802 1233/1514/2810 1231/709/2803
f 1235/740/963 1237/1377/2811 241/1262/1849 240/744/973
f 250/700/2802 1236/739/962 1233/1514/2810
f 1235/740/963 1236/739/962 1238/743/2812 1237/1377/2811
f 1236/739/962 250/700/2802 251/701/2813 1238/743/2812
f 1239/742/2248 241/1262/2814 1237/1377/2249
f 1240/712/971 1237/1377/2249 1238/743/972
f 252/711/914 39/1513/2805 478/1515/2815 1242/741/964
f 1242/741/964 478/1515/2815 479/1516/2816 1241/1378/2251
f 1241/1378/2251 479/1516/2816 36/1456/2596 242/1454/2594
f 1239/742/2250 1241/1378/2251 242/1454/2594 851/233/2595
f 1243/1517/2817 1244/12/12 611/4/4 481/1407/2414
f 1257/786/2818 1259/770/2819 503/772/2348 504/783/1274
f 481/1407/2414 243/1461/2601 1243/1517/2817
f 481/1407/2414 37/1409/2421 243/1461/2601
f 484/191/984 1251/764/995 1249/754/983
f 1250/756/986 1252/755/985 1246/1386/2260
f 1246/1382/2260 79/1381/2259 1253/759/989
f 80/1384/2261 1317/760/990 1253/759/989
f 493/789/1026 494/773/1233 1259/770/2819 1258/788/2820
f 1259/770/2819 1257/786/2818 1258/788/2820
f 499/781/2341 498/780/2314 80/1384/2261 79/1381/2259
f 517/820/2329 1276/818/2281 1275/815/2279 516/817/1254
f 1278/1390/2332 1277/819/1075 1276/818/1074 518/821/2330
f 1278/1390/2821 75/827/1093 1279/822/1080 1277/819/1075
f 113/29/2284 6/1124/2334 514/826/2333 1270/825/1088
f 1274/814/1076 1277/819/1075 519/823/1081 1350/949/1295
f 1271/811/1067 1274/814/1066 1349/948/2822 1347/829/2823
f 1350/949/1295 1349/948/1294 1274/814/1076
f 1280/1387/2824 1283/830/2825 528/832/2367 529/841/1310
f 1282/1518/2826 1284/842/2827 1283/830/2825 1281/1519/2828
f 1283/830/2825 1280/1387/2824 1281/1519/2828
f 1281/1519/2829 1280/1387/2286 151/840/1110 152/74/2487
f 1286/833/1115 1285/831/1099 1283/830/1098
f 526/766/997 486/757/987 527/839/1109
f 153/1162/2830 1282/1518/2831 1281/1519/2829 152/74/2487
f 16/933/2342 521/1393/2344 1282/1518/2831 153/1162/2830
f 521/1393/2832 522/925/2833 1284/842/2827 1282/1518/2826
f 194/120/1142 1289/846/1144 539/862/1342 24/1202/1725
f 1364/836/1105 1362/845/2834 1287/837/1106
f 195/118/2289 26/945/2356 530/851/2358 1291/849/2290
f 1296/883/2301 550/884/1246 1/199/1247 94/198/2299
f 178/1189/1702 1313/906/2835 1312/907/2318 177/102/125
f 1306/889/1185 489/890/2306 1305/886/1183
f 1307/892/1188 817/186/219 489/890/1186
f 1310/895/1192 77/190/2567 819/896/1193
f 1311/905/1213 1314/904/1212 1313/906/2835 178/1189/1702
f 1326/193/227 515/816/1091 514/826/1090 1325/922/2337
f 493/789/1026 20/96/1025 177/102/125
f 491/189/2566 490/1391/2565 1329/923/2331 518/821/2330
f 517/820/1077 1328/187/221 518/821/1078
f 1330/932/2836 1333/924/2837 522/925/2833 521/1393/2832
f 75/827/1093 1278/1390/2821 1329/923/1258
f 1325/922/1257 514/826/2333 121/36/2335
f 1332/937/1276 1334/938/1275 1333/1520/2837 1331/935/2838
f 1333/924/2837 1330/932/2836 1331/1394/2838
f 1333/1520/1259 1334/938/2349 502/791/2351 1335/1392/2338
f 1347/829/2823 1349/948/2822 1348/950/2363 1346/947/1303
f 1341/942/1281 1339/940/1291 1340/808/1058
f 1337/944/1287 201/132/1286 202/939/2352
f 1338/941/1280 203/1225/1769 28/805/1289
f 1350/949/1295 1351/1395/2362 544/877/1167 543/880/2303
f 1356/957/2364 1357/958/2368 1360/844/2370 1359/959/1313
f 1358/960/2371 1359/959/2839 1361/1396/2840 554/901/1206
f 1360/844/1116 1362/845/1118 1361/1396/2840 1359/959/2839
f 1361/1396/2365 1362/845/2834 1364/836/1105 1363/962/1326
f 527/839/1109 486/757/987 78/765/996 1365/961/1316
f 1388/1003/1385 1389/1404/2384 564/976/1350 581/1005/1391
f 82/1052/1453 1426/1012/1398 1374/1397/2379
f 1374/1397/2379 85/177/207 565/179/209
f 1378/973/1347 561/984/1357 1379/983/1356
f 574/982/1355 562/980/1353 575/994/1370
f 585/1009/2398 1391/1008/1516 1392/1090/1517 1393/1069/1487
f 1407/181/212 570/180/211 601/1089/1515 1406/1037/2390
f 571/991/1365 1429/1072/1491 1430/1074/1496 572/992/1366
f 86/1402/2381 600/1038/2404 85/177/207
f 607/1045/1446 1410/1044/1445 1411/1405/1449
f 605/1047/1448 1423/1066/1478 1425/1065/1477
f 82/1052/1453 606/1049/1450 1426/1012/1398
f 1430/1074/2399 1431/1026/1493 573/996/1372 572/992/1368
f 574/982/1355 573/996/1372 592/1023/1494
f 563/978/1346 1389/1521/2384 84/979/1352
o Texture
v 2.057763 -0.012700 -0.138311
v 2.054032 0.044303 -0.130710
v 3.871018 0.100800 -0.236120
v 2.062521 0.091809 -0.100520
v 2.070760 0.121341 -0.059074
v 4.953649 0.250312 -0.091319
v 2.074601 0.133919 -0.000263
v 4.985075 0.264538 -0.008714
v 5.287744 0.263008 -0.008682
v 2.078889 0.123150 0.052215
v 4.462718 0.240001 0.097146
v 5.302527 0.248010 0.084167
v 2.077116 0.095466 0.093353
v 2.063244 0.043977 0.126634
v 4.095263 0.104002 0.228631
v 5.362995 0.112759 0.226942
v 2.059653 0.001090 0.135409
v 4.143227 0.012169 0.247091
v 5.345766 0.021542 0.245476
v 2.064541 -0.044722 0.128335
v 5.407179 -0.073826 0.226525
v 2.077709 -0.090024 0.099913
v 4.249731 -0.165786 0.168928
v 5.356672 -0.158764 0.169476
v 2.088942 -0.122669 0.058397
v 4.141881 -0.220691 0.088692
v 2.089669 -0.139833 0.001386
v 2.074331 -0.130748 -0.052463
v 4.202412 -0.214962 -0.100074
v 5.387581 -0.205888 -0.103588
v 2.067497 -0.104634 -0.091128
v 4.445146 -0.170087 -0.170698
v 5.360711 -0.150210 -0.182858
v 2.064051 -0.061122 -0.123827
v 4.397642 -0.076929 -0.234303
v 5.426013 0.246254 -0.089808
v 5.390467 0.258931 -0.008296
v 5.470797 0.253130 -0.010291
v 5.372236 0.245691 0.085718
v 5.442677 0.198878 0.166799
v 5.463503 -0.157449 0.168072
v 5.464748 -0.204456 0.097835
v 5.282071 0.026487 -0.251623
v 5.017714 0.023058 -0.252476
v 3.836092 0.003105 -0.252562
v 3.535224 0.008057 -0.251055
v 3.244854 0.009106 -0.245908
v 2.959035 0.012311 -0.230501
v 2.686712 0.009787 -0.201177
v 2.420017 -0.004406 -0.166964
v 2.414225 0.060003 -0.155678
v 2.678600 0.091466 -0.181165
v 2.959353 0.094050 -0.212358
v 3.244749 0.102535 -0.224962
v 3.545211 0.116186 -0.226794
v 5.230845 0.120495 -0.230952
v 2.692159 0.148925 -0.135122
v 2.968014 0.168474 -0.154399
v 3.253341 0.174242 -0.174164
v 3.537656 0.186343 -0.174966
v 3.842237 0.187232 -0.180005
v 4.565592 0.191604 -0.181326
v 5.128475 0.194531 -0.180734
v 2.432637 0.151508 -0.066812
v 2.689458 0.187208 -0.065525
v 2.960169 0.206947 -0.090079
v 3.229147 0.223541 -0.095251
v 3.493027 0.231445 -0.099147
v 3.771449 0.234445 -0.102803
v 5.133918 0.247058 -0.102889
v 2.436109 0.164956 -0.009175
v 2.692437 0.197580 -0.000419
v 3.210493 0.241170 0.007199
v 3.462657 0.249274 -0.008957
v 5.138670 0.264911 -0.000441
v 3.238544 0.228435 0.083082
v 3.512239 0.230235 0.103499
v 3.773720 0.240086 0.087485
v 5.009645 0.243807 0.096835
v 5.164804 0.248540 0.085709
v 2.444696 0.121622 0.112844
v 2.703985 0.142366 0.134722
v 2.973604 0.163909 0.151141
v 3.248142 0.169296 0.172429
v 3.524689 0.174458 0.179832
v 3.832625 0.185862 0.173464
v 5.304460 0.195788 0.171554
v 2.698005 0.073127 0.181487
v 2.971521 0.087655 0.203609
v 3.244064 0.102377 0.217018
v 3.526126 0.091579 0.229965
v 3.792890 0.100451 0.228914
v 4.893530 0.108857 0.227266
v 2.427113 0.003444 0.167016
v 2.963274 0.008535 0.218943
v 3.244156 0.008758 0.237108
v 3.529109 0.002479 0.244961
v 3.800108 0.014528 0.246430
v 5.113423 0.013833 0.246358
v 2.435552 -0.060431 0.154375
v 2.700578 -0.077402 0.175097
v 2.972201 -0.084855 0.197607
v 3.251940 -0.082763 0.218764
v 3.532461 -0.086510 0.225834
v 3.898280 -0.079366 0.230233
v 5.220250 -0.072172 0.229031
v 2.454587 -0.122317 0.107674
v 2.711302 -0.136109 0.129278
v 2.979088 -0.151280 0.147017
v 3.253546 -0.158152 0.166061
v 3.966778 -0.163606 0.171764
v 4.795164 -0.160763 0.173363
v 5.236204 -0.150775 0.179277
v 2.461531 -0.155132 0.053758
v 2.729501 -0.180237 0.061807
v 2.989379 -0.195629 0.084749
v 3.533002 -0.218085 0.098134
v 3.816987 -0.222946 0.087329
v 4.900648 -0.210676 0.099752
v 5.321492 -0.206832 0.099084
v 2.460135 -0.167141 0.001407
v 2.713607 -0.191147 -0.009592
v 2.976070 -0.214223 -0.002434
v 3.250302 -0.233429 0.003025
v 3.535033 -0.240137 0.004978
v 3.855491 -0.239387 0.004754
v 5.001202 -0.231489 0.004478
v 5.324685 -0.228309 -0.002059
v 2.442536 -0.155879 -0.062214
v 2.692498 -0.173123 -0.079495
v 2.968266 -0.198326 -0.082813
v 3.240984 -0.213150 -0.099187
v 3.522687 -0.216053 -0.104096
v 4.800091 -0.211788 -0.102472
v 5.093802 -0.214082 -0.091897
v 2.432454 -0.111858 -0.121022
v 2.720749 -0.131460 -0.142003
v 2.966983 -0.145760 -0.160707
v 3.240376 -0.160584 -0.175777
v 3.517891 -0.162146 -0.180527
v 3.886274 -0.169071 -0.174191
v 5.135303 -0.152802 -0.183330
v 2.429382 -0.066165 -0.151785
v 2.699840 -0.067102 -0.185496
v 2.969226 -0.086707 -0.206502
v 3.243410 -0.080622 -0.228443
v 3.527856 -0.082252 -0.232030
v 3.851261 -0.091094 -0.229634
v 4.754230 -0.072670 -0.235981
v 5.242169 -0.075812 -0.232656
v 2.053458 0.027467 -0.135547
v 2.055976 0.010025 -0.138359
v 2.061557 -0.037976 -0.133299
v 4.480027 -0.006300 -0.251820
v 4.330853 -0.021786 -0.249071
v 2.066206 -0.085813 -0.107938
v 4.816641 -0.093970 -0.226493
v 4.159944 -0.131154 -0.206405
v 4.436653 -0.148195 -0.191849
v 5.360331 -0.112054 -0.212545
v 5.357430 -0.131567 -0.198869
v 2.069942 -0.121791 -0.068611
v 4.394118 -0.189846 -0.146106
v 5.353257 -0.167356 -0.164999
v 5.362706 -0.182292 -0.145646
v 2.079143 -0.135583 -0.040355
v 2.084180 -0.138812 -0.027041
v 2.087745 -0.140207 -0.013414
v 4.320248 -0.229748 -0.052622
v 4.964160 -0.227884 -0.046493
v 5.331268 -0.215619 -0.080594
v 2.090134 -0.136659 0.019223
v 2.089439 -0.131769 0.036980
v 5.124282 -0.228944 0.026157
v 5.356233 -0.225923 0.028272
v 5.361670 -0.221677 0.052203
v 5.365498 -0.214967 0.076195
v 2.084677 -0.108584 0.079937
v 4.168808 -0.209506 0.112601
v 4.224411 -0.200551 0.125934
v 4.413793 -0.180841 0.145361
v 5.416680 -0.194583 0.119802
v 5.357512 -0.175028 0.150762
v 2.069639 -0.068486 0.116617
v 4.470346 -0.149793 0.185676
v 4.407502 -0.131269 0.200757
v 4.209015 -0.114531 0.212220
v 4.187965 -0.100152 0.220381
v 5.356068 -0.122109 0.200812
v 5.416488 -0.100605 0.213298
v 2.060880 -0.026115 0.133413
v 2.059719 -0.012443 0.135252
v 4.212687 -0.053757 0.238241
v 4.174152 -0.030169 0.243496
v 5.355906 -0.045115 0.236729
v 5.350389 -0.021401 0.241949
v 5.440235 0.001659 0.243663
v 2.060666 0.021672 0.133251
v 4.183621 0.042522 0.245006
v 5.344426 0.052047 0.243175
v 5.317384 0.078581 0.238356
v 2.068784 0.067406 0.114875
v 2.073720 0.081973 0.104967
v 4.187266 0.120060 0.221649
v 4.179120 0.135745 0.213533
v 4.202735 0.149956 0.204896
v 4.182003 0.163496 0.195278
v 5.340628 0.131657 0.217933
v 5.430832 0.152822 0.205537
v 5.420384 0.170763 0.193071
v 2.078819 0.109281 0.077050
v 5.277206 0.204470 0.162416
v 4.520026 0.216636 0.140730
v 4.464388 0.229105 0.119712
v 5.376966 0.226681 0.129418
v 5.302597 0.241003 0.102685
v 2.078909 0.129966 0.033447
v 2.077292 0.133329 0.016594
v 3.774604 0.245455 0.068967
v 5.284598 0.254564 0.063096
v 5.344474 0.256195 0.048307
v 5.277556 0.262252 0.018361
v 5.342142 0.260818 0.008483
v 2.071167 0.132722 -0.013647
v 2.067952 0.126716 -0.041822
v 3.721080 0.253153 0.001211
v 3.707841 0.247220 -0.056041
v 4.931739 0.256581 -0.068881
v 5.295556 0.261729 -0.031870
v 5.360971 0.254661 -0.065240
v 2.069842 0.114895 -0.072240
v 2.067489 0.104480 -0.086644
v 4.983580 0.242178 -0.112525
v 4.121246 0.222005 -0.136154
v 3.837945 0.203133 -0.162090
v 4.325828 0.198862 -0.171929
v 2.057566 0.075576 -0.114273
v 2.054402 0.058644 -0.124358
v 4.433782 0.173166 -0.196588
v 4.908680 0.156500 -0.210511
v 4.355489 0.139177 -0.219464
v 3.840035 0.121995 -0.226685
v 5.379295 0.256517 -0.051643
v 5.397851 0.257708 -0.032394
v 5.473601 0.245915 -0.083897
v 5.464089 0.249127 -0.071401
v 5.454436 0.252533 -0.052492
v 5.479744 0.251981 -0.033452
v 5.383636 0.257664 0.026173
v 5.399700 0.248869 0.071291
v 5.431902 0.255464 0.017746
v 5.431851 0.251550 0.049688
v 5.387570 0.236994 0.107651
v 5.395748 0.214637 0.148070
v 5.461586 -0.120704 0.199634
v 5.437057 -0.138548 0.186736
v 5.466047 -0.173266 0.149696
v 5.492680 -0.186470 0.129692
v 2.417501 0.011634 -0.166669
v 2.414612 0.028022 -0.164652
v 2.413749 0.043972 -0.161085
v 2.683574 0.029349 -0.200106
v 2.681502 0.046941 -0.197331
v 2.680610 0.065653 -0.192048
v 2.958038 0.035564 -0.229361
v 2.958606 0.054591 -0.226394
v 2.959649 0.073766 -0.220955
v 3.244489 0.034845 -0.244326
v 3.244027 0.057835 -0.240358
v 3.243131 0.082347 -0.233251
v 3.535619 0.027610 -0.250587
v 3.536222 0.051057 -0.247810
v 3.536173 0.068587 -0.243996
v 3.537055 0.087761 -0.238359
v 3.854141 0.023408 -0.252450
v 3.851524 0.041137 -0.250988
v 3.886030 0.065521 -0.246870
v 3.853154 0.083005 -0.242043
v 5.017676 0.096370 -0.240125
v 5.024012 0.048654 -0.250701
v 5.229733 0.074105 -0.246112
v 5.293453 0.051122 -0.249734
v 5.289286 0.098453 -0.239143
v 2.426791 -0.045010 -0.160237
v 2.423344 -0.020153 -0.165702
v 2.684878 -0.040190 -0.193466
v 2.688415 -0.010062 -0.199866
v 2.970205 -0.067763 -0.215082
v 2.966975 -0.044191 -0.222405
v 2.960894 -0.010906 -0.228930
v 3.244352 -0.049129 -0.238431
v 3.244116 -0.025324 -0.243331
v 3.245025 -0.005992 -0.245467
v 3.526709 -0.056749 -0.240525
v 3.533587 -0.032281 -0.246700
v 3.535940 -0.009959 -0.250159
v 3.849971 -0.071062 -0.236778
v 3.819993 -0.030201 -0.248110
v 3.818733 -0.014488 -0.250958
v 4.091639 -0.023738 -0.248736
v 4.605567 -0.044183 -0.244958
v 4.780242 -0.050837 -0.243167
v 4.747223 -0.029373 -0.248376
v 5.131475 -0.012965 -0.250156
v 5.243408 -0.058231 -0.239333
v 5.241204 -0.036047 -0.245500
v 5.285652 0.005100 -0.251323
v 2.434656 -0.087359 -0.140026
v 2.668918 -0.106138 -0.157056
v 2.698341 -0.084182 -0.176180
v 2.968016 -0.127335 -0.177353
v 2.967651 -0.105589 -0.194204
v 3.241267 -0.142354 -0.191690
v 3.242028 -0.122102 -0.205944
v 3.243033 -0.100918 -0.218952
v 3.518270 -0.145384 -0.194667
v 3.529405 -0.123286 -0.210217
v 3.523545 -0.102090 -0.222913
v 3.968528 -0.151609 -0.190661
v 3.809982 -0.141802 -0.198639
v 3.972926 -0.120041 -0.214292
v 3.870605 -0.105899 -0.222430
v 5.140352 -0.134642 -0.199005
v 5.144876 -0.114252 -0.213380
v 5.320977 -0.091907 -0.224631
v 2.439756 -0.148347 -0.076383
v 2.436483 -0.136848 -0.093790
v 2.429276 -0.127054 -0.105622
v 2.653961 -0.155416 -0.103007
v 2.965571 -0.183199 -0.110697
v 2.964840 -0.171391 -0.129178
v 2.964404 -0.158762 -0.146191
v 3.241217 -0.201993 -0.120467
v 3.240305 -0.188587 -0.141682
v 3.238997 -0.175131 -0.159886
v 3.524202 -0.205787 -0.124820
v 3.523057 -0.194893 -0.142268
v 3.519224 -0.179252 -0.162669
v 3.902369 -0.210570 -0.114248
v 3.942256 -0.199522 -0.134734
v 3.907493 -0.185822 -0.154548
v 5.092837 -0.191937 -0.136143
v 5.144650 -0.177873 -0.155487
v 5.136235 -0.165618 -0.170111
v 4.981099 -0.205467 -0.113737
v 5.265543 -0.196801 -0.124992
v 2.457613 -0.167335 -0.014835
v 2.453580 -0.165561 -0.031412
v 2.450556 -0.161893 -0.047618
v 2.714922 -0.189963 -0.028066
v 2.712508 -0.186886 -0.045732
v 2.699427 -0.180783 -0.063337
v 2.977490 -0.212007 -0.035830
v 2.966950 -0.205986 -0.060345
v 3.248914 -0.233333 -0.014123
v 3.243541 -0.231448 -0.035447
v 3.243260 -0.227838 -0.055419
v 3.241189 -0.220889 -0.079707
v 3.533105 -0.239571 -0.014551
v 3.529070 -0.237708 -0.032061
v 3.530818 -0.233093 -0.054499
v 3.528955 -0.226093 -0.077524
v 3.843486 -0.238620 -0.019873
v 3.798763 -0.234334 -0.046546
v 4.838634 -0.231908 -0.023289
v 4.841901 -0.222018 -0.074243
v 5.247433 -0.226556 -0.038762
v 5.315502 -0.227846 -0.020398
v 5.248564 -0.221920 -0.062770
v 2.457768 -0.163813 0.023101
v 2.735235 -0.188596 0.035019
v 2.716273 -0.190655 0.009878
v 2.983973 -0.203320 0.065398
v 2.985717 -0.209010 0.046012
v 2.981283 -0.212635 0.024656
v 3.255415 -0.221043 0.072615
v 3.253543 -0.227531 0.049861
v 3.251738 -0.231686 0.026269
v 3.534378 -0.227343 0.075904
v 3.536606 -0.234302 0.052151
v 3.534237 -0.238447 0.028571
v 3.852103 -0.229375 0.068544
v 3.862964 -0.233589 0.052657
v 3.817891 -0.237954 0.028325
v 5.135738 -0.217809 0.076299
v 5.156707 -0.223892 0.053740
v 4.909394 -0.228507 0.041110
v 5.268431 -0.228357 0.015648
v 2.458478 -0.134055 0.092753
v 2.460423 -0.144270 0.076752
v 2.718916 -0.150394 0.113430
v 2.720771 -0.166388 0.089288
v 2.981618 -0.165601 0.131188
v 2.986624 -0.181691 0.109634
v 3.252980 -0.178375 0.144796
v 3.255631 -0.193497 0.125231
v 3.257713 -0.209914 0.098185
v 3.529443 -0.178774 0.155720
v 3.531840 -0.193830 0.137899
v 3.533406 -0.206467 0.119616
v 3.787844 -0.185695 0.147974
v 3.828352 -0.199932 0.130211
v 3.832570 -0.212197 0.110357
v 4.070221 -0.177789 0.154450
v 4.631919 -0.168089 0.164476
v 4.551592 -0.181362 0.143205
v 4.602409 -0.196410 0.127712
v 4.740720 -0.203609 0.116212
v 4.932038 -0.175106 0.156308
v 4.735572 -0.182445 0.145461
v 4.896656 -0.192357 0.133308
v 5.122197 -0.169928 0.160725
v 5.239278 -0.196881 0.120835
v 5.305784 -0.183800 0.140192
v 2.437533 -0.077173 0.145700
v 2.447807 -0.099730 0.129901
v 2.700203 -0.091870 0.166546
v 2.698908 -0.113809 0.149688
v 2.973301 -0.102559 0.187560
v 2.975969 -0.128223 0.168556
v 3.251014 -0.101943 0.209191
v 3.250107 -0.120899 0.196900
v 3.251828 -0.138863 0.183252
v 3.535576 -0.103743 0.217443
v 3.531025 -0.123661 0.204814
v 3.531202 -0.143545 0.189585
v 3.817587 -0.101366 0.220027
v 3.907910 -0.139129 0.195015
v 3.541411 -0.162154 0.173190
v 3.891099 -0.123592 0.206692
v 5.015483 -0.095152 0.219853
v 5.213540 -0.109799 0.210504
v 5.128572 -0.124873 0.201352
v 5.132508 -0.138341 0.191098
v 5.282437 -0.090665 0.220284
v 2.426537 -0.013079 0.166587
v 2.428317 -0.029217 0.164328
v 2.431242 -0.044831 0.160284
v 2.687311 -0.012367 0.193741
v 2.691519 -0.031531 0.191105
v 2.691330 -0.051742 0.185425
v 2.963622 -0.012972 0.218241
v 2.965471 -0.033633 0.215113
v 2.966058 -0.058209 0.208385
v 3.245424 -0.012768 0.236453
v 3.246728 -0.035196 0.233216
v 3.248823 -0.058681 0.227364
v 3.532038 -0.022881 0.243225
v 3.534645 -0.047325 0.238905
v 3.534475 -0.069461 0.232540
v 3.834889 -0.010319 0.245959
v 3.809326 -0.032925 0.243041
v 3.815356 -0.057019 0.237616
v 5.121112 -0.005285 0.245279
v 5.123874 -0.023537 0.242898
v 5.128062 -0.052345 0.236376
v 2.429910 0.052181 0.157868
v 2.427737 0.037041 0.162476
v 2.426295 0.020670 0.165535
v 2.695213 0.054952 0.187868
v 2.692045 0.034503 0.192235
v 2.684896 0.012394 0.193901
v 2.966514 0.068453 0.210165
v 2.965695 0.052454 0.214351
v 2.964686 0.031724 0.217702
v 3.245868 0.075536 0.226949
v 3.245347 0.058575 0.231456
v 3.244323 0.035037 0.235379
v 3.528700 0.063083 0.238407
v 3.526823 0.033973 0.243537
v 3.899268 0.078977 0.236937
v 3.858112 0.062758 0.240894
v 3.815128 0.040682 0.244493
v 5.309173 0.093466 0.234067
v 5.106559 0.061583 0.242430
v 5.121520 0.038442 0.245455
v 2.442477 0.103261 0.129703
v 2.428547 0.074416 0.147431
v 2.695835 0.112544 0.158959
v 2.698531 0.089632 0.173748
v 2.971977 0.138327 0.173245
v 2.970893 0.122084 0.185035
v 2.965233 0.103088 0.196009
v 3.248622 0.143909 0.192979
v 3.247123 0.123352 0.206349
v 3.529526 0.146243 0.201991
v 3.528342 0.119005 0.218039
v 3.855689 0.171868 0.186631
v 3.798477 0.154090 0.199843
v 3.808709 0.128859 0.215929
v 5.370408 0.187758 0.179199
v 5.022316 0.138866 0.211869
v 4.998344 0.168371 0.193273
v 2.444043 0.144553 0.081183
v 2.446967 0.131969 0.100992
v 2.706448 0.178499 0.082672
v 2.708955 0.168154 0.101922
v 2.705272 0.156598 0.118226
v 2.970300 0.202514 0.094354
v 2.974216 0.191351 0.115236
v 2.973167 0.178923 0.133308
v 3.242626 0.218893 0.105071
v 3.244962 0.205687 0.128980
v 3.245262 0.186300 0.154953
v 3.517022 0.213786 0.133815
v 3.520315 0.194684 0.159185
v 3.778268 0.231277 0.108761
v 3.783883 0.219946 0.129655
v 3.795567 0.206339 0.149671
v 3.802582 0.195681 0.162596
v 5.038288 0.229875 0.125443
v 5.129016 0.213725 0.150526
v 5.215196 0.238537 0.109462
v 5.239644 0.227735 0.129865
v 5.291449 0.214331 0.149992
v 2.440099 0.165674 0.010832
v 2.444302 0.163919 0.029964
v 2.446356 0.158037 0.052238
v 2.696732 0.196278 0.023188
v 2.699254 0.193485 0.040133
v 2.703611 0.187719 0.061351
v 2.952228 0.223724 0.008421
v 2.956995 0.222598 0.026208
v 2.961442 0.219702 0.045174
v 2.969170 0.212827 0.071385
v 3.219606 0.239600 0.034386
v 3.231649 0.234370 0.062818
v 3.470613 0.249192 0.020374
v 3.489269 0.245477 0.051444
v 3.506205 0.240007 0.076748
v 3.756511 0.252114 0.028848
v 3.753119 0.248752 0.052443
v 5.013251 0.252218 0.073846
v 4.867698 0.262960 0.013784
v 5.010553 0.262224 0.029678
v 5.005527 0.258570 0.050416
v 5.149899 0.257317 0.057006
v 5.203619 0.261869 0.031709
v 2.431109 0.159603 -0.038294
v 2.686702 0.194680 -0.028572
v 2.953035 0.213368 -0.070148
v 2.948521 0.218028 -0.049052
v 2.946565 0.222624 -0.018398
v 3.217414 0.230204 -0.074420
v 3.210506 0.235312 -0.052164
v 3.205005 0.239556 -0.024428
v 3.479445 0.238622 -0.077137
v 3.468845 0.243833 -0.054878
v 3.459690 0.247394 -0.031878
v 3.734061 0.242081 -0.078828
v 3.687919 0.250761 -0.031715
v 4.904971 0.261061 -0.044264
v 4.838670 0.262739 -0.023819
v 5.113941 0.254575 -0.080094
v 5.096893 0.260113 -0.056313
v 5.151913 0.263615 -0.032343
v 5.243955 0.254150 -0.078637
v 5.241479 0.259612 -0.055427
v 2.433166 0.132126 -0.101178
v 2.434016 0.143931 -0.083416
v 2.693974 0.167863 -0.109347
v 2.695841 0.177684 -0.091811
v 2.967547 0.187457 -0.127894
v 2.967172 0.197557 -0.111423
v 3.251604 0.188446 -0.156833
v 3.245395 0.201949 -0.136924
v 3.240093 0.212965 -0.118681
v 3.533643 0.200165 -0.157582
v 3.514086 0.220448 -0.123804
v 3.854387 0.209278 -0.153510
v 3.792312 0.225814 -0.122651
v 4.708692 0.212968 -0.157530
v 4.797565 0.228201 -0.136058
v 5.167424 0.210039 -0.164078
v 5.102917 0.224553 -0.144737
v 5.187916 0.237634 -0.124048
v 2.414719 0.073638 -0.149553
v 2.416653 0.087891 -0.141325
v 2.419678 0.106808 -0.127251
v 2.683227 0.114904 -0.167421
v 2.686894 0.130714 -0.154467
v 2.959069 0.117649 -0.199550
v 2.961554 0.145301 -0.178832
v 3.244918 0.120055 -0.215899
v 3.247916 0.137814 -0.204983
v 3.248783 0.155667 -0.191627
v 3.529427 0.148561 -0.207433
v 3.536053 0.170551 -0.190302
v 3.809050 0.144009 -0.213941
v 3.879282 0.172800 -0.193779
v 3.876793 0.158370 -0.204994
v 5.227874 0.137899 -0.222441
v 4.873697 0.172030 -0.199603
v 5.295785 0.154036 -0.212951
v 5.264127 0.174815 -0.198212
vn 0.0183 -0.8672 0.4977
vn 0.0186 -0.8384 0.5447
vn 0.0136 -0.8479 0.5301
vn -0.1304 0.0958 -0.9868
vn -0.1270 0.0362 -0.9912
vn -0.1268 0.0339 -0.9913
vn -0.1333 0.2066 -0.9693
vn -0.1302 0.1420 -0.9813
vn -0.1301 0.1395 -0.9816
vn -0.1347 0.3177 -0.9386
vn -0.1330 0.3185 -0.9385
vn -0.1323 0.2635 -0.9556
vn -0.0793 0.0774 -0.9938
vn -0.0781 0.1093 -0.9909
vn -0.0784 0.0471 -0.9958
vn -0.0805 0.2759 -0.9578
vn -0.0792 0.2673 -0.9604
vn -0.0788 0.2135 -0.9738
vn -0.0030 0.0420 -0.9991
vn 0.0012 0.0144 -0.9999
vn -0.0043 0.0144 -0.9999
vn -0.0033 0.3611 -0.9325
vn -0.0018 0.3691 -0.9294
vn -0.0051 0.3205 -0.9473
vn -0.1198 -0.2357 -0.9644
vn -0.1142 -0.3348 -0.9354
vn -0.1139 -0.3398 -0.9336
vn -0.1229 -0.1107 -0.9862
vn -0.1184 -0.1895 -0.9747
vn -0.1182 -0.1930 -0.9740
vn -0.1043 -0.2024 -0.9737
vn -0.1021 -0.2635 -0.9592
vn -0.1014 -0.3078 -0.9460
vn -0.1046 -0.1470 -0.9836
vn -0.0151 -0.2987 -0.9542
vn -0.0138 -0.2447 -0.9695
vn -0.0152 -0.3019 -0.9532
vn -0.0028 -0.3120 -0.9501
vn -0.0009 -0.2718 -0.9624
vn -0.0030 -0.3161 -0.9487
vn -0.0037 -0.2086 -0.9780
vn -0.0056 -0.1675 -0.9859
vn -0.0030 -0.2439 -0.9698
vn -0.1270 -0.0048 -0.9919
vn -0.1231 -0.0732 -0.9897
vn -0.1229 -0.0759 -0.9895
vn -0.0019 -0.0978 -0.9952
vn 0.0014 -0.2109 -0.9775
vn 0.0033 -0.2254 -0.9743
vn 0.0025 -0.1301 -0.9915
vn 0.0010 -0.1825 -0.9832
vn 0.0031 -0.1924 -0.9813
vn 0.0026 -0.2755 -0.9613
vn 0.0032 -0.0196 -0.9998
vn -0.0027 -0.2618 -0.9651
vn -0.0033 -0.2105 -0.9776
vn -0.0073 -0.2670 -0.9637
vn -0.1088 -0.5536 -0.8256
vn -0.1046 -0.5640 -0.8191
vn -0.0992 -0.6093 -0.7867
vn -0.0661 -0.5352 -0.8421
vn -0.0632 -0.4279 -0.9016
vn -0.0662 -0.5407 -0.8386
vn -0.1155 -0.3844 -0.9159
vn -0.1112 -0.4637 -0.8790
vn -0.1109 -0.4684 -0.8765
vn 0.0032 -0.3549 -0.9349
vn 0.0023 -0.4529 -0.8916
vn -0.0011 -0.3893 -0.9211
vn 0.0051 -0.4256 -0.9049
vn 0.0080 -0.4953 -0.8687
vn -0.0941 -0.8404 -0.5337
vn -0.0924 -0.8294 -0.5510
vn -0.0858 -0.8906 -0.4466
vn 0.0006 -0.8734 -0.4869
vn 0.0034 -0.8534 -0.5212
vn 0.0049 -0.9078 -0.4194
vn -0.0726 -0.7399 -0.6688
vn -0.0822 -0.7478 -0.6588
vn -0.0889 -0.8076 -0.5831
vn 0.0063 -0.8934 -0.4492
vn 0.0011 -0.8970 -0.4421
vn 0.0010 -0.9420 -0.3357
vn 0.0047 -0.8184 -0.5746
vn 0.0062 -0.8169 -0.5768
vn 0.0071 -0.8700 -0.4930
vn 0.0105 -0.8722 -0.4890
vn 0.0108 -0.9204 -0.3909
vn 0.0021 -0.9208 -0.3901
vn -0.0916 -0.9923 -0.0834
vn -0.0863 -0.9938 -0.0694
vn -0.0910 -0.9934 -0.0701
vn -0.0915 -0.9751 -0.2018
vn -0.0862 -0.9829 -0.1628
vn -0.0915 -0.9878 -0.1261
vn -0.0051 -0.9478 -0.3189
vn 0.0039 -0.9722 -0.2339
vn -0.0924 -0.8878 -0.4509
vn -0.0913 -0.9135 -0.3966
vn 0.0029 -0.9584 -0.2854
vn 0.0073 -0.9958 -0.0911
vn 0.0093 -0.9909 -0.1343
vn 0.0089 -0.9991 -0.0419
vn 0.0069 -0.9576 -0.2879
vn 0.0089 -0.9344 -0.3560
vn 0.0087 -0.9649 -0.2625
vn -0.0966 -0.9729 0.2099
vn -0.0910 -0.9846 0.1494
vn -0.0926 -0.9723 0.2146
vn -0.0732 -0.9968 0.0326
vn -0.0731 -0.9935 0.0869
vn -0.0728 -0.9870 0.1435
vn -0.0931 -0.9953 0.0268
vn -0.0926 -0.9950 0.0374
vn -0.0926 -0.9950 0.0378
vn 0.0035 -0.9927 0.1206
vn 0.0049 -0.9998 0.0216
vn 0.0095 -0.9929 0.1182
vn 0.0079 -0.9997 0.0217
vn 0.0112 -0.9975 0.0703
vn 0.0092 -0.9997 -0.0211
vn -0.0685 -0.7712 0.6329
vn -0.0686 -0.7984 0.5982
vn -0.0683 -0.7452 0.6633
vn -0.0011 -0.7648 0.6443
vn 0.0001 -0.7796 0.6263
vn -0.0011 -0.7640 0.6453
vn -0.0768 -0.7898 0.6085
vn -0.0749 -0.7912 0.6069
vn -0.0774 -0.7437 0.6640
vn -0.0944 -0.9310 0.3526
vn -0.0889 -0.9156 0.3922
vn -0.0909 -0.9006 0.4250
vn -0.0001 -0.7253 0.6884
vn -0.0000 -0.7103 0.7039
vn -0.0111 -0.6944 0.7195
vn 0.0015 -0.8415 0.5402
vn 0.0032 -0.8290 0.5592
vn 0.0013 -0.8406 0.5416
vn 0.0075 -0.9133 0.4072
vn 0.0092 -0.8703 0.4924
vn 0.0064 -0.8926 0.4507
vn 0.0130 -0.9113 0.4115
vn 0.0074 -0.7575 0.6527
vn 0.0095 -0.6824 0.7309
vn 0.0026 -0.7217 0.6922
vn -0.0665 -0.6025 0.7954
vn -0.0657 -0.6070 0.7920
vn -0.0666 -0.5982 0.7985
vn -0.0790 -0.6330 0.7701
vn -0.0755 -0.7077 0.7025
vn -0.0791 -0.6293 0.7731
vn -0.0674 -0.6882 0.7224
vn -0.0660 -0.7197 0.6911
vn -0.0674 -0.6859 0.7245
vn 0.0051 -0.5816 0.8134
vn 0.0077 -0.5145 0.8574
vn 0.0046 -0.5259 0.8506
vn 0.0162 -0.6454 0.7636
vn 0.0067 -0.6391 0.7691
vn -0.0002 -0.7284 0.6851
vn 0.0146 -0.7200 0.6939
vn 0.0117 -0.5717 0.8204
vn 0.0161 -0.5313 0.8470
vn -0.0989 -0.3777 0.9206
vn -0.0925 -0.3352 0.9376
vn -0.0996 -0.3151 0.9438
vn 0.0041 -0.0574 0.9983
vn 0.0022 -0.0108 0.9999
vn -0.0003 0.0057 1.0000
vn 0.0069 -0.3631 0.9317
vn 0.0094 -0.2843 0.9587
vn 0.0036 -0.2769 0.9609
vn 0.0008 -0.1632 0.9866
vn 0.0038 -0.1213 0.9926
vn -0.0014 -0.1251 0.9921
vn -0.1101 0.3055 0.9458
vn -0.1091 0.3428 0.9331
vn -0.1090 0.3442 0.9326
vn -0.1079 0.1932 0.9752
vn -0.1076 0.2222 0.9690
vn -0.0924 0.2228 0.9705
vn -0.1061 0.0817 0.9910
vn -0.1044 0.0493 0.9933
vn -0.1050 0.1084 0.9885
vn -0.0014 0.3227 0.9465
vn -0.0067 0.4042 0.9146
vn 0.0018 0.4019 0.9157
vn -0.1150 0.5662 0.8162
vn -0.1113 0.6393 0.7609
vn -0.1109 0.6449 0.7562
vn -0.1120 0.4242 0.8986
vn -0.1119 0.4769 0.8718
vn -0.1118 0.5296 0.8409
vn -0.0692 0.5917 0.8032
vn -0.0681 0.6253 0.7774
vn -0.0680 0.6269 0.7761
vn -0.0683 0.5158 0.8540
vn -0.0669 0.5459 0.8352
vn -0.0669 0.5474 0.8342
vn -0.0885 0.7099 0.6987
vn -0.0871 0.6764 0.7314
vn -0.0879 0.7253 0.6828
vn -0.0887 0.4680 0.8793
vn -0.0864 0.4927 0.8659
vn -0.0858 0.5514 0.8298
vn -0.1115 0.4243 0.8986
vn -0.0017 0.5030 0.8643
vn -0.0052 0.5225 0.8526
vn 0.0012 0.5715 0.8206
vn -0.0045 0.6143 0.7891
vn -0.0052 0.6255 0.7802
vn -0.0032 0.6457 0.7636
vn 0.0078 0.7199 0.6940
vn -0.0025 0.7052 0.7090
vn -0.0035 0.7064 0.7078
vn -0.0719 0.8220 0.5650
vn -0.0703 0.8366 0.5433
vn -0.0717 0.8498 0.5222
vn 0.0031 0.7523 0.6588
vn -0.0108 0.7456 0.6663
vn -0.0060 0.8526 0.5226
vn -0.0059 0.8670 0.4983
vn -0.0046 0.8782 0.4783
vn -0.1224 0.9743 0.1892
vn -0.1205 0.9769 0.1762
vn -0.1232 0.9854 0.1175
vn -0.0336 0.9800 0.1964
vn -0.0318 0.9728 0.2296
vn -0.0337 0.9803 0.1946
vn -0.0885 0.9888 0.1200
vn -0.0866 0.9903 0.1083
vn -0.0879 0.9949 0.0489
vn -0.0886 0.9747 0.2053
vn -0.0870 0.9771 0.1942
vn -0.0673 0.9976 0.0189
vn -0.0669 0.9950 0.0748
vn -0.0675 0.9974 -0.0267
vn -0.0134 0.9839 0.1781
vn -0.0046 0.9919 0.1273
vn -0.0127 0.9957 0.0921
vn 0.0053 0.9719 0.2352
vn 0.0120 0.9607 0.2772
vn 0.0119 0.9903 0.1386
vn -0.0046 0.9157 0.4019
vn -0.0037 0.9532 0.3024
vn -0.0114 0.9442 0.3292
vn 0.0290 0.9750 0.2202
vn 0.0249 0.9959 0.0875
vn -0.1025 0.9719 -0.2120
vn -0.1001 0.9751 -0.1980
vn -0.0995 0.9505 -0.2945
vn -0.0864 0.9755 -0.2025
vn -0.0846 0.9720 -0.2194
vn -0.0840 0.9574 -0.2763
vn -0.0868 0.9862 -0.1408
vn -0.0347 0.9985 -0.0413
vn -0.0316 0.9995 0.0076
vn -0.0350 0.9984 -0.0449
vn -0.0988 0.9363 -0.3370
vn -0.0064 0.9726 -0.2322
vn -0.0071 0.9842 -0.1771
vn -0.0064 0.9734 -0.2290
vn -0.0059 0.9895 -0.1446
vn 0.0007 0.9954 -0.0960
vn -0.0105 0.9994 -0.0321
vn -0.0028 0.9999 -0.0146
vn -0.0072 1.0000 0.0007
vn 0.0086 0.9917 -0.1281
vn 0.0372 0.9825 -0.1825
vn 0.0301 0.9841 -0.1749
vn 0.0219 0.9737 -0.2267
vn 0.0280 0.9662 -0.2563
vn 0.0365 0.9726 -0.2295
vn -0.1002 0.9262 -0.3636
vn -0.0969 0.9006 -0.4237
vn -0.0967 0.8990 -0.4272
vn -0.0330 0.8511 -0.5240
vn -0.0328 0.8666 -0.4978
vn -0.0326 0.8484 -0.5283
vn -0.0185 0.8919 -0.4518
vn -0.0105 0.8931 -0.4498
vn -0.0120 0.8475 -0.5306
vn -0.0836 0.7792 -0.6212
vn -0.0832 0.8290 -0.5530
vn -0.0828 0.7505 -0.6557
vn -0.0847 0.8579 -0.5068
vn -0.1326 0.7843 -0.6061
vn -0.1288 0.7991 -0.5873
vn -0.1340 0.7447 -0.6538
vn -0.0095 0.8565 -0.5160
vn -0.0068 0.8309 -0.5563
vn -0.0052 0.8754 -0.4834
vn -0.0055 0.9093 -0.4162
vn -0.0111 0.7878 -0.6159
vn -0.0095 0.5308 -0.8474
vn -0.0064 0.5798 -0.8147
vn -0.0029 0.4946 -0.8691
vn -0.0107 0.7165 -0.6975
vn -0.0035 0.6976 -0.7165
vn -0.0072 0.6497 -0.7601
vn -0.1359 0.4613 -0.8767
vn -0.1357 0.5133 -0.8474
vn -0.1357 0.4101 -0.9019
vn -0.0038 0.6206 -0.7841
vn -0.0032 0.6152 -0.7884
vn -0.0020 0.5428 -0.8398
vn -0.0015 0.5587 -0.8293
vn -0.0027 0.6966 -0.7175
vn -0.0013 0.5834 -0.8122
vn 0.0507 0.9879 -0.1463
vn 0.0506 0.9871 -0.1520
vn 0.0428 0.9935 -0.1056
vn 0.0531 0.9963 -0.0673
vn 0.0299 0.9953 -0.0920
vn 0.0495 0.9937 0.1005
vn 0.0384 0.9896 0.1388
vn 0.0494 0.9828 0.1777
vn 0.0381 0.9954 0.0881
vn 0.0347 0.9931 0.1124
vn 0.0197 0.9820 0.1879
vn 0.0314 0.9717 0.2343
vn 0.0691 0.9973 0.0228
vn 0.0542 0.9985 0.0010
vn 0.0548 0.9975 0.0456
vn 0.0074 0.7260 0.6877
vn 0.0156 -0.5747 0.8182
vn 0.0182 -0.7351 0.6777
vn 0.0187 -0.8960 0.4437
vn -0.1335 0.2094 -0.9687
vn -0.1305 0.0984 -0.9865
vn -0.0140 0.1182 -0.9929
vn -0.0199 0.0639 -0.9978
vn -0.0134 0.1147 -0.9933
vn -0.0200 0.2104 -0.9774
vn -0.0211 0.1713 -0.9850
vn -0.0200 0.2125 -0.9770
vn -0.0075 0.0271 -0.9996
vn -0.0034 0.1261 -0.9920
vn -0.0018 0.2166 -0.9763
vn -0.0797 0.1474 -0.9859
vn -0.0808 0.3425 -0.9360
vn -0.0802 0.3661 -0.9271
vn -0.1347 0.3238 -0.9365
vn -0.1332 0.3762 -0.9169
vn -0.0085 0.3765 -0.9264
vn -0.0086 0.3790 -0.9254
vn -0.0180 -0.0121 -0.9998
vn -0.0173 -0.0381 -0.9991
vn -0.1272 -0.0017 -0.9919
vn 0.0016 0.2166 -0.9763
vn -0.0011 0.2562 -0.9666
vn 0.0014 0.2720 -0.9623
vn -0.0023 0.4371 -0.8994
vn -0.1201 -0.2290 -0.9660
vn -0.1232 -0.1051 -0.9868
vn -0.1032 -0.3958 -0.9125
vn -0.1033 -0.3348 -0.9366
vn -0.1006 -0.4018 -0.9102
vn -0.1055 -0.1362 -0.9851
vn -0.0137 -0.2411 -0.9704
vn -0.0142 -0.4136 -0.9104
vn -0.0138 -0.3166 -0.9485
vn -0.0140 -0.3658 -0.9306
vn -0.0152 -0.1540 -0.9880
vn -0.0162 -0.1993 -0.9798
vn -0.0151 -0.1516 -0.9883
vn -0.0007 -0.2677 -0.9635
vn -0.0020 -0.1153 -0.9933
vn -0.0064 -0.1586 -0.9873
vn 0.0001 -0.0865 -0.9963
vn 0.0008 -0.3056 -0.9522
vn -0.0046 -0.4139 -0.9103
vn -0.1005 -0.4090 -0.9070
vn -0.1157 -0.3807 -0.9174
vn -0.0011 -0.3028 -0.9531
vn 0.0039 -0.3120 -0.9501
vn 0.0037 -0.2675 -0.9636
vn -0.0021 -0.2056 -0.9786
vn 0.0030 0.0325 -0.9995
vn 0.0024 -0.3569 -0.9341
vn 0.0041 -0.3553 -0.9347
vn -0.1114 -0.5032 -0.8570
vn -0.0931 -0.6708 -0.7357
vn -0.0991 -0.6566 -0.7477
vn -0.0965 -0.6330 -0.7681
vn -0.0979 -0.5734 -0.8134
vn -0.0988 -0.5373 -0.8376
vn -0.0701 -0.5568 -0.8277
vn -0.0721 -0.5892 -0.8047
vn -0.0677 -0.5197 -0.8516
vn 0.0020 -0.4762 -0.8793
vn -0.0050 -0.4674 -0.8840
vn 0.0010 -0.6569 -0.7540
vn 0.0028 -0.6091 -0.7931
vn 0.0026 -0.6241 -0.7813
vn -0.0724 -0.5560 -0.8280
vn -0.0746 -0.6054 -0.7924
vn -0.0756 -0.4606 -0.8844
vn -0.0630 -0.4218 -0.9045
vn -0.0013 -0.5337 -0.8457
vn 0.0037 -0.6547 -0.7558
vn 0.0006 -0.7240 -0.6898
vn -0.0016 -0.7209 -0.6931
vn 0.0068 -0.6157 -0.7880
vn 0.0072 -0.6872 -0.7265
vn 0.0060 -0.5308 -0.8475
vn -0.0879 -0.8565 -0.5086
vn -0.0903 -0.8179 -0.5682
vn 0.0002 -0.8472 -0.5312
vn 0.0016 -0.8206 -0.5716
vn -0.0012 -0.7569 -0.6535
vn 0.0021 -0.7605 -0.6493
vn -0.0717 -0.8367 -0.5430
vn -0.0736 -0.8384 -0.5400
vn -0.0739 -0.7971 -0.5993
vn 0.0042 -0.7408 -0.6717
vn 0.0083 -0.7928 -0.6094
vn -0.0925 -0.8866 -0.4532
vn 0.0073 -0.7422 -0.6701
vn 0.0111 -0.8421 -0.5393
vn -0.0916 -0.9923 -0.0839
vn -0.0915 -0.9748 -0.2035
vn -0.0867 -0.9600 -0.2661
vn -0.0923 -0.9384 -0.3331
vn -0.0924 -0.9375 -0.3355
vn -0.0856 -0.9936 -0.0735
vn -0.0850 -0.9750 -0.2054
vn -0.0909 -0.9600 -0.2647
vn -0.0716 -0.9814 -0.1783
vn -0.0732 -0.9866 -0.1456
vn -0.0734 -0.9754 -0.2080
vn -0.0713 -0.9597 -0.2717
vn -0.0740 -0.9437 -0.3224
vn -0.0742 -0.9426 -0.3257
vn 0.0039 -0.9954 -0.0957
vn 0.0018 -0.9974 -0.0719
vn 0.0012 -0.9944 -0.1061
vn -0.0867 -0.9095 -0.4066
vn -0.0108 -0.9203 -0.3910
vn 0.0066 -0.9830 -0.1835
vn -0.0931 -0.9953 0.0263
vn 0.0111 -0.9329 -0.3599
vn -0.0951 -0.9855 0.1408
vn -0.0880 -0.9793 0.1825
vn 0.0054 -0.9253 0.3792
vn -0.0011 -0.9241 0.3821
vn 0.0059 -0.9432 0.3321
vn 0.0052 -0.9303 0.3668
vn -0.0863 -0.9962 0.0061
vn -0.0884 -0.9953 0.0395
vn -0.0871 -0.9960 -0.0184
vn -0.0746 -0.9421 0.3268
vn -0.0728 -0.9582 0.2766
vn -0.0729 -0.9559 0.2846
vn -0.0742 -0.9727 0.2199
vn -0.0744 -0.9815 0.1766
vn 0.0058 -0.9762 0.2168
vn 0.0072 -0.9847 0.1738
vn 0.0116 -0.9862 0.1652
vn 0.0088 -0.9477 0.3190
vn 0.0121 -0.9563 0.2920
vn -0.0953 -0.7409 0.6648
vn -0.0959 -0.7093 0.6984
vn -0.0949 -0.7617 0.6410
vn -0.0868 -0.7559 0.6489
vn -0.0862 -0.8079 0.5830
vn -0.0865 -0.7835 0.6153
vn -0.0886 -0.8368 0.5402
vn -0.0870 -0.8732 0.4795
vn -0.0871 -0.8709 0.4836
vn -0.0685 -0.8044 0.5901
vn -0.0673 -0.8552 0.5139
vn -0.0680 -0.8301 0.5535
vn -0.0272 -0.7404 0.6716
vn -0.0277 -0.7223 0.6911
vn -0.0265 -0.7654 0.6431
vn -0.0271 -0.8219 0.5691
vn -0.0288 -0.7942 0.6069
vn -0.0270 -0.8234 0.5668
vn -0.0263 -0.8775 0.4789
vn -0.0279 -0.8901 0.4550
vn -0.0262 -0.9006 0.4339
vn 0.0002 -0.7801 0.6256
vn 0.0006 -0.7352 0.6779
vn 0.0014 -0.8132 0.5820
vn -0.0021 -0.8241 0.5665
vn -0.0014 -0.8806 0.4738
vn -0.0753 -0.8214 0.5654
vn -0.0755 -0.8453 0.5290
vn -0.0734 -0.9031 0.4231
vn -0.0746 -0.8758 0.4769
vn -0.0020 -0.8811 0.4729
vn 0.0038 -0.7701 0.6379
vn 0.0079 -0.7950 0.6065
vn 0.0095 -0.7825 0.6226
vn 0.0077 -0.8148 0.5797
vn -0.0659 -0.7222 0.6886
vn -0.0034 -0.8078 0.5894
vn -0.0012 -0.7811 0.6244
vn -0.0095 -0.7939 0.6080
vn -0.0081 -0.7332 0.6800
vn 0.0047 -0.7481 0.6636
vn 0.0099 -0.7934 0.6086
vn 0.0170 -0.7873 0.6163
vn 0.0023 -0.8368 0.5475
vn 0.0089 -0.7242 0.6895
vn 0.0053 -0.8777 0.4791
vn -0.0964 -0.5029 0.8590
vn -0.0979 -0.5257 0.8450
vn -0.0965 -0.5530 0.8276
vn -0.0642 -0.5387 0.8401
vn -0.0663 -0.4978 0.8647
vn -0.0641 -0.5408 0.8387
vn -0.0655 -0.6391 0.7663
vn -0.0653 -0.6672 0.7421
vn -0.0810 -0.4652 0.8815
vn -0.0773 -0.5953 0.7997
vn -0.0792 -0.5375 0.8395
vn -0.0753 -0.7108 0.6993
vn -0.0001 -0.7343 0.6788
vn -0.0009 -0.6421 0.7666
vn 0.0049 -0.6180 0.7862
vn -0.0023 -0.5575 0.8301
vn -0.0002 -0.4197 0.9077
vn -0.0033 -0.4753 0.8798
vn -0.0001 -0.4500 0.8930
vn -0.0645 -0.4397 0.8958
vn -0.0666 -0.3897 0.9185
vn -0.0643 -0.4432 0.8941
vn 0.0057 -0.5762 0.8173
vn 0.0034 -0.4457 0.8952
vn 0.0091 -0.4436 0.8962
vn 0.0110 -0.4125 0.9109
vn 0.0135 -0.4375 0.8991
vn -0.0640 -0.3021 0.9511
vn -0.0643 -0.2608 0.9633
vn -0.0635 -0.3429 0.9372
vn -0.0262 -0.0695 0.9972
vn -0.0281 -0.0342 0.9990
vn -0.0261 -0.0713 0.9971
vn -0.0270 -0.1753 0.9842
vn -0.0284 -0.1461 0.9889
vn -0.0269 -0.1768 0.9839
vn -0.0279 -0.2744 0.9612
vn -0.0294 -0.2457 0.9689
vn -0.0278 -0.2760 0.9607
vn -0.0060 -0.0715 0.9974
vn -0.0033 -0.1722 0.9851
vn -0.0055 -0.1770 0.9842
vn -0.0026 -0.2710 0.9626
vn -0.0045 -0.3232 0.9463
vn 0.0010 -0.3126 0.9499
vn 0.0018 -0.2717 0.9624
vn -0.0819 -0.3285 0.9410
vn -0.0827 -0.3567 0.9306
vn -0.0810 -0.4219 0.9030
vn -0.0969 -0.4015 0.9107
vn -0.0284 -0.3616 0.9319
vn -0.0298 -0.3405 0.9398
vn -0.0283 -0.3630 0.9314
vn -0.0041 -0.3656 0.9308
vn -0.0045 0.0258 0.9997
vn -0.0072 0.0411 0.9991
vn -0.0028 -0.0222 0.9998
vn 0.0041 -0.1689 0.9856
vn -0.1102 0.3038 0.9463
vn -0.1080 0.1918 0.9755
vn -0.0919 0.2549 0.9626
vn -0.0902 0.1604 0.9829
vn -0.0914 0.1065 0.9901
vn -0.0914 0.1042 0.9903
vn -0.0081 0.3675 0.9300
vn -0.0087 0.4057 0.9140
vn -0.0038 0.3331 0.9429
vn -0.0280 0.1179 0.9926
vn -0.0284 0.0642 0.9975
vn -0.0271 0.1075 0.9938
vn -0.0044 0.3808 0.9246
vn -0.0072 0.1685 0.9857
vn -0.0047 0.1239 0.9923
vn -0.0050 0.2185 0.9758
vn -0.0008 0.1263 0.9920
vn -0.0266 0.0432 0.9987
vn -0.1120 0.4166 0.9022
vn -0.0014 0.2771 0.9608
vn 0.0017 0.0834 0.9965
vn -0.0000 0.1859 0.9826
vn 0.0050 0.1113 0.9938
vn 0.0036 0.1862 0.9825
vn 0.0050 -0.0119 0.9999
vn -0.1153 0.5599 0.8205
vn -0.0683 0.5142 0.8549
vn -0.0716 0.7099 0.7007
vn -0.0712 0.6547 0.7525
vn -0.0686 0.7052 0.7057
vn -0.0693 0.5890 0.8051
vn -0.0314 0.6168 0.7865
vn -0.0314 0.5841 0.8111
vn -0.0314 0.5466 0.8368
vn -0.0280 0.5058 0.8622
vn -0.0298 0.4599 0.8875
vn -0.0299 0.4566 0.8892
vn -0.0114 0.5656 0.8246
vn -0.0062 0.4765 0.8792
vn -0.0074 0.5763 0.8172
vn -0.0001 0.5546 0.8321
vn -0.0886 0.3723 0.9239
vn -0.0010 0.4310 0.9024
vn -0.0032 0.4945 0.8692
vn -0.0881 0.6163 0.7826
vn -0.0878 0.5804 0.8096
vn -0.0115 0.6734 0.7392
vn -0.1154 0.7168 0.6876
vn -0.1155 0.6793 0.7247
vn -0.1150 0.7536 0.6472
vn -0.0043 0.5781 0.8160
vn -0.0004 0.5717 0.8205
vn -0.0012 0.4794 0.8776
vn -0.1171 0.8865 0.4477
vn -0.1179 0.8687 0.4811
vn -0.1157 0.8487 0.5161
vn -0.0692 0.7991 0.5972
vn -0.0053 0.8528 0.5222
vn -0.0127 0.8754 0.4833
vn -0.0108 0.7981 0.6025
vn -0.0129 0.7970 0.6039
vn -0.0861 0.9069 0.4124
vn -0.0894 0.9059 0.4139
vn -0.0867 0.8721 0.4817
vn -0.0893 0.8180 0.5682
vn -0.0685 0.7121 0.6987
vn -0.0067 0.8078 0.5894
vn -0.0063 0.9018 0.4321
vn -0.0135 0.9135 0.4066
vn -0.0049 0.7992 0.6010
vn -0.0029 0.9050 0.4254
vn -0.0009 0.8645 0.5026
vn 0.0033 0.9240 0.3823
vn -0.0048 0.9200 0.3919
vn -0.1207 0.9652 0.2318
vn -0.1257 0.9920 -0.0061
vn -0.1217 0.9896 0.0767
vn -0.1228 0.9924 0.0089
vn -0.0668 0.9851 0.1585
vn -0.0687 0.9833 0.1688
vn -0.0665 0.9759 0.2077
vn -0.0683 0.9514 0.3002
vn -0.0704 0.9395 0.3352
vn -0.0698 0.9280 0.3659
vn -0.0304 0.9906 0.1332
vn -0.0340 0.9967 0.0732
vn -0.0302 0.9902 0.1365
vn -0.0317 0.9723 0.2314
vn -0.0145 0.9985 0.0525
vn -0.0129 0.9999 -0.0053
vn -0.0046 0.9705 0.2410
vn -0.0136 0.9635 0.2672
vn -0.0870 0.9941 -0.0652
vn -0.0860 0.9961 -0.0186
vn -0.0857 0.9928 -0.0836
vn -0.0868 0.9612 0.2618
vn -0.0323 0.9373 0.3469
vn -0.0343 0.9549 0.2948
vn -0.0322 0.9364 0.3493
vn -0.0999 0.9914 -0.0842
vn -0.1032 0.9916 -0.0775
vn -0.0994 0.9948 -0.0198
vn -0.0314 0.9994 0.0113
vn -0.0098 0.9931 0.1169
vn -0.0057 0.9759 0.2180
vn -0.0015 0.9997 0.0243
vn 0.0010 0.9549 0.2970
vn 0.0185 0.9489 0.3150
vn 0.0161 0.9322 0.3616
vn 0.0379 0.9993 0.0075
vn 0.0219 0.9998 -0.0010
vn -0.0076 0.9997 0.0233
vn -0.1265 0.9474 -0.2939
vn -0.1307 0.9502 -0.2828
vn -0.1297 0.9670 -0.2195
vn -0.1247 0.9823 -0.1397
vn -0.1275 0.9875 -0.0923
vn -0.1032 0.9839 -0.1460
vn -0.0339 0.9918 -0.1231
vn -0.0346 0.9871 -0.1565
vn -0.0329 0.9965 -0.0775
vn -0.0852 0.9264 -0.3669
vn -0.0856 0.9472 -0.3090
vn -0.0846 0.9025 -0.4223
vn -0.0101 0.9609 -0.2766
vn -0.0107 0.9809 -0.1941
vn -0.0675 0.9865 -0.1491
vn -0.0662 0.9970 -0.0394
vn -0.0670 0.9928 -0.0997
vn -0.0102 0.9466 -0.3222
vn -0.0147 0.9310 -0.3648
vn -0.0011 0.9492 -0.3148
vn -0.0084 0.9939 -0.1101
vn -0.0116 0.9937 -0.1111
vn 0.0278 0.9734 -0.2273
vn -0.0032 0.9208 -0.3900
vn -0.1282 0.8404 -0.5265
vn -0.1302 0.8661 -0.4827
vn -0.1276 0.8724 -0.4719
vn -0.1293 0.8980 -0.4205
vn -0.0969 0.8273 -0.5533
vn -0.0982 0.8396 -0.5343
vn -0.0962 0.8488 -0.5200
vn -0.0985 0.8727 -0.4783
vn -0.0341 0.7805 -0.6242
vn -0.0352 0.7996 -0.5995
vn -0.0357 0.8219 -0.5685
vn -0.0331 0.8838 -0.4666
vn -0.0173 0.8248 -0.5651
vn -0.0167 0.7792 -0.6265
vn -0.0097 0.8749 -0.4843
vn -0.0835 0.6631 -0.7439
vn -0.0812 0.7357 -0.6724
vn -0.0813 0.6819 -0.7269
vn -0.0841 0.8684 -0.4887
vn -0.1003 0.9274 -0.3604
vn -0.0033 0.7512 -0.6601
vn -0.0598 0.7665 -0.6395
vn -0.0618 0.7723 -0.6323
vn -0.0606 0.7899 -0.6102
vn -0.0044 0.7625 -0.6470
vn -0.0039 0.7659 -0.6429
vn -0.0036 0.7940 -0.6079
vn -0.0046 0.8530 -0.5219
vn -0.0056 0.8519 -0.5236
vn -0.0048 0.9046 -0.4262
vn -0.1039 0.4271 -0.8982
vn -0.1056 0.3882 -0.9155
vn -0.1016 0.4736 -0.8749
vn -0.1378 0.6148 -0.7766
vn -0.1341 0.6998 -0.7016
vn -0.1354 0.5904 -0.7957
vn -0.0986 0.5977 -0.7957
vn -0.1037 0.5242 -0.8453
vn -0.0983 0.6024 -0.7922
vn -0.0533 0.5004 -0.8641
vn -0.0554 0.5346 -0.8433
vn -0.0552 0.5690 -0.8205
vn -0.0572 0.6502 -0.7576
vn -0.0571 0.6058 -0.7935
vn -0.0570 0.6912 -0.7204
vn -0.0272 0.5650 -0.8246
vn -0.0298 0.6009 -0.7988
vn -0.0285 0.6196 -0.7844
vn -0.0107 0.5042 -0.8635
vn -0.0811 0.5628 -0.8226
vn -0.0827 0.5795 -0.8108
vn -0.1334 0.7395 -0.6598
vn -0.0318 0.6975 -0.7159
vn -0.0323 0.6892 -0.7238
vn -0.0317 0.6980 -0.7154
vn -0.0022 0.4873 -0.8732
vn 0.0375 0.9726 -0.2294
vn 0.0709 0.9974 -0.0156
vn 0.0704 0.9972 -0.0257
vn 0.0413 0.9810 -0.1896
vn 0.0543 0.9972 0.0505
vn 0.0490 0.9797 0.1945
vn 0.0256 0.9507 0.3091
vn 0.0274 0.9621 0.2711
vn 0.0198 0.9160 0.4006
vn 0.0095 0.7772 0.6292
vn 0.0091 0.7945 0.6072
vn 0.0031 0.8089 0.5879
vn 0.0171 0.9003 0.4349
vn 0.0193 -0.7962 0.6047
vn 0.0199 -0.8195 0.5727
vn -0.1068 -0.0131 -0.9942
vn -0.1076 0.0999 -0.9892
vn -0.1075 0.0956 -0.9896
vn -0.1067 -0.0190 -0.9941
vn -0.1077 0.2138 -0.9709
vn -0.1077 0.2126 -0.9712
vn -0.1068 0.3297 -0.9380
vn -0.1068 0.3279 -0.9387
vn -0.0541 0.0018 -0.9985
vn -0.0516 0.1090 -0.9927
vn -0.0517 0.1076 -0.9928
vn -0.0542 -0.0015 -0.9985
vn -0.0504 0.2182 -0.9746
vn -0.0504 0.2187 -0.9745
vn -0.0510 0.3303 -0.9425
vn -0.0511 0.3326 -0.9417
vn -0.0226 0.3304 -0.9436
vn -0.0226 0.3364 -0.9414
vn -0.0220 0.2800 -0.9598
vn -0.0199 0.0611 -0.9979
vn -0.0212 0.1696 -0.9853
vn -0.0062 0.2409 -0.9705
vn -0.0063 0.2694 -0.9630
vn -0.0055 0.2671 -0.9636
vn -0.0062 0.2126 -0.9771
vn -0.0780 -0.1018 -0.9917
vn -0.0773 -0.0536 -0.9956
vn -0.0528 0.4280 -0.9023
vn -0.0528 0.4292 -0.9017
vn -0.0246 0.4192 -0.9076
vn -0.0244 0.4451 -0.8951
vn 0.0004 0.1241 -0.9923
vn 0.0025 0.0935 -0.9956
vn -0.0622 -0.3537 -0.9333
vn -0.0603 -0.2474 -0.9670
vn -0.0604 -0.2521 -0.9658
vn -0.0607 -0.3067 -0.9499
vn -0.0578 -0.1220 -0.9908
vn -0.0581 -0.1555 -0.9861
vn -0.0558 -0.0806 -0.9952
vn -0.0162 -0.2017 -0.9793
vn -0.0151 -0.0516 -0.9986
vn -0.0175 -0.1090 -0.9939
vn -0.0174 -0.0751 -0.9970
vn 0.0015 -0.1926 -0.9813
vn 0.0026 -0.2171 -0.9761
vn -0.0764 -0.2929 -0.9531
vn -0.0763 -0.3056 -0.9491
vn -0.0743 -0.4456 -0.8921
vn -0.0766 -0.1624 -0.9837
vn -0.0638 -0.4090 -0.9103
vn -0.0954 -0.6948 -0.7129
vn -0.0953 -0.7007 -0.7070
vn -0.0744 -0.6272 -0.7753
vn -0.0743 -0.6266 -0.7758
vn -0.0768 -0.6966 -0.7133
vn -0.0768 -0.6998 -0.7102
vn -0.0154 -0.6134 -0.7896
vn -0.0099 -0.6150 -0.7885
vn -0.0118 -0.6776 -0.7354
vn -0.0164 -0.6927 -0.7211
vn -0.0147 -0.5472 -0.8369
vn -0.0089 -0.5427 -0.8399
vn -0.0144 -0.4713 -0.8819
vn 0.0032 -0.5428 -0.8399
vn -0.0716 -0.6099 -0.7893
vn -0.0739 -0.6671 -0.7413
vn -0.1025 -0.4694 -0.8770
vn 0.0091 -0.6150 -0.7884
vn 0.0098 -0.6854 -0.7281
vn 0.0088 -0.5563 -0.8309
vn -0.0930 -0.7736 -0.6268
vn -0.0933 -0.7652 -0.6370
vn -0.0765 -0.8618 -0.5014
vn -0.0765 -0.8628 -0.4997
vn -0.0745 -0.9049 -0.4190
vn -0.0761 -0.8832 -0.4628
vn -0.0769 -0.8232 -0.5625
vn -0.0769 -0.8241 -0.5612
vn -0.0773 -0.7709 -0.6323
vn -0.0773 -0.7695 -0.6340
vn -0.0189 -0.8694 -0.4937
vn -0.0189 -0.8693 -0.4938
vn -0.0165 -0.9134 -0.4068
vn -0.0191 -0.8231 -0.5675
vn -0.0191 -0.8258 -0.5637
vn -0.0176 -0.7656 -0.6430
vn -0.0176 -0.7678 -0.6404
vn -0.0731 -0.9062 -0.4166
vn -0.0724 -0.8643 -0.4978
vn -0.0731 -0.9163 -0.3937
vn -0.0007 -0.7937 -0.6084
vn 0.0109 -0.7564 -0.6541
vn 0.0115 -0.7914 -0.6112
vn -0.0719 -0.9974 -0.0002
vn -0.0722 -0.9903 -0.1186
vn -0.0712 -0.9970 -0.0318
vn -0.0849 -0.9755 -0.2031
vn -0.0851 -0.9415 -0.3260
vn -0.0214 -0.9956 -0.0909
vn -0.0197 -0.9891 -0.1461
vn -0.0199 -0.9902 -0.1385
vn -0.0712 -0.9606 -0.2688
vn -0.0171 -0.9711 -0.2381
vn -0.0066 -0.9702 -0.2421
vn -0.0155 -0.9467 -0.3216
vn -0.0733 -0.9967 -0.0353
vn -0.0733 -0.9971 -0.0213
vn 0.0016 -0.9800 -0.1991
vn -0.0732 -0.9846 -0.1586
vn -0.0732 -0.9876 -0.1392
vn -0.0732 -0.9534 -0.2926
vn -0.0733 -0.9625 -0.2613
vn -0.0725 -0.9272 -0.3676
vn 0.0023 -0.9998 0.0175
vn -0.0235 -0.9994 0.0266
vn -0.0227 -0.9996 -0.0160
vn -0.0235 -0.9993 0.0299
vn -0.0704 -0.9967 0.0398
vn -0.0976 -0.9314 0.3508
vn -0.0893 -0.9683 0.2334
vn -0.0897 -0.9377 0.3356
vn -0.0699 -0.9402 0.3333
vn -0.0703 -0.9713 0.2271
vn -0.0703 -0.9704 0.2310
vn -0.0699 -0.9378 0.3402
vn -0.0866 -0.9934 0.0749
vn -0.0707 -0.9901 0.1211
vn -0.0707 -0.9890 0.1297
vn -0.0257 -0.9427 0.3326
vn -0.0251 -0.9742 0.2242
vn -0.0251 -0.9736 0.2270
vn -0.0257 -0.9425 0.3331
vn -0.0246 -0.9922 0.1222
vn -0.0246 -0.9918 0.1257
vn 0.0014 -0.9749 0.2224
vn 0.0028 -0.9631 0.2692
vn 0.0009 -0.9624 0.2716
vn 0.0020 -0.9928 0.1195
vn -0.0752 -0.9184 0.3885
vn -0.0012 -0.9232 0.3844
vn -0.0701 -0.8969 0.4366
vn -0.0695 -0.9132 0.4014
vn 0.0110 -0.9756 0.2193
vn 0.0120 -0.9742 0.2254
vn -0.0968 -0.8699 0.4837
vn -0.0968 -0.8745 0.4752
vn -0.0962 -0.8358 0.5405
vn -0.0969 -0.8149 0.5714
vn -0.0974 -0.7944 0.5995
vn -0.0864 -0.7252 0.6831
vn -0.0862 -0.7164 0.6923
vn -0.0897 -0.8335 0.5453
vn 0.0060 -0.7660 0.6428
vn -0.0706 -0.8736 0.4815
vn -0.0289 -0.7928 0.6088
vn -0.0295 -0.8555 0.5170
vn -0.0022 -0.8227 0.5685
vn -0.0021 -0.8796 0.4757
vn 0.0057 -0.7565 0.6540
vn -0.0279 -0.6940 0.7194
vn -0.0022 -0.7893 0.6140
vn 0.0043 -0.8025 0.5967
vn 0.0050 -0.7941 0.6077
vn 0.0056 -0.8296 0.5583
vn -0.0964 -0.6469 0.7565
vn -0.0964 -0.6605 0.7446
vn -0.0865 -0.5541 0.8279
vn -0.0854 -0.5535 0.8285
vn -0.0860 -0.4524 0.8877
vn -0.0860 -0.4439 0.8919
vn -0.0855 -0.6422 0.7618
vn -0.0856 -0.6503 0.7548
vn -0.0286 -0.4923 0.8699
vn -0.0284 -0.5722 0.8196
vn -0.0284 -0.5703 0.8209
vn -0.0286 -0.4900 0.8712
vn -0.0664 -0.4956 0.8660
vn -0.0281 -0.6367 0.7706
vn -0.0174 -0.6368 0.7708
vn -0.0037 -0.4775 0.8786
vn -0.0041 -0.5707 0.8211
vn -0.0036 -0.4226 0.9063
vn -0.0286 -0.4436 0.8958
vn -0.0986 -0.4670 0.8787
vn -0.1010 -0.2061 0.9733
vn -0.0944 -0.2070 0.9738
vn -0.1026 -0.0924 0.9904
vn -0.1027 -0.0852 0.9911
vn -0.0870 -0.2132 0.9731
vn -0.0885 -0.0919 0.9918
vn -0.0886 -0.0834 0.9926
vn -0.0865 -0.3357 0.9380
vn -0.0643 -0.2020 0.9773
vn -0.0643 -0.2057 0.9765
vn -0.0643 -0.0942 0.9935
vn -0.0643 -0.0906 0.9938
vn -0.0285 -0.1444 0.9891
vn -0.0294 -0.2442 0.9693
vn -0.0298 -0.3396 0.9401
vn -0.0061 -0.0690 0.9976
vn -0.0057 -0.1746 0.9846
vn -0.0051 -0.2763 0.9611
vn -0.0850 -0.0823 0.9930
vn -0.0861 0.0389 0.9955
vn -0.0861 0.0381 0.9956
vn -0.0850 -0.0794 0.9932
vn -0.0840 -0.2029 0.9756
vn -0.0839 -0.2136 0.9733
vn -0.0643 0.0132 0.9978
vn -0.0643 0.0133 0.9978
vn -0.0666 -0.3873 0.9195
vn -0.0282 -0.0321 0.9991
vn -0.0890 0.0176 0.9959
vn -0.0891 -0.0195 0.9958
vn -0.1048 0.0300 0.9940
vn 0.0028 -0.0571 0.9984
vn 0.0067 -0.1523 0.9883
vn 0.0035 -0.1123 0.9937
vn -0.0949 0.3779 0.9210
vn -0.0938 0.3431 0.9346
vn -0.0949 0.3792 0.9204
vn -0.0660 0.3803 0.9225
vn -0.0648 0.3404 0.9380
vn -0.0653 0.4025 0.9131
vn -0.0918 0.2564 0.9622
vn -0.0901 0.1632 0.9825
vn -0.0886 0.0586 0.9943
vn -0.0645 0.2569 0.9643
vn -0.0643 0.2094 0.9757
vn -0.0643 0.2124 0.9751
vn -0.0641 0.1115 0.9917
vn -0.0641 0.1144 0.9914
vn -0.0284 0.3084 0.9508
vn -0.0272 0.2206 0.9750
vn -0.0272 0.2220 0.9747
vn -0.0270 0.3373 0.9410
vn -0.0296 0.3489 0.9367
vn -0.0076 0.2246 0.9744
vn -0.0022 0.2461 0.9693
vn -0.0079 0.2735 0.9618
vn -0.0876 0.1917 0.9775
vn -0.0871 0.2481 0.9648
vn -0.0873 0.3597 0.9290
vn -0.0863 0.1434 0.9859
vn -0.0074 0.0446 0.9990
vn -0.0994 0.7008 0.7064
vn -0.0984 0.5864 0.8040
vn -0.0977 0.6210 0.7777
vn -0.0995 0.7068 0.7004
vn -0.0970 0.4735 0.8755
vn -0.0969 0.4712 0.8767
vn -0.0971 0.5607 0.8223
vn -0.0319 0.6634 0.7476
vn -0.0319 0.6697 0.7420
vn -0.0655 0.4600 0.8855
vn -0.0671 0.4214 0.9044
vn -0.0279 0.5083 0.8607
vn -0.0100 0.4568 0.8895
vn -0.0267 0.4004 0.9159
vn -0.1157 0.7933 0.5977
vn -0.1158 0.7962 0.5938
vn -0.1003 0.8467 0.5226
vn -0.1003 0.8463 0.5232
vn -0.1008 0.8881 0.4484
vn -0.1008 0.8907 0.4434
vn -0.1000 0.7889 0.6063
vn -0.1000 0.7920 0.6022
vn -0.0710 0.8898 0.4508
vn -0.0709 0.8929 0.4447
vn -0.0343 0.8399 0.5417
vn -0.0342 0.8359 0.5479
vn -0.0344 0.8771 0.4792
vn -0.0353 0.8968 0.4411
vn -0.0718 0.7621 0.6434
vn -0.0333 0.7585 0.6508
vn -0.0332 0.7537 0.6564
vn -0.0878 0.7999 0.5937
vn -0.0130 0.7980 0.6025
vn -0.0116 0.7174 0.6966
vn -0.0361 0.9143 0.4035
vn -0.1011 0.9302 0.3527
vn -0.1011 0.9354 0.3389
vn -0.1201 0.9293 0.3493
vn -0.1202 0.9318 0.3424
vn 0.0081 0.8500 0.5268
vn 0.0086 0.8929 0.4501
vn -0.1017 0.9872 0.1230
vn -0.1016 0.9856 0.1352
vn -0.1019 0.9915 0.0805
vn -0.1012 0.9698 0.2221
vn -0.1011 0.9665 0.2361
vn -0.0677 0.9909 0.1162
vn -0.0134 0.9871 0.1592
vn -0.0699 0.9597 0.2723
vn -0.0342 0.9970 0.0691
vn -0.0344 0.9559 0.2917
vn -0.0889 0.9362 0.3399
vn -0.0142 0.9992 -0.0362
vn -0.0657 0.9589 -0.2759
vn -0.0670 0.9788 -0.1935
vn -0.0668 0.9769 -0.2028
vn -0.0654 0.9531 -0.2956
vn -0.0339 0.9622 -0.2704
vn -0.0344 0.9804 -0.1940
vn -0.0343 0.9771 -0.2100
vn -0.0337 0.9549 -0.2950
vn -0.0148 0.9642 -0.2649
vn -0.0147 0.9824 -0.1861
vn -0.0140 0.9940 -0.1084
vn -0.0150 0.9367 -0.3499
vn -0.0333 0.9314 -0.3625
vn -0.0332 0.9179 -0.3954
vn -0.0642 0.9264 -0.3711
vn -0.0638 0.9169 -0.3941
vn -0.0983 0.7746 -0.6248
vn -0.0984 0.7702 -0.6302
vn -0.0617 0.8285 -0.5565
vn -0.0617 0.8314 -0.5522
vn -0.0625 0.8788 -0.4731
vn -0.0623 0.8706 -0.4881
vn -0.0340 0.7780 -0.6273
vn -0.1264 0.9224 -0.3649
vn -0.0346 0.7713 -0.6356
vn -0.1369 0.5574 -0.8189
vn -0.1040 0.5183 -0.8488
vn -0.0989 0.7327 -0.6733
vn -0.1015 0.6445 -0.7579
vn -0.1004 0.6869 -0.7198
vn -0.0260 0.4851 -0.8740
vn -0.0277 0.5534 -0.8324
vn -0.0106 0.4978 -0.8672
vn -0.0061 0.4488 -0.8936
vn -0.0323 0.6888 -0.7242
vn -0.0124 0.6484 -0.7612
vn -0.0119 0.6160 -0.7876
vn -0.0812 0.4588 -0.8848
vn -0.0813 0.4648 -0.8817
vn -0.0129 0.6858 -0.7277
vn -0.0618 0.7323 -0.6782
vt 0.977940 0.817174
vt 0.999878 0.843651
vt 0.945929 0.871761
vt 0.112209 0.500871
vt 0.189012 0.548297
vt 0.189918 0.495926
vt 0.111375 0.544745
vt 0.188414 0.595394
vt 0.111125 0.587446
vt 0.188157 0.645490
vt 0.007852 0.496564
vt 0.007125 0.543259
vt 0.526904 0.532392
vt 0.862776 0.531455
vt 0.521694 0.478038
vt 0.531775 0.739584
vt 0.862765 0.727725
vt 0.526619 0.691944
vt 0.114890 0.349225
vt 0.189389 0.362129
vt 0.193708 0.290081
vt 0.113895 0.415772
vt 0.190410 0.442787
vt 0.270818 0.351418
vt 0.271750 0.288311
vt 0.269062 0.440528
vt 0.350884 0.338198
vt 0.432388 0.317798
vt 0.350612 0.253885
vt 0.525700 0.279480
vt 0.432719 0.249522
vt 0.434374 0.383303
vt 0.517047 0.388871
vt 0.112935 0.457929
vt 0.707570 0.452859
vt 0.664510 0.411400
vt 0.595459 0.406174
vt 0.895614 0.435015
vt 0.784697 0.391088
vt 0.927288 0.373221
vt 0.794228 0.333625
vt 0.940118 0.483379
vt 0.743808 0.351439
vt 0.683789 0.263772
vt 0.117160 0.235850
vt 0.193275 0.244355
vt 0.179782 0.050019
vt 0.271467 0.237595
vt 0.350504 0.199550
vt 0.266013 0.051489
vt 0.115638 0.292590
vt 0.804735 0.218151
vt 0.526072 0.225850
vt 0.927567 0.266763
vt 0.950315 0.223674
vt 0.118633 0.291952
vt 0.175464 0.085119
vt 0.191588 0.283621
vt 0.431665 0.162278
vt 0.552339 0.135736
vt 0.540825 0.190581
vt 0.011178 0.252477
vt 0.110608 0.078119
vt 0.117688 0.245350
vt 0.852207 0.191949
vt 0.431227 0.217760
vt 0.627434 0.228527
vt 0.682771 0.105291
vt 0.884461 0.131964
vt 0.934314 0.161817
vt 0.969541 0.219120
vt 0.799958 0.222107
vt 0.123787 0.456727
vt 0.198061 0.421305
vt 0.197681 0.470764
vt 0.122623 0.412347
vt 0.197364 0.374010
vt 0.433037 0.288898
vt 0.510918 0.371831
vt 0.119435 0.329885
vt 0.193588 0.326879
vt 0.661448 0.355565
vt 0.811084 0.434094
vt 0.929086 0.392670
vt 0.948735 0.441834
vt 0.812027 0.297681
vt 0.884739 0.250418
vt 0.929412 0.328397
vt 0.123832 0.558289
vt 0.198451 0.522888
vt 0.203924 0.590195
vt 0.017578 0.500153
vt 0.124515 0.500210
vt 0.516440 0.572274
vt 0.527293 0.509170
vt 0.893538 0.566470
vt 0.858010 0.508431
vt 0.935147 0.538336
vt 0.951385 0.490931
vt 0.275044 0.847656
vt 0.353375 0.884087
vt 0.274314 0.890033
vt 0.433869 0.865623
vt 0.507766 0.892595
vt 0.433178 0.913333
vt 0.016137 0.710448
vt 0.122914 0.784705
vt 0.014125 0.763928
vt 0.202269 0.661911
vt 0.277285 0.723331
vt 0.199749 0.735482
vt 0.559417 0.956285
vt 0.436632 0.960103
vt 0.782820 0.807563
vt 0.827832 0.853332
vt 0.742896 0.838350
vt 0.828984 0.763497
vt 0.926732 0.819940
vt 0.950464 0.761708
vt 0.892936 0.926732
vt 0.925845 0.976399
vt 0.798536 0.960566
vt 0.268414 -0.009106
vt 0.352545 0.146057
vt 0.267644 0.059601
vt 0.014125 0.228715
vt 0.115957 0.067175
vt 0.011796 0.286376
vt 0.269314 -0.070834
vt 0.353538 0.046324
vt 0.686635 0.118295
vt 0.919303 0.175774
vt 0.629340 0.163105
vt 0.925845 0.066074
vt 0.983822 0.098807
vt 0.895912 0.099362
vt 0.798536 0.039334
vt 0.704775 0.068703
vt 0.960618 0.044686
vt 0.960444 0.142818
vt 0.977885 0.200388
vt 0.117419 0.307941
vt 0.191251 0.331202
vt 0.116175 0.349704
vt 0.892623 0.455576
vt 0.890403 0.506759
vt 0.610350 0.502303
vt 0.921240 0.276508
vt 0.960398 0.348944
vt 0.894629 0.329588
vt 0.619277 0.388957
vt 0.521346 0.442099
vt 0.115790 0.609423
vt 0.192372 0.616841
vt 0.193178 0.665499
vt 0.115163 0.568890
vt 0.191457 0.562095
vt 0.114747 0.525062
vt 0.189394 0.502906
vt 0.946908 0.719950
vt 0.962444 0.771601
vt 0.826930 0.761154
vt 0.119418 0.746173
vt 0.192551 0.771025
vt 0.194904 0.850864
vt 0.115397 0.668950
vt 0.193330 0.709685
vt 0.272261 0.840050
vt 0.352117 0.854995
vt 0.351978 0.922960
vt 0.271949 0.796565
vt 0.351684 0.799960
vt 0.013954 0.725304
vt 0.120058 0.795328
vt 0.011549 0.650183
vt 0.864105 0.841494
vt 0.982025 0.878856
vt 0.857185 0.920484
vt 0.621543 0.907433
vt 0.964584 0.972386
vt 0.527350 0.929846
vt 0.945547 0.993884
vt 0.520693 0.967310
vt 0.272605 0.853332
vt 0.351060 0.841745
vt 0.272908 0.804950
vt 0.520693 0.960837
vt 0.937680 0.931259
vt 0.512021 0.931741
vt 0.719115 0.873202
vt 0.868715 0.832276
vt 0.703055 0.816933
vt 0.119945 0.576662
vt 0.192810 0.558521
vt 0.118732 0.525442
vt 0.347217 0.664618
vt 0.421581 0.634168
vt 0.343741 0.588500
vt 0.014005 0.540868
vt 0.013228 0.495739
vt 0.014472 0.585987
vt 0.266561 0.518987
vt 0.341111 0.515716
vt 0.264926 0.447188
vt 0.497743 0.636842
vt 0.860709 0.575896
vt 0.498722 0.573674
vt 0.900932 0.649058
vt 0.939814 0.665362
vt 0.916439 0.581333
vt 0.702573 0.756520
vt 0.861488 0.694142
vt 0.503690 0.730656
vt 0.957097 0.625769
vt 0.937781 0.545599
vt 0.190711 0.321021
vt 0.265491 0.365122
vt 0.266794 0.308644
vt 0.011309 0.384478
vt 0.116137 0.393923
vt 0.116578 0.317575
vt 0.012237 0.459907
vt 0.413899 0.472463
vt 0.339526 0.431045
vt 0.268853 0.255285
vt 0.837959 0.312036
vt 0.885632 0.345683
vt 0.890553 0.282017
vt 0.830232 0.377940
vt 0.901514 0.409855
vt 0.811094 0.432675
vt 0.853355 0.473114
vt 0.488495 0.499685
vt 0.927367 0.348055
vt 0.967149 0.358185
vt 0.961860 0.321784
vt 0.928082 0.285918
vt 0.980634 0.256011
vt 0.192553 0.250649
vt 0.265874 0.062588
vt 0.351185 0.129873
vt 0.428745 0.164998
vt 0.434390 0.074568
vt 0.509056 0.168085
vt 0.526975 0.085470
vt 0.011175 0.264482
vt 0.116730 0.225572
vt 0.009741 0.227333
vt 0.011855 0.303044
vt 0.186490 -0.000858
vt 0.107837 0.020214
vt 0.799229 0.132191
vt 0.773575 0.074707
vt 0.604005 0.131935
vt 0.852923 0.195194
vt 0.522228 0.062499
vt 0.513888 0.855262
vt 0.533442 0.893709
vt 0.671621 0.842326
vt 0.523468 0.970978
vt 0.732268 0.982682
vt 0.534161 0.932341
vt 0.111406 0.666867
vt 0.187576 0.714596
vt 0.111263 0.630363
vt 0.694221 0.933321
vt 0.821205 0.930279
vt 0.831303 0.888703
vt 0.943043 0.882106
vt 0.894748 0.990519
vt 0.933905 0.937735
vt 0.988839 0.355913
vt 0.991625 0.305290
vt 0.972505 0.409718
vt 0.942977 0.411121
vt 0.968402 0.566513
vt 0.982319 0.629467
vt 0.956424 0.519153
vt 0.973039 0.687301
vt 0.982334 0.543952
vt 0.970374 0.474233
vt 0.945547 0.955723
vt 0.964584 0.976190
vt 0.985444 0.942993
vt 0.990903 0.146579
vt 0.991456 0.048206
vt 0.991815 0.758364
vt 0.434960 0.543642
vt 0.350924 0.563011
vt 0.435134 0.606414
vt 0.350790 0.624559
vt 0.435120 0.653345
vt 0.526148 0.579856
vt 0.536109 0.645136
vt 0.007291 0.588332
vt 0.435375 0.704676
vt 0.437729 0.780775
vt 0.434846 0.491295
vt 0.351029 0.494103
vt 0.923977 0.668117
vt 0.941167 0.733301
vt 0.924298 0.792311
vt 0.350816 0.401928
vt 0.435053 0.443063
vt 0.516683 0.430938
vt 0.927924 0.313830
vt 0.939084 0.540635
vt 0.786720 0.275174
vt 0.111525 0.034706
vt 0.194743 -0.017772
vt 0.266118 -0.006729
vt 0.350213 0.142836
vt 0.531656 0.186215
vt 0.431475 0.196412
vt 0.559922 0.063841
vt 0.514157 0.090096
vt 0.615176 0.118603
vt 0.010805 0.239988
vt 0.010183 0.306090
vt 0.561191 0.148354
vt 0.695050 0.072981
vt 0.536179 0.017092
vt 0.429843 0.035632
vt 0.898176 0.109265
vt 0.896719 0.060647
vt 0.899482 0.163852
vt 0.265412 0.064532
vt 0.265201 0.015055
vt 0.431334 0.115566
vt 0.542304 0.082691
vt 0.430228 0.060949
vt 0.536179 0.030103
vt 0.011884 0.312759
vt 0.110608 -0.005977
vt 0.006178 0.054046
vt 0.697501 0.039454
vt 0.899417 0.080177
vt 0.896988 0.041026
vt 0.962361 0.106523
vt 0.896719 0.005636
vt 0.121750 0.368961
vt 0.273853 0.400520
vt 0.270811 0.334889
vt 0.350569 0.348076
vt 0.349971 0.283053
vt 0.271190 0.274738
vt 0.523828 0.443239
vt 0.434235 0.457487
vt 0.433070 0.410610
vt 0.847317 0.371973
vt 0.953286 0.280679
vt 0.274948 0.562451
vt 0.516179 0.730238
vt 0.434602 0.699652
vt 0.526315 0.679947
vt 0.609962 0.733887
vt 0.273443 0.489927
vt 0.017511 0.595445
vt 0.124918 0.640363
vt 0.017712 0.547906
vt 0.529450 0.637415
vt 0.831509 0.606501
vt 0.960492 0.572132
vt 0.896845 0.700709
vt 0.963166 0.700430
vt 0.197016 0.842543
vt 0.199214 0.800115
vt 0.276489 0.789952
vt 0.354741 0.759302
vt 0.354140 0.831708
vt 0.434322 0.816676
vt 0.434205 0.759165
vt 0.519459 0.845041
vt 0.520677 0.791888
vt 0.124037 0.744759
vt 0.017368 0.652782
vt 0.124598 0.701921
vt 0.589276 0.909933
vt 0.633785 0.833591
vt 0.688451 0.885600
vt 0.641093 0.948693
vt 0.353538 0.941017
vt 0.751414 0.936774
vt 0.728227 0.879828
vt 0.781334 0.885867
vt 0.838045 0.914907
vt 0.960861 0.900060
vt 0.960618 0.950160
vt 0.617734 0.797896
vt 0.193921 0.262506
vt 0.117991 0.263119
vt 0.193812 0.223773
vt 0.352807 0.196805
vt 0.353042 0.097964
vt 0.120957 0.844211
vt 0.704775 0.993530
vt 0.542424 0.097252
vt 0.537572 0.138847
vt 0.539645 0.257248
vt 0.516352 0.198350
vt 0.623264 0.201600
vt 0.353075 0.248154
vt 0.272326 0.242553
vt 0.894776 0.135418
vt 0.862132 0.214986
vt 0.939190 0.226999
vt 0.975198 0.272080
vt 0.352175 0.312626
vt 0.270553 0.313889
vt 0.433081 0.476362
vt 0.351194 0.435543
vt 0.433927 0.408468
vt 0.351570 0.375499
vt 0.434679 0.343027
vt 0.434630 0.283766
vt 0.513967 0.381579
vt 0.515708 0.317075
vt 0.630400 0.325808
vt 0.010324 0.349996
vt 0.434049 0.238122
vt 0.511307 0.508619
vt 0.893420 0.406712
vt 0.270448 0.610154
vt 0.270157 0.554656
vt 0.509223 0.738650
vt 0.432220 0.714898
vt 0.539930 0.681160
vt 0.350876 0.563525
vt 0.350828 0.493172
vt 0.432421 0.560677
vt 0.596505 0.748156
vt 0.515642 0.578638
vt 0.528050 0.637739
vt 0.622010 0.583564
vt 0.949278 0.680100
vt 0.892740 0.572641
vt 0.888422 0.634593
vt 0.957084 0.609064
vt 0.957470 0.527397
vt 0.270315 0.745709
vt 0.272731 0.908538
vt 0.433201 0.861243
vt 0.432860 0.788322
vt 0.350801 0.743806
vt 0.513789 0.814703
vt 0.510836 0.882251
vt 0.627527 0.871184
vt 0.009950 0.587459
vt 0.623062 0.791147
vt 0.620711 0.833138
vt 0.012974 0.689181
vt 0.431805 0.936780
vt 0.979009 0.926888
vt 0.955988 0.822194
vt 0.195615 0.717770
vt 0.119870 0.713784
vt 0.196339 0.769306
vt 0.351147 0.911279
vt 0.506623 0.843552
vt 0.429592 0.854689
vt 0.509996 0.897139
vt 0.430543 0.922609
vt 0.120538 0.636293
vt 0.014466 0.636232
vt 0.014446 0.702719
vt 0.272731 0.901074
vt 0.351978 0.958066
vt 0.505002 0.787616
vt 0.428211 0.773528
vt 0.894904 0.899428
vt 0.919781 0.789492
vt 0.926838 0.844114
vt 0.905235 0.725901
vt 0.860447 0.755687
vt 0.193538 0.603886
vt 0.191571 0.495321
vt 0.269220 0.617382
vt 0.271451 0.687553
vt 0.349208 0.718868
vt 0.416196 0.550988
vt 0.426470 0.701911
vt 0.503945 0.681080
vt 0.117580 0.471880
vt 0.819473 0.533345
vt 0.859258 0.631416
vt 0.897691 0.495262
vt 0.944989 0.721773
vt 0.945009 0.771349
vt 0.940722 0.473200
vt 0.189915 0.419951
vt 0.413043 0.411100
vt 0.012120 0.338291
vt 0.492242 0.285407
vt 0.484673 0.346411
vt 0.844284 0.251966
vt 0.503034 0.221221
vt 0.478923 0.411536
vt 0.896319 0.220991
vt 0.187014 0.068146
vt 0.116976 0.273124
vt 0.265983 0.018493
vt 0.352978 0.076573
vt 0.349655 0.178713
vt 0.435548 0.028028
vt 0.523468 0.014538
vt 0.663059 0.036159
vt 0.353479 0.030175
vt 0.266118 -0.052466
vt 0.905991 0.057177
vt 0.887371 0.108956
vt 0.911906 0.164345
vt 0.268618 0.721513
vt 0.268536 0.784692
vt 0.112837 0.755669
vt 0.189970 0.819670
vt 0.188912 0.777343
vt 0.269253 0.858721
vt 0.351048 0.791133
vt 0.351913 0.838677
vt 0.352163 0.886473
vt 0.353479 0.936202
vt 0.433173 0.867449
vt 0.435085 0.926320
vt 0.111964 0.705024
vt 0.008311 0.672055
vt 0.184970 -0.052648
vt 0.435548 0.968598
vt 0.923440 0.838905
vt 0.994371 0.271836
vt 0.993562 0.468892
vt 0.996144 0.406886
vt 0.965111 0.725925
vt 0.969537 0.784644
vt 0.971898 0.892853
vt 0.941791 0.897998
vt 0.966477 0.842918
vt 0.992190 0.897206
vt 0.991456 0.946402
vt 0.268238 0.564936
vt 0.268526 0.502684
vt 0.268402 0.615874
vt 0.268703 0.667210
vt 0.350532 0.690183
vt 0.008368 0.435725
vt 0.350999 0.744229
vt 0.864594 0.599981
vt 0.942370 0.606588
vt 0.351079 0.453683
vt 0.009463 0.368056
vt 0.265820 -0.056056
vt 0.349994 0.088618
vt 0.349737 0.039813
vt 0.429952 0.080506
vt 0.433167 0.139666
vt 0.697501 0.014372
vt 0.960837 0.117497
vt 0.961784 0.067586
vt 0.961675 0.169737
vt 0.265076 -0.030492
vt 0.349979 0.173932
vt 0.349912 0.230902
vt 0.349716 0.117135
vt 0.349338 0.068400
vt 0.013150 0.355990
vt 0.194743 -0.019280
vt 0.265820 -0.069354
vt 0.349737 0.025857
vt 0.429843 0.013140
vt 0.961784 0.006900
vt 0.959633 0.054712
vt 0.350650 0.401545
vt 0.352201 0.458633
vt 0.433574 0.350539
vt 0.017022 0.460531
vt 0.015993 0.424049
vt 0.014539 0.388406
vt 0.434791 0.509770
vt 0.352602 0.504541
vt 0.276228 0.619625
vt 0.275724 0.671525
vt 0.353537 0.629930
vt 0.354078 0.690846
vt 0.353016 0.566770
vt 0.435245 0.636061
vt 0.434561 0.572933
vt 0.902897 0.640314
vt 0.962061 0.636199
vt 0.188438 0.029483
vt 0.433634 0.138663
vt 0.434948 0.191987
vt 0.433685 0.085429
vt 0.436632 0.035610
vt 0.193438 0.897184
vt 0.192016 -0.030218
vt 0.115331 0.391506
vt 0.191306 0.385311
vt 0.190091 0.436616
vt 0.114817 0.434710
vt 0.270384 0.379683
vt 0.269850 0.434997
vt 0.114983 0.478945
vt 0.008914 0.472643
vt 0.008933 0.436413
vt 0.009268 0.399811
vt 0.269749 0.492575
vt 0.984739 0.474166
vt 0.958805 0.412431
vt 0.270685 0.652986
vt 0.272130 0.704393
vt 0.351322 0.671948
vt 0.351171 0.626540
vt 0.432963 0.638609
vt 0.009206 0.527745
vt 0.120714 0.766816
vt 0.195275 0.812955
vt 0.120058 0.798546
vt 0.194904 0.857118
vt 0.271777 0.749045
vt 0.350386 0.777737
vt 0.013954 0.746365
vt 0.431805 0.977885
vt 0.194796 0.660690
vt 0.267937 0.566606
vt 0.341114 0.356791
vt 0.343108 0.297208
vt 0.415686 0.349525
vt 0.418745 0.289934
vt 0.422666 0.231009
vt 0.346495 0.241439
vt 0.732268 0.011001
vt 0.894748 0.012586
vt 0.522832 0.796327
vt 0.007398 0.626725
vt 0.264253 -0.117877
vt 0.009741 0.715514
s 1
usemtl Texture
f 1629/1522/2841 1705/1523/2842 1861/1524/2843
f 1706/1525/2844 1709/1526/2845 1496/1527/2846
f 1707/1528/2847 1710/1529/2848 1709/1526/2849
f 1708/1530/2850 1711/1531/2851 1710/1529/2852
f 1599/1532/2853 1707/1528/2854 1706/1525/2855
f 1598/1533/2856 1708/1530/2857 1707/1528/2858
f 1722/1534/2859 1491/1535/2860 1492/1536/2861
f 1450/1537/2862 1726/1538/2863 1725/1539/2864
f 1731/1540/2865 1733/1541/2866 1591/1542/2867
f 1732/1543/2868 1734/1544/2869 1733/1541/2870
f 1733/1541/2871 1736/1545/2872 1735/1546/2873
f 1733/1541/2871 1737/1547/2874 1736/1545/2872
f 1738/1548/2875 1741/1549/2876 1593/1550/2877
f 1741/1549/2878 1744/1551/2879 1594/1552/2880
f 1742/1553/2881 1745/1554/2882 1741/1549/2883
f 1497/1555/2884 1496/1527/2885 1734/1544/2886
f 1601/1556/2887 1602/1557/2888 1747/1558/2889
f 1601/1556/2887 1751/1559/2890 1750/1560/2891
f 1750/1560/2891 1753/1561/2892 1749/1562/2893
f 1754/1563/2894 1751/1559/2890 1601/1556/2887
f 1751/1559/2890 1753/1561/2892 1750/1560/2891
f 1602/1557/2895 1748/1564/2896 1482/1565/2897
f 1491/1535/2860 1754/1563/2894 1601/1556/2887
f 1755/1566/2898 1757/1567/2899 1756/1568/2900
f 1592/1569/2901 1762/1570/2902 1759/1571/2903
f 1590/1572/2904 1591/1542/2905 1757/1567/2906
f 1482/1565/2907 1604/1573/2908 1595/1574/2909
f 1597/1575/2910 1772/1576/2911 1604/1573/2908
f 1773/1577/2912 1776/1578/2913 1577/1579/2914
f 1783/1580/2915 1787/1581/2916 1786/1582/2917
f 1478/1583/2918 1775/1584/2919 1774/1585/2920
f 1786/1582/2917 1787/1581/2916 1792/1586/2921
f 1580/1587/2922 1786/1582/2917 1476/1588/2923
f 1787/1581/2916 1610/1589/2924 1789/1590/2925
f 1792/1586/2921 1789/1590/2926 1793/1591/2927
f 1792/1586/2921 1793/1591/2927 1477/1592/2928
f 1786/1582/2917 1792/1586/2921 1581/1593/2929
f 1794/1594/2930 1797/1595/2931 1569/1596/2932
f 1795/1597/2933 1798/1598/2934 1797/1595/2935
f 1809/1599/2936 1476/1588/2923 1811/1600/2937
f 1576/1601/2938 1577/1579/2914 1799/1602/2939
f 1811/1600/2937 1476/1588/2923 1616/1603/2940
f 1812/1604/2941 1814/1605/2942 1815/1606/2943
f 1813/1607/2944 1582/1608/2945 1816/1609/2946
f 1817/1610/2947 1819/1611/2948 1818/1612/2949
f 1474/1613/2950 1568/1614/2951 1817/1610/2952
f 1568/1614/2953 1569/1596/2954 1819/1611/2955
f 1831/1615/2956 1573/1616/2957 1621/1617/2958
f 1621/1617/2958 1574/1618/2959 1835/1619/2960
f 1574/1618/2959 1575/1620/2961 1835/1619/2960
f 1840/1621/2962 1842/1622/2963 1556/1623/2964
f 1846/1624/2965 1848/1625/2966 1845/1626/2967
f 1625/1627/2968 1554/1628/2969 1469/1629/2970
f 1562/1630/2971 1563/1631/2972 1839/1632/2973
f 1845/1626/2974 1558/1633/2975 1876/1634/2976
f 1855/1635/2977 1858/1636/2978 1854/1637/2979
f 1566/1638/2980 1860/1639/2981 1855/1635/2982
f 1860/1639/2981 1861/1524/2843 1858/1636/2978
f 1567/1640/2983 1629/1522/2841 1860/1639/2981
f 1859/1641/2984 1560/1642/2985 1559/1643/2986
f 1867/1644/2987 1869/1645/2988 1866/1646/2989
f 1469/1647/2990 1863/1648/2991 1631/1649/2992
f 1556/1650/2993 1557/1651/2994 1867/1644/2995
f 1633/1652/2996 1879/1653/2997 1634/1654/2998
f 1560/1655/2985 1703/1656/2999 1881/1657/3000
f 1559/1658/2986 1560/1655/2985 1632/1659/3001
f 1471/1660/3002 1703/1656/2999 1560/1655/2985
f 1636/1661/3003 1637/1662/3004 1879/1653/2997
f 1547/1663/3005 1888/1664/3006 1885/1665/3007
f 1901/1666/3008 1546/1667/3009 1465/1668/3010
f 1553/1669/3011 1642/1670/3012 1903/1671/3013
f 1641/1672/3014 1901/1666/3015 1898/1673/3016
f 1904/1674/3017 1907/1675/3018 1535/1676/3019
f 1905/1677/3020 1908/1678/3021 1907/1675/3022
f 1906/1679/3023 1909/1680/3024 1908/1678/3025
f 1921/1681/3026 1463/1682/3027 1540/1683/3028
f 1924/1684/3029 1926/1685/3030 1529/1686/3031
f 1925/1687/3032 1927/1688/3033 1926/1685/3034
f 1928/1689/3035 1931/1690/3036 1531/1691/3037
f 1929/1692/3038 1932/1693/3039 1931/1690/3040
f 1460/1694/3041 1924/1684/3042 1528/1695/3043
f 1649/1696/3044 1925/1687/3045 1924/1684/3046
f 1925/1687/3032 1535/1676/3047 1927/1688/3033
f 1939/1697/3048 1656/1698/3049 1940/1699/3050
f 1654/1700/3051 1938/1701/3052 1935/1702/3053
f 1938/1701/3054 1534/1703/3055 1533/1704/3056
f 1948/1705/3057 1950/1706/3058 1947/1707/3059
f 1533/1708/3056 1659/1709/3060 1957/1710/3061
f 1660/1711/3062 1958/1712/3063 1661/1713/3064
f 1964/1714/3065 1966/1715/3066 1963/1716/3067
f 1974/1717/3068 1976/1718/3069 1973/1719/3070
f 1665/1720/3071 1963/1716/3072 1454/1721/3073
f 1664/1722/3074 1964/1714/3075 1665/1720/3071
f 1969/1723/3076 1520/1724/3077 1990/1725/3078
f 1979/1726/3079 1982/1727/3080 1978/1728/3081
f 1984/1729/3082 1667/1730/3083 1985/1731/3084
f 1458/1732/3085 1980/1733/3086 1525/1734/3087
f 1985/1731/3084 1668/1735/3088 1669/1736/3089
f 1512/1737/3090 1989/1738/3091 1988/1739/3092
f 1672/1740/3093 1986/1741/3094 1511/1742/3095
f 1671/1743/3096 1986/1741/3094 1672/1740/3093
f 1520/1724/3097 1521/1744/3098 1993/1745/3099
f 1512/1737/3090 1988/1739/3092 1513/1746/3100
f 1675/1747/3101 2002/1748/3102 2001/1749/3103
f 1999/1750/3104 2003/1751/3105 2002/1748/3102
f 2000/1752/3106 1455/1753/3107 2003/1751/3105
f 1455/1753/3107 2000/1752/3106 1673/1754/3108
f 2005/1755/3109 1690/1756/3110 1677/1757/3111
f 2004/1758/3112 1677/1757/3113 1483/1759/3114
f 2009/1760/3115 1513/1746/3116 2011/1761/3117
f 2013/1762/3118 2016/1763/3119 2015/1764/3120
f 2016/1763/3121 2018/1765/3122 2017/1766/3123
f 1679/1767/3124 2006/1768/3125 1451/1769/3126
f 1678/1770/3127 2006/1768/3125 1679/1767/3124
f 2006/1768/3128 1504/1771/3129 2026/1772/3130
f 2017/1766/3123 2020/1773/3131 2019/1774/3132
f 1681/1775/3133 1680/1776/3134 2020/1773/3131
f 1682/1777/3135 2017/1766/3123 2019/1774/3132
f 2036/1778/3136 2038/1779/3137 1688/1780/3138
f 1508/1781/3139 1509/1782/3140 2037/1783/3141
f 2024/1784/3142 1499/1785/3143 1498/1786/3144
f 1686/1787/3145 1509/1782/3140 2040/1788/3146
f 1688/1780/3138 1687/1789/3147 2041/1790/3148
f 2040/1788/3146 1510/1791/3149 2042/1792/3150
f 1687/1789/3147 2040/1788/3146 2041/1790/3148
f 1694/1793/3151 1693/1794/3152 1690/1756/3153
f 1691/1795/3154 1690/1756/3153 1676/1796/3155
f 1696/1797/3156 1668/1735/3157 1699/1798/3158
f 1696/1797/3156 1670/1799/3159 1669/1736/3160
f 1668/1735/3088 1667/1730/3161 1697/1800/3162
f 1698/1801/3163 1484/1802/3164 1670/1799/3165
f 1534/1803/3055 1938/1804/3054 1487/1805/3166
f 1636/1661/3003 1702/1806/3167 1637/1662/3004
f 1471/1660/3002 1488/1807/3168 1703/1656/2999
f 1567/1640/2983 1489/1808/3169 1629/1522/2841
f 1710/1529/2848 1707/1528/2847 1708/1530/3170
f 1706/1525/2844 1707/1528/3171 1709/1526/2845
f 1718/1809/3172 1715/1810/3173 1719/1811/3174
f 1719/1811/3175 1716/1812/3176 1720/1813/3177
f 1722/1534/2859 1718/1809/3178 1723/1814/3179
f 1723/1814/3179 1719/1811/3174 1724/1815/3180
f 1599/1532/2853 1598/1533/3181 1707/1528/2854
f 1598/1533/2856 1449/1816/3182 1708/1530/2857
f 1449/1816/3182 1498/1786/3183 1708/1530/2857
f 1498/1786/3184 1499/1785/3185 1711/1531/2851
f 1450/1537/2862 1721/1817/3186 1502/1818/3187
f 1493/1819/3188 1494/1820/3189 1718/1809/3178
f 1497/1555/2884 1706/1525/3190 1496/1527/2885
f 1728/1821/3191 1726/1538/3192 1730/1822/3193
f 1726/1538/2863 1450/1537/2862 1503/1823/3194
f 1731/1540/2865 1732/1543/3195 1733/1541/2866
f 1732/1543/2868 1497/1555/3196 1734/1544/2869
f 1591/1542/3197 1733/1541/3198 1735/1546/3199
f 1733/1541/2871 1734/1544/3200 1737/1547/2874
f 1741/1549/2876 1738/1548/2875 1742/1553/3201
f 1593/1550/3202 1741/1549/3203 1594/1552/3204
f 1742/1553/3205 1739/1824/3206 1743/1825/3207
f 1741/1549/2878 1745/1554/3208 1744/1551/2879
f 1746/1826/3209 1743/1825/3210 1492/1536/3211
f 1492/1536/3211 1491/1535/2860 1601/1556/2887
f 1595/1574/2909 1744/1551/3212 1482/1565/2907
f 1595/1574/2909 1594/1552/3213 1744/1551/3212
f 1591/1542/3197 1735/1546/3199 1592/1569/3214
f 1590/1572/2904 1731/1540/3215 1591/1542/2905
f 1749/1562/2893 1748/1564/3216 1750/1560/2891
f 1752/1827/3217 1749/1562/2893 1753/1561/3218
f 1602/1557/2895 1750/1560/3219 1748/1564/2896
f 1491/1535/2860 1490/1828/3220 1754/1563/2894
f 1596/1829/3221 1752/1827/3217 1597/1575/3222
f 1757/1567/2899 1755/1566/2898 1590/1572/3223
f 1583/1830/3224 1756/1568/2900 1584/1831/3225
f 1583/1830/3224 1755/1566/2898 1756/1568/2900
f 1758/1832/3226 1756/1568/2900 1759/1571/3227
f 1759/1571/3227 1757/1567/2899 1592/1569/3228
f 1761/1833/3229 1759/1571/3230 1762/1570/3231
f 1769/1834/3232 1765/1835/3233 1595/1574/2909
f 1766/1836/3234 1767/1837/3235 1605/1838/3236
f 1755/1566/3237 1603/1839/3238 1481/1840/3239
f 1762/1570/2902 1592/1569/2901 1593/1550/3240
f 1768/1841/3241 1769/1834/3232 1604/1573/2908
f 1766/1836/3234 1605/1838/3236 1606/1842/3242
f 1588/1843/3243 1587/1844/3244 1766/1836/3234
f 1606/1842/3242 1770/1845/3245 1589/1846/3246
f 1770/1845/3245 1605/1838/3236 1771/1847/3247
f 1482/1565/2907 1596/1829/3221 1604/1573/2908
f 1596/1829/3221 1597/1575/2910 1604/1573/2908
f 1773/1577/2912 1774/1585/2920 1776/1578/2913
f 1777/1848/3248 1776/1578/2913 1778/1849/3249
f 1787/1581/2916 1784/1850/3250 1788/1851/3251
f 1785/1852/3252 1588/1853/3243 1788/1851/3253
f 1774/1585/3254 1609/1854/3255 1478/1583/3256
f 1775/1855/2919 1583/1830/3224 1584/1831/3225
f 1478/1856/2918 1583/1830/3224 1775/1855/2919
f 1610/1589/2924 1788/1851/3251 1479/1857/3257
f 1789/1590/2925 1610/1589/2924 1790/1858/3258
f 1576/1601/2938 1773/1577/3259 1577/1579/2914
f 1792/1586/2921 1787/1581/2916 1789/1590/2926
f 1479/1857/3257 1791/1859/3260 1790/1858/3258
f 1793/1591/2927 1789/1590/2926 1612/1860/3261
f 1791/1859/3260 1479/1857/3257 1589/1861/3246
f 1476/1588/2923 1786/1582/2917 1581/1593/2929
f 1797/1595/2931 1794/1594/2930 1795/1597/3262
f 1798/1598/2934 1795/1597/2933 1796/1862/3263
f 1799/1602/3264 1796/1862/3265 1576/1601/3266
f 1800/1863/3267 1797/1595/2935 1798/1598/2934
f 1801/1864/3268 1798/1598/3269 1799/1602/3264
f 1804/1865/3270 1800/1863/3271 1801/1864/3272
f 1805/1866/3273 1801/1864/3274 1578/1867/3275
f 1810/1868/3276 1806/1869/3277 1807/1870/3278
f 1578/1867/3279 1799/1602/2939 1577/1579/2914
f 1809/1599/2936 1580/1587/3280 1476/1588/2923
f 1617/1871/3281 1811/1600/2937 1616/1603/2940
f 1569/1596/2954 1568/1614/2953 1794/1594/3282
f 1812/1604/2941 1617/1871/3281 1814/1605/2942
f 1617/1871/3281 1813/1607/2944 1816/1609/2946
f 1816/1609/2946 1814/1605/2942 1617/1871/3281
f 1816/1609/2946 1582/1608/2945 1618/1872/3283
f 1813/1607/2944 1476/1588/2923 1581/1593/2929
f 1616/1603/2940 1476/1588/2923 1813/1607/2944
f 1618/1872/3283 1582/1608/2945 1477/1592/2928
f 1819/1611/2948 1817/1610/2947 1568/1614/3284
f 1822/1873/3285 1818/1612/2949 1819/1611/2948
f 1565/1874/3286 1826/1875/3287 1829/1876/3288
f 1565/1874/3286 1829/1876/3288 1473/1877/3289
f 1570/1878/3290 1819/1611/3291 1569/1596/3292
f 1620/1879/3293 1817/1610/3294 1561/1880/3295
f 1620/1879/3293 1619/1881/3296 1817/1610/3294
f 1619/1881/3296 1474/1613/3297 1817/1610/3294
f 1830/1882/3298 1831/1615/2956 1834/1883/3299
f 1622/1884/3300 1621/1617/2958 1835/1619/2960
f 1832/1885/3301 1473/1877/3289 1829/1876/3288
f 1621/1617/2958 1573/1616/2957 1574/1618/2959
f 1624/1886/3302 1567/1640/2983 1832/1885/3301
f 1555/1887/3303 1554/1628/3304 1838/1888/3305
f 1838/1888/3306 1841/1889/3307 1840/1621/3308
f 1839/1632/3309 1563/1631/3310 1841/1889/3311
f 1841/1889/3312 1844/1890/3313 1843/1891/3314
f 1845/1626/3315 1842/1622/3316 1846/1624/3317
f 1846/1624/3318 1843/1891/3319 1847/1892/3320
f 1847/1892/3321 1844/1890/3322 1564/1893/3323
f 1848/1625/2966 1846/1624/2965 1849/1894/3324
f 1845/1626/2974 1848/1625/3325 1558/1633/2975
f 1849/1894/3326 1847/1892/3327 1850/1895/3328
f 1554/1628/2969 1625/1627/2968 1836/1896/3329
f 1472/1897/3330 1561/1880/3331 1837/1898/3332
f 1850/1895/3328 1564/1893/3333 1565/1874/3286
f 1851/1899/3334 1627/1900/3335 1628/1901/3336
f 1470/1902/3337 1851/1899/3334 1628/1901/3336
f 1556/1623/2993 1842/1622/3338 1557/1903/2994
f 1852/1904/3339 1853/1905/3340 1857/1906/3341
f 1857/1906/3341 1853/1905/3340 1854/1637/3342
f 1856/1907/3343 1861/1524/3344 1859/1641/2984
f 1566/1638/2980 1567/1640/2983 1860/1639/2981
f 1859/1641/2984 1630/1908/3345 1471/1909/3002
f 1470/1902/3346 1852/1904/3339 1559/1643/2986
f 1627/1900/3347 1854/1637/3342 1853/1905/3340
f 1855/1635/2982 1626/1910/3348 1566/1638/2980
f 1860/1639/2981 1629/1522/2841 1861/1524/2843
f 1856/1907/3343 1859/1641/2984 1559/1643/2986
f 1852/1904/3339 1856/1907/3343 1559/1643/2986
f 1548/1911/3349 1862/1912/3350 1864/1913/3351
f 1868/1914/3352 1866/1646/3353 1869/1645/3354
f 1867/1644/2987 1870/1915/3355 1869/1645/2988
f 1867/1644/2987 1557/1651/3356 1870/1915/3355
f 1631/1649/3357 1863/1648/3358 1862/1912/3359
f 1469/1629/2990 1554/1628/3360 1863/1916/2991
f 1632/1917/3001 1558/1633/2975 1470/1902/3361
f 1633/1652/2996 1875/1918/3362 1632/1659/3363
f 1634/1654/2998 1877/1919/3364 1633/1652/2996
f 1552/1920/3365 1874/1921/3366 1635/1922/3367
f 1550/1923/3368 1549/1924/3369 1868/1914/3370
f 1633/1652/2996 1880/1925/3371 1879/1653/2997
f 1632/1659/3363 1560/1655/2985 1881/1657/3000
f 1878/1926/3372 1879/1653/2997 1882/1927/3373
f 1880/1925/3371 1636/1661/3003 1879/1653/2997
f 1470/1902/3361 1559/1643/2986 1632/1917/3001
f 1468/1928/3374 1882/1927/3373 1637/1662/3375
f 1894/1929/3376 1891/1930/3377 1550/1923/3378
f 1544/1931/3379 1892/1932/3380 1895/1933/3381
f 1895/1933/3382 1893/1934/3383 1896/1935/3384
f 1896/1935/3385 1894/1929/3386 1897/1936/3387
f 1898/1673/3016 1895/1933/3388 1899/1937/3389
f 1899/1937/3389 1896/1935/3390 1900/1938/3391
f 1900/1938/3391 1897/1936/3392 1552/1920/3393
f 1898/1673/3016 1899/1937/3389 1641/1672/3014
f 1900/1938/3391 1552/1920/3393 1640/1939/3394
f 1885/1665/3395 1467/1940/3396 1547/1663/3397
f 1547/1663/3005 1548/1911/3398 1888/1664/3006
f 1897/1936/3399 1550/1923/3400 1551/1941/3401
f 1552/1920/3393 1897/1936/3392 1551/1941/3402
f 1545/1942/3403 1544/1931/3404 1898/1673/3405
f 1552/1920/3393 1903/1671/3013 1640/1939/3394
f 1641/1672/3014 1902/1943/3406 1901/1666/3015
f 1552/1920/3365 1553/1669/3011 1903/1671/3013
f 1898/1673/3405 1901/1666/3008 1465/1668/3010
f 1553/1669/3011 1468/1928/3374 1642/1670/3012
f 1907/1675/3018 1904/1674/3017 1905/1677/3407
f 1908/1678/3021 1905/1677/3020 1906/1679/3408
f 1911/1944/3409 1907/1675/3022 1908/1678/3021
f 1912/1945/3410 1908/1678/3411 1909/1680/3412
f 1539/1946/3413 1538/1947/3414 1918/1948/3415
f 1915/1949/3416 1543/1950/3417 1917/1951/3418
f 1539/1946/3413 1918/1948/3415 1462/1952/3419
f 1917/1951/3420 1545/1942/3403 1920/1953/3421
f 1919/1954/3422 1920/1953/3421 1646/1955/3423
f 1543/1950/3417 1544/1931/3424 1917/1951/3418
f 1535/1676/3047 1925/1687/3032 1904/1674/3425
f 1921/1681/3026 1918/1948/3415 1648/1956/3426
f 1465/1668/3010 1923/1957/3427 1646/1955/3423
f 1646/1955/3423 1923/1957/3427 1922/1958/3428
f 1922/1958/3428 1647/1959/3429 1648/1956/3430
f 1923/1957/3427 1466/1960/3431 1647/1959/3429
f 1465/1668/3010 1546/1667/3009 1923/1957/3427
f 1924/1684/3029 1925/1687/3432 1926/1685/3030
f 1932/1693/3039 1929/1692/3038 1930/1961/3433
f 1530/1962/3434 1928/1689/3435 1531/1691/3436
f 1928/1689/3035 1929/1692/3437 1931/1690/3036
f 1933/1963/3438 1931/1690/3439 1932/1693/3440
f 1934/1964/3441 1932/1693/3442 1537/1965/3443
f 1933/1963/3444 1937/1966/3445 1936/1967/3446
f 1935/1702/3053 1936/1967/3446 1654/1700/3051
f 1654/1700/3051 1936/1967/3446 1653/1968/3447
f 1925/1687/3045 1649/1696/3044 1461/1969/3448
f 1937/1966/3445 1651/1970/3449 1652/1971/3450
f 1460/1694/3041 1650/1972/3451 1924/1684/3042
f 1650/1972/3451 1649/1696/3452 1924/1684/3042
f 1533/1704/3056 1532/1973/3453 1935/1702/3053
f 1528/1695/3454 1924/1684/3455 1529/1686/3456
f 1654/1700/3051 1940/1699/3050 1938/1701/3052
f 1940/1699/3050 1657/1974/3457 1938/1701/3052
f 1657/1974/3457 1940/1699/3050 1656/1698/3458
f 1939/1697/3048 1655/1975/3459 1656/1698/3049
f 1540/1683/3028 1655/1975/3459 1939/1697/3048
f 1935/1702/3053 1938/1701/3054 1533/1704/3056
f 1540/1683/3028 1463/1682/3027 1655/1975/3459
f 1943/1976/3460 1941/1977/3461 1944/1978/3462
f 1948/1705/3057 1951/1979/3463 1950/1706/3058
f 1955/1980/3464 1952/1981/3465 1956/1982/3466
f 1956/1982/3466 1953/1983/3467 1957/1710/3061
f 1965/1984/3468 1457/1985/3469 1941/1977/3470
f 1941/1977/3470 1457/1985/3469 1658/1986/3471
f 1951/1979/3472 1530/1987/3434 1531/1988/3436
f 1660/1711/3473 1956/1982/3466 1957/1710/3061
f 1661/1713/3064 1955/1980/3464 1660/1711/3062
f 1458/1732/3085 1954/1989/3474 1661/1713/3064
f 1525/1734/3087 1524/1990/3475 1954/1989/3474
f 1958/1712/3063 1660/1711/3062 1959/1991/3476
f 1960/1992/3477 1958/1712/3063 1961/1993/3478
f 1533/1708/3056 1534/1803/3055 1659/1709/3060
f 1527/1994/3479 1526/1995/3480 1960/1992/3477
f 1966/1715/3066 1964/1714/3065 1967/1996/3481
f 1963/1716/3482 1966/1715/3483 1519/1997/3484
f 1973/1719/3485 1971/1998/3486 1974/1717/3487
f 1974/1717/3488 1972/1999/3489 1523/2000/3490
f 1975/2001/3491 1973/1719/3492 1976/1718/3493
f 1976/1718/3069 1974/1717/3068 1977/2002/3494
f 1975/2001/3495 1978/1728/3081 1673/1754/3496
f 1666/2003/3497 1977/2002/3498 1525/1734/3087
f 1963/1716/3072 1665/1720/3071 1964/1714/3075
f 1454/1721/3499 1963/1716/3500 1518/2004/3501
f 1664/1722/3074 1965/1984/3502 1964/1714/3075
f 1977/2002/3503 1523/2000/3504 1524/1990/3505
f 1990/1725/3506 1519/1997/3507 1969/1723/3508
f 1520/1724/3097 1975/2001/3509 1521/1744/3098
f 1978/1728/3081 1982/1727/3080 1981/2005/3510
f 1979/1726/3079 1983/2006/3511 1982/1727/3080
f 1985/1731/3084 1522/2007/3512 1982/1727/3080
f 1984/1729/3082 1983/2006/3511 1980/1733/3086
f 1984/1729/3082 1980/1733/3086 1527/1994/3513
f 1522/2007/3512 1985/1731/3084 1669/1736/3089
f 1459/2008/3514 1527/1994/3513 1663/2009/3515
f 1670/1799/3516 1456/2010/3517 1669/1736/3089
f 1455/1753/3107 1981/2005/3518 1522/2007/3512
f 1673/1754/3108 1981/2005/3518 1455/1753/3107
f 1512/1737/3519 1511/1742/3520 1986/1741/3521
f 1512/1737/3519 1986/1741/3521 1987/2011/3522
f 1518/2004/3523 1519/1997/3484 1987/2011/3522
f 1512/1737/3090 1987/2011/3524 1989/1738/3091
f 1987/2011/3524 1990/1725/3506 1989/1738/3091
f 1996/2012/3525 1993/1745/3526 1521/1744/3527
f 1452/2013/3528 1672/1740/3529 1511/1742/3530
f 1671/1743/3096 1518/2004/3501 1986/1741/3094
f 1675/1747/3101 1997/2014/3531 1674/2015/3532
f 1990/1725/3533 1520/1724/3534 1993/1745/3535
f 1453/2016/3536 1516/2017/3537 1997/2014/3531
f 1453/2016/3536 1675/1747/3101 2001/1749/3538
f 1675/1747/3101 1999/1750/3104 2002/1748/3102
f 1999/1750/3104 2000/1752/3539 2003/1751/3105
f 1522/2007/3512 2003/1751/3105 1455/1753/3107
f 1676/1796/3155 2005/1755/3109 2003/1751/3105
f 1999/1750/3104 1674/2015/3532 1998/2018/3540
f 1675/1747/3101 1674/2015/3532 1999/1750/3104
f 1999/1750/3104 1998/2018/3540 2000/1752/3539
f 2000/1752/3539 1998/2018/3540 1673/1754/3496
f 1677/1757/3113 2004/1758/3112 2005/1755/3541
f 1517/2019/3542 1453/2016/3536 2001/1749/3538
f 1504/1771/3129 2006/1768/3128 2008/2020/3543
f 2007/2021/3544 2009/1760/3545 2008/2020/3543
f 2007/2021/3544 1511/1742/3546 2009/1760/3545
f 2010/2022/3547 2008/2020/3548 2011/1761/3549
f 2011/1761/3549 2008/2020/3548 2009/1760/3550
f 2015/1764/3551 2012/2023/3552 2013/1762/3553
f 2013/1762/3118 2014/2024/3554 2016/1763/3119
f 1682/1777/3135 2015/1764/3555 2017/1766/3123
f 1507/2025/3556 2015/1764/3555 1682/1777/3135
f 2015/1764/3555 2016/1763/3121 2017/1766/3123
f 1681/1775/3133 2017/1766/3123 2018/1765/3557
f 1451/1769/3558 2006/1768/3559 2026/1772/3560
f 1678/1770/3127 2007/2021/3561 2006/1768/3125
f 2009/1760/3115 1512/1737/3562 1513/1746/3116
f 1508/2026/3139 1682/1777/3135 1683/2027/3563
f 1681/1775/3133 2018/1765/3557 1680/1776/3134
f 1506/2028/3564 1505/2029/3565 2012/2023/3566
f 2021/2030/3567 2019/1774/3568 2022/2031/3569
f 2022/2031/3570 2020/1773/3131 2023/2032/3571
f 2023/2032/3572 1680/1776/3134 1517/2019/3542
f 1683/2027/3563 1682/1777/3135 2019/1774/3568
f 1517/2019/3542 1680/1776/3134 1453/2016/3536
f 2017/1766/3123 1681/1775/3133 2020/1773/3131
f 1500/2033/3573 1499/1785/3574 2029/2034/3575
f 2026/2035/3576 2028/2036/3577 2027/2037/3578
f 2029/2034/3579 2027/2037/3580 2030/2038/3581
f 2031/2039/3582 2029/2034/3583 2032/2040/3584
f 2033/2041/3585 2030/2038/3586 1506/2042/3587
f 2034/2043/3588 2033/2041/3589 2035/2044/3590
f 2036/1778/3136 2034/2043/3591 2038/1779/3137
f 2025/2045/3592 1684/2046/3593 2026/2035/3560
f 2026/1772/3576 1504/1771/3594 2028/2047/3577
f 2035/2044/3595 1506/2042/3596 1507/2048/3597
f 1686/1787/3145 2037/1783/3141 1509/1782/3140
f 2038/1779/3137 1686/1787/3145 1687/1789/3147
f 2038/1779/3137 1687/1789/3147 1688/1780/3138
f 1686/1787/3145 2040/1788/3146 1687/1789/3147
f 2040/1788/3146 1509/1782/3140 1510/1791/3149
f 2039/2049/3598 1688/1780/3138 2041/1790/3148
f 2041/1790/3148 2040/1788/3146 2042/1792/3150
f 1483/1759/3114 1677/1757/3113 1693/1794/3599 1692/2050/3599
f 1691/1795/3154 1484/1802/3164 1485/2051/3600 1695/2052/3601
f 1690/1756/3110 1693/1794/3602 1677/1757/3111
f 1691/1795/3154 1694/1793/3151 1690/1756/3153
f 1676/1796/3155 1456/2010/3517 1484/1802/3164 1691/1795/3154
f 1696/1797/3156 1698/1801/3603 1670/1799/3159
f 1699/1798/3158 1668/1735/3157 1697/1800/3604
f 1459/2008/3514 1486/2053/3605 1697/1800/3606 1667/1730/3083
f 1670/1799/3516 1484/1802/3164 1456/2010/3517
f 1696/1797/3156 1669/1736/3160 1668/1735/3157
f 1698/1801/3163 1485/2051/3600 1484/1802/3164
f 1663/2009/3515 1700/2054/3607 1486/2053/3605 1459/2008/3514
f 1659/1709/3060 1487/1805/3608 1701/2055/3609 1962/2056/3610
f 1700/2054/3607 1663/2009/3515 1662/2057/3611
f 1487/1805/3166 1659/1709/3060 1534/1803/3055
f 1702/1806/3167 1636/1661/3003 1703/1656/2999
f 1630/1908/3345 1704/2058/3612 1488/2059/3168 1471/1909/3002
f 1861/1524/3344 1705/1523/3613 1704/2058/3612 1630/1908/3345
f 1496/1527/3614 1709/1526/3615 1712/2060/3616 1495/2061/3617
f 1711/1531/2851 1708/1530/2850 1498/1786/3184
f 1709/1526/3615 1710/1529/3618 1713/2062/3619 1712/2060/3616
f 1710/1529/3618 1711/1531/3620 1714/2063/3621 1713/2062/3619
f 1495/2061/3622 1712/2060/3623 1715/1810/3624 1494/1820/3625
f 1712/2060/3623 1713/2062/3626 1716/1812/3627 1715/1810/3624
f 1713/2062/3626 1714/2063/3628 1717/2064/3629 1716/1812/3627
f 1717/2064/3630 1721/1817/3631 1720/1813/3632 1716/1812/3632
f 1718/1809/3172 1494/1820/3633 1715/1810/3173
f 1719/1811/3175 1715/1810/3634 1716/1812/3176
f 1720/1813/3635 1721/1817/3636 1725/1539/3637 1724/1815/3180
f 1723/1814/3179 1718/1809/3172 1719/1811/3174
f 1724/1815/3180 1719/1811/3638 1720/1813/3635
f 1448/2065/3639 1599/1532/2853 1706/1525/2855 1497/1555/3640
f 1450/1537/2862 1725/1539/2864 1721/1817/3186
f 1500/2033/3573 1714/2063/3621 1711/1531/3620 1499/1785/3574
f 1500/2033/3641 1501/2066/3642 1717/2064/3629 1714/2063/3628
f 1501/2066/3643 1502/1818/3644 1721/1817/3631 1717/2064/3630
f 1722/1534/2859 1492/1536/2861 1493/1819/3188 1718/1809/3178
f 1727/2067/3645 1491/1535/2860 1722/1534/2859 1723/1814/3179
f 1724/1815/3180 1728/1821/3191 1727/2067/3645 1723/1814/3179
f 1727/2067/3645 1729/2068/3646 1490/1828/3220 1491/1535/2860
f 1726/1538/3192 1728/1821/3191 1724/1815/3180 1725/1539/3637
f 1729/2068/3646 1727/2067/3645 1728/1821/3191
f 1735/1546/3647 1736/1545/3648 1738/1548/3649 1593/1550/3650
f 1736/1545/3648 1737/1547/3651 1739/1824/3652 1738/1548/3649
f 1743/1825/3210 1746/1826/3209 1745/1554/2882 1742/1553/2881
f 1740/2069/3653 1739/1824/3652 1737/1547/3651
f 1742/1553/3205 1738/1548/3654 1739/1824/3206
f 1743/1825/3655 1739/1824/3656 1740/2069/3657
f 1746/1826/3658 1601/1556/2887 1747/1558/2889 1745/1554/3659
f 1744/1551/3212 1745/1554/3659 1747/1558/2889
f 1481/1840/3239 1600/2070/3660 1731/1540/3661 1590/1572/3662
f 1601/1556/2887 1746/1826/3209 1492/1536/3211
f 1600/2070/3660 1448/2065/3639 1732/1543/3663 1731/1540/3661
f 1734/1544/3200 1496/1527/3614 1495/2061/3617 1737/1547/2874
f 1497/1555/3640 1732/1543/3663 1448/2065/3639
f 1737/1547/3651 1495/2061/3622 1494/1820/3625 1740/2069/3653
f 1494/1820/3189 1493/1819/3188 1743/1825/3655 1740/2069/3657
f 1602/1557/2888 1482/1565/2907 1744/1551/3212 1747/1558/2889
f 1492/1536/2861 1743/1825/3655 1493/1819/3188
f 1748/1564/3216 1749/1562/2893 1596/1829/3221 1482/1565/2907
f 1593/1550/3650 1592/1569/3664 1735/1546/3647
f 1752/1827/3217 1596/1829/3221 1749/1562/2893
f 1750/1560/2891 1602/1557/2888 1601/1556/2887
f 1758/1832/3226 1585/2071/3665 1584/1831/3666 1756/1568/2900
f 1758/1832/3667 1760/2072/3668 1586/2073/3669 1585/2071/3670
f 1759/1571/3227 1756/1568/2900 1757/1567/2899
f 1761/1833/3229 1760/2072/3668 1758/1832/3667 1759/1571/3230
f 1760/2072/3671 1763/2074/3672 1587/1844/3673 1586/2073/3674
f 1761/1833/3675 1764/2075/3676 1763/2074/3672 1760/2072/3671
f 1765/1835/3233 1764/2075/3676 1761/1833/3675 1762/1570/3677
f 1763/2074/3672 1767/1837/3235 1766/1836/3234 1587/1844/3673
f 1764/2075/3676 1768/1841/3241 1767/1837/3235 1763/2074/3672
f 1769/1834/3232 1768/1841/3241 1764/2075/3676 1765/1835/3233
f 1593/1550/3202 1594/1552/3204 1765/1835/3233 1762/1570/3677
f 1605/1838/3678 1767/1837/3235 1768/1841/3241
f 1583/1830/3679 1478/1856/3680 1603/1839/3238
f 1755/1566/3237 1583/1830/3679 1603/1839/3238
f 1590/1572/3662 1755/1566/3237 1481/1840/3239
f 1592/1569/3214 1757/1567/3681 1591/1542/3197
f 1766/1836/3234 1606/1842/3242 1479/2076/3257 1588/1843/3243
f 1765/1835/3233 1594/1552/3213 1595/1574/2909
f 1769/1834/3232 1595/1574/2909 1604/1573/2908
f 1770/1845/3245 1608/2077/3682 1480/2078/3683 1589/1846/3246
f 1606/1842/3242 1605/1838/3236 1770/1845/3245
f 1771/1847/3247 1605/1838/3678 1768/1841/3241
f 1771/1847/3247 1768/1841/3241 1604/1573/2908
f 1771/1847/3247 1604/1573/2908 1772/1576/2911
f 1771/1847/3247 1607/2079/3684 1608/2077/3682 1770/1845/3245
f 1607/2079/3684 1771/1847/3247 1772/1576/2911
f 1479/2076/3257 1606/1842/3242 1589/1846/3246
f 1577/1579/2914 1776/1578/2913 1777/1848/3248 1578/1867/3279
f 1775/1584/2919 1776/1578/2913 1774/1585/2920
f 1776/1578/2913 1775/1584/3685 1779/2080/3686 1778/1849/3249
f 1777/1848/3687 1780/2081/3688 1579/2082/3689 1578/1867/3690
f 1777/1848/3687 1778/1849/3691 1781/2083/3692 1780/2081/3688
f 1778/1849/3691 1779/2080/3693 1782/2084/3694 1781/2083/3692
f 1780/2081/3695 1783/1580/3696 1580/1587/3280 1579/2082/3697
f 1780/2081/3695 1781/2083/3698 1784/1850/3699 1783/1580/3696
f 1782/2084/3700 1785/1852/3701 1784/1850/3699 1781/2083/3698
f 1475/2085/3702 1609/1854/3255 1773/1577/3703 1576/1601/3704
f 1786/1582/2917 1580/1587/2922 1783/1580/2915
f 1787/1581/2916 1783/1580/2915 1784/1850/3250
f 1788/1851/3253 1784/1850/3705 1785/1852/3252
f 1584/2086/3666 1585/2087/3665 1779/2080/3686 1775/1584/3685
f 1774/1585/3254 1773/1577/3703 1609/1854/3255
f 1585/2087/3670 1586/2088/3669 1782/2084/3694 1779/2080/3693
f 1586/2088/3674 1587/2089/3673 1785/1852/3701 1782/2084/3700
f 1480/2090/3683 1611/2091/3706 1791/1859/3260 1589/1861/3246
f 1785/1852/3252 1587/2089/3244 1588/1853/3243
f 1479/1857/3257 1788/1851/3253 1588/1853/3243
f 1610/1589/2924 1787/1581/2916 1788/1851/3251
f 1790/1858/3258 1610/1589/2924 1479/1857/3257
f 1612/1860/3707 1789/1590/2925 1790/1858/3258
f 1611/2091/3706 1612/1860/3707 1790/1858/3258
f 1611/2091/3706 1790/1858/3258 1791/1859/3260
f 1477/1592/2928 1582/1608/2945 1792/1586/2921
f 1792/1586/2921 1582/1608/2945 1581/1593/2929
f 1569/1596/3292 1797/1595/2935 1800/1863/3267 1570/1878/3290
f 1799/1602/3264 1798/1598/3269 1796/1862/3265
f 1570/1878/3708 1800/1863/3271 1803/2092/3709 1802/2093/3710
f 1801/1864/3268 1800/1863/3711 1798/1598/3269
f 1578/1867/3279 1801/1864/3712 1799/1602/2939
f 1802/2093/3713 1803/2092/3714 1807/1870/3715 1806/1869/3713
f 1804/1865/3270 1803/2092/3709 1800/1863/3271
f 1805/1866/3273 1804/1865/3716 1801/1864/3274
f 1803/2092/3714 1804/1865/3717 1808/2094/3718 1807/1870/3715
f 1804/1865/3717 1805/1866/3719 1809/1599/2936 1808/2094/3718
f 1474/1613/2950 1615/2095/3720 1794/1594/3721 1568/1614/2951
f 1811/1600/2937 1810/1868/3276 1807/1870/3722
f 1811/1600/2937 1807/1870/3722 1808/2094/3718
f 1809/1599/2936 1811/1600/2937 1808/2094/3718
f 1615/2095/3720 1614/2096/3723 1795/1597/3724 1794/1594/3721
f 1614/2096/3723 1613/2097/3725 1796/1862/3726 1795/1597/3724
f 1613/2097/3725 1475/2085/3702 1576/1601/3704 1796/1862/3726
f 1805/1866/3719 1579/2082/3697 1580/1587/3280 1809/1599/2936
f 1579/2082/3689 1805/1866/3727 1578/1867/3690
f 1810/1868/3276 1811/1600/2937 1617/1871/3281 1812/1604/2941
f 1572/2098/3728 1806/1869/3277 1810/1868/3276 1573/1616/2957
f 1571/2099/3729 1802/2093/3730 1806/1869/3730 1572/2098/3731
f 1573/1616/2957 1810/1868/3276 1812/1604/2941 1574/1618/2959
f 1802/2093/3710 1571/2099/3732 1570/1878/3708
f 1813/1607/2944 1617/1871/3281 1616/1603/2940
f 1574/1618/2959 1812/1604/2941 1815/1606/2943 1575/1620/2961
f 1582/1608/2945 1813/1607/2944 1581/1593/2929
f 1817/1610/2947 1818/1612/2949 1562/1630/2971 1561/1880/3733
f 1818/1612/2949 1821/2100/3734 1820/2101/3735 1562/1630/2971
f 1820/2101/3736 1821/2100/3737 1824/2102/3738 1823/2103/3739
f 1822/1873/3285 1821/2100/3734 1818/1612/2949
f 1570/1878/3290 1822/1873/3740 1819/1611/3291
f 1821/2100/3737 1822/1873/3741 1825/2104/3742 1824/2102/3738
f 1822/1873/3741 1570/1878/3708 1571/2099/3732 1825/2104/3742
f 1823/2103/3743 1824/2102/3744 1827/2105/3745 1826/1875/3746
f 1824/2102/3744 1825/2104/3747 1828/2106/3748 1827/2105/3745
f 1825/2104/3747 1571/2099/3729 1572/2098/3731 1828/2106/3748
f 1827/2105/3749 1830/1882/3298 1829/1876/3750 1826/1875/3751
f 1827/2105/3749 1828/2106/3752 1831/1615/2956 1830/1882/3298
f 1572/2098/3728 1573/1616/2957 1831/1615/2956 1828/2106/3752
f 1823/2103/3743 1826/1875/3746 1564/1893/3323 1844/1890/3322
f 1561/1880/3295 1472/1897/3753 1620/1879/3293
f 1621/1617/2958 1834/1883/3299 1831/1615/2956
f 1565/1874/3286 1564/1893/3754 1826/1875/3287
f 1563/1631/3755 1820/2101/3736 1823/2103/3739 1844/1890/3756
f 1832/1885/3301 1833/2107/3757 1623/2108/3758 1624/1886/3302
f 1820/2101/3735 1563/1631/2972 1562/1630/2971
f 1621/1617/2958 1833/2107/3757 1834/1883/3299
f 1833/2107/3757 1621/1617/2958 1622/1884/3300 1623/2108/3758
f 1829/1876/3750 1830/1882/3298 1833/2107/3757 1832/1885/3301
f 1832/1885/3301 1566/1638/2980 1473/1877/3289
f 1834/1883/3299 1833/2107/3757 1830/1882/3298
f 1832/1885/3301 1567/1640/2983 1566/1638/2980
f 1837/1898/3759 1839/1632/3760 1838/1888/3761 1836/1896/3762
f 1838/1888/3761 1554/1628/3763 1836/1896/3762
f 1838/1888/3306 1840/1621/3308 1556/1623/3764 1555/1887/3765
f 1841/1889/3312 1843/1891/3314 1842/1622/2963 1840/1621/2962
f 1841/1889/3311 1838/1888/3766 1839/1632/3309
f 1849/1894/3326 1627/1900/3335 1851/1899/3334 1848/1625/3767
f 1844/1890/3756 1841/1889/3768 1563/1631/3755
f 1846/1624/3318 1842/1622/3769 1843/1891/3319
f 1847/1892/3321 1843/1891/3770 1844/1890/3322
f 1849/1894/3326 1846/1624/3771 1847/1892/3327
f 1850/1895/3328 1847/1892/3772 1564/1893/3333
f 1558/1633/3773 1848/1625/3767 1851/1899/3334
f 1850/1895/3328 1626/1910/3348 1627/1900/3335 1849/1894/3326
f 1472/1897/3330 1837/1898/3332 1836/1896/3329 1625/1627/2968
f 1561/1880/3733 1562/1630/2971 1839/1632/3760 1837/1898/3759
f 1473/1877/3289 1626/1910/3348 1850/1895/3328 1565/1874/3286
f 1845/1626/3315 1876/1634/2976 1557/1903/3774 1842/1622/3316
f 1470/1902/3337 1558/1633/3773 1851/1899/3334
f 1854/1637/3775 1858/1636/2978 1856/1907/3776 1857/1906/3341
f 1856/1907/3776 1852/1904/3339 1857/1906/3341
f 1628/1901/3777 1853/1905/3340 1852/1904/3339 1470/1902/3346
f 1858/1636/2978 1855/1635/2977 1860/1639/2981
f 1861/1524/2843 1856/1907/3776 1858/1636/2978
f 1630/1908/3345 1859/1641/2984 1861/1524/3344
f 1626/1910/3348 1855/1635/2982 1854/1637/3778 1627/1900/3335
f 1628/1901/3777 1627/1900/3347 1853/1905/3340
f 1566/1638/2980 1626/1910/3348 1473/1877/3289
f 1560/1642/2985 1859/1641/2984 1471/1909/3002
f 1863/1648/3779 1865/2109/3780 1864/1913/3351 1862/1912/3350
f 1864/1913/3781 1866/1646/3782 1549/1924/3783 1548/1911/3784
f 1865/2109/3785 1867/1644/3786 1866/1646/3782 1864/1913/3781
f 1868/1914/3787 1869/1645/3788 1872/2110/3789 1871/2111/3790
f 1868/1914/3352 1549/1924/3791 1866/1646/3353
f 1870/1915/3792 1873/2112/3793 1872/2110/3789 1869/1645/3788
f 1557/1651/3774 1876/2113/2976 1873/2112/3793 1870/1915/3792
f 1871/2111/3794 1872/2110/3795 1877/1919/3364 1874/1921/3366
f 1873/2112/3793 1875/1918/3362 1877/1919/3364 1872/2110/3795
f 1874/1921/3366 1877/1919/3364 1634/1654/2998 1635/1922/3367
f 1876/2113/2976 1875/1918/3362 1873/2112/3793
f 1631/1649/3357 1862/1912/3359 1547/1663/3397 1467/1940/3396
f 1554/1628/3304 1555/1887/3303 1865/2114/3780 1863/1916/3779
f 1555/2115/3765 1556/1650/3764 1867/1644/3786 1865/2109/3785
f 1551/1941/3796 1871/2111/3794 1874/1921/3366 1552/1920/3365
f 1632/1917/3001 1876/1634/2976 1558/1633/2975
f 1632/1659/3001 1875/1918/3362 1876/2113/2976
f 1877/1919/3364 1875/1918/3362 1633/1652/2996
f 1868/1914/3787 1871/2111/3790 1551/1941/3797 1550/1923/3797
f 1634/1654/2998 1879/1653/2997 1878/1926/3372 1635/1922/3367
f 1548/1911/3349 1547/1663/3798 1862/1912/3350
f 1881/1657/3000 1880/1925/3371 1633/1652/2996 1632/1659/3363
f 1881/1657/3000 1703/1656/2999 1636/1661/3003 1880/1925/3371
f 1635/1922/3367 1878/1926/3372 1553/1669/3011 1552/1920/3365
f 1637/1662/3004 1882/1927/3373 1879/1653/2997
f 1468/1928/3374 1553/1669/3011 1882/1927/3373
f 1553/1669/3011 1878/1926/3372 1882/1927/3373
f 1884/2116/3799 1887/2117/3800 1886/2118/3801 1883/2119/3802
f 1885/1665/3007 1888/1664/3006 1887/2117/3800 1884/2116/3799
f 1887/2117/3800 1890/2120/3803 1889/2121/3804 1886/2118/3805
f 1888/1664/3006 1891/1930/3806 1890/2120/3803 1887/2117/3800
f 1890/2120/3807 1893/1934/3808 1892/1932/3809 1889/2121/3810
f 1891/1930/3377 1894/1929/3376 1893/1934/3808 1890/2120/3807
f 1900/1938/3391 1640/1939/3394 1641/1672/3014 1899/1937/3389
f 1895/1933/3382 1892/1932/3811 1893/1934/3383
f 1896/1935/3385 1893/1934/3812 1894/1929/3386
f 1897/1936/3399 1894/1929/3813 1550/1923/3400
f 1898/1673/3016 1544/1931/3814 1895/1933/3388
f 1899/1937/3389 1895/1933/3815 1896/1935/3390
f 1900/1938/3391 1896/1935/3816 1897/1936/3392
f 1883/2119/3817 1541/2122/3818 1464/2123/3819 1639/2124/3820
f 1638/2125/3821 1884/2116/3822 1883/2119/3817 1639/2124/3820
f 1467/1940/3396 1885/1665/3395 1884/2116/3822 1638/2125/3821
f 1548/1911/3784 1549/1924/3783 1891/1930/3806 1888/1664/3006
f 1889/2121/3810 1892/1932/3809 1543/1950/3823 1542/2126/3824
f 1550/1923/3368 1891/1930/3825 1549/1924/3369
f 1465/1668/3010 1545/1942/3403 1898/1673/3405
f 1544/1931/3379 1543/1950/3826 1892/1932/3380
f 1886/2118/3805 1889/2121/3804 1542/2126/3827 1909/1680/3828
f 1541/2122/3829 1883/2119/3802 1886/2118/3801 1909/1680/3024
f 1640/1939/3394 1903/1671/3013 1902/1943/3406 1641/1672/3014
f 1901/1666/3008 1644/2127/3830 1466/1960/3431 1546/1667/3009
f 1643/2128/3831 1644/2127/3832 1901/1666/3015 1902/1943/3406
f 1903/1671/3013 1642/1670/3012 1643/2128/3831 1902/1943/3406
f 1535/1676/3833 1907/1675/3834 1910/2129/3834 1536/2130/3835
f 1909/1680/3024 1906/1679/3023 1541/2122/3829
f 1536/2130/3836 1910/2129/3837 1913/2131/3837 1537/1965/3838
f 1911/1944/3409 1910/2129/3839 1907/1675/3022
f 1912/1945/3410 1911/1944/3840 1908/1678/3411
f 1542/2126/3827 1912/1945/3841 1909/1680/3828
f 1910/2129/3842 1911/1944/3843 1914/2132/3844 1913/2131/3842
f 1911/1944/3843 1912/1945/3845 1915/1949/3846 1914/2132/3844
f 1912/1945/3845 1542/2126/3824 1543/1950/3823 1915/1949/3846
f 1913/2131/3847 1914/2132/3848 1916/2133/3849 1538/1947/3850
f 1538/1947/3850 1537/1965/3851 1913/2131/3847
f 1914/2132/3848 1915/1949/3416 1917/1951/3418 1916/2133/3849
f 1916/2133/3852 1919/1954/3422 1918/1948/3853 1538/1947/3854
f 1917/1951/3420 1920/1953/3421 1919/1954/3422 1916/2133/3852
f 1465/1668/3010 1646/1955/3423 1920/1953/3421 1545/1942/3403
f 1461/1969/3448 1645/2134/3855 1905/1677/3856 1904/1674/3857
f 1904/1674/3857 1925/1687/3045 1461/1969/3448
f 1464/2123/3819 1541/2122/3818 1906/1679/3858 1645/2134/3855
f 1906/1679/3858 1905/1677/3856 1645/2134/3855
f 1921/1681/3026 1540/1683/3028 1462/1952/3419 1918/1948/3415
f 1545/1942/3403 1917/1951/3859 1544/1931/3404
f 1922/1958/3428 1648/1956/3430 1918/1948/3853 1919/1954/3422
f 1919/1954/3422 1646/1955/3423 1922/1958/3428
f 1647/1959/3429 1922/1958/3428 1923/1957/3427
f 1466/1960/3431 1923/1957/3427 1546/1667/3009
f 1529/1686/3860 1926/1685/3861 1928/1689/3862 1530/1962/3863
f 1926/1685/3861 1927/1688/3864 1930/1961/3865 1929/1692/3866
f 1929/1692/3866 1928/1689/3862 1926/1685/3861
f 1931/1690/3439 1933/1963/3438 1532/1973/3867 1531/1691/3868
f 1537/1965/3838 1932/1693/3869 1930/1961/3870
f 1933/1963/3444 1936/1967/3446 1935/1702/3053 1532/1973/3453
f 1934/1964/3441 1933/1963/3871 1932/1693/3442
f 1937/1966/3445 1652/1971/3450 1653/1968/3447 1936/1967/3446
f 1937/1966/3445 1933/1963/3444 1934/1964/3872
f 1535/1676/3833 1536/2130/3835 1930/1961/3865 1927/1688/3864
f 1934/1964/3872 1538/1947/3414 1539/1946/3413 1937/1966/3445
f 1537/1965/3838 1930/1961/3870 1536/2130/3836
f 1538/1947/3850 1934/1964/3873 1537/1965/3851
f 1462/1952/3419 1651/1970/3449 1937/1966/3445 1539/1946/3413
f 1939/1697/3048 1940/1699/3050 1653/1968/3447 1652/1971/3450
f 1940/1699/3050 1654/1700/3051 1653/1968/3447
f 1651/1970/3449 1540/1683/3028 1939/1697/3048 1652/1971/3450
f 1651/1970/3449 1462/1952/3419 1540/1683/3028
f 1941/1977/3461 1942/2135/3874 1945/2136/3875 1944/1978/3462
f 1942/2135/3874 1528/2137/3454 1529/2138/3456 1945/2136/3875
f 1944/1978/3876 1947/1707/3877 1946/2139/3878 1943/1976/3879
f 1944/1978/3876 1945/2136/3880 1948/1705/3881 1947/1707/3877
f 1945/2136/3880 1529/2138/3860 1530/1987/3863 1948/1705/3881
f 1947/1707/3059 1950/1706/3058 1949/2140/3882 1946/2139/3883
f 1950/1706/3884 1952/1981/3885 1524/1990/3886 1949/2140/3887
f 1951/1979/3472 1948/1705/3888 1530/1987/3434
f 1951/1979/3889 1953/1983/3890 1952/1981/3885 1950/1706/3884
f 1952/1981/3465 1955/1980/3464 1954/1989/3474 1524/1990/3475
f 1658/1986/3471 1460/2141/3041 1528/2137/3043 1942/2135/3891
f 1956/1982/3466 1952/1981/3892 1953/1983/3467
f 1942/2135/3891 1941/1977/3470 1658/1986/3471
f 1531/1988/3868 1532/2142/3867 1953/1983/3890 1951/1979/3889
f 1533/1708/3056 1957/1710/3061 1953/1983/3893 1532/2142/3453
f 1946/2139/3883 1949/2140/3882 1523/2000/3490 1972/1999/3489
f 1660/1711/3473 1955/1980/3464 1956/1982/3466
f 1661/1713/3064 1954/1989/3474 1955/1980/3464
f 1458/1732/3085 1525/1734/3087 1954/1989/3474
f 1524/1990/3886 1523/2000/3894 1949/2140/3887
f 1943/1976/3879 1946/2139/3878 1972/1999/3895 1968/2143/3896
f 1941/1977/3461 1943/1976/3460 1968/2143/3897 1965/1984/3898
f 1661/1713/3064 1958/1712/3063 1526/1995/3480 1458/1732/3085
f 1959/1991/3476 1962/2056/3610 1961/1993/3478 1958/1712/3063
f 1959/1991/3476 1660/1711/3473 1957/1710/3061
f 1959/1991/3476 1957/1710/3061 1659/1709/3060
f 1960/1992/3477 1526/1995/3480 1958/1712/3063
f 1962/2056/3610 1701/2055/3609 1662/2057/3899 1961/1993/3478
f 1962/2056/3610 1959/1991/3476 1659/1709/3060
f 1961/1993/3478 1662/2057/3899 1663/2009/3900 1960/1992/3477
f 1663/2009/3900 1527/1994/3479 1960/1992/3477
f 1965/1984/3898 1968/2143/3897 1967/1996/3481 1964/1714/3065
f 1966/1715/3901 1970/2144/3902 1969/1723/3903 1519/1997/3903
f 1967/1996/3904 1971/1998/3905 1970/2144/3902 1966/1715/3901
f 1968/2143/3896 1972/1999/3895 1971/1998/3905 1967/1996/3904
f 1970/2144/3906 1973/1719/3485 1520/1724/3077 1969/1723/3076
f 1976/1718/3907 1979/1726/3079 1978/1728/3081 1975/2001/3495
f 1973/1719/3485 1970/2144/3906 1971/1998/3486
f 1974/1717/3488 1971/1998/3908 1972/1999/3489
f 1975/2001/3491 1520/1724/3909 1973/1719/3492
f 1977/2002/3503 1974/1717/3910 1523/2000/3504
f 1977/2002/3498 1666/2003/3497 1979/1726/3079 1976/1718/3907
f 1982/1727/3080 1983/2006/3511 1984/1729/3082 1985/1731/3084
f 1965/1984/3468 1664/1722/3911 1457/1985/3469
f 1977/2002/3498 1524/1990/3475 1525/1734/3087
f 1673/1754/3496 1521/1744/3912 1975/2001/3495
f 1519/1997/3484 1518/2004/3523 1963/1716/3482
f 1981/2005/3510 1673/1754/3496 1978/1728/3081
f 1983/2006/3511 1979/1726/3079 1666/2003/3497
f 1983/2006/3511 1666/2003/3497 1980/1733/3086
f 1982/1727/3080 1522/2007/3512 1981/2005/3510
f 1527/1994/3513 1459/2008/3514 1667/1730/3083 1984/1729/3082
f 1980/1733/3086 1666/2003/3497 1525/1734/3087
f 1980/1733/3086 1458/1732/3085 1526/1995/3480
f 1527/1994/3479 1980/1733/3086 1526/1995/3480
f 1668/1735/3088 1985/1731/3084 1667/1730/3161
f 1669/1736/3089 1456/2010/3517 1522/2007/3512
f 1988/1739/3913 1989/1738/3914 1992/2145/3915 1991/2146/3916
f 1987/2011/3522 1986/1741/3521 1518/2004/3523
f 1990/1725/3506 1987/2011/3524 1519/1997/3507
f 1989/1738/3914 1990/1725/3533 1993/1745/3535 1992/2145/3915
f 1991/2146/3917 1992/2145/3918 1995/2147/3919 1994/2148/3920
f 1992/2145/3918 1993/1745/3526 1996/2012/3525 1995/2147/3919
f 1994/2148/3921 1995/2147/3922 1674/2015/3532 1997/2014/3531
f 1995/2147/3922 1996/2012/3923 1998/2018/3540 1674/2015/3532
f 1521/1744/3912 1673/1754/3496 1998/2018/3540 1996/2012/3923
f 1515/2149/3924 1994/2148/3921 1997/2014/3531 1516/2017/3537
f 1518/2004/3501 1671/1743/3096 1454/1721/3499
f 1675/1747/3101 1453/2016/3536 1997/2014/3531
f 1514/2150/3925 1991/2146/3917 1994/2148/3920 1515/2149/3926
f 1513/1746/3927 1988/1739/3913 1991/2146/3916 1514/2150/3928
f 2003/1751/3105 1522/2007/3512 1456/2010/3517 1676/1796/3155
f 2003/1751/3105 2005/1755/3109 2002/1748/3102
f 1676/1796/3155 1690/1756/3110 2005/1755/3109
f 2008/2020/3548 2010/2022/3547 1505/2029/3929 1504/1771/3930
f 2008/2020/3543 2006/1768/3128 2007/2021/3544
f 2013/1762/3931 2012/2023/3566 1505/2029/3565 2010/2022/3932
f 2010/2022/3932 2011/1761/3933 2014/2024/3934 2013/1762/3931
f 2011/1761/3933 1513/1746/3927 1514/2150/3928 2014/2024/3934
f 2014/2024/3554 1514/2150/3925 1515/2149/3926 2016/1763/3119
f 2015/1764/3551 1507/2025/3935 2012/2023/3552
f 2016/1763/3121 1515/2149/3924 1516/2017/3537 2018/1765/3122
f 1452/2013/3528 1511/1742/3530 2007/2021/3561 1678/1770/3127
f 1512/1737/3519 2009/1760/3936 1511/1742/3520
f 1453/2016/3536 1680/1776/3134 1516/2017/3537
f 1680/1776/3134 2018/1765/3122 1516/2017/3537
f 1682/1777/3135 1508/2026/3139 1507/2025/3556
f 1507/2025/3935 1506/2028/3937 2012/2023/3552
f 2021/2030/3567 1683/2027/3563 2019/1774/3568
f 2022/2031/3570 2019/1774/3132 2020/1773/3131
f 2023/2032/3572 2020/1773/3131 1680/1776/3134
f 1509/2151/3140 1508/2026/3139 1683/2027/3563
f 1683/2027/3563 2021/2030/3567 1510/2152/3149 1509/2151/3140
f 2025/2045/3938 2027/2037/3578 1499/1785/3143 2024/1784/3142
f 2029/2034/3583 2031/2039/3582 1501/2066/3642 1500/2033/3641
f 2027/2037/3578 2025/2045/3938 2026/2035/3576
f 2029/2034/3579 1499/1785/3939 2027/2037/3580
f 2030/2038/3940 2027/2037/3941 2028/2036/3942
f 2030/2038/3586 2033/2041/3585 2032/2040/3584 2029/2034/3583
f 2034/2043/3588 1502/1818/3644 2031/2039/3943 2032/2040/3944
f 1502/1818/3644 1501/2066/3643 2031/2039/3943
f 1502/1818/3945 2034/2043/3591 2036/1778/3136 1689/2153/3946
f 2034/2043/3588 2032/2040/3944 2033/2041/3589
f 2035/2044/3595 2033/2041/3947 1506/2042/3596
f 2035/2044/3948 2037/1783/3141 2038/1779/3137 2034/2043/3949
f 1685/2154/3950 2024/1784/3951 1498/1786/3183 1449/1816/3182
f 1688/1780/3138 1689/2153/3946 2036/1778/3136
f 1684/2046/3593 2025/2045/3592 2024/1784/3951 1685/2154/3950
f 1504/1771/3930 1505/2029/3929 2030/2155/3940 2028/2047/3942
f 2026/2035/3560 1684/2046/3593 1451/2156/3558
f 2035/2044/3948 1507/2048/3952 1508/1781/3139 2037/1783/3141
f 1506/2028/3564 2030/2155/3953 1505/2029/3565
f 2039/2049/3598 1503/1823/3194 1689/2153/3946 1688/1780/3138
f 2038/1779/3137 2037/1783/3141 1686/1787/3145
f 1689/2153/3946 1450/1537/2862 1502/1818/3945
f 1450/1537/2862 1689/2153/3946 1503/1823/3194
