# Blender 4.3.2
# www.blender.org
mtllib BolaBaseball.mtl
o baseball_ball_1_Cube
v 0.173350 0.225906 0.237209
v 0.061245 0.198229 0.307410
v -0.179431 -0.300008 0.116501
v -0.126010 -0.270817 0.217327
v 0.239704 -0.207517 0.187698
v 0.146283 -0.213911 0.262741
v 0.249226 -0.135451 0.233946
v 0.144107 -0.135897 0.311308
v 0.133768 -0.055158 0.339317
v 0.042899 -0.063188 0.361345
v 0.244073 0.079583 0.264756
v 0.118060 0.080120 0.340048
v 0.185050 0.190779 0.257266
v 0.018989 0.135919 0.344162
v -0.131511 -0.336721 0.069069
v -0.054060 -0.231135 0.283459
v -0.219585 -0.252087 0.155072
v -0.159227 -0.162972 0.289319
v -0.258859 -0.176045 0.194411
v -0.272321 -0.065263 0.238965
v -0.050399 0.227188 0.288431
v -0.052554 0.306530 0.200824
v -0.083831 0.263037 0.246682
v -0.045704 0.361196 0.058848
v -0.110984 0.320564 0.145694
v -0.156738 0.282090 0.181186
v -0.071890 0.136989 0.336926
v 0.017933 -0.267768 0.253320
v 0.012625 -0.246006 0.269823
v -0.056846 0.111794 0.348135
v -0.022445 0.141713 0.340091
v -0.039275 0.108126 0.346613
v -0.007982 0.043160 0.364532
v -0.030857 0.048113 0.359733
v 0.024659 -0.217015 0.298184
v -0.086078 0.173596 0.309748
v -0.147917 0.191024 0.279592
v -0.141878 0.200364 0.270119
v -0.234903 0.209377 0.192240
v 0.039704 -0.242183 0.274696
v 0.205066 -0.257024 0.160216
v 0.198925 -0.281307 0.128717
v -0.236622 0.270466 -0.091196
v -0.284064 0.236124 -0.030674
v -0.218610 -0.290923 0.061666
v -0.204389 -0.189003 -0.241618
v -0.248722 -0.198348 -0.186738
v -0.267298 0.010556 -0.253703
v -0.311310 0.009358 -0.196454
v -0.358464 -0.009967 -0.089897
v -0.249579 0.137421 -0.233644
v -0.022103 -0.328221 -0.164823
v -0.176085 -0.323424 0.018334
v -0.092442 -0.294392 -0.201625
v -0.273712 -0.234461 0.077696
v -0.339694 -0.144252 0.023249
v -0.224906 0.293484 -0.019083
v -0.261160 0.262149 0.025122
v -0.334630 0.155521 0.037861
v -0.303674 -0.204875 -0.044835
v -0.289068 -0.212399 -0.067601
v -0.338817 0.134565 0.006726
v -0.354962 0.081438 -0.006871
v -0.310912 -0.178483 -0.074473
v -0.280325 0.227963 0.079000
v -0.305890 0.193088 0.070857
v -0.257465 0.213158 0.151650
v -0.259512 -0.244991 -0.092136
v -0.285889 -0.209473 -0.094759
v -0.208884 -0.258071 -0.159841
v -0.155340 -0.220030 -0.247454
v 0.214109 0.259488 0.154284
v 0.250514 0.252341 0.104675
v 0.234065 -0.208831 -0.193565
v 0.276742 -0.209455 0.124966
v 0.324936 -0.016972 0.173776
v 0.358736 -0.000213 0.087805
v 0.181006 -0.319584 -0.011347
v 0.261167 -0.151306 -0.212286
v 0.342563 -0.054523 -0.126199
v 0.266523 -0.075500 -0.242743
v 0.283036 0.069338 -0.224271
v 0.183971 0.302133 0.109321
v 0.223154 0.290387 0.058612
v 0.081224 0.360470 -0.020579
v 0.145529 0.330549 -0.082097
v 0.305406 0.209769 0.012888
v 0.285752 0.213493 0.036461
v 0.329221 -0.166391 -0.011443
v 0.316222 -0.182180 0.007788
v 0.298916 0.206642 0.057961
v 0.317152 0.176471 0.039402
v 0.354607 0.102005 0.019690
v 0.340937 0.122531 0.037780
v 0.325260 -0.167926 0.025859
v 0.251961 0.270234 0.007854
v 0.274511 0.245342 -0.004934
v 0.249437 0.267030 -0.043344
v 0.221624 0.280319 -0.070476
v 0.291772 -0.224233 0.021036
v 0.299363 -0.204826 0.052667
v 0.244773 -0.263321 0.080799
v -0.111260 0.305448 -0.178923
v 0.131229 -0.217431 -0.267686
v 0.071957 -0.180473 -0.314502
v -0.107099 -0.170046 -0.309337
v -0.132022 0.030017 -0.343132
v -0.041369 0.041095 -0.364696
v -0.071394 0.136971 -0.335542
v 0.101050 -0.267426 -0.231884
v 0.097784 0.065591 -0.350151
v 0.162840 0.047327 -0.326828
v -0.070791 0.332009 -0.149039
v -0.003641 0.313673 -0.197873
v -0.002391 0.352912 -0.110232
v 0.045929 0.335937 -0.148953
v 0.046058 0.238631 -0.279977
v -0.008540 -0.145606 -0.338714
v 0.015533 -0.186009 -0.318708
v 0.014121 -0.160318 -0.329262
v 0.034308 0.216045 -0.298456
v -0.002488 0.236476 -0.283146
v 0.017395 0.209803 -0.298404
v -0.007902 0.142438 -0.340116
v 0.016839 0.155825 -0.328804
v -0.001450 -0.120668 -0.349364
v 0.059906 0.266147 -0.247413
v 0.101950 0.283728 -0.210621
v 0.125450 0.291155 -0.179151
v -0.032177 -0.170541 -0.322860
v -0.062583 -0.209347 -0.290563
v -0.109317 -0.204932 -0.284956
v 0.129872 0.201001 0.282893
v -0.132046 -0.317950 0.132321
v -0.074669 -0.283722 0.224537
v 0.090060 -0.210456 0.289004
v 0.209617 -0.041155 0.299061
v 0.086809 0.139124 0.332284
v 0.212399 -0.171726 0.247088
v 0.066534 -0.167062 0.322553
v 0.255258 -0.080383 0.251966
v 0.069361 -0.109803 0.345190
v 0.222162 0.028251 0.292085
v 0.128725 0.012978 0.345178
v 0.066641 -0.001070 0.363347
v 0.218386 0.139509 0.262494
v 0.055204 0.073643 0.358113
v -0.029882 -0.364673 -0.026105
v -0.090097 -0.318710 0.161380
v 0.069270 -0.360197 -0.024794
v 0.103963 -0.347914 0.060090
v -0.034105 -0.328529 0.163014
v -0.135118 -0.147607 0.310067
v -0.152967 -0.072646 0.327722
v -0.208909 -0.043215 0.299724
v -0.238867 0.070313 0.272771
v -0.216249 0.157747 0.255317
v -0.120420 -0.222946 0.268421
v -0.082931 -0.124073 0.337665
v -0.263491 -0.117201 0.228355
v -0.093161 -0.009640 0.357664
v -0.175421 -0.000904 0.325117
v -0.258636 0.000312 0.262644
v -0.093919 0.069750 0.351511
v -0.192655 0.086932 0.303055
v -0.266043 0.099534 0.235751
v 0.138873 0.275040 0.205470
v 0.065755 0.321530 0.171113
v 0.014729 0.354380 0.103928
v -0.120273 0.275783 0.215479
v 0.004110 -0.198857 0.295691
v 0.022911 -0.234027 0.267589
v -0.044685 0.144641 0.324840
v -0.027507 0.104462 0.340820
v -0.047956 0.060503 0.361489
v -0.041919 -0.020539 0.366112
v -0.026851 -0.022383 0.362582
v 0.000513 -0.019343 0.368084
v -0.039008 -0.114262 0.348956
v -0.022600 -0.095210 0.350448
v -0.005633 -0.149768 0.323370
v 0.003859 -0.092025 0.356883
v -0.018910 -0.163008 0.327194
v 0.010398 -0.161011 0.330944
v -0.062596 0.189543 0.311035
v -0.077590 0.177693 0.300816
v -0.111576 0.217545 0.277699
v -0.177281 0.235849 0.223264
v -0.197025 0.207770 0.231773
v 0.055307 -0.252537 0.245687
v 0.096750 -0.288639 0.207408
v 0.096096 -0.275084 0.217183
v 0.103329 -0.263273 0.216220
v 0.097206 -0.258864 0.243744
v 0.159617 -0.281740 0.170724
v 0.159948 -0.260999 0.205107
v -0.011694 0.182970 0.322010
v -0.019593 -0.290528 0.227071
v -0.017221 -0.223433 0.293320
v 0.013251 0.032407 0.368518
v -0.071722 -0.069831 0.355583
v -0.164908 0.164392 0.288203
v -0.246628 0.170983 0.216807
v 0.101553 -0.310377 0.172279
v 0.154164 -0.310470 0.125125
v 0.200031 -0.249134 0.185045
v -0.292978 -0.171085 -0.144288
v -0.325191 -0.126769 -0.120643
v -0.335459 0.001064 -0.152702
v -0.202790 -0.120632 -0.282973
v -0.290742 -0.131776 -0.184513
v -0.221741 -0.046126 -0.289235
v -0.313306 -0.061711 -0.182529
v -0.342054 -0.067529 -0.120252
v -0.229767 0.083138 -0.275255
v -0.322525 0.072432 -0.162348
v -0.350563 0.055710 -0.101659
v -0.227248 0.194063 -0.217191
v -0.309680 0.143154 -0.142338
v -0.338853 0.122155 -0.086245
v -0.211201 0.253543 -0.169008
v -0.257537 0.228196 -0.136568
v 0.006226 -0.356028 -0.090656
v -0.100194 -0.353989 0.002503
v -0.232288 -0.280599 -0.060714
v -0.297712 -0.216018 0.027823
v -0.313538 -0.085382 0.174284
v -0.359329 -0.077531 0.034749
v -0.331644 -0.109202 0.118359
v -0.364685 0.031095 0.050240
v -0.331489 0.010582 0.160367
v -0.352881 0.096375 0.058610
v -0.199519 0.298245 -0.092715
v -0.204288 0.304434 0.051688
v -0.160751 0.305770 -0.133467
v -0.111718 0.345819 -0.070083
v -0.064140 0.363957 0.004987
v -0.205207 0.270403 0.148351
v -0.309367 -0.166745 -0.058983
v -0.282309 -0.202930 -0.077937
v -0.331325 0.134550 -0.002619
v -0.357616 0.092948 0.011167
v -0.354356 0.100072 -0.030843
v -0.367246 0.033032 0.000723
v -0.363575 0.012201 -0.018365
v -0.364716 0.032187 -0.042976
v -0.360063 -0.068968 -0.023218
v -0.333590 -0.116110 -0.047611
v -0.360312 -0.054687 -0.055064
v -0.341834 -0.136436 -0.025132
v -0.338253 -0.128098 -0.039771
v -0.336106 -0.135592 -0.068844
v -0.289272 0.200898 0.062606
v -0.284650 0.205561 0.108109
v -0.226825 0.238954 0.166093
v -0.256094 -0.221164 -0.112133
v -0.231643 -0.243477 -0.141614
v -0.226533 -0.229440 -0.151076
v -0.230508 -0.228031 -0.172301
v -0.173669 -0.241504 -0.208697
v -0.293301 -0.224097 -0.023687
v -0.367655 -0.027783 0.023306
v -0.253025 0.247762 0.110596
v -0.168699 -0.291134 -0.149966
v -0.180493 -0.214827 -0.239550
v 0.175262 0.273915 0.178042
v 0.283671 -0.207205 -0.111774
v 0.316077 -0.165235 0.093364
v 0.341619 -0.112078 0.084338
v 0.267916 -0.022983 0.251441
v 0.309459 -0.140139 0.143308
v 0.308720 -0.076358 0.186278
v 0.350380 -0.053662 0.101871
v 0.316323 0.049929 0.182544
v 0.344840 0.056978 0.119949
v 0.290635 0.134866 0.184392
v 0.321153 0.135548 0.125183
v 0.227402 0.210139 0.202933
v 0.191553 -0.260246 -0.177091
v 0.061263 -0.339980 -0.123535
v 0.135001 -0.316595 -0.130516
v 0.245099 -0.234194 -0.145230
v 0.136604 -0.341105 0.015131
v 0.222764 -0.287909 -0.057316
v 0.201161 -0.301697 0.068473
v 0.255280 -0.266546 0.006064
v 0.152856 -0.325805 -0.072748
v 0.203689 -0.281103 -0.122238
v 0.318850 -0.141692 -0.119133
v 0.310423 -0.095067 -0.174520
v 0.354378 0.026577 -0.099278
v 0.324167 -0.166830 -0.059502
v 0.285950 -0.171144 -0.157746
v 0.352322 -0.095267 -0.058773
v 0.364406 -0.028532 -0.050831
v 0.331207 -0.008529 -0.160215
v 0.258423 0.014625 -0.261896
v 0.357962 0.084553 -0.036048
v 0.248199 0.115579 -0.246746
v 0.335537 0.155707 -0.020385
v 0.296423 0.184719 -0.120527
v 0.233032 0.199235 -0.206090
v 0.160650 0.330595 0.044539
v 0.019539 0.366571 0.035505
v 0.096198 0.354965 0.040278
v 0.160909 0.332069 -0.028118
v 0.330066 -0.133662 0.013437
v 0.308447 -0.177195 0.020327
v 0.310301 0.170887 0.048907
v 0.325155 0.173521 0.027427
v 0.338303 0.133061 0.066176
v 0.358969 0.054782 0.028523
v 0.361933 0.047948 0.055976
v 0.366449 -0.023939 0.009141
v 0.347016 -0.079285 0.017997
v 0.365209 -0.023006 0.042761
v 0.357474 -0.090685 -0.009272
v 0.353099 -0.087641 0.007065
v 0.352560 -0.103590 0.032598
v 0.258483 0.247219 0.005357
v 0.189478 0.305852 -0.084185
v 0.187653 0.290066 -0.125957
v 0.232786 0.274533 -0.085788
v 0.285574 -0.208075 0.047124
v 0.264960 -0.241115 0.068197
v 0.258261 -0.231286 0.081198
v 0.208639 -0.266777 0.131659
v 0.367520 0.029830 -0.022936
v 0.211444 0.304016 -0.010408
v 0.205123 0.265426 -0.157282
v -0.147294 0.269140 -0.207159
v 0.181397 -0.228713 -0.224476
v -0.156362 -0.155701 -0.295320
v -0.066948 -0.125892 -0.339990
v -0.171393 -0.061815 -0.320250
v -0.205133 0.018283 -0.304414
v -0.167280 0.235986 -0.230943
v -0.114926 -0.096612 -0.336745
v -0.050077 -0.071804 -0.358767
v -0.126138 -0.024285 -0.344652
v -0.061109 -0.011340 -0.363537
v -0.136234 0.096881 -0.328549
v -0.069570 0.088353 -0.351591
v -0.134185 0.179602 -0.293950
v -0.069068 0.193173 -0.308301
v -0.044339 0.248799 -0.271306
v -0.008070 -0.244503 -0.275967
v 0.071089 -0.311615 -0.182163
v 0.138175 -0.277463 -0.198390
v -0.002248 -0.289789 -0.226590
v 0.065434 -0.254045 -0.258503
v 0.154716 -0.056594 -0.329953
v 0.194402 0.176203 -0.260360
v 0.169750 0.253188 -0.209559
v 0.156263 -0.162797 -0.292459
v 0.168124 -0.104771 -0.310985
v 0.084475 0.120921 -0.338713
v 0.168430 0.110439 -0.309606
v 0.076573 0.182268 -0.313307
v 0.143319 0.194262 -0.280367
v -0.045647 0.358415 -0.077198
v -0.049308 0.284446 -0.232403
v 0.103175 0.332584 -0.125957
v 0.016537 -0.101504 -0.341197
v 0.003720 -0.144442 -0.325538
v 0.017776 0.237701 -0.267573
v 0.005996 0.200060 -0.296490
v 0.032082 0.170211 -0.326547
v 0.006857 0.149053 -0.324286
v 0.036849 0.094141 -0.354957
v 0.022225 0.089388 -0.352414
v -0.005392 0.090248 -0.357333
v 0.028042 0.016385 -0.362411
v 0.019062 -0.045627 -0.352963
v 0.001249 0.017707 -0.368150
v 0.045281 -0.052851 -0.362558
v 0.029998 -0.054331 -0.358603
v 0.004542 -0.056168 -0.363839
v 0.063738 0.296953 -0.210259
v 0.046661 0.267006 -0.233778
v 0.142035 0.313129 -0.137144
v -0.025988 -0.173867 -0.310311
v -0.050962 -0.220718 -0.290299
v -0.068532 -0.197899 -0.287958
v -0.127199 -0.247862 -0.241173
v -0.119922 -0.229983 -0.254009
v 0.083014 -0.109537 -0.343293
v 0.047187 0.036035 -0.364617
v 0.077574 -0.022170 -0.361011
v -0.062032 -0.255254 -0.258477
v 0.016108 0.280393 -0.241616
v -0.125279 -0.218406 -0.251602
v 0.152143 0.289429 -0.171081
v 0.149833 0.293348 -0.140077
v 0.094512 0.287058 -0.191870
v 0.016557 0.023223 -0.355707
v 0.011203 0.092015 -0.344647
v 0.036373 -0.132176 -0.342047
v 0.069366 0.353440 -0.082455
v 0.022650 0.367163 -0.037583
v 0.111913 0.257721 -0.242074
v -0.019574 0.187318 -0.318589
v 0.218198 0.018514 -0.296562
v 0.157259 -0.004524 -0.333470
v 0.224676 -0.089544 -0.278386
v 0.209184 -0.174213 -0.248515
v -0.103929 0.248128 -0.254290
v -0.189054 0.173886 -0.265881
v -0.186322 0.091863 -0.304079
v 0.070079 0.307080 -0.195098
v 0.275174 0.241880 0.055221
v 0.203192 -0.256608 0.141488
v 0.187064 0.289486 -0.097144
v 0.231234 0.270609 -0.035816
v 0.356181 -0.000048 0.029638
v 0.340230 0.100777 0.045093
v 0.113573 0.329788 0.124938
v 0.242094 0.256003 -0.113263
v 0.280137 0.238278 -0.048053
v 0.303965 0.197182 0.079547
v 0.268088 0.192986 -0.165384
v 0.316685 0.173999 -0.078084
v 0.306892 0.119474 -0.166309
v 0.343162 0.093597 -0.097175
v 0.302234 -0.004564 -0.209660
v 0.297214 -0.215195 -0.044038
v 0.287629 -0.215402 0.083930
v 0.249217 -0.241784 0.120742
v 0.268676 -0.242361 -0.070629
v 0.266981 0.208397 0.150915
v 0.259885 0.131616 0.227234
v 0.285318 0.043110 0.228793
v 0.279507 -0.153801 0.184310
v 0.322697 -0.176552 0.036896
v -0.313099 0.197307 0.012792
v -0.169872 -0.228241 -0.214947
v -0.222054 0.219740 0.174641
v -0.264561 0.214527 0.109400
v -0.351326 -0.050295 -0.037153
v -0.355360 0.018750 -0.027244
v -0.347079 0.082416 -0.016244
v -0.170487 0.312960 0.100173
v -0.111045 0.345225 0.073331
v -0.159221 0.333648 -0.024410
v -0.272314 0.178255 0.176282
v -0.304949 0.174415 0.118876
v -0.329154 0.169380 -0.023977
v -0.198785 -0.288452 -0.114549
v -0.309725 0.099172 0.176062
v -0.335421 0.099215 0.119623
v -0.299474 0.016233 0.214504
v -0.350536 0.014020 0.113536
v -0.288769 -0.184272 0.136632
v -0.315516 -0.171932 0.083115
v -0.239083 -0.258120 0.109892
v -0.257860 -0.217531 -0.149539
v -0.172152 -0.322429 -0.042969
v -0.120837 -0.330761 -0.107721
v -0.070372 -0.351500 -0.079733
v -0.253061 -0.268555 0.008543
v -0.295449 0.205970 -0.088162
v -0.279715 0.156781 -0.183515
v -0.282970 0.087076 -0.219089
v -0.270173 -0.066496 -0.241013
v -0.255506 -0.127736 -0.232927
v -0.163190 -0.266476 -0.195459
v -0.296862 -0.199327 -0.093853
v 0.158430 -0.264074 0.178508
v -0.173855 0.214203 0.227474
v -0.128145 0.202337 0.266060
v -0.012305 -0.085126 0.346328
v -0.016422 -0.016039 0.356157
v -0.020932 0.055173 0.352418
v -0.040503 0.338460 0.141988
v -0.016192 0.270905 0.251890
v 0.023341 0.309340 0.201816
v 0.021002 0.236860 0.284810
v 0.088939 0.262136 0.246840
v -0.098162 0.160930 0.319588
v 0.039997 -0.298158 0.213253
v -0.151729 0.080345 0.327389
v 0.000784 0.085896 0.359992
v -0.210172 -0.112999 0.280213
v -0.205384 -0.196715 0.234935
v -0.173845 -0.264340 0.189593
v 0.019080 -0.337659 0.147080
v 0.068922 -0.346773 0.101450
v -0.051224 -0.354781 0.084337
v 0.008324 -0.365074 0.035314
v 0.171987 0.115044 0.306562
v 0.178516 0.022111 0.321342
v 0.198066 -0.101549 0.293292
v -0.059445 -0.177108 0.318480
v -0.354590 -0.031641 0.098418
v 0.321658 0.067178 -0.165661
v 0.228906 0.287167 -0.030233
v -0.368023 -0.023095 -0.007833
v 0.367886 0.025107 0.008125
v 0.036779 -0.217812 -0.295202
v -0.065768 -0.179083 -0.315877
v -0.313484 0.172800 0.020716
vn 0.5420 -0.2764 0.7936
vn 0.3951 -0.3718 0.8400
vn 0.5690 -0.4691 0.6754
vn 0.5691 -0.1108 0.8148
vn 0.3706 -0.1540 0.9159
vn 0.2512 0.3696 0.8946
vn 0.0587 0.3648 0.9292
vn 0.1732 0.1911 0.9662
vn -0.1286 -0.9678 0.2165
vn -0.2410 -0.8702 0.4297
vn -0.3500 -0.8660 0.3572
vn 0.1729 -0.9481 0.2668
vn 0.2806 -0.8461 0.4532
vn 0.0529 -0.9227 0.3820
vn -0.0536 -0.7932 0.6066
vn -0.0927 -0.8951 0.4361
vn 0.4094 -0.5681 0.7139
vn 0.1074 -0.8842 0.4546
vn 0.3003 -0.8700 0.3910
vn -0.3683 -0.3960 0.8411
vn -0.4167 -0.2025 0.8862
vn -0.5771 -0.3083 0.7562
vn -0.7398 -0.1705 0.6509
vn -0.7120 -0.3302 0.6197
vn -0.1309 0.2136 0.9681
vn -0.2984 0.2606 0.9182
vn -0.4228 0.0646 0.9039
vn -0.4542 0.4297 0.7804
vn -0.5318 0.2269 0.8159
vn -0.4064 0.2081 0.8897
vn -0.5840 0.4145 0.6980
vn -0.7294 0.2577 0.6337
vn -0.6522 0.1703 0.7387
vn -0.3131 0.6378 0.7037
vn -0.1998 0.5187 0.8313
vn -0.3861 0.7682 0.5106
vn -0.6710 0.4506 0.5889
vn -0.2345 0.7098 0.6643
vn -0.1375 0.6149 0.7765
vn -0.0328 0.7416 0.6701
vn -0.2938 0.9372 0.1880
vn -0.2929 0.8719 0.3924
vn -0.1073 0.9205 0.3757
vn -0.2604 -0.6644 0.7005
vn -0.2905 -0.4511 0.8439
vn 0.0223 -0.5332 0.8457
vn -0.0364 -0.3994 0.9161
vn 0.0686 0.7460 0.6624
vn -0.0495 0.4631 0.8849
vn -0.6323 0.5830 0.5102
vn -0.4919 0.5755 0.6533
vn -0.7473 -0.6102 0.2631
vn -0.9002 -0.4162 0.1285
vn -0.7659 -0.6417 -0.0405
vn -0.8451 -0.1705 -0.5067
vn -0.8360 0.0235 -0.5482
vn -0.7343 -0.1740 -0.6561
vn -0.9159 0.3206 -0.2414
vn -0.9055 0.4237 -0.0214
vn -0.7997 0.5456 -0.2505
vn -0.3161 -0.9024 -0.2927
vn -0.5347 -0.7915 -0.2960
vn -0.4299 -0.8069 -0.4051
vn -0.6651 -0.5301 -0.5260
vn -0.5676 -0.4959 -0.6572
vn -0.4232 -0.6972 -0.5787
vn -0.7931 -0.4604 -0.3989
vn -0.6076 -0.7425 -0.2820
vn -0.6216 -0.7667 -0.1604
vn -0.7924 -0.6066 -0.0650
vn -0.7470 -0.5745 -0.3346
vn -0.6740 -0.7383 0.0233
vn -0.7424 -0.6340 0.2164
vn -0.8117 -0.5780 0.0843
vn -0.8991 -0.2979 0.3206
vn -0.8480 -0.2278 0.4785
vn -0.9547 -0.1032 0.2792
vn -0.9627 0.1927 0.1899
vn -0.8938 0.4069 0.1886
vn -0.8380 0.2548 0.4825
vn -0.8207 0.4724 0.3213
vn -0.9113 0.2539 0.3242
vn -0.7427 0.4780 0.4690
vn -0.7425 0.3951 0.5410
vn -0.6056 0.3962 0.6902
vn -0.5493 0.7356 0.3964
vn -0.4147 0.7715 0.4825
vn -0.4570 0.8502 0.2612
vn -0.8962 0.4237 0.1317
vn -0.7952 0.4718 -0.3809
vn -0.8577 0.5131 -0.0333
vn -0.9373 0.3413 0.0711
vn -0.8803 -0.4441 -0.1665
vn -0.9482 -0.2905 -0.1288
vn -0.6847 0.7288 0.0067
vn -0.8351 0.4898 0.2504
vn -0.8074 -0.3245 -0.4927
vn -0.7704 -0.3442 -0.5366
vn -0.8154 -0.5412 -0.2054
vn -0.4874 -0.8627 0.1349
vn 0.3468 -0.7975 0.4936
vn 0.7344 -0.4778 -0.4820
vn 0.9435 -0.2376 -0.2310
vn 0.8018 -0.5855 -0.1194
vn 0.7562 0.6408 -0.1328
vn 0.5632 0.7945 0.2271
vn 0.7661 0.6150 0.1868
vn 0.9870 -0.0779 -0.1409
vn 0.9573 0.0706 -0.2802
vn 0.9944 0.0763 -0.0728
vn 0.5336 -0.8293 0.1660
vn 0.7195 -0.6116 0.3290
vn 0.5893 -0.6823 0.4327
vn 0.8722 0.3490 0.3427
vn 0.8370 0.5170 0.1792
vn 0.7264 0.5466 0.4167
vn 0.6220 0.5521 0.5552
vn 0.5845 0.6995 0.4112
vn 0.4680 0.7456 0.4744
vn 0.7715 -0.5584 -0.3050
vn 0.8013 -0.5874 -0.1138
vn 0.7085 -0.6765 -0.2010
vn 0.1875 -0.9791 -0.0791
vn 0.3907 -0.8998 -0.1941
vn 0.3688 -0.9290 0.0308
vn 0.7447 -0.5629 0.3586
vn 0.6508 -0.5576 0.5153
vn 0.5024 -0.8585 0.1028
vn 0.8554 -0.4472 0.2615
vn 0.6896 -0.7180 0.0943
vn 0.7756 -0.4599 -0.4323
vn 0.8679 -0.3745 -0.3263
vn 0.7094 -0.3960 -0.5830
vn 0.7289 -0.1896 -0.6578
vn 0.8389 -0.2480 -0.4846
vn 0.9266 -0.1496 -0.3451
vn 0.8948 -0.0184 -0.4461
vn 0.8195 -0.0183 -0.5727
vn 0.7697 0.1838 -0.6114
vn 0.8754 0.1650 -0.4544
vn 0.9242 0.3663 -0.1077
vn 0.8653 0.4716 -0.1695
vn 0.8060 0.4910 -0.3306
vn 0.8645 0.4534 -0.2171
vn 0.6384 0.5242 -0.5636
vn 0.5578 0.7122 -0.4261
vn 0.7264 0.5097 -0.4611
vn 0.6791 -0.7338 0.0189
vn 0.8245 -0.5414 0.1642
vn 0.7710 0.6312 0.0846
vn 0.5477 0.8209 -0.1617
vn 0.4930 0.8660 0.0836
vn 0.8439 0.5354 -0.0345
vn 0.8855 0.4514 0.1101
vn 0.9606 0.2631 0.0898
vn 0.9698 0.1883 -0.1552
vn 0.9990 0.0155 0.0423
vn 0.9328 -0.3520 0.0775
vn 0.9820 -0.1823 0.0490
vn 0.7485 0.6611 -0.0512
vn 0.3263 0.9303 -0.1677
vn 0.4373 0.7948 -0.4209
vn 0.5586 0.7704 -0.3072
vn 0.8534 -0.3444 0.3913
vn 0.8203 -0.3806 0.4269
vn 0.8589 -0.5044 0.0891
vn 0.6027 -0.7677 -0.2176
vn -0.3089 -0.5877 -0.7477
vn -0.4703 -0.1612 -0.8677
vn -0.3239 -0.2543 -0.9113
vn -0.4297 -0.4190 -0.7999
vn -0.3695 0.0771 -0.9260
vn -0.3506 -0.0708 -0.9338
vn -0.5147 0.4484 -0.7308
vn -0.4588 0.6211 -0.6354
vn -0.3692 0.4716 -0.8008
vn -0.2904 0.6629 -0.6901
vn -0.1466 0.7751 -0.6145
vn -0.1178 0.6622 -0.7400
vn -0.2404 -0.8139 -0.5288
vn -0.1798 -0.6982 -0.6930
vn 0.0027 -0.7975 -0.6033
vn -0.3029 -0.4557 -0.8370
vn -0.1212 -0.7880 -0.6036
vn 0.3841 0.5181 -0.7642
vn 0.5375 0.4662 -0.7027
vn 0.4677 0.2953 -0.8331
vn 0.0790 0.5007 -0.8620
vn 0.2485 0.5515 -0.7963
vn 0.2731 0.3781 -0.8846
vn 0.4644 0.6718 -0.5771
vn 0.2853 0.8975 -0.3363
vn 0.3848 0.8983 -0.2120
vn 0.2661 0.9014 -0.3415
vn 0.1846 0.9580 -0.2193
vn 0.3344 -0.3799 -0.8625
vn 0.3313 -0.1390 -0.9332
vn 0.0095 -0.2564 -0.9665
vn 0.0594 -0.0997 -0.9932
vn 0.2891 0.7896 -0.5412
vn 0.0131 0.9880 -0.1541
vn 0.0794 0.9105 -0.4058
vn -0.2221 -0.5287 -0.8192
vn 0.2101 -0.7253 -0.6557
vn 0.1237 0.7098 -0.6935
vn -0.0195 0.8547 -0.5187
vn -0.3372 -0.6311 -0.6986
vn -0.1879 -0.8583 -0.4775
vn -0.2179 -0.4954 -0.8409
vn -0.2486 -0.2663 -0.9313
vn -0.0291 -0.4732 -0.8805
vn -0.4084 -0.2252 -0.8846
vn 0.0058 -0.4132 -0.9106
vn 0.1865 0.5940 -0.7826
vn -0.0785 0.8580 -0.5076
vn -0.0235 0.7078 -0.7060
vn 0.3714 0.5923 -0.7150
vn -0.3795 -0.1367 -0.9150
vn -0.0278 -0.1463 -0.9888
vn -0.0403 -0.3114 -0.9494
vn -0.3260 0.0021 -0.9454
vn 0.0379 0.2548 -0.9663
vn 0.2583 0.2483 -0.9336
vn -0.0823 0.4410 -0.8937
vn -0.4147 0.5765 -0.7040
vn -0.0626 0.6086 -0.7910
vn 0.1170 0.9101 -0.3976
vn -0.0061 0.9542 -0.2991
vn 0.2258 0.9728 -0.0513
vn 0.0428 0.9947 -0.0934
vn -0.1257 0.9730 -0.1936
vn -0.1759 0.9844 0.0064
vn -0.3011 0.9341 -0.1918
vn 0.0501 0.9941 0.0957
vn 0.3004 0.6966 -0.6515
vn -0.1975 0.5156 -0.8338
vn -0.0151 -0.6716 -0.7408
vn 0.1129 -0.6073 -0.7864
vn 0.5228 0.6689 -0.5284
vn 0.2749 0.7824 -0.5589
vn 0.2397 -0.2931 -0.9256
vn 0.2153 -0.4894 -0.8450
vn 0.2308 0.4797 -0.8465
vn 0.6728 0.3061 -0.6735
vn 0.7038 0.0359 -0.7095
vn 0.5990 0.0487 -0.7993
vn 0.4481 0.1351 -0.8837
vn 0.2837 0.1675 -0.9442
vn 0.2483 0.3340 -0.9093
vn -0.1211 0.1099 -0.9865
vn 0.2984 0.0454 -0.9534
vn 0.2229 -0.0551 -0.9733
vn 0.4353 -0.0185 -0.9001
vn 0.4301 -0.1511 -0.8900
vn -0.1762 -0.0389 -0.9836
vn 0.6074 -0.2304 -0.7602
vn 0.4601 -0.2889 -0.8396
vn 0.4262 -0.4372 -0.7920
vn 0.5660 -0.4624 -0.6826
vn 0.6337 -0.5654 -0.5280
vn 0.3537 -0.5955 -0.7213
vn -0.0667 -0.6369 -0.7680
vn 0.1691 -0.6998 -0.6940
vn -0.0639 -0.8967 -0.4380
vn 0.1803 -0.8505 -0.4942
vn 0.3549 -0.8699 -0.3424
vn 0.3729 -0.7605 -0.5317
vn 0.5115 -0.7160 -0.4752
vn 0.2668 -0.7359 -0.6223
vn 0.1739 -0.9320 -0.3179
vn 0.0204 -0.9699 -0.2428
vn 0.4835 -0.6208 -0.6172
vn -0.3974 0.7313 -0.5544
vn -0.3005 0.8246 -0.4794
vn -0.2029 0.3640 -0.9090
vn -0.6218 0.5230 -0.5830
vn -0.1967 0.2315 -0.9527
vn -0.3781 0.2682 -0.8861
vn -0.5537 0.0453 -0.8315
vn -0.5074 0.2496 -0.8248
vn -0.7229 0.0283 -0.6903
vn -0.6294 0.2212 -0.7449
vn -0.6714 0.3587 -0.6484
vn -0.6092 -0.1237 -0.7833
vn -0.5562 -0.3171 -0.7682
vn -0.1868 -0.3424 -0.9208
vn 0.5965 0.7862 0.1615
vn 0.6725 0.6819 0.2877
vn 0.7249 -0.6363 0.2641
vn 0.5462 -0.7498 0.3733
vn 0.7121 -0.3995 0.5773
vn 0.9044 -0.4162 0.0938
vn 0.2565 0.9610 0.1036
vn 0.6781 0.7227 -0.1339
vn 0.8042 0.5686 -0.1730
vn 0.8482 0.0579 0.5266
vn 0.9496 -0.1233 0.2881
vn 0.8495 -0.2621 0.4579
vn 0.9588 -0.2635 0.1060
vn 0.8064 0.2777 0.5221
vn 0.9823 0.0365 0.1835
vn 0.9472 0.2409 0.2116
vn 0.8603 0.4451 0.2487
vn 0.6912 0.4506 0.5649
vn 0.4226 0.9037 -0.0684
vn 0.2509 0.9604 0.1213
vn 0.5691 0.8215 -0.0360
vn 0.4241 0.8974 0.1215
vn 0.0403 0.9577 0.2848
vn -0.1154 0.9785 0.1709
vn 0.2987 0.8947 0.3321
vn 0.1739 0.8726 0.4565
vn 0.4872 0.8205 0.2990
vn 0.3551 0.7552 0.5509
vn 0.4639 0.6173 0.6354
vn 0.6633 0.6763 -0.3204
vn 0.6806 0.6235 -0.3847
vn 0.7731 0.5590 -0.2998
vn 0.8809 -0.4414 -0.1707
vn 0.9084 0.4123 -0.0699
vn 0.8248 0.3301 -0.4591
vn 0.9667 0.2306 -0.1111
vn 0.9677 -0.0059 0.2520
vn 0.9277 0.1583 0.3381
vn 0.9522 -0.2574 -0.1646
vn 0.9820 -0.0538 -0.1810
vn 0.9439 -0.1562 0.2909
vn 0.6622 -0.6435 -0.3840
vn 0.5246 -0.7070 0.4743
vn 0.2772 -0.9476 0.1589
vn 0.4079 -0.8507 0.3315
vn 0.5945 -0.7897 -0.1517
vn 0.4929 -0.8696 -0.0307
vn 0.5497 -0.7716 -0.3200
vn 0.6616 0.1979 0.7232
vn 0.7086 0.3519 0.6116
vn 0.5910 0.3768 0.7133
vn 0.8784 -0.0480 0.4756
vn 0.8536 0.1430 0.5010
vn 0.7300 -0.0585 0.6809
vn 0.7699 0.1098 0.6287
vn 0.8343 -0.2113 0.5092
vn 0.6977 -0.2240 0.6804
vn 0.8435 -0.3655 0.3936
vn 0.7527 -0.4103 0.5149
vn 0.6825 -0.3592 0.6366
vn -0.7030 0.7081 0.0666
vn -0.7619 0.6417 -0.0884
vn -0.6157 -0.6708 -0.4135
vn -0.3779 -0.8792 -0.2900
vn -0.4831 -0.6351 -0.6028
vn -0.6306 -0.3933 -0.6691
vn -0.4306 -0.5499 -0.7157
vn -0.6409 -0.5730 -0.5108
vn -0.8488 -0.4747 -0.2329
vn -0.5047 0.8242 0.2568
vn -0.5061 0.7450 0.4346
vn -0.7438 0.5759 0.3394
vn -0.8629 0.3751 0.3387
vn -0.9293 -0.1521 -0.3364
vn -0.8167 -0.2279 -0.5302
vn -0.9159 -0.3503 -0.1961
vn -0.8925 0.0777 -0.4443
vn -0.9816 -0.0444 -0.1857
vn -0.9840 0.1239 -0.1280
vn -0.9775 0.2085 -0.0308
vn -0.9515 0.2761 -0.1359
vn -0.4205 0.9058 -0.0514
vn -0.5409 0.8294 0.1395
vn -0.6015 0.7970 -0.0546
vn -0.5238 0.8161 -0.2441
vn -0.6481 0.7237 -0.2370
vn -0.5717 0.6783 -0.4615
vn -0.9525 0.2493 0.1750
vn -0.8128 0.0371 0.5813
vn -0.8941 0.0191 0.4474
vn -0.9459 0.0589 0.3191
vn -0.9854 0.0818 0.1491
vn -0.9705 -0.0288 -0.2394
vn -0.9854 0.0475 0.1634
vn -0.9457 0.1553 -0.2854
vn -0.7787 -0.4959 0.3844
vn -0.7055 -0.4745 0.5264
vn -0.9690 -0.2248 0.1026
vn -0.9943 -0.0773 0.0734
vn -0.9183 -0.3897 0.0701
vn -0.9698 -0.2065 0.1298
vn -0.9228 -0.1899 -0.3351
vn -0.8576 -0.4610 0.2281
vn -0.6525 -0.6931 0.3063
vn -0.6044 -0.6694 0.4320
vn -0.5848 -0.7945 0.1638
vn -0.4882 -0.8155 0.3108
vn -0.4522 -0.8833 -0.1236
vn -0.2590 -0.9659 -0.0011
vn -0.1904 -0.9568 -0.2199
vn -0.0732 -0.9956 -0.0590
vn -0.4753 -0.8785 0.0472
vn -0.7565 0.4245 -0.4975
vn -0.9081 0.0004 -0.4188
vn -0.8709 0.1979 -0.4498
vn -0.7710 0.2240 -0.5961
vn -0.7919 -0.3421 -0.5058
vn -0.6921 -0.3411 -0.6361
vn -0.4886 -0.6523 -0.5795
vn 0.0622 0.6497 0.7576
vn -0.0340 0.4916 0.8702
vn 0.1730 0.5324 0.8286
vn 0.4360 -0.3971 0.8076
vn 0.3238 -0.7462 0.5817
vn 0.0516 -0.6419 0.7650
vn -0.1422 0.8376 0.5275
vn -0.2308 0.3287 0.9158
vn -0.3640 0.3079 0.8790
vn 0.3508 -0.4485 0.8221
vn 0.2655 -0.3917 0.8810
vn 0.0378 -0.3013 0.9528
vn 0.3532 -0.2035 0.9132
vn -0.0450 -0.0461 0.9979
vn -0.2757 -0.0838 0.9576
vn 0.0385 0.1636 0.9858
vn 0.3352 0.3879 0.8586
vn -0.0034 0.3510 0.9364
vn -0.1463 0.8347 0.5310
vn 0.0595 0.8377 0.5429
vn 0.2317 0.7129 0.6618
vn 0.3512 0.5311 0.7711
vn 0.1151 -0.8125 0.5715
vn 0.3381 -0.6739 0.6569
vn -0.3232 0.7474 0.5805
vn -0.2709 0.1702 0.9474
vn -0.6953 -0.0004 0.7187
vn -0.5843 -0.1247 0.8019
vn -0.4796 0.0043 0.8775
vn -0.2747 -0.0199 0.9613
vn -0.1938 -0.1880 0.9629
vn 0.1268 -0.1679 0.9776
vn -0.2824 -0.2782 0.9181
vn 0.1984 -0.0080 0.9801
vn -0.0046 0.0702 0.9975
vn -0.4553 -0.4489 0.7689
vn -0.5568 -0.5321 0.6379
vn -0.2444 -0.3359 0.9096
vn 0.1989 -0.2985 0.9335
vn -0.1572 -0.4804 0.8628
vn -0.3409 -0.5984 0.7250
vn -0.4747 -0.7109 0.5188
vn -0.3550 -0.7288 0.5855
vn -0.2001 -0.7703 0.6055
vn 0.1382 -0.6644 0.7345
vn -0.3485 -0.9190 0.1842
vn 0.0234 -0.9950 0.0974
vn 0.3326 0.1987 0.9219
vn 0.4669 0.2976 0.8327
vn 0.4888 0.0605 0.8703
vn 0.6122 0.0746 0.7872
vn 0.0883 -0.5651 0.8203
vn -0.1589 -0.6330 0.7577
vn -0.4561 0.3621 0.8129
vn 0.5410 -0.5540 0.6327
vn -0.1945 -0.8486 0.4920
vn 0.2570 -0.5653 0.7838
vn -0.0411 -0.2246 0.9736
vn 0.3773 -0.9075 0.1849
vn 0.4303 -0.7537 0.4967
vn -0.2703 0.4561 0.8479
vn -0.8396 0.3769 -0.3913
vn -0.7044 0.5971 -0.3838
vn -0.9874 -0.1282 -0.0929
vn -0.9965 0.0418 -0.0717
vn -0.6042 0.7820 0.1527
vn -0.7171 0.6098 0.3375
vn 0.7921 0.3492 0.5006
vn 0.9246 0.2630 -0.2758
vn 0.0111 0.0918 -0.9957
vn 0.3091 -0.5707 -0.7607
vn 0.0484 0.0807 -0.9956
vn -0.1810 0.9019 -0.3922
vn 0.0591 0.5236 -0.8499
vn 0.0525 0.4133 -0.9091
vn -0.5003 -0.2550 -0.8274
vn 0.6651 -0.6698 0.3302
vn 0.2664 0.6737 -0.6893
vn -0.3710 0.1814 -0.9107
vn -0.0348 0.2550 -0.9663
vn -0.3949 0.3588 -0.8458
vn -0.4280 0.8327 -0.3513
vn -0.1426 -0.1802 -0.9732
vn 0.9261 -0.2903 0.2411
vn 0.5170 0.4853 0.7052
vn 0.3572 0.0419 0.9331
vn -0.8453 0.2607 -0.4663
vn -0.8839 -0.3310 -0.3304
vn -0.5422 -0.6807 -0.4927
vn -0.3718 0.5392 0.7557
vn 0.3468 -0.0530 0.9364
vn 0.0115 -0.0446 0.9989
vn -0.1085 0.1600 0.9811
vn 0.3656 0.1241 0.9225
vn -0.1238 0.2611 0.9573
vn 0.1915 -0.4449 0.8749
vt 0.270965 0.631452
vt 0.259955 0.666163
vt 0.214903 0.622961
vt 0.315785 0.619708
vt 0.326275 0.660295
vt 0.506680 0.648580
vt 0.527804 0.675746
vt 0.459985 0.672965
vt 0.190847 0.925017
vt 0.222481 0.873165
vt 0.243938 0.896316
vt 0.148989 0.879672
vt 0.154606 0.755924
vt 0.167709 0.852161
vt 0.207997 0.808637
vt 0.192796 0.859084
vt 0.202441 0.675806
vt 0.187000 0.722582
vt 0.167745 0.669737
vt 0.356604 0.793497
vt 0.422674 0.781150
vt 0.418864 0.816935
vt 0.489041 0.836171
vt 0.444336 0.846123
vt 0.490527 0.691702
vt 0.549042 0.690449
vt 0.457602 0.702381
vt 0.630705 0.744828
vt 0.574425 0.768541
vt 0.549325 0.751791
vt 0.650215 0.771303
vt 0.624074 0.805292
vt 0.583261 0.793202
vt 0.647807 0.733216
vt 0.597206 0.716676
vt 0.688400 0.756474
vt 0.679220 0.788530
vt 0.688750 0.689591
vt 0.639291 0.684046
vt 0.668694 0.657450
vt 0.796263 0.661730
vt 0.763715 0.683160
vt 0.752347 0.633107
vt 0.240235 0.746709
vt 0.286670 0.736158
vt 0.263546 0.752516
vt 0.303371 0.741523
vt 0.604780 0.709603
vt 0.564437 0.710426
vt 0.717454 0.777072
vt 0.685653 0.745042
vt 0.462475 0.981514
vt 0.506702 0.975106
vt 0.443106 0.991543
vt 0.575262 0.054571
vt 0.635935 0.062336
vt 0.564843 0.085939
vt 0.724878 0.970717
vt 0.749896 0.928047
vt 0.778438 0.972489
vt 0.266268 0.063564
vt 0.332039 0.048365
vt 0.324415 0.069585
vt 0.437980 0.066805
vt 0.438245 0.096829
vt 0.407402 0.101343
vt 0.439705 0.022729
vt 0.470215 0.042703
vt 0.419218 0.050884
vt 0.345548 0.988456
vt 0.409338 0.964163
vt 0.390739 0.996960
vt 0.351726 0.955456
vt 0.376203 0.922243
vt 0.409030 0.941874
vt 0.495360 0.895411
vt 0.498858 0.868986
vt 0.571854 0.895802
vt 0.703022 0.940594
vt 0.760772 0.897371
vt 0.650405 0.836603
vt 0.720722 0.842052
vt 0.669708 0.864389
vt 0.701837 0.808181
vt 0.736659 0.776383
vt 0.705636 0.741955
vt 0.757524 0.760084
vt 0.743265 0.723375
vt 0.787705 0.730682
vt 0.739222 0.897263
vt 0.719435 0.915023
vt 0.729986 0.893569
vt 0.718166 0.919980
vt 0.469033 0.974881
vt 0.518359 0.965633
vt 0.744699 0.861471
vt 0.746271 0.859344
vt 0.421466 0.013442
vt 0.386406 0.052849
vt 0.387339 0.028146
vt 0.431923 0.987092
vt 0.430677 0.993605
vt 0.412624 1.005441
vt 0.211711 0.447644
vt 0.253764 0.459105
vt 0.203688 0.453917
vt 0.578813 0.452133
vt 0.579671 0.471381
vt 0.535437 0.475122
vt 0.325505 0.426346
vt 0.383160 0.411680
vt 0.368237 0.445045
vt 0.140486 0.476962
vt 0.153859 0.491301
vt 0.148603 0.590298
vt 0.449147 0.516717
vt 0.514466 0.502030
vt 0.525975 0.535716
vt 0.533805 0.563025
vt 0.587938 0.547104
vt 0.610729 0.564952
vt 0.217475 0.346960
vt 0.194517 0.386976
vt 0.187068 0.352177
vt 0.156079 0.100808
vt 0.161474 0.225747
vt 0.140011 0.168227
vt 0.179265 0.526402
vt 0.184623 0.587513
vt 0.163553 0.535469
vt 0.206299 0.494376
vt 0.176931 0.489001
vt 0.254241 0.337551
vt 0.259920 0.369686
vt 0.289159 0.315487
vt 0.355266 0.324296
vt 0.311076 0.354636
vt 0.324640 0.387434
vt 0.372832 0.379483
vt 0.395288 0.356794
vt 0.466440 0.360023
vt 0.440313 0.387252
vt 0.450364 0.490932
vt 0.527824 0.494141
vt 0.540126 0.417108
vt 0.516505 0.434395
vt 0.590364 0.377115
vt 0.647876 0.402443
vt 0.565159 0.397317
vt 0.159374 0.398552
vt 0.178342 0.432475
vt 0.566571 0.496740
vt 0.633140 0.438140
vt 0.613565 0.456841
vt 0.542073 0.486699
vt 0.495285 0.487915
vt 0.426289 0.480543
vt 0.372341 0.480881
vt 0.338978 0.466360
vt 0.240438 0.444545
vt 0.278489 0.453741
vt 0.585599 0.476974
vt 0.669789 0.418264
vt 0.689160 0.407190
vt 0.664760 0.432289
vt 0.206255 0.432721
vt 0.166724 0.474926
vt 0.211278 0.441909
vt 0.186414 0.462488
vt 0.189846 0.457902
vt 0.544773 0.139968
vt 0.497294 0.159020
vt 0.456835 0.129198
vt 0.610134 0.171506
vt 0.563005 0.166000
vt 0.738335 0.154630
vt 0.775933 0.174225
vt 0.727135 0.191857
vt 0.766129 0.227309
vt 0.772164 0.281425
vt 0.747097 0.263743
vt 0.301620 0.111689
vt 0.332255 0.142988
vt 0.275625 0.155843
vt 0.428667 0.147598
vt 0.396397 0.137596
vt 0.632452 0.328660
vt 0.594813 0.345788
vt 0.558103 0.312516
vt 0.694489 0.253761
vt 0.723045 0.280203
vt 0.656341 0.246965
vt 0.659734 0.371991
vt 0.690158 0.391648
vt 0.712142 0.443567
vt 0.737107 0.415264
vt 0.760071 0.444341
vt 0.436584 0.199848
vt 0.490397 0.213475
vt 0.444372 0.209746
vt 0.491868 0.220844
vt 0.713402 0.367673
vt 0.703018 0.382679
vt 0.710928 0.360350
vt 0.387360 0.154213
vt 0.402254 0.177704
vt 0.745680 0.313738
vt 0.773575 0.333846
vt 0.385609 0.122336
vt 0.394909 0.110988
vt 0.362146 0.158274
vt 0.394363 0.198154
vt 0.370693 0.193678
vt 0.376032 0.155422
vt 0.410869 0.196390
vt 0.713835 0.294226
vt 0.718269 0.326642
vt 0.706007 0.303667
vt 0.736297 0.351372
vt 0.481445 0.223579
vt 0.477571 0.229657
vt 0.411517 0.212307
vt 0.541644 0.235510
vt 0.607944 0.244287
vt 0.614852 0.236321
vt 0.662104 0.271770
vt 0.695895 0.279572
vt 0.694720 0.288561
vt 0.765328 0.390287
vt 0.791339 0.413330
vt 0.751228 0.487662
vt 0.781803 0.484632
vt 0.806883 0.446416
vt 0.805166 0.565707
vt 0.820273 0.455576
vt 0.770471 0.543165
vt 0.690744 0.344822
vt 0.716297 0.231185
vt 0.323777 0.169551
vt 0.332288 0.195133
vt 0.708077 0.410917
vt 0.739821 0.363404
vt 0.412961 0.234485
vt 0.353310 0.217444
vt 0.653146 0.294644
vt 0.521799 0.352699
vt 0.436480 0.333348
vt 0.460673 0.313737
vt 0.510581 0.295224
vt 0.554215 0.272369
vt 0.603359 0.280036
vt 0.588766 0.212283
vt 0.553811 0.225126
vt 0.490649 0.247401
vt 0.470661 0.282498
vt 0.427719 0.272353
vt 0.552403 0.195399
vt 0.365311 0.299377
vt 0.379419 0.270541
vt 0.332531 0.256576
vt 0.295743 0.281921
vt 0.248408 0.296352
vt 0.292384 0.236316
vt 0.406652 0.162688
vt 0.285194 0.198239
vt 0.240756 0.124018
vt 0.222369 0.180112
vt 0.185512 0.214578
vt 0.228237 0.228221
vt 0.218903 0.265058
vt 0.256179 0.211153
vt 0.192613 0.153415
vt 0.194438 0.102921
vt 0.256870 0.260889
vt 0.792027 0.197245
vt 0.804037 0.253615
vt 0.674968 0.217073
vt 0.761301 0.119499
vt 0.636521 0.208698
vt 0.664893 0.178684
vt 0.621455 0.133553
vt 0.675498 0.151092
vt 0.629959 0.096186
vt 0.679780 0.123832
vt 0.725385 0.107427
vt 0.571609 0.116861
vt 0.501448 0.114450
vt 0.455381 0.173183
vt 0.626054 0.506153
vt 0.576417 0.520633
vt 0.175314 0.491440
vt 0.165386 0.591469
vt 0.156471 0.579100
vt 0.217643 0.424155
vt 0.639641 0.445533
vt 0.622188 0.460972
vt 0.606791 0.479835
vt 0.383695 0.469567
vt 0.318618 0.454519
vt 0.271044 0.447053
vt 0.269559 0.438311
vt 0.445319 0.478529
vt 0.359024 0.458194
vt 0.426074 0.469036
vt 0.495408 0.477948
vt 0.498907 0.483606
vt 0.698657 0.472942
vt 0.730925 0.521972
vt 0.653255 0.476393
vt 0.685510 0.510456
vt 0.750865 0.585817
vt 0.786986 0.595127
vt 0.689391 0.559382
vt 0.693035 0.594742
vt 0.642275 0.535188
vt 0.620925 0.584881
vt 0.561732 0.587855
vt 0.618759 0.424302
vt 0.675312 0.440853
vt 0.635913 0.464963
vt 0.227128 0.395180
vt 0.484591 0.456721
vt 0.489499 0.392196
vt 0.419533 0.444381
vt 0.328239 0.493032
vt 0.375722 0.510222
vt 0.275890 0.412483
vt 0.314296 0.470448
vt 0.284643 0.498727
vt 0.215109 0.309097
vt 0.165619 0.622517
vt 0.141975 0.960923
vt 0.142230 0.680834
vt 0.164239 0.315944
vt 0.145918 0.282882
vt 0.187843 0.277873
vt 0.134826 0.039473
vt 0.408716 0.586223
vt 0.452186 0.566738
vt 0.468639 0.588525
vt 0.312882 0.536601
vt 0.370299 0.540547
vt 0.316649 0.582757
vt 0.368723 0.565339
vt 0.267609 0.547910
vt 0.273678 0.592674
vt 0.221429 0.527596
vt 0.214674 0.560894
vt 0.233210 0.594660
vt 0.792795 0.855804
vt 0.789387 0.918649
vt 0.397739 0.057902
vt 0.403990 0.064920
vt 0.388097 0.095943
vt 0.377450 0.091847
vt 0.360086 0.115886
vt 0.368747 0.064476
vt 0.427276 0.024791
vt 0.409224 0.036627
vt 0.428523 0.018277
vt 0.424866 0.982256
vt 0.432804 0.971151
vt 0.729324 0.802024
vt 0.710776 0.780997
vt 0.740284 0.821692
vt 0.762568 0.839496
vt 0.563436 0.950899
vt 0.508838 0.962640
vt 0.500795 0.956859
vt 0.631393 0.942407
vt 0.601971 0.940576
vt 0.646867 0.931584
vt 0.683128 0.934704
vt 0.691234 0.919468
vt 0.821476 0.732243
vt 0.801697 0.779503
vt 0.812550 0.868445
vt 0.807128 0.123054
vt 0.813981 0.018476
vt 0.816312 0.042831
vt 0.806926 0.017129
vt 0.796593 0.115595
vt 0.684270 0.895146
vt 0.571154 0.836276
vt 0.587726 0.862534
vt 0.605700 0.883072
vt 0.635927 0.909098
vt 0.623115 0.976782
vt 0.652588 0.952305
vt 0.676695 0.980621
vt 0.413664 0.893371
vt 0.399418 0.866187
vt 0.546263 0.927245
vt 0.592681 0.927492
vt 0.485329 0.937636
vt 0.580772 0.963576
vt 0.574191 0.993442
vt 0.443076 0.915323
vt 0.337995 0.909189
vt 0.327993 0.886956
vt 0.311129 0.933876
vt 0.279477 0.906826
vt 0.277899 0.068911
vt 0.342148 0.019642
vt 0.216773 0.056929
vt 0.225244 0.064735
vt 0.189928 0.045800
vt 0.275348 0.959266
vt 0.810327 0.985944
vt 0.744384 0.073041
vt 0.630785 0.038699
vt 0.673295 0.011807
vt 0.686848 0.046221
vt 0.693664 0.083795
vt 0.570790 0.024628
vt 0.508825 0.058582
vt 0.507027 0.083808
vt 0.350501 0.088881
vt 0.620789 0.652372
vt 0.582245 0.678267
vt 0.569639 0.646002
vt 0.178416 0.732525
vt 0.185618 0.721820
vt 0.231912 0.757604
vt 0.654855 0.729389
vt 0.562475 0.698222
vt 0.608884 0.697027
vt 0.225505 0.765981
vt 0.296783 0.749751
vt 0.341254 0.744994
vt 0.350591 0.734508
vt 0.413041 0.716378
vt 0.401865 0.710124
vt 0.487705 0.714512
vt 0.526450 0.702919
vt 0.535919 0.709025
vt 0.720624 0.659990
vt 0.693928 0.623336
vt 0.622294 0.615072
vt 0.549953 0.616242
vt 0.181318 0.784516
vt 0.168560 0.739451
vt 0.718412 0.703937
vt 0.514520 0.730414
vt 0.534330 0.814554
vt 0.473065 0.799024
vt 0.491225 0.775559
vt 0.447263 0.744216
vt 0.389475 0.747955
vt 0.350468 0.701204
vt 0.342102 0.722751
vt 0.392705 0.680925
vt 0.439936 0.696199
vt 0.356486 0.809248
vt 0.355136 0.844553
vt 0.351690 0.765192
vt 0.304394 0.698522
vt 0.301942 0.770805
vt 0.295458 0.815395
vt 0.294645 0.866885
vt 0.266435 0.845519
vt 0.235007 0.829782
vt 0.208194 0.773796
vt 0.223921 0.978379
vt 0.238846 0.934470
vt 0.168115 0.974213
vt 0.444496 0.646418
vt 0.458602 0.616784
vt 0.376453 0.628512
vt 0.369842 0.605483
vt 0.251650 0.769068
vt 0.260917 0.789005
vt 0.656334 0.712196
vt 0.156380 0.669503
vt 0.217556 0.749409
vt 0.222332 0.710602
vt 0.355743 0.728592
vt 0.161245 0.604946
vt 0.170196 0.665207
vt 0.606450 0.705320
vt 0.737399 0.039564
vt 0.619715 0.007968
vt 0.775037 0.003674
vt 0.787435 0.055788
vt 0.577998 0.956089
vt 0.635224 0.946235
vt 0.740693 0.832634
vt 0.763286 0.805947
vt 0.450331 0.544625
vt 0.442790 0.419635
vt 0.551135 0.246433
vt 0.416733 0.192350
vt 0.550544 0.232460
vt 0.806062 0.330089
vt 0.691767 0.272206
vt 0.653637 0.256446
vt 0.374365 0.123631
vt 0.395049 0.178098
vt 0.721718 0.326673
vt 0.602898 0.247753
vt 0.601759 0.254330
vt 0.656261 0.261798
vt 0.815170 0.176065
vt 0.497150 0.189668
vt 0.242300 0.488111
vt 0.524768 0.592895
vt 0.383813 0.652646
vt 0.683716 0.929989
vt 0.518643 0.996948
vt 0.285048 0.990361
vt 0.721478 0.001903
vt 0.515242 0.028134
vt 0.207891 0.748720
vt 0.651952 0.723151
vt 0.410660 0.721418
vt 0.417326 0.726659
vt 0.474526 0.705186
vt 0.471211 0.710252
vt 0.519903 0.698883
vt 0.261703 0.711823
vt 0.199939 0.020790
vt 0.160966 0.052763
s 1
usemtl Material.001
f 492/1/1 8/2/2 139/3/3
f 137/4/4 9/5/5 492/1/1
f 9/5/5 8/2/2 492/1/1
f 138/6/6 14/7/7 147/8/8
f 488/9/9 149/10/10 134/11/11
f 487/12/12 204/13/13 486/14/14
f 486/14/14 198/15/15 152/16/16
f 6/17/17 194/18/18 196/19/19
f 153/20/20 154/21/21 483/22/22
f 483/22/22 20/23/23 160/24/24
f 482/25/25 31/26/26 33/27/27
f 202/28/28 165/29/29 481/30/30
f 157/31/31 166/32/32 156/33/33
f 37/34/34 202/28/28 479/35/35
f 189/36/36 203/37/37 157/31/31
f 23/38/38 21/39/39 475/40/40
f 443/41/41 25/42/42 474/43/43
f 35/44/44 184/45/45 171/46/46
f 171/46/46 184/45/45 181/47/47
f 36/48/48 479/35/35 27/49/49
f 437/50/50 189/36/36 469/51/51
f 64/52/52 252/53/53 467/54/54
f 213/55/55 49/56/56 464/57/57
f 220/58/58 447/59/59 461/60/60
f 458/61/61 448/62/62 264/63/63
f 47/64/64 46/65/65 265/66/66
f 467/67/54 207/68/67 456/69/68
f 225/70/69 261/71/70 68/72/71
f 460/73/72 55/74/73 226/75/74
f 229/76/75 227/77/76 494/78/77
f 243/79/78 435/80/79 447/59/59
f 449/81/80 446/82/81 450/83/82
f 203/37/37 445/84/83 449/81/80
f 255/85/84 188/86/85 238/87/86
f 238/87/86 26/88/87 442/89/88
f 501/90/89 62/91/90 59/92/91
f 501/90/89 435/80/79 241/93/92
f 252/53/53 239/94/93 248/95/94
f 252/53/53 64/52/52 239/94/93
f 501/90/89 66/96/95 253/97/96
f 61/98/97 257/99/98 68/100/71
f 240/101/99 69/102/100 256/103/101
f 95/104/102 319/105/103 434/106/104
f 419/107/105 97/108/106 87/109/107
f 295/110/108 291/111/109 328/112/110
f 285/113/111 102/114/112 42/115/113
f 277/116/114 420/117/115 430/118/116
f 278/119/117 72/120/118 266/121/119
f 267/122/120 426/123/121 429/124/122
f 150/125/123 287/126/124 283/127/125
f 75/128/126 5/129/127 428/130/128
f 434/106/104 268/131/129 427/132/130
f 267/122/120 293/133/131 289/134/132
f 79/135/133 81/136/134 290/137/135
f 80/138/136 296/139/137 291/111/109
f 425/140/138 82/141/139 495/142/140
f 311/143/141 91/144/142 420/117/115
f 301/145/143 419/107/105 422/146/144
f 302/147/145 330/148/146 421/149/147
f 286/150/148 100/151/149 102/114/112
f 420/117/115 91/144/142 411/152/150
f 323/153/151 98/154/152 419/107/105
f 88/155/153 91/144/142 309/156/154
f 416/157/155 313/158/156 415/159/157
f 319/105/103 307/160/158 315/161/159
f 319/105/103 95/104/102 307/160/158
f 88/155/153 97/108/106 320/162/160
f 322/163/161 394/164/162 413/165/163
f 90/166/164 325/167/165 100/151/149
f 308/168/166 101/169/167 324/170/168
f 335/171/169 338/172/170 333/173/171
f 107/174/172 340/175/173 335/171/169
f 408/176/174 337/177/175 344/178/176
f 407/179/177 362/180/178 346/181/179
f 54/182/180 390/183/181 350/184/182
f 333/173/171 106/185/183 132/186/184
f 360/187/185 353/188/186 358/189/187
f 402/190/188 122/191/189 124/192/190
f 354/193/191 302/147/145 353/188/186
f 393/194/192 330/148/146 354/193/191
f 86/195/193 363/196/194 399/197/195
f 126/198/196 378/199/197 364/200/198
f 364/200/198 378/199/197 374/201/199
f 395/202/200 129/203/201 128/204/202
f 384/205/203 132/186/184 130/206/204
f 391/207/205 122/191/189 346/181/179
f 114/208/206 391/207/205 362/180/178
f 392/209/207 71/210/208 132/186/184
f 383/211/209 120/212/210 119/213/211
f 131/214/212 384/205/203 365/215/213
f 129/203/201 393/194/192 128/204/202
f 394/164/162 322/163/161 393/194/192
f 394/164/162 129/203/201 395/202/200
f 366/216/214 127/217/215 117/218/216
f 379/219/217 366/216/214 122/191/189
f 120/212/210 364/200/198 377/220/218
f 376/221/219 398/222/220 377/220/218
f 376/221/219 377/220/218 373/223/221
f 397/224/222 372/225/223 124/192/190
f 368/226/224 123/227/225 121/228/226
f 121/228/226 123/227/225 117/218/216
f 365/215/213 126/198/196 364/200/198
f 120/212/210 365/215/213 364/200/198
f 399/197/195 116/229/227 115/230/228
f 85/231/229 399/197/195 400/232/230
f 400/232/230 115/230/228 361/233/231
f 237/234/232 361/233/231 236/235/233
f 304/236/234 400/232/230 237/234/232
f 128/204/202 393/194/192 401/237/235
f 127/217/215 401/237/235 117/218/216
f 345/238/236 346/181/179 402/190/188
f 347/239/237 119/213/211 499/240/238
f 390/183/181 383/211/209 347/239/237
f 381/241/239 379/219/217 410/242/240
f 86/195/193 381/241/239 363/196/194
f 398/222/220 387/243/241 105/244/242
f 401/237/235 354/193/191 360/187/185
f 401/237/235 360/187/185 359/245/243
f 299/246/244 297/247/245 403/248/246
f 299/246/244 82/141/139 297/247/245
f 358/189/187 403/248/246 112/249/247
f 353/188/186 299/246/244 358/189/187
f 358/189/187 112/249/247 111/250/248
f 357/251/249 358/189/187 111/250/248
f 108/252/250 372/225/223 375/253/251
f 389/254/252 404/255/253 352/256/254
f 389/254/252 111/250/248 404/255/253
f 108/252/250 375/253/251 341/257/255
f 405/258/256 81/136/134 79/135/133
f 387/243/241 356/259/257 355/260/258
f 387/243/241 352/256/254 356/259/257
f 406/261/259 79/135/133 74/262/260
f 105/244/242 355/260/258 104/263/261
f 499/240/238 119/213/211 105/244/242
f 500/264/262 130/206/204 132/186/184
f 333/173/171 132/186/184 265/66/66
f 350/184/182 347/239/237 351/265/263
f 52/266/264 350/184/182 348/267/265
f 281/268/266 349/269/267 279/270/268
f 348/267/265 110/271/269 349/269/267
f 280/272/270 348/267/265 281/268/266
f 223/273/271 52/266/264 280/272/270
f 279/270/268 332/274/272 74/262/260
f 407/179/177 346/181/179 345/238/236
f 331/275/273 103/276/274 407/179/177
f 344/178/176 345/238/236 109/277/275
f 344/178/176 407/179/177 345/238/236
f 218/278/276 337/177/175 408/176/174
f 107/174/172 343/279/277 108/252/250
f 342/280/278 109/277/275 343/279/277
f 336/281/279 409/282/280 107/174/172
f 48/283/281 215/284/282 336/281/279
f 51/285/283 408/176/174 215/284/282
f 215/284/282 408/176/174 409/282/280
f 107/174/172 341/257/255 340/175/173
f 212/286/284 335/171/169 210/287/285
f 336/281/279 335/171/169 212/286/284
f 338/172/170 334/288/286 106/185/183
f 210/287/285 333/173/171 46/65/65
f 376/221/219 389/254/252 387/243/241
f 410/242/240 379/219/217 391/207/205
f 116/229/227 410/242/240 114/208/206
f 121/228/226 359/245/243 368/226/224
f 411/152/150 84/289/287 73/290/288
f 326/291/289 428/130/128 412/292/290
f 327/293/291 42/115/113 102/114/112
f 324/170/168 101/169/167 326/291/289
f 325/167/165 102/114/112 100/151/149
f 308/168/166 324/170/168 326/291/289
f 308/168/166 325/167/165 90/166/164
f 90/166/164 100/151/149 89/294/292
f 98/154/152 323/153/151 99/295/293
f 99/295/293 323/153/151 322/163/161
f 414/296/294 99/295/293 413/165/163
f 88/155/153 96/297/295 91/144/142
f 312/298/296 415/159/157 314/299/297
f 314/299/297 318/300/298 317/301/299
f 94/302/300 416/157/155 312/298/296
f 312/298/296 498/303/301 93/304/302
f 91/144/142 311/143/141 416/157/155
f 94/302/300 93/304/302 310/305/303
f 92/306/304 310/305/303 87/109/107
f 88/155/153 92/306/304 87/109/107
f 307/160/158 90/166/164 318/300/298
f 95/104/102 308/168/166 307/160/158
f 306/307/305 85/231/229 305/308/306
f 329/309/307 306/307/305 303/310/308
f 305/308/306 304/236/234 169/311/309
f 304/236/234 24/312/310 169/311/309
f 417/313/311 169/311/309 168/314/312
f 303/310/308 305/308/306 417/313/311
f 84/289/287 303/310/308 83/315/313
f 266/121/119 417/313/311 167/316/314
f 83/315/313 417/313/311 266/121/119
f 266/121/119 167/316/314 1/317/315
f 418/318/316 323/153/151 419/107/105
f 420/117/115 411/152/150 73/290/288
f 321/319/317 86/195/193 306/307/305
f 496/320/318 321/319/317 329/309/307
f 426/123/121 292/321/319 89/294/292
f 421/149/147 418/318/316 301/145/143
f 422/146/144 419/107/105 300/322/320
f 82/141/139 423/323/321 495/142/140
f 291/111/109 298/324/322 328/112/110
f 77/325/323 313/158/156 275/326/324
f 296/139/137 495/142/140 291/111/109
f 290/137/135 425/140/138 296/139/137
f 294/327/325 80/138/136 295/110/108
f 316/328/326 77/325/323 273/329/327
f 293/133/131 79/135/133 290/137/135
f 292/321/319 289/134/132 294/327/325
f 282/330/328 74/262/260 293/133/131
f 426/123/121 267/122/120 292/321/319
f 101/169/167 427/132/130 428/130/128
f 428/130/128 5/129/127 206/331/329
f 151/332/330 285/113/111 205/333/331
f 287/126/124 284/334/332 78/335/333
f 281/268/266 288/336/334 287/126/124
f 150/125/123 283/127/125 151/337/330
f 280/272/270 281/268/266 150/125/123
f 284/334/332 429/124/122 286/150/148
f 282/330/328 267/122/120 429/124/122
f 288/336/334 282/330/328 284/334/332
f 279/270/268 282/330/328 288/336/334
f 430/118/116 73/290/288 72/120/118
f 11/338/335 431/339/336 146/340/337
f 76/341/338 275/326/324 274/342/339
f 270/343/340 432/344/341 11/338/335
f 76/341/338 274/342/339 432/344/341
f 273/329/327 76/341/338 272/345/342
f 272/345/342 270/343/340 141/346/343
f 271/347/344 272/345/342 433/348/345
f 268/131/129 271/347/344 75/128/126
f 433/348/345 7/349/346 5/129/127
f 75/128/126 433/348/345 5/129/127
f 300/322/320 87/109/107 310/305/303
f 300/322/320 310/305/303 93/304/302
f 95/104/102 434/106/104 101/169/167
f 435/80/79 58/350/347 44/351/348
f 258/352/349 259/353/350 436/354/351
f 260/355/352 385/356/353 70/357/354
f 69/358/100 259/353/350 256/359/101
f 256/359/101 259/353/350 258/352/349
f 257/99/98 70/357/354 68/100/71
f 240/360/99 256/359/101 258/352/349
f 240/360/99 257/99/98 61/98/97
f 61/361/97 68/72/71 60/362/355
f 67/363/356 39/364/357 437/50/50
f 437/50/50 188/86/85 255/85/84
f 438/365/358 67/363/356 437/50/50
f 501/90/89 65/366/359 435/80/79
f 247/367/360 251/368/361 250/369/362
f 245/370/363 497/371/364 244/372/365
f 435/80/79 243/79/78 441/373/366
f 62/91/90 242/374/367 59/92/91
f 239/94/93 61/361/97 251/368/361
f 64/52/52 240/101/99 239/94/93
f 442/89/88 25/42/42 443/41/41
f 443/41/41 24/312/310 237/234/232
f 444/375/368 237/234/232 236/235/233
f 58/350/347 234/376/369 57/377/370
f 57/378/370 444/379/368 233/380/371
f 43/381/372 233/380/371 221/382/373
f 445/84/83 67/363/356 446/82/81
f 446/82/81 66/96/95 59/92/91
f 447/59/59 435/80/79 44/351/348
f 450/83/82 446/82/81 232/383/374
f 451/384/375 449/81/80 231/385/376
f 227/77/76 231/385/376 494/78/77
f 20/23/23 451/384/375 227/77/76
f 452/386/377 230/387/378 494/78/77
f 50/388/379 246/389/380 217/390/381
f 453/391/382 227/77/76 229/76/75
f 453/391/382 19/392/383 227/77/76
f 228/393/384 494/78/77 262/394/385
f 56/395/386 229/76/75 228/393/384
f 249/396/387 50/388/379 214/397/388
f 55/74/73 453/391/382 454/398/389
f 455/399/390 17/400/391 453/391/382
f 226/75/74 454/398/389 56/395/386
f 226/75/74 55/74/73 454/398/389
f 45/401/392 455/399/390 55/74/73
f 45/401/392 3/402/393 455/399/390
f 460/73/72 261/71/70 225/70/69
f 69/358/100 456/69/68 259/353/350
f 259/353/350 265/66/66 71/210/208
f 457/403/394 225/404/69 448/62/62
f 458/61/61 264/63/63 54/182/180
f 52/266/264 458/61/61 54/182/180
f 224/405/395 457/403/394 458/61/61
f 223/273/271 459/406/396 52/266/264
f 148/407/397 224/405/395 459/406/396
f 53/408/398 460/73/72 225/70/69
f 461/60/60 44/351/348 43/409/372
f 51/285/283 462/410/399 218/278/276
f 209/411/400 217/412/381 216/413/401
f 215/284/282 463/414/402 51/285/283
f 463/414/402 462/410/399 51/285/283
f 49/56/56 216/413/401 463/414/402
f 214/415/388 209/411/400 213/55/55
f 464/57/57 212/286/284 210/287/285
f 207/68/67 211/416/403 47/64/64
f 47/64/64 465/417/404 46/65/65
f 54/182/180 466/418/405 385/356/353
f 494/78/77 230/387/378 262/394/385
f 261/71/70 226/75/74 56/395/386
f 232/383/374 59/92/91 242/374/367
f 477/419/406 197/420/407 2/421/408
f 21/39/39 197/420/407 477/419/406
f 192/422/409 193/423/410 172/424/411
f 38/425/412 189/36/36 37/34/34
f 173/426/413 36/48/48 27/49/49
f 185/427/414 173/426/413 31/26/26
f 29/428/415 171/46/46 183/429/416
f 179/430/417 183/429/416 180/431/418
f 472/432/419 178/433/420 33/27/27
f 175/434/421 32/435/422 30/436/423
f 30/436/423 32/435/422 27/49/49
f 172/424/411 35/44/44 171/46/46
f 29/428/415 172/424/411 171/46/46
f 474/43/43 22/437/424 476/438/425
f 475/40/40 21/39/39 477/419/406
f 168/314/312 478/439/426 167/316/314
f 478/439/426 2/421/408 133/440/427
f 478/439/426 133/440/427 1/317/315
f 37/34/34 189/36/36 202/28/28
f 204/13/13 480/441/428 486/14/14
f 204/13/13 191/442/429 480/441/428
f 26/88/87 188/86/85 170/443/430
f 202/28/28 157/31/31 165/29/29
f 479/35/35 481/30/30 164/444/431
f 163/445/432 20/23/23 155/446/433
f 162/447/434 163/445/432 155/446/433
f 165/29/29 156/33/33 162/447/434
f 161/448/435 154/21/21 201/449/436
f 10/450/437 178/433/420 182/451/438
f 145/452/439 200/453/440 178/433/420
f 18/454/441 483/22/22 484/455/442
f 154/21/21 155/446/433 483/22/22
f 159/456/443 154/21/21 153/20/20
f 10/450/437 182/451/438 142/457/444
f 484/455/442 19/392/383 17/400/391
f 493/458/445 153/20/20 158/459/446
f 485/460/447 17/400/391 3/402/393
f 4/461/448 485/460/447 134/11/11
f 135/462/449 158/459/446 4/461/448
f 480/441/428 28/463/450 198/15/15
f 205/333/331 204/13/13 487/12/12
f 224/464/395 488/9/9 15/465/451
f 223/273/271 150/125/123 148/407/397
f 151/332/330 487/12/12 489/466/452
f 149/10/10 135/462/449 4/461/448
f 152/16/16 198/15/15 135/462/449
f 15/465/451 134/11/11 3/402/393
f 133/440/427 2/421/408 138/6/6
f 12/467/453 138/6/6 147/8/8
f 490/468/454 138/6/6 12/467/453
f 9/5/5 145/452/439 10/450/437
f 137/4/4 491/469/455 9/5/5
f 270/343/340 143/470/456 137/4/4
f 11/338/335 490/468/454 143/470/456
f 143/470/456 490/468/454 491/469/455
f 9/5/5 142/457/444 8/2/2
f 141/346/343 492/1/1 7/349/346
f 270/343/340 137/4/4 141/346/343
f 139/3/3 6/17/17 206/331/329
f 179/430/417 201/449/436 159/456/443
f 199/471/457 493/458/445 16/472/458
f 183/429/416 179/430/417 493/458/445
f 23/38/38 187/473/459 21/39/39
f 30/436/423 164/444/431 175/434/421
f 30/436/423 27/49/49 164/444/431
f 493/458/445 179/430/417 159/456/443
f 204/13/13 195/474/460 191/442/429
f 139/3/3 8/2/2 6/17/17
f 9/5/5 10/450/437 142/457/444
f 486/14/14 488/9/9 489/466/452 487/12/12
f 145/452/439 147/8/8 200/453/440
f 490/468/454 133/440/427 138/6/6
f 134/11/11 149/10/10 4/461/448
f 40/475/461 194/18/18 136/476/462 35/44/44
f 488/9/9 152/16/16 149/10/10
f 486/14/14 480/441/428 198/15/15
f 182/451/438 178/433/420 472/432/419 471/477/463
f 158/459/446 153/20/20 18/454/441
f 483/22/22 155/446/433 20/23/23
f 178/433/420 200/453/440 33/27/27
f 481/30/30 165/29/29 162/447/434
f 156/33/33 166/32/32 163/445/432
f 479/35/35 202/28/28 481/30/30
f 157/31/31 203/37/37 166/32/32
f 480/441/428 191/442/429 28/463/450
f 14/7/7 197/420/407 31/26/26
f 189/36/36 39/364/357 203/37/37
f 476/438/425 22/437/424 475/40/40
f 474/43/43 25/42/42 22/437/424
f 172/424/411 40/475/461 35/44/44
f 182/451/438 471/477/463 181/47/47 184/45/45
f 41/478/464 196/19/19 468/479/465 412/292/290
f 183/429/416 199/471/457 29/428/415
f 173/426/413 186/480/466 36/48/48
f 219/481/467 462/410/399 463/414/402 216/413/401
f 466/418/405 264/63/63 70/357/354
f 464/57/57 49/56/56 48/283/281
f 214/415/388 50/482/379 209/411/400
f 461/483/60 222/484/468 462/410/399 219/481/467
f 450/83/82 452/386/377 231/385/376 449/81/80
f 221/382/373 222/484/468 43/381/372
f 459/406/396 224/405/395 458/61/61
f 68/72/71 261/71/70 60/362/355
f 227/77/76 160/24/24 20/23/23
f 68/100/71 70/357/354 448/62/62 225/404/69
f 163/445/432 166/32/32 451/384/375
f 166/32/32 203/37/37 449/81/80
f 249/396/387 439/485/469 440/486/470 246/389/380
f 446/82/81 67/363/356 254/487/471
f 203/37/37 39/364/357 445/84/83
f 43/381/372 57/378/370 233/380/371
f 57/377/370 234/376/369 444/375/368
f 58/350/347 263/488/472 234/376/369
f 64/52/52 69/102/100 240/101/99
f 248/95/94 439/485/469 249/396/387 252/53/53
f 276/489/473 431/339/336 432/344/341 274/342/339
f 438/365/358 254/487/471 67/363/356
f 436/354/351 259/353/350 71/210/208
f 96/297/295 496/320/318 329/309/307
f 272/345/342 76/341/338 270/343/340
f 273/329/327 77/325/323 76/341/338
f 430/118/116 278/119/117 431/339/336 276/489/473
f 422/146/144 424/490/474 423/323/321 301/145/143
f 1/317/315 278/119/117 266/121/119
f 283/127/125 287/126/124 78/335/333
f 283/127/125 78/335/333 285/113/111
f 100/151/149 426/123/121 89/294/292
f 289/134/132 290/137/135 80/138/136
f 316/328/326 313/158/156 77/325/323
f 425/140/138 297/247/245 82/141/139
f 421/149/147 423/323/321 299/246/244 302/147/145
f 323/153/151 418/318/316 330/148/146 322/163/161
f 421/149/147 330/148/146 418/318/316
f 321/319/317 381/241/239 86/195/193
f 315/161/159 415/159/157 316/328/326 319/105/103
f 72/120/118 83/315/313 266/121/119
f 83/315/313 303/310/308 417/313/311
f 84/289/287 329/309/307 303/310/308
f 305/308/306 85/231/229 304/236/234
f 306/307/305 86/195/193 85/231/229
f 415/159/157 313/158/156 316/328/326
f 344/178/176 342/280/278 409/282/280 408/176/174
f 88/155/153 87/109/107 97/108/106
f 414/296/294 98/154/152 99/295/293
f 326/291/289 101/169/167 428/130/128
f 121/228/226 117/218/216 359/245/243
f 389/254/252 388/491/475 111/250/248
f 390/183/181 385/356/353 383/211/209
f 336/281/279 107/174/172 335/171/169
f 107/174/172 108/252/250 341/257/255
f 118/492/476 500/264/262 334/288/286 126/198/196
f 280/272/270 52/266/264 348/267/265
f 351/265/263 347/239/237 499/240/238
f 375/253/251 372/225/223 397/224/222 396/493/477
f 404/255/253 112/249/247 403/248/246
f 353/188/186 302/147/145 299/246/244
f 354/193/191 330/148/146 302/147/145
f 347/239/237 383/211/209 119/213/211
f 393/194/192 322/163/161 330/148/146
f 361/233/231 115/230/228 113/494/478
f 304/236/234 85/231/229 400/232/230
f 85/231/229 86/195/193 399/197/195
f 365/215/213 118/492/476 126/198/196
f 366/216/214 367/495/479 122/191/189
f 367/495/479 369/496/480 124/192/190
f 375/253/251 396/493/477 374/201/199 378/199/197
f 392/209/207 384/205/203 131/214/212 386/497/481
f 377/220/218 398/222/220 120/212/210
f 392/209/207 436/354/351 71/210/208
f 391/207/205 379/219/217 122/191/189
f 362/180/178 391/207/205 346/181/179
f 384/205/203 392/209/207 132/186/184
f 131/214/212 383/211/209 385/356/353 386/497/481
f 386/497/481 260/355/352 392/209/207
f 130/206/204 118/492/476 365/215/213 382/498/482
f 385/356/353 260/355/352 386/497/481
f 382/498/482 384/205/203 130/206/204
f 383/211/209 131/214/212 120/212/210
f 395/202/200 379/219/217 381/241/239 394/164/162
f 120/212/210 131/214/212 365/215/213
f 365/215/213 384/205/203 382/498/482
f 119/213/211 120/212/210 398/222/220
f 129/203/201 394/164/162 393/194/192
f 394/164/162 381/241/239 321/319/317 413/165/163
f 128/204/202 127/217/215 380/499/483 395/202/200
f 396/493/477 397/224/222 371/500/484 373/223/221
f 379/219/217 395/202/200 380/499/483
f 366/216/214 380/499/483 127/217/215
f 379/219/217 380/499/483 366/216/214
f 377/220/218 364/200/198 374/201/199
f 396/493/477 373/223/221 377/220/218 374/201/199
f 373/223/221 371/500/484 370/501/485 388/491/475
f 397/224/222 369/496/480 125/502/486 371/500/484
f 388/491/475 376/221/219 373/223/221
f 369/496/480 397/224/222 124/192/190
f 125/502/486 368/226/224 370/501/485 371/500/484
f 367/495/479 123/227/225 125/502/486 369/496/480
f 122/191/189 367/495/479 124/192/190
f 114/208/206 113/494/478 115/230/228 116/229/227
f 368/226/224 125/502/486 123/227/225
f 123/227/225 367/495/479 366/216/214
f 117/218/216 123/227/225 366/216/214
f 399/197/195 363/196/194 116/229/227
f 400/232/230 399/197/195 115/230/228
f 237/234/232 400/232/230 361/233/231
f 24/312/310 304/236/234 237/234/232
f 103/276/274 235/503/487 236/235/233 113/494/478
f 362/180/178 103/276/274 113/494/478 114/208/206
f 236/235/233 361/233/231 113/494/478
f 331/275/273 221/382/373 235/503/487 103/276/274
f 410/242/240 116/229/227 363/196/194 381/241/239
f 401/237/235 393/194/192 354/193/191
f 127/217/215 128/204/202 401/237/235
f 402/190/188 346/181/179 122/191/189
f 402/190/188 124/192/190 109/277/275 345/238/236
f 119/213/211 398/222/220 105/244/242
f 398/222/220 376/221/219 387/243/241
f 360/187/185 354/193/191 353/188/186
f 117/218/216 401/237/235 359/245/243
f 358/189/187 357/251/249 359/245/243 360/187/185
f 358/189/187 299/246/244 403/248/246
f 124/192/190 372/225/223 343/279/277 109/277/275
f 108/252/250 343/279/277 372/225/223
f 297/247/245 81/136/134 405/258/256 403/248/246
f 403/248/246 405/258/256 352/256/254 404/255/253
f 378/199/197 339/504/488 341/257/255 375/253/251
f 404/255/253 111/250/248 112/249/247
f 405/258/256 406/261/259 355/260/258 356/259/257
f 406/261/259 405/258/256 79/135/133
f 406/261/259 332/274/272 104/263/261 355/260/258
f 356/259/257 352/256/254 405/258/256
f 387/243/241 389/254/252 352/256/254
f 339/504/488 378/199/197 126/198/196
f 332/274/272 406/261/259 74/262/260
f 351/265/263 110/271/269 348/267/265 350/184/182
f 105/244/242 387/243/241 355/260/258
f 106/185/183 334/288/286 500/264/262
f 106/185/183 500/264/262 132/186/184
f 265/66/66 132/186/184 71/210/208
f 46/65/65 333/173/171 265/66/66
f 105/244/242 104/263/261 351/265/263 499/240/238
f 350/184/182 390/183/181 347/239/237
f 52/266/264 54/182/180 350/184/182
f 281/268/266 348/267/265 349/269/267
f 110/271/269 351/265/263 104/263/261
f 104/263/261 332/274/272 349/269/267 110/271/269
f 279/270/268 349/269/267 332/274/272
f 339/504/488 338/172/170 340/175/173 341/257/255
f 337/177/175 331/275/273 407/179/177
f 407/179/177 103/276/274 362/180/178
f 218/278/276 221/382/373 337/177/175
f 337/177/175 221/382/373 331/275/273
f 344/178/176 337/177/175 407/179/177
f 51/285/283 218/278/276 408/176/174
f 107/174/172 342/280/278 343/279/277
f 342/280/278 344/178/176 109/277/275
f 107/174/172 409/282/280 342/280/278
f 336/281/279 215/284/282 409/282/280
f 357/251/249 370/501/485 368/226/224 359/245/243
f 335/171/169 340/175/173 338/172/170
f 48/283/281 336/281/279 212/286/284
f 334/288/286 339/504/488 126/198/196
f 338/172/170 339/504/488 334/288/286
f 333/173/171 338/172/170 106/185/183
f 210/287/285 335/171/169 333/173/171
f 54/182/180 385/356/353 390/183/181
f 370/501/485 357/251/249 111/250/248
f 370/501/485 111/250/248 388/491/475
f 412/292/290 327/293/291 325/167/165 326/291/289
f 376/221/219 388/491/475 389/254/252
f 114/208/206 410/242/240 391/207/205
f 500/264/262 118/492/476 130/206/204
f 411/152/150 96/297/295 84/289/287
f 91/144/142 96/297/295 411/152/150
f 327/293/291 412/292/290 468/479/465
f 321/319/317 496/320/318 414/296/294 413/165/163
f 412/292/290 428/130/128 41/478/464
f 325/167/165 327/293/291 102/114/112
f 325/167/165 308/168/166 326/291/289
f 308/168/166 95/104/102 101/169/167
f 496/320/318 96/297/295 320/162/160 414/296/294
f 99/295/293 322/163/161 413/165/163
f 98/154/152 414/296/294 320/162/160 97/108/106
f 90/166/164 89/294/292 317/301/299 318/300/298
f 88/155/153 320/162/160 96/297/295
f 315/161/159 307/160/158 318/300/298
f 318/300/298 314/299/297 415/159/157 315/161/159
f 94/302/300 92/306/304 309/156/154 416/157/155
f 498/303/301 312/298/296 314/299/297
f 312/298/296 416/157/155 415/159/157
f 416/157/155 311/143/141 313/158/156
f 94/302/300 312/298/296 93/304/302
f 83/315/313 72/120/118 73/290/288 84/289/287
f 309/156/154 91/144/142 416/157/155
f 92/306/304 94/302/300 310/305/303
f 88/155/153 309/156/154 92/306/304
f 90/166/164 307/160/158 308/168/166
f 303/310/308 306/307/305 305/308/306
f 417/313/311 305/308/306 169/311/309
f 167/316/314 417/313/311 168/314/312
f 300/322/320 298/324/322 424/490/474 422/146/144
f 419/107/105 98/154/152 97/108/106
f 430/118/116 420/117/115 73/290/288
f 285/113/111 286/150/148 102/114/112
f 329/309/307 321/319/317 306/307/305
f 301/145/143 418/318/316 419/107/105
f 300/322/320 419/107/105 87/109/107
f 277/116/114 311/143/141 420/117/115
f 423/323/321 421/149/147 301/145/143
f 82/141/139 299/246/244 423/323/321
f 311/143/141 277/116/114 275/326/324 313/158/156
f 291/111/109 424/490/474 298/324/322
f 291/111/109 495/142/140 424/490/474
f 495/142/140 423/323/321 424/490/474
f 273/329/327 269/505/489 319/105/103 316/328/326
f 296/139/137 425/140/138 495/142/140
f 80/138/136 290/137/135 296/139/137
f 290/137/135 81/136/134 425/140/138
f 425/140/138 81/136/134 297/247/245
f 295/110/108 80/138/136 291/111/109
f 286/150/148 285/113/111 78/335/333 284/334/332
f 294/327/325 289/134/132 80/138/136
f 289/134/132 293/133/131 290/137/135
f 434/106/104 319/105/103 269/505/489
f 293/133/131 74/262/260 79/135/133
f 292/321/319 267/122/120 289/134/132
f 267/122/120 282/330/328 293/133/131
f 286/150/148 426/123/121 100/151/149
f 286/150/148 429/124/122 426/123/121
f 427/132/130 268/131/129 75/128/126
f 41/478/464 428/130/128 206/331/329
f 428/130/128 427/132/130 75/128/126
f 278/119/117 13/506/490 146/340/337 431/339/336
f 151/337/330 283/127/125 285/113/111
f 287/126/124 288/336/334 284/334/332
f 281/268/266 279/270/268 288/336/334
f 223/273/271 280/272/270 150/125/123
f 150/125/123 281/268/266 287/126/124
f 284/334/332 282/330/328 429/124/122
f 279/270/268 74/262/260 282/330/328
f 278/119/117 430/118/116 72/120/118
f 13/506/490 278/119/117 1/317/315
f 276/489/473 277/116/114 430/118/116
f 277/116/114 276/489/473 274/342/339 275/326/324
f 272/345/342 271/347/344 269/505/489 273/329/327
f 76/341/338 77/325/323 275/326/324
f 11/338/335 432/344/341 431/339/336
f 143/470/456 270/343/340 11/338/335
f 270/343/340 76/341/338 432/344/341
f 141/346/343 7/349/346 433/348/345 272/345/342
f 93/304/302 498/303/301 328/112/110 298/324/322
f 268/131/129 269/505/489 271/347/344
f 434/106/104 269/505/489 268/131/129
f 5/129/127 7/349/346 139/3/3
f 75/128/126 271/347/344 433/348/345
f 205/333/331 285/113/111 42/115/113
f 298/324/322 300/322/320 93/304/302
f 328/112/110 498/303/301 314/299/297 295/110/108
f 295/110/108 314/299/297 317/301/299 294/327/325
f 294/327/325 317/301/299 89/294/292 292/321/319
f 436/354/351 260/355/352 257/99/98 258/352/349
f 96/297/295 329/309/307 84/289/287
f 101/169/167 434/106/104 427/132/130
f 435/80/79 65/366/359 58/350/347
f 12/467/453 144/507/491 491/469/455 490/468/454
f 260/355/352 436/354/351 392/209/207
f 255/85/84 65/366/359 438/365/358 437/50/50
f 70/357/354 385/356/353 466/418/405
f 257/99/98 260/355/352 70/357/354
f 257/99/98 240/360/99 258/352/349
f 437/50/50 39/364/357 189/36/36
f 254/487/471 438/365/358 253/97/96 66/96/95
f 253/97/96 438/365/358 65/366/359
f 61/361/97 60/362/355 250/369/362 251/368/361
f 501/90/89 59/92/91 66/96/95
f 501/90/89 253/97/96 65/366/359
f 248/95/94 239/94/93 251/368/361
f 251/368/361 247/367/360 439/485/469 248/95/94
f 439/485/469 247/367/360 245/370/363 440/486/470
f 440/486/470 245/370/363 63/508/492 441/373/366
f 497/371/364 245/370/363 247/367/360
f 246/389/380 440/486/470 441/373/366 243/79/78
f 244/372/365 242/374/367 63/508/492 245/370/363
f 63/508/492 62/91/90 241/93/92 441/373/366
f 442/89/88 234/376/369 263/488/472 238/87/86
f 241/93/92 435/80/79 441/373/366
f 62/91/90 63/508/492 242/374/367
f 501/90/89 241/93/92 62/91/90
f 61/361/97 239/94/93 240/101/99
f 442/89/88 26/88/87 25/42/42
f 443/41/41 444/375/368 234/376/369 442/89/88
f 444/375/368 443/41/41 237/234/232
f 236/235/233 235/503/487 233/380/371 444/375/368
f 57/377/370 43/409/372 44/351/348 58/350/347
f 232/383/374 230/387/378 452/386/377 450/83/82
f 221/382/373 233/380/371 235/503/487
f 445/84/83 39/364/357 67/363/356
f 446/82/81 254/487/471 66/96/95
f 461/60/60 447/59/59 44/351/348
f 264/63/63 448/62/62 70/357/354
f 238/87/86 188/86/85 26/88/87
f 263/488/472 255/85/84 238/87/86
f 65/366/359 255/85/84 263/488/472
f 261/71/70 460/73/72 226/75/74
f 449/81/80 445/84/83 446/82/81
f 451/384/375 166/32/32 449/81/80
f 232/383/374 446/82/81 59/92/91
f 220/58/58 243/79/78 447/59/59
f 227/77/76 451/384/375 231/385/376
f 20/23/23 163/445/432 451/384/375
f 243/79/78 220/58/58 217/390/381 246/389/380
f 494/78/77 231/385/376 452/386/377
f 214/397/388 208/509/493 252/53/53 249/396/387
f 50/388/379 249/396/387 246/389/380
f 227/77/76 19/392/383 160/24/24
f 228/393/384 229/76/75 494/78/77
f 56/395/386 454/398/389 229/76/75
f 454/398/389 453/391/382 229/76/75
f 45/401/392 53/408/398 15/465/451 3/402/393
f 55/74/73 455/399/390 453/391/382
f 453/391/382 17/400/391 19/392/383
f 467/54/54 252/53/53 208/509/493
f 455/399/390 3/402/393 17/400/391
f 460/73/72 45/401/392 55/74/73
f 456/69/68 207/68/67 47/64/64
f 259/353/350 456/69/68 47/64/64
f 259/353/350 47/64/64 265/66/66
f 458/61/61 457/403/394 448/62/62
f 457/510/394 53/408/398 225/70/69
f 52/266/264 459/406/396 458/61/61
f 224/464/395 53/408/398 457/510/394
f 224/464/395 15/465/451 53/408/398
f 223/273/271 148/407/397 459/406/396
f 53/408/398 45/401/392 460/73/72
f 222/484/468 221/382/373 218/278/276 462/410/399
f 222/484/468 461/483/60 43/381/372
f 219/481/467 220/511/58 461/483/60
f 220/511/58 219/481/467 216/413/401 217/412/381
f 213/55/55 211/416/403 208/512/493 214/415/388
f 49/56/56 209/411/400 216/413/401
f 209/411/400 50/482/379 217/412/381
f 215/284/282 48/283/281 463/414/402
f 48/283/281 49/56/56 463/414/402
f 213/55/55 209/411/400 49/56/56
f 464/57/57 465/417/404 211/416/403 213/55/55
f 464/57/57 48/283/281 212/286/284
f 242/374/367 244/372/365 230/387/378 232/383/374
f 207/68/67 208/512/493 211/416/403
f 467/67/54 208/512/493 207/68/67
f 465/417/404 464/57/57 210/287/285
f 46/65/65 465/417/404 210/287/285
f 47/64/64 211/416/403 465/417/404
f 54/182/180 264/63/63 466/418/405
f 244/372/365 497/371/364 262/394/385 230/387/378
f 262/394/385 497/371/364 247/367/360 228/393/384
f 228/393/384 247/367/360 250/369/362 56/395/386
f 56/395/386 250/369/362 60/362/355 261/71/70
f 196/19/19 194/18/18 193/423/410 468/479/465
f 65/366/359 263/488/472 58/350/347
f 69/358/100 467/67/54 456/69/68
f 69/102/100 64/52/52 467/54/54
f 197/420/407 185/427/414 31/26/26
f 21/39/39 185/427/414 197/420/407
f 468/479/465 193/423/410 192/422/409 195/474/460
f 29/428/415 28/463/450 191/442/429 192/422/409
f 195/474/460 327/293/291 468/479/465
f 191/442/429 195/474/460 192/422/409
f 42/115/113 327/293/291 195/474/460
f 190/513/494 193/423/410 194/18/18
f 40/475/461 190/513/494 194/18/18
f 172/424/411 193/423/410 190/513/494
f 38/425/412 470/514/495 469/51/51 189/36/36
f 172/424/411 190/513/494 40/475/461
f 29/428/415 192/422/409 172/424/411
f 28/463/450 29/428/415 199/471/457
f 470/514/495 187/473/459 188/86/85 469/51/51
f 37/34/34 479/35/35 36/48/48 38/425/412
f 188/86/85 437/50/50 469/51/51
f 38/425/412 36/48/48 186/480/466 470/514/495
f 186/480/466 185/427/414 187/473/459 470/514/495
f 471/477/463 472/432/419 177/515/496 180/431/418
f 185/427/414 186/480/466 173/426/413
f 183/429/416 171/46/46 181/47/47
f 471/477/463 180/431/418 183/429/416 181/47/47
f 180/431/418 177/515/496 176/516/497 179/430/417
f 472/432/419 473/517/498 34/518/499 177/515/496
f 473/517/498 472/432/419 33/27/27
f 34/518/499 175/434/421 176/516/497 177/515/496
f 33/27/27 31/26/26 174/519/500 473/517/498
f 174/519/500 32/435/422 34/518/499 473/517/498
f 170/443/430 22/437/424 25/42/42 26/88/87
f 175/434/421 34/518/499 32/435/422
f 173/426/413 174/519/500 31/26/26
f 32/435/422 174/519/500 173/426/413
f 27/49/49 32/435/422 173/426/413
f 22/437/424 170/443/430 23/38/38
f 476/438/425 168/314/312 169/311/309 474/43/43
f 474/43/43 169/311/309 24/312/310 443/41/41
f 477/419/406 478/439/426 476/438/425 475/40/40
f 22/437/424 23/38/38 475/40/40
f 187/473/459 23/38/38 170/443/430 188/86/85
f 168/314/312 476/438/425 478/439/426
f 478/439/426 477/419/406 2/421/408
f 167/316/314 478/439/426 1/317/315
f 202/28/28 189/36/36 157/31/31
f 482/25/25 14/7/7 31/26/26
f 14/7/7 2/421/408 197/420/407
f 16/472/458 198/15/15 28/463/450 199/471/457
f 198/15/15 16/472/458 135/462/449
f 162/447/434 161/448/435 164/444/431 481/30/30
f 165/29/29 157/31/31 156/33/33
f 27/49/49 479/35/35 164/444/431
f 200/453/440 482/25/25 33/27/27
f 200/453/440 147/8/8 482/25/25
f 147/8/8 14/7/7 482/25/25
f 162/447/434 156/33/33 163/445/432
f 162/447/434 155/446/433 154/21/21
f 161/448/435 162/447/434 154/21/21
f 184/45/45 140/520/501 142/457/444 182/451/438
f 10/450/437 145/452/439 178/433/420
f 484/455/442 483/22/22 160/24/24
f 484/455/442 160/24/24 19/392/383
f 18/454/441 153/20/20 483/22/22
f 159/456/443 201/449/436 154/21/21
f 484/455/442 485/460/447 4/461/448 158/459/446
f 485/460/447 484/455/442 17/400/391
f 488/521/9 224/405/395 148/407/397 489/522/452
f 158/459/446 18/454/441 484/455/442
f 16/472/458 493/458/445 158/459/446
f 493/458/445 159/456/443 153/20/20
f 140/520/501 184/45/45 35/44/44
f 134/11/11 485/460/447 3/402/393
f 135/462/449 16/472/458 158/459/446
f 6/17/17 136/476/462 194/18/18
f 206/331/329 196/19/19 41/478/464
f 206/331/329 6/17/17 196/19/19
f 151/332/330 205/333/331 487/12/12
f 15/465/451 488/9/9 134/11/11
f 488/9/9 486/14/14 152/16/16
f 147/8/8 145/452/439 144/507/491 12/467/453
f 148/407/397 150/125/123 489/522/452
f 150/125/123 151/337/330 489/522/452
f 149/10/10 152/16/16 135/462/449
f 138/6/6 2/421/408 14/7/7
f 13/506/490 1/317/315 133/440/427
f 11/338/335 146/340/337 490/468/454
f 146/340/337 13/506/490 490/468/454
f 490/468/454 13/506/490 133/440/427
f 9/5/5 144/507/491 145/452/439
f 136/476/462 6/17/17 8/2/2 140/520/501
f 9/5/5 491/469/455 144/507/491
f 137/4/4 143/470/456 491/469/455
f 8/2/2 142/457/444 140/520/501
f 7/349/346 492/1/1 139/3/3
f 141/346/343 137/4/4 492/1/1
f 136/476/462 140/520/501 35/44/44
f 161/448/435 176/516/497 175/434/421 164/444/431
f 5/129/127 139/3/3 206/331/329
f 205/333/331 42/115/113 195/474/460
f 205/333/331 195/474/460 204/13/13
f 176/516/497 161/448/435 201/449/436
f 179/430/417 176/516/497 201/449/436
f 199/471/457 183/429/416 493/458/445
f 21/39/39 187/473/459 185/427/414
o baseball_ball_2_BezierCurve
v -0.257125 0.226624 0.106339
v -0.257219 0.226017 0.102332
v -0.256978 0.229178 0.099826
v -0.256553 0.232947 0.101333
v -0.256555 0.233586 0.105401
v -0.256935 0.230445 0.107883
v -0.279770 0.200622 0.102197
v -0.282548 0.199250 0.098472
v -0.285857 0.197324 0.099679
v -0.286988 0.197563 0.104579
v -0.282875 0.199788 0.106104
v -0.267490 0.207405 0.123319
v -0.270137 0.205049 0.125252
v -0.271322 0.200715 0.122866
v -0.267984 0.201827 0.118071
v -0.266062 0.206238 0.119729
v -0.267010 0.227469 0.086453
v -0.268662 0.227636 0.082216
v -0.269471 0.224186 0.079872
v -0.268859 0.220604 0.081676
v -0.267425 0.220407 0.085816
v -0.266512 0.223901 0.088158
v -0.268513 0.228811 0.082289
v -0.269615 0.221663 0.079659
v -0.266929 0.222247 0.087367
v -0.278701 0.226497 0.091988
v -0.284115 0.221840 0.095180
v -0.279771 0.214819 0.102920
v -0.284970 0.218317 0.107114
v -0.277660 0.219986 0.102281
v -0.284346 0.212660 0.105203
v -0.273964 0.210353 0.113490
v -0.277960 0.212580 0.119048
v -0.280925 0.208043 0.116972
v -0.268277 0.201221 0.118242
v -0.271191 0.203088 0.125161
v -0.266542 0.207673 0.121923
v -0.280357 0.201058 0.102953
v -0.285007 0.197861 0.098374
v -0.290419 0.209494 0.101066
v -0.281693 0.209236 0.103388
v -0.286273 0.197648 0.106132
v -0.278874 0.225700 0.098922
v -0.284037 0.225181 0.102976
v -0.279631 0.221030 0.106718
v -0.274141 0.231084 0.106440
v -0.273570 0.223570 0.103097
v -0.269933 0.232530 0.100872
v -0.256500 0.234128 0.105369
v -0.257080 0.227426 0.100254
v -0.256915 0.229303 0.108142
v -0.274053 0.219213 0.075102
v -0.273983 0.218297 0.070748
v -0.273850 0.220290 0.068270
v -0.273717 0.223259 0.067820
v -0.273861 0.226073 0.071114
v -0.273989 0.224886 0.075422
v -0.274090 0.222010 0.076400
v -0.294695 0.193589 0.073809
v -0.295123 0.192249 0.069939
v -0.298553 0.190213 0.069754
v -0.300183 0.188237 0.072701
v -0.300003 0.190289 0.076405
v -0.296877 0.191971 0.077048
v -0.284715 0.200742 0.094919
v -0.287221 0.196591 0.095944
v -0.286342 0.193456 0.092264
v -0.283051 0.196020 0.089244
v -0.282246 0.199556 0.090553
v -0.284488 0.218607 0.050605
v -0.285420 0.215426 0.047178
v -0.285880 0.212260 0.047460
v -0.284804 0.210214 0.049251
v -0.283558 0.212063 0.054658
v -0.282593 0.216608 0.054341
v -0.284365 0.218944 0.050305
v -0.286477 0.212188 0.046260
v -0.282477 0.214203 0.055246
v -0.291562 0.211145 0.063108
v -0.298262 0.215019 0.060467
v -0.290406 0.209874 0.057566
v -0.293788 0.211132 0.053265
v -0.295661 0.211229 0.075914
v -0.301258 0.205421 0.076859
v -0.294365 0.203081 0.078376
v -0.298324 0.208066 0.083338
v -0.290714 0.204819 0.083117
v -0.287754 0.193942 0.094850
v -0.284490 0.200801 0.094810
v -0.282117 0.198109 0.089265
v -0.294770 0.192873 0.070600
v -0.298092 0.189999 0.069412
v -0.299704 0.190190 0.076884
v -0.297540 0.203680 0.073392
v -0.303645 0.199962 0.068816
v -0.304330 0.198191 0.074115
v -0.296422 0.215593 0.074944
v -0.290434 0.214394 0.072113
v -0.302170 0.212686 0.070808
v -0.295351 0.217026 0.065685
v -0.291254 0.224076 0.069157
v -0.274055 0.218219 0.073229
v -0.273814 0.222099 0.067550
v -0.273984 0.225916 0.075506
v -0.290734 0.206207 0.043892
v -0.290971 0.204118 0.040052
v -0.291160 0.205460 0.037340
v -0.291282 0.208357 0.036307
v -0.291373 0.212161 0.038939
v -0.291140 0.212430 0.042100
v -0.291002 0.210577 0.044377
v -0.310305 0.176692 0.051809
v -0.309463 0.175880 0.047954
v -0.311580 0.173309 0.046098
v -0.314455 0.171379 0.048166
v -0.315262 0.172156 0.052075
v -0.313242 0.174768 0.053836
v -0.299107 0.191440 0.066025
v -0.301387 0.185913 0.068096
v -0.299718 0.183170 0.064566
v -0.297403 0.185275 0.061971
v -0.296722 0.189412 0.062373
v -0.302437 0.197280 0.021971
v -0.303564 0.193970 0.019051
v -0.303054 0.190211 0.020172
v -0.301382 0.189492 0.024104
v -0.300194 0.192668 0.026844
v -0.300749 0.196549 0.025823
v -0.303386 0.196484 0.019686
v -0.303708 0.189731 0.018792
v -0.300764 0.192183 0.025965
v -0.316032 0.193581 0.032902
v -0.310522 0.197356 0.032558
v -0.311463 0.189249 0.041040
v -0.316629 0.188344 0.045165
v -0.309657 0.192798 0.048264
v -0.316455 0.194350 0.051079
v -0.307930 0.187107 0.053893
v -0.310955 0.188317 0.061408
v -0.298481 0.192147 0.065647
v -0.301156 0.183907 0.066891
v -0.297377 0.185186 0.061915
v -0.309772 0.176869 0.050668
v -0.313577 0.171634 0.046635
v -0.315010 0.172838 0.053190
v -0.313339 0.185034 0.044480
v -0.317428 0.180555 0.042897
v -0.315517 0.190453 0.048726
v -0.320718 0.181321 0.048404
v -0.314910 0.197986 0.037725
v -0.317094 0.199357 0.041689
v -0.306813 0.198880 0.043158
v -0.309184 0.197720 0.038877
v -0.304627 0.207546 0.037045
v -0.307064 0.207495 0.043574
v -0.291160 0.204920 0.037458
v -0.291198 0.213166 0.041919
v -0.290838 0.207252 0.044336
v -0.307395 0.185062 0.016657
v -0.307262 0.182792 0.012875
v -0.307803 0.184522 0.008982
v -0.308220 0.187430 0.008630
v -0.308543 0.190028 0.010529
v -0.308347 0.190353 0.015035
v -0.307860 0.188040 0.016930
v -0.322953 0.155875 0.027848
v -0.323707 0.153243 0.025205
v -0.326407 0.150342 0.026024
v -0.328365 0.150113 0.029543
v -0.327722 0.152689 0.032083
v -0.324965 0.155638 0.031264
v -0.313363 0.172987 0.041536
v -0.315292 0.171109 0.044584
v -0.315571 0.167285 0.044565
v -0.313759 0.165274 0.041596
v -0.311703 0.167124 0.038572
v -0.311514 0.170919 0.038535
v -0.317173 0.172659 -0.001032
v -0.318971 0.170220 -0.004444
v -0.319061 0.165898 -0.004547
v -0.317501 0.163994 -0.001370
v -0.315845 0.166311 0.001965
v -0.315688 0.170684 0.002043
v -0.319386 0.168400 -0.005246
v -0.317813 0.163746 -0.001885
v -0.316035 0.172147 0.001325
v -0.327292 0.171942 0.003930
v -0.327496 0.166035 0.001772
v -0.323105 0.171177 0.009429
v -0.324987 0.167211 0.015627
v -0.329632 0.166201 0.025479
v -0.333102 0.170247 0.020106
v -0.322313 0.168486 0.028731
v -0.325981 0.174949 0.028651
v -0.326235 0.170190 0.036370
v -0.314953 0.172575 0.044041
v -0.314539 0.165077 0.042859
v -0.311316 0.170799 0.038164
v -0.323999 0.155892 0.029661
v -0.323879 0.153096 0.025196
v -0.328712 0.151118 0.031619
v -0.332780 0.160585 0.028170
v -0.327792 0.171051 0.021417
v -0.327107 0.167603 0.018309
v -0.333147 0.156817 0.022474
v -0.334147 0.169380 0.016832
v -0.329962 0.179837 0.018064
v -0.324802 0.180035 0.009876
v -0.318431 0.179532 0.014585
v -0.321873 0.187217 0.012694
v -0.308259 0.187299 0.007550
v -0.307500 0.183415 0.010044
v -0.307979 0.189026 0.017210
v -0.322294 0.155912 -0.006716
v -0.322587 0.154494 -0.011030
v -0.323510 0.157131 -0.013799
v -0.324218 0.161495 -0.012311
v -0.323983 0.162918 -0.007973
v -0.322951 0.160160 -0.005297
v -0.336052 0.131775 0.011891
v -0.335304 0.130091 0.008343
v -0.336249 0.125991 0.008831
v -0.340072 0.125087 0.012393
v -0.338119 0.129349 0.015472
v -0.328789 0.149627 0.023480
v -0.328304 0.143997 0.025024
v -0.325591 0.142812 0.020895
v -0.324503 0.145867 0.018585
v -0.325932 0.149466 0.019409
v -0.332240 0.140550 -0.023010
v -0.333193 0.137745 -0.024502
v -0.332820 0.133304 -0.023208
v -0.331520 0.132350 -0.020730
v -0.330176 0.133643 -0.018456
v -0.329479 0.138157 -0.017962
v -0.330833 0.141263 -0.020581
v -0.333647 0.134798 -0.024772
v -0.331164 0.131851 -0.019932
v -0.330855 0.141559 -0.020689
v -0.341601 0.141786 -0.015631
v -0.335376 0.140246 -0.013036
v -0.342074 0.135257 -0.007380
v -0.339447 0.147261 0.006943
v -0.345959 0.141838 -0.006507
v -0.337371 0.142538 0.004513
v -0.342721 0.140416 0.009547
v -0.342383 0.145780 0.013987
v -0.327599 0.150825 0.021947
v -0.327808 0.142857 0.024458
v -0.325070 0.144173 0.019685
v -0.335044 0.130781 0.009810
v -0.338107 0.124271 0.010653
v -0.338836 0.129439 0.015197
v -0.344962 0.129645 0.010282
v -0.345993 0.139024 -0.004367
v -0.341373 0.143754 0.001446
v -0.347406 0.139416 0.004767
v -0.340463 0.140742 -0.002567
v -0.344365 0.147804 -0.009847
v -0.341589 0.154247 -0.005751
v -0.336528 0.152918 -0.003276
v -0.332028 0.150579 -0.008737
v -0.324393 0.163489 -0.010628
v -0.322791 0.154713 -0.012448
v -0.322868 0.159655 -0.004984
v -0.335410 0.125010 -0.021239
v -0.335087 0.121256 -0.023232
v -0.335849 0.121089 -0.027112
v -0.337394 0.124634 -0.028984
v -0.337791 0.128556 -0.026886
v -0.336986 0.128657 -0.023116
v -0.345184 0.099816 0.001899
v -0.347912 0.094522 0.001854
v -0.349869 0.094977 0.006404
v -0.348967 0.098328 0.008499
v -0.347128 0.101213 0.006180
v -0.338821 0.123733 0.006390
v -0.339690 0.119825 0.011298
v -0.337164 0.116132 0.009687
v -0.335646 0.116854 0.005972
v -0.336053 0.120599 0.004030
v -0.343815 0.105004 -0.031078
v -0.345036 0.101599 -0.033042
v -0.344041 0.097878 -0.031607
v -0.341612 0.097951 -0.027205
v -0.341226 0.102916 -0.026363
v -0.342400 0.105030 -0.028330
v -0.344098 0.104778 -0.031282
v -0.343906 0.096493 -0.031325
v -0.341278 0.100659 -0.026233
v -0.354593 0.104264 -0.024531
v -0.356196 0.102824 -0.013231
v -0.349741 0.105729 -0.011780
v -0.352156 0.111693 -0.011572
v -0.357198 0.112966 -0.004937
v -0.350129 0.114079 0.006006
v -0.347573 0.111567 -0.003408
v -0.335608 0.118088 0.005068
v -0.338128 0.116805 0.011083
v -0.338942 0.123890 0.006715
v -0.345191 0.098752 0.001354
v -0.349750 0.095037 0.007288
v -0.348129 0.100263 0.007424
v -0.355606 0.099555 0.003678
v -0.352105 0.107513 -0.005528
v -0.353169 0.106572 -0.012240
v -0.357455 0.100294 -0.005230
v -0.356140 0.115905 -0.012155
v -0.357846 0.115263 -0.017475
v -0.351136 0.117273 -0.024703
v -0.345614 0.116982 -0.018124
v -0.337647 0.129332 -0.025704
v -0.335066 0.123791 -0.020701
v -0.336596 0.121841 -0.028821
v -0.345625 0.090437 -0.029217
v -0.344765 0.086942 -0.031086
v -0.345710 0.086380 -0.035008
v -0.346940 0.088500 -0.036850
v -0.348033 0.091378 -0.036643
v -0.347850 0.093906 -0.032176
v -0.353279 0.067920 -0.004777
v -0.352802 0.064128 -0.005999
v -0.354962 0.061253 -0.004071
v -0.356372 0.061949 -0.000259
v -0.356770 0.065759 0.000906
v -0.354859 0.068663 -0.001115
v -0.349060 0.092108 0.000330
v -0.349430 0.090690 0.003030
v -0.348588 0.088063 0.004378
v -0.346288 0.085204 0.002705
v -0.344958 0.085582 -0.001127
v -0.346244 0.089901 -0.003294
v -0.352186 0.069905 -0.039992
v -0.352187 0.065735 -0.039883
v -0.350140 0.063683 -0.036943
v -0.348447 0.066520 -0.033408
v -0.350547 0.071772 -0.035431
v -0.348938 0.069269 -0.033804
v -0.351938 0.064625 -0.040162
v -0.357336 0.064388 -0.029565
v -0.351747 0.070912 -0.038865
v -0.363560 0.070997 -0.029341
v -0.357618 0.072584 -0.021748
v -0.359960 0.079336 -0.015499
v -0.364663 0.071147 -0.015900
v -0.363474 0.082385 -0.010109
v -0.358147 0.076837 -0.006036
v -0.353591 0.080618 -0.006648
v -0.358945 0.083464 -0.001403
v -0.346359 0.089611 -0.002731
v -0.349487 0.092135 0.001373
v -0.346130 0.084509 0.003240
v -0.357471 0.063840 0.001153
v -0.354902 0.060700 -0.004001
v -0.353130 0.067823 -0.004466
v -0.364451 0.066039 -0.006677
v -0.362435 0.074918 -0.011215
v -0.360064 0.075140 -0.020041
v -0.368435 0.074238 -0.019505
v -0.361314 0.079602 -0.030760
v -0.357484 0.083374 -0.024032
v -0.363282 0.085449 -0.025845
v -0.346140 0.087067 -0.036044
v -0.348469 0.093503 -0.035212
v -0.344874 0.088391 -0.029364
v -0.351884 0.056757 -0.035905
v -0.350646 0.053267 -0.037534
v -0.351372 0.052534 -0.041411
v -0.353387 0.055288 -0.043690
v -0.354872 0.059476 -0.041190
v -0.353480 0.059030 -0.037360
v -0.358117 0.035096 -0.008369
v -0.356515 0.031509 -0.011344
v -0.358599 0.027434 -0.009117
v -0.360639 0.028188 -0.005703
v -0.360691 0.032979 -0.004502
v -0.355987 0.059079 -0.006707
v -0.356076 0.057027 -0.003167
v -0.353866 0.053595 -0.002677
v -0.351531 0.052274 -0.005698
v -0.351327 0.054402 -0.009192
v -0.353649 0.057742 -0.009715
v -0.356206 0.035223 -0.045259
v -0.355605 0.030242 -0.044804
v -0.353035 0.030027 -0.040415
v -0.352488 0.033559 -0.038558
v -0.354268 0.037485 -0.041134
v -0.356554 0.033171 -0.046199
v -0.353150 0.029645 -0.040620
v -0.353985 0.037222 -0.040707
v -0.365720 0.030342 -0.032191
v -0.359031 0.033460 -0.033116
v -0.366144 0.033822 -0.037633
v -0.361109 0.038304 -0.033770
v -0.363063 0.040133 -0.018121
v -0.363051 0.044488 -0.019495
v -0.367455 0.047156 -0.018757
v -0.370541 0.043988 -0.016803
v -0.365918 0.044931 -0.009531
v -0.356479 0.059596 -0.006266
v -0.351967 0.055353 -0.009547
v -0.353178 0.052726 -0.002762
v -0.356699 0.034079 -0.010878
v -0.361167 0.034767 -0.014593
v -0.360971 0.026804 -0.005422
v -0.360264 0.033640 -0.005069
v -0.364632 0.038993 -0.026719
v -0.370913 0.034721 -0.024191
v -0.367784 0.046930 -0.026897
v -0.371706 0.038044 -0.017715
v -0.366746 0.043700 -0.035724
v -0.361123 0.046720 -0.032205
v -0.369301 0.048709 -0.034882
v -0.350874 0.051922 -0.040678
v -0.353454 0.059304 -0.036727
v -0.354565 0.057565 -0.043653
v -0.354327 0.020625 -0.041401
v -0.353831 0.017950 -0.045603
v -0.356559 0.020744 -0.048896
v -0.358509 0.024735 -0.046449
v -0.356592 0.024043 -0.041836
v -0.359427 0.000984 -0.013363
v -0.357677 -0.002512 -0.016507
v -0.359038 -0.006746 -0.014106
v -0.361219 -0.006184 -0.010754
v -0.361857 -0.001325 -0.009570
v -0.358840 0.024918 -0.013687
v -0.360409 0.024363 -0.009971
v -0.358858 0.021653 -0.007467
v -0.356109 0.018992 -0.008979
v -0.354952 0.019224 -0.012830
v -0.355954 0.022614 -0.015012
v -0.356954 0.001916 -0.049798
v -0.356114 -0.002941 -0.050258
v -0.354090 -0.004540 -0.047146
v -0.352951 -0.001338 -0.043451
v -0.354781 0.002889 -0.045321
v -0.357206 -0.001406 -0.051613
v -0.354008 -0.005099 -0.047220
v -0.354804 0.003057 -0.045267
v -0.358614 0.001170 -0.039725
v -0.370551 0.008152 -0.029804
v -0.366914 -0.003859 -0.036346
v -0.366318 0.004427 -0.021951
v -0.364721 0.006327 -0.027527
v -0.371817 0.004376 -0.023630
v -0.369653 0.015403 -0.016746
v -0.359516 0.021486 -0.006381
v -0.355246 0.019460 -0.011448
v -0.358236 0.024812 -0.014621
v -0.359113 -0.007182 -0.014033
v -0.362346 -0.003837 -0.008832
v -0.358952 0.000467 -0.014335
v -0.369310 -0.004788 -0.020893
v -0.362709 0.000580 -0.020287
v -0.372975 0.002665 -0.022517
v -0.366220 0.008866 -0.031616
v -0.369129 0.006966 -0.039852
v -0.372806 0.012245 -0.035846
v -0.361149 0.013144 -0.040179
v -0.358891 0.024434 -0.048467
v -0.356816 0.024303 -0.041781
v -0.354391 0.018106 -0.047374
v -0.354456 -0.012335 -0.045855
v -0.353397 -0.015565 -0.049422
v -0.355136 -0.014856 -0.053046
v -0.357728 -0.010741 -0.053191
v -0.357350 -0.009195 -0.048372
v -0.357683 -0.033221 -0.018370
v -0.355675 -0.035566 -0.021026
v -0.355589 -0.039509 -0.020537
v -0.357463 -0.041206 -0.017346
v -0.359375 -0.038867 -0.014620
v -0.359638 -0.034873 -0.015218
v -0.358833 -0.009252 -0.018617
v -0.360312 -0.010382 -0.013874
v -0.357237 -0.014079 -0.012699
v -0.354727 -0.015036 -0.015666
v -0.355207 -0.012335 -0.019889
v -0.354386 -0.031442 -0.053915
v -0.354158 -0.035022 -0.055706
v -0.352119 -0.037990 -0.053894
v -0.350376 -0.037385 -0.050268
v -0.350715 -0.033894 -0.048444
v -0.352663 -0.030880 -0.050288
v -0.354844 -0.034405 -0.056568
v -0.350740 -0.038347 -0.051456
v -0.351471 -0.032019 -0.048659
v -0.363270 -0.039228 -0.043869
v -0.358419 -0.033524 -0.041686
v -0.362467 -0.030755 -0.043462
v -0.366804 -0.029960 -0.024966
v -0.371104 -0.030720 -0.034579
v -0.368898 -0.021535 -0.027607
v -0.368901 -0.022683 -0.019975
v -0.363598 -0.025699 -0.027866
v -0.360443 -0.008663 -0.016692
v -0.354972 -0.012660 -0.019590
v -0.357299 -0.014208 -0.012350
v -0.355825 -0.035128 -0.020985
v -0.358509 -0.041249 -0.015743
v -0.359498 -0.033959 -0.015469
v -0.361438 -0.040840 -0.024027
v -0.362053 -0.032720 -0.025812
v -0.366819 -0.035749 -0.020472
v -0.370840 -0.034652 -0.034598
v -0.364800 -0.025300 -0.037436
v -0.366635 -0.026048 -0.046567
v -0.373056 -0.027358 -0.037623
v -0.360341 -0.021050 -0.044901
v -0.368010 -0.019757 -0.040793
v -0.365787 -0.016993 -0.049879
v -0.358075 -0.008927 -0.049824
v -0.354485 -0.015562 -0.052962
v -0.354471 -0.012364 -0.045825
v -0.351290 -0.045201 -0.050979
v -0.349222 -0.048199 -0.052490
v -0.349710 -0.049249 -0.056414
v -0.352098 -0.047146 -0.058824
v -0.354243 -0.044173 -0.057270
v -0.353888 -0.043218 -0.053338
v -0.352767 -0.067172 -0.023330
v -0.350044 -0.070248 -0.026346
v -0.350550 -0.074671 -0.024005
v -0.352814 -0.074522 -0.020649
v -0.354250 -0.072000 -0.019540
v -0.354458 -0.068976 -0.020155
v -0.356893 -0.043317 -0.021825
v -0.356631 -0.045222 -0.018261
v -0.353742 -0.047972 -0.017687
v -0.351048 -0.048647 -0.020604
v -0.351244 -0.046643 -0.024133
v -0.354218 -0.044055 -0.024759
v -0.349196 -0.064982 -0.058780
v -0.348354 -0.068314 -0.060600
v -0.346122 -0.071092 -0.058678
v -0.344566 -0.070404 -0.054991
v -0.345175 -0.066989 -0.053308
v -0.347531 -0.064254 -0.055165
v -0.348716 -0.068209 -0.060930
v -0.346732 -0.064317 -0.053684
v -0.358748 -0.070062 -0.052506
v -0.345987 -0.072180 -0.059212
v -0.353208 -0.065350 -0.050420
v -0.356720 -0.072106 -0.043257
v -0.367178 -0.061516 -0.034361
v -0.359573 -0.061054 -0.034093
v -0.360077 -0.063898 -0.030339
v -0.363158 -0.059222 -0.036440
v -0.365436 -0.062852 -0.028600
v -0.354391 -0.043835 -0.024889
v -0.357172 -0.045310 -0.017373
v -0.350929 -0.048315 -0.021500
v -0.351912 -0.066960 -0.024711
v -0.350393 -0.075211 -0.024051
v -0.355022 -0.070875 -0.018828
v -0.363556 -0.072527 -0.028759
v -0.359874 -0.074759 -0.030430
v -0.356069 -0.068119 -0.030680
v -0.365936 -0.063152 -0.037401
v -0.359294 -0.062503 -0.042854
v -0.362878 -0.066439 -0.045711
v -0.367463 -0.061511 -0.047976
v -0.357250 -0.054145 -0.047622
v -0.355122 -0.042726 -0.056057
v -0.351515 -0.048171 -0.059518
v -0.349125 -0.047978 -0.051564
v -0.343674 -0.078781 -0.055489
v -0.341798 -0.081592 -0.059000
v -0.344254 -0.080638 -0.063365
v -0.347497 -0.077277 -0.061997
v -0.347200 -0.076281 -0.058105
v -0.344405 -0.100750 -0.028159
v -0.341649 -0.102429 -0.030337
v -0.341469 -0.106670 -0.030437
v -0.342745 -0.108639 -0.027274
v -0.345040 -0.106637 -0.024143
v -0.346075 -0.102806 -0.025039
v -0.350779 -0.077198 -0.026723
v -0.350317 -0.079100 -0.023156
v -0.347112 -0.081564 -0.022505
v -0.344286 -0.081948 -0.025369
v -0.344735 -0.080035 -0.028946
v -0.347879 -0.077531 -0.029554
v -0.340884 -0.099007 -0.064605
v -0.338708 -0.102271 -0.064787
v -0.336270 -0.103215 -0.061685
v -0.336176 -0.101011 -0.058349
v -0.337785 -0.097404 -0.058447
v -0.340576 -0.096683 -0.061397
v -0.341186 -0.096960 -0.063354
v -0.337918 -0.102899 -0.064507
v -0.336412 -0.099600 -0.057522
v -0.345129 -0.106412 -0.056554
v -0.347292 -0.099548 -0.048967
v -0.349383 -0.101590 -0.058311
v -0.351291 -0.104760 -0.044063
v -0.358811 -0.096984 -0.039489
v -0.350225 -0.092917 -0.034872
v -0.354189 -0.095624 -0.031168
v -0.352758 -0.089163 -0.036463
v -0.351462 -0.077368 -0.025272
v -0.348564 -0.080821 -0.022053
v -0.345003 -0.079374 -0.029815
v -0.344092 -0.100495 -0.028381
v -0.341368 -0.106703 -0.029912
v -0.345422 -0.107205 -0.024061
v -0.356202 -0.106395 -0.037225
v -0.353537 -0.099916 -0.035895
v -0.353411 -0.105856 -0.042874
v -0.354524 -0.092058 -0.048602
v -0.351135 -0.093465 -0.051751
v -0.355391 -0.096995 -0.054647
v -0.358859 -0.091850 -0.051893
v -0.345917 -0.079348 -0.064087
v -0.348076 -0.075983 -0.059401
v -0.341807 -0.080853 -0.056382
v -0.333303 -0.111163 -0.061313
v -0.331790 -0.113239 -0.065616
v -0.335074 -0.111497 -0.068955
v -0.337877 -0.109187 -0.067307
v -0.337329 -0.108455 -0.062290
v -0.333078 -0.132929 -0.033812
v -0.329801 -0.134402 -0.037316
v -0.328794 -0.138325 -0.037057
v -0.330233 -0.140690 -0.034112
v -0.332160 -0.139760 -0.031890
v -0.333657 -0.137199 -0.031078
v -0.340365 -0.110102 -0.033561
v -0.341660 -0.111127 -0.029856
v -0.339344 -0.113555 -0.027602
v -0.335644 -0.114775 -0.028990
v -0.334358 -0.113676 -0.032682
v -0.336672 -0.111320 -0.034940
v -0.329352 -0.128371 -0.069666
v -0.327539 -0.130840 -0.072200
v -0.325214 -0.133512 -0.070018
v -0.323987 -0.132412 -0.065420
v -0.327932 -0.128229 -0.064934
v -0.327749 -0.131894 -0.072392
v -0.323558 -0.134034 -0.067843
v -0.325139 -0.129989 -0.064773
v -0.328605 -0.127480 -0.068111
v -0.335295 -0.135339 -0.066946
v -0.338298 -0.137965 -0.057012
v -0.335356 -0.129740 -0.056305
v -0.341339 -0.130908 -0.040260
v -0.346554 -0.132265 -0.044566
v -0.345889 -0.125538 -0.044901
v -0.339659 -0.125869 -0.044059
v -0.341783 -0.112140 -0.027935
v -0.337361 -0.110966 -0.035042
v -0.334180 -0.114546 -0.031004
v -0.331199 -0.133296 -0.036111
v -0.329259 -0.140918 -0.035232
v -0.333902 -0.136615 -0.030889
v -0.339427 -0.140576 -0.037447
v -0.336077 -0.135004 -0.045340
v -0.341512 -0.130287 -0.048328
v -0.347596 -0.132202 -0.050311
v -0.342710 -0.137354 -0.052538
v -0.345335 -0.120490 -0.064145
v -0.338400 -0.119310 -0.058614
v -0.340435 -0.127117 -0.061180
v -0.332588 -0.113050 -0.067811
v -0.338732 -0.108074 -0.065016
v -0.335233 -0.109613 -0.060668
v -0.322166 -0.139813 -0.067358
v -0.319272 -0.141702 -0.068861
v -0.319362 -0.142325 -0.072756
v -0.322348 -0.140938 -0.075201
v -0.325229 -0.139169 -0.073705
v -0.325256 -0.138642 -0.069755
v -0.317095 -0.164104 -0.041228
v -0.314484 -0.165267 -0.043809
v -0.312966 -0.169240 -0.043555
v -0.314119 -0.172034 -0.040618
v -0.316657 -0.170870 -0.038047
v -0.318293 -0.166843 -0.038341
v -0.328230 -0.141990 -0.039480
v -0.328929 -0.143224 -0.036785
v -0.326261 -0.145363 -0.034380
v -0.323340 -0.146210 -0.035130
v -0.321344 -0.145773 -0.037397
v -0.322141 -0.143630 -0.040824
v -0.325852 -0.141926 -0.041442
v -0.314937 -0.156305 -0.075691
v -0.312768 -0.159581 -0.077744
v -0.309906 -0.161428 -0.073933
v -0.309833 -0.158638 -0.070297
v -0.313445 -0.155641 -0.072007
v -0.314682 -0.157499 -0.076941
v -0.311553 -0.157139 -0.070386
v -0.311383 -0.161690 -0.077695
v -0.325558 -0.166570 -0.065506
v -0.315639 -0.163499 -0.064779
v -0.327150 -0.158712 -0.056658
v -0.326484 -0.165794 -0.051093
v -0.324697 -0.158386 -0.051045
v -0.332657 -0.159006 -0.049727
v -0.329654 -0.156881 -0.041267
v -0.329576 -0.142338 -0.037716
v -0.322706 -0.146354 -0.035335
v -0.322752 -0.143372 -0.041069
v -0.317643 -0.164909 -0.040310
v -0.312726 -0.169390 -0.043818
v -0.313710 -0.173268 -0.040460
v -0.318784 -0.166657 -0.049115
v -0.325036 -0.170366 -0.044074
v -0.330626 -0.167456 -0.057097
v -0.325603 -0.156046 -0.064637
v -0.326669 -0.159955 -0.056438
v -0.328435 -0.163276 -0.064367
v -0.333269 -0.154260 -0.065289
v -0.329139 -0.150499 -0.072240
v -0.323034 -0.139662 -0.068349
v -0.318650 -0.142439 -0.071218
v -0.326022 -0.138648 -0.073219
v -0.305621 -0.167699 -0.075101
v -0.303971 -0.168439 -0.078648
v -0.305886 -0.167772 -0.082206
v -0.309334 -0.166638 -0.082195
v -0.311018 -0.165848 -0.078601
v -0.309106 -0.166384 -0.075060
v -0.297625 -0.192101 -0.054351
v -0.295115 -0.194604 -0.056765
v -0.294085 -0.198614 -0.055619
v -0.295320 -0.200080 -0.053300
v -0.297578 -0.199445 -0.051098
v -0.299480 -0.196680 -0.050350
v -0.299953 -0.193798 -0.051473
v -0.312811 -0.173141 -0.045319
v -0.311726 -0.175286 -0.042293
v -0.307814 -0.176732 -0.042270
v -0.305038 -0.175760 -0.045286
v -0.306130 -0.173467 -0.048285
v -0.309964 -0.172195 -0.048366
v -0.298555 -0.181275 -0.088419
v -0.294910 -0.183429 -0.087143
v -0.293209 -0.183042 -0.082546
v -0.296151 -0.180720 -0.081471
v -0.298810 -0.179755 -0.084495
v -0.297512 -0.182377 -0.089371
v -0.293392 -0.182958 -0.082641
v -0.296604 -0.180555 -0.081966
v -0.308293 -0.189805 -0.078647
v -0.302216 -0.193077 -0.077834
v -0.304200 -0.190048 -0.068501
v -0.305932 -0.186996 -0.072531
v -0.309431 -0.194483 -0.064090
v -0.307565 -0.184810 -0.057184
v -0.312306 -0.183058 -0.058301
v -0.315990 -0.187686 -0.055236
v -0.309178 -0.177214 -0.040695
v -0.304636 -0.175843 -0.045395
v -0.309939 -0.172041 -0.048670
v -0.299921 -0.192848 -0.051843
v -0.294861 -0.195414 -0.056407
v -0.295923 -0.201216 -0.052048
v -0.308680 -0.192952 -0.060119
v -0.304930 -0.197218 -0.066714
v -0.310491 -0.197559 -0.064390
v -0.308823 -0.187007 -0.071017
v -0.316890 -0.180011 -0.078116
v -0.313152 -0.179972 -0.072067
v -0.311849 -0.189840 -0.076440
v -0.303788 -0.168493 -0.079755
v -0.310201 -0.166284 -0.081745
v -0.309450 -0.166286 -0.074782
v -0.290973 -0.189242 -0.085453
v -0.287966 -0.189523 -0.087640
v -0.291586 -0.188289 -0.092780
v -0.294822 -0.187486 -0.091269
v -0.294391 -0.188203 -0.087542
v -0.276822 -0.216480 -0.071146
v -0.274131 -0.217354 -0.074546
v -0.272990 -0.220000 -0.075200
v -0.273050 -0.222733 -0.073977
v -0.275354 -0.223819 -0.070224
v -0.277190 -0.221950 -0.068180
v -0.278047 -0.219194 -0.068061
v -0.293020 -0.199660 -0.059690
v -0.293149 -0.201566 -0.057316
v -0.289808 -0.203942 -0.055686
v -0.286840 -0.204020 -0.056670
v -0.285249 -0.202620 -0.058700
v -0.286889 -0.199755 -0.061474
v -0.290928 -0.198604 -0.061546
v -0.284188 -0.196851 -0.100373
v -0.282078 -0.197787 -0.101896
v -0.278788 -0.198863 -0.099777
v -0.278152 -0.198904 -0.095938
v -0.280446 -0.197971 -0.094258
v -0.283544 -0.196939 -0.096352
v -0.281864 -0.197875 -0.102511
v -0.278130 -0.199115 -0.098773
v -0.282059 -0.197525 -0.094778
v -0.288713 -0.207368 -0.096684
v -0.283418 -0.205553 -0.090296
v -0.285571 -0.213911 -0.089803
v -0.293217 -0.213519 -0.078623
v -0.292851 -0.218349 -0.078483
v -0.287588 -0.212719 -0.074715
v -0.288055 -0.216721 -0.069118
v -0.289502 -0.210459 -0.073779
v -0.293753 -0.211164 -0.062689
v -0.285884 -0.203919 -0.057134
v -0.288892 -0.198835 -0.062056
v -0.293503 -0.201495 -0.057250
v -0.273593 -0.217991 -0.075286
v -0.275097 -0.224284 -0.070262
v -0.277907 -0.219691 -0.068105
v -0.281881 -0.215954 -0.077603
v -0.281453 -0.224452 -0.077807
v -0.286968 -0.221173 -0.074723
v -0.292404 -0.213439 -0.088453
v -0.296716 -0.210089 -0.082216
v -0.295767 -0.215186 -0.084674
v -0.292248 -0.205669 -0.083690
v -0.292721 -0.203259 -0.089578
v -0.298254 -0.199594 -0.090331
v -0.289418 -0.188786 -0.092043
v -0.290379 -0.189396 -0.085415
v -0.295592 -0.187563 -0.089563
v -0.274593 -0.202865 -0.103304
v -0.273959 -0.201291 -0.107779
v -0.279570 -0.200094 -0.109224
v -0.280652 -0.201355 -0.105219
v -0.277845 -0.202798 -0.102557
v -0.256999 -0.232078 -0.095944
v -0.255141 -0.230553 -0.099042
v -0.252511 -0.232997 -0.101317
v -0.251816 -0.237063 -0.100541
v -0.253653 -0.238566 -0.097480
v -0.256406 -0.236062 -0.095119
v -0.272702 -0.220419 -0.079512
v -0.270436 -0.224265 -0.077461
v -0.266411 -0.224617 -0.078677
v -0.264880 -0.222730 -0.080640
v -0.265451 -0.220272 -0.082365
v -0.268964 -0.218371 -0.082561
v -0.268158 -0.207797 -0.119229
v -0.266848 -0.208284 -0.122306
v -0.263129 -0.209649 -0.122434
v -0.260801 -0.210536 -0.119267
v -0.262083 -0.209972 -0.116145
v -0.265806 -0.208608 -0.115996
v -0.268087 -0.207830 -0.121479
v -0.260216 -0.210792 -0.119356
v -0.265966 -0.208533 -0.116476
v -0.268810 -0.221972 -0.120001
v -0.271232 -0.217899 -0.114465
v -0.264064 -0.220130 -0.113487
v -0.270832 -0.224759 -0.100534
v -0.275433 -0.229449 -0.097364
v -0.272812 -0.230943 -0.106996
v -0.267545 -0.231317 -0.103059
v -0.270704 -0.232148 -0.090385
v -0.268322 -0.225224 -0.093921
v -0.264636 -0.223553 -0.080116
v -0.272703 -0.222449 -0.078202
v -0.268058 -0.218417 -0.082795
v -0.256167 -0.230680 -0.097620
v -0.253298 -0.239833 -0.097638
v -0.255654 -0.237958 -0.095285
v -0.263465 -0.231936 -0.100200
v -0.251226 -0.236023 -0.101835
v -0.266863 -0.234866 -0.108762
v -0.261399 -0.230328 -0.104114
v -0.278130 -0.227514 -0.108481
v -0.277675 -0.223113 -0.105581
v -0.274523 -0.217959 -0.107047
v -0.275797 -0.219981 -0.113112
v -0.283176 -0.212753 -0.109189
v -0.275877 -0.200171 -0.109571
v -0.276797 -0.203013 -0.102338
v -0.281112 -0.200790 -0.106654
v -0.256241 -0.212867 -0.126393
v -0.255596 -0.210887 -0.129908
v -0.258637 -0.209476 -0.132231
v -0.262157 -0.209926 -0.131040
v -0.262804 -0.211924 -0.127500
v -0.259816 -0.213351 -0.125186
v -0.236549 -0.240064 -0.123780
v -0.234292 -0.237641 -0.127734
v -0.231639 -0.241384 -0.129910
v -0.232052 -0.244971 -0.128107
v -0.234374 -0.245281 -0.124598
v -0.236020 -0.243020 -0.123310
v -0.251802 -0.235121 -0.104991
v -0.250090 -0.237340 -0.104110
v -0.247185 -0.238038 -0.104299
v -0.244176 -0.235744 -0.106221
v -0.244967 -0.232216 -0.108068
v -0.249661 -0.230997 -0.107653
v -0.249993 -0.213762 -0.146282
v -0.247242 -0.214081 -0.148570
v -0.243649 -0.215231 -0.147107
v -0.242951 -0.215930 -0.143218
v -0.245737 -0.215543 -0.140907
v -0.249291 -0.214435 -0.142395
v -0.245821 -0.214424 -0.149320
v -0.243018 -0.215652 -0.145289
v -0.248569 -0.214790 -0.141244
v -0.251552 -0.222795 -0.140917
v -0.246555 -0.234438 -0.139306
v -0.250676 -0.225173 -0.147052
v -0.248566 -0.232816 -0.130414
v -0.253689 -0.237771 -0.135314
v -0.254555 -0.239328 -0.123674
v -0.248334 -0.242836 -0.122895
v -0.248288 -0.234205 -0.118575
v -0.251726 -0.236811 -0.104097
v -0.247485 -0.230855 -0.108229
v -0.243812 -0.235750 -0.106323
v -0.235191 -0.237758 -0.126605
v -0.231047 -0.244183 -0.129537
v -0.236254 -0.242788 -0.123080
v -0.242754 -0.244753 -0.128018
v -0.242218 -0.237009 -0.131082
v -0.242535 -0.243044 -0.136614
v -0.256549 -0.237173 -0.135098
v -0.251914 -0.229842 -0.133491
v -0.256407 -0.221753 -0.130270
v -0.256696 -0.229338 -0.139916
v -0.263755 -0.223605 -0.131914
v -0.262826 -0.209805 -0.131394
v -0.257794 -0.213636 -0.124886
v -0.256415 -0.210282 -0.130943
v -0.239260 -0.218182 -0.151474
v -0.236673 -0.216587 -0.153985
v -0.238036 -0.214620 -0.157223
v -0.242047 -0.213973 -0.157736
v -0.244654 -0.215680 -0.155265
v -0.243294 -0.217768 -0.152110
v -0.215225 -0.244210 -0.151368
v -0.213681 -0.241725 -0.154055
v -0.210821 -0.243085 -0.156612
v -0.209559 -0.247008 -0.156575
v -0.211165 -0.249515 -0.153947
v -0.213979 -0.248091 -0.151250
v -0.231733 -0.242173 -0.134311
v -0.227960 -0.243760 -0.133100
v -0.225065 -0.242967 -0.134200
v -0.223980 -0.239236 -0.135422
v -0.226857 -0.236519 -0.136289
v -0.230744 -0.237241 -0.135243
v -0.229712 -0.217666 -0.170182
v -0.227363 -0.217334 -0.174363
v -0.222667 -0.218512 -0.172889
v -0.222226 -0.219382 -0.169028
v -0.226363 -0.218977 -0.166574
v -0.229362 -0.217137 -0.173180
v -0.224599 -0.219335 -0.166961
v -0.226842 -0.228721 -0.174451
v -0.229234 -0.225850 -0.167100
v -0.222039 -0.218716 -0.172494
v -0.230898 -0.226882 -0.172565
v -0.225180 -0.234824 -0.163512
v -0.226314 -0.243335 -0.162222
v -0.232333 -0.242211 -0.162757
v -0.230587 -0.236129 -0.159349
v -0.228982 -0.239640 -0.149926
v -0.233459 -0.243536 -0.144679
v -0.230531 -0.247694 -0.147785
v -0.224854 -0.244477 -0.146280
v -0.231359 -0.242620 -0.132950
v -0.227488 -0.236119 -0.136416
v -0.224371 -0.242539 -0.134090
v -0.213596 -0.242197 -0.154038
v -0.208948 -0.247259 -0.157255
v -0.214260 -0.248163 -0.150969
v -0.223694 -0.248289 -0.164010
v -0.222630 -0.243014 -0.156590
v -0.231438 -0.244887 -0.161066
v -0.227455 -0.237399 -0.160725
v -0.235794 -0.233273 -0.166821
v -0.236393 -0.227949 -0.157802
v -0.234747 -0.228163 -0.160842
v -0.243821 -0.214059 -0.157862
v -0.242538 -0.232761 -0.161759
v -0.235987 -0.215826 -0.155170
v -0.242280 -0.218174 -0.151521
v -0.215490 -0.219722 -0.178825
v -0.216691 -0.216765 -0.182762
v -0.221671 -0.216860 -0.183381
v -0.223084 -0.219961 -0.179587
v -0.220008 -0.221318 -0.177302
v -0.192587 -0.244957 -0.177819
v -0.190386 -0.241755 -0.181086
v -0.187034 -0.244734 -0.183312
v -0.187520 -0.249417 -0.181416
v -0.191223 -0.248760 -0.177975
v -0.209937 -0.242266 -0.161373
v -0.208748 -0.245971 -0.160146
v -0.203760 -0.246762 -0.160082
v -0.202205 -0.242315 -0.162063
v -0.206234 -0.239252 -0.162330
v -0.207333 -0.217365 -0.197675
v -0.204136 -0.217080 -0.199856
v -0.200555 -0.217932 -0.198191
v -0.200224 -0.219100 -0.194323
v -0.203412 -0.219470 -0.192180
v -0.207008 -0.218579 -0.193820
v -0.203431 -0.216804 -0.201063
v -0.201021 -0.219399 -0.193111
v -0.207569 -0.218387 -0.194284
v -0.202715 -0.227490 -0.200329
v -0.206206 -0.226267 -0.192977
v -0.209824 -0.236213 -0.194408
v -0.201752 -0.229824 -0.193087
v -0.205451 -0.243677 -0.191011
v -0.202521 -0.247123 -0.180844
v -0.206450 -0.238975 -0.183351
v -0.208976 -0.249972 -0.173708
v -0.205127 -0.241750 -0.172151
v -0.210378 -0.243582 -0.177336
v -0.201754 -0.245062 -0.161097
v -0.207638 -0.239496 -0.162605
v -0.209552 -0.245721 -0.160112
v -0.191611 -0.242357 -0.179635
v -0.186945 -0.244316 -0.183517
v -0.190218 -0.250086 -0.178429
v -0.198011 -0.242384 -0.184105
v -0.194595 -0.248777 -0.188567
v -0.203015 -0.241765 -0.193218
v -0.206013 -0.246838 -0.189935
v -0.212210 -0.231528 -0.189229
v -0.211178 -0.235156 -0.186406
v -0.214521 -0.234648 -0.193955
v -0.214988 -0.239595 -0.187207
v -0.221960 -0.228570 -0.188105
v -0.220120 -0.221265 -0.177464
v -0.219651 -0.216076 -0.184088
v -0.216066 -0.220415 -0.177969
v -0.193948 -0.219151 -0.203487
v -0.193317 -0.216644 -0.206492
v -0.196397 -0.215166 -0.208777
v -0.199971 -0.216338 -0.208114
v -0.200623 -0.218848 -0.205066
v -0.197579 -0.220242 -0.202751
v -0.168049 -0.240178 -0.204556
v -0.163304 -0.241085 -0.207986
v -0.162806 -0.246010 -0.206903
v -0.165653 -0.247467 -0.204417
v -0.168424 -0.244974 -0.202892
v -0.186584 -0.244654 -0.186569
v -0.181805 -0.246109 -0.186337
v -0.178996 -0.242196 -0.187478
v -0.182443 -0.238574 -0.188348
v -0.186168 -0.239843 -0.188091
v -0.183690 -0.214937 -0.222218
v -0.179146 -0.214330 -0.224193
v -0.176135 -0.215787 -0.220398
v -0.178059 -0.217002 -0.217145
v -0.183105 -0.216634 -0.217521
v -0.182931 -0.214189 -0.224433
v -0.180778 -0.217296 -0.216092
v -0.181696 -0.225017 -0.217141
v -0.177330 -0.223579 -0.224269
v -0.176173 -0.215573 -0.221032
v -0.182576 -0.233017 -0.222513
v -0.179731 -0.236026 -0.212100
v -0.177748 -0.237825 -0.216666
v -0.185598 -0.245169 -0.211593
v -0.184929 -0.239017 -0.208192
v -0.180370 -0.241641 -0.199781
v -0.181510 -0.249081 -0.200540
v -0.185821 -0.245666 -0.186315
v -0.185358 -0.238736 -0.188405
v -0.179017 -0.243897 -0.187030
v -0.165044 -0.239457 -0.207158
v -0.161993 -0.246867 -0.207493
v -0.168987 -0.244630 -0.202476
v -0.181026 -0.241444 -0.211724
v -0.178480 -0.246459 -0.213595
v -0.173511 -0.239323 -0.211572
v -0.177929 -0.240200 -0.218537
v -0.190957 -0.235929 -0.219296
v -0.185663 -0.232295 -0.214092
v -0.189922 -0.228570 -0.217564
v -0.193432 -0.236510 -0.214420
v -0.192058 -0.226663 -0.208514
v -0.198738 -0.225826 -0.213984
v -0.195410 -0.215131 -0.208802
v -0.200611 -0.219320 -0.204404
v -0.194702 -0.219593 -0.203048
v -0.171173 -0.216587 -0.226499
v -0.168305 -0.213614 -0.229175
v -0.172598 -0.211670 -0.232942
v -0.176252 -0.214224 -0.230753
v -0.175016 -0.216608 -0.227692
v -0.143305 -0.236857 -0.227279
v -0.139504 -0.235206 -0.230084
v -0.136788 -0.240523 -0.230456
v -0.140175 -0.243107 -0.227704
v -0.143196 -0.240870 -0.226355
v -0.162245 -0.241806 -0.211278
v -0.157401 -0.243022 -0.210600
v -0.154669 -0.238921 -0.211365
v -0.158209 -0.235451 -0.212442
v -0.161945 -0.236858 -0.212304
v -0.158910 -0.211281 -0.243405
v -0.155795 -0.209546 -0.246912
v -0.151269 -0.210243 -0.244706
v -0.151958 -0.212091 -0.240156
v -0.157003 -0.212596 -0.240097
v -0.157721 -0.212455 -0.240574
v -0.152241 -0.212156 -0.240643
v -0.159108 -0.228351 -0.244537
v -0.155623 -0.208969 -0.248312
v -0.151218 -0.209620 -0.246157
v -0.154508 -0.231238 -0.245259
v -0.158038 -0.226464 -0.239925
v -0.153518 -0.231697 -0.237092
v -0.161113 -0.239262 -0.235225
v -0.157978 -0.236876 -0.225591
v -0.158851 -0.245231 -0.223760
v -0.152878 -0.239674 -0.235516
v -0.156362 -0.242723 -0.210626
v -0.158913 -0.234901 -0.212597
v -0.162985 -0.240550 -0.211561
v -0.143909 -0.237840 -0.226695
v -0.137893 -0.236329 -0.230812
v -0.137804 -0.242821 -0.229299
v -0.143633 -0.240154 -0.238574
v -0.147980 -0.243230 -0.234138
v -0.150067 -0.234884 -0.233953
v -0.161398 -0.236248 -0.243465
v -0.163114 -0.224967 -0.239631
v -0.169870 -0.228674 -0.236460
v -0.160533 -0.229867 -0.236891
v -0.168816 -0.226529 -0.242611
v -0.172080 -0.216592 -0.226840
v -0.176242 -0.212781 -0.232383
v -0.168136 -0.212949 -0.229804
v -0.145326 -0.211224 -0.248499
v -0.142665 -0.208665 -0.250003
v -0.144479 -0.205790 -0.253783
v -0.149220 -0.207351 -0.254095
v -0.149912 -0.210935 -0.250643
v -0.117732 -0.231592 -0.248857
v -0.112881 -0.228677 -0.251076
v -0.110111 -0.232715 -0.251775
v -0.111510 -0.236154 -0.249865
v -0.115175 -0.235913 -0.248125
v -0.137307 -0.234905 -0.234444
v -0.133713 -0.238228 -0.233288
v -0.129319 -0.235759 -0.232922
v -0.131539 -0.230343 -0.234307
v -0.135510 -0.231210 -0.234750
v -0.131950 -0.204350 -0.265350
v -0.130036 -0.203043 -0.267177
v -0.126044 -0.202696 -0.266506
v -0.124315 -0.204120 -0.263125
v -0.127610 -0.205646 -0.259807
v -0.131816 -0.205837 -0.262624
v -0.127952 -0.202355 -0.268123
v -0.124061 -0.203456 -0.264787
v -0.130361 -0.206235 -0.261040
v -0.131790 -0.212159 -0.267597
v -0.125343 -0.215073 -0.262545
v -0.130146 -0.215929 -0.261997
v -0.133071 -0.233166 -0.258084
v -0.124268 -0.220486 -0.267286
v -0.128082 -0.232763 -0.260747
v -0.131726 -0.228627 -0.253115
v -0.126045 -0.232803 -0.251352
v -0.130198 -0.239008 -0.247578
v -0.134832 -0.238511 -0.233370
v -0.129297 -0.232918 -0.233456
v -0.136051 -0.231623 -0.234773
v -0.115348 -0.228809 -0.249564
v -0.110060 -0.231131 -0.251863
v -0.113566 -0.237301 -0.248639
v -0.120148 -0.236503 -0.259868
v -0.121889 -0.230317 -0.253497
v -0.124353 -0.228110 -0.264121
v -0.135180 -0.220199 -0.260283
v -0.133190 -0.225348 -0.257850
v -0.141703 -0.222740 -0.265083
v -0.138344 -0.218396 -0.264547
v -0.140860 -0.224080 -0.258543
v -0.147246 -0.205701 -0.254933
v -0.142582 -0.208743 -0.249905
v -0.149423 -0.211657 -0.249728
v -0.119446 -0.204349 -0.268294
v -0.115867 -0.201085 -0.269354
v -0.116927 -0.198455 -0.272178
v -0.120536 -0.198696 -0.274050
v -0.123438 -0.202320 -0.272353
v -0.088964 -0.223523 -0.266280
v -0.087500 -0.220109 -0.267639
v -0.083873 -0.220082 -0.269473
v -0.081635 -0.223539 -0.269956
v -0.083091 -0.226940 -0.268607
v -0.086766 -0.226960 -0.266703
v -0.109861 -0.228918 -0.254814
v -0.106647 -0.231156 -0.253769
v -0.102984 -0.229364 -0.253083
v -0.102581 -0.225332 -0.253431
v -0.105817 -0.223070 -0.254454
v -0.109449 -0.224859 -0.255114
v -0.105010 -0.196449 -0.281330
v -0.102606 -0.194246 -0.284930
v -0.098705 -0.193997 -0.284232
v -0.097111 -0.196024 -0.279881
v -0.101284 -0.197547 -0.278030
v -0.096999 -0.194935 -0.281891
v -0.099350 -0.197339 -0.277929
v -0.105095 -0.195363 -0.283519
v -0.101480 -0.201600 -0.288039
v -0.098431 -0.205840 -0.279993
v -0.102887 -0.208035 -0.281040
v -0.095474 -0.211154 -0.285204
v -0.102574 -0.220450 -0.282180
v -0.101956 -0.220883 -0.271126
v -0.100336 -0.224351 -0.265297
v -0.106260 -0.225840 -0.271810
v -0.099271 -0.228416 -0.273410
v -0.109144 -0.230674 -0.254423
v -0.103575 -0.230906 -0.253073
v -0.107652 -0.223251 -0.254886
v -0.087841 -0.221976 -0.267320
v -0.083456 -0.219965 -0.269677
v -0.082176 -0.226860 -0.269026
v -0.086651 -0.227142 -0.266759
v -0.088873 -0.223249 -0.279147
v -0.101396 -0.223723 -0.283365
v -0.100497 -0.215912 -0.280154
v -0.098330 -0.219135 -0.284455
v -0.112522 -0.216618 -0.279680
v -0.102298 -0.217798 -0.277083
v -0.111532 -0.209110 -0.275283
v -0.118002 -0.208726 -0.280474
v -0.109488 -0.209925 -0.283607
v -0.116445 -0.202298 -0.268598
v -0.119762 -0.197996 -0.274203
v -0.122428 -0.204294 -0.269967
v -0.091136 -0.194531 -0.285740
v -0.088740 -0.191410 -0.286527
v -0.089824 -0.188663 -0.289351
v -0.094240 -0.189523 -0.291510
v -0.095400 -0.194549 -0.288410
v -0.060772 -0.209726 -0.283685
v -0.057004 -0.207147 -0.285729
v -0.053383 -0.211900 -0.286574
v -0.056595 -0.215302 -0.284618
v -0.060126 -0.213742 -0.283385
v -0.082053 -0.216738 -0.273287
v -0.080161 -0.221314 -0.272968
v -0.076505 -0.221592 -0.271278
v -0.074248 -0.217955 -0.271119
v -0.076846 -0.213804 -0.272290
v -0.077846 -0.184236 -0.298567
v -0.074755 -0.181628 -0.301275
v -0.070635 -0.182103 -0.298488
v -0.070987 -0.184286 -0.295111
v -0.075417 -0.186021 -0.294458
v -0.078378 -0.184207 -0.298818
v -0.072988 -0.181277 -0.300966
v -0.071288 -0.184858 -0.294386
v -0.070443 -0.192564 -0.304665
v -0.075573 -0.196086 -0.302256
v -0.067402 -0.200901 -0.299177
v -0.072583 -0.196658 -0.296003
v -0.073928 -0.208551 -0.290300
v -0.076697 -0.212585 -0.291866
v -0.071102 -0.210992 -0.299023
v -0.073485 -0.219633 -0.288621
v -0.069752 -0.214177 -0.287860
v -0.074734 -0.220216 -0.271168
v -0.081587 -0.220957 -0.273019
v -0.077156 -0.213992 -0.272124
v -0.059402 -0.208073 -0.284659
v -0.052943 -0.213147 -0.286549
v -0.059563 -0.214479 -0.283513
v -0.063019 -0.206515 -0.295418
v -0.076431 -0.210479 -0.298991
v -0.066770 -0.213241 -0.299451
v -0.071982 -0.207140 -0.293864
v -0.078452 -0.201140 -0.295403
v -0.080123 -0.200730 -0.302364
v -0.083475 -0.205883 -0.296800
v -0.089364 -0.198471 -0.299022
v -0.089138 -0.188408 -0.289029
v -0.096239 -0.193462 -0.289788
v -0.092774 -0.195349 -0.286157
v -0.064309 -0.181628 -0.301257
v -0.062005 -0.177553 -0.301997
v -0.065944 -0.175453 -0.306133
v -0.068822 -0.179191 -0.306142
v -0.067677 -0.182034 -0.303542
v -0.032206 -0.194209 -0.298539
v -0.027546 -0.192724 -0.300285
v -0.024708 -0.195681 -0.300972
v -0.025230 -0.198560 -0.300480
v -0.027610 -0.200345 -0.299478
v -0.031493 -0.199103 -0.298319
v -0.053707 -0.206772 -0.289596
v -0.050350 -0.208806 -0.288499
v -0.047120 -0.206823 -0.287440
v -0.047152 -0.202724 -0.287418
v -0.050663 -0.200765 -0.288331
v -0.053784 -0.202751 -0.289582
v -0.051569 -0.170628 -0.311922
v -0.049550 -0.168535 -0.313947
v -0.045776 -0.167820 -0.312706
v -0.044107 -0.169415 -0.309394
v -0.046095 -0.171671 -0.307456
v -0.049897 -0.172292 -0.308627
v -0.049446 -0.168113 -0.314430
v -0.043990 -0.167429 -0.312299
v -0.051178 -0.171862 -0.309973
v -0.048400 -0.184285 -0.314434
v -0.045907 -0.171030 -0.308342
v -0.043511 -0.186887 -0.317836
v -0.044739 -0.187536 -0.309079
v -0.039066 -0.196253 -0.309995
v -0.047958 -0.198260 -0.309895
v -0.043825 -0.204972 -0.305810
v -0.046875 -0.197632 -0.301219
v -0.048337 -0.202102 -0.287703
v -0.055138 -0.203721 -0.289971
v -0.049256 -0.209229 -0.288248
v -0.031198 -0.193202 -0.299039
v -0.024254 -0.196447 -0.301007
v -0.031627 -0.199231 -0.298301
v -0.035974 -0.193442 -0.305503
v -0.031448 -0.193363 -0.309993
v -0.031236 -0.201147 -0.306392
v -0.044048 -0.195016 -0.309408
v -0.043924 -0.195519 -0.316665
v -0.046487 -0.188255 -0.316156
v -0.057169 -0.191379 -0.312313
v -0.052054 -0.186810 -0.310420
v -0.059797 -0.185585 -0.316049
v -0.064597 -0.181912 -0.301358
v -0.063033 -0.175782 -0.303946
v -0.068067 -0.177045 -0.306952
v -0.037569 -0.166960 -0.312945
v -0.036982 -0.162362 -0.314973
v -0.039799 -0.161132 -0.317660
v -0.043132 -0.164258 -0.318261
v -0.041121 -0.168253 -0.316274
v -0.006164 -0.176181 -0.312022
v -0.003975 -0.172902 -0.313244
v -0.000110 -0.173333 -0.314592
v 0.001380 -0.175980 -0.314840
v 0.000822 -0.179015 -0.314296
v -0.001750 -0.180580 -0.313180
v -0.004575 -0.179974 -0.312202
v -0.025048 -0.191576 -0.303535
v -0.021384 -0.193389 -0.302516
v -0.018126 -0.191220 -0.301169
v -0.018603 -0.187412 -0.300779
v -0.022314 -0.185613 -0.301747
v -0.025481 -0.187722 -0.303150
v -0.028419 -0.152194 -0.325352
v -0.025471 -0.149450 -0.325146
v -0.022066 -0.151904 -0.320496
v -0.024977 -0.155018 -0.319842
v -0.028171 -0.154686 -0.322290
v -0.027520 -0.150686 -0.326096
v -0.021815 -0.150650 -0.321761
v -0.026854 -0.155190 -0.320827
v -0.022790 -0.155470 -0.329755
v -0.021644 -0.171557 -0.327720
v -0.018338 -0.162043 -0.323093
v -0.015781 -0.167671 -0.329428
v -0.019729 -0.176485 -0.320446
v -0.016867 -0.178509 -0.327157
v -0.012811 -0.181193 -0.320983
v -0.020792 -0.184866 -0.319115
v -0.016793 -0.178580 -0.317159
v -0.018035 -0.191041 -0.314385
v -0.026111 -0.188256 -0.303462
v -0.018293 -0.192901 -0.301464
v -0.019590 -0.186945 -0.301093
v -0.006450 -0.175565 -0.312042
v 0.000458 -0.173673 -0.314781
v -0.000552 -0.180965 -0.313590
v -0.011125 -0.177024 -0.318689
v -0.005993 -0.173823 -0.324674
v -0.008149 -0.180756 -0.324560
v -0.024864 -0.170822 -0.323281
v -0.021994 -0.173681 -0.331548
v -0.030071 -0.175154 -0.324365
v -0.029489 -0.166563 -0.326185
v -0.035132 -0.169252 -0.327489
v -0.036900 -0.166910 -0.313054
v -0.039423 -0.160798 -0.317436
v -0.042838 -0.165472 -0.318373
v -0.017468 -0.148469 -0.324786
v -0.016646 -0.145446 -0.324395
v -0.018726 -0.143126 -0.326528
v -0.021950 -0.143927 -0.328999
v -0.022816 -0.146740 -0.329218
v -0.020641 -0.149257 -0.327146
v 0.017880 -0.151844 -0.324503
v 0.018388 -0.147527 -0.325537
v 0.020680 -0.146420 -0.326760
v 0.023253 -0.147526 -0.327723
v 0.024600 -0.151981 -0.327476
v 0.023150 -0.154630 -0.326240
v 0.020703 -0.155155 -0.325063
v -0.000914 -0.168749 -0.316940
v 0.001989 -0.171544 -0.317075
v 0.005902 -0.170549 -0.315475
v 0.006858 -0.166688 -0.314163
v 0.003944 -0.163918 -0.314358
v 0.000031 -0.164933 -0.315693
v -0.012314 -0.134190 -0.333847
v -0.011310 -0.131588 -0.334051
v -0.008199 -0.130932 -0.331667
v -0.006279 -0.133398 -0.329111
v -0.007315 -0.136228 -0.328896
v -0.010319 -0.136773 -0.331193
v -0.006845 -0.131319 -0.330491
v -0.008973 -0.136820 -0.330296
v -0.012603 -0.132356 -0.334805
v 0.000045 -0.140702 -0.333347
v -0.000921 -0.138464 -0.339523
v -0.001169 -0.146581 -0.335778
v 0.000714 -0.148090 -0.340718
v 0.006761 -0.152903 -0.340337
v 0.011579 -0.157497 -0.331133
v 0.003737 -0.155897 -0.331348
v 0.006470 -0.164863 -0.332518
v 0.000626 -0.171154 -0.317179
v 0.007802 -0.168777 -0.314594
v 0.000255 -0.164742 -0.315554
v 0.017656 -0.148136 -0.325083
v 0.022178 -0.146418 -0.327427
v 0.023475 -0.155437 -0.326243
v 0.018400 -0.151414 -0.336620
v 0.013774 -0.156605 -0.335638
v 0.013340 -0.152886 -0.329910
v 0.005187 -0.150222 -0.341351
v 0.003917 -0.150236 -0.335123
v 0.001573 -0.153783 -0.342544
v -0.000527 -0.152771 -0.334968
v -0.005740 -0.155337 -0.339024
v -0.011505 -0.149314 -0.339283
v -0.016628 -0.146916 -0.324334
v -0.019671 -0.143026 -0.327181
v -0.023175 -0.147972 -0.329383
v -0.004971 -0.124709 -0.333425
v -0.008680 -0.122105 -0.335627
v -0.011653 -0.124437 -0.338037
v -0.009319 -0.128281 -0.337332
v -0.005900 -0.128389 -0.335089
v 0.028833 -0.120626 -0.337406
v 0.027149 -0.116974 -0.337235
v 0.029305 -0.113602 -0.338500
v 0.032170 -0.113490 -0.339780
v 0.034370 -0.115411 -0.340468
v 0.034087 -0.119569 -0.339816
v 0.031620 -0.121190 -0.338560
v 0.020399 -0.143444 -0.329584
v 0.024178 -0.143278 -0.329126
v 0.025777 -0.139579 -0.327858
v 0.023352 -0.136327 -0.326743
v 0.019446 -0.136632 -0.327017
v 0.017953 -0.140049 -0.328548
v -0.004943 -0.110428 -0.342234
v -0.005231 -0.107307 -0.343614
v -0.002544 -0.104658 -0.342469
v 0.000480 -0.105321 -0.339860
v 0.000780 -0.108499 -0.338495
v -0.001917 -0.111146 -0.339618
v -0.005762 -0.108669 -0.343541
v -0.001869 -0.104122 -0.342166
v -0.000110 -0.109920 -0.338755
v 0.005664 -0.113999 -0.352460
v 0.006905 -0.108648 -0.347476
v 0.008370 -0.116474 -0.344007
v 0.017395 -0.118659 -0.349349
v 0.016533 -0.131536 -0.346299
v 0.020270 -0.126383 -0.341297
v 0.019901 -0.127640 -0.349656
v 0.015597 -0.127050 -0.342805
v 0.025040 -0.134058 -0.341861
v 0.018822 -0.137519 -0.327562
v 0.022543 -0.144091 -0.329669
v 0.025047 -0.137073 -0.326952
v 0.027976 -0.119774 -0.337208
v 0.029793 -0.113027 -0.338870
v 0.034866 -0.114827 -0.340797
v 0.034092 -0.120738 -0.339729
v 0.021834 -0.119089 -0.342873
v 0.024360 -0.121169 -0.350947
v 0.017551 -0.117915 -0.351619
v 0.004818 -0.123163 -0.345520
v 0.008168 -0.128318 -0.348859
v 0.008754 -0.124667 -0.353966
v 0.001045 -0.122042 -0.349464
v -0.003963 -0.126479 -0.348193
v -0.004991 -0.124212 -0.333701
v -0.010536 -0.122242 -0.336900
v -0.008355 -0.129120 -0.336906
v 0.003020 -0.098801 -0.342627
v 0.000301 -0.094672 -0.343566
v -0.003690 -0.095602 -0.346294
v -0.003037 -0.100211 -0.347194
v 0.000243 -0.101591 -0.345850
v 0.034299 -0.086906 -0.346998
v 0.031901 -0.083484 -0.346443
v 0.033161 -0.079825 -0.347587
v 0.036812 -0.079456 -0.349232
v 0.039241 -0.082858 -0.349707
v 0.037893 -0.086639 -0.348657
v 0.029780 -0.110554 -0.341457
v 0.033882 -0.109695 -0.341142
v 0.035301 -0.106143 -0.339531
v 0.032702 -0.103698 -0.338048
v 0.028553 -0.104654 -0.338245
v 0.027149 -0.108016 -0.340011
v -0.001892 -0.079147 -0.351283
v -0.001386 -0.075572 -0.351245
v 0.001708 -0.074143 -0.349060
v 0.004180 -0.076455 -0.346895
v 0.003684 -0.080058 -0.346985
v 0.000625 -0.081457 -0.349103
v -0.001851 -0.079677 -0.351165
v 0.000247 -0.073654 -0.350235
v 0.002788 -0.080696 -0.347640
v 0.010233 -0.077264 -0.357179
v 0.010601 -0.079519 -0.352115
v 0.006901 -0.080792 -0.359523
v 0.014863 -0.088428 -0.355429
v 0.026237 -0.100383 -0.356487
v 0.023974 -0.089055 -0.360698
v 0.023308 -0.093678 -0.351763
v 0.034538 -0.100220 -0.349448
v 0.028543 -0.104851 -0.338435
v 0.031261 -0.110904 -0.341732
v 0.035653 -0.105635 -0.339288
v 0.032497 -0.084292 -0.346673
v 0.036240 -0.078366 -0.349145
v 0.038047 -0.086528 -0.348700
v 0.031857 -0.082488 -0.358595
v 0.019129 -0.091545 -0.355468
v 0.024424 -0.091691 -0.360605
v 0.010524 -0.091152 -0.355106
v 0.014579 -0.087901 -0.362373
v 0.008882 -0.097825 -0.359683
v 0.009326 -0.096154 -0.352006
v 0.002756 -0.093962 -0.356931
v 0.002169 -0.100986 -0.344506
v -0.000601 -0.094382 -0.343966
v -0.003974 -0.099134 -0.347615
v 0.004170 -0.068309 -0.351350
v 0.002964 -0.064903 -0.350527
v -0.000407 -0.063424 -0.352236
v -0.003115 -0.066010 -0.353996
v -0.001833 -0.069297 -0.354895
v 0.001783 -0.070591 -0.353422
v 0.033123 -0.050294 -0.352982
v 0.034958 -0.044676 -0.354111
v 0.039440 -0.045862 -0.356009
v 0.040155 -0.049872 -0.356077
v 0.037333 -0.052506 -0.354709
v 0.032817 -0.076495 -0.350298
v 0.036595 -0.075132 -0.350096
v 0.037038 -0.070884 -0.347437
v 0.031136 -0.070181 -0.346425
v 0.029757 -0.074372 -0.348590
v -0.000007 -0.048550 -0.356353
v -0.001073 -0.044938 -0.357270
v 0.000965 -0.041883 -0.355707
v 0.004180 -0.042471 -0.353289
v 0.005333 -0.046046 -0.352471
v 0.003237 -0.049123 -0.353981
v 0.001798 -0.040851 -0.355132
v 0.005433 -0.046156 -0.352380
v -0.001081 -0.048081 -0.357237
v 0.008390 -0.047017 -0.365963
v 0.012079 -0.047631 -0.357889
v 0.013505 -0.053532 -0.362072
v 0.021846 -0.049887 -0.365337
v 0.021527 -0.054921 -0.360446
v 0.022827 -0.058268 -0.368494
v 0.031823 -0.068417 -0.362027
v 0.031793 -0.059790 -0.359877
v 0.027336 -0.064735 -0.356355
v 0.037026 -0.075487 -0.350327
v 0.029409 -0.074210 -0.348464
v 0.034361 -0.069192 -0.346198
v 0.032963 -0.049717 -0.352942
v 0.038592 -0.043735 -0.355730
v 0.038230 -0.052450 -0.355102
v 0.035865 -0.050343 -0.362973
v 0.028803 -0.053276 -0.359370
v 0.023175 -0.057124 -0.369736
v 0.027870 -0.048778 -0.359906
v 0.021579 -0.050362 -0.367896
v 0.013283 -0.063295 -0.363475
v 0.012219 -0.057951 -0.362026
v 0.006994 -0.058323 -0.365998
v 0.007699 -0.065024 -0.366560
v 0.002965 -0.070235 -0.352674
v 0.003186 -0.065142 -0.350579
v -0.003574 -0.066989 -0.354914
v 0.005077 -0.035246 -0.356100
v 0.003894 -0.031777 -0.355058
v 0.000286 -0.030511 -0.356342
v -0.002055 -0.032703 -0.358729
v -0.000874 -0.036188 -0.359767
v 0.002735 -0.037470 -0.358519
v 0.033737 -0.016563 -0.356585
v 0.032732 -0.012657 -0.356067
v 0.035309 -0.009821 -0.357173
v 0.038919 -0.010869 -0.358777
v 0.039910 -0.014844 -0.359337
v 0.037341 -0.017671 -0.358225
v 0.034869 -0.042003 -0.356339
v 0.038508 -0.038807 -0.354684
v 0.037167 -0.035982 -0.352279
v 0.032117 -0.036208 -0.351503
v 0.030750 -0.040159 -0.354177
v -0.001002 -0.014417 -0.359852
v -0.001093 -0.009588 -0.359207
v 0.001823 -0.008267 -0.356738
v 0.004799 -0.011771 -0.354762
v 0.003023 -0.015737 -0.357029
v -0.000036 -0.015386 -0.359274
v -0.000343 -0.008261 -0.358333
v 0.004841 -0.012536 -0.355266
v 0.007218 -0.008479 -0.363490
v 0.008050 -0.012368 -0.368821
v 0.015963 -0.014596 -0.363058
v 0.018867 -0.021320 -0.365516
v 0.020155 -0.022389 -0.371604
v 0.024233 -0.016758 -0.369430
v 0.032578 -0.026196 -0.362467
v 0.027825 -0.029613 -0.361309
v 0.034660 -0.042438 -0.356595
v 0.034017 -0.029903 -0.367816
v 0.037529 -0.035663 -0.352125
v 0.030389 -0.038342 -0.352695
v 0.032718 -0.012226 -0.356064
v 0.037152 -0.018245 -0.358112
v 0.030958 -0.010504 -0.365047
v 0.040998 -0.012737 -0.359831
v 0.029436 -0.019661 -0.364629
v 0.020408 -0.017339 -0.366763
v 0.025545 -0.018448 -0.372661
v 0.016451 -0.018065 -0.372899
v 0.008785 -0.025958 -0.363385
v 0.012078 -0.028957 -0.372524
v 0.003329 -0.027723 -0.367735
v 0.015876 -0.025849 -0.366668
v 0.004776 -0.034775 -0.356094
v 0.001490 -0.037722 -0.359238
v -0.001656 -0.030755 -0.357496
v 0.003683 -0.001608 -0.357711
v 0.001414 0.002423 -0.356183
v -0.003686 0.001655 -0.359314
v -0.002230 -0.002464 -0.361424
v 0.001464 -0.003745 -0.360264
v 0.031744 0.018108 -0.357125
v 0.030729 0.021880 -0.356125
v 0.033268 0.024870 -0.356908
v 0.037633 0.023402 -0.359083
v 0.036330 0.017586 -0.359276
v 0.031904 -0.007220 -0.358261
v 0.036638 -0.005546 -0.357947
v 0.037107 -0.002543 -0.355306
v 0.032844 -0.001175 -0.352948
v 0.029473 -0.004217 -0.354982
v -0.003775 0.021388 -0.359955
v -0.001871 0.025351 -0.357459
v 0.002200 0.023882 -0.354862
v 0.002402 0.019098 -0.356139
v -0.000593 0.017827 -0.358634
v -0.001812 0.018539 -0.359373
v -0.001086 0.026223 -0.356596
v 0.002570 0.020263 -0.355691
v 0.005312 0.022171 -0.368200
v 0.011054 0.025318 -0.365983
v 0.020423 0.011209 -0.367156
v 0.021829 0.012697 -0.373332
v 0.019684 0.017197 -0.365397
v 0.029251 0.002471 -0.368349
v 0.032892 0.008078 -0.366641
v 0.028699 0.007862 -0.361674
v 0.029772 -0.006043 -0.356615
v 0.032818 -0.001277 -0.353100
v 0.037743 -0.004309 -0.357090
v 0.031591 0.018457 -0.357072
v 0.032947 0.024162 -0.356857
v 0.038994 0.021534 -0.360019
v 0.026845 0.024138 -0.367762
v 0.024723 0.015348 -0.372552
v 0.025753 0.015312 -0.366585
v 0.012372 0.012934 -0.367629
v 0.016035 0.013852 -0.375412
v 0.011437 0.007207 -0.366836
v 0.006589 0.012309 -0.372826
v 0.004036 0.002336 -0.369475
v 0.002843 -0.003672 -0.359524
v 0.001205 0.002366 -0.356387
v -0.003858 0.001511 -0.359628
v 0.001477 0.031397 -0.356909
v 0.000102 0.035518 -0.354495
v -0.004588 0.036734 -0.356020
v -0.005505 0.033258 -0.359478
v -0.002478 0.030632 -0.359993
v 0.031138 0.051643 -0.355010
v 0.028509 0.054978 -0.352419
v 0.031567 0.059796 -0.354630
v 0.035485 0.057073 -0.356480
v 0.034760 0.053051 -0.356319
v 0.029824 0.027480 -0.357686
v 0.034555 0.029191 -0.357188
v 0.035023 0.031936 -0.354224
v 0.031844 0.033070 -0.351998
v 0.027509 0.030800 -0.353220
v -0.005547 0.054696 -0.356791
v -0.005258 0.058451 -0.355340
v -0.002421 0.059393 -0.352559
v 0.000317 0.056743 -0.351519
v -0.000118 0.052852 -0.352634
v -0.002647 0.052065 -0.355718
v -0.004776 0.059596 -0.354106
v 0.000889 0.054174 -0.352150
v -0.006224 0.054258 -0.357574
v 0.011587 0.056431 -0.360705
v 0.005099 0.052106 -0.359633
v 0.010102 0.059251 -0.365157
v 0.020931 0.046912 -0.370440
v 0.025692 0.049603 -0.366456
v 0.025552 0.046135 -0.361477
v 0.020290 0.043920 -0.363140
v 0.035979 0.031170 -0.355409
v 0.027610 0.031295 -0.352608
v 0.031786 0.027273 -0.358426
v 0.028425 0.055283 -0.353156
v 0.033703 0.060573 -0.354589
v 0.033226 0.051198 -0.355870
v 0.026033 0.050958 -0.362220
v 0.023092 0.054442 -0.359690
v 0.025855 0.056286 -0.368137
v 0.006905 0.050145 -0.369020
v 0.009952 0.042885 -0.365534
v 0.007764 0.046298 -0.363952
v 0.011922 0.045305 -0.371989
v 0.000889 0.040127 -0.368301
v -0.000398 0.036047 -0.354347
v -0.005764 0.035869 -0.357414
v -0.001014 0.029760 -0.359894
v -0.001478 0.068574 -0.349887
v -0.007053 0.070473 -0.350981
v -0.007976 0.067292 -0.354792
v -0.004897 0.064804 -0.355652
v -0.001497 0.064966 -0.353413
v 0.026769 0.086263 -0.347371
v 0.025694 0.089828 -0.345938
v 0.029153 0.093501 -0.346699
v 0.032791 0.091049 -0.349045
v 0.031332 0.086230 -0.349546
v 0.028590 0.061938 -0.354122
v 0.031440 0.063000 -0.353710
v 0.032974 0.064818 -0.351731
v 0.031355 0.066747 -0.348490
v 0.027434 0.066294 -0.347592
v 0.024933 0.063293 -0.350799
v -0.006449 0.085833 -0.349330
v -0.008778 0.090266 -0.349070
v -0.006199 0.093080 -0.345956
v -0.002441 0.089943 -0.344470
v -0.002595 0.086389 -0.346103
v -0.009233 0.090356 -0.349456
v -0.003297 0.091700 -0.344324
v -0.004054 0.086108 -0.347415
v -0.000605 0.094330 -0.355652
v 0.008429 0.090090 -0.352665
v 0.013836 0.083508 -0.363107
v 0.012232 0.083035 -0.356346
v 0.018098 0.087401 -0.362384
v 0.027714 0.079247 -0.357750
v 0.021726 0.075415 -0.354419
v 0.031348 0.061871 -0.355233
v 0.030353 0.067211 -0.347470
v 0.025438 0.062564 -0.352075
v 0.025846 0.087665 -0.346592
v 0.030979 0.094737 -0.347316
v 0.033268 0.089446 -0.349680
v 0.026175 0.087330 -0.357807
v 0.018097 0.086667 -0.354343
v 0.013089 0.089676 -0.363883
v 0.005140 0.079751 -0.358034
v 0.006675 0.079178 -0.366149
v 0.006383 0.076317 -0.359794
v 0.000871 0.081925 -0.360220
v -0.009003 0.068677 -0.354022
v -0.004605 0.064434 -0.355882
v -0.001643 0.069195 -0.349245
v -0.003637 0.099586 -0.344323
v -0.005205 0.102394 -0.341758
v -0.008998 0.103723 -0.342293
v -0.011158 0.102371 -0.345504
v -0.009563 0.099555 -0.348150
v -0.005797 0.098229 -0.347611
v 0.023062 0.119680 -0.337131
v 0.023576 0.124354 -0.335641
v 0.027093 0.126054 -0.336791
v 0.029761 0.123986 -0.339012
v 0.028434 0.119294 -0.339887
v 0.025755 0.095788 -0.346932
v 0.030111 0.097805 -0.345352
v 0.028522 0.100201 -0.341209
v 0.024553 0.099977 -0.340536
v 0.022127 0.096879 -0.343767
v -0.011395 0.121702 -0.339361
v -0.010898 0.125769 -0.336414
v -0.005848 0.123750 -0.333726
v -0.005620 0.119333 -0.336054
v -0.008564 0.118792 -0.338779
v -0.011527 0.121816 -0.339365
v -0.010463 0.126726 -0.335696
v -0.006825 0.118351 -0.337683
v -0.005636 0.121709 -0.334802
v 0.005826 0.126009 -0.343755
v 0.011412 0.119098 -0.354188
v 0.001574 0.126992 -0.348735
v 0.005665 0.118612 -0.345391
v 0.021193 0.117466 -0.349709
v 0.015945 0.111562 -0.347314
v 0.022467 0.106544 -0.353447
v 0.026087 0.100087 -0.340053
v 0.030203 0.098343 -0.344996
v 0.022545 0.096080 -0.345142
v 0.022560 0.121370 -0.336224
v 0.026446 0.126473 -0.336217
v 0.027281 0.118573 -0.339677
v 0.024574 0.125082 -0.347285
v 0.017647 0.120415 -0.343708
v 0.019599 0.127697 -0.345350
v 0.017649 0.118756 -0.348682
v 0.006742 0.117934 -0.348110
v 0.006733 0.123342 -0.353050
v 0.009636 0.115760 -0.354843
v -0.000443 0.111550 -0.356142
v -0.005557 0.112318 -0.351060
v -0.000845 0.110149 -0.346659
v -0.011092 0.103230 -0.344387
v -0.007765 0.098146 -0.348794
v -0.004119 0.101863 -0.341770
v -0.006570 0.133134 -0.332224
v -0.011121 0.136822 -0.330532
v -0.014267 0.135623 -0.334131
v -0.012698 0.132942 -0.336733
v -0.008893 0.131417 -0.336216
v 0.020881 0.151431 -0.324505
v 0.022321 0.156788 -0.322455
v 0.026835 0.157107 -0.324727
v 0.027671 0.153969 -0.327047
v 0.025056 0.150869 -0.327246
v 0.020821 0.128456 -0.335312
v 0.024771 0.129010 -0.336168
v 0.027279 0.131376 -0.332671
v 0.022524 0.132140 -0.329083
v 0.019266 0.129762 -0.331841
v -0.011662 0.151732 -0.326367
v -0.013798 0.156112 -0.325001
v -0.011819 0.158123 -0.322024
v -0.008504 0.156477 -0.320344
v -0.007206 0.152047 -0.322273
v -0.012418 0.152080 -0.326663
v -0.011199 0.158904 -0.320966
v -0.007818 0.152748 -0.322557
v -0.004819 0.159290 -0.333432
v -0.000987 0.152879 -0.330320
v -0.002973 0.161350 -0.329135
v 0.009129 0.157095 -0.333763
v 0.014310 0.146875 -0.334767
v 0.003802 0.154613 -0.339435
v 0.013558 0.143105 -0.338812
v 0.016814 0.152268 -0.339125
v 0.019709 0.141109 -0.341892
v 0.027574 0.131007 -0.333657
v 0.020630 0.131313 -0.329522
v 0.021590 0.128235 -0.336054
v 0.021174 0.150939 -0.325077
v 0.027753 0.153321 -0.327413
v 0.023077 0.157382 -0.322513
v 0.021128 0.158577 -0.334836
v 0.017895 0.160107 -0.330693
v 0.013143 0.152699 -0.339660
v 0.016979 0.152168 -0.331265
v 0.004490 0.156066 -0.340862
v 0.003191 0.149225 -0.335748
v -0.004779 0.150114 -0.340148
v -0.008812 0.131588 -0.335848
v -0.001847 0.146239 -0.345186
v -0.008471 0.134854 -0.331272
v -0.014695 0.135944 -0.334054
v -0.008131 0.164336 -0.318629
v -0.009461 0.166791 -0.315793
v -0.014124 0.168675 -0.316619
v -0.015305 0.166518 -0.320969
v -0.011334 0.163761 -0.322485
v 0.022041 0.180664 -0.311028
v 0.019438 0.182422 -0.308326
v 0.021068 0.186359 -0.306517
v 0.026351 0.186163 -0.309798
v 0.025593 0.182236 -0.311978
v 0.019881 0.159923 -0.322479
v 0.024692 0.161312 -0.321591
v 0.024977 0.163112 -0.317004
v 0.020158 0.162604 -0.315474
v 0.017676 0.161010 -0.318164
v -0.014693 0.187107 -0.308579
v -0.014381 0.190383 -0.305405
v -0.011350 0.190219 -0.302974
v -0.008520 0.186755 -0.303395
v -0.009050 0.183425 -0.306229
v -0.011970 0.183654 -0.308904
v -0.014970 0.190891 -0.305721
v -0.008349 0.186739 -0.303093
v -0.012061 0.183331 -0.309256
v -0.001552 0.187320 -0.310555
v -0.002110 0.185070 -0.315882
v -0.003670 0.193532 -0.310555
v -0.003794 0.190165 -0.318075
v 0.009297 0.188319 -0.323025
v 0.021150 0.175927 -0.320847
v 0.013766 0.177370 -0.327090
v 0.013760 0.174295 -0.320476
v 0.025060 0.163208 -0.316753
v 0.018071 0.161666 -0.316619
v 0.022853 0.160259 -0.323396
v 0.019201 0.182828 -0.307900
v 0.023217 0.187304 -0.307158
v 0.026693 0.182831 -0.312260
v 0.014299 0.184180 -0.314870
v 0.016696 0.191484 -0.317924
v 0.006411 0.190061 -0.319603
v 0.012972 0.185295 -0.323913
v -0.006391 0.182515 -0.322665
v 0.000710 0.181076 -0.320260
v -0.000442 0.176967 -0.324191
v -0.000687 0.185462 -0.326663
v -0.006383 0.175211 -0.328291
v -0.012491 0.168103 -0.316107
v -0.007668 0.163527 -0.319693
v -0.015223 0.166037 -0.321689
v -0.009288 0.196854 -0.299959
v -0.010587 0.199457 -0.296512
v -0.014353 0.201732 -0.296261
v -0.016626 0.201404 -0.299317
v -0.015257 0.198709 -0.302913
v -0.011623 0.196427 -0.303040
v 0.022830 0.208131 -0.292942
v 0.022925 0.211041 -0.289459
v 0.026385 0.213146 -0.289247
v 0.029463 0.212686 -0.291823
v 0.028613 0.209588 -0.294800
v 0.017853 0.189770 -0.305373
v 0.021800 0.190004 -0.306392
v 0.024257 0.190920 -0.303778
v 0.022811 0.191663 -0.300036
v 0.018841 0.191400 -0.298977
v 0.016443 0.190436 -0.301552
v -0.009597 0.217955 -0.287699
v -0.009423 0.222057 -0.285197
v -0.006360 0.223107 -0.281997
v -0.003618 0.220298 -0.281362
v -0.003782 0.216377 -0.283725
v -0.006878 0.215325 -0.286941
v -0.004575 0.222691 -0.280713
v -0.004426 0.216068 -0.284565
v -0.010588 0.219039 -0.287889
v -0.001289 0.223430 -0.295394
v -0.000227 0.217014 -0.295665
v 0.005459 0.224007 -0.294889
v 0.009103 0.214253 -0.297348
v 0.017184 0.210498 -0.302441
v 0.012532 0.205088 -0.301876
v 0.014276 0.215011 -0.305928
v 0.008604 0.211745 -0.306514
v 0.018015 0.202866 -0.308886
v 0.024817 0.190975 -0.304097
v 0.016517 0.189978 -0.303690
v 0.019839 0.191568 -0.298820
v 0.024017 0.208048 -0.293748
v 0.024017 0.211541 -0.289680
v 0.029989 0.212530 -0.292249
v 0.021650 0.219091 -0.295033
v 0.021820 0.219244 -0.299612
v 0.013379 0.216797 -0.305686
v 0.009228 0.213216 -0.299953
v -0.001083 0.218716 -0.303599
v -0.001306 0.209321 -0.306016
v -0.003698 0.209870 -0.300229
v -0.008780 0.211029 -0.307790
v -0.013387 0.197041 -0.303975
v -0.015639 0.202276 -0.296742
v -0.009069 0.197210 -0.299046
v 0.000205 0.228586 -0.275692
v -0.001544 0.231463 -0.272900
v -0.004836 0.233406 -0.273968
v -0.006566 0.232467 -0.277982
v -0.004803 0.229589 -0.280807
v -0.001524 0.227634 -0.279593
v 0.033776 0.232440 -0.274240
v 0.032520 0.233470 -0.271540
v 0.033485 0.234788 -0.269268
v 0.037423 0.236633 -0.269328
v 0.039708 0.236734 -0.272507
v 0.038237 0.233252 -0.275617
v 0.023390 0.216595 -0.287135
v 0.027158 0.216053 -0.288614
v 0.030336 0.216247 -0.286332
v 0.029758 0.216653 -0.282437
v 0.026016 0.217153 -0.280903
v 0.022818 0.216847 -0.283336
v 0.002969 0.247202 -0.263654
v 0.004024 0.250467 -0.260956
v 0.007482 0.250396 -0.258073
v 0.009370 0.248100 -0.257750
v 0.009707 0.245380 -0.259002
v 0.007132 0.243561 -0.262169
v 0.004570 0.244720 -0.263700
v 0.007021 0.250871 -0.258138
v 0.009784 0.244814 -0.259255
v 0.003015 0.246290 -0.264125
v 0.011710 0.253059 -0.269204
v 0.011739 0.244384 -0.267447
v 0.016636 0.246153 -0.280747
v 0.018559 0.250384 -0.269330
v 0.018441 0.240299 -0.275981
v 0.026751 0.240875 -0.282676
v 0.027013 0.232061 -0.280956
v 0.022726 0.229577 -0.282526
v 0.024461 0.232528 -0.289249
v 0.031280 0.216263 -0.285174
v 0.028046 0.216098 -0.288813
v 0.023394 0.217103 -0.282165
v 0.038129 0.236787 -0.269249
v 0.038257 0.232896 -0.276019
v 0.031298 0.244436 -0.280846
v 0.032914 0.234205 -0.270870
v 0.032817 0.244038 -0.274561
v 0.020407 0.240422 -0.278742
v 0.016490 0.248944 -0.278371
v 0.016369 0.243420 -0.285259
v 0.005050 0.245076 -0.279346
v 0.009499 0.237831 -0.279541
v 0.002081 0.240411 -0.283521
v -0.005496 0.229669 -0.281538
v -0.002525 0.232217 -0.273006
v -0.000917 0.227460 -0.279201
v 0.014778 0.253194 -0.254228
v 0.015538 0.254880 -0.250392
v 0.013960 0.257140 -0.249090
v 0.011549 0.258889 -0.249799
v 0.009329 0.258758 -0.253611
v 0.009730 0.256770 -0.256040
v 0.011595 0.254533 -0.256770
v 0.049338 0.252942 -0.250486
v 0.052472 0.255114 -0.247806
v 0.056035 0.255230 -0.249619
v 0.056511 0.253260 -0.254170
v 0.052145 0.251734 -0.254627
v 0.035370 0.239992 -0.266476
v 0.038907 0.239242 -0.268317
v 0.042392 0.238419 -0.266201
v 0.042331 0.238504 -0.262346
v 0.038799 0.239343 -0.260449
v 0.035287 0.239879 -0.262549
v 0.023168 0.271797 -0.237571
v 0.025902 0.273376 -0.234039
v 0.028738 0.271076 -0.232808
v 0.029205 0.267087 -0.234895
v 0.026557 0.265558 -0.238185
v 0.023629 0.267889 -0.239602
v 0.024171 0.268248 -0.238982
v 0.027224 0.273535 -0.232725
v 0.028326 0.266514 -0.236062
v 0.034920 0.274330 -0.242692
v 0.029645 0.271893 -0.247931
v 0.039115 0.264768 -0.250085
v 0.042383 0.265770 -0.261413
v 0.035854 0.261544 -0.257118
v 0.043874 0.256312 -0.259384
v 0.039375 0.254756 -0.259382
v 0.044489 0.249643 -0.266082
v 0.039615 0.239072 -0.268788
v 0.037356 0.258028 -0.264792
v 0.041575 0.238634 -0.260560
v 0.034461 0.240143 -0.264839
v 0.050682 0.254050 -0.249280
v 0.055235 0.255544 -0.248507
v 0.054831 0.251962 -0.255693
v 0.048853 0.258601 -0.258763
v 0.053210 0.262376 -0.254788
v 0.044684 0.266930 -0.252712
v 0.042133 0.269680 -0.258081
v 0.029198 0.265643 -0.261806
v 0.032371 0.263291 -0.256869
v 0.027480 0.269550 -0.260644
v 0.027932 0.270465 -0.254539
v 0.014439 0.256830 -0.248921
v 0.008706 0.257845 -0.255934
v 0.013713 0.253270 -0.255754
v 0.034557 0.274677 -0.229190
v 0.035509 0.276213 -0.224967
v 0.033675 0.279680 -0.222954
v 0.031600 0.281200 -0.224310
v 0.030111 0.281092 -0.227254
v 0.030678 0.278159 -0.230949
v 0.032570 0.275850 -0.231050
v 0.069415 0.267035 -0.231214
v 0.071632 0.268303 -0.227310
v 0.076781 0.268439 -0.228278
v 0.077137 0.267191 -0.232765
v 0.073561 0.266564 -0.234304
v 0.052646 0.259129 -0.244887
v 0.055889 0.257978 -0.247097
v 0.058911 0.256810 -0.245346
v 0.058762 0.256664 -0.241352
v 0.055492 0.257768 -0.239077
v 0.052505 0.258917 -0.240819
v 0.047360 0.286831 -0.213823
v 0.049827 0.289182 -0.211018
v 0.053329 0.287558 -0.208858
v 0.054496 0.283860 -0.209713
v 0.052233 0.281643 -0.212535
v 0.048652 0.283233 -0.214643
v 0.047935 0.288689 -0.212560
v 0.055081 0.284748 -0.208795
v 0.048960 0.282851 -0.214631
v 0.058177 0.291213 -0.218260
v 0.058223 0.282081 -0.224450
v 0.053239 0.285513 -0.223405
v 0.056796 0.284292 -0.234123
v 0.060055 0.278583 -0.242564
v 0.064711 0.283095 -0.230002
v 0.056383 0.275573 -0.237032
v 0.061485 0.272471 -0.236164
v 0.064252 0.275296 -0.239980
v 0.053499 0.258852 -0.246598
v 0.059449 0.256592 -0.245540
v 0.053912 0.258379 -0.239143
v 0.069554 0.267620 -0.229136
v 0.077468 0.268581 -0.228187
v 0.073593 0.266462 -0.234649
v 0.065777 0.274385 -0.232300
v 0.072538 0.277356 -0.236599
v 0.053199 0.281582 -0.233172
v 0.064507 0.284453 -0.230196
v 0.049610 0.288500 -0.236466
v 0.048456 0.284001 -0.228326
v 0.051632 0.289538 -0.230147
v 0.039779 0.288057 -0.231773
v 0.029668 0.280614 -0.228753
v 0.033485 0.275329 -0.229998
v 0.034261 0.279379 -0.222170
v 0.062669 0.287342 -0.204226
v 0.063032 0.289545 -0.200705
v 0.060838 0.292874 -0.200249
v 0.058192 0.294097 -0.203456
v 0.057799 0.291886 -0.207026
v 0.060011 0.288492 -0.207353
v 0.094412 0.276846 -0.208599
v 0.098519 0.277508 -0.205995
v 0.101884 0.277061 -0.208183
v 0.101175 0.275819 -0.213040
v 0.096245 0.275886 -0.213283
v 0.075241 0.271869 -0.224028
v 0.078091 0.270520 -0.226611
v 0.081996 0.268073 -0.224596
v 0.080652 0.268172 -0.219918
v 0.076223 0.270695 -0.219414
v 0.075727 0.298548 -0.189164
v 0.078717 0.298442 -0.186291
v 0.080980 0.295137 -0.185919
v 0.080285 0.291885 -0.188353
v 0.077407 0.292024 -0.191222
v 0.075072 0.295328 -0.191602
v 0.075383 0.297635 -0.190042
v 0.081109 0.296321 -0.185154
v 0.077510 0.291970 -0.191159
v 0.082022 0.300902 -0.197063
v 0.087289 0.297935 -0.195066
v 0.086024 0.291230 -0.203307
v 0.088106 0.297923 -0.208139
v 0.083500 0.288478 -0.217075
v 0.091476 0.289917 -0.212917
v 0.085269 0.289663 -0.220018
v 0.084619 0.283636 -0.215128
v 0.085999 0.280767 -0.224894
v 0.082341 0.267732 -0.223805
v 0.075828 0.271704 -0.225717
v 0.077990 0.269540 -0.218699
v 0.096597 0.277225 -0.207655
v 0.102532 0.277037 -0.208405
v 0.097067 0.275784 -0.213885
v 0.099880 0.284303 -0.214608
v 0.093123 0.294012 -0.208197
v 0.078755 0.296143 -0.213793
v 0.080190 0.299379 -0.214111
v 0.077965 0.295965 -0.206008
v 0.073921 0.301517 -0.206840
v 0.077353 0.293181 -0.209226
v 0.058214 0.290470 -0.208152
v 0.060237 0.293774 -0.200205
v 0.062790 0.287800 -0.203459
v 0.088105 0.295622 -0.182262
v 0.088488 0.298533 -0.176851
v 0.085642 0.302387 -0.178093
v 0.084247 0.302178 -0.181996
v 0.085176 0.299007 -0.184430
v 0.119057 0.283303 -0.188154
v 0.121305 0.283560 -0.183756
v 0.126323 0.283025 -0.184534
v 0.126580 0.282432 -0.189459
v 0.122995 0.282588 -0.191270
v 0.100212 0.280539 -0.202519
v 0.102913 0.279163 -0.205218
v 0.105916 0.276843 -0.204018
v 0.106179 0.275867 -0.200140
v 0.103425 0.277169 -0.197437
v 0.100539 0.279592 -0.198582
v 0.101170 0.304400 -0.166350
v 0.103022 0.305114 -0.164004
v 0.105240 0.303460 -0.162460
v 0.106617 0.300684 -0.162578
v 0.105732 0.297833 -0.165201
v 0.102818 0.298518 -0.167995
v 0.100725 0.302074 -0.168194
v 0.101349 0.304113 -0.166436
v 0.107181 0.301888 -0.161297
v 0.104062 0.297854 -0.167039
v 0.108906 0.307324 -0.173805
v 0.116424 0.302183 -0.181253
v 0.115769 0.300858 -0.191771
v 0.110091 0.298435 -0.179543
v 0.109982 0.297948 -0.195439
v 0.113023 0.290564 -0.192477
v 0.108455 0.295328 -0.191649
v 0.112587 0.289577 -0.200850
v 0.106770 0.275720 -0.201503
v 0.100987 0.279169 -0.198464
v 0.101292 0.280291 -0.205152
v 0.118961 0.283490 -0.186636
v 0.127458 0.282996 -0.184453
v 0.118259 0.289603 -0.185385
v 0.125609 0.290329 -0.190457
v 0.124017 0.282457 -0.191614
v 0.117457 0.303125 -0.187850
v 0.112223 0.303505 -0.191392
v 0.107110 0.301200 -0.184806
v 0.107769 0.300299 -0.188618
v 0.109958 0.305263 -0.182877
v 0.103205 0.309168 -0.184446
v 0.093752 0.306494 -0.186434
v 0.086178 0.297532 -0.184298
v 0.088684 0.296640 -0.179304
v 0.086256 0.302191 -0.176800
v 0.114212 0.300039 -0.157812
v 0.114511 0.301538 -0.154108
v 0.112239 0.306026 -0.153489
v 0.110590 0.307110 -0.157160
v 0.110503 0.305724 -0.159895
v 0.112193 0.302129 -0.160710
v 0.144571 0.286567 -0.164227
v 0.147623 0.286197 -0.160228
v 0.151998 0.285381 -0.162321
v 0.151384 0.284113 -0.167323
v 0.146368 0.285436 -0.167619
v 0.125618 0.285968 -0.180690
v 0.130238 0.282294 -0.182176
v 0.130941 0.280460 -0.177590
v 0.128233 0.281792 -0.174865
v 0.125415 0.284518 -0.175895
v 0.128049 0.307648 -0.141874
v 0.130508 0.306494 -0.138825
v 0.132238 0.302806 -0.138817
v 0.131516 0.300238 -0.141774
v 0.128154 0.300956 -0.144178
v 0.127056 0.304834 -0.144651
v 0.127754 0.308185 -0.141423
v 0.132512 0.303376 -0.137976
v 0.128932 0.301241 -0.144251
v 0.135440 0.310109 -0.149673
v 0.141836 0.304307 -0.152543
v 0.142418 0.306415 -0.159985
v 0.136236 0.298860 -0.164158
v 0.141199 0.293064 -0.173944
v 0.136314 0.304604 -0.162796
v 0.138954 0.300691 -0.172964
v 0.128233 0.282118 -0.175773
v 0.124724 0.285733 -0.177831
v 0.129956 0.283153 -0.183209
v 0.145248 0.286227 -0.161885
v 0.152902 0.285096 -0.162130
v 0.147658 0.285226 -0.168398
v 0.150038 0.297097 -0.166759
v 0.142212 0.294332 -0.163508
v 0.134571 0.307165 -0.166636
v 0.142496 0.305304 -0.159944
v 0.139993 0.308987 -0.163862
v 0.131599 0.303839 -0.160646
v 0.112945 0.305175 -0.152951
v 0.122354 0.311583 -0.157779
v 0.122691 0.311023 -0.162779
v 0.114050 0.300075 -0.158330
v 0.110304 0.306507 -0.159108
v 0.139464 0.301053 -0.132735
v 0.138305 0.305233 -0.128611
v 0.136156 0.308538 -0.131766
v 0.136118 0.307354 -0.135630
v 0.137570 0.303690 -0.136617
v 0.168486 0.285641 -0.139320
v 0.170402 0.285344 -0.135843
v 0.175446 0.284561 -0.136285
v 0.176008 0.284211 -0.141206
v 0.171489 0.285015 -0.143341
v 0.152310 0.287325 -0.158720
v 0.155150 0.284330 -0.158470
v 0.156016 0.281954 -0.155172
v 0.152828 0.283251 -0.151481
v 0.149855 0.286983 -0.153206
v 0.151630 0.306788 -0.116692
v 0.154234 0.305743 -0.113867
v 0.155827 0.302039 -0.114007
v 0.154885 0.299428 -0.116969
v 0.152338 0.300467 -0.119755
v 0.150706 0.304178 -0.119651
v 0.153111 0.307075 -0.114549
v 0.156160 0.300324 -0.114648
v 0.151649 0.302334 -0.119643
v 0.160072 0.309157 -0.121728
v 0.167337 0.302778 -0.129995
v 0.160693 0.300712 -0.127976
v 0.163246 0.304840 -0.141139
v 0.159588 0.301927 -0.135883
v 0.167993 0.303285 -0.139579
v 0.162470 0.297162 -0.152255
v 0.158173 0.294204 -0.146307
v 0.164483 0.291764 -0.148123
v 0.154689 0.285234 -0.159454
v 0.155564 0.281582 -0.153538
v 0.149555 0.287172 -0.153005
v 0.168655 0.285636 -0.138320
v 0.175147 0.284605 -0.136001
v 0.176542 0.293589 -0.138586
v 0.174410 0.284466 -0.143230
v 0.164326 0.298136 -0.137426
v 0.164556 0.307986 -0.133662
v 0.157122 0.306076 -0.140068
v 0.172050 0.300815 -0.141316
v 0.156129 0.310789 -0.139654
v 0.153277 0.305469 -0.133570
v 0.148550 0.312625 -0.133604
v 0.135656 0.308254 -0.135389
v 0.138522 0.304916 -0.128231
v 0.137687 0.303258 -0.136792
v 0.161929 0.301001 -0.110544
v 0.162619 0.300006 -0.106650
v 0.161895 0.302735 -0.103751
v 0.160211 0.306333 -0.104707
v 0.159580 0.307348 -0.108651
v 0.160405 0.304684 -0.111533
v 0.190951 0.282729 -0.113292
v 0.192622 0.282239 -0.109689
v 0.197549 0.281061 -0.109860
v 0.198462 0.281054 -0.114793
v 0.194170 0.282242 -0.117165
v 0.174292 0.287183 -0.131196
v 0.177282 0.286067 -0.133723
v 0.179327 0.282637 -0.133073
v 0.179087 0.280997 -0.129221
v 0.176520 0.282527 -0.126506
v 0.173865 0.285427 -0.127696
v 0.173155 0.302812 -0.092299
v 0.174917 0.303330 -0.088740
v 0.177458 0.299350 -0.087201
v 0.176269 0.295869 -0.091948
v 0.173466 0.299251 -0.094243
v 0.173882 0.303944 -0.090220
v 0.177783 0.299447 -0.086612
v 0.173633 0.298342 -0.094619
v 0.183262 0.305208 -0.094865
v 0.181400 0.298656 -0.101342
v 0.187411 0.299103 -0.098872
v 0.184617 0.304104 -0.107675
v 0.190747 0.302008 -0.110946
v 0.184217 0.298655 -0.117863
v 0.191135 0.294673 -0.116080
v 0.183762 0.292276 -0.118707
v 0.186632 0.295134 -0.126785
v 0.176530 0.286381 -0.133911
v 0.180003 0.281082 -0.130931
v 0.174173 0.285064 -0.127274
v 0.192669 0.282378 -0.110539
v 0.199649 0.280673 -0.110934
v 0.192904 0.282486 -0.116828
v 0.195836 0.293075 -0.116117
v 0.195213 0.299004 -0.110768
v 0.187845 0.299972 -0.106736
v 0.187976 0.296763 -0.113133
v 0.181274 0.306737 -0.114472
v 0.177353 0.311430 -0.109224
v 0.171826 0.302425 -0.107593
v 0.177133 0.308489 -0.105587
v 0.160263 0.304927 -0.111800
v 0.162730 0.299518 -0.107842
v 0.160188 0.306692 -0.104472
v 0.183560 0.297081 -0.084114
v 0.184177 0.296341 -0.079329
v 0.182482 0.301818 -0.077471
v 0.181385 0.303409 -0.081966
v 0.182112 0.300701 -0.084937
v 0.211952 0.277311 -0.084279
v 0.214834 0.275920 -0.081986
v 0.219100 0.274911 -0.084506
v 0.217946 0.276140 -0.089226
v 0.213178 0.277500 -0.089254
v 0.196693 0.283519 -0.105683
v 0.200392 0.280454 -0.107297
v 0.201373 0.277625 -0.104721
v 0.199308 0.277320 -0.101285
v 0.195588 0.280682 -0.100675
v 0.195703 0.297401 -0.061094
v 0.197897 0.293136 -0.059602
v 0.197122 0.290137 -0.063709
v 0.195007 0.291883 -0.066709
v 0.193793 0.296706 -0.065834
v 0.194203 0.297750 -0.064077
v 0.197726 0.294199 -0.059035
v 0.195718 0.290779 -0.066285
v 0.204927 0.299853 -0.068859
v 0.207888 0.295387 -0.068067
v 0.202119 0.294325 -0.074329
v 0.206231 0.298524 -0.080057
v 0.205263 0.291724 -0.072937
v 0.213533 0.293901 -0.084709
v 0.209701 0.286397 -0.092993
v 0.205701 0.288093 -0.090987
v 0.207928 0.295705 -0.092885
v 0.210585 0.288474 -0.098306
v 0.198330 0.282827 -0.107158
v 0.201633 0.277369 -0.104820
v 0.195536 0.280960 -0.100383
v 0.211645 0.277329 -0.084467
v 0.218964 0.274987 -0.083600
v 0.217001 0.276517 -0.090070
v 0.211784 0.283980 -0.085877
v 0.214701 0.286920 -0.080081
v 0.218949 0.289586 -0.082029
v 0.216350 0.290042 -0.087924
v 0.203553 0.295989 -0.084083
v 0.202355 0.298462 -0.078537
v 0.201966 0.304279 -0.085799
v 0.204525 0.304067 -0.079701
v 0.193018 0.298062 -0.082553
v 0.183984 0.296858 -0.078607
v 0.181115 0.304656 -0.079749
v 0.182170 0.300582 -0.085291
v 0.203867 0.289064 -0.054483
v 0.203487 0.290438 -0.049481
v 0.202104 0.295160 -0.049788
v 0.201739 0.296490 -0.053677
v 0.202727 0.293020 -0.057302
v 0.231730 0.269879 -0.060985
v 0.231336 0.268835 -0.056149
v 0.236815 0.266384 -0.055699
v 0.238181 0.267140 -0.060415
v 0.235303 0.268835 -0.062645
v 0.218565 0.276748 -0.079697
v 0.221057 0.272495 -0.079198
v 0.220131 0.270508 -0.075862
v 0.216454 0.272568 -0.073030
v 0.215453 0.276622 -0.075651
v 0.214479 0.289042 -0.034792
v 0.216417 0.286715 -0.031863
v 0.217353 0.282778 -0.032559
v 0.216454 0.281165 -0.036085
v 0.214559 0.283447 -0.038922
v 0.213602 0.287425 -0.038282
v 0.214026 0.289117 -0.035875
v 0.217812 0.283028 -0.031210
v 0.214668 0.283292 -0.039027
v 0.224408 0.291769 -0.042298
v 0.223840 0.283939 -0.046183
v 0.223999 0.287187 -0.049860
v 0.224300 0.284794 -0.036101
v 0.231059 0.287940 -0.047166
v 0.231177 0.279804 -0.063258
v 0.223725 0.281219 -0.064900
v 0.225885 0.285520 -0.067908
v 0.232413 0.287215 -0.062722
v 0.221591 0.270837 -0.078114
v 0.218434 0.277046 -0.080063
v 0.215691 0.274007 -0.073336
v 0.230531 0.269502 -0.057721
v 0.237605 0.266259 -0.056380
v 0.239601 0.277953 -0.057763
v 0.233742 0.269227 -0.061925
v 0.237799 0.277258 -0.053215
v 0.234500 0.284485 -0.059320
v 0.231921 0.277599 -0.053714
v 0.228947 0.294193 -0.055099
v 0.227144 0.291987 -0.049398
v 0.226927 0.285292 -0.055578
v 0.215272 0.295788 -0.057269
v 0.215206 0.290805 -0.053134
v 0.217919 0.298234 -0.050301
v 0.201587 0.296996 -0.053529
v 0.203174 0.291398 -0.048593
v 0.202768 0.292911 -0.057406
v 0.222839 0.279823 -0.028723
v 0.223085 0.278075 -0.025108
v 0.222472 0.280284 -0.021761
v 0.221560 0.284243 -0.022077
v 0.221344 0.286044 -0.025775
v 0.221938 0.283818 -0.029092
v 0.250216 0.257882 -0.034747
v 0.249315 0.257092 -0.030880
v 0.251749 0.254991 -0.028790
v 0.255284 0.254017 -0.030435
v 0.256272 0.254946 -0.034270
v 0.253788 0.256814 -0.036372
v 0.236687 0.267840 -0.051969
v 0.239272 0.264908 -0.053196
v 0.239686 0.261501 -0.051054
v 0.237338 0.260927 -0.047837
v 0.234670 0.263794 -0.046676
v 0.234408 0.267275 -0.048700
v 0.233649 0.276091 -0.007042
v 0.235231 0.273231 -0.003853
v 0.235950 0.270310 -0.004310
v 0.235716 0.268303 -0.006653
v 0.234256 0.269157 -0.010685
v 0.232842 0.273027 -0.011916
v 0.232780 0.275430 -0.010070
v 0.236077 0.267965 -0.005748
v 0.232995 0.272680 -0.011833
v 0.233811 0.276770 -0.005876
v 0.249876 0.277950 -0.021955
v 0.244901 0.272347 -0.009978
v 0.245671 0.270810 -0.025213
v 0.246380 0.276302 -0.034735
v 0.251480 0.270848 -0.027435
v 0.251505 0.270679 -0.040062
v 0.243099 0.268160 -0.038383
v 0.239068 0.266117 -0.053634
v 0.237037 0.260882 -0.047475
v 0.234364 0.267755 -0.049031
v 0.249938 0.256805 -0.030847
v 0.255205 0.253679 -0.029288
v 0.252354 0.257501 -0.036220
v 0.256228 0.264635 -0.033726
v 0.258042 0.266545 -0.029776
v 0.249048 0.267133 -0.028287
v 0.252259 0.277382 -0.024156
v 0.240325 0.277308 -0.025184
v 0.248578 0.279446 -0.029948
v 0.240388 0.286119 -0.024045
v 0.241250 0.282185 -0.020728
v 0.221575 0.285674 -0.028562
v 0.223092 0.278566 -0.027199
v 0.221465 0.284823 -0.021428
v 0.241246 0.265760 -0.000676
v 0.241327 0.263584 0.003223
v 0.240919 0.265488 0.006985
v 0.240440 0.268440 0.007200
v 0.240197 0.271024 0.005187
v 0.240469 0.271191 0.000718
v 0.240840 0.268780 -0.001070
v 0.265208 0.244115 -0.006692
v 0.265068 0.241180 -0.003774
v 0.269464 0.239806 -0.004005
v 0.271810 0.240289 -0.007939
v 0.268659 0.244791 -0.009905
v 0.253092 0.255369 -0.024065
v 0.255803 0.254060 -0.026774
v 0.257108 0.250399 -0.026562
v 0.255650 0.247980 -0.023658
v 0.252840 0.249214 -0.020958
v 0.251572 0.252865 -0.021141
v 0.251460 0.259360 0.021720
v 0.253050 0.257562 0.024144
v 0.254701 0.253146 0.024237
v 0.254210 0.251150 0.022100
v 0.252745 0.251179 0.019483
v 0.251580 0.255297 0.016877
v 0.250360 0.258266 0.018607
v 0.252191 0.259401 0.023403
v 0.255006 0.252582 0.024993
v 0.253378 0.251323 0.020204
v 0.250705 0.256998 0.017680
v 0.262145 0.255499 0.007639
v 0.265666 0.260201 0.013496
v 0.266477 0.255399 0.009711
v 0.261871 0.261840 0.005487
v 0.262506 0.259637 -0.002700
v 0.267687 0.260607 -0.012026
v 0.268830 0.256014 -0.011293
v 0.259747 0.253987 -0.011720
v 0.253566 0.255578 -0.024824
v 0.257465 0.248796 -0.026207
v 0.251664 0.251069 -0.020344
v 0.271122 0.239335 -0.005703
v 0.268548 0.243212 -0.010534
v 0.266177 0.250437 -0.002506
v 0.266406 0.241225 -0.003219
v 0.274672 0.248398 -0.003762
v 0.264950 0.259835 0.006586
v 0.259866 0.262977 0.000157
v 0.269526 0.262561 0.003925
v 0.266128 0.265474 -0.000615
v 0.254862 0.271179 0.007109
v 0.241246 0.265762 -0.000873
v 0.240799 0.265884 0.007296
v 0.240288 0.271703 0.001108
v 0.260218 0.246195 0.025403
v 0.260800 0.243125 0.028463
v 0.260860 0.243610 0.031460
v 0.260729 0.246034 0.033304
v 0.260106 0.250402 0.031950
v 0.259830 0.251590 0.028990
v 0.259892 0.250489 0.026228
v 0.283252 0.223306 0.009425
v 0.282686 0.221386 0.012946
v 0.285016 0.218512 0.013869
v 0.288109 0.217743 0.011434
v 0.288758 0.219767 0.007948
v 0.286352 0.222431 0.006955
v 0.269967 0.239986 -0.000022
v 0.272982 0.235698 -0.003530
v 0.271665 0.231834 -0.001083
v 0.269086 0.232744 0.001950
v 0.267983 0.236702 0.002849
v 0.273353 0.232791 0.043952
v 0.274979 0.228942 0.045770
v 0.274940 0.225677 0.043562
v 0.273291 0.225949 0.039551
v 0.271634 0.229615 0.037864
v 0.271716 0.233033 0.039990
v 0.271907 0.233700 0.040937
v 0.274841 0.230396 0.046182
v 0.274693 0.225135 0.042613
v 0.271998 0.229711 0.038411
v 0.283597 0.229847 0.039222
v 0.279337 0.230280 0.031743
v 0.279911 0.236324 0.036466
v 0.287342 0.240512 0.016120
v 0.288678 0.233960 0.026962
v 0.280144 0.238518 0.014928
v 0.281357 0.233840 0.016797
v 0.284270 0.235444 0.005623
v 0.270256 0.231835 0.000639
v 0.273074 0.235559 -0.003574
v 0.268651 0.240197 0.001285
v 0.283509 0.220907 0.012770
v 0.288550 0.217301 0.011561
v 0.286636 0.222549 0.006571
v 0.288032 0.235035 0.026251
v 0.292445 0.225972 0.011842
v 0.285360 0.231550 0.015454
v 0.291319 0.236912 0.020465
v 0.278751 0.246149 0.023793
v 0.284361 0.245599 0.027926
v 0.278531 0.239187 0.026015
v 0.276455 0.244906 0.032540
v 0.260922 0.243170 0.030878
v 0.259839 0.252346 0.030237
v 0.260111 0.247822 0.024907
v 0.280030 0.220356 0.045477
v 0.280270 0.217071 0.048439
v 0.280584 0.217620 0.052670
v 0.280627 0.221334 0.053914
v 0.280417 0.224740 0.050859
v 0.280024 0.224151 0.046724
v 0.299107 0.198139 0.026283
v 0.300217 0.194943 0.027986
v 0.303268 0.192813 0.026382
v 0.305216 0.193964 0.023046
v 0.304061 0.196999 0.021290
v 0.300997 0.199184 0.022928
v 0.288847 0.217233 0.015588
v 0.289773 0.212968 0.013632
v 0.288382 0.209963 0.015887
v 0.285698 0.211153 0.020009
v 0.286021 0.215931 0.019714
v 0.291760 0.204558 0.058705
v 0.293965 0.201493 0.061258
v 0.294631 0.197396 0.060090
v 0.293260 0.196343 0.056447
v 0.291166 0.199257 0.053948
v 0.290466 0.203416 0.055141
v 0.293015 0.203772 0.060839
v 0.294282 0.195332 0.057995
v 0.290514 0.202059 0.054300
v 0.296560 0.206761 0.050545
v 0.305500 0.204211 0.040716
v 0.304876 0.205175 0.052155
v 0.298922 0.209199 0.037326
v 0.303719 0.215727 0.034439
v 0.306527 0.211406 0.032831
v 0.298668 0.215740 0.031802
v 0.298760 0.208697 0.028302
v 0.290276 0.215005 0.013104
v 0.288352 0.217757 0.016052
v 0.285865 0.210889 0.019839
v 0.299285 0.198367 0.025868
v 0.300858 0.194960 0.027218
v 0.305432 0.195107 0.021582
v 0.308217 0.197188 0.030167
v 0.308001 0.203197 0.026988
v 0.302397 0.208315 0.034183
v 0.309348 0.210277 0.037806
v 0.298943 0.211727 0.044791
v 0.307803 0.207545 0.041535
v 0.298517 0.221766 0.045257
v 0.294239 0.218537 0.043988
v 0.296316 0.220410 0.051535
v 0.280724 0.219985 0.054467
v 0.280046 0.224202 0.045786
v 0.280397 0.216907 0.050196
v 0.299089 0.187675 0.059286
v 0.299708 0.185068 0.063012
v 0.300353 0.186840 0.066444
v 0.300430 0.191494 0.066335
v 0.299897 0.194113 0.062590
v 0.299257 0.192194 0.059204
v 0.315140 0.172182 0.034624
v 0.314972 0.169446 0.037127
v 0.316483 0.165883 0.035385
v 0.319106 0.165855 0.032069
v 0.319637 0.168858 0.030211
v 0.317325 0.171992 0.031290
v 0.305967 0.191630 0.028779
v 0.305887 0.187880 0.025457
v 0.304595 0.184535 0.027238
v 0.302317 0.185126 0.031741
v 0.302815 0.190007 0.032336
v 0.311350 0.169610 0.070130
v 0.312765 0.166664 0.070704
v 0.312914 0.162795 0.068184
v 0.311670 0.162450 0.065500
v 0.310067 0.164179 0.063710
v 0.308871 0.168518 0.064501
v 0.309794 0.170818 0.067991
v 0.311590 0.170331 0.071078
v 0.312030 0.161714 0.065673
v 0.308910 0.166859 0.063380
v 0.321702 0.168164 0.063586
v 0.320672 0.176948 0.060255
v 0.314564 0.172990 0.059932
v 0.317970 0.175373 0.049323
v 0.315172 0.181090 0.044324
v 0.321326 0.185137 0.046384
v 0.317542 0.188634 0.036197
v 0.323170 0.178638 0.043957
v 0.306580 0.188520 0.025215
v 0.302860 0.189569 0.032488
v 0.302950 0.184591 0.030163
v 0.314704 0.171296 0.035620
v 0.317742 0.164918 0.034572
v 0.319246 0.170816 0.029919
v 0.319558 0.174051 0.045839
v 0.326755 0.173096 0.040565
v 0.322873 0.184691 0.050815
v 0.317117 0.184394 0.052757
v 0.322101 0.180649 0.060116
v 0.313187 0.182075 0.058607
v 0.322061 0.185509 0.058899
v 0.299172 0.187845 0.059627
v 0.300513 0.191871 0.066674
v 0.299633 0.194479 0.061049
v 0.300076 0.185335 0.065183
v 0.316621 0.155893 0.063884
v 0.316749 0.151702 0.064681
v 0.317909 0.150471 0.068282
v 0.318556 0.153474 0.071276
v 0.318530 0.157846 0.070403
v 0.317479 0.158974 0.066828
v 0.328844 0.141066 0.033813
v 0.329822 0.137251 0.034344
v 0.332184 0.135452 0.031721
v 0.333950 0.137598 0.028717
v 0.333107 0.141521 0.028234
v 0.330781 0.143193 0.031003
v 0.319483 0.163379 0.037208
v 0.320254 0.161500 0.031199
v 0.318744 0.156992 0.031773
v 0.317199 0.156375 0.035482
v 0.317226 0.159352 0.038487
v 0.328659 0.133637 0.068447
v 0.329227 0.129625 0.067610
v 0.327893 0.128060 0.064084
v 0.325950 0.130416 0.061456
v 0.325261 0.134331 0.062370
v 0.326691 0.135978 0.065864
v 0.326731 0.135810 0.065890
v 0.326416 0.129590 0.061884
v 0.329243 0.128206 0.066697
v 0.336095 0.136788 0.063251
v 0.339274 0.136827 0.055018
v 0.334698 0.150275 0.048860
v 0.335567 0.149027 0.039485
v 0.332857 0.144743 0.048538
v 0.340835 0.147364 0.046542
v 0.335736 0.156272 0.041766
v 0.326666 0.152647 0.039091
v 0.321048 0.162418 0.031288
v 0.317294 0.156067 0.034730
v 0.317984 0.161538 0.038866
v 0.329172 0.138903 0.034832
v 0.333692 0.136628 0.028985
v 0.332199 0.142899 0.028934
v 0.339214 0.138183 0.036310
v 0.340751 0.144336 0.037158
v 0.333712 0.141508 0.041202
v 0.334709 0.153710 0.055127
v 0.338481 0.146290 0.058607
v 0.334554 0.148233 0.048538
v 0.342326 0.147968 0.050508
v 0.330711 0.148008 0.058842
v 0.330591 0.155466 0.065547
v 0.318797 0.153031 0.071769
v 0.316919 0.150792 0.065515
v 0.317315 0.159236 0.066063
v 0.330850 0.119102 0.061529
v 0.332320 0.116814 0.066931
v 0.333689 0.121237 0.068946
v 0.333346 0.124475 0.066405
v 0.331923 0.123930 0.062645
v 0.342382 0.110311 0.031591
v 0.342197 0.104290 0.031541
v 0.344856 0.103836 0.027308
v 0.345117 0.107298 0.024965
v 0.344311 0.110753 0.027105
v 0.333864 0.133005 0.033841
v 0.334311 0.132023 0.029943
v 0.333002 0.128414 0.028629
v 0.331097 0.125896 0.031183
v 0.330591 0.126873 0.035048
v 0.331932 0.130434 0.036380
v 0.340852 0.100598 0.065719
v 0.341082 0.096545 0.064563
v 0.339377 0.095218 0.061039
v 0.337640 0.097808 0.058653
v 0.337137 0.101745 0.059975
v 0.338963 0.103099 0.063216
v 0.341529 0.099250 0.066691
v 0.338179 0.096037 0.059183
v 0.337667 0.102965 0.060995
v 0.348306 0.098877 0.057344
v 0.343735 0.106219 0.055149
v 0.353815 0.112862 0.047380
v 0.351116 0.107340 0.045185
v 0.344850 0.115526 0.045242
v 0.346537 0.125994 0.038813
v 0.341747 0.118947 0.036745
v 0.348295 0.119513 0.035364
v 0.331466 0.128565 0.035111
v 0.334787 0.132839 0.029891
v 0.331132 0.125745 0.030782
v 0.341067 0.107515 0.032062
v 0.343769 0.102841 0.028808
v 0.345028 0.110264 0.025474
v 0.345084 0.110515 0.036566
v 0.350494 0.104561 0.033595
v 0.354185 0.115302 0.042801
v 0.354940 0.111277 0.048550
v 0.347421 0.115876 0.047850
v 0.343958 0.115407 0.055186
v 0.348834 0.120641 0.058798
v 0.345451 0.114221 0.061949
v 0.331432 0.121006 0.062325
v 0.333707 0.124911 0.067345
v 0.331936 0.116469 0.066007
v 0.341364 0.086095 0.057833
v 0.342264 0.083505 0.062038
v 0.343900 0.085724 0.065060
v 0.344684 0.089727 0.064541
v 0.344090 0.091290 0.062020
v 0.342816 0.090790 0.059239
v 0.350539 0.077684 0.025460
v 0.349740 0.073212 0.027363
v 0.352078 0.070287 0.023915
v 0.353892 0.072270 0.020917
v 0.353291 0.077170 0.021199
v 0.345169 0.100598 0.030875
v 0.345481 0.099684 0.026903
v 0.343134 0.095393 0.025507
v 0.341138 0.093894 0.029896
v 0.342027 0.096313 0.033075
v 0.343640 0.098940 0.032950
v 0.348606 0.068445 0.059846
v 0.349791 0.064579 0.060548
v 0.348492 0.061404 0.056961
v 0.345724 0.065540 0.053434
v 0.346598 0.069413 0.056450
v 0.350022 0.064475 0.060994
v 0.347009 0.062343 0.054556
v 0.346820 0.069583 0.056903
v 0.359218 0.066850 0.047553
v 0.351698 0.070386 0.049378
v 0.358159 0.069249 0.054214
v 0.357715 0.085137 0.030934
v 0.362775 0.081157 0.039414
v 0.353582 0.083136 0.035984
v 0.355876 0.075808 0.048823
v 0.357605 0.086295 0.040203
v 0.345242 0.100928 0.031256
v 0.355696 0.093316 0.030948
v 0.341761 0.095691 0.032444
v 0.343178 0.095368 0.025204
v 0.351846 0.078508 0.023348
v 0.349662 0.073448 0.027306
v 0.354182 0.070938 0.020614
v 0.354285 0.075162 0.032635
v 0.358239 0.080063 0.034799
v 0.360575 0.071535 0.029400
v 0.365069 0.078010 0.036534
v 0.355727 0.079109 0.050491
v 0.360069 0.079704 0.054260
v 0.355314 0.085513 0.049468
v 0.356927 0.086018 0.058658
v 0.344415 0.091581 0.062683
v 0.343543 0.084588 0.064788
v 0.341141 0.085981 0.057652
v 0.349257 0.053745 0.052673
v 0.348995 0.050467 0.054936
v 0.351157 0.050971 0.059530
v 0.352846 0.055766 0.059393
v 0.352400 0.057440 0.056890
v 0.351038 0.057144 0.054141
v 0.356441 0.044087 0.020210
v 0.355148 0.039641 0.022103
v 0.357048 0.036501 0.018617
v 0.359360 0.039201 0.015058
v 0.358522 0.043903 0.016726
v 0.352041 0.066105 0.028207
v 0.354312 0.067208 0.022729
v 0.351602 0.062266 0.020641
v 0.349428 0.061095 0.026079
v 0.354141 0.034665 0.054559
v 0.354803 0.030761 0.055224
v 0.353564 0.028105 0.052532
v 0.351561 0.029316 0.049191
v 0.350917 0.033151 0.048499
v 0.352154 0.035850 0.051195
v 0.355158 0.031521 0.056001
v 0.352600 0.027662 0.050753
v 0.350748 0.033236 0.048244
v 0.353215 0.035618 0.053086
v 0.363164 0.031559 0.048411
v 0.357275 0.037636 0.043967
v 0.362002 0.045653 0.037759
v 0.367070 0.038568 0.036268
v 0.361611 0.046822 0.030239
v 0.363314 0.057595 0.030925
v 0.367725 0.053127 0.031285
v 0.365300 0.052345 0.025082
v 0.358426 0.054244 0.030481
v 0.354272 0.067891 0.024009
v 0.349863 0.062826 0.028030
v 0.350347 0.061772 0.021164
v 0.355898 0.038310 0.020648
v 0.359855 0.041383 0.014419
v 0.365014 0.036768 0.022533
v 0.357177 0.043677 0.019165
v 0.365659 0.042762 0.044694
v 0.371019 0.047151 0.040675
v 0.362313 0.044242 0.037999
v 0.370394 0.042443 0.038790
v 0.365545 0.051810 0.046220
v 0.362331 0.050137 0.054993
v 0.360296 0.050492 0.045687
v 0.348843 0.052810 0.052537
v 0.351504 0.051519 0.059977
v 0.352477 0.057858 0.056721
v 0.353149 0.019360 0.047491
v 0.354258 0.016276 0.051367
v 0.356508 0.019005 0.054962
v 0.357150 0.023263 0.052462
v 0.355517 0.023360 0.048731
v 0.357690 0.006735 0.016709
v 0.358302 0.002482 0.014162
v 0.361073 0.004047 0.010203
v 0.361696 0.008043 0.010088
v 0.359781 0.010506 0.013999
v 0.357278 0.032779 0.022171
v 0.358679 0.033548 0.018422
v 0.357519 0.031304 0.015297
v 0.354915 0.028407 0.015886
v 0.353524 0.027646 0.019619
v 0.354678 0.029835 0.022760
v 0.356857 -0.001100 0.050043
v 0.355653 -0.005563 0.048224
v 0.353259 -0.004320 0.043921
v 0.353204 0.000586 0.043505
v 0.355671 0.001959 0.047734
v 0.356259 0.001779 0.048800
v 0.355502 -0.005957 0.048005
v 0.353163 -0.002216 0.043538
v 0.364174 -0.003507 0.039182
v 0.369154 0.003349 0.039458
v 0.362168 0.005414 0.037590
v 0.367815 0.012927 0.021799
v 0.371620 0.009888 0.026444
v 0.363691 0.015775 0.025543
v 0.368066 0.020799 0.027298
v 0.368187 0.022549 0.019131
v 0.358609 0.032656 0.015410
v 0.353521 0.027548 0.019006
v 0.355709 0.031232 0.023499
v 0.357582 0.006150 0.016615
v 0.360118 0.010965 0.013533
v 0.366823 0.005929 0.013667
v 0.359831 0.001589 0.011519
v 0.363632 0.008865 0.022182
v 0.373055 0.013309 0.033032
v 0.373215 0.006045 0.034147
v 0.365823 0.014458 0.037875
v 0.365238 0.009950 0.041869
v 0.369028 0.015165 0.047286
v 0.353689 0.017524 0.049960
v 0.357583 0.020849 0.055607
v 0.354896 0.022861 0.047886
v 0.354114 -0.013523 0.042112
v 0.353536 -0.016760 0.044429
v 0.355229 -0.017050 0.048122
v 0.357896 -0.013130 0.049380
v 0.356963 -0.010115 0.044254
v 0.357752 -0.025473 0.010809
v 0.356610 -0.029360 0.010866
v 0.357686 -0.031817 0.007851
v 0.359831 -0.030396 0.004726
v 0.361113 -0.026475 0.004718
v 0.360001 -0.024002 0.007719
v 0.358806 -0.001365 0.016847
v 0.360196 -0.000687 0.013091
v 0.358036 -0.003502 0.009548
v 0.354753 -0.006118 0.012289
v 0.355128 -0.004719 0.017122
v 0.355657 -0.033035 0.043968
v 0.355597 -0.036890 0.044532
v 0.353555 -0.039224 0.041926
v 0.351768 -0.037688 0.038644
v 0.352026 -0.033905 0.037949
v 0.353943 -0.031528 0.040620
v 0.352969 -0.031919 0.039073
v 0.366110 -0.034601 0.036412
v 0.352699 -0.039828 0.040703
v 0.358798 -0.031561 0.033559
v 0.362543 -0.033284 0.027600
v 0.364988 -0.036642 0.031872
v 0.355828 -0.034127 0.044396
v 0.370392 -0.020553 0.024918
v 0.367396 -0.017041 0.013277
v 0.372622 -0.021306 0.019139
v 0.364131 -0.018832 0.021259
v 0.355117 -0.005861 0.011862
v 0.357502 -0.002398 0.017879
v 0.360548 -0.000558 0.012367
v 0.357819 -0.025886 0.010704
v 0.359224 -0.032059 0.005138
v 0.360927 -0.025017 0.005646
v 0.363604 -0.025970 0.018691
v 0.368691 -0.029873 0.011278
v 0.373772 -0.023893 0.025377
v 0.369807 -0.031327 0.023883
v 0.365005 -0.024275 0.034820
v 0.366348 -0.019240 0.034012
v 0.369441 -0.024718 0.039332
v 0.366327 -0.015312 0.042636
v 0.358065 -0.013405 0.049933
v 0.356059 -0.010696 0.042876
v 0.353195 -0.016963 0.043995
v 0.351074 -0.047705 0.036840
v 0.351283 -0.050499 0.040956
v 0.354442 -0.048443 0.044295
v 0.355938 -0.044527 0.041776
v 0.354187 -0.044104 0.038106
v 0.353287 -0.060202 0.005642
v 0.352805 -0.065116 0.004405
v 0.354365 -0.065935 0.000812
v 0.356554 -0.061824 -0.001733
v 0.356188 -0.058410 0.002168
v 0.358262 -0.034936 0.009699
v 0.358031 -0.035781 0.005736
v 0.355164 -0.038315 0.004310
v 0.352107 -0.040122 0.007883
v 0.354707 -0.037205 0.012489
v 0.351951 -0.068028 0.039431
v 0.350201 -0.071434 0.038624
v 0.347980 -0.071797 0.035258
v 0.347383 -0.068700 0.032794
v 0.349105 -0.065285 0.033603
v 0.351336 -0.064919 0.037007
v 0.352107 -0.068159 0.039824
v 0.347811 -0.072425 0.035263
v 0.349013 -0.065194 0.033491
v 0.355880 -0.072672 0.031897
v 0.356903 -0.063558 0.029358
v 0.364460 -0.067602 0.027372
v 0.362917 -0.064324 0.016759
v 0.360377 -0.057355 0.018992
v 0.368389 -0.059067 0.015498
v 0.365246 -0.044041 0.011724
v 0.364165 -0.050608 0.007826
v 0.358455 -0.048277 0.013139
v 0.358590 -0.034750 0.009274
v 0.353500 -0.038238 0.012177
v 0.355187 -0.038424 0.003925
v 0.353384 -0.060951 0.005588
v 0.354435 -0.066399 0.000442
v 0.357133 -0.059145 0.000085
v 0.365632 -0.067505 0.011797
v 0.364045 -0.061813 0.005095
v 0.360697 -0.066151 0.013310
v 0.361435 -0.059467 0.013313
v 0.361934 -0.059766 0.029206
v 0.362418 -0.055056 0.026244
v 0.369327 -0.055965 0.026023
v 0.368052 -0.058949 0.032585
v 0.353605 -0.044623 0.037586
v 0.350556 -0.049538 0.038435
v 0.355754 -0.046925 0.044633
v 0.345497 -0.080410 0.032622
v 0.345444 -0.083096 0.036940
v 0.348898 -0.081308 0.040022
v 0.350801 -0.077613 0.037200
v 0.349018 -0.077133 0.033585
v 0.347643 -0.092443 0.000610
v 0.344921 -0.095955 0.002781
v 0.346401 -0.100478 -0.000997
v 0.349115 -0.097482 -0.004171
v 0.349187 -0.093495 -0.002997
v 0.353250 -0.069180 0.005677
v 0.353131 -0.070015 0.000764
v 0.349969 -0.072360 -0.000405
v 0.346777 -0.073706 0.003346
v 0.348967 -0.071593 0.007289
v 0.343516 -0.101306 0.037246
v 0.341126 -0.104297 0.034110
v 0.339577 -0.101981 0.029971
v 0.341373 -0.097684 0.030795
v 0.343926 -0.097561 0.033893
v 0.344374 -0.098692 0.035463
v 0.339985 -0.104576 0.032631
v 0.341001 -0.098425 0.030099
v 0.353377 -0.104591 0.027281
v 0.348123 -0.097277 0.025372
v 0.358922 -0.094561 0.019228
v 0.355678 -0.099574 0.013927
v 0.353891 -0.089881 0.011151
v 0.356193 -0.086537 0.012844
v 0.361649 -0.087177 0.008230
v 0.356656 -0.088094 0.004571
v 0.353352 -0.068987 0.006145
v 0.347290 -0.073031 0.005227
v 0.351674 -0.071356 -0.001072
v 0.344576 -0.096901 0.002811
v 0.348861 -0.098375 -0.005301
v 0.348404 -0.092113 -0.000643
v 0.355344 -0.101184 0.012245
v 0.351632 -0.094363 0.007618
v 0.362202 -0.094732 0.014319
v 0.360673 -0.099906 0.014427
v 0.358104 -0.087762 0.023713
v 0.354402 -0.092264 0.023571
v 0.358971 -0.091589 0.031222
v 0.347730 -0.082601 0.039989
v 0.358145 -0.084784 0.032832
v 0.344864 -0.082284 0.034716
v 0.349968 -0.076467 0.034008
v 0.339877 -0.109437 0.029753
v 0.336392 -0.112526 0.030366
v 0.336664 -0.114287 0.033903
v 0.340347 -0.112773 0.037009
v 0.342416 -0.109666 0.034208
v 0.336637 -0.125986 -0.002660
v 0.334266 -0.128178 -0.000607
v 0.333297 -0.132072 -0.002040
v 0.334742 -0.133706 -0.005650
v 0.337046 -0.131508 -0.007711
v 0.338128 -0.127562 -0.006217
v 0.345216 -0.102916 0.001492
v 0.344610 -0.103941 -0.002409
v 0.341163 -0.106047 -0.003571
v 0.338333 -0.106932 -0.000846
v 0.338851 -0.105746 0.003055
v 0.342370 -0.103919 0.004263
v 0.334412 -0.130749 0.033126
v 0.331312 -0.133318 0.033200
v 0.329825 -0.133914 0.029500
v 0.329137 -0.131078 0.026837
v 0.331593 -0.128242 0.027339
v 0.333735 -0.127815 0.030905
v 0.331678 -0.133980 0.032531
v 0.329451 -0.130848 0.026597
v 0.333829 -0.128033 0.031314
v 0.335894 -0.136525 0.023295
v 0.337292 -0.129572 0.021317
v 0.348256 -0.129486 0.017412
v 0.342192 -0.135277 0.024481
v 0.347206 -0.131515 0.009798
v 0.345032 -0.124185 0.003432
v 0.344009 -0.122007 0.010590
v 0.351446 -0.120291 0.007309
v 0.348203 -0.116899 -0.000338
v 0.343138 -0.103556 0.003843
v 0.345591 -0.103387 -0.001782
v 0.337713 -0.107105 0.000013
v 0.333769 -0.129010 -0.000422
v 0.334667 -0.134251 -0.006011
v 0.337737 -0.126284 -0.004571
v 0.345643 -0.132685 -0.000965
v 0.344235 -0.135352 0.007602
v 0.341824 -0.127708 0.006020
v 0.351870 -0.122815 0.019983
v 0.349523 -0.131244 0.018522
v 0.344168 -0.124955 0.020486
v 0.344790 -0.119067 0.023027
v 0.347816 -0.120878 0.030890
v 0.336390 -0.114233 0.033697
v 0.342756 -0.110024 0.035579
v 0.339425 -0.109633 0.029493
v 0.325609 -0.141231 0.028993
v 0.325550 -0.143125 0.033750
v 0.329371 -0.141840 0.036200
v 0.331585 -0.139329 0.032615
v 0.329703 -0.139060 0.029015
v 0.322722 -0.158638 -0.000062
v 0.320096 -0.160383 0.002712
v 0.318369 -0.164264 0.002123
v 0.319341 -0.166641 -0.001113
v 0.322023 -0.164999 -0.003797
v 0.323817 -0.160774 -0.003275
v 0.333596 -0.136274 -0.001296
v 0.332739 -0.137587 -0.004840
v 0.329055 -0.139437 -0.005363
v 0.326242 -0.139762 -0.002245
v 0.327119 -0.138401 0.001329
v 0.330706 -0.136586 0.001822
v 0.321465 -0.158273 0.037156
v 0.318111 -0.160453 0.035194
v 0.316300 -0.158988 0.030890
v 0.318827 -0.156035 0.030658
v 0.321461 -0.155693 0.033878
v 0.322408 -0.156916 0.036643
v 0.316376 -0.161134 0.033516
v 0.318474 -0.156951 0.031099
v 0.326345 -0.162014 0.033000
v 0.328638 -0.159069 0.025541
v 0.331238 -0.165652 0.021048
v 0.329216 -0.158037 0.013896
v 0.331129 -0.161873 0.010465
v 0.334126 -0.153279 0.012061
v 0.337398 -0.159903 0.013047
v 0.337826 -0.150284 0.002024
v 0.329472 -0.145203 0.004206
v 0.331251 -0.136437 0.001836
v 0.334044 -0.151863 -0.000242
v 0.325850 -0.139928 -0.002171
v 0.332842 -0.137594 -0.005004
v 0.320995 -0.159654 0.002048
v 0.324202 -0.160940 -0.003923
v 0.318449 -0.166844 -0.000032
v 0.328347 -0.168881 0.004678
v 0.339001 -0.159233 0.015885
v 0.327160 -0.159753 0.008934
v 0.335782 -0.159185 0.025806
v 0.334224 -0.153787 0.019034
v 0.331581 -0.153743 0.024653
v 0.339731 -0.158199 0.022961
v 0.329874 -0.138811 0.028712
v 0.330905 -0.140930 0.036123
v 0.325147 -0.142981 0.033004
v 0.315001 -0.166083 0.031780
v 0.312093 -0.167339 0.033715
v 0.315649 -0.167213 0.039048
v 0.318691 -0.165532 0.037932
v 0.318208 -0.165071 0.034182
v 0.304151 -0.189481 0.010343
v 0.301195 -0.192612 0.013663
v 0.301328 -0.196780 0.011165
v 0.303646 -0.196403 0.007290
v 0.305190 -0.193790 0.005940
v 0.305689 -0.191022 0.006655
v 0.318188 -0.168481 0.003319
v 0.316940 -0.170514 -0.000160
v 0.312892 -0.172196 -0.000655
v 0.310411 -0.171766 0.002215
v 0.311734 -0.169621 0.005774
v 0.315588 -0.168043 0.006249
v 0.309656 -0.178379 0.044029
v 0.307655 -0.179902 0.045190
v 0.304515 -0.180784 0.042804
v 0.303781 -0.179771 0.039108
v 0.305977 -0.178171 0.037798
v 0.308912 -0.177307 0.040222
v 0.308403 -0.179738 0.045808
v 0.303195 -0.180510 0.039850
v 0.308556 -0.177400 0.039693
v 0.311093 -0.190056 0.031741
v 0.317179 -0.190081 0.031479
v 0.312700 -0.187103 0.022801
v 0.315314 -0.183823 0.031173
v 0.316891 -0.190148 0.010209
v 0.317709 -0.182837 0.014928
v 0.321761 -0.185220 0.007061
v 0.318819 -0.168857 0.001851
v 0.314086 -0.182222 0.010603
v 0.314235 -0.168413 0.006696
v 0.311260 -0.172496 0.000288
v 0.302283 -0.191159 0.012741
v 0.301844 -0.198239 0.009411
v 0.313267 -0.194198 0.011291
v 0.305587 -0.191400 0.006660
v 0.313726 -0.194486 0.022227
v 0.312377 -0.189116 0.020820
v 0.321741 -0.191767 0.022238
v 0.318975 -0.187363 0.018064
v 0.317219 -0.179698 0.027233
v 0.325502 -0.180331 0.030519
v 0.321325 -0.186885 0.029496
v 0.318628 -0.164939 0.034398
v 0.314118 -0.166349 0.031688
v 0.315172 -0.167271 0.039248
v 0.303240 -0.185737 0.043894
v 0.299858 -0.186353 0.046616
v 0.300841 -0.185781 0.050436
v 0.304533 -0.184647 0.051658
v 0.307130 -0.184221 0.048467
v 0.287048 -0.214128 0.029012
v 0.284970 -0.213823 0.032316
v 0.282922 -0.217205 0.033807
v 0.282698 -0.220924 0.031834
v 0.284684 -0.221207 0.028526
v 0.286983 -0.217749 0.027040
v 0.300864 -0.197058 0.016364
v 0.299730 -0.199020 0.014430
v 0.297070 -0.200597 0.014067
v 0.293008 -0.199735 0.017190
v 0.294975 -0.196398 0.020430
v 0.298813 -0.195457 0.019660
v 0.295387 -0.196368 0.058562
v 0.293344 -0.197996 0.061938
v 0.289415 -0.200272 0.059671
v 0.289047 -0.199227 0.055169
v 0.293103 -0.196531 0.055193
v 0.295661 -0.196844 0.060105
v 0.290165 -0.198088 0.054507
v 0.297679 -0.201986 0.059405
v 0.289567 -0.200222 0.060782
v 0.294213 -0.203758 0.049990
v 0.302340 -0.211703 0.047544
v 0.296909 -0.215353 0.042257
v 0.299835 -0.215213 0.043687
v 0.302432 -0.206914 0.037092
v 0.296787 -0.209426 0.034771
v 0.303847 -0.211125 0.026777
v 0.297879 -0.203199 0.027279
v 0.292619 -0.200286 0.017241
v 0.298714 -0.195544 0.019621
v 0.300604 -0.198334 0.014767
v 0.282146 -0.221882 0.032191
v 0.286991 -0.217378 0.027244
v 0.285099 -0.214304 0.032249
v 0.290768 -0.222219 0.032274
v 0.304680 -0.214382 0.039657
v 0.298762 -0.208951 0.041678
v 0.299714 -0.215774 0.044021
v 0.305728 -0.204370 0.041417
v 0.302258 -0.200205 0.045344
v 0.301771 -0.185421 0.051561
v 0.310729 -0.199825 0.048561
v 0.301921 -0.186062 0.044529
v 0.307377 -0.184380 0.047169
v 0.284426 -0.204799 0.063850
v 0.283627 -0.204084 0.067790
v 0.286500 -0.203010 0.070468
v 0.290018 -0.202627 0.069257
v 0.290845 -0.203370 0.065316
v 0.288015 -0.204473 0.062625
v 0.268454 -0.232461 0.052993
v 0.266673 -0.231427 0.056569
v 0.264407 -0.234129 0.058625
v 0.263946 -0.237929 0.057199
v 0.265750 -0.238966 0.053690
v 0.268045 -0.236183 0.051539
v 0.282532 -0.220219 0.036806
v 0.280358 -0.222840 0.035010
v 0.276408 -0.223167 0.036197
v 0.274740 -0.220722 0.039214
v 0.276957 -0.218063 0.041012
v 0.280822 -0.217735 0.039817
v 0.278799 -0.212416 0.082435
v 0.276120 -0.213686 0.084483
v 0.272694 -0.214856 0.082657
v 0.272024 -0.214471 0.078751
v 0.274673 -0.213027 0.076704
v 0.278102 -0.211962 0.078529
v 0.279229 -0.211842 0.080475
v 0.274784 -0.214450 0.085060
v 0.274246 -0.213407 0.077515
v 0.281889 -0.219090 0.079658
v 0.274305 -0.221592 0.076978
v 0.281382 -0.230494 0.072534
v 0.278630 -0.228024 0.056864
v 0.285958 -0.230629 0.050167
v 0.283032 -0.226067 0.059982
v 0.281540 -0.234234 0.057893
v 0.276291 -0.218681 0.040643
v 0.281321 -0.217795 0.039668
v 0.277408 -0.223940 0.035055
v 0.267747 -0.231318 0.054857
v 0.263672 -0.236126 0.058746
v 0.266884 -0.238692 0.052070
v 0.273991 -0.231588 0.062203
v 0.280698 -0.230920 0.060472
v 0.274007 -0.239495 0.062292
v 0.287793 -0.231363 0.063623
v 0.288329 -0.224290 0.071940
v 0.284170 -0.220937 0.067862
v 0.286209 -0.215123 0.064743
v 0.293182 -0.214954 0.068836
v 0.289550 -0.204125 0.062959
v 0.283480 -0.204245 0.067218
v 0.288456 -0.202598 0.070761
v 0.268748 -0.219493 0.085895
v 0.265723 -0.218834 0.089705
v 0.268978 -0.217271 0.093282
v 0.272848 -0.217192 0.092142
v 0.273518 -0.218495 0.087409
v 0.248371 -0.247285 0.077649
v 0.245863 -0.246055 0.081734
v 0.243094 -0.251506 0.082428
v 0.245152 -0.253639 0.078513
v 0.247655 -0.251113 0.076386
v 0.264300 -0.236045 0.063056
v 0.261654 -0.239602 0.060610
v 0.257574 -0.239535 0.061523
v 0.256095 -0.236800 0.064148
v 0.257730 -0.234580 0.065490
v 0.260655 -0.233565 0.065554
v 0.259610 -0.225851 0.103710
v 0.257290 -0.227004 0.107777
v 0.252774 -0.228320 0.105911
v 0.252361 -0.228020 0.101986
v 0.256395 -0.226508 0.099811
v 0.258728 -0.226426 0.107139
v 0.257469 -0.239826 0.103230
v 0.257116 -0.226453 0.100803
v 0.252197 -0.228486 0.105502
v 0.256180 -0.235303 0.097336
v 0.261804 -0.235520 0.103485
v 0.262688 -0.248140 0.089398
v 0.259207 -0.248285 0.079743
v 0.263734 -0.240640 0.088558
v 0.266572 -0.245372 0.084126
v 0.259742 -0.242455 0.080680
v 0.263320 -0.239904 0.059867
v 0.263889 -0.234234 0.064238
v 0.255636 -0.237043 0.063998
v 0.243176 -0.250134 0.083064
v 0.245750 -0.254065 0.077380
v 0.259475 -0.249330 0.092634
v 0.252551 -0.254887 0.083627
v 0.258880 -0.245017 0.085103
v 0.247378 -0.246390 0.079605
v 0.267865 -0.245577 0.088591
v 0.271857 -0.236133 0.095671
v 0.267760 -0.233236 0.088666
v 0.274933 -0.229977 0.091733
v 0.266250 -0.235197 0.094722
v 0.270172 -0.219448 0.085501
v 0.267512 -0.217547 0.093224
v 0.273281 -0.217171 0.091900
v 0.246673 -0.232283 0.110391
v 0.245710 -0.230910 0.114077
v 0.248590 -0.229776 0.116691
v 0.252468 -0.230130 0.115650
v 0.253464 -0.231495 0.111924
v 0.250560 -0.232533 0.109300
v 0.226398 -0.257812 0.102877
v 0.222491 -0.258017 0.107401
v 0.221005 -0.262769 0.106560
v 0.222877 -0.264568 0.103419
v 0.225611 -0.262516 0.101217
v 0.243082 -0.249095 0.087674
v 0.242399 -0.252495 0.085515
v 0.238604 -0.253867 0.084875
v 0.235556 -0.251979 0.086885
v 0.236350 -0.248996 0.089530
v 0.240090 -0.247221 0.089313
v 0.238386 -0.236389 0.128721
v 0.234707 -0.237300 0.131748
v 0.231255 -0.238069 0.129830
v 0.231005 -0.238069 0.125777
v 0.235210 -0.237155 0.123620
v 0.235711 -0.237048 0.132465
v 0.230564 -0.238234 0.125756
v 0.237186 -0.236635 0.124702
v 0.238243 -0.248979 0.128413
v 0.233181 -0.248848 0.125314
v 0.236251 -0.244905 0.120875
v 0.242496 -0.251602 0.120518
v 0.238560 -0.259286 0.116179
v 0.238701 -0.252900 0.109213
v 0.237417 -0.260350 0.100652
v 0.243489 -0.260909 0.103650
v 0.243892 -0.254380 0.100768
v 0.237646 -0.253561 0.099064
v 0.241824 -0.247407 0.089207
v 0.241260 -0.253748 0.084611
v 0.235166 -0.251416 0.087293
v 0.225765 -0.257049 0.104115
v 0.221047 -0.261001 0.107473
v 0.222986 -0.264950 0.103003
v 0.231798 -0.265662 0.112134
v 0.234211 -0.256167 0.112074
v 0.238093 -0.261242 0.108982
v 0.240580 -0.257313 0.119541
v 0.244697 -0.245613 0.117495
v 0.252168 -0.249382 0.116759
v 0.247448 -0.245233 0.112498
v 0.250777 -0.239497 0.119983
v 0.246530 -0.232375 0.110106
v 0.249231 -0.229657 0.117137
v 0.253124 -0.231936 0.110672
v 0.224982 -0.241649 0.134391
v 0.224088 -0.240303 0.138038
v 0.226978 -0.239279 0.140730
v 0.230656 -0.239496 0.139749
v 0.231588 -0.240907 0.136138
v 0.228722 -0.241983 0.133445
v 0.202577 -0.265881 0.127904
v 0.199705 -0.265634 0.130687
v 0.197299 -0.268818 0.131339
v 0.197708 -0.272186 0.129113
v 0.200634 -0.272435 0.126328
v 0.203034 -0.269267 0.125672
v 0.220919 -0.260917 0.111193
v 0.218238 -0.263540 0.109717
v 0.213556 -0.262477 0.110845
v 0.214864 -0.257530 0.114071
v 0.219710 -0.257705 0.113363
v 0.215099 -0.244474 0.151284
v 0.213073 -0.244743 0.154753
v 0.209092 -0.245311 0.154674
v 0.207145 -0.245835 0.151150
v 0.209138 -0.245687 0.147726
v 0.213141 -0.245047 0.147780
v 0.213333 -0.244604 0.155201
v 0.207005 -0.245928 0.149810
v 0.213729 -0.244955 0.148822
v 0.214295 -0.254135 0.154151
v 0.211981 -0.257080 0.143313
v 0.213027 -0.267360 0.142269
v 0.218211 -0.261612 0.138601
v 0.213279 -0.267812 0.127559
v 0.221116 -0.270319 0.127932
v 0.216449 -0.263129 0.129441
v 0.220863 -0.258183 0.113008
v 0.216283 -0.264376 0.109404
v 0.213103 -0.259267 0.113023
v 0.201286 -0.265054 0.129587
v 0.196770 -0.269634 0.131421
v 0.201093 -0.272919 0.125689
v 0.206726 -0.273577 0.137512
v 0.208849 -0.266310 0.132821
v 0.215142 -0.271118 0.135951
v 0.220921 -0.261047 0.145830
v 0.222306 -0.257905 0.137936
v 0.219449 -0.257792 0.141913
v 0.225556 -0.261813 0.144240
v 0.228026 -0.259355 0.139893
v 0.224465 -0.240920 0.136474
v 0.231515 -0.239350 0.140333
v 0.230397 -0.241816 0.133837
v 0.202460 -0.249066 0.156672
v 0.199611 -0.247766 0.159071
v 0.200556 -0.246326 0.162786
v 0.204369 -0.245945 0.163932
v 0.207247 -0.247322 0.161523
v 0.206301 -0.248862 0.157896
v 0.177522 -0.272063 0.150802
v 0.174463 -0.271479 0.153359
v 0.171375 -0.275391 0.153710
v 0.172830 -0.278350 0.151220
v 0.175262 -0.278518 0.149328
v 0.177909 -0.275596 0.148755
v 0.196826 -0.266805 0.136062
v 0.195870 -0.270219 0.134080
v 0.192015 -0.271150 0.133355
v 0.189133 -0.268777 0.134753
v 0.190083 -0.265399 0.136828
v 0.193923 -0.264358 0.137390
v 0.189824 -0.250388 0.175155
v 0.185511 -0.250462 0.177745
v 0.182193 -0.250950 0.175464
v 0.183057 -0.251590 0.170616
v 0.188095 -0.251059 0.170483
v 0.189845 -0.250351 0.175498
v 0.182361 -0.250755 0.176986
v 0.185120 -0.251450 0.169830
v 0.189065 -0.261407 0.176418
v 0.188463 -0.261140 0.166382
v 0.185495 -0.268315 0.170528
v 0.194849 -0.275076 0.159964
v 0.188647 -0.272002 0.153889
v 0.191911 -0.268582 0.158734
v 0.188122 -0.276163 0.154730
v 0.194566 -0.277127 0.146197
v 0.194447 -0.269276 0.146254
v 0.192652 -0.271834 0.133037
v 0.189632 -0.265733 0.136555
v 0.196505 -0.265216 0.137016
v 0.177372 -0.271986 0.151031
v 0.170611 -0.276459 0.153891
v 0.175213 -0.279139 0.149088
v 0.182997 -0.271788 0.160240
v 0.185601 -0.279722 0.160015
v 0.192129 -0.270783 0.160262
v 0.188178 -0.272366 0.167333
v 0.202891 -0.266517 0.165129
v 0.196244 -0.261455 0.164443
v 0.199026 -0.266438 0.169555
v 0.201485 -0.260083 0.160362
v 0.203969 -0.245777 0.164500
v 0.207774 -0.247427 0.161414
v 0.200522 -0.248598 0.157364
v 0.173867 -0.252654 0.179891
v 0.174372 -0.250486 0.184431
v 0.178133 -0.250551 0.185932
v 0.181467 -0.252694 0.182855
v 0.178545 -0.254044 0.178947
v 0.151386 -0.277386 0.171215
v 0.149062 -0.274564 0.173135
v 0.145683 -0.277254 0.176359
v 0.145284 -0.281466 0.173925
v 0.147310 -0.282290 0.171540
v 0.150085 -0.281138 0.170665
v 0.171134 -0.273991 0.157549
v 0.169200 -0.275990 0.156230
v 0.166175 -0.276255 0.155668
v 0.163361 -0.273602 0.156755
v 0.165131 -0.269519 0.159166
v 0.170055 -0.270469 0.159298
v 0.163003 -0.253960 0.195536
v 0.160594 -0.253571 0.198563
v 0.156576 -0.253610 0.197928
v 0.155007 -0.254199 0.194238
v 0.157392 -0.254956 0.191295
v 0.161415 -0.254678 0.191852
v 0.163128 -0.254194 0.194974
v 0.159505 -0.253429 0.199702
v 0.155997 -0.254730 0.191621
v 0.155996 -0.263812 0.195831
v 0.157340 -0.264999 0.190246
v 0.161673 -0.265607 0.188494
v 0.165289 -0.271315 0.189786
v 0.163267 -0.274891 0.191328
v 0.159208 -0.277908 0.181014
v 0.163827 -0.282615 0.173859
v 0.165159 -0.273538 0.176748
v 0.171545 -0.276101 0.156459
v 0.163241 -0.271352 0.157922
v 0.170500 -0.270469 0.159345
v 0.149399 -0.274856 0.173664
v 0.143843 -0.279788 0.174755
v 0.149013 -0.282208 0.170415
v 0.154683 -0.284098 0.181248
v 0.153198 -0.280284 0.184750
v 0.159981 -0.273984 0.183495
v 0.165871 -0.272269 0.182925
v 0.171668 -0.275015 0.186926
v 0.170146 -0.269160 0.192218
v 0.178023 -0.263714 0.188409
v 0.170239 -0.262319 0.185995
v 0.178405 -0.250366 0.186362
v 0.178451 -0.253945 0.179121
v 0.173210 -0.251527 0.181953
v 0.146646 -0.254815 0.200084
v 0.147097 -0.252464 0.204455
v 0.151810 -0.252988 0.206200
v 0.153858 -0.255648 0.202599
v 0.151315 -0.256517 0.199514
v 0.121645 -0.275743 0.192587
v 0.117164 -0.276507 0.194810
v 0.115366 -0.281158 0.193680
v 0.119096 -0.282807 0.190835
v 0.122186 -0.280091 0.190211
v 0.143857 -0.275131 0.179586
v 0.142728 -0.278543 0.177761
v 0.138799 -0.279029 0.176621
v 0.136025 -0.276106 0.177386
v 0.137191 -0.272692 0.179293
v 0.141106 -0.272184 0.180333
v 0.134907 -0.254462 0.215621
v 0.130575 -0.254037 0.217730
v 0.127445 -0.254458 0.215188
v 0.127975 -0.255123 0.211306
v 0.132662 -0.255404 0.210097
v 0.133954 -0.254018 0.218331
v 0.130922 -0.267207 0.217456
v 0.127241 -0.254962 0.212285
v 0.132913 -0.255245 0.211617
v 0.136226 -0.273142 0.203171
v 0.128276 -0.268962 0.208173
v 0.133196 -0.283143 0.200284
v 0.139566 -0.279581 0.198716
v 0.131369 -0.279466 0.196839
v 0.136662 -0.275678 0.190959
v 0.141469 -0.280077 0.176763
v 0.135407 -0.274845 0.177835
v 0.141841 -0.272385 0.180430
v 0.121376 -0.276116 0.192519
v 0.114718 -0.279338 0.194957
v 0.120644 -0.282511 0.190038
v 0.122916 -0.282792 0.203819
v 0.134610 -0.281376 0.203607
v 0.132753 -0.276090 0.201430
v 0.132678 -0.273646 0.208311
v 0.144880 -0.271052 0.212239
v 0.146699 -0.270141 0.205531
v 0.142306 -0.264464 0.204850
v 0.151101 -0.252640 0.206443
v 0.154269 -0.256006 0.202180
v 0.145991 -0.254540 0.200105
v 0.119575 -0.254922 0.218390
v 0.118420 -0.252433 0.221333
v 0.120890 -0.251581 0.224441
v 0.124556 -0.253184 0.224554
v 0.125729 -0.255742 0.221595
v 0.123241 -0.256556 0.218495
v 0.093632 -0.275688 0.210027
v 0.091952 -0.272694 0.212182
v 0.088258 -0.273175 0.213736
v 0.086265 -0.276707 0.213275
v 0.087981 -0.279710 0.211193
v 0.091660 -0.279188 0.209488
v 0.115098 -0.275668 0.199132
v 0.113758 -0.279097 0.197270
v 0.110930 -0.279590 0.196420
v 0.107507 -0.277140 0.196437
v 0.108728 -0.272684 0.198508
v 0.112542 -0.272483 0.199680
v 0.106213 -0.251246 0.234822
v 0.101612 -0.250436 0.235894
v 0.099484 -0.251515 0.230300
v 0.103743 -0.252416 0.228300
v 0.106786 -0.252264 0.230939
v 0.104008 -0.250449 0.236982
v 0.099420 -0.251148 0.231815
v 0.105041 -0.252686 0.228401
v 0.107037 -0.268339 0.230209
v 0.104283 -0.262488 0.227622
v 0.104121 -0.275324 0.228797
v 0.102389 -0.270411 0.222322
v 0.098773 -0.258918 0.234782
v 0.100169 -0.275168 0.223632
v 0.109816 -0.276099 0.215446
v 0.106996 -0.282860 0.214674
v 0.105913 -0.275167 0.207761
v 0.115537 -0.276221 0.199052
v 0.109144 -0.279747 0.195882
v 0.108654 -0.272330 0.198574
v 0.091714 -0.272842 0.212264
v 0.085503 -0.276669 0.213708
v 0.089793 -0.280453 0.209926
v 0.101801 -0.274715 0.220473
v 0.097376 -0.282061 0.219769
v 0.101968 -0.271550 0.224426
v 0.100129 -0.275823 0.228194
v 0.110617 -0.274025 0.230235
v 0.110721 -0.265145 0.226888
v 0.120703 -0.266486 0.227322
v 0.116518 -0.265311 0.222461
v 0.116676 -0.262195 0.230669
v 0.119790 -0.255283 0.218014
v 0.120535 -0.251349 0.224478
v 0.125960 -0.255050 0.222760
v 0.093314 -0.251952 0.236023
v 0.090493 -0.248611 0.237870
v 0.094098 -0.247503 0.242664
v 0.097575 -0.250442 0.241439
v 0.096785 -0.252463 0.238083
v 0.063068 -0.267290 0.229083
v 0.058300 -0.267024 0.231112
v 0.055864 -0.270408 0.230820
v 0.056750 -0.272900 0.229520
v 0.059334 -0.273981 0.228099
v 0.063003 -0.271933 0.227413
v 0.086176 -0.271789 0.218072
v 0.084616 -0.275267 0.216645
v 0.080888 -0.275347 0.215123
v 0.078515 -0.271992 0.215475
v 0.079888 -0.268766 0.217464
v 0.084068 -0.268471 0.218104
v 0.079440 -0.246363 0.249157
v 0.077206 -0.245185 0.251644
v 0.073356 -0.244699 0.250609
v 0.071815 -0.245524 0.246961
v 0.074099 -0.246660 0.244437
v 0.077925 -0.247184 0.245480
v 0.078235 -0.245522 0.251143
v 0.071510 -0.245536 0.246618
v 0.078226 -0.247252 0.245520
v 0.075397 -0.259319 0.251648
v 0.069983 -0.252967 0.250048
v 0.073785 -0.255895 0.244333
v 0.077840 -0.274067 0.240403
v 0.070577 -0.268462 0.244853
v 0.079430 -0.271209 0.236080
v 0.075862 -0.269405 0.232937
v 0.076093 -0.277718 0.232090
v 0.074276 -0.274560 0.227097
v 0.086563 -0.273557 0.217559
v 0.082319 -0.275994 0.215443
v 0.079987 -0.268295 0.217100
v 0.062249 -0.267577 0.229442
v 0.055663 -0.269050 0.231366
v 0.061144 -0.274027 0.227391
v 0.060087 -0.274234 0.236896
v 0.073020 -0.271687 0.246959
v 0.076389 -0.266606 0.240135
v 0.084055 -0.259919 0.248762
v 0.077899 -0.272179 0.243147
v 0.090844 -0.262153 0.246846
v 0.087178 -0.257934 0.240252
v 0.091461 -0.247287 0.240370
v 0.097056 -0.249365 0.242460
v 0.094492 -0.252552 0.236153
v 0.064198 -0.244463 0.251928
v 0.064151 -0.241142 0.254182
v 0.066806 -0.240417 0.257205
v 0.069603 -0.242717 0.257657
v 0.069938 -0.245848 0.255219
v 0.067702 -0.246028 0.251350
v 0.035173 -0.259516 0.246077
v 0.034319 -0.255869 0.247853
v 0.030692 -0.255183 0.249638
v 0.028330 -0.257190 0.249880
v 0.027754 -0.260097 0.249060
v 0.030445 -0.262633 0.246962
v 0.033320 -0.261910 0.245980
v 0.055713 -0.267229 0.234460
v 0.052310 -0.269107 0.232862
v 0.048763 -0.267120 0.232199
v 0.049120 -0.262470 0.233484
v 0.055131 -0.262515 0.235314
v 0.054573 -0.235439 0.266902
v 0.050947 -0.234112 0.267618
v 0.048011 -0.235095 0.262340
v 0.051235 -0.237511 0.260946
v 0.054461 -0.237300 0.263350
v 0.053927 -0.234897 0.268100
v 0.048085 -0.233962 0.264512
v 0.052829 -0.237527 0.261428
v 0.045700 -0.247218 0.269168
v 0.048984 -0.247229 0.261133
v 0.049534 -0.254022 0.265993
v 0.042787 -0.264394 0.251842
v 0.044524 -0.262466 0.260515
v 0.047822 -0.258072 0.253535
v 0.050936 -0.266516 0.252228
v 0.052406 -0.261912 0.234464
v 0.047924 -0.265980 0.232181
v 0.054558 -0.269122 0.233685
v 0.048158 -0.270510 0.242841
v 0.034475 -0.256206 0.247713
v 0.027209 -0.257962 0.250082
v 0.032284 -0.262991 0.246042
v 0.036110 -0.256704 0.258607
v 0.042655 -0.260128 0.254703
v 0.035664 -0.263049 0.259049
v 0.053088 -0.252499 0.260448
v 0.050555 -0.262184 0.264358
v 0.062045 -0.255578 0.262310
v 0.058554 -0.255562 0.258281
v 0.061859 -0.249619 0.265030
v 0.063917 -0.242413 0.252758
v 0.067156 -0.240495 0.257503
v 0.069658 -0.246309 0.254228
v 0.043155 -0.233555 0.267189
v 0.041907 -0.230739 0.267706
v 0.043683 -0.228919 0.270489
v 0.047097 -0.229963 0.272645
v 0.048333 -0.232543 0.272051
v 0.046419 -0.234627 0.269333
v 0.008742 -0.240983 0.265461
v 0.007719 -0.237293 0.267748
v 0.005310 -0.236900 0.269220
v 0.002910 -0.238526 0.269736
v 0.002083 -0.242786 0.268081
v 0.003930 -0.244810 0.266280
v 0.006391 -0.244643 0.265014
v 0.028700 -0.253490 0.253430
v 0.026590 -0.255586 0.252736
v 0.022529 -0.254706 0.251551
v 0.021100 -0.251860 0.251410
v 0.021873 -0.249003 0.251761
v 0.025784 -0.247742 0.252860
v 0.028864 -0.250443 0.253687
v 0.036711 -0.223195 0.280045
v 0.035323 -0.220989 0.281053
v 0.032128 -0.220023 0.278903
v 0.030489 -0.221839 0.275679
v 0.031893 -0.224324 0.274669
v 0.034982 -0.225121 0.276737
v 0.036588 -0.221759 0.281381
v 0.031611 -0.219991 0.278525
v 0.033082 -0.224980 0.275247
v 0.031658 -0.229167 0.284270
v 0.023979 -0.232104 0.282761
v 0.025486 -0.230697 0.277149
v 0.026886 -0.238876 0.277640
v 0.021701 -0.248102 0.279536
v 0.017342 -0.246462 0.269849
v 0.016465 -0.247065 0.276710
v 0.023659 -0.246386 0.269034
v 0.017953 -0.254299 0.264284
v 0.020798 -0.250753 0.251406
v 0.027411 -0.248507 0.253375
v 0.026849 -0.255779 0.252685
v 0.007699 -0.243715 0.264769
v 0.005189 -0.236207 0.269614
v 0.018940 -0.242825 0.274335
v 0.018368 -0.240889 0.276727
v 0.009450 -0.242359 0.277958
v 0.002279 -0.244632 0.267301
v 0.028364 -0.241121 0.281734
v 0.022493 -0.246239 0.275560
v 0.019772 -0.247381 0.281291
v 0.034085 -0.244891 0.280649
v 0.034845 -0.237292 0.273351
v 0.049113 -0.231922 0.273106
v 0.044920 -0.234619 0.268043
v 0.042373 -0.228929 0.269360
v 0.028148 -0.215063 0.282270
v 0.031420 -0.212821 0.285356
v 0.034783 -0.215352 0.286936
v 0.033001 -0.219040 0.285085
v 0.029484 -0.218946 0.282931
v -0.004609 -0.213901 0.287100
v -0.008355 -0.210216 0.290496
v -0.012098 -0.213383 0.291122
v -0.011268 -0.217109 0.289275
v -0.007660 -0.217834 0.287189
v 0.006198 -0.234330 0.272777
v 0.001454 -0.235063 0.272431
v -0.000678 -0.230222 0.271985
v 0.003314 -0.227085 0.272380
v 0.006679 -0.228986 0.272653
v 0.026269 -0.204078 0.294980
v 0.026184 -0.201460 0.297184
v 0.023150 -0.198994 0.296834
v 0.020167 -0.199250 0.294088
v 0.020234 -0.201936 0.291881
v 0.023288 -0.204391 0.292205
v 0.026864 -0.202226 0.297123
v 0.019865 -0.199590 0.293646
v 0.024863 -0.204756 0.293188
v 0.018209 -0.206689 0.302787
v 0.012417 -0.213839 0.294568
v 0.008454 -0.227262 0.293063
v 0.004610 -0.217724 0.299041
v 0.008200 -0.222566 0.299569
v 0.005898 -0.223196 0.287263
v -0.000200 -0.230139 0.287940
v 0.004969 -0.227406 0.272453
v 0.005838 -0.234938 0.272928
v 0.000713 -0.235039 0.272407
v -0.004815 -0.214683 0.287015
v -0.011169 -0.210641 0.291721
v -0.012963 -0.217207 0.290153
v -0.002106 -0.220628 0.292625
v 0.000314 -0.214757 0.293449
v 0.005282 -0.219896 0.302461
v 0.018553 -0.225201 0.299024
v 0.016047 -0.221071 0.293632
v 0.020478 -0.218172 0.292346
v 0.020594 -0.217390 0.299126
v 0.029530 -0.213020 0.284019
v 0.035346 -0.217579 0.286822
v 0.029691 -0.219162 0.282917
v 0.016735 -0.193350 0.299519
v 0.019145 -0.190143 0.300824
v 0.022672 -0.190731 0.302761
v 0.023959 -0.195279 0.302716
v 0.019895 -0.197482 0.301229
v 0.017600 -0.196010 0.299660
v -0.014127 -0.186550 0.305614
v -0.014011 -0.182739 0.307193
v -0.017106 -0.181388 0.309379
v -0.019630 -0.183020 0.310030
v -0.020850 -0.185884 0.309429
v -0.018264 -0.189350 0.306712
v -0.008165 -0.208488 0.293590
v -0.012358 -0.208118 0.293576
v -0.014281 -0.204486 0.292852
v -0.012041 -0.201407 0.292252
v -0.007814 -0.201822 0.292238
v -0.005938 -0.205334 0.292949
v 0.019442 -0.177413 0.312797
v 0.018491 -0.174069 0.313719
v 0.015179 -0.172530 0.312050
v 0.012978 -0.174382 0.309253
v 0.013959 -0.177749 0.308256
v 0.017244 -0.179316 0.309970
v 0.019233 -0.178482 0.311997
v 0.015516 -0.171755 0.312793
v 0.013135 -0.176511 0.308287
v 0.006477 -0.183053 0.312766
v 0.013546 -0.182058 0.318749
v -0.000344 -0.185309 0.318323
v -0.001897 -0.195330 0.310093
v -0.003686 -0.195762 0.318079
v -0.007214 -0.196606 0.305785
v -0.011452 -0.197795 0.307870
v -0.007903 -0.205465 0.306967
v -0.014705 -0.205827 0.293159
v -0.008579 -0.201072 0.292192
v -0.007991 -0.208766 0.293631
v -0.014690 -0.182522 0.307744
v -0.020801 -0.184576 0.309997
v -0.017791 -0.189375 0.306492
v -0.013901 -0.187174 0.317919
v 0.000732 -0.189860 0.314160
v -0.001463 -0.194947 0.320740
v 0.009977 -0.191012 0.317818
v 0.009105 -0.193223 0.309669
v 0.003885 -0.197647 0.315092
v 0.016860 -0.196402 0.313611
v 0.016503 -0.193789 0.299259
v 0.022426 -0.190256 0.302592
v 0.020861 -0.198182 0.301264
v 0.011935 -0.166200 0.315698
v 0.015065 -0.162714 0.317489
v 0.019286 -0.166536 0.319386
v 0.016589 -0.170304 0.318299
v 0.013014 -0.169605 0.316427
v -0.019091 -0.155207 0.322111
v -0.020798 -0.150961 0.324268
v -0.024513 -0.151215 0.325943
v -0.026495 -0.154708 0.325802
v -0.023892 -0.158495 0.323544
v -0.013586 -0.178088 0.311547
v -0.017419 -0.179262 0.312203
v -0.020407 -0.176631 0.311728
v -0.019555 -0.172819 0.310664
v -0.015696 -0.171689 0.310092
v -0.012718 -0.174277 0.310561
v 0.013520 -0.150177 0.326575
v 0.014233 -0.146826 0.328413
v 0.011705 -0.143783 0.327844
v 0.008549 -0.144054 0.325294
v 0.007906 -0.147316 0.323396
v 0.010414 -0.150405 0.323988
v 0.010280 -0.142361 0.327437
v 0.008308 -0.148211 0.323393
v 0.014356 -0.149595 0.327395
v 0.009254 -0.151027 0.333585
v -0.002313 -0.155129 0.336254
v 0.000720 -0.154040 0.328240
v -0.001097 -0.161102 0.330897
v -0.008300 -0.165256 0.334873
v -0.014595 -0.163745 0.331091
v -0.012702 -0.173995 0.326619
v -0.008707 -0.162837 0.326708
v -0.011814 -0.169523 0.319669
v -0.019042 -0.170205 0.322502
v -0.019093 -0.178967 0.312183
v -0.011935 -0.175588 0.310794
v -0.018720 -0.171945 0.310387
v -0.019861 -0.156333 0.322214
v -0.024368 -0.150277 0.326165
v -0.027618 -0.156510 0.326013
v -0.009262 -0.156460 0.335386
v -0.011930 -0.159420 0.327973
v -0.006162 -0.164155 0.337540
v 0.001705 -0.168965 0.334170
v 0.005893 -0.162441 0.334300
v -0.002372 -0.164412 0.329506
v 0.003550 -0.162139 0.328684
v 0.019943 -0.167419 0.320058
v 0.012132 -0.164834 0.315906
v 0.015575 -0.170949 0.317732
v 0.006731 -0.138144 0.330121
v 0.007436 -0.134433 0.330153
v 0.010830 -0.133108 0.331855
v 0.013563 -0.135577 0.333449
v 0.012860 -0.139331 0.333442
v 0.009446 -0.140666 0.331780
v -0.024039 -0.124382 0.335438
v -0.023595 -0.120410 0.336076
v -0.026500 -0.118384 0.337930
v -0.030521 -0.121246 0.339226
v -0.028454 -0.126418 0.337010
v -0.020845 -0.148295 0.327523
v -0.024825 -0.147295 0.327445
v -0.025782 -0.142633 0.325997
v -0.021110 -0.141110 0.324815
v -0.017798 -0.144758 0.325829
v 0.010385 -0.117717 0.340228
v 0.009639 -0.113922 0.340599
v 0.006457 -0.112336 0.338633
v 0.004021 -0.114621 0.336365
v 0.004872 -0.118352 0.335852
v 0.007975 -0.119985 0.337891
v 0.003513 -0.115302 0.335778
v -0.007395 -0.119996 0.344438
v 0.008836 -0.119845 0.338548
v 0.003341 -0.121052 0.347184
v 0.008907 -0.112342 0.340508
v -0.006416 -0.127893 0.342590
v -0.009303 -0.127012 0.350514
v -0.021990 -0.135316 0.339433
v -0.014867 -0.138576 0.344366
v -0.016192 -0.135974 0.337176
v -0.021364 -0.135952 0.344261
v -0.017824 -0.145993 0.326369
v -0.025706 -0.147656 0.327799
v -0.021925 -0.140937 0.324881
v -0.023336 -0.122936 0.335426
v -0.029375 -0.118024 0.339432
v -0.016614 -0.122669 0.345367
v -0.031854 -0.123700 0.339303
v -0.027889 -0.125600 0.337022
v -0.016532 -0.125459 0.342094
v -0.018465 -0.126477 0.349690
v -0.008152 -0.133131 0.344317
v -0.002744 -0.130699 0.350578
v -0.008484 -0.134830 0.349655
v 0.006463 -0.132413 0.342914
v -0.001399 -0.131377 0.341956
v 0.005257 -0.138507 0.343856
v 0.009190 -0.141039 0.331653
v 0.013895 -0.137205 0.333794
v 0.007338 -0.133880 0.330076
v 0.003787 -0.104623 0.341051
v 0.006387 -0.101678 0.341723
v 0.009958 -0.102334 0.343583
v 0.010473 -0.106877 0.345202
v 0.005272 -0.108886 0.342840
v -0.026707 -0.091453 0.346077
v -0.026579 -0.086456 0.346485
v -0.031927 -0.086009 0.349150
v -0.033072 -0.090963 0.348935
v -0.030136 -0.093221 0.347444
v -0.025553 -0.116127 0.340319
v -0.029365 -0.113088 0.339150
v -0.027441 -0.108965 0.337030
v -0.022505 -0.110022 0.336872
v -0.021589 -0.113553 0.338444
v 0.006241 -0.087735 0.348819
v 0.007918 -0.083327 0.350367
v 0.005648 -0.080191 0.349155
v 0.001786 -0.081379 0.346152
v 0.002315 -0.086292 0.345880
v 0.005624 -0.087666 0.348304
v 0.001630 -0.083352 0.345910
v 0.002070 -0.086912 0.356379
v 0.004799 -0.078905 0.348741
v -0.010911 -0.093450 0.352912
v -0.003391 -0.084711 0.358177
v -0.014151 -0.099591 0.360269
v -0.022751 -0.097863 0.356520
v -0.017384 -0.100647 0.350130
v -0.022373 -0.106846 0.354937
v -0.021711 -0.112062 0.337771
v -0.027888 -0.115963 0.340400
v -0.026389 -0.108612 0.336669
v -0.028025 -0.085222 0.347326
v -0.033540 -0.088154 0.349525
v -0.027417 -0.092441 0.346318
v -0.022867 -0.087797 0.357154
v -0.024265 -0.094659 0.359079
v -0.013928 -0.098494 0.356073
v -0.019577 -0.090785 0.352572
v -0.005909 -0.097140 0.354509
v -0.004350 -0.096289 0.361051
v -0.005471 -0.103903 0.359393
v -0.001896 -0.103201 0.349785
v 0.002492 -0.103902 0.356858
v 0.005386 -0.102531 0.341426
v 0.011166 -0.103481 0.344645
v 0.005013 -0.109332 0.342790
v 0.001474 -0.070723 0.349324
v 0.005779 -0.068528 0.350732
v 0.008290 -0.070861 0.352847
v 0.007260 -0.074663 0.353624
v 0.002753 -0.075993 0.351759
v -0.030611 -0.059020 0.354058
v -0.028654 -0.055767 0.352443
v -0.029650 -0.052131 0.354451
v -0.033356 -0.051621 0.355640
v -0.035997 -0.054912 0.356188
v -0.034219 -0.058581 0.355831
v -0.024461 -0.081370 0.348381
v -0.029205 -0.082450 0.349696
v -0.031948 -0.079707 0.348453
v -0.030759 -0.076520 0.346264
v -0.025743 -0.076300 0.345483
v 0.005236 -0.051767 0.357357
v 0.004609 -0.047772 0.356809
v 0.000795 -0.046625 0.353622
v -0.000482 -0.052183 0.352215
v 0.002812 -0.054308 0.355448
v 0.006079 -0.049813 0.357743
v 0.000271 -0.046756 0.353386
v 0.000784 -0.053819 0.353807
v -0.004825 -0.054358 0.366633
v -0.005074 -0.048949 0.363045
v -0.011487 -0.057276 0.359761
v -0.018125 -0.067657 0.365651
v -0.019618 -0.058052 0.364168
v -0.019382 -0.060281 0.367644
v -0.020348 -0.066912 0.357666
v -0.029545 -0.073890 0.359417
v -0.024077 -0.079064 0.346926
v -0.028948 -0.075705 0.345499
v -0.030865 -0.082267 0.349863
v -0.030392 -0.058224 0.353821
v -0.029027 -0.054201 0.353586
v -0.034663 -0.050898 0.356167
v -0.036401 -0.057266 0.356720
v -0.020559 -0.060149 0.369459
v -0.013567 -0.057845 0.368525
v -0.018893 -0.060508 0.360895
v -0.008034 -0.067518 0.361094
v -0.006350 -0.069311 0.367438
v -0.004311 -0.065083 0.359323
v 0.001561 -0.066730 0.363050
v 0.008457 -0.069989 0.352635
v 0.000840 -0.072244 0.349398
v 0.007377 -0.075162 0.353877
v -0.000660 -0.037133 0.354572
v 0.003607 -0.034783 0.355830
v 0.006126 -0.036973 0.358135
v 0.004264 -0.041491 0.359488
v -0.000141 -0.041514 0.356977
v -0.031108 -0.023405 0.356765
v -0.030847 -0.018452 0.356642
v -0.035362 -0.017086 0.358625
v -0.037667 -0.020170 0.359693
v -0.035562 -0.024681 0.358767
v -0.029502 -0.048631 0.356102
v -0.033323 -0.047357 0.355664
v -0.034142 -0.044138 0.353253
v -0.031133 -0.042213 0.351280
v -0.027312 -0.043458 0.351723
v -0.026504 -0.046714 0.354064
v 0.003277 -0.018454 0.360196
v 0.002830 -0.013557 0.359858
v -0.000224 -0.012431 0.357520
v -0.002671 -0.015168 0.355715
v -0.001477 -0.019799 0.356703
v 0.004056 -0.017524 0.360812
v 0.000284 -0.011558 0.357863
v -0.002253 -0.018532 0.356147
v -0.005635 -0.014045 0.367220
v -0.016617 -0.018785 0.367001
v -0.009909 -0.022462 0.362930
v -0.019618 -0.028071 0.372587
v -0.020827 -0.033090 0.363908
v -0.031446 -0.049590 0.357121
v -0.030486 -0.033835 0.366281
v -0.027474 -0.032317 0.362101
v -0.033373 -0.042755 0.352070
v -0.026483 -0.044898 0.352722
v -0.030225 -0.022621 0.356419
v -0.035255 -0.015841 0.358665
v -0.037961 -0.021956 0.359879
v -0.025628 -0.021696 0.361853
v -0.027793 -0.026652 0.366264
v -0.029445 -0.020398 0.369499
v -0.013384 -0.030132 0.366413
v -0.015839 -0.030289 0.373388
v -0.008063 -0.025710 0.371293
v -0.007797 -0.031353 0.373160
v -0.006398 -0.030374 0.363652
v 0.000122 -0.042381 0.357544
v 0.006563 -0.039338 0.359608
v 0.002172 -0.034760 0.354918
v -0.002830 -0.005767 0.358416
v -0.001655 -0.002172 0.356770
v 0.001839 -0.000476 0.357915
v 0.004331 -0.002534 0.360448
v 0.003159 -0.006186 0.362100
v -0.000295 -0.007898 0.360922
v -0.032750 0.010936 0.357250
v -0.032152 0.014814 0.356484
v -0.035012 0.017453 0.357456
v -0.038498 0.016180 0.359138
v -0.039096 0.012278 0.359885
v -0.036239 0.009664 0.358932
v -0.032266 -0.013639 0.360144
v -0.035670 -0.012120 0.358300
v -0.035549 -0.008698 0.355829
v -0.030847 -0.008231 0.354148
v -0.027978 -0.011800 0.356417
v 0.001897 0.019745 0.360161
v -0.000155 0.022477 0.358132
v -0.003352 0.021271 0.355833
v -0.004269 0.016296 0.355800
v 0.000301 0.014917 0.359391
v 0.002313 0.019290 0.360376
v -0.004228 0.020534 0.355242
v -0.001483 0.014320 0.358179
v -0.005030 0.021714 0.365638
v -0.008015 0.013389 0.364990
v -0.015723 0.018098 0.365422
v -0.011602 0.014794 0.362156
v -0.022248 0.004761 0.373499
v -0.020645 0.013097 0.372745
v -0.024236 0.000671 0.364862
v -0.031511 0.002203 0.364391
v -0.036003 -0.013412 0.359541
v -0.033138 -0.008123 0.353959
v -0.027866 -0.012760 0.357536
v -0.031551 0.012800 0.356498
v -0.036667 0.017982 0.358125
v -0.038516 0.010480 0.359879
v -0.027557 0.012227 0.362359
v -0.034242 0.014054 0.367520
v -0.025358 0.014624 0.372591
v -0.013705 0.003434 0.374326
v -0.015283 0.012641 0.369255
v -0.014785 0.004484 0.368107
v -0.005418 0.006337 0.372262
v 0.002405 -0.000608 0.358126
v -0.002661 -0.004777 0.357846
v 0.001566 -0.007938 0.362271
v -0.004369 0.029077 0.357391
v -0.003260 0.032523 0.355754
v 0.000105 0.034524 0.356871
v 0.002796 0.032669 0.359323
v 0.001542 0.029227 0.361147
v -0.001987 0.027381 0.360056
v -0.035039 0.045059 0.354683
v -0.034634 0.048808 0.353496
v -0.038674 0.051736 0.354545
v -0.041796 0.048512 0.356703
v -0.039474 0.044079 0.356912
v -0.034011 0.020313 0.358884
v -0.037653 0.022831 0.356721
v -0.036356 0.025296 0.353905
v -0.032369 0.025559 0.352995
v -0.029517 0.022588 0.355598
v -0.001160 0.051690 0.356990
v -0.000795 0.054768 0.356708
v -0.003025 0.057230 0.354350
v -0.006776 0.054896 0.351897
v -0.006155 0.050137 0.353390
v -0.003044 0.049524 0.355976
v -0.001747 0.050884 0.356743
v -0.001937 0.057069 0.355236
v -0.007049 0.053198 0.352126
v -0.007613 0.053715 0.364017
v -0.012607 0.057205 0.361818
v -0.016189 0.050362 0.359474
v -0.018042 0.043195 0.366699
v -0.022779 0.046797 0.370487
v -0.027698 0.041621 0.362636
v -0.029685 0.043618 0.367230
v -0.027127 0.034869 0.361741
v -0.033779 0.032534 0.367651
v -0.033383 0.019708 0.359303
v -0.029785 0.023572 0.354656
v -0.036820 0.025243 0.354021
v -0.036326 0.043763 0.355536
v -0.035617 0.050414 0.353491
v -0.042824 0.047481 0.357441
v -0.031049 0.044746 0.361194
v -0.037375 0.052715 0.361438
v -0.024098 0.048171 0.363406
v -0.025184 0.043817 0.371070
v -0.016294 0.040241 0.366537
v -0.017635 0.046236 0.373292
v -0.009525 0.041767 0.364300
v -0.008624 0.043426 0.368035
v -0.000248 0.027214 0.361307
v -0.002715 0.035367 0.367741
v 0.002169 0.034081 0.358219
v -0.004377 0.030414 0.356581
v -0.007858 0.064360 0.352120
v -0.005007 0.068312 0.350948
v -0.000785 0.068229 0.353698
v -0.001657 0.064232 0.356620
v -0.005143 0.062292 0.355821
v -0.039780 0.077197 0.349701
v -0.037510 0.080016 0.347713
v -0.038959 0.083406 0.347045
v -0.042616 0.084043 0.348409
v -0.044895 0.081224 0.350426
v -0.043508 0.077920 0.351036
v -0.035744 0.054466 0.354882
v -0.039632 0.055454 0.354135
v -0.040520 0.057863 0.351108
v -0.037530 0.059247 0.348790
v -0.033677 0.058237 0.349511
v -0.032779 0.055884 0.352561
v -0.004329 0.089104 0.349973
v -0.005226 0.093123 0.348005
v -0.008160 0.093232 0.345491
v -0.010448 0.089405 0.344742
v -0.009612 0.085581 0.346705
v -0.006600 0.085362 0.349248
v -0.004941 0.093652 0.348082
v -0.010091 0.090863 0.344602
v -0.007595 0.084717 0.348610
v -0.015836 0.085421 0.351610
v -0.011073 0.094678 0.351218
v -0.013298 0.085182 0.357470
v -0.024290 0.086585 0.356007
v -0.019458 0.087833 0.361321
v -0.028675 0.074136 0.364790
v -0.033149 0.075372 0.364803
v -0.032209 0.075072 0.357067
v -0.029451 0.071116 0.357682
v -0.038631 0.068626 0.359473
v -0.036147 0.054069 0.355522
v -0.040656 0.058375 0.350464
v -0.033696 0.058137 0.349737
v -0.038239 0.077836 0.348806
v -0.042610 0.085092 0.348072
v -0.044771 0.078839 0.351302
v -0.033768 0.079595 0.354195
v -0.030054 0.086611 0.358093
v -0.035197 0.083162 0.361715
v -0.021945 0.083740 0.365237
v -0.023171 0.077367 0.359081
v -0.013126 0.078167 0.358968
v -0.021040 0.076173 0.366488
v -0.009568 0.076741 0.363503
v -0.013631 0.071772 0.358161
v -0.000415 0.069030 0.353624
v -0.008892 0.070331 0.364200
v -0.004589 0.062247 0.356141
v -0.007722 0.065689 0.351157
v -0.011154 0.100099 0.344489
v -0.010290 0.103784 0.342021
v -0.006905 0.106504 0.342508
v -0.004560 0.105654 0.345418
v -0.005480 0.101831 0.348027
v -0.008822 0.099226 0.347485
v -0.044695 0.108960 0.339842
v -0.045497 0.112040 0.337991
v -0.049202 0.113625 0.338335
v -0.052141 0.111995 0.340586
v -0.051430 0.109007 0.342292
v -0.047647 0.107409 0.341973
v -0.036974 0.088051 0.347086
v -0.040917 0.087435 0.348059
v -0.043492 0.088741 0.345792
v -0.042252 0.090725 0.342469
v -0.038297 0.091370 0.341467
v -0.035744 0.090002 0.343677
v -0.014361 0.123701 0.338951
v -0.015037 0.128283 0.337621
v -0.018289 0.129795 0.334895
v -0.020645 0.126945 0.333385
v -0.020058 0.122575 0.334679
v -0.016730 0.121031 0.337401
v -0.015678 0.129423 0.337058
v -0.020896 0.127144 0.333227
v -0.015777 0.121124 0.338138
v -0.021645 0.120111 0.343909
v -0.027951 0.121592 0.342010
v -0.028005 0.127456 0.346057
v -0.023077 0.123477 0.348265
v -0.030992 0.109819 0.349460
v -0.033373 0.109271 0.356513
v -0.039137 0.111406 0.351035
v -0.036573 0.104845 0.347471
v -0.042022 0.097469 0.351394
v -0.036709 0.090789 0.342500
v -0.038198 0.087256 0.348294
v -0.043582 0.089816 0.343935
v -0.044497 0.110157 0.338960
v -0.050052 0.113836 0.338531
v -0.050829 0.107637 0.343018
v -0.047127 0.117180 0.346818
v -0.037992 0.113992 0.345649
v -0.042878 0.115072 0.352517
v -0.035077 0.111788 0.350887
v -0.025619 0.113276 0.357720
v -0.029623 0.119410 0.351041
v -0.015897 0.114742 0.355839
v -0.019545 0.109394 0.349915
v -0.005775 0.100544 0.348852
v -0.005478 0.107032 0.343351
v -0.011478 0.101088 0.343380
v -0.025665 0.135859 0.330330
v -0.024376 0.139656 0.328559
v -0.021371 0.141634 0.330207
v -0.019469 0.139797 0.333815
v -0.020759 0.136019 0.335630
v -0.023772 0.134067 0.333861
v -0.059419 0.135378 0.329539
v -0.058369 0.138384 0.327134
v -0.061823 0.139798 0.325163
v -0.065634 0.139205 0.326755
v -0.066151 0.136758 0.329540
v -0.062973 0.134507 0.330554
v -0.046772 0.117949 0.337406
v -0.050406 0.116614 0.338639
v -0.053561 0.116720 0.336318
v -0.053139 0.118474 0.332721
v -0.049507 0.119820 0.331444
v -0.046338 0.119509 0.333835
v -0.031500 0.157590 0.323970
v -0.032947 0.160250 0.322664
v -0.036359 0.160559 0.319757
v -0.037930 0.158210 0.318730
v -0.037853 0.155203 0.319109
v -0.035017 0.152911 0.321710
v -0.031916 0.154660 0.324001
v -0.031378 0.157820 0.324038
v -0.037522 0.161150 0.318727
v -0.041738 0.157753 0.333089
v -0.035245 0.152591 0.321574
v -0.039836 0.151161 0.329016
v -0.049664 0.151567 0.334067
v -0.046135 0.145973 0.332891
v -0.044239 0.147016 0.339972
v -0.054888 0.134749 0.342417
v -0.050239 0.134103 0.335076
v -0.050361 0.133636 0.343776
v -0.046823 0.117822 0.337385
v -0.053455 0.116264 0.337851
v -0.047996 0.119935 0.331877
v -0.058530 0.138157 0.326351
v -0.067436 0.137523 0.329211
v -0.061087 0.134493 0.330301
v -0.060243 0.146452 0.334566
v -0.053629 0.144097 0.332198
v -0.049278 0.142650 0.336935
v -0.048182 0.144442 0.343052
v -0.046852 0.151776 0.339981
v -0.036172 0.148558 0.335881
v -0.034031 0.141389 0.335443
v -0.029409 0.147431 0.340450
v -0.020079 0.135949 0.336368
v -0.024392 0.140179 0.328107
v -0.023810 0.134101 0.333804
v -0.043994 0.163318 0.316750
v -0.045103 0.165958 0.313587
v -0.043235 0.169527 0.313160
v -0.040353 0.170538 0.316003
v -0.039245 0.167842 0.319336
v -0.041090 0.164337 0.319691
v -0.078219 0.159515 0.312460
v -0.081658 0.161920 0.310465
v -0.085160 0.160983 0.312103
v -0.085290 0.157681 0.315873
v -0.080752 0.156710 0.315967
v -0.063768 0.143502 0.325402
v -0.067705 0.142154 0.324919
v -0.069636 0.142510 0.321485
v -0.067724 0.144195 0.318471
v -0.063840 0.145568 0.318908
v -0.061856 0.145124 0.322390
v -0.055255 0.184751 0.306081
v -0.058181 0.186901 0.303033
v -0.060729 0.184671 0.301186
v -0.060525 0.180218 0.301942
v -0.057845 0.178197 0.304899
v -0.055106 0.180369 0.306840
v -0.054650 0.183965 0.306719
v -0.059363 0.187256 0.302057
v -0.058154 0.178006 0.304502
v -0.066536 0.180250 0.308416
v -0.063496 0.175230 0.312843
v -0.061676 0.180759 0.316150
v -0.065686 0.185277 0.311098
v -0.065876 0.167831 0.320740
v -0.071587 0.173273 0.324218
v -0.074205 0.161125 0.323049
v -0.070886 0.158237 0.330040
v -0.065660 0.155622 0.322862
v -0.069662 0.142232 0.322236
v -0.065813 0.145065 0.317885
v -0.062679 0.143917 0.325229
v -0.078603 0.159109 0.312987
v -0.085231 0.157102 0.316440
v -0.085359 0.161564 0.311536
v -0.073788 0.174041 0.319769
v -0.076945 0.170297 0.325020
v -0.068809 0.168231 0.325135
v -0.071750 0.167463 0.318474
v -0.065172 0.177608 0.323770
v -0.061060 0.171315 0.319882
v -0.058408 0.172461 0.327801
v -0.053381 0.176785 0.323626
v -0.038689 0.167681 0.320127
v -0.042802 0.163582 0.318128
v -0.044261 0.168294 0.312937
v -0.067009 0.188366 0.298653
v -0.068326 0.190964 0.295069
v -0.067058 0.194515 0.294046
v -0.065120 0.196410 0.295980
v -0.063485 0.195596 0.298738
v -0.063677 0.191720 0.301462
v -0.065200 0.189210 0.300850
v -0.100612 0.175592 0.297808
v -0.103044 0.177542 0.294325
v -0.107183 0.177142 0.294694
v -0.108922 0.175226 0.297728
v -0.105740 0.173442 0.300583
v -0.082468 0.166526 0.308832
v -0.085467 0.164353 0.310527
v -0.088314 0.163344 0.308473
v -0.088229 0.164391 0.304611
v -0.085215 0.166561 0.302816
v -0.082349 0.167508 0.304841
v -0.081922 0.202391 0.287386
v -0.084592 0.205100 0.285190
v -0.087957 0.203749 0.282662
v -0.088591 0.199826 0.282362
v -0.086072 0.197200 0.284557
v -0.082653 0.198563 0.287050
v -0.086475 0.205811 0.283725
v -0.087174 0.198323 0.283636
v -0.082109 0.200255 0.287366
v -0.089719 0.200121 0.299155
v -0.093940 0.201933 0.290149
v -0.089254 0.192185 0.300115
v -0.098175 0.189956 0.304650
v -0.088323 0.182325 0.305667
v -0.091634 0.186105 0.311435
v -0.094596 0.187023 0.301568
v -0.093954 0.175968 0.309244
v -0.081763 0.167716 0.305728
v -0.087189 0.163389 0.310783
v -0.087376 0.164914 0.304103
v -0.100581 0.176010 0.297002
v -0.107182 0.177327 0.294298
v -0.106820 0.173256 0.300847
v -0.107144 0.184924 0.301112
v -0.097561 0.183239 0.301029
v -0.085005 0.200010 0.303365
v -0.094471 0.191781 0.309352
v -0.087202 0.191003 0.304284
v -0.084493 0.195264 0.300839
v -0.076342 0.198862 0.306754
v -0.063337 0.191520 0.301995
v -0.068166 0.189817 0.296006
v -0.064438 0.196904 0.296622
v -0.096111 0.203377 0.279850
v -0.097978 0.204860 0.276337
v -0.097720 0.207710 0.275180
v -0.096343 0.210333 0.275916
v -0.093774 0.210856 0.279349
v -0.093020 0.208700 0.281590
v -0.093635 0.205795 0.282232
v -0.127786 0.188528 0.277705
v -0.131327 0.188874 0.276021
v -0.135063 0.186805 0.278762
v -0.132647 0.184984 0.282744
v -0.127840 0.185982 0.282125
v -0.107519 0.181114 0.293099
v -0.111442 0.177777 0.293717
v -0.113602 0.177019 0.289485
v -0.110562 0.179723 0.286472
v -0.107557 0.181727 0.288297
v -0.111033 0.215243 0.267666
v -0.113367 0.217569 0.265138
v -0.116152 0.215869 0.262761
v -0.116542 0.211781 0.262794
v -0.114224 0.209466 0.265225
v -0.111447 0.211194 0.267648
v -0.114079 0.218116 0.264550
v -0.116733 0.211437 0.262654
v -0.110623 0.211871 0.268311
v -0.116871 0.208785 0.276442
v -0.120455 0.208498 0.285600
v -0.120504 0.206491 0.274205
v -0.123792 0.213569 0.273500
v -0.125405 0.196261 0.290480
v -0.121353 0.193523 0.286841
v -0.116389 0.195403 0.288443
v -0.118497 0.191820 0.295876
v -0.109731 0.180321 0.286798
v -0.113498 0.176573 0.291569
v -0.106744 0.181730 0.292044
v -0.127692 0.186062 0.281877
v -0.128760 0.188565 0.277334
v -0.135603 0.186511 0.279261
v -0.132572 0.199383 0.284549
v -0.128736 0.200739 0.281008
v -0.131628 0.194299 0.287261
v -0.122696 0.198419 0.284794
v -0.114668 0.213560 0.284882
v -0.115359 0.209087 0.290698
v -0.111682 0.210978 0.281046
v -0.109284 0.205964 0.283555
v -0.095423 0.211473 0.276647
v -0.092543 0.207656 0.282887
v -0.098255 0.204766 0.275904
v -0.122687 0.214879 0.260640
v -0.124911 0.215871 0.256194
v -0.124051 0.220786 0.254849
v -0.121578 0.222350 0.258865
v -0.121025 0.219472 0.261832
v -0.153320 0.196288 0.261070
v -0.153640 0.197820 0.257414
v -0.157217 0.197769 0.255589
v -0.160472 0.196109 0.257405
v -0.160145 0.194515 0.261046
v -0.156575 0.194664 0.262931
v -0.134530 0.191557 0.275106
v -0.137483 0.188854 0.275238
v -0.139219 0.187632 0.270793
v -0.135554 0.191216 0.267601
v -0.133172 0.192999 0.271531
v -0.137879 0.224854 0.246518
v -0.140400 0.226698 0.243907
v -0.142943 0.224482 0.241433
v -0.143061 0.220462 0.241709
v -0.140593 0.218645 0.244289
v -0.138035 0.220870 0.246766
v -0.141395 0.226710 0.242768
v -0.142208 0.219007 0.242707
v -0.150157 0.222485 0.249629
v -0.147175 0.224717 0.254797
v -0.144993 0.216828 0.252293
v -0.137616 0.222499 0.247088
v -0.146006 0.212929 0.269419
v -0.152843 0.211948 0.267411
v -0.145724 0.208438 0.264888
v -0.148683 0.202932 0.267552
v -0.148151 0.200498 0.273315
v -0.133994 0.192143 0.273577
v -0.137927 0.188326 0.275797
v -0.135407 0.191329 0.268277
v -0.152799 0.197095 0.259555
v -0.160606 0.196619 0.256315
v -0.158986 0.194112 0.262941
v -0.155108 0.210905 0.259920
v -0.160570 0.203942 0.262654
v -0.150624 0.214024 0.269470
v -0.152027 0.204149 0.262296
v -0.152450 0.217828 0.265734
v -0.139254 0.216995 0.264049
v -0.139727 0.222891 0.260297
v -0.139184 0.223490 0.267044
v -0.120496 0.220020 0.262489
v -0.123121 0.222570 0.255644
v -0.124272 0.214340 0.258458
v -0.150062 0.222418 0.238198
v -0.151440 0.223048 0.234456
v -0.151221 0.226776 0.232851
v -0.149378 0.229768 0.234906
v -0.148027 0.229139 0.238723
v -0.148300 0.225465 0.240331
v -0.179316 0.202361 0.239458
v -0.179328 0.203168 0.235460
v -0.184359 0.204069 0.234018
v -0.186741 0.201384 0.237372
v -0.185330 0.200290 0.240000
v -0.182586 0.200868 0.241297
v -0.161105 0.199265 0.254934
v -0.164772 0.195315 0.252186
v -0.163406 0.196571 0.247563
v -0.160578 0.199519 0.247358
v -0.159116 0.201186 0.250754
v -0.164600 0.230891 0.223957
v -0.166907 0.232452 0.221114
v -0.169039 0.230001 0.218610
v -0.168980 0.225980 0.219100
v -0.166923 0.224443 0.222073
v -0.164621 0.226874 0.224470
v -0.167914 0.232034 0.219828
v -0.168485 0.224969 0.219932
v -0.164339 0.228470 0.224736
v -0.172948 0.232029 0.228683
v -0.175686 0.226457 0.225389
v -0.170369 0.223585 0.232902
v -0.179166 0.222230 0.242971
v -0.179548 0.213945 0.246086
v -0.171753 0.213554 0.251434
v -0.171477 0.214610 0.243164
v -0.175200 0.209657 0.244655
v -0.158988 0.201363 0.250972
v -0.163930 0.196405 0.255110
v -0.162446 0.197556 0.246918
v -0.179445 0.203319 0.236811
v -0.185734 0.202213 0.234325
v -0.183864 0.200022 0.241605
v -0.187269 0.211354 0.241471
v -0.178903 0.213979 0.238164
v -0.179613 0.219515 0.246182
v -0.170988 0.221973 0.245093
v -0.173725 0.228771 0.239655
v -0.167572 0.223101 0.239099
v -0.165892 0.231064 0.244605
v -0.151395 0.223768 0.234079
v -0.149456 0.230301 0.234506
v -0.148862 0.223933 0.240096
v -0.175599 0.227397 0.215061
v -0.176562 0.227751 0.211187
v -0.176248 0.231357 0.209359
v -0.174884 0.234592 0.211421
v -0.173916 0.234236 0.215339
v -0.174183 0.230620 0.217133
v -0.202956 0.206205 0.214156
v -0.205000 0.207266 0.209767
v -0.208917 0.206090 0.209427
v -0.210889 0.204514 0.212547
v -0.207966 0.203861 0.216573
v -0.185078 0.206266 0.230414
v -0.188308 0.203097 0.232618
v -0.189933 0.200358 0.228613
v -0.188379 0.201522 0.225045
v -0.184990 0.205247 0.225377
v -0.190111 0.236100 0.197225
v -0.192969 0.233479 0.194200
v -0.192782 0.229427 0.194831
v -0.190657 0.227885 0.197802
v -0.188235 0.231342 0.200422
v -0.191184 0.236349 0.196161
v -0.192890 0.229029 0.194779
v -0.188919 0.229692 0.199793
v -0.200668 0.233456 0.202249
v -0.195674 0.233257 0.207662
v -0.201562 0.225884 0.205717
v -0.195279 0.227077 0.205925
v -0.197916 0.216428 0.218924
v -0.204362 0.218552 0.218358
v -0.203425 0.224717 0.220063
v -0.197369 0.222188 0.221593
v -0.199268 0.210057 0.227532
v -0.193012 0.213938 0.223946
v -0.195804 0.212516 0.230237
v -0.189419 0.200452 0.226138
v -0.186307 0.205286 0.232876
v -0.185375 0.204995 0.225213
v -0.203243 0.206466 0.213740
v -0.210755 0.203603 0.214747
v -0.203455 0.214059 0.213790
v -0.210561 0.205671 0.209459
v -0.209658 0.212519 0.218911
v -0.207407 0.224480 0.215898
v -0.194837 0.228800 0.221541
v -0.201731 0.229031 0.220167
v -0.196418 0.224786 0.214868
v -0.186763 0.228447 0.215075
v -0.197163 0.232029 0.213872
v -0.187611 0.236306 0.217788
v -0.175317 0.234421 0.210035
v -0.176514 0.227412 0.211659
v -0.174529 0.229507 0.217038
v -0.199401 0.229984 0.189341
v -0.199645 0.232132 0.184830
v -0.198853 0.236118 0.184847
v -0.197876 0.238023 0.188348
v -0.197710 0.236700 0.191120
v -0.198206 0.233943 0.192371
v -0.226025 0.207842 0.188802
v -0.226091 0.208908 0.183905
v -0.230820 0.207595 0.182703
v -0.232976 0.205992 0.185728
v -0.230447 0.205754 0.190082
v -0.210392 0.208900 0.207234
v -0.212756 0.205517 0.207457
v -0.213855 0.203783 0.203872
v -0.211813 0.204659 0.200436
v -0.209293 0.207837 0.200389
v -0.208470 0.209850 0.203884
v -0.211697 0.237299 0.171660
v -0.214285 0.235852 0.167705
v -0.214320 0.230795 0.168342
v -0.211796 0.229652 0.172426
v -0.210460 0.234238 0.174011
v -0.211064 0.236709 0.172723
v -0.211287 0.230289 0.173235
v -0.215178 0.233889 0.166546
v -0.217534 0.228418 0.177768
v -0.220098 0.236473 0.179829
v -0.227259 0.229341 0.182944
v -0.222463 0.219054 0.191684
v -0.220257 0.221276 0.194642
v -0.221820 0.222462 0.199459
v -0.227854 0.219270 0.195683
v -0.214214 0.203241 0.204424
v -0.211614 0.207614 0.208493
v -0.209025 0.208343 0.200528
v -0.226457 0.208586 0.185964
v -0.233440 0.206129 0.184345
v -0.229046 0.206321 0.190190
v -0.233310 0.218425 0.191621
v -0.220345 0.227360 0.192052
v -0.228711 0.224198 0.185909
v -0.227327 0.231097 0.188106
v -0.216841 0.230258 0.188021
v -0.221020 0.233274 0.194822
v -0.209795 0.239431 0.191242
v -0.198521 0.232073 0.192042
v -0.199670 0.231198 0.186047
v -0.198027 0.238472 0.187078
v -0.220516 0.231726 0.163452
v -0.220983 0.231798 0.159581
v -0.221173 0.235304 0.157529
v -0.219682 0.239298 0.160310
v -0.219516 0.236207 0.165381
v -0.246501 0.208071 0.161089
v -0.246136 0.208848 0.156080
v -0.250582 0.207270 0.154612
v -0.253049 0.205350 0.158664
v -0.249872 0.206250 0.162318
v -0.232075 0.210128 0.180283
v -0.234566 0.206907 0.180334
v -0.235004 0.204666 0.176013
v -0.231089 0.208232 0.173116
v -0.230128 0.211179 0.176901
v -0.232072 0.237126 0.143130
v -0.234301 0.235301 0.138898
v -0.234118 0.230321 0.139861
v -0.231948 0.229540 0.144390
v -0.230924 0.234258 0.145850
v -0.233983 0.236849 0.139337
v -0.233736 0.229514 0.140769
v -0.231024 0.233355 0.145843
v -0.247141 0.227976 0.151640
v -0.241208 0.236417 0.146975
v -0.240932 0.226979 0.150686
v -0.241035 0.226351 0.159850
v -0.246781 0.228785 0.164758
v -0.245976 0.218395 0.174439
v -0.246052 0.214852 0.171683
v -0.239804 0.216173 0.168403
v -0.232437 0.209818 0.180668
v -0.235511 0.204971 0.178287
v -0.230322 0.209320 0.173397
v -0.246348 0.208405 0.159976
v -0.249199 0.207986 0.154237
v -0.252042 0.205410 0.161794
v -0.254273 0.216913 0.162724
v -0.253383 0.214018 0.155941
v -0.249665 0.230431 0.160318
v -0.243834 0.230930 0.166347
v -0.241258 0.234051 0.158052
v -0.242271 0.227003 0.160789
v -0.234277 0.233045 0.165835
v -0.233481 0.239640 0.164761
v -0.220375 0.236956 0.157488
v -0.220878 0.231952 0.161064
v -0.219436 0.239778 0.160990
v -0.219630 0.234882 0.165642
v -0.240298 0.230016 0.131220
v -0.239969 0.233982 0.127892
v -0.239251 0.237470 0.129630
v -0.239091 0.237157 0.134797
v -0.239624 0.232208 0.135643
v -0.263910 0.206810 0.129400
v -0.266888 0.205273 0.125721
v -0.270285 0.203381 0.126938
v -0.271050 0.202910 0.130818
v -0.267380 0.204660 0.133772
v -0.250409 0.210498 0.150534
v -0.253076 0.208102 0.152482
v -0.254437 0.204833 0.150701
v -0.253315 0.204060 0.146941
v -0.250728 0.206513 0.144947
v -0.249226 0.209664 0.146769
v -0.250026 0.232907 0.115810
v -0.251863 0.234027 0.111259
v -0.252870 0.231740 0.109310
v -0.253065 0.228648 0.109212
v -0.251943 0.226219 0.112154
v -0.250216 0.227793 0.115531
v -0.253332 0.232283 0.108261
v -0.251346 0.226248 0.113373
v -0.249989 0.231634 0.115928
v -0.261717 0.232913 0.120189
v -0.262489 0.224621 0.119505
v -0.256883 0.227450 0.121950
v -0.265400 0.223602 0.139896
v -0.260439 0.222701 0.129994
v -0.269002 0.224328 0.128401
v -0.260224 0.214590 0.138350
v -0.258275 0.218133 0.141264
v -0.265957 0.214752 0.141167
v -0.254817 0.203531 0.149321
v -0.252012 0.209740 0.152791
v -0.249432 0.208706 0.145656
v -0.264455 0.206595 0.129415
v -0.270433 0.203293 0.126678
v -0.268069 0.204402 0.133778
v -0.271607 0.221900 0.127976
v -0.273637 0.209950 0.130433
v -0.270056 0.219370 0.134809
v -0.263477 0.219202 0.130053
v -0.259766 0.234915 0.128371
v -0.265089 0.232612 0.133485
v -0.257162 0.228728 0.130331
v -0.239098 0.236273 0.136201
v -0.251903 0.238378 0.133995
v -0.240150 0.230130 0.132224
v -0.239431 0.237174 0.128232
vn 0.8927 0.4167 -0.1715
vn 0.8974 0.4114 -0.1593
vn 0.8972 0.4152 -0.1503
vn -0.9420 0.0209 0.3348
vn -0.9443 0.0273 0.3279
vn -0.9421 0.0210 0.3348
vn -0.2817 -0.5852 -0.7604
vn -0.2820 -0.5848 -0.7606
vn -0.2816 -0.5738 -0.7690
vn -0.9312 -0.0299 0.3633
vn -0.9394 0.0070 0.3428
vn -0.9398 0.0082 0.3416
vn 0.9189 0.2518 0.3036
vn 0.5771 -0.7503 -0.3227
vn 0.8740 -0.2776 0.3988
vn 0.0185 0.5597 -0.8285
vn 0.9539 0.0146 -0.2996
vn 0.8660 -0.2658 -0.4236
vn -0.8518 0.4742 -0.2226
vn 0.2266 0.7224 0.6534
vn -0.2297 0.9534 -0.1958
vn -0.7131 -0.6416 -0.2825
vn -0.9248 0.1912 -0.3289
vn -0.5211 -0.3676 -0.7703
vn -0.1880 0.6920 0.6970
vn -0.3705 0.9259 -0.0732
vn 0.3119 -0.9459 -0.0893
vn 0.3066 -0.9469 -0.0965
vn 0.3110 -0.9457 -0.0949
vn 0.2295 -0.7635 -0.6037
vn -0.5138 -0.2911 0.8070
vn -0.8197 -0.4568 0.3457
vn -0.3139 -0.1459 0.9382
vn -0.7127 -0.6769 0.1839
vn -0.2834 -0.9464 -0.1547
vn -0.9774 0.1355 -0.1625
vn -0.1565 0.2425 -0.9575
vn -0.3866 -0.2769 -0.8797
vn 0.3024 -0.2705 0.9140
vn -0.3051 -0.4862 0.8189
vn -0.4883 -0.8727 0.0070
vn -0.0523 -0.1030 0.9933
vn -0.8246 0.5567 0.1003
vn -0.9996 0.0127 -0.0257
vn -0.9982 0.0160 -0.0581
vn -0.9995 0.0154 -0.0289
vn 0.3515 -0.3244 0.8782
vn 0.3477 -0.3295 0.8778
vn 0.3512 -0.3259 0.8778
vn -0.9964 0.0347 -0.0773
vn -0.9986 0.0222 -0.0479
vn -0.9991 0.0192 -0.0371
vn -0.3939 -0.1794 -0.9015
vn -0.4017 -0.1737 -0.8991
vn -0.4098 -0.1757 -0.8951
vn -0.7751 0.3642 -0.5163
vn -0.7944 0.3580 -0.4907
vn -0.7754 0.3617 -0.5176
vn -0.2687 0.9553 -0.1231
vn 0.9433 -0.1690 0.2858
vn 0.7347 -0.0410 0.6772
vn -0.6046 0.5382 0.5871
vn 0.1858 0.9359 0.2994
vn -0.8064 0.5645 -0.1765
vn 0.8635 0.2578 -0.4335
vn -0.2743 0.2980 0.9143
vn -0.9017 -0.1340 0.4110
vn -0.3747 -0.5046 0.7778
vn 0.2660 -0.8915 0.3667
vn 0.0371 0.7801 0.6245
vn -0.9992 -0.0368 0.0173
vn -0.9983 -0.0410 0.0410
vn -0.9973 -0.0398 0.0612
vn -0.6584 0.7010 -0.2740
vn -0.6605 0.6981 -0.2764
vn -0.6593 0.7004 -0.2736
vn -0.6496 0.7077 -0.2778
vn -0.6497 0.7078 -0.2774
vn -0.6205 0.7286 -0.2900
vn -0.9228 0.1079 -0.3699
vn -0.0455 0.9987 -0.0249
vn -0.3963 0.7662 -0.5059
vn 0.1093 -0.9093 -0.4015
vn -0.9454 -0.1005 -0.3100
vn 0.1998 -0.6052 -0.7706
vn 0.4088 -0.9109 0.0557
vn -0.7249 -0.6871 -0.0485
vn -0.5348 -0.6085 -0.5863
vn -0.9995 0.0159 -0.0284
vn -0.0073 0.2857 0.9583
vn -0.8720 0.4886 0.0295
vn -0.9636 -0.0770 0.2560
vn -0.9851 -0.1602 0.0617
vn -0.9856 -0.1595 0.0563
vn -0.9859 -0.1579 0.0560
vn -0.8573 -0.4098 0.3117
vn -0.8042 0.3114 0.5063
vn -0.5108 -0.4950 -0.7029
vn -0.9869 -0.1501 0.0596
vn -0.9868 -0.1527 0.0536
vn -0.9897 -0.1402 0.0290
vn -0.8966 0.0184 0.4425
vn -0.9025 0.0251 0.4300
vn -0.8966 0.0184 0.4424
vn -0.8872 0.0079 0.4613
vn -0.8925 0.0131 0.4508
vn -0.8935 0.0134 0.4488
vn -0.6459 -0.5633 0.5153
vn 0.0804 -0.9098 -0.4073
vn 0.0795 -0.9860 0.1464
vn 0.9174 0.2864 -0.2763
vn 0.5294 -0.5602 -0.6372
vn 0.2756 0.9396 -0.2028
vn 0.5489 -0.3090 0.7767
vn -0.1072 0.1079 -0.9884
vn 0.8426 -0.5053 0.1862
vn 0.6207 0.4335 0.6533
vn -0.6492 0.2167 0.7291
vn -0.5955 -0.5437 0.5915
vn -0.6770 -0.5449 -0.4948
vn 0.1112 0.7240 0.6807
vn 0.0984 0.7261 0.6805
vn 0.1146 0.7289 0.6749
vn -0.8828 -0.0385 -0.4681
vn 0.6049 0.2388 0.7596
vn -0.6231 0.6552 0.4272
vn -0.3221 -0.0774 -0.9435
vn -0.6099 0.7457 -0.2680
vn -0.2817 -0.9583 -0.0475
vn -0.5364 0.4855 -0.6903
vn 0.4708 -0.8292 0.3014
vn 0.3781 -0.8851 -0.2715
vn -0.2439 0.4661 -0.8504
vn -0.8450 0.5127 0.1522
vn -0.2354 0.9716 0.0239
vn -0.9691 -0.2062 0.1355
vn -0.9655 -0.2019 0.1643
vn -0.9690 -0.2061 0.1365
vn -0.9702 -0.2012 0.1348
vn -0.9702 -0.2050 0.1288
vn -0.9703 -0.2055 0.1278
vn -0.8419 0.3639 -0.3985
vn -0.8435 0.3616 -0.3972
vn -0.9413 0.1824 -0.2840
vn -0.7856 -0.1722 -0.5942
vn -0.8160 -0.1826 -0.5485
vn -0.8151 -0.1836 -0.5495
vn -0.8903 0.0589 0.4516
vn -0.8761 0.0588 0.4786
vn -0.8746 0.0569 0.4815
vn -0.7771 0.5369 -0.3286
vn -0.8931 -0.1872 0.4090
vn -0.6317 0.3552 -0.6891
vn 0.5730 -0.7738 0.2701
vn -0.1801 -0.5957 -0.7828
vn 0.3479 -0.4113 -0.8425
vn -0.8085 0.3294 0.4876
vn 0.0408 0.9670 -0.2515
vn -0.9527 0.2459 -0.1787
vn 0.9404 -0.3355 -0.0556
vn -0.5342 -0.7912 0.2977
vn -0.2645 -0.9625 0.0601
vn 0.5709 -0.4799 0.6662
vn -0.6152 -0.7772 0.1326
vn 0.3159 -0.9443 0.0921
vn 0.9294 0.3314 -0.1622
vn -0.1942 -0.9484 -0.2505
vn 0.6012 0.2904 0.7445
vn -0.8443 -0.1535 -0.5133
vn -0.8639 0.2678 0.4265
vn -0.8637 0.2417 0.4423
vn -0.8647 0.2691 0.4240
vn 0.6385 0.1284 0.7588
vn 0.0732 0.8782 0.4728
vn 0.4855 -0.5914 -0.6438
vn -0.8377 -0.0144 0.5459
vn -0.8701 -0.0133 0.4927
vn -0.8715 -0.0153 0.4901
vn 0.8283 -0.4405 0.3461
vn -0.6295 -0.7363 0.2481
vn -0.3843 -0.8638 -0.3258
vn -0.2911 -0.9173 -0.2716
vn -0.4340 0.2397 -0.8684
vn -0.0012 -0.3648 -0.9311
vn -0.8252 -0.0900 0.5576
vn -0.7149 -0.6301 -0.3033
vn -0.4749 -0.7723 0.4220
vn 0.3777 -0.6613 -0.6481
vn 0.9528 0.2325 0.1951
vn 0.7383 -0.6672 0.0986
vn -0.4775 0.6888 0.5454
vn -0.9209 0.1878 -0.3415
vn -0.3850 -0.1893 -0.9033
vn 0.5358 -0.0861 0.8400
vn 0.6324 -0.7266 0.2684
vn 0.3908 0.2978 0.8710
vn 0.5763 -0.7591 0.3029
vn 0.9049 0.0506 0.4227
vn 0.4065 0.0050 0.9136
vn 0.4060 0.0059 0.9138
vn 0.4091 0.0055 0.9125
vn -0.9054 -0.3381 0.2567
vn -0.9036 -0.3552 0.2394
vn -0.9123 -0.3591 0.1967
vn -0.8203 -0.4496 -0.3536
vn -0.8239 -0.4466 -0.3488
vn -0.8188 -0.4505 -0.3558
vn -0.9831 -0.1501 0.1049
vn -0.1419 -0.3167 0.9378
vn -0.4203 0.0264 0.9070
vn 0.8101 0.4918 -0.3193
vn 0.8094 0.4901 -0.3236
vn 0.8094 0.4914 -0.3217
vn 0.1333 -0.8804 -0.4551
vn 0.1303 -0.8824 -0.4521
vn 0.1322 -0.8832 -0.4499
vn 0.1063 0.4347 0.8943
vn 0.0699 0.4305 0.8999
vn 0.1101 0.4389 0.8918
vn 0.2288 -0.0518 0.9721
vn 0.5120 0.0236 0.8587
vn 0.9221 0.2747 -0.2726
vn -0.3267 -0.9384 0.1127
vn -0.5791 -0.0411 -0.8142
vn -0.0007 -0.1119 -0.9937
vn -0.7457 -0.5847 0.3195
vn -0.8832 0.1070 -0.4565
vn -0.0666 -0.9851 0.1587
vn -0.4697 -0.8714 0.1415
vn 0.7329 -0.5923 0.3347
vn -0.5073 -0.3697 0.7785
vn 0.9807 -0.0162 0.1946
vn 0.2023 -0.7969 0.5692
vn 0.3337 -0.3319 0.8823
vn -0.0964 -0.9690 -0.2275
vn 0.3644 0.7186 0.5923
vn 0.3888 -0.6443 0.6586
vn 0.7949 -0.5034 -0.3388
vn -0.4811 0.8160 0.3205
vn 0.5125 0.3307 -0.7924
vn -0.8189 0.5720 -0.0478
vn -0.0073 -0.9566 -0.2913
vn 0.9855 0.1165 0.1232
vn 0.8396 0.5307 0.1157
vn 0.4439 0.4735 0.7608
vn 0.4694 -0.2028 0.8594
vn -0.6484 0.7610 0.0221
vn -0.4513 0.8170 -0.3588
vn -0.8626 -0.4311 0.2647
vn -0.8594 -0.4405 0.2595
vn -0.8629 -0.4389 0.2506
vn 0.1167 -0.9525 0.2812
vn 0.1181 -0.9585 0.2596
vn 0.1222 -0.9544 0.2725
vn -0.7626 -0.5478 -0.3439
vn -0.7664 -0.5463 -0.3379
vn -0.7290 -0.5656 -0.3855
vn -0.7521 -0.5541 -0.3569
vn -0.7523 -0.5537 -0.3572
vn -0.8689 -0.0969 0.4854
vn -0.8858 -0.1034 0.4525
vn -0.8780 -0.0873 0.4707
vn 0.6602 0.7469 0.0792
vn 0.3751 -0.9096 0.1787
vn 0.3476 0.9335 0.0884
vn -0.4103 -0.9094 0.0683
vn -0.3738 0.4085 0.8327
vn -0.8349 -0.3443 0.4295
vn 0.7556 -0.5235 -0.3938
vn 0.7528 -0.5230 -0.3998
vn 0.7505 -0.5322 -0.3918
vn -0.4155 0.7848 -0.4599
vn 0.7721 0.4347 -0.4636
vn 0.3760 0.8991 -0.2242
vn 0.1654 -0.5456 0.8215
vn -0.5719 0.8134 0.1059
vn 0.6937 0.0079 -0.7202
vn -0.8921 0.1757 0.4164
vn -0.5347 -0.8154 0.2218
vn -0.4453 0.5799 0.6822
vn -0.5465 -0.7411 -0.3901
vn -0.1889 -0.6283 -0.7547
vn 0.8472 -0.4425 -0.2941
vn 0.1864 0.9168 -0.3531
vn -0.7796 -0.1725 0.6020
vn -0.4877 -0.1315 0.8631
vn 0.6214 -0.7521 -0.2195
vn 0.7590 -0.4909 0.4278
vn -0.3783 0.3633 -0.8515
vn -0.6702 0.7224 0.1703
vn -0.1328 0.6333 -0.7625
vn -0.8152 -0.5230 0.2488
vn -0.8190 -0.5095 0.2640
vn -0.8162 -0.5253 0.2404
vn -0.3333 0.9141 0.2309
vn -0.3338 0.9105 0.2442
vn -0.3495 0.9048 0.2431
vn -0.8441 0.0675 0.5320
vn -0.8439 0.0709 0.5318
vn -0.8439 0.0696 0.5320
vn 0.5005 0.5156 0.6954
vn -0.2650 0.8071 -0.5276
vn 0.2590 0.6335 0.7291
vn -0.0892 0.6996 -0.7090
vn 0.9534 0.2057 -0.2208
vn -0.2123 0.7470 -0.6300
vn 0.3231 0.1546 -0.9337
vn -0.3971 -0.8593 -0.3224
vn -0.2368 0.0221 -0.9713
vn 0.8451 -0.5337 0.0320
vn 0.3140 -0.7645 0.5629
vn 0.8635 0.4743 -0.1715
vn -0.6182 0.5679 -0.5435
vn -0.4277 -0.0560 0.9022
vn -0.8952 0.3229 0.3073
vn -0.8207 -0.4571 0.3428
vn 0.0002 0.8388 -0.5444
vn 0.7243 0.5283 0.4431
vn -0.9115 0.4068 0.0610
vn -0.9069 0.2807 0.3141
vn 0.7805 -0.5825 0.2267
vn 0.1297 0.6520 0.7470
vn 0.0678 -0.2257 -0.9718
vn 0.0768 -0.2331 -0.9694
vn 0.0712 -0.2150 -0.9740
vn -0.8150 -0.4999 0.2930
vn -0.8108 -0.5250 0.2587
vn -0.8088 -0.5296 0.2558
vn -0.8370 -0.1036 -0.5373
vn -0.8615 -0.1308 -0.4906
vn -0.8379 -0.1020 -0.5362
vn -0.0158 -0.2652 -0.9641
vn -0.0327 -0.2582 -0.9655
vn -0.0227 -0.2840 -0.9585
vn -0.8298 -0.0922 -0.5504
vn -0.8301 -0.0914 -0.5500
vn -0.8295 -0.0838 -0.5522
vn -0.8474 -0.2945 0.4418
vn -0.8560 -0.2977 0.4226
vn -0.8470 -0.2955 0.4419
vn -0.1772 0.6645 -0.7259
vn -0.1865 0.6648 -0.7234
vn -0.1778 0.6652 -0.7252
vn -0.8360 -0.2894 0.4663
vn -0.8416 -0.2910 0.4549
vn -0.8416 -0.2918 0.4546
vn 0.2904 -0.9541 0.0728
vn -0.4421 -0.8896 -0.1143
vn -0.5354 -0.0478 -0.8432
vn -0.9591 0.2059 -0.1940
vn 0.4564 0.3131 -0.8329
vn -0.9803 -0.0021 -0.1975
vn 0.6609 0.6977 0.2766
vn -0.0190 -0.8014 0.5978
vn -0.6805 0.7290 -0.0736
vn 0.9836 0.1304 -0.1246
vn -0.5466 0.7116 -0.4415
vn -0.7334 0.3929 -0.5548
vn 0.9821 0.1881 0.0124
vn 0.3649 0.5784 -0.7296
vn -0.8145 0.0397 0.5788
vn -0.6479 -0.7161 -0.2596
vn 0.1560 -0.9268 -0.3416
vn -0.4024 0.7728 0.4907
vn -0.9923 0.1197 -0.0307
vn 0.3025 -0.9085 0.2883
vn -0.5131 -0.6699 0.5366
vn -0.2746 0.9171 0.2890
vn 0.4243 -0.4500 -0.7858
vn 0.5121 0.1288 0.8492
vn 0.7366 -0.5293 0.4210
vn -0.1301 0.8668 0.4815
vn -0.1352 0.8640 0.4850
vn -0.1240 0.8690 0.4790
vn -0.8116 -0.1907 -0.5522
vn -0.7831 -0.1786 -0.5957
vn -0.8107 -0.1901 -0.5537
vn -0.5933 -0.7219 -0.3561
vn -0.6140 -0.7143 -0.3358
vn -0.5930 -0.7220 -0.3566
vn -0.5543 -0.7368 -0.3871
vn -0.5798 -0.7275 -0.3669
vn -0.5792 -0.7269 -0.3691
vn -0.8092 -0.3860 0.4429
vn -0.8010 -0.3717 0.4693
vn -0.8099 -0.3860 0.4417
vn -0.8320 -0.4149 0.3682
vn -0.8174 -0.3948 0.4195
vn -0.8180 -0.3970 0.4162
vn 0.6666 -0.4177 0.6174
vn 0.4437 0.1020 0.8904
vn -0.5494 -0.0373 0.8348
vn -0.9799 0.0219 -0.1984
vn -0.0082 0.9983 0.0585
vn 0.5515 -0.6642 0.5047
vn 0.1930 -0.8863 0.4210
vn -0.6731 0.0383 0.7386
vn -0.6257 -0.4879 0.6086
vn 0.8612 -0.4713 0.1903
vn 0.0754 -0.8095 -0.5822
vn 0.7861 0.4455 -0.4285
vn 0.3797 -0.9150 -0.1367
vn -0.0211 0.0693 -0.9974
vn 0.0060 -0.7319 -0.6814
vn -0.9074 -0.4194 -0.0254
vn 0.7704 0.0710 0.6336
vn 0.9959 -0.0065 0.0906
vn -0.4448 0.7776 -0.4444
vn -0.6278 0.6491 -0.4296
vn -0.4017 0.7839 -0.4734
vn -0.8258 -0.2564 -0.5023
vn -0.8495 -0.3250 -0.4155
vn -0.8269 -0.2577 -0.4998
vn 0.4070 -0.1046 0.9074
vn 0.4276 -0.0974 0.8987
vn 0.4167 -0.1096 0.9024
vn -0.7806 -0.1792 -0.5988
vn -0.7757 -0.1735 -0.6068
vn -0.6211 -0.0064 -0.7837
vn -0.4980 -0.7791 -0.3808
vn -0.5219 -0.7782 -0.3494
vn -0.4976 -0.7791 -0.3814
vn -0.5432 -0.7666 -0.3426
vn -0.5024 -0.7765 -0.3803
vn -0.5018 -0.7766 -0.3808
vn 0.0569 -0.9134 -0.4031
vn 0.0681 -0.9197 -0.3867
vn 0.0564 -0.9152 -0.3989
vn 0.1592 -0.6110 0.7754
vn 0.1658 -0.6147 0.7712
vn 0.1587 -0.6378 0.7537
vn 0.5042 0.8485 0.1606
vn 0.1169 0.9866 0.1142
vn -0.2654 0.8658 0.4243
vn -0.9413 0.2207 0.2556
vn -0.7535 0.0934 -0.6507
vn 0.1162 0.3620 0.9249
vn 0.0973 0.3420 0.9346
vn 0.1130 0.3541 0.9284
vn -0.6224 0.1359 -0.7708
vn 0.5096 -0.7682 0.3876
vn 0.5107 -0.8588 -0.0404
vn -0.1764 -0.4725 -0.8635
vn -0.1858 -0.4805 -0.8571
vn -0.1753 -0.4833 -0.8577
vn -0.8029 0.0128 -0.5959
vn -0.1258 -0.8518 -0.5085
vn -0.9827 0.0195 0.1842
vn -0.7731 -0.2634 -0.5770
vn -0.7801 -0.2813 -0.5589
vn -0.7760 -0.2657 -0.5721
vn -0.7653 -0.2522 -0.5922
vn -0.7687 -0.2530 -0.5875
vn -0.7582 -0.2358 -0.6079
vn 0.8570 -0.0365 0.5140
vn 0.8500 -0.0350 0.5256
vn 0.8543 -0.0381 0.5183
vn -0.7762 -0.6277 0.0597
vn -0.7333 -0.6424 0.2227
vn -0.7351 -0.6420 0.2179
vn -0.2457 -0.9694 0.0011
vn -0.6222 -0.3925 -0.6774
vn 0.4498 -0.8896 0.0790
vn -0.7623 0.5195 -0.3860
vn 0.1996 0.9777 -0.0654
vn 0.5293 0.7186 -0.4511
vn -0.3531 0.1644 -0.9210
vn 0.1298 0.9851 -0.1130
vn -0.0919 0.4821 -0.8713
vn -0.1157 0.5105 -0.8521
vn -0.1044 0.5040 -0.8574
vn 0.8517 -0.3956 0.3437
vn 0.2905 -0.6859 0.6672
vn 0.8582 0.3939 -0.3292
vn 0.4646 0.6484 -0.6031
vn -0.5871 -0.0384 -0.8086
vn -0.4719 0.6963 -0.5408
vn -0.3788 0.7805 -0.4973
vn 0.9469 -0.3120 -0.0772
vn -0.3851 0.7987 -0.4624
vn 0.7096 -0.4288 0.5592
vn -0.1791 -0.7822 -0.5967
vn 0.4451 -0.8946 -0.0394
vn 0.7889 0.0834 0.6089
vn 0.8079 0.0930 0.5820
vn 0.7867 0.0819 0.6119
vn -0.7349 -0.3273 -0.5939
vn -0.7410 -0.3427 -0.5774
vn -0.7342 -0.3261 -0.5954
vn -0.7326 -0.3217 -0.5999
vn -0.7322 -0.3207 -0.6008
vn -0.7328 -0.3150 -0.6032
vn 0.8911 -0.1947 -0.4099
vn 0.8636 -0.3095 -0.3979
vn 0.8642 -0.3015 -0.4029
vn -0.3076 -0.8376 -0.4515
vn -0.3240 -0.8370 -0.4410
vn -0.3223 -0.8372 -0.4419
vn 0.5455 0.2030 -0.8132
vn 0.5454 0.2490 -0.8003
vn 0.5241 0.2724 -0.8069
vn -0.6868 -0.7155 0.1281
vn 0.7064 0.6008 -0.3742
vn 0.7048 0.5989 -0.3802
vn 0.7079 0.5966 -0.3780
vn -0.5861 -0.6751 -0.4479
vn -0.2814 0.8331 -0.4761
vn -0.7653 0.3243 -0.5561
vn 0.9763 -0.1901 0.1037
vn -0.0791 0.4731 0.8774
vn 0.0299 0.8006 0.5984
vn 0.6234 0.7800 0.0541
vn -0.0028 -0.6621 -0.7494
vn 0.0248 -0.9961 0.0850
vn 0.4530 -0.5389 -0.7101
vn 0.4516 -0.5282 -0.7191
vn 0.4552 -0.5369 -0.7103
vn -0.3595 -0.2221 -0.9063
vn 0.9467 -0.2188 -0.2366
vn -0.3471 -0.9368 0.0438
vn -0.3523 -0.9345 0.0510
vn -0.3475 -0.9367 0.0426
vn -0.3153 -0.9490 -0.0070
vn -0.3384 -0.9405 0.0292
vn -0.3363 -0.9414 0.0257
vn -0.7132 -0.3459 -0.6097
vn -0.7060 -0.3151 -0.6343
vn -0.7152 -0.3459 -0.6073
vn -0.6305 0.0745 0.7726
vn -0.6288 0.0861 0.7728
vn -0.6240 0.0910 0.7761
vn -0.2791 -0.8180 -0.5030
vn -0.3013 -0.8260 -0.4764
vn -0.2814 -0.8177 -0.5021
vn -0.2561 -0.8103 -0.5271
vn -0.2687 -0.8145 -0.5142
vn -0.2687 -0.8139 -0.5151
vn -0.8673 -0.4125 0.2785
vn 0.6286 -0.7596 0.1669
vn 0.6397 -0.7388 0.2118
vn 0.2957 0.8733 -0.3871
vn -0.0679 0.9965 0.0478
vn -0.4663 -0.6200 0.6310
vn 0.5673 0.1189 -0.8149
vn 0.5575 0.1834 -0.8097
vn 0.5652 0.1654 -0.8082
vn -0.2741 -0.6910 0.6689
vn 0.3016 -0.4487 0.8412
vn -0.7816 0.5121 0.3562
vn -0.7717 -0.5791 0.2630
vn -0.4181 0.6872 0.5941
vn -0.9611 0.2709 -0.0546
vn -0.1007 0.3034 0.9475
vn 0.6300 -0.7330 0.2564
vn 0.5301 0.2430 0.8123
vn -0.2191 -0.9677 -0.1249
vn -0.2022 -0.9672 -0.1539
vn -0.1991 -0.9668 -0.1601
vn -0.2308 -0.9671 -0.1068
vn -0.2625 -0.9636 -0.0499
vn -0.8069 -0.2208 -0.5478
vn -0.8108 -0.1894 -0.5538
vn -0.8084 -0.2197 -0.5461
vn -0.1977 -0.7373 -0.6460
vn -0.1972 -0.7348 -0.6490
vn -0.1599 -0.9706 -0.1799
vn 0.6914 0.0044 -0.7225
vn 0.9360 0.0132 -0.3518
vn 0.4432 0.8701 -0.2157
vn 0.5043 0.3477 0.7904
vn 0.7889 0.3915 -0.4737
vn 0.8850 0.4483 -0.1260
vn 0.4766 -0.8148 0.3300
vn 0.4744 -0.8083 -0.3487
vn 0.3812 0.6407 -0.6665
vn -0.9017 0.4125 -0.1294
vn 0.7792 0.3943 -0.4872
vn -0.8421 0.4566 0.2870
vn -0.9871 0.1033 0.1224
vn 0.1764 0.9666 -0.1860
vn -0.7804 0.0615 0.6222
vn -0.3356 0.1759 0.9254
vn -0.7434 0.5627 0.3615
vn 0.2808 0.3688 -0.8861
vn -0.6517 0.5329 0.5397
vn 0.7214 0.5404 0.4331
vn 0.1455 0.8589 0.4911
vn 0.6959 -0.2930 0.6556
vn 0.5543 -0.0656 -0.8297
vn 0.5979 -0.1018 -0.7951
vn -0.8328 -0.0026 -0.5536
vn -0.1160 -0.9294 -0.3505
vn -0.1089 -0.9183 -0.3805
vn -0.1171 -0.9307 -0.3467
vn -0.7624 -0.2510 -0.5964
vn -0.7575 -0.2755 -0.5918
vn -0.7619 -0.2487 -0.5980
vn -0.7633 -0.2473 -0.5969
vn -0.7622 -0.2495 -0.5973
vn -0.7604 -0.2759 -0.5879
vn -0.2859 -0.5774 -0.7648
vn -0.3471 -0.9377 0.0130
vn -0.3434 -0.9388 0.0273
vn -0.3475 -0.9376 0.0117
vn 0.5243 -0.8269 -0.2033
vn 0.5390 -0.8099 -0.2314
vn 0.5047 -0.8200 -0.2699
vn -0.3444 -0.9388 0.0014
vn -0.3470 -0.9379 0.0053
vn -0.3478 -0.9376 0.0062
vn -0.2905 0.9566 0.0212
vn 0.4522 0.8871 -0.0926
vn -0.9545 0.2975 0.0223
vn -0.6812 0.3766 -0.6277
vn -0.0462 -0.9503 0.3078
vn -0.9783 -0.2067 0.0115
vn -0.5085 -0.7440 -0.4335
vn 0.8492 -0.4338 0.3011
vn 0.6442 -0.7582 -0.1004
vn 0.8417 0.4965 -0.2121
vn 0.0543 -0.4006 -0.9146
vn 0.1173 0.0530 -0.9917
vn 0.3753 0.8836 0.2801
vn 0.5106 -0.2447 -0.8243
vn 0.8785 0.2670 0.3961
vn -0.5168 -0.1146 0.8484
vn 0.1537 0.8036 0.5750
vn 0.3515 0.7659 0.5384
vn 0.3784 -0.0276 -0.9252
vn 0.5814 0.5414 -0.6073
vn 0.2779 0.0198 0.9604
vn -0.0430 -0.8694 -0.4922
vn -0.0456 -0.8753 -0.4814
vn -0.0412 -0.8691 -0.4929
vn 0.6207 0.1262 -0.7738
vn 0.6515 0.1335 -0.7468
vn 0.6181 0.1295 -0.7753
vn -0.0444 -0.8781 -0.4763
vn -0.0435 -0.8704 -0.4904
vn -0.0429 -0.8704 -0.4904
vn -0.1691 -0.4730 -0.8647
vn -0.3091 0.8355 -0.4542
vn -0.3547 0.8373 -0.4161
vn -0.4415 -0.2099 -0.8724
vn -0.8065 0.5027 0.3112
vn -0.5222 0.2509 0.8151
vn -0.2498 0.2838 0.9258
vn 0.6774 0.5779 0.4551
vn -0.6293 0.5728 0.5252
vn 0.9620 -0.0268 0.2718
vn -0.2462 0.4986 0.8312
vn -0.8640 0.4418 0.2414
vn 0.4938 0.6735 -0.5501
vn 0.6153 0.5795 0.5344
vn 0.6790 -0.5959 -0.4288
vn 0.9794 -0.2007 -0.0216
vn 0.4417 -0.8960 -0.0458
vn -0.6921 0.2943 0.6591
vn 0.5521 -0.5698 -0.6087
vn 0.3378 0.9286 0.1536
vn 0.0869 0.9956 0.0351
vn 0.2120 -0.4484 -0.8683
vn 0.6993 0.6861 0.2006
vn -0.7097 -0.6915 -0.1347
vn -0.4164 -0.7277 0.5450
vn -0.0836 0.0991 -0.9916
vn -0.8837 -0.0239 -0.4674
vn 0.1945 -0.3454 -0.9181
vn -0.7530 -0.4975 -0.4306
vn -0.7228 -0.2369 -0.6492
vn -0.7281 -0.2161 -0.6505
vn -0.7204 -0.2365 -0.6520
vn -0.7163 -0.2497 -0.6516
vn -0.7158 -0.2488 -0.6525
vn -0.7087 -0.2660 -0.6535
vn -0.0578 -0.3514 -0.9344
vn -0.0725 -0.7035 -0.7070
vn -0.0581 -0.3354 -0.9403
vn -0.2204 0.8641 -0.4525
vn -0.2092 0.8684 -0.4496
vn -0.2247 0.8670 -0.4448
vn -0.1544 -0.4427 -0.8833
vn -0.0777 -0.2848 -0.9554
vn -0.0785 -0.2864 -0.9549
vn -0.7308 0.4104 -0.5454
vn -0.7108 0.3134 0.6297
vn 0.2315 0.3475 0.9087
vn 0.8603 0.2447 0.4472
vn 0.8198 0.0089 -0.5725
vn -0.4039 0.9033 0.1446
vn -0.3668 0.9231 0.1152
vn -0.4058 0.9030 0.1413
vn -0.7729 0.3707 0.5150
vn -0.7716 0.3829 0.5079
vn -0.7813 0.3371 0.5254
vn 0.8115 -0.5557 0.1807
vn -0.2240 -0.9745 -0.0140
vn 0.9491 -0.3147 -0.0112
vn -0.7703 -0.4957 0.4011
vn 0.0688 0.9927 -0.0991
vn -0.9968 -0.0025 0.0797
vn 0.0999 0.9580 0.2687
vn 0.5504 -0.1189 0.8264
vn 0.9948 0.0524 0.0870
vn 0.7989 0.5368 -0.2714
vn -0.3349 0.2617 0.9052
vn -0.2540 -0.7124 0.6542
vn 0.6031 0.7976 -0.0083
vn 0.5733 -0.4442 -0.6884
vn 0.0884 -0.7910 -0.6054
vn 0.0859 -0.8016 -0.5917
vn 0.0846 -0.7917 -0.6050
vn 0.9226 -0.0739 0.3786
vn -0.0749 -0.9824 0.1711
vn 0.2944 -0.9297 -0.2214
vn 0.8664 0.1751 -0.4677
vn 0.8650 0.1761 -0.4698
vn 0.8634 0.1740 -0.4736
vn -0.0111 -0.9842 0.1766
vn -0.0123 -0.9851 0.1717
vn -0.0106 -0.9848 0.1735
vn 0.2886 -0.4440 0.8483
vn -0.8835 -0.3915 0.2572
vn -0.0978 -0.9107 0.4014
vn 0.9287 0.1317 0.3467
vn 0.8305 -0.5366 -0.1498
vn 0.4253 -0.1676 -0.8894
vn 0.6661 -0.5038 0.5500
vn -0.8661 -0.3165 -0.3869
vn -0.8914 -0.1789 0.4165
vn -0.6510 0.5416 -0.5319
vn -0.7821 -0.6084 -0.1346
vn 0.0413 0.8194 0.5718
vn 0.9001 -0.3737 0.2239
vn -0.7295 -0.6138 0.3017
vn -0.4246 -0.9053 -0.0100
vn 0.4334 0.8973 -0.0837
vn 0.6422 -0.0532 0.7647
vn 0.9303 0.3640 0.0441
vn -0.4384 -0.3451 -0.8299
vn 0.2679 -0.9621 -0.0503
vn -0.3304 -0.7477 -0.5760
vn 0.3831 0.7517 0.5368
vn -0.2677 0.5780 -0.7709
vn -0.7149 0.2897 -0.6364
vn -0.6188 0.6429 0.4515
vn 0.1129 -0.7782 -0.6178
vn 0.1124 -0.7773 -0.6190
vn 0.1132 -0.7772 -0.6190
vn -0.1132 -0.4720 0.8743
vn -0.1146 -0.4743 0.8729
vn -0.1144 -0.4696 0.8754
vn 0.1256 -0.7455 -0.6546
vn 0.1171 -0.7695 -0.6279
vn 0.1162 -0.7688 -0.6288
vn -0.8263 -0.4411 -0.3503
vn 0.0109 -0.2234 -0.9747
vn -0.0065 -0.2750 -0.9614
vn -0.0308 -0.9362 -0.3502
vn -0.0388 -0.9307 -0.3638
vn -0.0278 -0.9371 -0.3479
vn 0.8636 -0.0366 0.5029
vn 0.8594 -0.0375 0.5100
vn 0.8717 -0.3202 -0.3710
vn 0.8714 -0.3216 -0.3705
vn 0.8723 -0.3150 -0.3740
vn 0.6734 0.4569 0.5812
vn 0.8336 -0.4420 -0.3312
vn 0.9640 0.1691 -0.2054
vn 0.8873 0.4573 0.0592
vn 0.3098 -0.9490 -0.0580
vn -0.4822 0.8751 0.0418
vn -0.7742 0.5728 0.2693
vn -0.4470 -0.3416 0.8268
vn 0.3483 0.0441 -0.9364
vn 0.0133 0.9698 0.2434
vn 0.3758 0.8910 -0.2546
vn -0.0061 0.9973 -0.0726
vn -0.5325 0.0900 0.8416
vn -0.0400 0.4856 0.8733
vn -0.3894 -0.3060 -0.8687
vn 0.7104 0.6841 0.1653
vn 0.7097 0.7022 0.0567
vn -0.2170 0.7294 -0.6487
vn 0.5469 0.6641 0.5098
vn 0.3281 0.6099 -0.7213
vn 0.6059 -0.0927 0.7902
vn 0.4899 0.3242 -0.8092
vn -0.4062 0.0234 -0.9135
vn 0.3455 0.8607 -0.3740
vn 0.8591 -0.2608 0.4403
vn 0.8385 -0.2640 0.4766
vn 0.8729 -0.2828 0.3977
vn 0.0560 -0.2417 -0.9687
vn 0.0637 -0.2187 -0.9737
vn 0.7666 -0.5884 -0.2571
vn 0.6469 -0.6849 0.3354
vn -0.1333 -0.9871 -0.0890
vn -0.9421 -0.3180 0.1066
vn 0.1173 0.7413 0.6609
vn -0.3198 -0.9339 0.1596
vn -0.4616 0.1768 0.8693
vn -0.7787 -0.1468 -0.6100
vn -0.3779 0.8710 -0.3139
vn 0.1918 -0.8784 -0.4378
vn 0.6579 0.6753 0.3332
vn 0.6581 0.6761 0.3313
vn 0.6629 0.6741 0.3257
vn -0.3917 -0.2599 -0.8826
vn -0.4239 -0.3010 -0.8542
vn -0.3908 -0.2608 -0.8827
vn -0.8222 -0.3601 -0.4407
vn -0.8190 -0.3686 -0.4397
vn -0.8223 -0.3605 -0.4403
vn 0.1632 -0.1667 -0.9724
vn 0.1693 -0.1548 -0.9733
vn 0.1635 -0.1671 -0.9723
vn -0.0871 -0.3193 -0.9436
vn -0.0726 -0.3649 -0.9282
vn -0.0725 -0.3023 -0.9504
vn 0.1532 -0.8725 -0.4640
vn 0.1628 -0.8718 -0.4619
vn 0.1497 -0.8669 -0.4754
vn -0.8792 0.3400 0.3339
vn -0.0007 -0.4447 0.8957
vn -0.2429 0.3649 0.8988
vn 0.2949 -0.6662 -0.6850
vn -0.7730 -0.4468 -0.4504
vn 0.6209 -0.2838 -0.7307
vn -0.3007 -0.9491 0.0933
vn -0.7474 0.6631 -0.0416
vn 0.9264 0.2661 0.2663
vn 0.1666 -0.9807 -0.1023
vn -0.2517 0.6245 -0.7394
vn 0.6250 0.6528 0.4280
vn 0.2349 0.5677 -0.7890
vn -0.4450 -0.1647 -0.8802
vn -0.4578 -0.1499 -0.8763
vn -0.4456 -0.1642 -0.8801
vn -0.4427 -0.1675 -0.8809
vn -0.4428 -0.1666 -0.8810
vn -0.4435 -0.1610 -0.8817
vn 0.2338 -0.1032 -0.9668
vn 0.2372 -0.1098 -0.9652
vn 0.2336 -0.1047 -0.9667
vn 0.2289 -0.1112 -0.9671
vn 0.2325 -0.1030 -0.9671
vn 0.5703 0.4203 -0.7057
vn 0.5615 0.4279 -0.7083
vn 0.5606 0.4205 -0.7134
vn 0.1367 -0.8830 -0.4491
vn 0.8233 -0.1568 -0.5455
vn -0.4015 -0.4809 -0.7795
vn -0.2439 0.1056 -0.9640
vn 0.1634 0.7461 0.6455
vn 0.5744 -0.7847 -0.2330
vn -0.3109 0.8971 0.3141
vn 0.8775 0.3532 0.3245
vn 0.4957 0.8660 0.0660
vn -0.4077 0.4581 0.7899
vn 0.6390 0.7340 -0.2302
vn 0.3774 0.2605 -0.8887
vn 0.6038 -0.1610 -0.7807
vn 0.9509 0.2556 -0.1749
vn 0.9214 0.2322 -0.3117
vn 0.1297 0.3458 0.9293
vn -0.6438 -0.7636 0.0502
vn -0.7203 -0.1053 -0.6856
vn -0.2564 -0.7761 -0.5761
vn 0.1952 0.5218 -0.8304
vn 0.7118 0.1461 0.6870
vn -0.4343 0.5083 -0.7436
vn -0.4311 0.5104 -0.7441
vn -0.4444 0.4975 -0.7450
vn -0.1864 -0.5312 -0.8265
vn 0.9625 -0.0621 -0.2640
vn -0.7382 0.6602 -0.1384
vn -0.7416 0.6589 -0.1263
vn -0.7468 0.6533 -0.1244
vn 0.6910 0.2702 -0.6705
vn 0.5977 0.6772 0.4292
vn 0.9471 0.0596 0.3153
vn 0.4156 0.1560 -0.8961
vn -0.9705 0.0375 -0.2383
vn 0.9836 -0.0486 0.1739
vn 0.9963 -0.0082 -0.0854
vn -0.4411 -0.0842 0.8935
vn -0.4525 -0.0363 0.8910
vn -0.4300 -0.0275 0.9024
vn 0.2148 -0.6457 -0.7328
vn 0.5291 0.7376 -0.4195
vn 0.8047 -0.3654 -0.4679
vn -0.2832 0.0185 0.9589
vn -0.0516 0.8603 0.5072
vn -0.9331 -0.2754 0.2312
vn 0.1071 0.3594 -0.9270
vn 0.4778 0.5191 0.7087
vn -0.0688 0.2661 -0.9615
vn 0.9821 0.1377 -0.1288
vn -0.4988 -0.8359 0.2292
vn -0.3206 -0.0951 -0.9424
vn -0.3187 -0.1032 -0.9422
vn -0.3177 -0.1077 -0.9421
vn 0.3105 0.0060 -0.9505
vn 0.3116 0.0018 -0.9502
vn 0.3107 0.0065 -0.9505
vn 0.3077 0.1109 -0.9450
vn 0.3109 0.0327 -0.9499
vn 0.3098 0.0352 -0.9502
vn 0.3070 -0.7755 -0.5516
vn 0.3025 -0.7598 -0.5755
vn 0.3079 -0.7753 -0.5515
vn 0.3197 -0.8007 -0.5066
vn 0.3121 -0.7862 -0.5334
vn 0.3136 -0.7854 -0.5336
vn -0.3193 0.1004 0.9423
vn 0.9644 -0.1965 -0.1768
vn 0.2958 0.0181 0.9551
vn 0.4437 0.8235 0.3535
vn -0.7827 -0.2864 -0.5526
vn -0.2401 0.9255 0.2930
vn -0.2103 -0.4167 0.8844
vn -0.5734 0.5965 0.5616
vn 0.9804 0.1557 -0.1207
vn 0.5365 -0.8150 -0.2191
vn 0.6766 -0.5723 -0.4634
vn 0.2716 -0.8864 -0.3748
vn -0.9778 0.0917 -0.1884
vn -0.3259 0.0575 -0.9436
vn -0.8659 0.0790 -0.4938
vn -0.4399 -0.7846 0.4370
vn -0.4865 -0.8657 0.1176
vn -0.5205 0.0836 -0.8497
vn 0.0308 -0.5605 -0.8276
vn -0.6152 0.2717 -0.7401
vn 0.5810 0.8138 0.0131
vn -0.0977 -0.6747 -0.7316
vn 0.5244 -0.4192 -0.7411
vn 0.5247 -0.4042 -0.7492
vn 0.5918 -0.2806 -0.7557
vn -0.3420 -0.1027 -0.9341
vn -0.3415 -0.1055 -0.9340
vn -0.3448 -0.1055 -0.9327
vn 0.3163 0.1263 -0.9402
vn 0.3160 0.1090 -0.9425
vn 0.3165 0.1277 -0.9399
vn 0.3176 0.1524 -0.9359
vn 0.3165 0.1371 -0.9386
vn 0.3158 0.1373 -0.9388
vn 0.8429 0.3187 -0.4335
vn 0.8431 0.3172 -0.4343
vn 0.8428 0.3171 -0.4349
vn 0.1501 0.3272 -0.9330
vn -0.8415 -0.2031 -0.5006
vn -0.4938 0.4339 -0.7536
vn 0.6669 0.1983 0.7183
vn -0.6416 -0.3284 0.6932
vn -0.8113 0.1872 0.5538
vn 0.1316 -0.9146 -0.3823
vn -0.8971 -0.2624 -0.3554
vn 0.1288 -0.4793 -0.8681
vn -0.4419 -0.4713 0.7633
vn 0.3876 -0.9034 -0.1835
vn -0.8028 0.3400 0.4898
vn 0.6015 0.4867 -0.6335
vn 0.1714 0.3836 0.9075
vn 0.6985 0.5995 -0.3907
vn 0.6205 -0.1054 -0.7771
vn 0.6046 -0.0617 -0.7941
vn 0.6214 -0.0895 -0.7784
vn 0.6255 -0.1188 -0.7711
vn 0.6304 -0.1364 -0.7642
vn 0.6247 -0.1338 -0.7693
vn -0.4302 -0.1778 -0.8850
vn -0.4009 -0.1833 -0.8976
vn -0.3869 -0.1732 -0.9057
vn -0.3997 -0.1695 -0.9008
vn -0.1005 -0.5316 0.8410
vn 0.7538 -0.5714 -0.3243
vn 0.5537 -0.2653 0.7893
vn -0.4654 -0.2750 -0.8413
vn -0.8214 -0.4979 0.2782
vn -0.5009 0.3303 -0.8000
vn 0.4839 -0.0880 -0.8707
vn 0.3956 0.5550 -0.7317
vn -0.8046 0.1146 0.5826
vn 0.6212 0.2697 0.7358
vn -0.2548 -0.9246 0.2833
vn -0.9563 0.0141 -0.2920
vn -0.9391 -0.1981 -0.2809
vn -0.1481 0.7681 -0.6230
vn -0.1825 0.8039 -0.5661
vn -0.1963 0.8069 -0.5571
vn -0.4724 -0.7795 -0.4113
vn -0.0155 -0.7771 -0.6291
vn -0.3785 0.8548 0.3550
vn 0.0871 -0.1482 0.9851
vn -0.4741 -0.3410 0.8117
vn 0.1448 0.6794 -0.7193
vn 0.6206 0.1148 -0.7757
vn 0.1601 -0.9606 -0.2272
vn 0.5373 0.2304 -0.8113
vn 0.5560 0.2053 -0.8054
vn -0.3897 -0.1171 -0.9135
vn -0.3904 -0.1166 -0.9132
vn -0.3554 -0.1214 -0.9268
vn 0.0726 0.3315 -0.9406
vn 0.1037 0.2810 -0.9541
vn 0.0732 0.3298 -0.9412
vn 0.0336 0.3946 -0.9182
vn 0.0543 0.3601 -0.9313
vn 0.0542 0.3602 -0.9313
vn 0.5897 -0.2749 -0.7594
vn 0.5855 -0.2726 -0.7635
vn 0.5900 -0.2746 -0.7593
vn 0.5941 -0.2787 -0.7546
vn 0.5917 -0.2772 -0.7570
vn 0.5928 -0.2756 -0.7567
vn -0.8164 -0.1934 -0.5441
vn -0.8189 -0.1927 -0.5406
vn -0.8177 -0.1928 -0.5424
vn 0.0794 0.0804 0.9936
vn 0.4884 0.8601 -0.1473
vn 0.2222 -0.3288 0.9179
vn -0.2458 0.0636 -0.9672
vn -0.5119 -0.7191 -0.4700
vn -0.8054 -0.1642 -0.5696
vn 0.8599 -0.2870 0.4222
vn 0.2314 0.5557 0.7985
vn 0.7320 0.5351 -0.4217
vn 0.4567 -0.2203 -0.8619
vn -0.2035 0.9604 -0.1901
vn -0.8025 -0.3659 0.4713
vn -0.5814 -0.8131 -0.0285
vn 0.9481 -0.3161 0.0343
vn 0.4972 0.8138 0.3008
vn 0.8592 -0.2541 -0.4441
vn 0.8254 0.4148 0.3830
vn 0.4596 0.6876 0.5622
vn 0.7612 -0.0683 0.6449
vn -0.0737 0.8101 -0.5817
vn -0.5430 0.2458 0.8030
vn -0.2648 0.9641 -0.0189
vn -0.2177 0.6245 -0.7501
vn -0.3449 0.8151 -0.4654
vn 0.7323 0.3297 0.5958
vn 0.2253 0.5150 0.8270
vn -0.1825 0.8194 -0.5433
vn -0.2029 0.8201 -0.5350
vn -0.3910 -0.1347 -0.9105
vn -0.3584 -0.1285 -0.9247
vn -0.3912 -0.1342 -0.9105
vn 0.9571 0.2814 -0.0695
vn 0.0638 -0.9040 0.4228
vn -0.4030 -0.1371 -0.9049
vn -0.4035 -0.1376 -0.9046
vn -0.4079 -0.1402 -0.9022
vn -0.0454 0.4514 -0.8912
vn -0.0166 0.4151 -0.9096
vn -0.0453 0.4535 -0.8901
vn -0.0713 0.4871 -0.8704
vn -0.0576 0.4677 -0.8820
vn -0.0572 0.4694 -0.8811
vn 0.3229 -0.9464 0.0016
vn 0.5622 -0.8003 -0.2083
vn -0.7643 0.0367 0.6438
vn -0.7514 -0.6383 -0.1673
vn 0.0416 0.0060 -0.9991
vn -0.5271 -0.4364 0.7292
vn -0.0932 -0.2089 0.9735
vn 0.6010 0.4486 0.6614
vn 0.0639 -0.4220 0.9043
vn -0.6595 -0.6129 -0.4352
vn 0.0867 0.2654 -0.9602
vn -0.8783 -0.3579 0.3169
vn -0.4202 0.4243 -0.8021
vn -0.4689 -0.0877 0.8789
vn 0.8777 0.3230 0.3540
vn 0.8369 -0.2061 0.5070
vn 0.4242 0.0324 -0.9050
vn -0.1558 -0.7093 -0.6875
vn 0.5530 -0.1760 0.8144
vn -0.6638 -0.5992 -0.4477
vn -0.4218 -0.8783 -0.2252
vn -0.7190 0.4519 0.5280
vn -0.5621 -0.8237 -0.0742
vn -0.2231 -0.6741 -0.7041
vn 0.2348 -0.9534 -0.1895
vn -0.3052 0.5538 -0.7747
vn 0.1521 0.6959 0.7018
vn 0.3073 0.9370 -0.1658
vn 0.1835 -0.7034 0.6867
vn 0.3824 -0.6928 -0.6114
vn 0.7776 -0.6170 -0.1211
vn -0.0091 -0.7634 -0.6459
vn 0.9897 0.1325 0.0542
vn 0.9897 0.1345 0.0490
vn 0.9907 0.1281 0.0452
vn 0.7257 -0.3344 0.6013
vn 0.5217 -0.7523 0.4024
vn 0.1107 -0.7966 -0.5943
vn -0.1486 0.5351 -0.8316
vn -0.1248 0.5246 -0.8421
vn -0.8141 -0.5310 0.2352
vn 0.5919 -0.0039 -0.8060
vn 0.5815 0.0037 -0.8135
vn 0.5918 -0.0023 -0.8061
vn 0.6212 -0.0159 -0.7835
vn 0.6009 -0.0085 -0.7993
vn 0.6026 -0.0060 -0.7980
vn 0.6343 0.7698 0.0714
vn -0.5701 0.6432 -0.5112
vn 0.7643 -0.1613 0.6243
vn 0.6330 0.7396 0.2287
vn 0.6474 0.7366 0.1956
vn 0.6323 0.7397 0.2302
vn 0.4791 0.7812 0.4003
vn 0.0533 0.5944 0.8024
vn -0.0855 0.4309 0.8984
vn 0.3684 0.3376 0.8662
vn 0.6664 -0.6184 0.4165
vn 0.7408 -0.5066 -0.4411
vn -0.8735 -0.4732 0.1147
vn 0.3474 -0.5382 -0.7679
vn -0.2449 -0.6393 0.7289
vn -0.9303 0.0611 -0.3616
vn 0.3377 0.5957 0.7288
vn -0.1204 0.5640 0.8170
vn -0.0105 -0.9739 -0.2269
vn 0.7844 -0.6078 0.1241
vn -0.3960 0.1931 0.8977
vn -0.5244 0.7371 -0.4262
vn -0.9558 0.2192 0.1959
vn 0.5359 0.4462 0.7167
vn -0.6678 0.1031 0.7372
vn 0.5678 0.6964 0.4389
vn -0.5177 -0.7297 0.4467
vn 0.3387 0.8405 -0.4229
vn 0.1148 -0.3725 -0.9209
vn 0.0036 -0.2802 -0.9599
vn -0.1849 -0.9658 -0.1818
vn -0.1926 -0.9638 -0.1841
vn -0.1851 -0.9660 -0.1803
vn 0.0090 0.9422 -0.3349
vn -0.4866 0.5337 0.6917
vn -0.4570 0.4965 0.7380
vn 0.1429 -0.9895 0.0235
vn -0.6013 -0.1435 0.7860
vn 0.0355 -0.8721 -0.4881
vn -0.3382 0.9126 0.2296
vn -0.3104 0.9280 0.2061
vn -0.1872 0.6650 -0.7230
vn 0.6719 -0.6326 -0.3852
vn 0.6717 -0.6267 -0.3950
vn 0.6699 -0.6349 -0.3848
vn 0.0368 -0.0328 -0.9988
vn -0.6377 -0.7140 0.2890
vn -0.7503 -0.5749 -0.3265
vn 0.9825 -0.1645 -0.0879
vn 0.8271 -0.0618 0.5587
vn 0.2056 -0.9184 0.3380
vn -0.0836 0.6225 0.7782
vn 0.9485 -0.1551 -0.2761
vn 0.8508 0.4346 -0.2955
vn -0.0494 0.7232 0.6889
vn 0.5891 -0.2065 -0.7812
vn -0.6643 -0.7331 -0.1456
vn -0.9854 -0.0960 -0.1404
vn 0.4492 -0.7468 -0.4904
vn -0.2908 0.5335 0.7942
vn -0.0193 0.9115 -0.4108
vn 0.0307 0.0500 -0.9983
vn -0.6472 0.5222 -0.5554
vn -0.6110 -0.5842 -0.5342
vn 0.5483 -0.1447 -0.8237
vn 0.7211 -0.5791 -0.3802
vn 0.3057 0.6297 0.7142
vn -0.9419 -0.1465 -0.3022
vn -0.7350 0.2492 0.6306
vn -0.4942 0.0586 -0.8674
vn -0.4049 0.0386 -0.9135
vn -0.3751 0.0542 -0.9254
vn 0.5383 -0.8301 0.1453
vn 0.5294 -0.8346 0.1520
vn 0.5390 -0.8301 0.1426
vn -0.1961 0.7328 -0.6516
vn -0.1980 0.7348 -0.6488
vn -0.1982 0.7327 -0.6510
vn -0.9180 0.0529 0.3930
vn -0.9133 0.0382 0.4055
vn -0.9140 0.0454 0.4033
vn -0.7187 -0.5684 0.4004
vn 0.4531 0.4637 0.7613
vn 0.0961 -0.8794 0.4663
vn 0.8199 -0.5455 -0.1739
vn 0.6729 0.1623 0.7217
vn 0.6019 -0.6963 0.3910
vn 0.8908 -0.1627 0.4243
vn 0.1299 0.9891 0.0698
vn 0.7497 0.0009 0.6618
vn 0.2739 0.5389 0.7966
vn 0.9261 0.3630 -0.1025
vn 0.7599 0.5728 -0.3074
vn 0.3846 0.4506 -0.8056
vn 0.9015 -0.3326 0.2769
vn 0.9349 -0.2865 0.2095
vn 0.8971 -0.3379 0.2846
vn -0.4873 0.1571 -0.8590
vn -0.8119 0.5526 0.1882
vn -0.2898 0.9494 0.1211
vn 0.9985 -0.0385 0.0400
vn -0.0072 -0.3664 0.9304
vn -0.5050 -0.4216 0.7532
vn 0.2209 -0.3420 -0.9134
vn -0.5654 0.7504 -0.3424
vn -0.9062 0.4152 -0.0804
vn 0.1093 -0.9207 -0.3746
vn 0.3714 0.6620 -0.6510
vn 0.4035 0.6380 -0.6559
vn 0.3722 0.6602 -0.6524
vn -0.4207 0.2198 -0.8802
vn -0.4209 0.2191 -0.8803
vn -0.4217 0.2200 -0.8796
vn -0.2082 0.7931 -0.5724
vn -0.2142 0.7959 -0.5663
vn -0.2171 0.7932 -0.5690
vn 0.5520 0.3367 -0.7629
vn 0.5674 0.3312 -0.7539
vn 0.5667 0.3293 -0.7553
vn -0.0144 -0.9859 0.1666
vn -0.0124 -0.9852 0.1711
vn -0.3131 -0.3366 -0.8881
vn -0.0607 -0.9726 0.2244
vn -0.8212 0.2941 -0.4890
vn 0.4473 0.6563 -0.6077
vn 0.5240 -0.3029 -0.7960
vn -0.8450 -0.5337 -0.0331
vn 0.0875 0.9707 -0.2238
vn -0.0024 -0.6551 0.7556
vn -0.5188 -0.5066 0.6887
vn 0.2356 -0.2452 0.9404
vn -0.3584 -0.3762 0.8544
vn -0.7396 0.6727 -0.0226
vn -0.8422 0.5299 -0.0995
vn 0.0225 -0.3765 0.9262
vn -0.3125 0.5319 0.7870
vn -0.6801 -0.2253 -0.6976
vn -0.6772 -0.2431 -0.6945
vn -0.6816 -0.2241 -0.6966
vn -0.4398 0.3004 -0.8464
vn -0.4710 0.2885 -0.8336
vn -0.4345 0.3048 -0.8475
vn -0.8763 -0.1046 0.4702
vn -0.8454 -0.1384 0.5159
vn -0.8782 -0.1022 0.4673
vn -0.8517 0.0118 -0.5240
vn -0.8360 0.0223 -0.5483
vn -0.8421 0.0132 -0.5391
vn -0.1516 -0.7313 -0.6650
vn 0.8597 -0.3688 0.3535
vn 0.2487 -0.9674 0.0471
vn 0.9472 -0.1511 -0.2827
vn 0.5482 0.4935 0.6753
vn 0.7837 -0.3004 0.5436
vn -0.1553 0.0737 -0.9851
vn 0.1092 -0.2214 -0.9691
vn -0.7026 -0.3308 0.6300
vn -0.8326 0.4838 0.2696
vn -0.0968 0.9093 -0.4047
vn -0.5650 -0.3070 0.7658
vn 0.2251 -0.8735 -0.4316
vn 0.3871 -0.9048 -0.1773
vn 0.5483 -0.4598 -0.6985
vn 0.6889 0.3251 -0.6479
vn -0.8210 0.5629 -0.0957
vn -0.1586 -0.1072 0.9815
vn -0.3683 0.8472 -0.3828
vn 0.0590 0.4637 0.8840
vn -0.1153 -0.6340 -0.7647
vn -0.2096 -0.0785 -0.9746
vn -0.8572 0.5071 0.0898
vn 0.5474 -0.0913 0.8319
vn -0.8610 0.1887 0.4723
vn -0.8635 0.2441 0.4413
vn -0.1172 -0.9683 0.2206
vn -0.1179 -0.9653 0.2330
vn -0.1181 -0.9687 0.2183
vn 0.5480 0.4781 -0.6864
vn 0.5650 0.4732 -0.6759
vn 0.5681 0.4707 -0.6751
vn 0.1756 -0.0725 0.9818
vn 0.4295 -0.5959 0.6786
vn -0.2662 -0.9271 -0.2639
vn 0.0689 -0.6946 0.7160
vn 0.9467 0.2683 0.1783
vn 0.8431 -0.0968 0.5289
vn 0.2725 -0.0600 -0.9603
vn -0.7563 -0.5987 -0.2638
vn -0.3335 0.2156 -0.9178
vn 0.4691 0.5032 -0.7257
vn 0.7860 0.6089 -0.1071
vn 0.8841 -0.4651 0.0455
vn 0.3104 -0.9502 -0.0258
vn 0.6349 -0.4440 0.6323
vn -0.1779 -0.9679 -0.1778
vn 0.3850 -0.0250 0.9226
vn 0.2439 -0.7788 -0.5779
vn -0.0511 -0.0708 0.9962
vn -0.7082 0.6349 0.3089
vn -0.7630 0.4770 -0.4361
vn -0.7662 0.4687 -0.4396
vn -0.7563 0.4763 -0.4485
vn -0.4262 0.5156 -0.7433
vn -0.4216 0.5177 -0.7445
vn -0.2061 0.9161 -0.3440
vn -0.1981 0.9158 -0.3495
vn -0.2063 0.9161 -0.3439
vn 0.2734 -0.6979 -0.6620
vn 0.2744 -0.6916 -0.6681
vn 0.2752 -0.6955 -0.6637
vn 0.9438 0.1907 -0.2698
vn 0.3525 0.4071 -0.8426
vn 0.5865 0.7763 -0.2310
vn 0.2749 -0.6833 -0.6764
vn 0.2756 -0.6904 -0.6688
vn -0.6156 -0.5574 0.5571
vn 0.7901 0.3862 0.4760
vn 0.8595 0.4599 0.2232
vn 0.0780 0.0383 -0.9962
vn 0.4492 -0.0803 0.8898
vn 0.3734 -0.6815 0.6294
vn 0.1473 -0.7955 -0.5877
vn 0.8860 0.4176 -0.2013
vn 0.2256 0.9338 0.2779
vn 0.9307 -0.1011 0.3515
vn -0.4773 -0.8549 0.2031
vn -0.7750 0.0403 0.6306
vn -0.9889 0.1484 -0.0009
vn -0.1808 -0.1202 -0.9761
vn -0.2459 0.6241 -0.7416
vn 0.5125 -0.1649 -0.8427
vn -0.2798 0.3605 0.8898
vn -0.1180 -0.3220 0.9394
vn -0.7209 0.6687 0.1822
vn 0.4929 -0.8532 -0.1707
vn 0.7381 -0.5513 0.3890
vn -0.7015 -0.7114 0.0420
vn 0.8109 -0.4269 -0.4003
vn 0.8107 -0.4288 -0.3987
vn 0.8109 -0.4264 -0.4007
vn 0.5869 0.4045 -0.7014
vn 0.5943 0.3938 -0.7012
vn 0.5860 0.4059 -0.7013
vn 0.5954 0.3969 -0.6986
vn 0.5869 0.4052 -0.7009
vn 0.5857 0.4058 -0.7016
vn -0.6575 -0.6037 -0.4507
vn -0.0766 -0.7946 0.6023
vn 0.2149 -0.9064 0.3638
vn 0.9783 0.0059 0.2071
vn 0.8575 0.2908 0.4244
vn 0.2457 0.7618 0.5994
vn 0.0384 0.0232 0.9990
vn -0.5357 -0.2911 0.7927
vn 0.2071 -0.9135 -0.3503
vn 0.1059 -0.9309 -0.3497
vn -0.2093 0.1504 0.9662
vn 0.4465 -0.6749 -0.5875
vn 0.2764 0.0914 -0.9567
vn -0.5193 0.3487 -0.7802
vn 0.5582 0.7229 -0.4071
vn 0.5742 0.7007 -0.4235
vn 0.5596 0.7215 -0.4078
vn 0.5577 0.7240 -0.4060
vn 0.5549 0.7271 -0.4041
vn 0.5548 0.7279 -0.4028
vn -0.1993 0.8815 -0.4281
vn 0.8310 -0.3583 -0.4255
vn 0.7896 -0.3040 -0.5330
vn 0.8237 -0.3154 -0.4713
vn 0.5965 0.3852 -0.7042
vn 0.5937 0.3921 -0.7027
vn 0.5938 0.3910 -0.7032
vn -0.4596 0.4277 -0.7784
vn 0.1333 -0.9869 0.0913
vn -0.9162 -0.1332 -0.3778
vn -0.5628 -0.7234 0.3999
vn 0.8104 0.4890 0.3228
vn 0.6532 -0.5921 -0.4720
vn 0.6521 -0.5927 -0.4727
vn 0.6541 -0.5924 -0.4704
vn -0.1364 0.1361 -0.9813
vn -0.8907 -0.2295 0.3924
vn 0.0798 -0.0098 -0.9968
vn -0.7400 -0.3468 0.5763
vn -0.5923 0.7185 0.3646
vn -0.8042 -0.2307 -0.5478
vn -0.8039 -0.2313 -0.5480
vn 0.6130 0.6924 -0.3806
vn 0.6241 0.6737 -0.3957
vn 0.6249 0.6606 -0.4160
vn 0.5603 0.7886 0.2532
vn -0.5993 0.6239 -0.5017
vn 0.2080 0.8332 0.5123
vn 0.5359 0.6736 -0.5090
vn 0.9723 0.1041 0.2095
vn 0.8639 0.0347 0.5025
vn 0.3855 -0.7950 -0.4684
vn 0.1363 0.6306 0.7641
vn -0.1293 -0.9087 0.3970
vn -0.5961 -0.4531 0.6628
vn -0.2432 0.7223 -0.6473
vn -0.1232 0.7850 0.6071
vn 0.3376 -0.7193 -0.6072
vn -0.6674 0.5106 -0.5421
vn 0.7066 0.5972 -0.3795
vn 0.5115 -0.5992 -0.6159
vn 0.4626 -0.5878 -0.6637
vn 0.5016 -0.5926 -0.6303
vn 0.0161 0.7332 0.6798
vn -0.1306 -0.0386 0.9907
vn 0.3196 0.4053 0.8565
vn 0.7012 0.6002 -0.3848
vn 0.7023 0.6046 -0.3757
vn 0.6957 0.6126 -0.3753
vn -0.0700 0.9616 -0.2652
vn -0.0498 0.9605 -0.2738
vn -0.0717 0.9628 -0.2607
vn -0.5128 -0.8477 -0.1358
vn -0.6601 -0.1741 -0.7308
vn 0.5762 0.3567 -0.7354
vn 0.5851 0.3384 -0.7370
vn 0.5763 0.3572 -0.7350
vn -0.5831 -0.0819 0.8082
vn -0.6050 -0.0922 0.7908
vn -0.5927 -0.0913 0.8002
vn 0.5951 0.2711 -0.7566
vn 0.5789 0.3412 -0.7406
vn 0.5786 0.3417 -0.7406
vn -0.3790 0.8853 0.2696
vn -0.3921 0.7523 -0.5295
vn 0.4144 0.9017 0.1233
vn 0.5877 -0.5249 0.6157
vn -0.6081 -0.6906 -0.3915
vn -0.7659 -0.5539 0.3264
vn -0.9165 -0.2260 -0.3301
vn -0.2022 -0.9720 0.1199
vn -0.7546 -0.4796 0.4479
vn 0.8212 0.3473 0.4529
vn -0.5771 -0.7494 -0.3246
vn -0.7776 -0.1496 0.6107
vn 0.5304 0.3502 -0.7720
vn 0.1787 -0.3391 -0.9236
vn 0.6200 -0.4092 -0.6695
vn -0.0054 -0.9167 0.3996
vn -0.0769 -0.9240 -0.3745
vn 0.2435 -0.9441 0.2224
vn 0.4426 -0.0580 -0.8948
vn 0.7439 0.3110 -0.5916
vn -0.0254 0.5148 -0.8569
vn 0.1816 0.8761 0.4467
vn -0.1481 0.8045 0.5752
vn -0.9646 -0.2246 -0.1385
vn -0.8887 -0.3785 0.2587
vn 0.1931 0.7380 0.6465
vn 0.2622 0.7078 -0.6559
vn 0.1648 0.9476 -0.2737
vn 0.7368 0.5321 -0.4171
vn 0.7353 0.5210 -0.4334
vn 0.7368 0.5318 -0.4176
vn 0.7391 0.5407 -0.4018
vn 0.7370 0.5373 -0.4101
vn 0.7375 0.5374 -0.4090
vn 0.7632 -0.3164 0.5634
vn 0.7662 -0.3115 0.5620
vn 0.7640 -0.3220 0.5592
vn -0.2697 -0.8365 0.4770
vn -0.2631 -0.8434 0.4684
vn -0.2649 -0.8394 0.4747
vn 0.2101 -0.9008 0.3801
vn 0.9959 -0.0660 -0.0625
vn 0.8725 0.2818 0.3991
vn -0.3273 -0.3638 0.8721
vn -0.2427 -0.4082 -0.8801
vn -0.0850 -0.6077 -0.7896
vn -0.2507 0.6557 0.7121
vn -0.0923 0.9586 0.2695
vn 0.0950 0.9895 -0.1089
vn 0.1005 0.9884 -0.1138
vn 0.0948 0.9892 -0.1118
vn 0.5346 -0.8411 -0.0821
vn 0.5073 -0.8357 -0.2101
vn -0.7044 0.6494 0.2863
vn -0.3703 0.8822 -0.2909
vn 0.8422 0.5387 0.0237
vn 0.4655 -0.3770 0.8007
vn 0.4673 -0.3663 0.8047
vn 0.4658 -0.3680 0.8047
vn -0.8651 0.4729 -0.1674
vn -0.6108 -0.6440 0.4607
vn 0.6915 0.3253 -0.6450
vn 0.6863 0.3602 -0.6318
vn 0.6868 0.3597 -0.6316
vn -0.7253 -0.6852 0.0663
vn 0.7223 0.2425 0.6477
vn -0.1468 -0.9823 -0.1164
vn 0.0850 0.9961 0.0224
vn -0.4130 0.6808 -0.6049
vn -0.7184 0.6954 0.0182
vn -0.9710 -0.1634 0.1745
vn -0.3679 0.3355 -0.8672
vn -0.8345 -0.4318 0.3424
vn -0.6813 0.5615 0.4697
vn -0.8905 -0.0948 -0.4450
vn 0.8032 0.3271 -0.4978
vn 0.6946 0.7193 -0.0095
vn 0.8352 0.0263 0.5492
vn -0.3558 -0.7747 -0.5228
vn 0.0678 0.4390 -0.8959
vn 0.2334 -0.2158 -0.9481
vn 0.8492 0.4603 -0.2588
vn 0.8495 0.4590 -0.2602
vn 0.8498 0.4604 -0.2565
vn 0.5175 -0.2056 0.8306
vn 0.2485 0.6193 0.7448
vn -0.2612 0.1278 0.9568
vn -0.4932 0.8472 -0.1973
vn -0.7985 0.2495 -0.5478
vn -0.8881 -0.0964 0.4494
vn 0.0681 -0.7797 0.6225
vn -0.7113 -0.4776 0.5157
vn 0.9281 0.0985 0.3592
vn 0.9014 0.4019 -0.1608
vn 0.9003 0.4106 -0.1446
vn 0.1749 0.9841 -0.0292
vn 0.1959 0.9795 -0.0464
vn 0.1738 0.9843 -0.0297
vn 0.6785 0.6687 0.3040
vn 0.6633 0.6734 0.3266
vn -0.8714 -0.0836 0.4834
vn -0.1854 0.8960 -0.4034
vn -0.8754 -0.1738 -0.4512
vn 0.7780 -0.6213 0.0927
vn 0.3144 0.5293 -0.7880
vn -0.8961 0.3323 0.2943
vn -0.3551 0.3798 0.8542
vn -0.8830 0.0019 -0.4694
vn -0.5740 0.3734 0.7288
vn 0.5088 -0.7802 0.3637
vn -0.3758 -0.4264 0.8228
vn -0.6363 -0.6811 0.3622
vn -0.9267 -0.3742 -0.0345
vn -0.3030 -0.3413 -0.8898
vn 0.0874 0.7255 -0.6827
vn 0.5926 0.5336 -0.6034
vn -0.0382 0.8599 0.5090
vn -0.0359 0.8476 0.5295
vn -0.0518 0.8461 0.5304
vn 0.0644 -0.9554 0.2881
vn -0.5530 -0.3427 0.7594
vn -0.0507 0.9595 0.2771
vn 0.4895 0.5733 0.6570
vn -0.1281 -0.1390 0.9820
vn -0.5973 0.0126 0.8019
vn -0.6014 0.0087 0.7989
vn -0.6029 0.0137 0.7977
vn -0.0873 -0.6180 -0.7813
vn -0.3996 0.8155 -0.4186
vn 0.7583 0.6462 0.0865
vn -0.6297 -0.1413 -0.7639
vn 0.2298 0.9722 0.0448
vn 0.2440 0.9688 0.0438
vn 0.2298 0.9721 0.0464
vn 0.4782 -0.8179 -0.3199
vn 0.4599 -0.8326 -0.3086
vn 0.4627 -0.8298 -0.3120
vn 0.8197 0.3490 -0.4541
vn 0.8162 0.3454 -0.4631
vn 0.8195 0.3344 -0.4654
vn -0.3568 0.8892 -0.2862
vn 0.9836 0.0035 0.1801
vn 0.2332 -0.0667 0.9701
vn 0.7516 -0.4869 0.4449
vn -0.7466 0.6148 -0.2541
vn -0.4221 -0.5826 0.6946
vn -0.8049 -0.1662 0.5697
vn -0.0491 0.5417 -0.8392
vn -0.8258 -0.0336 0.5630
vn 0.1608 0.9868 -0.0184
vn 0.1883 0.3779 0.9065
vn 0.1025 -0.0860 0.9910
vn -0.0179 -0.9473 0.3198
vn 0.0222 -0.8822 0.4704
vn -0.4663 0.3771 -0.8002
vn -0.9574 -0.0648 0.2814
vn -0.2123 0.6450 0.7341
vn 0.3045 -0.9520 0.0324
vn 0.1824 -0.9065 -0.3807
vn 0.1720 -0.9006 -0.3992
vn -0.8548 0.0065 -0.5190
vn -0.8723 0.0031 -0.4890
vn 0.3184 0.9389 0.1309
vn 0.3049 0.9406 0.1494
vn 0.3487 0.9293 0.1215
vn 0.6681 0.6019 0.4374
vn 0.6822 0.6099 0.4034
vn 0.6550 0.6058 0.4517
vn 0.4219 -0.2568 0.8695
vn 0.4055 -0.2547 0.8779
vn 0.4156 -0.2581 0.8722
vn 0.8659 0.3064 -0.3953
vn 0.8630 0.3065 -0.4015
vn 0.8628 0.3070 -0.4016
vn -0.1192 0.9215 -0.3695
vn 0.2272 0.8967 -0.3799
vn 0.3185 0.9113 0.2608
vn -0.0024 -0.9460 0.3241
vn -0.6258 -0.7360 -0.2584
vn -0.7487 -0.6227 -0.2271
vn 0.8228 -0.5558 0.1189
vn 0.6026 -0.7438 -0.2892
vn -0.9243 -0.1112 -0.3650
vn -0.9120 -0.2919 0.2881
vn 0.4286 0.3370 -0.8383
vn 0.0894 0.9907 -0.1028
vn 0.0915 0.9899 -0.1085
vn -0.5490 -0.6760 -0.4917
vn -0.0894 -0.1921 0.9773
vn 0.6520 -0.7579 -0.0202
vn -0.0832 -0.3808 0.9209
vn 0.0165 -0.8588 -0.5121
vn 0.1390 0.6453 -0.7512
vn -0.0557 -0.7615 0.6458
vn -0.1641 0.0581 -0.9847
vn 0.3675 0.9001 0.2339
vn 0.3455 0.9059 0.2448
vn 0.3638 0.9004 0.2387
vn -0.2668 0.9058 0.3291
vn -0.2316 0.9199 0.3164
vn -0.2586 0.9121 0.3180
vn -0.9518 0.0126 -0.3066
vn -0.4191 -0.8791 -0.2273
vn -0.5630 -0.6492 -0.5114
vn 0.1310 0.9757 0.1756
vn -0.3247 0.9311 0.1661
vn 0.7573 0.5783 -0.3034
vn 0.9315 0.2277 0.2837
vn -0.2070 -0.5350 0.8191
vn -0.6709 0.1719 0.7213
vn -0.7495 -0.6195 0.2335
vn 0.9910 0.1049 -0.0836
vn 0.5607 -0.0410 0.8270
vn -0.9518 0.1195 0.2826
vn 0.7436 -0.4964 0.4480
vn -0.5961 -0.7111 0.3729
vn 0.3405 0.1269 0.9317
vn -0.1962 0.4886 -0.8502
vn -0.1721 0.8982 0.4045
vn -0.0535 0.3197 -0.9460
vn 0.5767 0.4671 -0.6703
vn 0.3915 0.8657 0.3119
vn 0.3893 0.8675 0.3098
vn 0.3926 0.8649 0.3127
vn 0.8387 -0.2734 0.4709
vn 0.8380 -0.2677 0.4755
vn 0.8396 -0.2608 0.4765
vn 0.4158 0.8568 0.3049
vn 0.4132 0.8577 0.3059
vn 0.4752 0.8337 0.2813
vn 0.7138 0.4143 0.5647
vn 0.7345 0.4252 0.5289
vn 0.7131 0.4140 0.5658
vn -0.1537 0.5913 -0.7917
vn -0.1619 0.5943 -0.7878
vn -0.1546 0.5921 -0.7909
vn 0.6930 0.4010 0.5991
vn 0.7029 0.4083 0.5824
vn 0.7030 0.4085 0.5822
vn 0.9255 0.2429 -0.2906
vn 0.9267 0.2472 -0.2830
vn 0.9257 0.2430 -0.2899
vn -0.4463 0.2272 0.8655
vn -0.4646 0.2070 0.8610
vn -0.4473 0.2240 0.8659
vn -0.8243 -0.4436 -0.3519
vn -0.8447 -0.4183 -0.3339
vn 0.6494 0.7403 0.1737
vn 0.0645 0.8682 0.4919
vn 0.7627 -0.1508 0.6289
vn -0.8090 -0.0876 0.5813
vn -0.0533 -0.9466 0.3181
vn 0.8107 -0.5571 0.1800
vn -0.7806 0.5169 0.3514
vn 0.5664 0.2610 -0.7817
vn 0.9039 0.0090 -0.4276
vn 0.9013 0.1150 0.4177
vn 0.5266 0.2187 -0.8215
vn 0.2455 0.1370 0.9597
vn 0.4726 0.1680 -0.8651
vn 0.0439 -0.0049 -0.9990
vn -0.8480 0.5103 -0.1431
vn -0.5119 0.5803 0.6334
vn -0.3438 0.6392 -0.6879
vn 0.7366 0.4042 0.5423
vn 0.1117 0.1012 0.9886
vn 0.9906 0.1345 0.0261
vn -0.3224 -0.0905 -0.9423
vn -0.3212 -0.0961 -0.9421
vn 0.9888 0.1424 0.0443
vn 0.9886 0.1382 0.0600
vn 0.9853 0.1539 0.0739
vn 0.2602 -0.9613 0.0901
vn 0.2567 -0.9611 0.1015
vn 0.2608 -0.9614 0.0876
vn 0.1303 0.7353 0.6651
vn 0.1202 0.7305 0.6722
vn 0.1283 0.7345 0.6664
vn 0.3783 -0.6198 -0.6875
vn 0.3724 -0.6297 -0.6817
vn 0.3786 -0.6194 -0.6878
vn 0.8836 0.3230 -0.3389
vn 0.8683 0.2712 -0.4153
vn 0.8710 0.2952 -0.3927
vn -0.8141 0.5769 -0.0670
vn -0.4499 -0.8197 -0.3547
vn -0.9409 0.1309 0.3125
vn -0.9709 0.1531 0.1841
vn -0.9709 0.1503 0.1866
vn -0.4911 -0.7603 0.4251
vn 0.8733 -0.4644 -0.1472
vn -0.2993 -0.6856 0.6636
vn -0.4148 -0.4062 -0.8142
vn -0.9672 -0.2526 0.0268
vn 0.0879 -0.9887 0.1216
vn 0.1075 -0.9830 0.1489
vn 0.0879 -0.9881 0.1264
vn 0.9901 0.1158 -0.0790
vn 0.9924 0.1134 -0.0479
vn 0.9920 0.1156 -0.0515
vn 0.5589 0.6703 0.4882
vn 0.5451 0.6773 0.4941
vn 0.5583 0.6701 0.4892
vn 0.5774 0.6625 0.4771
vn 0.5762 0.6615 0.4801
vn 0.6152 0.6462 0.4516
vn -0.2741 -0.6948 0.6649
vn -0.4769 -0.8625 -0.1694
vn -0.4816 -0.7434 -0.4641
vn 0.9587 -0.2149 0.1863
vn 0.8538 -0.3204 0.4104
vn 0.7170 0.1243 0.6859
vn -0.0596 0.9732 0.2223
vn -0.1351 -0.9905 -0.0243
vn 0.6198 -0.4763 -0.6236
vn -0.0433 0.6066 -0.7938
vn 0.9324 0.1296 -0.3373
vn 0.9000 0.4064 -0.1573
vn -0.0238 -0.9407 -0.3385
vn 0.8719 0.2701 -0.4085
vn 0.8694 0.2662 -0.4162
vn 0.8723 0.2695 -0.4081
vn 0.8629 0.2628 -0.4317
vn 0.8711 0.2684 -0.4113
vn 0.8714 0.2684 -0.4107
vn 0.1178 0.8773 0.4653
vn 0.2167 0.6111 0.7613
vn -0.3050 0.9238 0.2314
vn -0.8738 0.1409 -0.4654
vn 0.3517 0.9187 0.1799
vn 0.8243 0.1726 0.5391
vn -0.1524 0.9666 0.2063
vn 0.5614 0.5579 -0.6112
vn -0.1970 0.8318 -0.5189
vn -0.8633 0.4540 -0.2206
vn 0.5589 -0.2886 -0.7774
vn 0.9054 0.4220 -0.0476
vn 0.5873 -0.3799 0.7147
vn 0.6928 -0.6611 0.2881
vn -0.2526 0.2734 -0.9282
vn 0.0487 0.9536 -0.2971
vn 0.5493 -0.8007 0.2391
vn 0.8241 0.0845 -0.5601
vn 0.9844 0.1547 0.0844
vn 0.5984 -0.6587 -0.4561
vn -0.0073 -0.8606 -0.5092
vn -0.4097 0.0991 0.9068
vn -0.4428 -0.8639 0.2402
vn 0.4029 0.3321 0.8529
vn 0.0670 0.1200 0.9905
vn 0.9849 -0.0311 -0.1700
vn 0.9855 -0.0372 -0.1654
vn 0.9850 -0.0317 -0.1696
vn 0.9843 -0.0200 -0.1754
vn 0.9846 -0.0257 -0.1728
vn 0.9847 -0.0270 -0.1721
vn 0.7610 0.2734 0.5883
vn 0.6962 0.2853 0.6587
vn 0.7652 0.2704 0.5843
vn 0.8265 0.2602 0.4991
vn 0.8327 0.2587 0.4897
vn 0.9190 0.2327 0.3182
vn -0.5632 -0.2584 0.7849
vn -0.5547 -0.1364 0.8208
vn -0.5720 -0.1755 0.8013
vn 0.8410 0.3179 -0.4378
vn 0.8429 0.3168 -0.4349
vn -0.4229 0.6558 -0.6254
vn 0.6590 0.6337 0.4052
vn 0.9280 0.0341 0.3710
vn 0.4068 0.7682 0.4944
vn -0.8542 0.5064 -0.1180
vn -0.0034 0.4841 0.8750
vn -0.4789 -0.6661 -0.5718
vn 0.7743 -0.4541 -0.4407
vn 0.2796 -0.9535 -0.1124
vn 0.6239 0.7146 -0.3164
vn 0.4577 0.8044 0.3787
vn 0.6653 0.1285 -0.7354
vn 0.9732 -0.1895 -0.1306
vn -0.9990 0.0324 -0.0321
vn 0.4430 0.5139 -0.7346
vn 0.6738 0.7377 -0.0421
vn -0.2402 0.6479 0.7229
vn 0.6287 -0.7675 -0.1252
vn -0.9860 0.1481 -0.0766
vn 0.6532 0.3664 0.6626
vn 0.7489 0.0156 0.6626
vn -0.7523 0.2861 0.5935
vn 0.2491 -0.8248 -0.5075
vn 0.2490 -0.8252 -0.5069
vn 0.2489 -0.8250 -0.5074
vn 0.7030 -0.5980 0.3849
vn 0.6107 0.7918 0.0124
vn 0.3987 -0.4393 0.8050
vn 0.9362 -0.1417 -0.3218
vn 0.9330 -0.1298 -0.3356
vn 0.9360 -0.1429 -0.3217
vn 0.9151 0.0454 0.4007
vn 0.9705 0.0810 0.2269
vn 0.9145 0.0447 0.4022
vn 0.8796 -0.4192 0.2248
vn 0.8955 -0.3966 0.2018
vn 0.8792 -0.4202 0.2245
vn 0.8821 -0.4164 0.2204
vn 0.8763 -0.4239 0.2290
vn 0.8764 -0.4235 0.2293
vn -0.2972 -0.8554 -0.4243
vn 0.6592 -0.7039 0.2643
vn 0.4467 -0.3573 0.8202
vn 0.3877 0.7616 -0.5192
vn -0.5216 0.1343 0.8425
vn 0.5385 0.8061 0.2453
vn 0.6698 0.6529 -0.3537
vn 0.5663 -0.8163 -0.1136
vn 0.4093 0.5542 -0.7249
vn -0.8366 0.1111 -0.5364
vn -0.8394 0.1244 -0.5291
vn -0.8488 0.1092 -0.5172
vn 0.9148 -0.2061 -0.3475
vn 0.9078 -0.1634 -0.3863
vn 0.9146 -0.1947 -0.3544
vn 0.8323 -0.5217 0.1876
vn 0.8351 -0.5181 0.1848
vn 0.8310 -0.5226 0.1905
vn 0.8628 0.1801 -0.4724
vn 0.8672 0.1769 -0.4655
vn -0.8369 0.5435 -0.0653
vn -0.2777 -0.8629 -0.4223
vn -0.5296 0.8193 0.2199
vn 0.8324 0.0123 0.5541
vn 0.3144 0.9209 0.2304
vn -0.7144 -0.2760 0.6430
vn 0.1093 0.6384 0.7619
vn 0.0868 0.9298 -0.3577
vn 0.4706 0.7532 0.4595
vn 0.5366 0.5278 -0.6584
vn -0.1337 0.9282 0.3472
vn -0.7869 0.0101 -0.6170
vn 0.0172 0.9539 0.2996
vn 0.1488 0.8729 -0.4647
vn -0.7171 -0.1982 -0.6682
vn 0.2149 0.9327 0.2897
vn -0.1749 0.7842 -0.5954
vn 0.8716 -0.2772 -0.4042
vn 0.8722 -0.3119 -0.3767
vn 0.8717 0.0709 -0.4848
vn 0.8809 0.0631 -0.4691
vn 0.8717 0.0714 -0.4847
vn 0.8761 0.0716 -0.4768
vn 0.8708 0.0713 -0.4864
vn 0.8706 0.0731 -0.4866
vn -0.0039 0.7717 0.6360
vn 0.6472 -0.0869 0.7574
vn -0.8313 0.5553 0.0255
vn 0.3076 0.8909 0.3341
vn -0.6792 -0.1637 -0.7154
vn -0.4611 -0.8865 -0.0393
vn 0.9220 0.3614 0.1390
vn 0.8093 -0.5110 0.2897
vn -0.5565 -0.7856 0.2704
vn -0.5540 -0.7922 0.2559
vn -0.5554 -0.7902 0.2592
vn 0.4566 0.8896 0.0116
vn 0.5630 0.8110 -0.1590
vn -0.5754 -0.1296 0.8075
vn 0.3397 0.6838 0.6457
vn -0.6923 -0.0822 0.7169
vn -0.3338 0.9348 -0.1213
vn 0.5854 0.0583 -0.8087
vn 0.0355 -0.5334 0.8451
vn -0.7248 -0.1779 -0.6656
vn 0.8426 -0.3850 -0.3766
vn 0.8440 -0.3669 -0.3912
vn 0.8553 -0.1412 0.4985
vn 0.8544 -0.1421 0.4998
vn 0.8726 -0.1525 0.4640
vn 0.9607 0.2775 0.0008
vn 0.9613 0.2754 -0.0017
vn 0.9607 0.2774 0.0013
vn 0.0109 -0.5439 -0.8391
vn 0.8936 -0.3196 -0.3152
vn 0.3512 -0.9166 -0.1913
vn -0.8523 0.5184 -0.0698
vn 0.0719 0.7135 0.6970
vn -0.1915 0.9815 -0.0079
vn 0.7365 -0.0894 -0.6705
vn 0.0744 -0.8921 -0.4457
vn 0.7425 0.6421 -0.1909
vn -0.1481 0.5897 -0.7940
vn -0.1494 0.5902 -0.7933
vn 0.6972 -0.6877 0.2025
vn 0.5364 0.4566 -0.7098
vn -0.1861 0.9553 -0.2298
vn -0.7545 0.3059 -0.5807
vn -0.1240 0.8084 -0.5754
vn 0.4513 -0.5469 -0.7052
vn 0.4539 -0.5429 -0.7066
vn 0.8118 -0.4201 -0.4055
vn 0.8542 -0.1326 -0.5027
vn 0.8609 -0.1489 -0.4865
vn 0.8545 -0.1343 -0.5019
vn 0.8214 -0.0919 -0.5630
vn 0.8438 -0.1207 -0.5229
vn 0.8441 -0.1210 -0.5224
vn 0.4835 0.1334 0.8651
vn -0.9543 -0.0409 0.2961
vn -0.3889 -0.5509 -0.7384
vn -0.8301 0.4579 -0.3182
vn 0.2090 -0.2981 -0.9314
vn -0.2811 0.7274 -0.6260
vn -0.3713 0.8465 -0.3814
vn -0.2152 -0.9241 -0.3159
vn -0.8695 0.3709 0.3263
vn 0.9130 0.3771 -0.1560
vn 0.4616 0.6445 -0.6095
vn 0.7534 -0.5073 -0.4184
vn 0.7502 -0.5273 -0.3989
vn 0.2919 0.9444 0.1510
vn -0.6664 0.7424 0.0684
vn -0.6695 0.7405 0.0590
vn -0.6667 0.7432 0.0565
vn 0.5906 -0.7138 -0.3765
vn 0.5790 -0.7276 -0.3679
vn 0.5813 -0.7241 -0.3712
vn 0.6157 -0.7759 0.1375
vn 0.6213 -0.7731 0.1279
vn 0.6146 -0.7768 0.1375
vn 0.0289 0.9482 0.3164
vn -0.6180 0.7470 -0.2452
vn 0.4892 -0.0344 0.8715
vn 0.1641 -0.0428 0.9855
vn 0.7923 -0.1740 0.5848
vn 0.5280 0.1121 0.8418
vn 0.3883 -0.6566 -0.6466
vn -0.6906 -0.7193 0.0759
vn -0.0554 -0.6250 -0.7786
vn 0.4796 -0.8697 -0.1168
vn -0.1208 0.7854 0.6070
vn 0.7676 0.5417 -0.3426
vn -0.8210 0.3185 0.4738
vn -0.5398 0.8404 0.0483
vn 0.4356 0.6081 -0.6636
vn 0.7807 0.2401 -0.5769
vn 0.9659 0.2327 0.1132
vn 0.8676 0.4746 -0.1484
vn 0.6448 -0.4463 0.6205
vn 0.5866 -0.8063 -0.0761
vn -0.6620 -0.7140 0.2282
vn 0.6772 -0.6060 -0.4173
vn 0.6720 -0.6267 -0.3946
vn 0.8218 -0.2126 0.5286
vn 0.8226 -0.1715 0.5422
vn 0.8572 -0.2077 0.4713
vn 0.5590 -0.8194 0.1268
vn -0.7925 0.2815 0.5411
vn -0.7939 0.2820 0.5386
vn -0.7934 0.2859 0.5374
vn -0.5207 -0.2041 -0.8290
vn -0.5209 -0.2069 -0.8282
vn -0.5193 -0.2065 -0.8293
vn -0.9830 -0.0595 -0.1739
vn -0.0518 -0.4889 -0.8708
vn 0.9768 -0.0310 -0.2119
vn -0.9537 -0.1541 0.2583
vn 0.5931 0.5788 -0.5596
vn 0.6348 0.0847 -0.7680
vn 0.7852 -0.3856 0.4846
vn 0.7918 -0.3918 0.4685
vn 0.7842 -0.3852 0.4865
vn 0.7813 -0.3820 0.4937
vn 0.7810 -0.3819 0.4942
vn 0.7807 -0.3764 0.4989
vn 0.4606 -0.8722 0.1647
vn 0.4790 -0.8644 0.1528
vn 0.4590 -0.8733 0.1634
vn 0.3902 -0.8944 0.2186
vn 0.4378 -0.8807 0.1811
vn 0.4376 -0.8809 0.1806
vn 0.1217 -0.8695 -0.4786
vn -0.5877 0.7355 -0.3370
vn -0.8366 0.0772 -0.5424
vn 0.4237 0.7514 0.5058
vn -0.3962 0.7099 -0.5823
vn -0.3871 0.7026 -0.5970
vn -0.3797 0.7076 -0.5960
vn -0.7531 -0.2932 0.5890
vn 0.2164 -0.7020 0.6785
vn -0.0487 -0.0677 0.9965
vn 0.3027 0.2138 0.9288
vn 0.4808 -0.2711 0.8339
vn 0.2287 0.5186 0.8239
vn -0.9426 -0.0795 -0.3243
vn -0.6574 0.5635 0.5003
vn -0.8352 0.3171 0.4493
vn 0.9232 0.3593 -0.1365
vn 0.2650 0.7746 -0.5742
vn 0.7533 -0.2993 -0.5856
vn 0.4181 -0.8330 0.3624
vn -0.0931 -0.9596 0.2655
vn -0.4038 0.5343 -0.7426
vn -0.9297 -0.3501 0.1141
vn -0.7740 -0.5372 0.3352
vn 0.4475 -0.8445 -0.2942
vn 0.4506 -0.8396 -0.3034
vn 0.7608 -0.3893 0.5193
vn 0.7595 -0.3845 0.5247
vn 0.7621 -0.3879 0.5184
vn 0.8948 0.2668 -0.3581
vn 0.8952 0.2811 -0.3459
vn 0.1415 -0.6249 -0.7678
vn 0.6494 -0.7056 0.2834
vn 0.5564 0.1088 -0.8238
vn 0.7655 -0.3967 0.5066
vn 0.7665 -0.3960 0.5057
vn 0.7759 -0.4165 0.4739
vn 0.3920 -0.8843 0.2539
vn 0.4089 -0.8832 0.2296
vn 0.3923 -0.8844 0.2529
vn 0.4966 0.8597 0.1195
vn 0.4940 0.8618 0.1151
vn 0.4967 0.8609 0.1101
vn 0.4140 -0.8798 0.2335
vn 0.3938 -0.8831 0.2550
vn 0.3926 -0.8836 0.2553
vn -0.7731 0.3737 0.5125
vn -0.7751 0.3825 0.5028
vn -0.9017 0.3855 -0.1959
vn -0.5027 0.7490 -0.4317
vn -0.7278 -0.5188 -0.4486
vn 0.8350 -0.0207 0.5499
vn 0.8453 -0.0294 0.5335
vn 0.8318 -0.0270 0.5545
vn 0.8437 0.5194 -0.1361
vn 0.9686 -0.0639 -0.2402
vn 0.3414 0.6663 0.6629
vn -0.1957 0.7796 0.5950
vn -0.6618 -0.3586 0.6583
vn -0.3047 0.1752 0.9362
vn -0.0076 -0.7262 0.6874
vn -0.6829 0.6390 0.3540
vn 0.2185 -0.9755 -0.0235
vn 0.6379 -0.7698 0.0225
vn -0.6243 -0.0552 0.7793
vn -0.5881 -0.5508 0.5922
vn 0.1895 0.8922 0.4099
vn -0.9658 -0.2533 -0.0550
vn 0.3657 -0.9184 -0.1512
vn 0.3534 -0.9324 -0.0762
vn 0.3507 -0.9262 -0.1387
vn 0.3752 -0.9051 -0.2000
vn 0.3996 -0.8837 -0.2436
vn 0.8421 -0.2442 0.4809
vn 0.8417 -0.2675 0.4690
vn 0.3088 -0.8639 0.3979
vn 0.3093 -0.8651 0.3948
vn 0.3084 -0.8644 0.3972
vn -0.3628 0.8424 0.3985
vn -0.7659 -0.2120 -0.6070
vn 0.1066 0.6365 0.7639
vn 0.2971 -0.8624 0.4099
vn 0.3073 -0.8629 0.4013
vn 0.3060 -0.8635 0.4009
vn -0.4693 -0.8733 0.1305
vn -0.1539 -0.9054 -0.3957
vn 0.8294 -0.3182 -0.4592
vn 0.2893 0.8643 0.4114
vn -0.9405 0.2466 -0.2338
vn -0.9742 0.0016 0.2259
vn 0.7932 -0.6069 -0.0501
vn -0.8903 -0.3771 0.2554
vn -0.8158 -0.0979 -0.5700
vn -0.2330 -0.7629 0.6031
vn 0.9716 0.0167 0.2362
vn -0.3329 -0.6144 -0.7153
vn 0.8048 -0.3077 0.5075
vn 0.8017 -0.3165 0.5071
vn 0.8042 -0.3074 0.5086
vn -0.3065 -0.8669 0.3932
vn -0.3514 -0.8357 0.4220
vn -0.3156 -0.8422 0.4372
vn 0.8065 -0.2934 0.5132
vn 0.8065 -0.2915 0.5145
vn 0.8080 -0.2513 0.5328
vn 0.3229 -0.7340 0.5975
vn 0.3682 -0.7517 0.5471
vn 0.3261 -0.7496 0.5759
vn 0.3002 -0.7494 0.5902
vn 0.3121 -0.7441 0.5907
vn 0.3127 -0.7564 0.5745
vn -0.5796 -0.3448 -0.7384
vn 0.4234 0.3024 -0.8540
vn 0.8403 0.0372 0.5409
vn 0.3522 -0.8959 0.2708
vn 0.7511 0.6601 0.0073
vn 0.0211 -0.7140 -0.6999
vn -0.5331 -0.4472 0.7182
vn -0.8351 0.1177 0.5374
vn -0.9007 -0.3217 -0.2920
vn 0.6424 -0.6272 -0.4404
vn -0.5203 -0.8528 0.0444
vn 0.3687 0.7858 0.4965
vn 0.8422 0.0674 0.5350
vn 0.8321 0.0704 0.5501
vn 0.8390 0.0653 0.5401
vn -0.0989 -0.5748 0.8123
vn -0.5039 0.8242 0.2583
vn -0.3944 -0.8801 0.2645
vn 0.9379 0.3440 -0.0444
vn 0.8873 -0.1530 0.4352
vn 0.3535 0.2872 -0.8903
vn -0.1736 0.0041 -0.9848
vn -0.8915 0.1243 0.4357
vn -0.9069 0.4209 -0.0219
vn 0.1671 -0.9621 0.2153
vn 0.1638 -0.9611 0.2224
vn 0.1669 -0.9621 0.2156
vn 0.1728 -0.9643 0.2005
vn 0.1698 -0.9630 0.2094
vn 0.1697 -0.9630 0.2094
vn 0.8160 -0.2859 0.5024
vn 0.8148 -0.2881 0.5032
vn 0.8157 -0.2861 0.5027
vn 0.8155 -0.2916 0.5000
vn 0.8155 -0.2915 0.5000
vn 0.8146 -0.3025 0.4949
vn 0.2587 -0.6750 0.6910
vn 0.2624 -0.6839 0.6808
vn 0.2588 -0.6753 0.6907
vn -0.9481 0.0790 0.3080
vn -0.9081 -0.0238 0.4180
vn -0.9229 0.0123 0.3848
vn 0.2693 -0.6831 0.6789
vn 0.2601 -0.6751 0.6904
vn 0.2608 -0.6749 0.6903
vn -0.3934 -0.1420 -0.9083
vn -0.3951 -0.1362 -0.9085
vn -0.3908 -0.1434 -0.9092
vn -0.0759 0.9602 -0.2688
vn -0.0794 0.9619 -0.2616
vn -0.9096 -0.3955 0.1273
vn -0.5782 0.5006 -0.6442
vn -0.1300 -0.9887 0.0745
vn 0.1970 -0.8813 0.4296
vn 0.5373 -0.7171 -0.4438
vn -0.5386 -0.0000 0.8425
vn -0.1678 -0.7047 -0.6894
vn 0.7640 -0.5969 -0.2449
vn 0.0540 -0.9049 0.4222
vn 0.1817 -0.7748 -0.6055
vn 0.2387 -0.2955 0.9251
vn -0.8920 0.2177 0.3962
vn -0.3110 0.9475 -0.0743
vn 0.1128 -0.9443 0.3091
vn 0.1207 -0.9496 0.2892
vn 0.7734 -0.2887 0.5643
vn 0.7667 -0.3156 0.5591
vn 0.8368 -0.3835 -0.3907
vn 0.1635 -0.6404 0.7504
vn 0.1946 -0.6089 0.7690
vn 0.1669 -0.5791 0.7980
vn -0.1000 -0.0869 -0.9912
vn -0.7252 0.6882 -0.0236
vn -0.9858 -0.1557 0.0623
vn 0.5840 0.7596 -0.2861
vn 0.2217 0.6742 -0.7045
vn -0.6204 0.7805 0.0771
vn -0.2161 0.6847 -0.6960
vn -0.9977 0.0411 -0.0534
vn 0.4804 -0.7444 -0.4638
vn 0.5951 -0.2666 -0.7582
vn 0.1114 0.7125 0.6928
vn 0.1185 0.7248 0.6787
vn -0.4680 0.8655 -0.1786
vn -0.6588 -0.1809 -0.7302
vn -0.0345 -0.2083 -0.9775
vn 0.2996 0.3635 -0.8821
vn -0.4893 0.3235 -0.8099
vn -0.9847 -0.0186 -0.1733
vn -0.3506 0.6938 0.6290
vn -0.4840 0.8693 -0.1005
vn -0.6510 0.2630 0.7120
vn 0.0063 0.9032 -0.4291
vn 0.2717 0.9093 0.3153
vn 0.0277 -0.9370 0.3483
vn 0.0328 -0.9404 0.3384
vn 0.0292 -0.9364 0.3497
vn -0.6160 0.1599 0.7714
vn -0.6104 0.1647 0.7748
vn -0.6095 0.1646 0.7755
vn 0.0186 -0.9239 0.3821
vn 0.0241 -0.9329 0.3593
vn 0.0257 -0.9328 0.3594
vn 0.7228 -0.3282 0.6082
vn 0.7274 -0.3097 0.6123
vn 0.7228 -0.3281 0.6082
vn -0.8999 -0.3599 0.2462
vn -0.9017 -0.3494 0.2546
vn -0.8983 -0.3578 0.2550
vn 0.5737 -0.4269 0.6990
vn 0.6109 -0.2809 0.7402
vn 0.5086 -0.4994 0.7014
vn 0.4449 -0.6979 -0.5612
vn 0.1069 -0.7656 -0.6343
vn -0.8700 -0.1892 -0.4554
vn 0.2567 -0.8566 -0.4477
vn -0.6894 -0.0949 0.7182
vn -0.3749 0.9219 -0.0978
vn 0.0360 0.8446 -0.5342
vn -0.0202 -0.3988 0.9168
vn -0.8382 0.4309 0.3343
vn 0.0147 -0.9329 0.3598
vn 0.0099 -0.9323 0.3615
vn 0.0137 -0.9325 0.3608
vn -0.2313 0.9724 0.0307
vn 0.5214 0.0191 0.8531
vn -0.7522 0.5971 -0.2787
vn -0.7599 0.5986 -0.2536
vn -0.7554 0.6011 -0.2608
vn 0.0278 -0.9433 0.3308
vn 0.0201 -0.9364 0.3503
vn 0.0197 -0.9362 0.3509
vn 0.8092 0.3940 0.4358
vn 0.1890 0.8043 0.5634
vn 0.0849 -0.5507 0.8304
vn 0.0781 -0.5506 0.8311
vn 0.0748 -0.5412 0.8376
vn -0.9782 0.1681 0.1219
vn -0.9792 0.1600 0.1248
vn 0.1639 -0.9848 0.0572
vn 0.1578 -0.9864 0.0454
vn 0.1655 -0.9845 0.0583
vn -0.7801 0.0896 0.6192
vn -0.7796 0.0824 0.6208
vn -0.7857 0.0684 0.6148
vn 0.1413 -0.9900 0.0048
vn 0.1610 -0.9859 0.0464
vn 0.1612 -0.9858 0.0468
vn 0.2777 -0.3223 0.9050
vn 0.7313 0.4254 -0.5331
vn 0.3971 -0.0617 0.9157
vn -0.6354 0.2585 -0.7276
vn -0.3952 -0.8231 0.4079
vn -0.9980 0.0402 -0.0495
vn 0.2810 0.9468 0.1567
vn 0.2147 0.5749 -0.7896
vn 0.5802 -0.7478 -0.3227
vn 0.1217 -0.7849 -0.6076
vn -0.1765 0.1545 -0.9721
vn 0.8571 -0.4057 -0.3175
vn -0.1684 -0.0534 0.9843
vn -0.9148 0.3843 -0.1239
vn -0.7617 0.6089 0.2217
vn -0.5779 -0.7981 0.1704
vn -0.5790 -0.7952 0.1800
vn -0.5776 -0.7988 0.1685
vn 0.5563 -0.3646 0.7468
vn 0.5547 -0.3594 0.7504
vn 0.5563 -0.3569 0.7504
vn -0.1138 -0.4681 0.8763
vn -0.1132 -0.4690 0.8759
vn -0.4127 0.1208 -0.9028
vn -0.4126 0.1208 -0.9029
vn -0.4103 0.1218 -0.9038
vn -0.8951 0.0583 0.4420
vn -0.8948 0.0556 0.4430
vn -0.8956 0.0536 0.4417
vn 0.4611 -0.3158 0.8292
vn 0.8655 0.2238 0.4481
vn -0.7254 -0.0972 0.6814
vn 0.2585 0.7273 0.6357
vn -0.6668 0.2700 -0.6946
vn -0.5412 0.8317 -0.1243
vn 0.4212 -0.2013 0.8843
vn 0.4210 -0.2012 0.8845
vn 0.4295 -0.2052 0.8795
vn 0.6195 0.6202 -0.4812
vn 0.5594 0.4784 -0.6769
vn -0.0486 -0.3491 -0.9358
vn 0.2100 -0.9653 0.1551
vn -0.2919 -0.1726 0.9407
vn -0.7060 -0.3234 0.6301
vn -0.2564 -0.4227 0.8692
vn 0.2321 -0.2772 0.9324
vn -0.0147 0.3343 0.9424
vn -0.0793 0.7061 -0.7036
vn 0.1394 -0.2298 -0.9632
vn 0.8500 -0.5259 0.0302
vn -0.1777 -0.8832 0.4340
vn -0.1744 -0.8840 0.4337
vn -0.1768 -0.8836 0.4336
vn -0.2214 0.7926 -0.5681
vn -0.2224 0.7914 -0.5694
vn -0.2163 0.7923 -0.5705
vn 0.4631 -0.6350 0.6184
vn -0.0412 -0.6861 -0.7263
vn 0.7855 -0.2473 0.5673
vn 0.0382 -0.1580 0.9867
vn 0.6532 -0.1998 0.7303
vn 0.6711 0.0502 0.7396
vn -0.1229 -0.4610 0.8789
vn -0.1966 0.7329 -0.6514
vn 0.0076 -0.9799 0.1992
vn 0.0303 -0.9622 0.2706
vn 0.0078 -0.9801 0.1984
vn -0.0080 -0.9925 0.1222
vn -0.0018 -0.9869 0.1613
vn -0.0016 -0.9871 0.1600
vn 0.9688 0.0228 0.2466
vn -0.9126 -0.4088 0.0067
vn -0.3461 0.7559 0.5558
vn 0.4231 0.7876 -0.4480
vn -0.2680 0.9520 -0.1477
vn -0.8053 0.1488 -0.5738
vn -0.9566 0.2848 0.0614
vn 0.2506 -0.9586 0.1351
vn -0.9732 -0.0560 0.2228
vn 0.7089 -0.0215 -0.7050
vn -0.8959 0.2420 -0.3726
vn -0.0029 -0.9998 -0.0218
vn 0.5777 -0.7938 -0.1901
vn -0.0535 -0.1036 -0.9932
vn 0.3217 0.7928 -0.5176
vn -0.2555 -0.8548 0.4516
vn -0.2602 -0.8453 0.4667
vn -0.2973 0.8879 0.3510
vn -0.2790 0.9019 0.3298
vn -0.1442 -0.4133 0.8991
vn -0.0470 0.1436 0.9885
vn 0.9362 0.2445 -0.2524
vn 0.2309 0.8582 -0.4584
vn 0.5087 -0.8555 -0.0968
vn 0.2412 -0.8383 -0.4889
vn 0.3734 -0.2909 0.8809
vn -0.4434 -0.6250 0.6425
vn 0.0641 -0.2519 -0.9656
vn 0.7145 -0.5025 -0.4868
vn 0.3272 0.4158 -0.8486
vn -0.3682 -0.7763 0.5116
vn -0.3664 -0.7837 0.5016
vn -0.3674 -0.7762 0.5123
vn -0.3583 -0.7881 0.5005
vn -0.3670 -0.7765 0.5122
vn -0.3669 -0.7766 0.5121
vn 0.4230 -0.3485 0.8364
vn 0.4352 -0.3299 0.8377
vn 0.4220 -0.3499 0.8364
vn -0.6206 -0.3269 -0.7127
vn -0.0781 -0.2135 -0.9738
vn 0.1392 -0.9879 0.0680
vn -0.2537 0.8531 0.4559
vn -0.1489 0.9142 0.3769
vn -0.3347 0.8212 0.4622
vn 0.4134 -0.3611 0.8359
vn 0.4142 -0.3595 0.8362
vn 0.3991 -0.3763 0.8361
vn -0.2443 -0.3565 0.9018
vn -0.2250 -0.3257 0.9183
vn -0.2366 -0.3701 0.8984
vn -0.7505 -0.0497 0.6590
vn -0.7547 0.6346 -0.1666
vn 0.4928 0.7585 -0.4264
vn 0.9762 -0.1641 -0.1418
vn 0.5489 0.2608 -0.7941
vn 0.0357 -0.9852 0.1678
vn 0.9859 -0.1073 0.1287
vn 0.4616 0.2232 -0.8586
vn 0.0681 -0.9297 -0.3620
vn -0.5071 0.8618 0.0159
vn 0.1248 -0.9922 0.0034
vn 0.8418 -0.4955 0.2143
vn 0.6242 0.6630 -0.4132
vn -0.3122 -0.0405 -0.9491
vn 0.9431 -0.2672 0.1977
vn 0.3448 -0.3348 0.8769
vn 0.3472 -0.3310 0.8774
vn -0.1886 -0.9420 0.2777
vn -0.1987 -0.9478 0.2492
vn -0.1891 -0.9418 0.2781
vn -0.1920 -0.9425 0.2734
vn -0.1876 -0.9401 0.2847
vn -0.1880 -0.9399 0.2849
vn -0.9817 0.1749 -0.0748
vn -0.3702 -0.7050 -0.6049
vn -0.4932 0.5581 0.6673
vn -0.9663 -0.1600 -0.2017
vn -0.2685 0.1584 -0.9501
vn 0.2368 -0.1169 -0.9645
vn 0.6585 0.7479 -0.0844
vn -0.5025 -0.6627 0.5553
vn -0.3631 -0.8970 0.2522
vn -0.5101 -0.6374 0.5774
vn -0.5545 -0.5559 0.6193
vn -0.5422 -0.5261 0.6551
vn -0.5444 -0.5271 0.6525
vn -0.6703 -0.6550 -0.3488
vn -0.6640 -0.6571 -0.3569
vn -0.6668 -0.6567 -0.3523
vn 0.3696 -0.3307 0.8683
vn 0.3701 -0.3292 0.8687
vn 0.3648 -0.3374 0.8678
vn -0.2984 -0.2247 0.9276
vn -0.3029 -0.2376 0.9229
vn -0.2987 -0.2226 0.9280
vn -0.8197 -0.5514 0.1550
vn 0.5166 -0.0508 -0.8547
vn -0.9727 -0.2244 -0.0582
vn -0.8684 0.4862 0.0972
vn -0.9032 0.0808 0.4215
vn 0.1418 -0.7687 0.6237
vn 0.0063 -0.9188 -0.3946
vn -0.7399 0.3647 -0.5652
vn 0.8341 -0.4875 -0.2580
vn -0.5874 -0.4188 0.6925
vn -0.5909 -0.3915 0.7054
vn -0.5900 -0.3863 0.7090
vn -0.5824 -0.4183 0.6970
vn -0.5822 -0.4526 0.6754
vn -0.5733 -0.4348 0.6945
vn 0.4271 -0.3839 0.8186
vn 0.3765 -0.3981 0.8365
vn 0.4303 -0.3791 0.8192
vn 0.1439 -0.9185 -0.3684
vn 0.4356 -0.3820 0.8151
vn 0.4403 -0.3786 0.8141
vn 0.4371 -0.3821 0.8142
vn 0.4357 -0.3837 0.8142
vn -0.2682 -0.0141 0.9633
vn -0.2716 -0.0458 0.9613
vn -0.2699 -0.0460 0.9618
vn 0.5098 -0.0706 0.8574
vn 0.3517 -0.1820 -0.9183
vn 0.4348 0.0248 0.9002
vn 0.5837 -0.7966 0.1572
vn -0.4583 -0.8523 -0.2521
vn -0.3671 -0.8482 0.3819
vn -0.4565 -0.8350 0.3073
vn 0.8675 -0.2825 -0.4095
vn 0.2017 -0.6396 0.7417
vn 0.7101 0.6878 -0.1506
vn 0.5225 -0.0528 0.8510
vn -0.1367 0.9061 0.4003
vn 0.4142 -0.9101 0.0159
vn 0.6953 0.7186 -0.0101
vn 0.3217 0.4708 -0.8215
vn 0.1849 -0.7792 -0.5989
vn 0.4468 -0.5142 -0.7321
vn -0.5925 0.2612 0.7620
vn 0.1090 -0.7853 0.6094
vn 0.1051 0.0083 0.9944
vn -0.5493 -0.0044 -0.8356
vn -0.5221 -0.0351 0.8522
vn -0.5595 -0.1016 0.8226
vn -0.8647 -0.1948 0.4631
vn -0.8701 -0.1922 0.4538
vn -0.8649 -0.1936 0.4630
vn -0.8635 -0.4374 0.2511
vn -0.0908 0.0298 0.9954
vn -0.0812 0.0559 0.9951
vn -0.0878 0.0332 0.9956
vn -0.4299 0.8968 -0.1051
vn -0.4642 0.8819 -0.0821
vn -0.4925 0.8641 -0.1034
vn -0.5292 -0.5560 0.6409
vn -0.5135 -0.5512 0.6577
vn -0.5288 -0.5566 0.6408
vn -0.4016 0.6903 -0.6018
vn -0.3815 0.7012 -0.6023
vn -0.5241 -0.5547 0.6462
vn -0.5329 -0.5582 0.6359
vn -0.5322 -0.5579 0.6368
vn -0.2395 -0.4974 0.8338
vn -0.5599 0.2702 0.7832
vn -0.7316 -0.2770 0.6229
vn -0.2062 0.2273 -0.9518
vn -0.8286 0.3238 0.4567
vn -0.4555 0.8518 -0.2587
vn -0.9941 -0.0970 -0.0496
vn 0.0005 -0.9513 0.3084
vn -0.1547 -0.5678 0.8085
vn 0.1658 -0.7861 0.5954
vn 0.1652 0.4299 0.8876
vn -0.4712 -0.4319 0.7691
vn 0.0790 -0.5492 0.8319
vn 0.1440 0.8822 -0.4483
vn 0.1221 0.8079 -0.5766
vn 0.3128 0.6548 0.6881
vn 0.3735 0.3650 -0.8528
vn -0.3240 0.6117 0.7217
vn -0.6001 0.7245 -0.3391
vn -0.1825 -0.1285 -0.9748
vn 0.8344 -0.1492 0.5305
vn -0.3010 0.9418 -0.1499
vn -0.6226 -0.1616 0.7656
vn -0.4256 0.0437 0.9038
vn -0.4950 -0.1485 0.8561
vn 0.4296 -0.3448 0.8346
vn 0.4093 -0.3524 0.8416
vn 0.4355 -0.3466 0.8308
vn 0.3773 0.7382 -0.5592
vn 0.3830 0.7400 -0.5529
vn 0.3727 0.7445 -0.5539
vn 0.6804 -0.5669 -0.4644
vn 0.0084 0.1922 0.9813
vn 0.0138 0.2024 0.9792
vn 0.0088 0.1921 0.9813
vn 0.0254 0.2139 0.9765
vn 0.0116 0.1938 0.9810
vn 0.0125 0.1959 0.9805
vn -0.5613 0.0018 -0.8276
vn -0.1732 0.8061 0.5658
vn 0.4691 -0.2238 -0.8543
vn 0.4872 0.2615 0.8332
vn -0.1735 -0.4659 0.8676
vn -0.3645 -0.8428 -0.3959
vn 0.4006 0.6162 0.6782
vn 0.2749 0.0811 -0.9581
vn 0.2776 0.9116 -0.3031
vn 0.0931 -0.7829 -0.6151
vn 0.0864 -0.7861 -0.6120
vn -0.5189 0.4686 -0.7150
vn -0.4484 -0.3895 0.8045
vn -0.4509 0.0158 0.8925
vn -0.4594 0.0410 0.8873
vn -0.4505 0.0162 0.8926
vn 0.3889 -0.2585 0.8843
vn 0.0875 -0.9274 -0.3636
vn 0.0674 -0.9201 -0.3858
vn 0.8754 -0.1448 0.4611
vn 0.8768 -0.2205 0.4273
vn 0.8182 -0.2262 0.5285
vn -0.5831 -0.3217 0.7460
vn -0.5805 -0.3255 0.7463
vn -0.5835 -0.3198 0.7465
vn -0.5461 -0.3100 0.7783
vn -0.5753 -0.3181 0.7535
vn -0.5763 -0.3153 0.7540
vn 0.3389 -0.4662 -0.8172
vn -0.4488 -0.1502 -0.8809
vn 0.1131 0.1054 -0.9880
vn 0.8847 -0.4228 0.1965
vn -0.1783 0.6185 -0.7653
vn 0.6558 0.5877 -0.4739
vn 0.9452 -0.1601 -0.2844
vn 0.1261 -0.8673 0.4815
vn -0.5450 -0.8103 0.2153
vn 0.3089 -0.6919 -0.6526
vn 0.0075 0.9625 -0.2711
vn -0.2531 -0.5409 -0.8021
vn 0.3523 0.3178 -0.8803
vn 0.5667 0.4874 0.6643
vn -0.3707 0.5640 -0.7379
vn -0.6464 0.7549 0.1109
vn 0.4021 0.1768 -0.8984
vn -0.9176 0.2702 0.2916
vn 0.9415 -0.2341 0.2423
vn 0.8377 -0.2655 0.4772
vn -0.6107 0.0970 0.7859
vn -0.6149 0.0932 0.7831
vn -0.6007 0.0978 0.7935
vn 0.0583 0.3069 0.9500
vn 0.0955 0.3358 0.9371
vn 0.6491 0.6029 0.4638
vn 0.9929 0.1105 -0.0444
vn 0.3650 -0.7885 0.4951
vn 0.5947 0.4909 -0.6367
vn 0.3863 -0.2822 -0.8781
vn -0.2080 -0.9590 -0.1923
vn -0.1916 -0.9641 -0.1837
vn -0.0458 0.7659 0.6413
vn 0.6403 0.0286 -0.7676
vn 0.2293 -0.9733 -0.0028
vn 0.2267 -0.9738 -0.0176
vn 0.2217 -0.9751 -0.0083
vn -0.2715 -0.7658 0.5830
vn 0.3712 0.2980 0.8794
vn -0.1137 0.5540 -0.8247
vn 0.3742 -0.6967 0.6120
vn 0.0723 -0.6116 -0.7879
vn -0.4030 0.6549 -0.6393
vn -0.2093 -0.9680 -0.1384
vn -0.4056 0.2678 0.8739
vn 0.6808 -0.7179 0.1457
vn 0.6890 -0.7119 0.1358
vn 0.6850 -0.7144 0.1426
vn 0.0771 -0.9920 0.0995
vn 0.0774 -0.9909 0.1097
vn 0.1167 0.4246 0.8978
vn 0.1285 0.4381 0.8897
vn -0.5505 -0.0773 0.8312
vn 0.4008 0.7824 -0.4766
vn 0.4251 0.7734 -0.4703
vn 0.3912 0.7928 -0.4675
vn 0.2213 -0.8682 0.4442
vn -0.0170 -0.9014 -0.4326
vn -0.4873 0.7182 -0.4967
vn -0.5367 -0.7023 0.4677
vn -0.2951 -0.7187 -0.6295
vn 0.3787 0.5545 0.7410
vn 0.0248 0.8207 0.5708
vn 0.2106 -0.0827 0.9741
vn 0.3243 -0.0445 0.9449
vn 0.2033 0.0010 0.9791
vn 0.3240 -0.0447 0.9450
vn -0.4206 0.3114 -0.8522
vn 0.4841 -0.0844 0.8709
vn 0.4904 -0.0871 0.8671
vn 0.7608 -0.1416 0.6334
vn 0.4404 -0.3442 0.8292
vn 0.4535 0.6931 0.5603
vn 0.4553 0.6935 0.5583
vn 0.6254 0.6363 0.4516
vn -0.4227 0.2362 0.8750
vn 0.7582 0.1597 -0.6322
vn -0.4432 0.6678 -0.5981
vn -0.6711 0.7393 -0.0556
vn -0.5957 -0.6857 0.4183
vn -0.7942 -0.1994 0.5740
vn -0.2441 0.7730 0.5855
vn 0.2500 -0.8251 -0.5067
vn 0.2494 -0.8232 -0.5100
vn -0.6804 -0.5342 -0.5018
vn -0.7672 0.5829 -0.2676
vn -0.4023 -0.5414 -0.7383
vn -0.0105 -0.6694 0.7428
vn -0.6542 -0.4007 0.6415
vn 0.5741 -0.7709 -0.2759
vn -0.8695 0.0619 0.4900
vn -0.8687 0.0603 0.4917
vn -0.4425 0.3937 0.8057
vn -0.4553 0.3906 0.8001
vn -0.4425 0.3938 0.8057
vn -0.4829 0.8749 0.0364
vn -0.4666 0.8839 0.0326
vn -0.4734 0.8803 0.0311
vn 0.4066 0.0087 0.9136
vn 0.1228 0.6156 0.7784
vn 0.1146 0.6133 0.7815
vn 0.1227 0.6156 0.7785
vn 0.1045 0.5986 0.7942
vn 0.1195 0.6114 0.7822
vn 0.1196 0.6115 0.7822
vn -0.7134 -0.5952 0.3700
vn -0.6883 -0.5689 0.4501
vn -0.7084 -0.5723 0.4132
vn -0.5898 0.8073 0.0176
vn -0.2757 -0.4817 -0.8318
vn 0.4078 0.5813 -0.7041
vn 0.4416 0.5581 -0.7025
vn 0.4059 0.5798 -0.7065
vn -0.2421 -0.7162 0.6545
vn 0.8992 -0.0239 -0.4369
vn 0.7700 -0.5028 -0.3929
vn -0.1814 0.9622 0.2030
vn 0.5448 -0.0287 -0.8381
vn 0.4832 -0.3644 -0.7961
vn -0.7773 -0.1151 0.6185
vn -0.9685 -0.1664 -0.1852
vn -0.2869 0.6123 -0.7367
vn -0.3389 -0.2641 -0.9030
vn 0.6017 0.1246 -0.7889
vn 0.6109 0.1150 -0.7833
vn 0.0128 0.7629 -0.6463
vn 0.1099 0.5140 0.8507
vn 0.1185 0.5179 0.8472
vn 0.1187 0.5180 0.8471
vn 0.1248 0.6712 0.7307
vn -0.1760 0.5779 0.7969
vn 0.1336 0.7014 0.7001
vn -0.6587 -0.7202 0.2177
vn -0.6627 -0.7143 0.2249
vn -0.6623 -0.7157 0.2216
vn -0.6427 0.0860 0.7613
vn -0.3079 -0.2893 -0.9064
vn -0.5376 0.8073 -0.2434
vn 0.4998 -0.8583 -0.1160
vn 0.7126 -0.4925 0.4996
vn -0.2657 -0.4555 0.8497
vn 0.8608 -0.5058 0.0566
vn 0.7570 -0.2364 -0.6091
vn -0.5505 -0.5778 -0.6026
vn 0.4477 -0.2636 -0.8545
vn -0.8125 0.1631 -0.5597
vn -0.8417 0.1539 -0.5175
vn -0.8083 0.1647 -0.5653
vn 0.6451 0.3840 0.6606
vn -0.1688 0.5603 0.8109
vn 0.5782 0.2207 -0.7855
vn 0.5745 0.2252 -0.7869
vn 0.5721 0.2254 -0.7886
vn 0.3888 0.2365 0.8905
vn 0.3784 0.2361 0.8950
vn 0.3889 0.2358 0.8906
vn -0.8803 -0.1889 0.4352
vn -0.8710 -0.1921 0.4522
vn -0.6410 0.1430 0.7541
vn -0.6151 0.1615 0.7717
vn 0.7275 -0.6234 0.2867
vn -0.6505 -0.2739 0.7084
vn -0.5697 -0.1656 0.8050
vn -0.0485 -0.6968 0.7156
vn -0.7830 -0.2273 -0.5790
vn -0.7843 -0.2187 -0.5806
vn -0.7882 -0.2197 -0.5749
vn 0.3496 0.2015 -0.9150
vn -0.8121 0.3460 -0.4698
vn -0.3912 0.8476 0.3586
vn -0.4006 -0.4316 -0.8082
vn 0.1291 -0.9166 -0.3784
vn -0.0042 0.9998 0.0207
vn 0.5229 -0.1151 0.8446
vn 0.7884 0.5710 -0.2287
vn 0.5824 0.7870 0.2037
vn -0.7053 0.5970 0.3822
vn 0.3995 0.7734 -0.4923
vn 0.3855 0.7902 -0.4764
vn 0.3750 0.3198 0.8701
vn 0.3723 0.3200 0.8712
vn 0.3773 0.3188 0.8695
vn -0.4260 0.8909 0.1578
vn -0.4319 0.8880 0.1578
vn 0.3717 0.3218 0.8708
vn 0.3735 0.3209 0.8704
vn 0.3595 0.3266 0.8741
vn 0.0901 0.7943 0.6008
vn 0.0818 0.7886 0.6095
vn 0.0890 0.7954 0.5996
vn 0.1001 -0.5615 0.8214
vn 0.0850 -0.5485 0.8318
vn 0.1015 0.8018 0.5889
vn 0.0939 0.7975 0.5960
vn 0.0932 0.7979 0.5956
vn -0.6541 0.0695 -0.7532
vn -0.4901 0.0673 -0.8691
vn 0.0299 0.5828 0.8121
vn -0.0287 0.9790 0.2018
vn 0.3923 -0.3495 0.8508
vn 0.7692 -0.3009 -0.5638
vn -0.3089 0.2271 -0.9236
vn -0.9297 0.1904 0.3152
vn -0.6821 0.6538 -0.3276
vn -0.9146 0.2464 -0.3207
vn -0.2166 0.9695 -0.1147
vn 0.4795 -0.4809 -0.7341
vn 0.6607 -0.6763 -0.3258
vn -0.1397 -0.6721 -0.7272
vn 0.8175 -0.5314 0.2222
vn 0.8248 -0.5226 0.2159
vn 0.8175 -0.5313 0.2222
vn 0.5970 0.5995 0.5331
vn 0.8686 0.4884 -0.0838
vn -0.0159 0.8191 0.5734
vn -0.6169 0.1213 0.7776
vn -0.5788 0.1595 0.7997
vn -0.6159 0.1207 0.7785
vn -0.5950 0.1441 0.7907
vn -0.6197 0.1170 0.7761
vn -0.6203 0.1162 0.7757
vn -0.6137 0.3512 -0.7071
vn -0.4672 0.8464 0.2556
vn 0.3565 0.8639 0.3558
vn -0.4002 0.8956 0.1944
vn 0.2260 -0.0107 0.9741
vn 0.5258 -0.8471 0.0774
vn 0.5445 0.2577 0.7982
vn -0.9726 0.0322 -0.2302
vn -0.8487 0.0060 0.5289
vn -0.3680 0.2130 -0.9051
vn 0.5867 -0.3321 -0.7386
vn -0.6300 -0.5949 0.4992
vn 0.7640 -0.2894 -0.5767
vn 0.4984 0.5708 0.6525
vn 0.5405 0.7496 -0.3819
vn 0.0798 0.9638 -0.2542
vn -0.5366 -0.6940 -0.4801
vn 0.9004 -0.4179 0.1207
vn -0.1063 -0.0396 -0.9935
vn -0.6457 0.4902 0.5855
vn -0.6533 0.4756 0.5891
vn -0.6461 0.4894 0.5857
vn -0.2516 0.8741 -0.4154
vn -0.2437 0.8736 -0.4212
vn -0.2503 0.8744 -0.4157
vn -0.6449 0.4926 0.5844
vn -0.6435 0.4935 0.5851
vn -0.6437 0.4937 0.5847
vn 0.1581 0.6987 0.6977
vn 0.2818 0.6944 0.6621
vn 0.1548 0.6994 0.6978
vn -0.8061 -0.5402 0.2416
vn 0.0375 0.6899 0.7229
vn 0.0343 0.6888 0.7241
vn -0.1567 0.6505 0.7432
vn -0.6472 0.0185 0.7621
vn -0.6234 0.0796 0.7778
vn -0.9016 -0.4326 -0.0054
vn 0.6366 -0.7709 0.0229
vn 0.7754 0.3873 0.4988
vn 0.0922 -0.8734 -0.4782
vn -0.5027 0.7876 -0.3563
vn 0.7466 0.2668 -0.6094
vn 0.2000 -0.6019 -0.7732
vn -0.8313 0.0350 -0.5547
vn -0.1473 0.9551 0.2570
vn 0.4086 0.2200 -0.8858
vn 0.4967 -0.7487 -0.4390
vn 0.6679 -0.0215 0.7439
vn -0.4715 -0.6339 -0.6131
vn -0.1813 -0.3033 0.9355
vn 0.3806 -0.9048 -0.1908
vn 0.5130 0.6295 0.5835
vn 0.0916 0.6996 -0.7086
vn -0.5032 -0.7856 0.3602
vn 0.5124 -0.0889 0.8541
vn 0.8520 0.0680 0.5191
vn 0.8456 0.0653 0.5298
vn -0.3374 0.8982 0.2817
vn -0.3405 0.8969 0.2823
vn -0.3362 0.8987 0.2815
vn -0.3479 0.8834 0.3139
vn -0.3387 0.8956 0.2884
vn -0.3386 0.8958 0.2880
vn 0.6114 -0.6886 -0.3898
vn 0.5900 -0.7138 -0.3773
vn -0.4735 0.8701 0.1371
vn 0.6445 0.3537 0.6778
vn -0.5343 0.5486 0.6431
vn 0.2896 -0.0644 -0.9550
vn 0.2491 -0.1153 -0.9616
vn 0.2877 -0.0674 -0.9553
vn -0.6822 0.6468 -0.3409
vn -0.6149 -0.3216 0.7200
vn 0.6918 -0.4792 -0.5401
vn -0.2120 -0.1233 -0.9695
vn 0.5912 -0.2124 -0.7780
vn -0.3282 0.8148 -0.4779
vn -0.0601 -0.5453 -0.8361
vn -0.0865 -0.9472 0.3087
vn -0.7858 0.3516 0.5089
vn -0.7964 0.2607 0.5457
vn -0.4655 0.5651 0.6812
vn -0.4801 0.5574 0.6774
vn -0.4621 0.5728 0.6770
vn -0.6102 0.0514 0.7906
vn -0.6073 0.0795 0.7905
vn -0.6106 0.0521 0.7902
vn -0.6103 0.0398 0.7911
vn -0.6113 0.0422 0.7903
vn -0.6113 0.0421 0.7903
vn -0.1449 0.9851 0.0932
vn 0.3167 0.9212 0.2260
vn -0.3790 -0.5167 -0.7677
vn -0.3050 -0.6106 -0.7309
vn -0.5518 -0.3158 -0.7719
vn -0.8863 -0.2892 0.3618
vn -0.3523 -0.3897 0.8509
vn -0.2171 0.9483 0.2315
vn -0.2894 0.8567 -0.4271
vn -0.8361 -0.1965 -0.5122
vn 0.0036 -0.3328 -0.9430
vn -0.2829 0.9434 -0.1732
vn 0.2628 0.9138 -0.3096
vn -0.6851 -0.6472 0.3344
vn 0.0370 -0.9047 0.4244
vn 0.5774 0.7945 0.1881
vn -0.0033 0.8464 0.5326
vn -0.0407 0.8416 0.5386
vn -0.2239 -0.7031 -0.6749
vn -0.2448 0.0986 -0.9645
vn -0.7919 0.2605 0.5523
vn 0.9371 -0.1475 -0.3163
vn 0.9373 -0.1451 -0.3169
vn -0.1541 0.8561 0.4933
vn -0.6066 0.7836 0.1344
vn -0.6207 0.7631 0.1801
vn -0.6058 0.7847 0.1318
vn -0.6843 0.0710 0.7258
vn -0.6835 0.0825 0.7253
vn -0.6841 0.0711 0.7259
vn -0.6820 0.1079 0.7234
vn -0.6844 0.0771 0.7250
vn -0.6841 0.0774 0.7252
vn 0.9313 -0.2127 0.2957
vn -0.2118 -0.8012 -0.5597
vn -0.5782 -0.3775 -0.7233
vn 0.7382 -0.6736 0.0368
vn -0.1393 -0.7104 0.6898
vn 0.5363 -0.7190 0.4421
vn 0.8712 -0.0358 0.4896
vn 0.8417 -0.0330 0.5390
vn -0.3851 -0.4690 -0.7948
vn -0.6081 -0.7295 0.3131
vn -0.9462 -0.0393 0.3211
vn 0.6834 -0.7283 -0.0503
vn 0.0774 -0.9195 0.3855
vn -0.7407 -0.4873 -0.4626
vn 0.8693 -0.0342 -0.4930
vn 0.8689 -0.0343 -0.4938
vn 0.8694 -0.0341 -0.4929
vn -0.2314 0.8872 0.3992
vn -0.2553 0.8773 0.4065
vn -0.2324 0.8871 0.3989
vn 0.2703 0.7511 0.6024
vn -0.3290 0.5979 -0.7310
vn -0.2224 0.8909 0.3960
vn -0.2225 0.8913 0.3950
vn -0.2174 0.8926 0.3950
vn -0.6711 0.7394 0.0532
vn -0.6678 0.7426 0.0508
vn 0.6968 0.4972 0.5169
vn 0.7262 0.4829 0.4892
vn 0.6923 0.4961 0.5240
vn 0.8102 0.3574 -0.4645
vn 0.8163 0.3402 -0.4668
vn -0.7098 0.0613 0.7017
vn -0.7094 0.0298 0.7042
vn -0.7096 0.0614 0.7019
vn -0.7084 0.0260 0.7053
vn -0.7098 0.0595 0.7019
vn -0.7095 0.0598 0.7022
vn -0.2669 -0.7252 -0.6347
vn -0.9176 0.1596 -0.3640
vn -0.2608 0.9127 -0.3146
vn -0.6501 -0.5346 -0.5400
vn -0.9378 0.1747 0.3000
vn 0.0124 -0.9277 -0.3732
vn -0.1863 -0.4736 -0.8608
vn -0.2011 -0.4899 -0.8483
vn 0.6692 0.5075 0.5428
vn 0.8974 -0.1493 -0.4153
vn 0.4283 0.5776 0.6949
vn 0.2771 -0.2510 -0.9275
vn 0.2473 -0.8489 -0.4671
vn 0.9324 -0.3566 -0.0594
vn -0.4083 0.7433 0.5299
vn -0.0710 0.9312 0.3574
vn 0.1172 0.9733 0.1973
vn -0.7219 0.6913 -0.0308
vn -0.7233 0.6900 -0.0258
vn -0.7235 0.6897 -0.0277
vn -0.7783 0.0893 0.6216
vn -0.7801 0.1368 0.6105
vn -0.7781 0.0903 0.6216
vn -0.7714 0.0217 0.6360
vn -0.7751 0.0603 0.6289
vn -0.7752 0.0616 0.6287
vn 0.8905 0.1408 0.4327
vn 0.8878 -0.2573 -0.3815
vn -0.3886 -0.7119 -0.5850
vn 0.9567 -0.2900 -0.0227
vn -0.4482 -0.3935 0.8027
vn -0.9368 -0.2143 0.2766
vn -0.5985 0.0080 0.8011
vn -0.6084 -0.0006 0.7936
vn 0.6300 -0.0985 -0.7703
vn -0.7351 0.0035 -0.6780
vn 0.3565 0.6736 -0.6474
vn 0.3580 0.6708 -0.6496
vn -0.7872 0.0861 0.6107
vn 0.7271 -0.6854 0.0396
vn 0.8450 -0.3896 0.3663
vn 0.4690 -0.3669 -0.8034
vn 0.9957 0.0814 -0.0453
vn 0.7288 0.0505 0.6829
vn 0.6108 -0.7328 -0.3000
vn 0.2476 0.1667 0.9544
vn -0.9206 0.3837 0.0732
vn -0.8037 -0.5284 0.2736
vn 0.3831 0.8958 0.2255
vn 0.3763 0.8972 0.2312
vn -0.0308 -0.9822 -0.1851
vn 0.6783 -0.5228 -0.5164
vn -0.6880 0.5904 0.4220
vn 0.8335 0.1867 0.5201
vn -0.9681 0.1920 0.1609
vn -0.9674 0.2003 0.1552
vn -0.9679 0.1992 0.1534
vn -0.7539 0.6282 -0.1922
vn -0.8199 0.5718 -0.0280
vn -0.7536 0.6283 -0.1933
vn -0.7727 0.6112 -0.1713
vn -0.7375 0.6352 -0.2295
vn -0.7365 0.6359 -0.2305
vn -0.9779 0.0538 -0.2018
vn 0.9653 0.2380 -0.1078
vn 0.0661 -0.6967 -0.7143
vn -0.9781 -0.1605 0.1326
vn -0.7054 -0.7075 0.0418
vn -0.1349 0.3467 0.9282
vn 0.8050 0.0944 -0.5857
vn 0.0400 0.6890 0.7237
vn -0.9637 0.1727 0.2037
vn 0.5879 -0.4979 0.6375
vn -0.0853 -0.4719 0.8775
vn 0.7934 -0.2620 -0.5495
vn 0.2183 -0.4481 -0.8669
vn -0.8389 -0.2556 -0.4806
vn -0.7294 0.3104 -0.6097
vn -0.8569 0.1057 0.5045
vn -0.2806 0.4332 0.8565
vn -0.6334 0.6728 -0.3822
vn 0.3064 -0.3449 0.8872
vn 0.1752 0.9425 -0.2846
vn -0.0528 -0.6457 -0.7618
vn -0.0010 0.9741 -0.2263
vn -0.0142 0.9772 -0.2120
vn 0.0026 0.9740 -0.2267
vn -0.7726 0.5926 -0.2278
vn -0.7615 0.6004 -0.2442
vn 0.2330 0.9549 -0.1839
vn 0.1789 0.9750 -0.1318
vn 0.1781 0.9678 -0.1780
vn -0.6833 -0.2143 -0.6980
vn -0.6852 -0.2111 -0.6971
vn -0.8636 -0.3009 -0.4046
vn -0.4404 0.8849 -0.1514
vn -0.4295 0.7430 -0.5133
vn 0.8014 0.2281 0.5530
vn 0.1199 -0.9793 -0.1631
vn -0.1644 -0.7969 -0.5813
vn 0.0660 0.1971 0.9782
vn 0.9713 -0.1410 0.1914
vn -0.2673 -0.3653 -0.8917
vn -0.4559 0.0688 -0.8874
vn -0.7529 0.0197 -0.6578
vn -0.0606 -0.3169 -0.9465
vn 0.0997 -0.3430 0.9340
vn -0.1935 0.1362 0.9716
vn 0.8586 -0.5126 -0.0100
vn -0.3581 0.7054 0.6117
vn 0.1850 -0.9713 -0.1493
vn 0.8152 0.5539 -0.1692
vn -0.9878 0.1401 0.0687
vn -0.9884 0.1219 0.0902
vn -0.9877 0.1408 0.0676
vn 0.4900 -0.1181 0.8637
vn -0.4451 0.8952 0.0214
vn -0.8159 0.1055 -0.5684
vn -0.8398 0.1048 -0.5327
vn -0.9185 0.0713 0.3890
vn 0.6553 0.5782 0.4862
vn -0.0737 0.5696 0.8186
vn 0.8072 0.5830 -0.0928
vn 0.9571 0.0839 -0.2774
vn -0.5972 -0.3726 -0.7103
vn -0.1213 0.8722 0.4739
vn 0.7397 -0.5490 -0.3892
vn 0.1326 0.4371 0.8896
vn -0.7325 -0.6364 0.2417
vn -0.7270 -0.5982 0.3373
vn 0.0746 -0.9951 0.0646
vn 0.2703 -0.2857 -0.9194
vn -0.3216 0.9110 -0.2582
vn -0.6478 -0.2731 0.7112
vn 0.9834 0.1556 0.0934
vn 0.9669 -0.2275 0.1154
vn 0.3969 -0.8627 -0.3133
vn -0.1403 0.8113 -0.5676
vn 0.4108 -0.4511 -0.7923
vn 0.0735 0.9885 0.1321
vn 0.1408 -0.2629 0.9545
vn -0.6435 -0.4325 -0.6315
vn -0.9973 -0.0439 0.0588
vn 0.0260 0.7814 0.6235
vn 0.7578 -0.0941 -0.6456
vn 0.8282 -0.1620 0.5365
vn 0.7674 0.3356 -0.5463
vn -0.4241 -0.3920 -0.8164
vn 0.5357 -0.8323 0.1428
vn -0.9088 0.4173 -0.0043
vn -0.7434 -0.1289 -0.6562
vn -0.2038 0.1833 -0.9617
vn -0.3714 0.9097 -0.1856
vn 0.2333 0.1393 -0.9624
vn 0.9244 -0.1407 0.3546
vn 0.7965 0.6015 -0.0607
vn 0.7562 0.4534 -0.4718
vn -0.7335 -0.1577 0.6611
vn 0.2434 0.9343 0.2605
vn 0.5232 -0.4168 -0.7433
vn -0.4029 -0.7014 0.5879
vn -0.2558 -0.6374 -0.7269
vn 0.9456 0.2019 0.2552
vn 0.4219 -0.6036 -0.6765
vn 0.9402 -0.1679 -0.2962
vn 0.6348 -0.5203 0.5712
vn -0.3833 0.7078 0.5933
vn -0.2751 0.5835 -0.7641
vn 0.4734 -0.4689 -0.7457
vn 0.2072 -0.2552 0.9444
vn -0.0479 0.9905 0.1290
vn 0.6214 0.7382 0.2626
vn -0.4965 0.1818 -0.8488
vn -0.5570 0.7493 -0.3582
vn 0.1489 -0.9795 -0.1360
vn 0.7479 0.6383 0.1821
vn 0.8945 -0.4009 0.1978
vn 0.7833 -0.3813 -0.4910
vn -0.0722 0.9958 0.0558
vn -0.1219 -0.9201 0.3722
vn -0.2911 0.6908 0.6619
vn 0.7782 0.2545 -0.5741
vn 0.5218 -0.5393 -0.6610
vn -0.0478 0.3988 -0.9158
vn 0.3097 0.5113 0.8017
vn -0.7170 -0.2643 -0.6451
vn 0.1396 -0.9550 0.2617
vn 0.7941 0.4632 0.3935
vn 0.0020 0.9759 0.2182
vn 0.7008 -0.4599 -0.5453
vn -0.2876 0.2092 0.9346
vn 0.7609 -0.4820 -0.4344
vn -0.6166 -0.0630 -0.7847
vn -0.6095 0.7836 0.1203
vn 0.5031 -0.8629 0.0475
vn 0.2456 0.3263 0.9128
vn -0.4392 0.8537 -0.2797
vn -0.8347 0.0946 -0.5425
vn 0.2577 0.8513 -0.4571
vn -0.0529 0.7070 -0.7052
vn 0.8092 -0.2116 0.5481
vn -0.9211 0.3704 0.1202
vn -0.5877 -0.1920 0.7859
vn -0.1778 0.9810 -0.0772
vn -0.0134 -0.5258 0.8505
vn 0.7718 0.2302 -0.5927
vn 0.6620 -0.3608 -0.6570
vn -0.0294 0.6300 0.7760
vn 0.8824 -0.2382 -0.4058
vn 0.9182 0.3961 -0.0052
vn 0.4807 -0.7144 -0.5086
vn -0.3899 0.9104 -0.1388
vn 0.0837 -0.5139 -0.8538
vn 0.2313 0.6938 0.6820
vn 0.2025 0.6368 0.7440
vn -0.6770 0.0436 0.7347
vn -0.5995 -0.1125 0.7925
vn -0.3864 -0.4214 -0.8205
vn 0.1117 -0.6709 -0.7330
vn -0.6206 -0.1111 -0.7762
vn -0.9845 -0.0022 0.1755
vn -0.7839 0.0162 -0.6206
vn 0.2970 -0.9494 -0.1024
vn 0.3092 -0.9458 -0.0990
vn 0.6943 0.4527 -0.5596
vn 0.7747 -0.2363 0.5865
vn 0.8342 -0.2302 0.5010
vn -0.8470 0.3857 -0.3659
vn -0.5181 0.2927 -0.8037
vn 0.5537 0.8296 0.0715
vn 0.1674 -0.9781 0.1240
vn 0.7682 -0.0584 0.6375
vn -0.6613 -0.1250 0.7396
vn 0.6060 0.7937 0.0537
vn 0.9048 -0.0946 -0.4152
vn 0.5402 -0.6891 -0.4831
vn 0.6078 0.6750 0.4183
vn -0.0709 0.9391 -0.3362
vn 0.0702 -0.4237 0.9031
vn -0.1598 -0.8923 0.4222
vn 0.8284 0.3036 -0.4708
vn -0.3664 0.6559 0.6600
vn 0.8641 0.4140 0.2863
vn -0.6987 0.2698 -0.6626
vn -0.4907 0.8570 -0.1577
vn -0.6238 0.0181 -0.7814
vn 0.1165 -0.9745 -0.1915
vn -0.7791 -0.2337 -0.5817
vn -0.6016 -0.1238 0.7892
vn 0.5052 0.8556 -0.1133
vn -0.1853 -0.9714 -0.1484
vn -0.7536 0.6507 -0.0934
vn 0.5971 -0.3144 0.7380
vn -0.4432 0.6815 -0.5824
vn 0.0287 -0.8219 -0.5690
vn -0.8103 0.0621 -0.5828
vn -0.0161 -0.9922 -0.1235
vn 0.8204 0.0567 0.5690
vn -0.1860 0.3465 -0.9194
vn 0.0887 0.3658 -0.9265
vn 0.0774 0.6688 -0.7394
vn 0.9773 -0.1502 0.1493
vn -0.9209 0.3872 0.0451
vn 0.7312 0.2392 -0.6388
vn -0.0832 -0.5003 0.8619
vn -0.1136 0.9933 -0.0218
vn -0.5715 -0.6313 0.5243
vn 0.0195 0.7528 0.6579
vn 0.9503 -0.3098 -0.0320
vn -0.1871 -0.6265 -0.7566
vn -0.2161 -0.2893 -0.9325
vn -0.7342 0.6669 0.1273
vn 0.8514 -0.1387 0.5058
vn -0.4081 -0.4045 -0.8184
vn -0.4336 0.8717 -0.2282
vn 0.6273 0.2035 0.7517
vn 0.0620 0.6815 -0.7292
vn -0.7657 0.0017 0.6432
vn 0.5019 -0.8616 -0.0757
vn 0.8379 0.1441 -0.5265
vn 0.4411 0.8954 -0.0604
vn 0.6280 -0.3166 -0.7109
vn -0.8434 0.5049 -0.1835
vn 0.0556 0.1895 0.9803
vn 0.1045 -0.8250 -0.5553
vn -0.9873 -0.1276 -0.0942
vn -0.9111 0.3935 0.1224
vn -0.4195 -0.5301 0.7369
vn 0.4679 -0.4043 0.7859
vn -0.7258 -0.4442 0.5253
vn -0.7093 -0.6961 -0.1111
vn -0.9932 0.1114 0.0323
vn -0.6639 0.4491 -0.5980
vn -0.2380 -0.1717 -0.9560
vn -0.1276 0.9188 0.3735
vn 0.9226 -0.3535 0.1544
vn -0.3051 -0.5685 0.7640
vn -0.0886 -0.9878 0.1281
vn -0.5445 0.6171 0.5681
vn 0.7878 0.1987 -0.5830
vn 0.9620 0.2714 -0.0299
vn 0.8875 -0.3218 -0.3298
vn -0.2696 0.3931 0.8791
vn -0.5655 0.0600 -0.8226
vn -0.1295 0.7940 0.5940
vn -0.3116 -0.2426 -0.9187
vn 0.8211 0.0838 0.5646
vn -0.6775 -0.5184 0.5217
vn 0.7522 -0.3263 0.5725
vn 0.1268 0.8178 -0.5614
vn -0.9090 0.0471 0.4142
vn 0.3046 0.9418 0.1420
vn 0.6166 0.7461 -0.2514
vn -0.7689 -0.6091 -0.1946
vn 0.5107 0.4115 0.7549
vn 0.4480 0.1602 0.8796
vn -0.9050 0.3637 -0.2206
vn -0.6781 0.2642 -0.6858
vn -0.8438 -0.2060 0.4956
vn 0.0764 0.9358 -0.3442
vn 0.0425 0.9119 0.4082
vn -0.5761 -0.6205 0.5321
vn -0.1967 -0.9570 -0.2134
vn -0.1413 -0.7713 -0.6206
vn -0.1036 -0.0677 -0.9923
vn -0.9728 -0.2044 0.1089
vn 0.3115 0.9251 -0.2171
vn -0.7793 -0.5340 0.3280
vn -0.0758 0.9502 -0.3022
vn 0.8908 -0.4499 0.0642
vn -0.3692 -0.4160 0.8311
vn 0.7059 -0.2969 0.6431
vn 0.7622 0.3188 -0.5634
vn -0.7830 0.3967 -0.4790
vn 0.2444 -0.1621 0.9560
vn 0.1900 0.9501 0.2475
vn 0.3893 -0.2152 0.8956
vn 0.9212 0.3815 -0.0759
vn -0.4514 -0.3388 0.8255
vn 0.9486 0.3147 -0.0335
vn -0.6387 0.3632 -0.6784
vn -0.9399 0.1901 0.2838
vn -0.2724 0.1791 0.9454
vn -0.3013 0.7812 0.5468
vn 0.2583 0.9185 0.2993
vn 0.7576 0.2043 -0.6200
vn 0.7583 0.6104 -0.2290
vn 0.2768 0.2591 0.9253
vn -0.7781 0.6060 -0.1656
vn -0.9373 -0.0989 -0.3341
vn -0.5727 -0.4001 0.7155
vn -0.1918 0.8218 -0.5365
vn 0.8436 -0.2103 0.4941
vn -0.5480 0.2478 -0.7990
vn 0.6008 -0.1058 -0.7924
vn -0.3498 -0.3874 -0.8530
vn -0.5570 -0.6919 -0.4594
vn -0.0790 0.4359 0.8965
vn -0.6423 -0.7407 0.1972
vn 0.6863 0.5062 0.5223
vn 0.6814 0.5030 0.5318
vn 0.9388 -0.2361 0.2508
vn 0.7328 0.1044 0.6724
vn -0.9303 -0.2335 0.2829
vn 0.2487 0.7894 -0.5613
vn 0.5916 -0.3432 0.7296
vn -0.8111 -0.1257 -0.5713
vn -0.8184 0.1329 0.5591
vn 0.7884 -0.1010 -0.6069
vn -0.8136 -0.4463 -0.3725
vn 0.3483 -0.4420 -0.8267
vn 0.0119 0.9998 -0.0180
vn 0.1149 0.9891 0.0917
vn 0.4905 -0.1551 -0.8575
vn 0.6456 0.6316 -0.4293
vn -0.2859 -0.5342 -0.7955
vn 0.6120 0.6581 -0.4387
vn -0.7058 -0.6357 0.3125
vn 0.1777 0.5116 0.8406
vn -0.4487 0.0668 -0.8912
vn -0.1353 -0.5253 0.8401
vn -0.7816 0.2705 -0.5621
vn 0.8985 0.4331 -0.0717
vn -0.5504 0.2489 0.7969
vn -0.5400 0.7147 0.4445
vn 0.7958 0.1436 -0.5882
vn 0.1311 -0.9532 0.2726
vn 0.1156 -0.8393 -0.5313
vn -0.1813 0.8405 0.5105
vn -0.1397 0.7486 0.6481
vn -0.0888 0.4757 0.8751
vn -0.4517 -0.7051 0.5466
vn -0.7540 -0.5419 0.3714
vn -0.9382 0.1406 0.3162
vn -0.9130 -0.2876 -0.2894
vn 0.7171 -0.6542 0.2403
vn -0.6767 -0.7071 -0.2052
vn 0.5150 -0.6977 -0.4979
vn -0.3288 -0.9066 0.2645
vn 0.0340 0.6108 0.7910
vn 0.4011 0.7491 0.5272
vn -0.1274 0.9408 0.3141
vn -0.0875 0.8080 -0.5827
vn 0.7116 -0.0065 0.7025
vn 0.3977 0.3647 -0.8419
vn 0.6160 0.1793 0.7671
vn -0.2633 0.0937 0.9602
vn -0.4118 0.6226 0.6654
vn 0.0228 0.9227 0.3848
vn -0.7805 -0.6132 -0.1219
vn 0.7788 -0.5798 0.2393
vn -0.6343 0.0128 -0.7730
vn -0.0978 -0.6328 0.7681
vn 0.3818 0.9236 0.0358
vn -0.8930 -0.1329 -0.4300
vn 0.8201 0.3122 -0.4796
vn 0.5941 0.6179 0.5150
vn 0.3211 -0.9454 -0.0552
vn -0.3147 0.8683 0.3835
vn 0.6242 0.5101 -0.5918
vn -0.2211 0.8380 0.4989
vn 0.9729 -0.0249 -0.2299
vn -0.3741 -0.7225 0.5814
vn -0.3242 -0.0945 0.9413
vn 0.2502 -0.9175 -0.3092
vn 0.3407 0.6681 -0.6615
vn 0.4135 0.1490 0.8982
vn -0.1963 -0.6079 0.7693
vn 0.8245 0.5297 0.1991
vn -0.9812 0.1582 -0.1106
vn 0.2567 0.9029 -0.3447
vn 0.3127 -0.2531 0.9155
vn 0.0884 0.9548 -0.2839
vn -0.8747 -0.2365 -0.4230
vn -0.3932 -0.5826 0.7113
vn 0.5923 0.7887 0.1647
vn 0.9760 0.1818 0.1202
vn -0.6600 0.6874 0.3032
vn 0.9188 -0.2404 0.3130
vn -0.8231 0.5233 0.2208
vn 0.3981 0.8288 -0.3931
vn 0.5906 -0.7968 0.1277
vn 0.3866 -0.2275 0.8937
vn -0.8178 -0.3219 -0.4771
vn 0.0207 0.9842 -0.1756
vn 0.1767 0.9337 -0.3115
vn -0.7538 -0.1310 0.6440
vn 0.1413 -0.9436 -0.2993
vn -0.8613 0.2332 0.4515
vn -0.5488 -0.6579 0.5157
vn 0.5577 -0.7495 -0.3567
vn 0.5118 -0.2468 -0.8229
vn 0.5585 0.4069 -0.7228
vn -0.2706 -0.9627 -0.0066
vn 0.0439 0.8693 -0.4923
vn -0.7912 -0.3437 -0.5058
vn -0.1660 0.9714 -0.1697
vn 0.9611 0.2254 -0.1597
vn -0.0706 -0.8947 -0.4410
vn 0.9285 0.3603 0.0904
vn 0.4243 0.4494 -0.7861
vn -0.5318 -0.0473 0.8456
vn -0.0933 0.8784 0.4687
vn 0.5860 -0.2426 0.7732
vn -0.7502 -0.4975 -0.4355
vn 0.4200 0.0603 0.9055
vn -0.3222 0.2508 -0.9129
vn -0.0312 0.9691 -0.2447
vn 0.5268 0.7621 -0.3765
vn -0.5179 -0.8278 0.2159
vn -0.2594 -0.2443 0.9344
vn -0.6643 0.3597 0.6552
vn 0.7811 0.6208 0.0667
vn 0.3057 0.7338 0.6066
vn -0.5859 0.6000 0.5447
vn 0.4343 0.8455 -0.3107
vn -0.2560 0.8031 -0.5381
vn -0.5972 0.6527 -0.4662
vn 0.3929 -0.9180 0.0543
vn -0.6944 -0.6595 -0.2880
vn -0.4057 0.8795 -0.2489
vn 0.3862 0.1075 0.9161
vn -0.3515 -0.4080 -0.8426
vn 0.6526 -0.1324 -0.7461
vn 0.7442 0.5217 0.4172
vn -0.9480 0.0390 0.3159
vn 0.1359 -0.7828 -0.6072
vn 0.2392 -0.9682 -0.0736
vn -0.0695 0.7643 0.6411
vn 0.4954 -0.6026 0.6257
vn -0.7851 0.3106 -0.5359
vn 0.7338 -0.2141 0.6447
vn -0.8050 0.5617 0.1911
vn -0.1291 -0.8730 -0.4704
vn -0.2323 0.9718 0.0407
vn -0.4963 0.2206 -0.8397
vn 0.3163 0.9387 -0.1373
vn 0.0612 0.5904 0.8048
vn 0.0293 -0.5727 -0.8192
vn -0.7156 -0.6947 -0.0735
vn 0.8705 0.1396 -0.4720
vn 0.5655 -0.3279 -0.7567
vn 0.3672 0.2228 0.9031
vn -0.2595 -0.5941 -0.7614
vn 0.2107 0.5838 0.7841
vn 0.3474 -0.9373 0.0271
vn -0.9490 0.2446 -0.1992
vn -0.5708 0.8211 -0.0002
vn -0.6800 -0.0518 0.7314
vn -0.4742 -0.1318 0.8705
vn 0.3380 0.9081 -0.2473
vn -0.5786 -0.1190 -0.8069
vn 0.1297 0.6743 0.7270
vn -0.0143 0.9992 -0.0384
vn 0.4117 0.3644 0.8353
vn 0.7635 -0.1398 -0.6306
vn 0.7047 -0.3389 -0.6234
vn -0.0966 0.7443 -0.6608
vn -0.0022 -0.2814 -0.9596
vn 0.0317 0.1268 0.9914
vn 0.6984 -0.6644 0.2660
vn -0.8741 0.3738 -0.3101
vn 0.0796 -0.6567 -0.7499
vn 0.4729 0.0447 0.8800
vn -0.6837 -0.0345 -0.7289
vn 0.0300 -0.9030 0.4285
vn 0.0871 0.3067 0.9478
vn -0.1302 0.9898 -0.0586
vn 0.6543 -0.7392 -0.1600
vn -0.2205 -0.8168 0.5332
vn -0.7316 -0.4369 -0.5234
vn -0.4412 0.5855 -0.6801
vn 0.6735 0.6848 -0.2784
vn -0.4157 0.0218 0.9093
vn 0.9720 0.2060 -0.1127
vn -0.0556 0.8121 0.5808
vn 0.9053 -0.0527 -0.4215
vn 0.4114 -0.2398 -0.8794
vn 0.0520 -0.9892 0.1369
vn -0.9442 0.3056 -0.1225
vn -0.4055 -0.7760 -0.4831
vn -0.5386 0.8398 -0.0675
vn -0.4782 0.3879 -0.7879
vn 0.2244 0.9351 0.2745
vn 0.5342 -0.0361 0.8446
vn 0.4924 -0.4218 0.7613
vn -0.4117 -0.8794 -0.2390
vn 0.1785 -0.2564 -0.9499
vn 0.8145 -0.1956 -0.5462
vn -0.3215 -0.9156 0.2417
vn 0.6215 -0.7829 -0.0274
vn 0.3064 0.9186 -0.2497
vn 0.7382 -0.6714 -0.0651
vn -0.8747 0.1316 -0.4665
vn 0.3094 0.0535 -0.9494
vn -0.7499 -0.5427 -0.3784
vn 0.9283 -0.0222 -0.3712
vn 0.1162 0.8652 0.4878
vn 0.8967 0.4219 -0.1340
vn 0.5363 0.6330 -0.5582
vn 0.3391 -0.1297 0.9318
vn -0.2433 -0.3835 -0.8909
vn -0.3600 0.9329 -0.0139
vn -0.6959 0.3899 0.6030
vn 0.7692 -0.5599 0.3078
vn 0.0831 0.8858 0.4566
vn 0.5724 -0.5998 0.5591
vn 0.4889 0.7068 0.5113
vn -0.5803 -0.4418 0.6841
vn -0.4278 -0.8215 0.3770
vn 0.6701 -0.3340 -0.6629
vn 0.0603 0.0437 -0.9972
vn 0.5742 -0.7728 0.2703
vn -0.4714 0.8780 0.0834
vn -0.5432 0.4222 -0.7257
vn -0.5040 0.0997 -0.8580
vn -0.2788 0.1117 0.9538
vn 0.6283 -0.6465 -0.4327
vn -0.9451 -0.1501 -0.2903
vn 0.6952 -0.4450 0.5645
vn -0.7354 -0.6301 0.2492
vn -0.6139 0.1864 -0.7671
vn -0.5341 -0.3214 0.7819
vn 0.8510 -0.1250 0.5101
vn 0.7743 0.0733 -0.6285
vn -0.9997 0.0186 -0.0186
vn 0.2751 -0.1116 -0.9549
vn 0.5230 -0.4146 0.7447
vn 0.4182 -0.4996 -0.7587
vn 0.6664 0.4004 0.6290
vn 0.7841 0.5918 -0.1869
vn 0.1459 0.0197 0.9891
vn 0.6166 -0.0852 0.7826
vn 0.9599 0.2720 0.0672
vn 0.4455 -0.5166 0.7312
vn -0.7995 -0.2811 0.5308
vn -0.4241 -0.3127 0.8499
vn -0.5368 0.2307 -0.8116
vn -0.4769 0.8477 -0.2325
vn 0.0323 -0.7688 -0.6386
vn -0.9791 0.1747 -0.1040
vn -0.7212 0.6888 -0.0731
vn 0.6132 0.2791 0.7390
vn -0.1657 0.9825 -0.0846
vn -0.9643 0.2599 -0.0506
vn 0.3953 0.8595 -0.3240
vn -0.0911 0.6893 -0.7187
vn 0.8115 -0.5212 -0.2643
vn -0.6970 0.2325 -0.6784
vn 0.5007 0.1270 -0.8562
vn -0.2356 -0.2084 0.9492
vn 0.0741 0.6917 -0.7184
vn 0.5941 -0.8035 -0.0370
vn -0.4978 0.0933 -0.8622
vn 0.3256 -0.9195 0.2202
vn 0.9566 0.2481 0.1527
vn 0.6987 0.5660 -0.4376
vn 0.5880 -0.6339 0.5024
vn 0.6884 0.1141 -0.7163
vn -0.6813 -0.0913 0.7263
vn 0.7474 -0.6596 -0.0801
vn -0.9846 -0.1363 0.1091
vn -0.6246 -0.5091 0.5922
vn -0.0532 -0.7235 0.6883
vn 0.3365 0.4279 0.8389
vn 0.0678 0.9924 0.1022
vn -0.5281 -0.3456 -0.7757
vn 0.3047 -0.8584 0.4126
vn -0.4147 0.5281 0.7410
vn -0.4369 0.6871 -0.5806
vn -0.3550 0.9184 0.1749
vn -0.4840 -0.8658 -0.1271
vn -0.6400 0.6803 -0.3571
vn 0.7279 0.6550 -0.2029
vn 0.2161 0.7073 -0.6731
vn 0.8960 -0.3021 -0.3254
vn -0.9000 0.4347 -0.0328
vn 0.3909 -0.1074 -0.9141
vn 0.0140 -0.2691 -0.9630
vn -0.1512 0.1646 -0.9747
vn -0.6437 -0.0896 0.7600
vn -0.0439 -0.9967 0.0681
vn -0.0183 0.8911 0.4535
vn -0.0808 0.2620 0.9617
vn -0.2428 0.6635 -0.7077
vn -0.0372 -0.9421 -0.3332
vn -0.5652 0.6247 -0.5389
vn 0.0758 0.9363 0.3428
vn 0.5853 -0.5482 0.5974
vn -0.0193 -0.9968 0.0771
vn -0.9730 -0.0885 -0.2134
vn 0.3487 0.1884 -0.9181
vn 0.6621 -0.2071 0.7202
vn -0.8183 -0.5248 0.2343
vn -0.2892 0.9431 0.1643
vn 0.4531 0.8132 0.3653
vn 0.6736 -0.7235 -0.1508
vn 0.5209 0.2476 -0.8169
vn -0.2483 -0.2692 -0.9305
vn 0.9534 -0.1226 0.2757
vn 0.8028 0.5630 0.1964
vn -0.5963 -0.3514 0.7217
vn -0.4920 0.8705 -0.0145
vn 0.5056 0.0552 0.8610
vn 0.8270 -0.1342 0.5460
vn -0.3464 -0.8968 -0.2752
vn -0.8081 -0.3356 -0.4841
vn 0.1318 -0.9798 0.1503
vn -0.7637 -0.4615 0.4515
vn -0.8065 -0.0778 0.5861
vn 0.5046 -0.2777 0.8174
vn 0.6779 -0.2764 0.6813
vn 0.6686 -0.7414 0.0564
vn -0.2726 0.8534 -0.4443
vn -0.8731 -0.1551 0.4622
vn 0.0911 0.7572 -0.6468
vn 0.7630 -0.6045 -0.2289
vn -0.7655 -0.1713 0.6202
vn -0.0243 0.3763 -0.9262
vn -0.1191 -0.9668 -0.2262
vn 0.3854 0.5998 -0.7012
vn 0.3886 0.5917 -0.7063
vn -0.1552 -0.2248 -0.9620
vn -0.2048 0.9788 -0.0005
vn 0.2371 -0.7559 0.6103
vn -0.7111 0.1197 -0.6928
vn -0.4499 -0.8894 -0.0808
vn -0.2628 0.9338 -0.2428
vn -0.7140 0.6884 0.1281
vn 0.2824 0.5210 -0.8055
vn 0.9815 0.1528 0.1152
vn -0.3437 -0.9217 0.1798
vn 0.2670 0.9586 0.0992
vn -0.0701 0.7524 -0.6550
vn -0.2019 -0.9371 -0.2847
vn -0.1422 0.4517 0.8807
vn 0.5690 0.7603 -0.3134
vn -0.1222 0.9218 -0.3679
vn -0.6581 -0.2640 0.7051
vn 0.0260 0.0305 -0.9992
vn 0.3983 0.7320 -0.5528
vn -0.3554 -0.3184 0.8788
vn -0.0926 -0.5805 -0.8090
vn -0.1263 0.9292 -0.3474
vn -0.3530 0.9315 -0.0879
vn -0.6298 -0.1270 -0.7663
vn 0.7683 -0.1890 -0.6116
vn -0.8188 -0.5717 -0.0514
vn -0.4399 0.8760 0.1978
vn -0.2806 -0.9463 0.1607
vn -0.6937 -0.7200 0.0184
vn 0.6454 0.6907 0.3262
vn -0.2584 -0.8457 0.4670
vn 0.1856 0.0415 0.9817
vn -0.0537 0.0775 -0.9955
vn 0.3721 -0.9079 0.1931
vn -0.9891 -0.1442 -0.0306
vn -0.7316 -0.6342 0.2501
vn -0.5720 0.6510 0.4990
vn 0.0342 0.9993 0.0151
vn -0.3378 -0.7905 0.5108
vn 0.4082 0.8891 -0.2071
vn -0.2447 0.7275 -0.6410
vn -0.5562 0.0463 -0.8298
vn 0.8637 -0.3979 0.3095
vn -0.8550 -0.3508 0.3819
vn -0.5324 0.6764 0.5090
vn -0.4183 -0.9075 -0.0370
vn 0.4516 0.1721 -0.8755
vn 0.5366 -0.4470 0.7157
vn -0.0316 -0.8967 -0.4415
vn 0.7087 0.5662 0.4209
vn 0.1369 0.9257 -0.3527
vn 0.3762 0.4877 0.7878
vn -0.5215 0.1421 -0.8414
vn -0.4295 -0.3786 -0.8199
vn 0.3646 -0.4303 -0.8258
vn -0.5580 -0.7969 0.2316
vn 0.4207 0.5089 -0.7510
vn -0.2633 0.4559 0.8502
vn -0.4237 -0.8963 -0.1309
vn 0.6021 -0.6853 -0.4097
vn -0.7845 -0.2652 0.5605
vn 0.1929 0.7187 -0.6680
vn 0.8078 0.4115 -0.4221
vn -0.0008 0.9381 -0.3464
vn 0.9703 0.2335 0.0631
vn 0.5697 0.5646 0.5972
vn -0.1841 0.9534 -0.2391
vn 0.2334 -0.1912 0.9534
vn 0.5311 -0.0829 0.8433
vn -0.5299 0.8440 -0.0828
vn -0.9307 0.3559 0.0843
vn -0.9866 -0.1554 0.0494
vn -0.4353 -0.8002 -0.4125
vn 0.6014 -0.1497 -0.7848
vn -0.3714 -0.7632 -0.5287
vn -0.7528 0.0193 0.6580
vn -0.9408 0.2524 0.2263
vn 0.2666 -0.9638 -0.0062
vn 0.8698 -0.3996 0.2894
vn -0.6659 -0.7281 -0.1627
vn -0.5557 0.6345 -0.5371
vn 0.3013 -0.6709 0.6776
vn 0.6621 0.6634 0.3487
vn -0.5853 0.2158 -0.7816
vn 0.2137 0.8086 0.5483
vn -0.2603 -0.8737 0.4110
vn 0.6073 -0.2713 0.7467
vn 0.4191 -0.3470 -0.8390
vn -0.3368 0.7025 0.6269
vn -0.8419 -0.5340 -0.0778
vn 0.7287 0.5957 -0.3378
vn -0.1690 -0.2197 -0.9608
vn -0.6410 -0.4514 0.6208
vn 0.6719 -0.5324 0.5149
vn 0.6978 0.4425 0.5633
vn 0.0617 -0.6134 0.7873
vn -0.5934 0.1068 -0.7978
vn 0.0726 -0.9528 -0.2947
vn -0.2887 -0.4447 -0.8479
vn -0.7085 -0.7052 0.0273
vn 0.4321 0.5712 0.6979
vn -0.9511 -0.2833 0.1231
vn 0.5034 0.4532 -0.7356
vn 0.0029 0.4618 0.8870
vn -0.7713 -0.6145 -0.1661
vn 0.5715 0.0995 0.8145
vn -0.6357 -0.7702 -0.0526
vn -0.1457 -0.9846 -0.0962
vn -0.4399 0.7962 -0.4154
vn 0.4342 -0.8628 -0.2590
vn 0.7369 0.4925 -0.4630
vn -0.0353 0.4068 0.9128
vn -0.7019 -0.3864 -0.5983
vn 0.7951 -0.3214 -0.5143
vn 0.2214 -0.9593 0.1751
vn -0.8072 -0.5897 0.0247
vn -0.3271 0.7567 -0.5661
vn 0.5195 -0.6090 0.5993
vn 0.3659 0.0577 0.9289
vn 0.7445 0.6015 0.2898
vn -0.7231 -0.6696 -0.1693
vn -0.0611 0.8433 -0.5340
vn -0.3700 -0.9192 -0.1348
vn -0.9876 -0.0033 -0.1572
vn 0.8087 0.5429 0.2264
vn 0.9460 -0.2376 -0.2203
vn 0.4124 -0.2263 -0.8825
vn -0.7521 0.0349 0.6581
vn 0.7823 0.6024 0.1583
vn -0.6002 -0.0929 0.7945
vn -0.1262 -0.1468 -0.9811
vn -0.6113 -0.6814 0.4025
vn -0.5799 0.6112 -0.5386
vn 0.0966 0.8140 -0.5728
vn 0.5447 -0.0356 0.8379
vn -0.7868 0.2284 0.5733
vn 0.6306 0.6020 0.4898
vn 0.2790 -0.0559 -0.9587
vn -0.5592 0.6824 0.4708
vn -0.8248 -0.3205 0.4658
vn -0.3077 -0.9384 0.1571
vn 0.6634 -0.7478 0.0252
vn 0.1645 0.8574 -0.4876
vn -0.6954 0.5709 -0.4363
vn 0.5546 -0.5684 0.6077
vn 0.0387 -0.4298 0.9021
vn 0.8395 0.3688 0.3991
vn -0.8339 -0.4154 -0.3635
vn 0.2450 0.9424 -0.2278
vn -0.3925 -0.8698 -0.2990
vn 0.6061 -0.6543 0.4522
vn 0.1290 -0.7479 0.6511
vn -0.3900 -0.5457 -0.7417
vn 0.4606 -0.2002 -0.8647
vn 0.7354 0.2989 -0.6081
vn -0.1222 -0.8734 -0.4714
vn -0.7837 0.1398 0.6052
vn -0.1372 0.6293 -0.7649
vn 0.5300 -0.3867 0.7547
vn 0.4506 0.3352 0.8274
vn -0.3048 -0.7642 -0.5685
vn 0.0664 -0.5607 -0.8254
vn 0.6593 0.0622 -0.7493
vn 0.5746 0.1538 -0.8039
vn 0.9247 -0.0179 -0.3802
vn -0.4337 -0.8981 0.0727
vn -0.4567 0.7840 0.4205
vn 0.9267 -0.2553 0.2758
vn -0.1784 0.7196 -0.6711
vn 0.2304 0.6274 -0.7438
vn -0.8759 -0.4473 0.1810
vn 0.6409 -0.0896 0.7624
vn 0.3969 0.8564 -0.3302
vn -0.9327 -0.3451 -0.1046
vn 0.9388 0.1979 -0.2820
vn -0.1546 0.5243 0.8373
vn -0.6914 -0.2817 -0.6653
vn 0.0934 -0.5786 0.8102
vn -0.5846 0.1317 -0.8006
vn -0.1797 -0.2270 0.9572
vn 0.8755 0.4686 -0.1184
vn 0.7873 0.4704 0.3986
vn -0.5522 -0.5874 0.5917
vn -0.7121 0.6444 0.2788
vn 0.7358 -0.4651 0.4923
vn 0.3192 -0.9079 0.2718
vn -0.5911 0.6322 0.5009
vn 0.8052 -0.2831 -0.5210
vn 0.3754 -0.8743 -0.3077
vn 0.2508 -0.0349 -0.9674
vn 0.8055 -0.5510 -0.2181
vn -0.0661 0.7105 -0.7006
vn -0.8294 0.1504 -0.5380
vn -0.3859 0.0593 0.9207
vn -0.5534 0.1573 -0.8179
vn 0.9254 0.3544 -0.1341
vn -0.2199 -0.2718 0.9369
vn 0.8892 0.0772 0.4510
vn 0.8393 -0.4734 -0.2674
vn 0.7701 0.6300 -0.1000
vn -0.6769 -0.2852 0.6786
vn 0.1238 0.4637 -0.8773
vn -0.0205 0.9160 -0.4006
vn -0.9425 0.1690 -0.2882
vn -0.9950 0.0510 0.0854
vn 0.9782 -0.0133 0.2071
vn 0.3163 0.2957 0.9014
vn 0.4818 0.2929 -0.8259
vn 0.6786 0.0582 0.7322
vn -0.8815 -0.1505 0.4475
vn 0.6887 0.6992 0.1919
vn -0.8634 0.1856 -0.4691
vn -0.0397 0.0903 -0.9951
vn 0.9963 -0.0782 -0.0355
vn 0.8492 0.2186 0.4806
vn -0.6636 0.2018 0.7203
vn -0.9814 0.0141 -0.1917
vn 0.6707 0.5359 -0.5128
vn -0.2776 0.4023 -0.8724
vn 0.0110 0.4363 0.8997
vn -0.7602 0.0333 -0.6489
vn 0.8874 -0.0588 -0.4573
vn 0.8625 0.5055 -0.0237
vn -0.7510 0.6598 0.0280
vn 0.8518 0.5197 -0.0654
vn -0.0361 -0.8654 -0.4998
vn -0.9137 0.4043 0.0419
vn -0.6995 -0.2521 0.6687
vn -0.2096 -0.7878 0.5792
vn 0.1046 0.9854 0.1340
vn 0.6172 -0.4798 0.6236
vn 0.6282 0.2072 0.7500
vn 0.5864 -0.2109 -0.7821
vn -0.0390 -0.8332 -0.5515
vn 0.6689 0.6859 0.2868
vn -0.8646 0.4945 0.0896
vn -0.3993 0.8920 0.2120
vn 0.0962 0.8517 -0.5151
vn -0.7029 0.4012 -0.5873
vn -0.5221 0.1492 -0.8397
vn 0.6975 0.6378 0.3266
vn -0.7919 -0.3179 0.5214
vn 0.1923 -0.7936 -0.5773
vn 0.0653 -0.9772 0.2022
vn -0.4889 -0.1368 0.8616
vn -0.5262 0.8493 0.0428
vn 0.0823 0.9810 -0.1759
vn 0.1560 0.1929 -0.9687
vn 0.6560 -0.7520 0.0638
vn -0.8431 0.5337 0.0655
vn -0.0867 -0.0053 0.9962
vn 0.8760 -0.1626 0.4540
vn 0.4115 -0.2899 -0.8641
vn -0.9676 0.2251 -0.1145
vn 0.4493 0.2801 0.8484
vn 0.3873 0.1901 0.9021
vn -0.9580 0.2399 -0.1569
vn 0.5763 0.3764 -0.7254
vn 0.3352 0.7581 -0.5594
vn 0.9203 -0.2919 0.2605
vn -0.1301 0.9853 0.1108
vn -0.9700 0.1034 -0.2202
vn 0.3132 -0.9242 -0.2184
vn 0.6037 0.7680 0.2138
vn -0.9009 -0.1578 0.4043
vn -0.5874 0.4599 0.6659
vn 0.1392 0.3995 0.9061
vn -0.7004 0.2977 -0.6487
vn -0.9560 0.2691 -0.1167
vn -0.7567 -0.1767 0.6295
vn 0.5295 0.3237 -0.7841
vn -0.9353 -0.3502 0.0509
vn -0.6079 0.5013 -0.6157
vn -0.6892 0.7083 -0.1528
vn 0.2224 -0.9750 -0.0019
vn 0.2042 -0.9789 -0.0117
vn -0.4280 -0.8440 -0.3233
vn -0.6927 0.7211 -0.0116
vn -0.0078 0.3009 0.9536
vn 0.3054 -0.6194 0.7232
vn -0.2519 0.6733 0.6952
vn 0.1144 -0.3797 -0.9180
vn -0.8608 0.4685 -0.1989
vn -0.2682 0.4217 -0.8662
vn -0.8926 0.1150 0.4359
vn 0.7810 -0.3284 -0.5312
vn 0.4942 0.1146 0.8617
vn 0.2419 -0.2897 0.9261
vn 0.4356 -0.7021 0.5633
vn 0.9403 0.3225 0.1091
vn 0.1904 0.8817 -0.4317
vn 0.9451 -0.2394 0.2223
vn 0.2667 0.8621 -0.4309
vn -0.9255 0.1840 0.3309
vn 0.3709 0.2624 -0.8908
vn -0.5685 -0.6519 0.5019
vn 0.0629 -0.8365 -0.5444
vn -0.3138 0.4392 0.8418
vn 0.6880 0.1056 0.7180
vn -0.6649 0.7250 0.1796
vn 0.2790 -0.3264 -0.9031
vn 0.7389 -0.5396 0.4036
vn -0.2691 -0.9628 0.0235
vn -0.8777 -0.1756 -0.4458
vn 0.6552 -0.7481 -0.1054
vn 0.3008 0.9481 -0.1034
vn -0.4291 -0.6546 0.6224
vn -0.2819 0.8120 -0.5110
vn 0.2179 0.3551 0.9091
vn -0.0185 0.6429 0.7657
vn -0.6624 0.6898 0.2922
vn -0.6389 -0.7666 0.0639
vn -0.8548 0.1463 -0.4979
vn -0.5957 -0.7552 0.2736
vn 0.1288 -0.6818 -0.7201
vn -0.5430 0.8367 -0.0715
vn 0.6313 0.0039 0.7755
vn -0.8075 -0.5743 0.1344
vn 0.4851 0.1118 -0.8673
vn -0.2506 -0.1501 0.9564
vn -0.2807 -0.7000 -0.6567
vn -0.2089 0.8824 -0.4215
vn -0.9284 0.3100 0.2049
vn 0.6439 -0.1269 -0.7545
vn 0.4105 0.8125 -0.4139
vn -0.9822 -0.1712 0.0776
vn 0.5640 -0.8025 0.1949
vn -0.7308 0.1088 0.6738
vn -0.4870 0.1747 0.8558
vn -0.8252 0.1051 -0.5549
vn 0.5891 0.7831 0.1992
vn -0.9853 -0.1590 0.0627
vn -0.9300 0.3035 0.2073
vn -0.5443 0.7615 -0.3519
vn -0.5868 -0.4973 0.6390
vn 0.4549 -0.3073 -0.8359
vn 0.0532 0.8428 0.5356
vn -0.2167 -0.3748 0.9014
vn 0.0184 -0.8811 0.4726
vn -0.0515 -0.9986 -0.0088
vn 0.8200 0.0649 0.5686
vn 0.6357 -0.7654 -0.1002
vn -0.1346 0.0699 0.9884
vn -0.7552 -0.5757 0.3134
vn 0.8788 -0.4675 -0.0954
vn -0.1744 0.8128 -0.5558
vn -0.1826 -0.9612 -0.2068
vn 0.4651 0.3857 -0.7968
vn -0.3777 -0.6684 -0.6408
vn 0.7689 -0.6081 -0.1975
vn 0.1399 0.9499 0.2793
vn 0.6886 -0.1115 0.7165
vn -0.1256 0.6457 0.7532
vn -0.6288 0.2753 -0.7272
vn 0.9235 -0.2583 -0.2835
vn 0.6047 0.5317 -0.5930
vn 0.2405 0.9604 -0.1410
vn -0.1925 -0.7854 0.5883
vn -0.7743 -0.2850 -0.5650
vn 0.9065 0.2775 0.3181
vn -0.3529 0.6996 -0.6213
vn 0.0806 0.7852 -0.6140
vn 0.5977 -0.3861 0.7026
vn -0.2511 -0.9518 -0.1760
vn 0.7348 0.1566 0.6600
vn -0.2657 0.9011 -0.3426
vn -0.3629 -0.0950 -0.9270
vn 0.9083 -0.3101 -0.2808
vn -0.3879 -0.0830 0.9180
vn -0.5754 -0.6468 -0.5006
vn 0.7219 0.3161 0.6156
vn 0.3835 -0.7603 0.5243
vn -0.8365 0.1701 0.5209
vn -0.3605 0.6678 -0.6513
vn -0.7433 0.5083 -0.4350
vn 0.7702 0.3169 0.5536
vn 0.3090 -0.9035 -0.2970
vn 0.2266 -0.9649 -0.1328
vn -0.7154 -0.3168 0.6227
vn -0.1637 0.9089 0.3835
vn -0.2634 0.9626 0.0632
vn 0.8078 -0.1659 -0.5656
vn 0.4349 0.8679 -0.2399
vn 0.6421 0.6816 -0.3508
vn 0.3257 -0.7261 0.6055
vn 0.3927 0.9026 0.1763
vn -0.4617 -0.0258 -0.8867
vn -0.4335 -0.0938 -0.8962
vn 0.9169 0.0335 -0.3977
vn 0.2499 -0.9660 -0.0659
vn 0.3371 0.6487 -0.6823
vn -0.9081 -0.0117 0.4186
vn 0.4439 0.5507 -0.7069
vn 0.0699 0.6493 -0.7573
vn -0.6744 -0.2543 -0.6931
vn 0.5636 0.7731 0.2910
vn -0.5670 0.2835 0.7734
vn 0.0768 -0.6417 0.7631
vn 0.7448 0.1533 -0.6495
vn -0.6487 0.0248 -0.7606
vn 0.3300 -0.3400 0.8806
vn 0.0494 -0.8336 0.5502
vn -0.6249 -0.1591 -0.7643
vn 0.6224 -0.7775 0.0900
vn -0.5639 -0.1827 -0.8054
vn 0.8267 -0.5190 -0.2171
vn 0.6793 0.0341 -0.7331
vn 0.2163 -0.5899 0.7780
vn -0.4946 0.7880 -0.3666
vn -0.4253 0.1058 0.8989
vn -0.6035 0.7667 0.2191
vn 0.1413 -0.9848 -0.1011
vn -0.1425 -0.1444 0.9792
vn 0.3273 -0.4194 0.8468
vn -0.7949 -0.4678 -0.3865
vn 0.1268 -0.9802 -0.1524
vn -0.8348 -0.3534 0.4221
vn 0.2694 0.2536 -0.9291
vn 0.1198 -0.8539 0.5065
vn 0.1380 0.2821 -0.9494
vn 0.6597 0.4380 0.6107
vn 0.5567 -0.7472 -0.3631
vn 0.8598 -0.4759 -0.1852
vn -0.1602 0.0073 0.9870
vn -0.9296 -0.0846 -0.3588
vn 0.8744 0.3594 -0.3260
vn -0.8779 -0.4487 0.1671
vn 0.7155 -0.1745 0.6765
vn 0.1372 0.1035 -0.9851
vn 0.0105 0.2349 -0.9720
vn 0.6547 0.3058 0.6913
vn 0.9463 -0.3233 0.0046
vn 0.9335 -0.2399 -0.2665
vn -0.6409 0.2880 -0.7116
vn 0.7803 -0.6146 -0.1153
vn -0.4938 -0.4361 0.7524
vn -0.8644 0.4901 0.1126
vn 0.2664 -0.9627 -0.0468
vn 0.1581 -0.0307 -0.9869
vn 0.8251 0.2708 0.4958
vn 0.3482 0.0906 -0.9330
vn 0.6278 -0.5968 0.4997
vn -0.4209 -0.2059 0.8834
vn 0.0153 0.1881 0.9820
vn 0.0236 -0.9900 -0.1393
vn 0.4307 0.0571 0.9007
vn 0.9276 0.1205 0.3537
vn -0.6718 -0.2699 0.6898
vn -0.5086 -0.4466 0.7361
vn 0.9359 -0.2664 -0.2306
vn -0.2156 -0.9697 -0.1150
vn -0.1566 0.7459 -0.6474
vn -0.2363 -0.7375 -0.6327
vn 0.1106 0.4899 0.8647
vn 0.7848 0.6133 0.0894
vn -0.1518 -0.3351 -0.9299
vn -0.3010 -0.4775 0.8255
vn 0.9230 -0.1884 -0.3354
vn 0.0299 -0.6964 -0.7170
vn 0.3793 -0.4970 0.7805
vn 0.4680 -0.3486 0.8121
vn -0.1464 -0.6379 -0.7561
vn 0.0008 0.7673 0.6413
vn 0.1856 0.9329 -0.3087
vn -0.0288 0.9644 -0.2629
vn -0.9068 -0.4048 -0.1180
vn -0.4265 -0.8621 -0.2735
vn -0.8171 -0.4322 0.3816
vn 0.8116 0.4632 -0.3560
vn 0.7050 0.2714 -0.6552
vn -0.7634 -0.1938 0.6162
vn -0.6094 -0.1519 0.7782
vn -0.7182 0.1630 -0.6764
vn 0.7613 -0.2501 -0.5982
vn 0.3042 -0.2565 0.9174
vn -0.1115 -0.8778 -0.4658
vn -0.0467 0.9579 0.2834
vn -0.8842 -0.1748 -0.4332
vn -0.4297 0.2358 -0.8716
vn -0.0658 0.9700 0.2339
vn -0.4502 0.7095 0.5421
vn 0.2442 -0.4816 -0.8417
vn -0.6564 0.2732 0.7032
vn 0.1142 0.4641 0.8784
vn -0.7888 -0.6063 -0.1015
vn -0.6302 -0.7543 0.1842
vn 0.7099 0.0156 -0.7041
vn -0.6513 -0.5035 0.5678
vn -0.8538 0.0453 0.5187
vn 0.8787 -0.3151 0.3586
vn 0.1845 -0.0645 0.9807
vn -0.4797 0.4336 -0.7628
vn 0.2488 -0.9553 -0.1600
vn -0.4062 -0.6814 -0.6088
vn 0.5659 -0.8107 0.1500
vn 0.9954 -0.0576 0.0761
vn 0.2793 -0.6286 -0.7259
vn -0.8394 -0.5204 0.1566
vn -0.7000 -0.7030 0.1261
vn 0.7838 0.0843 -0.6152
vn -0.4819 0.4722 -0.7381
vn -0.1725 0.8847 0.4332
vn 0.1669 0.5940 -0.7870
vn -0.5937 -0.2152 -0.7754
vn -0.5938 -0.2162 -0.7750
vn -0.5959 -0.2168 -0.7732
vn -0.5961 -0.2173 -0.7730
vn 0.2762 0.8691 0.4104
vn 0.3342 0.7132 0.6161
vn 0.3335 0.7142 0.6154
vn 0.4380 0.3062 -0.8452
vn 0.4381 0.2815 -0.8537
vn 0.4363 0.2797 -0.8552
vn 0.4378 0.3093 -0.8442
vn 0.2699 0.2544 -0.9287
vn 0.2701 0.2555 -0.9283
vn 0.2670 0.2301 -0.9358
vn 0.2701 0.2300 -0.9350
vn 0.4450 -0.3468 0.8257
vn 0.4446 -0.3447 0.8267
vn 0.3710 -0.1255 0.9201
vn -0.2165 0.8749 -0.4331
vn 0.3966 0.2341 0.8877
vn 0.3971 0.2345 0.8873
vn -0.3953 -0.1149 -0.9113
vn -0.3946 -0.1163 -0.9115
vn -0.9648 0.2155 0.1509
vn -0.0883 -0.2012 -0.9756
vn 0.1282 -0.8885 -0.4405
vn -0.7232 -0.3149 -0.6147
vn -0.7227 -0.3175 -0.6139
vn 0.6292 0.6085 0.4835
vn 0.6872 0.3674 -0.6267
vn 0.6859 0.3670 -0.6283
vn 0.6864 0.3669 -0.6279
vn 0.6851 0.3679 -0.6288
vn 0.0802 0.2581 0.9628
vn 0.0728 0.2498 0.9656
vn 0.0728 0.2501 0.9655
vn 0.0817 0.2560 0.9632
vn 0.5115 0.2340 -0.8268
vn -0.8777 -0.0154 0.4790
vn -0.8666 -0.0172 0.4987
vn -0.8769 -0.0156 0.4803
vn 0.8621 0.2385 -0.4471
vn 0.8652 0.2327 -0.4441
vn 0.8651 0.2330 -0.4442
vn 0.8618 0.2395 -0.4471
vn -0.5197 -0.2019 -0.8302
vn -0.4480 -0.7175 0.5334
vn -0.4490 -0.7177 0.5323
vn -0.4458 -0.7381 0.5064
vn 0.4376 0.8848 -0.1602
vn 0.8942 -0.4454 0.0451
vn -0.2089 -0.7405 -0.6387
vn -0.2098 -0.7406 -0.6384
vn -0.8940 0.2408 0.3778
vn -0.8937 0.2407 0.3785
vn -0.8916 0.2432 0.3819
vn -0.8914 0.2435 0.3822
vn -0.9094 0.0340 0.4146
vn -0.9095 0.0332 0.4143
vn -0.4331 -0.8111 -0.3931
vn -0.4352 -0.8090 -0.3952
vn -0.4300 -0.8108 -0.3971
vn -0.4302 -0.8111 -0.3963
vn 0.3493 0.9362 0.0384
vn 0.3451 0.9374 0.0460
vn 0.3452 0.9374 0.0457
vn 0.3504 0.9357 0.0401
vn -0.2628 0.8744 -0.4079
vn 0.8015 -0.2187 0.5565
vn 0.9356 -0.0057 -0.3530
vn 0.8534 0.1947 -0.4835
vn 0.8596 0.1798 -0.4783
vn 0.8599 0.1798 -0.4777
vn 0.8531 0.1954 -0.4838
vn 0.5669 0.8079 0.1612
vn 0.5712 0.8043 0.1641
vn 0.5710 0.8044 0.1640
vn 0.5661 0.8085 0.1607
vn 0.4660 -0.8328 -0.2986
vn 0.4650 -0.8331 -0.2996
vn 0.4646 -0.8307 -0.3068
vn 0.4647 -0.8305 -0.3070
vn 0.8364 -0.2485 0.4886
vn 0.8361 -0.2512 0.4876
vn 0.8360 -0.2444 0.4912
vn 0.8365 -0.2446 0.4903
vn 0.1891 -0.7437 -0.6412
vn 0.1860 -0.7574 -0.6259
vn 0.1858 -0.7566 -0.6269
vn 0.1910 -0.7444 -0.6399
vn 0.9289 0.3634 -0.0707
vn 0.9279 0.3656 -0.0727
vn 0.9253 0.3714 -0.0770
vn 0.9252 0.3715 -0.0770
vn -0.9385 0.2189 0.2671
vn -0.9390 0.2204 0.2641
vn -0.9389 0.2205 0.2642
vn -0.9373 0.2210 0.2695
vn -0.8026 -0.2358 -0.5480
vn -0.7990 -0.2367 -0.5528
vn 0.4941 0.8642 0.0945
vn 0.9630 -0.0088 -0.2694
vn 0.9629 -0.0114 -0.2697
vn 0.9649 -0.0053 -0.2625
vn 0.9643 -0.0075 -0.2647
vn 0.6139 -0.7770 0.1395
vn 0.6135 -0.7773 0.1395
vn 0.6550 0.3702 -0.6587
vn 0.6545 0.3702 -0.6592
vn 0.6527 0.3713 -0.6604
vn 0.6523 0.3714 -0.6608
vn 0.2223 0.9739 0.0457
vn 0.2221 0.9739 0.0471
vn -0.0946 -0.9527 -0.2887
vn -0.0983 -0.9528 -0.2872
vn -0.0980 -0.9531 -0.2864
vn -0.7831 0.4374 -0.4421
vn -0.7832 0.4376 -0.4418
vn 0.4157 -0.1982 0.8876
vn 0.4153 -0.1988 0.8877
vn 0.4098 0.0015 0.9122
vn -0.1203 0.8734 0.4720
vn 0.3426 0.9380 0.0531
vn 0.3426 0.9381 0.0515
vn -0.6244 0.2331 0.7455
vn -0.6239 0.2339 0.7457
vn -0.6249 0.2301 0.7460
vn 0.3573 0.7434 -0.5654
vn 0.3578 0.7435 -0.5650
vn 0.3523 0.7457 -0.5655
vn 0.3526 0.7460 -0.5649
vn -0.3989 -0.0526 -0.9155
vn -0.4014 -0.0521 -0.9144
vn -0.3992 -0.0539 -0.9153
vn 0.8102 -0.5401 0.2278
vn 0.4286 -0.2167 0.8771
vn -0.4295 0.8917 -0.1426
vn 0.6473 0.5369 0.5410
vn 0.6530 0.5299 0.5412
vn 0.6529 0.5300 0.5412
vn 0.6489 0.5338 0.5422
vn 0.7391 0.2924 0.6068
vn 0.7332 0.2889 0.6156
vn 0.3719 -0.9148 -0.1574
vn 0.3666 -0.9179 -0.1519
vn 0.3667 -0.9178 -0.1523
vn -0.8646 -0.4423 0.2383
vn -0.8633 -0.4442 0.2395
vn -0.8154 -0.5349 0.2214
vn -0.4442 0.4559 0.7713
vn -0.4442 0.4546 0.7721
vn -0.4433 0.4573 0.7710
vn -0.4440 0.4569 0.7708
vn -0.5506 -0.8031 0.2279
vn 0.8459 0.2130 -0.4890
vn 0.8462 0.2093 -0.4901
vn -0.5541 -0.5747 0.6023
vn -0.5544 -0.5738 0.6028
vn -0.5512 -0.5805 0.5993
vn -0.5518 -0.5795 0.5997
vn -0.9171 -0.0142 0.3983
vn -0.9173 -0.0158 0.3979
vn -0.9187 -0.0161 0.3946
vn -0.9189 -0.0163 0.3943
vn 0.8622 -0.4027 0.3073
vn 0.0640 0.9903 -0.1235
vn 0.0521 0.9920 -0.1147
vn 0.0530 0.9920 -0.1150
vn 0.0654 0.9904 -0.1220
vn 0.4013 0.1111 0.9092
vn 0.4033 0.1112 0.9083
vn 0.4033 0.1114 0.9083
vn 0.4036 0.1114 0.9081
vn -0.5579 -0.7854 0.2680
vn 0.8509 0.4609 -0.2521
vn 0.8501 0.4616 -0.2535
vn -0.1791 -0.8834 0.4332
vn -0.1769 -0.8835 0.4338
vn -0.4015 -0.0510 -0.9144
vn 0.6723 -0.7239 0.1549
vn -0.3086 0.9328 0.1863
vn 0.9162 -0.2149 -0.3382
vn -0.6565 -0.6614 -0.3628
vn -0.6635 0.0014 0.7482
vn -0.6344 0.0135 0.7729
vn -0.6343 0.0144 0.7730
vn -0.6638 0.0013 0.7479
vn 0.5809 0.4021 -0.7077
vn -0.0204 -0.9412 -0.3373
vn -0.4071 0.0195 -0.9132
vn -0.4072 0.0204 -0.9131
vn -0.4084 0.0182 -0.9126
vn -0.4084 0.0177 -0.9126
vn 0.8686 0.2270 -0.4404
vn 0.8690 0.2247 -0.4409
vn -0.9731 -0.1666 0.1592
vn -0.3247 -0.0895 -0.9416
vn -0.6687 -0.7065 0.2318
vn -0.4393 0.4419 -0.7821
vn -0.4465 0.4336 -0.7827
vn -0.4463 0.4338 -0.7827
vn -0.4396 0.4397 -0.7832
vn -0.4494 0.0059 0.8933
vn -0.4470 0.0053 0.8945
vn 0.4209 -0.3256 0.8467
vn 0.4300 -0.3259 0.8419
vn 0.4280 -0.3269 0.8426
vn 0.4222 -0.3290 0.8447
vn 0.7572 -0.6333 0.1600
vn 0.7585 -0.6323 0.1576
vn 0.7575 -0.6334 0.1578
vn 0.7570 -0.6335 0.1599
vn 0.5932 0.3916 -0.7033
vn 0.5931 0.3924 -0.7030
vn 0.5928 0.3927 -0.7031
vn -0.7929 0.2842 0.5391
vn -0.7931 0.2848 0.5384
vn -0.7925 0.2842 0.5396
vn -0.4475 0.4608 0.7664
vn -0.4436 0.4586 0.7700
vn 0.9272 0.2390 -0.2886
vn 0.9272 0.2393 -0.2883
vn 0.6202 0.6629 -0.4195
vn 0.6207 0.6629 -0.4187
vn 0.6243 0.6560 -0.4241
vn 0.6786 0.6331 0.3724
vn 0.6785 0.6331 0.3726
vn 0.6638 0.6641 0.3439
vn -0.4338 0.3983 0.8082
vn -0.4343 0.3992 0.8075
vn -0.5704 -0.3875 0.7242
vn -0.5682 -0.3847 0.7274
vn -0.5679 -0.3857 0.7271
vn -0.5393 0.8381 -0.0824
vn -0.5675 -0.7614 0.3134
vn -0.2280 -0.7509 -0.6198
vn -0.2286 -0.7513 -0.6191
vn 0.8743 -0.3734 -0.3102
vn -0.4307 0.5919 0.6813
vn -0.4765 0.8494 0.2269
vn -0.4701 0.8543 0.2218
vn -0.4702 0.8540 0.2227
vn -0.4763 0.8493 0.2278
vn -0.5521 0.5609 0.6169
vn -0.5524 0.5608 0.6168
vn -0.5493 0.5619 0.6186
vn -0.5498 0.5621 0.6179
vn -0.3888 -0.1180 -0.9137
vn -0.3875 -0.1164 -0.9145
vn -0.4772 -0.8683 0.1353
vn -0.4850 -0.8642 0.1337
vn -0.4872 -0.8633 0.1316
vn -0.4769 -0.8685 0.1352
vn -0.5725 -0.3907 0.7208
vn -0.5726 -0.3903 0.7210
vn -0.8250 -0.3532 -0.4411
vn -0.8240 -0.3559 -0.4409
vn 0.8295 -0.5253 0.1897
vn -0.2839 -0.5962 -0.7510
vn -0.2834 -0.5965 -0.7510
vn -0.8011 -0.5486 0.2395
vn -0.5568 -0.5666 0.6074
vn -0.5575 -0.5673 0.6062
vn 0.7116 0.2884 -0.6407
vn 0.7430 0.3056 -0.5954
vn 0.7425 0.3053 -0.5963
vn 0.7110 0.2886 -0.6412
vn -0.7925 -0.2159 -0.5704
vn -0.7873 -0.2262 -0.5736
vn -0.7947 -0.2165 -0.5670
vn -0.4680 -0.8732 0.1362
vn -0.4671 -0.8735 0.1368
vn -0.4615 0.0803 0.8835
vn -0.4619 0.0793 0.8834
vn -0.4628 0.0771 0.8831
vn -0.4642 0.0815 0.8820
vn 0.6492 0.3704 -0.6643
vn 0.6514 0.3703 -0.6622
vn -0.4352 0.2926 0.8515
vn -0.4362 0.2857 0.8533
vn -0.4353 0.2928 0.8514
vn -0.3446 -0.1063 -0.9327
vn -0.3438 -0.1065 -0.9330
vn -0.1590 0.9685 -0.1914
vn -0.3215 -0.8418 -0.4336
vn -0.3218 -0.8421 -0.4327
vn -0.3259 -0.8395 -0.4347
vn -0.3266 -0.8386 -0.4360
vn -0.4142 0.1220 -0.9020
vn -0.4134 0.1223 -0.9023
vn 0.8085 0.4885 -0.3281
vn -0.7248 0.6727 -0.1488
vn -0.0994 -0.9531 -0.2857
vn -0.1022 -0.9535 -0.2835
vn 0.7736 0.2175 0.5952
vn 0.7739 0.2167 0.5951
vn 0.7576 0.2222 0.6137
vn 0.7582 0.2227 0.6127
vn -0.7420 0.6539 -0.1479
vn -0.9308 0.0249 0.3646
vn -0.9314 0.0243 0.3633
vn 0.8420 0.3164 -0.4370
vn -0.8825 0.1413 -0.4486
vn -0.8819 0.1413 -0.4497
vn -0.8656 0.1516 -0.4772
vn -0.8656 0.1507 -0.4775
vn -0.2743 -0.0603 0.9598
vn -0.2742 -0.0611 0.9597
vn -0.0242 0.9773 -0.2106
vn 0.4524 0.7834 -0.4261
vn 0.4527 0.7829 -0.4267
vn 0.4492 0.7888 -0.4195
vn 0.4491 0.7886 -0.4200
vn 0.8894 0.2789 -0.3622
vn 0.8902 0.2796 -0.3597
vn 0.8900 0.2794 -0.3604
vn 0.8904 0.2776 -0.3607
vn -0.7660 0.5353 -0.3559
vn -0.7646 0.5403 -0.3513
vn -0.7647 0.5402 -0.3514
vn -0.7665 0.5337 -0.3573
vn 0.3757 0.7527 -0.5406
vn 0.8846 0.0301 0.4654
vn -0.8416 0.0596 0.5368
vn 0.6155 -0.2847 -0.7349
vn 0.6155 -0.2845 -0.7350
vn 0.6158 -0.2868 -0.7338
vn -0.7301 -0.6414 0.2359
vn -0.7368 -0.6337 0.2356
vn -0.7365 -0.6340 0.2356
vn -0.7281 -0.6429 0.2380
vn -0.7645 -0.4547 0.4570
vn -0.7531 -0.4842 0.4455
vn -0.7536 -0.4833 0.4455
vn -0.7642 -0.4539 0.4583
vn 0.9360 0.3403 -0.0897
vn 0.9364 0.3391 -0.0908
vn 0.9378 0.3284 -0.1126
vn 0.9964 0.0129 -0.0838
vn 0.9964 0.0149 -0.0837
vn 0.9970 0.0107 -0.0766
vn 0.9970 0.0091 -0.0765
vn -0.7310 0.5678 -0.3786
vn -0.7275 0.5723 -0.3784
vn -0.7276 0.5722 -0.3784
vn -0.2965 -0.2199 0.9294
vn -0.2958 -0.2190 0.9298
vn 0.7281 0.2841 0.6238
vn 0.7268 0.2873 0.6238
vn 0.8095 -0.2712 -0.5208
vn 0.8066 -0.2719 -0.5249
vn 0.8083 -0.2680 -0.5242
vn 0.8095 -0.2712 -0.5207
vn 0.8860 -0.4190 -0.1985
vn 0.1586 -0.1731 -0.9721
vn 0.1614 -0.1728 -0.9716
vn 0.8679 -0.0323 -0.4958
vn 0.8337 -0.2898 0.4700
vn 0.6226 0.4111 -0.6659
vn 0.6223 0.4103 -0.6666
vn 0.6209 0.4156 -0.6646
vn 0.6223 0.4164 -0.6629
vn 0.7360 -0.4725 -0.4848
vn 0.7224 -0.5103 -0.4667
vn 0.7218 -0.5126 -0.4651
vn 0.7380 -0.4678 -0.4863
vn 0.9929 0.1070 -0.0520
vn 0.9929 0.1064 -0.0527
vn 0.9926 0.1116 -0.0482
vn -0.4624 0.0750 0.8835
vn -0.4613 0.0745 0.8841
vn -0.8635 0.0650 0.5002
vn -0.8633 0.0645 0.5005
vn -0.0162 -0.8380 -0.5455
vn -0.0261 -0.8384 -0.5445
vn -0.0265 -0.8380 -0.5450
vn -0.0157 -0.8380 -0.5454
vn -0.8480 0.0488 -0.5278
vn -0.8428 0.0433 -0.5365
vn -0.8433 0.0430 -0.5357
vn -0.8479 0.0455 -0.5281
vn 0.6209 0.2623 -0.7387
vn 0.5909 0.2863 -0.7542
vn 0.5912 0.2841 -0.7548
vn 0.6212 0.2614 -0.7387
vn 0.8728 -0.3651 0.3238
vn 0.8726 -0.3639 0.3258
vn 0.3545 0.7500 -0.5585
vn 0.3728 -0.3251 0.8691
vn 0.3738 -0.3253 0.8686
vn -0.8948 -0.0810 0.4390
vn -0.8954 -0.0798 0.4380
vn -0.9685 0.2064 0.1394
vn -0.9689 0.2065 0.1364
vn -0.6115 0.1631 0.7743
vn -0.0691 -0.9126 0.4030
vn -0.0597 -0.9137 0.4020
vn -0.0626 -0.9143 0.4002
vn -0.0690 -0.9127 0.4028
vn 0.6499 0.2367 -0.7222
vn 0.6493 0.2381 -0.7223
vn -0.9969 -0.0485 0.0627
vn -0.9970 -0.0449 0.0637
vn -0.9966 -0.0425 0.0699
vn 0.2995 0.5336 0.7909
vn 0.2984 0.5368 0.7892
vn 0.2977 0.5370 0.7893
vn 0.2999 0.5332 0.7911
vn -0.9395 -0.2441 0.2402
vn -0.9387 -0.2450 0.2425
vn -0.9395 -0.2479 0.2362
vn -0.9397 -0.2480 0.2355
vn -0.9401 0.2208 0.2598
vn -0.9396 0.2223 0.2604
vn -0.1609 0.6656 -0.7288
vn 0.5557 -0.3648 0.7471
vn 0.2049 0.9788 -0.0051
vn 0.1928 0.9812 -0.0028
vn 0.1928 0.9812 -0.0041
vn 0.2054 0.9787 -0.0052
vn -0.6277 0.0881 0.7734
vn -0.6293 0.0889 0.7721
vn -0.7404 0.4947 -0.4551
vn -0.6656 0.1209 0.7365
vn -0.6645 0.1219 0.7373
vn -0.6620 0.1184 0.7401
vn -0.6632 0.1196 0.7388
vn 0.5736 0.2209 -0.7888
vn 0.4037 0.5072 -0.7614
vn 0.3970 0.5152 -0.7596
vn 0.3975 0.5149 -0.7595
vn 0.4059 0.5065 -0.7607
vn -0.1996 -0.4143 0.8880
vn -0.2018 -0.4146 0.8873
vn -0.1963 -0.4166 0.8877
vn -0.1962 -0.4166 0.8877
vn 0.7600 -0.1996 -0.6185
vn -0.2624 -0.9575 -0.1197
vn -0.2418 -0.9612 -0.1326
vn -0.2420 -0.9611 -0.1335
vn -0.2391 -0.9615 -0.1358
vn -0.2415 -0.9613 -0.1327
vn -0.1238 0.9653 -0.2299
vn -0.1237 0.9654 -0.2296
vn -0.1317 0.9653 -0.2253
vn -0.1323 0.9651 -0.2259
vn 0.6877 -0.0144 -0.7259
vn 0.5956 -0.5992 -0.5350
vn 0.4592 -0.5738 -0.6781
vn 0.6583 0.5231 0.5412
vn 0.6580 0.5250 0.5398
vn -0.8316 0.3831 -0.4020
vn -0.8308 0.3823 -0.4045
vn -0.7761 0.4040 -0.4843
vn -0.7060 -0.6260 -0.3312
vn -0.7271 -0.5943 -0.3436
vn -0.7267 -0.5947 -0.3438
vn -0.7058 -0.6261 -0.3314
vn 0.8699 -0.0341 -0.4920
vn -0.7531 0.4648 -0.4656
vn -0.4726 0.5753 0.6676
vn 0.8619 0.3060 -0.4044
vn 0.8625 0.3055 -0.4034
vn 0.5281 -0.8352 0.1536
vn 0.8444 -0.1357 0.5183
vn 0.8441 -0.1365 0.5186
vn -0.7453 -0.5633 -0.3566
vn -0.7458 -0.5626 -0.3569
vn -0.4152 0.3155 -0.8533
vn -0.9961 0.0878 -0.0064
vn -0.9961 0.0877 -0.0065
vn -0.9952 0.0975 0.0008
vn -0.9956 0.0936 -0.0019
vn 0.9612 -0.0144 -0.2754
vn 0.9604 -0.0165 -0.2780
vn 0.2678 0.9464 0.1803
vn -0.1924 -0.4184 0.8877
vn -0.1918 -0.4188 0.8876
vn -0.7630 0.5461 -0.3459
vn -0.7635 0.5456 -0.3456
vn -0.4341 0.2969 0.8505
vn -0.4339 0.2957 0.8510
vn -0.9965 0.0825 -0.0129
vn -0.9968 0.0789 -0.0137
vn -0.4219 0.2206 -0.8794
vn -0.7060 -0.0160 0.7080
vn -0.2260 -0.8598 0.4580
vn -0.7913 0.3097 -0.5272
vn -0.7109 -0.6421 0.2871
vn -0.7109 -0.6418 0.2876
vn 0.7886 0.2137 0.5766
vn 0.7889 0.2102 0.5775
vn 0.4380 0.3339 -0.8347
vn 0.4383 0.3343 -0.8344
vn 0.4058 -0.0832 0.9102
vn 0.7213 -0.3339 0.6068
vn -0.6211 -0.1093 0.7760
vn 0.7547 0.3511 -0.5542
vn 0.7542 0.3517 -0.5546
vn 0.7742 0.0768 0.6282
vn 0.7733 0.0789 0.6291
vn -0.5902 0.7696 -0.2437
vn -0.5220 -0.2048 -0.8280
vn 0.9750 0.2190 0.0380
vn 0.9748 0.2200 0.0381
vn 0.9745 0.2202 0.0426
vn 0.9746 0.2200 0.0419
vn -0.6594 -0.7211 0.2126
vn -0.3445 -0.9376 0.0476
vn -0.3458 -0.9371 0.0476
vn -0.3488 -0.9360 0.0478
vn -0.3490 -0.9359 0.0477
vn -0.7706 0.1172 0.6265
vn -0.8885 -0.0662 0.4540
vn -0.2113 0.9005 0.3801
vn -0.1993 0.9052 0.3755
vn -0.2118 0.9003 0.3802
vn 0.9268 0.2840 -0.2457
vn 0.9285 0.2812 -0.2427
vn 0.9028 -0.2779 0.3283
vn -0.5789 -0.7956 0.1786
vn 0.3766 -0.3200 0.8694
vn 0.3770 -0.3196 0.8693
vn 0.6152 -0.2824 -0.7360
vn 0.9024 0.2222 -0.3692
vn 0.9021 0.2238 -0.3691
vn 0.9051 0.2225 -0.3624
vn 0.9053 0.2227 -0.3618
vn 0.1184 -0.5820 0.8045
vn 0.1620 -0.5878 0.7927
vn 0.1612 -0.5880 0.7927
vn 0.1168 -0.5822 0.8046
vn 0.0254 0.9680 -0.2498
vn -0.3522 0.9324 -0.0811
vn 0.1208 0.7303 0.6724
vn -0.0037 0.8607 0.5091
vn -0.0038 0.8609 0.5088
vn -0.0001 0.8612 0.5082
vn 0.0017 0.8610 0.5086
vn 0.5759 0.5035 -0.6441
vn 0.5757 0.5042 -0.6437
vn 0.5707 0.5169 -0.6381
vn 0.5700 0.5184 -0.6374
vn -0.1202 -0.9344 -0.3354
vn -0.1190 -0.9343 -0.3360
vn 0.8122 -0.2697 -0.5172
vn 0.8112 -0.2727 -0.5173
vn 0.7718 0.3212 -0.5488
vn 0.7709 0.3214 -0.5499
vn -0.6757 -0.6526 -0.3428
vn -0.3468 -0.7714 0.5335
vn 0.9300 0.2351 -0.2825
vn 0.9288 0.2367 -0.2850
vn -0.1173 -0.9748 0.1900
vn 0.8307 -0.5251 0.1849
vn 0.8320 -0.5228 0.1858
vn 0.4670 -0.3447 0.8143
vn 0.1447 0.7417 0.6549
vn -0.0375 -0.3253 -0.9449
vn 0.6370 -0.3571 0.6832
vn 0.6375 -0.3594 0.6815
vn 0.6383 -0.3571 0.6820
vn 0.6388 -0.3571 0.6815
vn -0.7066 0.4134 0.5743
vn -0.7044 0.4200 0.5723
vn -0.7040 0.4204 0.5724
vn -0.4099 0.0148 -0.9120
vn -0.4094 0.0172 -0.9122
vn -0.8457 0.0650 0.5296
vn -0.0109 0.8613 0.5080
vn -0.0083 0.8608 0.5089
vn -0.4252 -0.8127 -0.3984
vn -0.4258 -0.8123 -0.3985
vn 0.4622 -0.3803 0.8011
vn -0.3859 -0.1550 -0.9094
vn 0.1797 -0.7756 -0.6051
vn 0.6398 -0.3543 0.6820
vn 0.6410 -0.3544 0.6809
vn 0.1235 0.5209 0.8446
vn 0.1235 0.5217 0.8442
vn -0.5976 0.7945 0.1077
vn -0.5982 0.7942 0.1071
vn 0.3811 -0.6129 -0.6922
vn 0.3823 -0.6127 -0.6918
vn 0.9080 0.2220 -0.3554
vn 0.9078 0.2224 -0.3557
vn -0.0789 -0.9109 0.4051
vn -0.0777 -0.9110 0.4050
vn -0.2477 -0.3690 0.8958
vn 0.4417 -0.3234 0.8368
vn -0.2093 0.9160 -0.3423
vn 0.7536 0.3522 -0.5550
vn 0.7536 0.3520 -0.5552
vn -0.8951 0.0607 0.4417
vn -0.8264 -0.1873 -0.5310
vn -0.8267 -0.1865 -0.5309
vn 0.6986 -0.7034 0.1314
vn 0.5751 0.3263 -0.7502
vn 0.5751 0.3267 -0.7500
vn -0.5850 -0.2082 0.7838
vn -0.5842 -0.2006 0.7864
vn -0.5847 -0.2004 0.7861
vn -0.5861 -0.2066 0.7835
vn 0.5417 -0.4369 -0.7181
vn 0.5421 -0.4286 -0.7228
vn 0.5424 -0.4297 -0.7219
vn 0.5405 -0.4373 -0.7188
vn -0.8479 0.1614 -0.5050
vn -0.8476 0.1604 -0.5059
vn 0.2178 0.9760 -0.0048
vn 0.2188 0.9758 -0.0048
vn -0.6240 0.2355 0.7451
vn -0.6229 0.2369 0.7456
vn -0.0142 -0.5079 0.8613
vn -0.0071 -0.5067 0.8621
vn -0.0090 -0.5059 0.8625
vn -0.0167 -0.5083 0.8610
vn -0.6368 -0.7290 -0.2510
vn 0.9976 0.0068 -0.0684
vn 0.9975 0.0043 -0.0705
vn 0.9350 0.3467 -0.0747
vn 0.9351 0.3464 -0.0748
vn 0.8512 0.4641 -0.2451
vn 0.6581 -0.5898 -0.4680
vn -0.7415 -0.5108 0.4351
vn -0.7413 -0.5121 0.4339
vn -0.9872 0.1495 0.0560
vn -0.9870 0.1503 0.0566
vn 0.7519 0.5885 0.2973
vn -0.7662 0.3647 -0.5291
vn -0.7658 0.3663 -0.5285
vn 0.6227 0.7404 0.2530
vn 0.6215 0.7421 0.2510
vn 0.6028 -0.0804 -0.7938
vn 0.6031 -0.0798 -0.7936
vn 0.6034 -0.0829 -0.7931
vn 0.6040 -0.0820 -0.7927
vn -0.2428 -0.9612 -0.1310
vn -0.2446 -0.9608 -0.1302
vn 0.2718 0.2797 -0.9208
vn 0.2713 0.2796 -0.9210
vn -0.7440 -0.6253 0.2354
vn -0.7444 -0.6253 0.2341
vn -0.6475 0.7471 -0.1503
vn -0.6470 0.7474 -0.1512
vn -0.6170 0.7756 -0.1331
vn -0.6152 0.7778 -0.1290
vn 0.8910 0.2789 -0.3582
vn 0.8894 0.2804 -0.3611
vn 0.8709 -0.3175 -0.3750
vn 0.0417 0.9935 -0.1060
vn 0.0414 0.9933 -0.1075
vn -0.7022 0.4270 0.5697
vn -0.7011 0.4271 0.5710
vn -0.3929 -0.9098 -0.1337
vn -0.7298 -0.2758 -0.6256
vn -0.7301 -0.2750 -0.6256
vn 0.3867 0.5244 -0.7586
vn -0.5939 0.1059 0.7975
vn -0.2517 -0.3520 0.9015
vn -0.2552 -0.3535 0.9000
vn 0.1607 0.9868 -0.0204
vn 0.1623 0.9865 -0.0201
vn 0.6533 -0.5937 -0.4698
vn 0.6230 0.4056 -0.6689
vn 0.6233 0.4058 -0.6684
vn 0.3611 0.7424 -0.5643
vn 0.3601 0.7419 -0.5657
vn -0.0209 -0.5097 0.8601
vn -0.0253 -0.5103 0.8596
vn -0.7233 0.6900 -0.0271
vn -0.7230 0.6904 -0.0260
vn 0.7504 -0.4257 -0.5056
vn 0.7500 -0.4264 -0.5057
vn -0.2573 0.8610 -0.4387
vn -0.4638 0.8590 0.2168
vn -0.4652 0.8583 0.2165
vn 0.2634 -0.9614 0.0799
vn 0.2643 -0.9610 0.0814
vn -0.8383 0.0381 -0.5439
vn -0.8378 0.0384 -0.5447
vn 0.3102 0.9389 -0.1489
vn -0.3535 -0.9341 0.0494
vn -0.3525 -0.9345 0.0489
vn 0.9592 0.2825 0.0058
vn -0.9708 0.2190 0.0980
vn 0.3151 -0.0325 -0.9485
vn 0.3145 -0.0325 -0.9487
vn -0.5981 -0.2204 -0.7705
vn -0.3459 -0.1086 -0.9320
vn -0.3441 -0.1068 -0.9328
vn -0.4012 -0.1322 -0.9064
vn 0.4011 0.1103 0.9094
vn 0.4010 0.1098 0.9095
vn 0.6017 -0.0781 -0.7949
vn 0.6026 -0.0773 -0.7943
vn -0.7242 0.5765 -0.3785
vn -0.7241 0.5767 -0.3783
vn -0.2786 -0.0690 0.9579
vn -0.2770 -0.0693 0.9584
vn 0.9614 0.2753 -0.0015
vn -0.4517 -0.7032 0.5491
vn -0.4490 -0.7036 0.5508
vn 0.0659 0.2415 0.9681
vn 0.0669 0.2417 0.9681
vn 0.4627 -0.8284 -0.3156
vn 0.4632 -0.8282 -0.3155
vn -0.5760 -0.8040 0.1475
vn 0.5751 0.8008 0.1674
vn 0.5743 0.8014 0.1672
vn -0.3210 -0.2742 0.9065
vn -0.2801 -0.2926 0.9143
vn -0.2807 -0.2928 0.9140
vn -0.3195 -0.2729 0.9074
vn -0.4753 0.4917 0.7296
vn -0.4640 0.4870 0.7400
vn -0.4649 0.4870 0.7394
vn -0.4763 0.4926 0.7284
vn 0.5645 0.5298 -0.6330
vn 0.5646 0.5317 -0.6313
vn 0.3553 -0.3209 0.8779
vn 0.4330 0.4017 -0.8069
vn 0.4344 0.3995 -0.8072
vn 0.4342 0.3996 -0.8074
vn 0.4333 0.4021 -0.8065
vn 0.2604 0.9275 -0.2684
vn 0.9758 0.2162 0.0338
vn 0.9749 0.2201 0.0334
vn 0.5606 0.2357 -0.7938
vn 0.8111 -0.4277 -0.3991
vn 0.2038 -0.5944 0.7779
vn 0.2069 -0.5938 0.7776
vn 0.7562 -0.6338 0.1625
vn 0.7562 -0.6340 0.1618
vn 0.9221 0.3782 -0.0818
vn 0.9243 0.3731 -0.0806
vn -0.3779 -0.2444 -0.8930
vn 0.5816 0.4627 -0.6690
vn 0.5547 -0.3697 0.7454
vn 0.5524 -0.3715 0.7462
vn 0.3626 -0.9204 -0.1464
vn 0.3638 -0.9199 -0.1464
vn 0.5014 0.8580 0.1116
vn -0.7626 0.4134 0.4975
vn -0.2018 0.7335 -0.6491
vn 0.8362 -0.2378 0.4941
vn 0.8357 -0.2399 0.4940
vn -0.8902 0.2452 0.3840
vn -0.8892 0.2473 0.3850
vn -0.1156 -0.9650 0.2353
vn 0.4361 0.3978 -0.8072
vn 0.4362 0.3971 -0.8075
vn -0.4678 0.1985 0.8613
vn -0.7877 0.1722 -0.5915
vn -0.7889 0.1686 -0.5909
vn 0.5828 0.4289 -0.6902
vn 0.2026 -0.9497 -0.2388
vn -0.5845 0.8035 -0.1128
vn -0.5848 0.8034 -0.1119
vn -0.2236 0.8959 0.3839
vn -0.2234 0.8952 0.3855
vn -0.5555 0.5594 0.6152
vn -0.5537 0.5595 0.6168
vn -0.8625 0.3681 -0.3473
vn -0.8631 0.3657 -0.3484
vn -0.9208 -0.0203 0.3895
vn -0.9200 -0.0182 0.3914
vn -0.4936 0.8689 0.0360
vn -0.4562 0.4238 -0.7825
vn -0.8958 0.0585 0.4406
vn 0.4362 -0.2628 0.8606
vn 0.6397 0.7552 0.1431
vn -0.8262 -0.0977 0.5548
vn 0.3260 -0.6942 -0.6417
vn 0.0821 0.1593 0.9838
vn 0.9153 -0.2230 -0.3354
vn 0.9171 -0.2205 -0.3320
vn 0.4602 0.8126 0.3576
vn 0.5698 0.3794 -0.7290
vn 0.8482 -0.4762 -0.2320
vn -0.5833 -0.1925 0.7891
vn -0.5840 -0.1919 0.7888
vn -0.1996 -0.1095 0.9737
vn -0.2381 -0.0260 -0.9709
vn -0.4854 0.3617 0.7959
vn -0.9405 -0.2507 0.2294
vn -0.9408 -0.2505 0.2284
vn 0.6764 -0.0664 -0.7336
vn 0.8090 0.4960 -0.3156
vn 0.0254 -0.5227 -0.8521
vn 0.0174 -0.9957 0.0914
vn -0.7888 -0.0326 -0.6138
vn 0.4509 -0.7751 0.4427
vn 0.0654 0.0910 0.9937
vn -0.6514 0.6172 -0.4412
vn -0.3493 -0.9178 -0.1889
vn -0.0933 0.0174 0.9955
vn -0.0935 0.0177 0.9955
vn -0.6677 0.1242 0.7340
vn -0.6658 0.1229 0.7359
vn -0.1150 0.9660 -0.2315
vn -0.1169 0.9649 -0.2352
vn -0.0454 0.6034 -0.7962
vn 0.6438 -0.7312 -0.2254
vn 0.5433 -0.4165 -0.7289
vn 0.2989 -0.9430 0.1461
vn 0.4560 0.7774 -0.4332
vn 0.4564 0.7776 -0.4326
vn 0.6338 0.0684 -0.7705
vn 0.0315 0.9516 0.3058
vn -0.1201 -0.8198 0.5599
vn -0.4633 -0.7836 -0.4139
vn 0.0286 -0.8915 -0.4522
vn -0.7394 -0.6318 -0.2326
vn -0.2385 -0.3116 0.9198
vn -0.2395 -0.3104 0.9199
vn 0.6875 0.3046 0.6593
vn -0.3959 0.1826 -0.8999
vn 0.3566 0.1660 0.9194
vn 0.9812 -0.1762 0.0781
vn 0.8338 0.5168 0.1941
vn -0.7285 0.3806 -0.5696
vn -0.0053 -0.8381 -0.5456
vn -0.0051 -0.8379 -0.5458
vn -0.6177 -0.6596 0.4283
vn 0.6920 0.6007 0.4003
vn 0.6909 0.6022 0.4000
vn 0.4885 0.4081 -0.7712
vn -0.0878 0.7178 0.6906
vn 0.2961 0.5391 0.7885
vn 0.2954 0.5411 0.7874
vn -0.7330 -0.2841 -0.6180
vn -0.2980 0.5648 -0.7696
vn -0.4534 0.4821 0.7496
vn -0.2452 0.8733 -0.4210
vn 0.9706 -0.0129 0.2405
vn -0.2211 -0.7543 -0.6182
vt 0.362707 0.000000
vt 0.089531 0.000000
vt 0.591264 0.000000
vt 0.497712 0.000000
vt 0.682047 0.000000
vt 0.866219 0.000000
vt 0.349756 0.000000
vt 0.545455 0.000000
vt 0.409563 0.000000
vt 0.138560 0.000000
vt 0.318800 0.000000
vt 0.536473 0.000000
vt 0.444005 0.823884
vt 0.503378 0.618236
vt -0.000853 0.731166
vt 0.652195 0.131420
vt 0.666458 0.317390
vt 0.997078 0.320165
vt 0.162361 0.306926
vt 0.260196 0.048847
vt 0.000147 0.191961
vt 0.568551 0.382417
vt 0.350925 0.249320
vt -0.004146 0.401967
vt 0.645045 0.953391
vt 0.318672 1.000000
vt 0.181184 0.000000
vt 0.409568 0.000000
vt 0.491887 0.000000
vt 1.000060 0.555112
vt 1.000000 0.208241
vt 0.790285 0.288504
vt 0.528105 0.546400
vt 0.619337 0.724853
vt 0.292361 0.687000
vt 0.225279 0.551545
vt 0.573200 0.358145
vt 0.005401 0.406789
vt 0.643959 0.615182
vt 0.517135 0.717490
vt 1.000129 0.876233
vt 0.484304 0.881292
vt 0.502033 0.565032
vt 0.523051 0.000000
vt 0.909091 0.000000
vt 0.775047 0.000000
vt 0.318348 0.000000
vt 0.502400 0.000000
vt 0.955669 0.000000
vt 0.406642 0.000000
vt 0.272727 0.000000
vt 0.589812 0.000000
vt 0.948121 0.000000
vt 0.363636 0.000000
vt 0.495901 0.000000
vt 0.453445 0.000000
vt 0.227094 0.000000
vt 0.362902 0.000000
vt -0.000815 1.001927
vt 0.295638 0.752170
vt -0.000015 0.769879
vt 0.680391 0.114845
vt 0.572575 0.430314
vt 0.297602 0.170877
vt 0.539013 0.942404
vt 0.758891 0.784371
vt 0.538584 0.759255
vt 0.170498 0.640496
vt 0.001612 0.725327
vt 1.000273 0.955621
vt 0.997702 0.714174
vt 0.406160 0.000000
vt 0.594153 0.000000
vt 0.499718 0.000000
vt 0.684688 0.000000
vt 0.862043 0.000000
vt 0.316222 0.000000
vt 0.489146 0.000000
vt 0.137669 0.000000
vt 0.308535 0.213574
vt 0.264766 0.066617
vt 0.002434 0.150673
vt 0.736116 0.212490
vt 0.689092 0.000000
vt 0.502362 0.212148
vt 0.430738 0.573574
vt 0.510342 0.361967
vt 0.000227 0.423376
vt 0.138232 0.000000
vt 0.350236 0.860232
vt 0.523840 0.597262
vt 0.194306 0.608668
vt 0.529562 0.000000
vt 0.775570 0.000000
vt 0.131381 0.566326
vt 0.318951 0.644443
vt 0.406233 0.391202
vt 0.321560 0.000000
vt 0.588996 0.000000
vt 0.454545 0.000000
vt 0.497318 0.000000
vt 0.681783 0.000000
vt 0.866967 0.000000
vt 0.138109 0.000000
vt 0.319700 0.000000
vt 0.542372 0.000000
vt 0.230812 0.739093
vt 0.170192 0.546586
vt -0.000021 0.616838
vt 0.415258 0.727414
vt 0.004958 0.554481
vt 0.000009 0.902204
vt 0.315019 0.962625
vt 0.249146 0.671318
vt -0.001993 0.938758
vt -0.000937 0.966828
vt 0.200564 0.705674
vt -0.000085 0.632664
vt 0.192569 0.482719
vt 0.498883 0.000000
vt 0.317796 0.000000
vt 0.090519 0.000000
vt 0.418621 0.506628
vt 0.424348 0.958762
vt 0.580176 0.694259
vt 0.658821 0.433865
vt 0.230627 0.722498
vt -0.001277 0.381296
vt 0.000022 0.665957
vt 0.802928 0.980949
vt 0.974978 0.165791
vt 0.750136 0.075577
vt 0.284645 0.325791
vt 0.238235 0.513904
vt 0.636887 0.480933
vt 0.045384 0.000000
vt 0.951152 0.000000
vt 0.776104 0.000000
vt 0.404749 0.000000
vt 0.231676 0.000000
vt 0.591703 0.000000
vt 0.316548 0.000000
vt 0.554891 0.000000
vt 0.127293 0.000000
vt 0.772761 0.000000
vt 0.592680 0.000000
vt 0.954403 0.000000
vt 0.135208 0.000000
vt 0.322943 0.000000
vt 0.000000 0.000000
vt 0.632805 0.578141
vt 0.550970 0.312027
vt 0.225883 0.617480
vt 0.671928 0.947497
vt 0.738289 0.659519
vt 0.432164 0.705435
vt 0.723413 0.169089
vt 0.595454 0.000000
vt 0.388851 0.124167
vt 0.582439 0.670400
vt 0.646512 0.308000
vt 0.334193 0.371417
vt 0.135752 0.166418
vt -0.000127 0.378047
vt 0.341244 0.238713
vt -0.002370 0.313491
vt 0.001397 0.411007
vt 0.398187 0.693168
vt 0.639099 0.962755
vt 0.245534 0.060626
vt 0.364479 0.000000
vt 0.135532 0.000000
vt 0.590611 0.000000
vt 0.783610 0.068277
vt 0.372325 0.006964
vt 0.678379 0.348450
vt 0.136586 0.000000
vt 0.318624 0.000000
vt 0.503127 0.000000
vt 0.416016 0.643140
vt 0.385959 0.325026
vt 0.002471 0.297308
vt 0.647240 0.754040
vt 0.737677 0.547135
vt 0.499809 0.584310
vt 0.144137 0.614881
vt 0.266960 0.455283
vt -0.000031 0.566493
vt 0.438150 0.325709
vt 0.461088 0.130817
vt 0.174006 0.275528
vt 0.560303 0.770357
vt 0.586713 0.588534
vt 0.734859 0.448357
vt 1.000028 0.950615
vt 0.748660 0.971274
vt 0.004089 0.939187
vt 0.228758 0.176433
vt 0.388127 0.985574
vt 0.272946 0.000000
vt 0.501045 0.000000
vt 0.907797 0.000000
vt 0.317912 0.000000
vt 0.590430 0.000000
vt 0.319009 0.000000
vt 0.181818 0.000000
vt 0.045054 0.000000
vt 0.126669 0.587828
vt -0.000285 0.812048
vt 0.306233 0.730162
vt 0.273911 0.000000
vt 0.360803 0.000000
vt 0.682765 0.000000
vt 0.317035 0.000000
vt 0.545763 0.000000
vt 0.638118 0.000000
vt 0.546603 0.000000
vt 0.318271 0.000000
vt 0.093137 0.000000
vt 0.000009 0.633228
vt 0.221860 0.627203
vt 0.003724 0.402939
vt 0.713283 0.807955
vt 0.786394 0.578414
vt 0.521215 0.547222
vt 0.470580 0.297845
vt 0.286684 0.124677
vt 0.195726 0.380073
vt 0.269696 0.340487
vt 0.536155 0.547612
vt 0.727758 0.324035
vt 0.375093 0.702308
vt 0.669421 0.377987
vt 0.688279 0.184213
vt 0.563871 0.486374
vt 0.389626 0.425125
vt 1.000013 0.447275
vt 0.782195 0.646328
vt 1.000097 1.000000
vt 1.000733 0.810567
vt 0.713235 0.996059
vt 0.005960 0.374370
vt 0.475335 0.116790
vt 0.002227 0.090302
vt 0.692310 0.962027
vt 1.000005 0.920268
vt 0.677804 0.701638
vt 0.998462 0.667529
vt 0.489223 0.000000
vt 0.728918 0.000000
vt 0.181215 0.000000
vt 0.495815 0.000000
vt 0.818440 0.000000
vt 0.408902 0.000000
vt 0.226367 0.000000
vt 0.044627 0.000000
vt 0.772752 0.000000
vt 0.590286 0.000000
vt 0.954810 0.000000
vt 0.500757 0.000000
vt 0.681595 0.000000
vt 0.907311 0.000000
vt 0.208957 0.620735
vt 0.001254 0.442623
vt -0.000115 0.810871
vt 0.251079 0.635966
vt 0.222439 0.583188
vt 0.005937 0.730862
vt 0.318158 0.000000
vt 0.092064 0.000000
vt 0.545052 0.000000
vt 0.630074 0.993313
vt 0.614009 0.779766
vt 0.249102 0.812064
vt 0.998525 0.406238
vt 1.000152 0.956930
vt 0.998057 0.735787
vt 0.328295 0.698106
vt 0.002725 0.565133
vt 0.003009 0.782550
vt 0.367774 0.519423
vt 0.663228 0.405616
vt 0.447370 0.198079
vt -0.000823 0.118844
vt 0.000746 0.409122
vt 0.380322 0.468915
vt 0.998906 0.249207
vt 0.714960 0.110621
vt 0.285095 0.350933
vt 0.435897 0.532537
vt 0.674801 0.359732
vt 0.046425 0.000000
vt 0.954187 0.000000
vt 0.726293 0.000000
vt 0.409418 0.000000
vt 0.591244 0.000000
vt 0.816983 0.000000
vt 0.954300 0.000000
vt 0.272551 0.000000
vt 0.500642 0.000000
vt 0.302122 0.525027
vt 0.184501 0.216914
vt 0.001094 0.467216
vt 0.997050 0.889230
vt 0.593473 0.702846
vt 0.573768 0.929954
vt 0.371893 0.420697
vt 0.359768 0.660742
vt 0.617000 0.496659
vt 0.998246 0.571769
vt 0.585966 0.438503
vt 0.508361 0.710031
vt 0.465168 0.919565
vt 0.999875 0.272622
vt 0.760902 0.112815
vt 0.549451 0.247599
vt 0.748569 0.488746
vt 0.997824 0.902580
vt 0.529076 0.485234
vt 0.630904 0.654416
vt 0.343859 0.674031
vt 0.799264 0.159519
vt 0.904810 0.017195
vt 0.556114 0.062147
vt 0.995159 0.809335
vt 0.545753 0.000000
vt 0.318300 0.000000
vt 0.092575 0.000000
vt 0.409984 0.000000
vt 0.226232 0.000000
vt 0.635956 0.000000
vt 0.499686 0.000000
vt 0.681759 0.000000
vt 0.863367 0.000000
vt 0.545525 0.000000
vt 0.318614 0.000000
vt 0.089932 0.000000
vt 0.316917 0.000000
vt 0.497607 0.000000
vt 0.137035 0.000000
vt 0.500889 0.000000
vt 0.681455 0.000000
vt 0.863721 0.000000
vt 0.635657 0.000000
vt 0.409727 0.000000
vt 0.367930 0.000000
vt 0.136482 0.000000
vt 0.318581 0.000000
vt 0.496410 0.000000
vt 0.001739 0.418256
vt 0.255103 0.277462
vt 0.003947 0.146936
vt 1.000681 0.649623
vt 1.000012 0.354812
vt 0.795693 0.642109
vt 0.247751 0.651345
vt 0.604163 0.404126
vt 0.997857 0.965140
vt 0.635803 0.681062
vt 0.630673 0.967641
vt -0.000314 0.577439
vt -0.000413 0.928541
vt 0.283814 0.790374
vt 0.193912 0.700083
vt 0.412327 0.506712
vt 0.163290 0.404104
vt 0.721962 0.798375
vt 0.523694 0.671518
vt 0.326912 0.000000
vt -0.000359 0.070449
vt -0.001827 0.331594
vt 1.000037 0.343618
vt 1.000004 0.045995
vt 0.815613 0.168472
vt 0.638496 0.000000
vt 0.316625 0.000000
vt 0.544403 0.000000
vt 0.590109 0.000000
vt 0.727273 0.000000
vt 0.864269 0.000000
vt 0.409367 0.000000
vt 0.227037 0.000000
vt 0.045327 0.000000
vt 0.773849 0.000000
vt 0.590881 0.000000
vt 0.954809 0.000000
vt 0.501592 0.000000
vt 0.680313 0.000000
vt 0.863921 0.000000
vt 0.135446 0.000000
vt 0.318266 0.000000
vt 0.485476 0.000000
vt 0.367592 0.083228
vt 0.000405 0.100503
vt 0.235262 0.258165
vt 0.418292 1.000000
vt 0.201423 0.771984
vt 0.617102 0.467512
vt 0.297819 0.380703
vt 0.998430 0.199665
vt 0.650741 0.281807
vt 0.998570 0.601925
vt 0.521603 0.394160
vt 0.199726 0.079039
vt -0.002922 0.352891
vt 0.604350 0.442128
vt 0.271569 0.569754
vt 0.695048 0.656311
vt 0.793425 0.066278
vt 0.525485 0.128962
vt 0.410142 0.000000
vt 0.587260 0.000000
vt 0.823910 0.000000
vt 0.498653 0.000000
vt 0.688542 0.000000
vt 0.864952 0.000000
vt 0.953673 0.000000
vt 0.274089 0.000000
vt 0.543679 0.000000
vt 0.320856 0.000000
vt 0.485005 0.000000
vt 0.130776 0.000000
vt 0.409485 0.000000
vt 0.226940 0.000000
vt 0.045829 0.000000
vt 0.772921 0.000000
vt 0.590973 0.000000
vt 0.954873 0.000000
vt 0.182752 0.000000
vt 0.409317 0.000000
vt 0.502312 0.000000
vt 0.358659 0.000000
vt 0.590852 0.000000
vt 0.409618 0.000000
vt 0.419938 0.364817
vt 0.190422 0.293632
vt -0.000121 0.336771
vt 0.164654 0.549510
vt -0.000250 0.426606
vt 0.682381 0.000000
vt 0.455521 0.000000
vt 0.908277 0.000000
vt -0.000082 0.348253
vt -0.000011 0.709719
vt 0.199965 0.659857
vt 0.048066 0.000000
vt 0.500836 0.000000
vt 0.316383 0.000000
vt 0.784976 0.594794
vt 0.408331 0.470944
vt 0.449273 0.723538
vt 0.500025 0.000000
vt 0.636364 0.000000
vt 0.772500 0.000000
vt 0.319015 0.000000
vt 0.645273 0.000000
vt 0.136669 0.000000
vt 0.408609 0.000000
vt 0.637198 0.000000
vt 0.863095 0.000000
vt 0.129723 0.000000
vt 0.318023 0.000000
vt 0.519834 0.000000
vt 0.330045 0.284179
vt 0.166745 0.168459
vt -0.001868 0.399853
vt 0.584650 0.997824
vt 0.338951 0.733506
vt 0.248530 1.000000
vt 0.479920 0.325851
vt 0.218248 0.166780
vt 0.155545 0.322915
vt 0.727570 0.000000
vt 0.452664 0.000000
vt 0.953375 0.000000
vt 1.000008 0.556691
vt 0.652457 0.366568
vt 0.653259 0.716731
vt 0.575222 0.231136
vt 0.557945 0.025921
vt 0.222688 0.106546
vt 0.999616 0.863187
vt 1.000235 0.555600
vt 0.733773 0.857291
vt 0.221888 0.953623
vt 0.202476 0.699239
vt -0.000093 0.821113
vt 0.498125 0.000000
vt 0.276621 0.000000
vt 0.359914 0.000000
vt 0.503772 0.000000
vt 0.677580 0.000000
vt 0.864183 0.000000
vt 0.318557 0.000000
vt 0.487103 0.000000
vt 0.133103 0.000000
vt 0.316225 0.000000
vt 0.088942 0.000000
vt 0.546540 0.000000
vt 0.772922 0.000000
vt 0.590140 0.000000
vt 0.955086 0.000000
vt 0.228369 0.000000
vt 0.281238 0.000000
vt 0.683610 0.000000
vt 0.400360 0.706374
vt 0.778053 0.000000
vt 0.137030 0.000000
vt 0.554680 0.000000
vt 0.234145 1.000000
vt 0.511092 0.864793
vt 0.001551 0.958192
vt 0.655728 0.167925
vt 0.996024 0.882720
vt 0.502927 0.046215
vt 0.185839 0.178544
vt 0.543197 0.434707
vt 0.018055 0.544216
vt 0.135957 0.000000
vt 0.494982 0.000000
vt 0.817310 0.000000
vt 0.803801 0.510832
vt 0.997352 0.244469
vt 0.043513 0.000000
vt 0.956969 0.000000
vt 0.772744 0.000000
vt 0.412208 0.000000
vt 0.226205 0.000000
vt 0.587369 0.000000
vt 0.679919 0.000000
vt 0.818182 0.000000
vt 0.321053 0.000000
vt 0.957936 0.000000
vt 0.408635 0.000000
vt 0.224606 0.000000
vt 0.048138 0.000000
vt 0.772177 0.000000
vt 0.592116 0.000000
vt 0.952771 0.000000
vt 0.777393 0.258111
vt 0.995097 0.002308
vt 0.614726 0.039970
vt 0.707075 0.646876
vt 0.363162 0.790188
vt 0.518120 0.250669
vt 0.319619 0.000000
vt 0.084247 0.000000
vt 0.547053 0.000000
vt 0.725010 0.139879
vt 0.534172 0.088726
vt 0.611519 0.364910
vt 0.287064 0.607524
vt 0.277171 0.849392
vt 0.627176 0.687916
vt 0.467935 0.176169
vt 0.440075 0.041173
vt 0.179230 0.131785
vt 0.167963 0.000000
vt 0.410682 0.000000
vt 0.862363 0.000000
vt 0.674488 0.000000
vt 0.472389 0.000000
vt 0.496766 0.000000
vt 0.682579 0.000000
vt 0.773279 0.000000
vt 0.587334 0.000000
vt 0.956281 0.000000
vt 0.721945 0.527139
vt 0.996161 0.274988
vt 0.576822 0.244245
vt 0.478894 0.570654
vt 0.435430 0.404817
vt 0.205847 0.610147
vt 0.597552 0.645416
vt 0.693932 0.383195
vt 0.344747 0.351667
vt 0.644171 0.776314
vt 0.549637 0.937561
vt -0.000102 0.251477
vt 0.994158 0.640126
vt 0.612642 0.583862
vt 0.544080 0.855066
vt 0.564307 0.791132
vt 0.000385 0.857019
vt 0.333229 0.154752
vt 0.001202 0.000000
vt 0.002263 0.178313
vt 0.279861 0.192819
vt -0.003181 0.017522
vt -0.000460 0.309649
vt 1.000028 0.341676
vt 0.723893 0.299908
vt 0.791592 0.583441
vt 0.040939 0.000000
vt 0.960436 0.000000
vt 0.770537 0.000000
vt 0.502935 0.000000
vt 0.678353 0.000000
vt 0.865359 0.000000
vt 0.318554 0.000000
vt 0.493843 0.000000
vt 0.134024 0.000000
vt 0.225603 0.000000
vt 0.504603 0.000000
vt 0.677678 0.000000
vt 0.862866 0.000000
vt 0.409126 0.000000
vt 0.632573 0.000000
vt 0.862176 0.000000
vt 0.132454 0.000000
vt 0.319164 0.000000
vt 0.435505 0.000000
vt 0.999789 0.802474
vt 0.827819 0.679571
vt 0.744694 0.951319
vt 0.989292 0.540735
vt 0.794119 0.273617
vt 0.672669 0.085707
vt 0.496520 0.184778
vt 0.993490 0.443115
vt 0.560241 0.381760
vt 0.745171 0.683345
vt 0.499041 0.455099
vt 0.602611 0.443448
vt 0.209676 0.151789
vt 0.005963 0.337481
vt 0.546844 1.000000
vt 0.567762 0.882330
vt 0.197262 0.960499
vt 0.460866 0.434032
vt 0.398302 0.104021
vt -0.001927 0.187529
vt 1.000061 0.920117
vt 0.042787 0.000000
vt 0.955697 0.000000
vt 0.773227 0.000000
vt 0.409710 0.000000
vt 0.635559 0.000000
vt 0.862969 0.000000
vt 0.411433 0.000000
vt 0.226807 0.000000
vt 0.588232 0.000000
vt 0.516271 0.000000
vt 0.219180 0.000000
vt 0.194480 0.157070
vt 0.214736 0.000000
vt -0.000054 0.044830
vt 0.796188 0.125317
vt 0.620435 0.000000
vt 0.505256 0.161287
vt 0.250805 0.559367
vt -0.001353 0.786818
vt 0.245111 0.901813
vt 0.559779 0.853237
vt 0.511043 0.710041
vt 0.384519 0.391108
vt 0.015292 0.463963
vt 0.698700 0.297658
vt 0.262251 0.349788
vt -0.000476 0.461474
vt 0.224140 0.120040
vt 0.000039 0.108969
vt 0.249072 0.505538
vt 0.523283 0.108548
vt 0.487781 0.662212
vt 0.188247 0.735819
vt 0.621971 0.485580
vt 0.176128 0.107639
vt 0.184288 0.253120
vt 0.493952 0.143782
vt 0.500855 0.000000
vt 0.680684 0.000000
vt 0.864208 0.000000
vt 0.317416 0.000000
vt 0.494601 0.000000
vt 0.135422 0.000000
vt 0.411541 0.000000
vt 0.095184 0.000000
vt 0.636634 0.000000
vt 0.364640 0.000000
vt 0.500746 0.000000
vt 0.772488 0.000000
vt 0.591547 0.000000
vt 0.954736 0.000000
vt 0.002017 0.963019
vt 0.183786 0.824974
vt 0.000108 0.680300
vt 0.364548 0.595245
vt -0.000457 0.407934
vt 0.509877 0.000000
vt 0.184789 0.000000
vt 0.408248 0.000000
vt 0.777612 0.000000
vt 0.140353 0.000000
vt 0.550888 0.000000
vt 1.000026 0.407024
vt 0.763430 0.217612
vt 0.777999 0.446931
vt 1.000110 1.000000
vt 1.000023 0.735692
vt 0.717331 1.016783
vt 0.699545 0.738937
vt 0.706913 0.538867
vt 1.000251 0.346522
vt 0.582796 0.319748
vt 0.230833 0.955370
vt -0.000631 0.812452
vt 0.420536 0.120836
vt 0.002250 0.477856
vt 0.091983 0.000000
vt 0.772920 0.000000
vt 0.424662 0.574618
vt 0.531532 0.311127
vt 0.258142 0.336460
vt 0.863424 0.000000
vt 0.362357 0.000000
vt 0.635505 0.000000
vt 0.226713 0.000000
vt 0.409365 0.000000
vt 0.353985 0.000000
vt 0.209472 0.193012
vt 0.225117 0.399634
vt 0.452918 0.261971
vt 0.242950 0.591430
vt 0.640999 0.387329
vt 0.175960 0.297916
vt -0.000471 0.417834
vt 0.329098 0.080056
vt 0.001870 0.123341
vt 0.446262 0.949033
vt 0.192328 0.069626
vt 0.512057 0.652493
vt 0.544233 0.753728
vt 0.999990 0.455696
vt 1.000006 0.090798
vt 0.781044 0.156765
vt 0.671544 0.765724
vt 0.810159 0.536668
vt 0.520479 0.667776
vt 0.000087 0.333840
vt 0.203871 0.601963
vt 0.010923 0.256938
vt 0.570805 0.919708
vt 0.238709 0.056411
vt 0.638957 0.400791
vt 0.327643 0.489671
vt 0.543488 0.628895
vt 0.044752 0.000000
vt 0.955955 0.000000
vt 0.772419 0.000000
vt 0.499761 0.000000
vt 0.319376 0.000000
vt 0.044952 0.000000
vt 0.411617 0.000000
vt 0.226202 0.000000
vt 0.589624 0.000000
vt 0.499476 0.000000
vt 0.773416 0.000000
vt 0.953605 0.000000
vt 0.499882 0.000000
vt 0.680722 0.000000
vt 0.908345 0.000000
vt 0.182138 0.000000
vt 0.506700 0.000000
vt 0.682153 0.000000
vt 0.226036 0.000000
vt 0.046071 0.000000
vt 0.464137 0.634018
vt 0.443142 0.380468
vt 0.015597 0.391546
vt 0.783423 0.622491
vt 0.774680 0.295497
vt 0.995568 0.784053
vt 0.588739 0.837889
vt 0.349949 0.936046
vt -0.000191 0.901608
vt 0.355881 0.436519
vt 0.230940 0.148856
vt -0.000397 0.237894
vt 0.352226 0.233307
vt 0.201517 0.480256
vt 0.568099 0.394796
vt 0.588561 0.550501
vt 0.566337 0.149824
vt 0.344733 0.424919
vt 0.644655 0.304797
vt 0.283931 0.196787
vt 0.308608 0.410227
vt 0.701362 0.344875
vt 0.805316 0.064181
vt 0.507299 0.275514
vt 0.209352 0.127037
vt 0.231699 0.318371
vt 0.955767 0.000000
vt 0.318485 0.000000
vt 0.499174 0.000000
vt 0.772849 0.000000
vt 0.954057 0.000000
vt 0.579380 0.358523
vt 0.995993 0.303428
vt 0.794993 0.204103
vt 1.000142 0.042929
vt 0.245562 0.980016
vt 0.185271 0.700566
vt -0.000943 0.956143
vt 0.160932 0.464066
vt 0.002115 0.279459
vt -0.000168 0.696329
vt 0.910130 0.000000
vt 0.681337 0.000000
vt 0.453606 0.000000
vt 0.498962 0.000000
vt 0.683600 0.000000
vt 0.864317 0.000000
vt 0.497654 0.000000
vt 0.276817 0.000000
vt 0.367835 0.000000
vt 0.455271 0.000000
vt 0.226551 0.000000
vt 0.363898 0.000000
vt 0.592708 0.000000
vt 0.362887 0.000000
vt 0.504719 0.000000
vt 0.134945 0.000000
vt 0.317351 0.000000
vt 0.595717 0.312378
vt 0.523678 0.130209
vt 0.342496 0.270008
vt 0.535937 0.246890
vt 0.580298 0.044604
vt 0.292864 0.333987
vt 0.995298 0.205941
vt 1.000020 0.000000
vt 1.000094 0.530948
vt 0.774884 0.247537
vt 0.999437 0.449434
vt 0.637487 0.187869
vt 0.679958 0.432528
vt 0.501449 0.000000
vt 0.680168 0.000000
vt 0.863696 0.000000
vt 0.317132 0.000000
vt 0.489781 0.000000
vt 0.135402 0.000000
vt 0.409253 0.000000
vt 0.226569 0.000000
vt 0.045887 0.000000
vt 0.772885 0.000000
vt 0.590575 0.000000
vt 0.954978 0.000000
vt 0.954704 0.000000
vt 0.270585 0.000000
vt 0.545647 0.000000
vt 0.135654 0.000000
vt 0.297644 0.324425
vt 0.467448 0.137104
vt 0.151056 0.155925
vt 0.623764 0.721834
vt 0.650027 0.286346
vt 1.000126 0.778148
vt 0.783199 0.570046
vt 0.458804 0.200911
vt -0.001015 0.071436
vt 0.004901 0.309119
vt 0.404976 0.489537
vt 0.200311 0.500516
vt 1.000217 0.815642
vt 0.686336 0.780816
vt 0.692417 0.841920
vt 0.671874 0.735761
vt 0.807474 0.607159
vt 0.414106 0.662722
vt 0.682066 0.403502
vt 0.780824 0.080540
vt 0.860863 0.000000
vt 0.359668 0.000000
vt 0.641740 0.000000
vt 0.220780 0.213773
vt 0.001880 0.468923
vt 0.493279 0.000000
vt 0.590274 0.000000
vt 0.408823 0.000000
vt 0.162605 0.623281
vt 0.330379 0.451888
vt 0.002641 0.454485
vt 0.195992 0.232651
vt -0.000280 0.042443
vt 0.676766 0.424187
vt 0.351215 0.424808
vt 0.227738 0.000000
vt 0.039461 0.000000
vt 0.638413 0.000000
vt 0.311827 0.584810
vt 0.254106 0.306863
vt 0.001798 0.545626
vt 0.402683 0.042557
vt -0.000682 0.130675
vt 0.756508 0.683160
vt 0.619755 0.448243
vt 0.638574 0.150847
vt -0.000305 0.229858
vt 0.010885 0.445977
vt 0.670868 1.000000
vt 0.647879 0.817089
vt 0.396834 1.000000
vt 0.501737 0.000000
vt 0.772254 0.000000
vt 0.407475 0.000000
vt 0.228314 0.000000
vt 0.044958 0.000000
vt 0.775271 0.000000
vt 0.590388 0.000000
vt 0.954170 0.000000
vt 0.503804 0.000000
vt 0.678565 0.000000
vt 0.863508 0.000000
vt 0.132177 0.000000
vt 0.318387 0.000000
vt 0.458259 0.000000
vt 0.410559 0.694127
vt 0.534920 0.408789
vt 0.000366 0.583169
vt 0.603937 0.437044
vt 0.635754 0.968629
vt 0.708311 0.733863
vt 0.532187 0.174902
vt 0.192093 0.144158
vt 0.379980 0.347970
vt 0.347155 0.640704
vt 0.191345 0.481617
vt 0.000558 0.515086
vt 0.705337 0.224246
vt 1.000212 0.041921
vt 0.601958 0.070696
vt 0.735736 0.000000
vt 0.371358 0.034853
vt 0.568380 0.215617
vt 0.701179 0.810139
vt 0.744398 0.562283
vt 0.432875 0.618461
vt 1.000001 0.525156
vt 1.000075 0.268756
vt 0.668025 0.419008
vt 0.412340 0.000000
vt 0.226973 0.000000
vt 0.638329 0.000000
vt 0.681033 0.000000
vt 0.410985 0.000000
vt 0.227340 0.000000
vt 0.043529 0.000000
vt 0.773480 0.000000
vt 0.588162 0.000000
vt 0.955562 0.000000
vt 0.322221 0.000000
vt 0.958138 0.000000
vt 0.131263 0.179484
vt 0.355649 0.034770
vt 0.002511 0.109061
vt 0.322449 0.986191
vt 0.228735 0.554996
vt 0.003829 0.796785
vt 0.547225 0.790344
vt 0.808861 0.178390
vt 0.680115 0.059938
vt 0.514436 0.181767
vt 0.227586 0.983076
vt 0.000305 0.736563
vt -0.000088 0.972625
vt 0.216445 0.448587
vt 0.591534 0.139935
vt 0.010544 0.419774
vt 0.215351 0.041603
vt 0.131134 0.000000
vt 0.433033 0.000000
vt 0.863577 0.000000
vt 0.674221 0.000000
vt 0.315374 0.000000
vt 0.510661 0.000000
vt 0.683827 0.000000
vt 0.045130 0.000000
vt 0.232540 0.000000
vt 0.343402 0.473507
vt 0.471412 0.725650
vt 0.674243 0.517865
vt 0.379066 1.000000
vt 0.320156 0.853980
vt 0.108007 0.284039
vt 0.481426 0.235678
vt 0.358758 0.174016
vt 0.220016 0.285769
vt 0.607295 0.744550
vt 0.228714 0.586793
vt 0.595463 0.256403
vt 0.324128 0.519601
vt 0.637200 0.480991
vt 0.680486 0.000000
vt 0.500297 0.000000
vt 0.910127 0.000000
vt 1.000414 1.000000
vt 0.675680 1.000000
vt 0.449994 0.167995
vt 0.512154 0.058809
vt 0.142890 0.050958
vt 0.427333 0.429320
vt 0.188665 0.561382
vt 0.538603 0.970049
vt 0.263263 0.772632
vt 0.959967 0.000000
vt 0.771846 0.000000
vt 0.318277 0.000000
vt 0.502952 0.000000
vt 0.135004 0.000000
vt 0.408987 0.000000
vt 0.224234 0.000000
vt 0.049809 0.000000
vt 0.771796 0.000000
vt 0.591865 0.000000
vt 0.953001 0.000000
vt 0.504276 0.000000
vt 0.678255 0.000000
vt 0.862946 0.000000
vt 0.131933 0.000000
vt 0.317266 0.000000
vt 0.449258 0.000000
vt 0.504902 0.000000
vt 0.180531 0.000000
vt 0.409210 0.000000
vt 0.294163 0.701515
vt 0.192121 0.369549
vt 0.006139 0.688383
vt 0.308946 1.000000
vt 0.628352 0.920794
vt 0.002631 0.999598
vt 0.226528 0.577368
vt -0.000582 0.665504
vt 0.455841 0.366002
vt 0.595868 0.211268
vt 0.268412 0.165270
vt 0.490791 0.044734
vt 0.208148 0.142613
vt 0.632207 0.194633
vt 0.487235 0.288641
vt 0.262724 0.866945
vt 0.779548 0.300749
vt 0.682109 0.064492
vt 1.000134 0.483254
vt 0.664731 0.561191
vt 0.998488 0.532790
vt 0.365397 0.430731
vt 0.228473 0.072248
vt -0.002545 0.297476
vt 0.738161 0.187516
vt 0.701477 0.432595
vt 1.000015 0.094787
vt 0.653900 0.108965
vt 0.271911 0.000000
vt 0.045307 0.000000
vt 0.499145 0.000000
vt 0.682355 0.000000
vt 0.865293 0.000000
vt 0.619492 0.668684
vt 0.556197 0.333234
vt 0.318445 0.000000
vt 0.518737 0.000000
vt 0.137360 0.000000
vt 0.411168 0.000000
vt 0.228052 0.000000
vt 0.044486 0.000000
vt 0.774552 0.000000
vt 0.588156 0.000000
vt 0.955814 0.000000
vt 0.211414 0.017001
vt 0.000040 0.000000
vt -0.000037 0.169775
vt 0.441616 0.065392
vt 0.164174 0.032973
vt 0.232152 0.202583
vt 0.373296 0.822843
vt 0.192696 0.568448
vt 0.013687 0.789173
vt 0.483309 0.126104
vt 0.000099 0.774607
vt -0.000044 1.000000
vt 0.272267 0.929965
vt 0.625317 0.694012
vt 0.254144 0.531899
vt 0.001616 0.456756
vt 0.000658 0.770041
vt 0.679335 0.959830
vt 0.004966 0.294915
vt -0.000192 0.759044
vt 0.250555 0.682779
vt 0.996604 0.749651
vt 0.222801 0.476367
vt 0.627974 0.428151
vt -0.002177 0.367837
vt 0.510556 0.448778
vt 0.649645 0.186165
vt -0.001179 0.400463
vt 0.490201 0.968173
vt 0.371847 0.718567
vt 0.018780 0.806974
vt 0.691629 0.679355
vt 0.775629 0.000000
vt 0.138431 0.000000
vt 0.528540 0.000000
vt 0.784536 0.561357
vt 0.999308 0.881194
vt 0.442532 0.339400
vt 0.227248 0.000000
vt 0.045962 0.000000
vt 0.270704 0.000000
vt 0.501560 0.000000
vt 0.680801 0.000000
vt 0.863640 0.000000
vt 0.135897 0.000000
vt 0.317898 0.000000
vt 0.482860 0.000000
vt 0.551089 0.576163
vt 0.234764 0.678651
vt 0.244661 0.986824
vt 0.500028 0.000000
vt 0.272548 0.000000
vt 0.355636 0.000000
vt 0.682585 0.983946
vt 0.992493 0.547792
vt 0.629651 0.636663
vt 0.654187 0.182140
vt 1.000001 0.153709
vt 0.680449 0.018330
vt 0.998514 0.181725
vt 1.000033 0.000000
vt 0.764813 0.120711
vt 0.270368 0.975039
vt 1.000100 0.513376
vt 0.999339 0.100709
vt 0.631711 0.153308
vt -0.001711 0.536556
vt 0.327312 0.361516
vt 0.393082 0.661834
vt 0.560149 0.401520
vt 0.193316 0.562086
vt 0.319484 0.572849
vt 0.758588 0.737920
vt 0.740621 0.480719
vt 0.448448 0.807611
vt 0.386585 0.549876
vt 0.205241 0.607508
vt 0.617834 0.765023
vt 0.181161 0.000000
vt 0.409357 0.000000
vt 0.485403 0.000000
vt 0.173203 0.452063
vt 0.410065 0.200677
vt -0.000459 0.217136
vt 0.175605 0.617186
vt -0.000341 0.357870
vt -0.000481 0.669658
vt 0.496139 0.000000
vt 0.183414 0.000000
vt 0.227784 0.000000
vt 0.318316 0.000000
vt 0.090585 0.000000
vt 0.543304 0.000000
vt 0.495377 0.996179
vt 0.545329 0.777224
vt 0.001664 0.921745
vt 0.583102 0.111810
vt 0.183089 0.126104
vt 0.493453 0.223379
vt 1.000020 0.586746
vt 1.000000 0.276480
vt 0.741599 0.321881
vt 0.004998 0.043184
vt -0.000092 0.290801
vt 0.723076 0.324183
vt 1.000000 0.489155
vt 0.998924 0.202146
vt 0.583946 0.174604
vt 0.224092 0.466492
vt 0.503003 0.625579
vt 0.659777 0.473233
vt 0.589127 0.533520
vt 0.702476 0.314624
vt 0.393617 0.286848
vt 0.998144 0.890129
vt 1.000184 0.554289
vt 0.832483 0.700861
vt 0.456577 0.000000
vt 0.681336 0.000000
vt 0.863558 0.000000
vt 0.358127 0.000000
vt 0.635862 0.000000
vt 0.409564 0.000000
vt 0.409008 0.000000
vt 0.227116 0.000000
vt 0.349318 0.000000
vt 0.410042 0.000000
vt 0.655497 0.000000
vt 0.617480 0.764946
vt 0.299000 0.523484
vt 0.223863 0.773826
vt 0.282008 0.272352
vt 0.175943 0.110836
vt 0.000808 0.251385
vt 0.293949 0.388283
vt 0.201670 0.093375
vt 0.001358 0.371819
vt 0.670878 0.516934
vt 0.999512 0.346672
vt 0.607219 0.335119
vt 0.215084 0.933091
vt 0.264165 0.611251
vt -0.000102 0.881085
vt 0.497580 0.000000
vt 0.275703 0.000000
vt 0.370336 0.000000
vt 0.599510 0.565816
vt 0.588321 0.346380
vt 0.202670 0.311563
vt 0.165006 0.567432
vt 0.494225 0.340376
vt 0.002025 0.200504
vt 0.594162 0.687544
vt 0.657961 0.958905
vt 0.599754 0.453585
vt 1.000242 0.408688
vt 1.000000 0.000000
vt 0.089129 0.000000
vt 0.954799 0.000000
vt 0.772732 0.000000
vt 0.454754 0.000000
vt 0.681531 0.000000
vt 0.907482 0.000000
vt 0.318691 0.000000
vt 0.045527 0.000000
vt 0.136600 0.000000
vt 0.363058 0.000000
vt 0.644605 0.000000
vt 0.591289 0.000000
vt 0.817301 0.000000
vt 0.518523 0.999320
vt -0.001663 0.759634
vt 0.000706 1.000000
vt 0.490023 0.097910
vt 0.000412 0.125531
vt 0.514225 0.246007
vt 0.808032 1.000000
vt 1.000122 0.866053
vt -0.003337 0.436538
vt 0.301472 0.135815
vt 0.049852 0.129391
vt 0.644733 0.228540
vt -0.001597 0.173854
vt 0.684073 0.381459
vt 0.706343 0.392277
vt 0.594748 0.059380
vt 0.457414 0.217759
vt 0.496708 0.000000
vt 0.180877 0.000000
vt 0.408642 0.000000
vt 0.500476 0.000000
vt 0.681994 0.000000
vt 0.909072 0.000000
vt 0.410408 0.000000
vt 0.632854 0.000000
vt 0.909390 0.000000
vt 0.409011 0.000000
vt 0.590457 0.000000
vt 0.819400 0.000000
vt 0.452940 0.397070
vt 0.306594 0.130219
vt 0.145850 0.280447
vt 0.603468 0.194541
vt 0.570496 0.031030
vt 0.231092 0.134799
vt 0.308644 1.000000
vt 0.792277 0.956671
vt 0.667982 0.743815
vt 0.221492 0.057847
vt -0.000044 0.000000
vt 0.000004 0.149537
vt 0.667339 0.587716
vt 0.309476 0.892044
vt 0.530314 0.715529
vt 0.176183 0.644668
vt 0.775557 0.467068
vt 0.522477 0.165801
vt 0.479948 0.469684
vt 0.804181 0.236248
vt 0.684034 0.436361
vt 0.997374 0.761971
vt 0.712504 0.654129
vt 1.000147 0.398599
vt 1.000014 0.108904
vt 0.637468 0.000000
vt 0.773509 0.000000
vt 0.953832 0.000000
vt 0.270814 0.000000
vt 0.546608 0.000000
vt 0.135953 0.000000
vt 0.318132 0.000000
vt 0.651388 0.000000
vt 0.626777 0.610433
vt -0.000285 0.673262
vt 0.256536 0.794227
vt 0.435657 0.175463
vt 0.664565 0.894123
vt 0.346288 0.039264
vt 0.772347 0.124776
vt 0.697263 0.000000
vt 0.402425 0.051460
vt 0.750455 0.152094
vt 0.470185 0.209065
vt 0.597740 0.369889
vt 0.978165 0.688989
vt 0.788744 0.594410
vt 0.553646 0.814678
vt 0.999535 0.095269
vt 0.788557 0.000000
vt 0.585843 0.119588
vt 0.607838 0.110280
vt 0.637418 0.000000
vt 0.365781 0.000000
vt 0.494560 0.000000
vt 0.517345 0.000000
vt 0.138725 0.000000
vt 0.454901 0.000000
vt 0.227783 0.000000
vt 0.359279 0.000000
vt 0.362752 0.000000
vt 0.135363 0.000000
vt 0.590937 0.000000
vt 0.192261 0.614849
vt 0.319108 0.770078
vt 0.526633 0.639955
vt 0.499271 0.000000
vt 0.819013 0.000000
vt 0.738584 0.748530
vt 1.000020 0.424150
vt 0.736045 0.337101
vt -0.000362 0.231203
vt 0.302149 1.000000
vt 0.659915 0.966278
vt 0.002947 0.746720
vt 1.000024 0.034427
vt 0.503692 0.239876
vt 0.173486 0.167528
vt 0.356678 0.366035
vt 0.588917 0.372781
vt 0.790973 0.217566
vt 0.495827 0.194463
vt 0.762082 0.659269
vt 0.583799 0.556729
vt 0.362073 0.746886
vt 0.992929 0.283486
vt 0.597798 0.131411
vt 0.686527 0.403909
vt 0.786338 0.182659
vt 0.540395 0.110043
vt 0.631409 0.372406
vt 0.227538 0.000000
vt 0.044850 0.000000
vt 0.633827 0.000000
vt 0.496153 0.000000
vt 0.681869 0.000000
vt 0.869736 0.000000
vt 0.137437 0.000000
vt 0.321540 0.000000
vt 0.568926 0.000000
vt 0.266439 0.837479
vt 0.458101 0.654258
vt 0.004391 0.653509
vt 0.693659 0.374935
vt 0.648582 0.450616
vt 0.003368 0.354560
vt 1.000050 0.588259
vt 0.710804 0.730976
vt 0.406983 0.099177
vt -0.001993 0.050854
vt -0.000749 0.244758
vt 0.674064 0.853720
vt 0.370003 0.707574
vt 0.311781 0.965514
vt 0.761836 0.586374
vt 0.045372 0.000000
vt 0.952304 0.000000
vt 0.775112 0.000000
vt 0.405810 0.000000
vt 0.230201 0.000000
vt 0.591268 0.000000
vt 0.090909 0.000000
vt 0.316538 0.000000
vt 0.545332 0.000000
vt 0.954099 0.000000
vt 0.135662 0.000000
vt 0.321817 0.000000
vt 0.538675 0.000000
vt 0.396905 0.998779
vt 0.185213 0.702935
vt -0.000770 0.892077
vt 0.446597 0.704336
vt 0.265433 0.352953
vt 0.317257 0.000000
vt 0.553393 0.000000
vt 0.958472 0.000000
vt 0.420663 0.087602
vt 0.775361 1.007265
vt 0.743267 0.771649
vt 0.999283 0.127350
vt 0.742929 0.099011
vt 1.000162 0.738403
vt 0.472494 0.818564
vt 0.488030 1.000000
vt 0.949994 0.000000
vt 0.406909 0.000000
vt 0.592590 0.000000
vt 0.201942 0.293075
vt 0.227871 0.047691
vt 0.003974 0.250989
vt 0.540193 0.216208
vt 0.655805 0.104204
vt 0.413301 0.094979
vt 0.482589 0.294677
vt 0.322414 0.336446
vt 0.556597 0.064108
vt -0.002325 0.134148
vt 0.633944 0.626370
vt 0.648909 0.450861
vt 1.000196 0.895125
vt 1.000037 0.633152
vt 0.252389 0.000000
vt 0.550868 0.000000
vt 0.955134 0.000000
vt 0.674811 0.625644
vt 0.419382 0.726170
vt 0.994231 0.776942
vt 0.323516 0.000000
vt 0.588811 0.000000
vt 0.458012 0.000000
vt 0.680324 0.000000
vt 0.861655 0.000000
vt 0.549949 0.200931
vt 0.220431 0.143554
vt 0.498288 0.000000
vt 0.680329 0.000000
vt 0.867540 0.000000
vt 0.318365 0.000000
vt 0.544561 0.000000
vt 0.644932 0.000000
vt 0.136754 0.000000
vt 0.321283 0.000000
vt 0.536837 0.000000
vt 0.398426 0.436057
vt 0.436757 0.029334
vt 0.187160 0.208600
vt 0.581140 0.405379
vt 0.679588 0.164306
vt 0.226685 0.124155
vt 0.773812 0.425765
vt 0.722236 0.258853
vt 0.436061 0.327005
vt 0.010417 0.473740
vt 0.230676 0.049943
vt 0.000005 0.087845
vt 0.231697 0.962409
vt 0.202065 0.650000
vt 0.006600 0.766892
vt 0.295471 0.785361
vt 0.217564 0.572817
vt -0.000258 0.647165
vt 0.241944 0.923361
vt 0.359168 0.649112
vt 0.005703 0.583533
vt 0.631566 0.678051
vt 0.621939 0.458707
vt 0.306537 0.873125
vt 0.443953 0.550323
vt 0.180895 0.579258
vt 0.499173 0.505006
vt 0.712587 0.302352
vt 0.301573 0.379015
vt 0.046124 0.000000
vt 0.953365 0.000000
vt 0.772636 0.000000
vt 0.406381 0.000000
vt 0.228285 0.000000
vt 0.590517 0.000000
vt 0.178619 0.000000
vt 0.456150 0.000000
vt 0.491713 0.000000
vt 0.318448 0.000000
vt 0.089517 0.000000
vt 0.545110 0.000000
vt 0.342776 0.636594
vt 0.527374 0.358716
vt 0.197686 0.328579
vt 0.673508 0.692554
vt 0.594811 0.858861
vt 0.002466 0.831505
vt 1.000073 0.402286
vt 0.716851 0.482267
vt 0.454523 0.000000
vt 0.681906 0.000000
vt 0.863476 0.000000
vt 0.178974 0.000000
vt 0.446430 0.000000
vt 0.798778 0.632262
vt 0.530214 0.728841
vt 0.732772 0.903508
vt 0.317814 0.000000
vt 0.545074 0.000000
vt 0.633341 0.605870
vt 0.320317 0.322152
vt 0.135509 0.000000
vt 0.329995 0.676355
vt 0.014066 0.273168
vt -0.000299 0.641919
vt 0.238731 1.000000
vt 0.639456 1.001535
vt -0.006671 0.937852
vt 0.614740 0.813591
vt 1.000213 0.948262
vt 0.224858 0.625211
vt 0.442889 0.806579
vt 0.606472 0.590000
vt 0.138802 0.625318
vt 0.396873 0.539325
vt -0.002924 0.428999
vt 0.518746 0.958743
vt 0.476239 0.704621
vt -0.001166 0.765008
vt 0.046088 0.000000
vt 0.954351 0.000000
vt 0.773225 0.000000
vt 1.002113 0.747069
vt 0.754495 0.620478
vt 0.429928 0.690589
vt -0.003989 1.000000
vt 0.366697 0.949206
vt -0.001048 0.797391
vt 0.546426 0.702555
vt 0.999461 0.601022
vt 0.287415 0.073219
vt 0.005489 0.505779
vt 0.954439 0.000000
vt 0.772850 0.000000
vt 0.454739 0.000000
vt 0.681578 0.000000
vt 0.910421 0.000000
vt 0.091976 0.000000
vt 0.273847 0.000000
vt 0.469310 1.003979
vt -0.001623 0.759080
vt 0.135402 1.000000
vt 0.730567 0.402323
vt 0.807978 1.000000
vt 1.000070 0.824038
vt 0.694040 0.938172
vt 0.736844 0.652269
vt 0.286335 0.866434
vt 0.999437 0.476272
vt 0.750847 0.753094
vt 0.994327 0.297113
vt 0.591598 0.321968
vt 0.588894 0.904577
vt 0.633298 0.702167
vt 0.300785 0.671306
vt 0.224643 0.000000
vt 0.410070 0.000000
vt 0.333719 0.000000
vt 0.682111 0.143133
vt 0.642295 0.000000
vt 0.362959 0.087639
vt 0.781855 0.547658
vt 0.473382 0.454510
vt 0.993022 0.344501
vt 0.815272 0.000000
vt 0.408172 0.000000
vt 0.592199 0.000000
vt 1.000012 0.893841
vt 0.992981 0.624415
vt 1.000111 0.422920
vt 1.000002 0.066388
vt 0.453701 0.000000
vt 0.681877 0.000000
vt 0.907437 0.000000
vt 0.319184 0.000000
vt 0.087992 0.000000
vt 0.545257 0.000000
vt 0.135925 0.000000
vt 0.363572 0.000000
vt 0.499624 0.000000
vt 0.401888 0.966220
vt 0.347995 0.970464
vt 0.069261 0.060529
vt 0.272077 0.429430
vt 0.614667 0.848166
vt 0.697032 0.665231
vt 1.000000 0.725718
vt 1.000106 1.000000
vt 1.000029 0.767354
vt 0.693379 0.592743
vt 0.701957 0.441174
vt 0.431264 0.279574
vt 0.784245 0.134576
vt 0.578828 0.339248
vt 0.740520 0.039312
vt 0.469492 0.119373
vt 0.999805 0.468301
vt 0.999982 0.093913
vt 0.500434 0.000000
vt 0.953415 0.000000
vt 0.504173 0.000000
vt 0.183008 0.000000
vt 0.317637 0.000000
vt 0.634557 0.000000
vt 0.137894 0.000000
vt 0.408444 0.000000
vt 0.228076 0.000000
vt 0.374842 0.000000
vt 0.318376 0.000000
vt 0.500654 0.000000
vt 0.910812 0.000000
vt 0.136268 0.000000
vt 0.363271 0.000000
vt 0.640682 0.000000
vt 0.659613 0.105016
vt 0.417477 0.000000
vt 0.205147 0.124077
vt 0.318131 0.660430
vt -0.000248 0.771825
vt 0.233322 0.854551
vt 0.468299 0.539252
vt 0.170242 0.497355
vt 0.225230 0.981053
vt 0.000000 1.000000
vt 0.264858 0.713801
vt 0.226096 0.000000
vt 0.347172 0.000000
vt 0.529536 0.051551
vt 0.144065 0.058922
vt 0.245185 0.307676
vt 0.533505 0.965688
vt 0.682282 0.148720
vt 0.293532 0.021508
vt 0.642060 0.282191
vt 0.812842 0.974099
vt 0.648270 0.680985
vt 1.000000 1.000000
vt 1.000017 0.803596
vt 0.453877 0.000000
vt 0.681209 0.000000
vt 0.862874 0.000000
vt 0.409925 0.000000
vt 0.590564 0.000000
vt 0.819096 0.000000
vt 0.364472 0.793860
vt 0.278582 0.636717
vt -0.000054 0.703017
vt 0.295111 0.996268
vt -0.000619 0.968272
vt 0.606684 0.182074
vt 0.234890 0.106335
vt 0.359134 0.256124
vt 0.605137 0.749098
vt 0.169154 0.627595
vt 0.003053 0.760835
vt 0.508425 0.224009
vt 0.193931 0.454358
vt -0.000050 0.102181
vt -0.000044 0.456372
vt 0.156502 0.603579
vt 0.410144 0.990520
vt 0.036659 0.806902
vt 0.541721 0.404563
vt 0.598871 0.311368
vt 0.766886 0.634201
vt 0.990643 0.337368
vt 0.500387 0.000000
vt 0.499273 0.000000
vt 0.684012 0.000000
vt 0.861219 0.000000
vt 0.950522 0.000000
vt 0.275694 0.000000
vt 0.496894 0.000000
vt 0.316513 0.000000
vt 0.506816 0.000000
vt 0.137691 0.000000
vt 0.409190 0.000000
vt 0.227157 0.000000
vt 0.044891 0.000000
vt 0.498561 0.000000
vt 0.318925 0.000000
vt 0.091137 0.000000
vt 0.773128 0.000000
vt 0.590874 0.000000
vt 0.954562 0.000000
vt 0.498424 0.000000
vt 0.681911 0.000000
vt 0.866019 0.000000
vt 0.226604 0.000000
vt 0.632981 0.000000
vt 0.909554 0.000000
vt 0.682284 0.000000
vt 0.379209 0.150907
vt 0.000230 0.075398
vt 0.181525 0.314798
vt 0.750781 0.707272
vt 1.000123 0.559651
vt 0.507361 0.360280
vt 0.554184 0.154116
vt 0.245179 0.099503
vt 0.995274 0.204211
vt 0.709916 0.254298
vt 0.002044 0.679720
vt -0.000176 0.750285
vt 0.000144 0.170546
vt 0.310366 0.963812
vt 0.233025 0.537347
vt 0.168050 0.744131
vt -0.000913 0.862132
vt 0.367948 0.496316
vt 0.491571 0.623842
vt 0.614526 0.350267
vt 0.439343 0.529575
vt 0.646137 0.379466
vt 0.318550 0.000000
vt 0.955155 0.000000
vt 0.321218 0.000000
vt 0.590055 0.000000
vt 0.134537 0.000000
vt 0.624757 0.000000
vt 0.713174 0.000000
vt 0.953052 0.000000
vt 0.316148 0.000000
vt 0.498581 0.000000
vt 0.136666 0.000000
vt 0.636950 0.000000
vt 0.727910 0.000000
vt 0.135526 0.000000
vt 0.323161 0.000000
vt 0.536019 0.843621
vt 0.344636 0.645252
vt 0.315964 0.000000
vt 0.134613 0.000000
vt 0.546249 0.000000
vt 0.762304 0.675528
vt 0.678045 0.312418
vt 0.999318 0.375297
vt 0.588480 0.030277
vt 0.227178 0.088343
vt 0.409051 0.000000
vt 0.636842 0.000000
vt 0.863627 0.000000
vt 0.405500 0.000000
vt 0.593405 0.000000
vt 0.498881 0.000000
vt 0.684371 0.000000
vt 0.860958 0.000000
vt 0.316462 0.000000
vt 0.499681 0.000000
vt 0.137753 0.000000
vt 0.220396 0.285022
vt 0.666441 0.399544
vt 0.234493 0.639648
vt 0.405908 0.251182
vt 0.174482 0.278738
vt 0.219603 0.599663
vt 0.231549 0.069298
vt -0.001452 0.508489
vt 0.001023 0.867786
vt 0.190191 0.712586
vt 0.664059 0.792802
vt 0.151356 0.619214
vt 0.380152 0.616007
vt 0.273919 0.000000
vt 0.497328 0.000000
vt 0.681056 0.000000
vt 0.866853 0.000000
vt 0.137926 0.000000
vt 0.319098 0.000000
vt 0.539048 0.000000
vt 0.732711 0.503350
vt 0.007632 0.968290
vt 0.208310 0.823183
vt 0.017842 0.760653
vt 0.415638 0.982423
vt 0.188838 1.000000
vt 0.586358 0.087991
vt 0.243468 0.188159
vt 0.196002 0.422761
vt 0.198924 0.618031
vt 0.489489 0.518854
vt -0.000103 0.957199
vt 0.323794 0.965678
vt -0.000048 0.610045
vt 0.389806 0.606768
vt 0.412514 0.453681
vt 0.157430 0.460786
vt 0.713001 0.352829
vt 0.996060 0.358597
vt 0.702451 0.490207
vt 0.762124 0.281269
vt 0.523120 0.273571
vt 0.005360 0.297369
vt 0.352835 0.444636
vt 0.740025 0.667710
vt 0.467388 0.767735
vt 0.746937 0.535995
vt 0.998631 0.416115
vt 0.044936 0.000000
vt 0.950260 0.000000
vt 0.776857 0.000000
vt 0.404636 0.000000
vt 0.232294 0.000000
vt 0.591585 0.000000
vt 0.504717 0.000000
vt 0.678500 0.000000
vt 0.868752 0.000000
vt 0.318173 0.000000
vt 0.450068 0.000000
vt 0.129027 0.000000
vt 0.319591 0.000000
vt 0.085070 0.000000
vt 0.543322 0.000000
vt 0.135070 0.000000
vt 1.000001 0.143283
vt 0.782020 0.417934
vt 1.000008 0.527485
vt 0.183239 0.992361
vt 0.220520 0.750182
vt -0.000012 0.941348
vt 0.449311 0.551525
vt 0.546568 0.317699
vt 0.006968 0.374751
vt 0.788235 0.157232
vt 0.556814 0.079209
vt 0.345585 0.298732
vt 0.613750 0.329601
vt 0.695056 0.108036
vt 0.484328 0.000000
vt 0.637897 1.000000
vt 0.562364 0.870458
vt 0.288512 1.000000
vt 0.164689 0.476474
vt 0.502243 0.037906
vt 0.444075 0.612014
vt 0.000733 0.580124
vt 0.330538 0.808075
vt 0.409264 0.000000
vt 0.592080 0.000000
vt 0.817360 0.000000
vt 0.322085 0.173071
vt 0.225844 0.000000
vt -0.000861 0.154979
vt 0.091882 0.000000
vt 0.954228 0.000000
vt 0.772786 0.000000
vt 0.499626 0.000000
vt 0.683689 0.000000
vt 0.865295 0.000000
vt 0.409462 0.000000
vt 0.227416 0.000000
vt 0.045490 0.000000
vt 0.772324 0.000000
vt 0.591261 0.000000
vt 0.953563 0.000000
vt 0.002668 0.462679
vt -0.000587 0.111368
vt 0.000544 0.430606
vt 0.421675 0.396851
vt 0.998958 0.811385
vt 0.632222 0.999533
vt 0.385194 0.699917
vt 0.170025 0.502018
vt 0.005951 0.706132
vt 0.409262 0.000000
vt 0.591692 0.000000
vt 0.818255 0.000000
vt 0.090175 0.000000
vt 0.954898 0.000000
vt 0.456453 0.000000
vt 0.227280 0.000000
vt 0.045606 0.000000
vt 0.136503 0.000000
vt 0.508132 0.000000
vt 0.212106 0.685559
vt 0.001274 0.442806
vt -0.000111 0.810798
vt -0.000067 0.605027
vt 1.000150 0.956913
vt 0.998161 0.736384
vt 0.608087 0.931708
vt -0.000114 0.862552
vt 0.185175 0.460336
vt 0.248099 0.621114
vt 0.471464 0.401496
vt 0.163413 0.066877
vt 0.772384 0.556707
vt 0.993577 0.384332
vt 1.000045 0.967018
vt 0.998473 0.725821
vt 0.654086 0.921358
vt 0.999578 0.095366
vt 0.703393 0.029417
vt 0.954335 0.000000
vt 0.500732 0.000000
vt 0.680788 0.000000
vt 0.863184 0.000000
vt 0.137398 0.000000
vt 0.318004 0.000000
vt 0.489403 0.000000
vt 0.996008 0.000000
vt -0.000295 0.999995
vt 0.215828 0.704916
vt -0.000538 0.872647
vt 0.418168 0.065779
vt 0.006311 0.075280
vt 0.284281 0.273077
vt 0.636587 0.123286
vt -0.000069 0.097544
vt 0.172695 0.194414
vt 0.553184 0.000000
vt 0.957088 0.000000
vt 0.295695 0.295126
vt 1.000018 1.000000
vt 1.000002 0.761395
vt 0.759353 0.552342
vt 0.752531 0.739798
vt -0.003922 0.939723
vt 0.003508 0.628758
vt 1.000014 0.442916
vt 0.999980 0.093180
vt 0.955952 0.000000
vt 0.772613 0.000000
vt 0.361509 0.000000
vt 0.636217 0.000000
vt 0.136581 0.000000
vt 0.273883 0.000000
vt 0.044251 0.000000
vt 0.681272 0.000000
vt 0.629324 0.429016
vt 0.539313 0.242750
vt 0.206559 0.309762
vt 0.217419 0.277083
vt 0.394512 0.086761
vt 0.004429 0.188521
vt -0.000182 0.901058
vt 0.115257 0.630782
vt 0.011930 0.483664
vt 0.214032 0.961130
vt 0.499254 0.744308
vt 0.726987 0.000000
vt 0.953626 0.000000
vt 0.473800 0.502824
vt 0.174124 0.712523
vt 0.196206 0.174193
vt 0.720673 0.455072
vt 1.000027 0.924335
vt 0.319131 0.000000
vt 0.543446 0.000000
vt 0.410855 0.000000
vt 0.501105 0.000000
vt 0.679931 0.000000
vt 0.863163 0.000000
vt 0.135297 0.000000
vt 0.318493 0.000000
vt 0.489846 0.000000
vt 0.265790 1.000000
vt 0.559329 0.753145
vt -0.001076 0.971792
vt 0.648669 0.714488
vt 0.318192 0.502612
vt 0.204905 0.686000
vt 0.722841 0.344413
vt 0.006333 0.969462
vt 1.000023 0.628423
vt 0.999985 0.224502
vt 0.277296 0.956526
vt 0.451543 0.691032
vt -0.001267 0.794940
vt 0.955112 0.000000
vt 0.544349 0.000000
vt 0.730147 0.000000
vt 0.453883 0.000000
vt 0.953944 0.000000
vt 0.134364 0.000000
vt 0.627002 0.000000
vt 0.771065 0.000000
vt 0.408645 0.000000
vt 0.226666 0.000000
vt 0.045833 0.000000
vt 0.230823 0.798361
vt -0.000022 0.703248
vt 0.085985 0.990387
vt 0.751428 1.000000
vt 0.998880 0.965678
vt 0.335681 0.943355
vt 0.308976 0.428016
vt 0.326855 0.616242
vt 0.566116 0.478159
vt 0.000523 0.610977
vt 0.402023 0.000000
vt 0.166832 0.085348
vt 0.000049 1.000000
vt 0.342416 0.963151
vt -0.000137 0.790416
vt 0.184915 0.709801
vt 0.167848 0.531655
vt 0.574138 0.724706
vt 0.661332 0.548395
vt 0.278246 0.515844
vt 0.647994 0.238710
vt 0.955353 0.000000
vt 0.773062 0.000000
vt 0.457852 0.000000
vt 0.681273 0.000000
vt 0.864356 0.000000
vt 0.226778 0.000000
vt 0.591383 0.000000
vt 0.137814 0.000000
vt 0.953843 0.000000
vt 0.271295 0.000000
vt 0.544195 0.000000
vt 0.606040 0.618822
vt 0.709673 0.403860
vt 0.671197 0.159220
vt 0.445453 0.043254
vt 0.998173 0.653183
vt 0.425706 0.983168
vt 0.564250 0.706914
vt 0.259226 0.727504
vt 0.503593 0.000000
vt 0.677851 0.000000
vt 0.864562 0.000000
vt 0.318601 0.000000
vt 0.476757 0.000000
vt 0.133114 0.000000
vt 0.410064 0.000000
vt 0.226456 0.000000
vt 0.046052 0.000000
vt 0.772051 0.000000
vt 0.589923 0.000000
vt 0.954593 0.000000
vt 0.006003 0.001455
vt 0.225875 0.698390
vt -0.000080 0.559189
vt 0.000752 0.901515
vt 0.224579 0.000000
vt 0.408267 0.000000
vt 0.327263 0.000000
vt 0.174452 0.363845
vt 0.386485 0.159450
vt 0.000245 0.189363
vt 0.450657 0.601858
vt 0.006298 0.679115
vt 0.988274 0.944991
vt 0.999896 0.578847
vt 0.597238 0.743344
vt 0.371152 0.981313
vt 0.604607 0.751795
vt 0.000750 0.909163
vt 0.185165 0.653890
vt 0.522707 0.507912
vt 0.303866 0.432528
vt 0.563658 1.000000
vt 0.612312 0.179186
vt 1.000092 0.273921
vt 0.956418 0.000000
vt 0.771830 0.000000
vt 0.500643 0.000000
vt 0.678095 0.000000
vt 0.867525 0.000000
vt 0.949624 0.000000
vt 0.700706 0.905674
vt 0.735343 0.708983
vt 0.288309 0.953725
vt 0.318830 0.000000
vt 0.512052 0.000000
vt 0.136249 0.000000
vt 0.408915 0.000000
vt 0.225029 0.000000
vt 0.048551 0.000000
vt 0.590249 0.000000
vt 0.363641 0.000000
vt 0.508728 0.000000
vt 0.772052 0.000000
vt 0.592771 0.000000
vt 0.953338 0.000000
vt 0.589208 0.000000
vt 0.314427 0.000000
vt 0.494286 0.643073
vt -0.002796 0.674491
vt 0.358836 0.025264
vt 0.728273 0.000000
vt 0.499556 0.000000
vt 0.953088 0.000000
vt 0.728196 0.336600
vt 0.771855 0.165005
vt 1.000950 0.000000
vt 0.724039 0.000000
vt 0.001648 0.375070
vt 0.014020 0.597671
vt 0.305655 0.581628
vt 0.607480 0.447612
vt 0.254567 0.109495
vt 0.190664 0.554790
vt -0.000218 0.841226
vt -0.000194 0.146860
vt 0.000781 0.413282
vt 0.688537 0.175563
vt 0.167192 0.000000
vt 0.415609 0.000000
vt 0.862718 0.000000
vt 0.674390 0.000000
vt 0.472617 0.000000
vt 0.682872 0.000000
vt 0.413279 0.000000
vt 0.226131 0.000000
vt 0.044673 0.000000
vt 0.301745 0.726502
vt 0.000779 0.604326
vt 0.002168 0.903540
vt 0.774245 0.000000
vt 0.586396 0.000000
vt 0.956620 0.000000
vt 0.278191 0.375241
vt 0.654823 0.344545
vt 0.568016 1.000000
vt 0.634539 0.829921
vt 0.297090 0.877686
vt 0.435316 0.610714
vt 0.735546 0.646543
vt 0.447152 0.889033
vt 0.432715 0.611530
vt 0.716527 0.145293
vt 0.348764 0.057285
vt 0.329806 0.419280
vt 0.704515 0.651864
vt 0.818379 1.000000
vt 1.000014 0.968795
vt 0.693261 0.907785
vt 0.502949 0.000000
vt 0.678745 0.000000
vt 0.865951 0.000000
vt 0.256715 0.000000
vt 0.551083 0.000000
vt 0.955418 0.000000
vt 0.318091 0.000000
vt 0.484115 0.000000
vt 0.134856 0.000000
vt 0.317900 0.000000
vt 0.048189 0.000000
vt 0.547930 0.000000
vt 0.953619 0.000000
vt 0.666703 0.604137
vt 0.361079 0.440295
vt 0.304516 0.115977
vt -0.000271 0.035990
vt -0.000003 0.265217
vt 0.221966 0.058226
vt 0.009783 0.934940
vt 0.239734 0.668855
vt 0.006900 0.628769
vt 0.523284 0.127456
vt 1.000124 0.501496
vt 0.727038 0.181627
vt 0.443968 0.411063
vt 0.809758 0.359083
vt 1.000210 0.864410
vt 0.409867 0.000000
vt 0.591677 0.000000
vt 0.818540 0.000000
vt 0.409400 0.468813
vt 0.009578 0.092638
vt 0.002440 0.492574
vt 1.000233 0.707424
vt 0.726300 0.597631
vt 0.581780 0.883566
vt 0.727088 0.654666
vt 0.699642 0.270646
vt 0.387630 0.339996
vt 0.043624 0.000000
vt 0.956274 0.000000
vt 0.773060 0.000000
vt 0.412068 0.000000
vt 0.227761 0.000000
vt 0.588727 0.000000
vt 0.500921 0.000000
vt 0.681349 0.000000
vt 0.865013 0.000000
vt 0.318738 0.000000
vt 0.509193 0.000000
vt 0.136774 0.000000
vt 0.408608 0.000000
vt 0.224838 0.000000
vt 0.048830 0.000000
vt 0.949113 0.000000
vt 0.496127 0.000000
vt 0.771904 0.000000
vt 0.593135 0.000000
vt 0.953835 0.000000
vt 0.954072 0.000000
vt 0.273217 0.000000
vt 0.543862 0.000000
vt 0.225285 0.000000
vt 0.333380 0.000000
vt 0.148644 0.497534
vt 0.014387 0.640459
vt 0.601332 0.289399
vt 0.347705 0.260078
vt 0.496664 0.324774
vt -0.000001 0.733120
vt 0.998348 0.299916
vt 0.462346 0.706922
vt 0.197052 0.529019
vt 0.009043 0.750812
vt 0.609949 0.466361
vt 0.620934 0.198557
vt 0.248483 0.160180
vt 0.408878 0.000000
vt 0.591592 0.000000
vt 0.680419 0.000000
vt 0.864009 0.000000
vt 0.439364 0.000000
vt 0.394609 0.130778
vt 0.225592 0.000000
vt 0.863678 0.000000
vt 0.683083 0.681248
vt 0.685259 0.460623
vt 0.136835 0.000000
vt 0.237447 1.000000
vt 0.475396 0.855006
vt 0.005707 0.746276
vt 0.635224 0.689947
vt 0.220634 0.627428
vt 1.000040 0.532950
vt 0.977509 0.210149
vt 0.338572 0.000000
vt 0.683150 0.000000
vt 0.905983 0.000000
vt 0.778788 0.622808
vt 0.020802 0.366981
vt 0.477145 1.000000
vt 0.321689 0.966945
vt 0.003852 0.479576
vt 0.442168 0.280565
vt 0.679195 0.795194
vt 0.231848 0.114633
vt 0.644123 0.289910
vt 0.340165 0.038442
vt 0.031532 0.065236
vt 0.005316 0.435255
vt 0.045487 0.000000
vt 0.954349 0.000000
vt 0.772908 0.000000
vt 0.318321 0.000000
vt 0.544235 0.000000
vt 0.954743 0.000000
vt 0.408786 0.000000
vt 0.227041 0.000000
vt 0.590370 0.000000
vt 0.499987 0.000000
vt 0.681975 0.000000
vt 0.863878 0.000000
vt 0.817090 0.000000
vt 0.136018 0.000000
vt 0.491328 0.000000
vt 0.865363 0.000000
vt 0.358598 0.000000
vt 0.586971 0.000000
vt 0.001125 0.157975
vt 0.000248 0.561564
vt 0.477111 0.238899
vt 0.337939 0.079714
vt 0.245289 0.647765
vt -0.000932 0.367488
vt 0.309394 0.149823
vt 0.039213 0.088015
vt 0.447194 0.455220
vt 0.686023 0.199371
vt 0.044612 0.000000
vt 0.955226 0.000000
vt 0.771468 0.000000
vt 0.000397 0.268686
vt 0.021747 0.558408
vt 0.727746 0.000000
vt 0.454612 0.000000
vt 0.954024 0.000000
vt 0.411493 0.000000
vt 0.227486 0.000000
vt 0.589717 0.000000
vt 0.452290 0.544605
vt 0.762961 0.530057
vt 0.454810 0.000000
vt 0.227726 0.000000
vt 0.046192 0.000000
vt 0.495801 0.000000
vt 0.817097 0.000000
vt 0.500451 0.000000
vt 0.680967 0.000000
vt 0.863733 0.000000
vt 0.906983 0.000000
vt 0.317278 0.000000
vt 0.501301 0.000000
vt 0.318206 0.000000
vt 0.496404 0.000000
vt 0.268206 1.000000
vt 0.002721 0.842680
vt -0.000509 1.000000
vt 0.291531 0.657277
vt 0.435148 0.297464
vt -0.000773 0.519009
vt 0.999019 0.753866
vt 0.213926 0.961269
vt 0.318478 0.728279
vt -0.000226 0.729314
vt 0.599639 0.976324
vt 0.672365 0.729663
vt 0.573598 0.419973
vt 0.999488 0.133320
vt 0.595162 0.201863
vt 0.274257 0.000000
vt 0.045686 0.000000
vt 0.681091 0.000000
vt 0.455318 0.000000
vt 0.773642 0.000000
vt 0.728972 0.000000
vt 0.953555 0.000000
vt 0.909935 0.000000
vt 0.408226 0.000000
vt 0.637954 0.000000
vt 0.953937 0.000000
vt 0.271390 0.000000
vt 0.500571 0.000000
vt 0.194782 0.181048
vt -0.000053 0.036488
vt 0.004374 0.311469
vt 0.000082 0.248682
vt 0.000086 0.595587
vt 0.302693 0.413281
vt 0.909976 0.000000
vt 0.408056 0.000000
vt 0.637537 0.000000
vt 0.229171 0.721569
vt 0.643034 0.715619
vt 0.395012 0.679056
vt 0.268055 0.651795
vt 0.439950 0.424623
vt -0.000592 0.457560
vt 1.000325 0.292223
vt 0.632168 0.508097
vt 0.999970 0.400165
vt 0.445074 0.965652
vt 0.769548 0.905022
vt 0.664315 0.701581
vt 0.091697 0.000000
vt 0.955193 0.000000
vt 0.725893 0.000000
vt 0.909866 0.000000
vt 0.681914 0.000000
vt 0.500710 0.000000
vt 0.284455 0.752940
vt -0.003162 0.955011
vt 0.412537 1.000000
vt 0.503173 0.000000
vt 0.136484 0.000000
vt 0.590392 0.000000
vt 0.501552 0.000000
vt 0.679869 0.000000
vt 0.864093 0.000000
vt 0.135395 0.000000
vt 0.318296 0.000000
vt 0.478163 0.000000
vt 0.356114 0.000000
vt 0.550669 0.433647
vt 0.250820 0.315116
vt 0.300130 0.022802
vt -0.000275 0.107440
vt 0.638915 0.746043
vt 0.249080 0.585789
vt -0.000079 0.038560
vt 0.000452 0.354636
vt 0.304925 0.145096
vt 0.999298 0.720771
vt 0.999377 0.554409
vt 0.697978 0.266280
vt 0.986298 0.199894
vt 0.718648 0.059256
vt 0.487226 0.235203
vt 0.954732 0.000000
vt 0.771521 0.000000
vt 0.226563 0.000000
vt 0.345840 0.000000
vt 0.214326 0.209495
vt 0.756389 0.280153
vt 0.687063 0.791714
vt -0.001262 1.000000
vt 0.380251 0.736345
vt -0.000193 0.774030
vt 0.662440 0.566984
vt 0.218759 0.518379
vt 0.715197 1.000000
vt 0.698724 0.777324
vt 0.370242 0.979734
vt 0.045632 0.000000
vt 0.955060 0.000000
vt 0.773338 0.000000
vt 0.409128 0.000000
vt 0.226529 0.000000
vt 0.500556 0.000000
vt 0.681221 0.000000
vt 0.863617 0.000000
vt 0.787655 0.585113
vt 0.537673 0.602076
vt 0.596385 0.769174
vt 0.864950 0.000000
vt 0.358970 0.000000
vt 0.587833 0.000000
vt 0.318068 0.000000
vt 0.501089 0.000000
vt 0.136399 0.000000
vt 0.454083 0.000000
vt 0.140164 0.000000
vt 0.673545 0.260672
vt 0.718709 0.470950
vt 0.492889 0.737882
vt 0.223175 0.558538
vt 0.006388 0.671679
vt 0.700674 0.215655
vt 0.999226 0.053313
vt 0.684461 0.000000
vt 0.330489 0.982083
vt 0.000511 0.708676
vt 0.000021 0.971756
vt 0.405948 0.178920
vt 0.231053 0.664379
vt 0.762993 0.672745
vt 0.138026 0.000000
vt 1.000005 0.918960
vt 1.000000 0.657501
vt 0.771970 0.000000
vt 0.503618 0.000000
vt 0.679360 0.000000
vt 0.862979 0.000000
vt 0.132667 0.000000
vt 0.317892 0.000000
vt 0.454921 0.000000
vt 0.472623 0.660291
vt 0.005688 0.555262
vt 0.006046 0.868831
vt 0.292757 0.000000
vt -0.000597 0.135813
vt 0.338577 0.168095
vt 0.582187 0.135564
vt 0.046303 0.000000
vt 0.966394 0.000000
vt 0.771765 0.000000
vt 0.412508 0.000000
vt 0.226753 0.000000
vt 0.587585 0.000000
vt 0.591116 0.000000
vt 0.409324 0.000000
vt 0.506432 0.000000
vt 0.316936 0.000000
vt 0.520374 0.000000
vt 0.135859 0.000000
vt 0.410634 0.000000
vt 0.227282 0.000000
vt 0.043920 0.000000
vt 0.585441 0.206672
vt -0.000803 0.764321
vt 0.647379 0.397553
vt -0.000146 0.405980
vt 0.002870 0.472959
vt 0.481017 0.597969
vt 0.000355 0.780295
vt 0.999296 1.000000
vt 1.000010 0.755625
vt 0.130311 0.000000
vt 0.426589 0.000000
vt 0.863472 0.000000
vt 0.673264 0.000000
vt 0.314684 0.000000
vt 0.510704 0.000000
vt 0.495565 0.000000
vt 0.683298 0.000000
vt 0.023483 0.693657
vt 0.948228 0.000000
vt 0.044876 0.000000
vt 0.231871 0.000000
vt 0.773454 0.000000
vt 0.588019 0.000000
vt 0.955331 0.000000
vt 0.190076 1.000000
vt -0.000168 0.765757
vt 0.001195 1.000000
vt 0.997638 0.356179
vt 0.465797 0.698099
vt -0.000286 0.843430
vt 0.630576 0.360639
vt 0.668831 0.262370
vt 0.363911 0.639944
vt 0.523980 0.094328
vt 0.650455 0.783436
vt 0.140953 0.241095
vt 0.001048 0.407472
vt 0.999892 0.784122
vt 0.578949 0.539561
vt 0.187212 0.343534
vt 0.434820 0.899079
vt -0.001108 0.919298
vt 0.310388 0.649916
vt 0.425799 0.847347
vt 0.646224 0.713567
vt 0.794354 0.106451
vt 0.607870 0.000000
vt 0.365496 0.085775
vt 0.960382 0.000000
vt 0.771014 0.000000
vt 0.226524 0.000000
vt 0.408342 0.000000
vt 0.361291 0.000000
vt 0.136643 0.000000
vt 0.455363 0.000000
vt 0.224883 0.000000
vt 0.345603 0.000000
vt 0.955544 0.000000
vt 0.317258 0.000000
vt 0.499442 0.000000
vt 0.504196 0.000000
vt 0.678587 0.000000
vt 0.862252 0.000000
vt 0.594714 0.000000
vt 0.810277 0.000000
vt 0.132368 0.000000
vt 0.316838 0.000000
vt 0.442945 0.000000
vt 0.548695 0.737721
vt 0.265417 0.635628
vt -0.001028 0.737684
vt 0.360428 0.722841
vt 0.473199 0.359657
vt 0.001066 0.488411
vt 0.578233 0.120242
vt 0.429833 0.326559
vt 0.717278 0.328614
vt 0.999206 0.710714
vt 0.513550 0.559150
vt 0.404964 0.733137
vt 0.497957 0.136973
vt 1.000251 0.691483
vt 0.688148 0.676018
vt 0.643989 0.407069
vt 0.216070 0.138584
vt 0.015141 0.498028
vt 0.725631 0.129417
vt 0.597446 0.011609
vt 0.990580 0.528108
vt 1.000144 0.192278
vt 0.860641 0.000000
vt 0.411914 0.000000
vt 0.682138 0.000000
vt 0.910457 0.000000
vt 0.273610 0.000000
vt 0.359012 0.000000
vt 0.681106 0.000000
vt 0.999988 0.337939
vt 0.227461 0.000000
vt 0.043984 0.000000
vt 0.774420 0.000000
vt 0.588711 0.000000
vt 0.955596 0.000000
vt -0.000316 0.649444
vt 0.000910 0.358200
vt 0.001147 0.717488
vt 0.004894 0.192142
vt 0.432015 0.644437
vt -0.000458 0.879633
vt 0.627562 0.433046
vt 0.448951 0.151742
vt 0.000538 0.221047
vt 0.000023 0.086829
vt 0.317899 0.000000
vt 0.546057 0.000000
vt 0.699959 1.000000
vt 0.003012 0.741069
vt 0.040105 0.000000
vt 0.956746 0.000000
vt 0.771102 0.000000
vt 0.681346 0.000000
vt 0.863300 0.000000
vt 0.726696 0.000000
vt 0.498301 0.000000
vt 0.955182 0.000000
vt 0.501941 0.000000
vt 0.680206 0.000000
vt 0.863568 0.000000
vt 0.135798 0.000000
vt 0.317983 0.000000
vt 0.490086 0.000000
vt 0.272626 0.688229
vt -0.000659 0.671372
vt 0.400602 0.870553
vt -0.001377 0.029222
vt 0.563944 0.678820
vt 0.776402 0.693797
vt 1.000028 0.838709
vt 0.675271 1.006328
vt 1.000008 0.187362
vt 1.000031 0.000000
vt 0.743921 0.074705
vt 0.174118 0.536408
vt 0.659043 0.176226
vt 0.546988 0.026741
vt 0.282580 0.085728
vt 0.643673 0.399520
vt 0.998694 0.112827
vt 0.200743 0.502790
vt -0.000255 0.130599
vt 0.012090 0.523016
vt 0.316123 0.000000
vt 0.093207 0.000000
vt 0.635376 0.000000
vt 0.316147 0.000000
vt 0.499858 0.000000
vt 0.227844 0.000000
vt 0.044932 0.000000
vt 0.590720 0.000000
vt 0.138844 0.000000
vt 0.627042 0.964899
vt 0.723335 0.716463
vt 0.385911 0.773445
vt 0.591988 0.000000
vt 0.817493 0.000000
vt 0.260779 0.293717
vt 0.000010 0.102131
vt 0.360540 0.000000
vt 0.226725 0.000000
vt 0.408899 0.000000
vt 0.515288 0.698581
vt 0.572577 0.491735
vt 0.688222 0.115092
vt 0.793113 0.650000
vt 0.665600 0.686126
vt 0.495972 0.485447
vt 0.997194 0.783937
vt 0.410330 0.000000
vt 0.590301 0.000000
vt 0.365025 0.000000
vt 0.505544 0.000000
vt 0.227524 0.000000
vt 0.368539 0.000000
vt 0.773341 0.000000
vt 0.953751 0.000000
vt 0.136440 0.000000
vt 0.135392 0.000000
vt 0.495152 0.000000
vt 0.820106 0.000000
vt 0.598870 0.960311
vt 0.608925 0.674945
vt 0.209876 0.855701
vt 0.508793 0.963014
vt 1.000019 0.545881
vt 0.995785 0.121259
vt 0.446419 0.954846
vt 0.586219 0.464771
vt 0.215198 0.441631
vt 0.598881 0.883272
vt 0.498388 0.000000
vt 0.685362 0.000000
vt 0.865060 0.000000
vt 0.317362 0.000000
vt 0.321423 0.000000
vt 0.495663 0.000000
vt 0.135704 0.000000
vt 0.409233 0.000000
vt 0.900100 0.000000
vt 0.411285 0.000000
vt 0.624551 0.000000
vt 0.499759 0.255993
vt 0.622835 0.050563
vt 0.246738 0.116675
vt 0.651343 0.708476
vt 1.000124 0.549677
vt 0.486100 0.414793
vt 1.000130 0.189643
vt 0.780856 0.212426
vt 0.017199 0.458044
vt 0.491531 0.000000
vt 0.182208 0.000000
vt 0.278664 0.468938
vt 0.186237 0.243980
vt 0.001117 0.467442
vt 0.402120 0.962036
vt 0.660714 0.717062
vt 0.002219 0.688309
vt 0.829343 0.739075
vt 0.405374 0.378972
vt 0.958155 0.000000
vt 0.092082 0.000000
vt 0.954958 0.000000
vt 0.729190 0.000000
vt 0.318002 0.000000
vt 0.500497 0.000000
vt 0.907358 0.000000
vt 0.681803 0.000000
vt 0.409512 0.000000
vt 0.227310 0.000000
vt 0.045916 0.000000
vt 0.772571 0.000000
vt 0.591441 0.000000
vt 0.412222 0.000000
vt 0.632159 0.000000
vt 0.863363 0.000000
vt 0.360429 0.366585
vt 0.008091 0.705277
vt 0.641908 0.000000
vt 0.773028 0.000000
vt 1.000027 1.000000
vt 0.996135 0.802657
vt 0.630446 0.780442
vt -0.003003 0.428877
vt 0.199399 0.153036
vt -0.000014 0.095400
vt 0.751492 0.225716
vt 0.469212 0.139140
vt 0.739681 0.167870
vt 0.536942 0.038054
vt 0.356630 0.000000
vt 0.226718 0.000000
vt 1.000081 0.222767
vt 0.726623 0.000000
vt 0.499781 0.000000
vt 0.644648 0.000000
vt 0.453163 0.000000
vt 0.094352 0.000000
vt 0.226558 0.000000
vt 0.356166 0.000000
vt 0.681137 0.000000
vt 0.136784 0.000000
vt 0.246630 0.676645
vt 0.308950 0.410665
vt 0.459393 0.767102
vt 0.757474 0.656514
vt 0.408423 0.547393
vt 1.000014 0.881980
vt 0.686757 0.784231
vt 0.593763 1.009550
vt 0.397559 1.000000
vt 0.210117 1.000000
vt 0.498080 0.000000
vt 0.276316 0.000000
vt 0.368759 0.000000
vt 0.707986 0.524320
vt 0.327235 0.528426
vt 0.317322 0.000000
vt 0.547601 0.000000
vt 0.955094 0.000000
vt 0.454395 0.000000
vt 0.682310 0.000000
vt 0.907418 0.000000
vt 0.638453 0.000000
vt 0.863301 0.000000
vt 0.137260 0.000000
vt 0.424076 0.898518
vt -0.001229 0.929259
vt 0.183320 1.000000
vt 0.001221 0.673530
vt 0.777054 0.201098
vt 0.991245 0.121389
vt 0.510089 0.000000
vt 0.181223 0.000000
vt 0.410041 0.000000
vt 0.730946 0.746404
vt 1.000059 0.446340
vt 0.158832 0.548334
vt 0.541803 0.338460
vt 0.215804 0.961445
vt 0.999577 0.547704
vt 0.843280 0.581432
vt 0.998891 0.399316
vt 0.684933 0.420090
vt 0.198392 0.934940
vt 0.381320 1.000000
vt 0.645110 0.886214
vt 0.363206 0.000000
vt 0.591045 0.000000
vt 0.498697 0.000000
vt 0.685144 0.000000
vt 0.860389 0.000000
vt 0.863188 0.000000
vt 0.636648 0.000000
vt 0.316835 0.000000
vt 0.507139 0.000000
vt 0.138778 0.000000
vt 0.408952 0.000000
vt 0.227669 0.000000
vt 0.044754 0.000000
vt 0.727833 0.000000
vt 0.953947 0.000000
vt 0.773908 0.000000
vt 0.591583 0.000000
vt 0.954152 0.000000
vt 0.182431 0.000000
vt 0.485154 0.000000
vt 0.329418 0.174768
vt 0.222448 0.049915
vt 0.129456 0.258177
vt 0.565730 0.999167
vt 0.674615 0.752114
vt 0.634537 0.567777
vt 0.777711 0.319469
vt 0.374768 0.410755
vt 1.000017 0.406701
vt -0.000046 0.447274
vt 0.249736 0.075036
vt 0.000006 0.052463
vt 0.207181 0.765692
vt -0.000031 0.955438
vt 0.508123 0.063544
vt 0.659124 0.000000
vt 0.723951 0.000000
vt 0.452915 0.000000
vt 0.744879 0.486250
vt 0.999282 0.411156
vt 0.413530 0.060922
vt 0.235286 0.166562
vt 0.495174 0.000000
vt 0.868571 0.000000
vt 0.137629 0.000000
vt 0.320356 0.000000
vt 0.564781 0.000000
vt -0.000146 0.452612
vt 0.255049 0.295706
vt -0.000032 0.172843
vt 0.589323 0.775210
vt 0.156106 0.144164
vt 0.632273 0.998068
vt 0.205676 0.818762
vt 0.188678 1.000000
vt 0.599280 0.088988
vt 0.234951 0.066487
vt 1.000035 0.376283
vt 0.846828 0.236958
vt 0.707109 0.599986
vt 0.182002 1.000000
vt -0.000335 0.762608
vt 0.714033 0.545419
vt 0.998183 0.324661
vt 0.476551 0.366112
vt 0.785357 0.035594
vt 0.677086 0.676682
vt 0.683561 0.942874
vt 0.045968 0.000000
vt 0.951689 0.000000
vt 0.774693 0.000000
vt 0.953265 0.000000
vt 0.316396 0.000000
vt 0.499954 0.000000
vt 0.405817 0.000000
vt 0.230774 0.000000
vt 0.591769 0.000000
vt 0.502148 0.000000
vt 0.680123 0.000000
vt 0.872020 0.000000
vt 0.347372 0.000000
vt 0.317199 0.000000
vt 0.523186 0.000000
vt 0.130154 0.000000
vt 0.135375 0.000000
vt 0.709108 0.411197
vt 0.692658 0.140893
vt 0.000133 0.957718
vt 0.002330 0.692006
vt 0.014583 0.285382
vt 0.779981 0.221739
vt 0.415509 0.640335
vt 0.847849 0.000000
vt 0.816214 0.598572
vt 0.460408 0.480518
vt 0.252807 0.170748
vt -0.000895 0.855033
vt 0.180376 0.957098
vt 0.761583 0.945498
vt 0.425269 0.748029
vt 0.360554 0.972269
vt 0.778810 0.530435
vt 0.668466 0.307580
vt 1.000049 0.876784
vt 0.993330 0.648928
vt 0.182030 0.000000
vt 0.496333 0.000000
vt 0.408567 0.000000
vt 0.228547 0.000000
vt 0.043258 0.000000
vt 0.773272 0.000000
vt 0.589501 0.000000
vt 0.955450 0.000000
vt 0.317286 0.000000
vt 0.547638 0.000000
vt 0.179272 0.251140
vt 0.227966 0.047470
vt 0.470153 0.212617
vt 0.655607 0.000000
vt 0.727896 0.000000
vt 0.499855 0.000000
vt 0.001151 0.391815
vt -0.000386 0.711666
vt 0.006236 0.919850
vt 0.612756 0.121729
vt 0.327244 0.108478
vt 0.359659 0.400829
vt 0.993579 0.371127
vt 1.000318 0.894622
vt 0.227855 0.000000
vt 0.365194 0.000000
vt 0.681890 0.000000
vt 0.498062 0.000000
vt 0.680116 0.000000
vt 0.867496 0.000000
vt 0.135882 0.000000
vt 0.320545 0.000000
vt 0.535678 0.000000
vt 0.544798 0.482758
vt 0.735947 0.507153
vt 0.521976 0.569588
vt -0.003217 0.579360
vt 0.996884 0.481561
vt 0.791502 0.331985
vt 1.000142 0.190466
vt 0.588758 0.413078
vt 0.165809 0.119992
vt 0.000002 0.190958
vt 0.181869 0.379650
vt 0.764948 1.000000
vt 1.000041 0.856709
vt 0.544009 0.185804
vt 0.641427 0.437232
vt 0.996843 0.467736
vt 0.555669 0.791221
vt -0.003415 0.751174
vt 0.997062 0.870020
vt 0.593387 0.000000
vt 0.813706 0.000000
vt 0.999558 0.098318
vt 0.646069 0.201046
vt 0.407614 0.000000
vt 0.590279 0.000000
vt 0.362341 0.000000
vt 0.136683 0.000000
vt 0.453486 0.000000
vt 0.228736 0.000000
vt 0.364958 0.000000
vt 0.500287 0.000000
vt 0.681764 0.000000
vt 0.863628 0.000000
vt 0.137169 0.000000
vt 0.317181 0.000000
vt 0.499914 0.000000
vt -0.000316 0.820472
vt 0.277470 0.589868
vt -0.000357 0.475800
vt 0.350815 0.990705
vt 0.257260 0.791073
vt 0.399274 0.617607
vt 0.645106 0.645759
vt 0.317298 0.000000
vt 0.092440 0.000000
vt 0.653033 0.546372
vt 0.999986 0.332570
vt 0.623218 0.305315
vt 0.361740 0.034042
vt 0.727576 0.947998
vt 0.175525 0.292454
vt 0.272650 0.000000
vt 0.500091 0.000000
vt 0.955402 0.000000
vt 0.500264 0.000000
vt 0.681114 0.000000
vt 0.863513 0.000000
vt 0.140278 0.217470
vt -0.000337 0.510437
vt 0.317677 0.000000
vt 0.487671 0.000000
vt 0.136015 0.000000
vt 0.227198 0.000000
vt 0.045871 0.000000
vt 0.499053 0.000000
vt 0.318334 0.000000
vt 0.090928 0.000000
vt 0.635161 0.000000
vt 0.863299 0.000000
vt 0.500835 0.000000
vt 0.681281 0.000000
vt 0.865680 0.000000
vt 0.136047 0.000000
vt 0.319195 0.000000
vt 0.499597 0.000000
vt -0.000190 0.539844
vt 0.185650 0.323556
vt 0.000022 0.177817
vt 0.678308 0.500457
vt 0.529404 0.262257
vt 0.234306 0.672537
vt 0.906062 0.000000
vt 0.682584 0.000000
vt 1.001008 0.948032
vt 0.576624 0.707699
vt 0.565001 0.963874
vt 0.999299 0.693496
vt 0.680914 0.038511
vt 0.226089 0.061868
vt 0.490277 0.000000
vt 0.136512 0.000000
vt 0.772325 0.000000
vt 0.589679 0.000000
vt 0.954829 0.000000
vt 0.500728 0.000000
vt 0.680189 0.000000
vt 0.864999 0.000000
vt 0.135426 0.000000
vt 0.488748 0.000000
vt -0.000206 0.000000
vt 0.593509 0.732721
vt 0.690777 0.436648
vt 0.290653 0.791342
vt 0.998217 0.250719
vt 0.597703 0.326278
vt 0.358915 0.000000
vt 0.226967 0.000000
vt 0.278600 0.166297
vt -0.000789 0.402430
vt 0.362483 0.000000
vt 0.591223 0.000000
vt 0.681891 0.000000
vt 0.233571 0.700209
vt 0.005331 0.776140
vt 0.223963 0.952374
vt 0.618713 0.656076
vt 0.523456 0.164973
vt 0.204401 0.100266
vt 0.259912 0.304951
vt 0.830283 1.000000
vt 1.000172 0.965376
vt 0.036887 0.085653
vt 0.581404 0.389196
vt 0.992603 0.759274
vt 0.182763 0.000000
vt 0.499130 0.000000
vt 0.776094 0.082142
vt 0.514494 0.116923
vt 0.458893 0.204832
vt 1.000005 0.118311
vt 0.408522 0.000000
vt 0.226675 0.000000
vt 0.590843 0.000000
vt 0.410270 0.000000
vt 0.229314 0.000000
vt 0.044828 0.000000
vt 0.772894 0.000000
vt 0.591391 0.000000
vt 0.956078 0.000000
vt 0.349870 0.275497
vt 0.621207 0.793134
vt 0.598672 0.614060
vt 0.631632 0.311153
vt 1.000100 0.358760
vt 0.999298 0.080048
vt 1.000078 1.000000
vt 0.995202 0.757921
vt 0.649206 0.635853
vt 0.504994 0.322258
vt 0.374864 0.946025
vt -0.002863 0.825073
vt 0.183630 0.217971
vt 0.610336 0.161111
vt 0.524636 0.207745
vt -0.002106 0.118289
vt 1.000057 0.575113
vt 0.780879 0.468484
vt 0.233594 0.659354
vt 0.588207 0.708215
vt 0.464031 0.486588
vt 1.000019 0.000000
vt 0.999973 0.891732
vt 0.521585 0.772176
vt 1.000009 0.496417
vt 0.998003 0.165554
vt 0.953183 0.000000
vt 0.317172 0.000000
vt 0.499327 0.000000
vt 0.228794 0.000000
vt 0.045717 0.000000
vt 0.954620 0.000000
vt 0.277523 0.000000
vt 0.499158 0.000000
vt 0.864282 0.000000
vt 0.637148 0.000000
vt 0.330943 0.348049
vt 0.184203 0.191797
vt -0.000187 0.196005
vt 0.005349 0.827316
vt 0.277885 0.589694
vt -0.000304 0.514504
vt 0.179250 0.211812
vt 0.435016 0.780231
vt 0.220248 0.377685
vt 0.545537 0.427855
vt 0.142534 0.439287
vt -0.001025 0.291473
vt 0.701246 0.890132
vt 0.516686 0.751422
vt 0.349631 1.000000
vt 0.700455 0.701317
vt 0.998142 0.088779
vt 0.767745 0.000000
vt 0.484243 0.104491
vt 0.790007 0.733418
vt 0.090292 0.000000
vt 0.954663 0.000000
vt 0.726948 0.000000
vt 0.228133 1.000000
vt 0.681554 0.000000
vt 0.181793 0.000000
vt 0.496457 0.000000
vt 0.135204 0.000000
vt 0.196576 1.000000
vt 0.002544 0.878763
vt 1.000210 0.947894
vt 0.740129 0.818686
vt 0.110494 0.339044
vt -0.000048 0.454927
vt 0.188708 0.294860
vt 0.349940 0.120362
vt 0.424588 0.539317
vt 1.005362 0.781620
vt 0.178703 0.000000
vt 0.465383 0.000000
vt 0.998384 0.943376
vt 0.621446 1.000000
vt 0.008810 0.997241
vt 0.785840 0.118657
vt -0.004297 0.751055
vt -0.000039 0.065488
vt 0.284628 0.054764
vt 0.247872 0.392115
vt 0.464328 0.000000
vt 0.651418 0.099484
vt 0.779943 0.459400
vt 1.000011 0.212313
vt 0.993422 0.554713
vt 0.800489 0.967907
vt 1.000222 0.841627
vt -0.000732 0.045196
vt 0.177417 0.345442
vt 0.138608 0.000000
vt 1.000141 0.962976
vt 1.000000 0.716613
vt 0.276305 0.036415
vt -0.000331 0.181603
vt 0.018864 0.403549
vt 0.298889 0.984534
vt 0.623552 0.073696
vt 0.422721 0.603556
vt 0.210148 0.462302
vt 0.575198 0.373538
vt 0.714030 0.545582
vt 1.000099 0.316515
vt 0.674302 0.953957
vt -0.000047 0.725598
vt 0.586698 0.794355
vt 0.653251 1.002836
vt 0.203810 0.966093
vt 0.726552 0.611211
vt 0.809701 0.250512
vt 0.994931 0.932825
vt 0.999276 0.030636
vt 1.000005 0.628859
vt 0.998719 0.325900
vt 0.000781 0.378535
vt 0.012615 0.899011
vt 0.604365 0.222279
vt 0.265077 0.118625
vt 0.670607 0.060580
vt 0.714900 0.697988
vt 0.786890 0.481811
vt 0.613116 0.984475
vt 1.000222 0.222016
vt 0.996932 0.000000
vt 0.998191 0.619141
vt 0.000217 0.000000
vt 0.000004 0.196935
vt 0.209418 0.117583
vt -0.008051 0.512864
vt 0.274737 0.997825
vt 0.252985 0.815741
vt 0.000288 0.860265
vt 0.391243 0.630785
vt 0.716134 0.654856
vt 0.654595 0.928854
vt 1.000003 0.407304
vt 0.998637 1.000000
vt 1.000000 0.776557
vt 0.998921 0.085984
vt 0.000918 0.203476
vt -0.000890 0.000000
vt 0.997764 0.368883
vt 0.997789 0.797769
vt -0.000042 0.209615
vt 0.007013 0.507814
vt 0.197263 0.766338
vt 0.997329 0.448049
vt 0.656732 0.758529
vt 1.000142 0.622032
vt -0.000321 0.749619
vt 0.431985 0.178853
vt 0.265740 0.458603
vt 0.599004 0.498185
vt 0.668606 0.673488
vt 0.806815 0.166469
vt 0.704795 0.909500
vt 0.998964 0.642100
vt 0.329015 1.000000
vt 0.480582 0.881976
vt -0.000392 0.941991
vt -0.002652 0.641490
vt 0.587337 0.158193
vt 0.782814 0.275156
vt 0.640907 1.000000
vt 0.993544 0.963349
vt 1.000750 0.409104
vt 0.674879 0.709100
vt 0.998656 0.073590
vt 0.999467 0.696995
vt 0.006048 0.785937
vt 0.002544 0.136891
vt 0.381410 0.982175
vt 0.435954 0.208108
vt 0.329270 0.043585
vt 0.744904 0.082329
vt 1.000032 0.674918
vt 1.000000 0.352947
vt 1.000000 0.088965
vt -0.000295 0.025510
vt 0.246354 0.987864
vt 0.911477 0.000000
vt 0.680947 0.000000
vt 0.671475 0.120457
vt 0.804572 0.248111
vt 1.000039 0.081593
vt 0.000051 0.635778
vt 0.265257 0.000000
vt 0.676288 0.439774
vt 0.986720 0.384608
vt 0.686400 0.018983
vt 0.999999 0.082374
vt -0.000084 0.123632
vt 0.607543 0.143605
vt 0.217768 0.155705
vt 0.591355 0.000000
vt 0.817026 0.000000
vt 1.000102 0.074408
vt -0.000011 0.096545
vt 0.164260 1.000000
vt 0.581868 0.843279
vt 0.180079 0.000000
vt 0.501115 0.000000
vt 0.687322 0.595835
vt 1.000112 0.543149
vt 0.996594 0.859995
vt 0.000715 0.780473
vt -0.000336 1.000000
vt 0.003644 0.356706
vt 0.172359 0.698984
vt -0.000572 0.666348
vt 0.001091 0.927336
vt 0.193626 0.301208
vt 0.000729 0.049203
vt 1.000015 0.318643
vt -0.000225 0.705180
vt 0.271810 0.873690
vt 0.267446 1.000000
vt 0.684389 0.046069
vt 1.000013 0.373731
vt -0.000070 0.523091
vt -0.000009 0.108320
vt -0.000233 0.831439
vt 0.215466 0.961636
vt 0.560594 0.059726
vt 0.834470 0.595604
vt 1.000115 0.739023
vt 1.000013 0.973567
vt -0.000135 0.110587
vt 0.006757 0.377123
vt 0.227501 0.126690
vt 0.188319 1.000000
vt 0.730905 1.000000
vt 0.588266 0.105399
vt 1.000235 0.000000
vt 0.006410 0.680314
vt -0.000074 0.961031
vt 0.174501 1.000000
vt 0.000015 0.090620
vt 0.210206 0.459491
vt 0.998008 0.691867
vt 0.756684 0.941614
vt 1.000000 0.973287
vt -0.000102 0.031045
vt -0.000050 0.247436
vt 0.220622 0.184759
vt 0.169847 0.305445
vt -0.000391 0.608372
vt 0.993461 0.757309
vt 0.585160 0.749661
vt 0.624895 1.000000
vt 0.721049 0.808290
vt 0.181525 0.991395
vt 0.697421 0.630787
vt 0.997148 0.054379
vt 0.999443 0.744982
vt 0.999177 0.321483
vt 0.205068 0.000000
vt 0.000046 0.040259
vt 0.000217 0.618432
vt 0.609315 0.012005
vt 0.650762 0.164261
vt 0.614776 0.970558
vt 0.624376 0.470651
vt 0.993969 0.449558
vt 0.999884 0.747888
vt 1.000000 0.969069
vt -0.000240 0.139098
vt 0.002050 0.000000
vt 0.000157 0.617174
vt -0.000471 0.847946
vt 0.665861 0.042679
vt 1.000024 0.820459
vt 0.747164 0.446542
vt -0.000329 0.411020
vt 0.274027 0.191998
vt -0.000472 0.052336
vt 0.000028 0.955963
vt 0.432635 0.953146
vt 0.795191 0.974467
vt 0.999613 0.342200
vt 0.983275 0.678318
vt 1.000000 0.041906
vt 0.315895 0.181233
vt -0.000012 0.051085
vt 0.009437 0.325654
vt 0.592212 1.000000
vt 0.635599 0.097351
vt 0.738075 0.647015
vt 1.007589 0.970193
vt 0.784844 0.294129
vt 0.998650 0.065055
vt 1.000177 0.449467
vt 0.002871 0.921073
vt 0.380956 0.953193
vt 0.177922 0.650707
vt 0.412673 0.585008
vt 0.663716 0.688757
vt 0.995576 0.624099
vt -0.001752 1.000000
vt 0.286359 0.940485
vt 0.007731 0.757954
vt -0.000516 0.149557
vt -0.000092 0.510274
vt 0.982550 0.219662
vt 0.004205 0.510745
vt -0.000208 0.892876
vt 0.308098 0.000000
vt 0.009678 0.249914
vt 0.531468 0.125332
vt 0.703176 0.000000
vt 0.999819 0.249758
vt 1.000000 0.871991
vt 1.000000 0.575975
vt -0.000356 0.000000
vt -0.000303 0.201895
vt 0.298230 1.000000
vt 0.000625 0.774785
vt 0.227652 0.689678
vt 0.611992 0.000000
vt 0.837912 0.200139
vt 0.999978 0.460236
vt 0.999912 0.797017
vt 1.000000 0.116349
vt 0.000061 1.000000
vt 0.209874 1.000000
vt 0.524182 0.787495
vt 0.228548 0.095742
vt 0.489590 0.625025
vt 0.657798 0.992627
vt 0.630768 0.056368
vt 0.999995 0.973273
vt 0.995572 0.663895
vt -0.000034 0.074706
vt 0.205627 0.000000
vt -0.000071 0.961691
vt 1.000098 0.105717
vt 1.000020 0.752432
vt 1.000213 0.959231
vt -0.000006 0.066106
vt 0.220252 0.000000
vt -0.000025 0.973402
vt -0.008404 0.787403
vt 0.004469 0.559505
vt 0.307591 0.515737
vt 0.676152 0.083566
vt 0.999976 0.023125
vt 0.001192 0.232703
vt 0.210748 0.877922
vt 0.000089 0.803619
vt 0.672725 0.398314
vt 0.724167 0.115377
vt 0.794548 0.699282
vt 1.000484 0.962774
vt 0.998168 0.144266
vt 0.999440 0.733138
vt 1.000340 0.475072
vt -0.000201 0.849755
vt 0.000043 1.000000
vt 0.212094 1.000000
vt 0.523507 1.000000
vt 0.788007 0.065676
vt 0.996564 0.287794
vt 0.997765 0.527105
vt 1.000000 0.049257
vt 1.000000 0.929695
vt 0.000796 0.084416
vt 0.236636 1.000000
vt 0.807885 0.056100
vt 1.000038 0.107718
vt 0.000022 1.000000
vt 0.003915 0.103774
vt 0.137328 0.044624
vt 0.405010 1.000000
vt 0.736736 0.977721
vt 0.704309 0.156341
vt 0.745226 0.052443
vt 1.000190 0.850540
vt 1.000010 0.178380
vt 0.999359 0.549545
vt -0.000542 0.000000
vt 0.416891 0.979771
vt 0.177078 0.788803
vt 1.000014 1.000000
vt 0.156441 1.000000
vt -0.000215 0.354888
vt 0.225416 0.086742
vt 0.663740 0.193745
vt 0.392828 1.000000
vt 0.601298 0.041077
vt 0.442347 0.521328
vt 0.801276 0.608277
vt 0.879437 0.000000
vt 1.000088 0.405076
vt 1.000000 0.056801
vt 0.984824 0.823424
vt 0.001583 0.138917
vt 0.152447 0.324895
vt 0.313535 0.164670
vt 0.592700 0.135355
vt 0.205973 0.763232
vt 0.602526 1.000000
vt 0.995936 0.164688
vt 1.000244 0.000000
vt 0.726798 0.000000
vt 0.954267 0.000000
vt 1.000037 0.437681
vt 0.758815 0.588610
vt 0.764701 0.968449
vt 1.000101 0.746271
vt 0.999291 0.329542
vt 1.000002 0.020339
vt 1.000002 0.974602
vt 0.354706 1.000000
vt -0.000236 0.823569
vt 0.010340 0.281973
vt 0.668643 0.977585
vt 0.359592 0.226110
vt 0.604546 0.104669
vt 0.328314 0.048009
vt 0.736957 0.755783
vt 0.995743 0.717003
vt 0.206490 0.509868
vt 0.275439 0.101014
vt -0.000079 0.329372
vt 0.485413 0.605178
vt 0.683481 0.262802
vt 0.706312 0.800686
vt 0.604944 1.000000
vt 0.558451 0.057658
vt 0.692718 0.534409
vt 0.999321 0.920750
vt 0.999436 0.565770
vt 0.999998 0.195596
vt -0.000054 0.780987
vt 0.628738 1.000000
vt 0.595944 0.799200
vt 0.152400 0.976425
vt 1.000181 0.844516
vt -0.001640 0.381823
vt 0.015203 0.677094
vt 0.223009 0.603956
vt -0.000162 0.138044
vt 0.189189 0.056425
vt 0.516500 0.405438
vt 0.693691 0.766954
vt 0.895505 0.000000
vt 1.000000 0.793082
vt 0.258969 0.825658
vt 0.679780 0.965347
vt 0.726182 0.029606
vt 0.998559 0.299908
vt 0.992471 0.040411
vt 1.000022 1.000000
vt 0.008720 0.547894
vt -0.003040 0.804959
vt -0.000871 1.000000
vt 0.420861 1.000000
vt 0.456536 0.043603
vt 0.610094 0.500580
vt 0.993614 0.524272
vt 1.000085 0.426765
vt 0.721521 1.000000
vt 0.999954 1.000000
vt -0.000002 0.235910
vt -0.000179 0.587821
vt 0.276120 0.694602
vt -0.000238 0.937456
vt 0.301454 0.978776
vt 0.594670 0.747430
vt 0.996013 0.645275
vt 0.997821 0.105655
vt 1.000015 0.383712
vt -0.001133 1.000000
vt 0.792395 0.590023
vt 0.999804 0.000000
vt 0.999868 0.273942
vt 0.991264 0.623814
vt 0.005421 0.388226
vt 0.274376 0.968240
vt 0.998345 0.576034
vt 1.000105 0.893866
vt 0.996523 0.256705
vt 0.000017 0.139290
vt 0.196809 0.385387
vt 0.207925 0.126243
vt -0.000034 0.492810
vt 0.000378 0.000000
vt 0.383105 0.000000
vt 0.150715 0.646037
vt -0.000254 0.894143
vt 0.398107 0.976508
vt 0.526176 0.393939
vt 0.651068 0.130926
vt 0.999906 0.044008
vt -0.000084 0.440998
vt -0.000124 1.000000
vt 0.999973 0.066050
vt 0.711511 0.356505
vt 0.780661 0.000000
vt 0.999783 0.052400
vt 0.999970 0.353774
vt 0.999993 0.622768
vt 0.999989 0.933815
vt -0.000484 0.728326
vt 0.010356 0.204663
vt 0.004681 0.427385
vt 0.637371 0.451147
vt 0.724488 0.171619
vt 0.418998 0.029954
vt 0.999918 0.782968
vt 0.999355 0.407723
vt 1.000221 0.058022
vt 0.000039 0.180909
vt 0.015733 0.439579
vt 0.005615 0.735199
vt 0.179419 0.955686
vt 0.995996 0.957417
vt 0.995083 0.622437
vt 1.000192 0.330163
vt -0.000162 0.323431
vt 0.608079 0.760587
vt 1.000380 1.000000
vt 1.000154 0.756116
vt 1.000086 0.131727
vt -0.000055 0.967533
vt 0.211805 1.000000
vt 0.010634 0.779479
vt 0.264945 0.627015
vt -0.000079 0.557990
vt 0.822921 1.000000
vt 0.996780 0.744307
vt 0.570792 0.103250
vt 0.301189 0.264420
vt 0.004709 0.042076
vt -0.000040 0.305483
vt 0.004408 0.998794
vt 0.676622 0.053950
vt 0.800729 0.336385
vt 0.999920 0.091851
vt 0.999941 0.400237
vt 0.999958 1.000000
vt 0.191238 0.531260
vt -0.001812 0.095034
vt 0.443934 0.026838
vt 0.177737 0.000000
vt 0.999969 0.242420
vt 0.841825 0.038185
vt 0.999998 0.000000
vt -0.000052 0.629710
vt 0.000501 0.914113
vt 0.196014 0.585795
vt 0.223231 0.160076
vt 0.003135 0.310046
vt 0.428893 0.374971
vt 0.331108 0.826622
vt 0.482859 0.681713
vt 0.766707 0.743164
vt 0.701964 0.461115
vt 1.000000 0.542214
vt -0.000006 0.105803
vt 0.215295 0.218389
vt 0.172839 0.046709
vt -0.000689 0.463499
vt 0.398166 0.443071
vt 0.666015 0.000000
vt 0.688408 0.458903
vt 1.000000 0.852814
vt -0.000365 0.029972
vt -0.000047 0.270828
vt 0.188407 1.000000
vt -0.000829 0.914632
vt -0.000534 0.631230
vt 0.491827 0.073805
vt 0.745426 0.226727
vt 0.422015 0.993444
vt 1.000006 0.456574
vt 0.999999 0.781663
vt 0.999238 0.085212
vt -0.000104 0.891215
vt -0.000108 0.000000
vt 0.306278 0.043101
vt 0.773183 0.177216
vt 0.598306 0.033674
vt 0.800043 0.515600
vt 0.644583 0.983729
vt 0.998947 0.973997
vt 1.000060 0.374216
vt 1.000004 0.737625
vt 0.999132 0.044355
vt 0.002063 0.040452
vt 0.000135 0.334565
vt 0.207030 0.122888
vt 0.272648 0.332155
vt 0.520993 0.118903
vt 0.762694 0.594307
vt 0.760953 0.188331
vt 1.000015 0.034647
vt 0.007048 0.627389
vt -0.000188 0.967832
vt 0.290627 0.954284
vt 0.363345 0.745917
vt 0.687221 0.175781
vt 0.693419 0.886496
vt 0.817256 0.679682
vt 0.998362 0.190337
vt 0.999988 0.000000
vt 1.000082 0.855581
vt 1.000111 0.419081
vt 0.003293 0.960804
vt 0.998601 0.965576
vt 0.809243 0.000000
vt 0.985340 0.688270
vt 0.222517 0.165967
vt 0.008315 0.523139
vt 0.790523 0.591906
vt 0.996781 0.737869
vt 0.186136 0.243939
vt 0.001158 0.347786
vt 0.988774 0.220662
vt 1.000083 0.518330
vt -0.000061 0.690592
vt 0.215761 0.782670
vt 0.423173 0.522623
vt 0.631596 0.697983
vt 0.664029 0.122285
vt 0.337251 0.344917
vt 0.692711 0.958182
vt 0.698204 0.000000
vt 0.999893 0.465844
vt 0.998444 0.747092
vt 1.000009 0.127887
vt 0.500877 0.099875
vt -0.000302 0.040055
vt 0.354588 0.723107
vt 0.832637 0.088993
vt 0.998432 0.558844
vt 0.203593 0.462964
vt -0.000483 0.890701
vt 0.172300 1.000000
vt 0.210600 0.119668
vt -0.000251 0.029040
vt 0.212855 0.143407
vt -0.000193 0.929013
vt 0.605789 0.274894
vt 0.400768 0.989109
vt 1.000036 0.671128
vt 1.000009 0.049140
vt 0.999910 0.306166
vt 0.020958 0.400534
vt -0.000215 0.738992
vt 0.366244 0.810731
vt 0.524660 1.000000
vt 0.162818 0.989037
vt 0.557985 0.207231
vt 0.995430 0.793211
vt 1.000507 0.439136
vt -0.000726 0.000000
vt -0.000262 0.199967
vt 0.260589 0.101772
vt 0.201185 0.332386
vt 0.002572 0.535586
vt 0.219937 0.620164
vt 0.243275 1.000000
vt 0.668574 0.396807
vt 0.278731 0.801452
vt 0.997810 0.146510
vt 0.005046 0.719710
vt 0.203282 1.000000
vt 0.238541 0.077222
vt 0.681108 0.000000
vt 0.235630 0.531798
vt 0.677861 0.961251
vt 1.000115 0.894502
vt -0.000221 0.893042
vt 0.179632 1.000000
vt 0.549132 0.969386
vt 0.790435 0.136994
vt 1.000601 0.000000
vt 0.992580 0.227490
vt 0.999857 0.858549
vt 0.185662 0.420400
vt 0.000019 0.573121
vt 0.216098 0.569605
vt 0.735598 0.147488
vt 0.994377 0.671775
vt 0.602074 0.484487
vt 0.995234 0.375190
vt 0.798378 1.000000
vt 1.000011 0.938451
vt -0.000021 0.022609
vt -0.000203 0.279761
vt -0.000007 0.561307
vt -0.000072 0.400111
vt 0.008874 0.116733
vt 0.450693 0.077138
vt 0.185171 0.000000
vt 0.331638 0.901051
vt 0.523277 0.744753
vt 0.007914 0.730195
vt 0.724573 0.041525
vt 0.724379 0.456504
vt 0.790832 0.627511
vt 0.993129 0.647070
vt 0.998078 0.270805
vt 0.697466 0.960133
vt 1.000000 0.898903
vt 0.393149 0.556628
vt -0.003745 0.855647
vt 0.509817 0.797859
vt 0.213946 0.971952
vt 0.638584 0.066561
vt 0.682434 0.672719
vt 0.655987 0.477682
vt 0.814845 0.296247
vt 0.629936 0.982265
vt 0.999554 0.869466
vt 0.997841 0.176775
vt 0.999913 0.000000
vt 0.999979 0.531930
vt 0.059342 1.000000
vt -0.000271 0.775010
vt 0.001107 0.406389
vt 0.158912 0.543289
vt 1.000160 0.219511
vt 0.888266 0.000000
vt 0.002278 0.038394
vt -0.000271 0.415979
vt 0.417628 0.309541
vt 0.452026 0.976641
vt 0.717250 0.538689
vt 0.637765 0.795952
vt 0.999970 0.694979
vt 1.000504 0.954015
vt -0.000033 1.000000
vt 0.635772 0.631204
vt 0.800173 0.557819
vt 0.990938 0.002056
vt 0.473040 0.791547
vt 0.751854 0.951038
vt -0.000336 0.031377
vt -0.000137 0.328462
vt 0.183188 0.101593
vt 0.267966 1.000000
vt 0.617650 0.861354
vt 0.001781 0.966033
vt 0.395542 0.168103
vt 0.629263 1.000000
vt 0.638199 0.061757
vt 0.997619 0.345509
vt 0.999978 0.954093
vt 0.804038 0.224463
vt 0.999970 0.038518
vt 0.999999 0.670205
vt -0.003947 0.000000
vt 0.357869 0.000000
vt 0.583111 0.663039
vt 0.643687 0.043203
vt 0.999464 0.793736
vt 0.993647 0.119784
vt -0.000372 0.029471
vt 0.200820 0.122347
vt 0.374223 0.309389
vt 0.540471 0.189762
vt 0.660072 0.528892
vt 0.629189 0.025229
vt 0.773835 0.237823
vt 0.997537 0.740936
vt 1.000065 0.080101
vt 0.991848 0.353903
vt 0.000000 0.965869
vt 0.177342 1.000000
vt 0.560461 0.115314
vt 0.499585 0.000000
vt 0.169743 0.132433
vt 0.548177 0.358564
vt 0.668684 0.527541
vt 1.000008 0.869376
vt 0.999885 0.115222
vt 0.999871 0.000000
vt 0.995923 0.435937
vt 0.816103 0.675551
vt -0.000221 0.059771
vt -0.002048 0.707106
vt -0.000270 0.976901
vt 0.444759 0.926485
vt 0.256278 1.000000
vt 0.404293 0.242555
vt 0.644119 0.112520
vt 0.721285 0.324118
vt 0.996840 0.891520
vt 0.731419 1.000000
vt 1.000033 0.209451
vt 1.000125 0.000000
vt -0.000506 0.830543
vt 0.237046 0.502295
vt 0.540940 0.766111
vt -0.000192 0.134901
vt 0.584643 0.070475
vt 0.803439 0.487596
vt 0.999308 0.370861
vt 0.776857 0.669474
vt 0.999311 0.055843
vt 1.000000 0.666192
vt -0.000069 1.000000
vt 0.000925 0.463069
vt 0.289192 0.626678
vt 0.457090 0.815189
vt 0.518608 0.040569
vt 0.744917 0.154295
vt 1.000163 0.190021
vt -0.000458 0.395366
vt -0.001005 0.087867
vt 0.999978 0.000000
vt -0.000904 0.050626
vt 0.178261 0.149333
vt -0.000963 1.000000
vt 0.427751 0.043403
vt 0.998770 0.382904
vt 0.212178 0.710749
vt -0.000156 0.888448
vt 0.370523 0.986389
vt 0.011469 0.426062
vt 0.331510 0.531394
vt -0.002719 0.153743
vt 0.724306 1.000000
vt 0.999972 0.974447
vt -0.000339 0.032071
vt -0.000171 0.292371
vt 0.230631 0.319644
vt -0.000235 0.662880
vt -0.000603 0.967759
vt 0.275562 0.769230
vt 0.294327 0.531149
vt 0.682729 0.690037
vt 0.408381 1.007003
vt 0.707801 0.993493
vt 1.000052 0.753271
vt 0.000005 0.115866
vt 0.830677 0.060177
vt 0.998298 0.201412
vt -0.000369 0.028563
vt -0.001942 0.383710
vt 0.147300 0.306538
vt 0.671968 0.425489
vt 0.735783 0.045831
vt 0.742760 0.733720
vt 0.736964 0.966102
vt 1.000232 0.095208
vt 0.998473 0.381502
vt 0.999984 0.730996
vt 0.737968 0.728533
vt 0.765481 0.100699
vt 0.363564 0.000000
vt 0.591052 0.000000
vt 0.838717 1.000000
vt 1.000120 0.846134
vt 0.993245 0.553748
vt 0.018702 0.444059
vt 0.005864 0.793345
vt 0.417090 0.614668
vt 0.312360 1.000000
vt 0.599965 0.926543
vt 0.011960 0.992861
vt 0.653727 0.056674
vt 1.000135 0.000000
vt 0.995519 0.865532
vt 0.504864 0.713346
vt 0.218040 0.580067
vt 0.526031 1.000000
vt 0.689637 0.562621
vt 0.611793 0.143881
vt 0.999724 0.755925
vt 0.999869 0.055953
vt 1.000100 0.465569
vt 0.999714 0.944108
vt 0.436709 0.000000
vt 0.711928 1.000000
vt 0.687267 0.110882
vt 1.000401 0.967027
vt 1.000317 0.025067
vt 1.000000 0.715556
vt 0.001987 0.798117
vt 0.511303 0.703710
vt 0.587188 0.966475
vt 1.000351 0.292833
vt 0.999881 0.031819
vt 0.999408 0.678174
vt -0.000252 0.905320
vt 0.004974 0.692784
vt -0.000628 0.000000
vt 0.755047 0.290686
vt 0.587630 0.640236
vt 0.996387 0.044742
vt 0.671249 0.000000
vt 0.994491 0.885418
vt 0.997477 0.528170
vt 0.615375 0.125030
vt 0.599768 0.590790
vt 1.000089 0.214849
vt 0.887925 0.000000
vt 0.741076 0.446671
vt -0.000278 0.392358
vt 0.507481 0.716237
vt 1.000004 0.655534
vt 0.688094 0.965289
vt 1.000913 1.000000
vt 0.019159 0.264759
vt 0.000031 0.048299
vt 0.674673 0.695993
vt 0.708511 0.955943
vt 0.999993 0.805098
vt 0.000103 0.645845
vt 0.180542 0.228321
vt 0.635562 0.719223
vt 0.538418 0.986391
vt 0.759242 1.000000
vt 0.999893 0.853952
vt 0.997621 0.579306
vt 0.999997 0.000000
vt 0.992582 0.318044
vt 0.585202 0.416394
vt 0.000612 0.446551
vt 0.611821 0.580426
vt 1.000067 0.773371
vt 0.999817 0.552390
vt 0.570031 0.952273
vt 0.999716 1.000000
vt -0.000766 0.040258
vt 0.638473 0.428807
vt 0.680057 0.118091
vt 0.785028 0.628395
vt 0.993783 0.272730
vt 0.999785 0.000000
vt 0.999978 0.877779
vt 1.000000 0.594814
vt -0.000057 0.503120
vt -0.000213 0.135428
vt -0.001234 0.794364
vt -0.000284 1.000000
vt 0.216163 1.000000
vt 0.215561 0.665426
vt 0.615055 0.832350
vt 0.364670 0.919435
vt 0.451939 0.605132
vt 0.792635 0.628325
vt 0.997910 0.804026
vt 0.993496 0.483123
vt 0.003149 0.106205
vt -0.000014 0.773637
vt 0.224306 0.781130
vt 0.003439 0.992370
vt 0.539067 0.768418
vt 0.730658 0.081779
vt 0.745023 0.610244
vt 0.690501 0.295790
vt 0.997860 0.218543
vt 1.000019 0.530992
vt 0.197959 0.956745
vt 0.000120 0.379287
vt 0.175314 0.064829
vt 0.000000 0.110233
vt 0.447823 0.514548
vt 0.671429 0.117732
vt 0.499366 0.012635
vt 0.736585 0.431924
vt 0.701589 0.657724
vt 0.483908 0.980751
vt 1.000111 0.966741
vt 0.996135 0.654007
vt 1.000113 0.288074
vt -0.000086 0.123342
vt 0.691883 0.318238
vt 0.264232 1.000000
vt 0.313786 0.853527
vt 0.642163 0.656111
vt 0.598130 0.000000
vt 0.799912 0.164430
vt 0.998477 0.406114
vt 0.998946 0.062175
vt 0.000064 0.154008
vt 0.143587 0.504495
vt 0.310474 0.604520
vt 0.641303 0.489650
vt 0.769660 0.631776
vt 0.992121 0.463372
vt -0.000142 0.629737
vt -0.001081 0.374390
vt 0.996002 0.457843
vt 0.998731 0.127086
vt 0.018112 0.256532
vt 0.407483 1.000000
vt 0.674934 0.982220
vt 0.999968 0.974459
vt 0.255740 0.986719
vt 0.718164 0.935994
vt 0.719786 0.050478
vt 0.655702 0.660672
vt 1.000006 0.232349
vt 0.999993 0.599563
vt 0.439613 1.000000
vt 0.999604 0.581662
vt 1.000132 0.201782
vt 0.000667 0.354373
vt -0.000042 0.718709
vt 0.259274 0.292069
vt 0.997587 0.178475
vt 0.997105 0.888174
vt 0.992771 0.482098
vt 0.178522 0.614667
vt 0.383073 0.432084
vt 0.274773 0.079386
vt 0.640530 0.183851
vt 0.667830 0.000000
vt 0.691810 0.485390
vt 0.999438 0.545205
vt 0.795613 0.699768
vt 0.999999 0.195940
vt 1.000169 0.911431
vt 0.015133 0.120874
vt -0.000736 0.380145
vt 0.510405 0.718424
vt 0.315834 0.366673
vt 0.679389 0.984868
vt 0.538090 0.207031
vt 0.785979 0.131986
vt 0.739818 0.304237
vt 0.781326 0.686727
vt 1.000217 1.000000
vt 0.998175 0.760115
vt 0.999672 0.388183
vt 1.000127 0.052043
vt 0.256799 0.319289
vt 0.005902 0.116568
vt 0.286172 0.031584
vt 0.614865 0.031318
vt 0.649152 0.970412
vt 0.994402 0.882858
vt 0.996944 0.609430
vt 0.640069 0.803190
vt 1.000594 0.955661
vt 1.000566 0.039227
vt 0.998365 0.276550
vt 0.205050 0.065865
vt 0.000014 0.197947
vt 0.322518 0.356105
vt 0.199027 0.961448
vt 0.392084 0.542512
vt 0.623985 0.000000
vt 0.613041 0.138970
vt 0.641973 0.917278
vt 0.709257 0.514902
vt 0.996009 0.474105
vt 0.814621 0.671331
vt 0.999988 0.194282
vt 1.000000 0.836381
vt 0.179030 0.336330
vt 0.219780 0.158625
vt 0.000017 0.229011
vt 0.456855 0.997301
vt 0.591316 0.958959
vt 0.664131 0.402116
vt 0.792348 0.269607
vt 0.995146 0.201946
vt 1.000273 0.000000
vt -0.000736 0.463668
vt -0.000043 0.155478
vt 0.678252 0.855950
vt 0.269678 0.083473
vt 0.747409 0.285329
vt 0.742478 0.580974
vt 1.000101 0.928612
vt 0.789579 0.521924
vt 0.000980 0.057951
vt -0.000130 0.931055
vt 0.231369 1.000000
vt 0.530937 0.414106
vt 0.616654 0.832127
vt 0.775732 0.340816
vt 1.000000 0.206931
vt 0.000835 0.773979
vt 0.231707 0.958943
vt 0.481266 0.720875
vt 0.003639 0.431063
vt 0.003934 0.066046
vt 0.595441 0.588341
vt 0.592769 0.947941
vt 0.924203 0.018695
vt 1.000000 0.258382
vt 0.999073 0.555971
vt -0.000350 0.000000
vt -0.001564 0.530974
vt -0.000361 0.842331
vt 0.735412 0.164277
vt 0.998294 1.000000
vt 1.000032 0.820259
vt 1.000025 0.458683
vt 0.998700 0.114743
vt 0.576420 0.473546
vt 0.999948 0.031085
vt 1.000032 0.419490
vt 1.001745 0.791420
vt -0.000021 0.045116
vt -0.000042 0.336999
vt 0.128320 0.182788
vt 0.001179 0.973259
vt 0.598020 0.607708
vt 0.372596 0.122591
vt 0.433077 0.280045
vt 0.815570 0.684896
vt 1.000252 1.000000
vt 1.000059 0.121751
vt 0.121091 0.619556
vt 0.022153 0.809342
vt 0.414751 0.698307
vt 0.176424 0.000000
vt 0.439446 0.130682
vt 0.493877 0.000000
vt 0.696683 0.137333
vt 0.999622 0.353617
vt 0.715446 1.000000
vt 0.994368 0.956173
vt -0.000049 0.044756
vt 0.001203 0.233377
vt 0.164787 0.087135
vt 0.720235 0.137175
vt 0.996098 0.881588
vt 1.000862 0.000000
vt 0.749771 0.129160
vt 0.008095 0.397379
vt 0.340003 0.000000
vt 0.000035 0.058744
vt 0.826833 0.044372
vt 1.000038 0.180348
vt 0.788963 0.623855
vt 0.999733 0.470741
vt 0.995798 0.792412
vt -0.000116 0.093195
vt -0.000279 1.000000
vt -0.001147 0.411905
vt 0.574594 0.992793
vt 0.766242 1.000000
vt 1.000109 0.902373
vt 0.014019 0.931962
vt 0.685506 0.035517
vt 0.763178 0.988120
vt 1.000607 0.896327
vt 0.790247 0.661724
vt 0.999990 0.558816
vt 1.000000 0.048108
vt 1.000012 0.322900
vt -0.000219 0.542852
vt -0.000003 0.835245
vt 0.213357 0.718698
vt 0.007517 0.882244
vt 0.393759 1.000000
vt 0.999993 0.402006
vt 1.000000 0.056821
vt 1.000140 0.771870
vt 1.000000 0.962640
vt -0.000144 0.122762
vt 0.167951 0.192815
vt 0.460654 0.850250
vt 0.663590 0.722773
vt 0.685362 1.000000
vt 0.999377 0.884801
vt 0.999405 0.263251
vt 0.999977 0.565389
vt 0.006047 0.426171
vt 0.209980 0.529765
vt -0.000027 0.131890
vt 0.219937 0.055295
vt 0.683255 0.029817
vt 0.603894 0.582603
vt 0.993794 0.514243
vt 0.999999 1.000000
vt 1.000024 0.816869
vt 0.222882 1.000000
vt 0.504297 0.985114
vt 1.000006 0.263030
vt 0.797305 0.835008
vt 1.000008 0.602466
vt 0.265223 0.176483
vt -0.000603 0.088717
vt 0.399857 0.019096
vt 0.677396 0.139341
vt 1.000000 0.089843
vt 0.728175 0.000000
vt -0.000685 0.000000
vt 0.367030 0.966957
vt 0.672217 1.000000
vt 1.000152 0.868973
vt -0.000531 0.451078
vt -0.011676 0.804945
vt 0.210793 0.618992
vt 0.249944 0.440554
vt 0.367141 0.167474
vt -0.000059 0.123014
vt 0.000060 1.000000
vt 0.221478 1.000000
vt 0.471723 0.982850
vt 0.569794 0.683936
vt 0.498240 0.032579
vt 0.745417 0.143618
vt 0.631829 0.470571
vt 0.790112 0.625441
vt 0.998680 0.000000
vt 1.000000 0.175511
vt 1.000132 0.455119
vt 0.002272 0.132754
vt 0.008274 0.485347
vt -0.001324 0.782536
vt 0.481999 0.801266
vt 0.261201 0.049287
vt 0.641585 0.047823
vt 0.769483 0.699184
vt 0.740219 0.525543
vt 1.000088 0.509713
vt 1.000020 1.000000
vt 1.000000 0.818758
vt -0.000092 0.418761
vt 0.004990 0.065281
vt 0.455567 0.259294
vt 0.372035 0.030119
vt 0.762222 0.106717
vt 1.000075 0.460899
vt 0.999993 0.117184
vt -0.002873 0.460546
vt 0.157211 0.302710
vt 0.259959 0.744083
vt 0.490340 0.380869
vt 0.450660 0.623335
vt 0.794597 0.655860
vt 0.817502 0.000000
vt 0.592594 0.000000
vt 1.000360 0.319379
vt 0.327963 0.011246
vt 0.668432 0.211690
vt 0.759121 0.472521
vt 0.547848 0.594457
vt 1.000096 0.065051
vt 0.999723 0.359846
vt 0.752319 0.943979
vt -0.000045 0.478527
vt 0.233155 0.684437
vt 0.165780 0.327653
vt -0.000108 0.798981
vt 0.008444 0.995698
vt 0.239232 0.147534
vt 0.475320 1.000000
vt 0.627094 0.859155
vt 0.660211 0.671143
vt 0.576180 0.117748
vt 0.999353 0.049278
vt 0.999334 0.959360
vt -0.002234 0.102356
vt 0.010406 0.448273
vt 0.466174 0.072673
vt 0.130224 0.543230
vt 0.002693 0.779620
vt -0.002738 1.000000
vt 0.488714 0.963040
vt 0.678926 0.410247
vt 1.000018 0.561534
vt 1.000120 0.274569
vt 1.000090 0.902986
vt -0.001375 1.000000
vt 0.667873 0.102424
vt 0.808758 0.981440
vt 0.837685 0.240565
vt 1.000034 0.432357
vt 0.999932 1.000000
vt 0.992204 0.770895
vt 0.000039 1.000000
vt 0.227771 0.581097
vt 0.612297 0.159258
vt 0.765644 0.505821
vt 0.999482 0.140170
vt 0.999839 0.386007
vt -0.000189 0.402088
vt 0.801061 0.275008
vt 0.999232 0.096639
vt 1.000023 0.464695
vt 0.001134 0.668508
vt 0.818073 0.973965
vt 1.000021 0.874212
vt 1.000000 0.221535
vt 0.993898 0.520409
vt 0.618173 0.970522
vt 1.000016 0.220969
vt 0.994669 0.961318
vt -0.000004 0.065117
vt 0.212485 0.000000
vt 0.375222 0.537144
vt 0.998119 0.865680
vt 0.879051 0.000000
vt -0.000308 0.076259
vt 0.711670 0.637321
vt 0.721522 0.424250
vt 0.755226 0.084191
vt 0.581489 0.789275
vt 0.998145 0.689718
vt 0.998195 0.357854
vt 0.999973 0.055092
vt -0.000036 0.571664
vt 0.184727 0.525172
vt 0.392663 0.000000
vt 1.000108 0.937492
vt 0.999954 0.053382
vt 0.999900 0.348143
vt 0.002243 0.507043
vt 0.141772 0.121028
vt 0.808230 0.364294
vt 1.000058 0.509123
vt 0.003596 0.743355
vt -0.000223 0.932472
vt 0.182142 0.955554
vt -0.000682 0.062731
vt 0.329840 0.458903
vt 0.529646 0.967899
vt 0.446610 0.629284
vt 0.611882 0.718870
vt 0.999937 0.756075
vt 0.988902 0.456466
vt -0.000363 0.030993
vt 0.178557 0.091289
vt 0.006213 0.898327
vt 0.415380 0.197420
vt 0.643632 0.032746
vt 0.996620 0.264741
vt 1.000147 0.000000
vt 1.000001 0.597775
vt 1.000085 0.875163
vt 0.219389 0.000000
vt 0.261208 0.125111
vt 0.516659 0.000000
vt 0.527545 0.952831
vt 0.795993 1.000000
vt -0.000103 0.039948
vt 0.010544 0.282797
vt 0.154103 0.113265
vt 0.222165 0.257613
vt 0.008486 0.888641
vt 0.000597 0.581696
vt 0.218033 1.000000
vt 0.755706 1.000000
vt 0.992122 0.822952
vt 0.519725 0.294755
vt 1.000025 1.000000
vt 0.242969 0.184841
vt -0.000082 0.328044
vt 0.006715 0.060963
vt 0.431009 0.000000
vt 0.628232 0.729964
vt 0.789013 0.970735
vt 0.999726 0.452496
vt 0.997382 0.173909
vt 0.609437 0.163618
vt 0.764164 0.612252
vt 1.000000 0.836132
vt 0.000095 0.111080
vt 0.006431 0.414744
vt 0.000159 1.000000
vt 0.346045 0.664916
vt 0.991422 0.833982
vt 0.366424 0.613004
vt 0.007882 0.975853
vt 0.662311 0.492329
vt 0.783102 0.463282
vt 0.994540 0.695754
vt 0.998180 0.903278
vt 0.895529 0.000000
vt -0.003601 0.036250
vt 0.507490 0.150872
vt 0.726632 0.296988
vt 0.999969 0.124606
vt 0.717388 0.540552
vt 0.999847 0.445755
vt 0.142356 0.487948
vt 0.353311 0.000000
vt 0.594299 0.952563
vt -0.000471 1.000000
vt 0.220610 0.833274
vt -0.000123 0.825978
vt -0.000185 0.099239
vt 0.995339 0.157847
vt 1.000032 0.000000
vt 0.585925 0.048720
vt 0.232611 0.132440
vt 0.008409 0.468234
vt 0.000028 1.000000
vt 0.193290 0.125590
vt 0.487691 0.308185
vt 0.596521 0.365808
vt 0.994518 0.330243
vt 0.997338 0.762632
vt -0.000142 0.031463
vt -0.000001 0.239641
vt 0.005715 0.576230
vt 0.276591 0.597289
vt 0.991255 0.998297
vt 1.000006 0.774287
vt -0.000019 0.040475
vt -0.000657 0.267044
vt 0.195798 0.019485
vt 0.003063 0.654202
vt -0.000070 0.946652
vt 0.346551 0.205319
vt 0.713304 0.209920
vt 0.811494 0.475441
vt 1.000044 0.960032
vt 0.999288 0.054892
vt -0.000097 0.215775
vt 0.634058 0.218125
vt 0.602963 0.080265
vt 1.000197 0.957506
vt 1.000103 0.074523
vt 1.000085 0.719037
vt 0.502339 0.957397
vt 0.776701 1.000000
vt 0.804862 0.676516
vt 1.000149 0.775899
vt 0.999997 0.079539
vt 0.000176 0.836214
vt 0.253900 0.606804
vt 0.545323 0.774301
vt 0.997547 0.698400
vt 0.993905 0.130625
vt -0.002871 0.379938
vt 0.244192 0.127130
vt 0.000023 0.105609
vt 0.259297 0.655768
vt 0.170589 0.518528
vt 0.347886 0.891012
vt 0.563181 0.688239
vt 0.999980 0.680385
vt 0.738117 0.478219
vt 0.999992 0.951993
vt 0.999973 0.038019
vt 0.000196 0.027390
vt 0.226226 0.743833
vt 0.704517 0.122914
vt 0.998848 0.247578
vt 0.996341 0.664051
vt -0.000442 0.882426
vt 1.000115 0.221188
vt -0.000140 0.946721
vt 0.255107 0.705267
vt -0.000118 0.030038
vt 0.215343 0.980298
vt 0.521179 0.817691
vt 0.725267 0.160568
vt 0.631806 1.000000
vt 0.671060 0.399191
vt 0.789285 0.781912
vt 0.999980 0.343748
vt 0.999969 0.065504
vt 1.000000 0.622222
vt 0.999962 0.954546
vt 0.631168 1.000000
vt 1.000009 0.205410
vt 1.000063 0.000000
vt 0.998491 0.660356
vt 0.392343 0.795216
vt 0.275721 0.966968
vt 0.643613 0.109724
vt 1.000513 0.000000
vt 0.000021 0.061302
vt 0.000889 0.363288
vt 0.231989 0.060294
vt -0.000163 0.965565
vt 0.187599 0.964293
vt -0.000359 0.760593
vt 0.181756 0.508795
vt 0.589671 0.864891
vt 0.567330 0.031513
vt -0.000630 0.000000
vt 0.997931 0.653617
vt 0.760158 0.079928
vt 1.000000 0.924787
vt 1.000000 0.042141
vt 0.001555 0.173234
vt -0.000091 0.000000
vt 0.192617 0.697156
vt 0.577427 0.699217
vt 0.705168 0.947302
vt 1.000312 0.712627
vt -0.000147 0.000000
vt 0.747417 0.262364
vt 0.997789 0.237429
vt 1.000104 0.000000
vt 0.000008 0.050073
vt 0.611161 0.872617
vt 1.000030 0.941930
vt 0.995764 0.440625
vt 1.000000 0.050562
vt -0.000665 0.519392
vt -0.000295 0.851019
vt 0.218713 1.000000
vt 0.682656 0.081126
vt 0.684163 0.993831
vt 0.996835 0.891039
vt 1.000145 0.000000
vt 1.000001 0.600740
vt -0.000228 0.744387
vt 0.013765 0.997083
vt 0.620506 0.110170
vt 0.544905 0.883298
vt 0.355201 0.000000
vt 0.632031 1.000000
vt 1.000033 0.856950
vt 0.998671 0.163698
vt 0.999793 0.000000
vt 0.682642 0.597890
vt 0.999160 0.458829
vt -0.000014 0.139591
vt 0.558361 0.360966
vt 0.995341 0.447448
vt 0.791413 0.307212
vt 0.770598 0.786376
vt 1.000037 0.734670
vt 1.000062 0.071496
vt 0.002892 0.617279
vt 0.176968 0.689858
vt 0.007358 0.304873
vt 0.211254 0.127468
vt 0.721488 0.000000
vt 0.878133 1.000000
vt 1.000243 0.849508
vt 0.217623 0.092931
vt 0.225945 0.392882
vt 0.006871 0.464637
vt 0.317760 0.359950
vt 0.800339 0.561295
vt -0.000618 0.000000
vt 0.188309 1.000000
vt 0.627023 0.982822
vt 0.515415 0.081572
vt 0.753399 0.659531
vt 0.733139 0.167431
vt 1.000111 0.056865
vt 0.745138 0.322317
vt 1.000045 0.333907
vt 1.000223 1.000000
vt 1.000002 0.723462
vt -0.000771 0.721081
vt 0.207837 0.664870
vt -0.000983 0.049352
vt 0.998039 1.000000
vt 1.000017 0.803508
vt 0.002617 0.212252
vt -0.000055 0.595153
vt 0.251758 0.428479
vt 0.233208 0.744916
vt 0.475605 0.694088
vt 0.729657 0.620507
vt 0.716353 0.308251
vt 0.998147 0.380348
vt 0.999984 0.731350
vt -0.000486 0.638860
vt 0.330672 0.434996
vt 0.623149 0.116224
vt 0.790304 0.624579
vt 0.995794 0.441061
vt 0.591412 0.000000
vt 0.773163 0.000000
vt 0.954353 0.000000
vt 0.361937 0.000000
vt 0.604972 0.000000
vt 0.000370 0.624356
vt 0.041909 0.000000
vt 0.214407 0.000000
vt 0.678862 0.000000
vt 0.503713 0.000000
vt 0.316496 0.000000
vt 0.133345 0.000000
vt 0.501044 0.000000
vt 0.489203 0.000000
vt 0.864341 0.000000
vt 0.680054 0.000000
vt 0.045791 0.000000
vt 0.227665 0.000000
vt 0.773613 0.000000
vt 0.137386 0.000000
vt 0.046136 0.000000
vt 0.226177 0.000000
vt 0.746955 0.000000
vt 0.396370 0.000000
vt 0.819255 0.000000
vt 0.771497 0.000000
vt 0.953975 0.000000
vt 0.412092 0.000000
vt 0.817770 0.000000
vt 0.772383 0.000000
vt 0.955495 0.000000
vt 0.410363 0.000000
vt 0.590638 0.000000
vt 0.136813 0.000000
vt 0.500533 0.000000
vt 0.500181 0.000000
vt 0.317989 0.000000
vt 0.455183 0.000000
vt 0.546365 0.000000
vt 0.771388 0.000000
vt 0.772350 0.000000
vt 0.955841 0.000000
vt 0.409124 0.000000
vt 0.590441 0.000000
vt 0.773404 0.000000
vt 0.378526 0.025397
vt 0.179994 0.000000
vt 0.680526 0.000000
vt 0.457522 0.000000
vt -0.000035 0.884328
vt 0.002115 0.917259
vt 0.495485 0.000000
vt 0.862799 0.000000
vt 0.682264 0.000000
vt 0.136133 0.000000
vt 0.772251 0.000000
vt 0.590145 0.000000
vt 0.317545 0.000000
vt 0.136142 0.000000
vt 0.497633 0.000000
vt 0.500686 0.000000
vt 0.138526 0.000000
vt 0.501878 0.000000
vt 0.499308 0.000000
vt 0.315525 0.000000
vt 0.729116 0.000000
vt 0.087597 0.000000
vt 1.000042 0.280227
vt 0.954450 0.000000
vt 0.040982 0.000000
vt 0.227194 0.000000
vt 0.410388 0.000000
vt 0.136809 0.000000
vt 0.496187 0.000000
vt 0.499824 0.000000
vt 0.318306 0.000000
vt 0.598513 0.000000
vt 0.766060 0.000000
vt 0.953659 0.000000
vt 0.410835 0.000000
vt 0.589981 0.000000
vt 0.773249 0.000000
vt 0.954476 0.000000
vt 0.409255 0.000000
vt 0.864251 0.000000
vt 0.681602 0.000000
vt 0.181431 0.000000
vt 0.493961 0.000000
vt 0.501076 0.000000
vt 0.863311 0.000000
vt 0.683417 0.000000
vt 0.136644 0.000000
vt 0.863842 0.000000
vt 0.682286 0.000000
vt 0.135820 0.000000
vt 0.493390 0.000000
vt 0.044339 0.000000
vt 0.230288 0.000000
vt 0.136868 0.000000
vt 0.138358 0.000000
vt 0.685856 0.000000
vt 0.498808 0.000000
vt 0.316468 0.000000
vt 0.910899 0.000000
vt 0.637128 0.000000
vt 0.591618 0.000000
vt 0.772961 0.000000
vt 0.954671 0.000000
vt 0.408452 0.000000
vt 0.045870 0.000000
vt 0.227054 0.000000
vt 0.592393 0.000000
vt 0.771119 0.000000
vt 0.954402 0.000000
vt 0.823228 0.000000
vt 0.558938 0.000000
vt -0.000010 0.029282
vt 0.046221 0.000000
vt 0.227187 0.000000
vt 0.046057 0.000000
vt 0.823064 0.053935
vt 0.772784 0.000000
vt 0.860898 0.000000
vt 0.686252 0.000000
vt 0.403731 0.000000
vt 0.044882 0.000000
vt 0.231430 0.000000
vt 0.136964 0.000000
vt 0.682533 0.000000
vt 0.499512 0.000000
vt 0.318201 0.000000
vt 0.771913 0.000000
vt 0.953806 0.000000
vt 0.363272 0.000000
vt 0.590158 0.000000
vt 0.183717 0.000000
vt 0.021658 0.424532
vt -0.000018 0.649243
vt 0.727612 0.000000
vt 0.770068 0.000000
vt 0.956076 0.000000
vt 0.409293 0.000000
vt 0.593263 0.000000
vt 0.137230 0.000000
vt 0.487438 0.000000
vt 0.499604 0.000000
vt 0.317016 0.000000
vt 0.770333 0.000000
vt 0.955175 0.000000
vt 0.409789 0.000000
vt 0.593587 0.000000
vt 0.499483 0.000000
vt 0.317337 0.000000
vt 0.500952 0.000000
vt -0.000038 0.000000
vt 0.309630 0.049246
vt 0.491785 0.000000
vt 0.863100 0.000000
vt 0.683527 0.000000
vt 0.137544 0.000000
vt 0.765794 0.000000
vt 1.000099 0.036405
vt 0.777073 0.000000
vt 0.589589 0.000000
vt 0.409326 0.000000
vt 0.950730 0.000000
vt 0.057157 0.000000
vt 0.216986 0.000000
vt 0.590595 0.000000
vt 0.774352 0.000000
vt 0.953154 0.000000
vt 0.405773 0.000000
vt -0.000046 0.468816
vt 0.136541 0.000000
vt 0.519311 0.000000
vt 0.499612 0.000000
vt 0.317890 0.000000
vt 0.408863 0.000000
vt 0.953858 0.000000
vt 0.045482 0.000000
vt 0.226924 0.000000
vt 0.221572 0.138761
vt 0.090675 0.000000
vt 0.226711 0.000000
vt 0.500618 0.000000
vt 0.318071 0.000000
vt 0.089406 0.000000
vt 0.998735 0.079159
vt 0.816799 0.000000
vt -0.000032 0.326334
vt 0.787396 0.695956
vt 0.682941 0.000000
vt 0.181811 0.000000
vt 0.954779 0.000000
vt 0.043382 0.000000
vt 0.226983 0.000000
vt 0.457526 0.000000
vt 0.772589 0.000000
vt 0.046384 0.000000
vt 0.590432 0.000000
vt 0.773790 0.000000
vt 0.953498 0.000000
vt 0.408279 0.000000
vt 0.044526 0.000000
vt 0.227140 0.000000
vt -0.000901 0.856035
vt 0.090350 0.000000
vt 0.863603 0.000000
vt 0.772647 0.000000
vt 0.954954 0.000000
vt 0.364480 0.000000
vt 0.591690 0.000000
vt 0.549922 0.000000
vt 0.273277 0.000000
vt 0.773240 0.000000
vt 0.955810 0.000000
vt 0.365902 0.000000
vt 0.588809 0.000000
vt 0.503798 0.000000
vt 0.863670 0.000000
vt 0.681598 0.000000
vt 0.499437 0.000000
vt 0.773832 0.000000
vt 0.587716 0.000000
vt 0.496492 0.000000
vt 0.861641 0.000000
vt 0.500298 0.000000
vt 0.318866 0.000000
vt 0.491973 0.000000
vt 0.860810 0.000000
vt 0.501308 0.000000
vt 0.516244 0.000000
vt 0.864265 0.000000
vt 0.681484 0.000000
vt 0.499520 0.000000
vt 0.317653 0.000000
vt 0.408923 0.000000
vt 0.954286 0.000000
vt 0.049300 0.000000
vt 0.224588 0.000000
vt 0.999648 0.950266
vt 1.000000 0.631952
vt 0.229377 0.059200
vt 0.000001 0.084610
vt 0.319507 0.000000
vt 0.134108 0.000000
vt 0.096317 0.000000
vt -0.000034 0.104354
vt 0.453072 0.000000
vt 0.138866 0.000000
vt 0.491493 0.000000
vt 0.498966 0.000000
vt 0.314764 0.000000
vt 0.136915 0.000000
vt 0.685106 0.000000
vt 0.494355 0.000000
vt 0.321711 0.000000
vt 0.772663 0.000000
vt 0.589466 0.000000
vt 0.679702 0.000000
vt 0.503291 0.000000
vt 0.317104 0.000000
vt 0.135264 0.000000
vt 0.769400 0.000000
vt 0.592919 0.000000
vt 0.865470 0.000000
vt 0.680595 0.000000
vt 0.862442 0.000000
vt 0.681454 0.000000
vt 0.863571 0.000000
vt 0.599437 0.000000
vt 0.766244 0.000000
vt 1.000100 0.000000
vt 0.777237 0.000000
vt 0.954022 0.000000
vt 0.409025 0.000000
vt 0.590653 0.000000
vt 0.773861 0.000000
vt 0.589738 0.000000
vt 0.862858 0.000000
vt 0.480183 0.000000
vt 0.862883 0.000000
vt 0.679950 0.000000
vt 0.134197 0.000000
vt 0.479675 0.000000
vt 0.045166 0.000000
vt 0.228276 0.000000
vt 0.044805 0.049435
vt 0.088794 0.000000
vt 0.907602 0.000000
vt 0.681471 0.000000
vt 0.953382 0.000000
vt 0.410279 0.000000
vt 0.000647 0.285024
vt 0.318017 0.000000
vt 0.134903 0.000000
vt 0.045683 0.000000
vt 0.227023 0.000000
vt 0.864307 0.000000
vt 0.818696 0.000000
vt 0.046459 0.000000
vt 0.226029 0.000000
vt 0.008062 0.122987
vt 0.408163 0.000000
vt 0.955286 0.000000
vt 0.045330 0.000000
vt 0.227623 0.000000
vt 0.182217 0.000000
vt 0.047794 0.000000
vt 0.232153 0.000000
vt 0.347105 0.000000
vt 0.774770 0.000000
vt 0.587019 0.000000
vt 0.591281 0.000000
vt 0.772397 0.000000
vt 0.954153 0.000000
vt 0.409721 0.000000
vt 0.136105 0.000000
vt 0.684419 0.000000
vt 0.494492 0.000000
vt 0.322610 0.000000
vt 0.772127 0.000000
vt 0.955362 0.000000
vt 0.409475 0.000000
vt 0.590017 0.000000
vt 0.137216 0.000000
vt 0.501481 0.000000
vt 0.499328 0.000000
vt 0.317848 0.000000
vt 0.864314 0.000000
vt 0.308418 0.000000
vt 0.272646 0.000000
vt 0.727937 0.000000
vt 0.410443 0.000000
vt 0.951571 0.000000
vt 0.057576 0.000000
vt 0.217802 0.000000
vt 0.863416 0.000000
vt 0.681533 0.000000
vt 0.135187 0.000000
vt 0.496558 0.000000
vt 0.772420 0.000000
vt 0.956253 0.000000
vt 0.409821 0.000000
vt 0.591815 0.000000
vt 0.181358 0.000000
vt 0.681215 0.000000
vt 0.454089 0.000000
vt 0.530075 0.000000
vt 0.864323 0.000000
vt 0.684601 0.000000
vt 0.137467 0.000000
vt 0.768744 0.000000
vt 0.955407 0.000000
vt 0.408377 0.000000
vt 0.592972 0.000000
vt 0.990186 0.838826
vt 0.502213 0.055880
vt 0.911194 0.000000
vt 0.633283 0.000000
vt 0.861768 0.000000
vt 0.683098 0.000000
vt 0.956048 0.000000
vt 0.046314 0.000000
vt 0.226239 0.000000
vt 0.409185 0.000000
vt 0.996208 0.711715
vt 0.728870 0.000000
vt 0.727209 0.000000
vt 0.044599 0.000000
vt 0.403315 0.000000
vt 0.952313 0.000000
vt 0.043754 0.000000
vt 0.233023 0.000000
vt 0.957146 0.000000
vt 0.046757 0.000000
vt 0.235580 0.000000
vt 0.408296 0.000000
vt 0.496062 0.000000
vt 0.860043 0.000000
vt 0.227122 1.000000
vt 0.500586 0.000000
vt 0.317711 0.000000
vt 0.774934 0.000000
vt 0.585928 0.000000
vt 0.681358 0.000000
vt 0.500574 0.000000
vt 0.135324 0.000000
vt 0.137532 0.000000
vt 0.493403 0.000000
vt 0.499486 0.000000
vt 0.316996 0.000000
vt 0.953962 0.000000
vt 0.045417 0.000000
vt 0.226849 0.000000
vt 0.409155 0.000000
vt 0.865799 0.000000
vt 0.680560 0.000000
vt 0.499487 0.000000
vt 0.155871 0.993920
vt 0.045211 0.000000
vt 0.227802 0.000000
vt 0.362339 0.000000
vt 0.000032 0.000000
vt 0.772256 0.000000
vt 0.681094 0.000000
vt 0.499765 0.000000
vt 0.318464 0.000000
vt 0.134669 0.000000
vt 0.774669 0.000000
vt 0.589289 0.000000
vt 0.500277 0.000000
vt 0.859088 0.000000
vt 0.767809 0.000000
vt 0.955641 0.000000
vt 0.407867 0.000000
vt 0.594294 0.000000
vt 0.487784 0.000000
vt 0.859611 0.000000
vt 0.686412 0.000000
vt 0.138631 0.000000
vt 0.500432 0.000000
vt 0.318135 0.000000
vt 0.863336 0.000000
vt 0.953658 0.000000
vt 0.513108 0.000000
vt 0.865041 0.000000
vt 0.682120 0.000000
vt 0.498035 0.000000
vt 0.774917 0.000000
vt 0.588277 0.000000
vt 0.864052 0.000000
vt 0.404327 0.000000
vt 0.952261 0.000000
vt 0.044013 0.000000
vt 0.233619 0.000000
vt 0.091324 0.000000
vt 0.863703 0.000000
vt 0.680708 0.000000
vt 0.181249 0.000000
vt 0.491864 0.000000
vt 0.135325 0.000000
vt 0.490466 0.000000
vt 0.500097 0.000000
vt 0.772672 0.000000
vt 0.994210 0.214680
vt 0.954649 0.000000
vt 0.048137 0.000000
vt 0.223224 0.000000
vt 0.409069 0.000000
vt 0.500414 0.000000
vt 0.497280 0.000000
vt 0.860198 0.000000
vt 0.686343 0.000000
vt 0.860482 0.000000
vt 0.050086 0.000000
vt 0.769239 0.000000
vt 0.047700 0.000000
vt 0.225897 0.000000
vt 0.358251 0.000000
vt 0.954778 0.000000
vt 0.087361 0.000000
vt 0.136406 0.000000
vt 0.513388 0.000000
vt 0.500619 0.000000
vt 0.317681 0.000000
vt 0.045420 0.000000
vt 0.135692 0.000000
vt 0.863731 0.000000
vt 0.591128 0.000000
vt 0.772547 0.000000
vt 0.862843 0.000000
vt 0.591654 0.000000
vt 0.772959 0.000000
vt 0.864773 0.000000
vt 0.680375 0.000000
vt 0.090473 0.000000
vt 0.999989 0.967245
vt 0.136357 0.000000
vt 0.682412 0.000000
vt 0.499504 0.000000
vt 0.317928 0.000000
vt 0.492358 0.000000
vt 0.860557 0.000000
vt 0.772457 0.000000
vt 0.864379 0.000000
vt 0.682548 0.000000
vt 0.863127 0.000000
vt 0.682877 0.000000
vt 0.499796 0.000000
vt 0.318225 0.000000
vt 0.499044 0.000000
vt 0.862687 0.000000
vt 0.046064 0.000000
vt 0.227183 0.000000
vt 0.730456 0.000000
vt 0.053301 0.000000
vt 0.000323 0.911314
vt 0.812054 0.000000
vt 0.537958 0.000000
vt 0.591358 0.000000
vt 0.773990 0.000000
vt 0.865395 0.000000
vt 0.485051 0.000000
vt 0.045486 0.000000
vt 0.357769 0.000000
vt 0.270966 0.000000
vt 0.772007 0.000000
vt 0.591823 0.000000
vt 0.771459 0.000000
vt 0.954355 0.000000
vt 0.408996 0.000000
vt 0.866601 0.000000
vt 0.681807 0.000000
vt 0.999873 0.383560
vt 0.046803 0.000000
vt 0.051605 0.044401
vt 0.135302 0.000000
vt 0.682076 0.000000
vt 0.499179 0.000000
vt 0.317641 0.000000
vt 0.455287 0.000000
vt 0.598310 0.000000
vt 0.764832 0.000000
vt 0.951887 0.000000
vt 0.411537 0.000000
vt 0.090570 0.000000
vt 0.045602 0.000000
vt 0.510693 0.000000
vt 0.864190 0.000000
vt 0.683310 0.000000
vt 0.499747 0.000000
vt 0.793216 0.000000
vt 0.586108 0.000000
vt 0.725368 0.000000
vt 0.143638 0.955444
vt 0.909065 0.000000
vt 0.773292 0.000000
vt 0.589996 0.000000
vt 0.599240 0.000000
vt 0.765679 0.000000
vt 0.591120 0.000000
vt 0.775066 0.000000
vt 0.952958 0.000000
vt 0.406058 0.000000
vt 0.136856 0.000000
vt 0.511417 0.000000
vt 0.500781 0.000000
vt 0.319490 0.000000
vt 0.729820 0.000000
vt 0.087771 0.000000
vt 0.093715 0.000000
vt 0.499977 0.000000
vt 0.501974 0.000000
vt 0.860801 0.000000
vt 0.686481 0.000000
vt 0.592015 0.000000
vt 0.776392 0.000000
vt 0.952442 0.000000
vt 0.404348 0.000000
vt 0.553742 0.000000
vt 0.270722 0.000000
vt 0.771963 0.000000
vt 0.591357 0.000000
vt 0.644464 0.044407
vt 0.044021 0.000000
vt 0.227347 0.000000
vt 0.817331 0.000000
vt 0.770346 0.000000
vt 1.000024 0.000000
vt 0.851376 0.000000
vt 0.043571 0.000000
vt 0.230785 0.000000
vt 0.771331 0.000000
vt 0.863671 0.000000
vt 0.681589 0.000000
vt 0.231344 0.000000
vt 0.771690 0.000000
vt 0.728934 0.000000
vt 0.137111 0.000000
vt 0.591178 0.000000
vt 0.773041 0.000000
vt 0.954275 0.000000
vt 0.409291 0.000000
vt 0.501643 0.000000
vt 0.860993 0.000000
vt 0.684300 0.000000
vt 0.137576 0.000000
vt 0.045715 0.000000
vt 0.227589 0.000000
vt 0.045746 0.000000
vt 0.139266 0.000000
vt 0.315064 0.000000
vt 0.863321 0.000000
vt 0.682537 0.000000
vt 0.091924 0.000000
vt 0.772909 0.000000
vt 0.453533 0.000000
vt 0.046077 0.000000
vt 0.227065 0.000000
vt 0.135973 0.000000
vt 0.864560 0.000000
vt 0.682080 0.000000
vt 0.500658 0.000000
vt 0.317957 0.000000
vt 0.000023 1.000000
vt 0.043812 0.000000
vt 0.231535 0.000000
vt 0.862723 0.000000
vt 0.499186 0.000000
vt 0.497460 0.000000
vt 0.090831 0.000000
vt 0.863780 0.000000
vt 0.682633 0.000000
vt 0.045017 0.000000
vt 0.226790 0.000000
vt 0.045247 0.000000
vt 0.092227 0.000000
vt 0.363061 0.000000
vt 0.135905 0.000000
vt 0.592052 0.000000
vt 0.771869 0.000000
vt 0.771138 0.000000
vt 0.954516 0.000000
vt 0.409764 0.000000
vt 0.592774 0.000000
vt 0.862945 0.000000
vt 0.679765 0.000000
vt 0.180109 0.000000
vt 0.476182 0.000000
vt 0.045266 0.000000
vt 0.226385 0.000000
vt 0.135609 0.000000
vt 0.320062 0.000000
vt 0.592202 0.000000
vt 0.776108 0.000000
vt 0.499731 0.000000
vt 0.681800 0.000000
vt 0.498787 0.000000
vt 0.999607 0.869332
vt 0.998856 0.884218
vt 0.496144 0.000000
vt 0.321143 0.000000
vt 0.864206 0.000000
vt 0.494825 0.000000
vt 0.455188 0.000000
vt 0.090539 0.000000
vt 0.226627 0.000000
vt 0.499019 0.000000
vt 0.319174 0.000000
vt 0.319430 0.702890
vt -0.000121 0.933806
vt 0.861574 0.000000
vt 0.683851 0.000000
vt 0.863465 0.000000
vt 0.682351 0.000000
vt 0.409728 0.000000
vt 0.952881 0.000000
vt 0.047420 0.000000
vt 0.223279 0.000000
vt 0.770834 0.000000
vt 0.594119 0.000000
vt 0.319461 0.000000
vt 0.134631 0.000000
vt 0.499976 0.000000
vt 0.318888 0.000000
vt 0.576057 0.000000
vt 0.775005 0.000000
vt 0.950393 0.000000
vt 0.410355 0.000000
vt 0.042645 0.000000
vt 0.227514 0.000000
vt 0.453048 0.000000
vt 0.865980 0.000000
vt 0.682559 0.000000
vt 0.497993 0.000000
vt 0.317680 0.000000
vt 0.684832 0.189688
vt 0.042886 0.000000
vt 0.226694 0.000000
vt 0.455128 0.000000
vt 0.729099 0.000000
vt 0.999888 0.868405
vt 0.861592 0.000000
vt 0.682116 0.000000
vt 0.045569 0.000000
vt 0.226398 0.000000
vt 0.999992 0.936348
vt 0.765656 0.000000
vt 0.591204 0.000000
vt 0.776069 0.000000
vt 0.494033 0.000000
vt 0.862516 0.000000
vt 0.136812 0.000000
vt 0.318265 0.000000
vt 0.091336 0.000000
vt 0.365864 0.000000
vt 0.769500 0.000000
vt 0.590179 0.000000
vt 0.000673 0.050578
vt 0.862381 0.000000
vt 0.860374 0.000000
vt 0.685280 0.000000
vt 0.504191 0.000000
vt 0.317648 0.000000
vt 0.861802 0.000000
vt 0.684194 0.000000
vt 0.043431 0.000000
vt 0.056719 0.000000
vt 0.216589 0.000000
vt 0.498745 0.000000
vt 0.863762 0.000000
vt 0.135349 0.000000
vt 0.312592 0.000000
vt 0.090331 0.000000
vt 0.045344 0.000000
vt 0.227330 0.000000
vt 0.045964 0.000000
vt 0.591460 0.000000
vt 0.773410 0.000000
vt 0.593943 0.000000
vt 0.770233 0.000000
vt 0.046340 0.000000
vt 0.225516 0.000000
vt -0.003378 0.034238
vt 0.318776 0.000000
vt 0.134962 0.000000
vt 0.911040 0.000000
vt 0.862753 0.000000
vt 0.489369 0.000000
vt 0.863461 0.000000
vt 0.682410 0.000000
vt 0.732670 0.333996
vt 0.056482 0.000000
vt 0.216641 0.000000
vt 0.499750 0.000000
vt 0.862785 0.000000
vt 0.682884 0.000000
vt 0.135937 0.000000
vt 0.512115 0.000000
vt 0.500184 0.000000
vt 0.317774 0.000000
vt 0.864563 0.000000
vt 0.681308 0.000000
vt 0.133714 0.000000
vt 0.507763 0.000000
vt 0.044662 0.000000
vt 0.231745 0.000000
vt 0.090426 0.000000
vt 1.000337 0.958910
vt 0.930888 0.981407
vt 0.680404 0.000000
vt 0.134727 0.000000
vt 0.489767 0.000000
vt 0.731293 0.000000
vt 0.496987 0.000000
vt 0.862962 0.000000
vt 0.567913 0.000000
vt 0.771637 0.000000
vt 0.908390 0.000000
vt 0.866081 0.000000
vt 0.681297 0.000000
vt 0.137088 0.000000
vt 0.319125 0.000000
vt 0.500196 0.000000
vt 0.318451 0.000000
vt 0.302387 0.000000
vt 0.275798 0.000000
vt 0.727435 0.000000
vt 0.045886 0.000000
vt 0.227429 0.000000
vt 0.048220 0.000000
vt 0.223724 0.000000
vt 0.818981 0.000000
vt 0.005666 0.968618
vt 0.819242 0.000000
vt 0.046294 0.000000
vt 0.227823 0.000000
vt 0.499903 0.000000
vt 0.318540 0.000000
vt 0.046335 0.000000
vt 0.500868 0.000000
vt 0.318823 0.000000
vt 0.910005 0.000000
vt 0.865144 0.000000
vt 0.680777 0.000000
vt 0.045614 0.000000
vt 0.732871 0.000000
vt 0.046453 0.000000
vt 0.233076 0.000000
vt 0.136461 0.000000
vt 0.317083 0.000000
vt 0.544908 0.000000
vt 0.865809 0.000000
vt -0.000310 0.968799
vt 0.009497 0.115266
vt 0.588802 0.000000
vt 0.768157 0.000000
vt 0.999435 0.000000
vt 0.043231 0.000000
vt 0.230616 0.000000
vt 0.089855 0.000000
vt 0.092827 0.000000
vt 0.729076 0.000000
vt 0.092541 0.000000
vt 0.000679 0.050131
vt 0.995495 0.865904
vt 1.000142 0.000000
vt -0.000122 0.964736
vt -0.000102 0.158685
vt 1.000007 0.055544
vt 0.824401 1.000000
vt 1.000000 0.042802
vt 0.000084 1.000000
vt 0.000000 0.961385
vt 0.996985 0.900668
vt 0.170895 0.963063
vt 1.000117 0.260959
vt 0.765926 0.000000
vt 0.586324 0.043127
vt 0.500124 0.000000
vt 0.318584 0.000000
vt 1.000000 0.890820
vt 0.001506 0.049643
vt -0.000457 0.950489
vt -0.000237 1.000000
vt 0.319968 1.000000
vt 0.205613 0.096797
vt 0.643104 0.000000
vt -0.000018 0.967206
vt 0.631495 1.000000
vt 0.542900 0.967279
vt -0.000423 0.970886
vt 1.000136 0.069332
vt -0.000039 1.000000
vt -0.000159 0.729347
vt -0.000485 1.000000
vt 1.000232 1.000000
vt 0.513736 1.000000
vt 1.000000 0.116000
vt -0.000058 0.952299
vt 1.000023 0.124274
vt 1.000175 0.736895
vt 0.997446 0.153278
vt 1.000000 0.925662
vt 0.846711 0.000000
vt 0.638765 0.514359
vt -0.000013 0.042703
vt -0.003122 0.447625
vt 1.000000 0.036820
vt 0.722469 0.989179
vt 0.488884 1.000000
vt 0.778089 0.962204
vt 0.046835 0.000000
vt 0.226115 0.000000
vt -0.000294 0.897974
vt -0.000012 0.087003
vt 0.788121 0.000000
vt 0.221942 0.966387
vt 0.572647 0.877212
vt 0.582929 0.742947
vt -0.000137 0.726841
vt 0.002848 0.999411
vt -0.000199 1.000000
vt 0.010139 0.052142
vt 1.000130 0.966715
vt 0.003780 0.077365
vt 0.243263 0.791354
vt 0.170690 0.164136
vt 0.487447 1.000000
vt 0.999979 0.066081
vt 0.498732 0.000000
vt 0.316073 0.000000
vt 0.999955 0.894978
vt -0.000060 0.000000
vt 0.999943 0.930268
vt 0.715032 1.000000
vt 0.999977 0.874034
vt 0.524748 1.000000
vt 0.997619 0.054438
vt 0.146389 0.660425
vt 0.001929 0.076447
vt 0.223533 0.359150
vt 0.522651 0.987132
vt 0.499356 0.000000
vt 0.998834 0.999408
vt 0.700468 0.600551
vt 1.000180 0.966425
vt 1.000132 0.087187
vt 1.000000 0.964966
vt 0.002735 0.969906
vt -0.000103 0.792450
vt -0.000478 1.000000
vt 1.000000 0.050795
vt 0.000096 0.000000
vt 0.000070 1.000000
vt -0.000067 0.972717
vt -0.000219 0.867992
vt 1.000103 0.966604
vt -0.001162 0.943054
vt 1.000005 0.040041
vt 1.000046 0.569888
vt 0.000001 0.043930
vt 0.552422 0.000000
vt 0.999960 0.027595
vt 0.385917 0.402228
vt -0.000564 0.598642
vt 0.324777 0.000000
vt 0.555104 0.976518
vt 0.718142 1.000000
vt 1.000349 0.043845
vt 0.999890 0.287862
vt 0.999911 0.595033
vt 0.004160 0.694390
vt 0.622198 1.000000
vt 0.885406 1.000000
vt 0.000010 0.074552
vt 0.727100 1.000000
vt 0.996244 0.900750
vt 0.549648 0.000000
vt 0.570656 1.000000
vt 0.860908 0.000000
vt 0.683227 0.000000
vt -0.000014 0.139649
vt 0.591559 0.000000
vt 0.775716 0.000000
vt -0.000401 0.955147
vt 0.321796 1.000000
vt 0.665096 1.000000
vt 0.000023 0.000000
vt 0.138311 0.000000
vt 0.315285 0.000000
vt 1.000200 1.000000
vt 1.000079 0.079370
vt 1.000005 0.374644
vt 1.000049 0.955799
vt -0.001047 0.000000
vt 0.728783 0.000000
vt 0.456668 0.000000
vt 0.000046 0.038206
vt 0.181146 1.000000
vt -0.000748 0.423681
vt 0.548318 0.000000
vt 0.866137 0.000000
vt 0.999969 0.260270
vt 0.206707 0.011741
vt 0.636949 1.000000
vt 0.999366 0.647854
vt 1.000000 0.898705
vt 0.005604 0.052520
vt 1.000727 0.041216
vt 0.657962 0.000000
vt 1.000000 0.030502
vt 0.999715 0.035265
vt 1.000131 0.292239
vt 1.000000 0.173461
vt 0.720488 0.000000
vt -0.000241 1.000000
vt 0.999997 0.858838
vt 0.518464 1.000000
vt -0.000293 0.036615
vt 1.000217 0.000000
vt 0.000044 1.000000
vt 0.003965 0.060479
vt 0.003376 0.420191
vt 0.999526 0.181177
vt 0.673738 0.964456
vt 0.244725 1.000000
vt 0.877722 0.000000
vt -0.000015 0.000000
vt -0.000041 0.043035
vt 0.000039 0.000000
vt 0.865928 0.000000
vt 0.679254 0.000000
vt 0.998109 0.857252
vt -0.000612 0.000000
vt 0.995504 0.623296
vt 1.000000 0.046565
vt 0.566122 0.032288
vt 0.697576 1.000000
vt 1.000000 0.962770
vt 0.678345 0.208831
vt 0.347046 0.945688
vt 0.000010 0.974189
vt 0.000611 0.667559
vt 0.994714 0.002147
vt -0.000104 0.938742
vt 0.212818 0.967657
vt 0.583348 1.000000
vt 1.000026 0.000000
vt 0.704999 0.000000
vt 0.747658 0.970865
vt 0.789807 0.472970
vt 0.790057 0.018217
vt 0.998382 0.666768
vt 1.000152 0.037052
vt -0.000041 1.000000
vt -0.000135 0.954032
vt 0.730948 1.000000
vt 1.000080 0.890371
vt 1.000226 0.000000
vt -0.001369 0.959452
vt 1.000004 0.948606
vt 0.595471 0.989257
vt 0.995331 0.147240
vt 0.772369 0.029873
vt 0.000677 0.105254
vt 0.179456 1.000000
vt 0.785068 0.085091
vt 0.867527 0.996867
vt 1.000000 0.043190
vt 0.000487 0.140611
vt 0.994905 0.069033
vt 0.704232 0.000000
vt 0.000267 0.043415
vt 0.862862 0.000000
vt 0.489982 0.000000
vt 0.007819 0.142508
vt 0.017293 0.768582
vt -0.000023 0.972313
vt 0.135573 0.000000
vt 0.316276 0.000000
vt 0.862585 0.000000
vt 0.004363 0.470423
vt 0.999972 0.964475
vt -0.001331 0.000000
vt 0.715034 0.074807
vt 0.047150 0.000000
vt 0.224138 0.000000
vt 0.997626 0.966180
vt -0.006118 0.874094
vt 1.000000 0.963906
vt 0.811776 0.019778
vt -0.000076 0.963087
vt 1.000095 0.000000
vt 0.999015 0.970329
vt 1.000200 0.544992
vt -0.000097 0.127044
vt 0.999189 0.036788
vt 0.714553 0.050440
vt 0.498312 0.000000
vt 0.316328 0.000000
vt 0.774157 0.041540
vt 1.000000 0.959730
vt 0.698407 0.880967
vt 0.000273 0.000000
vt 0.093557 0.000000
vt 0.811331 0.064747
vt 0.399040 1.000000
vt -0.000025 0.000000
vt 0.000902 0.860303
vt 0.999471 0.953473
vt -0.000104 0.928070
vt 0.310103 0.943247
vt -0.000057 0.964559
vt 1.000000 0.137600
vt -0.000871 0.853092
vt 0.221106 1.000000
vt -0.000066 1.000000
vt 0.653878 0.356352
vt 0.263814 1.000000
vt 0.375000 1.000000
vt 1.000016 0.100400
vt 1.000061 0.080561
vt 0.617833 0.144443
vt 0.999137 0.059784
s 1
usemtl Material.002
f 2815/523/502 2814/524/503 2816/525/504
f 521/526/505 522/527/506 523/528/507
f 1337/529/508 1340/530/509 1339/531/510
f 519/532/511 520/533/512 518/534/513
f 531/535/514 529/536/515 526/537/516
f 2641/538/517 2645/539/518 2647/540/519
f 5134/541/520 5133/542/521 5130/543/522
f 532/544/523 528/545/524 525/546/525
f 534/547/526 531/535/514 527/548/527
f 3952/549/528 3953/550/529 3951/551/530
f 529/536/515 536/552/531 532/544/523
f 536/552/531 537/553/532 535/554/533
f 1576/555/534 1583/556/535 1577/557/536
f 541/558/537 544/559/538 540/560/539
f 4787/561/540 4785/562/541 4789/563/542
f 546/564/543 545/565/544 541/558/537
f 545/565/544 544/559/538 541/558/537
f 553/566/545 559/567/546 558/568/547
f 4295/569/548 4296/570/549 4299/571/550
f 556/572/551 555/573/552 557/574/553
f 1907/575/554 1903/576/555 1904/577/556
f 568/578/557 567/579/558 566/580/559
f 577/581/560 580/582/561 579/583/562
f 587/584/563 584/585/564 581/586/565
f 584/587/564 588/588/566 580/582/561
f 598/589/567 597/590/568 594/591/569
f 603/592/570 605/593/571 598/589/567
f 609/594/572 608/573/573 610/595/574
f 616/596/575 617/597/576 618/598/577
f 615/599/578 613/600/579 614/601/580
f 633/602/581 634/603/582 630/604/583
f 1771/605/584 1769/606/585 1770/607/586
f 635/608/587 636/609/588 631/610/589
f 558/568/547 554/611/590 553/566/545
f 649/612/591 652/613/592 650/614/593
f 660/615/594 666/567/595 665/616/596
f 755/617/597 758/618/598 756/619/599
f 662/620/600 664/621/601 663/622/602
f 682/623/603 683/624/604 684/625/605
f 680/626/606 681/627/607 679/628/608
f 1316/629/609 1315/630/610 1312/631/611
f 3671/632/612 3667/633/613 3668/634/614
f 4521/635/615 4520/636/616 4517/637/617
f 700/638/618 703/639/619 702/640/620
f 703/639/619 706/641/621 702/640/620
f 4854/642/622 4853/643/623 4852/644/624
f 703/639/619 707/645/625 706/641/621
f 704/646/626 708/647/627 703/639/619
f 707/645/625 709/648/628 706/641/621
f 3656/649/629 3653/650/630 3654/651/631
f 710/652/632 708/647/627 704/646/626
f 709/648/628 713/653/633 710/654/632
f 5198/655/634 5197/656/635 5201/657/636
f 715/658/637 720/659/638 719/660/639
f 717/661/640 716/662/641 718/663/642
f 723/664/643 721/665/644 722/666/645
f 729/667/646 728/668/647 730/669/648
f 732/670/649 733/671/650 731/672/651
f 4425/673/652 4426/674/653 4422/675/654
f 2099/676/655 2102/677/656 2096/678/657
f 748/679/658 744/680/659 745/681/660
f 746/682/661 747/683/662 743/684/663
f 3757/685/664 3755/686/665 3759/687/666
f 756/619/599 752/688/667 753/689/668
f 757/690/669 758/618/598 752/688/667
f 1770/607/586 1769/691/585 1765/692/670
f 5210/693/671 5209/694/672 5211/695/673
f 1164/696/674 1160/697/675 1165/698/676
f 784/699/677 785/700/678 783/701/679
f 794/702/680 793/703/681 790/704/682
f 1944/705/683 1945/706/684 1942/707/685
f 805/708/686 808/709/687 803/710/688
f 3360/711/689 3359/712/690 3357/713/691
f 809/714/692 810/715/693 808/709/687
f 810/715/693 811/716/694 808/709/687
f 814/717/695 809/714/692 812/718/696
f 3652/719/697 3655/720/698 3657/721/699
f 4750/722/700 4751/723/701 4753/724/702
f 818/725/703 820/726/704 819/622/705
f 830/727/706 829/728/707 828/729/708
f 5499/730/709 5497/731/710 5500/732/711
f 2714/733/712 2713/734/713 2716/735/714
f 1707/736/715 1708/737/716 1705/738/717
f 4659/739/718 4658/740/719 4657/741/720
f 1711/742/721 1714/743/722 1710/744/723
f 1889/745/724 1891/746/725 1888/747/726
f 846/748/727 843/749/728 841/750/729
f 892/751/730 896/752/731 900/753/732
f 844/754/733 848/755/734 841/750/729
f 2657/756/735 2654/757/736 2655/758/737
f 853/759/738 848/755/734 849/760/739
f 852/761/740 851/762/741 847/763/742
f 855/764/743 859/765/744 856/766/745
f 862/767/746 866/768/747 863/769/748
f 866/768/747 865/770/749 863/769/748
f 867/771/750 872/567/751 871/772/752
f 3936/773/753 3935/774/754 3939/775/755
f 880/776/756 879/777/757 878/778/756
f 882/779/758 881/780/759 883/781/760
f 886/782/761 887/783/762 888/784/763
f 893/785/764 890/786/765 891/787/766
f 4782/788/767 4783/789/768 4780/790/769
f 3583/791/770 3582/792/771 3584/793/772
f 898/794/773 897/795/774 895/796/775
f 897/795/774 903/797/776 896/752/731
f 901/798/777 902/799/778 898/794/773
f 911/800/779 906/801/780 907/802/781
f 911/800/779 909/803/782 906/801/780
f 912/804/783 908/805/784 909/803/782
f 4274/806/785 4275/807/786 4280/808/787
f 915/809/788 913/810/789 912/804/783
f 5247/811/790 5251/812/791 5253/813/792
f 918/814/793 922/815/794 921/816/795
f 5369/817/796 5370/818/797 5371/819/798
f 5382/820/799 5379/821/800 5380/822/801
f 2279/823/802 2278/824/803 2276/825/804
f 1052/826/805 1048/827/806 1050/828/807
f 1527/829/808 1528/830/809 1531/831/810
f 950/832/811 945/833/812 946/834/813
f 943/835/814 950/832/811 946/834/813
f 949/836/815 948/837/816 947/838/817
f 948/839/816 951/840/818 943/835/814
f 958/841/819 960/842/820 957/843/821
f 961/844/822 963/845/823 958/846/819
f 963/847/823 960/842/820 958/841/819
f 1601/848/824 1600/849/825 1599/850/826
f 967/851/827 966/852/828 968/853/829
f 973/854/830 974/855/831 975/856/832
f 1550/857/833 1549/858/834 1548/859/835
f 972/860/836 970/861/837 971/862/838
f 984/863/839 985/864/840 986/865/841
f 2171/866/842 2170/867/843 2168/868/844
f 982/869/845 983/870/846 981/871/847
f 988/872/848 990/873/849 987/874/850
f 1378/875/851 1376/876/852 1375/877/853
f 991/878/854 993/879/855 988/872/848
f 998/880/856 997/881/857 995/882/858
f 4163/883/859 4161/884/860 4166/885/861
f 1006/886/862 1007/887/863 1004/888/864
f 1012/889/865 1010/890/866 1006/886/862
f 2197/891/867 2192/892/868 2193/893/869
f 1015/894/870 1016/895/871 1011/896/872
f 5168/897/873 5165/898/874 5166/899/875
f 1026/900/876 1027/901/877 1028/902/878
f 1031/903/879 1030/904/880 1029/905/881
f 1033/906/882 1032/907/883 1034/908/884
f 1038/909/885 1039/910/886 1040/911/887
f 1036/912/888 1037/913/889 1035/914/890
f 4368/915/891 4363/916/892 4366/917/893
f 1047/918/894 1050/828/807 1045/919/895
f 1048/827/806 1049/920/896 1046/921/897
f 1049/920/896 1053/922/898 1051/923/899
f 1054/924/900 1053/922/898 1049/920/896
f 1063/925/901 1060/926/902 1056/927/903
f 1478/928/904 1474/929/905 1482/930/906
f 1063/925/901 1065/931/907 1062/932/908
f 2512/933/909 2513/934/910 2514/935/911
f 1077/936/912 1078/937/913 1079/938/914
f 4656/939/915 4653/940/916 4654/941/917
f 1076/942/918 1074/943/919 1075/944/920
f 1082/945/921 1081/946/922 1080/947/923
f 1084/948/924 1083/949/925 1085/950/926
f 1605/951/927 1606/952/928 1604/953/929
f 3945/954/930 3948/955/931 3947/956/932
f 2378/957/933 2377/958/934 2373/959/935
f 5248/960/936 5247/811/790 5245/961/937
f 4609/962/938 4608/963/939 4610/964/940
f 5385/965/941 5384/966/942 5386/967/943
f 1391/968/944 1394/969/945 1393/970/946
f 1163/971/947 1162/972/948 1161/973/949
f 1127/974/950 1128/975/951 1129/976/952
f 1126/977/953 1124/978/954 1125/979/955
f 3441/980/956 3442/981/957 3443/982/958
f 1137/983/959 1138/984/960 1136/985/961
f 1146/986/962 1145/987/963 1142/988/964
f 1150/989/965 1147/990/966 1145/991/963
f 2136/992/967 2132/993/968 2131/994/969
f 2068/995/970 2067/996/971 2069/997/972
f 1154/998/973 1148/999/974 1151/1000/975
f 2483/1001/976 2484/1002/977 2477/1003/978
f 1257/1004/979 1256/1005/980 1253/1006/981
f 4921/1007/982 4919/1008/983 4918/1009/984
f 3138/1010/985 3137/1011/986 3136/1012/987
f 1178/1013/988 1179/1014/989 1180/1015/990
f 1177/1016/991 1175/1017/992 1176/1018/993
f 3485/1019/994 3484/1020/995 3486/1021/996
f 1186/1022/997 1185/1023/998 1187/1024/999
f 2004/1025/1000 2003/1026/1001 2006/1027/1002
f 1474/929/905 1476/1028/1003 1482/930/906
f 2615/1029/1004 2611/1030/1005 2610/1031/1006
f 1196/1032/1007 1198/1033/1008 1193/1034/1009
f 1212/1035/1010 1217/1036/1011 1213/1037/1012
f 1212/1035/1010 1213/1037/1012 1209/1038/1013
f 1214/1039/1014 1212/1035/1010 1208/1040/1015
f 1742/1041/1016 1741/1042/1017 1745/1043/1018
f 1216/1044/1019 1218/1045/1020 1214/1039/1014
f 1220/1046/1021 1225/1047/1022 1224/1048/1023
f 1222/1049/1024 1221/1050/1025 1223/1051/1026
f 1229/530/1027 1230/1052/1028 1231/1053/1029
f 5021/1054/1030 5022/622/1031 5025/1055/1032
f 1235/1056/1033 1234/1057/1034 1233/1058/1035
f 1237/1059/1036 1236/1060/1037 1238/1061/1038
f 4476/1062/1039 4478/1063/1040 4472/1064/1041
f 1253/1006/981 1252/1065/1042 1250/1066/1043
f 4368/915/891 4366/917/893 4370/1067/1044
f 1950/1068/1045 1949/1069/1046 1951/1070/1047
f 4676/1071/1048 4673/1072/1049 4674/1073/1050
f 1109/1074/1051 1110/1075/1052 1115/1076/1053
f 4870/1077/1054 4869/1078/1055 4866/1079/1056
f 1272/1080/1057 1271/1081/1058 1275/1082/1059
f 1272/1080/1057 1275/1082/1059 1274/1083/1060
f 1272/1080/1057 1274/1083/1060 1273/1084/1061
f 1279/1085/1062 1280/1086/1063 1281/1053/1064
f 1288/1087/1065 1287/1088/1066 1289/1089/1066
f 3209/1090/1067 3210/1091/1068 3207/1092/1069
f 2807/1093/1070 2806/1094/1071 2803/1095/1072
f 1304/1096/1073 1305/1097/1074 1301/1098/1075
f 1306/1099/1076 1304/1096/1073 1302/1100/1077
f 1315/630/610 1311/1101/1078 1312/631/611
f 3918/1102/1079 3914/1103/1080 3916/1104/1081
f 1318/1105/1082 1316/629/609 1313/1106/1083
f 3825/1107/1084 3823/1108/1085 3820/1109/1086
f 3100/1110/1087 3095/1111/1088 3096/1112/1089
f 1323/1113/1090 1321/1114/1091 1322/1115/1092
f 1326/1116/1093 1330/1117/1094 1329/1118/1095
f 1334/1119/1096 1335/1120/1097 1336/1121/1098
f 1333/1122/1099 1331/1123/1100 1332/1124/1101
f 1339/531/510 1338/1125/1102 1337/529/508
f 1346/1126/1103 1347/1127/1104 1348/1128/1105
f 3853/1129/1106 3854/1130/1107 3855/1131/1108
f 1344/1132/1109 1345/1133/1110 1343/1134/1111
f 1520/1135/1112 1517/1136/1113 1518/1137/1114
f 963/847/823 962/1138/1115 960/842/820
f 1359/1139/1116 1356/1140/1117 1357/1141/1118
f 1361/1142/1119 1359/1139/1116 1358/1143/1120
f 1360/1144/1121 1361/1142/1119 1358/1143/1120
f 1321/1114/1091 1317/1145/1122 1322/1115/1092
f 1374/1146/1123 1370/1147/1124 1368/1148/1125
f 1373/1149/1126 1372/1150/1127 1367/1151/1128
f 4735/1152/1129 4736/1153/1130 4731/1154/1131
f 1377/1155/1132 1378/875/851 1375/877/853
f 1379/1156/1133 1384/1157/1134 1383/1158/1135
f 2125/1159/1136 2126/1160/1137 2127/1161/1138
f 1381/1162/1139 1380/1163/1140 1382/1164/1141
f 1393/970/946 1392/728/1142 1391/968/944
f 2509/1165/1143 2511/1166/1144 2512/933/909
f 1408/1167/1145 1406/1168/1146 1405/1169/1147
f 5342/1170/1148 5339/1171/1149 5338/1172/1150
f 1354/1173/1151 1351/1174/1152 1353/1175/1153
f 851/762/741 849/760/739 845/1176/1154
f 1409/1177/1155 1407/1178/1156 1404/1179/1157
f 1409/1177/1155 1412/1180/1158 1407/1178/1156
f 4422/675/654 4426/674/653 4421/1181/1159
f 1418/1182/1160 1421/1183/1161 1417/1184/1162
f 1422/1185/1163 1424/1186/1164 1421/1183/1161
f 1423/1187/1165 1422/1185/1163 1420/1188/1166
f 1422/1185/1163 1426/1189/1167 1424/1186/1164
f 1459/1190/1168 1456/1191/1169 1462/1192/1170
f 1440/1193/1171 1441/1194/1172 1442/1195/1173
f 1439/1196/1174 1437/1197/1175 1438/1198/1176
f 1445/1199/1177 1444/573/1178 1443/1200/1179
f 2365/1201/1180 2364/1202/1181 2362/1203/1182
f 1447/1204/1183 1446/1205/1184 1448/1206/1185
f 1454/1207/1186 1457/1208/1187 1455/1209/1188
f 1460/1210/1189 1458/1211/1190 1455/1209/1188
f 5414/1212/1191 5415/1213/1192 5416/1214/1193
f 5111/1215/1194 5107/1216/1195 5106/1217/1196
f 1470/1218/1197 1466/1219/1198 1467/1220/1199
f 1468/1221/1200 1469/1222/1201 1465/1223/1202
f 1469/1222/1201 1464/1224/1203 1465/1223/1202
f 2537/1225/1204 2540/1226/1205 2536/1227/1206
f 1475/1228/1207 1476/1028/1003 1473/1229/1208
f 1478/928/904 1477/1230/1209 1472/1231/1210
f 1485/1232/1211 1489/1206/1212 1488/1233/1213
f 1249/1234/1214 1251/1235/1215 1248/1236/1216
f 3403/1237/1217 3401/1238/1218 3402/1239/1219
f 4206/1240/1220 4207/1241/1221 4205/1242/1222
f 4009/1243/1223 4010/1244/1224 4013/1245/1225
f 1512/1246/1226 1514/1247/1227 1509/1248/1228
f 3057/1249/1229 3061/1250/1230 3056/1251/1231
f 745/681/660 744/1252/659 741/1253/1232
f 1372/1150/1127 1375/877/853 1371/1254/1233
f 1518/1137/1114 1517/1136/1113 1515/1255/1234
f 1519/1256/1235 1521/1257/1236 1516/1258/1237
f 3478/1259/1238 3479/1260/1239 3475/1261/1240
f 578/1262/1241 579/583/562 582/1263/1242
f 841/750/729 843/749/728 840/1264/1243
f 5338/1172/1150 5339/1265/1149 5333/1266/1244
f 5502/1267/1245 5498/1268/1246 5503/1269/1247
f 1537/1270/1248 1542/1271/1249 1541/1272/1250
f 4152/1273/1251 4151/1274/1252 4149/1275/1253
f 1539/1276/1254 1538/1277/1255 1540/1278/1256
f 831/1279/1257 830/727/706 828/729/708
f 1551/1280/1258 1550/857/833 1552/1281/1259
f 1555/1282/1260 1556/1283/1261 1557/1284/1262
f 3440/1285/1263 3441/980/956 3439/1286/1264
f 3436/1287/1265 3434/1288/1266 3433/1289/1267
f 1564/1290/1268 1565/1291/1269 1562/1292/1270
f 1568/1293/1271 1569/1294/1272 1565/1291/1269
f 1571/1295/1273 1568/1293/1271 1567/1296/1274
f 1576/1297/534 1577/557/536 1575/1298/1275
f 1579/1299/1276 1578/1300/1277 1573/1301/1278
f 4435/1302/1279 4436/1303/1280 4438/1304/1281
f 1577/557/536 1580/1305/1282 1579/1299/1276
f 1581/1306/1283 1576/1307/534 1578/1300/1277
f 2330/1308/1284 2328/1309/1285 2326/1310/1286
f 1582/1311/1287 1584/1312/1288 1581/1306/1283
f 2034/1313/1289 2031/1314/1290 2029/1315/1291
f 3591/1316/1292 3588/1317/1293 3589/1318/1294
f 1602/1319/1295 1601/848/824 1603/1320/1296
f 1620/1321/1297 1621/1322/1298 1619/1323/1299
f 1621/1322/1298 1623/1324/1300 1619/1323/1299
f 1629/1325/1301 1628/1326/1302 1624/1327/1303
f 5080/1328/1304 5078/1329/1305 5079/1330/1306
f 2828/1331/1307 2827/1332/1308 2826/1333/1309
f 1645/1334/1310 1646/1335/1311 1647/1336/1312
f 780/1337/1313 779/1338/1314 778/1339/1315
f 1650/1340/1316 1649/1341/1317 1648/1342/1318
f 1498/1343/1319 1497/1344/1320 1495/1345/1321
f 1654/1346/1322 1655/1347/1323 1653/672/1324
f 4574/1348/1325 4573/1349/1326 4570/1350/1327
f 1667/1351/1328 1665/1352/1329 1666/1353/1330
f 1671/1354/1331 1673/1355/1332 1665/1352/1329
f 1672/1356/1333 1671/1354/1331 1670/1357/1334
f 1685/1358/1335 1680/1359/1336 1683/1360/1337
f 1696/1361/1338 1697/1362/1339 1698/1363/1340
f 1695/1364/1341 1693/1365/1342 1694/1366/1343
f 1701/1367/1344 1700/1368/1345 1699/1369/1346
f 1703/1370/1347 1702/1371/1348 1704/1372/1348
f 2321/1373/1349 2318/1374/1350 2319/1375/1351
f 1706/1376/1352 1707/736/715 1705/738/717
f 1716/1377/1353 1717/1378/1354 1713/1379/1355
f 1718/1380/1356 1716/1377/1353 1714/743/722
f 1721/1381/1357 1717/1378/1354 1716/1377/1353
f 1724/1382/1358 1719/1383/1359 1718/1380/1356
f 1731/1384/1360 1725/1385/1361 1726/1386/1362
f 1732/1387/1363 1731/1384/1360 1729/1388/1364
f 5141/1389/1365 5137/1390/1366 5138/1391/1367
f 1733/1392/1368 1736/1393/1369 1730/1394/1370
f 1737/1395/1371 1735/1396/1372 1731/1384/1360
f 2410/1397/1373 2408/1398/1374 2409/1399/1375
f 1354/1173/1151 1352/1400/1376 1350/1401/1377
f 5319/1402/1378 5322/1403/1379 5321/1404/1380
f 2703/1405/1381 2704/1406/1382 2701/1407/1383
f 1764/1408/1384 1765/692/670 1761/1409/1385
f 1772/1410/1386 1770/607/586 1766/1411/1387
f 4494/1412/1388 4493/1413/1389 4496/1414/1390
f 1781/1415/1391 1779/1416/1392 1777/1417/1393
f 1779/1416/1392 1782/1418/1394 1776/1419/1395
f 1427/1420/1396 1423/1187/1165 1420/1188/1166
f 1784/1421/1397 1783/1422/1398 1779/1416/1392
f 1666/1353/1330 1659/1423/1399 1660/1424/1400
f 1783/1425/1398 1785/1426/1401 1782/1427/1394
f 1797/1428/1402 1798/975/1403 1799/1429/1404
f 1803/1430/1405 1802/1431/1406 1801/1432/1407
f 1805/1433/1408 1804/1434/1409 1806/1435/1410
f 1810/1436/1411 1811/1437/1412 1812/1438/1413
f 1808/1439/1414 1809/1440/1415 1807/1441/1416
f 1819/1442/1417 1820/1443/1418 1817/1444/1419
f 4786/1445/1420 4785/562/541 4787/561/540
f 1821/1446/1421 1823/1447/1422 1819/1442/1417
f 4524/1448/1423 4521/1449/615 4522/1450/1424
f 3425/1451/1425 3424/1452/1426 3421/1453/1427
f 1822/1454/1428 1825/1455/1429 1821/1456/1421
f 3223/1457/1430 3218/1458/1431 3220/1459/1432
f 1836/1460/1433 1838/1461/1434 1834/1462/1435
f 1841/1463/1436 1840/1464/1437 1838/1461/1434
f 1009/1465/1438 1007/887/863 1010/890/866
f 1844/1466/1439 1843/1467/1440 1845/1468/1441
f 1850/530/1442 1851/1469/1443 1852/1053/1444
f 1856/1470/1445 1855/1471/1446 1854/1472/1447
f 1858/1473/1448 1857/1474/1449 1859/1475/1450
f 3247/1476/1451 3248/622/1452 3251/1477/1453
f 1868/1478/1454 1869/1479/1455 1865/1480/1456
f 1869/1481/1455 1870/1482/1457 1867/1483/1458
f 1872/1484/1459 1870/1482/1457 1869/1481/1455
f 1877/1485/1460 1875/1486/1461 1873/1487/1462
f 1884/1488/1463 1883/1489/1464 1881/1490/1465
f 1885/1491/1466 1887/1492/1467 1882/1493/1468
f 1882/1493/1468 1887/1492/1467 1884/1494/1463
f 1896/1495/1469 1895/1496/1470 1900/1497/1471
f 1896/1495/1469 1900/1497/1471 1899/1498/1472
f 1897/1499/1473 1896/1495/1469 1899/1498/1472
f 1897/1499/1473 1899/1498/1472 1898/1500/1474
f 1904/577/556 1905/1501/1475 1906/1053/1476
f 1903/576/555 1907/575/554 1901/1502/1477
f 1902/1503/1478 1903/576/555 1901/1502/1477
f 3972/1504/1479 3976/1505/1480 3977/1506/1481
f 1926/1507/1482 1925/1508/1483 1922/1509/1484
f 1927/1510/1485 1926/1511/1482 1924/1512/1486
f 1925/1508/1483 1929/1513/1487 1923/1514/1488
f 4216/1515/1489 4215/1516/1490 4218/1517/1491
f 2315/1518/1492 2314/1519/1493 2316/1520/1494
f 1931/1521/1495 1929/1513/1487 1930/1522/1496
f 1941/1523/1497 1943/1524/1498 1939/1525/1499
f 1942/707/685 1940/1526/1500 1937/1527/1501
f 1943/1528/1498 1944/705/683 1938/1529/1502
f 1940/1526/1500 1943/1524/1498 1941/1523/1497
f 1949/1069/1046 1953/1530/1503 1952/1531/1504
f 1956/1532/1505 1954/1533/1506 1955/1534/1507
f 1963/1535/1508 1962/1536/1509 1961/1537/1510
f 1965/1538/1511 1964/1539/1512 1966/1540/1513
f 1970/1541/1514 1971/1542/1515 1972/1543/1516
f 1968/1544/1517 1969/1545/1518 1967/1546/1519
f 1023/1547/1520 1024/1548/1521 1025/1549/1522
f 1978/1550/1523 1977/1551/1524 1975/1552/1525
f 1976/1553/1526 1980/1554/1527 1973/1555/1528
f 1197/1556/1529 1194/1557/1530 1193/1034/1009
f 1979/1558/1531 1982/1559/1532 1976/1560/1526
f 3423/1561/1533 3422/1562/1534 3426/1563/1535
f 3763/1564/1536 3758/1565/1537 3757/685/664
f 1984/1566/1538 1982/1559/1532 1979/1558/1531
f 1984/1566/1538 1980/1567/1527 1982/1559/1532
f 1987/1568/1539 1984/1566/1538 1981/1569/1540
f 4787/561/540 4789/563/542 4790/1570/1541
f 1994/1571/1542 1992/1572/1543 1989/1573/1544
f 4739/1574/1545 4736/1153/1130 4735/1152/1129
f 1998/1575/1546 2000/1576/1547 1995/1577/1548
f 2314/1519/1493 2313/1578/1549 2312/1579/1550
f 2011/1580/1551 2012/1581/1552 2013/1582/1553
f 1200/1583/1554 1199/1584/1555 1197/1556/1529
f 2010/1585/1556 2008/1586/1557 2009/1587/1558
f 2016/1588/1559 2015/1589/1560 2014/1590/1561
f 2018/1591/1562 2017/1592/1563 2019/1593/1564
f 2243/1594/1565 2242/1595/1566 2240/1596/1567
f 3011/1597/1568 3005/1598/1569 3008/1599/1570
f 2032/1600/1571 2030/1601/1572 2028/1602/1573
f 1406/1168/1146 1408/1167/1145 1410/1603/1574
f 3164/1604/1575 3162/1605/1576 3167/1606/1577
f 2032/1600/1571 2035/1607/1578 2030/1601/1572
f 2956/1608/1579 2952/1609/1580 2953/1610/1581
f 2033/1611/1582 2035/1607/1578 2032/1600/1571
f 2887/1612/1583 2888/1613/1584 2890/1614/1585
f 2033/1611/1582 2037/1615/1586 2035/1607/1578
f 955/1616/1587 959/1617/1588 952/1618/1589
f 2047/1619/1590 2046/1620/1591 2041/1621/1592
f 2044/1622/1593 2045/1623/1594 2042/1624/1595
f 2048/1625/1596 2047/1619/1590 2045/1623/1594
f 3075/1626/1597 3071/1627/1598 3070/1628/1599
f 2049/1629/1600 2051/1630/1601 2048/1625/1596
f 3658/1631/1602 3655/720/698 3653/650/630
f 2067/996/971 2066/1632/1603 2065/1633/1604
f 921/816/795 919/1634/1605 918/814/793
f 2073/1635/1606 2074/1636/1607 2075/1637/1608
f 2071/1638/1609 2072/1639/1610 2070/1640/1611
f 3864/1641/1612 3860/1642/1613 3858/1643/1614
f 2778/1644/1615 2777/1645/1616 2776/1646/1617
f 1875/1647/1461 1880/1648/1618 1876/1649/1619
f 2248/1650/1620 2251/1651/1621 2247/1652/1622
f 2088/1653/1623 2089/1654/1624 2085/1655/1625
f 2099/676/655 2096/678/657 2095/1656/1626
f 2105/1657/1627 2104/1658/1628 2100/1659/1629
f 3097/1660/1630 3101/1661/1631 3096/1112/1089
f 5300/1662/1632 5302/1663/1633 5298/1664/1634
f 2133/1665/1635 2136/992/967 2131/994/969
f 2138/1666/1636 2137/1667/1637 2134/1668/1638
f 2602/1669/1639 2599/1670/1640 2603/1671/1641
f 1450/1672/1642 1451/1673/1643 1449/1674/1644
f 2145/1675/1645 2148/1676/1646 2143/1677/1647
f 3973/1678/1648 3970/1679/1649 3971/1680/1650
f 5367/1681/1651 5368/1682/1652 5369/817/796
f 2170/867/843 2169/1683/1653 2168/868/844
f 3633/1684/1654 3632/1685/1655 3634/1686/1656
f 2184/1687/1657 2183/1688/1658 2178/1689/1659
f 3965/1690/1660 3961/1691/1661 3962/1692/1662
f 2190/1693/1663 2191/1694/1664 2187/1695/1665
f 1209/1038/1013 1206/1696/1666 1207/1697/1667
f 4015/1698/1668 4021/1699/1669 4020/1700/1670
f 2198/1701/1671 2197/891/867 2193/893/869
f 2195/1702/1672 2198/1701/1671 2193/893/869
f 2199/1703/1673 2201/1704/1674 2195/1702/1672
f 3462/1705/1675 3465/1706/1676 3461/1707/1677
f 3766/1708/1678 3768/1709/1679 3765/1710/1680
f 1049/920/896 1051/923/899 1046/921/897
f 2213/1711/1681 2214/1712/1682 2215/1713/1683
f 3642/1714/1684 3645/1715/1685 3644/1716/1686
f 2218/1717/1687 2217/1718/1688 2216/1719/1689
f 5476/573/1690 5477/1720/1691 5474/1721/1692
f 2236/1722/1693 2230/1723/1694 2231/1724/1695
f 3307/1725/1696 3306/1726/1697 3305/1727/1698
f 2791/1728/1699 2790/1729/1700 2788/1730/1701
f 2235/1731/1702 2237/1732/1703 2234/1733/1704
f 2243/1734/1565 2245/1735/1705 2242/1736/1566
f 3294/1737/1706 3293/1738/1707 3292/1739/1708
f 4871/1740/1709 4872/1741/1710 4867/1742/1711
f 3114/1743/1712 3115/1744/1713 3113/1745/1714
f 2243/1734/1565 2249/1746/1715 2245/1735/1705
f 2247/1747/1622 2249/1746/1715 2243/1734/1565
f 2249/1746/1715 2246/1748/1716 2245/1735/1705
f 2252/1749/1717 2248/1650/1620 2246/1748/1716
f 2251/1651/1621 2253/1750/1718 2247/1652/1622
f 2254/1751/1719 2258/1752/1720 2257/1753/1721
f 2261/1754/1722 2262/1755/1723 2263/1756/1724
f 2266/1757/1725 2265/728/1726 2264/1758/1727
f 2271/1759/1728 2272/1760/1729 2270/1761/1730
f 4207/1241/1221 4208/1762/1731 4209/1763/1732
f 2280/1764/1733 2277/1765/1734 2275/1766/1735
f 2278/824/803 2280/1767/1733 2275/1768/1735
f 2279/823/802 2282/1769/1736 2278/824/803
f 2285/1770/1737 2287/1771/1738 2280/1764/1733
f 2289/1772/1739 2292/1773/1740 2288/1774/1741
f 2704/1406/1382 2707/1775/1742 2700/1776/1743
f 2297/1777/1744 2292/1773/1740 2289/1772/1739
f 4824/1778/1745 4821/1779/1746 4822/1780/1747
f 1490/1781/1748 1491/1782/1749 1492/1783/1750
f 2309/1784/1751 2310/1785/1752 2311/1786/1753
f 836/1787/1754 837/1788/1755 838/1789/1756
f 925/1790/1757 926/1791/1758 927/1792/1759
f 3609/1793/1760 3608/1794/1761 3606/1795/1762
f 3563/1796/1763 3561/1797/1764 3555/1798/1765
f 2327/1799/1766 2332/1800/1767 2331/1801/1768
f 3523/1802/1769 3520/1803/1770 3519/1804/1771
f 582/1263/1242 580/582/561 586/1805/1772
f 2342/1806/1773 2345/1807/1774 2339/1808/1775
f 2347/1809/1776 2343/1810/1777 2344/1811/1778
f 2348/1812/1779 2345/1813/1774 2343/1810/1777
f 2350/1814/1780 2346/1815/1781 2345/1807/1774
f 2349/1816/1782 2351/1817/1783 2348/1812/1779
f 5209/694/672 5208/1818/1784 5212/1819/1785
f 4258/1820/1786 4255/1821/1787 4256/1822/1788
f 2368/1823/1789 2369/1824/1790 2367/1825/1791
f 2379/1826/1792 2378/957/933 2374/1827/1793
f 2376/1828/1794 2379/1826/1792 2374/1827/1793
f 4264/1829/1795 4268/1830/1796 4262/1831/1797
f 2383/1832/1798 2381/1833/1799 2380/1834/1800
f 2897/1835/1801 2893/1836/1802 2895/1837/1803
f 4543/1838/1804 4540/1839/1805 4539/1840/1806
f 2399/1841/1807 2397/1842/1808 2395/1843/1809
f 638/1844/1810 634/603/582 633/602/581
f 516/1845/1811 515/1846/1812 513/1847/1813
f 2408/1398/1374 2406/1848/1814 2407/1849/1815
f 2413/1850/1816 2412/1851/1817 2411/1852/1818
f 1640/1853/1819 1639/1854/1820 1641/1855/1821
f 3004/1856/1822 3007/1857/1823 3009/1858/1824
f 1639/1854/1820 1638/1859/1825 1642/1860/1826
f 2432/1861/1827 2433/1862/1828 2430/1863/1829
f 1509/1248/1228 1506/1864/1830 1512/1246/1226
f 4719/1865/1831 4722/1866/1832 4718/1867/1833
f 951/1868/818 948/837/816 949/836/815
f 2843/1869/1834 2838/1870/1835 2839/1871/1836
f 692/1872/1837 696/1873/1838 693/1874/1839
f 2447/1875/1840 2446/1876/1841 2442/1877/1842
f 2448/1878/1843 2444/1879/1844 2443/1880/1845
f 4119/1881/1846 4115/1882/1847 4118/1883/1848
f 3533/1884/1849 3532/1885/1850 3535/1886/1851
f 2471/1887/1852 2472/1888/1853 2473/1889/1854
f 2469/1890/1855 2470/1891/1856 2468/1892/1857
f 2478/1893/1858 2480/1894/1859 2475/1895/1860
f 1669/1896/1861 1670/1357/1334 1667/1351/1328
f 2480/1894/1859 2481/1897/1862 2474/1898/1863
f 636/609/588 633/602/581 631/610/589
f 2488/1899/1864 2481/1897/1862 2482/1900/1865
f 2495/1901/1866 2489/1902/1867 2490/1903/1868
f 2497/1904/1869 2494/1905/1870 2495/1906/1866
f 2497/1904/1869 2499/1907/1871 2494/1905/1870
f 2503/1908/1872 2508/1909/1873 2507/1910/1874
f 2505/1911/1875 2504/1912/1876 2506/1913/1877
f 2511/1166/1144 2509/1165/1143 2510/1914/1878
f 3648/1915/1879 3649/1916/1880 3651/1917/1881
f 2522/1918/1882 2523/1919/1883 2521/1920/1884
f 2533/1921/1885 2532/1922/1886 2530/1923/1887
f 2535/1924/1888 2534/1925/1889 2532/1922/1886
f 3750/1926/1890 3751/1927/1891 3753/1928/1892
f 2536/1227/1206 2533/1929/1885 2534/1925/1889
f 2539/1930/1893 2535/1924/1888 2533/1921/1885
f 2539/1930/1893 2538/1931/1894 2535/1924/1888
f 2540/1226/1205 2541/1932/1895 2539/1933/1893
f 2542/1934/1896 2538/1931/1894 2539/1930/1893
f 1463/1935/1897 1462/1936/1170 1465/1223/1202
f 1770/607/586 1765/692/670 1764/1408/1384
f 1282/1937/1898 1278/576/1899 1279/1085/1062
f 2560/1938/1900 2559/573/1901 2561/1939/1902
f 2584/1940/1903 2585/1941/1904 2582/1942/1905
f 2587/1943/1906 2585/1941/1904 2584/1940/1903
f 3424/1452/1426 3426/1563/1535 3422/1562/1534
f 3713/1944/1907 3708/1945/1908 3710/1946/1909
f 2601/1947/1910 2604/1948/1911 2596/1949/1912
f 2603/1671/1641 2605/1950/1913 2602/1669/1639
f 2606/1951/1914 2604/1948/1911 2601/1947/1910
f 2609/1952/1915 2608/1953/1916 2603/1671/1641
f 2610/1031/1006 2616/567/1917 2615/1029/1004
f 1861/1954/1918 1862/1955/1919 1864/1956/1920
f 5254/1957/1921 5249/1958/1922 5255/1959/1923
f 2612/1960/1924 2614/1961/1925 2613/622/1926
f 2619/1962/1927 2620/1963/1928 2621/1964/1929
f 1301/1098/1075 1303/1965/1930 1299/1966/1931
f 2631/1967/1932 2632/1968/1933 2633/1969/1934
f 4664/1970/1935 4665/1971/1936 4662/1972/1937
f 2629/1973/1938 2630/1974/1939 2628/1975/1940
f 2443/1880/1845 2441/1976/1941 2446/1876/1841
f 2641/538/517 2640/1977/1942 2637/1978/1943
f 3324/1979/1944 3327/1980/1945 3322/1981/1946
f 4323/1982/1947 4322/1983/1948 4319/1984/1949
f 2650/1985/1950 2652/1986/1951 2649/1987/1952
f 2652/1988/1951 2653/1989/1953 2651/1990/1954
f 4027/1991/1955 4025/1992/1956 4024/1993/1957
f 2147/1994/1958 2149/1995/1959 2146/1996/1960
f 2656/1997/1961 2658/1998/1962 2655/758/737
f 858/1999/1963 860/2000/1964 857/2001/1965
f 2658/1998/1962 2657/756/735 2655/758/737
f 4938/2002/1966 4940/2003/1967 4936/2004/1968
f 2663/2005/1969 2668/2006/1970 2667/2007/1971
f 2665/2008/1972 2664/2009/1973 2666/2010/1974
f 3941/2011/1975 3942/2012/1976 3940/2013/1977
f 4190/2014/1978 4189/2015/1979 4191/2016/1980
f 2690/2017/1981 2693/2018/1982 2689/2019/1983
f 2695/2020/1984 2693/2018/1982 2690/2017/1981
f 2704/1406/1382 2700/1776/1743 2701/1407/1383
f 2705/2021/1985 2703/1405/1381 2702/2022/1986
f 2711/2023/1987 2707/1775/1742 2708/2024/1988
f 2720/2025/1989 2721/2026/1990 2722/2027/1991
f 3852/2028/1992 3853/1129/1106 3851/2029/1993
f 4018/2030/1994 4014/2031/1995 4017/2032/1996
f 1357/1141/1118 1358/1143/1120 1359/1139/1116
f 4195/2033/1997 4196/2034/1998 4198/1372/1999
f 4116/2035/2000 4118/1883/1848 4114/2036/2001
f 2730/2037/2002 2731/573/2003 2729/672/2004
f 2742/2038/2005 2737/2039/2006 2738/2040/2007
f 2739/2041/2008 2743/2042/2009 2736/2043/2010
f 2743/2042/2009 2745/2044/2011 2736/2043/2010
f 2743/2042/2009 2749/2045/2012 2745/2044/2011
f 1058/2046/2013 1061/2047/2014 1064/2048/2015
f 2753/2049/2016 2755/2050/2017 2751/2051/2018
f 2758/2052/2019 2756/2053/2020 2754/2054/2021
f 2765/2055/2022 2770/2056/2023 2769/2057/2024
f 5154/2058/2025 5153/2059/2026 5150/2060/2027
f 3095/2061/1088 3102/2062/2028 3098/2063/2029
f 2793/2064/2030 2797/2065/2031 2791/1728/1699
f 2806/1094/1071 2804/2066/2032 2801/2067/2033
f 2814/524/503 2818/2068/2034 2817/2069/2035
f 2821/2070/2036 2822/2071/2037 2823/2072/2038
f 2826/1333/1309 2825/573/2039 2824/2073/2040
f 888/784/763 885/2074/2041 886/782/761
f 2841/2075/2042 2837/2076/2043 2838/2077/1835
f 2839/1871/1836 2846/2078/2044 2843/1869/1834
f 2844/2079/2045 2849/2080/2046 2841/2075/2042
f 1266/2081/2047 1265/2082/2048 1261/2083/2049
f 2849/2080/2046 2848/2084/2050 2845/2085/2051
f 589/2086/2052 585/2087/2053 586/1805/1772
f 2856/2088/2054 2858/2089/2055 2857/2090/2056
f 5114/2091/2057 5115/2092/2058 5113/2093/2059
f 2859/2094/2060 2856/2095/2054 2854/2096/2061
f 2858/2089/2055 2860/2097/2062 2855/2098/2063
f 2860/2097/2062 2862/2099/2064 2855/2098/2063
f 4764/2100/2065 4762/2101/2066 4763/2102/2067
f 2863/2103/2068 2861/2104/2069 2856/2088/2054
f 4739/1574/1545 4741/2105/2070 4742/2106/2071
f 2872/2107/2072 2873/2108/2073 2874/2109/2074
f 3733/2110/2075 3732/2111/2076 3734/2112/2077
f 2882/2113/2078 2883/2114/2079 2881/2115/2080
f 2892/2116/2081 2890/1614/1585 2888/1613/1584
f 4009/1243/1223 4012/2117/2082 4006/2118/2083
f 2890/1614/1585 2895/1837/1803 2891/2119/2084
f 2894/2120/2085 2896/2121/2086 2890/1614/1585
f 2433/1862/1828 2432/1861/1827 2434/2122/2087
f 2898/2123/2088 2900/2124/2089 2894/2120/2085
f 2909/2125/2090 2911/2126/2091 2906/2127/2092
f 2911/2126/2091 2910/2128/2093 2906/2127/2092
f 3474/2129/2094 3480/2130/2095 3476/2131/2096
f 2914/2132/2097 2913/2133/2098 2910/2128/2093
f 1655/1347/1323 1656/2134/2099 1658/2135/2100
f 923/2136/2101 924/2137/2102 925/1790/1757
f 2921/2138/2103 2924/2139/2104 2920/2140/2105
f 2927/2141/2106 2926/2142/2107 2925/2143/2108
f 4550/2144/2109 4551/2145/2110 4553/2146/2111
f 2930/2147/2112 2931/2148/2113 2934/2149/2114
f 2946/2150/2115 2941/2151/2116 2938/2152/2117
f 2638/2153/2118 2636/2154/2119 2639/2155/2120
f 3477/2156/2121 3474/2129/2094 3472/2157/2122
f 2954/2158/2123 2953/1610/1581 2951/2159/2124
f 2954/2158/2123 2957/2160/2125 2953/1610/1581
f 2719/2161/2126 2720/2025/1989 2718/2162/2127
f 2958/2163/2128 2954/2164/2123 2955/2165/2129
f 2958/2166/2128 2957/2160/2125 2954/2158/2123
f 4016/2167/2130 4017/2032/1996 4012/2168/2082
f 2959/2169/2131 2958/2163/2128 2955/2165/2129
f 2962/2170/2132 2960/2171/2133 2958/2166/2128
f 2963/2172/2134 2965/2173/2135 2962/2170/2132
f 2973/2174/2136 2974/2175/2137 2975/2176/2138
f 5316/2177/2139 5317/2178/2140 5318/2179/2141
f 2992/2180/2142 2991/2181/2143 2989/2182/2144
f 2990/2183/2145 2992/2180/2142 2987/2184/2146
f 2998/2185/2147 2990/2186/2145 2994/2187/2148
f 4834/2188/2149 4832/2189/2150 4830/2190/2151
f 3311/2191/2152 3306/1726/1697 3307/1725/1696
f 3006/2192/2153 3002/2193/2154 3003/2194/2155
f 3008/1599/1570 3005/1598/1569 3002/2193/2154
f 1161/973/949 1162/972/948 1158/2195/2156
f 3011/2196/1568 3007/1857/1823 3005/2197/1569
f 3010/2198/2157 3008/1599/1570 3006/2192/2153
f 5450/2199/2158 5453/2200/2159 5454/2201/2160
f 2369/1824/1790 2370/2202/2161 2367/1825/1791
f 3027/2203/2162 3028/2204/2163 3029/2205/2164
f 3793/2206/2165 3789/2207/2166 3790/2208/2167
f 3026/2209/2168 3024/2210/2169 3025/2211/2170
f 3032/2212/2171 3031/2213/2172 3030/2214/2173
f 2120/2215/2174 2119/2216/2175 2118/2217/2176
f 3034/2218/2177 3033/2219/2178 3035/2220/2179
f 3039/2221/2180 3040/2222/2181 3041/2223/2182
f 4648/2224/2183 4647/1270/2184 4650/2225/2185
f 833/2226/2186 832/2227/2187 831/1279/1257
f 3046/2228/2188 3045/2229/2189 3047/2230/2190
f 3052/2231/2191 3054/2232/2192 3050/2233/2193
f 530/2234/2194 527/2235/527 528/545/524
f 3054/2232/2192 3053/2236/2195 3051/2237/2196
f 839/2238/2197 841/750/729 840/1264/1243
f 4261/2239/2198 4259/2240/2199 4262/2241/1797
f 3061/2242/1230 3059/2243/2200 3058/2244/2201
f 5351/2245/2202 5353/2246/2203 5356/2247/2204
f 3062/2248/2205 3066/2249/2206 3057/1249/1229
f 3070/1628/1599 3076/567/2207 3075/1626/1597
f 1796/2250/2208 1797/1428/1402 1800/2251/2209
f 3072/2252/2210 3074/2253/2211 3073/622/2212
f 3835/2254/2213 3834/2255/2214 3838/2256/2215
f 5064/2257/2216 5061/2258/2217 5062/2259/2218
f 1689/2260/2219 1688/2261/2220 1692/2262/2221
f 3089/2263/2222 3090/2264/2223 3088/672/2224
f 3102/2062/2028 3103/2265/2225 3099/2266/2226
f 5411/2267/2227 5410/2268/2228 5412/2269/2229
f 3106/2270/2230 3105/2271/2231 3099/2266/2226
f 748/679/658 747/683/662 750/2272/2232
f 3115/1744/1713 3116/2273/2233 3112/2274/2234
f 4106/2275/2235 4107/2276/2236 4108/2277/2237
f 3126/2278/2238 3125/573/2239 3127/2279/2240
f 3133/2280/2241 3134/2281/2242 3135/2282/2243
f 3132/2283/2244 3130/2284/2245 3131/2285/2246
f 3962/1692/1662 3957/2286/2247 3963/2287/2248
f 3152/2288/2249 3155/2289/2250 3151/2290/2251
f 1660/1424/1400 1663/2291/2252 1666/1353/1330
f 3155/2289/2250 3153/2292/2253 3151/2290/2251
f 3821/2293/2254 3823/2294/1085 3822/2295/2255
f 3169/2296/2256 3166/2297/2257 3167/1606/1577
f 3169/2296/2256 3168/2298/2258 3166/2297/2257
f 1554/2299/2259 1555/1282/1260 1557/1284/1262
f 3196/2300/2260 3197/2301/2261 3198/2302/2262
f 3194/2303/2263 3195/2304/2264 3193/2305/2265
f 3010/2198/2157 3009/1858/1824 3014/2306/2266
f 3199/2307/2267 3202/2308/2268 3201/2309/2269
f 3206/2310/2270 3202/2308/2268 3204/2311/2271
f 3207/1092/1069 3206/2312/2270 3204/2313/2271
f 2391/2314/2272 2390/2315/2273 2394/2316/2274
f 3213/2317/2275 3218/2318/1431 3215/2319/2276
f 3219/2320/2277 3221/2321/2278 3216/2322/2279
f 5203/2323/2280 5201/657/636 5205/2324/2281
f 2944/2325/2282 2947/2326/2283 2943/2327/2284
f 1107/2328/2285 1109/1074/1051 1111/2329/2286
f 2284/2330/2287 2281/2331/2288 2280/1764/1733
f 3224/2332/2289 3225/2333/2290 3220/1459/1432
f 3228/2334/2291 3233/2335/2292 3232/2336/2293
f 3230/2337/2294 3229/2338/2295 3231/2339/2296
f 3237/2340/2297 3238/2341/2298 3239/2342/2299
f 3236/2343/2300 3234/2344/2301 3235/2345/2302
f 4447/2346/2303 4446/2347/2304 4448/2348/2305
f 3246/2349/2306 3247/1476/1451 3245/672/2307
f 4646/2350/2308 4641/2351/2309 4645/2352/2310
f 3256/2353/2311 3257/2354/2312 3252/2355/2313
f 3258/2356/2314 3262/2357/2315 3253/2358/2316
f 3261/2359/2317 3260/2360/2318 3262/2357/2315
f 1871/2361/2319 1870/1482/1457 1874/2362/2320
f 3828/2363/2321 3827/2364/2322 3825/1107/1084
f 3074/2253/2211 3072/2252/2210 3071/1627/1598
f 3312/2365/2323 3308/2366/2324 3306/2367/1697
f 3324/1979/1944 3322/1981/1946 3320/2368/2325
f 3327/1980/1945 3325/2369/2326 3322/1981/1946
f 1616/2370/2327 1610/2371/2328 1615/2372/2329
f 1758/2373/2330 1759/2374/2331 1760/2375/2332
f 3810/2376/2333 3812/2377/2334 3806/2378/2335
f 3332/2379/2336 3336/2380/2337 3335/2381/2338
f 3339/2382/2339 3340/2383/2340 3341/2384/2341
f 3344/2385/2342 3343/2386/2343 3342/2387/2344
f 3346/2388/2345 3345/2389/2346 3347/2390/2347
f 3360/711/689 3357/713/691 3355/2391/2348
f 3162/2392/1576 3163/2393/2349 3165/2394/2350
f 3366/761/2351 3365/2395/2352 3362/2396/2353
f 3373/2397/2354 3372/2398/2355 3370/2399/2356
f 875/2400/2357 876/2401/2358 877/2402/2359
f 3382/2403/2360 3387/2404/2361 3386/1053/2362
f 3395/2405/2363 3394/2406/2364 3393/2407/2365
f 3400/2408/2366 3401/1238/1218 3399/2409/2367
f 3408/2410/2368 3405/2411/2369 3406/2412/2370
f 912/804/783 913/810/789 908/805/784
f 1512/1246/1226 1506/1864/1830 1507/2413/2371
f 3415/2414/2372 3417/2415/2373 3414/2416/2374
f 3425/1451/1425 3421/1453/1427 3419/2417/2375
f 2547/2418/2376 2545/2419/2377 2549/2420/2378
f 1666/1353/1330 1665/1352/1329 1662/2421/2379
f 5357/2422/2380 5358/2423/2381 5356/2247/2204
f 3432/2424/2382 3430/2425/2383 3428/2426/2384
f 3432/2427/2382 3428/2428/2384 3426/1563/1535
f 3433/1289/1267 3438/2429/2385 3437/1053/2386
f 3451/2430/2387 3452/2431/2388 3453/2432/2389
f 3449/2433/2390 3450/2434/2391 3448/2435/2392
f 915/809/788 916/2436/2393 913/810/789
f 3454/2437/2394 3459/2438/2395 3457/2439/2396
f 943/2440/814 939/2441/2397 944/2442/2398
f 3464/2443/2399 3454/2444/2394 3458/2445/2400
f 1240/2258/2401 1241/2446/2402 1243/2447/2403
f 2479/2448/2404 2474/1898/1863 2481/1897/1862
f 3467/2449/2405 3468/2450/2406 3463/2451/2407
f 3468/2450/2406 3466/2452/2408 3463/2451/2407
f 3473/2453/2409 3475/1261/1240 3471/2454/2410
f 3221/2321/2278 3220/1459/1432 3216/2322/2279
f 3482/2455/2411 3481/2456/2412 3474/2129/2094
f 3484/1020/995 3488/2457/2413 3487/2458/2414
f 3490/2459/2415 3493/2460/2416 3489/2461/2417
f 1028/902/878 1025/1549/1522 1026/900/876
f 2967/2462/2418 2966/2463/2419 2969/2464/2420
f 3511/2465/2421 3512/2466/2422 3508/2467/2423
f 5186/2468/2424 5184/2469/2425 5180/2470/2426
f 3520/2471/1770 3521/2472/2427 3522/2473/2428
f 3523/2474/1769 3524/2475/2429 3520/2471/1770
f 2121/2476/2430 2120/2215/2174 2122/2477/2431
f 3524/2475/2429 3525/2478/2432 3521/2472/2427
f 893/785/764 891/787/766 895/796/775
f 1568/1293/1271 1564/1290/1268 1567/1296/1274
f 3217/2479/2433 3216/2322/2279 3215/2319/2276
f 2534/1925/1889 2533/1929/1885 2531/2480/2434
f 3526/2481/2435 3531/2482/2436 3524/2475/2429
f 1743/2483/2437 1742/1041/1016 1744/2484/2438
f 3534/2485/2439 3533/1884/1849 3535/1886/1851
f 3551/2486/2440 3552/2487/2441 3553/2488/2442
f 3549/2489/2443 3550/2490/2444 3548/2491/2445
f 2234/1733/1704 2230/1723/1694 2235/1731/1702
f 3555/2492/1765 3561/2493/1764 3560/2494/2446
f 3564/2495/2447 3558/2496/2448 3557/2497/2449
f 3564/2495/2447 3562/2498/2450 3558/2496/2448
f 2654/757/736 2652/1986/1951 2650/1985/1950
f 844/754/733 839/2238/2197 842/2499/2451
f 4323/1982/1947 4326/2500/2452 4325/2501/2453
f 3571/2502/2454 3573/2503/2455 3570/2504/2456
f 3582/792/771 3586/2505/2457 3585/1538/2458
f 2924/2139/2104 2921/2138/2103 2922/2506/2459
f 5222/2507/2460 5221/2508/2461 5223/2509/2462
f 3681/2510/2463 3680/2511/2464 3684/2512/2465
f 3594/2513/2466 3593/2514/2467 3592/2515/2468
f 3607/2516/2469 3605/2517/2470 3603/2518/2471
f 5036/2519/2472 5037/2520/2473 5033/2521/2474
f 1262/2522/2475 1263/2523/2476 1267/2524/2477
f 1624/1327/1303 1628/1326/1302 1626/2525/2478
f 910/2526/2479 905/2527/2480 908/805/784
f 3618/2528/2481 3624/2529/2482 3620/2530/2483
f 3624/2529/2482 3622/2531/2484 3620/2530/2483
f 2857/2090/2056 2855/2098/2063 2852/2532/2485
f 3627/2533/2486 3628/2534/2487 3621/2535/2488
f 3624/2529/2482 3627/2533/2486 3622/2531/2484
f 3628/2534/2487 3625/2536/2489 3621/2535/2488
f 3632/1685/1655 3636/2537/2490 3635/2538/2491
f 3639/2539/2492 3640/2540/2493 3641/2541/2494
f 3644/1716/1686 3643/2542/2495 3642/1714/1684
f 5161/2543/2496 5159/573/2497 5158/2544/2498
f 1598/2545/2499 1595/2546/2500 1596/2547/2501
f 3656/649/629 3658/1631/1602 3653/650/630
f 3659/2548/2502 3658/1631/1602 3656/649/629
f 3659/2548/2502 3662/2549/2503 3658/1631/1602
f 3661/2550/2504 3657/2551/699 3655/720/698
f 3664/2552/2505 3662/2549/2503 3659/2548/2502
f 4368/2553/891 4371/2554/2506 4367/2555/2507
f 3688/2556/2508 3689/2557/2509 3690/2558/2510
f 3687/2559/2511 3685/2560/2512 3686/2561/2513
f 3693/2562/2514 3692/2563/2515 3691/2564/2516
f 3695/2565/2517 3694/2566/2518 3696/2567/2519
f 4736/1153/1130 4730/2568/2520 4731/1154/1131
f 3707/2569/2521 3704/2570/2522 3705/2571/2523
f 2458/2572/2524 2459/2573/2525 2457/2574/2526
f 4164/2575/2527 4168/2576/2528 4162/2577/2529
f 2185/2578/2530 2180/2579/2531 2178/1689/1659
f 3715/2580/2532 3717/2581/2533 3712/2582/2534
f 3723/2583/2535 3724/2584/2536 3720/2585/2537
f 3721/2586/2538 3725/2587/2539 3722/2588/2540
f 3727/2589/2541 3724/2584/2536 3723/2583/2535
f 3725/2587/2539 3726/2590/2542 3722/2588/2540
f 3725/2587/2539 3729/2591/2543 3726/2590/2542
f 3732/2111/2076 3736/2592/2544 3735/2593/2545
f 3740/2594/2546 3741/2595/2547 3742/2596/2548
f 3090/2264/2223 3091/622/2549 3094/2597/2550
f 4386/2598/2551 4385/2599/2552 4381/2600/2553
f 3739/2601/2554 3737/2602/2555 3738/2603/2556
f 3745/2604/2557 3744/2605/2558 3743/2606/2559
f 2677/2607/2560 2676/2608/2561 2674/2609/2562
f 3747/2610/2563 3746/2611/2564 3748/2612/2565
f 5110/2613/2566 5108/2614/2567 5107/1216/1195
f 3760/2615/2568 3755/686/665 3756/2616/2569
f 2910/2128/2093 2907/2617/2570 2906/2127/2092
f 3191/2618/2571 3190/2619/2572 3192/2620/2573
f 2282/1769/1736 2279/823/802 2283/2621/2574
f 3764/2622/2575 3766/2623/1678 3762/2624/2576
f 4632/2625/2577 4634/2626/2578 4637/2627/2579
f 3776/2628/2580 3775/2629/2581 3773/2630/2582
f 2093/2631/2583 2091/1605/2584 2095/1656/1626
f 2436/2632/2585 2437/2633/2586 2441/1976/1941
f 3776/2628/2580 3778/2634/2587 3775/2629/2581
f 3784/2635/2588 3783/2636/2589 3787/2637/2590
f 3784/2635/2588 3787/2637/2590 3786/2638/2591
f 3784/2635/2588 3786/2638/2591 3785/2639/2592
f 3790/2208/2167 3791/2640/2593 3792/1053/2594
f 3796/2641/2595 3795/2642/2596 3794/2643/2597
f 3510/2644/2598 3507/2645/2599 3505/2646/2600
f 3798/2647/2601 3797/2648/2602 3799/2649/2603
f 3809/2650/2604 3813/2651/2605 3810/2376/2333
f 3815/2652/2606 3814/2653/2607 3812/2654/2334
f 3814/2653/2607 3811/2655/2608 3812/2654/2334
f 3817/2656/2609 3813/2651/2605 3811/2655/2608
f 3827/2657/2322 3822/2295/2255 3823/2294/1085
f 3827/2657/2322 3826/2658/2610 3822/2295/2255
f 1254/2659/2611 1253/1006/981 1247/2660/2612
f 3824/2661/2613 3828/2363/2321 3825/1107/1084
f 3829/2662/2614 3826/2658/2610 3827/2657/2322
f 2383/2663/1798 2386/2664/2615 2381/2665/1799
f 3842/2666/2616 3843/2667/2617 3844/2668/2618
f 4359/2669/2619 4360/2670/2620 4362/2671/2621
f 3841/2672/2622 3839/2673/2623 3840/2674/2624
f 3847/2675/2625 3846/728/2626 3845/2676/2627
f 3849/2538/2628 3848/2677/2629 3850/2678/2630
f 1682/2679/2631 1683/1360/1337 1679/2680/2632
f 3509/2681/2633 3505/2682/2600 3506/2683/2634
f 1519/1256/1235 1516/1258/1237 1514/1247/1227
f 1005/2684/2635 1004/888/864 1009/1465/1438
f 4682/2685/2636 4684/2686/2637 4681/2687/2638
f 3764/2622/2575 3762/2624/2576 3763/2688/1536
f 3868/2689/2639 3866/2690/2640 3862/2691/2641
f 3866/2692/2640 3869/2693/2642 3864/1641/1612
f 3390/2694/2643 3391/2695/2644 3392/2696/2645
f 3877/2697/2646 3873/2698/2647 3871/2699/2648
f 3883/2700/2649 3881/2701/2650 3878/2702/2651
f 5035/2703/2652 5034/2704/2653 5031/2705/2654
f 3884/2706/2655 3889/2707/2656 3888/2708/2657
f 3886/2709/2658 3885/2710/2659 3887/2711/2660
f 3893/2712/2661 3894/2713/2662 3895/2714/2663
f 3892/2715/2664 3890/2716/2665 3891/2717/2666
f 3898/2718/2667 3897/2719/2668 3896/2720/2669
f 576/2721/2670 573/576/2671 574/2722/2672
f 3900/2723/2673 3899/2724/2674 3901/2725/2675
f 1750/2726/2676 1747/2727/2677 1748/2728/2678
f 2618/2729/2679 2619/1962/1927 2617/2730/2680
f 3916/1104/1081 3912/2731/2681 3910/2732/2682
f 3914/1103/1080 3917/2733/2683 3913/2734/2684
f 3216/2322/2279 3217/2479/2433 3219/2320/2277
f 1467/1220/1199 1466/1219/1198 1461/2735/2685
f 1161/973/949 1158/2195/2156 1157/2736/2686
f 3918/1102/1079 3920/2737/2687 3914/1103/1080
f 3927/2738/2688 3926/2739/2689 3923/2740/2690
f 3928/2741/2691 3929/2742/2692 3924/2743/2693
f 3937/2744/2694 3936/773/753 3938/2745/2695
f 3942/2012/1976 3943/2746/2696 3944/2747/2697
f 704/2748/626 705/2749/2698 710/654/632
f 3947/956/932 3946/2750/2699 3945/954/930
f 3949/901/2700 3948/955/931 3950/2751/2701
f 2394/2316/2274 2398/2752/2702 2396/2753/2703
f 664/621/601 662/620/600 661/2754/2704
f 3961/2755/1661 3964/2756/2705 3958/2757/2706
f 3966/2758/2707 3963/2287/2248 3960/2759/2708
f 3969/2760/2709 3963/2287/2248 3966/2758/2707
f 3969/2760/2709 3967/2761/2710 3963/2287/2248
f 1843/1467/1440 1842/2762/2711 1845/1468/1441
f 4855/2763/2712 4854/642/622 4856/2764/2713
f 709/648/628 708/647/627 711/2765/2714
f 2231/1724/1695 2229/2766/2715 2233/2767/2716
f 3974/2768/2717 3976/1505/1480 3971/1680/1650
f 4918/1009/984 4919/1008/983 4917/2769/2718
f 5488/2770/2719 5486/2771/2720 5483/2772/2721
f 3980/2773/2722 3974/2774/2717 3975/2775/2723
f 3980/2773/2722 3975/2775/2723 3972/1504/1479
f 2344/1811/1778 2343/1810/1777 2337/2776/2724
f 557/574/553 555/573/552 554/611/590
f 3984/2777/2725 3989/2778/2726 3988/2779/2727
f 4859/2780/2728 4860/2781/2729 4862/2782/2730
f 3986/2783/2731 3985/2784/2732 3987/2785/2733
f 3992/2786/2734 3993/2787/2735 3994/2788/2736
f 821/2789/2737 817/2790/2738 816/2791/2739
f 4148/2792/2740 4145/2793/2741 4146/2794/2742
f 4010/1244/1224 4009/1243/1223 4006/2795/2083
f 1574/2796/2743 1575/1298/1275 1577/557/536
f 1513/2797/2744 1511/2798/2745 1509/1248/1228
f 4014/2031/1995 4015/1698/1668 4010/1244/1224
f 1889/745/724 1888/747/726 1886/2799/2746
f 4020/1700/1670 4016/2167/2130 4015/1698/1668
f 4023/2800/2747 4026/2801/2748 4022/2802/2749
f 4028/2803/2750 4029/2804/2751 4026/2801/2748
f 4036/2805/2752 4041/2806/2753 4040/2807/2754
f 2323/2808/2755 2325/2809/2756 2326/1310/1286
f 5422/2810/2757 5421/2811/2758 5423/2812/2759
f 4038/2813/2760 4037/2814/2761 4039/2815/2762
f 3115/1744/1713 3117/2816/2763 3119/2817/2764
f 4050/2818/2765 4049/2819/2766 4048/2820/2767
f 5410/2268/2228 5409/2821/2768 5413/2822/2769
f 4056/2823/2770 4057/2824/2771 4058/2825/2772
f 5328/2826/2773 5325/2827/2774 5326/2828/2775
f 4054/2260/2776 4055/2829/2777 4053/2830/2778
f 2753/2049/2016 2754/2054/2021 2756/2053/2020
f 4062/2831/2779 4061/2832/2780 4059/2833/2781
f 4063/2834/2782 4064/2835/2783 4060/2836/2784
f 3483/2837/2785 3479/1260/1239 3478/1259/1238
f 4076/2838/2786 4077/2839/2787 4074/2840/2788
f 4079/2841/2789 4082/2842/2790 4076/2838/2786
f 4078/2843/2791 4083/2844/2792 4080/2845/2793
f 1120/2846/2794 1119/2847/2795 1122/2848/2796
f 4094/2849/2797 4095/975/2798 4096/2850/2799
f 4153/2851/2800 4152/1273/1251 4154/2852/2801
f 2167/2853/2802 2165/2854/2803 2166/2855/2804
f 5428/2856/2805 5425/2857/2806 5426/2858/2807
f 4112/2859/2808 4109/2860/2809 4110/2861/2810
f 4621/2862/2811 4617/2863/2812 4618/2864/2813
f 4605/2865/2814 4603/2866/2815 4604/2867/2816
f 4113/2868/2817 4116/2035/2000 4110/2861/2810
f 4675/2869/2818 4674/1073/1050 4671/2870/2819
f 4128/2871/2820 4130/2872/2821 4125/2873/2822
f 3010/2198/2157 3014/2306/2266 3016/2874/2823
f 4133/2875/2824 4135/2876/2825 4130/2872/2821
f 4129/2877/2826 4134/2878/2827 4131/2879/2828
f 4138/2880/2829 4142/2881/2830 4141/2882/2831
f 2269/2883/2832 2268/2884/2833 2267/2885/2834
f 4146/2794/2742 4147/901/2835 4148/2792/2740
f 4770/2886/2836 4765/2887/2837 4771/2888/2838
f 4145/2793/2741 4143/2889/2839 4144/2890/2840
f 4151/1274/1252 4150/728/2841 4149/1275/1253
f 2216/1719/1689 2219/2891/2842 2218/1717/1687
f 4158/2892/2843 4159/2893/2844 4160/2894/2845
f 4156/2895/2846 4157/2896/2847 4155/2897/2848
f 4168/2576/2528 4167/2898/2849 4162/2577/2529
f 4169/2899/2850 4168/2576/2528 4164/2575/2527
f 4380/2900/2851 4381/2901/2553 4377/2902/2852
f 4171/2903/2853 4165/2904/2854 4166/885/861
f 3266/2905/2855 3267/2906/2856 3269/2907/2857
f 665/616/596 661/2754/2704 660/615/594
f 998/880/856 999/2908/2858 997/881/857
f 4169/2899/2850 4173/2909/2859 4170/2910/2860
f 4173/2909/2859 4172/2911/2861 4170/2910/2860
f 2430/1863/1829 2431/2912/2862 2429/2913/2863
f 4189/2015/1979 4193/2914/2864 4192/2915/2865
f 5315/2916/2866 5316/2177/2139 5314/2917/2867
f 844/754/733 841/750/729 839/2238/2197
f 4215/1516/1490 4216/1515/1489 4211/2918/2868
f 5190/2919/2869 5189/2920/2870 5184/2469/2425
f 4223/2921/2871 4227/2922/2872 4225/2923/2873
f 3224/2332/2289 3220/1459/1432 3221/2321/2278
f 4227/2922/2872 4230/2924/2874 4226/2925/2875
f 3916/1104/1081 3914/1103/1080 3912/2731/2681
f 4232/2926/2876 4231/2927/2877 4228/2928/2878
f 4236/2929/2879 4241/2930/2880 4240/2931/2881
f 4238/2932/2882 4237/2933/2883 4239/2785/2884
f 4245/2934/2885 4246/2935/2886 4247/2936/2887
f 1999/2937/2888 1997/2938/2889 1996/2939/2890
f 5269/2940/2891 5266/2941/2892 5267/2942/2893
f 4244/2943/2894 4242/2944/2895 4243/2945/2896
f 4251/2946/2897 4250/573/2898 4249/2947/2899
f 4627/2948/2900 4618/2864/2813 4624/2949/2901
f 3271/2950/2902 3270/2951/2903 3268/2952/2904
f 4269/2953/2905 4271/2954/2906 4268/2955/1796
f 4277/2956/2907 4276/2957/2908 4274/2958/785
f 4280/808/787 4279/2959/2909 4274/806/785
f 4277/2956/2907 4278/2960/2910 4276/2957/2908
f 4283/2961/2911 4278/2960/2910 4277/2956/2907
f 2561/1939/1902 2559/573/1901 2558/2962/2912
f 4286/2963/2913 4288/2964/2914 4283/2961/2911
f 4296/570/549 4297/975/2915 4298/2965/2916
f 4309/2966/2917 4310/2967/2918 4311/2968/2919
f 4307/2969/2920 4308/2970/2921 4306/2971/2922
f 3310/2972/2923 3304/2973/2924 3303/2974/2925
f 1816/2975/2926 1813/2976/2927 1818/2977/2928
f 3155/2289/2250 3154/2978/2929 3153/2292/2253
f 4340/2979/2930 4345/2980/2931 4344/2981/2932
f 4342/2982/2933 4341/2983/2934 4343/2984/2935
f 979/2985/2936 978/2986/2937 976/2987/2938
f 4348/2988/2939 4346/2989/2940 4347/2990/2941
f 4355/2991/2942 4354/2992/2943 4353/2993/2944
f 1464/1224/1203 1463/1935/1897 1465/1223/1202
f 1146/986/962 1149/2994/2945 1145/987/963
f 4368/2553/891 4367/2555/2507 4365/2995/2946
f 845/1176/1154 844/754/733 842/2499/2451
f 4369/2996/2947 4366/917/893 4364/2997/2948
f 2956/1608/1579 2955/2165/2129 2952/1609/1580
f 4378/2998/2949 4380/2900/2851 4377/2902/2852
f 4381/2600/2553 4384/2999/2950 4379/3000/2951
f 4388/3001/2952 4390/3002/2953 4386/2598/2551
f 4392/3003/2954 4391/3004/2955 4396/3005/2956
f 4392/3003/2954 4396/3005/2956 4395/3006/2957
f 4393/3007/2958 4392/3003/2954 4395/3006/2957
f 4393/3007/2958 4395/3006/2957 4394/3008/2959
f 4400/3009/2960 4401/3010/2961 4402/1053/2962
f 4128/2871/2820 4126/3011/2963 4131/2879/2828
f 4399/576/2964 4403/3012/2965 4397/3013/2966
f 4398/3014/2967 4399/576/2964 4397/3013/2966
f 4409/3015/2968 4408/3016/2969 4410/3017/2970
f 4420/3018/2971 4419/3019/2972 4417/3020/2973
f 1879/3021/2974 1877/1485/1460 1874/2362/2320
f 1780/3022/2975 1781/1415/1391 1778/3023/2976
f 3526/3024/2435 3523/1802/1769 3527/3025/2977
f 4423/3026/2978 4425/673/652 4422/675/654
f 4424/3027/2979 4427/3028/2980 4423/3026/2978
f 4569/3029/2981 4566/3030/2982 4570/1350/1327
f 4431/2172/2983 4430/3031/2984 4424/3032/2979
f 4434/3033/2985 4439/3034/2986 4432/3035/2987
f 5096/3036/2988 5097/3037/2989 5101/3038/2990
f 4442/3039/2991 4439/3040/2986 4434/3041/2985
f 4446/2347/2304 4450/3042/2992 4449/3043/2993
f 935/3044/2994 936/3045/2995 934/3046/2996
f 871/772/752 868/3047/2997 867/771/750
f 4458/3048/2998 4457/3049/2999 4456/3050/3000
f 512/3051/3001 509/3052/3002 510/3053/3003
f 4464/3054/3004 4465/3055/3005 4466/3056/3006
f 2459/2573/2525 2460/3057/3007 2461/3058/3008
f 4462/3059/3009 4463/3060/3010 4461/3061/3011
f 4941/3062/3012 4937/3063/3013 4934/3064/3014
f 4471/3065/3015 4473/3066/3016 4468/3067/3017
f 1099/3068/3018 1098/3069/3019 1101/3070/3020
f 2947/2326/2283 2946/2150/2115 2943/2327/2284
f 4889/3071/3021 4886/3072/3022 4884/3073/3023
f 4476/1062/1039 4472/1064/1041 4474/3074/3024
f 4477/3075/3025 4476/1062/1039 4475/3076/3026
f 4489/3077/3027 4484/3078/3028 4481/3079/3029
f 4489/3077/3027 4488/3080/3030 4487/3081/3031
f 4491/3082/3032 4490/3083/3033 4489/3077/3027
f 4493/1413/1389 4498/1750/3034 4497/3084/3035
f 4495/3085/3036 4494/1412/1388 4496/1414/1390
f 4502/530/3037 4503/3086/3038 4504/3087/3039
f 2353/3088/3040 2352/3089/3041 2355/3090/3042
f 3108/3091/3043 3105/2271/2231 3106/2270/2230
f 4507/2709/3044 4506/3092/3045 4505/3093/3046
f 4509/3094/3047 4508/3095/3048 4510/3096/3049
f 4517/637/617 4520/636/616 4519/3097/3050
f 4520/636/616 4518/3098/3051 4519/3097/3050
f 2857/2090/2056 2852/2532/2485 2853/3099/3052
f 1772/1410/1386 1771/605/584 1770/607/586
f 3151/2290/2251 3153/2292/2253 3148/3100/3053
f 4539/1840/1806 4536/3101/3054 4533/3102/3055
f 4537/3103/3056 4535/3104/3057 4531/3105/3058
f 1882/1493/1468 1884/1494/1463 1881/3106/1465
f 1486/3107/3059 1485/1232/1211 1487/3108/3060
f 4538/3109/3061 4543/1838/1804 4539/1840/1806
f 5248/960/936 5245/961/937 5246/3110/3062
f 4544/3111/3063 4548/3112/3064 4547/3113/3065
f 4551/2145/2110 4552/3114/3066 4553/2146/2111
f 1606/952/928 1607/2276/3067 1608/3115/3068
f 3243/3116/3069 3242/3117/3070 3244/3118/3071
f 4563/3119/3072 4564/3120/3073 4565/3121/3074
f 709/648/628 707/645/625 708/647/627
f 4561/3122/3075 4562/3123/3076 4560/3124/3077
f 4571/3125/3078 4566/3030/2982 4567/3126/3079
f 4569/3029/2981 4572/3127/3080 4568/3128/3081
f 4576/3129/3082 4566/3030/2982 4571/3125/3078
f 4572/3127/3080 4576/3129/3082 4571/3125/3078
f 4577/3130/3083 4574/1348/1325 4576/3129/3082
f 4580/3131/3084 4577/3130/3083 4575/3132/3085
f 4579/3133/3086 4580/3134/3084 4575/3135/3085
f 1528/830/809 1527/829/808 1526/3136/3087
f 4591/3137/3088 4590/3138/3089 4586/3139/3090
f 3097/1660/1630 3098/2063/2029 3099/2266/2226
f 4589/3140/3091 4593/3141/3092 4591/3137/3088
f 5043/3142/3093 5040/3143/3094 5041/3144/3095
f 3242/3117/3070 3241/3145/3096 3240/3146/3097
f 4813/3147/3098 4810/3148/3099 4811/3149/3100
f 4608/963/939 4607/3150/3101 4606/3151/3102
f 2928/3152/3103 2927/2141/2106 2925/2143/2108
f 3127/2279/2240 3125/573/2239 3124/3153/3104
f 4625/3154/3105 4626/3155/3106 4622/3156/3107
f 1451/1673/1643 1452/3157/3108 1453/3158/3109
f 4632/2625/2577 4633/3159/3110 4631/3160/3111
f 2601/1947/1910 2602/1669/1639 2606/1951/1914
f 4001/3161/3112 4002/3162/3113 4003/3163/3114
f 4640/3164/3115 4639/3165/3116 4637/2627/2579
f 4641/2351/2309 4642/3166/3117 4633/3159/3110
f 4643/3167/3118 4639/3165/3116 4640/3164/3115
f 2152/3168/3119 2150/3169/3120 2149/1995/1959
f 4644/3170/3121 4643/3167/3118 4640/3164/3115
f 4649/3171/3122 4648/2224/2183 4650/2225/2185
f 3546/3172/3123 3545/3173/3124 3543/3174/3125
f 4105/3175/3126 4106/2275/2235 4104/3176/3127
f 2264/1758/1727 2267/2885/2834 2266/1757/1725
f 4660/3177/3128 4659/739/718 4661/3178/3129
f 4663/3179/3130 4664/1970/1935 4662/1972/1937
f 2402/3180/3131 2401/3181/3132 2405/3182/3133
f 4487/3183/3031 4486/3184/3134 4483/3185/3135
f 4673/3186/1049 4675/2869/2818 4671/2870/2819
f 4679/3187/3136 4678/3188/3137 4674/1073/1050
f 4685/3189/3138 4684/2686/2637 4682/2685/2636
f 4684/2686/2637 4688/3190/3139 4683/3191/3140
f 5357/2422/2380 5353/2246/2203 5352/3192/3141
f 4703/3193/3142 4704/3194/3143 4705/3195/3144
f 2311/1786/1753 2308/3196/3145 2309/1784/1751
f 4702/3197/3146 4700/3198/3147 4701/3199/3148
f 4504/3087/3039 4501/3200/3149 4502/530/3037
f 3081/3201/3150 3079/3202/3151 3080/3203/3152
f 4724/3204/3153 4722/3205/1832 4719/3206/1831
f 4725/3207/3154 4728/3208/3155 4723/3209/3156
f 4728/3208/3155 4729/3210/3157 4726/3211/3158
f 1305/1097/1074 1303/1965/1930 1301/1098/1075
f 4735/1152/1129 4731/1154/1131 4732/3212/3159
f 1756/3213/3160 1757/3214/3161 1758/2373/2330
f 5334/3215/3162 5332/3216/3163 5330/3217/3164
f 4736/3218/1130 4738/3219/3165 4733/3220/3166
f 1372/1150/1127 1373/3221/1126 1377/1155/1132
f 3209/1090/1067 3207/1092/1069 3203/3222/3167
f 4741/2105/2070 4739/1574/1545 4735/1152/1129
f 733/671/650 734/622/3168 737/3223/3169
f 4744/3224/3170 4748/3225/3171 4747/3226/3172
f 5464/3227/3173 5465/3228/3174 5467/3229/3175
f 4751/723/701 4752/3230/3176 4753/724/702
f 4756/3231/3177 4755/3232/3178 4754/3233/3179
f 4758/3234/3180 4757/3235/3181 4759/1752/3182
f 1190/3236/3183 1191/3237/3184 1192/3238/3185
f 4770/2886/2836 4769/3239/3186 4767/3240/3187
f 2207/1638/3188 2206/3241/3189 2210/3242/3190
f 4773/3243/3191 4777/3244/3192 4772/3245/3193
f 4779/3246/3194 4781/3247/3195 4778/3248/3196
f 993/879/855 996/3249/3197 994/3250/3198
f 4782/788/767 4785/562/541 4783/789/768
f 4785/562/541 4786/1445/1420 4783/789/768
f 4788/3251/3199 4784/3252/3200 4786/1445/1420
f 2123/3253/3201 2124/3254/3202 2125/1159/1136
f 4788/3251/3199 4789/563/542 4784/3252/3200
f 4790/1570/1541 4791/3255/3203 4786/1445/1420
f 2248/1650/1620 2252/1749/1717 2251/1651/1621
f 4710/3256/3204 4709/3257/3205 4706/3258/3206
f 4806/3259/3207 4805/573/3208 4804/3260/3209
f 1070/3261/3210 1069/3262/3211 1072/3263/3212
f 4809/3264/3213 4810/3148/3099 4813/3147/3098
f 4820/3265/3214 4824/1778/1745 4819/3266/3215
f 4334/3267/3216 4335/3268/3217 4331/3269/3218
f 4827/3270/3219 4823/3271/3220 4821/3272/1746
f 3973/1678/1648 3972/1504/1479 3970/1679/1649
f 4836/3273/3221 4834/2188/2149 4831/3274/3222
f 621/3275/3223 620/3276/3224 619/3277/3225
f 4834/2188/2149 4837/3278/3226 4833/3279/3227
f 2174/3280/3228 2175/3281/3229 2177/3282/3230
f 4849/3283/3231 4850/3284/3232 4851/3285/3233
f 3845/2676/2627 3848/2677/2629 3847/2675/2625
f 1126/977/953 1127/974/950 1124/978/954
f 936/3045/2995 937/3286/3234 938/3287/3235
f 4858/3288/3236 4859/2780/2728 4857/672/3237
f 4869/3289/1055 4863/3290/3238 4866/3291/1056
f 649/612/591 650/614/593 646/3292/3239
f 4874/3293/3240 4875/3294/3241 4869/1078/1055
f 1385/3295/3242 1386/3296/3243 1387/3297/3244
f 4873/3298/3245 4872/1741/1710 4871/1740/1709
f 4877/3299/3246 4875/3294/3241 4874/3293/3240
f 4884/3073/3023 4886/3072/3022 4882/3300/3247
f 4885/3301/3248 4884/3073/3023 4881/3302/3249
f 5454/2201/2160 5453/2200/2159 5456/3303/3250
f 4890/3304/3251 4891/3305/3252 4888/3306/3253
f 3153/3307/2253 3154/3308/2929 3156/3309/3254
f 2403/3310/3255 2402/3180/3131 2404/3311/3256
f 4901/3312/3257 4902/3313/3258 4903/3314/3259
f 5418/3315/3260 5416/1214/1193 5417/3316/3261
f 4900/3317/3262 4898/3318/3263 4899/3319/3264
f 4906/3320/3265 4905/3321/3266 4904/3322/3267
f 4051/3323/3268 4050/2818/2765 4052/3324/3269
f 4908/3325/3270 4907/3326/3271 4909/3327/3272
f 2212/3328/3273 2213/1711/1681 2211/3329/3274
f 4923/3330/3275 4921/3331/982 4920/3332/3276
f 4924/3333/3277 4927/3334/3278 4921/1007/982
f 4926/3335/3279 4928/3336/3280 4922/3337/3281
f 4927/3334/3278 4930/3338/3282 4926/3335/3279
f 2894/2120/2085 2897/1835/1801 2898/2123/2088
f 4933/3339/3283 4935/3340/3284 4932/3341/3285
f 4935/3342/3284 4934/3064/3014 4932/3343/3285
f 4936/2004/1968 4939/3344/3286 4935/3340/3284
f 3444/3345/3287 3447/3346/3288 3446/3347/3289
f 2856/2088/2054 2861/2104/2069 2858/2089/2055
f 4942/3348/3290 4944/3349/3291 4940/2003/1967
f 5031/2705/2654 5033/3350/2474 5028/3351/3292
f 4969/3352/3293 4970/3090/3294 4971/3353/3295
f 4967/3354/3296 4968/3355/3297 4966/3356/3298
f 4973/3357/3299 4977/3358/3300 4972/3359/3301
f 1355/3360/3302 1354/1173/1151 1353/1175/1153
f 4424/3027/2979 4423/3026/2978 4420/3361/2971
f 4980/3362/3303 4975/3363/3304 4978/3364/3305
f 4980/3365/3303 4978/3366/3305 4977/3358/3300
f 4986/3367/3306 4983/3368/3307 4982/3369/3308
f 4991/3370/3309 4989/3371/3310 4987/2159/3311
f 4996/3372/3312 4999/3373/3313 4995/3374/3314
f 4999/3373/3313 4997/3375/3315 4995/3374/3314
f 4403/3012/2965 4399/576/2964 4400/3009/2960
f 4030/3376/3316 4027/1991/1955 4031/3377/3317
f 5001/3378/3318 5006/3379/3319 5005/3380/3320
f 2568/3381/3321 2565/3382/3322 2566/3383/3323
f 5003/3384/3324 5002/3385/3325 5004/3386/3326
f 5010/3387/3327 5011/3388/3328 5012/3389/3329
f 966/852/828 965/3390/3330 968/853/829
f 5009/3391/3331 5007/3392/3332 5008/3393/3333
f 5020/3394/3334 5021/1054/1030 5019/672/3335
f 4066/3395/3336 4067/3396/3337 4064/2835/2783
f 5026/3397/3338 5033/2521/2474 5029/3398/3339
f 5031/2705/2654 5028/3351/3292 5027/3399/3340
f 4370/1067/1044 4366/917/893 4369/2996/2947
f 5034/2704/2653 5033/3350/2474 5031/2705/2654
f 3511/2465/2421 3515/3400/3341 3512/2466/2422
f 5033/2521/2474 5035/2703/2652 5032/3401/3342
f 5035/2703/2652 5031/2705/2654 5032/3401/3342
f 1016/895/871 1012/3402/865 1011/896/872
f 2860/2097/2062 2858/2089/2055 2861/2104/2069
f 1583/556/535 1585/3403/3343 1580/1305/1282
f 5047/3404/3344 5044/3405/3345 5043/3142/3093
f 4471/3065/3015 4469/3406/3346 4467/3407/3347
f 1150/989/965 1151/1000/975 1147/990/966
f 5049/3408/3348 5046/3409/3349 5045/3410/3350
f 5050/3411/3351 5048/3412/3352 5047/3404/3344
f 5053/3413/3353 5051/3414/3354 5049/3408/3348
f 3389/3415/3355 3390/2694/2643 3388/3416/3356
f 5067/3417/3357 5066/3418/3358 5065/3419/3359
f 5069/3420/3360 5068/3421/3361 5070/3422/3362
f 3682/3423/3363 3681/2510/2463 3683/3424/3364
f 5083/3425/3365 5082/3426/3366 5078/1329/1305
f 5085/3427/3367 5082/3426/3366 5083/3425/3365
f 1751/3428/3368 1755/3429/3369 1754/3430/3370
f 5096/3036/2988 5094/3431/3371 5093/3432/3372
f 5097/3037/2989 5093/3432/3372 5092/3433/3373
f 5100/3434/3374 5098/3435/3375 5095/3436/3376
f 1067/3437/3377 1063/925/901 1064/2048/2015
f 5104/3438/3378 5101/3038/2990 5097/3037/2989
f 5106/1217/1196 5112/567/3379 5111/1215/1194
f 5108/2614/2567 5110/2613/2566 5109/622/3380
f 4894/3439/3381 4893/3440/3382 4896/3441/3383
f 5127/3442/3384 5128/3443/3385 5129/3444/3386
f 5125/3445/3387 5126/3446/3388 5124/3447/3389
f 5099/3448/3390 5101/3038/2990 5102/3449/3391
f 5139/3450/3392 5134/541/520 5131/3451/3393
f 5137/1390/1366 5143/3452/3394 5139/3450/3392
f 5140/3453/3395 5142/3454/3396 5138/3455/1367
f 5284/3456/3397 5281/3457/3398 5285/3458/3399
f 2085/3459/1625 2089/3460/1624 2084/3461/3400
f 5149/3462/3401 5153/2059/2026 5156/3463/3402
f 1532/3464/3403 1528/830/809 1524/3465/3404
f 4019/3466/3405 4018/2030/1994 4017/2032/1996
f 5115/2092/2058 5116/3467/3406 5117/3468/3407
f 5149/3462/3401 5155/3469/3408 5152/3470/3409
f 5160/3471/3410 5159/573/2497 5161/2543/2496
f 3334/3472/3411 3333/3473/3412 3332/2379/2336
f 5165/898/874 5168/897/873 5164/3474/3413
f 5171/3475/3414 5170/3476/3415 5169/3477/3416
f 5177/3478/3417 5178/3479/3418 5179/3480/3419
f 5175/3481/3420 5176/3482/3421 5174/3483/3422
f 5182/3484/3423 5185/3485/3424 5181/3486/3425
f 5184/3487/2425 5189/2920/2870 5183/3488/3426
f 4440/3489/3427 4439/3034/2986 4441/3490/3428
f 3190/2619/2572 3189/3491/3429 3188/3492/3430
f 5188/3493/3431 5192/3494/3432 5187/3495/3433
f 5203/2323/2280 5200/3496/3434 5198/655/634
f 4524/1448/1423 4527/3497/3435 4521/1449/615
f 693/1874/1839 689/3498/3436 692/1872/1837
f 3501/3499/3437 3502/3500/3438 3504/3501/3439
f 5216/3502/3440 5217/3503/3441 5218/3504/3442
f 4817/3505/3443 4815/3506/3444 4819/3266/3215
f 5215/3507/3445 5213/3508/3446 5214/3509/3447
f 5221/2508/2461 5220/3510/3448 5219/3511/3449
f 2978/3512/3450 2977/3513/3451 2976/3514/3452
f 2883/2114/2079 2884/3515/3453 2885/3516/3454
f 5227/3517/3455 5228/3518/3456 5229/3519/3457
f 5225/3520/3458 5226/3521/3459 5224/3522/3460
f 5231/3523/3461 5232/3524/3462 5230/3525/3463
f 1781/1415/1391 1784/1421/1397 1779/1416/1392
f 5239/3526/3464 5237/3527/3465 5234/3528/3466
f 1396/3529/3467 1395/3530/3468 1394/969/945
f 5241/3531/3469 5238/3532/3470 5236/3533/3471
f 5243/3534/3472 5239/3526/3464 5238/3532/3470
f 5253/813/792 5252/3535/3473 5250/3536/3474
f 5267/2942/2893 5268/901/3475 5269/2940/2891
f 5266/2941/2892 5264/3537/3476 5265/3538/3477
f 5273/3539/3478 5272/3540/3479 5274/3541/3480
f 5278/3542/3481 5279/3543/3482 5280/3544/3483
f 5276/3545/3484 5277/1684/3485 5275/3546/3486
f 5284/3456/3397 5283/3547/3487 5281/3457/3398
f 5290/3548/3488 5291/3549/3489 5286/3550/3490
f 5291/3549/3489 5293/3551/3491 5288/3552/3492
f 4760/3553/3493 4761/3554/3494 4762/2101/2066
f 5302/1663/1633 5299/3555/3495 5296/3556/3496
f 5298/1664/1634 5302/1663/1633 5296/3556/3496
f 2255/3557/3497 2254/1751/1719 2256/3558/3498
f 5326/2828/2775 5327/3559/3499 5328/2826/2773
f 5335/3560/3500 5330/3217/3164 5331/3561/3501
f 5333/3562/1244 5335/3560/3500 5331/3561/3501
f 5339/1265/1149 5335/3560/3500 5333/3562/1244
f 5336/3563/3502 5334/3215/3162 5335/3560/3500
f 3411/3564/3503 3409/3565/3504 3407/3566/3505
f 5342/3567/1148 5344/3568/3506 5339/1265/1149
f 5098/3435/3375 5092/3569/3373 5095/3436/3376
f 4983/3368/3307 4980/3365/3303 4981/3570/3507
f 1740/3571/3508 1736/1393/1369 1733/1392/1368
f 2972/3572/3509 2973/2174/2136 2971/3573/3510
f 5356/2247/2204 5355/3574/3511 5354/3575/3512
f 5287/3576/3513 5284/3456/3397 5285/3458/3399
f 1680/1359/1336 1685/1358/1335 1686/3577/3514
f 5363/3578/3515 5362/3579/3516 5364/3580/3517
f 5374/3581/3518 5373/3582/3519 5372/3583/3520
f 5376/3584/3521 5375/3585/3522 5377/3586/3523
f 5386/967/943 5388/3587/3524 5385/965/941
f 5390/3588/3525 5389/3589/3526 5386/967/943
f 5389/3589/3526 5392/3590/3527 5386/967/943
f 5393/3591/3528 5394/3592/3529 5392/3590/3527
f 5394/3593/3529 5395/3594/3530 5391/3595/3531
f 5140/3453/3395 5138/3455/1367 5136/3596/3532
f 2280/1767/1733 2278/824/803 2282/1769/1736
f 5400/3597/3533 5398/3598/3534 5396/3599/3535
f 5403/3600/3536 5400/3601/3533 5396/3602/3535
f 2053/3603/3537 2050/3604/3538 2048/1625/1596
f 5399/3605/3539 5404/3606/3540 5402/3607/3541
f 5403/3600/3536 5406/3608/3542 5400/3601/3533
f 5406/3609/3542 5404/3606/3540 5400/3610/3533
f 5408/3611/3543 5407/3612/3544 5403/3600/3536
f 2673/3613/3545 2670/3614/3546 2671/3615/3547
f 5421/2811/2758 5420/3616/3548 5419/3617/3549
f 2775/3618/3550 2772/3619/3551 2773/3620/3552
f 1494/3621/3553 1492/1783/1750 1493/3622/3554
f 5432/3623/3555 5433/3624/3556 5429/3625/3557
f 5431/3626/3558 5434/3627/3559 5430/3628/3560
f 4472/1064/1041 4470/3629/3561 4474/3074/3024
f 5435/3630/3562 5432/3623/3555 5434/3627/3559
f 648/3631/3563 650/614/593 651/3632/3564
f 5447/3633/3565 5450/2199/2158 5444/3634/3566
f 5452/3635/3567 5449/3636/3568 5451/3637/3569
f 545/565/544 546/564/543 547/3638/3570
f 5455/3639/3571 5452/3640/3567 5451/3641/3569
f 5454/2201/2160 5455/3639/3571 5451/3641/3569
f 536/552/531 529/536/515 533/3642/3572
f 5458/3643/3573 5462/3644/3574 5461/3645/3575
f 4622/3156/3107 4620/3646/3576 4625/3154/3105
f 5465/3228/3174 5466/3647/3577 5467/3229/3175
f 874/3648/3578 875/2400/2357 873/3649/3579
f 5475/3650/3580 5476/573/1690 5474/1721/1692
f 5483/3651/2721 5486/2771/2720 5482/3652/3581
f 5486/2771/2720 5493/3653/3582 5490/3654/3583
f 5498/1268/1246 5495/3655/3584 5496/3656/3585
f 820/726/704 818/725/703 817/2790/2738
f 4723/3209/3156 4724/3204/3153 4720/3657/3586
f 5502/1267/1245 5501/3658/3587 5498/1268/1246
f 5501/3659/3587 5505/3660/3588 5500/732/711
f 1189/3661/3589 1190/3236/3183 1188/3662/3590
f 5507/3663/3591 5505/3660/3588 5504/3664/3592
f 524/3665/3593 527/548/527 531/535/514
f 526/537/516 529/536/515 525/546/525
f 527/2235/527 530/2234/2194 534/3666/526
f 528/545/524 532/544/523 530/2234/2194
f 530/2234/2194 535/554/533 534/3666/526
f 534/547/526 533/3642/3572 531/535/514
f 535/554/533 532/544/523 536/552/531
f 540/560/539 543/3667/3594 541/558/537
f 539/3668/3595 540/560/539 542/3669/3596
f 543/3667/3594 542/3670/3596 546/564/543
f 546/3671/543 542/3669/3596 548/3672/3597
f 544/559/538 548/3672/3597 542/3669/3596
f 549/3673/3598 545/565/544 547/3638/3570
f 544/559/538 551/3674/3599 548/3672/3597
f 549/3673/3598 547/3638/3570 550/3675/3600
f 548/3676/3597 552/3677/3601 546/564/543
f 548/3672/3597 551/3674/3599 552/1750/3601
f 551/3674/3599 549/3673/3598 550/3675/3600
f 582/1263/1242 579/583/562 580/582/561
f 577/3678/560 578/1262/1241 581/586/565
f 583/3679/3602 581/586/565 578/1262/1241
f 581/586/565 584/585/564 577/3678/560
f 585/2087/2053 587/584/563 581/586/565
f 586/1805/1772 580/582/561 588/588/566
f 610/595/574 608/573/573 607/3680/3603
f 588/588/566 584/587/564 590/3681/3604
f 588/588/566 590/3681/3604 591/3682/3605
f 595/3683/3606 592/3684/3607 593/3685/3608
f 593/3685/3608 594/591/569 597/590/568
f 595/3686/3606 598/589/567 594/591/569
f 593/3685/3608 599/3687/3609 595/3683/3606
f 597/590/568 598/589/567 600/3688/3610
f 597/590/568 600/3688/3610 596/3689/3611
f 596/3689/3611 600/3688/3610 601/3690/3612
f 596/3689/3611 601/3690/3612 593/3685/3608
f 602/3691/3613 598/589/567 605/593/571
f 601/3690/3612 602/3691/3613 604/3692/3614
f 599/3693/3609 603/592/570 598/589/567
f 604/3692/3614 602/3691/3613 605/593/571
f 632/3694/3615 637/3695/3616 635/608/587
f 636/609/588 638/1844/1810 633/602/581
f 638/3696/1810 637/3695/3616 634/3697/582
f 637/3695/3616 639/3698/3617 635/608/587
f 636/609/588 640/3699/3618 638/1844/1810
f 639/3698/3617 637/3695/3616 641/3700/3619
f 638/1844/1810 640/3699/3618 641/3701/3619
f 636/609/588 643/3702/3620 642/3703/3621
f 641/3701/3619 640/3699/3618 642/3703/3621
f 645/3704/3622 650/614/593 648/3631/3563
f 646/3292/3239 644/3705/3623 649/612/591
f 3117/2816/2763 3115/1744/1713 3114/1743/1712
f 650/614/593 652/613/592 651/3632/3564
f 651/3632/3564 654/3706/3624 648/3631/3563
f 647/3707/3625 654/3706/3624 653/3708/3626
f 652/613/592 649/612/591 656/3709/3627
f 651/3632/3564 652/613/592 655/3710/3628
f 655/3710/3628 652/613/592 656/3709/3627
f 653/3711/3626 656/3709/3627 649/612/591
f 653/3708/3626 657/3712/3629 659/3713/3630
f 654/3706/3624 657/3712/3629 653/3708/3626
f 657/3712/3629 651/3632/3564 655/3710/3628
f 655/3710/3628 656/3709/3627 658/3714/3631
f 657/3712/3629 655/3710/3628 658/3714/3631
f 687/3715/3632 685/3716/3633 688/3717/3634
f 686/3718/3635 689/3498/3436 685/3716/3633
f 688/3719/3634 690/3720/3636 687/3721/3632
f 690/3720/3636 691/3722/3637 686/3718/3635
f 688/3717/3634 689/3498/3436 693/1874/1839
f 689/3498/3436 686/3718/3635 692/1872/1837
f 691/3722/3637 690/3720/3636 694/3723/3638
f 694/3723/3638 690/3720/3636 695/3724/3639
f 690/3720/3636 688/3719/3634 695/3724/3639
f 694/3723/3638 698/3725/3640 692/1872/1837
f 695/3724/3639 697/3726/3641 699/3727/3642
f 697/3728/3641 696/1873/1838 698/3725/3640
f 694/3723/3638 699/3727/3642 698/3725/3640
f 701/3729/3643 704/2748/626 700/3730/618
f 700/638/618 704/646/626 703/639/619
f 706/641/621 705/2749/2698 701/3729/3643
f 703/639/619 708/647/627 707/645/625
f 706/641/621 709/648/628 705/2749/2698
f 709/648/628 710/654/632 705/2749/2698
f 709/648/628 712/3731/3644 713/653/633
f 711/2765/2714 708/647/627 714/3732/3645
f 710/652/632 714/3732/3645 708/647/627
f 710/654/632 713/653/633 714/1750/3645
f 712/3731/3644 711/2765/2714 714/3732/3645
f 738/3733/3646 743/684/663 741/1253/1232
f 739/3734/3647 742/3735/3648 743/684/663
f 744/1252/659 746/682/661 742/3735/3648
f 747/683/662 748/679/658 745/681/660
f 744/680/659 748/679/658 749/3736/3649
f 746/682/661 744/3737/659 751/3738/3650
f 749/3736/3649 748/679/658 750/2272/2232
f 753/689/668 755/617/597 756/619/599
f 752/688/667 758/618/598 754/3739/3651
f 752/688/667 759/3740/3652 757/3741/669
f 756/619/599 759/3740/3652 752/688/667
f 758/618/598 760/3742/3653 756/619/599
f 760/3742/3653 758/618/598 761/3743/3654
f 760/3742/3653 763/3744/3655 759/3740/3652
f 761/3743/3654 762/3745/3656 764/3746/3657
f 792/3747/3658 795/3748/3659 789/3749/3660
f 791/3750/3661 789/3749/3660 794/702/680
f 791/3750/3661 794/702/680 790/704/682
f 794/702/680 789/3749/3660 795/3748/3659
f 796/3751/3662 793/703/681 797/3752/3663
f 793/703/681 794/702/680 797/3752/3663
f 796/3753/3662 801/3754/3664 795/3748/3659
f 797/3752/3663 794/702/680 800/3755/3665
f 794/702/680 798/3756/3666 800/3755/3665
f 798/3756/3666 795/3748/3659 801/3754/3664
f 796/3751/3662 797/3752/3663 801/3757/3664
f 800/3755/3665 798/3756/3666 799/3758/3667
f 798/3756/3666 801/3754/3664 799/3758/3667
f 801/3757/3664 797/3752/3663 800/3755/3665
f 804/3759/3668 805/708/686 803/710/688
f 802/3760/3669 806/3761/3670 804/3759/3668
f 808/709/687 807/3762/3671 802/3760/3669
f 805/708/686 804/3759/3668 809/714/692
f 804/3759/3668 806/3761/3670 809/714/692
f 805/708/686 809/714/692 808/709/687
f 806/3763/3670 807/3762/3671 812/3764/696
f 811/716/694 812/3764/696 807/3762/3671
f 811/716/694 810/715/693 813/3765/3672
f 812/3764/696 815/3766/3673 814/3767/695
f 815/3766/3673 811/716/694 813/3765/3672
f 842/3768/2451 840/1264/1243 843/749/728
f 843/3769/728 845/1176/1154 842/2499/2451
f 4808/3770/3674 4807/3771/3675 4806/3259/3207
f 843/3769/728 847/763/742 845/1176/1154
f 841/750/729 848/755/734 846/748/727
f 846/748/727 847/3772/742 843/749/728
f 848/755/734 850/3773/3676 846/748/727
f 852/3774/740 850/3773/3676 853/759/738
f 849/760/739 851/762/741 853/759/738
f 855/764/743 854/3775/3677 857/2001/1965
f 858/3776/1963 856/766/745 859/765/744
f 855/764/743 857/2001/1965 860/2000/1964
f 855/764/743 861/3777/3678 859/765/744
f 855/764/743 860/2000/1964 861/3777/3678
f 858/1999/1963 862/767/746 863/769/748
f 859/765/744 861/3777/3678 864/3778/3679
f 861/3777/3678 860/2000/1964 863/769/748
f 859/765/744 864/3778/3679 862/3779/746
f 861/3777/3678 863/769/748 865/770/749
f 862/3779/746 864/3778/3679 866/3780/747
f 889/3781/3680 890/786/765 892/751/730
f 890/786/765 896/752/731 892/751/730
f 893/785/764 896/752/731 890/786/765
f 892/751/730 899/3782/3681 894/3783/3682
f 3953/550/529 3954/3784/3683 3955/3785/3684
f 899/3782/3681 900/753/732 901/3786/777
f 896/752/731 903/797/776 900/753/732
f 898/794/773 902/799/778 897/795/774
f 901/3786/777 900/753/732 903/797/776
f 904/3787/3685 909/803/782 905/2527/2480
f 907/802/781 905/3788/2480 910/3789/2479
f 3638/3790/3686 3639/2539/2492 3637/3791/3687
f 907/802/781 910/3789/2479 911/800/779
f 908/805/784 913/810/789 910/2526/2479
f 912/804/783 909/803/782 914/3792/3688
f 914/3792/3688 911/800/779 910/3789/2479
f 912/804/783 914/3792/3688 917/3793/3689
f 917/3793/3689 914/3792/3688 916/3794/2393
f 941/3795/3690 939/3796/2397 943/835/814
f 940/3797/3691 942/3798/3692 944/2442/2398
f 944/2442/2398 942/3798/3692 945/833/812
f 941/3795/3690 943/835/814 942/3798/3692
f 942/3798/3692 946/834/813 945/833/812
f 945/833/812 947/838/817 944/2442/2398
f 947/838/817 948/837/816 943/2440/814
f 943/835/814 951/840/818 950/832/811
f 952/1618/1589 953/3799/3693 955/1616/1587
f 954/3800/3694 957/843/821 953/3799/3693
f 956/3801/3695 958/841/819 954/3802/3694
f 957/843/821 954/3802/3694 958/841/819
f 959/1617/1588 960/842/820 962/1138/1115
f 961/844/822 959/1617/1588 964/3803/3696
f 959/1617/1588 962/1138/1115 964/3803/3696
f 963/845/823 961/844/822 964/3803/3696
f 989/3804/3697 991/878/854 988/872/848
f 989/3804/3697 992/3805/3698 991/878/854
f 987/874/850 990/873/849 994/3250/3198
f 988/872/848 993/879/855 990/873/849
f 991/878/854 992/3805/3698 997/881/857
f 997/881/857 992/3805/3698 995/882/858
f 994/3806/3198 995/882/858 992/3805/3698
f 991/878/854 997/881/857 993/879/855
f 994/3250/3198 996/3249/3197 995/3807/858
f 993/879/855 997/881/857 1000/3808/3699
f 997/881/857 999/2908/2858 1000/3808/3699
f 1002/3809/3700 1004/888/864 1001/3810/3701
f 1003/3811/3702 1005/3812/2635 1006/886/862
f 1004/888/864 1005/2684/2635 1001/3810/3701
f 1002/3809/3700 1006/886/862 1004/888/864
f 1007/887/863 1006/886/862 1010/890/866
f 1008/3813/3703 1009/1465/1438 1011/896/872
f 1009/1465/1438 1010/890/866 1013/3814/3704
f 1010/890/866 1012/889/865 1013/3814/3704
f 1009/1465/1438 1015/894/870 1011/896/872
f 1013/3814/3704 1012/889/865 1014/3815/3705
f 1012/889/865 1016/3816/871 1014/3815/3705
f 1015/894/870 1013/3814/3704 1014/3815/3705
f 1041/3817/3706 1044/3818/3707 1043/3819/3708
f 1043/3820/3708 1047/918/894 1045/919/895
f 1045/919/895 1050/828/807 1048/827/806
f 1047/3821/894 1052/826/805 1050/828/807
f 1047/3822/894 1053/922/898 1052/3823/805
f 1051/923/899 1053/922/898 1047/3822/894
f 1052/826/805 1054/924/900 1048/827/806
f 1056/927/903 1057/3824/3709 1058/2046/2013
f 1055/3825/3710 1060/3826/902 1061/2047/2014
f 1056/927/903 1060/926/902 1055/3827/3710
f 1055/3825/3710 1061/2047/2014 1057/3824/3709
f 1056/927/903 1059/3828/3711 1063/925/901
f 1058/2046/2013 1057/3824/3709 1061/2047/2014
f 1063/925/901 1059/3828/3711 1064/2048/2015
f 1064/2048/2015 1061/2047/2014 1066/3829/3712
f 1067/3437/3377 1064/2048/2015 1066/3829/3712
f 1066/3829/3712 1065/3830/907 1068/3831/3713
f 1092/3832/3714 1093/3833/3715 1097/3834/3716
f 1093/3833/3715 1095/3835/3717 1097/3834/3716
f 1094/3836/3718 1095/3835/3717 1093/3833/3715
f 1094/3836/3718 1098/3069/3019 1095/3835/3717
f 1098/3069/3019 1099/3068/3018 1097/3834/3716
f 2912/3837/3719 2909/2125/2090 2908/3838/3720
f 1099/3839/3018 1102/3840/3721 1097/3841/3716
f 1098/3069/3019 1100/3842/3722 1101/3070/3020
f 1099/3068/3018 1101/3070/3020 1103/3843/3723
f 1102/3840/3721 1105/3844/3724 1100/3842/3722
f 1101/3070/3020 1105/3844/3724 1104/3845/3725
f 1110/3846/1052 1106/3847/3726 1107/2328/2285
f 1108/3848/3727 1109/1074/1051 1107/2328/2285
f 1110/3846/1052 1107/2328/2285 1112/3849/3728
f 1111/2329/2286 1113/3850/3729 1107/2328/2285
f 1110/1075/1052 1112/3851/3728 1115/1076/1053
f 1114/3852/3730 1109/1074/1051 1115/1076/1053
f 1116/3853/3731 1115/1076/1053 1117/3854/3732
f 1112/3851/3728 1117/3854/3732 1115/1076/1053
f 1117/3854/3732 1112/3851/3728 1118/3855/3733
f 1142/988/964 1145/987/963 1141/3856/3734
f 1144/3857/3735 1141/3856/3734 1145/987/963
f 1143/3858/3736 1144/3859/3735 1147/990/966
f 1144/3859/3735 1145/991/963 1147/990/966
f 1142/988/964 1147/990/966 1148/999/974
f 1146/986/962 1142/988/964 1148/999/974
f 1149/2994/2945 1150/3860/965 1145/987/963
f 1153/3861/3737 1154/998/973 1151/1000/975
f 1150/3862/965 1152/2172/3738 1153/3861/3737
f 1156/3863/3739 1159/3864/3740 1155/3865/3741
f 1155/3866/3741 1161/973/949 1157/2736/2686
f 1162/972/948 1156/3863/3739 1158/2195/2156
f 1155/3866/3741 1160/3867/675 1161/973/949
f 1160/697/675 1155/3865/3741 1159/3864/3740
f 1162/972/948 1165/698/676 1159/3864/3740
f 1163/971/947 1165/698/676 1162/972/948
f 1160/3867/675 1164/3868/674 1161/973/949
f 1165/698/676 1163/971/947 1166/3869/3742
f 1161/973/949 1167/3870/3743 1163/971/947
f 1164/696/674 1166/3869/3742 1168/3871/3744
f 1163/971/947 1167/3870/3743 1166/3869/3742
f 1196/3872/1007 1193/3873/1009 1195/3874/3745
f 1194/1557/1530 1197/1556/1529 1195/3874/3745
f 1195/3874/3745 1197/1556/1529 1196/3872/1007
f 1196/3872/1007 1197/1556/1529 1199/1584/1555
f 1196/1032/1007 1201/3875/3746 1198/1033/1008
f 1198/1033/1008 1200/1583/1554 1197/1556/1529
f 1196/3872/1007 1199/1584/1555 1201/3876/3746
f 5452/3877/3567 5453/2200/2159 5449/3636/3568
f 1201/3875/3746 1203/3878/3747 1198/1033/1008
f 1201/3876/3746 1202/3879/3748 1203/3880/3747
f 1202/3879/3748 1204/3881/3749 1203/3880/3747
f 1208/1040/1015 1209/1038/1013 1207/1697/1667
f 1206/3882/1666 1213/3883/1012 1210/3884/3750
f 1208/1040/1015 1212/1035/1010 1209/1038/1013
f 1211/3885/3751 1210/3884/3750 1215/3886/3752
f 1214/1039/1014 1211/3885/3751 1215/3886/3752
f 1212/1035/1010 1214/1039/1014 1218/1045/1020
f 1215/3886/3752 1219/3887/3753 1216/1044/1019
f 1244/3888/3754 1247/3889/2612 1246/3890/3755
f 1247/2660/2612 1244/3891/3754 1248/1236/1216
f 1246/3890/3755 1249/1234/1214 1245/3892/3756
f 1250/1066/1043 1249/1234/1214 1246/3890/3755
f 1247/2660/2612 1248/1236/1216 1251/1235/1215
f 1255/3893/3757 1249/1234/1214 1252/1065/1042
f 3523/1802/1769 3522/2473/2428 3527/3025/2977
f 1252/1065/1042 1256/1005/980 1255/3893/3757
f 1253/1006/981 1256/1005/980 1252/1065/1042
f 1257/1750/979 1254/2659/2611 1255/3893/3757
f 1260/3894/3758 1258/3895/3759 1261/2083/2049
f 1261/3896/2049 1259/3897/3760 1264/3898/3761
f 1266/3899/2047 1264/3898/3761 1268/3900/3762
f 1267/2524/2477 1265/2082/2048 1268/3900/3762
f 1265/2082/2048 1270/3901/3763 1269/3902/3764
f 1298/3903/3765 1296/3904/3766 1299/1966/1931
f 1299/3905/1931 1302/1100/1077 1298/3906/3765
f 1301/1098/1075 1300/3907/3767 1304/1096/1073
f 1302/1100/1077 1304/1096/1073 1300/3907/3767
f 1303/1965/1930 1302/3908/1077 1299/1966/1931
f 1305/1097/1074 1307/3909/3768 1303/1965/1930
f 1305/1097/1074 1304/1096/1073 1308/3910/3769
f 1304/1096/1073 1306/1099/1076 1309/3911/3770
f 1307/3909/3768 1310/3912/3771 1302/3908/1077
f 1307/3909/3768 1308/3910/3769 1310/3912/3771
f 1313/1106/1083 1311/3913/1078 1314/3914/3772
f 1313/1106/1083 1316/629/609 1312/631/611
f 4116/2035/2000 4113/2868/2817 4117/3915/3773
f 1314/3916/3772 1311/1101/1078 1317/1145/1122
f 1315/630/610 1319/3917/3774 1317/1145/1122
f 1316/629/609 1319/3917/3774 1315/630/610
f 1318/1105/1082 1314/3914/3772 1320/3918/3775
f 1320/3919/3775 1314/3916/3772 1321/1114/1091
f 1314/3916/3772 1317/1145/1122 1321/1114/1091
f 1319/3917/3774 1318/1105/1082 1322/1115/1092
f 1318/1105/1082 1324/3920/3776 1325/3921/3777
f 1349/3922/3778 1350/1401/1377 1352/1400/1376
f 1353/3923/1153 1349/3922/3778 1352/1400/1376
f 1351/1174/1152 1349/3924/3778 1353/1175/1153
f 1351/1174/1152 1354/1173/1151 1350/1401/1377
f 1357/1141/1118 1352/1400/1376 1358/1143/1120
f 1354/1173/1151 1355/3360/3302 1360/1144/1121
f 1360/1144/1121 1358/1143/1120 1354/1173/1151
f 1359/1139/1116 1362/3925/3779 1356/1140/1117
f 1363/3926/3780 1355/3360/3302 1362/3927/3779
f 1359/1139/1116 1361/1142/1119 1362/3925/3779
f 1364/3928/3781 1368/1148/1125 1370/1147/1124
f 1364/3928/3781 1370/1147/1124 1367/3929/1128
f 1364/3930/3781 1367/1151/1128 1366/3931/3782
f 1365/3932/3783 1371/1254/1233 1369/3933/3784
f 1368/1148/1125 1369/3933/3784 1374/1146/1123
f 1367/1151/1128 1372/1150/1127 1366/3931/3782
f 1374/1146/1123 1373/3934/1126 1370/1147/1124
f 1366/3931/3782 1372/1150/1127 1371/1254/1233
f 1373/3934/1126 1374/1146/1123 1376/876/852
f 1375/877/853 1376/876/852 1374/1146/1123
f 1372/1150/1127 1377/1155/1132 1375/877/853
f 1373/3934/1126 1376/876/852 1377/3935/1132
f 1405/1169/1147 1403/3936/3785 1408/1167/1145
f 1406/3937/1146 1404/1179/1157 1405/3938/1147
f 1408/1167/1145 1403/3936/3785 1407/1178/1156
f 1404/1179/1157 1406/3937/1146 1409/1177/1155
f 1411/3939/3786 1409/1177/1155 1406/3937/1146
f 1407/1178/1156 1412/1180/1158 1410/1603/1574
f 1410/1603/1574 1412/1180/1158 1411/3940/3786
f 1409/1177/1155 1413/3941/3787 1412/1180/1158
f 1413/3941/3787 1411/3939/3786 1414/3942/3788
f 1411/3940/3786 1412/1180/1158 1414/3943/3788
f 1413/3941/3787 1415/3944/3789 1416/3945/3790
f 1419/3946/3791 1417/3947/1162 1421/3948/1161
f 1420/1188/1166 1422/1185/1163 1418/1182/1160
f 1418/1182/1160 1422/1185/1163 1421/1183/1161
f 1420/1188/1166 1421/3948/1161 1424/3949/1164
f 1422/1185/1163 1423/1187/1165 1426/1189/1167
f 1425/3950/3792 1426/1189/1167 1430/3951/3793
f 1426/1189/1167 1427/1420/1396 1428/3952/3794
f 1429/3953/3795 1425/3950/3792 1430/3951/3793
f 1428/3952/3794 1430/3951/3793 1426/1189/1167
f 1427/1420/1396 1429/3954/3795 1428/3952/3794
f 1454/3955/1186 1456/1191/1169 1459/1190/1168
f 1454/1207/1186 1459/3956/1168 1457/1208/1187
f 1455/1209/1188 1457/1208/1187 1460/1210/1189
f 1460/1210/1189 1463/1935/1897 1464/1224/1203
f 1462/1192/1170 1466/1219/1198 1465/3957/1202
f 1467/1220/1199 1469/1222/1201 1470/1218/1197
f 1464/1224/1203 1469/1222/1201 1467/1220/1199
f 1465/3957/1202 1466/1219/1198 1468/3958/1200
f 1470/1218/1197 1468/3958/1200 1466/1219/1198
f 1473/1229/1208 1471/3959/3796 1475/1228/1207
f 1474/929/905 1473/1229/1208 1476/1028/1003
f 1471/3960/3796 1477/1230/1209 1475/3961/1207
f 1472/1231/1210 1477/1230/1209 1471/3960/3796
f 1474/929/905 1478/928/904 1472/1231/1210
f 1475/1228/1207 1477/3962/1209 1479/3963/3797
f 1477/1230/1209 1480/3964/3798 1479/3965/3797
f 1477/1230/1209 1478/928/904 1480/3964/3798
f 1479/3963/3797 1482/930/906 1476/1028/1003
f 1479/3963/3797 1484/3966/3799 1482/930/906
f 1480/3964/3798 1478/928/904 1483/3967/3800
f 1478/928/904 1481/3968/3801 1483/3967/3800
f 1484/3966/3799 1479/3963/3797 1483/2172/3800
f 1482/930/906 1484/3966/3799 1481/3968/3801
f 1508/3969/3802 1506/1864/1830 1511/2798/2745
f 1509/1248/1228 1514/1247/1227 1513/2797/2744
f 1511/3970/2745 1515/1255/1234 1510/3971/3803
f 1512/1246/1226 1515/1255/1234 1514/1247/1227
f 1515/1255/1234 1511/3970/2745 1518/1137/1114
f 1514/1247/1227 1515/1255/1234 1517/1136/1113
f 1518/1137/1114 1521/3972/1236 1520/1135/1112
f 1520/1135/1112 1519/1256/1235 1517/1136/1113
f 1524/3465/3404 1522/2159/3804 1525/3973/3805
f 1523/3974/3806 1524/3465/3404 1526/3136/3087
f 1525/3975/3805 1527/829/808 1529/3976/3807
f 1530/3977/3808 1532/3464/3403 1524/3465/3404
f 1525/3975/3805 1529/3976/3807 1530/3978/3808
f 1527/829/808 1531/831/810 1529/3976/3807
f 5450/2199/2158 5448/3979/3809 5453/2200/2159
f 1532/3464/3403 1533/3980/3810 1531/831/810
f 1534/3981/3811 1530/3978/3808 1529/3976/3807
f 1531/831/810 1533/3980/3810 1535/3982/3812
f 1529/3976/3807 1535/3982/3812 1536/3983/3813
f 1533/3980/3810 1534/3984/3811 1535/3982/3812
f 1558/3985/3814 1562/1292/1270 1561/3986/3815
f 1563/3987/3816 1566/3988/3817 1558/3985/3814
f 1563/3987/3816 1565/1291/1269 1566/3988/3817
f 1560/3989/3818 1567/1296/1274 1564/1290/1268
f 1566/3990/3817 1571/1295/1273 1567/1296/1274
f 1566/3988/3817 1570/3991/3819 1571/3992/1273
f 1566/3988/3817 1569/1294/1272 1570/3991/3819
f 2979/3993/3820 2978/3512/3450 2980/3994/3821
f 1569/1294/1272 1572/3995/3822 1570/3991/3819
f 1574/2796/2743 1577/557/536 1579/1299/1276
f 1579/1299/1276 1581/1306/1283 1578/1300/1277
f 1580/1305/1282 1577/557/536 1583/556/535
f 1579/1299/1276 1582/1311/1287 1581/1306/1283
f 1582/1311/1287 1580/1305/1282 1585/3403/3343
f 3525/2478/2432 3524/2475/2429 3528/3996/3823
f 1583/556/535 1584/3997/1288 1587/3998/3824
f 1582/1311/1287 1585/3403/3343 1586/3999/3825
f 1582/1311/1287 1586/3999/3825 1584/1312/1288
f 1585/3403/3343 1583/556/535 1587/3998/3824
f 1586/3999/3825 1588/4000/3826 1584/1312/1288
f 1587/3998/3824 1584/3997/1288 1588/4001/3826
f 1611/4002/3827 1615/2372/2329 1609/4003/3828
f 1609/4003/3828 1615/2372/2329 1610/2371/2328
f 1610/2371/2328 1616/2370/2327 1613/4004/3829
f 1611/4002/3827 1617/4005/3830 1615/2372/2329
f 1614/4006/3831 1617/4007/3830 1611/4008/3827
f 1616/2370/2327 1615/2372/2329 1618/4009/3832
f 1615/2372/2329 1617/4005/3830 1618/4009/3832
f 1620/1321/1297 1619/1323/1299 1617/4007/3830
f 1620/1321/1297 1616/2370/2327 1618/4009/3832
f 1617/4007/3830 1619/1323/1299 1623/1324/1300
f 1620/1321/1297 1618/4009/3832 1622/4010/3833
f 1620/1321/1297 1622/4010/3833 1621/1322/1298
f 1627/4011/3834 1626/2525/2478 1628/1326/1302
f 1627/4011/3834 1629/4012/1301 1625/4013/3835
f 1627/4011/3834 1628/1326/1302 1630/4014/3836
f 1627/4011/3834 1630/4014/3836 1631/4015/3837
f 1628/1326/1302 1629/1325/1301 1632/4016/3838
f 1629/1325/1301 1633/4017/3839 1632/4016/3838
f 1633/4018/3839 1629/4012/1301 1631/4015/3837
f 1630/4014/3836 1628/1326/1302 1632/4016/3838
f 1630/4014/3836 1634/4019/3840 1631/4015/3837
f 1634/4019/3840 1630/4014/3836 1632/4016/3838
f 1632/4016/3838 1633/4017/3839 1635/4020/3841
f 1636/4021/3842 1637/4022/3843 1631/4015/3837
f 1632/4016/3838 1635/4020/3841 1636/4021/3842
f 1661/4023/3844 1663/2291/2252 1660/1424/1400
f 1665/4024/1329 1668/4025/3845 1662/4026/2379
f 1669/1896/1861 1663/2291/2252 1668/4025/3845
f 1663/2291/2252 1669/1896/1861 1666/1353/1330
f 1667/1351/1328 1666/1353/1330 1669/1896/1861
f 1665/4024/1329 1673/4027/1332 1668/4025/3845
f 1669/1896/1861 1672/1356/1333 1670/1357/1334
f 1669/1896/1861 1673/4027/1332 1672/1356/1333
f 1675/4028/3846 1676/4029/3847 1677/4030/3848
f 1675/4028/3846 1679/2680/2632 1674/4031/3849
f 1674/4031/3849 1679/2680/2632 1678/4032/3850
f 1678/4032/3850 1680/1359/1336 1681/4033/3851
f 1679/2680/2632 1677/4030/3848 1682/2679/2631
f 1676/4029/3847 1684/4034/3852 1677/4030/3848
f 1682/2679/2631 1677/4030/3848 1684/4034/3852
f 1680/1359/1336 1686/3577/3514 1684/4035/3852
f 1682/2679/2631 1687/4036/3853 1685/1358/1335
f 1711/742/721 1715/4037/3854 1714/743/722
f 1714/743/722 1716/1377/1353 1710/744/723
f 1714/743/722 1715/4037/3854 1718/1380/1356
f 1715/4037/3854 1720/4038/3855 1718/1380/1356
f 1717/1378/1354 1721/1381/1357 1720/4039/3855
f 1721/1381/1357 1723/4040/3856 1722/4041/3857
f 1721/1381/1357 1719/1383/1359 1723/4040/3856
f 1720/4038/3855 1722/4042/3857 1724/1382/1358
f 1723/4040/3856 1719/1383/1359 1724/1382/1358
f 1727/4043/3858 1729/1388/1364 1726/1386/1362
f 1729/1388/1364 1731/1384/1360 1726/1386/1362
f 1729/1388/1364 1727/4043/3858 1730/1394/1370
f 1728/4044/3859 1725/4045/1361 1734/4046/3860
f 1728/4044/3859 1734/4046/3860 1733/1392/1368
f 1731/1384/1360 1734/4047/3860 1725/1385/1361
f 1728/4044/3859 1733/1392/1368 1730/1394/1370
f 1732/1387/1363 1730/1394/1370 1737/1395/1371
f 1734/4047/3860 1731/1384/1360 1735/1396/1372
f 1737/1395/1371 1730/1394/1370 1736/1393/1369
f 2961/4048/3861 2960/2171/2133 2964/4049/3862
f 1737/1395/1371 1736/1393/1369 1739/4050/3863
f 1735/4051/1372 1738/4052/3864 1733/1392/1368
f 1736/1393/1369 1740/3571/3508 1739/4050/3863
f 1762/4053/3865 1763/4054/3866 1764/1408/1384
f 1762/4053/3865 1764/1408/1384 1761/1409/1385
f 1763/4054/3866 1767/4055/3867 1766/1411/1387
f 1761/4056/1385 1765/4057/670 1767/4055/3867
f 1772/1410/1386 1767/4055/3867 1768/4058/3868
f 1769/691/585 1775/4059/3869 1768/4058/3868
f 1771/605/584 1774/4060/3870 1769/606/585
f 1773/4061/3871 1774/4060/3870 1771/605/584
f 1780/3022/2975 1776/4062/1395 1782/1427/1394
f 1782/1427/1394 1785/1426/1401 1780/3022/2975
f 1779/1416/1392 1783/1422/1398 1782/1418/1394
f 1785/1426/1401 1786/4063/3872 1780/3022/2975
f 1789/4064/3873 1783/1422/1398 1787/4065/3874
f 1784/1421/1397 1786/4063/3872 1787/4065/3874
f 1786/4063/3872 1788/4066/3875 1787/4065/3874
f 1814/4067/3876 1817/1444/1419 1820/1443/1418
f 1818/2977/2928 1814/4067/3876 1820/1443/1418
f 1816/4068/2926 1821/1446/1421 1819/1442/1417
f 1818/2977/2928 1820/1443/1418 1822/1454/1428
f 1823/1447/1422 1824/4069/3877 1820/1443/1418
f 1821/1446/1421 1825/4070/1429 1823/1447/1422
f 1822/1454/1428 1826/4071/3878 1825/1455/1429
f 1827/4072/3879 1831/4073/3880 1830/4074/3881
f 1828/4075/3882 1831/4073/3880 1827/4072/3879
f 1829/4076/3883 1830/4074/3881 1833/4077/3884
f 1832/4078/3885 1829/4079/3883 1833/4080/3884
f 1831/4073/3880 1832/4078/3885 1834/1462/1435
f 1835/4081/3886 1837/4082/3887 1830/4074/3881
f 1834/1462/1435 1832/4078/3885 1836/1460/1433
f 1833/4080/3884 1836/1460/1433 1832/4078/3885
f 1835/4081/3886 1834/1462/1435 1838/1461/1434
f 1837/4082/3887 1835/4081/3886 1840/1464/1437
f 1835/4081/3886 1838/1461/1434 1840/1464/1437
f 1839/4083/3888 1837/4082/3887 1840/1464/1437
f 1866/4084/3889 1868/1478/1454 1865/1480/1456
f 1867/1483/1458 1865/4085/1456 1869/1481/1455
f 1868/1478/1454 1870/1482/1457 1871/2361/2319
f 1869/1479/1455 1868/1478/1454 1871/2361/2319
f 1869/1479/1455 1871/2361/2319 1873/1487/1462
f 1874/2362/2320 1870/1482/1457 1876/1649/1619
f 1873/1487/1462 1875/1486/1461 1869/1479/1455
f 1873/1487/1462 1874/2362/2320 1877/1485/1460
f 1872/1484/1459 1869/1481/1455 1875/1647/1461
f 1872/1484/1459 1875/1647/1461 1876/1649/1619
f 1877/1485/1460 1878/4086/3890 1875/1486/1461
f 1877/1485/1460 1879/3021/2974 1878/4086/3890
f 1883/1489/1464 1884/1488/1463 1886/2799/2746
f 1885/1491/1466 1886/2799/2746 1888/747/726
f 1888/747/726 1890/4087/3891 1885/1491/1466
f 1888/747/726 1891/746/725 1890/4087/3891
f 1889/4088/724 1887/1492/1467 1892/4089/3892
f 1890/4087/3891 1891/746/725 1893/4090/3893
f 1891/746/725 1894/4091/3894 1893/4090/3893
f 1889/745/724 1892/4092/3892 1894/4091/3894
f 1922/1509/1484 1925/1508/1483 1921/4093/3895
f 1922/4094/1484 1924/1512/1486 1926/1511/1482
f 1921/4093/3895 1925/1508/1483 1923/1514/1488
f 1920/4095/3896 1923/1514/1488 1924/1512/1486
f 1929/1513/1487 1928/4096/3897 1923/1514/1488
f 1927/1510/1485 1930/4097/1496 1926/4098/1482
f 1926/1511/1482 1929/1513/1487 1925/1508/1483
f 1928/4096/3897 1929/1513/1487 1933/4099/3898
f 1931/1521/1495 1933/4099/3898 1929/1513/1487
f 1930/4097/1496 1932/4100/3899 1931/4101/1495
f 1939/1525/1499 1934/4102/3900 1935/4103/3901
f 1936/4104/3902 1938/1529/1502 1937/1527/1501
f 1939/4105/1499 1943/1528/1498 1938/1529/1502
f 1941/1523/1497 1935/4103/3901 1940/1526/1500
f 1937/1527/1501 1938/1529/1502 1942/707/685
f 1940/1526/1500 1942/707/685 1945/706/684
f 1944/705/683 1943/1528/1498 1946/4106/3903
f 1948/4107/3904 1947/4108/3905 1945/706/684
f 1976/1560/1526 1974/4109/3906 1977/1551/1524
f 1976/1560/1526 1977/1551/1524 1979/1558/1531
f 1978/1550/1523 1973/1555/1528 1980/1554/1527
f 1977/1551/1524 1978/1550/1523 1981/1569/1540
f 1978/1550/1523 1980/1554/1527 1983/4110/3907
f 1978/1550/1523 1983/4110/3907 1981/1569/1540
f 1982/1559/1532 1980/1567/1527 1976/1560/1526
f 1981/1569/1540 1984/1566/1538 1979/1558/1531
f 2614/1961/1925 2612/1960/1924 2611/1030/1005
f 1980/1554/1527 1986/4111/3908 1985/4112/3909
f 1984/1566/1538 1986/4113/3908 1980/1567/1527
f 1985/4112/3909 1987/1568/1539 1981/1569/1540
f 1984/1566/1538 1987/1568/1539 1986/4113/3908
f 1988/4114/3910 1992/4115/1543 1991/4116/3911
f 1991/4116/3911 1993/4117/3912 1990/4118/3913
f 1993/4117/3912 1991/4116/3911 1996/2939/2890
f 1992/4115/1543 1996/2939/2890 1991/4116/3911
f 1992/1572/1543 1995/1577/1548 1996/2939/2890
f 1994/1571/1542 1998/1575/1546 1995/1577/1548
f 1996/2939/2890 1995/4119/1548 2002/4120/3914
f 2234/1733/1704 2233/4121/2716 2232/4122/3915
f 2002/4120/3914 1995/4119/1548 2000/2172/1547
f 2026/4123/3916 2027/4124/3917 2031/1314/1290
f 2028/1602/1573 2030/1601/1572 2027/4124/3917
f 2031/1314/1290 2027/4124/3917 2029/1315/1291
f 2029/1315/1291 2027/4124/3917 2030/1601/1572
f 2026/4125/3916 2032/1600/1571 2028/1602/1573
f 2026/4123/3916 2031/1314/1290 2033/4126/1582
f 2030/1601/1572 2035/1607/1578 2029/1315/1291
f 2029/1315/1291 2036/4127/3918 2034/1313/1289
f 2034/1313/1289 2036/4127/3918 2033/4126/1582
f 2036/4127/3918 2038/4128/3919 2033/4126/1582
f 2037/1615/1586 2039/4129/3920 2036/4127/3918
f 2038/4130/3919 2037/1615/1586 2033/1611/1582
f 2042/1624/1595 2043/4131/3921 2041/1621/1592
f 2040/4132/3922 2044/4133/1593 2042/4134/1595
f 2045/1623/1594 2047/1619/1590 2043/4131/3921
f 2048/1625/1596 2050/3604/3538 2047/1619/1590
f 2050/3604/3538 2052/4135/3923 2047/1619/1590
f 2049/4136/1600 2052/4135/3923 2051/4137/1601
f 2077/4138/3924 2078/4139/3925 2080/4140/3926
f 2079/4141/3927 2076/4142/3928 2082/4143/3929
f 2080/4140/3926 2082/4143/3929 2076/4142/3928
f 2080/4140/3926 2081/4144/3930 2083/4145/3931
f 2079/4141/3927 2082/4143/3929 2084/3461/3400
f 2087/4146/3932 2081/4144/3930 2084/3461/3400
f 2081/4144/3930 2087/4146/3932 2083/4145/3931
f 2084/3461/3400 2086/4147/3933 2085/1655/1625
f 2084/3461/3400 2089/3460/1624 2087/4146/3932
f 2089/3460/1624 2090/4148/3934 2087/4146/3932
f 2091/4149/2584 2097/4150/3935 2095/4151/1626
f 2092/4152/3936 2097/4150/3935 2091/4149/2584
f 2096/678/657 2093/2631/2583 2095/1656/1626
f 2098/4153/3937 2100/1659/1629 2097/4150/3935
f 2095/4151/1626 2100/1659/1629 2099/4154/655
f 2097/4150/3935 2100/1659/1629 2095/4151/1626
f 2100/1659/1629 2098/4153/3937 2101/4155/3938
f 2099/4154/655 2100/1659/1629 2104/1658/1628
f 2100/1659/1629 2101/4155/3938 2105/1657/1627
f 2102/677/656 2099/676/655 2103/4156/3939
f 2103/4156/3939 2099/676/655 2104/2172/1628
f 2128/4157/3940 2129/4158/3941 2132/993/968
f 2129/4158/3941 2131/994/969 2132/993/968
f 2132/4159/968 2134/1668/1638 2128/4160/3940
f 2130/4161/3942 2133/1665/1635 2131/994/969
f 2128/4160/3940 2134/1668/1638 2130/4161/3942
f 2132/993/968 2136/992/967 2135/4162/3943
f 2135/4162/3943 2136/992/967 2140/4163/3944
f 2134/1668/1638 2137/1667/1637 2133/1665/1635
f 2136/992/967 2137/1667/1637 2140/4163/3944
f 2134/1668/1638 2135/4164/3943 2138/1666/1636
f 2140/4163/3944 2137/1667/1637 2141/4165/3945
f 2137/1667/1637 2138/1666/1636 2142/4166/3946
f 2140/4163/3944 2141/4165/3945 2139/4167/3947
f 2143/1677/1647 2146/1996/1960 2145/1675/1645
f 2146/1996/1960 2144/4168/3948 2147/1994/1958
f 2144/4169/3948 2143/1677/1647 2147/4170/1958
f 2147/4170/1958 2143/1677/1647 2148/1676/1646
f 2145/1675/1645 2146/1996/1960 2149/1995/1959
f 2145/1675/1645 2150/3169/3120 2148/1676/1646
f 2148/1676/1646 2150/3169/3120 2151/4171/3949
f 2154/4172/3950 2148/1676/1646 2151/4171/3949
f 2150/3169/3120 2153/4173/3951 2151/4171/3949
f 2154/4174/3950 2155/4175/3952 2152/3168/3119
f 2151/4171/3949 2153/4173/3951 2157/4176/3953
f 2153/4173/3951 2152/3168/3119 2156/4177/3954
f 2151/4171/3949 2157/4176/3953 2155/4178/3952
f 2153/4173/3951 2156/4177/3954 2157/4176/3953
f 2178/4179/1659 2179/4180/3955 2181/4181/3956
f 2179/4180/3955 2182/4182/3957 2181/4181/3956
f 2180/2579/2531 2185/2578/2530 2182/4182/3957
f 2178/1689/1659 2183/1688/1658 2185/2578/2530
f 2181/4181/3956 2184/4183/1657 2178/4179/1659
f 2185/2578/2530 2187/1695/1665 2182/4182/3957
f 2183/1688/1658 2188/4184/3958 2185/2578/2530
f 2184/4183/1657 2187/1695/1665 2186/4185/3959
f 2186/4185/3959 2191/1694/1664 2189/4186/3960
f 2188/4184/3958 2190/1693/1663 2187/1695/1665
f 2194/4187/3961 2192/4188/868 2197/4189/867
f 2194/4187/3961 2197/4189/867 2196/4190/3962
f 2195/1702/1672 2194/4187/3961 2196/4190/3962
f 2197/891/867 2198/1701/1671 2200/4191/3963
f 2195/1702/1672 2201/1704/1674 2198/1701/1671
f 2197/4189/867 2200/4192/3963 2196/4190/3962
f 2201/1704/1674 2199/1703/1673 2202/4193/3964
f 2200/4192/3963 2204/4194/3965 2203/4195/3966
f 2202/4193/3964 2203/4196/3966 2205/4197/3967
f 2229/2766/2715 2232/4122/3915 2233/4121/2716
f 2636/2154/2119 2634/4198/3968 2639/2155/2120
f 2348/1812/1779 2351/4199/1783 2345/4200/1774
f 2233/2767/2716 2236/1722/1693 2231/1724/1695
f 2235/1731/1702 2236/1722/1693 2238/4201/3969
f 2235/1731/1702 2238/4201/3969 2237/1732/1703
f 2240/1596/1567 2244/4202/3970 2243/1594/1565
f 2240/1596/1567 2241/4203/3971 2244/4202/3970
f 2241/4203/3971 2246/1748/1716 2244/4202/3970
f 2241/4203/3971 2245/1735/1705 2246/1748/1716
f 2244/4202/3970 2248/1650/1620 2247/1652/1622
f 2246/1748/1716 2248/1650/1620 2244/4202/3970
f 2246/1748/1716 2249/1746/1715 2250/4204/3972
f 2252/1749/1717 2246/1748/1716 2250/4204/3972
f 2250/4204/3972 2253/4205/1718 2252/1749/1717
f 2275/1768/1735 2276/825/804 2278/824/803
f 2277/1765/1734 2279/823/802 2276/825/804
f 4769/3239/3186 4768/4206/3973 4766/4207/3974
f 2277/1765/1734 2280/1764/1733 2281/2331/2288
f 5234/3528/3466 5232/3524/3462 5231/3523/3461
f 2280/1767/1733 2282/1769/1736 2285/4208/1737
f 2282/1769/1736 2283/2621/2574 2285/4208/1737
f 2283/2621/2574 2286/4209/3975 2285/4208/1737
f 2284/2330/2287 2286/4209/3975 2283/2621/2574
f 2284/2330/2287 2287/1771/1738 2286/4209/3975
f 2290/4210/3976 2291/4211/3977 2289/1772/1739
f 2289/1772/1739 2291/4211/3977 2293/4212/3978
f 2293/4212/3978 2291/4211/3977 2295/4213/3979
f 2293/4212/3978 2297/1777/1744 2289/1772/1739
f 2292/1773/1740 2297/1777/1744 2294/4214/3980
f 2292/4215/1740 2296/4216/3981 2291/4211/3977
f 2295/4213/3979 2291/4211/3977 2296/4216/3981
f 2292/1773/1740 2294/4214/3980 2296/4217/3981
f 2298/4218/3982 2295/4213/3979 2299/4219/3983
f 2294/4214/3980 2297/1777/1744 2300/4220/3984
f 2298/4218/3982 2300/4220/3984 2297/1777/1744
f 2328/1309/1285 2327/4221/1766 2322/4222/3985
f 2328/1309/1285 2323/2808/2755 2326/1310/1286
f 2326/1310/1286 2325/2809/2756 2329/4223/3986
f 2327/1799/1766 2331/1801/1768 2329/4223/3986
f 2330/1308/1284 2326/1310/1286 2329/4223/3986
f 2328/1309/1285 2330/1308/1284 2327/4221/1766
f 2330/1308/1284 2332/4224/1767 2327/4221/1766
f 2330/1308/1284 2331/1801/1768 2333/4225/3987
f 3306/2367/1697 3308/2366/2324 3303/2974/2925
f 2337/2776/2724 2339/1808/1775 2341/4226/3988
f 2338/4227/3989 2339/1808/1775 2337/2776/2724
f 2342/1806/1773 2338/4227/3989 2340/4228/3990
f 2337/2776/2724 2343/1810/1777 2340/4229/3990
f 2339/1808/1775 2345/1807/1774 2344/1811/1778
f 2345/1807/1774 2346/1815/1781 2344/1811/1778
f 2347/1809/1776 2344/1811/1778 2346/1815/1781
f 2347/1809/1776 2348/1812/1779 2343/1810/1777
f 2347/1809/1776 2349/1816/1782 2348/1812/1779
f 2347/1809/1776 2346/1815/1781 2350/1814/1780
f 2350/1814/1780 2349/1816/1782 2347/1809/1776
f 2372/4230/3991 2373/959/935 2375/4231/3992
f 2375/4231/3992 2373/959/935 2377/958/934
f 2372/4232/3991 2376/1828/1794 2374/1827/1793
f 2372/4230/3991 2375/4231/3992 2380/1834/1800
f 2374/1827/1793 2378/957/933 2373/959/935
f 2377/958/934 2378/957/933 2382/4233/3993
f 2376/1828/1794 2380/4234/1800 2381/2665/1799
f 2379/1826/1792 2376/1828/1794 2381/2665/1799
f 2382/4233/3993 2383/1832/1798 2380/1834/1800
f 2381/2665/1799 2385/4235/3994 2379/1826/1792
f 2386/4236/2615 2383/1832/1798 2384/4237/3995
f 2381/2665/1799 2386/2664/2615 2385/4235/3994
f 2389/4238/3996 2390/2315/2273 2391/2314/2272
f 2388/4239/3997 2392/4240/3998 2390/2315/2273
f 2391/2314/2272 2395/1843/1809 2389/4238/3996
f 2390/2315/2273 2398/2752/2702 2394/2316/2274
f 2395/4241/1809 2392/4240/3998 2393/4242/3999
f 2395/4243/1809 2397/4244/1808 2392/4240/3998
f 2392/4240/3998 2397/4244/1808 2398/2752/2702
f 2395/1843/1809 2400/4245/4000 2399/1841/1807
f 2400/4245/4000 2398/2752/2702 2397/4244/1808
f 2424/4246/4001 2422/4247/4002 2428/4248/4003
f 2422/4247/4002 2427/4249/4004 2428/4248/4003
f 2423/4250/4005 2425/4251/4006 2427/4249/4004
f 2428/4252/4003 2431/4253/2862 2426/4254/4007
f 2425/4251/4006 2430/1863/1829 2427/4249/4004
f 2430/1863/1829 2435/4255/4008 2431/2912/2862
f 2435/4255/4008 2430/1863/1829 2433/1862/1828
f 2438/4256/4009 2436/2159/2585 2439/4257/4010
f 2439/4258/4010 2436/2632/2585 2441/1976/1941
f 2439/4258/4010 2441/1976/1941 2443/1880/1845
f 2439/4258/4010 2443/1880/1845 2444/1879/1844
f 2444/1879/1844 2445/4259/4011 2439/4258/4010
f 2440/4260/4012 2446/1876/1841 2441/1976/1941
f 2445/4261/4011 2449/4262/4013 2447/1875/1840
f 2476/4263/4014 2477/4264/978 2478/1893/1858
f 2475/1895/1860 2476/4263/4014 2478/1893/1858
f 2475/1895/1860 2480/1894/1859 2474/1898/1863
f 2477/4264/978 2484/4265/977 2478/1893/1858
f 2477/1003/978 2479/2448/2404 2483/1001/976
f 2478/1893/1858 2484/4265/977 2482/1900/1865
f 2480/1894/1859 2478/1893/1858 2482/1900/1865
f 2481/1897/1862 2483/1001/976 2479/2448/2404
f 2480/1894/1859 2482/1900/1865 2481/1897/1862
f 2484/1002/977 2485/4266/4015 2487/4267/4016
f 2481/1897/1862 2486/4268/4017 2483/1001/976
f 2487/4267/4016 2485/4266/4015 2486/4268/4017
f 2482/1900/1865 2487/4269/4016 2488/1899/1864
f 2492/4270/4018 2491/4271/4019 2493/4272/4020
f 2492/4270/4018 2498/4273/4021 2490/1903/1868
f 2499/1907/1871 2497/1904/1869 2500/4274/4022
f 2496/4275/4023 2499/1907/1871 2501/4276/4024
f 2497/1904/1869 2498/4277/4021 2502/4278/4025
f 2501/4276/4024 2499/1907/1871 2500/4274/4022
f 2530/4279/1887 2528/4280/4026 2531/2480/2434
f 2529/4281/4027 2532/1922/1886 2534/1925/1889
f 2530/4279/1887 2531/2480/2434 2533/1929/1885
f 2534/1925/1889 2535/1924/1888 2537/1225/1204
f 2534/1925/1889 2537/1225/1204 2536/1227/1206
f 2536/1227/1206 2539/1933/1893 2533/1929/1885
f 2537/1225/1204 2535/1924/1888 2538/1931/1894
f 2539/1933/1893 2541/1932/1895 2542/1750/1896
f 2542/1934/1896 2540/1226/1205 2537/1225/1204
f 2543/4282/4028 2547/2418/2376 2546/4283/4029
f 2546/4283/4029 2548/4284/4030 2544/4285/4031
f 2547/2418/2376 2549/2420/2378 2546/4283/4029
f 2548/4286/4030 2550/4287/4032 2544/4288/4031
f 2549/2420/2378 2545/2419/2377 2550/4287/4032
f 2548/4284/4030 2549/2420/2378 2552/4289/4033
f 2551/4290/4034 2549/2420/2378 2553/4291/4035
f 2553/4291/4035 2550/4287/4032 2554/4292/4036
f 2551/4290/4034 2555/4293/4037 2549/2420/2378
f 2552/4289/4033 2555/4293/4037 2556/1750/4038
f 2555/4293/4037 2551/4290/4034 2554/4292/4036
f 2552/4294/4033 2556/4295/4038 2554/4292/4036
f 2581/672/4039 2582/1942/1905 2585/1941/1904
f 2582/1942/1905 2586/4296/4040 2584/1940/1903
f 2587/1943/1906 2584/1940/1903 2586/4296/4040
f 2586/4296/4040 2581/4297/4039 2588/4298/4041
f 2585/4299/1904 2588/4298/4041 2581/4297/4039
f 2585/1941/1904 2587/1943/1906 2593/4300/4042
f 2586/4296/4040 2590/4301/4043 2589/4302/4044
f 2587/1943/1906 2589/4302/4044 2591/4303/4045
f 2590/4301/4043 2588/4298/4041 2593/4304/4042
f 2593/4304/4042 2595/4305/4046 2590/4301/4043
f 2593/4300/4042 2592/4306/4047 2595/4307/4046
f 2591/4303/4045 2589/4302/4044 2594/4308/4048
f 2595/4305/4046 2594/4308/4048 2590/4301/4043
f 2592/4306/4047 2591/4303/4045 2594/4308/4048
f 2596/2159/1912 2599/4309/1640 2598/4310/4049
f 2597/4311/4050 2600/4312/4051 2601/1947/1910
f 2596/1949/1912 2597/4311/4050 2601/1947/1910
f 2601/1947/1910 2600/4312/4051 2602/1669/1639
f 2606/1951/1914 2602/1669/1639 2605/1950/1913
f 2604/1948/1911 2607/4313/4052 2603/4314/1641
f 2606/1951/1914 2607/4313/4052 2604/1948/1911
f 2603/4314/1641 2607/4313/4052 2609/1750/1915
f 2634/4315/3968 2635/4316/4053 2637/1978/1943
f 2635/4316/4053 2638/2153/2118 2642/4317/4054
f 2634/4198/3968 2640/4318/1942 2639/2155/2120
f 2637/1978/1943 2642/4317/4054 2641/538/517
f 2638/2153/2118 2644/4319/4055 2642/4317/4054
f 2638/2153/2118 2639/2155/2120 2643/4320/4056
f 2644/4319/4055 2645/539/518 2642/4317/4054
f 2645/539/518 2641/538/517 2642/4317/4054
f 2644/4319/4055 2647/540/519 2645/539/518
f 2644/4319/4055 2648/4321/4057 2647/540/519
f 2644/4319/4055 2643/4320/4056 2648/4321/4057
f 2643/4320/4056 2646/4322/4058 2648/4321/4057
f 2651/1990/1954 2649/4323/1952 2652/1988/1951
f 2650/1985/1950 2651/1990/1954 2653/1989/1953
f 2652/1988/1951 2654/4324/736 2653/1989/1953
f 2653/1989/1953 2656/1997/1961 2655/758/737
f 2656/1997/1961 2653/1989/1953 2654/4324/736
f 2656/1997/1961 2659/4325/4059 2658/1998/1962
f 2654/757/736 2657/756/735 2661/4326/4060
f 3466/2452/2408 3460/4327/4061 3463/4328/2407
f 2685/4329/4062 2686/4330/4063 2688/4331/4064
f 2686/4330/4063 2689/2019/1983 2688/4331/4064
f 2686/4330/4063 2690/2017/1981 2689/2019/1983
f 2688/4332/4064 2692/4333/4065 2685/4334/4062
f 2689/2019/1983 2693/2018/1982 2691/4335/4066
f 2688/4332/4064 2694/4336/4067 2692/4333/4065
f 2691/4335/4066 2694/4337/4067 2688/4331/4064
f 2691/4335/4066 2693/2018/1982 2694/4337/4067
f 2695/2020/1984 2697/4338/4068 2693/2018/1982
f 2694/4336/4067 2698/4339/4069 2692/4333/4065
f 2694/4337/4067 2696/4340/4070 2698/4341/4069
f 2695/2020/1984 2692/4333/4065 2699/4342/4071
f 2698/4341/4069 2696/4340/4070 2697/4338/4068
f 2692/4333/4065 2698/4339/4069 2699/4342/4071
f 2701/1407/1383 2702/2022/1986 2703/1405/1381
f 2702/4343/1986 2700/1776/1743 2705/4344/1985
f 2704/1406/1382 2703/1405/1381 2706/4345/4072
f 2705/4344/1985 2707/1775/1742 2709/4346/4073
f 2704/1406/1382 2706/4345/4072 2708/2024/1988
f 2705/2021/1985 2710/4347/4074 2706/4345/4072
f 2709/4346/4073 2707/1775/1742 2712/4348/4075
f 2708/2024/1988 2706/4345/4072 2710/4347/4074
f 2707/1775/1742 2711/2023/1987 2712/4348/4075
f 2736/4349/2010 2737/2039/2006 2739/4350/2008
f 2738/2040/2007 2736/2043/2010 2742/2038/2005
f 2739/4350/2008 2740/4351/4076 2741/4352/4077
f 2742/2038/2005 2744/4353/4078 2737/2039/2006
f 2742/2038/2005 2736/2043/2010 2745/2044/2011
f 2743/4354/2009 2739/4350/2008 2741/4352/4077
f 2744/4353/4078 2741/4352/4077 2740/4351/4076
f 2741/4352/4077 2746/4355/4079 2743/4354/2009
f 2748/4356/4080 2745/2044/2011 2749/2045/2012
f 2749/4357/2012 2746/4355/4079 2747/4358/4081
f 2744/4353/4078 2748/4356/4080 2747/4358/4081
f 2750/4359/4082 2752/4360/4083 2754/2054/2021
f 2755/2050/2017 2753/2049/2016 2756/2053/2020
f 2757/4361/4084 2758/4362/2019 2752/4363/4083
f 2751/2051/2018 2759/4364/4085 2752/4363/4083
f 2755/2050/2017 2756/2053/2020 2760/4365/4086
f 2755/2050/2017 2760/4365/4086 2759/4364/4085
f 2758/2052/2019 2762/4366/4087 2756/2053/2020
f 2757/4361/4084 2763/4367/4088 2762/4368/4087
f 2764/4369/4089 2760/4365/4086 2761/4370/4090
f 2764/4369/4089 2761/4370/4090 2762/4366/4087
f 2787/4371/4091 2788/1730/1701 2790/1729/1700
f 2789/4372/4092 2787/4373/4091 2795/4374/4093
f 2787/4373/4091 2790/4375/1700 2795/4374/4093
f 2791/1728/1699 2792/4376/4094 2790/1729/1700
f 2789/4372/4092 2795/4374/4093 2793/2064/2030
f 2790/1729/1700 2792/4376/4094 2796/4377/4095
f 2794/4378/4096 2791/1728/1699 2797/2065/2031
f 2797/2065/2031 2793/2064/2030 2798/4379/4097
f 2796/4380/4095 2798/4379/4097 2795/4374/4093
f 2796/4377/4095 2799/4381/4098 2798/4382/4097
f 2796/4377/4095 2794/4378/4096 2799/4381/4098
f 2794/4378/4096 2797/2065/2031 2799/4381/4098
f 2802/4383/4099 2804/4384/2032 2805/4385/4100
f 2801/2067/2033 2804/2066/2032 2800/4386/4101
f 2807/1093/1070 2803/1095/1072 2805/4385/4100
f 2806/1094/1071 2808/4387/4102 2804/2066/2032
f 2806/1094/1071 2810/4388/4103 2809/4389/4104
f 2810/4388/4103 2807/1093/1070 2811/4390/4105
f 2809/4389/4104 2812/4391/4106 2808/4387/4102
f 2809/4389/4104 2810/4388/4103 2813/4392/4107
f 2837/2076/2043 2835/4393/4108 2838/2077/1835
f 2836/4394/4109 2840/4395/4110 2839/1871/1836
f 2838/1870/1835 2836/4394/4109 2839/1871/1836
f 2837/2076/2043 2840/4395/4110 2836/4394/4109
f 2841/2075/2042 2842/4396/4111 2837/2076/2043
f 2843/1869/1834 2841/4397/2042 2838/1870/1835
f 2846/2078/2044 2840/4395/4110 2842/4396/4111
f 2843/1869/1834 2846/2078/2044 2844/4398/2045
f 2846/2078/2044 2842/4396/4111 2845/2085/2051
f 2844/4398/2045 2846/2078/2044 2847/4399/4112
f 2845/2085/2051 2841/2075/2042 2849/2080/2046
f 2847/4399/4112 2846/2078/2044 2848/2084/2050
f 2852/2532/2485 2855/2098/2063 2851/4400/4113
f 2850/4401/4114 2855/2098/2063 2854/2096/2061
f 2853/3099/3052 2856/2088/2054 2857/2090/2056
f 2855/2098/2063 2857/2090/2056 2858/2089/2055
f 2855/2098/2063 2859/2094/2060 2854/2096/2061
f 2863/4402/2068 2859/2094/2060 2862/2099/2064
f 2886/4403/4115 2887/1612/1583 2889/4404/4116
f 2886/4405/4115 2892/2116/2081 2888/1613/1584
f 2890/1614/1585 2891/2119/2084 2887/1612/1583
f 2889/4404/4116 2887/1612/1583 2891/2119/2084
f 2889/4404/4116 2892/4406/2081 2886/4403/4115
f 2889/4404/4116 2893/1836/1802 2892/4406/2081
f 2890/1614/1585 2892/2116/2081 2894/2120/2085
f 2892/4406/2081 2893/1836/1802 2897/1835/1801
f 2895/1837/1803 2896/2121/2086 2899/4407/4117
f 2904/4408/4118 2903/4409/4119 2907/4410/2570
f 2902/4411/4120 2904/4408/4118 2905/4412/4121
f 2902/4411/4120 2906/2127/2092 2901/4413/4122
f 2902/4411/4120 2905/4412/4121 2906/2127/2092
f 2906/2127/2092 2907/2617/2570 2901/4413/4122
f 2905/4412/4121 2904/4408/4118 2908/3838/3720
f 2907/4410/2570 2908/3838/3720 2904/4408/4118
f 2905/4412/4121 2909/2125/2090 2906/2127/2092
f 2910/4414/2093 2912/3837/3719 2908/3838/3720
f 2910/4414/2093 2913/4415/2098 2912/3837/3719
f 2910/2128/2093 2911/2126/2091 2914/2132/2097
f 2909/2125/2090 2912/3837/3719 2914/2132/2097
f 2935/4416/4123 2936/4417/4124 2938/2152/2117
f 2936/4417/4124 2939/4418/4125 2938/2152/2117
f 2937/4419/4126 2935/4420/4123 2940/4421/4127
f 2938/2152/2117 2941/2151/2116 2935/4416/4123
f 2937/4419/4126 2940/4421/4127 2942/4422/4128
f 2938/2152/2117 2943/2327/2284 2946/2150/2115
f 2942/4422/4128 2945/4423/4129 2944/2325/2282
f 2945/4423/4129 2940/4421/4127 2941/4424/2116
f 2945/4423/4129 2941/4424/2116 2946/4425/2115
f 2945/4423/4129 2950/4426/4130 2944/2325/2282
f 2946/4425/2115 2950/4426/4130 2945/4423/4129
f 2952/1609/1580 2955/2165/2129 2951/4427/2124
f 2958/2166/2128 2960/2171/2133 2957/2160/2125
f 2956/1608/1579 2961/4048/3861 2955/2165/2129
f 2959/2169/2131 2962/4428/2132 2958/2163/2128
f 2959/2169/2131 2963/4429/2134 2962/4428/2132
f 2964/4049/3862 2960/2171/2133 2965/2173/2135
f 2962/2170/2132 2965/2173/2135 2960/2171/2133
f 2987/4430/2146 2988/4431/4131 2990/2186/2145
f 2989/2182/2144 2987/2184/2146 2992/2180/2142
f 2988/4431/4131 2991/2181/2143 2993/4432/4132
f 2994/2187/2148 2995/4433/4133 2998/2185/2147
f 2991/2181/2143 2992/2180/2142 2995/4433/4133
f 2998/2185/2147 2997/4434/4134 2990/2186/2145
f 2995/4433/4133 2992/2180/2142 2996/4435/4135
f 2992/2180/2142 2997/4436/4134 2996/4435/4135
f 3000/4437/4136 2998/2185/2147 2999/4438/4137
f 2995/4433/4133 3001/4439/4138 2999/4438/4137
f 3005/2197/1569 3007/1857/1823 3004/1856/1822
f 3006/2192/2153 3008/1599/1570 3002/2193/2154
f 3011/2196/1568 3012/4440/4139 3007/1857/1823
f 3010/2198/2157 3013/4441/4140 3011/1597/1568
f 2208/4442/4141 2207/1638/3188 2209/4443/4142
f 3013/4444/4140 3017/4445/4143 3012/4440/4139
f 3013/4441/4140 3016/2874/2823 3017/1750/4143
f 3016/2874/2823 3014/2306/2266 3015/4446/4144
f 3043/4447/4145 3044/4448/4146 3048/4449/4147
f 3046/4450/2188 3049/4451/4148 3045/4452/2189
f 3048/4449/4147 3050/2233/2193 3047/2230/2190
f 3048/4449/4147 3049/4451/4148 3052/2231/2191
f 3048/4449/4147 3052/2231/2191 3050/2233/2193
f 3049/4453/4148 3053/2236/2195 3055/4454/4149
f 3049/4451/4148 3055/4455/4149 3052/2231/2191
f 3050/2233/2193 3054/2232/2192 3051/2237/2196
f 3057/1249/1229 3058/2244/2201 3059/2243/2200
f 3059/2243/2200 3064/4456/4150 3060/4457/4151
f 3060/4457/4151 3064/4456/4150 3062/2248/2205
f 3059/2243/2200 3063/4458/4152 3064/4456/4150
f 3066/2249/2206 3062/2248/2205 3065/4459/4153
f 3066/2249/2206 3063/4460/4152 3061/1250/1230
f 3065/4459/4153 3064/4456/4150 3067/4461/4154
f 3066/2249/2206 3068/4462/4155 3063/4460/4152
f 3066/2249/2206 3065/4459/4153 3069/4463/4156
f 3069/4463/4156 3065/4459/4153 3067/4461/4154
f 3068/4464/4155 3067/4461/4154 3064/4456/4150
f 3095/1111/1088 3100/1110/1087 3102/4465/2028
f 3097/1660/1630 3099/2266/2226 3101/1661/1631
f 3099/2266/2226 3103/2265/2225 3106/2270/2230
f 3102/2062/2028 3104/4466/4157 3103/2265/2225
f 3104/4467/4157 3105/2271/2231 3108/3091/3043
f 3106/2270/2230 3103/2265/2225 3107/4468/4158
f 3107/4469/4158 3104/4467/4157 3108/3091/3043
f 3106/2270/2230 3107/4468/4158 3109/4470/4159
f 3111/4471/4160 3118/4472/4161 3114/1743/1712
f 3116/4473/2233 3118/4472/4161 3111/4471/4160
f 3116/2273/2233 3121/4474/4162 3120/4475/4163
f 3115/1744/1713 3119/2817/2764 3121/4474/4162
f 3121/4474/4162 3119/2817/2764 3122/4476/4164
f 3147/4477/4165 3153/3307/2253 3150/4478/4166
f 3147/4479/4165 3148/3100/3053 3153/2292/2253
f 3152/2288/2249 3150/4478/4166 3153/3307/2253
f 1527/829/808 1523/3974/3806 1526/3136/3087
f 3155/2289/2250 3158/4480/4167 3154/2978/2929
f 3152/2288/2249 3157/4481/4168 3158/4480/4167
f 3154/2978/2929 3161/4482/4169 3156/4483/3254
f 3154/2978/2929 3158/4480/4167 3161/4482/4169
f 3161/4484/4169 3159/4485/4170 3156/3309/3254
f 3163/2393/2349 3164/1604/1575 3166/2297/2257
f 3163/2393/2349 3166/2297/2257 3165/2394/2350
f 3164/1604/1575 3167/1606/1577 3166/2297/2257
f 3165/2394/2350 3166/2297/2257 3168/2298/2258
f 3165/2394/2350 3171/4486/4171 3162/2392/1576
f 3165/2394/2350 3168/2298/2258 3170/4487/4172
f 3171/4486/4171 3173/4488/4173 3169/4489/2256
f 3172/4490/4174 3173/4488/4173 3171/4486/4171
f 3169/4489/2256 3173/4488/4173 3175/1750/4175
f 3200/4491/4176 3201/2309/2269 3203/3222/3167
f 3204/2311/2271 3202/2308/2268 3199/2307/2267
f 3205/4492/4177 3202/2308/2268 3206/2310/2270
f 3203/3222/3167 3207/1092/1069 3204/2313/2271
f 3207/1092/1069 3210/1091/1068 3206/2312/2270
f 3210/1091/1068 3209/1090/1067 3212/4493/4178
f 3209/1090/1067 3208/4494/4179 3212/4493/4178
f 3208/4494/4179 3211/4495/4180 3212/4493/4178
f 3217/2479/2433 3215/2319/2276 3218/2318/1431
f 3214/4496/4181 3218/1458/1431 3213/4497/2275
f 3216/2322/2279 3220/1459/1432 3214/4496/4181
f 3219/2320/2277 3217/2479/2433 3222/4498/4182
f 3218/2318/1431 3223/4499/1430 3217/2479/2433
f 3223/4499/1430 3222/4498/4182 3217/2479/2433
f 3221/2321/2278 3219/2320/2277 3224/2332/2289
f 3219/2320/2277 3222/4498/4182 3224/2332/2289
f 3224/2332/2289 3222/4498/4182 3226/4500/4183
f 3223/4499/1430 3226/4500/4183 3222/4498/4182
f 3225/2333/2290 3224/2332/2289 3226/4500/4183
f 3257/2354/2312 3253/2358/2316 3254/4501/4184
f 3253/2358/2316 3262/2357/2315 3255/4502/4185
f 3257/2354/2312 3256/2353/2311 3259/4503/4186
f 3260/4504/2318 3261/4505/2317 3264/4506/4187
f 3259/4503/4186 3264/4506/4187 3265/4507/4188
f 3264/4508/4187 3261/2359/2317 3263/4509/4189
f 3262/2357/2315 3265/4507/4188 3263/4509/4189
f 3267/2906/2856 3268/2952/2904 3270/2951/2903
f 3267/2906/2856 3270/2951/2903 3273/4510/4190
f 3621/2535/2488 3619/4511/4191 3622/2531/2484
f 3275/4512/4192 3271/2950/2902 3278/4513/4193
f 3277/4514/4194 3275/4512/4192 3278/4513/4193
f 3271/2950/2902 3272/4515/4195 3278/4513/4193
f 3272/4515/4195 3276/4516/4196 3278/4513/4193
f 3303/4517/2925 3305/1727/1698 3306/1726/1697
f 3303/2974/2925 3308/2366/2324 3310/2972/2923
f 3307/1725/1696 3304/2973/2924 3309/4518/4197
f 3309/4518/4197 3304/2973/2924 3310/2972/2923
f 3307/1725/1696 3309/4518/4197 3311/2191/2152
f 2337/2776/2724 2341/4226/3988 2344/1811/1778
f 3311/2191/2152 3312/4519/2323 3306/1726/1697
f 3312/4519/2323 3311/2191/2152 3309/4518/4197
f 3309/4518/4197 3310/2972/2923 3313/4520/4198
f 3313/4520/4198 3310/2972/2923 3308/2366/2324
f 3312/4519/2323 3314/4521/4199 3316/4522/4200
f 3313/4520/4198 3308/2366/2324 3316/4523/4200
f 3309/4518/4197 3315/4524/4201 3314/4521/4199
f 3316/4523/4200 3315/4524/4201 3313/4520/4198
f 3318/4525/4202 3320/2368/2325 3317/4526/4203
f 3319/4527/4204 3317/4528/4203 3322/4529/1946
f 3321/4530/4205 3319/4527/4204 3323/4531/4206
f 3319/4527/4204 3325/4532/2326 3323/4531/4206
f 3320/2368/2325 3321/4530/4205 3326/4533/4207
f 3326/4533/4207 3321/4530/4205 3323/4531/4206
f 3328/4534/4208 3323/4531/4206 3331/4535/4209
f 3329/4536/4210 3328/4534/4208 3331/4535/4209
f 3355/2391/2348 3357/713/691 3354/4537/4211
f 3356/4538/4212 3358/4539/4213 3355/2391/2348
f 3356/4538/4212 3354/4540/4211 3358/4539/4213
f 3360/711/689 3355/2391/2348 3361/4541/4214
f 3355/2391/2348 3358/4539/4213 3361/4541/4214
f 3357/713/691 3359/712/690 3354/4537/4211
f 3359/712/690 3362/4542/2353 3354/4537/4211
f 3362/2396/2353 3361/4541/4214 3358/4539/4213
f 3361/4541/4214 3363/4543/4215 3360/711/689
f 3359/712/690 3364/4544/4216 3362/4542/2353
f 3366/4545/2351 3364/4544/4216 3367/4546/4217
f 3363/4543/4215 3365/2395/2352 3367/4546/4217
f 3363/4543/4215 3367/4546/4217 3364/4544/4216
f 3370/2399/2356 3368/2159/4218 3371/4547/4219
f 3369/4548/4220 3371/4549/4219 3368/4550/4218
f 3369/4548/4220 3372/2398/2355 3371/4549/4219
f 3370/2399/2356 3371/4547/4219 3373/2397/2354
f 3374/4551/4221 3372/2398/2355 3373/2397/2354
f 3371/4549/4219 3372/2398/2355 3376/4552/4222
f 3371/4549/4219 3376/4552/4222 3375/4553/4223
f 3372/2398/2355 3374/4551/4221 3378/4554/4224
f 3374/4551/4221 3373/2397/2354 3377/4555/4225
f 3375/4556/4223 3379/4557/4226 3373/2397/2354
f 3378/4554/4224 3377/4555/4225 3380/4558/4227
f 3381/4559/4228 3378/4554/4224 3380/4558/4227
f 3404/4560/4229 3405/2411/2369 3407/3566/3505
f 3409/3565/3504 3404/4560/4229 3407/3566/3505
f 3405/2411/2369 3410/4561/4230 3407/3566/3505
f 3408/2410/2368 3410/4561/4230 3405/2411/2369
f 3409/4562/3504 3414/2416/2374 3413/4563/4231
f 3408/2410/2368 3412/4564/4232 3410/4561/4230
f 3408/2410/2368 3413/4563/4231 3412/4564/4232
f 3411/3564/3503 3414/4565/2374 3409/3565/3504
f 3411/3564/3503 3410/4561/4230 3416/4566/4233
f 3412/4564/4232 3418/4567/4234 3410/4561/4230
f 3416/4566/4233 3410/4561/4230 3418/4567/4234
f 3415/4568/2372 3416/4566/4233 3418/4567/4234
f 3420/4569/4235 3422/1562/1534 3423/4570/1533
f 3421/1453/1427 3424/1452/1426 3422/1562/1534
f 3419/2417/2375 3423/4571/1533 3425/1451/1425
f 3423/4571/1533 3428/2426/2384 3425/1451/1425
f 3427/4572/4236 3425/1451/1425 3429/4573/4237
f 3429/4573/4237 3425/1451/1425 3428/2426/2384
f 3431/4574/4238 3427/4572/4236 3429/4573/4237
f 3431/4574/4238 3429/4573/4237 3430/2425/2383
f 3456/4575/4239 3459/2438/2395 3455/4576/4240
f 3454/2437/2394 3460/4327/4061 3459/2438/2395
f 3458/2445/2400 3461/1707/1677 3464/2443/2399
f 3455/4576/4240 3462/1705/1675 3461/1707/1677
f 3454/2437/2394 3463/4328/2407 3460/4327/4061
f 3462/1705/1675 3469/4577/4241 3465/1706/1676
f 3462/1705/1675 3466/2452/2408 3469/4577/4241
f 3463/2451/2407 3464/2443/2399 3467/4578/2405
f 3465/1706/1676 3467/4578/2405 3464/2443/2399
f 3465/1706/1676 3469/4577/4241 3467/4578/2405
f 3472/2157/2122 3474/2129/2094 3470/4579/4242
f 3472/2157/2122 3471/2454/2410 3475/1261/1240
f 3470/4579/4242 3474/2129/2094 3476/2131/2096
f 3473/2453/2409 3476/4580/2096 3478/1259/1238
f 3474/2129/2094 3477/2156/2121 3479/1260/1239
f 3480/4581/2095 3483/2837/2785 3478/1259/1238
f 3479/1260/1239 3483/2837/2785 3482/2455/2411
f 3483/2837/2785 3480/4581/2095 3481/4582/2412
f 3505/2646/2600 3509/4583/2633 3510/2644/2598
f 3511/2465/2421 3507/2645/2599 3510/2644/2598
f 3507/2645/2599 3511/2465/2421 3508/2467/2423
f 3509/4583/2633 3514/4584/4243 3510/2644/2598
f 3509/2681/2633 3512/2466/2422 3514/4585/4243
f 3513/4586/4244 3510/2644/2598 3514/4584/4243
f 3514/4585/4243 3515/3400/3341 3516/4587/4245
f 3516/4587/4245 3518/1750/4246 3514/4585/4243
f 3511/2465/2421 3517/4588/4247 3516/4587/4245
f 3522/2473/2428 3523/1802/1769 3519/1804/1771
f 3520/2471/1770 3524/2475/2429 3521/2472/2427
f 3523/2474/1769 3526/4589/2435 3524/2475/2429
f 3527/3025/2977 3522/2473/2428 3525/2478/2432
f 3527/3025/2977 3530/4590/4248 3529/4591/4249
f 3530/4590/4248 3524/2475/2429 3531/2482/2436
f 3556/4592/4250 3554/4593/4251 3557/2497/2449
f 3556/4592/4250 3557/2497/2449 3558/2496/2448
f 3558/2496/2448 3559/4594/4252 3556/4592/4250
f 3554/4593/4251 3560/2494/2446 3557/2497/2449
f 3557/2497/2449 3560/2494/2446 3561/2493/1764
f 3562/2498/2450 3567/4595/4253 3563/1796/1763
f 3566/4596/4254 3565/4597/4255 3564/2495/2447
f 3572/4598/4256 3570/2504/2456 3573/2503/2455
f 3574/4599/4257 3572/4598/4256 3573/2503/2455
f 3571/4600/2454 3575/4601/4258 3576/4602/4259
f 3575/4601/4258 3574/4599/4257 3577/4603/4260
f 3579/4604/4261 3577/4603/4260 3578/4605/4262
f 3577/4603/4260 3581/4606/4263 3575/4601/4258
f 3578/4605/4262 3580/4607/4264 3579/4604/4261
f 3603/4608/2471 3604/4609/4265 3606/1795/1762
f 3603/4608/2471 3606/1795/1762 3608/1794/1761
f 3606/1795/1762 3604/4609/4265 3609/1793/1760
f 3607/2516/2469 3610/4610/4266 3609/1793/1760
f 3608/4611/1761 3612/4612/4267 3607/2516/2469
f 3611/4613/4268 3612/4614/4267 3608/1794/1761
f 3611/4613/4268 3613/4615/4269 3612/4614/4267
f 3610/4610/4266 3612/4612/4267 3614/4616/4270
f 3612/4612/4267 3615/4617/4271 3616/4618/4272
f 3609/1793/1760 3617/4619/4273 3613/4615/4269
f 3612/4614/4267 3617/4619/4273 3615/4620/4271
f 3617/4619/4273 3614/4616/4270 3616/4618/4272
f 3619/4511/4191 3620/2530/2483 3622/2531/2484
f 3619/4511/4191 3623/4621/4274 3618/4622/2481
f 3622/2531/2484 3627/2533/2486 3621/2535/2488
f 3624/4623/2482 3625/2536/2489 3626/4624/4275
f 3621/2535/2488 3625/2536/2489 3623/4621/4274
f 3627/2533/2486 3624/2529/2482 3626/4625/4275
f 3627/2533/2486 3629/4626/4276 3631/4627/4277
f 3652/719/697 3657/721/699 3656/649/629
f 3656/649/629 3660/4628/4278 3659/2548/2502
f 3656/649/629 3657/721/699 3660/4628/4278
f 3655/720/698 3658/1631/1602 3661/2550/2504
f 3660/4628/4278 3657/721/699 3663/4629/4279
f 3661/2550/2504 3663/4630/4279 3657/2551/699
f 3663/4630/4279 3661/2550/2504 3665/4631/4280
f 3664/2552/2505 3665/4631/4280 3662/2549/2503
f 3670/4632/4281 3666/4633/4282 3669/4634/4283
f 3670/4635/4281 3671/632/612 3668/634/614
f 3667/633/613 3672/4636/4284 3669/4634/4283
f 3667/633/613 3671/632/612 3672/4636/4284
f 3673/4637/4285 3670/4632/4281 3674/4638/4286
f 3670/4632/4281 3669/4634/4283 3674/4638/4286
f 3670/4635/4281 3673/4639/4285 3671/632/612
f 3672/4636/4284 3671/632/612 3675/4640/4287
f 3669/4634/4283 3675/4640/4287 3676/4641/4288
f 3675/4640/4287 3671/632/612 3677/4642/4289
f 3673/4637/4285 3674/4638/4286 3678/4643/4290
f 3676/4641/4288 3678/4643/4290 3674/4638/4286
f 3677/4642/4289 3679/4644/4291 3676/4641/4288
f 3706/4645/4292 3709/4646/4293 3703/4647/4294
f 3707/2569/2521 3706/4645/4292 3704/2570/2522
f 3705/2571/2523 3708/4648/1908 3707/2569/2521
f 3709/4646/4293 3706/4645/4292 3710/1946/1909
f 3708/1945/1908 3709/4646/4293 3710/1946/1909
f 3708/4648/1908 3713/4649/1907 3707/2569/2521
f 3710/1946/1909 3706/4645/4292 3711/4650/4295
f 3707/2569/2521 3713/4649/1907 3712/2582/2534
f 3710/1946/1909 3711/4650/4295 3714/4651/4296
f 3713/1944/1907 3716/4652/4297 3715/4653/2532
f 3713/1944/1907 3714/4651/4296 3716/4652/4297
f 3711/4650/4295 3712/2582/2534 3717/2581/2533
f 3714/4651/4296 3717/2581/2533 3716/4652/4297
f 3719/4654/4298 3722/2588/2540 3718/4655/4299
f 3720/2585/2537 3724/2584/2536 3721/2586/2538
f 3721/2586/2538 3724/2584/2536 3725/2587/2539
f 3726/2590/2542 3727/4656/2541 3723/4657/2535
f 3727/4658/2541 3726/2590/2542 3729/2591/2543
f 3727/4659/2541 3731/4660/4300 3724/2584/2536
f 3728/4661/4301 3729/2591/2543 3725/2587/2539
f 3754/4662/4302 3755/686/665 3757/685/664
f 3754/4663/4302 3757/4664/664 3758/1565/1537
f 3756/2616/2569 3758/1565/1537 3760/2615/2568
f 3760/2615/2568 3761/4665/4303 3755/686/665
f 3763/1564/1536 3762/4666/2576 3758/1565/1537
f 3767/4667/4304 3764/2622/2575 3763/2688/1536
f 3760/2615/2568 3762/4666/2576 3765/1710/1680
f 3761/4665/4303 3765/1710/1680 3768/1709/1679
f 3765/1710/1680 3762/4666/2576 3766/1708/1678
f 3766/2623/1678 3764/2622/2575 3769/4668/4305
f 3767/4667/4304 3768/1709/1679 3769/4668/4305
f 3771/4669/4306 3775/4670/2581 3774/4671/4307
f 3772/4672/4308 3775/2629/2581 3770/4673/4309
f 3773/2630/2582 3775/2629/2581 3772/4672/4308
f 3773/2630/2582 3771/4669/4306 3774/4671/4307
f 3773/2630/2582 3774/4671/4307 3779/4674/4310
f 3774/4671/4307 3775/4670/2581 3777/4675/4311
f 3780/4676/4312 3778/2634/2587 3782/4677/4313
f 3781/4678/4314 3782/4677/4313 3776/2628/2580
f 3806/2378/2335 3812/2377/2334 3808/4679/4315
f 3806/2378/2335 3807/4680/4316 3809/2650/2604
f 3807/4680/4316 3808/4681/4315 3812/2654/2334
f 3807/4680/4316 3811/2655/2608 3809/2650/2604
f 3807/4680/4316 3812/2654/2334 3811/2655/2608
f 3810/2376/2333 3815/4682/2606 3812/2377/2334
f 3810/2376/2333 3813/2651/2605 3815/4682/2606
f 3811/2655/2608 3813/2651/2605 3809/2650/2604
f 3814/2653/2607 3816/4683/4317 3818/4684/4318
f 3815/4682/2606 3813/2651/2605 3819/4685/4319
f 3813/2651/2605 3817/2656/2609 3819/4685/4319
f 3817/2656/2609 3814/2653/2607 3818/4684/4318
f 3815/4682/2606 3819/4685/4319 3816/4686/4317
f 3819/4685/4319 3817/2656/2609 3818/4684/4318
f 3821/2293/2254 3826/2658/2610 3824/2661/2613
f 3822/2295/2255 3826/2658/2610 3821/2293/2254
f 3824/2661/2613 3826/2658/2610 3830/4687/4320
f 3824/2661/2613 3830/4687/4320 3828/2363/2321
f 3832/4688/4321 3828/2363/2321 3833/4689/4322
f 3829/2662/2614 3831/4690/4323 3833/4689/4322
f 3856/4691/4324 3859/4692/4325 3858/4693/1614
f 3859/4692/4325 3862/2691/2641 3858/4693/1614
f 3856/4694/4324 3858/1643/1614 3860/1642/1613
f 3864/1641/1612 3865/4695/4326 3860/1642/1613
f 3861/4696/4327 3863/4697/4328 3866/2690/2640
f 3862/2691/2641 3866/2690/2640 3863/4697/4328
f 3864/1641/1612 3867/4698/4329 3865/4695/4326
f 3865/4695/4326 3868/2689/2639 3862/2691/2641
f 3866/2692/2640 3870/4699/4330 3869/2693/2642
f 3866/2690/2640 3868/2689/2639 3870/4700/4330
f 3867/4698/4329 3869/2693/2642 3868/2689/2639
f 3874/4701/4331 3872/4702/4332 3875/4703/4333
f 3872/4704/4332 3876/4705/4334 3878/4706/2651
f 3877/2697/2646 3879/4707/4335 3873/2698/2647
f 3872/4702/4332 3878/2702/2651 3875/4703/4333
f 3878/4706/2651 3876/4705/4334 3879/4707/4335
f 3875/4703/4333 3878/2702/2651 3881/2701/2650
f 3877/2697/2646 3881/2701/2650 3880/4708/4336
f 3879/4709/4335 3882/4710/4337 3878/2702/2651
f 3881/2701/2650 3883/2700/2649 3880/4708/4336
f 3878/2702/2651 3882/4710/4337 3883/2700/2649
f 3908/4711/4338 3909/4712/4339 3911/4713/4340
f 3909/4712/4339 3913/2734/2684 3911/4713/4340
f 3909/4712/4339 3912/2731/2681 3913/2734/2684
f 3912/2731/2681 3914/1103/1080 3913/2734/2684
f 3911/4713/4340 3913/2734/2684 3915/4714/4341
f 3913/2734/2684 3917/2733/2683 3915/4714/4341
f 3918/1102/1079 3916/1104/1081 3919/4715/4342
f 3919/4716/4342 3915/4717/4341 3920/2737/2687
f 3922/4718/4343 3923/2740/2690 3926/2739/2689
f 3925/4719/4344 3921/4720/4345 3924/2743/2693
f 3922/4718/4343 3926/2739/2689 3928/2741/2691
f 3922/4718/4343 3928/2741/2691 3924/2743/2693
f 3926/2739/2689 3927/2738/2688 3928/2741/2691
f 3925/4719/4344 3924/2743/2693 3929/2742/2692
f 3930/4721/4346 3929/2742/2692 3933/4722/4347
f 3929/2742/2692 3928/2741/2691 3933/4722/4347
f 3928/2741/2691 3931/4723/4348 3934/4724/4349
f 3932/1750/4350 3930/4721/4346 3933/4722/4347
f 3931/4723/4348 3932/4725/4350 3934/4724/4349
f 3956/4726/4351 3957/2286/2247 3961/1691/1661
f 3958/2757/2706 3956/4727/4351 3961/2755/1661
f 3959/4728/4352 3960/2759/2708 3963/2287/2248
f 3961/2755/1661 3965/4729/1660 3964/2756/2705
f 3966/2758/2707 3964/2756/2705 3965/4729/1660
f 3965/1690/1660 3963/2287/2248 3967/2761/2710
f 3967/4730/2710 3968/4731/4353 3965/4729/1660
f 3970/1679/1649 3972/1504/1479 3975/2775/2723
f 3975/4732/2723 3974/2768/2717 3971/1680/1650
f 3973/1678/1648 3976/1505/1480 3972/1504/1479
f 3980/2773/2722 3978/4733/4354 3974/2774/2717
f 3978/4734/4354 3981/4735/4355 3976/1505/1480
f 3977/1506/1481 3979/4736/4356 3983/4737/4357
f 3981/4738/4355 3980/2773/2722 3982/4739/4358
f 3979/4736/4356 3981/4735/4355 3983/4737/4357
f 4007/4740/4359 4010/1244/1224 4006/2795/2083
f 4008/4741/4360 4011/4742/4361 4007/4740/4359
f 4006/2795/2083 4012/2117/2082 4008/4741/4360
f 4011/4742/4361 4010/1244/1224 4007/4740/4359
f 4011/4742/4361 4014/2031/1995 4010/1244/1224
f 4011/4742/4361 4012/2117/2082 4014/2031/1995
f 4012/2168/2082 4013/1245/1225 4016/2167/2130
f 4014/2031/1995 4012/2117/2082 4017/2032/1996
f 4014/2031/1995 4018/2030/1994 4015/1698/1668
f 4018/2030/1994 4021/1699/1669 4015/1698/1668
f 4018/2030/1994 4019/3466/3405 4021/1699/1669
f 4023/2800/2747 4025/1992/1956 4028/2803/2750
f 4023/2800/2747 4028/2803/2750 4026/2801/2748
f 4027/1991/1955 4022/4743/2749 4026/4744/2748
f 4025/1992/1956 4030/3376/3316 4028/2803/2750
f 4027/1991/1955 4026/4744/2748 4031/3377/3317
f 4029/2804/2751 4034/4745/4362 4033/4746/4363
f 4035/4747/4364 4031/3377/3317 4033/4748/4363
f 4059/4749/2781 4060/2836/2784 4062/4750/2779
f 4062/2831/2779 4065/4751/4365 4061/2832/2780
f 4061/2832/2780 4065/4751/4365 4063/2834/2782
f 4063/2834/2782 4068/4752/4366 4064/2835/2783
f 4062/4750/2779 4064/2835/2783 4067/3396/3337
f 4062/2831/2779 4067/4753/3337 4065/4751/4365
f 4068/4752/4366 4066/3395/3336 4064/2835/2783
f 4067/4753/3337 4069/4754/4367 4065/4751/4365
f 4070/4755/4368 4066/3395/3336 4071/4756/4369
f 4069/4754/4367 4071/4756/4369 4068/4752/4366
f 4073/4757/4370 4074/2840/2788 4075/4758/4371
f 4072/4759/4372 4073/4757/4370 4076/4760/2786
f 4075/4758/4371 4074/2840/2788 4077/2839/2787
f 4076/2838/2786 4082/2842/2790 4077/2839/2787
f 4075/4758/4371 4078/2843/2791 4073/4757/4370
f 4073/4757/4370 4078/2843/2791 4080/2845/2793
f 4076/4760/2786 4080/2845/2793 4079/4761/2789
f 4075/4758/4371 4081/4762/4373 4078/2843/2791
f 4081/4762/4373 4077/2839/2787 4082/2842/2790
f 4081/4762/4373 4084/4763/4374 4078/2843/2791
f 4081/4762/4373 4082/2842/2790 4084/4763/4374
f 4079/2841/2789 4083/4764/2792 4085/4765/4375
f 4078/2843/2791 4084/4763/4374 4083/2844/2792
f 4112/4766/2808 4115/4767/1847 4113/2868/2817
f 4110/2861/2810 4116/2035/2000 4114/2036/2001
f 4112/2859/2808 4114/2036/2001 4115/1882/1847
f 4114/2036/2001 4118/1883/1848 4115/1882/1847
f 4118/1883/1848 4121/4768/4376 4119/1881/1846
f 4120/4769/4377 4122/4770/4378 4116/2035/2000
f 4118/1883/1848 4122/4770/4378 4121/4768/4376
f 4125/2873/2822 4127/4771/4379 4124/4772/4380
f 4126/3011/2963 4128/2871/2820 4125/2873/2822
f 4124/4772/4380 4127/4771/4379 4129/4773/2826
f 4125/2873/2822 4130/2872/2821 4127/4771/4379
f 4129/2877/2826 4131/2879/2828 4126/3011/2963
f 4130/2872/2821 4128/2871/2820 4131/2879/2828
f 4130/2872/2821 4135/2876/2825 4132/4774/4381
f 4132/4774/4381 4137/4775/4382 4134/4776/2827
f 4135/2876/2825 4137/4775/4382 4132/4774/4381
f 4161/4777/860 4162/2577/2529 4167/2898/2849
f 4165/2904/2854 4163/883/859 4166/885/861
f 4161/884/860 4167/4778/2849 4166/885/861
f 4165/2904/2854 4169/2899/2850 4164/2575/2527
f 4168/2576/2528 4172/2911/2861 4167/2898/2849
f 4172/4779/2861 4171/2903/2853 4167/4778/2849
f 4167/4778/2849 4171/2903/2853 4166/885/861
f 4168/2576/2528 4170/2910/2860 4172/2911/2861
f 4169/2899/2850 4171/2903/2853 4173/2909/2859
f 4171/2903/2853 4174/4780/4383 4173/2909/2859
f 4176/4781/4384 4177/4782/4385 4178/4783/4386
f 4179/4784/4387 4176/4781/4384 4178/4783/4386
f 4176/4781/4384 4180/4785/4388 4175/4786/4389
f 4175/4787/4389 4180/4788/4388 4177/4782/4385
f 4180/4788/4388 4181/4789/4390 4177/4782/4385
f 4182/4790/4391 4177/4782/4385 4181/4789/4390
f 4181/4791/4390 4180/4785/4388 4185/4792/4392
f 4183/4793/4393 4182/4790/4391 4184/4794/4394
f 4187/4795/4395 4185/4792/4392 4188/4796/4396
f 4186/4797/4397 4188/4796/4396 4185/4792/4392
f 4210/4798/4398 4212/4799/4399 4211/2918/2868
f 4212/4799/4399 4213/4800/4400 4215/1516/1490
f 4210/4798/4398 4214/4801/4401 4213/4800/4400
f 4210/4802/4398 4211/2918/2868 4217/4803/4402
f 4211/2918/2868 4216/1515/1489 4217/4803/4402
f 4215/1516/1490 4214/4801/4401 4219/4804/4403
f 4215/1516/1490 4219/4804/4403 4218/1517/1491
f 4219/4804/4403 4214/4801/4401 4217/4805/4402
f 4216/1515/1489 4218/1517/1491 4221/4806/4404
f 4220/4807/4405 4222/4808/4406 4217/4805/4402
f 4219/4804/4403 4221/4806/4404 4218/1517/1491
f 4219/4804/4403 4222/4808/4406 4221/4806/4404
f 4225/2923/2873 4226/2925/2875 4224/4809/4407
f 4223/4810/2871 4224/4809/4407 4229/4811/4408
f 4226/2925/2875 4225/2923/2873 4227/2922/2872
f 4226/2925/2875 4229/4811/4408 4224/4809/4407
f 4223/2921/2871 4228/2928/2878 4227/2922/2872
f 4223/4810/2871 4229/4811/4408 4228/4812/2878
f 4226/2925/2875 4230/2924/2874 4229/4811/4408
f 4229/4811/4408 4232/4813/2876 4228/4812/2878
f 2152/3168/3119 2153/4173/3951 2150/3169/3120
f 4230/2924/2874 4233/4814/4409 4229/4811/4408
f 4229/4811/4408 4233/4814/4409 4235/4815/4410
f 4229/4811/4408 4235/4815/4410 4232/4813/2876
f 4259/2240/2199 4260/4816/4411 4266/4817/4412
f 4261/2239/2198 4262/2241/1797 4263/4818/4413
f 4263/4818/4413 4260/4816/4411 4261/2239/2198
f 4259/2240/2199 4264/1829/1795 4262/1831/1797
f 4266/4817/4412 4267/4819/4414 4264/1829/1795
f 4268/1830/1796 4263/4818/4413 4262/2241/1797
f 4264/1829/1795 4267/4819/4414 4269/2953/2905
f 4267/4819/4414 4265/4820/4415 4270/4821/4416
f 4265/4820/4415 4268/1830/1796 4270/4821/4416
f 4005/4822/4417 4003/3163/3114 4004/4823/4418
f 4271/2954/2906 4269/2953/2905 4272/4824/4419
f 4277/4825/2907 4274/806/785 4279/2959/2909
f 4275/807/786 4278/2960/2910 4280/808/787
f 4280/808/787 4282/4826/4420 4279/2959/2909
f 4285/4827/4421 4281/4828/4422 4283/2961/2911
f 4286/4829/2913 4282/4826/4420 4287/4830/4423
f 4283/2961/2911 4284/4831/4424 4286/2963/2913
f 4313/4832/4425 4317/4833/4426 4316/4834/4427
f 4314/4835/4428 4312/4836/4429 4317/4833/4426
f 4315/4837/4430 4316/4834/4427 4319/1984/1949
f 4312/4836/4429 4318/4838/4431 4320/4839/4432
f 4317/4833/4426 4320/4839/4432 4321/4840/4433
f 4316/4834/4427 4323/1982/1947 4319/1984/1949
f 4318/4841/4431 4322/1983/1948 4324/4842/4434
f 4323/1982/1947 4325/2501/2453 4322/1983/1948
f 4321/4840/4433 4320/4839/4432 4326/2500/2452
f 4320/4839/4432 4324/4843/4434 4326/2500/2452
f 4327/4844/4435 4328/4845/4436 4332/4846/4437
f 4330/4847/4438 4329/4848/4439 4334/3267/3216
f 4327/4849/4435 4332/4850/4437 4329/4848/4439
f 4329/4848/4439 4332/4850/4437 4334/3267/3216
f 4328/4845/4436 4331/3269/3218 4333/4851/4440
f 4333/4851/4440 4331/3269/3218 4335/3268/3217
f 4333/4851/4440 4338/4852/4441 4337/4853/4442
f 4333/4851/4440 4335/3268/3217 4338/4852/4441
f 4335/3268/3217 4339/4854/4443 4338/4852/4441
f 4363/916/892 4364/2997/2948 4366/917/893
f 4365/2995/2946 4367/2555/2507 4364/2997/2948
f 4363/4855/892 4368/2553/891 4365/2995/2946
f 4370/1067/1044 4372/4856/4444 4368/915/891
f 4368/2553/891 4372/4857/4444 4371/2554/2506
f 4369/2996/2947 4376/4858/4445 4370/1067/1044
f 4369/2996/2947 4374/4859/4446 4376/4858/4445
f 4375/4860/4447 4373/4861/4448 4372/4857/4444
f 4379/3000/2951 4377/4862/2852 4381/2600/2553
f 4379/3000/2951 4382/4863/4449 4378/2998/2949
f 4378/2998/2949 4382/4863/4449 4380/2900/2851
f 4380/2900/2851 4383/4864/4450 4381/2901/2553
f 4380/2900/2851 4384/2999/2950 4387/4865/4451
f 4381/2600/2553 4385/2599/2552 4384/2999/2950
f 4384/2999/2950 4385/2599/2552 4387/4865/4451
f 4387/4865/4451 4388/4866/2952 4383/4864/4450
f 4385/2599/2552 4386/2598/2551 4390/3002/2953
f 4387/4865/4451 4390/3002/2953 4389/4867/4452
f 4419/3019/2972 4422/675/654 4418/4868/4453
f 4420/3018/2971 4423/3026/2978 4419/3019/2972
f 4420/3361/2971 4421/1181/1159 4424/3027/2979
f 4428/4869/4454 4426/674/653 4425/673/652
f 4424/3027/2979 4428/4869/4454 4431/4870/2983
f 4425/673/652 4427/3028/2980 4430/3031/2984
f 4424/3032/2979 4430/3031/2984 4427/3028/2980
f 4428/4869/4454 4429/4871/4455 4431/4870/2983
f 4432/3035/2987 4440/3489/3427 4437/4872/4456
f 4436/1303/1280 4440/3489/3427 4438/1304/1281
f 4441/3490/3428 4442/4873/2991 4444/4874/4457
f 4444/1750/4457 4442/3039/2991 4445/4875/4458
f 4438/1304/1281 4443/4876/4459 4445/4875/4458
f 4467/3407/3347 4472/4877/1041 4471/3065/3015
f 4476/1062/1039 4479/4878/4460 4478/1063/1040
f 4477/3075/3025 4472/4877/1041 4478/4879/1040
f 4477/3075/3025 4479/4878/4460 4476/1062/1039
f 4480/4880/4461 4481/3079/3029 4484/3078/3028
f 4480/4880/4461 4484/3078/3028 4483/4881/3135
f 3961/1691/1661 3957/2286/2247 3962/1692/1662
f 4481/3079/3029 4485/4882/4462 4489/3077/3027
f 4484/3078/3028 4489/3077/3027 4487/3081/3031
f 4485/4882/4462 4486/3184/3134 4489/3077/3027
f 4489/3077/3027 4490/3083/3033 4488/3080/3030
f 4491/3082/3032 4486/3184/3134 4492/4883/4463
f 4492/4884/4463 4488/3080/3030 4490/3083/3033
f 4517/4885/617 4518/3098/3051 4521/1449/615
f 4518/3098/3051 4522/1450/1424 4521/1449/615
f 4520/636/616 4522/1450/1424 4518/3098/3051
f 4520/636/616 4525/4886/4464 4522/1450/1424
f 4525/4886/4464 4526/4887/4465 4522/1450/1424
f 4522/1450/1424 4526/4887/4465 4524/1448/1423
f 4524/1448/1423 4526/4887/4465 4527/4888/3435
f 4523/4889/4466 4527/3497/3435 4529/4890/4467
f 4523/4889/4466 4529/4890/4467 4525/4886/4464
f 4526/4887/4465 4528/4891/4468 4527/4888/3435
f 4527/4888/3435 4528/4891/4468 4530/4892/4469
f 4531/3105/3058 4532/4893/4470 4534/4894/4471
f 4532/4893/4470 4533/3102/3055 4534/4894/4471
f 4539/4895/1806 4531/3105/3058 4535/3104/3057
f 4539/1840/1806 4540/1839/1805 4536/3101/3054
f 4538/3109/3061 4541/4896/4472 4543/1838/1804
f 4541/4897/4472 4537/3103/3056 4542/4898/4473
f 4537/3103/3056 4540/1839/1805 4542/4898/4473
f 4540/1839/1805 4543/1838/1804 4542/4898/4473
f 4569/3029/2981 4568/3128/3081 4566/3030/2982
f 5197/656/635 5198/655/634 5196/4899/4474
f 4567/3126/3079 4568/3128/3081 4571/3125/3078
f 4570/1350/1327 4573/1349/1326 4569/4900/2981
f 4572/3127/3080 4569/3029/2981 4575/3132/3085
f 4573/1349/1326 4575/3135/3085 4569/4900/2981
f 4576/3129/3082 4574/1348/1325 4566/3030/2982
f 4576/3129/3082 4572/3127/3080 4577/3130/3083
f 4572/3127/3080 4575/3132/3085 4577/3130/3083
f 4573/1349/1326 4574/1348/1325 4575/3135/3085
f 4574/1348/1325 4577/3130/3083 4578/4901/4475
f 4578/4901/4475 4581/4902/4476 4579/3133/3086
f 4581/4902/4476 4577/3130/3083 4580/3131/3084
f 4584/4903/4477 4582/4904/4478 4586/4905/3090
f 4582/4906/4478 4585/4907/4479 4586/3139/3090
f 4586/4905/3090 4590/4908/3089 4584/4903/4477
f 4587/4909/4480 4584/4903/4477 4588/4910/4481
f 4589/3140/3091 4591/3137/3088 4586/3139/3090
f 4588/4910/4481 4590/4908/3089 4594/4911/4482
f 4588/4910/4481 4592/4912/4483 4589/3140/3091
f 4588/4910/4481 4594/4911/4482 4592/4912/4483
f 4593/3141/3092 4589/3140/3091 4592/4912/4483
f 4619/4913/4484 4621/2862/2811 4620/4914/3576
f 4620/3646/3576 4622/3156/3107 4619/4915/4484
f 4623/4916/4485 4625/4917/3105 4620/4914/3576
f 4625/4917/3105 4629/4918/4486 4628/4919/4487
f 4624/2949/2901 4630/4920/4488 4629/4918/4486
f 4630/4920/4488 4626/3155/3106 4628/4921/4487
f 4635/4922/4489 4631/3160/3111 4636/4923/4490
f 4632/2625/2577 4639/3165/3116 4633/3159/3110
f 4635/4922/4489 4636/4923/4490 4638/4924/4491
f 4633/3159/3110 4639/3165/3116 4641/2351/2309
f 4638/4925/4491 4640/3164/3115 4634/2626/2578
f 4638/4924/4491 4636/4923/4490 4642/3166/3117
f 1318/1105/1082 1319/3917/3774 1316/629/609
f 4638/4925/4491 4642/4926/3117 4644/3170/3121
f 4643/3167/3118 4645/2352/2310 4641/2351/2309
f 4667/4927/4492 4670/4928/4493 4669/4929/4494
f 4670/4928/4493 4672/4930/4495 4669/4929/4494
f 4667/4931/4492 4671/2870/2819 4668/4932/4496
f 4668/4932/4496 4671/2870/2819 4670/4928/4493
f 4669/4929/4494 4672/4930/4495 4673/1072/1049
f 4669/4933/4494 4673/3186/1049 4667/4931/4492
f 4667/4931/4492 4673/3186/1049 4671/2870/2819
f 4672/4930/4495 4674/1073/1050 4673/1072/1049
f 745/681/660 743/684/663 747/683/662
f 4676/4934/1048 4677/4935/4497 4673/4936/1049
f 4676/1071/1048 4674/1073/1050 4678/3188/3137
f 4675/2869/2818 4677/4935/4497 4679/3187/3136
f 4675/2869/2818 4679/3187/3136 4674/1073/1050
f 4676/4934/1048 4678/4937/3137 4677/4935/4497
f 4683/3191/3140 4686/4938/4498 4680/4939/4499
f 4681/2687/2638 4684/2686/2637 4683/3191/3140
f 4682/4940/2636 4686/4938/4498 4685/4941/3138
f 4688/3190/3139 4684/2686/2637 4689/4942/4500
f 4684/2686/2637 4685/3189/3138 4689/4942/4500
f 4685/3189/3138 4690/4943/4501 4689/4942/4500
f 4693/4944/4502 4692/4945/4503 4687/4946/4504
f 4691/4947/4505 4694/4948/4506 4693/4944/4502
f 4716/4949/4507 4720/3657/3586 4719/3206/1831
f 4717/4950/4508 4720/3657/3586 4716/4949/4507
f 4716/4951/4507 4719/1865/1831 4718/1867/1833
f 4723/3209/3156 4721/4952/4509 4725/3207/3154
f 4723/3209/3156 4728/3208/3155 4726/3211/3158
f 4725/3207/3154 4727/4953/4510 4728/3208/3155
f 4732/3212/3159 4734/4954/4511 4735/1152/1129
f 4730/4955/2520 4736/3218/1130 4733/3220/3166
f 4738/3219/3165 4736/3218/1130 4737/4956/4512
f 4735/1152/1129 4740/4957/4513 4741/2105/2070
f 4740/4957/4513 4738/3219/3165 4743/4958/4514
f 4738/3219/3165 4737/4956/4512 4742/4959/2071
f 4739/1574/1545 4742/2106/2071 4737/4960/4512
f 4738/3219/3165 4742/4959/2071 4743/4958/4514
f 4765/4961/2837 4766/4207/3974 4768/4206/3973
f 4768/4206/3973 4769/3239/3186 4771/4962/2838
f 4771/2888/2838 4772/3245/3193 4770/2886/2836
f 4771/4962/2838 4774/4963/4515 4773/4964/3191
f 4775/4965/4516 4776/4966/4517 4774/4963/4515
f 4773/4964/3191 4774/4963/4515 4776/4966/4517
f 4775/4965/4516 4777/3244/3192 4776/4966/4517
f 4778/3248/3196 4781/3247/3195 4782/4967/767
f 4784/3252/3200 4781/3247/3195 4786/1445/1420
f 4779/3246/3194 4786/1445/1420 4781/3247/3195
f 4779/3246/3194 4783/789/768 4786/1445/1420
f 4781/3247/3195 4784/3252/3200 4782/4968/767
f 4784/4969/3200 4789/563/542 4785/562/541
f 4814/4970/4518 4818/4971/4519 4816/4972/4520
f 4817/3505/3443 4821/1779/1746 4814/4973/4518
f 4815/3506/3444 4820/3265/3214 4819/3266/3215
f 4822/1780/1747 4817/3505/3443 4819/3266/3215
f 4818/4971/4519 4821/3272/1746 4823/3271/3220
f 4824/1778/1745 4825/4974/4521 4821/1779/1746
f 4827/4975/3219 4821/1779/1746 4825/4974/4521
f 5237/3527/3465 5236/4976/3471 5233/4977/4522
f 4829/4978/4523 4830/2190/2151 4832/2189/2150
f 4830/2190/2151 4828/4979/4524 4831/3274/3222
f 3611/4613/4268 3609/1793/1760 3613/4615/4269
f 4831/4980/3222 4835/4981/4525 4836/4982/3221
f 4835/4981/4525 4833/3279/3227 4837/3278/3226
f 4837/3278/3226 4838/4983/4526 4835/4981/4525
f 4840/4984/4527 4838/4983/4526 4837/3278/3226
f 4863/4985/3238 4864/4986/4528 4866/1079/1056
f 4864/4986/4528 4865/4987/4529 4867/1742/1711
f 4863/3290/3238 4868/4988/4530 4865/4987/4529
f 4873/3298/3245 4869/3289/1055 4875/4989/3241
f 4875/4989/3241 4876/4990/4531 4873/3298/3245
f 4873/3298/3245 4877/3299/3246 4872/1741/1710
f 4873/3298/3245 4876/4990/4531 4877/3299/3246
f 4878/4991/4532 4879/4992/4533 4881/4993/3249
f 4879/4992/4533 4880/4994/4534 4882/3300/3247
f 4878/4995/4532 4881/3302/3249 4880/4994/4534
f 4882/3300/3247 4883/4996/4535 4879/4992/4533
f 4881/4993/3249 4883/4996/4535 4885/3301/3248
f 4881/3302/3249 4884/3073/3023 4880/4994/4534
f 4888/3306/3253 4887/4997/4536 4883/4996/4535
f 4886/3072/3022 4890/3304/3251 4888/3306/3253
f 4889/3071/3021 4890/3304/3251 4886/3072/3022
f 4888/3306/3253 4891/3305/3252 4887/4997/4536
f 4885/4998/3248 4892/4999/4537 4889/3071/3021
f 4887/4997/4536 4891/3305/3252 4892/5000/4537
f 4890/3304/3251 4889/3071/3021 4891/3305/3252
f 4918/672/984 4916/5001/4538 4921/3331/982
f 4920/3332/3276 4921/3331/982 4916/5001/4538
f 4917/2769/2718 4922/3337/3281 4920/3332/3276
f 4923/3330/3275 4922/3337/3281 4925/5002/4539
f 4919/1008/983 4926/3335/3279 4922/3337/3281
f 4921/3331/982 4923/3330/3275 4924/5003/3277
f 4923/3330/3275 4925/5002/4539 4924/5003/3277
f 4926/3335/3279 4921/1007/982 4927/3334/3278
f 4924/3333/3277 4929/5004/4540 4927/3334/3278
f 4925/5002/4539 4928/3336/3280 4929/5005/4540
f 4929/5005/4540 4928/3336/3280 4930/3338/3282
f 4927/3334/3278 4929/5004/4540 4931/5006/4541
f 4933/3339/3283 4936/2004/1968 4935/3340/3284
f 4934/3064/3014 4937/3063/3013 4933/3339/3283
f 4933/3339/3283 4937/3063/3013 4936/2004/1968
f 4935/3342/3284 4941/3062/3012 4934/3064/3014
f 4938/2002/1966 4937/3063/3013 4941/3062/3012
f 4939/5007/3286 4943/5008/4542 4941/3062/3012
f 4938/2002/1966 4942/3348/3290 4940/2003/1967
f 4944/3349/3291 4942/3348/3290 4945/5009/4543
f 4945/5009/4543 4941/3062/3012 4946/5010/4544
f 4940/2003/1967 4944/3349/3291 4947/5011/4545
f 4944/3349/3291 4945/5009/4543 4946/5010/4544
f 4977/3358/3300 4978/3366/3305 4972/3359/3301
f 4978/3364/3305 4975/3363/3304 4974/5012/4546
f 4976/5013/4547 4975/3363/3304 4979/5014/4548
f 4976/5013/4547 4981/3570/3507 4977/3358/3300
f 4981/3570/3507 4982/3369/3308 4983/3368/3307
f 4982/3369/3308 4984/5015/4549 4986/3367/3306
f 4985/5016/4550 4983/3368/3307 4986/3367/3306
f 4988/5017/4551 4991/5018/3309 4987/5019/3311
f 4989/3371/3310 4992/5020/4552 4990/5021/4553
f 4992/5020/4552 4989/3371/3310 4993/5022/4554
f 4991/3370/3309 4993/5022/4554 4989/3371/3310
f 4990/5021/4553 4995/3374/3314 4988/5017/4551
f 4992/5020/4552 4993/5022/4554 4994/5023/4555
f 4995/3374/3314 4992/5020/4552 4994/5023/4555
f 4996/3372/3312 4994/5023/4555 4998/5024/4556
f 4994/5023/4555 4997/5025/3315 4998/5024/4556
f 4997/5025/3315 5000/5026/4557 4998/5024/4556
f 4997/3375/3315 4999/3373/3313 5000/5027/4557
f 5026/5028/3338 5027/3399/3340 5028/3351/3292
f 5030/5029/4558 5029/3398/3339 5033/2521/2474
f 5030/5029/4558 5033/2521/2474 5032/3401/3342
f 5034/2704/2653 5036/5030/2472 5033/3350/2474
f 5033/2521/2474 5037/2520/2473 5035/2703/2652
f 5035/2703/2652 5038/5031/4559 5034/2704/2653
f 5036/5030/2472 5038/5031/4559 5037/4137/2473
f 5035/2703/2652 5039/5032/4560 5038/5031/4559
f 5043/3142/3093 5044/3405/3345 5040/3143/3094
f 5042/5033/4561 5045/3410/3350 5046/3409/3349
f 5043/3142/3093 5041/3144/3095 5046/3409/3349
f 5050/3411/3351 5046/3409/3349 5051/3414/3354
f 5051/3414/3354 5046/3409/3349 5049/3408/3348
f 5048/3412/3352 5050/3411/3351 5052/5034/4562
f 5052/5034/4562 5050/3411/3351 5051/3414/3354
f 5079/1330/1306 5077/5035/4563 5081/5036/4564
f 5078/1329/1305 5080/1328/1304 5083/3425/3365
f 5078/1329/1305 5082/3426/3366 5077/5037/4563
f 5079/1330/1306 5081/5036/4564 5080/1328/1304
f 5082/5038/3366 5084/5039/4565 5081/5036/4564
f 5082/3426/3366 5085/3427/3367 5087/5040/4566
f 5087/5041/4566 5084/5039/4565 5082/5038/3366
f 5085/3427/3367 5086/5042/4567 5087/5040/4566
f 5087/5041/4566 5088/5043/4568 5084/5039/4565
f 5086/5042/4567 5084/5039/4565 5088/5043/4568
f 5087/5040/4566 5086/5042/4567 5089/5044/4569
f 5091/5045/4570 5087/5040/4566 5089/5044/4569
f 5086/5042/4567 5090/5046/4571 5089/5044/4569
f 5088/5043/4568 5091/5047/4570 5090/5046/4571
f 5094/3431/3371 5096/3036/2988 5095/3436/3376
f 5097/3037/2989 5100/5048/3374 5104/3438/3378
f 5100/3434/3374 5105/5049/4572 5104/5050/3378
f 5100/3434/3374 5099/3448/3390 5105/5049/4572
f 5104/3438/3378 5103/5051/4573 5101/3038/2990
f 5105/5049/4572 5102/3449/3391 5103/5051/4573
f 2635/4316/4053 2636/2154/2119 2638/2153/2118
f 5139/3450/3392 5136/3596/3532 5134/541/520
f 5133/542/521 5136/3596/3532 5138/3455/1367
f 5139/3450/3392 5135/5052/4574 5137/1390/1366
f 5135/5052/4574 5133/5053/521 5138/3455/1367
f 5138/5054/1367 5142/3454/3396 5141/5055/1365
f 5144/5056/4575 5145/5057/4576 5148/5058/4577
f 5144/5059/4575 5148/5060/4577 5146/5061/4578
f 5147/5062/4579 5149/3462/3401 5145/5057/4576
f 5146/5061/4578 5150/2060/2027 5147/5062/4579
f 5149/3462/3401 5148/5058/4577 5145/5057/4576
f 5148/5060/4577 5151/5063/4580 5150/2060/2027
f 5148/5058/4577 5152/3470/3409 5151/5064/4580
f 5149/3462/3401 5152/3470/3409 5148/5058/4577
f 5150/2060/2027 5153/2059/2026 5149/3462/3401
f 5150/2060/2027 5151/5063/4580 5154/2058/2025
f 3049/4453/4148 3046/2228/2188 3051/2237/2196
f 5151/5064/4580 5152/3470/3409 5155/3469/3408
f 5149/3462/3401 5156/3463/3402 5155/3469/3408
f 5182/5065/3423 5180/2470/2426 5184/2469/2425
f 5186/2468/2424 5181/3486/3425 5185/3485/3424
f 5186/2468/2424 5187/3495/3433 5184/2469/2425
f 5188/3493/3431 5183/3488/3426 5189/2920/2870
f 5184/2469/2425 5187/3495/3433 5190/2919/2869
f 5189/2920/2870 5191/5066/4581 5188/3493/3431
f 5190/5067/2869 5187/3495/3433 5192/3494/3432
f 5190/2919/2869 5193/5068/4582 5189/2920/2870
f 5190/5067/2869 5192/3494/3432 5193/5069/4582
f 5196/4899/4474 5198/655/634 5195/5070/4583
f 5194/5071/4584 5195/5070/4583 5200/3496/3434
f 5199/5072/4585 5197/656/635 5196/4899/4474
f 5199/5072/4585 5202/5073/4586 5197/656/635
f 5203/2323/2280 5198/655/634 5201/657/636
f 5201/657/636 5197/656/635 5202/5073/4586
f 5204/5074/4587 5206/5075/4588 5202/5073/4586
f 5205/2324/2281 5201/657/636 5206/5075/4588
f 5230/3525/3463 5233/4977/4522 5235/5076/4589
f 5234/3528/3466 5237/3527/3465 5232/3524/3462
f 5234/3528/3466 5238/3532/3470 5239/3526/3464
f 5237/3527/3465 5239/3526/3464 5240/5077/4590
f 5238/3532/3470 5241/3531/3469 5243/3534/3472
f 5236/4976/3471 5242/5078/4591 5241/5079/3469
f 5239/3526/3464 5242/5078/4591 5240/5077/4590
f 5239/3526/3464 5243/3534/3472 5242/5078/4591
f 5244/5080/4592 5245/961/937 5247/811/790
f 5248/960/936 5246/3110/3062 5249/1958/1922
f 5248/960/936 5251/812/791 5247/811/790
f 5249/1958/1922 5252/5081/3473 5255/1959/1923
f 5252/5081/3473 5257/5082/4593 5255/1959/1923
f 5252/3535/3473 5256/5083/4594 5257/5084/4593
f 5282/5085/4595 5283/5086/3487 5286/3550/3490
f 5284/5087/3397 5286/3550/3490 5283/5086/3487
f 5282/5085/4595 5286/3550/3490 5285/3458/3399
f 5284/3456/3397 5287/3576/3513 5289/5088/4596
f 5286/3550/3490 5289/5089/4596 5290/3548/3488
f 5287/3576/3513 5288/3552/3492 5289/5088/4596
f 5291/3549/3489 5290/3548/3488 5292/5090/4597
f 5289/5088/4596 5293/3551/3491 5292/5091/4597
f 5292/5090/4597 5294/5092/4598 5291/3549/3489
f 5291/3549/3489 5294/5092/4598 5293/3551/3491
f 5296/3556/3496 5297/5093/4599 5298/1664/1634
f 5297/5093/4599 5295/5094/4600 5300/1662/1632
f 5302/1663/1633 5303/5095/4601 5299/3555/3495
f 5295/5094/4600 5301/5096/4602 5300/1662/1632
f 5299/3555/3495 5303/5095/4601 5301/5097/4602
f 5301/5096/4602 5303/5098/4601 5307/5099/4603
f 5303/5095/4601 5305/5100/4604 5307/5101/4603
f 5302/1663/1633 5305/5100/4604 5303/5095/4601
f 5302/1663/1633 5304/5102/4605 5306/5103/4606
f 5306/5103/4606 5304/5102/4605 5307/5099/4603
f 5329/5104/4607 5330/3217/3164 5332/3216/3163
f 5335/3560/3500 5334/3215/3162 5330/3217/3164
f 5339/1265/1149 5336/3563/3502 5335/3560/3500
f 5337/5105/4608 5334/3215/3162 5336/3563/3502
f 5337/5105/4608 5343/5106/4609 5340/5107/4610
f 5341/5108/4611 5339/1265/1149 5344/3568/3506
f 5341/5108/4611 5345/5109/4612 5336/3563/3502
f 5344/5110/3506 5340/5107/4610 5343/5106/4609
f 5341/5108/4611 5344/3568/3506 5345/5109/4612
f 5347/5111/4613 5350/5112/4614 5349/5113/4615
f 5351/2245/2202 5350/5112/4614 5353/2246/2203
f 5351/2245/2202 5356/2247/2204 5349/5113/4615
f 5349/5113/4615 5354/3575/3512 5348/5114/4616
f 5356/2247/2204 5354/3575/3512 5349/5113/4615
f 5354/3575/3512 5355/3574/3511 5352/5115/3141
f 5352/3192/3141 5355/5116/3511 5360/5117/4617
f 5360/5117/4617 5355/5116/3511 5359/2172/4618
f 5387/5118/4619 5385/965/941 5388/3587/3524
f 5387/5119/4619 5390/3588/3525 5386/967/943
f 5387/5119/4619 5391/3595/3531 5390/3588/3525
f 5386/967/943 5392/3590/3527 5388/3587/3524
f 1929/1513/1487 1926/1511/1482 1930/1522/1496
f 5389/3589/3526 5393/3591/3528 5392/3590/3527
f 5390/3588/3525 5395/3594/3530 5389/3589/3526
f 5395/3594/3530 5393/3591/3528 5389/3589/3526
f 5398/3598/3534 5399/3605/3539 5397/5120/4620
f 5397/5120/4620 5399/3605/3539 5401/5121/4621
f 5404/3606/3540 5398/3598/3534 5400/3610/3533
f 5401/5121/4621 5403/3600/3536 5396/3602/3535
f 5402/3607/3541 5403/3600/3536 5401/5121/4621
f 5403/3600/3536 5407/3612/3544 5406/3608/3542
f 5403/3600/3536 5402/3607/3541 5408/3611/3543
f 5406/3609/3542 5408/3611/3543 5405/5122/4622
f 5429/3625/3557 5430/3628/3560 5432/3623/3555
f 5431/5123/3558 5429/3625/3557 5433/3624/3556
f 5432/3623/3555 5430/3628/3560 5434/3627/3559
f 5433/5124/3556 5436/5125/4623 5431/3626/3558
f 5434/3627/3559 5431/3626/3558 5435/3630/3562
f 5436/5125/4623 5435/3630/3562 5431/3626/3558
f 5433/3624/3556 5432/3623/3555 5436/5126/4623
f 5432/3623/3555 5435/3630/3562 5439/5127/4624
f 5432/3623/3555 5437/5128/4625 5436/5126/4623
f 5436/5126/4623 5437/5128/4625 5440/5129/4626
f 5438/5130/4627 5439/5127/4624 5441/5131/4628
f 5440/5132/4626 5442/5133/4629 5436/5125/4623
f 5436/5125/4623 5442/5133/4629 5439/5127/4624
f 5437/5128/4625 5441/5131/4628 5440/5129/4626
f 5444/3634/3566 5445/5134/4630 5447/3633/3565
f 5447/3633/3565 5446/5135/4631 5448/3979/3809
f 5443/5136/4632 5449/3636/3568 5445/5134/4630
f 5451/3637/3569 5449/3636/3568 5443/5136/4632
f 5451/3641/3569 5444/3634/3566 5450/2199/2158
f 5448/3979/3809 5446/5135/4631 5449/3636/3568
f 5451/3641/3569 5450/2199/2158 5454/2201/2160
f 5455/5137/3571 5457/5138/4633 5452/3877/3567
f 5456/3303/3250 5453/2200/2159 5457/5138/4633
f 5482/672/3581 5480/5139/4634 5483/2772/2721
f 5481/5140/4635 5484/5141/4636 5480/5139/4634
f 5484/5141/4636 5481/5140/4635 5485/5142/4637
f 5480/5139/4634 5484/5141/4636 5488/2770/2719
f 5485/5142/4637 5482/3652/3581 5486/2771/2720
f 4643/3167/3118 4641/2351/2309 4639/3165/3116
f 5487/5143/4638 5489/5144/4639 5484/5141/4636
f 5486/2771/2720 5490/3654/3583 5487/5143/4638
f 5489/5144/4639 5491/5145/4640 5488/2770/2719
f 5489/5144/4639 5492/5146/4641 5491/5145/4640
f 5489/5144/4639 5494/5147/4642 5492/5146/4641
f 5490/3654/3583 5493/3653/3582 5494/5147/4642
f 5498/1268/1246 5496/3656/3585 5499/730/709
f 5498/1268/1246 5501/3658/3587 5495/3655/3584
f 5500/732/711 5497/731/710 5495/3655/3584
f 3860/1642/1613 3857/5148/4643 3856/4694/4324
f 5500/732/711 5495/3655/3584 5501/5149/3587
f 5498/1268/1246 5500/732/711 5503/1269/1247
f 5502/1267/1245 5504/5150/3592 5501/3658/3587
f 5502/1267/1245 5503/1269/1247 5506/5151/4644
f 5506/5151/4644 5503/1269/1247 5505/3660/3588
f 5504/5150/3592 5502/1267/1245 5508/5152/4645
f 5508/5152/4645 5506/5151/4644 5505/3660/3588
f 3950/2751/2701 3948/955/931 3945/954/930
f 5316/2177/2139 5318/2179/2141 5314/2917/2867
f 3410/4561/4230 3411/3564/3503 3407/3566/3505
f 664/621/601 661/2754/2704 665/616/596
f 1545/5153/4646 1546/5154/4647 1547/5155/4648 1544/5156/4649
f 2530/1923/1887 2532/1922/1886 2529/4281/4027
f 4976/5013/4547 4977/3358/3300 4973/3357/3299
f 742/3735/3648 746/682/661 743/684/663
f 1584/1312/1288 1576/5157/534 1581/1306/1283
f 5387/5119/4619 5386/967/943 5383/5158/4650
f 5254/1957/1921 5253/813/792 5251/812/791
f 3079/3202/3151 3081/3201/3150 3077/5159/4651 3078/5160/4652
f 3745/2604/2557 3743/2606/2559 3748/2612/2565 3746/2611/2564
f 2058/5161/4653 2057/5162/4654 2056/5163/4655 2055/5164/4656
f 1911/5165/4657 1908/5166/4658 1913/5167/4659 1912/5168/4660
f 4501/3200/3149 4504/3087/3039 4499/5169/4661 4500/5170/4662
f 4656/939/915 4654/941/917 4655/5171/4663
f 4061/2832/2780 4063/2834/2782 4060/2836/2784
f 2156/4177/3954 2152/3168/3119 2155/4175/3952
f 2663/2005/1969 2667/2007/1971 2666/2010/1974 2664/2009/1973
f 2364/1202/1181 2363/5172/4664 2362/1203/1182
f 3027/2203/2162 3029/2205/2164 3024/2210/2169 3026/2209/2168
f 4269/2953/2905 4268/2955/1796 4264/1829/1795
f 4849/3283/3231 4851/3285/3233 4847/5173/4665 4848/5174/4666
f 1960/567/4667 1954/1533/1506 1956/1532/1505 1957/622/4668
f 1079/938/914 1074/943/919 1076/942/918 1077/936/912
f 4040/2807/2754 4039/2815/2762 4037/2814/2761 4036/2805/2752
f 3639/2539/2492 3641/2541/2494 3637/3791/3687
f 576/2721/2670 574/2722/2672 575/5175/4669
f 2345/1807/1774 2342/5176/1773 2343/1810/1777
f 1498/1343/1319 1495/1345/1321 1499/5177/4670
f 1531/831/810 1528/830/809 1532/3464/3403
f 5001/3378/3318 5005/3380/3320 5004/3386/3326 5002/3385/3325
f 3239/2342/2299 3234/2344/2301 3236/2343/2300 3237/2340/2297
f 3216/2322/2279 3214/4496/4181 3215/2319/2276
f 5098/3435/3375 5097/3037/2989 5092/3569/3373
f 5032/3401/3342 5029/3398/3339 5030/5029/4558
f 1708/737/716 1709/5178/4671 1705/738/717
f 4182/4790/4391 4178/4783/4386 4177/4782/4385
f 5374/3581/3518 5372/3583/3520 5377/3586/3523 5375/3585/3522
f 1940/1526/1500 1935/4103/3901 1937/1527/1501
f 1231/1053/1029 1232/5179/4672 1228/5180/4673 1229/530/1027
f 2928/3152/3103 2925/2143/2108 2929/5181/4674
f 1282/1937/1898 1279/1085/1062 1281/1053/1064
f 3390/2694/2643 3392/2696/2645 3388/3416/3356
f 2734/5182/4675 2735/5183/4676 2732/5184/4677 2733/5185/4678
f 4555/5186/4679 4554/5187/4680 4557/5188/4681 4556/5189/4682
f 2004/1025/1000 2006/1027/1002 2005/5190/4683
f 786/5191/4684 787/5192/4685 788/567/4686
f 3301/5193/4687 3302/5194/4688 3299/5195/4689 3300/5196/4690
f 4854/642/622 4852/644/624 4856/2764/2713
f 1598/2545/2499 1596/2547/2501 1597/5197/4691
f 5048/3412/3352 5045/5198/3350 5044/3405/3345
f 3436/1287/1265 3433/1289/1267 3437/1053/2386
f 4290/5199/4692 4292/5200/4693 4291/5201/4694
f 742/3735/3648 739/3734/3647 740/5202/4695
f 5346/5203/4696 5350/5112/4614 5347/5111/4613
f 3866/2690/2640 3864/1641/1612 3861/4696/4327
f 1286/622/4697 1283/672/4698 1289/1089/1066 1287/1088/1066
f 3623/4621/4274 3624/4623/2482 3618/4622/2481
f 5258/5204/4699 5263/5205/4700 5262/5206/4701 5259/5207/4702
f 4760/3553/3493 4762/2101/2066 4764/2100/2065
f 5479/5208/4703 5474/1721/1692 5477/1720/1691 5478/5209/4704
f 2720/2025/1989 2722/2027/1991 2718/2162/2127
f 3453/2432/2389 3448/2435/2392 3450/2434/2391 3451/2430/2387
f 3417/2415/2373 3418/4567/4234 3412/4564/4232
f 4979/5014/4548 4975/3363/3304 4980/3362/3303
f 2182/4182/3957 2179/4180/3955 2180/2579/2531
f 1132/5210/4705 1131/5211/4706 1130/5212/4707 1133/5213/4708
f 3942/2012/1976 3944/2747/2697 3940/2013/1977
f 2623/5214/4709 2622/5215/4710 2625/5216/4711 2624/5217/4712
f 2568/3381/3321 2566/3383/3323 2567/5218/4713
f 3895/2714/2663 3890/2716/2665 3892/2715/2664 3893/2712/2661
f 3588/1317/1293 3591/1316/1292 3587/5219/4714
f 2330/1308/1284 2334/5220/4715 2332/4224/1767
f 3353/5221/4716 3348/5222/4717 3349/5223/4718 3350/5224/4719
f 2724/5225/4720 2723/5226/4721 2726/5227/4722 2725/5228/4723
f 3803/5229/4724 3804/5230/4725 3805/5231/4726 3802/5232/4727
f 1730/1394/1370 1727/4043/3858 1728/4044/3859
f 3540/5233/4728 3541/5234/4729 3542/5235/4730 3539/5236/4731
f 1593/5237/4732 1592/5238/4733 1590/5239/4734 1589/5240/4735
f 2864/5241/4736 2869/5242/4737 2868/5243/4738 2865/5244/4739
f 521/526/505 523/528/507 518/534/513 520/533/512
f 5313/5245/4740 5312/5246/4741 5309/5247/4742 5308/5248/4743
f 2445/4261/4011 2447/1875/1840 2442/1877/1842
f 1278/576/1899 1282/1937/1898 1276/5249/4744 1277/5250/4745
f 2676/2608/2561 2675/5251/4746 2674/2609/2562
f 2011/1580/1551 2013/1582/1553 2008/1586/1557 2010/1585/1556
f 2707/1775/1742 2704/1406/1382 2708/2024/1988
f 3281/5252/4747 3284/5253/4748 3283/5254/4749 3282/5255/4750
f 3592/2515/2468 3596/5256/4751 3595/5257/4752 3594/2513/2466
f 2682/5258/4753 2683/5259/4754 2684/5260/4755 2681/5261/4756
f 2872/2107/2072 2874/2109/2074 2870/5262/4757 2871/5263/4758
f 4832/2189/2150 4833/3279/3227 4829/4978/4523
f 2588/4298/4041 2585/4299/1904 2593/4304/4042
f 1503/5264/4759 1504/5265/4759 1505/5266/4760 1502/2744/4761
f 4806/3259/3207 4804/3260/3209 4808/3770/3674
f 1606/952/928 1608/3115/3068 1604/953/929
f 2533/1921/1885 2535/1924/1888 2532/1922/1886
f 725/5267/4762 721/665/644 723/664/643 724/5268/4763
f 1989/1573/1544 1992/1572/1543 1988/5269/3910
f 1812/1438/1413 1807/1441/1416 1809/1440/1415 1810/1436/1411
f 4603/2866/2815 4605/2865/2814 4601/5270/4764 4602/5271/4765
f 4750/722/700 4753/724/702 4749/5272/4766
f 1336/1121/1098 1331/1123/1100 1333/1122/1099 1334/1119/1096
f 1510/3971/3803 1512/1246/1226 1507/2413/2371
f 3796/2641/2595 3794/2643/2597 3799/2649/2603 3797/2648/2602
f 5204/5273/4587 5200/3496/3434 5203/2323/2280
f 1824/4069/3877 1826/4071/3878 1820/1443/1418
f 1684/4034/3852 1686/4764/3514 1687/4036/3853
f 5168/897/873 5166/899/875 5167/5274/4767
f 2614/1961/1925 2611/1030/1005 2615/1029/1004
f 2622/5215/4710 2627/5275/4768 2626/5276/4769 2625/5216/4711
f 3247/1476/1451 3251/1477/1453 3245/672/2307
f 1620/1321/1297 1617/4007/3830 1614/4006/3831
f 4912/5277/4770 4915/3379/4771 4910/5278/4772 4911/5279/4772
f 4344/2981/2932 4343/2984/2935 4341/2983/2934 4340/2979/2930
f 2302/5280/4773 2305/5281/4774 2304/5282/4775 2303/5283/4776
f 4969/3352/3293 4971/3353/3295 4966/3356/3298 4968/3355/3297
f 2063/5284/4777 2064/5285/4778 2061/5286/4779 2062/5287/4777
f 3446/3347/3289 3445/5288/4780 3444/3345/3287
f 2229/5289/2715 2231/1724/1695 2228/5290/4781
f 512/3051/3001 510/3053/3003 511/5291/4782
f 3888/2708/2657 3887/2711/2660 3885/2710/2659 3884/2706/2655
f 3186/5292/4783 3187/5293/4784 3184/5294/4785 3185/5295/4786
f 1235/1056/1033 1233/1058/1035 1238/1061/1038 1236/1060/1037
f 3083/5296/4787 3082/5297/4788 3085/5298/4788 3084/5299/4787
f 3906/5300/4789 3907/5301/4790 3904/5302/4791 3905/5303/4789
f 868/3047/2997 871/772/752 870/5304/4792 869/5305/4793
f 4930/3338/3282 4927/3334/3278 4931/5006/4541
f 920/5306/4794 919/1634/1605 921/816/795
f 1575/5307/1275 1573/1301/1278 1578/1300/1277 1576/1307/534
f 2978/3512/3450 2976/3514/3452 2980/3994/3821
f 2459/2573/2525 2461/3058/3008 2457/2574/2526
f 705/2749/2698 704/2748/626 701/3729/3643
f 3256/5308/2311 3255/4502/4185 3262/2357/2315 3260/2360/2318
f 4792/5309/4795 4797/5310/4796 4796/5311/4797 4793/5312/4798
f 1241/2446/2402 1242/5313/4799 1243/2447/2403
f 1874/2362/2320 1873/1487/1462 1871/2361/2319
f 3376/4552/4222 3379/5314/4226 3375/4553/4223
f 3334/3472/3411 3332/2379/2336 3335/2381/2338
f 3352/5315/4800 3353/5221/4716 3350/5224/4719 3351/5316/4801
f 5410/2268/2228 5413/2822/2769 5412/2269/2229
f 4413/5317/4802 4416/5318/4803 4411/5319/4804 4412/5320/4805
f 4001/3161/3112 4003/3163/3114 4005/4822/4417
f 627/5321/4806 628/5322/4807 629/5323/4808 626/5324/4809
f 3114/1743/1712 3113/1745/1714 3110/5325/4810
f 2516/5326/4811 2515/5327/4812 2518/5328/4813 2517/5329/4814
f 4800/5330/4815 4803/5331/4816 4798/5332/4817 4799/5333/4818
f 790/704/682 793/703/681 792/5334/3658
f 1240/2258/2401 1243/2447/2403 1239/5335/4819
f 2765/2055/2022 2769/2057/2024 2768/975/4820 2766/5336/4821
f 4141/2882/2831 4140/5337/4822 4139/5338/4823 4138/2880/2829
f 3953/550/529 3955/3785/3684 3951/551/530
f 2061/5286/4779 2064/5285/4778 2060/5339/4824
f 2898/5340/2088 2897/1835/1801 2899/4407/4117
f 3546/3172/3123 3543/3174/3125 3547/5341/4825
f 4435/1302/1279 4433/5342/4826 4436/1303/1280
f 1684/5343/3852 1681/4033/3851 1680/1359/1336
f 3385/5344/4827 3382/2403/2360 3386/1053/2362
f 978/2986/2937 977/5345/4828 976/2987/2938
f 1451/1673/1643 1453/3158/3109 1449/1674/1644
f 1127/974/950 1129/976/952 1124/978/954
f 4715/5346/4829 4711/5347/4830 4712/5348/4831 4713/5349/4832
f 2321/1373/1349 2319/1375/1351 2320/5350/4833
f 4189/2015/1979 4192/2915/2865 4191/2016/1980
f 1262/2522/2475 1259/3897/3760 1260/3894/3758
f 1554/2299/2259 1557/1284/1262 1553/5351/4834
f 2115/5352/4835 2116/5353/4836 2117/5354/4837 2114/5355/4838
f 3302/5194/4688 3297/5356/4839 3298/5357/4840 3299/5195/4689
f 1742/1041/1016 1745/1043/1018 1744/2484/2438
f 1815/5358/4841 1816/4068/2926 1819/1442/1417 1817/1444/1419
f 1796/2250/2208 1800/2251/2209 1795/5359/4842
f 1069/3262/3211 1073/5360/4843 1072/3263/3212
f 2360/5361/4844 2361/5362/4845 2358/5363/4846 2359/5364/4847
f 4547/3113/3065 4546/5365/4848 4545/5366/4849 4544/3111/3063
f 4454/5367/4850 4455/5368/4851 4452/5369/4852 4453/5370/4853
f 2828/1331/1307 2826/1333/1309 2824/2073/2040
f 3494/5371/4854 3499/5372/4855 3498/5373/4856 3497/5374/4857
f 2526/5375/4858 2527/567/4859 2524/622/4859 2525/5376/4860
f 2269/2883/2832 2267/2885/2834 2264/1758/1727
f 635/608/587 639/3698/3617 636/609/588
f 5157/5377/4861 5163/5378/4862 5162/901/4863 5158/2544/2498
f 4247/2936/2887 4242/2944/2895 4244/2943/2894 4245/2934/2885
f 4793/5312/4798 4796/5311/4797 4795/5379/4864 4794/5380/4865
f 3039/2221/2180 3041/2223/2182 3042/1750/4866 3038/576/4867
f 2557/5381/4868 2563/5382/4869 2562/901/4870 2558/2962/2912
f 557/574/553 554/611/590 558/568/547
f 4901/3312/3257 4903/3314/3259 4898/3318/3263 4900/3317/3262
f 2878/5383/4871 2875/5384/4872 2880/5385/4873 2879/5386/4873
f 3859/4692/4325 3857/5148/4643 3860/1642/1613 3862/2691/2641
f 1265/2082/2048 1267/2524/2477 1263/2523/2476
f 1148/999/974 1147/990/966 1151/1000/975
f 3011/1597/1568 3013/4441/4140 3012/4440/4139
f 4747/3226/3172 4746/5387/4874 4745/5388/4875 4744/3224/3170
f 3853/1129/1106 3855/1131/1108 3851/2029/1993
f 1190/3236/3183 1192/3238/3185 1188/3662/3590
f 1701/1367/1344 1699/1369/1346 1704/1372/1348 1702/1371/1348
f 4513/5389/4876 4516/5390/4876 4511/5391/4877 4512/5392/4878
f 2540/1226/1205 2539/1933/1893 2536/1227/1206
f 3242/3117/3070 3240/3146/3097 3244/3118/3071
f 3228/2334/2291 3232/2336/2293 3231/2339/2296 3229/2338/2295
f 757/690/669 762/3745/3656 758/618/598
f 4169/2899/2850 4170/2910/2860 4168/2576/2528
f 4271/5393/2906 4273/5394/4879 4268/1830/1796
f 2389/4238/3996 2393/5395/3999 2387/5396/4880
f 5047/3404/3344 5048/3412/3352 5044/3405/3345
f 1285/5397/4881 1284/5398/4882 1283/672/4698 1286/622/4697
f 3648/1915/1879 3651/1917/1881 3647/5399/4883
f 616/596/575 618/598/577 613/600/579 615/599/578
f 3255/4502/4185 3256/5308/2311 3252/5400/2313
f 4446/2347/2304 4449/3043/2993 4448/2348/2305
f 4894/3439/3381 4896/3441/3383 4895/5401/4884
f 2619/1962/1927 2621/1964/1929 2617/2730/2680
f 5119/5402/4885 5118/5403/4886 5121/5404/4887 5120/5405/4888
f 3666/4633/4282 3667/633/613 3669/4634/4283
f 4949/5406/4889 4952/5407/4890 4951/5408/4891 4950/5409/4892
f 1959/5410/4893 1960/567/4667 1957/622/4668 1958/5411/4894
f 1801/1432/1407 1806/1435/1410 1804/1434/1409 1803/1430/1405
f 1173/5412/4895 1172/5413/4896 1171/5414/4897 1170/5415/4898
f 4515/5416/4899 4516/5390/4876 4513/5389/4876 4514/5417/4900
f 2509/1165/1143 2512/933/909 2514/935/911
f 778/1339/1315 782/5418/4901 781/5419/4902 780/1337/1313
f 3398/1750/4903 3395/2405/2363 3393/2407/2365
f 5037/2520/2473 5039/5032/4560 5035/2703/2652
f 532/544/523 525/546/525 529/536/515
f 1340/530/509 1337/529/508 1342/5420/4904 1341/5421/4905
f 965/3390/3330 969/5422/4906 968/853/829
f 3732/2111/2076 3735/2593/2545 3734/2112/2077
f 4414/5423/4907 4415/5424/4908 4416/5318/4803 4413/5317/4802
f 2849/5425/2046 2844/4398/2045 2847/4399/4112
f 2785/5426/4909 2786/5427/4910 2783/5428/4911 2784/5429/4912
f 1262/2522/2475 1260/3894/3758 1263/2523/2476
f 2527/567/4859 2521/1920/1884 2523/1919/1883 2524/622/4859
f 4265/4820/4415 4260/4816/4411 4263/4818/4413
f 1389/5430/4913 1390/567/4914 1387/3297/3244 1388/5431/4915
f 1174/5432/4916 1173/5412/4895 1170/5415/4898 1169/5433/4917
f 1756/3213/3160 1758/2373/2330 1760/2375/2332
f 4600/5434/4918 4599/5435/4919 4596/5436/4920 4595/5437/4921
f 2681/5261/4756 2684/5260/4755 2679/5438/4922 2680/5439/4923
f 3484/1020/995 3487/2458/2414 3486/1021/996
f 644/5440/3623 645/3704/3622 648/3631/3563 647/3707/3625
f 2213/1711/1681 2215/1713/1683 2211/3329/3274
f 4695/5441/4924 4699/5442/4925 4698/5443/4926
f 1023/1547/1520 1025/1549/1522 1028/902/878
f 1852/1053/1444 1853/5444/4927 1849/5445/4928 1850/530/1442
f 2227/5446/4929 2228/5290/4781 2230/1723/1694 2232/4122/3915
f 1183/5447/4930 1182/5448/4931 1181/672/4932 1184/622/4933
f 2165/2854/2803 2167/2853/2802 2163/5449/4934 2164/5450/4935
f 902/799/778 903/797/776 897/795/774
f 1572/3995/3822 1568/1293/1271 1571/1295/1273
f 2955/2165/2129 2954/2164/2123 2951/4427/2124
f 2713/734/713 2717/5451/4936 2716/735/714
f 1485/1232/1211 1488/1233/1213 1487/3108/3060
f 4904/3322/3267 4909/3327/3272 4907/3326/3271 4906/3320/3265
f 5323/5452/4937 5322/1403/1379 5319/1402/1378
f 1502/2744/4761 1505/5266/4760 1500/5453/4938 1501/5454/4939
f 527/2235/527 524/5455/3593 525/546/525 528/545/524
f 4834/2188/2149 4840/4984/4527 4837/3278/3226
f 3288/5456/4940 3291/5457/4941 3286/5458/4942 3287/5459/4943
f 5319/1402/1378 5321/1404/1380 5320/5460/4944
f 576/2721/2670 571/5461/4945 572/5462/4946 573/576/2671
f 649/5463/591 644/5440/3623 647/3707/3625
f 5110/2613/2566 5107/1216/1195 5111/1215/1194
f 3250/5464/4947 3251/1477/1453 3248/622/1452 3249/5465/4947
f 2816/525/504 2814/524/503 2817/2069/2035
f 5209/694/672 5212/1819/1785 5211/695/673
f 2432/1861/1827 2430/1863/1829 2426/4254/4007
f 825/5466/4948 826/5467/4949 827/5468/4950 824/5469/4951
f 5129/3444/3386 5124/3447/3389 5126/3446/3388 5127/3442/3384
f 4407/622/4952 4404/672/4953 4410/3017/2970 4408/3016/2969
f 2669/3514/4954 2670/3614/3546 2673/3613/3545
f 1184/622/4933 1181/672/4932 1187/1024/999 1185/1023/998
f 2452/5470/4955 2455/5471/4956 2454/5472/4957 2453/5473/4958
f 1530/3977/3808 1524/3465/3404 1525/3975/3805
f 2985/5474/4959 2986/5475/4960 2983/5476/4961 2984/5477/4962
f 5469/5478/4963 5468/5479/4964 5471/5480/4965 5470/5481/4966
f 2352/3089/3041 2356/5482/4967 2355/3090/3042
f 3339/2382/2339 3341/2384/2341 3337/5483/4968 3338/5484/4968
f 5380/822/801 5381/5485/4969 5382/820/799
f 1916/5486/4970 1919/5487/4971 1914/5488/4972 1915/5489/4972
f 900/753/732 899/3782/3681 892/751/730
f 1022/5490/4973 1021/5491/4974 1018/5492/4975 1017/5493/4976
f 1090/5494/4977 1091/5495/4978 1088/5496/4979 1089/5497/4980
f 2916/5498/4981 2918/5499/4982 2917/5500/4983
f 1180/1015/990 1175/1017/992 1177/1016/991 1178/1013/988
f 3176/5501/4984 3181/5502/4985 3180/5503/4986 3177/5504/4987
f 3324/1979/1944 3320/2368/2325 3326/4533/4207
f 671/5505/4988 672/5506/4989 669/5507/4990 670/5508/4988
f 1165/698/676 1166/3869/3742 1164/696/674
f 2654/4324/736 2661/5509/4060 2656/1997/1961
f 5367/1681/1651 5369/817/796 5371/819/798
f 2314/1519/1493 2312/1579/1550 2316/1520/1494
f 3365/2395/2352 3363/4543/4215 3361/4541/4214
f 4997/3375/3315 4993/5510/4554 4995/3374/3314
f 4353/2993/2944 4357/5511/4991 4356/5512/4992 4355/2991/2942
f 1949/1069/1046 1952/1531/1504 1951/1070/1047
f 3085/5298/4788 3082/5297/4788 3087/5513/4993 3086/5514/4994
f 2803/1095/1072 2801/2067/2033 2802/4383/4099
f 3602/5515/4995 3597/5516/4996 3598/5517/4997 3599/5518/4998
f 4231/2927/2877 4234/5519/4999 4230/2924/2874
f 1648/1342/1318 1652/567/5000 1651/5520/5001 1650/1340/1316
f 3502/3500/3438 3503/5521/5002 3504/3501/3439
f 3788/5522/5003 3789/2207/2166 3793/2206/2165
f 1224/1048/1023 1223/1051/1026 1221/1050/1025 1220/1046/1021
f 5065/3419/3359 5070/3422/3362 5068/3421/3361 5067/3417/3357
f 1972/1543/1516 1967/1546/1519 1969/1545/1518 1970/1541/1514
f 2577/5523/5004 2580/5524/5005 2575/5525/5006 2576/5526/5007
f 3702/5527/5008 3697/5528/5009 3698/5529/5010 3699/5530/5011
f 3123/5531/5012 3129/5532/5013 3128/901/5014 3124/3153/3104
f 2292/5533/1740 2291/4211/3977 2288/1774/1741
f 4599/5435/4919 4598/5534/5015 4597/5535/5016 4596/5436/4920
f 736/5536/5017 737/3223/3169 734/622/3168 735/5537/5018
f 1435/5538/5019 1434/5539/5020 1433/1347/5021 1432/5540/5022
f 4756/3231/3177 4754/3233/3179 4759/1752/3182 4757/3235/3181
f 5161/2543/2496 5158/2544/2498 5162/901/4863
f 674/5541/5023 673/5542/5024 676/5543/5025 675/5544/5026
f 4521/635/615 4523/4889/4466 4520/636/616
f 2226/5545/5027 2221/5546/5028 2222/5547/5029 2223/5548/5030
f 4160/2894/2845 4155/2897/2848 4157/2896/2847 4158/2892/2843
f 3582/792/771 3585/1538/2458 3584/793/772
f 844/754/733 845/1176/1154 849/760/739 848/755/734
f 3342/2387/2344 3347/2390/2347 3345/2389/2346 3344/2385/2342
f 1889/745/724 1894/4091/3894 1891/746/725
f 3292/1739/1708 3296/5549/5031 3295/5550/5032 3294/1737/1706
f 2353/3088/3040 2355/3090/3042 2354/5551/5033
f 833/2226/2186 831/1279/1257 828/729/708
f 1371/1254/1233 1375/877/853 1374/1146/1123
f 2443/1880/1845 2446/1876/1841 2447/1875/1840
f 5250/5552/3474 5252/5081/3473 5249/1958/1922
f 1150/3862/965 1153/3861/3737 1151/1000/975
f 4352/567/5034 4346/2989/2940 4348/2988/2939 4349/622/5035
f 3936/773/753 3939/775/755 3938/2745/2695
f 838/1789/1756 834/5553/5036 835/5554/5037 836/1787/1754
f 5361/5555/5038 5365/901/5039 5364/3580/3517 5362/3579/3516
f 3420/4569/4235 3423/4570/1533 3419/5556/2375
f 4936/2004/1968 4940/2003/1967 4939/3344/3286
f 2973/2174/2136 2975/2176/2138 2971/3573/3510
f 4860/2781/2729 4861/5557/5040 4862/2782/2730
f 4090/5558/5041 4089/5559/5042 4088/5560/5043 4087/5561/5044
f 2225/5562/5045 2226/5545/5027 2223/5548/5030 2224/5563/5046
f 986/865/841 981/871/847 983/870/846 984/863/839
f 606/5564/5047 612/5565/5048 611/901/5049 607/3680/3603
f 1821/1456/1421 1816/2975/2926 1818/2977/2928
f 3441/980/956 3443/982/958 3439/1286/1264
f 4466/3056/3006 4461/3061/3011 4463/3060/3010 4464/3054/3004
f 4958/5566/5050 4959/5567/5051 4956/5568/5052 4957/5569/5053
f 767/5570/5054 772/5571/5055 771/5572/5056 768/5573/5057
f 5312/5246/4741 5311/5574/5058 5310/5575/5059 5309/5247/4742
f 2171/866/842 2168/868/844 2172/5576/5060
f 4097/5577/5061 4094/2849/2797 4096/2850/2799
f 4820/3265/3214 4816/4972/4520 4818/4971/4519
f 5446/5135/4631 5447/3633/3565 5445/5134/4630
f 3988/2779/2727 3987/2785/2733 3985/2784/2732 3984/2777/2725
f 641/3700/3619 643/3702/3620 639/3698/3617
f 3102/2062/2028 3099/2266/2226 3098/2063/2029
f 2569/5578/5062 2574/5579/5063 2573/5580/5064 2572/5581/5065
f 1639/1854/1820 1642/1860/1826 1641/1855/1821
f 5024/5582/5066 5025/1055/1032 5022/622/1031 5023/5583/5067
f 516/1845/1811 513/1847/1813 517/5584/5068
f 5073/5585/5069 5076/5586/5070 5071/5587/5071 5072/5588/5072
f 2174/3280/3228 2177/3282/3230 2173/5589/5073
f 909/803/782 908/805/784 905/2527/2480
f 2162/5590/5074 2161/5591/5075 2159/5592/5076 2158/5593/5077
f 3825/1107/1084 3827/2364/2322 3823/1108/1085
f 4438/1304/1281 4442/3039/2991 4435/1302/1279
f 2440/4260/4012 2441/1976/1941 2437/2633/2586
f 2125/1159/1136 2127/1161/1138 2123/3253/3201
f 3104/4467/4157 3100/1110/1087 3101/1661/1631 3105/2271/2231
f 4201/2970/5078 4200/5594/5079 4199/5595/5080 4202/5596/5081
f 3649/1916/1880 3650/5597/5082 3651/1917/1881
f 3227/5598/5083 3223/1457/1430 3220/1459/1432
f 524/3665/3593 531/535/514 526/537/516
f 5021/1054/1030 5025/1055/1032 5019/672/3335
f 1383/1158/1135 1382/1164/1141 1380/1163/1140 1379/1156/1133
f 3767/4667/4304 3763/2688/1536 3761/4665/4303
f 4734/4954/4511 4732/3212/3159 4733/3220/3166
f 3898/2718/2667 3896/2720/2669 3901/2725/2675 3899/2724/2674
f 1402/5599/5084 1397/5600/5085 1398/5601/5086 1399/5602/5087
f 3074/2253/2211 3071/1627/1598 3075/1626/1597
f 3465/1706/1676 3464/2443/2399 3461/1707/1677
f 2465/5603/5088 2462/5604/5089 2467/5605/5090 2466/5606/5091
f 4774/4963/4515 4771/4962/2838 4769/3239/3186
f 715/658/637 719/660/639 718/663/642 716/662/641
f 4738/3219/3165 4735/1152/1129 4734/4954/4511
f 2120/2215/2174 2118/2217/2176 2122/2477/2431
f 1842/2762/2711 1846/5607/5092 1845/1468/1441
f 1861/1954/1918 1864/1956/1920 1860/5608/5093
f 1862/1955/1919 1863/5609/5094 1864/1956/1920
f 3187/5293/4784 3182/5610/5095 3183/5611/5096 3184/5294/4785
f 5012/3389/3329 5007/3392/3332 5009/3391/3331 5010/3387/3327
f 5094/3431/3371 5095/3436/3376 5092/3569/3373
f 5360/5117/4617 5358/2423/2381 5357/2422/2380 5352/3192/3141
f 774/5612/5097 777/5613/5098 773/5614/5099
f 3858/4693/1614 3862/2691/2641 3863/4697/4328 3861/4696/4327
f 929/5615/5100 928/5616/5101 931/5617/5102 930/5618/5103
f 3501/3499/3437 3504/3501/3439 3500/5619/5104
f 515/1846/1812 514/5620/5105 513/1847/1813
f 4893/3440/3382 4897/5621/5106 4896/3441/3383
f 2932/5622/5107 2933/5623/5108 2934/2149/2114 2931/2148/2113
f 1080/947/923 1085/950/926 1083/949/925 1082/945/921
f 3101/1661/1631 3099/2266/2226 3105/2271/2231
f 2235/1731/1702 2230/1723/1694 2236/1722/1693
f 3646/5624/5109 3645/1715/1685 3642/1714/1684
f 3491/5625/5110 3492/5626/5111 3493/2460/2416 3490/2459/2415
f 928/5616/5101 933/5627/5112 932/5628/5113 931/5617/5102
f 5218/3504/3442 5213/3508/3446 5215/3507/3445 5216/3502/3440
f 2307/5629/5114 2308/3196/3145 2311/1786/1753
f 1698/1363/1340 1693/1365/1342 1695/1364/1341 1696/1361/1338
f 4232/2926/2876 4235/5630/4410 4234/5519/4999 4231/2927/2877
f 503/5631/5115 506/5632/5116 505/5633/5117 504/5634/5118
f 3280/5635/5119 3285/5636/5120 3284/5253/4748 3281/5252/4747
f 2924/2139/2104 2922/2506/2459 2923/5637/5121
f 973/854/830 975/856/832 970/861/837 972/860/836
f 5304/5102/4605 5300/1662/1632 5301/5096/4602
f 4984/5015/4549 4982/3369/3308 4979/5014/4548
f 4202/5596/5081 4199/5595/5080 4204/5638/5122 4203/5639/5123
f 880/776/756 878/778/756 883/781/760 881/780/759
f 5468/5479/4964 5473/5640/5124 5472/5641/5125 5471/5480/4965
f 3662/2549/2503 3661/2550/2504 3658/1631/1602
f 4698/5443/4926 4697/5642/5126 4696/5643/5127 4695/5441/4924
f 3045/4452/2189 3048/4449/4147 3044/4448/4146
f 3793/2206/2165 3790/2208/2167 3792/1053/2594
f 502/5644/5128 507/5645/5129 506/5632/5116 503/5631/5115
f 2263/1756/1724 2259/5646/5130 2260/5647/5130 2261/1754/1722
f 4659/739/718 4657/741/720 4661/3178/3129
f 4713/5349/4832 4714/5648/5131 4715/5346/4829
f 925/1790/1757 927/1792/1759 923/2136/2101
f 4050/2818/2765 4048/2820/2767 4052/3324/3269
f 936/3045/2995 938/3287/3235 934/3046/2996
f 2806/1094/1071 2801/2067/2033 2803/1095/1072
f 3672/4636/4284 3675/4640/4287 3669/4634/4283
f 1462/1192/1170 1456/1191/1169 1461/2735/2685
f 4359/2669/2619 4362/2671/2621 4358/5649/5132
f 1712/5650/5133 1715/4037/3854 1711/742/721
f 1140/5651/5134 1136/985/961 1138/984/960 1139/5652/5135
f 577/581/560 584/587/564 580/582/561
f 4859/2780/2728 4862/2782/2730 4857/672/3237
f 3289/5653/5136 3290/5654/5137 3291/5457/4941 3288/5456/4940
f 2471/1887/1852 2473/1889/1854 2468/1892/1857 2470/1891/1856
f 3190/2619/2572 3188/3492/3430 3192/2620/2573
f 2059/5655/5138 2058/5161/4653 2055/5164/4656 2054/5656/5139
f 4652/5657/5140 4653/940/916 4656/939/915
f 1907/575/554 1904/577/556 1906/1053/1476
f 1264/3898/3761 1266/3899/2047 1261/3896/2049
f 3992/2786/2734 3994/2788/2736 3990/5658/5141 3991/5659/5141
f 4608/963/939 4606/3151/3102 4610/964/940
f 5280/3544/3483 5275/3546/3486 5277/1684/3485 5278/3542/3481
f 4665/1971/1936 4666/5660/5142 4662/1972/1937
f 2832/5661/5143 2833/5662/5143 2834/5663/5144 2831/5664/5144
f 3136/1012/987 3140/5665/5145 3139/5666/5146 3138/1010/985
f 3304/2973/2924 3307/1725/1696 3305/1727/1698
f 1999/2937/2888 2001/5667/5147 1998/1575/1546
f 4869/3289/1055 4873/3298/3245 4871/1740/1709
f 3426/1563/1535 3428/2428/2384 3423/1561/1533
f 1594/5668/5148 1595/2546/2500 1598/2545/2499
f 5349/5113/4615 5348/5114/4616 5346/5669/4696
f 3019/5670/5149 3022/5671/5150 3021/5672/5151 3020/5673/5152
f 1070/3261/3210 1072/3263/3212 1071/5674/5153
f 4106/2275/2235 4108/2277/2237 4104/3176/3127
f 3693/2562/2514 3691/2564/2516 3696/2567/2519 3694/2566/2518
f 1293/5675/5154 1294/5676/5155 1295/5677/5156 1292/5678/5157
f 5324/5679/5158 5325/2827/2774 5328/2826/2773
f 3196/2300/2260 3198/2302/2262 3193/2305/2265 3195/2304/2264
f 884/5680/5159 885/2074/2041 888/784/763
f 5013/5681/5160 5018/5682/5161 5017/5683/5161 5016/5684/5162
f 2633/1969/1934 2628/1975/1940 2630/1974/1939 2631/1967/1932
f 3093/5685/5163 3094/2597/2550 3091/622/2549 3092/5686/5164
f 3591/1316/1292 3589/1318/1294 3590/5687/5165
f 2800/3947/4101 2804/5688/2032 2802/4383/4099
f 1119/2847/2795 1123/5689/5166 1122/2848/2796
f 4351/5690/5167 4352/567/5034 4349/622/5035 4350/5691/5168
f 5115/2092/2058 5117/3468/3407 5113/2093/2059
f 4143/2889/2839 4145/2793/2741 4148/2792/2740
f 1917/5692/5169 1918/5693/5169 1919/5487/4971 1916/5486/4970
f 3144/5694/5170 3145/5695/5171 3146/5696/5172 3143/5697/5173
f 3996/5698/5174 3995/5699/5175 3998/5700/5176 3997/5701/5177
f 2673/3613/3545 2671/3615/3547 2672/5702/5178
f 508/5703/5179 509/3052/3002 512/3051/3001
f 5060/5704/5180 5061/2258/2217 5064/2257/2216
f 1012/889/865 1008/3813/3703 1011/896/872
f 4963/5705/5181 4960/5706/5182 4965/5707/5183 4964/5708/5184
f 2419/5709/5185 2420/5710/5186 2421/5711/5187 2418/5712/5188
f 1329/1118/1095 1328/5713/5189 1327/5714/5190 1326/1116/1093
f 3399/2409/2367 3401/1238/1218 3403/1237/1217
f 3601/5715/5191 3602/5515/4995 3599/5518/4998 3600/5716/5192
f 693/1874/1839 696/1873/1838 695/5717/3639
f 2786/5427/4910 2781/5718/5193 2782/5719/5194 2783/5428/4911
f 979/2985/2936 976/2987/2938 980/5720/5195
f 4360/2670/2620 4361/5721/5196 4362/2671/2621
f 3529/4591/4249 3531/5722/2436 3526/5723/2435
f 3038/576/4867 3042/1750/4866 3036/5724/5197 3037/5725/5198
f 2805/4385/4100 2803/1095/1072 2802/4383/4099
f 4258/1820/1786 4256/1822/1788 4257/5726/5199
f 1387/3297/3244 1390/567/4914 1385/3295/3242
f 4634/2626/2578 4640/3164/3115 4637/2627/2579
f 3395/2405/2363 3398/1750/4903 3397/5727/5200 3396/5728/5201
f 2230/1723/1694 2234/1733/1704 2232/4122/3915
f 3269/2907/2857 3271/5729/2902 3266/2905/2855
f 2845/2085/2051 2842/4396/4111 2841/2075/2042
f 4230/2924/2874 4227/2922/2872 4231/2927/2877
f 4196/2034/1998 4197/5730/5202 4198/1372/1999
f 5064/2257/2216 5062/2259/2218 5063/5731/5203
f 4565/3121/3074 4560/3124/3077 4562/3123/3076 4563/3119/3072
f 1497/1344/1320 1496/5732/5204 1495/1345/1321
f 2402/3180/3131 2405/3182/3133 2404/3311/3256
f 4045/5733/5205 4046/5734/5206 4047/5735/5207 4044/5736/5208
f 5054/5737/5209 5059/5738/5209 5058/5739/5210 5055/5740/5211
f 1442/1195/1173 1437/1197/1175 1439/1196/1174 1440/1193/1171
f 1445/1199/1177 1443/1200/1179 1448/1206/1185 1446/1205/1184
f 2114/5355/4838 2117/5354/4837 2112/5741/5212 2113/5742/5213
f 5378/5743/5214 5379/821/800 5382/820/799
f 4171/2903/2853 4169/2899/2850 4165/2904/2854
f 4961/5744/5215 4960/5706/5182 4963/5705/5181 4962/5745/5216
f 1133/5213/4708 1130/5212/4707 1135/5746/5217 1134/5747/5218
f 4195/2033/1997 4198/1372/1999 4194/5748/5219
f 3681/2510/2463 3684/2512/2465 3683/3424/3364
f 1748/2728/2678 1749/5749/5220 1750/2726/2676
f 1490/1781/1748 1492/1783/1750 1494/3621/3553
f 1590/5239/4734 1592/5238/4733 1591/5750/5221
f 4044/5736/5208 4047/5735/5207 4042/5751/5222 4043/5752/5223
f 5302/1663/1633 5300/1662/1632 5304/5102/4605
f 4707/5753/5224 4706/3258/3206 4709/3257/3205 4708/569/5225
f 4703/3193/3142 4705/3195/3144 4700/3198/3147 4702/3197/3146
f 5169/3477/3416 5173/5754/5226 5172/5755/5227 5171/3475/3414
f 5264/3537/3476 5266/2941/2892 5269/2940/2891
f 1692/2262/2221 1691/5756/5228 1690/5757/5229 1689/2260/2219
f 3770/5758/4309 3775/4670/2581 3771/4669/4306
f 3257/2354/2312 3258/2356/2314 3253/2358/2316
f 1348/1128/1105 1343/1134/1111 1345/1133/1110 1346/1126/1103
f 3143/5697/5173 3146/5696/5172 3141/5759/5230 3142/5760/5231
f 5221/2508/2461 5219/3511/3449 5223/2509/2462
f 4207/1241/1221 4209/1763/1732 4205/1242/1222
f 4091/5761/5232 4090/5558/5041 4087/5561/5044 4086/5762/5233
f 3742/2596/2548 3737/2602/2555 3739/2601/2554 3740/2594/2546
f 4277/2956/2907 4284/4831/4424 4283/2961/2911
f 1655/1347/1323 1658/2135/2100 1653/672/1324
f 1029/905/881 1034/908/884 1032/907/883 1031/903/879
f 4248/5763/5234 4251/2946/2897 4249/2947/2899
f 5247/811/790 5250/3536/3474 5244/5080/4592
f 4452/5369/4852 4455/5368/4851 4451/5764/5235
f 4505/3093/3046 4510/3096/3049 4508/3095/3048 4507/2709/3044
f 2411/1852/1818 2415/5765/5236 2414/5766/5236 2413/1850/1816
f 2831/5664/5144 2834/5663/5144 2829/5767/5237 2830/5768/5238
f 2014/1590/1561 2019/1593/1564 2017/1592/1563 2016/1588/1559
f 4689/4942/4500 4691/4947/4505 4688/3190/3139
f 5424/5769/5239 5425/2857/2806 5428/2856/2805
f 2245/1735/1705 2241/4203/3971 2242/1736/1566
f 726/5770/5240 730/669/648 728/668/647 727/5771/5241
f 4574/1348/1325 4570/1350/1327 4566/3030/2982
f 3545/3173/3124 3544/5772/5242 3543/3174/3125
f 4617/2863/2812 4619/4915/4484 4618/2864/2813
f 2273/5773/5243 2274/5774/5244 2270/1761/1730 2272/1760/1729
f 682/623/603 684/625/605 679/628/608 681/627/607
f 3690/2558/2510 3685/2560/2512 3687/2559/2511 3688/2556/2508
f 2503/1908/1872 2507/1910/1874 2506/1913/1877 2504/1912/1876
f 4615/5775/5245 4616/5776/5246 4613/5777/5247 4614/5778/5248
f 1794/5779/5249 1793/5780/5250 1791/5781/5251 1790/5782/5252
f 824/5469/4951 827/5468/4950 822/5783/5253 823/5784/5254
f 4529/4890/4467 4528/4891/4468 4526/4887/4465
f 2570/5785/5255 2569/5578/5062 2572/5581/5065 2571/5786/5256
f 5134/541/520 5130/543/522 5131/3451/3393
f 3652/719/697 3656/649/629 3654/651/631
f 2845/2085/2051 2848/2084/2050 2846/2078/2044
f 5229/3519/3457 5224/3522/3460 5226/3521/3459 5227/3517/3455
f 4423/3026/2978 4422/675/654 4419/3019/2972
f 4913/5787/5257 4914/5788/5258 4915/3379/4771 4912/5277/4770
f 4098/5789/5259 4103/5245/5260 4102/5790/5261 4101/5791/5262
f 2335/5792/5263 2333/4225/3987 2331/1801/1768
f 4182/4790/4391 4181/4789/4390 4187/5793/4395
f 3133/2280/2241 3135/2282/2243 3130/2284/2245 3132/2283/2244
f 3177/5504/4987 3180/5503/4986 3179/5794/5264 3178/5795/5265
f 4296/570/549 4298/2965/2916 4299/571/550
f 2919/5796/5266 2918/5499/4982 2916/5498/4981 2915/5797/5267
f 3127/2279/2240 3124/3153/3104 3128/901/5014
f 2767/5798/5268 2766/5336/4821 2768/975/4820
f 3750/1926/1890 3753/1928/1892 3749/5799/5269
f 1091/5495/4978 1086/3378/5270 1087/5800/5271 1088/5496/4979
f 5461/3645/3575 5460/5801/5272 5459/5802/5273 5458/3643/3573
f 3844/2668/2618 3839/2673/2623 3841/2672/2622 3842/2666/2616
f 1096/5803/5274 1094/3836/3718 1092/5804/3714
f 568/578/557 566/580/559 570/5805/5275 569/5806/5276
f 2776/1646/1617 2780/5807/5277 2779/5808/5278 2778/1644/1615
f 2022/5809/5279 2025/5810/5280 2020/5811/5281 2021/5812/5282
f 2254/1751/1719 2257/1753/1721 2256/3558/3498
f 1401/5813/5283 1402/5599/5084 1399/5602/5087 1400/5814/5284
f 1910/5815/5285 1909/5816/5286 1908/5166/4658 1911/5165/4657
f 4134/4776/2827 4129/4773/2826 4132/4774/4381
f 1021/5491/4974 1020/5817/5287 1019/5818/5288 1018/5492/4975
f 563/5819/5289 564/5820/5290 565/5821/5291 562/5822/5292
f 1601/848/824 1599/850/826 1603/1320/1296
f 5339/1265/1149 5341/5108/4611 5336/3563/3502
f 1541/1272/1250 1540/1278/1256 1538/1277/1255 1537/1270/1248
f 2986/5475/4960 2981/5823/5293 2982/5824/5294 2983/5476/4961
f 3435/5825/5295 3434/1288/1266 3436/1287/1265
f 2515/5327/4812 2520/5826/5296 2519/5827/5297 2518/5328/4813
f 5055/5740/5211 5058/5739/5210 5057/5828/5298 5056/5829/5299
f 3273/4510/4190 3274/5830/5300 3269/2907/2857
f 4935/3342/3284 4939/5007/3286 4941/3062/3012
f 1232/5179/4672 1226/5831/5301 1227/5832/5302 1228/5180/4673
f 2159/5592/5076 2161/5591/5075 2160/5833/5303
f 4813/3147/3098 4811/3149/3100 4812/5834/5304
f 2190/1693/1663 2188/4184/3958 2189/5835/3960
f 4874/3293/3240 4869/1078/1055 4870/1077/1054
f 4152/1273/1251 4149/1275/1253 4154/2852/2801
f 3090/2264/2223 3094/2597/2550 3088/672/2224
f 4251/2946/2897 4248/5763/5234 4253/5836/5305 4252/5837/5306
f 2823/2072/2038 2819/5838/5307 2820/5839/5308 2821/2070/2036
f 3122/4476/4164 3118/4472/4161 3116/4473/2233 3120/5840/4163
f 3751/1927/1891 3752/5841/5309 3753/1928/1892
f 2578/5842/5310 2579/5843/5311 2580/5524/5005 2577/5523/5004
f 1198/1033/1008 1197/1556/1529 1193/1034/1009
f 2301/5844/5312 2306/5845/5313 2305/5281/4774 2302/5280/4773
f 3421/1453/1427 3422/1562/1534 3420/4569/4235
f 4099/5846/5314 4098/5789/5259 4101/5791/5262 4100/5847/5315
f 5270/5848/5316 5274/3541/3480 5272/3540/3479 5271/5849/5317
f 788/567/4686 783/701/679 785/700/678 786/5191/4684
f 546/564/543 541/558/537 543/3667/3594
f 3701/5850/5318 3702/5527/5008 3699/5530/5011 3700/5851/5319
f 1715/4037/3854 1712/5852/5133 1713/1379/1355
f 4493/1413/1389 4497/3084/3035 4496/1414/1390
f 1550/857/833 1548/859/835 1552/1281/1259
f 2365/1201/1180 2362/1203/1182 2366/5853/5320
f 5118/5403/4886 5123/5854/5321 5122/5855/5322 5121/5404/4887
f 3814/2653/2607 3817/2656/2609 3811/2655/2608
f 3838/2256/2215 3837/5856/5323 3836/5857/5324 3835/2254/2213
f 1096/5803/5274 1100/3842/3722 1098/3069/3019
f 673/5542/5024 678/5858/5325 677/5859/5326 676/5543/5025
f 2772/3619/3551 2775/3618/3550 2771/5860/5327
f 1295/5677/5156 1290/5861/5328 1291/5862/5329 1292/5678/5157
f 2967/2462/2418 2969/2464/2420 2968/5863/5330
f 5365/901/5039 5361/5555/5038 5366/5864/5331
f 820/726/704 817/2790/2738 821/2789/2737
f 1752/5865/5332 1751/3428/3368 1754/3430/3370 1753/5866/5333
f 5177/3478/3417 5179/3480/3419 5174/3483/3422 5176/3482/3421
f 2134/1668/1638 2133/1665/1635 2130/4161/3942
f 1543/5867/5334 1544/5156/4649 1547/5155/4648
f 4311/2968/2919 4306/2971/2922 4308/2970/2921 4309/2966/2917
f 1849/5445/4928 1853/5444/4927 1847/5868/5335 1848/5869/5336
f 3632/1685/1655 3635/2538/2491 3634/1686/1656
f 1746/5870/5337 1747/2727/2677 1750/2726/2676
f 5397/5120/4620 5401/5121/4621 5396/3602/3535
f 4801/5871/5338 4802/5872/5339 4803/5331/4816 4800/5330/4815
f 2023/5873/5340 2024/5874/5341 2025/5810/5280 2022/5809/5279
f 1963/1535/1508 1961/1537/1510 1966/1540/1513 1964/1539/1512
f 4622/3156/3107 4618/2864/2813 4619/4915/4484
f 672/5506/4989 667/5875/5342 668/5876/5343 669/5507/4990
f 1854/1472/1447 1859/1475/1450 1857/1474/1449 1856/1470/1445
f 3470/4579/4242 3476/2131/2096 3473/5877/2409
f 4406/5878/5344 4405/5879/5345 4404/672/4953 4407/622/4952
f 733/671/650 737/3223/3169 731/672/651
f 4403/3012/2965 4400/3009/2960 4402/1053/2962
f 2966/2463/2419 2970/5880/5346 2969/2464/2420
f 4293/5881/5347 4292/5200/4693 4290/5199/4692 4289/5882/5348
f 4554/5187/4680 4559/5883/5349 4558/5884/5350 4557/5188/4681
f 2046/1620/1591 2049/5885/1600 2044/4133/1593
f 3805/5231/4726 3800/5886/5351 3801/5887/5352 3802/5232/4727
f 3850/2678/2630 3848/2677/2629 3845/2676/2627
f 1120/2846/2794 1122/2848/2796 1121/5888/5353
f 2723/5226/4721 2728/5889/5354 2727/5890/5355 2726/5227/4722
f 1013/3814/3704 1015/894/870 1009/1465/1438
f 4301/5891/5356 4300/5892/5357 4303/5893/5358 4302/5894/5359
f 3562/2498/2450 3565/4597/4255 3567/4595/4253
f 4846/5895/5360 4845/5896/5361 4842/5897/5362 4841/5898/5363
f 4083/2844/2792 4079/4761/2789 4080/2845/2793
f 2418/5712/5188 2421/5711/5187 2416/5899/5364 2417/5900/5365
f 3553/2488/2442 3548/2491/2445 3550/2490/2444 3551/2486/2440
f 2561/1939/1902 2558/2962/2912 2562/901/4870
f 4295/569/548 4299/571/550 4294/5901/5366
f 1775/4059/3869 1769/691/585 1774/5902/3870
f 4984/5015/4549 4979/5014/4548 4980/3362/3303 4985/5903/4550
f 610/595/574 607/3680/3603 611/901/5049
f 2111/3238/5367 2110/5904/5368 2107/5905/5369 2106/5906/5370
f 2775/3618/3550 2773/3620/3552 2774/5907/5371
f 1317/1145/1122 1311/1101/1078 1315/630/610
f 2406/1848/1814 2408/1398/1374 2410/1397/1373
f 3018/5908/5372 3023/5909/5373 3022/5671/5150 3019/5670/5149
f 3269/2907/2857 3272/5910/4195 3271/5729/2902
f 5414/1212/1191 5416/1214/1193 5418/3315/3260
f 1396/3529/3467 1394/969/945 1391/968/944
f 4240/2931/2881 4239/2785/2884 4237/2933/2883 4236/2929/2879
f 2175/3281/3229 2176/5911/5374 2177/3282/3230
f 4318/4841/4431 4324/4843/4434 4320/4839/4432
f 3532/1885/1850 3536/5912/5375 3535/1886/1851
f 3998/5700/5176 3995/5699/5175 4000/5913/5376 3999/5914/5377
f 2655/758/737 2654/757/736 2650/1985/1950
f 3495/5915/5378 3494/5371/4854 3497/5374/4857 3496/5916/5379
f 2865/5244/4739 2868/5243/4738 2867/5917/5380 2866/5918/5381
f 5336/3563/3502 5343/5106/4609 5337/5105/4608
f 1647/1336/1312 1643/5919/5382 1644/5920/5382 1645/1334/1310
f 3030/2214/2173 3035/2220/2179 3033/2219/2178 3032/2212/2171
f 2370/2202/2161 2371/5921/5383 2367/1825/1791
f 2735/5183/4676 2729/672/2004 2731/573/2003 2732/5184/4677
f 1040/911/887 1035/914/890 1037/913/889 1038/909/885
f 4094/2849/2797 4097/5577/5061 4092/5922/5384 4093/5923/5385
f 3907/5301/4790 3902/5924/5386 3903/5925/5387 3904/5302/4791
f 2677/2607/2560 2674/2609/2562 2678/5926/5388
f 3568/5927/5389 3571/2502/2454 3570/2504/2456
f 2035/1607/1578 2036/4127/3918 2029/1315/1291
f 2185/2578/2530 2188/4184/3958 2187/1695/1665
f 5345/5109/4612 5343/5106/4609 5336/3563/3502
f 1797/1428/1402 1799/1429/1404 1800/2251/2209
f 2067/996/971 2065/1633/1604 2069/997/972
f 2219/2891/2842 2216/1719/1689 2220/5928/5390
f 1761/4056/1385 1767/4055/3867 1763/4054/3866
f 3539/5236/4731 3542/5235/4730 3537/5929/5391 3538/5930/5392
f 5259/5207/4702 5262/5206/4701 5261/5931/5393 5260/5932/5394
f 4254/5933/5395 4255/1821/1787 4258/1820/1786
f 3220/1459/1432 3218/1458/1431 3214/4496/4181
f 2110/5904/5368 2109/5934/5396 2108/5935/5397 2107/5905/5369
f 875/2400/2357 877/2402/2359 873/3649/3579
f 4647/1270/2184 4651/5936/5398 4650/2225/2185
f 2883/2114/2079 2885/3516/3454 2881/2115/2080
f 619/3277/3225 623/5937/5399 622/5938/5400 621/3275/3223
f 2317/5939/5401 2318/1374/1350 2321/1373/1349
f 906/801/780 909/803/782 904/3787/3685
f 1656/2134/2099 1657/5940/5402 1658/2135/2100
f 4187/4795/4395 4181/4791/4390 4185/4792/4392
f 562/5822/5292 565/5821/5291 560/5941/5403 561/5942/5404
f 2075/1637/1608 2070/1640/1611 2072/1639/1610 2073/1635/1606
f 5014/5943/5405 5013/5681/5160 5016/5684/5162 5015/5944/5406
f 4948/5945/5407 4953/5946/5408 4952/5407/4890 4949/5406/4889
f 4471/3065/3015 4468/3067/3017 4469/3406/3346
f 3271/2950/2902 3268/2952/2904 3266/5947/2855
f 3574/4599/4257 3575/4601/4258 3571/4600/2454
f 5296/3556/3496 5299/3555/3495 5295/5948/4600
f 3460/4327/4061 3466/2452/2408 3462/1705/1675
f 775/5949/5409 776/5950/5410 777/5613/5098 774/5612/5097
f 1635/5951/3841 1633/4018/3839 1631/4015/3837
f 4058/2825/2772 4053/2830/2778 4055/2829/2777 4056/2823/2770
f 626/5324/4809 629/5323/4808 624/5952/5411 625/5953/5412
f 5464/3227/3173 5467/3229/3175 5463/5954/5413
f 2207/1638/3188 2210/3242/3190 2209/4443/4142
f 2357/5955/5414 2358/5363/4846 2361/5362/4845
f 5421/2811/2758 5419/3617/3549 5423/2812/2759
f 3269/2907/2857 3274/5830/5300 3272/5910/4195
f 5428/2856/2805 5426/2858/2807 5427/5956/5415
f 4550/2144/2109 4553/2146/2111 4549/5957/5416
f 2081/4144/3930 2078/5958/3925 2079/4141/3927
f 858/1999/1963 863/769/748 860/2000/1964
f 586/1805/1772 585/2087/2053 583/3679/3602 582/1263/1242
f 533/3642/3572 529/536/515 531/535/514
f 535/554/533 530/2234/2194 532/544/523
f 533/3642/3572 534/547/526 538/5959/5417
f 534/3666/526 537/553/532 538/5960/5417
f 537/553/532 534/3666/526 535/554/533
f 536/552/531 533/3642/3572 538/5959/5417
f 543/3667/3594 539/5961/3595 542/3670/3596
f 542/3669/3596 540/560/539 544/559/538
f 549/3673/3598 544/559/538 545/565/544
f 547/3638/3570 546/564/543 552/3677/3601
f 551/3674/3599 544/559/538 549/3673/3598
f 552/3677/3601 550/3675/3600 547/3638/3570
f 578/1262/1241 582/1263/1242 583/3679/3602
f 2337/2776/2724 2340/4229/3990 2336/5962/5418
f 581/586/565 583/3679/3602 585/2087/2053
f 603/5963/570 599/3687/3609 601/3690/3612 604/3692/3614
f 5338/1172/1150 5333/1266/1244 5332/3216/3163
f 590/3681/3604 584/587/564 587/5964/563
f 589/2086/2052 587/584/563 585/2087/2053
f 590/5965/3604 587/584/563 589/2086/2052
f 586/1805/1772 591/3682/3605 589/2086/2052
f 586/1805/1772 588/588/566 591/3682/3605
f 595/3686/3606 594/591/569 592/5966/3607
f 596/3689/3611 593/3685/3608 597/590/568
f 599/3687/3609 593/3685/3608 601/3690/3612
f 601/3690/3612 600/3688/3610 602/3691/3613
f 599/3693/3609 598/589/567 595/3686/3606
f 602/3691/3613 600/3688/3610 598/589/567
f 751/3738/3650 750/2272/2232 747/683/662 746/682/661
f 632/3694/3615 630/5967/583 634/3697/582
f 630/604/583 631/610/589 633/602/581
f 635/608/587 631/610/589 632/3694/3615
f 637/3695/3616 632/3694/3615 634/3697/582
f 642/3703/3621 640/3699/3618 636/609/588
f 636/609/588 639/3698/3617 643/3702/3620
f 637/3695/3616 638/3696/1810 641/3700/3619
f 645/3704/3622 646/3292/3239 650/614/593
f 647/3707/3625 648/3631/3563 654/3706/3624
f 649/5463/591 647/3707/3625 653/3708/3626
f 654/3706/3624 651/3632/3564 657/3712/3629
f 653/3711/3626 659/5968/3630 656/3709/3627
f 658/3714/3631 656/3709/3627 659/5968/3630
f 686/3718/3635 687/3721/3632 690/3720/3636
f 688/3717/3634 685/3716/3633 689/3498/3436
f 688/3717/3634 693/1874/1839 695/5717/3639
f 692/1872/1837 686/3718/3635 691/3722/3637
f 692/1872/1837 691/3722/3637 694/3723/3638
f 697/3728/3641 695/5717/3639 696/1873/1838
f 698/3725/3640 696/1873/1838 692/1872/1837
f 694/3723/3638 695/3724/3639 699/3727/3642
f 701/3729/3643 702/640/620 706/641/621
f 712/3731/3644 709/648/628 711/2765/2714
f 740/672/4695 738/3733/3646 741/1253/1232
f 742/3735/3648 740/5202/4695 741/5969/1232
f 738/3733/3646 739/3734/3647 743/684/663
f 741/5969/1232 744/1252/659 742/3735/3648
f 741/1253/1232 743/684/663 745/681/660
f 765/5970/5419 766/1750/5420 762/5971/3656 763/3744/3655
f 751/3738/3650 744/3737/659 749/3736/3649
f 755/617/597 753/689/668 754/3739/3651
f 755/617/597 754/3739/3651 758/618/598
f 761/3743/3654 758/618/598 762/3745/3656
f 757/5972/669 759/3740/3652 763/3744/3655
f 756/619/599 760/3742/3653 759/3740/3652
f 762/5971/3656 757/5972/669 763/3744/3655
f 763/3744/3655 760/3742/3653 765/5970/5419
f 764/3746/3657 760/3742/3653 761/3743/3654
f 3382/2403/2360 3385/5344/4827 3384/5973/5421 3383/5974/5422
f 765/5970/5419 760/3742/3653 764/3746/3657
f 764/3746/3657 762/3745/3656 766/5975/5420
f 789/5976/3660 790/704/682 792/5334/3658
f 792/5334/3658 793/703/681 796/3751/3662
f 792/3747/3658 796/3753/3662 795/3748/3659
f 798/3756/3666 794/702/680 795/3748/3659
f 802/3760/3669 803/710/688 808/709/687
f 806/3763/3670 802/3760/3669 807/3762/3671
f 808/709/687 811/716/694 807/3762/3671
f 809/714/692 806/3761/3670 812/718/696
f 813/3765/3672 810/715/693 809/714/692
f 815/3766/3673 812/3764/696 811/716/694
f 813/3765/3672 809/714/692 814/717/695
f 847/3772/742 846/748/727 850/3773/3676
f 851/762/741 845/1176/1154 847/763/742
f 853/759/738 850/3773/3676 848/755/734
f 852/3774/740 847/3772/742 850/3773/3676
f 856/5977/745 858/1999/1963 854/3775/3677
f 857/2001/1965 854/3775/3677 858/1999/1963
f 889/5978/3680 894/5979/3682 895/796/775 891/787/766
f 862/3779/746 858/3776/1963 859/765/744
f 864/3778/3679 861/3777/3678 865/770/749
f 894/3783/3682 889/3781/3680 892/751/730
f 897/795/774 896/752/731 893/785/764 895/796/775
f 959/1617/1588 958/846/819 956/5980/3695 952/1618/1589
f 895/796/775 894/5979/3682 898/794/773
f 894/3783/3682 899/3782/3681 898/5981/773
f 898/5981/773 899/3782/3681 901/3786/777
f 907/802/781 904/5982/3685 905/3788/2480
f 914/3792/3688 909/803/782 911/800/779
f 914/3792/3688 910/3789/2479 916/3794/2393
f 910/3789/2479 913/5983/789 916/3794/2393
f 915/809/788 912/804/783 917/3793/3689
f 940/3797/3691 941/3795/3690 942/3798/3692
f 944/2442/2398 939/2441/2397 940/3797/3691
f 946/834/813 942/3798/3692 943/835/814
f 943/2440/814 944/2442/2398 947/838/817
f 947/838/817 945/833/812 949/836/815
f 945/833/812 950/832/811 949/836/815
f 956/5980/3695 954/3802/3694 952/1618/1589
f 955/1616/1587 953/3799/3693 957/843/821
f 957/843/821 960/842/820 959/1617/1588 955/1616/1587
f 1008/5984/3703 1012/889/865 1006/886/862 1005/3812/2635
f 958/846/819 959/1617/1588 961/844/822
f 987/5985/850 994/3806/3198 992/3805/3698
f 989/3804/3697 987/5985/850 992/3805/3698
f 994/3250/3198 990/873/849 993/879/855
f 995/3807/858 996/3249/3197 998/5986/856
f 1000/3808/3699 996/3249/3197 993/879/855
f 998/5986/856 996/3249/3197 1000/3808/3699
f 1003/3811/3702 1001/5987/3701 1005/3812/2635
f 1006/886/862 1002/3809/3700 1003/3811/3702
f 1009/1465/1438 1004/888/864 1007/887/863
f 1043/3820/3708 1045/919/895 1042/5988/5423 1041/5989/3706
f 1008/3813/3703 1005/2684/2635 1009/1465/1438
f 1044/3818/3707 1042/5988/5423 1046/921/897
f 1051/923/899 1047/3822/894 1043/3819/3708 1046/921/897
f 1046/921/897 1042/5988/5423 1045/919/895
f 1043/3819/3708 1044/3818/3707 1046/921/897
f 1046/921/897 1045/919/895 1048/827/806
f 1103/5990/3723 1105/3844/3724 1102/3840/3721 1099/3839/3018
f 1054/924/900 1049/920/896 1048/827/806
f 1059/3828/3711 1056/927/903 1058/2046/2013
f 1061/2047/2014 1060/3826/902 1062/5991/908
f 1064/2048/2015 1059/3828/3711 1058/2046/2013
f 1065/3830/907 1061/2047/2014 1062/5991/908
f 1065/931/907 1063/925/901 1067/3437/3377
f 1066/3829/3712 1061/2047/2014 1065/3830/907
f 1065/931/907 1067/3437/3377 1068/5992/3713
f 1096/5803/5274 1092/5804/3714 1097/3841/3716
f 1098/3069/3019 1094/3836/3718 1096/5803/5274
f 1095/3835/3717 1098/3069/3019 1097/3834/3716
f 1096/5803/5274 1097/3841/3716 1102/3840/3721
f 1100/3842/3722 1096/5803/5274 1102/3840/3721
f 1110/1075/1052 1109/1074/1051 1108/3848/3727 1106/5993/3726
f 1103/3843/3723 1101/3070/3020 1104/3845/3725
f 1105/3844/3724 1101/3070/3020 1100/3842/3722
f 1114/3852/3730 1116/3853/3731 1118/5994/3733 1113/3850/3729
f 1112/3849/3728 1107/2328/2285 1113/3850/3729
f 1114/3852/3730 1111/2329/2286 1109/1074/1051
f 1111/2329/2286 1114/3852/3730 1113/3850/3729
f 1116/3853/3731 1114/3852/3730 1115/1076/1053
f 1200/1583/1554 1205/5995/5424 1204/3881/3749 1199/1584/1555
f 1118/5994/3733 1112/3849/3728 1113/3850/3729
f 1142/988/964 1143/3858/3736 1147/990/966
f 1149/2994/2945 1146/986/962 1148/999/974
f 1150/3860/965 1149/2994/2945 1152/5996/3738
f 1149/2994/2945 1148/999/974 1152/5996/3738
f 1152/5996/3738 1148/999/974 1154/998/973
f 1156/3863/3739 1157/2736/2686 1158/2195/2156
f 1156/3863/3739 1162/972/948 1159/3864/3740
f 4070/4755/4368 4067/3396/3337 4066/3395/3336
f 1160/697/675 1159/3864/3740 1165/698/676
f 1167/3870/3743 1161/973/949 1164/3868/674
f 1167/3870/3743 1164/3868/674 1168/5997/3744
f 1201/3876/3746 1199/1584/1555 1202/3879/3748
f 1200/1583/1554 1198/1033/1008 1203/3878/3747
f 1199/1584/1555 1204/3881/3749 1202/3879/3748
f 1200/1583/1554 1203/3878/3747 1205/5995/5424
f 1352/1400/1376 1357/1141/1118 1356/1140/1117 1353/3923/1153
f 1210/3884/3750 1208/1040/1015 1206/3882/1666
f 1206/1696/1666 1209/1038/1013 1213/1037/1012
f 1211/3885/3751 1208/1040/1015 1210/3884/3750
f 1214/1039/1014 1208/1040/1015 1211/3885/3751
f 1215/3886/3752 1210/3884/3750 1213/3883/1012
f 1216/1044/1019 1214/1039/1014 1215/3886/3752
f 1215/3886/3752 1213/3883/1012 1217/1036/1011
f 1218/1045/1020 1217/5998/1011 1212/1035/1010
f 1216/1044/1019 1219/3887/3753 1218/1045/1020
f 1219/3887/3753 1215/3886/3752 1217/1036/1011
f 1244/3891/3754 1245/3892/3756 1248/1236/1216
f 1245/3892/3756 1249/1234/1214 1248/1236/1216
f 1250/1066/1043 1246/3890/3755 1247/3889/2612
f 1254/2659/2611 1247/2660/2612 1251/1235/1215
f 1250/1066/1043 1247/3889/2612 1253/1006/981
f 1250/1066/1043 1252/1065/1042 1249/1234/1214
f 1251/1235/1215 1249/1234/1214 1255/3893/3757
f 1254/2659/2611 1251/1235/1215 1255/3893/3757
f 1253/1006/981 1254/5999/2611 1257/1004/979
f 1261/3896/2049 1258/6000/3759 1259/3897/3760
f 1263/2523/2476 1260/3894/3758 1261/2083/2049
f 1259/3897/3760 1262/2522/2475 1264/3898/3761
f 1261/2083/2049 1265/2082/2048 1263/2523/2476
f 1264/3898/3761 1262/2522/2475 1267/2524/2477
f 1268/3900/3762 1264/3898/3761 1267/2524/2477
f 1270/1750/3763 1266/3899/2047 1268/3900/3762
f 1268/3900/3762 1265/2082/2048 1269/3902/3764
f 1265/2082/2048 1266/2081/2047 1270/3901/3763
f 1297/6001/5425 1298/3906/3765 1300/3907/3767
f 1299/1966/1931 1296/3904/3766 1301/1098/1075
f 1301/1098/1075 1296/3904/3766 1297/6001/5425
f 1300/3907/3767 1298/3906/3765 1302/1100/1077
f 1301/1098/1075 1297/6001/5425 1300/3907/3767
f 1303/1965/1930 1307/3909/3768 1302/3908/1077
f 1302/1100/1077 1309/3911/3770 1306/1099/1076
f 1302/1100/1077 1310/2172/3771 1309/3911/3770
f 1307/3909/3768 1305/1097/1074 1308/3910/3769
f 1308/3910/3769 1304/1096/1073 1309/3911/3770
f 1318/1105/1082 1313/1106/1083 1314/3914/3772
f 1319/3917/3774 1322/1115/1092 1317/1145/1122
f 1322/1115/1092 1318/1105/1082 1325/3921/3777
f 1320/3918/3775 1324/3920/3776 1318/1105/1082
f 1323/1113/1090 1320/3919/3775 1321/1114/1091
f 1324/6002/3776 1320/3919/3775 1323/1113/1090
f 1323/1113/1090 1322/1115/1092 1325/3921/3777
f 1462/1936/1170 1463/1935/1897 1457/1208/1187 1459/3956/1168
f 1352/1400/1376 1354/1173/1151 1358/1143/1120
f 1355/3360/3302 1353/1175/1153 1356/6003/1117
f 1355/3360/3302 1356/6003/1117 1362/3927/3779
f 1360/1144/1121 1355/3360/3302 1363/3926/3780
f 1361/1142/1119 1360/1144/1121 1363/3926/3780
f 1369/3933/3784 1368/1148/1125 1365/3932/3783
f 1371/1254/1233 1365/3932/3783 1366/3931/3782
f 1367/3929/1128 1370/1147/1124 1373/3934/1126
f 1374/1146/1123 1369/3933/3784 1371/1254/1233
f 1403/3936/3785 1404/1179/1157 1407/1178/1156
f 1406/3937/1146 1410/6004/1574 1411/3939/3786
f 1410/1603/1574 1408/1167/1145 1407/1178/1156
f 1413/3941/3787 1409/1177/1155 1411/3939/3786
f 1412/1180/1158 1413/3941/3787 1416/3945/3790
f 1414/3943/3788 1412/1180/1158 1416/3945/3790
f 1415/3944/3789 1413/3941/3787 1414/3942/3788
f 1418/1182/1160 1419/3946/3791 1420/1188/1166
f 1420/1188/1166 1419/3946/3791 1421/3948/1161
f 1427/1420/1396 1420/1188/1166 1424/3949/1164
f 1425/6005/3792 1427/1420/1396 1424/3949/1164
f 1425/3950/3792 1424/1186/1164 1426/1189/1167
f 1426/1189/1167 1423/1187/1165 1427/1420/1396
f 1429/3954/3795 1427/1420/1396 1425/6005/3792
f 1456/1191/1169 1454/3955/1186 1458/1211/1190
f 1456/1191/1169 1458/1211/1190 1461/2735/2685
f 1461/2735/2685 1458/1211/1190 1460/1210/1189
f 1460/1210/1189 1457/1208/1187 1463/1935/1897
f 4613/5777/5247 4616/5776/5246 4611/6006/5426 4612/6007/5427
f 1462/1192/1170 1461/2735/2685 1466/1219/1198
f 1467/1220/1199 1460/1210/1189 1464/1224/1203
f 1461/2735/2685 1460/1210/1189 1467/1220/1199
f 1473/1229/1208 1474/929/905 1472/1231/1210
f 1476/1028/1003 1475/1228/1207 1479/3963/3797
f 1481/3968/3801 1478/928/904 1482/930/906
f 1483/3967/3800 1479/3965/3797 1480/3964/3798
f 1507/2413/2371 1508/6008/3802 1510/3971/3803
f 1508/6008/3802 1511/3970/2745 1510/3971/3803
f 1511/2798/2745 1506/1864/1830 1509/1248/1228
f 1512/1246/1226 1510/3971/3803 1515/1255/1234
f 1513/2797/2744 1516/1258/1237 1511/2798/2745
f 1523/3974/3806 1527/829/808 1525/3975/3805 1522/6009/3804
f 1516/1258/1237 1513/2797/2744 1514/1247/1227
f 1518/6010/1114 1511/2798/2745 1516/1258/1237
f 1514/1247/1227 1517/1136/1113 1519/1256/1235
f 1521/1257/1236 1518/6010/1114 1516/1258/1237
f 1678/6011/3850 1681/6012/3851 1684/4034/3852 1676/4029/3847
f 1524/3465/3404 1528/830/809 1526/3136/3087
f 1534/3984/3811 1532/3464/3403 1530/6013/3808
f 1529/3976/3807 1531/831/810 1535/3982/3812
f 1533/3980/3810 1532/3464/3403 1534/3984/3811
f 1536/3983/3813 1534/3981/3811 1529/3976/3807
f 1562/1292/1270 1559/6014/5428 1560/3989/3818
f 1560/3989/3818 1559/6014/5428 1558/6015/3814
f 1558/3985/3814 1561/3986/3815 1563/3987/3816
f 1564/1290/1268 1562/1292/1270 1560/3989/3818
f 1563/3987/3816 1561/3986/3815 1565/1291/1269
f 1561/3986/3815 1562/1292/1270 1565/1291/1269
f 1567/1296/1274 1560/3989/3818 1558/6015/3814
f 1567/1296/1274 1558/6015/3814 1566/3990/3817
f 1566/3988/3817 1565/1291/1269 1569/1294/1272
f 1565/1291/1269 1564/1290/1268 1568/1293/1271
f 1584/3997/1288 1583/556/535 1576/555/534
f 1569/1294/1272 1568/1293/1271 1572/3995/3822
f 1573/1301/1278 1574/2796/2743 1579/1299/1276
f 1582/1311/1287 1579/1299/1276 1580/1305/1282
f 1585/3403/3343 1587/3998/3824 1586/3999/3825
f 1612/6016/5429 1611/4002/3827 1609/4003/3828
f 1611/4008/3827 1612/6017/5429 1614/4006/3831
f 1612/6017/5429 1613/4004/3829 1614/4006/3831
f 1613/4004/3829 1620/1321/1297 1614/4006/3831
f 1613/4004/3829 1616/2370/2327 1620/1321/1297
f 1617/4005/3830 1623/6018/1300 1622/4010/3833
f 4588/4910/4481 4589/3140/3091 4587/4909/4480
f 1618/4009/3832 1617/4005/3830 1622/4010/3833
f 1627/4011/3834 1625/4013/3835 1626/2525/2478
f 1624/6019/1303 1625/4013/3835 1629/4012/1301
f 1629/4012/1301 1627/4011/3834 1631/4015/3837
f 1631/4015/3837 1634/4019/3840 1636/4021/3842
f 1636/4021/3842 1634/4019/3840 1632/4016/3838
f 1631/4015/3837 1637/4022/3843 1635/5951/3841
f 1661/672/3844 1659/1423/1399 1662/2421/2379
f 1663/2291/2252 1661/4023/3844 1664/6020/5430
f 1664/6020/5430 1661/4023/3844 1662/4026/2379
f 1659/1423/1399 1666/1353/1330 1662/2421/2379
f 1664/6020/5430 1662/4026/2379 1668/4025/3845
f 1664/6020/5430 1668/4025/3845 1663/2291/2252
f 1665/1352/1329 1667/1351/1328 1670/1357/1334
f 1665/1352/1329 1670/1357/1334 1671/1354/1331
f 1669/1896/1861 1668/4025/3845 1673/4027/1332
f 1679/2680/2632 1675/4028/3846 1677/4030/3848
f 1678/4032/3850 1679/2680/2632 1680/1359/1336
f 1680/1359/1336 1679/2680/2632 1683/1360/1337
f 1718/1380/1356 1719/1383/1359 1721/1381/1357 1716/1377/1353
f 1685/1358/1335 1683/1360/1337 1682/2679/2631
f 1710/744/723 1716/1377/1353 1713/1379/1355 1712/5852/5133
f 1682/2679/2631 1684/4034/3852 1687/4036/3853
f 1720/4038/3855 1715/4037/3854 1713/6021/1355 1717/6022/1354
f 1739/4050/3863 1738/6023/3864 1735/1396/1372 1737/1395/1371
f 1720/4039/3855 1721/1381/1357 1722/4041/3857
f 1724/1382/1358 1718/1380/1356 1720/4038/3855
f 1732/1387/1363 1729/1388/1364 1730/1394/1370
f 1732/1387/1363 1737/1395/1371 1731/1384/1360
f 1733/1392/1368 1734/4046/3860 1735/4051/1372
f 1740/3571/3508 1733/1392/1368 1738/4052/3864
f 1769/691/585 1768/4058/3868 1767/4055/3867 1765/4057/670
f 1764/1408/1384 1763/4054/3866 1766/1411/1387
f 1770/607/586 1764/1408/1384 1766/1411/1387
f 768/5573/5057 771/5572/5056 770/6024/5431 769/6025/5432
f 1772/1410/1386 1766/1411/1387 1767/4055/3867
f 1772/1410/1386 1773/4061/3871 1771/605/584
f 1772/1410/1386 1768/4058/3868 1775/4059/3869
f 1772/1410/1386 1775/4059/3869 1773/4061/3871
f 1779/1416/1392 1776/1419/1395 1777/1417/1393
f 1777/1417/1393 1778/3023/2976 1781/1415/1391
f 1780/3022/2975 1778/3023/2976 1776/4062/1395
f 1784/1421/1397 1781/1415/1391 1780/3022/2975
f 1786/4063/3872 1784/1421/1397 1780/3022/2975
f 1785/1426/1401 1783/1425/1398 1789/6026/3873
f 1783/1422/1398 1784/1421/1397 1787/4065/3874
f 1786/4063/3872 1785/1426/1401 1788/4066/3875
f 1785/1426/1401 1789/6026/3873 1788/4066/3875
f 1816/2975/2926 1815/6027/4841 1813/2976/2927
f 1818/2977/2928 1813/2976/2927 1814/4067/3876
f 1839/6028/3888 1841/1463/1436 1838/1461/1434 1836/1460/1433
f 1820/1443/1418 1819/1442/1417 1823/1447/1422
f 1821/1456/1421 1818/2977/2928 1822/1454/1428
f 1824/4069/3877 1823/1447/1422 1825/4070/1429
f 1822/1454/1428 1820/1443/1418 1826/4071/3878
f 1832/4078/3885 1828/4075/3882 1829/4079/3883
f 1829/4076/3883 1827/4072/3879 1830/4074/3881
f 1831/4073/3880 1828/4075/3882 1832/4078/3885
f 1830/4074/3881 1831/4073/3880 1835/4081/3886
f 1833/4077/3884 1830/4074/3881 1837/4082/3887
f 1835/4081/3886 1831/4073/3880 1834/1462/1435
f 1836/1460/1433 1833/4080/3884 1837/6029/3887
f 2895/1837/1803 2899/4407/4117 2897/1835/1801
f 1836/1460/1433 1837/6029/3887 1839/6028/3888
f 1886/2799/2746 1885/1491/1466 1882/1493/1468 1883/1489/1464
f 1866/4084/3889 1867/1483/1458 1870/1482/1457
f 1868/1478/1454 1866/4084/3889 1870/1482/1457
f 1870/1482/1457 1872/1484/1459 1876/1649/1619
f 1874/2362/2320 1876/1649/1619 1880/1648/1618
f 1874/2362/2320 1880/1648/1618 1879/3021/2974
f 1878/6030/3890 1880/1648/1618 1875/1647/1461
f 1890/4087/3891 1893/4090/3893 1892/4089/3892 1887/1492/1467
f 1889/745/724 1884/1488/1463 1887/6031/1467
f 1886/2799/2746 1884/1488/1463 1889/745/724
f 1887/1492/1467 1885/1491/1466 1890/4087/3891
f 1940/1526/1500 1947/4108/3905 1946/6032/3903 1943/1524/1498
f 1920/4095/3896 1924/1512/1486 1922/4094/1484
f 1923/1514/1488 1920/4095/3896 1921/4093/3895
f 1924/1512/1486 1928/4096/3897 1927/1510/1485
f 1928/4096/3897 1924/1512/1486 1923/1514/1488
f 1930/4097/1496 1927/1510/1485 1928/4096/3897
f 1930/4097/1496 1928/4096/3897 1932/4100/3899
f 1932/4100/3899 1928/4096/3897 1933/4099/3898
f 1936/4104/3902 1937/1527/1501 1935/4103/3901
f 1938/1529/1502 1936/4104/3902 1939/4105/1499
f 1941/1523/1497 1939/1525/1499 1935/4103/3901
f 1942/707/685 1938/1529/1502 1944/705/683
f 2094/6033/5433 2096/678/657 2098/4153/3937 2092/4152/3936
f 1947/4108/3905 1940/1526/1500 1945/706/684
f 1945/706/684 1944/705/683 1948/4107/3904
f 1948/4107/3904 1944/705/683 1946/4106/3903
f 1976/1560/1526 1973/6034/1528 1974/4109/3906
f 1975/1552/1525 1977/1551/1524 1974/4109/3906
f 1978/1550/1523 1975/1552/1525 1973/1555/1528
f 1979/1558/1531 1977/1551/1524 1981/1569/1540
f 1985/4112/3909 1981/1569/1540 1983/4110/3907
f 1985/4112/3909 1983/4110/3907 1980/1554/1527
f 1994/1571/1542 1989/1573/1544 1990/4118/3913
f 1994/1571/1542 1990/4118/3913 1993/4117/3912
f 1997/2938/2889 1994/1571/1542 1993/4117/3912
f 1997/2938/2889 1993/4117/3912 1996/2939/2890
f 1995/1577/1548 1992/1572/1543 1994/1571/1542
f 1994/1571/1542 1997/2938/2889 1998/1575/1546
f 1998/1575/1546 1997/2938/2889 1999/2937/2888
f 1999/2937/2888 1996/2939/2890 2002/4120/3914
f 2000/1576/1547 1998/1575/1546 2001/5667/5147
f 2001/5667/5147 1999/2937/2888 2002/4120/3914
f 2026/4125/3916 2033/1611/1582 2032/1600/1571
f 2031/1314/1290 2034/1313/1289 2033/4126/1582
f 2036/4127/3918 2035/1607/1578 2037/1615/1586
f 2038/4128/3919 2036/4127/3918 2039/4129/3920
f 2044/4133/1593 2040/4132/3922 2041/1621/1592
f 2043/4131/3921 2042/1624/1595 2045/1623/1594
f 2047/1619/1590 2041/1621/1592 2043/4131/3921
f 2046/1620/1591 2044/4133/1593 2041/1621/1592
f 2048/1625/1596 2045/1623/1594 2044/1622/1593
f 2048/1625/1596 2044/1622/1593 2049/1629/1600
f 2046/1620/1591 2047/1619/1590 2052/4135/3923
f 2052/4135/3923 2049/4136/1600 2046/1620/1591
f 2050/3604/3538 2053/3603/3537 2052/4135/3923
f 2053/3603/3537 2048/1625/1596 2051/1630/1601
f 2079/4141/3927 2078/5958/3925 2076/4142/3928
f 2077/4138/3924 2080/4140/3926 2076/4142/3928
f 2080/4140/3926 2078/4139/3925 2081/4144/3930
f 2081/4144/3930 2079/6035/3927 2084/6036/3400
f 2080/4140/3926 2086/4147/3933 2082/4143/3929
f 2080/4140/3926 2083/4145/3931 2086/4147/3933
f 2084/3461/3400 2082/4143/3929 2086/4147/3933
f 2086/4147/3933 2083/4145/3931 2087/4146/3932
f 2085/1655/1625 2086/4147/3933 2088/1653/1623
f 2088/1653/1623 2086/4147/3933 2090/4148/3934
f 2090/4148/3934 2086/4147/3933 2087/4146/3932
f 2094/6033/5433 2092/4152/3936 2093/2631/2583
f 2094/6033/5433 2093/2631/2583 2096/678/657
f 2096/678/657 2102/677/656 2101/4155/3938 2098/4153/3937
f 2092/4152/3936 2098/4153/3937 2097/4150/3935
f 2205/4197/3967 2204/4194/3965 2198/1701/1671 2201/1704/1674
f 2101/4155/3938 2102/677/656 2105/1657/1627
f 2102/677/656 2103/4156/3939 2105/1657/1627
f 2134/1668/1638 2132/4159/968 2135/4164/3943
f 2714/733/712 2716/735/714 2715/6037/5434
f 2136/992/967 2133/1665/1635 2137/1667/1637
f 2138/1666/1636 2135/4164/3943 2139/6038/3947
f 2135/4162/3943 2140/4163/3944 2139/4167/3947
f 2141/4165/3945 2137/1667/1637 2142/4166/3946
f 2138/1666/1636 2139/6038/3947 2142/4166/3946
f 2150/3169/3120 2145/1675/1645 2149/1995/1959
f 2147/1994/1958 2152/3168/3119 2149/1995/1959
f 2147/1994/1958 2154/4174/3950 2152/3168/3119
f 2154/4172/3950 2147/4170/1958 2148/1676/1646
f 2155/4178/3952 2154/4172/3950 2151/4171/3949
f 2181/4181/3956 2182/4182/3957 2184/4183/1657
f 2183/1688/1658 2184/1687/1657 2186/6039/3959
f 2184/4183/1657 2182/4182/3957 2187/1695/1665
f 2183/1688/1658 2186/6039/3959 2189/5835/3960
f 2183/1688/1658 2189/5835/3960 2188/4184/3958
f 2191/1694/1664 2186/4185/3959 2187/1695/1665
f 2195/1702/1672 2193/893/869 2194/4187/3961
f 2195/1702/1672 2196/4190/3962 2199/1703/1673
f 2202/4193/3964 2199/1703/1673 2196/4190/3962
f 2238/4201/3969 2236/1722/1693 2233/2767/2716 2239/6040/5435
f 2202/4193/3964 2196/4190/3962 2203/4196/3966
f 2203/4196/3966 2196/4190/3962 2200/4192/3963
f 2198/1701/1671 2204/4194/3965 2200/4192/3963
f 2201/1704/1674 2202/4193/3964 2205/4197/3967
f 2227/5446/4929 2232/4122/3915 2229/2766/2715
f 2230/1723/1694 2228/5290/4781 2231/1724/1695
f 2237/1732/1703 2239/6041/5435 2233/4121/2716 2234/1733/1704
f 2296/4216/3981 2300/6042/3984 2299/4219/3983 2295/4213/3979
f 2247/1652/1622 2243/1594/1565 2244/4202/3970
f 2253/4205/1718 2250/4204/3972 2249/1746/1715
f 2253/4205/1718 2249/1746/1715 2247/1747/1622
f 2279/823/802 2277/1765/1734 2281/2331/2288
f 2283/2621/2574 2279/823/802 2284/2330/2287
f 2284/2330/2287 2279/823/802 2281/2331/2288
f 2287/1771/1738 2284/2330/2287 2280/1764/1733
f 2290/4210/3976 2288/6043/1741 2291/4211/3977
f 2297/1777/1744 2293/4212/3978 2295/4213/3979
f 2298/4218/3982 2297/1777/1744 2295/4213/3979
f 2300/4220/3984 2296/4217/3981 2294/4214/3980
f 2329/4223/3986 2324/6044/5436 2322/6045/3985 2327/1799/1766
f 2322/4222/3985 2323/2808/2755 2328/1309/1285
f 2382/4233/3993 2380/1834/1800 2375/4231/3992 2377/958/934
f 2325/2809/2756 2324/6044/5436 2329/4223/3986
f 2329/4223/3986 2331/1801/1768 2330/1308/1284
f 2335/5792/5263 2331/1801/1768 2332/1800/1767
f 2332/4224/1767 2334/5220/4715 2335/6046/5263
f 2334/5220/4715 2330/1308/1284 2333/4225/3987
f 2340/4229/3990 2338/6047/3989 2336/5962/5418
f 2338/4227/3989 2342/1806/1773 2339/1808/1775
f 2344/1811/1778 2341/4226/3988 2339/1808/1775
f 2340/4229/3990 2343/1810/1777 2342/5176/1773
f 2345/1807/1774 2351/4199/1783 2350/1814/1780
f 1934/6048/3900 1939/4105/1499 1936/4104/3902
f 2372/4232/3991 2380/4234/1800 2376/1828/1794
f 2379/1826/1792 2385/4235/3994 2384/4237/3995 2382/4233/3993
f 2378/957/933 2379/1826/1792 2382/4233/3993
f 2384/4237/3995 2383/1832/1798 2382/4233/3993
f 2387/6049/4880 2393/4242/3999 2392/4240/3998 2388/4239/3997
f 2390/2315/2273 2389/4238/3996 2388/4239/3997
f 2424/6050/4001 2426/4254/4007 2425/4251/4006 2423/4250/4005
f 2393/5395/3999 2389/4238/3996 2395/1843/1809
f 2398/2752/2702 2390/2315/2273 2392/4240/3998
f 2395/1843/1809 2391/2314/2272 2396/2753/2703
f 2391/2314/2272 2394/2316/2274 2396/2753/2703
f 2400/4245/4000 2395/1843/1809 2396/2753/2703
f 2400/4245/4000 2396/2753/2703 2398/2752/2702
f 2422/4247/4002 2423/4250/4005 2427/4249/4004
f 2435/6051/4008 2434/2122/2087 2432/1861/1827 2431/4253/2862
f 2424/6050/4001 2428/4252/4003 2426/4254/4007
f 2428/4248/4003 2427/4249/4004 2429/2913/2863
f 2428/4248/4003 2429/2913/2863 2431/4253/2862
f 2430/1863/1829 2425/4251/4006 2426/4254/4007
f 2429/2913/2863 2427/4249/4004 2430/1863/1829
f 2432/1861/1827 2426/4254/4007 2431/4253/2862
f 2494/1905/1870 2493/4272/4020 2491/4271/4019 2489/6052/1867
f 2438/4256/4009 2440/4260/4012 2437/2633/2586
f 2442/1877/1842 2438/4256/4009 2439/4257/4010
f 2440/4260/4012 2438/4256/4009 2442/1877/1842
f 2442/1877/1842 2439/4257/4010 2445/4261/4011
f 2446/1876/1841 2440/4260/4012 2442/1877/1842
f 2445/4259/4011 2444/1879/1844 2448/1878/1843
f 2445/4259/4011 2448/1878/1843 2449/6053/4013
f 2450/6054/5437 2443/1880/1845 2447/1875/1840
f 2448/1878/1843 2443/1880/1845 2450/6054/5437
f 2450/6054/5437 2447/1875/1840 2449/4262/4013
f 2477/1003/978 2476/6055/4014 2474/1898/1863
f 2477/1003/978 2474/1898/1863 2479/2448/2404
f 2483/1001/976 2485/4266/4015 2484/1002/977
f 2485/4266/4015 2483/1001/976 2486/4268/4017
f 2487/4269/4016 2482/1900/1865 2484/4265/977
f 2481/1897/1862 2488/1899/1864 2486/4268/4017
f 2490/1903/1868 2491/4271/4019 2492/4270/4018
f 2544/4288/4031 2545/2419/2377 2547/2418/2376 2543/4282/4028
f 2494/1905/1870 2489/6052/1867 2495/1906/1866
f 2495/1901/1866 2490/1903/1868 2498/4273/4021
f 2496/4275/4023 2492/4270/4018 2493/4272/4020
f 2496/4275/4023 2493/4272/4020 2494/1905/1870
f 2492/4270/4018 2496/4275/4023 2498/4273/4021
f 2496/4275/4023 2494/1905/1870 2499/1907/1871
f 2495/1901/1866 2498/4273/4021 2497/6056/1869
f 2498/4273/4021 2496/4275/4023 2501/4276/4024
f 2502/6057/4025 2498/4273/4021 2501/4276/4024
f 2500/4274/4022 2497/1904/1869 2502/4278/4025
f 2528/4280/4026 2529/4281/4027 2534/1925/1889
f 2531/2480/2434 2528/4280/4026 2534/1925/1889
f 2537/1225/1204 2538/1931/1894 2542/1934/1896
f 2744/4353/4078 2747/4358/4081 2746/4355/4079 2741/4352/4077
f 2548/4284/4030 2546/4283/4029 2549/2420/2378
f 2545/2419/2377 2544/4288/4031 2550/4287/4032
f 2550/4287/4032 2548/6058/4030 2552/4294/4033
f 2553/4291/4035 2549/2420/2378 2550/4287/4032
f 2554/4292/4036 2550/4287/4032 2552/4294/4033
f 2552/4289/4033 2549/2420/2378 2555/4293/4037
f 2554/4292/4036 2551/4290/4034 2553/4291/4035
f 2586/4296/4040 2582/1942/1905 2583/6059/5438
f 2586/4296/4040 2583/6059/5438 2581/4297/4039
f 2590/4301/4043 2586/4296/4040 2588/4298/4041
f 2587/1943/1906 2586/4296/4040 2589/4302/4044
f 2593/4300/4042 2587/1943/1906 2592/4306/4047
f 2592/4306/4047 2587/1943/1906 2591/4303/4045
f 2594/4308/4048 2589/4302/4044 2590/4301/4043
f 2597/4311/4050 2598/4310/4049 2600/4312/4051
f 2600/4312/4051 2598/4310/4049 2599/1670/1640
f 2599/6060/1640 2596/1949/1912 2604/1948/1911
f 2600/4312/4051 2599/1670/1640 2602/1669/1639
f 2603/1671/1641 2599/1670/1640 2604/6061/1911
f 2608/1953/1916 2606/1951/1914 2605/1950/1913
f 2608/1953/1916 2605/1950/1913 2603/1671/1641
f 2607/4313/4052 2606/1951/1914 2608/1953/1916
f 2637/1978/1943 2635/4316/4053 2642/4317/4054
f 2640/1977/1942 2634/4315/3968 2637/1978/1943
f 2643/4320/4056 2639/2155/2120 2640/4318/1942
f 2644/4319/4055 2638/2153/2118 2643/4320/4056
f 2646/4322/4058 2640/4318/1942 2641/6062/517
f 2643/4320/4056 2640/4318/1942 2646/4322/4058
f 2646/6063/4058 2641/538/517 2647/540/519
f 2655/758/737 2650/1985/1950 2653/1989/1953
f 2661/4326/4060 2657/756/735 2662/6064/5439
f 2662/6064/5439 2658/1998/1962 2659/4325/4059
f 2659/4325/4059 2656/1997/1961 2660/6065/5440
f 2657/756/735 2658/1998/1962 2662/6064/5439
f 2662/6064/5439 2659/4325/4059 2660/6065/5440
f 2660/6065/5440 2656/1997/1961 2661/5509/4060
f 2686/4330/4063 2687/6066/5441 2690/2017/1981
f 2690/2017/1981 2687/6066/5441 2685/4334/4062
f 2688/4331/4064 2689/2019/1983 2691/4335/4066
f 2692/4333/4065 2690/2017/1981 2685/4334/4062
f 2695/2020/1984 2690/2017/1981 2692/4333/4065
f 2693/2018/1982 2696/4340/4070 2694/4337/4067
f 2696/4340/4070 2693/2018/1982 2697/4338/4068
f 2699/4342/4071 2697/4338/4068 2695/2020/1984
f 2705/4344/1985 2700/1776/1743 2707/1775/1742
f 2703/1405/1381 2705/2021/1985 2706/4345/4072
f 2705/2021/1985 2709/6067/4073 2712/6068/4075
f 2705/2021/1985 2712/6068/4075 2710/4347/4074
f 2711/2023/1987 2708/2024/1988 2710/4347/4074
f 2739/4350/2008 2737/2039/2006 2740/4351/4076
f 2740/4351/4076 2737/2039/2006 2744/4353/4078
f 2744/4353/4078 2742/2038/2005 2745/2044/2011
f 2763/4367/4088 2757/4361/4084 2759/4364/4085 2764/4369/4089
f 2749/4357/2012 2743/4354/2009 2746/4355/4079
f 2744/4353/4078 2745/2044/2011 2748/4356/4080
f 2750/6069/4082 2751/2051/2018 2752/4363/4083
f 2753/2049/2016 2751/2051/2018 2754/2054/2021
f 2759/4364/4085 2751/2051/2018 2755/2050/2017
f 2754/2054/2021 2752/4360/4083 2758/2052/2019
f 2757/4361/4084 2752/4363/4083 2759/4364/4085
f 2760/4365/4086 2756/2053/2020 2761/4370/4090
f 2762/4366/4087 2758/2052/2019 2757/6070/4084
f 2789/4372/4092 2793/2064/2030 2791/1728/1699 2788/1730/1701
f 2759/4364/4085 2760/4365/4086 2764/4369/4089
f 2761/4370/4090 2756/2053/2020 2762/4366/4087
f 2812/6071/4106 2813/4392/4107 2811/4390/4105 2805/4385/4100
f 2792/4376/4094 2791/1728/1699 2794/4378/4096
f 2790/1729/1700 2796/4377/4095 2795/6072/4093
f 2796/4377/4095 2792/4376/4094 2794/4378/4096
f 2793/2064/2030 2795/4374/4093 2798/4379/4097
f 5383/5158/4650 5386/967/943 5384/966/942
f 2805/4385/4100 2804/4384/2032 2808/6073/4102
f 2810/4388/4103 2806/1094/1071 2807/1093/1070
f 2811/4390/4105 2807/1093/1070 2805/4385/4100
f 2808/4387/4102 2806/1094/1071 2809/4389/4104
f 2805/4385/4100 2808/6073/4102 2812/6071/4106
f 2813/4392/4107 2810/4388/4103 2811/4390/4105
f 4458/3048/2998 4456/3050/3000 4460/6074/5442 4459/6075/5443
f 2838/1870/1835 2835/6076/4108 2836/4394/4109
f 2840/4395/4110 2837/2076/2043 2842/4396/4111
f 2846/2078/2044 2839/1871/1836 2840/4395/4110
f 2843/1869/1834 2844/4398/2045 2841/4397/2042
f 5074/6077/5444 5075/6078/5445 5076/5586/5070 5073/5585/5069
f 2851/4400/4113 2853/3099/3052 2852/2532/2485
f 2850/4401/4114 2851/4400/4113 2855/2098/2063
f 2856/2088/2054 2850/6079/4114 2854/6080/2061
f 2856/2088/2054 2853/3099/3052 2850/6079/4114
f 2859/2094/2060 2855/2098/2063 2862/2099/2064
f 2863/4402/2068 2856/2095/2054 2859/2094/2060
f 2937/4419/4126 2942/4422/4128 2939/4418/4125 2936/4417/4124
f 2862/2099/2064 2860/2097/2062 2861/2104/2069
f 2893/1836/1802 2889/4404/4116 2891/2119/2084
f 2893/1836/1802 2891/2119/2084 2895/1837/1803
f 2894/2120/2085 2892/2116/2081 2897/6081/1801
f 2890/1614/1585 2896/2121/2086 2895/1837/1803
f 2900/2124/2089 2896/2121/2086 2894/2120/2085
f 2896/2121/2086 2900/2124/2089 2899/4407/4117
f 2907/2617/2570 2903/6082/4119 2901/4413/4122
f 2902/4411/4120 2903/4409/4119 2904/4408/4118
f 2909/2125/2090 2905/4412/4121 2908/3838/3720
f 2908/3838/3720 2907/4410/2570 2910/4414/2093
f 2914/2132/2097 2911/2126/2091 2909/2125/2090
f 2944/2325/2282 2943/2327/2284 2939/4418/4125 2942/4422/4128
f 2940/4421/4127 2935/4420/4123 2941/4424/2116
f 2938/2152/2117 2939/4418/4125 2943/2327/2284
f 2463/6083/5446 2462/5604/5089 2465/5603/5088 2464/6084/5447
f 2945/4423/4129 2942/4422/4128 2940/4421/4127
f 2946/4425/2115 2948/6085/5448 2950/4426/4130
f 2946/2150/2115 2947/2326/2283 2948/6086/5448
f 2949/6087/5449 2947/2326/2283 2944/2325/2282
f 2948/6086/5448 2947/2326/2283 2949/6087/5449
f 2949/6087/5449 2944/2325/2282 2950/4426/4130
f 2956/1608/1579 2953/1610/1581 2957/2160/2125
f 2957/2160/2125 2960/2171/2133 2961/4048/3861 2956/1608/1579
f 2961/4048/3861 2964/4049/3862 2963/4429/2134 2959/2169/2131
f 2959/2169/2131 2955/2165/2129 2961/4048/3861
f 3000/6088/4136 3001/4439/4138 2996/4435/4135 2997/4436/4134
f 2990/2186/2145 2988/4431/4131 2993/4432/4132
f 2988/4431/4131 2989/2182/2144 2991/2181/2143
f 2990/2186/2145 2993/4432/4132 2994/2187/2148
f 2994/2187/2148 2993/4432/4132 2995/4433/4133
f 2993/4432/4132 2991/2181/2143 2995/4433/4133
f 2992/2180/2142 2990/2183/2145 2997/4436/4134
f 3000/4437/4136 2997/4434/4134 2998/2185/2147
f 2999/4438/4137 2998/2185/2147 2995/4433/4133
f 2995/4433/4133 2996/4435/4135 3001/4439/4138
f 3004/1856/1822 3009/1858/1824 3010/2198/2157 3006/2192/2153
f 3004/1856/1822 3003/2194/2155 3005/2197/1569
f 3006/2192/2153 3003/2194/2155 3004/1856/1822
f 3153/3307/2253 3156/3309/3254 3157/4481/4168 3152/2288/2249
f 3011/1597/1568 3008/1599/1570 3010/2198/2157
f 3009/1858/1824 3007/1857/1823 3012/4440/4139
f 3014/2306/2266 3009/1858/1824 3012/4440/4139
f 3015/4446/4144 3014/2306/2266 3012/4440/4139
f 3013/4441/4140 3010/2198/2157 3016/2874/2823
f 3017/4445/4143 3015/4446/4144 3012/4440/4139
f 3043/4447/4145 3047/2230/2190 3045/2229/2189
f 3047/2230/2190 3043/4447/4145 3048/4449/4147
f 3048/4449/4147 3045/4452/2189 3049/4451/4148
f 3046/2228/2188 3047/2230/2190 3050/2233/2193
f 3051/2237/2196 3046/2228/2188 3050/2233/2193
f 3049/4453/4148 3051/2237/2196 3053/2236/2195
f 3054/2232/2192 3052/2231/2191 3055/4455/4149
f 3060/4457/4151 3057/1249/1229 3059/2243/2200
f 3058/6089/2201 3056/1251/1231 3061/1250/1230
f 3062/2248/2205 3057/1249/1229 3060/4457/4151
f 3061/1250/1230 3057/1249/1229 3066/2249/2206
f 3065/4459/4153 3062/2248/2205 3064/4456/4150
f 3064/6090/4150 3063/4460/4152 3068/4462/4155
f 3068/4462/4155 3066/2249/2206 3069/4463/4156
f 1791/5781/5251 1793/5780/5250 1792/6091/5450
f 3100/1110/1087 3096/1112/1089 3101/1661/1631
f 3102/4465/2028 3100/1110/1087 3104/4467/4157
f 3107/4468/4158 3103/2265/2225 3104/4466/4157
f 3106/2270/2230 3109/4470/4159 3108/3091/3043
f 3112/2274/2234 3111/6092/4160 3113/1745/1714
f 3114/1743/1712 3110/5325/4810 3111/4471/4160
f 3112/2274/2234 3113/1745/1714 3115/1744/1713
f 3116/4473/2233 3111/4471/4160 3112/6093/2234
f 3117/2816/2763 3114/1743/1712 3118/4472/4161
f 3119/2817/2764 3117/2816/2763 3118/4472/4161
f 3116/2273/2233 3115/1744/1713 3121/4474/4162
f 3122/4476/4164 3119/2817/2764 3118/4472/4161
f 3149/6094/5451 3151/2290/2251 3148/3100/3053
f 3149/6094/5451 3150/4478/4166 3152/2288/2249
f 3151/2290/2251 3149/6094/5451 3152/2288/2249
f 2451/6095/5452 2456/6096/5453 2455/5471/4956 2452/5470/4955
f 3158/4480/4167 3155/2289/2250 3152/2288/2249
f 3158/4480/4167 3157/4481/4168 3159/4485/4170
f 3159/4485/4170 3157/4481/4168 3156/3309/3254
f 3161/4482/4169 3158/4480/4167 3160/6097/5454
f 3160/6097/5454 3158/4480/4167 3159/4485/4170
f 3319/4527/4204 3321/4530/4205 3320/2368/2325 3318/4525/4202
f 3167/6098/1577 3162/2392/1576 3171/4486/4171
f 3169/2296/2256 3167/1606/1577 3171/6099/4171
f 3170/4487/4172 3168/2298/2258 3169/2296/2256
f 3172/4490/4174 3165/2394/2350 3170/4487/4172
f 3171/4486/4171 3165/2394/2350 3172/4490/4174
f 3174/6100/5455 3172/4490/4174 3170/4487/4172
f 3174/6100/5455 3170/4487/4172 3169/2296/2256
f 3173/4488/4173 3172/4490/4174 3174/6100/5455
f 3174/6100/5455 3169/2296/2256 3175/6101/4175
f 3204/2313/2271 3199/6102/2267 3200/4491/4176
f 3204/2313/2271 3200/4491/4176 3203/3222/3167
f 3205/4492/4177 3201/2309/2269 3202/2308/2268
f 3203/3222/3167 3201/2309/2269 3205/4492/4177
f 3209/1090/1067 3203/3222/3167 3205/4492/4177
f 3205/4492/4177 3206/2310/2270 3208/4494/4179
f 3211/6103/4180 3208/6104/4179 3206/2312/2270
f 3211/6103/4180 3206/2312/2270 3210/1091/1068
f 3209/1090/1067 3205/4492/4177 3208/4494/4179
f 3227/5598/5083 3220/1459/1432 3225/2333/2290
f 3223/1457/1430 3227/5598/5083 3226/6105/4183
f 3252/5400/2313 3253/2358/2316 3255/4502/4185
f 3254/4501/4184 3252/2355/2313 3257/2354/2312
f 3258/2356/2314 3257/2354/2312 3259/4503/4186
f 3259/4503/4186 3256/2353/2311 3260/4504/2318
f 3262/2357/2315 3258/2356/2314 3259/4503/4186
f 3264/4506/4187 3259/4503/4186 3260/4504/2318
f 3263/4509/4189 3261/2359/2317 3262/2357/2315
f 3262/2357/2315 3259/4503/4186 3265/4507/4188
f 3269/2907/2857 3267/2906/2856 3273/4510/4190
f 3273/4510/4190 3270/2951/2903 3275/4512/4192
f 3270/2951/2903 3271/2950/2902 3275/4512/4192
f 3272/5910/4195 3274/5830/5300 3276/6106/4196
f 3274/5830/5300 3273/4510/4190 3279/6107/5456
f 3277/4514/4194 3273/4510/4190 3275/4512/4192
f 3276/6106/4196 3274/5830/5300 3279/6107/5456
f 3279/6107/5456 3273/4510/4190 3277/4514/4194
f 3312/2365/2323 3316/4523/4200 3308/2366/2324
f 3314/4521/4199 3312/4519/2323 3309/4518/4197
f 3315/4524/4201 3309/4518/4197 3313/4520/4198
f 3317/4526/4203 3320/2368/2325 3322/1981/1946
f 3330/6108/5457 3331/1750/4209 3323/6109/4206 3327/1980/1945
f 3325/4532/2326 3319/4527/4204 3322/4529/1946
f 3323/6109/4206 3325/2369/2326 3327/1980/1945
f 3328/4534/4208 3324/1979/1944 3326/4533/4207
f 3328/4534/4208 3326/4533/4207 3323/4531/4206
f 3329/4536/4210 3324/1979/1944 3328/4534/4208
f 3404/6110/4229 3409/4562/3504 3413/4563/4231 3406/2412/2370
f 3327/1980/1945 3324/1979/1944 3330/6108/5457
f 3330/6108/5457 3324/1979/1944 3329/4536/4210
f 3354/4540/4211 3362/2396/2353 3358/4539/4213
f 3359/712/690 3360/711/689 3364/4544/4216
f 3364/4544/4216 3360/711/689 3363/4543/4215
f 3365/2395/2352 3361/4541/4214 3362/2396/2353
f 3362/4542/2353 3364/4544/4216 3366/4545/2351
f 3372/2398/2355 3369/4548/4220 3370/2399/2356
f 3373/2397/2354 3371/4547/4219 3375/4556/4223
f 3376/4552/4222 3372/2398/2355 3378/4554/4224
f 3378/4554/4224 3374/4551/4221 3377/4555/4225
f 3377/4555/4225 3373/2397/2354 3380/4558/4227
f 3380/4558/4227 3373/2397/2354 3379/4557/4226
f 3379/5314/4226 3376/4552/4222 3381/4559/4228
f 3376/4552/4222 3378/4554/4224 3381/4559/4228
f 3518/6111/4246 3517/4588/4247 3513/4586/4244 3514/4584/4243
f 3408/2410/2368 3406/2412/2370 3413/4563/4231
f 3412/4564/4232 3413/4563/4231 3414/2416/2374
f 3414/4565/2374 3411/3564/3503 3416/4566/4233
f 1063/925/901 1062/932/908 1060/926/902
f 3414/4565/2374 3416/4566/4233 3415/4568/2372
f 3412/4564/4232 3414/2416/2374 3417/2415/2373
f 3427/4572/4236 3424/1452/1426 3425/1451/1425
f 3426/1563/1535 3424/1452/1426 3427/4572/4236
f 3426/1563/1535 3427/4572/4236 3431/4574/4238
f 3429/4573/4237 3428/2426/2384 3430/2425/2383
f 3426/1563/1535 3431/4574/4238 3432/2427/2382
f 3458/2445/2400 3454/2444/2394 3455/4576/4240
f 3456/4575/4239 3457/2439/2396 3459/2438/2395
f 3458/2445/2400 3455/4576/4240 3461/1707/1677
f 3462/1705/1675 3459/2438/2395 3460/4327/4061
f 3454/2437/2394 3464/6112/2399 3463/4328/2407
f 3462/1705/1675 3455/4576/4240 3459/2438/2395
f 3469/4577/4241 3466/2452/2408 3468/2450/2406
f 3470/4579/4242 3471/2454/2410 3472/2157/2122
f 3477/2156/2121 3472/2157/2122 3475/1261/1240
f 3475/1261/1240 3473/2453/2409 3478/1259/1238
f 3476/4580/2096 3480/4581/2095 3478/1259/1238
f 3479/1260/1239 3477/2156/2121 3475/1261/1240
f 3474/2129/2094 3479/1260/1239 3482/2455/2411
f 3481/2456/2412 3480/2130/2095 3474/2129/2094
f 3509/2681/2633 3506/2683/2634 3508/2467/2423
f 3509/2681/2633 3508/2467/2423 3512/2466/2422
f 3511/2465/2421 3510/2644/2598 3513/4586/4244
f 3514/4585/4243 3512/2466/2422 3515/3400/3341
f 3516/4587/4245 3515/3400/3341 3511/2465/2421
f 3511/2465/2421 3513/4586/4244 3517/4588/4247
f 3562/2498/2450 3563/1796/1763 3559/4594/4252 3558/2496/2448
f 3525/2478/2432 3522/2473/2428 3521/2472/2427
f 3526/3024/2435 3527/3025/2977 3529/4591/4249
f 3528/3996/3823 3524/2475/2429 3530/4590/4248
f 3556/4592/4250 3555/1798/1765 3560/6113/2446
f 3555/1798/1765 3556/4592/4250 3559/4594/4252
f 3555/1798/1765 3559/4594/4252 3563/1796/1763
f 3567/4595/4253 3566/6114/4254 3561/1797/1764 3563/1796/1763
f 3564/2495/2447 3557/2497/2449 3561/2493/1764
f 3565/4597/4255 3562/2498/2450 3564/2495/2447
f 1674/6115/3849 1678/6011/3850 1676/4029/3847
f 3571/4600/2454 3568/6116/5389 3569/6117/5458 3574/4599/4257
f 3564/2495/2447 3561/2493/1764 3566/4596/4254
f 3572/4598/4256 3569/6117/5458 3570/2504/2456
f 3631/4627/4277 3630/6118/5459 3625/2536/2489 3628/2534/2487
f 3574/4599/4257 3569/6117/5458 3572/4598/4256
f 3573/2503/2455 3571/2502/2454 3576/6119/4259
f 3577/4603/4260 3574/4599/4257 3573/2503/2455
f 3578/4605/4262 3573/2503/2455 3576/6119/4259
f 3577/4603/4260 3573/2503/2455 3578/4605/4262
f 3580/4607/4264 3578/4605/4262 3576/6119/4259
f 3575/4601/4258 3581/4606/4263 3576/4602/4259
f 3580/1750/4264 3576/4602/4259 3581/4606/4263
f 3577/4603/4260 3579/4604/4261 3581/4606/4263
f 3604/4609/4265 3605/2517/2470 3609/1793/1760
f 3609/1793/1760 3605/2517/2470 3607/2516/2469
f 3607/2516/2469 3603/2518/2471 3608/6120/1761
f 3611/4613/4268 3608/1794/1761 3609/1793/1760
f 3607/2516/2469 3612/4612/4267 3610/4610/4266
f 3609/1793/1760 3610/4610/4266 3614/4616/4270
f 3617/4619/4273 3609/1793/1760 3614/4616/4270
f 3612/4612/4267 3616/4618/4272 3614/4616/4270
f 3612/4614/4267 3613/4615/4269 3617/4619/4273
f 3623/4621/4274 3619/4511/4191 3621/2535/2488
f 3624/4623/2482 3623/4621/4274 3625/2536/2489
f 3629/6121/4276 3626/4624/4275 3625/2536/2489
f 3631/4627/4277 3628/2534/2487 3627/2533/2486
f 3626/4625/4275 3629/4626/4276 3627/2533/2486
f 3703/4647/4294 3709/4646/4293 3708/1945/1908 3705/6122/2523
f 3630/6118/5459 3629/6121/4276 3625/2536/2489
f 3652/6123/697 3653/650/630 3655/720/698
f 3661/2550/2504 3662/2549/2503 3665/4631/4280
f 3659/2548/2502 3660/4628/4278 3664/2552/2505
f 3664/2552/2505 3660/4628/4278 3663/4629/4279
f 3670/4632/4281 3668/6124/614 3666/4633/4282
f 3669/4634/4283 3676/4641/4288 3674/4638/4286
f 3677/4642/4289 3671/632/612 3673/4639/4285
f 3679/1750/4291 3673/4637/4285 3678/4643/4290
f 3675/4640/4287 3677/4642/4289 3676/4641/4288
f 3679/4644/4291 3677/4642/4289 3673/4639/4285
f 3706/4645/4292 3703/4647/4294 3704/2570/2522
f 3711/4650/4295 3706/4645/4292 3707/2569/2521 3712/2582/2534
f 4300/5892/5357 4305/6125/5460 4304/6126/5461 4303/5893/5358
f 3780/6127/4312 3781/4678/4314 3779/4674/4310 3774/4671/4307
f 3713/1944/1907 3710/1946/1909 3714/4651/4296
f 3712/2582/2534 3713/4649/1907 3715/2580/2532
f 3711/4650/4295 3717/2581/2533 3714/4651/4296
f 3721/2586/2538 3719/4654/4298 3720/2585/2537
f 3720/6128/2537 3718/4655/4299 3723/4657/2535
f 3723/4657/2535 3718/4655/4299 3722/2588/2540
f 3722/2588/2540 3719/4654/4298 3721/2586/2538
f 3723/4657/2535 3722/2588/2540 3726/2590/2542
f 3728/4661/4301 3725/2587/2539 3724/2584/2536
f 3728/4661/4301 3724/2584/2536 3730/6129/5462
f 3724/2584/2536 3731/4660/4300 3730/6129/5462
f 3731/6130/4300 3727/4658/2541 3729/2591/2543
f 3728/4661/4301 3730/6129/5462 3729/2591/2543
f 3756/2616/2569 3754/4663/4302 3758/1565/1537
f 3763/1564/1536 3757/685/664 3759/687/666
f 3755/686/665 3761/4665/4303 3759/687/666
f 3760/2615/2568 3758/1565/1537 3762/4666/2576
f 3763/2688/1536 3759/687/666 3761/4665/4303
f 3761/4665/4303 3760/2615/2568 3765/1710/1680
f 3767/4667/4304 3761/4665/4303 3768/1709/1679
f 3764/2622/2575 3767/4667/4304 3769/4668/4305
f 3773/2630/2582 3772/4672/4308 3771/4669/4306
f 3777/6131/4311 3775/2629/2581 3778/2634/2587
f 3774/4671/4307 3777/4675/4311 3780/6127/4312
f 3780/4676/4312 3777/6131/4311 3778/2634/2587
f 3776/2628/2580 3779/4674/4310 3781/4678/4314
f 3874/4701/4331 3875/4703/4333 3877/2697/2646 3871/2699/2648
f 3778/2634/2587 3776/2628/2580 3782/4677/4313
f 3810/2376/2333 3806/2378/2335 3809/2650/2604
f 3815/2652/2606 3816/4683/4317 3814/2653/2607
f 3820/1109/1086 3821/2293/2254 3824/2661/2613
f 3825/1107/1084 3820/1109/1086 3824/2661/2613
f 5101/3038/2990 5099/3448/3390 5096/3036/2988
f 3831/4690/4323 3827/2657/2322 3828/6132/2321
f 3830/4687/4320 3826/2658/2610 3829/2662/2614
f 3827/2657/2322 3831/4690/4323 3829/2662/2614
f 3833/4689/4322 3828/2363/2321 3830/4687/4320
f 3830/4687/4320 3829/2662/2614 3833/4689/4322
f 3832/6133/4321 3831/4690/4323 3828/6134/2321
f 3864/1641/1612 3858/4693/1614 3861/4696/4327
f 3862/2691/2641 3860/1642/1613 3865/4695/4326
f 3867/4698/4329 3864/1641/1612 3869/2693/2642
f 3865/4695/4326 3867/4698/4329 3868/2689/2639
f 3874/4701/4331 3871/2699/2648 3872/4702/4332
f 3872/4704/4332 3873/2698/2647 3876/4705/4334
f 3925/6135/4344 3927/2738/2688 3923/2740/2690 3921/6136/4345
f 4110/2861/2810 4111/6137/5463 4113/2868/2817
f 3876/4705/4334 3873/2698/2647 3879/4707/4335
f 3881/2701/2650 3877/2697/2646 3875/4703/4333
f 3879/4707/4335 3877/2697/2646 3880/4708/4336
f 3880/4708/4336 3882/6138/4337 3879/4707/4335
f 3909/4712/4339 3910/2732/2682 3912/2731/2681
f 3910/2732/2682 3908/6139/4338 3911/6140/4340
f 3911/6140/4340 3915/6141/4341 3916/1104/1081
f 3910/2732/2682 3911/6140/4340 3916/1104/1081
f 3919/4715/4342 3916/1104/1081 3915/4714/4341
f 3915/4717/4341 3917/2733/2683 3920/2737/2687
f 3917/2733/2683 3914/1103/1080 3920/2737/2687
f 3924/2743/2693 3921/4720/4345 3922/4718/4343
f 4016/2167/2130 4020/1700/1670 4019/6142/3405 4017/6143/1996
f 3930/4721/4346 3925/4719/4344 3929/2742/2692
f 3928/2741/2691 3927/2738/2688 3931/4723/4348
f 3927/2738/2688 3925/6135/4344 3932/4725/4350
f 3932/4725/4350 3925/6135/4344 3930/6144/4346
f 3931/4723/4348 3927/2738/2688 3932/4725/4350
f 3933/4722/4347 3928/2741/2691 3934/4724/4349
f 3957/2286/2247 3956/4726/4351 3959/4728/4352
f 3959/4728/4352 3958/2757/2706 3960/2759/2708
f 3960/2759/2708 3958/2757/2706 3964/2756/2705
f 3957/2286/2247 3959/4728/4352 3963/2287/2248
f 3960/2759/2708 3964/2756/2705 3966/2758/2707
f 3965/1690/1660 3962/1692/1662 3963/2287/2248
f 3969/2760/2709 3966/2758/2707 3968/4731/4353
f 3966/2758/2707 3965/4729/1660 3968/4731/4353
f 3973/1678/1648 3971/1680/1650 3976/1505/1480
f 3980/2773/2722 3972/1504/1479 3977/1506/1481
f 3976/1505/1480 3974/2768/2717 3978/4734/4354
f 3979/4736/4356 3977/1506/1481 3976/1505/1480
f 3979/4736/4356 3976/1505/1480 3981/4735/4355
f 3980/2773/2722 3977/1506/1481 3982/4739/4358
f 3977/1506/1481 3983/4737/4357 3982/4739/4358
f 3981/4738/4355 3978/4733/4354 3980/2773/2722
f 4008/4741/4360 4012/2117/2082 4011/4742/4361
f 4012/2168/2082 4009/1243/1223 4013/1245/1225
f 4013/1245/1225 4010/1244/1224 4015/1698/1668
f 4016/2167/2130 4013/1245/1225 4015/1698/1668
f 4035/4747/4364 4034/4745/4362 4032/6145/5464 4030/3376/3316
f 4024/1993/1957 4025/1992/1956 4023/2800/2747
f 4022/4743/2749 4027/1991/1955 4024/1993/1957
f 4030/3376/3316 4025/1992/1956 4027/1991/1955
f 4031/6146/3317 4026/2801/2748 4029/2804/2751
f 4029/2804/2751 4028/2803/2750 4032/6145/5464
f 4032/6145/5464 4028/2803/2750 4030/3376/3316
f 4030/3376/3316 4031/3377/3317 4035/4747/4364
f 4033/4746/4363 4031/6146/3317 4029/2804/2751
f 4029/2804/2751 4032/6145/5464 4034/4745/4362
f 4131/2879/2828 4136/6147/5465 4135/2876/2825 4133/2875/2824
f 4064/2835/2783 4062/4750/2779 4060/2836/2784
f 4068/4752/4366 4063/2834/2782 4065/4751/4365
f 4068/4752/4366 4065/4751/4365 4069/4754/4367
f 4066/3395/3336 4068/4752/4366 4071/4756/4369
f 4069/6148/4367 4067/3396/3337 4070/4755/4368
f 4074/2840/2788 4072/6149/4372 4076/2838/2786
f 4076/4760/2786 4073/4757/4370 4080/2845/2793
f 4081/4762/4373 4075/4758/4371 4077/2839/2787
f 4084/4763/4374 4082/2842/2790 4085/4765/4375
f 4082/2842/2790 4079/2841/2789 4085/4765/4375
f 4109/6150/2809 4112/4766/2808 4113/2868/2817
f 4111/6137/5463 4109/6150/2809 4113/2868/2817
f 4114/2036/2001 4112/2859/2808 4110/2861/2810
f 4117/3915/3773 4113/2868/2817 4115/4767/1847
f 4117/3915/3773 4115/4767/1847 4120/4769/4377
f 4115/4767/1847 4119/6151/1846 4120/4769/4377
f 4116/2035/2000 4117/3915/3773 4120/4769/4377
f 4119/6151/1846 4123/6152/5466 4120/4769/4377
f 4119/1881/1846 4121/4768/4376 4123/6153/5466
f 4122/4770/4378 4118/1883/1848 4116/2035/2000
f 4122/4770/4378 4120/4769/4377 4123/6152/5466
f 4124/6154/4380 4129/2877/2826 4126/3011/2963
f 4127/4771/4379 4132/4774/4381 4129/4773/2826
f 4132/4774/4381 4127/4771/4379 4130/2872/2821
f 4133/2875/2824 4130/2872/2821 4131/2879/2828
f 4137/6155/4382 4136/6147/5465 4131/2879/2828 4134/2878/2827
f 4178/4783/4386 4182/4790/4391 4183/4793/4393 4179/4784/4387
f 4163/883/859 4164/2575/2527 4162/2577/2529
f 4164/2575/2527 4163/883/859 4165/2904/2854
f 4172/4779/2861 4174/4780/4383 4171/2903/2853
f 4180/4785/4388 4176/4781/4384 4179/4784/4387
f 4183/4793/4393 4185/4792/4392 4180/4785/4388 4179/4784/4387
f 4187/5793/4395 4186/4797/4397 4184/4794/4394 4182/4790/4391
f 4185/4792/4392 4183/4793/4393 4186/4797/4397
f 4186/4797/4397 4183/4793/4393 4184/4794/4394
f 4288/2964/2914 4287/4830/4423 4285/4827/4421 4283/2961/2911
f 4211/2918/2868 4212/4799/4399 4215/1516/1490
f 4215/1516/1490 4213/4800/4400 4214/4801/4401
f 4210/4798/4398 4217/6156/4402 4214/4801/4401
f 4217/4803/4402 4216/1515/1489 4220/6157/4405
f 4216/1515/1489 4221/4806/4404 4220/6157/4405
f 4219/4804/4403 4217/4805/4402 4222/4808/4406
f 4231/2927/2877 4227/2922/2872 4228/2928/2878
f 4233/4814/4409 4230/2924/2874 4234/5519/4999
f 4264/1829/1795 4259/2240/2199 4266/4817/4412
f 4260/4816/4411 4265/4820/4415 4266/4817/4412
f 4267/4819/4414 4266/4817/4412 4265/4820/4415
f 4265/4820/4415 4263/4818/4413 4268/1830/1796
f 4269/2953/2905 4267/4819/4414 4272/4824/4419
f 4267/4819/4414 4270/4821/4416 4272/4824/4419
f 4270/4821/4416 4273/5394/4879 4272/4824/4419
f 4270/4821/4416 4268/1830/1796 4273/5394/4879
f 4275/807/786 4276/2957/2908 4278/2960/2910
f 4281/4828/4422 4280/808/787 4278/2960/2910
f 4282/4826/4420 4280/808/787 4285/4827/4421
f 4285/4827/4421 4280/808/787 4281/4828/4422
f 4281/4828/4422 4278/2960/2910 4283/2961/2911
f 4284/6158/4424 4277/4825/2907 4279/2959/2909
f 4284/6158/4424 4279/2959/2909 4282/4826/4420
f 4286/4829/2913 4284/6158/4424 4282/4826/4420
f 4282/4826/4420 4285/4827/4421 4287/4830/4423
f 3528/3996/3823 3530/4590/4248 3527/3025/2977 3525/2478/2432
f 4316/4834/4427 4312/6159/4429 4313/4832/4425
f 4313/4832/4425 4314/4835/4428 4317/4833/4426
f 4315/4837/4430 4312/6159/4429 4316/4834/4427
f 4312/4836/4429 4315/6160/4430 4318/4838/4431
f 4317/4833/4426 4312/4836/4429 4320/4839/4432
f 4316/4834/4427 4317/4833/4426 4321/4840/4433
f 4318/4841/4431 4315/4837/4430 4319/1984/1949
f 4318/4841/4431 4319/1984/1949 4322/1983/1948
f 4323/1982/1947 4316/4834/4427 4321/4840/4433
f 4322/1983/1948 4325/2501/2453 4324/4842/4434
f 4323/1982/1947 4321/4840/4433 4326/2500/2452
f 4330/4847/4438 4328/4845/4436 4329/4848/4439
f 4328/4845/4436 4330/4847/4438 4331/3269/3218
f 4331/3269/3218 4330/4847/4438 4334/3267/3216
f 4332/4846/4437 4328/4845/4436 4333/4851/4440
f 4371/2554/2506 4369/2996/2947 4364/2997/2948 4367/2555/2507
f 4336/6161/5467 4332/4846/4437 4333/4851/4440
f 4334/3267/3216 4332/4850/4437 4336/6162/5467
f 4337/4853/4442 4336/6161/5467 4333/4851/4440
f 4335/3268/3217 4334/3267/3216 4339/4854/4443
f 4339/4854/4443 4334/3267/3216 4336/6162/5467
f 4339/6163/4443 4336/6161/5467 4337/4853/4442
f 4373/4861/4448 4374/4859/4446 4369/2996/2947 4371/2554/2506
f 4372/4856/4444 4370/1067/1044 4376/4858/4445
f 4421/1181/1159 4420/3361/2971 4417/6164/2973 4418/4868/4453
f 4373/4861/4448 4371/2554/2506 4372/4857/4444
f 4375/6165/4447 4372/4856/4444 4376/4858/4445
f 4375/6165/4447 4376/4858/4445 4374/4859/4446
f 4382/4863/4449 4379/3000/2951 4384/2999/2950
f 4380/2900/2851 4382/4863/4449 4384/2999/2950
f 4386/6166/2551 4381/2901/2553 4383/4864/4450
f 4383/4864/4450 4380/2900/2851 4387/4865/4451
f 4388/4866/2952 4386/6166/2551 4383/4864/4450
f 4388/4866/2952 4387/4865/4451 4389/4867/4452
f 4387/4865/4451 4385/2599/2552 4390/3002/2953
f 4433/5342/4826 4435/1302/1279 4434/3041/2985 4432/6167/2987
f 4421/1181/1159 4418/4868/4453 4422/675/654
f 4421/1181/1159 4426/674/653 4424/3027/2979
f 4425/673/652 4423/3026/2978 4427/3028/2980
f 4424/3027/2979 4426/674/653 4428/4869/4454
f 4428/4869/4454 4425/673/652 4429/4871/4455
f 4429/4871/4455 4425/673/652 4430/3031/2984
f 4433/5342/4826 4437/4872/4456 4436/1303/1280
f 1436/6168/5468 1435/5538/5019 1432/5540/5022 1431/6169/5469
f 4436/1303/1280 4437/4872/4456 4440/3489/3427
f 4440/3489/3427 4432/3035/2987 4439/3034/2986
f 4440/3489/3427 4441/3490/3428 4438/1304/1281
f 4434/3041/2985 4435/1302/1279 4442/3039/2991
f 4439/3034/2986 4442/4873/2991 4441/3490/3428
f 4441/3490/3428 4443/4876/4459 4438/1304/1281
f 4441/3490/3428 4444/4874/4457 4443/4876/4459
f 4442/3039/2991 4438/1304/1281 4445/4875/4458
f 4470/3629/3561 4467/6170/3347 4468/3067/3017
f 4472/1064/1041 4467/6170/3347 4470/3629/3561
f 4470/3629/3561 4468/3067/3017 4473/3066/3016
f 4474/3074/3024 4470/3629/3561 4473/3066/3016
f 4483/3185/3135 4486/3184/3134 4485/4882/4462 4482/6171/5470
f 4473/3066/3016 4471/3065/3015 4475/3076/3026
f 4475/3076/3026 4471/3065/3015 4472/4877/1041
f 4474/3074/3024 4473/3066/3016 4476/1062/1039
f 4473/3066/3016 4475/3076/3026 4476/1062/1039
f 4477/3075/3025 4475/3076/3026 4472/4877/1041
f 4482/6171/5470 4480/6172/4461 4483/3185/3135
f 4485/4882/4462 4481/3079/3029 4482/6171/5470
f 2876/6173/5471 2875/5384/4872 2878/5383/4871 2877/6174/5472
f 4483/4881/3135 4484/3078/3028 4487/3081/3031
f 2003/1026/1001 2007/6175/5473 2006/1027/1002
f 4492/4884/4463 4487/3081/3031 4488/3080/3030
f 4489/3077/3027 4486/3184/3134 4491/3082/3032
f 4492/4883/4463 4486/3184/3134 4487/3183/3031
f 4523/4889/4466 4521/635/615 4527/3497/3435
f 4584/4903/4477 4587/4909/4480 4585/4907/4479 4583/6176/5474
f 4525/4886/4464 4520/636/616 4523/4889/4466
f 3776/2628/2580 3773/2630/2582 3779/4674/4310
f 4526/4887/4465 4525/4886/4464 4529/4890/4467
f 4527/3497/3435 4530/6177/4469 4529/4890/4467
f 4534/4894/4471 4533/3102/3055 4536/3101/3054
f 4539/4895/1806 4533/6178/3055 4531/3105/3058
f 4537/3103/3056 4531/3105/3058 4534/4894/4471
f 4537/3103/3056 4534/4894/4471 4536/3101/3054
f 4538/6179/3061 4539/4895/1806 4535/3104/3057
f 4538/6179/3061 4535/3104/3057 4537/3103/3056
f 4537/3103/3056 4536/3101/3054 4540/1839/1805
f 4541/4897/4472 4538/6179/3061 4537/3103/3056
f 4571/3125/3078 4568/3128/3081 4572/3127/3080
f 4575/3135/3085 4574/1348/1325 4578/4901/4475
f 4577/3130/3083 4581/4902/4476 4578/4901/4475
f 4575/3135/3085 4578/4901/4475 4579/3133/3086
f 4582/4906/4478 4583/6176/5474 4585/4907/4479
f 4959/5567/5051 4954/6180/5475 4955/6181/5476 4956/5568/5052
f 4588/4910/4481 4584/4903/4477 4590/4908/3089
f 4586/3139/3090 4585/4907/4479 4589/3140/3091
f 4589/3140/3091 4585/4907/4479 4587/4909/4480
f 4593/3141/3092 4590/3138/3089 4591/3137/3088
f 4590/4908/3089 4593/6182/3092 4594/4911/4482
f 4620/4914/3576 4621/2862/2811 4623/4916/4485
f 4623/4916/4485 4621/2862/2811 4618/2864/2813
f 4624/2949/2901 4618/2864/2813 4622/3156/3107
f 4623/4916/4485 4618/2864/2813 4627/2948/2900
f 4623/4916/4485 4627/2948/2900 4625/4917/3105
f 4624/2949/2901 4622/3156/3107 4626/3155/3106
f 4625/4917/3105 4627/2948/2900 4629/4918/4486
f 4627/2948/2900 4624/2949/2901 4629/4918/4486
f 4625/3154/3105 4628/4921/4487 4626/3155/3106
f 4624/2949/2901 4626/3155/3106 4630/4920/4488
f 4636/4923/4490 4631/3160/3111 4633/3159/3110
f 4635/6183/4489 4638/4925/4491 4634/2626/2578
f 4639/3165/3116 4632/2625/2577 4637/2627/2579
f 4688/3190/3139 4687/4946/4504 4686/4938/4498 4683/3191/3140
f 4642/3166/3117 4636/4923/4490 4633/3159/3110
f 4640/3164/3115 4638/4925/4491 4644/3170/3121
f 4642/3166/3117 4641/2351/2309 4646/2350/2308
f 4644/3170/3121 4642/4926/3117 4646/6184/2308
f 4645/2352/2310 4643/3167/3118 4644/3170/3121
f 4672/4930/4495 4670/4928/4493 4674/1073/1050
f 4670/4928/4493 4671/2870/2819 4674/1073/1050
f 4675/2869/2818 4673/4936/1049 4677/4935/4497
f 4683/3191/3140 4680/4939/4499 4681/2687/2638
f 4682/4940/2636 4680/4939/4499 4686/4938/4498
f 4818/4971/4519 4823/3271/3220 4824/1778/1745 4820/3265/3214
f 4686/4938/4498 4687/4946/4504 4685/4941/3138
f 4690/6185/4501 4685/4941/3138 4687/4946/4504
f 4690/6185/4501 4687/4946/4504 4692/4945/4503
f 4687/4946/4504 4688/3190/3139 4693/4944/4502
f 4688/3190/3139 4691/4947/4505 4693/4944/4502
f 4694/1750/4506 4690/6185/4501 4692/4945/4503
f 4694/4948/4506 4691/4947/4505 4689/4942/4500
f 4689/4942/4500 4690/4943/4501 4694/4948/4506
f 4717/4950/4508 4718/1867/1833 4721/4952/4509
f 4721/4952/4509 4718/1867/1833 4722/1866/1832
f 4720/3657/3586 4717/4950/4508 4723/3209/3156
f 4723/3209/3156 4717/4950/4508 4721/4952/4509
f 4720/3657/3586 4724/3204/3153 4719/3206/1831
f 4721/4952/4509 4722/1866/1832 4725/3207/3154
f 4722/3205/1832 4724/3204/3153 4726/3211/3158
f 4726/3211/3158 4724/3204/3153 4723/3209/3156
f 4725/3207/3154 4722/1866/1832 4727/4953/4510
f 4722/1866/1832 4729/2172/3157 4727/4953/4510
f 4729/3210/3157 4722/3205/1832 4726/3211/3158
f 4734/4954/4511 4733/3220/3166 4738/3219/3165
f 4737/4956/4512 4736/1153/1130 4739/1574/1545
f 4740/4957/4513 4735/1152/1129 4738/3219/3165
f 4740/4957/4513 4743/4958/4514 4741/2105/2070
f 4770/2886/2836 4767/3240/3187 4765/2887/2837
f 4766/4207/3974 4767/3240/3187 4769/3239/3186
f 4771/4962/2838 4765/4961/2837 4768/4206/3973
f 2130/4161/3942 2131/994/969 2129/4158/3941
f 4775/4965/4516 4769/3239/3186 4770/2886/2836
f 4771/2888/2838 4773/3243/3191 4772/3245/3193
f 4774/4963/4515 4769/3239/3186 4775/4965/4516
f 4775/4965/4516 4770/2886/2836 4772/3245/3193
f 4775/4965/4516 4772/3245/3193 4777/3244/3192
f 4779/3246/3194 4780/790/769 4783/789/768
f 4782/788/767 4780/790/769 4778/6186/3196
f 4785/562/541 4782/788/767 4784/4969/3200
f 4786/1445/1420 4791/3255/3203 4788/3251/3199
f 4790/1570/1541 4786/1445/1420 4787/561/540
f 4789/6187/542 4788/3251/3199 4791/3255/3203
f 4817/3505/3443 4814/4973/4518 4815/3506/3444
f 4820/3265/3214 4815/3506/3444 4816/4972/4520
f 4814/4970/4518 4821/3272/1746 4818/4971/4519
f 4821/1779/1746 4817/3505/3443 4822/1780/1747
f 4840/4984/4527 4834/2188/2149 4836/4982/3221 4839/6188/5477
f 4822/1780/1747 4819/3266/3215 4824/1778/1745
f 4824/1778/1745 4823/3271/3220 4826/6189/5478
f 4825/4974/4521 4824/1778/1745 4826/6189/5478
f 4826/6189/5478 4823/3271/3220 4827/3270/3219
f 4831/4980/3222 4828/6190/4524 4829/4978/4523
f 4834/2188/2149 4830/2190/2151 4831/3274/3222
f 4831/4980/3222 4829/4978/4523 4835/4981/4525
f 4835/4981/4525 4829/4978/4523 4833/3279/3227
f 4833/3279/3227 4832/2189/2150 4834/2188/2149
f 4836/4982/3221 4835/4981/4525 4838/4983/4526
f 4839/6191/5477 4836/4982/3221 4838/4983/4526
f 4941/3062/3012 4945/5009/4543 4942/3348/3290 4938/2002/1966
f 4866/1079/1056 4864/4986/4528 4867/1742/1711
f 4867/1742/1711 4865/4987/4529 4868/4988/4530
f 4869/3289/1055 4868/4988/4530 4863/3290/3238
f 4866/1079/1056 4867/1742/1711 4870/1077/1054
f 4871/1740/1709 4868/4988/4530 4869/3289/1055
f 4868/4988/4530 4871/1740/1709 4867/1742/1711
f 4870/1077/1054 4867/1742/1711 4872/1741/1710
f 4870/1077/1054 4872/1741/1710 4874/3293/3240
f 4874/3293/3240 4872/1741/1710 4877/3299/3246
f 4881/4993/3249 4879/4992/4533 4883/4996/4535
f 4884/3073/3023 4882/3300/3247 4880/4994/4534
f 4883/4996/4535 4882/3300/3247 4888/3306/3253
f 4888/3306/3253 4882/3300/3247 4886/3072/3022
f 4885/3301/3248 4883/4996/4535 4887/4997/4536
f 4884/3073/3023 4885/3301/3248 4889/3071/3021
f 4892/5000/4537 4885/6192/3248 4887/4997/4536
f 4916/5001/4538 4917/2769/2718 4920/3332/3276
f 4922/3337/3281 4917/2769/2718 4919/1008/983
f 4923/3330/3275 4920/3332/3276 4922/3337/3281
f 4926/3335/3279 4919/1008/983 4921/1007/982
f 4922/3337/3281 4928/3336/3280 4925/5002/4539
f 4924/5003/3277 4925/5002/4539 4929/5005/4540
f 4930/3338/3282 4928/3336/3280 4926/3335/3279
f 4937/3063/3013 4938/2002/1966 4936/2004/1968
f 4845/5896/5361 4844/6193/5479 4843/6194/5479 4842/5897/5362
f 4943/6195/4542 4939/3344/3286 4940/2003/1967
f 4940/2003/1967 4947/5011/4545 4943/6195/4542
f 4941/3062/3012 4943/5008/4542 4947/6196/4545
f 4941/3062/3012 4947/6196/4545 4946/5010/4544
f 4978/3366/3305 4974/672/4546 4972/3359/3301
f 4973/3357/3299 4974/5012/4546 4976/5013/4547
f 4976/5013/4547 4974/5012/4546 4975/3363/3304
f 4980/3365/3303 4977/3358/3300 4981/3570/3507
f 4981/3570/3507 4976/5013/4547 4982/3369/3308
f 4982/3369/3308 4976/5013/4547 4979/5014/4548
f 4985/5016/4550 4980/3365/3303 4983/3368/3307
f 4990/5021/4553 4988/5017/4551 4989/3371/3310
f 4988/5017/4551 4995/3374/3314 4991/5018/3309
f 4995/3374/3314 4990/5021/4553 4992/5020/4552
f 4993/5022/4554 4997/6197/3315 4994/5023/4555
f 4991/5018/3309 4995/3374/3314 4993/5510/4554
f 4996/3372/3312 4995/3374/3314 4994/5023/4555
f 4999/3373/3313 4996/3372/3312 4998/5024/4556
f 5032/3401/3342 5031/2705/2654 5027/3399/3340 5029/3398/3339
f 5033/3350/2474 5026/5028/3338 5028/3351/3292
f 5040/3143/3094 5044/3405/3345 5045/5198/3350 5042/6198/4561
f 5038/5031/4559 5036/5030/2472 5034/2704/2653
f 5080/1328/1304 5086/5042/4567 5085/3427/3367 5083/3425/3365
f 5042/5033/4561 5046/3409/3349 5041/3144/3095
f 5047/3404/3344 5043/3142/3093 5046/3409/3349
f 2564/6199/5480 2565/3382/3322 2568/3381/3321
f 5045/5198/3350 5048/3412/3352 5049/6200/3348
f 5050/3411/3351 5047/3404/3344 5046/3409/3349
f 5053/3413/3353 5049/3408/3348 5052/2172/4562
f 5049/6200/3348 5048/3412/3352 5052/5034/4562
f 5081/5036/4564 5077/5035/4563 5082/5038/3366
f 5188/3493/3431 5187/3495/3433 5186/2468/2424 5185/3485/3424
f 5086/5042/4567 5080/1328/1304 5081/5036/4564
f 5086/5042/4567 5081/5036/4564 5084/5039/4565
f 5087/5041/4566 5091/5047/4570 5088/5043/4568
f 5090/5046/4571 5086/5042/4567 5088/5043/4568
f 5096/3036/2988 5093/3432/3372 5097/3037/2989
f 5095/3436/3376 5096/3036/2988 5099/3448/3390
f 5097/3037/2989 5098/6201/3375 5100/5048/3374
f 5095/3436/3376 5099/3448/3390 5100/3434/3374
f 5103/5051/4573 5102/3449/3391 5101/3038/2990
f 5105/5049/4572 5099/3448/3390 5102/3449/3391
f 5133/542/521 5132/6202/5481 5130/543/522
f 5131/3451/3393 5132/6203/5481 5135/5052/4574
f 5135/5052/4574 5132/6203/5481 5133/5053/521
f 5133/542/521 5134/541/520 5136/3596/3532
f 5139/3450/3392 5131/3451/3393 5135/5052/4574
f 5137/1390/1366 5135/5052/4574 5138/3455/1367
f 5140/3453/3395 5136/3596/3532 5139/3450/3392
f 5140/3453/3395 5139/3450/3392 5143/3452/3394
f 5143/3452/3394 5137/1390/1366 5141/1389/1365
f 5142/3454/3396 5140/3453/3395 5143/3452/3394
f 5147/5062/4579 5145/5057/4576 5146/5061/4578
f 5150/2060/2027 5146/5061/4578 5148/5060/4577
f 5149/3462/3401 5147/5062/4579 5150/2060/2027
f 5151/5063/4580 5155/6204/3408 5154/2058/2025
f 5156/3463/3402 5153/2059/2026 5154/2058/2025
f 5181/3486/3425 5186/2468/2424 5180/2470/2426
f 5185/3485/3424 5182/3484/3423 5183/3488/3426
f 5183/3488/3426 5182/3484/3423 5184/3487/2425
f 3507/2645/2599 3508/2467/2423 3506/2683/2634
f 5188/3493/3431 5185/3485/3424 5183/3488/3426
f 5194/6205/4584 5200/6206/3434 5199/5072/4585 5196/4899/4474
f 5192/3494/3432 5188/3493/3431 5191/5066/4581
f 5191/5066/4581 5189/2920/2870 5193/5068/4582
f 5244/6207/4592 5250/5552/3474 5249/1958/1922 5246/3110/3062
f 5199/5072/4585 5200/6206/3434 5202/5073/4586
f 5200/3496/3434 5195/5070/4583 5198/655/634
f 5200/6206/3434 5204/5074/4587 5202/5073/4586
f 5206/5075/4588 5201/657/636 5202/5073/4586
f 5206/5075/4588 5204/5074/4587 5207/2172/5482
f 5204/5273/4587 5203/2323/2280 5207/6208/5482
f 5207/6208/5482 5203/2323/2280 5205/2324/2281
f 5234/3528/3466 5231/3523/3461 5235/6209/4589
f 5233/4977/4522 5230/3525/3463 5232/3524/3462
f 5236/3533/3471 5235/6209/4589 5233/6210/4522
f 5236/3533/3471 5234/3528/3466 5235/6209/4589
f 5233/4977/4522 5232/3524/3462 5237/3527/3465
f 5238/3532/3470 5234/3528/3466 5236/3533/3471
f 5237/3527/3465 5240/5077/4590 5236/4976/3471
f 5242/5078/4591 5236/4976/3471 5240/5077/4590
f 5254/1957/1921 5255/1959/1923 5256/5083/4594 5253/813/792
f 5251/812/791 5248/960/936 5249/1958/1922
f 5250/3536/3474 5247/811/790 5253/813/792
f 5251/812/791 5249/1958/1922 5254/1957/1921
f 5253/813/792 5256/5083/4594 5252/3535/3473
f 5337/5105/4608 5338/1172/1150 5332/3216/3163 5334/3215/3162
f 5282/5085/4595 5285/3458/3399 5281/3457/3398
f 5287/3576/3513 5285/3458/3399 5288/3552/3492
f 5284/5087/3397 5289/5089/4596 5286/3550/3490
f 5288/3552/3492 5285/3458/3399 5291/3549/3489
f 5291/3549/3489 5285/3458/3399 5286/3550/3490
f 5289/5088/4596 5288/3552/3492 5293/3551/3491
f 5290/3548/3488 5289/5089/4596 5292/5090/4597
f 5298/1664/1634 5297/5093/4599 5300/1662/1632
f 5301/5097/4602 5295/5948/4600 5299/3555/3495
f 3063/4458/4152 3059/2243/2200 3061/1250/1230
f 5304/5102/4605 5301/5096/4602 5307/5099/4603
f 5305/5100/4604 5302/1663/1633 5306/5103/4606
f 5333/3562/1244 5331/3561/3501 5329/6211/4607
f 5333/1266/1244 5329/5104/4607 5332/3216/3163
f 5340/5107/4610 5342/1170/1148 5338/1172/1150 5337/5105/4608
f 5392/3590/3527 5391/6212/3531 5387/5118/4619 5388/3587/3524
f 5342/1170/1148 5340/5107/4610 5344/5110/3506
f 5349/5113/4615 5350/5112/4614 5351/2245/2202
f 5352/3192/3141 5346/5203/4696 5348/6213/4616
f 5350/5112/4614 5346/5203/4696 5352/3192/3141
f 5352/3192/3141 5348/6213/4616 5354/6214/3512
f 5353/2246/2203 5350/5112/4614 5352/3192/3141
f 5357/2422/2380 5356/2247/2204 5353/2246/2203
f 5355/3574/3511 5356/2247/2204 5359/6215/4618
f 5359/6215/4618 5356/2247/2204 5358/2423/2381
f 5387/5118/4619 5383/5158/4650 5385/965/941
f 5492/5146/4641 5493/6216/3582 5486/6217/2720 5491/5145/4640
f 5391/6212/3531 5392/3590/3527 5394/3592/3529
f 5390/3588/3525 5391/3595/3531 5395/3594/3530
f 5401/5121/4621 5399/3605/3539 5402/3607/3541
f 5399/3605/3539 5398/3598/3534 5404/3606/3540
f 5405/5122/4622 5402/3607/3541 5404/3606/3540
f 5404/3606/3540 5406/3609/3542 5405/5122/4622
f 5402/3607/3541 5405/5122/4622 5408/3611/3543
f 5437/5128/4625 5432/3623/3555 5438/5130/4627
f 5439/5127/4624 5435/3630/3562 5436/5125/4623
f 5438/5130/4627 5432/3623/3555 5439/5127/4624
f 5437/5128/4625 5438/5130/4627 5441/5131/4628
f 5441/5131/4628 5439/5127/4624 5442/5133/4629
f 5446/5135/4631 5445/5134/4630 5449/3636/3568
f 5451/3641/3569 5443/5136/4632 5444/3634/3566
f 5450/2199/2158 5447/3633/3565 5448/3979/3809
f 5453/2200/2159 5448/3979/3809 5449/3636/3568
f 5457/5138/4633 5453/2200/2159 5452/3877/3567
f 5481/5140/4635 5482/3652/3581 5485/5142/4637
f 5483/2772/2721 5480/5139/4634 5488/2770/2719
f 5487/5143/4638 5484/5141/4636 5485/5142/4637
f 5487/5143/4638 5485/5142/4637 5486/2771/2720
f 5484/5141/4636 5489/5144/4639 5488/2770/2719
f 5489/5144/4639 5487/5143/4638 5490/3654/3583
f 5486/6217/2720 5488/2770/2719 5491/5145/4640
f 5489/5144/4639 5490/3654/3583 5494/5147/4642
f 5499/730/709 5496/3656/3585 5497/731/710
f 5498/1268/1246 5499/730/709 5500/732/711
f 5503/1269/1247 5500/732/711 5505/3660/3588
f 5505/3660/3588 5501/3659/3587 5504/3664/3592
f 5504/5150/3592 5508/5152/4645 5507/6218/3591
f 5508/5152/4645 5502/1267/1245 5506/5151/4644
