# Blender 4.3.2
# www.blender.org
mtllib Cuerpo_A.mtl
o joy_lod0
v 4.582858 7.180296 -0.490767
v 3.609044 6.593507 -0.581968
v 3.113775 6.262022 0.405540
v 3.653361 6.405229 1.352228
v 5.080462 7.252773 0.417740
v 4.597432 7.196736 1.297565
v 3.049608 6.920064 1.693618
v 3.563443 8.397829 0.491137
v 3.271170 7.922133 -0.590060
v 3.045521 6.729271 -0.748114
v 2.505859 5.416573 -0.590081
v 3.024229 5.747496 -0.076421
v 2.868858 5.188893 1.716557
v 3.172254 5.883144 1.049644
v 2.949219 4.791301 0.570695
v -4.384195 7.175606 -0.490767
v -3.359355 6.683318 -0.581969
v -2.835022 6.400026 0.405535
v -3.385716 6.491692 1.352228
v -4.886423 7.200813 0.417742
v -4.400258 7.190599 1.297565
v -2.894047 6.920058 1.693619
v -3.407884 8.397835 0.491136
v -3.115613 7.922133 -0.590060
v -2.889964 6.729274 -0.748113
v -2.350302 5.416576 -0.590081
v -2.868671 5.747496 -0.076421
v -3.016696 5.883144 1.049644
v -2.713300 5.188893 1.716557
v -2.793660 4.791304 0.570695
v 0.545469 13.657696 7.100454
v 1.439067 13.650491 6.748843
v 1.865419 13.954522 6.642069
v 1.841623 13.460580 6.425220
v -0.184398 13.256058 7.002585
v 0.720136 12.924316 6.820496
v 1.125286 13.347735 6.763024
v 2.172951 13.086845 6.080228
v 0.079167 12.753393 6.813111
v 0.077775 15.523178 7.530268
v 0.868659 15.113030 7.122535
v 0.227016 15.868790 7.024283
v 1.663839 15.466667 6.218445
v 2.763364 14.689354 6.054871
v 2.793956 13.663515 5.934981
v 3.065596 12.688277 4.913506
v 1.896727 11.668080 4.883240
v 0.910634 11.105800 4.818717
v 0.077772 10.990733 4.801860
v 0.071032 14.040048 7.290328
v 0.753251 14.357855 7.198301
v 0.971683 12.000139 5.941129
v -0.143966 11.553612 5.783850
v 0.252580 17.919645 6.350741
v 0.226932 16.303984 6.694232
v 0.287822 19.110533 5.946562
v 0.077774 20.194796 5.152868
v 1.110624 20.258696 4.841583
v 0.965050 18.887749 5.899006
v 1.315259 19.517199 5.523348
v 2.685302 20.409222 3.513082
v 3.513189 19.767172 3.240556
v 4.098573 18.875097 3.222785
v 2.437952 15.354497 5.851657
v 3.665227 14.993471 5.252875
v 3.682446 15.905446 4.934116
v 4.060244 17.040459 4.457195
v 2.266042 19.628231 4.930329
v 3.011738 19.286861 4.579644
v 3.763125 18.327578 4.408596
v 3.168361 15.631121 5.299120
v 1.021459 15.945590 6.369432
v 0.863330 17.684469 6.262607
v 1.363181 18.993065 5.807748
v 0.077780 10.601649 2.023537
v 1.148896 10.702367 1.933472
v 2.626999 11.490191 2.660191
v 3.327039 12.060222 3.019468
v 0.077779 9.930794 1.481989
v 1.015349 9.928993 1.333334
v 1.474497 10.591173 0.606495
v 0.956452 9.339876 -0.436865
v 1.120229 10.805346 -0.560002
v 0.077779 9.621074 -0.827966
v 0.077779 10.795644 -1.048112
v 3.797219 13.055293 4.148289
v 3.994079 13.966146 4.710669
v 4.173090 13.083943 2.847898
v 4.568130 14.086650 3.238959
v 4.650320 15.296599 3.680428
v 4.681440 17.514324 3.002537
v 4.978344 14.764297 1.809989
v 5.069227 17.320646 1.408717
v 5.124124 16.099199 -0.203727
v 3.690380 12.419631 0.965682
v 4.375509 13.225395 1.324408
v 4.566464 13.905446 -0.289542
v 2.400414 11.798100 -0.448607
v 3.536249 12.588546 -0.384272
v 5.065224 17.625250 -0.171962
v 4.769184 15.933400 -2.015797
v 1.447134 20.959801 3.671933
v 0.077774 21.040800 3.863098
v 4.486754 19.108145 1.429223
v 4.013369 19.915453 1.340434
v 4.888577 18.643744 -1.835892
v 3.020844 20.826796 1.816628
v 1.704079 21.429644 2.138763
v 0.077774 21.596945 2.374328
v 2.206984 21.535244 0.694223
v 0.077773 22.091255 -0.840591
v 2.218694 21.657244 -1.066198
v 4.069240 13.966051 -1.996392
v 0.077779 11.697899 -1.783762
v 3.123620 12.852144 -1.756667
v 3.443359 20.691246 -1.454122
v 0.077779 9.093346 1.449889
v 0.979799 9.086543 1.271628
v 1.445284 9.173644 0.551758
v 0.077779 7.857094 1.956399
v 1.318724 8.128539 1.609119
v 1.824948 8.682979 0.555024
v 1.472889 8.431139 -0.505956
v 0.077781 6.930721 2.759003
v 1.985155 7.743978 1.948998
v 1.749250 8.117305 -0.811772
v 0.077780 8.009636 -1.029814
v 1.025659 14.463445 5.287459
v -0.682368 14.517784 5.313791
v 0.077774 13.529094 3.144339
v 1.893464 13.987895 5.177498
v 0.077774 12.429893 5.296908
v 1.056474 12.632545 5.244938
v 1.871039 12.990596 5.161799
v -1.290630 13.649597 6.745873
v -0.606959 13.755789 7.090505
v -1.751116 13.975296 6.620460
v -1.674759 13.456531 6.429154
v -1.138022 13.375286 6.689979
v -0.624532 12.866723 6.757668
v -2.002156 13.165486 6.133724
v -0.500502 15.886150 6.694408
v -0.713108 15.113030 7.122536
v -1.507194 15.468169 6.218024
v -2.607821 14.689361 6.054866
v -2.644417 13.685747 5.936579
v -2.910052 12.688289 4.913509
v -1.604069 12.577636 5.968728
v -1.741170 11.668077 4.883236
v -0.755084 11.105797 4.818718
v -0.598485 14.354721 7.197045
v -0.227204 17.923071 6.323534
v -0.824256 18.918016 5.893471
v -0.955076 20.258690 4.841583
v -2.529752 20.409218 3.513088
v -3.357644 19.767164 3.240560
v -3.966677 18.888134 3.154756
v -2.286480 15.356425 5.847970
v -3.509678 14.993471 5.252877
v -3.526896 15.905452 4.934116
v -3.904172 17.041609 4.457922
v -1.207883 18.992516 5.809031
v -1.159710 19.517202 5.523347
v -2.110486 19.628231 4.930333
v -2.537002 19.192625 4.906303
v -2.856188 19.286861 4.579645
v -3.397037 18.200554 4.621930
v -3.605675 18.327572 4.411469
v -3.529757 16.511415 4.850298
v -3.012815 15.631121 5.299116
v -0.870271 15.939175 6.369752
v -1.017517 16.061331 6.187839
v -0.707546 17.685156 6.262678
v -0.993337 10.702367 1.933473
v -2.471443 11.490191 2.660188
v -3.171486 12.060222 3.019461
v -0.859791 9.928993 1.333334
v -1.318939 10.591173 0.606495
v -0.964671 10.805346 -0.560002
v -0.800893 9.339876 -0.436865
v -3.641671 13.055293 4.148289
v -3.838531 13.966148 4.710669
v -4.017541 13.083943 2.847898
v -4.412581 14.086650 3.238959
v -4.494771 15.296596 3.680428
v -4.491576 17.527494 3.101444
v -4.908702 17.390551 1.406930
v -4.822793 14.764272 1.809989
v -4.968576 16.099195 -0.203727
v -3.534829 12.419631 0.965682
v -4.219961 13.225395 1.324408
v -4.410916 13.905446 -0.289542
v -3.380696 12.588546 -0.384272
v -2.244861 11.798100 -0.448607
v -4.909676 17.625246 -0.171962
v -4.613636 15.933394 -2.015797
v -4.724676 18.613995 -1.837402
v -1.291586 20.959801 3.671933
v -4.393774 19.002977 1.351287
v -3.857818 19.915457 1.340433
v -1.548531 21.429644 2.138763
v -2.865296 20.826796 1.816628
v -2.051436 21.535244 0.694223
v -2.063146 21.657244 -1.066198
v -3.913691 13.966051 -1.996392
v -2.968071 12.852144 -1.756667
v -3.287811 20.691246 -1.454122
v -0.824241 9.086543 1.271628
v -1.289726 9.173644 0.551758
v -1.163166 8.128539 1.609119
v -1.669387 8.682982 0.555025
v -1.317331 8.431139 -0.505956
v -1.829590 7.743980 1.948999
v -1.593688 8.117305 -0.811773
v -1.737911 13.987899 5.177498
v -0.900921 12.632545 5.244938
v -1.715491 12.990596 5.161799
v 1.458967 0.429799 2.563335
v 0.077780 0.514478 2.927274
v 0.077779 -2.025262 3.063694
v 1.744639 -2.047903 2.704940
v 2.292917 0.530797 1.768052
v 2.727073 -0.153340 0.728682
v 2.620425 -1.745941 -1.165051
v 1.895373 0.380997 -0.466574
v 1.110320 0.036409 -0.974756
v 2.835629 -11.528605 4.823651
v 2.291429 -5.180541 3.067537
v 1.760386 -6.183204 3.788702
v 2.213174 -11.438505 5.285311
v 1.146599 -11.516805 5.356211
v -0.790787 -6.119098 3.836465
v 0.077779 -11.581705 5.297711
v 1.861034 -8.784006 2.840950
v 2.393795 -4.882506 2.545670
v 2.557259 -8.503156 3.463485
v 1.307394 -11.788155 3.325975
v 2.821975 -11.747305 4.199565
v 4.080554 -11.841800 2.201555
v 3.805579 -8.832100 1.903715
v 3.142102 -2.777733 1.742822
v 5.272856 -11.634189 0.441985
v 4.162009 -4.226155 0.387304
v 4.834564 -11.565906 -1.682775
v 4.187484 -8.556505 -1.520725
v 3.859649 -4.326755 -1.298930
v 1.812990 -7.456606 -3.934761
v 1.258584 -11.147005 -4.951740
v 0.077777 -11.098899 -4.749066
v 1.537752 -3.885628 -3.044739
v 2.407184 -3.952056 -2.872601
v 2.677839 -7.873456 -3.967725
v 3.075049 -11.155005 -4.691200
v 2.079584 -11.075555 -5.008990
v 0.077777 -0.032784 -1.132614
v 2.703794 -4.049100 -2.454060
v 1.995174 -8.014556 -2.958920
v 2.637404 -7.966806 -3.307630
v 1.704584 -11.188205 -3.452600
v 3.093619 -11.276605 -4.052690
v 2.590806 1.233034 0.829186
v 1.052878 1.114239 -0.825931
v 0.077779 1.259999 -0.934451
v 1.232002 5.880861 3.139681
v 0.077779 5.665295 3.343184
v 0.077780 4.623067 3.519584
v 1.321856 4.674810 3.333006
v 2.313850 5.832585 2.611517
v 2.318429 4.618330 2.621981
v 2.543719 2.854344 1.821594
v 0.077780 6.377370 -1.469101
v 1.266438 6.439452 -1.347053
v -1.303408 0.429799 2.563336
v -1.589080 -2.047903 2.704939
v -2.137358 0.530795 1.768051
v -2.571513 -0.153337 0.728681
v -1.739814 0.380994 -0.466574
v -2.464869 -1.745943 -1.165050
v -0.954763 0.036415 -0.974756
v -2.680071 -11.528605 4.823651
v -1.977265 -11.440169 5.328598
v -1.691966 -6.333480 3.782555
v -2.135870 -5.180538 3.067537
v -1.705476 -8.784001 2.840950
v -2.401701 -8.503156 3.463485
v -2.238236 -4.882506 2.545670
v -1.151836 -11.788155 3.325975
v -2.666416 -11.747305 4.199565
v -3.650021 -8.832107 1.903715
v -3.924996 -11.841805 2.201555
v -2.986544 -2.777734 1.742822
v -5.117298 -11.634192 0.441985
v -4.006451 -4.226155 0.387304
v -4.031926 -8.556505 -1.520725
v -4.679006 -11.565906 -1.682775
v -3.704091 -4.326755 -1.298930
v -1.657434 -7.456583 -3.934755
v -1.103026 -11.147005 -4.951740
v -2.522281 -7.873452 -3.967725
v -2.251626 -3.952051 -2.872601
v -1.546768 -3.949823 -3.043697
v -1.924026 -11.075555 -5.008990
v -2.919491 -11.155005 -4.691200
v -2.548236 -4.049100 -2.454060
v -2.481846 -7.966806 -3.307630
v -1.839616 -8.014556 -2.958920
v -2.938061 -11.276605 -4.052690
v -1.549026 -11.188205 -3.452600
v -2.435248 1.233035 0.829187
v -0.897319 1.114239 -0.825931
v -1.076442 5.880864 3.139681
v -1.166298 4.674810 3.333006
v -2.158292 5.832585 2.611517
v -2.162871 4.618330 2.621980
v -2.388161 2.854344 1.821594
v -1.110880 6.439452 -1.347053
v 0.077779 -9.449655 0.150750
v 2.257944 16.561047 3.135358
v 2.692552 19.192623 4.906302
v 3.552584 18.200554 4.621930
v 1.175827 16.058495 6.177849
v 3.685304 16.511412 4.850298
v -2.102396 16.561047 3.135358
v 0.172739 13.443615 6.906390
v 1.526229 14.796847 6.361759
v 0.845624 14.785400 6.785659
v 0.757419 13.325601 6.501009
v 1.445069 13.469795 6.162909
v -0.794752 14.785889 6.741807
v -0.542548 13.318508 6.519146
v 0.077779 14.781399 6.954409
v 2.047884 13.817751 5.592059
v 2.126524 14.834801 6.019559
v -1.892336 13.817754 5.592059
v -1.289521 13.469798 6.162909
v -1.940671 14.762950 6.090659
v 2.572724 14.973296 4.888834
v 2.385809 14.939845 5.408009
v 2.470155 14.315294 4.999834
v 2.656849 14.782845 4.495334
v -2.232761 14.939504 5.409808
v -2.314596 14.315303 4.999834
v -2.417306 14.973305 4.888888
v -2.501291 14.782854 4.495334
v 0.077774 11.572051 5.415909
v 1.380020 11.752776 5.046507
v 1.067705 12.421489 5.827289
v 0.077774 12.334945 5.984358
v -0.634956 11.609444 5.280159
v -0.974830 12.438182 5.799738
v -1.227826 11.764595 5.036864
v 2.019299 11.952095 4.536889
v 2.005059 12.741701 5.066498
v -1.863746 11.952098 4.536889
v -2.332783 12.994164 4.429386
v 2.664924 12.272896 3.522063
v 2.626749 13.160893 4.037613
v -2.509376 12.272896 3.522063
v 2.931769 12.729445 2.323808
v 2.774469 13.747093 2.701719
v -2.618921 13.747093 2.701719
v -2.776221 12.729445 2.323808
v 0.783504 12.556050 5.642258
v 0.077774 12.462496 5.744909
v -0.627956 12.556050 5.642258
v 1.219604 12.652495 5.405859
v -1.064056 12.652495 5.405859
v 1.750589 12.855501 4.882119
v -1.595041 12.855501 4.882119
v 2.124974 13.241396 4.017599
v -1.969426 13.241396 4.017599
v 2.257319 13.759895 2.770528
v -2.101771 13.759895 2.770528
v 3.094309 18.482094 2.032698
v 2.111639 19.521597 2.371643
v 2.522324 19.736595 3.181628
v 3.590894 18.606245 2.813053
v 0.769289 19.902096 2.834653
v 1.062634 20.150343 3.685113
v -0.573061 19.521597 3.297663
v -0.397061 19.736595 4.188598
v -1.555726 18.482094 3.636608
v -1.465626 18.606245 4.557173
v -1.915411 17.062145 3.760673
v -1.856751 17.062145 4.692078
v -1.555726 15.642196 3.636609
v -1.465626 15.518089 4.557174
v -0.573061 15.030944 3.297663
v -0.397056 14.815944 4.188599
v 0.769289 14.650444 2.834653
v 1.062634 14.402196 3.685113
v 2.111639 15.030944 2.371643
v 2.756889 14.796455 3.626714
v 3.094305 15.642196 2.032698
v 3.590894 15.518096 2.813053
v 3.453989 17.062151 1.908633
v 3.982014 17.062151 2.678148
v 2.783989 19.715193 3.978163
v 3.844004 18.593895 3.612538
v 1.335984 20.125593 4.477613
v -0.112016 19.715193 4.875473
v -1.172031 18.593895 5.241098
v -1.488761 17.002224 5.570541
v -1.172031 15.530440 5.342709
v -0.112016 14.409151 4.977064
v 1.335984 14.426946 4.477614
v 3.844004 15.530446 3.612539
v 4.231994 17.062151 3.478708
v 2.701125 19.067019 4.975518
v 3.536171 18.233498 4.651447
v 1.718547 19.185997 5.498292
v 0.388429 19.228344 5.464358
v -0.477066 18.312796 5.762908
v -0.477066 15.811495 5.864458
v 0.597078 15.255236 5.867725
v 1.570719 14.560893 5.158149
v 2.753009 14.896001 4.750349
v 3.495858 15.867876 4.745807
v 3.824939 17.089067 4.553219
v 0.692224 18.325783 6.040637
v 0.201235 16.850782 6.181854
v 2.141293 15.391115 5.610644
v 2.466304 17.736629 5.813094
v 1.940033 17.623091 6.046681
v 1.111757 16.970654 6.228193
v 2.010393 16.168615 5.971611
v 2.718585 16.787539 5.716087
v -2.938761 18.482094 2.032698
v -3.435346 18.606245 2.813053
v -2.366776 19.736595 3.181628
v -1.956091 19.521597 2.371643
v -0.907086 20.150343 3.685113
v -0.613741 19.902096 2.834653
v 0.552604 19.736595 4.188598
v 0.728609 19.521597 3.297663
v 1.621174 18.606249 4.557173
v 1.711274 18.482094 3.636608
v 2.012304 17.062145 4.692078
v 2.070964 17.062145 3.760673
v 1.621174 15.518096 4.557174
v 1.711274 15.642196 3.636609
v 0.552609 14.815944 4.188599
v 0.728609 15.030944 3.297663
v -0.907086 14.402196 3.685113
v -0.613741 14.650444 2.834653
v -2.601346 14.796458 3.626706
v -1.956091 15.030944 2.371643
v -3.435346 15.518096 2.813053
v -2.938756 15.642196 2.032698
v -3.826466 17.062151 2.678148
v -3.298441 17.062151 1.908633
v -3.670002 18.627943 3.641632
v -2.634078 19.710598 4.024082
v -1.180436 20.125591 4.477613
v 0.260711 19.701363 5.013174
v 1.322075 18.591930 5.357039
v 1.715575 17.062145 5.476508
v 1.310612 15.543681 5.382092
v 0.267569 14.409151 4.977064
v -1.180436 14.426946 4.477614
v -3.688456 15.530446 3.612539
v -4.076446 17.062151 3.478708
v -1.545783 19.094357 5.435405
v 0.113433 17.072695 6.147224
v -0.541623 15.207540 5.829503
v -1.415171 14.560893 5.158149
v -2.597461 14.895995 4.750349
v -3.462961 15.811495 4.451818
v -3.571094 17.059832 4.763447
v -2.829803 18.144945 5.311449
v -0.330687 18.196325 6.040158
v -1.595286 15.293489 5.680359
v -2.725877 15.810821 5.355339
v -2.259390 17.646685 5.849263
v -1.256161 17.822630 6.073802
v -1.146233 16.359304 6.169969
v -2.306270 16.326616 5.829289
v 0.277084 19.888145 6.159409
v -0.220750 19.145460 6.353282
v 0.233736 18.647198 6.623085
v -2.187506 20.803646 4.978483
v -3.282286 21.230795 3.903058
v -3.323871 19.872595 3.288483
v -2.382126 19.920446 4.594363
v -0.954429 20.162996 5.726656
v -1.628046 19.791594 5.421808
v 1.023874 20.048201 5.805208
v 2.202817 19.141600 5.599835
v 0.740439 20.955502 5.905559
v -0.015716 20.493095 5.599858
v 1.616156 20.735723 5.317922
v -0.371711 21.721346 5.270058
v -1.208441 21.369701 5.231653
v 0.495199 21.787401 4.738018
v 2.912454 21.552345 4.129028
v 2.028609 21.084194 5.129818
v 3.357774 19.870602 4.789248
v 3.710556 20.600622 4.225227
v 3.013609 19.678701 4.654438
v 3.961838 18.721529 4.581121
v 4.341654 17.453657 4.600925
v 4.346844 19.165844 4.432578
v 0.878749 22.257351 4.445182
v 1.956454 22.527693 3.514128
v -2.396131 22.193151 3.642098
v -1.403331 22.709801 3.376127
v -0.536026 22.764395 3.093463
v 1.138894 22.909996 2.176733
v -4.022256 19.663145 1.655363
v -4.566303 20.605511 2.040309
v -2.737371 22.507895 1.956857
v -1.306425 23.338469 1.005186
v 0.201740 23.080004 0.277980
v -4.479061 20.096596 -0.779227
v -4.323821 19.791357 0.652779
v -4.750091 20.511995 0.202583
v -5.368826 17.799440 1.154493
v -4.328556 18.317501 1.607993
v -5.124626 19.075994 0.336378
v -4.712234 14.516484 2.726494
v -4.709296 16.080090 2.251753
v -5.230576 14.526094 0.311943
v -4.979083 14.167922 0.968072
v -4.563514 13.507390 1.737821
v -4.717531 13.368260 0.241802
v -4.532243 13.380269 0.714386
v -3.675376 12.456573 3.003778
v -3.899030 12.198494 1.540228
v -3.460166 12.116078 1.902617
v -3.362713 12.053197 0.611986
v -3.242661 11.761446 0.566863
v -2.840730 11.496190 0.931751
v -2.744966 11.512194 1.521274
v -2.785795 11.823867 -0.065130
v -2.750096 11.453856 -0.482759
v -2.265958 11.163933 -0.046864
v -2.126157 11.152458 1.066656
v 4.271674 18.238243 3.783523
v 4.396894 19.085894 3.941308
v 4.645294 16.917101 3.841993
v 5.130125 16.516899 3.577913
v 5.453374 17.829750 2.707338
v 4.510927 15.684404 4.108441
v 5.076309 15.933599 2.763738
v 4.893941 14.514308 2.763465
v 5.516474 15.459801 2.196573
v 5.993394 15.967555 0.931541
v 5.344880 15.187205 0.630563
v 5.500624 17.572050 1.813378
v -5.617126 15.876744 0.600898
v -5.779047 18.168276 -2.216290
v -5.777576 15.558394 -2.172762
v -5.343126 13.848495 -0.298982
v -4.631737 13.030098 -1.769798
v -5.297476 14.374196 -2.764512
v 6.124866 17.008867 -0.807272
v 5.860525 18.966148 1.131628
v 5.929774 18.889446 -1.871502
v 5.529874 20.123449 -0.414457
v 5.053335 19.699881 1.621962
v 4.020370 20.429394 2.877263
v 3.870983 22.201216 0.838737
v 3.091685 22.457201 1.979653
v 2.245756 22.839918 0.949811
v 3.769674 22.253843 -1.500787
v 3.905331 22.552462 -2.791688
v 1.632616 23.391226 -1.054425
v -0.020873 23.498547 -1.094800
v 1.303569 23.513298 -2.438153
v 0.576706 23.477154 -3.141874
v -1.885611 23.546001 -0.814547
v -2.214863 23.360256 -2.528156
v -2.758754 22.993572 -3.305285
v -4.084004 21.778139 -0.873618
v -2.745576 22.654049 0.301857
v -4.897211 20.893694 -2.203278
v -4.345936 21.294594 -4.017122
v 2.260999 22.490044 -4.905542
v 1.008639 23.248852 -3.922722
v 2.947409 22.509802 -3.835667
v 3.031464 21.903801 -4.650027
v 2.273611 21.916527 -5.649007
v 1.104191 20.789045 -6.437357
v 0.702644 18.723394 -7.001592
v -0.214527 19.759356 -6.983885
v -0.724136 17.732351 -7.188342
v -0.661848 19.719374 -7.183650
v -2.164651 18.654146 -6.467192
v -3.380611 20.965551 -5.862142
v -1.832809 22.176504 -6.107077
v -1.186391 20.961752 -6.365992
v -1.304918 23.298552 -3.826549
v -0.079101 23.126696 -3.249102
v -2.635403 22.443336 -4.605897
v -1.869971 22.212044 -5.189193
v -4.849276 19.245644 -5.177042
v -5.376776 17.342196 -3.787917
v -4.666968 15.241740 -3.895990
v -3.169031 16.659151 -6.029592
v -2.730451 14.361794 -5.203042
v -0.740506 15.836249 -6.793592
v -0.868946 13.816894 -5.840192
v 1.919704 14.544744 -5.610692
v 0.410114 14.185295 -5.944242
v 1.413189 16.660696 -6.691293
v 2.700809 18.343695 -6.670242
v 4.390830 15.839345 -4.322608
v 2.667179 15.151296 -5.261492
v 5.058084 19.084700 -4.204002
v 3.555409 19.452995 -5.828892
v 4.308869 21.413994 -3.935913
v 5.290950 20.615364 -2.748505
v 5.858213 16.488985 -3.233398
v 2.485509 20.490995 -5.937792
v 0.579179 12.844744 -4.554392
v -0.745001 12.554601 -4.715231
v -0.471847 11.799703 -3.161204
v 1.139549 11.587895 -2.100772
v 1.870434 12.683284 -3.392364
v 1.980274 13.399245 -4.381442
v 3.236169 14.127446 -4.277697
v 6.045774 17.916349 -2.882727
v 6.035074 15.924199 -1.597632
v 5.181124 14.261848 0.246083
v 5.252724 14.379699 -1.903482
v 3.734398 12.837850 -2.625282
v 2.300962 11.446666 -1.104423
v 4.040267 12.413460 -0.855674
v 4.582534 13.099294 -0.544217
v 5.077979 13.530400 0.029513
v 4.596950 13.425194 -0.262542
v 5.051299 13.969301 1.436558
v 4.639459 13.705251 2.981653
v 4.730611 13.682464 1.141083
v 4.477344 13.183394 1.478163
v 4.507984 13.148394 0.629003
v 3.812346 12.260203 0.605648
v 3.855649 12.439544 -0.095907
v 3.113942 11.905769 -0.515698
v 3.180739 11.747146 -0.113002
v 2.160924 10.741893 -0.607767
v 1.722709 11.300246 -1.120617
v 1.182680 10.850142 -0.678927
v 0.680859 11.108251 -1.615917
v 0.389959 10.762023 -1.237404
v 0.167359 11.324294 -1.651082
v -0.123818 11.146639 -1.356949
v -0.604201 11.631795 -2.119292
v -0.633922 11.058105 -1.095733
v -1.049958 11.333885 -1.534611
v -0.918892 10.865084 -0.836596
v -1.172816 11.231246 -1.018636
v -1.672596 11.464046 -1.650352
v -1.881535 11.212822 -0.847956
v -2.439681 11.596801 -1.201236
v -3.377286 11.601946 -0.257292
v -3.804716 12.254494 -1.547882
v -2.487621 11.770393 -2.152757
v -2.516849 12.786189 -3.687417
v -4.229111 13.272646 -2.858242
v 0.293259 18.452196 6.183208
v 0.454334 18.949293 6.122058
v -2.947596 20.024651 3.056478
v -1.347606 19.776602 5.051243
v 1.383199 20.694548 4.908623
v 0.084014 20.367500 5.189388
v 2.020294 19.083696 5.144298
v 3.007584 19.793402 4.205598
v 3.877424 18.191397 3.667073
v -3.998981 19.956646 0.382068
v -4.059441 18.141745 1.254308
v -4.398136 15.967751 1.934473
v -4.269476 14.588851 2.574803
v -4.587676 14.344939 0.689833
v -4.203151 13.725700 1.566008
v -4.210196 13.597301 0.654933
v -3.340991 12.693895 2.941404
v -3.156816 12.456594 0.548458
v -2.505286 11.758995 1.433568
v -2.550986 12.159495 0.072999
v -1.685566 11.305495 1.081188
v -2.176381 11.809395 -0.486972
v 4.384459 16.720144 3.517118
v 4.199489 15.833046 3.795523
v 4.691074 16.049501 2.548503
v 4.538194 14.658745 2.585243
v 4.937099 15.399348 0.499023
v 4.247129 13.903343 2.907533
v 4.370894 13.960494 1.013193
v 4.153824 13.450301 1.392828
v 4.282629 13.716201 -0.305457
v 3.474709 12.498446 0.514123
v 3.727904 12.776296 -0.695157
v 2.990664 12.153300 0.067778
v 2.858079 12.241994 -0.332107
v 1.919979 10.979445 -0.286067
v 1.523279 11.605250 -0.859817
v 0.779799 11.103246 -0.571216
v 0.629839 11.408793 -1.320612
v 0.445669 11.026296 -0.860637
v 0.194159 11.657851 -1.357682
v -0.038531 11.537096 -1.187652
v -0.496181 12.007094 -1.918047
v -0.736451 11.173100 -0.629177
v -1.580791 11.882445 -1.499367
v -1.707471 11.644051 -0.787587
v -2.209666 11.991246 -1.132752
v -0.289431 23.624945 -6.332492
v -0.071551 24.366850 -6.661792
v 0.353784 22.244701 -6.935192
v -0.204633 21.417574 -6.538255
v -0.656321 20.767500 -6.899792
v -0.954046 22.004446 -6.616442
v -1.265771 22.432049 -6.169992
v -0.801291 23.066051 -6.403392
v -1.145661 23.141701 -6.215742
v -0.696636 24.023893 -6.644793
v 0.404234 23.746151 -6.029093
v 2.230147 22.769773 -5.588124
v 0.902935 23.797924 -5.672930
v 1.200169 23.919146 -5.459743
v 1.145250 23.983461 -5.250519
v 0.576719 23.675743 -4.199848
v 0.241285 24.539665 -3.829615
v 0.162799 24.970446 -3.808712
v 0.533919 24.497595 -4.744943
v 0.704979 24.049002 -5.354892
v 0.442287 25.680891 -5.528421
v 0.479419 25.387152 -5.223793
v -1.473766 22.268801 -5.742193
v -1.317266 22.939598 -4.721443
v -1.606756 22.730795 -5.234693
v -0.561007 22.704281 -4.338280
v -0.405301 23.210701 -3.778512
v -0.904166 23.087801 -5.712193
v -0.931731 23.327501 -5.245193
v -0.896961 24.023394 -5.327793
v -1.057856 24.067446 -5.749543
v -0.652990 24.609407 -5.615409
v -0.735466 24.090651 -6.004193
v -1.403143 25.203604 -6.420935
v -0.537811 24.459402 -5.947443
v -0.007533 23.803204 -5.873804
v -0.081876 24.168745 -5.618443
v 0.044869 23.832745 -5.573192
v 1.439021 24.569973 -5.734689
v -1.179219 23.395805 -4.724351
v -0.337363 25.118767 -5.048183
v 0.151336 24.953320 -4.691113
v -0.103459 25.127163 -5.119474
v -0.458266 24.846996 -5.319043
v 0.031552 24.322975 -3.939813
v 0.070465 24.472359 -3.790205
v 0.071941 24.785738 -4.248518
v -1.231491 23.244375 -5.258305
v -1.464543 23.116192 -5.165008
v -1.360168 23.118822 -4.975656
v -1.501370 23.528036 -5.253693
v -1.560793 23.633507 -5.109444
v -1.959381 23.679289 -5.079912
v -0.444910 26.104492 -6.458602
v -0.479853 27.170332 -6.702731
v -0.386044 26.378828 -6.365239
v -0.525070 26.141926 -6.348158
v 0.288229 25.403906 -5.795397
v 0.313104 24.741095 -5.607792
v 0.149350 25.229555 -5.696010
v -0.050833 25.748182 -5.575206
v 0.146099 25.187279 -5.124076
v -0.031236 25.329351 -5.533243
v -0.031083 24.900087 -5.300109
v -0.437535 25.238848 -5.558380
v -0.441047 25.751448 -5.729632
v -0.533849 25.878839 -6.161355
v -0.604813 25.016308 -5.834932
v -0.734492 25.494055 -6.186627
v -0.555292 25.479887 -6.053040
v -0.318503 24.360435 -5.474358
v -0.391893 25.151390 -5.678811
v -0.146231 25.227144 -5.570993
v 0.688904 25.523825 -5.039964
v 0.969082 25.900030 -5.237313
v -0.738709 23.805410 -4.198196
v -1.085649 23.882128 -3.578902
v -0.327963 24.301550 -2.523618
v -0.094771 24.228874 -2.831550
v -0.869528 24.293470 -3.512303
v -1.258127 23.987188 -3.495107
v -1.622193 22.915615 -3.669260
v -2.084116 22.913647 -4.025823
v -1.527751 23.659300 -3.882767
v -1.300712 23.593697 -3.924980
v -1.866711 22.915295 -4.192358
v -1.518036 22.973494 -4.180223
v -1.356056 22.891493 -4.684167
v -0.726511 23.098600 -4.844993
v -0.364628 23.623024 -3.682587
v -0.438911 23.095243 -4.203603
v -1.040054 23.440041 -3.453129
v -0.588624 23.472883 -3.489033
v -0.452707 24.033957 -2.627778
v -0.127357 24.098799 -2.620678
v 0.562930 24.158575 -2.181662
v 0.129476 24.274595 -2.226044
v -0.954261 22.988344 -4.019348
vn 0.4722 0.5448 0.6930
vn 0.5791 0.8147 -0.0314
vn 0.3897 0.9184 0.0684
vn 0.4325 0.6298 -0.6452
vn 0.2979 0.5811 -0.7573
vn 0.2991 -0.1742 -0.9382
vn 0.8428 -0.3342 -0.4219
vn 0.6385 -0.2338 -0.7333
vn 0.4481 -0.0206 0.8937
vn 0.9271 -0.1146 0.3568
vn 0.9445 -0.3110 0.1060
vn 0.9735 -0.1786 -0.1427
vn 0.3271 -0.5042 0.7993
vn 0.3220 -0.4200 -0.8485
vn 0.9024 -0.4249 -0.0720
vn 0.9584 -0.2825 -0.0403
vn -0.4023 0.9130 0.0681
vn -0.5999 0.7994 -0.0334
vn -0.4946 0.5490 0.6738
vn -0.3056 0.5824 -0.7533
vn -0.4587 0.6479 -0.6082
vn -0.3281 -0.1865 -0.9260
vn -0.6351 -0.2352 -0.7357
vn -0.8428 -0.3342 -0.4219
vn -0.9773 -0.2039 0.0582
vn -0.9275 -0.1148 0.3557
vn -0.4646 -0.0241 0.8852
vn -0.9727 -0.1808 -0.1452
vn -0.4168 -0.5027 0.7574
vn -0.4082 -0.4893 -0.7707
vn -0.9802 -0.1977 0.0050
vn -0.9958 -0.0870 -0.0284
vn 0.1304 -0.8595 0.4941
vn 0.1097 -0.8563 0.5047
vn 0.4898 -0.1362 0.8611
vn 0.2919 -0.0419 0.9555
vn -0.0073 -0.2411 0.9705
vn 0.0389 -0.4685 0.8826
vn -0.1177 0.1414 0.9829
vn 0.2584 -0.3782 0.8889
vn 0.3118 0.6996 0.6429
vn 0.5087 -0.4774 0.7164
vn 0.0099 -0.5299 0.8480
vn 0.0092 0.3973 0.9177
vn 0.4903 0.2445 0.8366
vn 0.1936 0.6883 0.6991
vn 0.5264 0.6215 0.5801
vn 0.6342 -0.2798 0.7208
vn 0.5724 0.1775 0.8005
vn 0.6433 -0.5883 0.4899
vn 0.5007 -0.7499 0.4324
vn 0.3231 -0.6724 0.6659
vn -0.0876 -0.7556 0.6492
vn 0.2793 -0.8884 0.3643
vn 0.0057 -0.9479 0.3185
vn 0.0518 0.4835 0.8738
vn 0.2535 0.7313 0.6332
vn -0.0034 0.7108 0.7034
vn 0.1462 0.4042 0.9029
vn 0.1097 0.6217 0.7755
vn 0.4177 0.6450 0.6399
vn 0.5314 0.7384 0.4152
vn 0.6272 0.5325 0.5685
vn 0.7118 0.6108 0.3468
vn 0.7474 0.3222 0.5810
vn 0.8361 0.4320 0.3379
vn 0.0874 0.2389 0.9671
vn 0.5533 0.0909 0.8280
vn 0.5524 0.3706 0.7466
vn 0.1562 0.3635 0.9184
vn 0.3454 0.6804 0.6463
vn 0.1937 0.6248 0.7564
vn 0.7070 0.0968 0.7006
vn 0.3884 0.2384 0.8901
vn 0.7788 0.1484 0.6095
vn 0.9305 0.2007 0.3063
vn 0.4635 0.1696 0.8697
vn 0.0006 -0.8717 0.4900
vn 0.3785 -0.8647 0.3301
vn 0.5406 -0.8341 0.1095
vn 0.6743 -0.7228 0.1513
vn -0.0000 -0.3562 0.9344
vn 0.6295 -0.3018 0.7160
vn 0.8535 -0.5165 -0.0691
vn 0.6589 0.1305 -0.7408
vn 0.6077 -0.3932 -0.6900
vn 0.0011 -0.0408 -0.9992
vn -0.0000 -0.4190 -0.9080
vn 0.7933 -0.5116 0.3300
vn 0.8270 -0.2541 0.5016
vn 0.8432 -0.5196 0.1375
vn 0.9228 -0.3095 0.2297
vn 0.9325 -0.0285 0.3600
vn 0.9778 -0.1970 0.0718
vn 0.9825 0.1431 0.1190
vn 0.9900 -0.0935 -0.1052
vn 0.7100 -0.6975 -0.0974
vn 0.8536 -0.5205 -0.0218
vn 0.8875 -0.4177 -0.1947
vn 0.5784 -0.7500 -0.3208
vn 0.6785 -0.6918 -0.2471
vn 0.9929 0.1143 -0.0316
vn 0.9703 -0.1838 -0.1573
vn 0.2691 0.8620 0.4296
vn -0.0000 0.8941 0.4478
vn 0.8937 0.4241 0.1465
vn 0.7771 0.6159 0.1299
vn 0.9546 0.2963 -0.0301
vn 0.6132 0.7667 0.1899
vn 0.2815 0.9278 0.2447
vn -0.0000 0.9675 0.2531
vn 0.4093 0.9057 0.1104
vn -0.0000 0.9931 0.1169
vn 0.4489 0.8913 0.0647
vn 0.8445 -0.4818 -0.2340
vn -0.0000 -0.6338 -0.7735
vn 0.6798 -0.6715 -0.2949
vn 0.7275 0.6853 0.0346
vn -0.0000 0.1707 0.9853
vn 0.5320 0.2103 0.8202
vn 0.9346 0.3348 0.1205
vn -0.0000 0.5502 0.8350
vn 0.2293 0.6456 0.7285
vn 0.5148 0.8468 0.1339
vn 0.4454 0.6428 -0.6232
vn -0.0010 0.5346 0.8451
vn 0.2403 0.6089 0.7560
vn 0.1836 0.6032 -0.7762
vn 0.0019 0.2816 -0.9595
vn -0.2496 -0.9683 0.0119
vn 0.2019 -0.9794 0.0065
vn 0.0008 -0.0129 0.9999
vn -0.8273 -0.5151 0.2240
vn 0.0035 0.9983 -0.0574
vn -0.2860 0.9581 0.0127
vn -0.7940 0.5700 0.2115
vn -0.2214 -0.5724 0.7895
vn -0.4950 -0.1227 0.8602
vn -0.1264 -0.8749 0.4675
vn -0.2902 -0.0209 0.9568
vn -0.0273 -0.4330 0.9010
vn -0.3266 0.7068 0.6276
vn -0.3046 -0.4583 0.8350
vn -0.5170 -0.4350 0.7372
vn -0.4716 0.4634 0.7503
vn -0.4974 0.2322 0.8359
vn -0.5298 0.6199 0.5788
vn -0.5674 0.1797 0.8036
vn -0.6334 -0.2729 0.7241
vn -0.6480 -0.5837 0.4893
vn -0.4569 -0.5950 0.6613
vn -0.4972 -0.7527 0.4314
vn -0.2908 -0.8890 0.3536
vn -0.1408 0.2411 0.9602
vn -0.1260 0.4157 0.9007
vn -0.2529 0.7309 0.6339
vn -0.1111 0.6184 0.7779
vn -0.5309 0.7390 0.4148
vn -0.4194 0.6480 0.6357
vn -0.7130 0.6095 0.3465
vn -0.6285 0.5327 0.5667
vn -0.7454 0.3251 0.5820
vn -0.8404 0.4347 0.3236
vn -0.9272 0.2105 0.3097
vn -0.5563 0.0877 0.8264
vn -0.5853 0.3515 0.7307
vn -0.3453 0.6813 0.6454
vn -0.1918 0.6239 0.7576
vn -0.7070 0.0993 0.7002
vn -0.3867 0.2399 0.8905
vn -0.7764 0.1482 0.6126
vn -0.4717 0.1653 0.8661
vn -0.5446 0.4376 0.7154
vn -0.6137 0.2304 0.7552
vn -0.0659 0.2988 0.9520
vn -0.7574 0.3356 0.5601
vn -0.3783 -0.8647 0.3304
vn -0.5406 -0.8341 0.1098
vn -0.6734 -0.7236 0.1514
vn -0.6296 -0.3016 0.7160
vn -0.8537 -0.5165 -0.0666
vn -0.6089 -0.3935 -0.6887
vn -0.6548 0.1282 -0.7448
vn -0.7921 -0.5128 0.3311
vn -0.8269 -0.2543 0.5015
vn -0.8432 -0.5198 0.1373
vn -0.9228 -0.3095 0.2297
vn -0.9327 -0.0288 0.3594
vn -0.9803 0.1547 0.1232
vn -0.9780 -0.1960 0.0712
vn -0.9902 -0.0932 -0.1042
vn -0.7110 -0.6964 -0.0977
vn -0.8536 -0.5205 -0.0220
vn -0.8874 -0.4177 -0.1953
vn -0.6785 -0.6918 -0.2471
vn -0.5785 -0.7499 -0.3208
vn -0.9901 0.1377 -0.0257
vn -0.9703 -0.1831 -0.1579
vn -0.9553 0.2936 -0.0341
vn -0.2690 0.8618 0.4300
vn -0.9001 0.4124 0.1407
vn -0.7803 0.6111 0.1326
vn -0.2815 0.9278 0.2447
vn -0.6133 0.7667 0.1899
vn -0.4093 0.9057 0.1104
vn -0.4488 0.8913 0.0647
vn -0.8445 -0.4817 -0.2340
vn -0.6798 -0.6715 -0.2949
vn -0.7303 0.6823 0.0332
vn -0.5320 0.2103 0.8202
vn -0.9346 0.3347 0.1204
vn -0.2293 0.6456 0.7285
vn -0.5139 0.8467 0.1377
vn -0.4454 0.6428 -0.6232
vn -0.2417 0.6100 0.7547
vn -0.1836 0.6032 -0.7762
vn 0.8183 -0.5307 0.2209
vn 0.2815 0.9595 0.0090
vn 0.7956 0.5675 0.2120
vn 0.4812 -0.0293 0.8761
vn -0.0000 -0.0628 0.9980
vn -0.0011 0.1551 0.9879
vn 0.4504 0.1551 0.8792
vn 0.7774 0.1811 0.6024
vn 0.8494 0.0287 0.5269
vn 0.9611 0.2652 -0.0773
vn 0.6569 0.4446 -0.6090
vn 0.6717 0.1873 -0.7167
vn 0.9023 0.1882 0.3879
vn 0.8396 0.1788 0.5129
vn 0.3181 0.2582 0.9122
vn 0.3369 0.2850 0.8974
vn -0.0053 0.2660 0.9640
vn -0.0481 0.2361 0.9705
vn -0.0230 0.2549 0.9667
vn 0.9698 -0.1189 0.2130
vn 0.8077 0.1223 0.5767
vn 0.9151 -0.0544 -0.3996
vn 0.9938 -0.1067 0.0305
vn 0.8599 -0.0458 -0.5084
vn 0.6255 0.1177 0.7713
vn 0.6451 0.0953 0.7581
vn 0.7252 -0.6821 0.0943
vn 0.9688 0.2082 0.1348
vn 0.5814 -0.6744 -0.4552
vn 0.7924 0.1345 -0.5950
vn 0.8612 0.1991 -0.4677
vn 0.0247 0.2637 -0.9643
vn -0.1236 0.2814 -0.9516
vn -0.0001 0.2736 -0.9618
vn 0.1187 0.3831 -0.9161
vn 0.5143 0.3762 -0.7707
vn 0.7455 0.2270 -0.6267
vn 0.8107 0.2260 -0.5401
vn 0.1006 0.2671 -0.9584
vn -0.0134 0.3050 -0.9523
vn 0.2838 0.3224 -0.9031
vn 0.8012 0.2001 -0.5640
vn 0.9948 -0.0916 0.0450
vn 0.8384 -0.0734 0.5400
vn 0.9897 -0.0702 0.1251
vn 0.8738 -0.0000 0.4863
vn 0.9947 -0.0475 -0.0915
vn 0.2602 0.0126 -0.9655
vn -0.0015 0.0116 -0.9999
vn 0.2626 0.3075 0.9146
vn -0.0000 0.2783 0.9605
vn -0.0001 0.0098 1.0000
vn 0.3555 -0.0010 0.9347
vn 0.6318 0.1473 0.7610
vn 0.7388 -0.0660 0.6707
vn 0.9360 -0.1033 0.3365
vn 0.0023 0.0775 -0.9970
vn 0.2115 0.0441 -0.9764
vn -0.4809 -0.0276 0.8764
vn -0.4513 0.1565 0.8785
vn -0.8493 0.0289 0.5271
vn -0.7767 0.1831 0.6026
vn -0.9613 0.2656 -0.0734
vn -0.6711 0.1907 -0.7164
vn -0.6631 0.4441 -0.6026
vn -0.8982 0.1901 0.3963
vn -0.2956 0.2801 0.9133
vn -0.3659 0.2661 0.8918
vn -0.8464 0.1757 0.5027
vn -0.9698 -0.1189 0.2130
vn -0.9151 -0.0544 -0.3995
vn -0.8080 0.1192 0.5771
vn -0.9938 -0.1067 0.0305
vn -0.8599 -0.0442 -0.5085
vn -0.6447 0.0952 0.7585
vn -0.6251 0.1187 0.7715
vn -0.7256 -0.6815 0.0952
vn -0.9684 0.2104 0.1338
vn -0.7926 0.1339 -0.5949
vn -0.5816 -0.6744 -0.4548
vn -0.8610 0.1992 -0.4680
vn 0.1236 0.2809 -0.9518
vn -0.0175 0.2670 -0.9635
vn -0.7455 0.2270 -0.6267
vn -0.5177 0.3775 -0.7678
vn -0.1320 0.3793 -0.9158
vn -0.1007 0.2656 -0.9588
vn -0.8109 0.2260 -0.5398
vn -0.2759 0.3115 -0.9093
vn -0.8018 0.2000 -0.5631
vn -0.8385 -0.0735 0.5400
vn -0.9947 -0.0916 0.0458
vn -0.8735 -0.0003 0.4868
vn -0.9894 -0.0731 0.1251
vn -0.9947 -0.0476 -0.0916
vn -0.2603 0.0126 -0.9654
vn -0.2652 0.3075 0.9139
vn -0.3538 0.0009 0.9353
vn -0.6345 0.1446 0.7593
vn -0.7389 -0.0656 0.6706
vn -0.9362 -0.1035 0.3360
vn -0.2098 0.0444 -0.9767
vn -0.3040 -0.8614 -0.4070
vn -0.5590 -0.8169 -0.1421
vn 0.0016 -0.9965 -0.0839
vn -0.0698 -0.9890 0.1302
vn -0.3489 -0.9275 0.1341
vn -0.0000 -0.9475 0.3196
vn 0.3050 -0.8608 -0.4074
vn 0.0697 -0.9889 0.1312
vn 0.3489 -0.9275 0.1340
vn 0.0050 -0.9958 -0.0914
vn 0.0703 -0.9886 -0.1328
vn 0.0187 -0.9824 -0.1861
vn -0.0050 -0.9958 -0.0914
vn -0.0187 -0.9824 -0.1861
vn -0.0703 -0.9886 -0.1333
vn 0.0336 -0.9865 0.1605
vn -0.0960 -0.9895 -0.1084
vn 0.1582 -0.9634 -0.2163
vn -0.0160 -0.9799 0.1991
vn 0.3331 -0.9115 -0.2412
vn -0.0645 -0.9701 0.2339
vn -0.1649 -0.9295 0.3298
vn -0.1163 -0.9381 0.3262
vn 0.0383 -0.9699 0.2404
vn 0.2631 -0.5656 0.7816
vn 0.1482 0.2420 0.9589
vn -0.5056 -0.3299 0.7972
vn 0.7617 0.3428 0.5498
vn 0.0662 0.2990 0.9520
vn -0.2624 -0.5658 0.7816
vn -0.1499 0.2415 0.9588
vn 0.4966 -0.3300 0.8028
vn 0.1005 0.8977 0.4290
vn 0.5447 0.4375 0.7155
vn 0.6153 0.2286 0.7545
vn 0.5001 -0.1707 0.8490
vn 0.3702 -0.2012 0.9069
vn 0.2709 -0.2240 0.9362
vn 0.5507 -0.2016 0.8100
vn -0.2364 -0.2414 0.9412
vn -0.0066 -0.2241 0.9745
vn -0.3990 -0.2234 0.8893
vn 0.8038 -0.2809 0.5244
vn 0.7561 -0.2075 0.6206
vn -0.7441 -0.2476 0.6205
vn -0.6043 -0.1166 0.7882
vn -0.6751 -0.3531 0.6477
vn 0.9506 -0.0977 0.2945
vn 0.9276 -0.1098 0.3570
vn 0.9221 -0.1527 0.3556
vn 0.9608 -0.1038 0.2572
vn -0.9296 -0.1098 0.3517
vn -0.9241 -0.1586 0.3477
vn -0.9514 -0.0978 0.2922
vn -0.9610 -0.1038 0.2565
vn 0.0254 -0.6200 0.7842
vn 0.5322 -0.5215 0.6669
vn 0.3648 0.1463 0.9195
vn -0.0154 0.1584 0.9873
vn -0.2903 -0.5964 0.7484
vn -0.3770 0.1771 0.9091
vn -0.5586 -0.5197 0.6464
vn 0.7780 -0.3278 0.5359
vn 0.6176 0.3403 0.7091
vn -0.7555 -0.3309 0.5655
vn -0.7193 0.4008 0.5674
vn 0.9367 -0.1464 0.3180
vn 0.7375 0.4644 0.4904
vn -0.9575 -0.0855 0.2755
vn 0.9855 0.0305 0.1671
vn 0.7115 0.6109 0.3474
vn -0.7281 0.5712 0.3790
vn -0.9691 0.0610 0.2391
vn 0.0338 0.8427 0.5373
vn -0.0215 0.8764 0.4810
vn -0.0122 0.8119 0.5837
vn 0.1770 0.8342 0.5224
vn -0.1328 0.8584 0.4954
vn 0.0836 0.8884 0.4515
vn -0.1142 0.8829 0.4555
vn 0.1247 0.8999 0.4178
vn -0.1234 0.8992 0.4199
vn 0.0880 0.9101 0.4049
vn -0.0746 0.9176 0.3904
vn 0.7025 0.4820 -0.5237
vn 0.3688 0.8351 -0.4082
vn 0.4314 0.8601 -0.2723
vn 0.7760 0.4949 -0.3910
vn -0.0867 0.9640 -0.2515
vn -0.0387 0.9933 -0.1089
vn -0.5445 0.8335 -0.0942
vn -0.5066 0.8597 0.0649
vn -0.8759 0.4820 0.0207
vn -0.8468 0.4966 0.1907
vn -0.9981 -0.0000 0.0618
vn -0.9733 0.0068 0.2294
vn -0.8110 -0.5850 -0.0061
vn -0.8253 -0.5504 0.1261
vn -0.4359 -0.8907 -0.1289
vn -0.4282 -0.8866 -0.1750
vn -0.0666 -0.9681 -0.2416
vn -0.0344 -0.9915 -0.1255
vn 0.2797 -0.9061 -0.3174
vn 0.4309 -0.8987 -0.0809
vn 0.6345 -0.5915 -0.4976
vn 0.7141 -0.5873 -0.3809
vn 0.8245 -0.0000 -0.5658
vn 0.9008 -0.0000 -0.4342
vn 0.5555 0.8144 0.1679
vn 0.8791 0.4738 0.0516
vn 0.1044 0.9376 0.3317
vn -0.3442 0.8136 0.4686
vn -0.6571 0.4806 0.5807
vn -0.7198 0.0095 0.6941
vn -0.6636 -0.4845 0.5699
vn -0.3050 -0.9243 0.2295
vn 0.0990 -0.9943 0.0400
vn 0.8252 -0.5593 0.0782
vn 0.9999 -0.0013 0.0115
vn 0.5465 0.5629 0.6201
vn 0.7811 0.3197 0.5363
vn 0.2576 0.5864 0.7679
vn -0.1376 0.6232 0.7699
vn -0.3398 0.3483 0.8736
vn -0.3250 -0.3322 0.8854
vn -0.0463 -0.4827 0.8745
vn 0.2170 -0.8458 0.4874
vn 0.5739 -0.7412 0.3481
vn 0.7709 -0.3718 0.5172
vn 0.8614 0.0144 0.5078
vn -0.0459 0.3327 0.9419
vn -0.1742 -0.0220 0.9845
vn 0.3966 -0.4605 0.7942
vn 0.4829 0.2497 0.8393
vn 0.2762 0.1771 0.9446
vn 0.0662 -0.0300 0.9974
vn 0.3133 -0.2258 0.9224
vn 0.5792 -0.0705 0.8121
vn -0.7025 0.4820 -0.5237
vn -0.7792 0.4929 -0.3871
vn -0.4334 0.8602 -0.2688
vn -0.3688 0.8351 -0.4082
vn 0.0391 0.9932 -0.1098
vn 0.0867 0.9640 -0.2515
vn 0.5076 0.8598 0.0559
vn 0.5445 0.8335 -0.0942
vn 0.8520 0.4951 0.1701
vn 0.8759 0.4820 0.0207
vn 0.9769 -0.0006 0.2139
vn 0.9980 -0.0000 0.0629
vn 0.8219 -0.5547 0.1294
vn 0.8110 -0.5850 -0.0061
vn 0.4285 -0.8865 -0.1750
vn 0.4333 -0.8921 -0.1282
vn 0.0344 -0.9915 -0.1255
vn 0.0671 -0.9676 -0.2433
vn -0.4263 -0.9003 -0.0884
vn -0.2799 -0.9061 -0.3172
vn -0.7141 -0.5873 -0.3809
vn -0.6345 -0.5915 -0.4976
vn -0.9014 0.0018 -0.4329
vn -0.8245 -0.0000 -0.5658
vn -0.8725 0.4792 0.0952
vn -0.5578 0.7980 0.2279
vn -0.1169 0.9292 0.3505
vn 0.3017 0.7911 0.5321
vn 0.6282 0.4498 0.6348
vn 0.7397 0.0011 0.6729
vn 0.6225 -0.4433 0.6449
vn 0.3050 -0.9235 0.2325
vn -0.0990 -0.9943 0.0401
vn -0.8247 -0.5601 0.0783
vn -0.9999 0.0023 0.0159
vn -0.2651 0.5690 0.7784
vn 0.2178 -0.0012 0.9760
vn 0.0589 -0.4777 0.8765
vn -0.2343 -0.8426 0.4849
vn -0.5441 -0.7493 0.3776
vn -0.8139 -0.3978 0.4235
vn -0.8345 0.0206 0.5506
vn -0.6205 0.3548 0.6993
vn 0.0864 0.3267 0.9412
vn -0.2861 -0.4616 0.8397
vn -0.6047 -0.3578 0.7116
vn -0.4159 0.2295 0.8800
vn -0.1617 0.2275 0.9603
vn -0.1121 -0.1660 0.9797
vn -0.4557 -0.1675 0.8742
vn 0.5589 0.6037 0.5685
vn -0.5900 -0.1160 0.7990
vn 0.1052 -0.4994 0.8600
vn -0.6045 0.1708 0.7781
vn -0.7655 0.2836 0.5776
vn -0.4589 -0.8383 0.2945
vn -0.5753 -0.6886 0.4415
vn -0.3047 0.3069 0.9017
vn -0.7306 -0.3938 0.5578
vn -0.2564 -0.4813 0.8382
vn 0.6691 -0.5967 0.4430
vn 0.1562 0.4364 0.8861
vn -0.0005 0.0336 0.9994
vn 0.5242 0.2788 0.8046
vn -0.0291 0.7330 0.6796
vn -0.3386 0.4943 0.8006
vn 0.0784 0.7352 0.6733
vn 0.6652 0.6760 0.3172
vn 0.3094 0.4426 0.8416
vn 0.2630 0.0256 0.9645
vn 0.7110 0.4868 0.5075
vn -0.4728 -0.7692 0.4298
vn -0.3272 -0.2694 0.9057
vn 0.8099 0.2026 0.5504
vn 0.1880 -0.8839 0.4282
vn -0.0008 0.7749 0.6321
vn 0.3183 0.8714 0.3732
vn -0.4852 0.7524 0.4455
vn -0.1633 0.9095 0.3824
vn 0.0443 0.9478 0.3157
vn 0.0957 0.9855 0.1400
vn -0.1779 -0.9763 0.1234
vn -0.9230 0.0106 0.3847
vn -0.5578 0.8075 0.1917
vn -0.1089 0.9755 0.1913
vn 0.1392 0.9698 0.2005
vn -0.9086 0.2404 0.3416
vn -0.6617 -0.2220 0.7161
vn -0.9974 -0.0237 0.0678
vn -0.8599 0.2707 0.4327
vn 0.2209 0.4014 0.8888
vn -0.8328 0.4431 0.3317
vn -0.2891 -0.5062 0.8125
vn 0.0183 0.3006 0.9536
vn -0.9603 -0.2143 0.1788
vn -0.7965 -0.4395 0.4152
vn -0.1522 -0.3971 0.9051
vn -0.7611 -0.6372 0.1212
vn -0.6447 -0.5801 0.4979
vn -0.3018 -0.2908 0.9080
vn -0.6211 -0.7737 0.1248
vn 0.3844 -0.9032 0.1909
vn -0.5308 -0.7346 0.4226
vn -0.6652 -0.7372 0.1180
vn 0.0932 -0.9903 -0.1033
vn -0.0370 -0.5074 0.8609
vn -0.6010 -0.7990 0.0197
vn 0.3525 -0.9267 -0.1306
vn -0.1588 -0.5124 0.8439
vn -0.3323 -0.8968 0.2920
vn 0.9241 -0.1956 0.3284
vn 0.9872 0.1072 -0.1182
vn -0.0524 0.1174 0.9917
vn 0.8562 -0.0888 0.5089
vn 0.9300 0.1504 0.3354
vn -0.0431 -0.6438 0.7640
vn 0.6517 -0.4380 0.6192
vn 0.1245 -0.7713 0.6242
vn 0.8940 -0.2071 0.3973
vn 0.9527 -0.2956 0.0703
vn 0.9016 -0.4179 0.1116
vn 0.9428 0.0388 0.3311
vn -0.9750 -0.0893 0.2036
vn -0.9863 0.1562 -0.0534
vn -0.9698 -0.1843 -0.1597
vn -0.9367 -0.3380 0.0908
vn -0.7247 -0.6617 -0.1924
vn -0.8297 -0.3855 -0.4037
vn 0.9977 -0.0549 0.0389
vn 0.8787 0.2788 0.3874
vn 0.9675 0.2349 -0.0940
vn 0.8405 0.5227 0.1425
vn 0.8032 0.4725 0.3628
vn 0.8576 0.4326 0.2783
vn 0.7012 0.7034 0.1164
vn 0.5350 0.8084 0.2454
vn 0.2609 0.9597 0.1044
vn 0.6178 0.7663 0.1762
vn 0.5692 0.8123 -0.1270
vn 0.2503 0.9609 0.1180
vn 0.0400 0.9970 0.0659
vn 0.2403 0.9659 -0.0968
vn 0.1237 0.9632 0.2387
vn -0.3056 0.9499 0.0654
vn -0.3173 0.9460 -0.0661
vn -0.5222 0.8300 -0.1960
vn -0.7279 0.6812 0.0787
vn -0.5634 0.8163 0.1277
vn -0.8796 0.4756 -0.0140
vn -0.7823 0.5586 -0.2756
vn 0.7487 0.6484 -0.1377
vn 0.5934 0.7961 0.1185
vn 0.4256 0.8385 -0.3402
vn 0.6052 0.5624 -0.5634
vn 0.6871 0.2360 -0.6872
vn 0.1657 0.0712 -0.9836
vn 0.2658 0.1093 -0.9578
vn 0.4057 0.1194 -0.9062
vn -0.1316 -0.0730 -0.9886
vn -0.0766 0.1599 -0.9842
vn -0.4225 0.0590 -0.9045
vn -0.5266 0.3914 -0.7547
vn -0.4245 0.6688 -0.6103
vn -0.4812 0.1186 -0.8686
vn -0.0146 0.9633 -0.2680
vn -0.3501 0.9049 0.2421
vn -0.4649 0.7467 -0.4758
vn -0.5792 0.6009 -0.5509
vn -0.7928 0.1187 -0.5978
vn -0.8865 -0.1106 -0.4493
vn -0.7179 -0.3216 -0.6174
vn -0.5328 -0.2072 -0.8205
vn -0.5009 -0.4883 -0.7146
vn -0.1099 -0.3174 -0.9419
vn -0.1534 -0.5678 -0.8088
vn 0.4720 -0.4821 -0.7381
vn 0.2108 -0.5181 -0.8289
vn 0.3019 -0.2749 -0.9128
vn 0.4682 -0.0266 -0.8832
vn 0.6397 -0.3486 -0.6850
vn 0.5568 -0.3747 -0.7413
vn 0.8128 0.1628 -0.5593
vn 0.6248 0.2131 -0.7511
vn 0.6968 0.5062 -0.5082
vn 0.8861 0.4145 -0.2072
vn 0.8442 -0.2453 -0.4766
vn 0.4751 0.3312 -0.8152
vn 0.2785 -0.7658 -0.5797
vn -0.0850 -0.7919 -0.6047
vn -0.0073 -0.9078 -0.4193
vn 0.3225 -0.7892 -0.5226
vn 0.2357 -0.8337 -0.4993
vn 0.4237 -0.6931 -0.5832
vn 0.5141 -0.5397 -0.6666
vn 0.9468 0.1290 -0.2949
vn 0.9651 -0.2594 -0.0350
vn 0.9464 -0.2590 0.1929
vn 0.8106 -0.5022 -0.3013
vn 0.5486 -0.6883 -0.4747
vn 0.4258 -0.7440 -0.5150
vn 0.6228 -0.7819 0.0283
vn 0.8707 -0.4783 0.1145
vn 0.7636 -0.6456 -0.0098
vn 0.5830 -0.7790 0.2310
vn 0.8853 -0.4538 0.1021
vn 0.2809 -0.4193 0.8633
vn 0.6717 -0.6031 0.4303
vn 0.1203 -0.5778 0.8072
vn -0.2064 -0.9681 -0.1423
vn 0.1059 -0.6788 0.7266
vn 0.2247 -0.9729 -0.0546
vn 0.2365 -0.9635 0.1254
vn -0.0024 -0.8641 0.5032
vn 0.1653 -0.9862 0.0133
vn 0.1295 -0.9456 -0.2986
vn 0.0566 -0.8675 -0.4943
vn 0.2493 -0.8209 0.5137
vn -0.1080 -0.9852 0.1332
vn -0.0705 -0.9648 -0.2534
vn -0.1697 -0.8417 0.5126
vn 0.0373 -0.9971 -0.0659
vn 0.7472 -0.6451 -0.1600
vn -0.1307 -0.9207 -0.3677
vn -0.2131 -0.9166 0.3384
vn -0.9086 -0.0672 0.4123
vn -0.0588 -0.9932 -0.1003
vn -0.0956 -0.9953 -0.0136
vn -0.3358 -0.9334 -0.1261
vn -0.5614 -0.7951 -0.2293
vn -0.3367 -0.8604 -0.3825
vn 0.0958 -0.7925 0.6024
vn -0.4107 -0.7355 -0.5388
vn -0.5691 -0.6431 -0.5123
vn -0.0228 -0.8871 0.4610
vn 0.9436 0.0663 0.3244
vn 0.2628 -0.9573 -0.1207
vn -0.2556 -0.9644 -0.0681
vn 0.2667 -0.8580 0.4390
vn 0.4986 -0.8582 -0.1220
vn 0.3786 -0.8884 -0.2596
vn -0.6646 -0.7430 -0.0789
vn -0.6468 -0.6270 0.4341
vn 0.6979 -0.6144 0.3680
vn 0.8065 0.1889 0.5603
vn 0.7397 0.2074 0.6402
vn 0.4162 -0.5014 0.7585
vn 0.5528 -0.0832 0.8291
vn 0.5274 -0.0917 0.8447
vn 0.2127 -0.0645 0.9750
vn 0.3386 0.0614 0.9389
vn 0.5322 -0.1201 0.8381
vn 0.5779 -0.2387 0.7804
vn 0.2279 -0.5480 0.8048
vn 0.9512 -0.2753 -0.1393
vn -0.0474 -0.8235 0.5653
vn -0.7420 0.0696 0.6668
vn -0.6962 -0.5726 0.4330
vn -0.4899 -0.7056 0.5120
vn -0.5295 -0.7249 0.4406
vn -0.4406 -0.3287 0.8354
vn -0.3143 -0.1546 0.9367
vn -0.5163 -0.3597 0.7772
vn -0.4962 -0.1649 0.8524
vn -0.4851 -0.3574 0.7981
vn -0.5314 -0.3950 0.7494
vn -0.2963 -0.6495 0.7002
vn -0.1373 -0.5594 0.8175
vn -0.3673 -0.6807 0.6338
vn -0.1867 -0.8304 0.5250
vn -0.0184 -0.5112 0.8593
vn -0.4221 -0.6572 0.6245
vn -0.2572 -0.8029 0.5378
vn -0.1498 -0.7929 0.5906
vn -0.1268 -0.5972 0.7920
vn -0.0685 -0.3814 0.9219
vn 0.0573 -0.3708 0.9270
vn 0.3230 -0.3622 0.8743
vn 0.3023 -0.4299 0.8507
vn 0.4554 -0.2820 0.8444
vn 0.4728 -0.3092 0.8251
vn -0.4876 0.3826 -0.7848
vn -0.1407 0.8842 -0.4454
vn 0.0290 0.1739 -0.9843
vn -0.4541 0.4903 -0.7439
vn -0.3658 0.1836 -0.9124
vn -0.3777 0.1183 -0.9183
vn -0.7648 0.2459 -0.5955
vn -0.2391 0.0793 -0.9678
vn -0.8808 0.3962 -0.2591
vn -0.0468 0.8552 -0.5162
vn 0.4946 0.7700 -0.4029
vn 0.8364 0.3969 -0.3781
vn 0.2611 0.5348 -0.8036
vn 0.9126 0.1587 -0.3768
vn 0.6426 0.6594 0.3903
vn 0.5416 0.8358 0.0902
vn 0.7047 0.4109 -0.5784
vn -0.0491 0.9837 -0.1730
vn 0.7993 0.3906 0.4567
vn 0.2515 0.7608 -0.5983
vn 0.7653 0.6346 0.1078
vn 0.7456 0.4084 -0.5266
vn -0.6093 0.7703 -0.1882
vn -0.5277 0.8357 0.1523
vn -0.7071 0.5508 -0.4435
vn -0.3062 0.9402 0.1490
vn -0.5414 0.8408 -0.0030
vn -0.9064 0.4214 -0.0305
vn -0.8633 0.3576 -0.3562
vn -0.9525 0.2892 0.0953
vn -0.9938 -0.0102 -0.1106
vn -0.6197 0.7844 -0.0272
vn -0.3955 -0.0940 -0.9137
vn -0.5225 0.7026 -0.4831
vn 0.5838 0.5420 -0.6045
vn 0.4091 0.9071 -0.0993
vn 0.4084 0.4161 -0.8124
vn 0.4447 0.6223 -0.6442
vn 0.5407 0.7581 -0.3647
vn -0.7681 0.3996 0.5003
vn -0.5306 0.6110 0.5875
vn -0.1120 0.5002 0.8586
vn 0.2762 0.9529 0.1256
vn -0.9192 0.3566 0.1669
vn -0.7196 0.3089 -0.6219
vn -0.9459 0.3146 0.0798
vn -0.0878 0.6479 -0.7566
vn -0.2017 0.7176 -0.6666
vn -0.9103 -0.0524 -0.4106
vn -0.1870 0.6074 0.7720
vn 0.1872 0.4327 -0.8819
vn 0.3635 0.8843 0.2929
vn -0.8746 0.4731 0.1059
vn -0.0349 0.9483 -0.3153
vn 0.5970 0.6521 0.4673
vn -0.1255 -0.4051 -0.9056
vn -0.9878 -0.1197 0.0998
vn 0.6098 -0.2195 -0.7616
vn 0.0621 -0.0247 -0.9978
vn -0.4757 -0.4731 -0.7415
vn -0.4871 0.5001 0.7160
vn -0.5609 0.7294 0.3916
vn -0.9647 -0.2624 0.0238
vn -0.0368 0.2446 -0.9689
vn -0.9597 0.2790 -0.0338
vn -0.1379 0.9110 0.3887
vn -0.2451 0.5816 -0.7757
vn -0.6060 -0.2473 -0.7561
vn -0.5200 0.4387 -0.7329
vn 0.5779 0.7285 -0.3678
vn 0.4339 0.5222 -0.7342
vn 0.6911 0.1629 -0.7042
vn 0.8665 0.2271 -0.4445
vn 0.6678 0.7125 -0.2154
vn 0.8627 -0.2451 0.4423
vn 0.1610 0.7700 -0.6174
vn -0.0681 0.8317 0.5510
vn -0.4788 0.7516 0.4537
vn 0.3675 0.8598 -0.3544
vn 0.6578 0.7348 0.1656
vn -0.4410 0.4770 0.7602
vn -0.8454 0.5275 -0.0841
vn -0.3284 -0.1740 0.9284
vn -0.4750 0.6962 -0.5382
vn -0.2759 0.6709 -0.6883
vn -0.3534 0.4882 -0.7980
vn -0.4904 0.4717 -0.7328
vn -0.5459 0.6347 -0.5469
vn 0.0380 0.7134 -0.6997
vn 0.9755 -0.1668 -0.1435
vn 0.9887 -0.1324 -0.0705
vn -0.2731 -0.4168 0.8670
vn -0.5211 -0.4375 0.7328
vn 0.3939 -0.7892 0.4711
vn 0.2060 -0.8576 0.4713
vn 0.7020 0.0991 0.7052
vn 0.6549 0.1615 0.7382
vn 0.3187 -0.7566 0.5710
vt 0.090087 0.965111
vt 0.111413 0.961084
vt 0.110900 0.966200
vt 0.133187 0.960817
vt 0.134300 0.967300
vt 0.153300 0.966456
vt 0.019600 0.966257
vt 0.032700 0.973300
vt 0.021000 0.980300
vt 0.069417 0.975652
vt 0.052800 0.989700
vt 0.051800 0.974500
vt 0.035800 0.988900
vt 0.065422 0.956823
vt 0.153300 0.957243
vt 0.019600 0.957248
vt 0.042810 0.956108
vt 0.111413 0.961084
vt 0.090087 0.965111
vt 0.133187 0.960818
vt 0.069417 0.975652
vt 0.065422 0.956823
vt 0.153300 0.957243
vt 0.042810 0.956108
vt 0.019600 0.957248
vt 0.027825 0.229685
vt 0.044392 0.228123
vt 0.050837 0.233661
vt 0.032114 0.239354
vt 0.020600 0.234772
vt 0.052347 0.222363
vt 0.025364 0.218946
vt 0.032706 0.214643
vt 0.038603 0.220051
vt 0.058580 0.215252
vt 0.020500 0.210652
vt 0.020700 0.260937
vt 0.035660 0.256607
vt 0.023112 0.271545
vt 0.053951 0.265950
vt 0.069923 0.227132
vt 0.069654 0.248390
vt 0.079484 0.203100
vt 0.057858 0.174384
vt 0.037557 0.190428
vt 0.024647 0.181766
vt 0.039561 0.163812
vt 0.020523 0.160797
vt 0.023485 0.335019
vt 0.028700 0.367500
vt 0.020000 0.360800
vt 0.035979 0.332159
vt 0.044908 0.345858
vt 0.065341 0.350306
vt 0.076483 0.380311
vt 0.084320 0.343033
vt 0.103176 0.365385
vt 0.093712 0.327673
vt 0.110324 0.345016
vt 0.024640 0.312729
vt 0.038285 0.307858
vt 0.042563 0.276401
vt 0.023497 0.280200
vt 0.068702 0.264175
vt 0.083843 0.272902
vt 0.093212 0.256902
vt 0.096073 0.283279
vt 0.103013 0.301217
vt 0.123968 0.322874
vt 0.048808 0.332678
vt 0.020600 0.106396
vt 0.064051 0.112169
vt 0.092565 0.152948
vt 0.108119 0.184013
vt 0.020700 0.088100
vt 0.063100 0.088500
vt 0.103796 0.105299
vt 0.129103 0.075324
vt 0.143400 0.111300
vt 0.156139 0.085244
vt 0.166100 0.104900
vt 0.102000 0.211600
vt 0.099700 0.234400
vt 0.124800 0.210500
vt 0.126500 0.238000
vt 0.122300 0.266800
vt 0.158034 0.259561
vt 0.154857 0.330052
vt 0.194100 0.304200
vt 0.145309 0.184371
vt 0.153200 0.214200
vt 0.192100 0.237000
vt 0.156400 0.148400
vt 0.178000 0.187800
vt 0.177700 0.371500
vt 0.236700 0.309000
vt 0.049100 0.390700
vt 0.020100 0.390500
vt 0.137400 0.370300
vt 0.129901 0.391408
vt 0.204043 0.402580
vt 0.094400 0.409600
vt 0.060300 0.420800
vt 0.020100 0.422100
vt 0.081900 0.445800
vt 0.020000 0.494577
vt 0.097800 0.479400
vt 0.232200 0.236900
vt 0.180700 0.124700
vt 0.216600 0.190100
vt 0.149100 0.457100
vt 0.020700 0.068000
vt 0.058100 0.066000
vt 0.092000 0.066700
vt 0.020700 0.035100
vt 0.058700 0.039600
vt 0.094397 0.050216
vt 0.127500 0.050700
vt 0.020700 0.016900
vt 0.058300 0.025900
vt 0.134034 0.038659
vt 0.165484 0.059077
vt 0.261000 0.095100
vt 0.229272 0.097054
vt 0.243100 0.074100
vt 0.265600 0.080500
vt 0.242500 0.045400
vt 0.261000 0.053800
vt 0.265300 0.066400
vt 0.031328 0.231024
vt 0.051771 0.233209
vt 0.044516 0.228044
vt 0.031968 0.239308
vt 0.052167 0.222423
vt 0.041793 0.220302
vt 0.033065 0.211360
vt 0.058515 0.217218
vt 0.032611 0.273223
vt 0.053970 0.265975
vt 0.069654 0.248390
vt 0.070069 0.227176
vt 0.079484 0.203100
vt 0.050983 0.204603
vt 0.057858 0.174384
vt 0.039561 0.163812
vt 0.027277 0.311920
vt 0.036061 0.332137
vt 0.028600 0.367500
vt 0.044908 0.345858
vt 0.076483 0.380311
vt 0.065341 0.350306
vt 0.103176 0.365343
vt 0.084320 0.343033
vt 0.093758 0.327582
vt 0.111321 0.346190
vt 0.122568 0.322676
vt 0.038388 0.307743
vt 0.042814 0.276299
vt 0.068737 0.264290
vt 0.083843 0.272902
vt 0.093212 0.256902
vt 0.096073 0.283279
vt 0.102930 0.301219
vt 0.048886 0.332698
vt 0.073724 0.338423
vt 0.088767 0.324160
vt 0.093095 0.292452
vt 0.049262 0.280021
vt 0.064051 0.112169
vt 0.092565 0.152948
vt 0.108119 0.184013
vt 0.154312 0.332206
vt 0.158034 0.259560
vt 0.145309 0.184371
vt 0.204100 0.402600
vt 0.139301 0.371609
vt 0.129901 0.391408
vt 0.094397 0.050216
vt 0.134034 0.038659
vt 0.220800 0.081200
vt 0.224300 0.054400
vt 0.220600 0.067200
vt 0.558517 0.308989
vt 0.523600 0.311341
vt 0.523696 0.248320
vt 0.565318 0.248853
vt 0.606721 0.238355
vt 0.585516 0.311633
vt 0.612444 0.299847
vt 0.202277 0.780285
vt 0.218851 0.732026
vt 0.234714 0.784682
vt 0.586300 0.019300
vt 0.582325 0.172908
vt 0.564393 0.154494
vt 0.569600 0.019000
vt 0.546700 0.017700
vt 0.505976 0.143747
vt 0.523600 0.016900
vt 0.618600 0.092100
vt 0.593600 0.183400
vt 0.595800 0.093200
vt 0.636800 0.025600
vt 0.600300 0.018700
vt 0.695000 0.053400
vt 0.663600 0.112200
vt 0.731404 0.078344
vt 0.650500 0.219300
vt 0.089900 0.536900
vt 0.130300 0.595700
vt 0.046710 0.564649
vt 0.149000 0.703600
vt 0.179900 0.680200
vt 0.241068 0.573878
vt 0.255800 0.494800
vt 0.282400 0.497191
vt 0.248857 0.666433
vt 0.228400 0.667600
vt 0.221900 0.572700
vt 0.213800 0.495600
vt 0.237300 0.495900
vt 0.282400 0.771987
vt 0.257397 0.774184
vt 0.216400 0.669600
vt 0.189800 0.578800
vt 0.206500 0.575700
vt 0.167300 0.509000
vt 0.199300 0.497400
vt 0.608633 0.327213
vt 0.204744 0.803494
vt 0.257846 0.802186
vt 0.282400 0.805612
vt 0.523600 0.455518
vt 0.549505 0.430418
vt 0.569461 0.479936
vt 0.523600 0.425600
vt 0.523600 0.404131
vt 0.550233 0.405436
vt 0.244215 0.957825
vt 0.224900 0.987600
vt 0.197095 0.974942
vt 0.210863 0.951030
vt 0.615059 0.508178
vt 0.583100 0.515100
vt 0.573046 0.431188
vt 0.590600 0.452400
vt 0.597899 0.417649
vt 0.574484 0.404882
vt 0.604100 0.483500
vt 0.589800 0.365100
vt 0.624201 0.406248
vt 0.282400 0.919131
vt 0.282400 0.943700
vt 0.255100 0.920213
vt 0.227210 0.925071
vt 0.226026 0.898074
vt 0.201765 0.882379
vt 0.488757 0.308989
vt 0.482076 0.248853
vt 0.461684 0.311633
vt 0.440489 0.238410
vt 0.434703 0.299865
vt 0.330157 0.784682
vt 0.346049 0.732026
vt 0.362504 0.780276
vt 0.460900 0.019300
vt 0.479380 0.018899
vt 0.479961 0.141833
vt 0.464875 0.172908
vt 0.428700 0.092100
vt 0.451400 0.093200
vt 0.453600 0.183400
vt 0.410400 0.025600
vt 0.446900 0.018700
vt 0.383600 0.112200
vt 0.352200 0.053400
vt 0.315796 0.078345
vt 0.396800 0.219300
vt 0.518190 0.564649
vt 0.434600 0.595700
vt 0.475000 0.536900
vt 0.415900 0.703600
vt 0.385000 0.680200
vt 0.309100 0.494800
vt 0.323832 0.573878
vt 0.343000 0.572700
vt 0.336400 0.667600
vt 0.319820 0.666425
vt 0.327600 0.495900
vt 0.351100 0.495600
vt 0.307409 0.774184
vt 0.348400 0.669600
vt 0.358400 0.575800
vt 0.375000 0.578800
vt 0.365600 0.497400
vt 0.397600 0.509000
vt 0.438636 0.327213
vt 0.360156 0.803494
vt 0.307054 0.802186
vt 0.477739 0.479936
vt 0.497782 0.430418
vt 0.497067 0.405436
vt 0.320600 0.957825
vt 0.354037 0.951030
vt 0.367707 0.974942
vt 0.340000 0.987600
vt 0.464100 0.515100
vt 0.432141 0.508178
vt 0.474154 0.431188
vt 0.456700 0.452400
vt 0.449301 0.417649
vt 0.472716 0.404882
vt 0.443100 0.483500
vt 0.457400 0.365100
vt 0.423099 0.406248
vt 0.309800 0.920213
vt 0.337627 0.925071
vt 0.338874 0.898074
vt 0.363135 0.882379
vt 0.073100 0.695500
vt 0.060000 0.702900
vt 0.051300 0.685700
vt 0.077700 0.686300
vt 0.075100 0.675400
vt 0.055700 0.660200
vt 0.059100 0.667000
vt 0.049900 0.661100
vt 0.030800 0.697900
vt 0.025100 0.689300
vt 0.026400 0.678200
vt 0.044000 0.660900
vt 0.041400 0.668100
vt 0.039900 0.660400
vt 0.034800 0.664900
vt 0.035000 0.661800
vt 0.059700 0.659300
vt 0.064700 0.660100
vt 0.065300 0.663200
vt 0.063200 0.713000
vt 0.058000 0.712700
vt 0.052800 0.711800
vt 0.042902 0.714038
vt 0.044600 0.703700
vt 0.066500 0.711000
vt 0.066800 0.707900
vt 0.039100 0.712600
vt 0.038400 0.709500
vt 0.073724 0.338423
vt 0.079400 0.299900
vt 0.088767 0.324160
vt 0.049321 0.279941
vt 0.093095 0.292452
vt 0.243500 0.120600
vt 0.204205 0.091259
vt 0.203567 0.074308
vt 0.208263 0.051683
vt 0.245643 0.030295
vt 0.278100 0.052100
vt 0.282388 0.072926
vt 0.282431 0.090068
vt 0.022213 0.222200
vt 0.933000 0.431400
vt 0.933000 0.449500
vt 0.902400 0.452100
vt 0.903700 0.434300
vt 0.902582 0.481808
vt 0.933000 0.467400
vt 0.933000 0.487843
vt 0.908600 0.414400
vt 0.933000 0.415600
vt 0.909200 0.520700
vt 0.904100 0.500900
vt 0.933000 0.517800
vt 0.933000 0.388200
vt 0.933000 0.400400
vt 0.915300 0.395500
vt 0.922000 0.380700
vt 0.933000 0.535100
vt 0.915600 0.539800
vt 0.933000 0.547400
vt 0.922000 0.554700
vt 0.952600 0.515300
vt 0.952600 0.484112
vt 0.974400 0.494520
vt 0.974400 0.515300
vt 0.952600 0.531700
vt 0.974400 0.537418
vt 0.952600 0.546600
vt 0.952600 0.465500
vt 0.974400 0.468700
vt 0.952600 0.565000
vt 0.974400 0.579422
vt 0.952600 0.439000
vt 0.974400 0.441800
vt 0.952600 0.591500
vt 0.952600 0.411300
vt 0.974400 0.411300
vt 0.974400 0.619200
vt 0.952600 0.619200
vt 0.983200 0.498500
vt 0.983200 0.515300
vt 0.983200 0.532100
vt 0.983200 0.486100
vt 0.983200 0.544500
vt 0.983200 0.468000
vt 0.983200 0.562500
vt 0.983200 0.444200
vt 0.983200 0.586300
vt 0.983200 0.411300
vt 0.983200 0.619200
vt 0.401400 0.420800
vt 0.369700 0.452400
vt 0.361700 0.439200
vt 0.387900 0.413300
vt 0.326400 0.463900
vt 0.326100 0.448500
vt 0.283100 0.452200
vt 0.290600 0.438700
vt 0.251500 0.420500
vt 0.264800 0.412500
vt 0.240100 0.377200
vt 0.255500 0.376900
vt 0.251800 0.333900
vt 0.265200 0.341400
vt 0.283500 0.302300
vt 0.291400 0.315600
vt 0.326800 0.290900
vt 0.327100 0.306300
vt 0.370000 0.302500
vt 0.358601 0.323029
vt 0.401600 0.334300
vt 0.388400 0.342200
vt 0.413100 0.377600
vt 0.397700 0.377900
vt 0.354800 0.427500
vt 0.376100 0.406700
vt 0.325900 0.434900
vt 0.297300 0.426900
vt 0.276400 0.405600
vt 0.270915 0.376700
vt 0.277100 0.348100
vt 0.298400 0.327200
vt 0.327200 0.319900
vt 0.376700 0.349200
vt 0.384100 0.378000
vt 0.345224 0.411022
vt 0.360208 0.397594
vt 0.325900 0.411919
vt 0.304600 0.414100
vt 0.289200 0.398200
vt 0.289900 0.355400
vt 0.309674 0.346820
vt 0.327300 0.334600
vt 0.348600 0.340700
vt 0.359746 0.359016
vt 0.365675 0.378074
vt 0.307735 0.397334
vt 0.299238 0.373129
vt 0.333418 0.350808
vt 0.335623 0.387609
vt 0.325865 0.385722
vt 0.315212 0.375790
vt 0.329230 0.363869
vt 0.339737 0.373722
vt 0.251900 0.421100
vt 0.265300 0.413400
vt 0.291500 0.439200
vt 0.283700 0.452600
vt 0.327100 0.448500
vt 0.327100 0.464000
vt 0.362600 0.438700
vt 0.370300 0.452100
vt 0.388400 0.412500
vt 0.401800 0.420200
vt 0.397700 0.376900
vt 0.413200 0.376900
vt 0.387900 0.341400
vt 0.401300 0.333600
vt 0.361700 0.315500
vt 0.369400 0.302100
vt 0.326100 0.306300
vt 0.326100 0.290800
vt 0.294558 0.323070
vt 0.282900 0.302700
vt 0.264700 0.342300
vt 0.251300 0.334500
vt 0.255500 0.377900
vt 0.240000 0.377900
vt 0.277413 0.406521
vt 0.298770 0.426865
vt 0.327200 0.434900
vt 0.355621 0.426411
vt 0.376525 0.405498
vt 0.384100 0.376700
vt 0.375551 0.348413
vt 0.354800 0.327200
vt 0.325900 0.319900
vt 0.276400 0.349200
vt 0.269100 0.378000
vt 0.327232 0.410408
vt 0.355249 0.376326
vt 0.343412 0.346924
vt 0.325900 0.334600
vt 0.304600 0.340700
vt 0.289200 0.356600
vt 0.291108 0.378049
vt 0.305892 0.395557
vt 0.348137 0.394495
vt 0.325900 0.349000
vt 0.307347 0.357773
vt 0.318223 0.385977
vt 0.333689 0.387720
vt 0.334651 0.366743
vt 0.318734 0.368453
vt 0.780300 0.452700
vt 0.760963 0.442119
vt 0.767192 0.429876
vt 0.720800 0.497100
vt 0.685900 0.522500
vt 0.649900 0.510400
vt 0.697100 0.486700
vt 0.753224 0.471050
vt 0.729300 0.471000
vt 0.828900 0.489400
vt 0.855149 0.486316
vt 0.814400 0.501000
vt 0.792500 0.476300
vt 0.848309 0.520695
vt 0.778700 0.508100
vt 0.754500 0.500500
vt 0.800300 0.527000
vt 0.850200 0.580200
vt 0.851000 0.540900
vt 0.894400 0.585800
vt 0.879611 0.604780
vt 0.900300 0.577200
vt 0.917123 0.616014
vt 0.908000 0.623200
vt 0.926441 0.636112
vt 0.804200 0.542700
vt 0.817000 0.574800
vt 0.713800 0.535900
vt 0.738200 0.547200
vt 0.757400 0.557100
vt 0.784100 0.588800
vt 0.606500 0.553300
vt 0.630055 0.558470
vt 0.689800 0.567900
vt 0.711506 0.594372
vt 0.734903 0.618690
vt 0.585400 0.627600
vt 0.575952 0.587937
vt 0.597100 0.598600
vt 0.527200 0.647600
vt 0.524400 0.615700
vt 0.557800 0.624200
vt 0.455187 0.701283
vt 0.476500 0.668700
vt 0.491000 0.747800
vt 0.476567 0.745970
vt 0.460014 0.760492
vt 0.479724 0.789351
vt 0.469043 0.783248
vt 0.422024 0.806331
vt 0.448908 0.817818
vt 0.438158 0.820069
vt 0.464123 0.845465
vt 0.470800 0.857400
vt 0.463956 0.865653
vt 0.454800 0.867000
vt 0.509201 0.886694
vt 0.503229 0.900160
vt 0.487446 0.910404
vt 0.489685 0.878606
vt 0.930100 0.645300
vt 0.909900 0.637700
vt 0.955000 0.680100
vt 0.954900 0.702100
vt 0.925400 0.699100
vt 0.973172 0.697252
vt 0.961900 0.735200
vt 0.972364 0.767797
vt 0.950400 0.764100
vt 0.916303 0.791418
vt 0.922033 0.827929
vt 0.918400 0.726500
vt 0.505600 0.704900
vt 0.565262 0.704736
vt 0.544100 0.753600
vt 0.497600 0.776600
vt 0.525398 0.820753
vt 0.548300 0.790800
vt 0.877270 0.789870
vt 0.888200 0.715000
vt 0.846600 0.755500
vt 0.853200 0.714100
vt 0.880128 0.680327
vt 0.874200 0.633600
vt 0.821350 0.647569
vt 0.821900 0.617100
vt 0.788860 0.624300
vt 0.789900 0.684600
vt 0.771839 0.705282
vt 0.746626 0.657918
vt 0.711481 0.647792
vt 0.723900 0.678800
vt 0.707552 0.686155
vt 0.676600 0.632500
vt 0.660262 0.661317
vt 0.647561 0.674789
vt 0.630255 0.620894
vt 0.669400 0.601900
vt 0.600600 0.656200
vt 0.618300 0.690800
vt 0.730800 0.728800
vt 0.711900 0.701200
vt 0.748700 0.715400
vt 0.748300 0.735200
vt 0.730064 0.744613
vt 0.704000 0.790700
vt 0.698200 0.772300
vt 0.714385 0.763107
vt 0.674700 0.795300
vt 0.677505 0.772652
vt 0.650300 0.776100
vt 0.638800 0.730800
vt 0.656719 0.733098
vt 0.670100 0.751200
vt 0.669744 0.686734
vt 0.694500 0.684600
vt 0.648236 0.702550
vt 0.659300 0.717300
vt 0.614800 0.730600
vt 0.579200 0.740800
vt 0.578421 0.784907
vt 0.621900 0.788800
vt 0.614000 0.830400
vt 0.666500 0.822000
vt 0.651600 0.856900
vt 0.718100 0.855500
vt 0.682100 0.860800
vt 0.712800 0.820200
vt 0.740900 0.803200
vt 0.791196 0.842265
vt 0.745100 0.853700
vt 0.804100 0.777300
vt 0.762500 0.784800
vt 0.776600 0.734600
vt 0.808406 0.730488
vt 0.830263 0.821943
vt 0.739600 0.768000
vt 0.682200 0.900700
vt 0.644900 0.884500
vt 0.638002 0.919271
vt 0.724528 0.919574
vt 0.692900 0.951700
vt 0.724300 0.893500
vt 0.760800 0.877400
vt 0.837400 0.790500
vt 0.865500 0.824900
vt 0.902500 0.862600
vt 0.845000 0.869600
vt 0.784904 0.908171
vt 0.748339 0.962929
vt 0.816984 0.936095
vt 0.853200 0.913800
vt 0.886800 0.887900
vt 0.870500 0.907600
vt 0.929300 0.871800
vt 0.957300 0.872700
vt 0.922072 0.885274
vt 0.917700 0.898400
vt 0.900500 0.901800
vt 0.846268 0.947842
vt 0.836800 0.944100
vt 0.780191 0.963307
vt 0.789100 0.966700
vt 0.738000 0.979500
vt 0.718800 0.972200
vt 0.677400 0.967800
vt 0.699874 0.981637
vt 0.667951 0.973638
vt 0.656300 0.961200
vt 0.646741 0.961903
vt 0.620700 0.939900
vt 0.588312 0.950259
vt 0.588016 0.936758
vt 0.582223 0.950957
vt 0.577800 0.945100
vt 0.570800 0.921400
vt 0.535600 0.898700
vt 0.492300 0.861200
vt 0.525300 0.852700
vt 0.561100 0.891400
vt 0.547597 0.916131
vt 0.592162 0.864896
vt 0.552600 0.827800
vt 0.761000 0.421500
vt 0.779800 0.425700
vt 0.642300 0.501100
vt 0.720400 0.463400
vt 0.802700 0.469900
vt 0.865100 0.478400
vt 0.859700 0.522600
vt 0.911800 0.572400
vt 0.938600 0.634600
vt 0.572700 0.576700
vt 0.517600 0.606800
vt 0.468600 0.660600
vt 0.445000 0.699500
vt 0.468800 0.745500
vt 0.452600 0.755800
vt 0.461400 0.778700
vt 0.413500 0.804700
vt 0.453600 0.848400
vt 0.449300 0.871300
vt 0.479800 0.885600
vt 0.517800 0.907200
vt 0.482600 0.921800
vt 0.964700 0.673700
vt 0.981700 0.694400
vt 0.973300 0.733100
vt 0.982200 0.768600
vt 0.931100 0.824400
vt 0.967300 0.874000
vt 0.928400 0.896000
vt 0.922200 0.907000
vt 0.876500 0.916600
vt 0.851400 0.956300
vt 0.820700 0.949700
vt 0.795900 0.973800
vt 0.784400 0.974700
vt 0.738900 0.989500
vt 0.718300 0.984700
vt 0.695400 0.992000
vt 0.678700 0.980200
vt 0.663300 0.983000
vt 0.649500 0.971600
vt 0.641400 0.968800
vt 0.619400 0.951300
vt 0.579500 0.960000
vt 0.560800 0.929300
vt 0.543000 0.923900
vt 0.529000 0.909000
vt 0.747600 0.350400
vt 0.747700 0.362900
vt 0.711800 0.352100
vt 0.711411 0.333529
vt 0.684656 0.329102
vt 0.703900 0.317600
vt 0.687382 0.305222
vt 0.728900 0.318300
vt 0.718900 0.303400
vt 0.744700 0.311800
vt 0.742500 0.332800
vt 0.750500 0.327600
vt 0.746800 0.344000
vt 0.737700 0.375800
vt 0.687455 0.393145
vt 0.731000 0.389925
vt 0.724800 0.397300
vt 0.672300 0.355800
vt 0.668900 0.368400
vt 0.920241 0.349492
vt 0.900300 0.361400
vt 0.898300 0.341700
vt 0.856934 0.368463
vt 0.862700 0.369700
vt 0.856700 0.329700
vt 0.839700 0.339100
vt 0.837859 0.324416
vt 0.848368 0.308189
vt 0.837700 0.324200
vt 0.830200 0.366800
vt 0.848300 0.377100
vt 0.812495 0.399728
vt 0.812700 0.389600
vt 0.744442 0.298044
vt 0.754700 0.305300
vt 0.777800 0.289700
vt 0.789000 0.309000
vt 0.772000 0.305000
vt 0.765600 0.295800
vt 0.806360 0.292045
vt 0.807371 0.315732
vt 0.832900 0.301300
vt 0.820700 0.307700
vt 0.762600 0.327000
vt 0.776100 0.327100
vt 0.782200 0.344100
vt 0.772700 0.347000
vt 0.778556 0.362750
vt 0.764200 0.353400
vt 0.772657 0.359718
vt 0.769200 0.363300
vt 0.749443 0.367228
vt 0.762700 0.375900
vt 0.753100 0.376200
vt 0.745600 0.393800
vt 0.869673 0.383569
vt 0.725755 0.412308
vt 0.789614 0.323197
vt 0.798937 0.369217
vt 0.814367 0.370304
vt 0.799204 0.375834
vt 0.790800 0.363700
vt 0.834588 0.325215
vt 0.835645 0.320847
vt 0.834248 0.324752
vt 0.776564 0.320109
vt 0.776274 0.311526
vt 0.782158 0.313119
vt 0.776124 0.316951
vt 0.777581 0.317948
vt 0.776200 0.316755
vt 0.803090 0.452205
vt 0.804909 0.429576
vt 0.812166 0.430155
vt 0.795854 0.428772
vt 0.798886 0.427823
vt 0.802638 0.452193
vt 0.820186 0.403349
vt 0.772100 0.392000
vt 0.775500 0.402500
vt 0.785526 0.399308
vt 0.783122 0.405138
vt 0.801689 0.404353
vt 0.801613 0.383687
vt 0.793700 0.396600
vt 0.786149 0.382606
vt 0.787615 0.370870
vt 0.792628 0.374529
vt 0.789273 0.372749
vt 0.781812 0.366540
vt 0.782481 0.367668
vt 0.783299 0.370598
vt 0.772472 0.373391
vt 0.784416 0.372271
vt 0.786596 0.377558
vt 0.811622 0.388181
vt 0.811444 0.384013
vt 0.946678 0.924137
vt 0.959129 0.936498
vt 0.949758 0.963305
vt 0.936308 0.958633
vt 0.959202 0.934847
vt 0.962665 0.934505
vt 0.983200 0.918700
vt 0.983546 0.934165
vt 0.966000 0.926000
vt 0.961681 0.924026
vt 0.978800 0.913600
vt 0.970900 0.911100
vt 0.963000 0.900500
vt 0.946800 0.901400
vt 0.935236 0.933867
vt 0.932400 0.913900
vt 0.445514 0.924742
vt 0.456401 0.947646
vt 0.455605 0.953487
vt 0.438745 0.932365
vt 0.456050 0.925798
vt 0.463734 0.949287
vt 0.463631 0.924748
vt 0.914125 0.966141
vt 0.944710 0.976655
vt 0.479264 0.961232
vt 0.936471 0.965280
vt 0.473600 0.966700
vt 0.439900 0.910000
vt 0.450900 0.908900
vt 0.462500 0.908600
s 1
usemtl joy_body_mat
f 6/1/1 5/2/2 8/3/3
f 5/2/2 1/4/4 9/5/5
f 9/5/5 8/3/3 5/2/2
f 10/6/6 9/5/5 1/4/4
f 10/7/6 12/8/7 11/9/8
f 7/10/9 13/11/10 14/12/11
f 15/13/12 12/8/7 14/12/11
f 6/1/1 7/10/9 4/14/13
f 1/4/4 2/15/14 10/6/6
f 12/8/15 10/7/6 2/16/14
f 2/16/14 3/17/16 12/8/15
f 14/12/11 12/8/15 3/17/16
f 4/14/13 14/12/11 3/17/16
f 15/13/12 14/12/11 13/11/10
f 11/9/8 12/8/7 15/13/12
f 7/10/9 14/12/11 4/14/13
f 23/3/17 20/18/18 21/19/19
f 20/18/18 23/3/17 24/5/20
f 24/5/20 16/20/21 20/18/18
f 16/20/21 24/5/20 25/6/22
f 26/9/23 27/8/24 25/7/22
f 28/12/25 29/11/26 22/21/27
f 30/13/28 28/12/25 27/8/24
f 19/22/29 22/21/27 21/19/19
f 25/6/22 17/23/30 16/20/21
f 27/8/31 18/24/32 17/25/30
f 17/25/30 25/7/22 27/8/31
f 28/12/25 18/24/32 27/8/31
f 19/22/29 18/24/32 28/12/25
f 30/13/28 29/11/26 28/12/25
f 26/9/23 30/13/28 27/8/24
f 22/21/27 19/22/29 28/12/25
f 31/26/33 32/27/34 33/28/35
f 33/28/35 51/29/36 31/26/33
f 50/30/37 31/26/33 51/29/36
f 34/31/38 33/28/35 32/27/34
f 35/32/39 36/33/40 37/34/41
f 34/31/38 37/34/41 36/33/40
f 36/33/40 38/35/42 34/31/38
f 36/33/40 35/32/39 39/36/43
f 40/37/44 41/38/45 42/39/46
f 43/40/47 42/39/46 41/38/45
f 45/41/48 44/42/49 33/28/35
f 38/35/42 46/43/50 45/41/48
f 46/43/50 38/35/42 47/44/51
f 41/38/45 40/37/44 50/30/37
f 50/30/37 51/29/36 41/38/45
f 39/36/43 52/45/52 36/33/40
f 43/40/47 41/38/45 44/42/49
f 44/42/49 41/38/45 51/29/36
f 51/29/36 33/28/35 44/42/49
f 52/45/52 39/36/43 53/46/53
f 38/35/42 52/45/52 47/44/51
f 48/47/54 52/45/52 53/46/53
f 53/46/53 49/48/55 48/47/54
f 47/44/51 52/45/52 48/47/54
f 56/49/56 58/50/57 57/51/58
f 59/52/59 60/53/60 58/50/57
f 58/50/57 56/49/56 59/52/59
f 60/53/60 68/54/61 61/55/62
f 61/55/62 58/50/57 60/53/60
f 68/54/61 69/56/63 62/57/64
f 62/57/64 61/55/62 68/54/61
f 69/56/63 70/58/65 63/59/66
f 63/59/66 62/57/64 69/56/63
f 54/60/67 73/61/68 59/52/59
f 59/52/59 56/49/56 54/60/67
f 72/62/69 73/61/68 54/60/67
f 54/60/67 55/63/70 72/62/69
f 72/62/69 55/63/70 42/39/46
f 43/40/47 72/62/69 42/39/46
f 43/40/47 44/42/49 64/64/71
f 71/65/72 64/64/71 44/42/49
f 44/42/49 65/66/73 71/65/72
f 66/67/74 71/65/72 65/66/73
f 67/68/75 66/67/74 65/66/73
f 67/68/75 91/69/76 70/58/65
f 59/52/59 74/70/77 60/53/60
f 48/47/54 49/48/55 75/71/78
f 75/71/78 76/72/79 48/47/54
f 77/73/80 47/44/51 48/47/54
f 48/47/54 76/72/79 77/73/80
f 47/44/51 77/73/80 78/74/81
f 78/74/81 46/43/50 47/44/51
f 75/71/78 79/75/82 80/76/83
f 80/76/83 76/72/79 75/71/78
f 81/77/84 76/72/79 80/76/83
f 81/77/84 82/78/85 83/79/86
f 83/79/86 82/78/85 84/80/87
f 84/80/87 85/81/88 83/79/86
f 46/43/50 78/74/81 86/82/89
f 46/43/50 86/82/89 87/83/90
f 87/83/90 45/41/48 46/43/50
f 45/41/48 87/83/90 65/66/73
f 65/66/73 44/42/49 45/41/48
f 78/74/81 88/84/91 86/82/89
f 87/83/90 86/82/89 88/84/91
f 88/84/91 89/85/92 87/83/90
f 65/66/73 87/83/90 90/86/93
f 90/86/93 91/69/76 67/68/75
f 67/68/75 65/66/73 90/86/93
f 90/86/93 92/87/94 93/88/95
f 93/88/95 91/69/76 90/86/93
f 93/88/95 92/87/94 94/89/96
f 92/87/94 90/86/93 89/85/92
f 78/74/81 77/73/80 95/90/97
f 77/73/80 76/72/79 81/77/84
f 81/77/84 95/90/97 77/73/80
f 88/84/91 78/74/81 95/90/97
f 95/90/97 96/91/98 88/84/91
f 89/85/92 88/84/91 96/91/98
f 96/91/98 92/87/94 89/85/92
f 97/92/99 94/89/96 92/87/94
f 98/93/100 99/94/101 95/90/97
f 95/90/97 81/77/84 83/79/86
f 83/79/86 98/93/100 95/90/97
f 96/91/98 95/90/97 99/94/101
f 99/94/101 97/92/99 96/91/98
f 92/87/94 96/91/98 97/92/99
f 93/88/95 94/89/96 100/95/102
f 94/89/96 101/96/103 100/95/102
f 61/55/62 102/97/104 58/50/57
f 58/50/57 102/97/104 103/98/105
f 103/98/105 57/51/58 58/50/57
f 62/57/64 63/59/66 104/99/106
f 104/99/106 105/100/107 62/57/64
f 105/100/107 104/99/106 106/101/108
f 102/97/104 61/55/62 107/102/109
f 107/102/109 108/103/110 102/97/104
f 61/55/62 62/57/64 105/100/107
f 105/100/107 107/102/109 61/55/62
f 103/98/105 102/97/104 108/103/110
f 108/103/110 109/104/111 103/98/105
f 108/103/110 107/102/109 110/105/112
f 105/100/107 110/105/112 107/102/109
f 109/104/111 108/103/110 110/105/112
f 110/105/112 111/106/113 109/104/111
f 111/106/113 110/105/112 112/107/114
f 94/89/96 97/92/99 113/108/115
f 113/108/115 101/96/103 94/89/96
f 98/93/100 83/79/86 85/81/88
f 85/81/88 114/109/116 98/93/100
f 97/92/99 99/94/101 115/110/117
f 115/110/117 113/108/115 97/92/99
f 98/93/100 115/110/117 99/94/101
f 110/105/112 116/111/118 112/107/114
f 116/111/118 105/100/107 106/101/108
f 116/111/118 110/105/112 105/100/107
f 80/76/83 79/75/82 117/112/119
f 117/112/119 118/113/120 80/76/83
f 81/77/84 80/76/83 118/113/120
f 118/113/120 119/114/121 81/77/84
f 82/78/85 81/77/84 119/114/121
f 118/113/120 117/112/119 120/115/122
f 120/115/122 121/116/123 118/113/120
f 119/114/121 118/113/120 121/116/123
f 121/116/123 122/117/124 119/114/121
f 82/78/85 119/114/121 122/117/124
f 122/117/124 123/118/125 82/78/85
f 121/116/123 120/115/122 124/119/126
f 124/119/126 125/120/127 121/116/123
f 122/117/124 121/116/123 125/120/127
f 122/117/124 126/121/128 123/118/125
f 127/122/129 84/80/87 82/78/85
f 82/78/85 123/118/125 127/122/129
f 127/122/129 123/118/125 126/121/128
f 128/123/130 129/124/131 130/125/132
f 131/126/133 128/123/130 130/125/132
f 132/127/134 133/128/135 130/125/132
f 133/128/135 134/129/136 130/125/132
f 134/129/136 131/126/133 130/125/132
f 136/130/137 137/131/138 135/132/139
f 136/130/137 31/26/33 50/30/37
f 151/133/140 137/131/138 136/130/137
f 151/133/140 136/130/137 50/30/37
f 138/134/141 135/132/139 137/131/138
f 35/32/39 139/135/142 140/136/143
f 139/135/142 138/134/141 141/137/144
f 141/137/144 140/136/143 139/135/142
f 35/32/39 140/136/143 39/36/43
f 40/37/44 42/39/46 142/138/145
f 142/138/145 143/38/146 40/37/44
f 143/38/146 142/138/145 144/139/147
f 137/131/138 145/140/148 146/141/149
f 147/142/150 148/143/151 141/137/144
f 146/141/149 147/142/150 141/137/144
f 149/144/152 148/143/151 147/142/150
f 143/38/146 151/133/140 50/30/37
f 50/30/37 40/37/44 143/38/146
f 140/136/143 53/46/53 39/36/43
f 53/46/53 140/136/143 148/143/151
f 145/140/148 143/38/146 144/139/147
f 145/140/148 137/131/138 151/133/140
f 151/133/140 143/38/146 145/140/148
f 148/143/151 149/144/152 53/46/53
f 150/145/153 49/48/55 53/46/53
f 150/145/153 53/46/53 149/144/152
f 54/60/67 152/146/154 142/138/145
f 142/138/145 55/63/70 54/60/67
f 42/39/46 55/63/70 142/138/145
f 56/49/56 153/147/155 152/146/154
f 152/146/154 54/60/67 56/49/56
f 57/51/58 154/148/156 153/147/155
f 153/147/155 56/49/56 57/51/58
f 154/148/156 163/149/157 153/147/155
f 163/149/157 154/148/156 155/150/158
f 155/150/158 164/151/159 163/149/157
f 164/151/159 155/150/158 156/152/160
f 156/152/160 166/153/161 164/151/159
f 168/154/162 157/155/163 186/156/164
f 153/147/155 173/157/165 152/146/154
f 171/158/166 142/138/145 152/146/154
f 152/146/154 173/157/165 171/158/166
f 142/138/145 171/158/166 144/139/147
f 158/159/167 145/140/148 144/139/147
f 170/160/168 159/161/169 145/140/148
f 145/140/148 158/159/167 170/160/168
f 159/161/169 170/160/168 160/162/170
f 159/161/169 160/162/170 161/163/171
f 168/154/162 186/156/164 161/163/171
f 162/164/172 163/149/157 164/151/159
f 164/151/159 165/165/173 162/164/172
f 165/165/173 164/151/159 166/153/161
f 167/166/174 168/154/162 161/163/171
f 161/163/171 169/167/175 167/166/174
f 169/167/175 161/163/171 160/162/170
f 169/167/175 160/162/170 170/160/168
f 171/158/166 172/168/176 144/139/147
f 172/168/176 171/158/166 173/157/165
f 150/145/153 174/169/177 75/71/78
f 75/71/78 49/48/55 150/145/153
f 175/170/178 174/169/177 150/145/153
f 150/145/153 149/144/152 175/170/178
f 149/144/152 147/142/150 176/171/179
f 176/171/179 175/170/178 149/144/152
f 75/71/78 174/169/177 177/76/180
f 177/76/180 79/75/82 75/71/78
f 177/76/180 174/169/177 178/77/181
f 179/79/182 180/78/183 178/77/181
f 179/79/182 85/81/88 84/80/87
f 84/80/87 180/78/183 179/79/182
f 181/82/184 176/171/179 147/142/150
f 147/142/150 146/141/149 182/83/185
f 182/83/185 181/82/184 147/142/150
f 146/141/149 145/140/148 159/161/169
f 159/161/169 182/83/185 146/141/149
f 181/82/184 183/84/186 176/171/179
f 182/83/185 184/85/187 183/84/186
f 183/84/186 181/82/184 182/83/185
f 159/161/169 185/86/188 182/83/185
f 185/86/188 159/161/169 161/163/171
f 161/163/171 186/156/164 185/86/188
f 185/86/188 186/156/164 187/172/189
f 187/172/189 188/173/190 185/86/188
f 187/172/189 189/89/191 188/173/190
f 184/85/187 185/86/188 188/173/190
f 190/174/192 175/170/178 176/171/179
f 175/170/178 190/174/192 178/77/181
f 178/77/181 174/169/177 175/170/178
f 183/84/186 191/91/193 190/174/192
f 190/174/192 176/171/179 183/84/186
f 184/85/187 188/173/190 191/91/193
f 191/91/193 183/84/186 184/85/187
f 188/173/190 189/89/191 192/92/194
f 190/174/192 193/94/195 194/93/196
f 190/174/192 194/93/196 179/79/182
f 179/79/182 178/77/181 190/174/192
f 191/91/193 192/92/194 193/94/195
f 193/94/195 190/174/192 191/91/193
f 188/173/190 192/92/194 191/91/193
f 195/95/197 189/89/191 187/172/189
f 196/96/198 195/95/197 197/175/199
f 154/148/156 198/97/200 155/150/158
f 154/148/156 57/51/58 103/98/105
f 103/98/105 198/97/200 154/148/156
f 157/155/163 199/176/201 187/172/189
f 187/172/189 186/156/164 157/155/163
f 195/95/197 187/172/189 199/176/201
f 197/175/199 199/176/201 200/177/202
f 198/97/200 201/103/203 202/102/204
f 202/102/204 155/150/158 198/97/200
f 155/150/158 202/102/204 200/177/202
f 200/177/202 156/152/160 155/150/158
f 103/98/105 109/104/111 201/103/203
f 201/103/203 198/97/200 103/98/105
f 201/103/203 203/105/205 202/102/204
f 202/102/204 203/105/205 200/177/202
f 109/104/111 111/106/113 203/105/205
f 203/105/205 201/103/203 109/104/111
f 204/107/206 203/105/205 111/106/113
f 189/89/191 196/96/198 205/108/207
f 205/108/207 192/92/194 189/89/191
f 194/93/196 114/109/116 85/81/88
f 85/81/88 179/79/182 194/93/196
f 192/92/194 205/108/207 206/110/208
f 206/110/208 193/94/195 192/92/194
f 194/93/196 193/94/195 206/110/208
f 203/105/205 204/107/206 207/111/209
f 207/111/209 197/175/199 200/177/202
f 207/111/209 200/177/202 203/105/205
f 177/76/180 208/113/210 117/112/119
f 117/112/119 79/75/82 177/76/180
f 178/77/181 209/114/211 208/113/210
f 208/113/210 177/76/180 178/77/181
f 209/114/211 178/77/181 180/78/183
f 208/113/210 210/116/212 120/115/122
f 120/115/122 117/112/119 208/113/210
f 209/114/211 211/178/213 210/116/212
f 210/116/212 208/113/210 209/114/211
f 180/78/183 212/118/214 211/178/213
f 211/178/213 209/114/211 180/78/183
f 210/116/212 213/120/215 124/119/126
f 124/119/126 120/115/122 210/116/212
f 213/120/215 210/116/212 211/178/213
f 212/118/214 214/179/216 211/178/213
f 127/122/129 212/118/214 180/78/183
f 180/78/183 84/80/87 127/122/129
f 127/122/129 214/179/216 212/118/214
f 129/124/131 215/180/217 130/125/132
f 216/181/218 132/127/134 130/125/132
f 217/182/219 216/181/218 130/125/132
f 215/180/217 217/182/219 130/125/132
f 70/58/65 91/69/76 63/59/66
f 104/99/106 63/59/66 91/69/76
f 91/69/76 93/88/95 104/99/106
f 106/101/108 104/99/106 93/88/95
f 93/88/95 100/95/102 106/101/108
f 165/165/173 166/153/161 168/154/162
f 168/154/162 167/166/174 165/165/173
f 166/153/161 156/152/160 157/155/163
f 157/155/163 168/154/162 166/153/161
f 156/152/160 200/177/202 199/176/201
f 199/176/201 157/155/163 156/152/160
f 197/175/199 195/95/197 199/176/201
f 100/95/102 101/96/103 106/101/108
f 189/89/191 195/95/197 196/96/198
f 218/183/220 219/184/221 220/185/222
f 220/185/222 221/186/223 218/183/220
f 221/186/223 241/187/224 222/188/225
f 222/188/225 218/183/220 221/186/223
f 223/189/226 222/188/225 241/187/224
f 223/190/226 224/191/227 225/192/228
f 227/193/229 228/194/230 229/195/231
f 229/195/231 230/196/232 227/193/229
f 231/197/233 229/195/231 232/198/234
f 232/198/234 233/199/235 231/197/233
f 229/195/231 231/197/233 230/196/232
f 229/195/231 221/186/223 220/185/222
f 220/185/222 232/198/234 229/195/231
f 228/194/230 221/186/223 229/195/231
f 234/200/236 235/201/237 236/202/238
f 237/203/239 234/200/236 236/202/238
f 236/202/238 238/204/240 237/203/239
f 236/202/238 235/201/237 228/194/230
f 238/204/240 236/202/238 228/194/230
f 228/194/230 227/193/229 238/204/240
f 234/200/236 237/203/239 239/205/241
f 239/205/241 240/206/242 234/200/236
f 235/201/237 234/200/236 240/206/242
f 240/206/242 241/187/224 235/201/237
f 221/186/223 228/194/230 235/201/237
f 235/201/237 241/187/224 221/186/223
f 240/206/242 239/205/241 242/207/243
f 241/187/224 240/206/242 242/207/243
f 242/207/243 243/208/244 241/187/224
f 243/208/244 223/189/226 241/187/224
f 244/209/245 245/210/246 242/211/243
f 243/212/244 242/211/243 245/210/246
f 245/210/246 246/213/247 243/212/244
f 223/190/226 243/212/244 246/213/247
f 246/213/247 224/191/227 223/190/226
f 247/214/248 248/215/249 249/216/250
f 247/214/248 250/217/251 251/218/252
f 251/218/252 252/219/253 247/214/248
f 252/219/253 253/220/254 254/221/255
f 254/221/255 247/214/248 252/219/253
f 247/214/248 254/221/255 248/215/249
f 250/217/251 255/222/256 226/223/257
f 250/217/251 226/223/257 224/191/227
f 224/191/227 251/218/252 250/217/251
f 256/224/258 257/225/259 258/226/260
f 256/224/258 258/226/260 252/219/253
f 252/219/253 251/218/252 256/224/258
f 257/225/259 259/227/261 260/228/262
f 260/228/262 258/226/260 257/225/259
f 253/220/254 252/219/253 258/226/260
f 258/226/260 260/228/262 253/220/254
f 251/218/252 224/191/227 256/224/258
f 257/225/259 256/224/258 246/213/247
f 246/213/247 245/210/246 257/225/259
f 259/227/261 257/225/259 245/210/246
f 245/210/246 244/209/245 259/227/261
f 224/191/227 246/213/247 256/224/258
f 222/188/225 223/189/226 261/229/263
f 225/192/228 261/230/263 223/190/226
f 225/192/228 226/223/257 262/231/264
f 226/223/257 255/222/256 263/232/265
f 263/232/265 262/231/264 226/223/257
f 124/233/126 264/234/266 125/235/127
f 264/234/266 265/236/267 266/237/268
f 266/237/268 267/238/269 264/234/266
f 267/238/269 266/237/268 219/184/221
f 219/184/221 218/183/220 267/238/269
f 126/239/128 122/240/124 8/241/3
f 8/241/3 9/242/5 126/239/128
f 125/235/127 8/243/3 122/244/124
f 264/234/266 124/233/126 265/236/267
f 264/234/266 268/245/270 125/235/127
f 7/246/9 268/245/270 13/247/10
f 13/247/10 268/245/270 269/248/271
f 268/245/270 264/234/266 267/238/269
f 267/238/269 269/248/271 268/245/270
f 125/235/127 268/245/270 7/246/9
f 7/246/9 6/249/1 125/235/127
f 8/243/3 125/235/127 6/249/1
f 270/250/272 222/188/225 261/229/263
f 270/250/272 261/229/263 15/251/12
f 15/251/12 13/247/10 270/250/272
f 222/188/225 270/250/272 269/248/271
f 269/248/271 218/183/220 222/188/225
f 267/238/269 218/183/220 269/248/271
f 270/250/272 13/247/10 269/248/271
f 271/252/273 127/253/129 126/239/128
f 126/239/128 272/254/274 271/252/273
f 263/232/265 272/254/274 262/231/264
f 9/242/5 10/255/6 272/254/274
f 272/254/274 126/239/128 9/242/5
f 272/254/274 263/232/265 271/252/273
f 261/230/263 225/192/228 11/256/8
f 11/256/8 15/257/12 261/230/263
f 272/254/274 10/255/6 11/256/8
f 262/231/264 272/254/274 11/256/8
f 11/256/8 225/192/228 262/231/264
f 250/217/251 247/214/248 249/216/250
f 273/258/275 274/259/276 220/185/222
f 220/185/222 219/184/221 273/258/275
f 275/260/277 291/261/278 274/259/276
f 274/259/276 273/258/275 275/260/277
f 291/261/278 275/260/277 276/262/279
f 277/263/280 278/264/281 276/265/279
f 280/266/282 281/267/283 282/268/284
f 282/268/284 283/269/285 280/266/282
f 281/267/283 233/199/235 232/198/234
f 232/198/234 282/268/284 281/267/283
f 282/268/284 232/198/234 220/185/222
f 220/185/222 274/259/276 282/268/284
f 283/269/285 282/268/284 274/259/276
f 284/270/286 285/271/287 286/272/288
f 287/273/289 288/274/290 285/271/287
f 285/271/287 284/270/286 287/273/289
f 283/269/285 286/272/288 285/271/287
f 288/274/290 280/266/282 283/269/285
f 283/269/285 285/271/287 288/274/290
f 284/270/286 289/275/291 290/276/292
f 290/276/292 287/273/289 284/270/286
f 286/272/288 291/261/278 289/275/291
f 289/275/291 284/270/286 286/272/288
f 274/259/276 291/261/278 286/272/288
f 286/272/288 283/269/285 274/259/276
f 292/277/293 290/276/292 289/275/291
f 291/261/278 293/278/294 292/277/293
f 292/277/293 289/275/291 291/261/278
f 291/261/278 276/262/279 293/278/294
f 292/279/293 294/280/295 295/281/296
f 293/282/294 296/283/297 294/280/295
f 294/280/295 292/279/293 293/282/294
f 276/265/279 278/264/281 296/283/297
f 296/283/297 293/282/294 276/265/279
f 249/216/250 298/284/298 297/285/299
f 297/285/299 299/286/300 300/287/301
f 300/287/301 301/288/302 297/285/299
f 299/286/300 297/285/299 302/289/303
f 302/289/303 303/290/304 299/286/300
f 298/284/298 302/289/303 297/285/299
f 250/217/251 301/288/302 279/291/305
f 279/291/305 255/222/256 250/217/251
f 301/288/302 300/287/301 278/264/281
f 278/264/281 279/291/305 301/288/302
f 304/292/306 305/293/307 306/294/308
f 304/292/306 300/287/301 299/286/300
f 299/286/300 305/293/307 304/292/306
f 306/294/308 305/293/307 307/295/309
f 307/295/309 308/296/310 306/294/308
f 303/290/304 307/295/309 305/293/307
f 305/293/307 299/286/300 303/290/304
f 300/287/301 304/292/306 278/264/281
f 306/294/308 294/280/295 296/283/297
f 296/283/297 304/292/306 306/294/308
f 308/296/310 295/281/296 294/280/295
f 294/280/295 306/294/308 308/296/310
f 278/264/281 304/292/306 296/283/297
f 309/297/311 276/262/279 275/260/277
f 276/265/279 309/298/311 277/263/280
f 310/299/312 279/291/305 277/263/280
f 279/291/305 310/299/312 263/232/265
f 263/232/265 255/222/256 279/291/305
f 213/300/215 311/301/313 124/233/126
f 311/301/313 312/302/314 266/237/268
f 266/237/268 265/236/267 311/301/313
f 312/302/314 273/258/275 219/184/221
f 219/184/221 266/237/268 312/302/314
f 214/303/216 24/304/20 23/305/17
f 23/305/17 211/306/213 214/303/216
f 211/307/213 23/308/17 213/300/215
f 265/236/267 124/233/126 311/301/313
f 213/300/215 313/309/315 311/301/313
f 22/310/27 29/311/26 313/309/315
f 314/312/316 313/309/315 29/311/26
f 313/309/315 314/312/316 312/302/314
f 312/302/314 311/301/313 313/309/315
f 213/300/215 21/313/19 22/310/27
f 22/310/27 313/309/315 213/300/215
f 21/313/19 213/300/215 23/308/17
f 309/297/311 275/260/277 315/314/317
f 315/314/317 29/311/26 30/315/28
f 30/315/28 309/297/311 315/314/317
f 275/260/277 273/258/275 314/312/316
f 314/312/316 315/314/317 275/260/277
f 312/302/314 314/312/316 273/258/275
f 314/312/316 29/311/26 315/314/317
f 271/252/273 316/316/318 214/303/216
f 214/303/216 127/253/129 271/252/273
f 310/299/312 316/316/318 263/232/265
f 24/304/20 214/303/216 316/316/318
f 316/316/318 25/317/22 24/304/20
f 271/252/273 263/232/265 316/316/318
f 26/318/23 277/263/280 309/298/311
f 309/298/311 30/319/28 26/318/23
f 26/318/23 25/317/22 316/316/318
f 310/299/312 277/263/280 26/318/23
f 26/318/23 316/316/318 310/299/312
f 249/216/250 297/285/299 301/288/302
f 301/288/302 250/217/251 249/216/250
f 239/320/319 237/321/320 317/322/321
f 242/323/243 239/320/319 317/322/321
f 244/324/245 242/323/243 317/322/321
f 248/325/322 259/326/323 317/322/321
f 249/327/324 248/325/322 317/322/321
f 259/326/323 244/324/245 317/322/321
f 290/328/325 292/329/293 317/322/321
f 292/329/293 295/330/296 317/322/321
f 298/331/326 249/327/324 317/322/321
f 308/332/327 298/331/326 317/322/321
f 295/330/296 308/332/327 317/322/321
f 302/333/328 308/332/327 307/334/329
f 307/334/329 303/335/330 302/333/328
f 254/336/331 253/337/332 260/338/333
f 260/338/333 259/326/323 254/336/331
f 230/339/334 231/340/335 237/321/320
f 231/340/335 233/341/336 317/322/321
f 317/322/321 237/321/320 231/340/335
f 233/341/336 281/342/337 287/343/338
f 287/343/338 317/322/321 233/341/336
f 227/344/339 230/339/334 237/321/320
f 237/321/320 238/345/340 227/344/339
f 302/333/328 298/331/326 308/332/327
f 248/325/322 254/336/331 259/326/323
f 287/343/338 290/328/325 317/322/321
f 281/342/337 280/346/341 288/347/342
f 288/347/342 287/343/338 281/342/337
f 319/348/343 74/70/77 318/349/344
f 320/350/345 319/348/343 318/349/344
f 73/61/68 321/351/346 318/349/344
f 321/351/346 43/40/47 318/349/344
f 43/40/47 64/64/71 318/349/344
f 64/64/71 71/65/72 318/349/344
f 71/65/72 322/352/347 318/349/344
f 322/352/347 320/350/345 318/349/344
f 74/70/77 73/61/68 318/349/344
f 162/164/172 165/165/348 323/349/349
f 165/165/348 167/166/350 323/349/349
f 167/166/350 169/167/175 323/349/349
f 169/167/175 170/160/168 323/349/349
f 170/160/168 158/159/167 323/349/349
f 158/159/167 144/139/147 323/349/349
f 144/139/147 172/168/176 323/349/349
f 172/168/176 173/157/165 323/349/349
f 173/157/165 162/164/172 323/349/349
f 129/124/131 31/353/33 135/354/139
f 135/354/139 215/180/217 129/124/131
f 138/355/141 215/180/217 135/354/139
f 138/355/141 217/182/219 215/180/217
f 139/356/142 216/181/218 217/182/219
f 217/182/219 138/355/141 139/356/142
f 324/357/351 132/127/134 216/181/218
f 216/181/218 139/356/142 324/357/351
f 133/128/135 132/127/134 324/357/351
f 324/357/351 37/358/41 133/128/135
f 37/358/41 34/359/38 134/129/136
f 134/129/136 133/128/135 37/358/41
f 131/126/133 134/129/136 34/359/38
f 34/359/38 32/360/34 131/126/133
f 128/123/130 131/126/133 32/360/34
f 32/360/34 31/353/33 129/124/131
f 129/124/131 128/123/130 32/360/34
f 35/32/39 37/34/41 324/361/351
f 324/361/351 139/135/142 35/32/39
f 31/26/33 136/130/137 135/132/139
f 146/141/149 138/134/141 137/131/138
f 141/137/144 138/134/141 146/141/149
f 140/136/143 141/137/144 148/143/151
f 38/35/42 36/33/40 52/45/52
f 38/35/42 45/41/48 34/31/38
f 33/28/35 34/31/38 45/41/48
f 163/149/157 162/164/172 153/147/155
f 69/56/63 68/54/61 319/348/352
f 319/348/352 320/350/353 70/58/65
f 70/58/65 69/56/63 319/348/352
f 320/350/353 322/352/347 67/68/75
f 67/68/75 70/58/65 320/350/353
f 66/67/74 67/68/75 322/352/347
f 71/65/72 66/67/74 322/352/347
f 43/40/47 321/351/346 72/62/69
f 73/61/68 72/62/69 321/351/346
f 74/70/77 319/348/352 68/54/61
f 68/54/61 60/53/60 74/70/77
f 185/86/188 184/85/187 182/83/185
f 87/83/90 89/85/92 90/86/93
f 325/362/354 326/363/355 327/364/356
f 327/364/356 328/365/357 325/362/354
f 330/366/358 331/367/359 329/368/360
f 328/365/357 332/369/361 333/370/362
f 333/370/362 325/362/354 328/365/357
f 334/371/363 335/372/364 329/368/360
f 329/368/360 336/373/365 334/371/363
f 337/374/366 338/375/367 339/376/368
f 339/376/368 340/377/369 337/374/366
f 336/373/365 341/378/370 342/379/371
f 342/379/371 334/371/363 336/373/365
f 327/364/356 326/363/355 331/367/359
f 331/367/359 330/366/358 327/364/356
f 329/368/360 335/372/364 330/366/358
f 339/376/368 338/375/367 333/370/362
f 333/370/362 332/369/361 339/376/368
f 342/379/371 341/378/370 343/380/372
f 343/380/372 344/381/373 342/379/371
f 345/382/374 346/383/375 347/384/376
f 347/384/376 348/385/377 345/382/374
f 349/386/378 345/382/374 348/385/377
f 348/385/377 350/387/379 349/386/378
f 350/387/379 351/388/380 349/386/378
f 346/383/375 352/389/381 353/390/382
f 353/390/382 347/384/376 346/383/375
f 354/391/383 351/388/380 350/387/379
f 350/387/379 355/392/384 354/391/383
f 352/389/381 356/393/385 357/394/386
f 357/394/386 353/390/382 352/389/381
f 358/395/387 354/391/383 355/392/384
f 359/396/388 360/397/389 357/394/386
f 357/394/386 356/393/385 359/396/388
f 361/398/390 362/399/391 358/395/387
f 358/395/387 355/392/384 361/398/390
f 363/400/392 364/401/393 348/385/377
f 348/385/377 347/384/376 363/400/392
f 364/401/393 365/402/394 350/387/379
f 350/387/379 348/385/377 364/401/393
f 366/403/395 363/400/392 347/384/376
f 365/402/394 367/404/396 350/387/379
f 347/384/376 353/390/382 368/405/397
f 368/405/397 366/403/395 347/384/376
f 355/392/384 350/387/379 367/404/396
f 367/404/396 369/406/398 355/392/384
f 370/407/399 368/405/397 353/390/382
f 353/390/382 357/394/386 370/407/399
f 369/406/398 371/408/400 355/392/384
f 372/409/401 370/407/399 357/394/386
f 357/394/386 360/397/389 372/409/401
f 371/408/400 373/410/402 361/398/390
f 361/398/390 355/392/384 371/408/400
f 374/411/403 375/412/404 376/413/405
f 376/413/405 377/414/406 374/411/403
f 375/412/404 378/415/407 379/416/408
f 379/416/408 376/413/405 375/412/404
f 378/415/407 380/417/409 381/418/410
f 381/418/410 379/416/408 378/415/407
f 380/417/409 382/419/411 383/420/412
f 383/420/412 381/418/410 380/417/409
f 382/419/411 384/421/413 385/422/414
f 385/422/414 383/420/412 382/419/411
f 384/421/413 386/423/415 387/424/416
f 387/424/416 385/422/414 384/421/413
f 386/423/415 388/425/417 389/426/418
f 389/426/418 387/424/416 386/423/415
f 388/425/417 390/427/419 391/428/420
f 391/428/420 389/426/418 388/425/417
f 390/427/419 392/429/421 393/430/422
f 393/430/422 391/428/420 390/427/419
f 392/429/421 394/431/423 395/432/424
f 395/432/424 393/430/422 392/429/421
f 394/431/423 396/433/425 397/434/426
f 397/434/426 395/432/424 394/431/423
f 396/433/425 374/411/403 377/414/406
f 377/414/406 397/434/426 396/433/425
f 377/414/406 376/413/405 398/435/427
f 398/435/427 399/436/428 377/414/406
f 376/413/405 379/416/408 400/437/429
f 400/437/429 398/435/427 376/413/405
f 379/416/408 381/418/410 401/438/430
f 401/438/430 400/437/429 379/416/408
f 381/418/410 383/420/412 402/439/431
f 402/439/431 401/438/430 381/418/410
f 383/420/412 385/422/414 403/440/432
f 403/440/432 402/439/431 383/420/412
f 385/422/414 387/424/416 404/441/433
f 404/441/433 403/440/432 385/422/414
f 387/424/416 389/426/418 405/442/434
f 405/442/434 404/441/433 387/424/416
f 389/426/418 391/428/420 406/443/435
f 406/443/435 405/442/434 389/426/418
f 393/430/422 406/443/435 391/428/420
f 393/430/422 395/432/424 407/444/436
f 395/432/424 397/434/426 408/445/437
f 408/445/437 407/444/436 395/432/424
f 397/434/426 377/414/406 399/436/428
f 399/436/428 408/445/437 397/434/426
f 399/436/428 398/435/427 409/446/438
f 409/446/438 410/447/439 399/436/428
f 398/435/427 400/437/429 411/448/440
f 411/448/440 409/446/438 398/435/427
f 400/437/429 401/438/430 412/449/441
f 412/449/441 411/448/440 400/437/429
f 401/438/430 402/439/431 413/450/442
f 413/450/442 412/449/441 401/438/430
f 403/440/432 413/450/442 402/439/431
f 403/440/432 404/441/433 414/451/443
f 404/441/433 405/442/434 415/452/444
f 415/452/444 414/451/443 404/441/433
f 405/442/434 406/443/435 416/453/445
f 416/453/445 415/452/444 405/442/434
f 406/443/435 393/430/422 417/454/446
f 417/454/446 416/453/445 406/443/435
f 393/430/422 407/444/436 418/455/447
f 418/455/447 417/454/446 393/430/422
f 407/444/436 408/445/437 419/456/448
f 419/456/448 418/455/447 407/444/436
f 408/445/437 399/436/428 410/447/439
f 410/447/439 419/456/448 408/445/437
f 411/448/440 412/449/441 420/457/449
f 412/449/441 413/450/442 420/457/449
f 413/450/442 403/440/432 421/458/450
f 421/458/450 420/457/449 413/450/442
f 403/440/432 414/451/443 421/458/450
f 415/452/444 421/458/450 414/451/443
f 415/452/444 416/453/445 422/459/451
f 416/453/445 417/454/446 422/459/451
f 418/455/447 422/459/451 417/454/446
f 410/447/439 409/446/438 423/460/452
f 409/446/438 411/448/440 424/461/453
f 424/461/453 423/460/452 409/446/438
f 411/448/440 420/457/449 424/461/453
f 425/462/454 424/461/453 420/457/449
f 420/457/449 421/458/450 425/462/454
f 421/458/450 415/452/444 425/462/454
f 415/452/444 422/459/451 426/463/455
f 426/463/455 425/462/454 415/452/444
f 422/459/451 418/455/447 427/464/456
f 427/464/456 426/463/455 422/459/451
f 418/455/447 419/456/448 427/464/456
f 419/456/448 410/447/439 423/460/452
f 423/460/452 427/464/456 419/456/448
f 425/462/454 426/463/455 424/461/453
f 426/463/455 427/464/456 424/461/453
f 427/464/456 423/460/452 424/461/453
f 428/465/457 429/466/458 430/467/459
f 430/467/459 431/468/460 428/465/457
f 431/468/460 430/467/459 432/469/461
f 432/469/461 433/470/462 431/468/460
f 433/470/462 432/469/461 434/471/463
f 434/471/463 435/472/464 433/470/462
f 435/472/464 434/471/463 436/473/465
f 436/473/465 437/474/466 435/472/464
f 437/474/466 436/473/465 438/475/467
f 438/475/467 439/476/468 437/474/466
f 439/476/468 438/475/467 440/477/469
f 440/477/469 441/478/470 439/476/468
f 441/478/470 440/477/469 442/479/471
f 442/479/471 443/480/472 441/478/470
f 443/480/472 442/479/471 444/481/473
f 444/481/473 445/482/474 443/480/472
f 445/482/474 444/481/473 446/483/475
f 446/483/475 447/484/476 445/482/474
f 447/484/476 446/483/475 448/485/477
f 448/485/477 449/486/478 447/484/476
f 449/486/478 448/485/477 450/487/479
f 450/487/479 451/488/480 449/486/478
f 451/488/480 450/487/479 429/466/458
f 429/466/458 428/465/457 451/488/480
f 429/466/458 452/489/481 453/490/482
f 453/490/482 430/467/459 429/466/458
f 430/467/459 453/490/482 454/491/483
f 454/491/483 432/469/461 430/467/459
f 432/469/461 454/491/483 455/492/484
f 455/492/484 434/471/463 432/469/461
f 434/471/463 455/492/484 456/493/485
f 456/493/485 436/473/465 434/471/463
f 436/473/465 456/493/485 457/494/486
f 457/494/486 438/475/467 436/473/465
f 438/475/467 457/494/486 458/495/487
f 458/495/487 440/477/469 438/475/467
f 440/477/469 458/495/487 459/496/488
f 459/496/488 442/479/471 440/477/469
f 442/479/471 459/496/488 460/497/489
f 460/497/489 444/481/473 442/479/471
f 444/481/473 460/497/489 446/483/475
f 461/498/490 448/485/477 446/483/475
f 448/485/477 461/498/490 462/499/491
f 462/499/491 450/487/479 448/485/477
f 450/487/479 462/499/491 452/489/481
f 452/489/481 429/466/458 450/487/479
f 463/500/492 454/491/483 453/490/482
f 454/491/483 463/500/492 455/492/484
f 464/501/493 457/494/486 456/493/485
f 457/494/486 464/501/493 458/495/487
f 465/502/494 459/496/488 458/495/487
f 459/496/488 465/502/494 466/503/495
f 466/503/495 460/497/489 459/496/488
f 460/497/489 466/503/495 467/504/496
f 467/504/496 446/483/475 460/497/489
f 446/483/475 467/504/496 468/505/497
f 468/505/497 461/498/490 446/483/475
f 461/498/490 468/505/497 469/506/498
f 469/506/498 462/499/491 461/498/490
f 462/499/491 469/506/498 452/489/481
f 470/507/499 453/490/482 452/489/481
f 453/490/482 470/507/499 463/500/492
f 471/508/500 455/492/484 463/500/492
f 471/508/500 456/493/485 455/492/484
f 456/493/485 471/508/500 464/501/493
f 458/495/487 464/501/493 465/502/494
f 472/509/501 466/503/495 465/502/494
f 466/503/495 472/509/501 473/510/502
f 473/510/502 467/504/496 466/503/495
f 473/510/502 468/505/497 467/504/496
f 468/505/497 473/510/502 469/506/498
f 470/507/499 452/489/481 469/506/498
f 470/507/499 474/511/503 475/512/504
f 475/512/504 463/500/492 470/507/499
f 475/512/504 471/508/500 463/500/492
f 471/508/500 475/512/504 476/513/505
f 476/513/505 464/501/493 471/508/500
f 476/513/505 465/502/494 464/501/493
f 465/502/494 476/513/505 477/514/506
f 477/514/506 472/509/501 465/502/494
f 477/514/506 473/510/502 472/509/501
f 477/514/506 469/506/498 473/510/502
f 469/506/498 477/514/506 474/511/503
f 474/511/503 470/507/499 469/506/498
f 475/512/504 474/511/503 476/513/505
f 476/513/505 474/511/503 477/514/506
f 225/192/228 224/191/227 226/223/257
f 279/291/305 278/264/281 277/263/280
f 478/515/507 479/516/508 480/517/509
f 481/518/510 482/519/511 483/520/512
f 483/520/512 484/521/513 481/518/510
f 485/522/514 481/518/510 484/521/513
f 484/521/513 486/523/515 485/522/514
f 487/524/516 488/525/517 489/526/518
f 489/526/518 490/527/519 487/524/516
f 489/526/518 488/525/517 491/528/520
f 489/526/518 492/529/521 493/530/522
f 493/530/522 490/527/519 489/526/518
f 491/528/520 494/531/523 492/529/521
f 492/529/521 489/526/518 491/528/520
f 495/532/524 496/533/525 497/534/526
f 497/534/526 498/535/527 495/532/524
f 497/534/526 496/533/525 491/528/520
f 491/528/520 499/536/528 497/534/526
f 500/537/529 497/534/526 499/536/528
f 502/538/530 498/535/527 497/534/526
f 497/534/526 500/537/529 502/538/530
f 500/537/529 501/539/531 502/538/530
f 494/531/523 491/528/520 496/533/525
f 496/533/525 503/540/532 494/531/523
f 495/532/524 504/541/533 503/540/532
f 503/540/532 496/533/525 495/532/524
f 493/530/522 481/518/510 485/522/514
f 485/522/514 490/527/519 493/530/522
f 505/542/534 482/519/511 481/518/510
f 481/518/510 493/530/522 505/542/534
f 505/542/534 493/530/522 492/529/521
f 492/529/521 506/543/535 505/542/534
f 494/531/523 507/544/536 506/543/535
f 506/543/535 492/529/521 494/531/523
f 507/544/536 503/540/532 504/541/533
f 504/541/533 508/545/537 507/544/536
f 503/540/532 507/544/536 494/531/523
f 509/546/538 483/520/512 482/519/511
f 482/519/511 510/547/539 509/546/538
f 510/547/539 482/519/511 505/542/534
f 505/542/534 511/548/540 510/547/539
f 511/548/540 505/542/534 506/543/535
f 506/543/535 512/549/541 511/548/540
f 507/544/536 508/545/537 513/550/542
f 513/550/542 512/549/541 507/544/536
f 507/544/536 512/549/541 506/543/535
f 514/551/543 515/552/544 516/553/545
f 516/553/545 515/552/544 509/546/538
f 509/546/538 510/547/539 516/553/545
f 517/554/546 518/555/547 515/552/544
f 515/552/544 519/556/548 517/554/546
f 515/552/544 514/551/543 519/556/548
f 517/554/546 520/557/549 521/558/550
f 521/558/550 518/555/547 517/554/546
f 520/557/549 522/559/551 523/560/552
f 522/559/551 524/561/553 523/560/552
f 524/561/553 525/562/554 526/563/555
f 527/564/556 526/563/555 525/562/554
f 527/564/556 528/565/557 529/566/558
f 529/566/558 528/565/557 530/567/559
f 531/568/560 532/569/561 533/570/562
f 533/570/562 530/567/559 531/568/560
f 535/571/563 536/572/564 537/573/565
f 537/573/565 534/574/566 535/571/563
f 501/539/531 538/575/567 539/576/568
f 539/576/568 502/538/530 501/539/531
f 538/575/567 540/577/569 541/578/570
f 541/578/570 542/579/571 538/575/567
f 543/580/572 541/578/570 540/577/569
f 543/580/572 544/581/573 541/578/570
f 545/582/574 546/583/575 544/581/573
f 547/584/576 546/583/575 545/582/574
f 545/582/574 548/585/577 547/584/576
f 549/586/578 544/581/573 546/583/575
f 546/583/575 547/584/576 549/586/578
f 542/579/571 541/578/570 544/581/573
f 544/581/573 549/586/578 542/579/571
f 479/516/508 478/515/507 490/527/519
f 490/527/519 485/522/514 479/516/508
f 486/523/515 479/516/508 485/522/514
f 520/557/549 550/587/579 522/559/551
f 517/554/546 550/587/579 520/557/549
f 519/556/548 551/588/580 550/587/579
f 550/587/579 517/554/546 519/556/548
f 552/589/581 522/559/551 550/587/579
f 550/587/579 551/588/580 552/589/581
f 553/590/582 524/561/553 522/559/551
f 525/562/554 524/561/553 553/590/582
f 553/590/582 554/591/583 525/562/554
f 554/591/583 553/590/582 555/592/584
f 522/559/551 552/589/581 555/592/584
f 555/592/584 553/590/582 522/559/551
f 547/584/576 556/593/585 557/594/586
f 557/594/586 549/586/578 547/584/576
f 557/594/586 556/593/585 558/595/587
f 558/595/587 559/596/588 557/594/586
f 549/586/578 557/594/586 560/597/589
f 560/597/589 542/579/571 549/586/578
f 557/594/586 559/596/588 560/597/589
f 561/598/590 539/576/568 538/575/567
f 538/575/567 542/579/571 561/598/590
f 562/599/591 561/598/590 560/597/589
f 542/579/571 560/597/589 561/598/590
f 498/535/527 502/538/530 539/576/568
f 539/576/568 561/598/590 498/535/527
f 561/598/590 562/599/591 563/600/592
f 563/600/592 498/535/527 561/598/590
f 498/535/527 563/600/592 504/541/533
f 504/541/533 495/532/524 498/535/527
f 563/600/592 564/601/593 508/545/537
f 508/545/537 504/541/533 563/600/592
f 562/599/591 564/601/593 563/600/592
f 513/550/542 508/545/537 564/601/593
f 564/601/593 562/599/591 565/602/594
f 559/596/588 566/603/595 565/602/594
f 565/602/594 560/597/589 559/596/588
f 565/602/594 562/599/591 560/597/589
f 564/601/593 567/604/596 513/550/542
f 568/605/597 569/606/598 570/607/599
f 568/605/597 571/608/600 512/549/541
f 512/549/541 513/550/542 568/605/597
f 568/605/597 513/550/542 567/604/596
f 572/609/601 573/610/602 574/611/603
f 574/611/603 571/608/600 572/609/601
f 574/611/603 575/612/604 571/608/600
f 571/608/600 575/612/604 512/549/541
f 575/612/604 511/548/540 512/549/541
f 511/548/540 575/612/604 574/611/603
f 574/611/603 510/547/539 511/548/540
f 510/547/539 574/611/603 516/553/545
f 576/613/605 514/551/543 516/553/545
f 576/613/605 516/553/545 574/611/603
f 573/610/602 577/614/606 576/613/605
f 576/613/605 574/611/603 573/610/602
f 576/613/605 519/556/548 514/551/543
f 576/613/605 551/588/580 519/556/548
f 578/615/607 579/616/608 580/617/609
f 580/617/609 581/618/610 582/619/611
f 582/619/611 578/615/607 580/617/609
f 584/620/612 585/621/613 583/622/614
f 585/621/613 584/620/612 586/623/615
f 586/623/615 587/624/616 585/621/613
f 586/623/615 588/625/617 587/624/616
f 588/625/617 589/626/618 590/627/619
f 590/627/619 591/628/620 588/625/617
f 573/610/602 572/609/601 592/629/621
f 593/630/622 592/629/621 572/609/601
f 572/609/601 568/605/597 593/630/622
f 572/609/601 571/608/600 568/605/597
f 594/631/623 595/632/624 589/626/618
f 594/631/623 573/610/602 592/629/621
f 596/633/625 597/634/626 551/588/580
f 551/588/580 577/614/606 596/633/625
f 551/588/580 597/634/626 552/589/581
f 551/588/580 576/613/605 577/614/606
f 598/635/627 555/592/584 552/589/581
f 552/589/581 597/634/626 598/635/627
f 597/634/626 596/633/625 599/636/628
f 599/636/628 598/635/627 597/634/626
f 600/637/629 599/636/628 601/638/630
f 601/638/630 602/639/631 600/637/629
f 603/640/632 604/641/633 601/638/630
f 601/638/630 605/642/634 603/640/632
f 605/642/634 606/643/635 607/644/636
f 607/644/636 608/645/637 605/642/634
f 609/646/638 610/647/639 611/648/640
f 611/648/640 612/649/641 609/646/638
f 612/649/641 611/648/640 566/603/595
f 567/604/596 565/602/594 566/603/595
f 565/602/594 567/604/596 564/601/593
f 612/649/641 559/596/588 558/595/587
f 559/596/588 612/649/641 566/603/595
f 609/646/638 613/650/642 610/647/639
f 583/622/614 582/619/611 614/651/643
f 607/644/636 606/643/635 610/647/639
f 610/647/639 613/650/642 607/644/636
f 603/640/632 605/642/634 608/645/637
f 602/639/631 601/638/630 604/641/633
f 598/635/627 599/636/628 600/637/629
f 615/652/644 616/653/645 602/639/631
f 602/639/631 604/641/633 615/652/644
f 615/652/644 617/654/646 616/653/645
f 617/654/646 619/655/647 618/656/648
f 603/640/632 620/657/649 615/652/644
f 615/652/644 604/641/633 603/640/632
f 620/657/649 603/640/632 608/645/637
f 608/645/637 621/658/650 620/657/649
f 622/659/651 558/595/587 556/593/585
f 622/659/651 556/593/585 623/660/652
f 623/660/652 613/650/642 622/659/651
f 621/658/650 608/645/637 607/644/636
f 609/646/638 622/659/651 613/650/642
f 609/646/638 612/649/641 558/595/587
f 558/595/587 622/659/651 609/646/638
f 548/585/577 623/660/652 556/593/585
f 556/593/585 547/584/576 548/585/577
f 548/585/577 624/661/653 623/660/652
f 613/650/642 625/662/654 607/644/636
f 626/663/655 621/658/650 607/644/636
f 625/662/654 626/663/655 607/644/636
f 619/655/647 615/652/644 620/657/649
f 619/655/647 620/657/649 621/658/650
f 621/658/650 626/663/655 619/655/647
f 627/664/656 618/656/648 619/655/647
f 628/665/657 627/664/656 626/663/655
f 627/664/656 619/655/647 626/663/655
f 628/665/657 626/663/655 625/662/654
f 625/662/654 629/666/658 628/665/657
f 630/667/659 631/668/660 625/662/654
f 625/662/654 631/668/660 629/666/658
f 623/660/652 624/661/653 630/667/659
f 630/667/659 625/662/654 623/660/652
f 632/669/661 624/661/653 548/585/577
f 633/670/662 632/669/661 548/585/577
f 634/671/663 624/661/653 632/669/661
f 624/661/653 634/671/663 635/672/664
f 635/672/664 630/667/659 624/661/653
f 632/669/661 633/670/662 634/671/663
f 636/673/665 631/668/660 630/667/659
f 630/667/659 635/672/664 636/673/665
f 637/674/666 629/666/658 631/668/660
f 638/675/667 628/665/657 629/666/658
f 629/666/658 637/674/666 638/675/667
f 639/676/668 628/665/657 640/677/669
f 641/678/670 627/664/656 639/676/668
f 628/665/657 639/676/668 627/664/656
f 627/664/656 641/678/670 642/679/671
f 644/680/672 642/679/671 643/681/673
f 642/679/671 618/656/648 627/664/656
f 642/679/671 644/680/672 618/656/648
f 568/605/597 567/604/596 569/606/598
f 580/617/609 569/606/598 567/604/596
f 567/604/596 566/603/595 580/617/609
f 566/603/595 611/648/640 581/618/610
f 581/618/610 580/617/609 566/603/595
f 614/651/643 581/618/610 611/648/640
f 611/648/640 610/647/639 614/651/643
f 610/647/639 606/643/635 583/622/614
f 583/622/614 614/651/643 610/647/639
f 584/620/612 583/622/614 606/643/635
f 606/643/635 605/642/634 584/620/612
f 586/623/615 584/620/612 605/642/634
f 605/642/634 601/638/630 586/623/615
f 599/636/628 588/625/617 586/623/615
f 586/623/615 601/638/630 599/636/628
f 596/633/625 589/626/618 588/625/617
f 588/625/617 599/636/628 596/633/625
f 577/614/606 594/631/623 589/626/618
f 589/626/618 596/633/625 577/614/606
f 594/631/623 577/614/606 573/610/602
f 645/682/674 646/683/675 644/680/672
f 647/684/676 617/654/646 646/683/675
f 617/654/646 647/684/676 648/685/677
f 617/654/646 618/656/648 646/683/675
f 618/656/648 644/680/672 646/683/675
f 648/685/677 649/686/678 650/687/679
f 651/688/680 650/687/679 649/686/678
f 651/688/680 652/689/681 650/687/679
f 652/689/681 653/690/682 650/687/679
f 535/571/563 655/691/683 536/572/564
f 531/568/560 656/692/684 534/574/566
f 534/574/566 532/569/561 531/568/560
f 530/567/559 656/692/684 531/568/560
f 525/562/554 528/565/557 527/564/556
f 554/591/583 528/565/557 525/562/554
f 657/693/685 528/565/557 554/591/583
f 530/567/559 528/565/557 657/693/685
f 617/654/646 648/685/677 650/687/679
f 650/687/679 658/694/686 617/654/646
f 658/694/686 655/691/683 535/571/563
f 535/571/563 657/693/685 658/694/686
f 657/693/685 656/692/684 530/567/559
f 657/693/685 534/574/566 656/692/684
f 534/574/566 657/693/685 535/571/563
f 655/691/683 658/694/686 654/695/687
f 617/654/646 659/696/688 616/653/645
f 659/696/688 658/694/686 657/693/685
f 657/693/685 660/697/689 659/696/688
f 554/591/583 555/592/584 660/697/689
f 554/591/583 660/697/689 657/693/685
f 600/637/629 659/696/688 660/697/689
f 660/697/689 598/635/627 600/637/629
f 600/637/629 602/639/631 616/653/645
f 616/653/645 659/696/688 600/637/629
f 598/635/627 660/697/689 555/592/584
f 658/694/686 659/696/688 617/654/646
f 619/655/647 617/654/646 615/652/644
f 613/650/642 623/660/652 625/662/654
f 661/698/690 662/699/691 480/517/509
f 478/515/507 480/517/509 662/699/691
f 480/517/509 479/516/508 661/698/690
f 484/521/513 483/520/512 663/700/692
f 663/700/692 664/701/693 484/521/513
f 486/523/515 484/521/513 664/701/693
f 487/524/516 490/527/519 666/702/694
f 491/528/520 488/525/517 667/703/695
f 667/703/695 665/704/696 491/528/520
f 488/525/517 487/524/516 666/702/694
f 666/702/694 667/703/695 488/525/517
f 499/536/528 491/528/520 665/704/696
f 665/704/696 668/705/697 499/536/528
f 500/537/529 499/536/528 668/705/697
f 668/705/697 669/706/698 500/537/529
f 483/520/512 509/546/538 670/707/699
f 670/707/699 663/700/692 483/520/512
f 509/546/538 515/552/544 670/707/699
f 515/552/544 518/555/547 671/708/700
f 671/708/700 670/707/699 515/552/544
f 518/555/547 521/558/550 672/709/701
f 672/709/701 671/708/700 518/555/547
f 521/558/550 520/557/549 673/710/702
f 673/710/702 672/709/701 521/558/550
f 520/557/549 523/560/552 674/711/703
f 674/711/703 673/710/702 520/557/549
f 523/560/552 524/561/553 675/712/704
f 675/712/704 674/711/703 523/560/552
f 676/713/705 675/712/704 524/561/553
f 524/561/553 526/563/555 676/713/705
f 526/563/555 527/564/556 677/714/706
f 677/714/706 676/713/705 526/563/555
f 527/564/556 529/566/558 677/714/706
f 529/566/558 530/567/559 678/715/707
f 678/715/707 677/714/706 529/566/558
f 530/567/559 533/570/562 679/716/708
f 679/716/708 678/715/707 530/567/559
f 533/570/562 532/569/561 679/716/708
f 532/569/561 534/574/566 680/717/709
f 680/717/709 679/716/708 532/569/561
f 537/573/565 536/572/564 682/718/710
f 682/718/710 681/719/711 537/573/565
f 534/574/566 537/573/565 681/719/711
f 681/719/711 680/717/709 534/574/566
f 501/539/531 669/706/698 538/575/567
f 543/580/572 540/577/569 683/720/712
f 544/581/573 543/580/572 684/721/713
f 684/721/713 685/722/714 544/581/573
f 545/582/574 544/581/573 685/722/714
f 685/722/714 686/723/715 545/582/574
f 548/585/577 545/582/574 686/723/715
f 686/723/715 687/724/716 548/585/577
f 490/527/519 478/515/507 662/699/691
f 662/699/691 666/702/694 490/527/519
f 664/701/693 661/698/690 479/516/508
f 479/516/508 486/523/515 664/701/693
f 687/724/716 688/725/717 548/585/577
f 633/670/662 548/585/577 688/725/717
f 635/672/664 634/671/663 689/726/718
f 689/726/718 690/727/719 635/672/664
f 634/671/663 633/670/662 688/725/717
f 688/725/717 689/726/718 634/671/663
f 631/668/660 636/673/665 690/727/719
f 690/727/719 691/728/720 631/668/660
f 636/673/665 635/672/664 690/727/719
f 637/674/666 631/668/660 691/728/720
f 691/728/720 692/729/721 637/674/666
f 628/665/657 638/675/667 692/729/721
f 692/729/721 693/730/722 628/665/657
f 638/675/667 637/674/666 692/729/721
f 640/677/669 628/665/657 693/730/722
f 693/730/722 694/731/723 640/677/669
f 639/676/668 640/677/669 694/731/723
f 694/731/723 695/732/724 639/676/668
f 641/678/670 639/676/668 695/732/724
f 695/732/724 696/733/725 641/678/670
f 642/679/671 641/678/670 696/733/725
f 696/733/725 697/734/726 642/679/671
f 644/680/672 643/681/673 698/735/727
f 698/735/727 699/736/728 644/680/672
f 643/681/673 642/679/671 697/734/726
f 697/734/726 698/735/727 643/681/673
f 645/682/674 644/680/672 699/736/728
f 699/736/728 700/737/729 645/682/674
f 646/683/675 645/682/674 700/737/729
f 700/737/729 701/738/730 646/683/675
f 647/684/676 646/683/675 701/738/730
f 701/738/730 702/739/731 647/684/676
f 648/685/677 647/684/676 702/739/731
f 702/739/731 703/740/732 648/685/677
f 649/686/678 648/685/677 703/740/732
f 703/740/732 704/741/733 649/686/678
f 651/688/680 649/686/678 704/741/733
f 652/689/681 651/688/680 704/741/733
f 653/690/682 652/689/681 704/741/733
f 704/741/733 705/742/734 653/690/682
f 654/695/687 653/690/682 705/742/734
f 705/742/734 706/743/735 654/695/687
f 655/691/683 654/695/687 706/743/735
f 706/743/735 707/744/736 655/691/683
f 536/572/564 655/691/683 707/744/736
f 707/744/736 682/718/710 536/572/564
f 650/687/679 653/690/682 658/694/686
f 658/694/686 653/690/682 654/695/687
f 501/539/531 500/537/529 669/706/698
f 543/580/572 683/720/712 684/721/713
f 538/575/567 669/706/698 683/720/712
f 683/720/712 540/577/569 538/575/567
f 708/745/737 709/746/738 710/747/739
f 710/747/739 711/748/740 708/745/737
f 710/747/739 585/749/613 712/750/741
f 712/750/741 711/748/740 710/747/739
f 585/749/613 587/751/616 712/750/741
f 713/752/742 712/750/741 591/753/620
f 591/753/620 714/754/743 713/752/742
f 715/755/744 716/756/745 717/757/746
f 716/756/745 715/755/744 713/752/742
f 713/752/742 714/754/743 716/756/745
f 713/752/742 715/755/744 708/745/737
f 708/745/737 711/748/740 713/752/742
f 710/747/739 709/746/738 718/758/747
f 718/758/747 719/759/748 710/747/739
f 719/759/748 718/758/747 720/760/749
f 719/759/748 720/760/749 721/761/750
f 719/759/748 583/762/614 710/747/739
f 719/759/748 582/763/611 583/762/614
f 582/764/611 719/765/748 578/766/607
f 719/765/748 722/767/751 578/766/607
f 719/765/748 721/768/750 722/767/751
f 579/769/608 578/766/607 722/767/751
f 722/767/751 723/770/752 579/769/608
f 723/770/752 724/771/753 579/769/608
f 570/772/599 724/771/753 725/773/754
f 722/767/751 726/774/755 723/770/752
f 726/774/755 722/767/751 727/775/756
f 727/775/756 728/776/757 726/774/755
f 726/774/755 728/776/757 729/777/758
f 712/750/741 587/751/616 591/753/620
f 591/753/620 590/778/619 714/754/743
f 730/779/759 714/754/743 590/778/619
f 594/780/623 731/781/760 732/782/761
f 732/782/761 595/783/624 594/780/623
f 582/619/611 581/618/610 614/651/643
f 580/617/609 579/616/608 570/607/599
f 570/607/599 569/606/598 580/617/609
f 568/605/597 570/607/599 593/630/622
f 588/625/617 591/628/620 587/624/616
f 589/626/618 595/632/624 590/627/619
f 713/752/742 711/748/740 712/750/741
f 731/781/760 594/780/623 592/784/621
f 592/784/621 733/785/762 731/781/760
f 593/786/622 734/787/763 592/784/621
f 716/756/745 714/754/743 730/779/759
f 730/779/759 735/788/764 716/756/745
f 735/788/764 717/757/746 716/756/745
f 730/779/759 736/789/765 735/788/764
f 736/789/765 737/790/766 738/791/767
f 738/791/767 735/788/764 736/789/765
f 738/791/767 737/790/766 739/792/768
f 708/745/737 735/788/764 740/793/769
f 708/745/737 717/757/746 735/788/764
f 741/794/770 740/793/769 738/791/767
f 742/795/771 740/793/769 741/794/770
f 708/745/737 743/796/772 709/746/738
f 743/796/772 718/758/747 709/746/738
f 742/795/771 743/796/772 708/745/737
f 708/745/737 740/793/769 742/795/771
f 743/796/772 744/797/773 745/798/774
f 743/796/772 742/795/771 744/797/773
f 745/798/774 718/758/747 743/796/772
f 720/760/749 718/758/747 727/799/756
f 721/768/750 746/800/775 722/767/751
f 746/801/775 721/761/750 720/760/749
f 727/799/756 746/801/775 720/760/749
f 722/767/751 746/800/775 727/775/756
f 715/755/744 717/757/746 708/745/737
f 740/793/769 735/788/764 738/791/767
f 737/790/766 736/789/765 747/802/776
f 733/785/762 748/803/777 747/802/776
f 733/785/762 723/770/752 749/804/778
f 749/804/778 748/803/777 733/785/762
f 726/774/755 749/804/778 723/770/752
f 750/805/779 748/803/777 749/804/778
f 747/802/776 751/806/780 739/792/768
f 739/792/768 737/790/766 747/802/776
f 751/806/780 747/802/776 748/803/777
f 592/784/621 734/787/763 733/785/762
f 752/807/781 734/787/763 593/786/622
f 593/786/622 753/808/782 752/807/781
f 725/773/754 753/808/782 593/786/622
f 752/807/781 724/771/753 723/770/752
f 752/807/781 723/770/752 733/785/762
f 733/785/762 734/787/763 752/807/781
f 753/808/782 725/773/754 724/771/753
f 753/808/782 754/809/783 752/807/781
f 725/773/754 593/786/622 570/772/599
f 579/769/608 724/771/753 570/772/599
f 724/771/753 752/807/781 754/809/783
f 724/771/753 754/809/783 753/808/782
f 730/779/759 595/783/624 732/782/761
f 732/782/761 755/810/784 730/779/759
f 756/811/785 755/810/784 732/782/761
f 731/781/760 757/812/786 756/811/785
f 756/811/785 732/782/761 731/781/760
f 733/785/762 747/802/776 731/781/760
f 755/810/784 757/812/786 731/781/760
f 755/810/784 731/781/760 747/802/776
f 747/802/776 736/789/765 755/810/784
f 755/810/784 736/789/765 730/779/759
f 758/813/787 759/814/788 755/810/784
f 757/812/786 755/810/784 759/814/788
f 758/813/787 755/810/784 756/811/785
f 758/813/787 756/811/785 760/815/789
f 756/811/785 757/812/786 760/815/789
f 759/814/788 760/815/789 757/812/786
f 759/814/788 758/813/787 760/815/789
f 595/783/624 730/779/759 590/778/619
f 762/816/790 763/817/791 761/818/792
f 762/816/790 761/819/792 764/820/793
f 762/821/790 764/820/793 763/817/791
f 765/822/794 761/818/792 763/817/791
f 763/817/791 728/776/757 765/822/794
f 745/798/774 744/797/773 766/823/795
f 727/799/756 718/758/747 745/798/774
f 745/798/774 766/823/795 727/799/756
f 727/799/756 766/823/795 728/824/757
f 766/823/795 767/825/796 765/826/794
f 765/826/794 728/824/757 766/823/795
f 768/827/797 769/828/798 729/777/758
f 729/777/758 728/776/757 768/827/797
f 769/828/798 768/827/797 770/829/799
f 770/829/799 771/830/800 769/828/798
f 771/830/800 770/829/799 767/825/796
f 767/825/796 766/823/795 771/830/800
f 770/829/799 764/820/793 767/825/796
f 761/819/792 765/826/794 767/825/796
f 768/827/797 764/820/793 770/829/799
f 761/819/792 767/825/796 764/820/793
f 768/827/797 763/817/791 764/820/793
f 763/817/791 768/827/797 728/776/757
f 772/831/801 751/806/780 748/803/777
f 748/803/777 773/832/802 772/831/801
f 774/833/803 772/831/801 773/832/802
f 751/806/780 772/831/801 775/834/804
f 775/834/804 739/792/768 751/806/780
f 776/835/805 775/834/804 772/831/801
f 772/831/801 777/836/806 776/835/805
f 739/792/768 778/837/807 744/797/773
f 744/797/773 742/795/771 739/792/768
f 778/837/807 739/792/768 775/834/804
f 775/834/804 779/838/808 778/837/807
f 775/834/804 776/835/805 777/836/806
f 777/836/806 779/838/808 775/834/804
f 777/836/806 772/831/801 779/838/808
f 778/837/807 779/838/808 780/839/809
f 778/837/807 780/839/809 771/830/800
f 744/797/773 778/837/807 771/830/800
f 771/830/800 766/823/795 744/797/773
f 773/832/802 748/803/777 750/805/779
f 742/795/771 741/794/770 739/792/768
f 738/791/767 739/792/768 741/794/770
f 782/840/810 781/841/811 729/777/758
f 781/841/811 749/804/778 726/774/755
f 729/777/758 781/841/811 726/774/755
f 749/804/778 781/841/811 782/840/810
f 782/840/810 769/828/798 749/804/778
f 750/805/779 749/804/778 769/828/798
f 769/828/798 782/840/810 729/777/758
f 772/831/801 774/833/803 780/839/809
f 773/832/802 780/839/809 774/833/803
f 771/830/800 780/839/809 773/832/802
f 780/839/809 779/838/808 772/831/801
f 750/805/779 771/830/800 773/832/802
f 769/828/798 771/830/800 750/805/779
f 710/747/739 583/762/614 585/749/613
f 783/842/812 784/843/813 785/844/814
f 785/844/814 786/845/815 783/842/812
f 784/843/813 787/846/816 788/847/817
f 788/847/817 790/848/818 789/849/819
f 787/846/816 791/850/820 788/847/817
f 784/843/813 792/851/821 791/850/820
f 791/850/820 787/846/816 784/843/813
f 783/842/812 792/851/821 784/843/813
f 790/848/818 788/847/817 791/850/820
f 791/850/820 793/852/822 790/848/818
f 792/851/821 794/853/823 793/852/822
f 793/852/822 791/850/820 792/851/821
f 792/851/821 795/854/824 794/853/823
f 796/855/825 795/854/824 792/851/821
f 792/851/821 783/842/812 796/855/825
f 783/842/812 786/845/815 797/856/826
f 797/856/826 798/857/827 783/842/812
f 796/855/825 783/842/812 798/857/827
f 799/858/828 801/859/829 785/860/814
f 785/860/814 784/861/813 799/858/828
f 800/862/830 802/863/831 801/859/829
f 801/859/829 799/858/828 800/862/830
f 802/863/831 800/862/830 797/864/826
f 803/865/832 797/856/826 786/845/815
f 804/866/833 786/845/815 785/844/814
f 797/864/826 803/867/832 802/863/831
f 786/845/815 804/866/833 802/868/831
f 786/845/815 802/868/831 803/865/832
f 785/860/814 801/859/829 804/869/833
f 801/859/829 802/863/831 804/869/833
f 789/870/819 799/858/828 784/861/813
f 789/849/819 784/843/813 788/847/817
f 799/858/828 789/870/819 805/871/834
f 805/871/834 800/862/830 799/858/828
f 800/862/830 805/871/834 798/872/827
f 798/872/827 797/864/826 800/862/830
f 74/70/77 59/52/59 73/61/68
f 173/157/165 153/147/155 162/164/172
