# Blender 4.4.0
# www.blender.org
mtllib CuerpoPanico.mtl
o panic_geo
v -0.039359 5.159573 0.558303
v -0.039359 5.136487 0.498745
v 0.032325 5.153491 0.479205
v 0.021057 5.187392 0.538422
v 0.122562 5.180130 0.450025
v 0.119483 5.242633 0.510468
v 0.239179 5.236271 0.403260
v 0.240336 5.363646 0.469145
v 0.370527 5.117504 0.368672
v 0.417870 5.160186 0.427325
v 0.500663 4.991162 0.318194
v 0.550441 5.009926 0.376921
v 0.616081 4.912533 0.349792
v 0.556726 4.914275 0.279789
v 0.600461 4.795198 0.213013
v 0.653057 4.782578 0.300714
v 0.523262 4.912736 0.183535
v 0.539048 4.806586 0.109845
v 0.458566 4.994880 0.237178
v 0.105525 5.146820 0.337402
v 0.224755 5.163062 0.309554
v 0.095696 5.113744 0.233746
v -0.039359 5.101985 0.256083
v -0.039359 5.129238 0.372770
v 0.213546 5.110855 0.212171
v 0.356931 5.079873 0.275733
v 0.338817 5.082075 0.175637
v 0.097871 5.054469 0.122342
v -0.039359 5.047069 0.139010
v 0.210256 5.049710 0.106190
v 0.104343 4.918496 -0.014583
v -0.039359 4.918293 -0.001489
v 0.233044 4.919999 -0.013797
v 0.107957 4.766578 -0.097783
v 0.331772 4.729600 -0.131360
v -0.039359 4.767825 -0.094331
v -0.039359 4.622203 -0.155518
v 0.118295 4.622441 -0.159536
v -0.039359 4.460832 -0.144821
v 0.144746 4.456283 -0.137026
v 0.215112 4.295080 -0.087871
v 0.270021 4.461192 -0.124719
v 0.498099 4.296105 0.065780
v 0.201856 4.121839 -0.011314
v 0.435689 4.123978 0.111794
v -0.039359 4.123625 -0.042752
v -0.039359 4.294636 -0.100175
v 0.648674 4.315300 0.230477
v 0.604662 4.133106 0.258974
v 0.471716 4.466467 -0.020985
v 0.559683 4.471418 0.088070
v 0.594120 4.639351 0.132338
v 0.672933 4.640868 0.248489
v 0.672228 4.484775 0.220965
v 0.464559 4.623731 -0.054422
v 0.532017 4.860894 0.041331
v 0.467136 4.727485 -0.088164
v 0.313021 4.622503 -0.136998
v 0.699742 4.639883 0.354657
v 0.701412 4.488417 0.334200
v 0.692834 4.337107 0.333943
v 0.684435 4.210284 0.339840
v 0.764773 4.116988 0.435264
v 0.720164 4.025624 0.413325
v 0.775626 3.960103 0.516872
v 0.826153 4.046930 0.544374
v 0.618267 3.829873 0.376800
v 0.509253 3.867203 0.275023
v 0.771919 3.913758 0.617867
v 0.821875 4.003152 0.652902
v 0.751640 3.881795 0.703383
v 0.794142 3.973400 0.754082
v 0.715431 3.857033 0.738375
v 0.756373 3.933379 0.784815
v 0.350902 3.872923 0.172538
v 0.271499 3.618690 0.163902
v 0.403760 3.618506 0.254747
v 0.217202 3.427027 0.140192
v 0.328089 3.427807 0.223622
v 0.167864 3.248627 0.115483
v 0.256349 3.240431 0.187824
v 0.209078 3.075463 0.149031
v 0.129333 3.103903 0.092242
v 0.144413 2.814825 0.092990
v 0.160481 2.794675 0.155840
v 0.246078 2.989390 0.220424
v 0.131030 2.658692 0.113884
v 0.125750 2.636578 0.162832
v 0.153419 2.766928 0.210093
v 0.115861 2.673962 0.059561
v 0.214349 2.890959 0.270953
v 0.295348 3.037312 0.290776
v 0.325912 3.234987 0.244901
v 0.371213 3.240126 0.305562
v 0.410354 3.426939 0.284789
v 0.466490 3.427787 0.356119
v 0.507250 3.618407 0.333723
v 0.569991 3.618533 0.414314
v 0.607239 3.618904 0.500308
v 0.512544 3.434252 0.436122
v 0.422938 3.247395 0.373548
v 0.357946 3.081820 0.337481
v 0.321005 3.002788 0.365653
v 0.388970 3.045060 0.403207
v 0.402415 3.113521 0.364505
v 0.275964 2.958193 0.326075
v 0.461558 3.263407 0.419665
v 0.356502 3.076096 0.400569
v 0.375766 3.117799 0.375725
v 0.431471 3.265085 0.436523
v 0.541932 3.445001 0.493488
v 0.508763 3.445177 0.518934
v 0.625391 3.619304 0.569413
v 0.591332 3.621801 0.605889
v 0.655414 3.745927 0.673472
v 0.692027 3.757183 0.637165
v 0.692422 3.773350 0.561382
v 0.676158 3.797385 0.468261
v 0.685525 3.836641 0.756962
v 0.721520 3.895922 0.796397
v 0.627341 3.735758 0.695094
v 0.566802 3.622464 0.629614
v 0.485211 3.446697 0.536331
v 0.409361 3.267690 0.447869
v 0.357491 3.126531 0.385392
v 0.338209 3.100055 0.403407
v -0.039359 5.163795 0.700439
v 0.021057 5.189514 0.676462
v 0.119483 5.293399 0.651955
v 0.240336 5.411962 0.626334
v 0.417222 5.187120 0.524108
v 0.570521 5.013791 0.436525
v 0.635478 4.904204 0.404871
v 0.671960 4.780541 0.377269
v 0.047494 3.122305 0.042749
v -0.039359 3.128456 0.021970
v -0.039359 2.842173 -0.007281
v 0.028343 2.838155 0.008535
v -0.039359 3.262584 0.025199
v 0.067621 3.257929 0.051252
v 0.092475 3.427850 0.061803
v -0.039359 3.428044 0.028920
v -0.039359 3.619240 0.031930
v 0.119785 3.619233 0.071851
v -0.039359 3.869845 0.019342
v 0.160139 3.872361 0.066822
v 0.019700 2.689468 -0.017603
v 0.072542 2.682743 0.017901
v 0.092361 2.826804 0.050371
v 0.097510 2.533097 0.023631
v 0.112776 2.522709 0.071845
v 0.108932 2.506228 0.117667
v 0.060077 2.538683 -0.018924
v 0.014938 2.540780 -0.049675
v -0.039359 2.691849 -0.033114
v -0.039359 2.541525 -0.065569
v 0.509758 4.942064 0.098556
v 0.440308 5.024496 0.142872
v -0.039359 5.159573 0.558303
v -0.099774 5.187395 0.538422
v -0.111042 5.153491 0.479205
v -0.039359 5.136487 0.498745
v -0.201279 5.180131 0.450025
v -0.198200 5.242633 0.510468
v -0.317896 5.236271 0.403260
v -0.319053 5.363646 0.469145
v -0.449244 5.117504 0.368672
v -0.496588 5.160186 0.427325
v -0.579381 4.991162 0.318194
v -0.629158 5.009926 0.376921
v -0.694799 4.912533 0.349798
v -0.635443 4.914275 0.279789
v -0.679178 4.795198 0.213018
v -0.731774 4.782578 0.300714
v -0.601979 4.912736 0.183535
v -0.617765 4.806586 0.109845
v -0.537283 4.994880 0.237178
v -0.184243 5.146820 0.337402
v -0.303472 5.163062 0.309554
v -0.174413 5.113744 0.233746
v -0.039359 5.101985 0.256083
v -0.039359 5.129238 0.372770
v -0.292263 5.110855 0.212171
v -0.435648 5.079873 0.275733
v -0.417534 5.082075 0.175637
v -0.176588 5.054469 0.122342
v -0.039359 5.047069 0.139010
v -0.288973 5.049710 0.106190
v -0.183060 4.918496 -0.014583
v -0.039359 4.918293 -0.001489
v -0.311760 4.919999 -0.013797
v -0.186674 4.766578 -0.097783
v -0.410490 4.729600 -0.131360
v -0.039359 4.767825 -0.094331
v -0.039359 4.622203 -0.155518
v -0.197012 4.622441 -0.159536
v -0.039359 4.460832 -0.144821
v -0.223463 4.456283 -0.137026
v -0.293829 4.295080 -0.087871
v -0.348738 4.461192 -0.124719
v -0.576816 4.296105 0.065780
v -0.280573 4.121839 -0.011314
v -0.514406 4.123978 0.111794
v -0.039359 4.123625 -0.042752
v -0.039359 4.294636 -0.100175
v -0.727391 4.315300 0.230477
v -0.683380 4.133106 0.258974
v -0.550433 4.466467 -0.020985
v -0.638400 4.471418 0.088070
v -0.672837 4.639351 0.132338
v -0.751650 4.640868 0.248489
v -0.750945 4.484775 0.220965
v -0.543276 4.623731 -0.054422
v -0.610734 4.860885 0.041331
v -0.545853 4.727485 -0.088166
v -0.391738 4.622503 -0.136998
v -0.778459 4.639883 0.354657
v -0.780129 4.488417 0.334200
v -0.771551 4.337107 0.333943
v -0.763152 4.210284 0.339840
v -0.843489 4.116988 0.435264
v -0.798881 4.025624 0.413325
v -0.854344 3.960103 0.516872
v -0.904870 4.046930 0.544374
v -0.696984 3.829873 0.376800
v -0.587971 3.867203 0.275023
v -0.850635 3.913758 0.617867
v -0.900591 4.003152 0.652902
v -0.830357 3.881795 0.703383
v -0.872859 3.973400 0.754082
v -0.794147 3.857033 0.738375
v -0.835090 3.933379 0.784815
v -0.429619 3.872923 0.172536
v -0.350216 3.618690 0.163902
v -0.482477 3.618506 0.254747
v -0.295919 3.427027 0.140192
v -0.406806 3.427807 0.223622
v -0.246581 3.248627 0.115483
v -0.335067 3.240431 0.187824
v -0.287795 3.075463 0.149031
v -0.208051 3.103903 0.092242
v -0.223131 2.814825 0.092990
v -0.239198 2.794675 0.155840
v -0.324796 2.989390 0.220424
v -0.209747 2.658692 0.113884
v -0.204467 2.636578 0.162832
v -0.232136 2.766928 0.210093
v -0.194578 2.673962 0.059561
v -0.293066 2.890959 0.270953
v -0.374065 3.037312 0.290776
v -0.404630 3.234987 0.244901
v -0.449930 3.240126 0.305562
v -0.489071 3.426939 0.284789
v -0.545208 3.427787 0.356119
v -0.585967 3.618407 0.333723
v -0.648708 3.618533 0.414314
v -0.685956 3.618904 0.500308
v -0.591261 3.434252 0.436122
v -0.501655 3.247395 0.373548
v -0.436663 3.081820 0.337481
v -0.399722 3.002788 0.365653
v -0.467687 3.045060 0.403207
v -0.481132 3.113521 0.364505
v -0.354681 2.958193 0.326075
v -0.540275 3.263407 0.419665
v -0.435219 3.076096 0.400569
v -0.454483 3.117799 0.375725
v -0.510189 3.265085 0.436523
v -0.620649 3.445001 0.493488
v -0.587480 3.445177 0.518934
v -0.704108 3.619304 0.569413
v -0.670049 3.621801 0.605889
v -0.734131 3.745927 0.673472
v -0.770744 3.757183 0.637165
v -0.771138 3.773350 0.561382
v -0.754875 3.797385 0.468261
v -0.764260 3.836634 0.756973
v -0.800237 3.895922 0.796397
v -0.706058 3.735758 0.695094
v -0.645526 3.622457 0.629619
v -0.563929 3.446695 0.536334
v -0.488077 3.267692 0.447866
v -0.436208 3.126531 0.385392
v -0.416926 3.100055 0.403407
v -0.039359 5.163795 0.700439
v -0.099774 5.189514 0.676462
v -0.198200 5.293399 0.651955
v -0.319053 5.411962 0.626334
v -0.495939 5.187120 0.524108
v -0.649238 5.013791 0.436525
v -0.714196 4.904204 0.404871
v -0.750677 4.780541 0.377269
v -0.126212 3.122305 0.042749
v -0.107061 2.838155 0.008535
v -0.039359 2.842173 -0.007281
v -0.039359 3.128456 0.021970
v -0.039359 3.262584 0.025199
v -0.146339 3.257929 0.051252
v -0.171192 3.427850 0.061803
v -0.039359 3.428044 0.028920
v -0.039359 3.619240 0.031930
v -0.198502 3.619233 0.071851
v -0.039359 3.869845 0.019342
v -0.238856 3.872361 0.066822
v -0.098417 2.689468 -0.017603
v -0.151259 2.682743 0.017901
v -0.171078 2.826804 0.050371
v -0.176227 2.533097 0.023631
v -0.191493 2.522709 0.071845
v -0.187649 2.506228 0.117667
v -0.138795 2.538683 -0.018924
v -0.093655 2.540780 -0.049675
v -0.039359 2.691849 -0.033114
v -0.039359 2.541525 -0.065569
v -0.588475 4.942064 0.098556
v -0.519025 5.024496 0.142872
v 0.369353 1.986778 -0.508316
v 0.397965 1.960699 -0.471101
v 0.268028 1.870656 -0.305959
v 0.235670 1.899539 -0.353659
v 0.240871 1.823896 -0.334916
v 0.370619 1.915823 -0.496207
v 0.243623 1.763554 -0.336475
v 0.367322 1.857574 -0.509760
v 0.130389 1.764495 -0.128342
v 0.071589 1.794762 -0.142323
v 0.144030 1.668194 -0.174494
v 0.112122 1.723347 -0.163421
v 0.497155 2.068743 -0.591305
v 0.453285 2.082013 -0.605413
v 0.569052 2.210822 -0.689194
v 0.520064 2.231554 -0.702861
v 0.556138 2.159008 -0.734132
v 0.479992 2.009676 -0.630152
v 0.581317 2.137008 -0.772601
v 0.530351 1.929931 -0.742937
v 0.471432 1.925452 -0.655834
v 0.515197 1.852844 -0.725104
v 0.457617 1.858326 -0.657917
v 0.606162 2.140734 -0.807738
v 0.580040 1.937383 -0.813211
v 0.628327 2.144836 -0.839103
v 0.624371 1.945587 -0.875940
v 0.621294 1.803385 -0.880503
v 0.565703 1.840870 -0.799784
v 0.542240 1.783040 -0.788272
v 0.603776 1.723806 -0.860180
v 0.664558 1.779607 -0.940700
v 0.658426 1.954523 -0.923714
v 0.658132 1.543635 -0.923636
v 0.480327 1.797797 -0.707501
v 0.645354 2.149305 -0.862990
v 0.427812 1.809790 -0.639833
v 0.348642 1.789298 -0.506181
v 0.245884 1.696743 -0.339039
v 0.158917 1.612686 -0.192478
v 0.628932 2.330467 -0.800314
v 0.642761 2.383692 -0.773999
v 0.586843 2.416839 -0.764464
v 0.664029 2.425494 -0.784258
v 0.609824 2.455582 -0.790920
v 0.652984 2.483197 -0.846220
v 0.677822 2.430987 -0.809851
v 0.690533 2.433018 -0.898315
v 0.716633 2.412423 -0.850572
v 0.706939 2.409058 -0.847702
v 0.899431 2.294741 -1.096988
v 0.874576 2.314373 -1.136349
v 1.058618 2.195729 -1.374381
v 1.082228 2.177059 -1.343404
v 1.254487 1.863099 -1.548293
v 1.252477 1.869044 -1.568743
v 1.377814 1.537942 -1.724952
v 1.021540 2.124689 -1.321397
v 1.192933 1.838863 -1.505688
v 1.338104 1.519989 -1.692708
v 0.858239 2.267635 -1.097135
v 1.434526 1.333681 -1.819974
v 0.338857 1.961704 -0.532522
v 0.369353 1.986778 -0.508316
v 0.235670 1.899539 -0.353659
v 0.209579 1.871576 -0.393155
v 0.363409 1.918482 -0.511298
v 0.229516 1.821510 -0.353733
v 0.233116 1.764098 -0.340578
v 0.360102 1.858516 -0.517975
v 0.071589 1.794762 -0.142323
v 0.045934 1.756438 -0.181055
v 0.089019 1.715707 -0.184122
v 0.129175 1.665431 -0.191646
v 0.473064 2.009949 -0.635375
v 0.461761 1.911785 -0.658356
v 0.438277 2.054614 -0.641235
v 0.505821 2.204637 -0.744037
v 0.520064 2.231554 -0.702861
v 0.453285 2.082013 -0.605413
v 0.549586 2.158904 -0.739589
v 0.245884 1.696743 -0.339039
v 0.158917 1.612686 -0.192478
v 0.348642 1.789298 -0.506181
v 0.605825 2.371630 -0.810169
v 0.586843 2.416839 -0.764464
v 0.601497 2.410841 -0.832252
v 0.609824 2.455582 -0.790920
v 0.652984 2.483197 -0.846220
v 0.632662 2.409118 -0.859049
v 0.653025 2.409137 -0.899717
v 0.690533 2.433018 -0.898315
v 0.659553 2.398899 -0.887778
v 0.844185 2.291737 -1.139540
v 0.842516 2.259529 -1.091857
v 1.035344 2.174338 -1.379363
v 0.874576 2.314373 -1.136349
v 1.058618 2.195729 -1.374381
v 1.225142 1.862284 -1.572322
v 1.242347 1.867473 -1.576550
v 1.252477 1.869044 -1.568743
v 1.355126 1.534216 -1.741943
v 1.377814 1.537942 -1.724952
v 1.193060 1.841812 -1.517370
v 1.007895 2.118664 -1.318445
v 1.335361 1.520514 -1.703733
v 1.434526 1.333681 -1.819974
v 0.828110 1.982738 -1.148027
v 0.832317 1.975936 -1.123204
v 0.929686 1.735694 -1.241414
v 0.926588 1.738834 -1.252958
v 0.855445 1.990942 -1.147882
v 0.939063 1.742308 -1.251759
v 0.746669 2.137824 -0.995208
v 0.727067 2.173793 -1.000786
v 0.757982 2.188434 -0.997134
v 1.003613 1.433812 -1.314411
v 0.626025 2.364848 -0.853545
v 0.661021 2.299713 -0.867212
v 0.666651 2.128123 -0.909272
v 0.635862 2.159090 -0.902538
v 0.645700 1.953330 -0.951531
v 0.652335 1.953917 -0.929638
v 0.639222 2.148760 -0.868798
v 0.672281 1.956533 -0.951332
v 0.658195 1.777556 -0.954294
v 0.671633 1.777201 -0.954346
v 0.658132 1.543635 -0.923636
v 0.661502 1.779251 -0.943588
v 0.626109 2.343603 -0.807958
v 0.601497 2.410841 -0.832252
v 0.605825 2.371630 -0.810169
v 0.632662 2.409118 -0.859049
v 0.659553 2.398899 -0.887778
v 0.685486 2.331489 -0.901856
v 0.842516 2.259529 -1.091857
v 0.825347 2.244581 -1.072349
v 1.007895 2.118664 -1.318445
v 0.990175 2.103237 -1.298309
v 1.193060 1.841812 -1.517370
v 1.161471 1.826261 -1.483293
v 1.293292 1.509686 -1.645741
v 1.335361 1.520514 -1.703733
v 1.434526 1.333681 -1.819974
v 0.864048 1.984455 -1.120598
v 0.861787 1.991070 -1.142471
v 0.942244 1.742329 -1.249054
v 0.944505 1.739399 -1.239133
v 0.839119 1.976333 -1.118297
v 0.933076 1.735863 -1.238934
v 0.769284 2.183474 -0.964738
v 0.753733 2.136265 -0.991048
v 0.764512 2.188811 -0.991927
v 1.003613 1.433812 -1.314411
v 0.670182 2.400276 -0.798697
v 0.718929 2.332477 -0.909634
v 0.668347 2.296195 -0.863801
v 0.681146 2.169921 -0.862906
v 0.673621 2.126710 -0.904966
v 0.678896 1.957224 -0.946131
v 0.687770 1.957350 -0.916933
v 0.645354 2.149305 -0.862990
v 0.658426 1.954523 -0.923714
v 0.679419 1.779335 -0.937487
v 0.664558 1.779607 -0.940700
v 0.658132 1.543635 -0.923636
v 0.674982 1.777472 -0.951824
v 0.628932 2.330467 -0.800314
v 0.664029 2.425494 -0.784258
v 0.642761 2.383692 -0.773999
v 0.677822 2.430987 -0.809851
v 0.706939 2.409058 -0.847702
v 0.858239 2.267635 -1.097135
v 0.831867 2.244758 -1.067158
v 1.021540 2.124689 -1.321397
v 0.996496 2.102964 -1.292931
v 1.192933 1.838863 -1.505688
v 1.158050 1.822234 -1.469324
v 1.293292 1.509686 -1.645741
v 1.338104 1.519989 -1.692708
v 1.434526 1.333681 -1.819974
v 0.892346 2.016395 -1.176054
v 0.999175 1.766902 -1.311213
v 0.942244 1.742329 -1.249054
v 0.861787 1.991070 -1.142471
v 0.779792 2.201475 -1.008719
v 0.764512 2.188811 -0.991927
v 1.003613 1.433812 -1.314411
v 1.046646 1.600128 -1.391382
v 1.083693 1.790176 -1.395898
v 1.145229 1.656744 -1.497432
v 1.158050 1.822234 -1.469324
v 0.944463 2.058257 -1.234303
v 0.996496 2.102964 -1.292931
v 1.293292 1.509686 -1.645741
v 0.831867 2.244758 -1.067158
v 0.805850 2.222404 -1.037845
v 0.718929 2.332477 -0.909634
v 1.046646 1.600128 -1.391382
v 0.995408 1.766880 -1.314426
v 0.939063 1.742308 -1.251759
v 1.003613 1.433812 -1.314411
v 0.886067 2.016395 -1.181495
v 0.855445 1.990942 -1.147882
v 1.145229 1.656744 -1.497432
v 1.078921 1.790220 -1.399943
v 1.293292 1.509686 -1.645741
v 1.161471 1.826261 -1.483293
v 0.938142 2.058382 -1.239724
v 0.773293 2.201160 -1.013942
v 0.799330 2.222154 -1.043055
v 0.990175 2.103237 -1.298309
v 0.825347 2.244581 -1.072349
v 0.757982 2.188434 -0.997134
v 0.685486 2.331489 -0.901856
v 0.844854 1.799972 -1.150016
v 0.776516 1.824755 -1.079533
v 0.755690 1.966183 -1.033265
v 0.795772 1.970724 -1.073850
v 0.782586 1.700531 -1.088115
v 0.896657 1.628322 -1.211348
v 0.933076 1.735863 -1.238934
v 0.839119 1.976333 -1.118297
v 1.003613 1.433812 -1.314411
v 0.718831 1.808889 -1.015401
v 0.711066 1.957642 -0.986056
v 0.674982 1.777472 -0.951824
v 0.658132 1.543635 -0.923636
v 0.704578 1.674641 -1.002869
v 0.678896 1.957224 -0.946131
v 0.673621 2.126710 -0.904966
v 0.689706 2.126919 -0.924928
v 0.753733 2.136265 -0.991048
v 0.732059 2.133460 -0.968825
v 0.712018 2.131189 -0.948533
v 0.668347 2.296195 -0.863801
v 0.705017 2.132686 -0.952782
v 0.749013 1.965659 -1.038351
v 0.789074 1.970284 -1.078873
v 0.725048 2.134999 -0.973043
v 0.841505 1.799764 -1.152506
v 0.773167 1.824523 -1.082033
v 0.782586 1.700531 -1.088115
v 0.896657 1.628322 -1.211348
v 0.929686 1.735694 -1.241414
v 1.003613 1.433812 -1.314411
v 0.832317 1.975936 -1.123204
v 0.715482 1.808658 -1.017902
v 0.704578 1.674641 -1.002869
v 0.671633 1.777201 -0.954346
v 0.672281 1.956533 -0.951332
v 0.704431 1.957056 -0.991184
v 0.658132 1.543635 -0.923636
v 0.682726 2.128384 -0.929198
v 0.666651 2.128123 -0.909272
v 0.661021 2.299713 -0.867212
v 0.746669 2.137824 -0.995208
v 0.564070 1.851461 -0.804222
v 0.542240 1.783040 -0.788272
v 0.603776 1.723806 -0.860180
v 0.617778 1.812049 -0.883894
v 0.575666 1.937172 -0.817272
v 0.619160 1.945189 -0.880943
v 0.527065 1.929973 -0.746464
v 0.514172 1.862451 -0.730054
v 0.658132 1.543635 -0.923636
v 0.661502 1.779251 -0.943588
v 0.652335 1.953917 -0.929638
v 0.622634 2.144396 -0.844450
v 0.639222 2.148760 -0.868798
v 0.480327 1.797797 -0.707501
v 0.427812 1.809790 -0.639833
v 0.452720 1.864293 -0.660041
v 0.600887 2.140388 -0.812615
v 0.576587 2.136788 -0.777211
v 0.626109 2.343603 -0.807958
v 0.205903 3.393968 0.576917
v 0.164086 3.340651 0.730738
v 0.183943 3.198224 0.711572
v 0.229353 3.196668 0.516329
v 0.092565 3.203639 0.801654
v 0.080649 3.310126 0.821059
v 0.010710 3.210920 0.810829
v 0.009865 3.305390 0.848903
v -0.082625 3.200874 0.803709
v -0.073841 3.308101 0.827969
v -0.191268 3.194137 0.783354
v -0.174570 3.316173 0.779510
v -0.271002 3.184750 0.699475
v -0.228837 3.339436 0.711708
v -0.303690 3.181250 0.514710
v -0.244824 3.381370 0.590771
v 0.137259 3.449551 0.754770
v 0.178408 3.539096 0.681329
v 0.065245 3.428494 0.810760
v 0.088328 3.511949 0.759139
v 0.008290 3.501366 0.814703
v -0.061357 3.430866 0.823379
v -0.183393 3.449253 0.720020
v -0.201028 3.530414 0.687653
v -0.136301 3.431615 0.771944
v -0.065677 3.519571 0.777888
v -0.105588 3.525526 0.719570
v 0.273110 3.398590 0.595254
v 0.297848 3.200827 0.530728
v 0.236055 3.198436 0.744831
v 0.218851 3.345499 0.767747
v 0.117400 3.194045 0.872010
v 0.108486 3.311338 0.880959
v 0.013956 3.193844 0.892092
v 0.013237 3.301624 0.913949
v -0.100193 3.190136 0.876079
v -0.094542 3.308585 0.890311
v -0.227366 3.196291 0.837627
v -0.213185 3.325383 0.833263
v -0.326255 3.195024 0.729264
v -0.286158 3.352269 0.743293
v -0.371595 3.196345 0.522831
v -0.310717 3.398320 0.595100
v 0.172291 3.457078 0.778642
v 0.206011 3.541225 0.690658
v 0.089775 3.439565 0.853909
v 0.109912 3.521419 0.785904
v 0.010048 3.506824 0.845391
v -0.071370 3.436635 0.849361
v -0.236967 3.472716 0.750406
v -0.234539 3.537670 0.697848
v -0.172466 3.455645 0.820792
v -0.081458 3.527480 0.807303
v -0.127008 3.542304 0.740501
v 0.297848 3.200827 0.530728
v 0.273110 3.398590 0.595254
v 0.205903 3.393968 0.576917
v 0.229353 3.196668 0.516329
v 0.178408 3.539096 0.681329
v 0.206011 3.541225 0.690658
v 0.137259 3.449551 0.754770
v 0.172291 3.457078 0.778642
v 0.088328 3.511949 0.759139
v 0.109912 3.521419 0.785904
v 0.065245 3.428494 0.810760
v 0.089775 3.439565 0.853909
v 0.008290 3.501366 0.814703
v 0.010048 3.506824 0.845391
v -0.061357 3.430866 0.823379
v -0.071370 3.436635 0.849361
v -0.065677 3.519571 0.777888
v -0.081458 3.527480 0.807303
v -0.136301 3.431615 0.771944
v -0.172466 3.455645 0.820792
v -0.105588 3.525526 0.719570
v -0.127008 3.542304 0.740501
v -0.183393 3.449253 0.720020
v -0.236967 3.472716 0.750406
v -0.201028 3.530414 0.687653
v -0.234539 3.537670 0.697848
v -0.244824 3.381370 0.590771
v -0.310717 3.398320 0.595100
v -0.303690 3.181250 0.514710
v -0.371595 3.196345 0.522831
v -0.433221 3.701966 0.688161
v -0.280143 3.697345 0.865859
v -0.321223 3.870671 0.907114
v -0.534791 3.925674 0.742464
v -0.166970 3.845798 0.959867
v -0.129016 3.688848 0.941537
v -0.037401 3.833077 0.970666
v -0.036419 3.685488 0.983792
v 0.107902 3.848620 0.964712
v 0.076407 3.687882 0.952534
v 0.275461 3.885618 0.944015
v 0.220450 3.694739 0.882318
v 0.432682 3.936479 0.831491
v 0.326866 3.702003 0.776282
v 0.516438 3.961971 0.774830
v 0.423710 3.705316 0.670291
v -0.221548 3.541829 0.820264
v -0.269690 3.418106 0.658992
v -0.109706 3.534091 0.907798
v -0.149348 3.425949 0.840717
v -0.036285 3.417006 0.890518
v 0.064334 3.527969 0.905472
v 0.245019 3.544072 0.763333
v 0.253279 3.406400 0.644660
v 0.182798 3.536946 0.851286
v 0.120658 3.403802 0.856400
v 0.202518 3.402643 0.741174
v -0.488097 3.670735 0.728039
v -0.588190 3.898642 0.787378
v -0.364793 3.848191 0.960788
v -0.327420 3.670735 0.916548
v -0.193403 3.835181 1.025986
v -0.156774 3.670735 1.006402
v -0.041159 3.830992 1.041208
v -0.040100 3.670735 1.054278
v 0.126843 3.838802 1.032957
v 0.096745 3.670735 1.019975
v 0.314012 3.861792 0.999772
v 0.263754 3.670735 0.937186
v 0.483910 3.905973 0.876295
v 0.381563 3.670735 0.816898
v 0.568066 3.929841 0.818135
v 0.478467 3.670735 0.707335
v -0.271586 3.506245 0.861601
v -0.300245 3.398895 0.677885
v -0.139611 3.502551 0.964052
v -0.172078 3.407216 0.865196
v -0.040175 3.406178 0.922224
v 0.085403 3.497655 0.966579
v 0.301694 3.506561 0.795394
v 0.274349 3.392920 0.655864
v 0.227336 3.501683 0.896100
v 0.134433 3.390468 0.879470
v 0.230112 3.383743 0.757762
v -0.588190 3.898642 0.787378
v -0.488097 3.670735 0.728039
v -0.433221 3.701966 0.688161
v -0.534791 3.925674 0.742464
v -0.269690 3.418106 0.658992
v -0.300245 3.398895 0.677885
v 0.478467 3.670735 0.707335
v 0.568066 3.929841 0.818135
v 0.516438 3.961971 0.774830
v 0.423710 3.705316 0.670291
v 0.274349 3.392920 0.655864
v 0.253279 3.406400 0.644660
v -0.300245 3.398895 0.677885
v -0.271586 3.506245 0.861601
v -0.221548 3.541829 0.820264
v -0.269690 3.418106 0.658992
v -0.149348 3.425949 0.840717
v -0.172078 3.407216 0.865196
v -0.109706 3.534091 0.907798
v -0.139611 3.502551 0.964052
v -0.036285 3.417006 0.890518
v -0.040175 3.406178 0.922224
v 0.064334 3.527969 0.905472
v 0.085403 3.497655 0.966579
v 0.120658 3.403802 0.856400
v 0.134433 3.390468 0.879470
v 0.182798 3.536946 0.851286
v 0.227336 3.501683 0.896100
v 0.202518 3.402643 0.741174
v 0.230112 3.383743 0.757762
v 0.245019 3.544072 0.763333
v 0.301694 3.506561 0.795394
v 0.253279 3.406400 0.644660
v 0.274349 3.392920 0.655864
v -0.068285 -1.086748 -5.064904
v -0.056913 -0.977038 -5.305628
v -0.069642 -0.921141 -5.051387
v -0.076100 -1.178414 -4.796246
v -0.076179 -0.877764 -4.761073
v -0.085369 -1.111737 -4.600403
v -0.085151 -0.934424 -4.604345
v -0.074888 -0.975709 -4.496165
v -0.075387 -1.076421 -4.496671
v -0.069135 -0.842327 -4.511160
v -0.072199 -0.914868 -4.406013
v -0.045237 -0.854622 -4.263108
v -0.045264 -0.834208 -4.278397
v -0.069883 -1.240585 -4.558131
v -0.073283 -1.169200 -4.454687
v -0.046782 -1.275568 -4.362422
v -0.046707 -1.243100 -4.339093
v -0.008185 -1.086748 -5.064904
v -0.006829 -0.921141 -5.051387
v -0.023796 -0.977038 -5.305628
v -0.000371 -1.178414 -4.796246
v -0.000292 -0.877764 -4.761073
v 0.018865 -0.945108 -4.576350
v 0.019211 -1.106033 -4.583651
v -0.011574 -0.842327 -4.511160
v -0.010825 -1.240585 -4.558131
v 0.000959 -0.975709 -4.496165
v -0.008510 -0.914868 -4.406013
v -0.035472 -0.854622 -4.263108
v -0.035445 -0.834208 -4.278397
v 0.001457 -1.076421 -4.496671
v -0.007426 -1.169200 -4.454687
v -0.033928 -1.275568 -4.362422
v -0.034002 -1.243100 -4.339093
v -0.006829 -0.921141 -5.051387
v -0.069642 -0.921141 -5.051387
v -0.056913 -0.977038 -5.305628
v -0.023796 -0.977038 -5.305628
v -0.000292 -0.877764 -4.761073
v -0.076179 -0.877764 -4.761073
v -0.011574 -0.842327 -4.511160
v -0.069135 -0.842327 -4.511160
v -0.035445 -0.834208 -4.278397
v -0.045264 -0.834208 -4.278397
v -0.023796 -0.977038 -5.305628
v -0.056913 -0.977038 -5.305628
v -0.068285 -1.086748 -5.064904
v -0.008185 -1.086748 -5.064904
v -0.076100 -1.178414 -4.796246
v -0.000371 -1.178414 -4.796246
v -0.069883 -1.240585 -4.558131
v -0.010825 -1.240585 -4.558131
v -0.046782 -1.275568 -4.362422
v -0.033928 -1.275568 -4.362422
v 0.001457 -1.076421 -4.496671
v -0.075387 -1.076421 -4.496671
v -0.074888 -0.975709 -4.496165
v 0.000959 -0.975709 -4.496165
v -0.072199 -0.914868 -4.406013
v -0.008510 -0.914868 -4.406013
v -0.045237 -0.854622 -4.263108
v -0.035472 -0.854622 -4.263108
v -0.007426 -1.169200 -4.454687
v -0.073283 -1.169200 -4.454687
v -0.034002 -1.243100 -4.339093
v -0.046707 -1.243100 -4.339093
v -0.035472 -0.854622 -4.263108
v -0.045237 -0.854622 -4.263108
v -0.045264 -0.834208 -4.278397
v -0.035445 -0.834208 -4.278397
v -0.033928 -1.275568 -4.362422
v -0.046782 -1.275568 -4.362422
v -0.046707 -1.243100 -4.339093
v -0.034002 -1.243100 -4.339093
v -0.731263 4.694780 0.274003
v -0.661791 4.851265 0.297960
v -0.679910 4.846576 0.389826
v -0.740665 4.706084 0.375596
v -0.593094 4.966415 0.428779
v -0.563488 4.986006 0.345738
v -0.490180 5.049231 0.491101
v -0.449593 5.082461 0.414509
v -0.757991 4.532609 0.286559
v -0.764136 4.559040 0.394143
v -0.738044 4.382688 0.352049
v -0.747394 4.422491 0.453664
v -0.679571 4.258923 0.462511
v -0.696930 4.309998 0.545312
v -0.594590 4.169475 0.582826
v -0.621725 4.228780 0.645477
v -0.490720 4.123003 0.695170
v -0.527476 4.186588 0.745937
v -0.373228 4.124063 0.801710
v -0.420795 4.187549 0.842672
v -0.253546 4.172548 0.893807
v -0.312126 4.231572 0.926294
v -0.143388 4.263710 0.962445
v -0.212106 4.314343 0.988617
v -0.053538 4.388626 1.000906
v -0.130524 4.427765 1.023539
v -0.280093 4.370643 1.001997
v -0.208788 4.469775 1.032519
v -0.075367 4.560733 1.027642
v -0.160579 4.585995 1.036106
v -0.052034 4.700231 1.000524
v -0.140186 4.707922 1.012404
v -0.062809 4.832606 0.944841
v -0.149604 4.823621 0.963735
v -0.106639 4.944843 0.866042
v -0.187912 4.921767 0.894862
v -0.179230 5.025810 0.771841
v -0.251359 4.992758 0.812528
v -0.367515 4.298295 0.947525
v -0.462495 4.259820 0.874436
v -0.555737 4.258980 0.789886
v -0.638115 4.295857 0.702150
v -0.702299 4.366844 0.618956
v -0.743865 4.465194 0.545941
v -0.756823 4.584240 0.495013
v -0.734556 4.712044 0.487130
v -0.684321 4.830762 0.486815
v -0.610829 4.935247 0.510481
v -0.681078 4.812122 0.570136
v -0.721617 4.712962 0.566423
v -0.621003 4.895483 0.595508
v -0.547214 4.954193 0.640788
v -0.518101 5.012726 0.555886
v -0.467775 4.982540 0.701543
v -0.426978 5.038495 0.640240
v -0.390267 4.979974 0.771826
v -0.333736 5.032580 0.724791
v -0.321791 4.948350 0.844758
v -0.269050 4.889345 0.913198
v -0.237207 4.807760 0.970449
v -0.229378 4.711585 1.010905
v -0.246330 4.610233 1.030607
v -0.286403 4.513627 1.027627
v -0.345677 4.431221 1.002254
v -0.418346 4.371083 0.956975
v -0.497299 4.339098 0.896220
v -0.574807 4.338401 0.825936
v -0.643282 4.369056 0.753005
v -0.696024 4.428063 0.684564
v -0.728650 4.509741 0.626632
v -0.737997 4.608037 0.585586
v -0.524350 4.423434 0.907486
v -0.463369 4.448137 0.954411
v -0.584215 4.422893 0.853201
v -0.637105 4.446568 0.796870
v -0.677840 4.492146 0.744008
v -0.702436 4.555160 0.699789
v -0.708769 4.630366 0.668542
v -0.696097 4.710364 0.653324
v -0.665253 4.786232 0.655627
v -0.619161 4.849702 0.675224
v -0.562624 4.894892 0.710197
v -0.501547 4.917922 0.757122
v -0.441682 4.917682 0.811407
v -0.388792 4.894004 0.867738
v -0.348056 4.848427 0.920600
v -0.323461 4.785414 0.964819
v -0.317414 4.711131 0.996066
v -0.330508 4.632849 1.011283
v -0.361459 4.558233 1.008981
v -0.407241 4.494584 0.989384
v -0.422985 4.800026 0.916883
v -0.406244 4.757136 0.946982
v -0.402128 4.706572 0.968251
v -0.411041 4.653288 0.978608
v -0.432109 4.602500 0.977041
v -0.463270 4.559177 0.963702
v -0.501475 4.527559 0.939897
v -0.542983 4.510746 0.907956
v -0.583731 4.510378 0.871007
v -0.619731 4.526495 0.832664
v -0.647459 4.557516 0.796682
v -0.664200 4.600408 0.766585
v -0.668315 4.651083 0.745315
v -0.659437 4.704820 0.734957
v -0.638389 4.755966 0.736524
v -0.607187 4.799245 0.749863
v -0.568970 4.830441 0.773668
v -0.527462 4.846848 0.805609
v -0.486713 4.847167 0.842559
v -0.450712 4.831049 0.880901
v -0.601009 4.722558 0.810837
v -0.611674 4.696846 0.810044
v -0.585234 4.744490 0.817589
v -0.565894 4.760496 0.829640
v -0.544880 4.769007 0.845810
v -0.524252 4.769192 0.864515
v -0.506028 4.761034 0.883925
v -0.491992 4.745330 0.902140
v -0.483516 4.723618 0.917377
v -0.481433 4.698021 0.928144
v -0.485945 4.671046 0.933388
v -0.496610 4.645339 0.932594
v -0.512385 4.623403 0.925842
v -0.531725 4.607399 0.913791
v -0.552738 4.598886 0.897622
v -0.573366 4.598701 0.878916
v -0.591591 4.606859 0.859506
v -0.605627 4.622564 0.841291
v -0.614102 4.644276 0.826054
v -0.616185 4.669875 0.815287
v -0.553376 4.685688 0.876734
v -0.449593 5.082461 0.414509
v -0.328475 5.123667 0.506605
v -0.380173 5.080803 0.574723
v -0.490180 5.049231 0.491101
v -0.328475 5.123667 0.506605
v -0.210983 5.111250 0.613146
v -0.273480 5.075994 0.671460
v -0.380173 5.080803 0.574723
v -0.179230 5.025810 0.771841
v -0.107181 5.049548 0.723700
v -0.106639 4.944843 0.866042
v -0.027233 4.957628 0.827447
v -0.062809 4.832606 0.944841
v 0.021038 4.834496 0.914232
v -0.052034 4.700231 1.000524
v 0.032905 4.688705 0.975559
v -0.052517 4.553631 1.021494
v 0.007208 4.535070 1.005425
v -0.053538 4.388626 1.000906
v -0.290701 5.063102 0.686702
v -0.408448 5.056864 0.614284
v -0.490180 5.049231 0.491101
v -0.518101 5.012726 0.555886
v -0.593094 4.966415 0.428779
v -0.610829 4.935247 0.510481
v -0.310129 4.642288 0.303235
v -0.337888 4.577306 0.285704
v -0.182458 4.544403 0.468672
v -0.269879 4.701484 0.332424
v -0.222614 4.744757 0.368327
v -0.173488 4.765500 0.408044
v -0.125870 4.761734 0.451754
v -0.083875 4.735543 0.497070
v -0.051530 4.691992 0.539201
v -0.032001 4.637309 0.574311
v -0.027199 4.576834 0.599123
v -0.037596 4.514678 0.611205
v -0.062173 4.455430 0.609377
v -0.098524 4.404891 0.593817
v -0.143090 4.368009 0.566048
v -0.191511 4.348394 0.528788
v -0.239207 4.347967 0.483957
v -0.283042 4.366767 0.428877
v -0.318799 4.402956 0.368869
v -0.342089 4.453247 0.317550
v -0.349034 4.513427 0.288506
v 0.652547 4.694780 0.274003
v 0.661948 4.706084 0.375596
v 0.601193 4.846576 0.389826
v 0.583073 4.851265 0.297960
v 0.514377 4.966415 0.428779
v 0.484771 4.986006 0.345738
v 0.411463 5.049231 0.491101
v 0.370876 5.082423 0.414509
v 0.679275 4.532609 0.286559
v 0.685419 4.559040 0.394143
v 0.659327 4.382688 0.352050
v 0.668677 4.422491 0.453664
v 0.600854 4.258923 0.462511
v 0.618213 4.309998 0.545312
v 0.515873 4.169475 0.582826
v 0.543009 4.228780 0.645477
v 0.412003 4.123003 0.695170
v 0.448760 4.186588 0.745937
v 0.294511 4.124063 0.801710
v 0.342078 4.187549 0.842672
v 0.174828 4.172548 0.893807
v 0.233409 4.231572 0.926294
v 0.064671 4.263710 0.962445
v 0.133389 4.314343 0.988617
v -0.025178 4.388626 1.000906
v 0.051807 4.427765 1.023539
v 0.201376 4.370643 1.001997
v 0.130071 4.469775 1.032519
v -0.003350 4.560733 1.027642
v 0.081862 4.585995 1.036106
v -0.026682 4.700231 1.000524
v 0.061469 4.707922 1.012404
v -0.015907 4.832606 0.944841
v 0.070887 4.823621 0.963735
v 0.027922 4.944843 0.866042
v 0.109195 4.921767 0.894862
v 0.100513 5.025810 0.771841
v 0.172642 4.992758 0.812528
v 0.211984 5.063102 0.686702
v 0.255019 5.032580 0.724791
v 0.329732 5.056865 0.614284
v 0.348261 5.038495 0.640240
v 0.439385 5.012726 0.555886
v 0.389058 4.982540 0.701543
v 0.468497 4.954193 0.640788
v 0.532113 4.935247 0.510481
v 0.542287 4.895483 0.595508
v 0.605605 4.830762 0.486815
v 0.655840 4.712044 0.487130
v 0.678106 4.584240 0.495013
v 0.665149 4.465194 0.545941
v 0.623582 4.366844 0.618956
v 0.559398 4.295857 0.702150
v 0.477021 4.258980 0.789886
v 0.383779 4.259820 0.874436
v 0.288798 4.298295 0.947525
v 0.339629 4.371083 0.956975
v 0.266960 4.431221 1.002254
v 0.207687 4.513627 1.027627
v 0.167613 4.610233 1.030607
v 0.150661 4.711585 1.010905
v 0.158490 4.807760 0.970449
v 0.190333 4.889345 0.913198
v 0.243074 4.948350 0.844758
v 0.311550 4.979974 0.771826
v 0.362964 4.917682 0.811407
v 0.422830 4.917922 0.757122
v 0.483907 4.894892 0.710197
v 0.540445 4.849702 0.675224
v 0.602361 4.812122 0.570136
v 0.642899 4.712962 0.566423
v 0.659280 4.608037 0.585586
v 0.649933 4.509741 0.626632
v 0.617307 4.428063 0.684564
v 0.564566 4.369056 0.753005
v 0.496090 4.338401 0.825936
v 0.418582 4.339098 0.896220
v 0.445633 4.423434 0.907486
v 0.384651 4.448137 0.954411
v 0.328524 4.494584 0.989384
v 0.282743 4.558233 1.008981
v 0.251791 4.632849 1.011283
v 0.238697 4.711131 0.996066
v 0.244745 4.785414 0.964819
v 0.269340 4.848427 0.920600
v 0.310076 4.894004 0.867738
v 0.371996 4.831049 0.880901
v 0.407996 4.847167 0.842559
v 0.448744 4.846848 0.805609
v 0.490253 4.830441 0.773668
v 0.528470 4.799245 0.749863
v 0.586537 4.786232 0.655627
v 0.617380 4.710364 0.653324
v 0.630052 4.630366 0.668542
v 0.623719 4.555160 0.699789
v 0.599123 4.492146 0.744008
v 0.558387 4.446568 0.796870
v 0.505499 4.422893 0.853201
v 0.559672 4.755966 0.736524
v 0.580720 4.704820 0.734957
v 0.505014 4.510378 0.871007
v 0.464266 4.510746 0.907956
v 0.422758 4.527559 0.939897
v 0.384554 4.559177 0.963702
v 0.353392 4.602500 0.977041
v 0.332324 4.653288 0.978608
v 0.323411 4.706572 0.968251
v 0.327527 4.757136 0.946982
v 0.344268 4.800026 0.916883
v 0.413275 4.745330 0.902140
v 0.427311 4.761034 0.883925
v 0.445535 4.769192 0.864515
v 0.466164 4.769007 0.845810
v 0.487176 4.760496 0.829640
v 0.506517 4.744490 0.817589
v 0.522292 4.722558 0.810837
v 0.532957 4.696846 0.810044
v 0.589598 4.651083 0.745315
v 0.585483 4.600408 0.766585
v 0.568742 4.557516 0.796682
v 0.541014 4.526495 0.832664
v 0.512874 4.606859 0.859506
v 0.494649 4.598701 0.878916
v 0.474021 4.598886 0.897622
v 0.453008 4.607399 0.913791
v 0.433668 4.623403 0.925842
v 0.417893 4.645339 0.932594
v 0.407228 4.671046 0.933388
v 0.402716 4.698021 0.928144
v 0.404800 4.723618 0.917377
v 0.474659 4.685688 0.876734
v 0.537469 4.669875 0.815287
v 0.535386 4.644276 0.826054
v 0.526910 4.622564 0.841291
v 0.370876 5.082423 0.414509
v 0.411463 5.049231 0.491101
v 0.301457 5.080801 0.574723
v 0.249758 5.123667 0.506605
v 0.249758 5.123667 0.506605
v 0.301457 5.080801 0.574723
v 0.194763 5.075994 0.671460
v 0.132266 5.111250 0.613146
v 0.100513 5.025810 0.771841
v 0.028465 5.049549 0.723700
v 0.027922 4.944843 0.866042
v -0.051484 4.957628 0.827447
v -0.015907 4.832606 0.944841
v -0.099754 4.834496 0.914232
v -0.026682 4.700231 1.000524
v -0.111622 4.688705 0.975559
v 0.211984 5.063102 0.686702
v 0.329732 5.056865 0.614284
v 0.411463 5.049231 0.491101
v 0.439385 5.012726 0.555886
v 0.514377 4.966415 0.428779
v 0.532113 4.935247 0.510481
v -0.024103 4.554284 1.022058
v -0.085925 4.535070 1.005425
v -0.025178 4.388626 1.000906
v -0.026682 4.700231 1.000524
v -0.003350 4.560733 1.027642
v -0.024103 4.554284 1.022058
v 0.051807 4.427765 1.023539
v -0.025178 4.388626 1.000906
v 0.231413 4.642288 0.303235
v 0.103741 4.544403 0.468672
v 0.259171 4.577306 0.285704
v 0.191162 4.701484 0.332424
v 0.143897 4.744757 0.368327
v 0.094771 4.765500 0.408044
v 0.047153 4.761734 0.451754
v 0.005158 4.735543 0.497070
v -0.027187 4.691992 0.539201
v -0.046716 4.637309 0.574311
v -0.051517 4.576834 0.599123
v -0.041121 4.514678 0.611205
v -0.016544 4.455430 0.609377
v 0.019806 4.404891 0.593817
v 0.064373 4.368009 0.566048
v 0.112795 4.348394 0.528788
v 0.160489 4.347967 0.483956
v 0.204325 4.366767 0.428877
v 0.240082 4.402956 0.368869
v 0.263373 4.453247 0.317550
v 0.270317 4.513427 0.288506
v -0.248799 3.221757 0.708445
v -0.284836 3.268795 0.715290
v -0.174070 3.290805 0.841640
v -0.156574 3.245659 0.821782
v -0.039464 3.253305 0.858043
v -0.039359 3.299232 0.890027
v 0.095124 3.290805 0.841640
v 0.077473 3.245659 0.821782
v 0.173411 3.221757 0.708445
v 0.209538 3.268795 0.715290
v -0.280364 3.198921 0.600166
v -0.160222 3.198921 0.600166
v -0.157205 3.112776 0.400624
v -0.274769 3.112776 0.400624
v -0.317536 3.246010 0.584484
v -0.311143 3.165382 0.383105
v -0.039642 3.112776 0.400624
v -0.040080 3.198921 0.600166
v 0.077921 3.112776 0.400624
v 0.080062 3.198921 0.600166
v 0.195484 3.112776 0.400624
v 0.200203 3.198921 0.600166
v 0.231857 3.165382 0.383105
v 0.237375 3.246010 0.584484
v -0.271141 3.063664 0.291915
v -0.155250 3.063664 0.291915
v -0.039359 3.063664 0.291915
v 0.076533 3.063664 0.291915
v 0.228281 3.119205 0.273420
v 0.192425 3.063664 0.291915
v -0.306998 3.119205 0.273420
v -0.284836 3.268795 0.715290
v -0.252944 3.308763 0.682054
v -0.158589 3.324990 0.799367
v -0.174070 3.290805 0.841640
v -0.039359 3.299232 0.890027
v -0.039453 3.330309 0.837826
v 0.079506 3.324990 0.799367
v 0.095124 3.290805 0.841640
v 0.209538 3.268795 0.715290
v 0.177566 3.308763 0.682054
v -0.162355 3.307232 0.564095
v -0.284630 3.293098 0.568803
v -0.278943 3.217987 0.365586
v -0.311143 3.165382 0.383105
v -0.317536 3.246010 0.584484
v -0.159293 3.232121 0.360879
v -0.040080 3.273592 0.575298
v -0.039642 3.198481 0.372083
v 0.082194 3.307232 0.564095
v 0.080008 3.232121 0.360879
v 0.204470 3.293098 0.568803
v 0.199659 3.217987 0.365586
v 0.237375 3.246010 0.584484
v 0.231857 3.165382 0.383105
v -0.157308 3.174746 0.254922
v -0.275256 3.174746 0.254922
v 0.078591 3.174746 0.254922
v -0.039359 3.155239 0.261419
v 0.196540 3.174746 0.254922
v 0.228281 3.119205 0.273420
v -0.306998 3.119205 0.273420
v 0.038029 3.819801 2.768429
v 0.083178 3.899251 2.627846
v 0.108718 3.869069 2.616209
v 0.156804 3.917380 2.481782
v 0.123831 3.955456 2.493824
v 0.200009 3.952433 2.344262
v 0.162888 4.018992 2.352003
v 0.211370 4.083261 2.166665
v 0.260854 3.994364 2.152837
v 0.256844 4.135437 1.954033
v 0.319570 4.027237 1.943589
v 0.388676 4.059774 1.684500
v 0.309445 4.181227 1.685392
v 0.352368 4.216463 1.431242
v 0.449900 4.082952 1.425498
v 0.051608 3.924405 2.640033
v 0.008501 3.799541 2.815235
v -0.014315 3.787165 2.838585
v 0.006953 3.952415 2.653255
v 0.084658 3.993897 2.504060
v 0.024191 4.037812 2.515794
v 0.115999 4.068375 2.359429
v 0.040490 4.125736 2.366647
v 0.153686 4.143124 2.175853
v 0.059885 4.212644 2.184186
v 0.187176 4.203445 1.959729
v 0.076951 4.279133 1.964711
v 0.220948 4.271748 1.685898
v 0.094181 4.350872 1.686337
v 0.243041 4.308898 1.432652
v 0.105844 4.388966 1.432610
v 0.256072 4.324195 1.177890
v 0.113278 4.420104 1.180435
v 0.265467 4.335347 1.041583
v 0.119232 4.431716 1.081817
v -0.039359 4.347219 1.968477
v -0.039359 4.276006 2.190582
v -0.039359 4.178263 2.372544
v -0.039359 4.078207 2.526611
v -0.039359 4.447610 1.432393
v -0.039359 4.417185 1.686691
v -0.138602 4.212644 2.184186
v -0.155668 4.279133 1.964711
v -0.265893 4.203445 1.959729
v -0.299665 4.271748 1.685898
v -0.172898 4.350872 1.686337
v -0.232403 4.143124 2.175853
v -0.119207 4.125736 2.366647
v -0.194716 4.068375 2.359429
v -0.102908 4.037812 2.515794
v -0.163375 3.993897 2.504060
v -0.085670 3.952415 2.653255
v -0.130325 3.924405 2.640033
v -0.064402 3.787165 2.838585
v -0.087218 3.799541 2.815235
v -0.321758 4.308898 1.432652
v -0.184561 4.388966 1.432610
v -0.334789 4.324195 1.177890
v -0.191995 4.420104 1.180435
v -0.344184 4.335347 1.041583
v -0.197949 4.431716 1.081817
v -0.116746 3.819801 2.768429
v -0.161895 3.899251 2.627846
v -0.187435 3.869069 2.616209
v -0.235521 3.917380 2.481782
v -0.202548 3.955456 2.493824
v -0.278726 3.952433 2.344262
v -0.241605 4.018992 2.352003
v -0.290087 4.083261 2.166665
v -0.339571 3.994364 2.152837
v -0.335561 4.135437 1.954033
v -0.398287 4.027237 1.943589
v -0.467393 4.059774 1.684500
v -0.388162 4.181227 1.685392
v -0.431085 4.216463 1.431242
v -0.528616 4.082952 1.425498
v -0.458513 4.232708 1.172803
v -0.458790 4.242858 0.965677
v -0.493185 4.207367 1.171191
v -0.351350 4.337791 0.977791
v -0.203904 4.438025 1.039371
v -0.446937 4.242482 0.886609
v -0.640881 4.090858 0.838457
v -0.516701 4.206458 0.802401
v -0.039359 4.497223 1.088485
v -0.039359 4.479214 1.178906
v 0.125187 4.438025 1.039371
v 0.272632 4.337791 0.977791
v 0.380073 4.242858 0.965677
v 0.379795 4.232708 1.172803
v 0.414468 4.207367 1.171191
v 0.368220 4.242482 0.886609
v 0.562197 4.090826 0.838459
v 0.437984 4.206458 0.802400
v -0.039359 2.960261 0.534290
v 0.089854 2.967057 0.526817
v 0.083135 2.905804 0.459949
v -0.039359 2.893446 0.473901
v 0.072447 2.841378 0.409734
v -0.039359 2.828751 0.421652
v 0.223862 3.011660 0.499968
v 0.195234 2.948338 0.432161
v 0.166194 2.878987 0.379582
v -0.039359 3.032138 0.597531
v 0.089375 3.037957 0.594201
v 0.088222 3.105075 0.701461
v -0.039359 3.117107 0.692383
v -0.039359 3.137339 0.844894
v 0.088275 3.134848 0.836723
v 0.321005 3.002788 0.365653
v 0.275964 2.958193 0.326075
v 0.320475 3.051336 0.480215
v 0.388970 3.045060 0.403207
v 0.377422 3.081161 0.468234
v 0.353306 3.109455 0.448141
v 0.342038 3.162746 0.546017
v 0.361486 3.111854 0.565963
v 0.328081 3.206986 0.675157
v 0.343558 3.143573 0.690025
v 0.317237 3.159618 0.838037
v 0.303181 3.227606 0.824575
v 0.272139 3.218920 0.958018
v 0.280070 3.142133 0.954765
v 0.197252 3.199153 1.036116
v 0.201031 3.107873 1.053252
v 0.104509 3.087914 1.098707
v 0.099019 3.186949 1.075982
v -0.039359 3.180547 1.090220
v -0.039359 3.078966 1.114716
v 0.096272 3.117003 1.012954
v 0.205233 3.136029 0.954259
v 0.142064 3.139235 0.892973
v 0.091002 3.132250 0.927996
v -0.039359 3.107658 1.044444
v -0.039359 3.127976 0.959367
v 0.181376 3.141645 0.832092
v 0.272099 3.152295 0.833932
v 0.208133 3.116491 0.702629
v 0.293055 3.130997 0.697154
v 0.223827 3.065967 0.583137
v 0.308703 3.091370 0.573530
v 0.363291 4.910307 -0.155046
v 0.462292 4.911287 -0.127446
v 0.462212 5.137084 -0.209265
v 0.383964 5.137908 -0.228246
v 0.467136 4.727485 -0.088164
v 0.331772 4.729600 -0.131360
v 0.378708 5.382654 -0.315350
v 0.464173 5.398677 -0.302413
v 0.526379 5.147292 -0.132691
v 0.523784 4.970107 -0.060426
v 0.525521 5.394618 -0.181790
v 0.532017 4.860894 0.041331
v 0.514064 5.353301 -0.033951
v 0.498851 5.173467 -0.048403
v 0.433605 5.186851 -0.007605
v 0.443485 5.360622 0.017024
v 0.524333 5.442752 0.047435
v 0.456909 5.456141 0.120243
v 0.425275 5.074728 0.030455
v 0.501213 5.027752 0.016975
v 0.440308 5.024496 0.142872
v 0.509758 4.942064 0.098556
v 0.370892 5.188618 -0.012030
v 0.340319 5.091938 0.044376
v 0.332803 5.160719 -0.124550
v 0.291581 5.001750 -0.062079
v 0.328995 5.367596 -0.129657
v 0.373901 5.361642 0.014876
v 0.391163 5.458737 0.086788
v 0.378708 5.382654 -0.315350
v 0.383964 5.137908 -0.228246
v 0.363291 4.910307 -0.155046
v 0.233044 4.919999 -0.013797
v 0.331772 4.729600 -0.131360
v 0.210256 5.049710 0.106190
v 0.338817 5.082075 0.175637
v 0.213546 5.110855 0.212171
v 0.224618 5.610573 -0.205880
v 0.297355 5.648556 -0.028458
v 0.217238 5.666006 -0.229162
v 0.286722 5.700684 -0.061334
v 0.429845 5.652464 -0.017769
v 0.424217 5.701660 -0.051502
v 0.267207 5.631111 -0.392671
v 0.278849 5.575204 -0.373259
v 0.565509 5.634102 -0.090607
v 0.564150 5.685740 -0.124843
v 0.558548 5.600509 -0.235002
v 0.556978 5.656986 -0.255266
v 0.489712 5.573785 -0.357954
v 0.486445 5.630177 -0.377961
v 0.278849 5.575204 -0.373259
v 0.267207 5.631111 -0.392671
v 0.283393 5.837299 -0.473120
v 0.430216 5.842941 -0.461543
v 0.396927 6.095435 -0.571083
v 0.296365 6.090440 -0.581155
v 0.368793 6.348562 -0.686227
v 0.297173 6.344718 -0.694112
v 0.399472 6.366782 -0.626027
v 0.445680 6.118575 -0.492070
v 0.397785 6.379202 -0.558308
v 0.444511 6.143634 -0.407381
v 0.344582 6.384749 -0.522238
v 0.371924 6.157794 -0.363358
v 0.295525 6.386605 -0.527496
v 0.301512 6.152539 -0.365952
v 0.274835 6.366894 -0.613013
v 0.267145 6.118845 -0.473500
v 0.297173 6.344718 -0.694112
v 0.296365 6.090440 -0.581155
v 0.295707 6.595129 -0.809780
v 0.346393 6.597107 -0.804601
v 0.280023 7.049358 -1.027584
v 0.359332 6.609799 -0.753803
v 0.352724 6.619256 -0.715118
v 0.319095 6.624497 -0.692300
v 0.287144 6.623950 -0.692907
v 0.273995 6.609034 -0.752447
v 0.295707 6.595129 -0.809780
v 0.306252 5.914500 -0.203269
v 0.252253 5.874693 -0.339418
v 0.283393 5.837299 -0.473120
v 0.404189 5.918019 -0.197714
v 0.505221 5.903065 -0.256244
v 0.506857 5.874134 -0.356687
v 0.134259 2.815708 0.329964
v 0.109435 2.720755 0.269749
v 0.049993 2.688476 0.307677
v 0.060314 2.776002 0.364521
v -0.039359 2.677482 0.324320
v -0.039359 2.758843 0.375025
v -0.039359 2.570266 0.264602
v 0.040601 2.578895 0.248712
v 0.090381 2.602687 0.215841
v 0.153419 2.766928 0.210093
v 0.214349 2.890959 0.270953
v 0.125750 2.636578 0.162832
v -0.039359 2.463050 0.211509
v 0.036464 2.469314 0.195664
v 0.079854 2.484620 0.166386
v 0.108932 2.506228 0.117667
v 0.578469 4.035919 0.858060
v 0.562197 4.090826 0.838459
v 0.610294 4.101784 0.756881
v 0.694155 4.041090 0.781519
v 0.794142 3.973400 0.754082
v 0.597520 3.974096 0.865512
v 0.752763 4.063433 0.674335
v 0.821875 4.003152 0.652902
v 0.639296 4.132059 0.655461
v 0.657594 4.163217 0.567403
v 0.760701 4.097811 0.558886
v 0.725090 4.165281 0.464263
v 0.668146 4.205222 0.479293
v 0.826153 4.046930 0.544374
v 0.764773 4.116988 0.435264
v 0.684435 4.210284 0.339840
v 0.688774 4.223979 0.373369
v 0.692834 4.337107 0.333943
v 0.694390 4.342270 0.378221
v 0.701412 4.488417 0.334200
v 0.700560 4.490170 0.379693
v 0.699742 4.639883 0.354657
v 0.697633 4.639709 0.397010
v 0.671960 4.780541 0.377269
v 0.670531 4.775414 0.416063
v 0.635478 4.904204 0.404871
v 0.634809 4.893834 0.440969
v 0.570521 5.013791 0.436525
v 0.562422 5.004443 0.473134
v 0.417222 5.187120 0.524108
v 0.411659 5.166298 0.555002
v 0.240336 5.411962 0.626334
v 0.242158 5.379998 0.661096
v 0.119483 5.293399 0.651955
v 0.126569 5.282569 0.691452
v 0.021057 5.189514 0.676462
v 0.019412 5.157300 0.728755
v -0.039359 5.163795 0.700439
v -0.039359 5.134664 0.733297
v 0.537092 4.974051 0.524485
v 0.403335 5.117751 0.605112
v 0.245146 5.235528 0.696016
v 0.132239 5.188814 0.728230
v 0.017545 5.103927 0.762988
v -0.039359 5.063948 0.774269
v -0.098129 5.157300 0.728755
v -0.099774 5.189514 0.676462
v -0.205285 5.282569 0.691452
v -0.198200 5.293399 0.651955
v -0.320875 5.379981 0.661096
v -0.319053 5.411962 0.626334
v -0.490376 5.166298 0.555002
v -0.495939 5.187120 0.524108
v -0.641139 5.004443 0.473134
v -0.649238 5.013791 0.436525
v -0.713525 4.893834 0.440969
v -0.714196 4.904204 0.404871
v -0.749248 4.775414 0.416063
v -0.750677 4.780541 0.377269
v -0.776349 4.639709 0.397010
v -0.778459 4.639883 0.354657
v -0.779277 4.490170 0.379693
v -0.780129 4.488417 0.334200
v -0.773106 4.342270 0.378221
v -0.771551 4.337107 0.333943
v -0.767491 4.223979 0.373368
v -0.763152 4.210284 0.339840
v -0.746389 4.241689 0.429565
v -0.760015 4.347289 0.426981
v -0.803807 4.165281 0.464263
v -0.843489 4.116988 0.435264
v -0.904870 4.046930 0.544374
v -0.839417 4.097811 0.558886
v -0.736310 4.163217 0.567403
v -0.746863 4.205222 0.479299
v -0.831480 4.063433 0.674335
v -0.718012 4.132059 0.655461
v -0.689011 4.101784 0.756881
v -0.772872 4.041090 0.781519
v -0.657164 4.035939 0.858059
v -0.640881 4.090858 0.838457
v -0.872859 3.973400 0.754082
v -0.676237 3.974096 0.865512
v -0.900591 4.003152 0.652902
v -0.559389 4.187406 0.732504
v -0.516701 4.206458 0.802401
v -0.549803 4.185818 0.730092
v -0.594482 4.182223 0.640309
v -0.605170 4.184606 0.640312
v -0.637067 4.209124 0.552018
v -0.647979 4.211166 0.552450
v -0.507339 4.205366 0.798949
v -0.680998 4.255391 0.462845
v -0.691987 4.256402 0.468300
v -0.721600 4.352297 0.426619
v -0.733666 4.351539 0.431392
v -0.754467 4.494588 0.427371
v -0.766442 4.493957 0.430562
v -0.749049 4.640432 0.446849
v -0.761240 4.640319 0.449662
v -0.717830 4.759628 0.467759
v -0.729446 4.762503 0.470910
v -0.668145 4.862670 0.486674
v -0.679078 4.866365 0.490991
v -0.600685 4.961370 0.518310
v -0.609285 4.967243 0.524730
v -0.471557 5.072237 0.575684
v -0.474669 5.079225 0.585966
v -0.330644 5.109745 0.629612
v -0.331902 5.116481 0.639807
v -0.197276 5.106112 0.677530
v -0.198751 5.112813 0.687316
v -0.105198 5.047237 0.749749
v -0.104233 5.057468 0.756835
v -0.039359 4.969852 0.814329
v -0.039359 4.990798 0.807402
v 0.026482 5.047237 0.749749
v 0.025516 5.057468 0.756835
v 0.118559 5.106112 0.677530
v 0.120034 5.112813 0.687316
v 0.251927 5.109745 0.629612
v 0.253185 5.116481 0.639807
v 0.392841 5.072237 0.575684
v 0.395953 5.079225 0.585966
v 0.521969 4.961364 0.518310
v 0.530568 4.967243 0.524730
v 0.589428 4.862670 0.486674
v 0.600361 4.866365 0.490991
v 0.639114 4.759628 0.467760
v 0.650669 4.762484 0.470907
v 0.670390 4.640436 0.446875
v 0.682397 4.640329 0.449660
v 0.675750 4.494588 0.427371
v 0.687807 4.493954 0.430562
v 0.642883 4.352297 0.426619
v 0.654949 4.351539 0.431392
v 0.602281 4.255391 0.462845
v 0.613271 4.256402 0.468300
v 0.562849 4.347268 0.333330
v 0.535185 4.189512 0.363598
v 0.667672 4.241689 0.429565
v 0.681298 4.347289 0.426981
v 0.694633 4.493550 0.430597
v 0.688874 4.639862 0.449760
v 0.661094 4.762130 0.470638
v 0.613773 4.872048 0.490883
v -0.096262 5.103927 0.762988
v -0.210955 5.188812 0.728230
v -0.323863 5.235528 0.696016
v -0.482051 5.117751 0.605112
v -0.615809 4.974051 0.524485
v -0.692490 4.872048 0.490883
v -0.739811 4.762130 0.470638
v -0.767592 4.639862 0.449760
v -0.773350 4.493551 0.430597
v 0.468506 4.181777 1.168982
v 0.515113 4.141345 1.162090
v 0.476360 4.113810 1.330145
v 0.454394 4.235432 0.994285
v 0.553375 4.161659 0.964508
v 0.414468 4.207367 1.171191
v 0.449900 4.082952 1.425498
v 0.499342 4.098569 1.168134
v 0.380073 4.242858 0.965677
v 0.562197 4.090826 0.838459
v 0.008501 3.799541 2.815235
v 0.081893 3.842675 2.612815
v 0.025399 3.822028 2.621273
v -0.014315 3.787165 2.838585
v 0.047639 3.848441 2.482363
v 0.122496 3.877956 2.479417
v 0.066718 3.862568 2.338707
v 0.158120 3.902106 2.340341
v 0.094113 3.882132 2.139051
v 0.209363 3.934528 2.143958
v 0.119521 3.894608 1.932729
v 0.258005 3.957685 1.934103
v 0.148837 3.906622 1.683777
v 0.314869 3.989087 1.682733
v 0.170995 3.909128 1.432366
v 0.358906 4.012702 1.432350
v 0.187362 3.901555 1.253158
v 0.391044 4.029474 1.190881
v -0.039359 3.774649 2.860028
v -0.039359 3.814286 2.632976
v -0.039359 3.842693 2.338638
v -0.039359 3.853468 2.137352
v -0.039359 3.858900 1.931250
v 0.319570 4.027237 1.943589
v 0.260854 3.994364 2.152837
v -0.039359 3.863280 1.683663
v -0.039359 3.853910 1.432348
v 0.449900 4.082952 1.425498
v 0.388676 4.059774 1.684500
v 0.499342 4.098569 1.168134
v -0.039359 3.835977 2.487915
v 0.200009 3.952433 2.344262
v 0.156804 3.917380 2.481782
v 0.108718 3.869069 2.616209
v 0.038029 3.819801 2.768429
v 0.418130 4.027701 0.959510
v 0.301056 3.956262 1.093326
v 0.562197 4.090826 0.838459
v 0.166833 3.899517 1.173937
v -0.039359 3.812072 1.258192
v -0.039359 3.839986 1.311443
v -0.039359 3.978532 2.665411
v -0.039359 3.774649 2.860028
v -0.039359 3.779005 1.239489
v -0.039359 3.812072 1.258192
v 0.166833 3.899517 1.173937
v 0.165875 3.874817 1.156455
v 0.301056 3.956262 1.093326
v 0.303992 3.934384 1.077887
v 0.418130 4.027701 0.959510
v 0.431583 3.992789 0.955438
v 0.562197 4.090826 0.838459
v 0.578469 4.035919 0.858060
v -0.039359 3.717769 1.209515
v 0.163334 3.824075 1.125898
v -0.039359 3.657133 1.178758
v 0.164166 3.772586 1.096798
v 0.309512 3.889651 1.050003
v 0.316852 3.843874 1.024395
v 0.443616 3.944413 0.960449
v 0.457275 3.900084 0.942730
v 0.597520 3.974096 0.865512
v 0.605307 3.920750 0.860049
v 0.794142 3.973400 0.754082
v 0.756373 3.933379 0.784815
v 0.721520 3.895922 0.796397
v 0.611922 3.890247 0.851708
v 0.166718 3.747124 1.080002
v -0.039359 3.625742 1.158040
v 0.320880 3.821366 1.010339
v 0.464176 3.877189 0.930352
v 0.356502 3.076096 0.400569
v 0.338209 3.100055 0.403407
v 0.336067 3.131138 0.441116
v 0.328329 3.197704 0.537307
v 0.315595 3.249251 0.667629
v 0.292261 3.272382 0.815943
v 0.263962 3.269085 0.951248
v 0.193339 3.259269 1.018150
v 0.094785 3.252288 1.055092
v -0.039359 3.247602 1.068358
v 0.477547 4.116728 0.563289
v 0.466769 4.189512 0.362091
v 0.535185 4.189512 0.363598
v 0.466063 4.347268 0.290469
v 0.562849 4.347268 0.333330
v 0.464620 4.499969 0.275745
v 0.568541 4.499617 0.367579
v 0.448392 4.633851 0.305348
v 0.560522 4.633043 0.395099
v 0.429813 4.749671 0.335930
v 0.541921 4.745731 0.416853
v 0.412977 4.854094 0.358132
v 0.518981 4.846294 0.420663
v 0.389270 4.962443 0.400732
v 0.471338 4.954421 0.419659
v 0.333914 5.033508 0.422406
v 0.358750 5.064769 0.447484
v 0.233325 5.069472 0.447484
v 0.248262 4.979465 0.367455
v 0.070102 5.053529 0.446895
v 0.107440 5.093333 0.540721
v 0.221561 5.107941 0.502931
v 0.070102 4.989000 0.357391
v 0.249974 4.867608 0.332613
v 0.070177 4.875275 0.313555
v 0.253643 4.756538 0.292218
v 0.070222 4.761424 0.293870
v 0.257371 4.631037 0.262036
v 0.070511 4.633892 0.270167
v 0.259082 4.497126 0.226388
v 0.071315 4.496305 0.254251
v 0.255056 4.347268 0.250479
v 0.072601 4.347268 0.291836
v 0.246552 4.189512 0.380712
v 0.080284 4.189512 0.395007
v 0.218375 4.116728 0.565040
v -0.039359 4.928056 0.429995
v -0.039359 4.954572 0.498864
v -0.039359 4.864471 0.399801
v -0.039359 4.754232 0.400512
v -0.039359 4.631868 0.401600
v -0.039359 4.496208 0.401002
v -0.039359 4.347268 0.398989
v -0.039359 4.189512 0.397200
v -0.039359 4.116728 0.565574
v 0.197516 4.086943 0.655793
v 0.435829 4.086943 0.655653
v 0.404832 4.103893 0.714571
v 0.163094 4.097429 0.762911
v 0.374036 4.120732 0.772967
v -0.039359 4.086943 0.655793
v -0.039359 4.097429 0.762911
v -0.276232 4.086943 0.655793
v -0.297092 4.116728 0.565040
v -0.514545 4.086943 0.655653
v -0.482045 4.104714 0.717423
v -0.241812 4.097429 0.762911
v -0.452753 4.120732 0.772967
v -0.556264 4.116728 0.563289
v -0.325269 4.189512 0.380712
v -0.159001 4.189512 0.395007
v -0.151318 4.347268 0.291836
v -0.333773 4.347268 0.250479
v -0.150032 4.496305 0.254251
v -0.337799 4.497126 0.226389
v -0.149229 4.633892 0.270163
v -0.336087 4.631037 0.262034
v -0.148939 4.761424 0.293870
v -0.332359 4.756538 0.292218
v -0.148894 4.875256 0.313555
v -0.328691 4.867608 0.332613
v -0.148819 4.989000 0.357391
v -0.326979 4.979465 0.367455
v -0.148819 5.053529 0.446895
v -0.312042 5.069472 0.447484
v -0.186155 5.093333 0.540721
v -0.300278 5.107941 0.502931
v -0.095682 5.015732 0.574585
v -0.039359 4.916767 0.599243
v 0.016965 5.015732 0.574585
v 0.294577 4.190144 0.893750
v 0.129933 4.190144 0.893750
v 0.163094 4.097429 0.762911
v 0.374036 4.120732 0.772967
v -0.039359 4.097429 0.762911
v -0.039359 4.190144 0.893750
v -0.039359 4.391417 1.008261
v 0.098339 4.370164 0.994284
v 0.217255 4.278272 0.959348
v -0.039359 4.525801 1.033178
v 0.123957 4.433773 1.030448
v 0.125187 4.438025 1.039371
v -0.039359 4.530267 1.042157
v 0.272632 4.337791 0.977791
v 0.269241 4.333364 0.968180
v 0.368220 4.242482 0.886609
v 0.360143 4.239903 0.881757
v 0.437984 4.206458 0.802400
v 0.428622 4.205365 0.798949
v 0.135936 3.753736 1.017536
v 0.151439 3.838637 1.041153
v -0.039359 3.827079 1.058332
v -0.039359 3.645848 1.083125
v 0.290610 3.824396 0.949235
v 0.277595 3.917062 0.961354
v 0.436056 3.873180 0.867736
v 0.400200 3.972375 0.863442
v 0.583398 3.879066 0.783476
v 0.525243 3.981282 0.763027
v 0.630241 3.873383 0.756719
v 0.579529 3.936511 0.689538
v 0.117924 3.946281 0.961354
v -0.039359 3.936669 0.961354
v 0.180391 3.990954 0.863442
v -0.039359 3.991983 0.863442
v 0.242913 3.999861 0.763027
v -0.039359 4.000890 0.763027
v 0.270056 3.953664 0.670978
v -0.039359 3.960413 0.683281
v -0.348773 3.953664 0.670978
v -0.321630 3.999861 0.763027
v -0.259108 3.990954 0.863442
v -0.196641 3.946281 0.961354
v -0.230156 3.838637 1.041153
v -0.214653 3.753736 1.017536
v -0.369327 3.824396 0.949235
v -0.356312 3.917062 0.961354
v -0.514772 3.873180 0.867736
v -0.478917 3.972375 0.863442
v -0.662115 3.879066 0.783476
v -0.603959 3.981282 0.763027
v -0.708958 3.873383 0.756719
v -0.658246 3.936511 0.689538
v 0.582438 3.895238 0.652604
v 0.579529 3.936511 0.689538
v 0.630241 3.873383 0.756719
v 0.611243 3.844905 0.732948
v 0.271511 3.903814 0.619074
v 0.270056 3.953664 0.670978
v -0.039359 3.907188 0.610972
v -0.039359 3.960413 0.683281
v 0.259846 3.797095 0.536876
v -0.039359 3.796781 0.512358
v 0.239739 3.671108 0.460082
v -0.039359 3.671108 0.431576
v 0.213044 3.487505 0.364517
v -0.039359 3.487505 0.336010
v 0.178124 3.305294 0.290730
v -0.039359 3.305294 0.262223
v 0.131457 3.137380 0.250262
v -0.039359 3.137380 0.221754
v 0.120739 2.996801 0.355830
v -0.039359 2.976909 0.355831
v 0.114022 3.023187 0.479042
v -0.039359 3.003295 0.479042
v 0.103790 3.102687 0.567356
v -0.039359 3.082795 0.567356
v 0.094879 3.144433 0.664848
v -0.039359 3.124543 0.664848
v 0.085696 3.165070 0.783224
v -0.039359 3.145179 0.783224
v 0.076835 3.165510 0.905649
v -0.039359 3.145617 0.905649
v 0.193088 3.186895 0.905649
v 0.210810 3.186456 0.783224
v 0.203610 3.285014 0.910881
v 0.157602 3.276206 0.942722
v 0.159975 3.151654 0.937488
v 0.217966 3.284574 0.799968
v 0.229173 3.165820 0.664848
v 0.240721 3.257948 0.660635
v 0.246997 3.124072 0.567356
v 0.256608 3.200087 0.540546
v 0.267460 3.044572 0.479042
v 0.268886 3.120848 0.457377
v 0.280895 3.018186 0.355829
v 0.286647 3.102275 0.391267
v 0.302330 3.137380 0.298763
v 0.318079 3.148433 0.341752
v 0.077972 3.268880 0.970213
v 0.085109 3.145118 0.960242
v -0.039359 3.264726 0.981049
v -0.039359 3.146414 0.966569
v 0.395665 3.305294 0.339231
v 0.365491 3.302994 0.409830
v 0.465504 3.487505 0.413018
v 0.435287 3.484596 0.507229
v 0.518894 3.671108 0.508583
v 0.510899 3.662548 0.610314
v 0.559004 3.790805 0.578799
v 0.561075 3.760400 0.672353
v -0.039359 2.960261 0.534290
v -0.039359 2.893446 0.473901
v -0.161851 2.905804 0.459949
v -0.168571 2.967057 0.526817
v -0.151164 2.841378 0.409734
v -0.039359 2.828751 0.421652
v -0.302579 3.011660 0.499968
v -0.273951 2.948338 0.432161
v -0.244912 2.878987 0.379582
v -0.039359 3.032138 0.597531
v -0.168091 3.037957 0.594201
v -0.166938 3.105075 0.701461
v -0.039359 3.117107 0.692383
v -0.039359 3.137339 0.844894
v -0.166992 3.134848 0.836723
v -0.399722 3.002788 0.365653
v -0.354681 2.958193 0.326075
v -0.399193 3.051336 0.480215
v -0.467687 3.045060 0.403207
v -0.456140 3.081161 0.468234
v -0.432023 3.109455 0.448141
v -0.420755 3.162746 0.546017
v -0.440203 3.111854 0.565963
v -0.406797 3.206986 0.675157
v -0.422275 3.143573 0.690025
v -0.395953 3.159618 0.838037
v -0.381898 3.227606 0.824575
v -0.350856 3.218920 0.958018
v -0.358787 3.142133 0.954765
v -0.275969 3.199153 1.036116
v -0.279748 3.107873 1.053252
v -0.183225 3.087914 1.098707
v -0.177736 3.186949 1.075982
v -0.039359 3.180547 1.090220
v -0.039359 3.078966 1.114716
v -0.174989 3.117003 1.012954
v -0.283950 3.136029 0.954259
v -0.220781 3.139235 0.892973
v -0.169719 3.132250 0.927996
v -0.039359 3.107658 1.044444
v -0.039359 3.127976 0.959367
v -0.260093 3.141645 0.832092
v -0.350816 3.152295 0.833932
v -0.286850 3.116491 0.702629
v -0.371772 3.130997 0.697154
v -0.302544 3.065967 0.583137
v -0.387420 3.091370 0.573530
v -0.212975 2.815708 0.329964
v -0.139031 2.776002 0.364521
v -0.128710 2.688476 0.307677
v -0.188152 2.720755 0.269749
v -0.039359 2.677482 0.324320
v -0.039359 2.758843 0.375025
v -0.039359 2.570266 0.264602
v -0.119318 2.578895 0.248712
v -0.169099 2.602687 0.215841
v -0.232136 2.766928 0.210093
v -0.293066 2.890959 0.270953
v -0.204467 2.636578 0.162832
v -0.187649 2.506228 0.117667
v -0.158571 2.484620 0.166386
v -0.115181 2.469314 0.195664
v -0.039359 2.463050 0.211509
v -0.039359 3.779005 1.239489
v -0.244591 3.874817 1.156455
v -0.245549 3.899517 1.173937
v -0.039359 3.812072 1.258192
v -0.379773 3.956262 1.093326
v -0.382709 3.934384 1.077887
v -0.496846 4.027701 0.959510
v -0.510300 3.992789 0.955438
v -0.640881 4.090858 0.838457
v -0.657164 4.035939 0.858059
v -0.039359 3.717769 1.209515
v -0.242051 3.824075 1.125898
v -0.039359 3.657133 1.178758
v -0.242882 3.772586 1.096798
v -0.388229 3.889651 1.050003
v -0.395569 3.843874 1.024395
v -0.522332 3.944413 0.960449
v -0.535992 3.900084 0.942730
v -0.676237 3.974096 0.865512
v -0.684023 3.920750 0.860049
v -0.872859 3.973400 0.754082
v -0.835090 3.933379 0.784815
v -0.800237 3.895922 0.796397
v -0.690678 3.890238 0.851779
v -0.245434 3.747124 1.080002
v -0.039359 3.625742 1.158040
v -0.399601 3.821364 1.010346
v -0.542894 3.877189 0.930352
v -0.435219 3.076096 0.400569
v -0.416926 3.100055 0.403407
v -0.414784 3.131138 0.441116
v -0.407047 3.197704 0.537307
v -0.394312 3.249251 0.667629
v -0.370978 3.272381 0.815943
v -0.342590 3.269056 0.951194
v -0.272014 3.259239 1.018071
v -0.173499 3.252281 1.055074
v -0.039359 3.247602 1.068358
v -0.613902 4.189512 0.363598
v -0.545486 4.189512 0.362091
v -0.544780 4.347268 0.290469
v -0.641566 4.347268 0.333331
v -0.543337 4.499969 0.275745
v -0.647257 4.499617 0.367579
v -0.527109 4.633851 0.305348
v -0.639239 4.633043 0.395099
v -0.508530 4.749671 0.335930
v -0.620638 4.745731 0.416853
v -0.491694 4.854094 0.358132
v -0.597698 4.846294 0.420663
v -0.467986 4.962443 0.400732
v -0.550054 4.954421 0.419659
v -0.412631 5.033508 0.422406
v -0.437466 5.064808 0.447484
v -0.661155 3.895238 0.652604
v -0.689960 3.844905 0.732948
v -0.708958 3.873383 0.756719
v -0.658246 3.936511 0.689538
v -0.350228 3.903814 0.619074
v -0.348773 3.953664 0.670978
v -0.039359 3.907188 0.610972
v -0.039359 3.960413 0.683281
v -0.338563 3.797095 0.536876
v -0.039359 3.796781 0.512358
v -0.318455 3.671108 0.460082
v -0.039359 3.671108 0.431576
v -0.291760 3.487505 0.364517
v -0.039359 3.487505 0.336010
v -0.256841 3.305294 0.290730
v -0.039359 3.305294 0.262223
v -0.210174 3.137380 0.250262
v -0.039359 3.137380 0.221754
v -0.199456 2.996801 0.355830
v -0.039359 2.976909 0.355831
v -0.192739 3.023187 0.479042
v -0.039359 3.003295 0.479042
v -0.182507 3.102687 0.567356
v -0.039359 3.082795 0.567356
v -0.173595 3.144433 0.664848
v -0.039359 3.124543 0.664848
v -0.164413 3.165070 0.783224
v -0.039359 3.145179 0.783224
v -0.155552 3.165510 0.905649
v -0.039359 3.145617 0.905649
v -0.271804 3.186895 0.905649
v -0.289527 3.186456 0.783224
v -0.282327 3.285014 0.910881
v -0.236319 3.276206 0.942722
v -0.238691 3.151654 0.937488
v -0.296682 3.284574 0.799968
v -0.307890 3.165820 0.664848
v -0.319438 3.257948 0.660635
v -0.325714 3.124072 0.567356
v -0.335325 3.200087 0.540546
v -0.346176 3.044572 0.479042
v -0.347603 3.120848 0.457377
v -0.359612 3.018186 0.355829
v -0.365364 3.102275 0.391267
v -0.381047 3.137380 0.298763
v -0.396796 3.148433 0.341752
v -0.156689 3.268880 0.970213
v -0.163825 3.145118 0.960242
v -0.039359 3.264726 0.981049
v -0.039359 3.146414 0.966569
v -0.474382 3.305294 0.339231
v -0.444208 3.302994 0.409830
v -0.544221 3.487505 0.413018
v -0.514004 3.484596 0.507229
v -0.597611 3.671108 0.508583
v -0.589616 3.662548 0.610314
v -0.637722 3.790805 0.578799
v -0.639792 3.760400 0.672353
v 0.649778 -0.467300 0.182308
v 0.576406 -0.081846 0.245873
v 0.646495 -0.078753 0.041730
v 0.724947 -0.467300 -0.049145
v 0.555667 0.301206 0.094650
v 0.495865 0.300557 0.287283
v 0.493849 0.720014 0.127705
v 0.439706 0.719907 0.302863
v 0.468041 1.099799 0.119470
v 0.414652 1.099777 0.276434
v 0.461468 1.494243 0.092747
v 0.406574 1.494243 0.231814
v 0.685693 -0.717691 0.142785
v 0.776877 -0.701546 -0.105928
v 0.701409 -0.957824 0.099638
v 0.814405 -0.906490 -0.164887
v 0.466056 -0.467300 0.377350
v 0.352336 0.300095 0.422304
v 0.411201 -0.084050 0.401035
v 0.219041 -0.467300 0.510427
v 0.229235 -0.759038 0.503382
v 0.494380 -0.741582 0.369003
v 0.222588 -1.035248 0.456702
v 0.499439 -1.010885 0.314707
v 0.190303 -0.083515 0.507520
v 0.160344 0.300207 0.506303
v 0.310815 0.719831 0.418540
v 0.138392 0.719850 0.490936
v 0.291036 1.099761 0.385655
v 0.128588 1.099765 0.450422
v 0.283087 1.494243 0.329439
v 0.124848 1.494243 0.383774
v 0.268107 1.837327 0.271829
v 0.128829 1.837327 0.317122
v 0.209658 -1.235577 0.352582
v 0.479922 -1.189034 0.251571
v 0.184598 -1.395002 0.216379
v 0.418480 -1.422676 0.145318
v 0.137601 -1.511692 0.061435
v 0.302700 -1.543037 0.032294
v 0.128998 -1.581755 -0.126645
v 0.259918 -1.609359 -0.123258
v -0.039359 0.720014 0.523932
v -0.039359 0.301206 0.542086
v -0.039359 -0.078753 0.540163
v -0.039359 -0.467300 0.541933
v -0.039359 -0.760477 0.535417
v -0.039359 -1.037395 0.489284
v -0.039359 -1.570259 -0.127650
v -0.039359 -1.504135 0.070290
v -0.039359 -1.395534 0.242288
v -0.039359 -1.252970 0.376042
v 0.724947 -0.467300 -0.049145
v 0.646495 -0.078753 0.041730
v 0.579991 -0.078192 -0.175953
v 0.650435 -0.468681 -0.284020
v 0.496238 0.301323 -0.101165
v 0.555667 0.301206 0.094650
v 0.439538 0.720033 -0.048281
v 0.493849 0.720014 0.127705
v 0.413769 1.099802 -0.036770
v 0.468041 1.099799 0.119470
v 0.405660 1.494243 -0.045180
v 0.461468 1.494243 0.092747
v 0.776877 -0.701546 -0.105928
v 0.692756 -0.703273 -0.357660
v 0.814405 -0.906490 -0.164887
v 0.716583 -0.907376 -0.407682
v 0.413961 -0.078376 -0.320443
v 0.465703 -0.469663 -0.439669
v 0.193162 -0.078753 -0.399670
v 0.221538 -0.469458 -0.522450
v 0.499350 -0.728226 -0.528107
v 0.242239 -0.742399 -0.612580
v 0.512438 -0.910811 -0.575445
v 0.243381 -0.932593 -0.679259
v 0.160933 0.301206 -0.312030
v 0.352657 0.301285 -0.233829
v 0.138470 0.720014 -0.238568
v 0.310712 0.720026 -0.167202
v 0.128693 1.099799 -0.210560
v 0.290382 1.099801 -0.145708
v 0.124959 1.494243 -0.197299
v 0.282394 1.494243 -0.142583
v 0.125230 1.837327 -0.218470
v 0.267941 1.814310 -0.168011
v 0.495247 -1.198099 -0.566355
v 0.214519 -1.248870 -0.619457
v 0.415034 -1.435457 -0.486132
v 0.174352 -1.423611 -0.493361
v 0.299435 -1.564997 -0.287946
v 0.140681 -1.526005 -0.300564
v 0.259918 -1.609359 -0.123258
v 0.128998 -1.581755 -0.126645
v -0.039359 -1.527542 -0.294885
v -0.039359 -1.410042 -0.496324
v -0.039359 -1.570259 -0.127650
v -0.039359 -1.242790 -0.603898
v -0.039359 -1.033615 -0.685856
v 0.018906 -0.998132 -0.697476
v 0.026547 -0.944517 -0.699773
v 0.011919 -0.894897 -0.696480
v -0.039359 -0.743677 -0.621779
v -0.039359 -0.467300 -0.549897
v -0.039359 -0.078753 -0.428207
v -0.039359 0.301206 -0.346810
v -0.039359 0.720014 -0.271250
v -0.039359 1.099799 -0.242603
v -0.039359 1.494243 -0.224443
v -0.039359 1.837327 -0.234569
v -0.039359 2.050649 -0.228971
v 0.106485 2.050045 -0.224675
v 0.075909 2.259829 -0.196623
v 0.191237 2.259161 -0.181308
v 0.233022 2.039381 -0.192540
v 0.282625 2.269417 -0.164990
v 0.332803 2.053783 -0.167042
v -0.039359 2.261532 -0.204137
v 0.365649 2.295516 -0.169031
v 0.408996 2.083185 -0.164208
v -0.039359 2.414495 -0.168605
v 0.050505 2.414361 -0.158544
v 0.142252 2.414146 -0.144784
v 0.442315 1.884595 -0.081727
v 0.383458 1.803040 -0.089715
v 0.491201 1.834444 0.045619
v 0.456481 1.760702 0.051138
v 0.021230 2.492148 -0.073837
v 0.076882 2.492747 -0.055156
v 0.226179 2.428597 -0.114352
v 0.123002 2.491852 -0.013576
v 0.060077 2.538683 -0.018924
v 0.097510 2.533097 0.023631
v 0.158898 2.483908 0.050876
v 0.112776 2.522709 0.071845
v 0.238425 2.473257 0.037738
v 0.329867 2.441428 -0.112423
v 0.333258 2.488294 0.034029
v 0.014938 2.540780 -0.049675
v -0.039359 2.492004 -0.088913
v -0.039359 2.541525 -0.065569
v 0.389305 1.819932 0.192861
v 0.456481 1.760702 0.051138
v 0.444366 1.896375 0.179405
v 0.491201 1.834444 0.045619
v 0.420600 2.060307 0.226708
v 0.349699 2.035719 0.224105
v 0.298863 2.242014 0.212501
v 0.223637 2.219183 0.225862
v 0.244834 2.032557 0.251946
v 0.105025 2.199169 0.241672
v 0.119176 2.031111 0.283372
v -0.039359 2.193206 0.251854
v -0.039359 2.029736 0.298166
v 0.378766 2.267956 0.221601
v -0.039359 1.837327 0.341712
v -0.039359 1.494243 0.409938
v -0.039359 1.099799 0.481742
v 0.074180 2.346152 0.185634
v -0.039359 2.332620 0.196771
v -0.039359 2.404672 0.187126
v 0.049806 2.410502 0.175992
v 0.166630 2.374996 0.171079
v 0.116100 2.430606 0.156133
v 0.079854 2.484620 0.166386
v 0.108932 2.506228 0.117667
v 0.154133 2.455544 0.113630
v 0.112776 2.522709 0.071845
v 0.158898 2.483908 0.050876
v 0.036464 2.469314 0.195664
v -0.039359 2.463050 0.211509
v 0.234398 2.419765 0.130812
v 0.238425 2.473257 0.037738
v 0.333258 2.488294 0.034029
v 0.336603 2.431115 0.146859
v 0.695945 -1.299195 -0.340621
v 0.710796 -1.093650 -0.406255
v 0.816013 -1.054412 -0.171927
v 0.802642 -1.203824 -0.162275
v 0.694815 -1.117808 0.070915
v 0.816013 -1.054412 -0.171927
v 0.802642 -1.203824 -0.162275
v 0.687664 -1.304047 0.031428
v 0.444916 2.041263 -0.035254
v 0.509660 2.074726 0.101918
v 0.632675 2.101854 0.151390
v 0.806746 2.140828 0.159715
v 0.952517 2.171637 0.102398
v 1.022202 2.180073 -0.046432
v 0.967984 2.165874 -0.200632
v 0.832317 2.135981 -0.255964
v 0.644476 2.093154 -0.256892
v 0.495062 2.063891 -0.184712
v 0.444916 2.041263 -0.035254
v 0.560762 1.910714 0.044164
v 0.524360 1.962137 -0.091310
v 0.454321 2.474505 -0.116229
v 0.455430 2.526154 0.035271
v 0.458975 2.461740 0.171413
v 0.486840 2.306988 0.236376
v 0.516858 2.111277 0.232808
v 0.526259 1.975121 0.179264
v 0.560762 1.910714 0.044164
v 0.378766 2.267956 0.221601
v 0.420600 2.060307 0.226708
v 0.444366 1.896375 0.179405
v 0.491201 1.834444 0.045619
v 0.329867 2.441428 -0.112423
v 0.365649 2.295516 -0.169031
v 0.476483 2.335164 -0.174536
v 0.507885 2.130941 -0.170609
v 0.442315 1.884595 -0.081727
v 0.491201 1.834444 0.045619
v 0.408996 2.083185 -0.164208
v 0.333258 2.488294 0.034029
v 0.336603 2.431115 0.146859
v -0.039359 -0.864468 -0.691768
v -0.039359 -0.927331 -0.841788
v 0.006675 -0.967743 -0.825351
v 0.011919 -0.894897 -0.696480
v -0.039359 -0.864468 -0.691768
v -0.039359 -0.935453 -1.300697
v 0.004694 -0.974207 -1.288084
v 0.004291 -0.980661 -1.750832
v -0.039359 -0.943574 -1.759605
v -0.004390 -1.023104 -1.741129
v -0.004225 -1.017762 -1.275233
v -0.039359 -1.049464 -1.729903
v -0.039359 -1.045159 -1.260675
v 0.002060 -0.987106 -2.213594
v -0.039359 -0.951697 -2.218514
v 0.001974 -0.993539 -2.676367
v -0.039359 -0.959818 -2.677422
v -0.008630 -1.033789 -2.672936
v -0.008785 -1.028446 -2.207030
v -0.039359 -1.058073 -2.668360
v -0.039359 -1.053769 -2.199132
v -0.000472 -0.999955 -3.139151
v -0.039359 -0.967940 -3.136330
v -0.001198 -1.006350 -3.601938
v -0.039359 -0.976061 -3.595238
v -0.008913 -1.044471 -3.604768
v -0.008430 -1.039131 -3.138849
v -0.039359 -1.066682 -3.606815
v -0.039359 -1.062378 -3.137587
v -0.002907 -1.012723 -4.064722
v -0.039359 -0.984183 -4.054147
v -0.005718 -1.019070 -4.527494
v -0.039359 -0.992304 -4.513055
v -0.012587 -1.055136 -4.536621
v -0.010378 -1.049807 -4.070692
v -0.039359 -1.075291 -4.545271
v -0.039359 -1.070987 -4.076043
v -0.072999 -1.019070 -4.527494
v -0.075810 -1.012723 -4.064722
v -0.066130 -1.055136 -4.536621
v -0.068339 -1.049807 -4.070692
v -0.039359 -1.075291 -4.545271
v -0.039359 -1.070987 -4.076043
v -0.077519 -1.006350 -3.601938
v -0.078245 -0.999955 -3.139151
v -0.069804 -1.044471 -3.604768
v -0.070287 -1.039131 -3.138849
v -0.039359 -1.066682 -3.606815
v -0.039359 -1.062378 -3.137587
v -0.080691 -0.993539 -2.676367
v -0.080777 -0.987106 -2.213594
v -0.070087 -1.033789 -2.672936
v -0.069932 -1.028446 -2.207030
v -0.039359 -1.058073 -2.668360
v -0.039359 -1.053769 -2.199132
v -0.083008 -0.980661 -1.750832
v -0.083411 -0.974207 -1.288084
v -0.074326 -1.023104 -1.741129
v -0.074491 -1.017762 -1.275233
v -0.039359 -1.049464 -1.729903
v -0.039359 -1.045159 -1.260675
v -0.085391 -0.967743 -0.825351
v -0.090073 -0.893775 -0.696370
v -0.076235 -1.012420 -0.809341
v -0.105264 -0.944517 -0.699773
v -0.097623 -0.998132 -0.697476
v -0.039359 -1.033615 -0.685856
v -0.039359 -1.040854 -0.791447
v -0.002482 -1.012420 -0.809341
v -0.039359 -1.040854 -0.791447
v -0.039359 -1.033615 -0.685856
v 0.018906 -0.998132 -0.697476
v 0.026547 -0.944517 -0.699773
v 0.016965 5.015732 0.574585
v -0.039359 4.916767 0.599243
v 0.107440 5.093333 0.540721
v 0.221561 5.107941 0.502931
v 0.358750 5.064769 0.447484
v 0.471338 4.954421 0.419659
v 0.518981 4.846294 0.420663
v 0.541921 4.745731 0.416853
v 0.560522 4.633043 0.395099
v 0.568541 4.499617 0.367579
v -0.095682 5.015732 0.574585
v -0.186155 5.093333 0.540721
v -0.300278 5.107941 0.502931
v -0.437466 5.064808 0.447484
v -0.550054 4.954421 0.419659
v -0.597698 4.846294 0.420663
v -0.620638 4.745731 0.416853
v -0.639239 4.633043 0.395099
v -0.647257 4.499617 0.367579
v -0.641566 4.347268 0.333331
v -0.613902 4.189512 0.363598
v -0.556264 4.116728 0.563289
v -0.514545 4.086943 0.655653
v -0.482045 4.104714 0.717423
v -0.452753 4.120732 0.772967
v 0.526454 4.184606 0.640312
v 0.480673 4.187406 0.732504
v 0.471086 4.185818 0.730092
v 0.515765 4.182223 0.640309
v 0.569262 4.211166 0.552450
v 0.558280 4.209043 0.552028
v 0.428622 4.205365 0.798949
v 0.437984 4.206458 0.802400
v 0.477547 4.116728 0.563289
v 0.404832 4.103893 0.714571
v 0.374036 4.120732 0.772967
v 0.435829 4.086943 0.655653
v -0.039359 4.530267 1.042157
v -0.547224 4.181777 1.168982
v -0.555077 4.113810 1.330145
v -0.593831 4.141345 1.162090
v -0.533111 4.235432 0.994285
v -0.632093 4.161659 0.964508
v -0.493185 4.207367 1.171191
v -0.528616 4.082952 1.425498
v -0.578058 4.098569 1.168134
v -0.458790 4.242858 0.965677
v -0.640881 4.090858 0.838457
v -0.087218 3.799541 2.815235
v -0.064402 3.787165 2.838585
v -0.104116 3.822028 2.621273
v -0.160610 3.842675 2.612815
v -0.126356 3.848441 2.482363
v -0.201213 3.877956 2.479417
v -0.145435 3.862568 2.338707
v -0.236837 3.902106 2.340341
v -0.172830 3.882132 2.139051
v -0.288080 3.934528 2.143958
v -0.198238 3.894608 1.932729
v -0.336722 3.957685 1.934103
v -0.227554 3.906622 1.683777
v -0.393586 3.989087 1.682733
v -0.249712 3.909128 1.432366
v -0.437623 4.012702 1.432350
v -0.266079 3.901555 1.253158
v -0.469761 4.029474 1.190881
v -0.039359 3.842693 2.338638
v -0.039359 3.853468 2.137352
v -0.039359 3.858900 1.931250
v -0.235521 3.917380 2.481782
v -0.278726 3.952433 2.344262
v -0.398287 4.027237 1.943589
v -0.339571 3.994364 2.152837
v -0.039359 3.863280 1.683663
v -0.039359 3.853910 1.432348
v -0.039359 3.839986 1.311443
v -0.187435 3.869069 2.616209
v -0.116746 3.819801 2.768429
v -0.039359 3.812072 1.258192
v -0.245549 3.899517 1.173937
v -0.379773 3.956262 1.093326
v -0.496846 4.027701 0.959510
v -0.578058 4.098569 1.168134
v -0.528616 4.082952 1.425498
v -0.467393 4.059774 1.684500
v -0.640881 4.090858 0.838457
v -0.039359 3.774649 2.860028
v -0.039359 3.814286 2.632976
v -0.039359 3.835977 2.487915
v -0.373294 4.190144 0.893750
v -0.452753 4.120732 0.772967
v -0.241812 4.097429 0.762911
v -0.208651 4.190144 0.893750
v -0.039359 4.097429 0.762911
v -0.039359 4.190144 0.893750
v -0.039359 4.391417 1.008261
v -0.177056 4.370164 0.994284
v -0.295972 4.278272 0.959348
v -0.039359 4.525801 1.033178
v -0.202674 4.433773 1.030448
v -0.203904 4.438025 1.039371
v -0.039359 4.530267 1.042157
v -0.351350 4.337791 0.977791
v -0.347958 4.333364 0.968180
v -0.446937 4.242482 0.886609
v -0.438860 4.239903 0.881757
v -0.516701 4.206458 0.802401
v -0.507339 4.205366 0.798949
v -0.448070 1.986778 -0.508316
v -0.314387 1.899539 -0.353659
v -0.346745 1.870656 -0.305959
v -0.476682 1.960699 -0.471101
v -0.319588 1.823896 -0.334916
v -0.449337 1.915823 -0.496207
v -0.322340 1.763554 -0.336475
v -0.446039 1.857574 -0.509760
v -0.209106 1.764495 -0.128342
v -0.150306 1.794762 -0.142323
v -0.222747 1.668194 -0.174494
v -0.190839 1.723347 -0.163421
v -0.575872 2.068743 -0.591305
v -0.532001 2.082013 -0.605413
v -0.647769 2.210822 -0.689194
v -0.598781 2.231554 -0.702861
v -0.634855 2.159008 -0.734132
v -0.558709 2.009676 -0.630152
v -0.660035 2.137008 -0.772601
v -0.609068 1.929931 -0.742937
v -0.550148 1.925452 -0.655834
v -0.593914 1.852844 -0.725104
v -0.536334 1.858326 -0.657917
v -0.684879 2.140734 -0.807738
v -0.658757 1.937383 -0.813211
v -0.707044 2.144836 -0.839103
v -0.703088 1.945587 -0.875940
v -0.700012 1.803385 -0.880503
v -0.644420 1.840870 -0.799784
v -0.620956 1.783040 -0.788272
v -0.682493 1.723806 -0.860180
v -0.743275 1.779607 -0.940700
v -0.737143 1.954523 -0.923714
v -0.736849 1.543635 -0.923636
v -0.559044 1.797797 -0.707501
v -0.724072 2.149305 -0.862990
v -0.506529 1.809790 -0.639833
v -0.427359 1.789298 -0.506181
v -0.324601 1.696743 -0.339039
v -0.237634 1.612686 -0.192478
v -0.707649 2.330467 -0.800314
v -0.721478 2.383692 -0.773999
v -0.665560 2.416839 -0.764464
v -0.742747 2.425494 -0.784258
v -0.688542 2.455582 -0.790920
v -0.731701 2.483197 -0.846220
v -0.756539 2.430987 -0.809851
v -0.769250 2.433018 -0.898315
v -0.795350 2.412423 -0.850572
v -0.978148 2.294741 -1.096988
v -0.953293 2.314373 -1.136349
v -1.137335 2.195729 -1.374381
v -1.160945 2.177059 -1.343404
v -1.333204 1.863099 -1.548293
v -1.331194 1.869044 -1.568743
v -1.456531 1.537942 -1.724952
v -1.100257 2.124689 -1.321397
v -1.271650 1.838863 -1.505688
v -1.416821 1.519989 -1.692708
v -0.936956 2.267635 -1.097135
v -1.513243 1.333681 -1.819974
v -0.785656 2.409058 -0.847702
v -0.417574 1.961704 -0.532522
v -0.288297 1.871576 -0.393155
v -0.314387 1.899539 -0.353659
v -0.448070 1.986778 -0.508316
v -0.442126 1.918482 -0.511298
v -0.308233 1.821510 -0.353733
v -0.311833 1.764098 -0.340578
v -0.438819 1.858516 -0.517975
v -0.150306 1.794762 -0.142323
v -0.124651 1.756438 -0.181055
v -0.167736 1.715707 -0.184122
v -0.207892 1.665431 -0.191646
v -0.551781 2.009949 -0.635375
v -0.540479 1.911785 -0.658356
v -0.516994 2.054614 -0.641235
v -0.584538 2.204637 -0.744037
v -0.598781 2.231554 -0.702861
v -0.532001 2.082013 -0.605413
v -0.628303 2.158904 -0.739589
v -0.324601 1.696743 -0.339039
v -0.237634 1.612686 -0.192478
v -0.427359 1.789298 -0.506181
v -0.531437 1.864293 -0.660041
v -0.592889 1.862451 -0.730054
v -0.506529 1.809790 -0.639833
v -0.559044 1.797797 -0.707501
v -0.620956 1.783040 -0.788272
v -0.642787 1.851461 -0.804222
v -0.682493 1.723806 -0.860180
v -0.696495 1.812049 -0.883894
v -0.654383 1.937172 -0.817272
v -0.697877 1.945189 -0.880943
v -0.605782 1.929973 -0.746464
v -0.736849 1.543635 -0.923636
v -0.740219 1.779251 -0.943588
v -0.731052 1.953917 -0.929638
v -0.701351 2.144396 -0.844450
v -0.717939 2.148760 -0.868798
v -0.679604 2.140388 -0.812615
v -0.655304 2.136788 -0.777211
v -0.704826 2.343603 -0.807958
v -0.684542 2.371630 -0.810169
v -0.665560 2.416839 -0.764464
v -0.680214 2.410841 -0.832252
v -0.688542 2.455582 -0.790920
v -0.731701 2.483197 -0.846220
v -0.711379 2.409118 -0.859049
v -0.731743 2.409137 -0.899717
v -0.769250 2.433018 -0.898315
v -0.953293 2.314373 -1.136349
v -0.922902 2.291737 -1.139540
v -1.114061 2.174338 -1.379363
v -1.137335 2.195729 -1.374381
v -1.303859 1.862284 -1.572322
v -1.321064 1.867473 -1.576550
v -1.331194 1.869044 -1.568743
v -1.433843 1.534216 -1.741943
v -1.456531 1.537942 -1.724952
v -1.271777 1.841812 -1.517370
v -1.086613 2.118664 -1.318445
v -1.414078 1.520514 -1.703733
v -0.921234 2.259529 -1.091857
v -1.513243 1.333681 -1.819974
v -0.738270 2.398899 -0.887778
v -0.906827 1.982738 -1.148027
v -1.005305 1.738834 -1.252958
v -1.008403 1.735694 -1.241414
v -0.911034 1.975936 -1.123204
v -0.934162 1.990942 -1.147882
v -1.017780 1.742308 -1.251759
v -0.825386 2.137824 -0.995208
v -0.805784 2.173793 -1.000786
v -0.836699 2.188434 -0.997134
v -1.082330 1.433812 -1.314411
v -0.704742 2.364848 -0.853545
v -0.739738 2.299713 -0.867212
v -0.745368 2.128123 -0.909272
v -0.714579 2.159090 -0.902538
v -0.724417 1.953330 -0.951531
v -0.731052 1.953917 -0.929638
v -0.717939 2.148760 -0.868798
v -0.750999 1.956533 -0.951332
v -0.736912 1.777556 -0.954294
v -0.750350 1.777201 -0.954346
v -0.736849 1.543635 -0.923636
v -0.740219 1.779251 -0.943588
v -0.704826 2.343603 -0.807958
v -0.680214 2.410841 -0.832252
v -0.684542 2.371630 -0.810169
v -0.711379 2.409118 -0.859049
v -0.738270 2.398899 -0.887778
v -0.764203 2.331489 -0.901856
v -0.921234 2.259529 -1.091857
v -0.904064 2.244581 -1.072349
v -1.086613 2.118664 -1.318445
v -1.068892 2.103237 -1.298309
v -1.271777 1.841812 -1.517370
v -1.240188 1.826261 -1.483293
v -1.372009 1.509686 -1.645741
v -1.414078 1.520514 -1.703733
v -1.513243 1.333681 -1.819974
v -0.942764 1.984455 -1.120598
v -1.023222 1.739399 -1.239133
v -1.020961 1.742329 -1.249054
v -0.940504 1.991070 -1.142471
v -0.917836 1.976333 -1.118297
v -1.011794 1.735863 -1.238934
v -0.848001 2.183474 -0.964738
v -0.832450 2.136265 -0.991048
v -0.843229 2.188811 -0.991927
v -1.082330 1.433812 -1.314411
v -0.748900 2.400276 -0.798697
v -0.797646 2.332477 -0.909634
v -0.785656 2.409058 -0.847702
v -0.936956 2.267635 -1.097135
v -0.910584 2.244758 -1.067158
v -1.100257 2.124689 -1.321397
v -1.075213 2.102964 -1.292931
v -1.271650 1.838863 -1.505688
v -1.236768 1.822234 -1.469324
v -1.372009 1.509686 -1.645741
v -1.416821 1.519989 -1.692708
v -1.513243 1.333681 -1.819974
v -0.747064 2.296195 -0.863801
v -0.759863 2.169921 -0.862906
v -0.752338 2.126710 -0.904966
v -0.757613 1.957224 -0.946131
v -0.766487 1.957350 -0.916933
v -0.724072 2.149305 -0.862990
v -0.737143 1.954523 -0.923714
v -0.758136 1.779335 -0.937487
v -0.743275 1.779607 -0.940700
v -0.736849 1.543635 -0.923636
v -0.753699 1.777472 -0.951824
v -0.707649 2.330467 -0.800314
v -0.742747 2.425494 -0.784258
v -0.721478 2.383692 -0.773999
v -0.756539 2.430987 -0.809851
v -0.971063 2.016395 -1.176054
v -0.940504 1.991070 -1.142471
v -1.020961 1.742329 -1.249054
v -1.077892 1.766902 -1.311213
v -0.858509 2.201475 -1.008719
v -0.843229 2.188811 -0.991927
v -1.082330 1.433812 -1.314411
v -1.125363 1.600128 -1.391382
v -1.162410 1.790176 -1.395898
v -1.223946 1.656744 -1.497432
v -1.236768 1.822234 -1.469324
v -1.023180 2.058257 -1.234303
v -1.075213 2.102964 -1.292931
v -1.372009 1.509686 -1.645741
v -0.910584 2.244758 -1.067158
v -0.884567 2.222404 -1.037845
v -0.797646 2.332477 -0.909634
v -1.125363 1.600128 -1.391382
v -1.082330 1.433812 -1.314411
v -1.017780 1.742308 -1.251759
v -1.074125 1.766880 -1.314426
v -0.964783 2.016395 -1.181495
v -0.934162 1.990942 -1.147882
v -1.223946 1.656744 -1.497432
v -1.157638 1.790220 -1.399943
v -1.372009 1.509686 -1.645741
v -1.240188 1.826261 -1.483293
v -1.016859 2.058382 -1.239724
v -0.852010 2.201160 -1.013942
v -0.878047 2.222154 -1.043055
v -1.068892 2.103237 -1.298309
v -0.904064 2.244581 -1.072349
v -0.836699 2.188434 -0.997134
v -0.764203 2.331489 -0.901856
v -0.923571 1.799972 -1.150016
v -0.874489 1.970724 -1.073850
v -0.834407 1.966183 -1.033265
v -0.855233 1.824755 -1.079533
v -0.861303 1.700531 -1.088115
v -0.975374 1.628322 -1.211348
v -1.011794 1.735863 -1.238934
v -0.917836 1.976333 -1.118297
v -1.082330 1.433812 -1.314411
v -0.797548 1.808889 -1.015401
v -0.789783 1.957642 -0.986056
v -0.753699 1.777472 -0.951824
v -0.736849 1.543635 -0.923636
v -0.783295 1.674641 -1.002869
v -0.757613 1.957224 -0.946131
v -0.752338 2.126710 -0.904966
v -0.768423 2.126919 -0.924928
v -0.832450 2.136265 -0.991048
v -0.790735 2.131189 -0.948533
v -0.747064 2.296195 -0.863801
v -0.810776 2.133460 -0.968825
v -0.783734 2.132686 -0.952782
v -0.803765 2.134999 -0.973043
v -0.867791 1.970284 -1.078873
v -0.827730 1.965659 -1.038351
v -0.920223 1.799764 -1.152506
v -0.851884 1.824523 -1.082033
v -0.861303 1.700531 -1.088115
v -0.975374 1.628322 -1.211348
v -1.008403 1.735694 -1.241414
v -1.082330 1.433812 -1.314411
v -0.911034 1.975936 -1.123204
v -0.794199 1.808658 -1.017902
v -0.783295 1.674641 -1.002869
v -0.750350 1.777201 -0.954346
v -0.750999 1.956533 -0.951332
v -0.783148 1.957056 -0.991184
v -0.736849 1.543635 -0.923636
v -0.761443 2.128384 -0.929198
v -0.745368 2.128123 -0.909272
v -0.739738 2.299713 -0.867212
v -0.825386 2.137824 -0.995208
v -0.728495 -0.467300 0.182308
v -0.803664 -0.467300 -0.049145
v -0.725212 -0.078753 0.041730
v -0.655123 -0.081846 0.245873
v -0.634384 0.301206 0.094650
v -0.574582 0.300557 0.287283
v -0.572567 0.720014 0.127705
v -0.518423 0.719907 0.302863
v -0.546758 1.099799 0.119470
v -0.493369 1.099777 0.276434
v -0.540185 1.494243 0.092747
v -0.485291 1.494243 0.231814
v -0.764410 -0.717691 0.142785
v -0.855594 -0.701546 -0.105928
v -0.780126 -0.957824 0.099638
v -0.893122 -0.906490 -0.164887
v -0.544772 -0.467300 0.377350
v -0.489918 -0.084050 0.401035
v -0.297758 -0.467300 0.510427
v -0.307952 -0.759038 0.503382
v -0.573097 -0.741582 0.369003
v -0.301306 -1.035248 0.456702
v -0.578156 -1.010885 0.314707
v -0.269020 -0.083515 0.507520
v -0.431053 0.300095 0.422304
v -0.239061 0.300207 0.506303
v -0.389532 0.719831 0.418540
v -0.217109 0.719850 0.490936
v -0.369753 1.099761 0.385655
v -0.207305 1.099765 0.450422
v -0.361804 1.494243 0.329439
v -0.203565 1.494243 0.383774
v -0.346824 1.837327 0.271829
v -0.207546 1.837327 0.317122
v -0.288375 -1.235577 0.352582
v -0.558640 -1.189034 0.251571
v -0.263315 -1.395002 0.216379
v -0.497197 -1.422676 0.145318
v -0.216318 -1.511692 0.061435
v -0.381417 -1.543037 0.032294
v -0.207715 -1.581755 -0.126645
v -0.338635 -1.609359 -0.123258
v -0.039359 0.720014 0.523932
v -0.039359 0.301206 0.542086
v -0.039359 -0.078753 0.540163
v -0.039359 -0.467300 0.541933
v -0.039359 -0.760477 0.535417
v -0.039359 -1.037395 0.489284
v -0.039359 -1.570259 -0.127650
v -0.039359 -1.504135 0.070290
v -0.039359 -1.395534 0.242288
v -0.039359 -1.252970 0.376042
v -0.803664 -0.467300 -0.049145
v -0.729152 -0.468681 -0.284020
v -0.658708 -0.078192 -0.175953
v -0.725212 -0.078753 0.041730
v -0.574955 0.301323 -0.101165
v -0.634384 0.301206 0.094650
v -0.518255 0.720033 -0.048281
v -0.572567 0.720014 0.127705
v -0.492486 1.099802 -0.036770
v -0.546758 1.099799 0.119470
v -0.484377 1.494243 -0.045180
v -0.540185 1.494243 0.092747
v -0.855594 -0.701546 -0.105928
v -0.771473 -0.703273 -0.357660
v -0.893122 -0.906490 -0.164887
v -0.795300 -0.907376 -0.407682
v -0.492678 -0.078376 -0.320443
v -0.544420 -0.469663 -0.439669
v -0.271879 -0.078753 -0.399670
v -0.300255 -0.469458 -0.522450
v -0.578067 -0.728226 -0.528107
v -0.320956 -0.742399 -0.612580
v -0.591155 -0.910811 -0.575445
v -0.322098 -0.932593 -0.679259
v -0.239650 0.301206 -0.312030
v -0.431375 0.301285 -0.233829
v -0.217187 0.720014 -0.238568
v -0.389429 0.720026 -0.167202
v -0.207410 1.099799 -0.210560
v -0.369099 1.099801 -0.145708
v -0.203676 1.494243 -0.197299
v -0.361111 1.494243 -0.142583
v -0.203947 1.837327 -0.218470
v -0.346658 1.814310 -0.168011
v -0.573964 -1.198099 -0.566355
v -0.293236 -1.248870 -0.619457
v -0.493751 -1.435457 -0.486132
v -0.253069 -1.423611 -0.493361
v -0.378152 -1.564997 -0.287946
v -0.219398 -1.526005 -0.300564
v -0.338635 -1.609359 -0.123258
v -0.207715 -1.581755 -0.126645
v -0.039359 -1.527542 -0.294885
v -0.039359 -1.410042 -0.496324
v -0.039359 -1.570259 -0.127650
v -0.039359 -1.242790 -0.603898
v -0.039359 -1.033615 -0.685856
v -0.097623 -0.998132 -0.697476
v -0.105264 -0.944517 -0.699773
v -0.090636 -0.894897 -0.696480
v -0.039359 -0.743677 -0.621779
v -0.039359 -0.467300 -0.549897
v -0.039359 -0.078753 -0.428207
v -0.039359 0.301206 -0.346810
v -0.039359 0.720014 -0.271250
v -0.039359 1.099799 -0.242603
v -0.039359 1.494243 -0.224443
v -0.039359 1.837327 -0.234569
v -0.039359 2.050649 -0.228971
v -0.185202 2.050045 -0.224675
v -0.154626 2.259829 -0.196623
v -0.269954 2.259161 -0.181308
v -0.311739 2.039381 -0.192540
v -0.361342 2.269417 -0.164990
v -0.411520 2.053783 -0.167042
v -0.039359 2.261532 -0.204137
v -0.444366 2.295516 -0.169031
v -0.487713 2.083185 -0.164208
v -0.039359 2.414495 -0.168605
v -0.129222 2.414361 -0.158544
v -0.220969 2.414146 -0.144784
v -0.521032 1.884595 -0.081727
v -0.462175 1.803040 -0.089715
v -0.569918 1.834444 0.045619
v -0.535198 1.760702 0.051138
v -0.099947 2.492148 -0.073837
v -0.155599 2.492747 -0.055156
v -0.304896 2.428597 -0.114352
v -0.201719 2.491852 -0.013576
v -0.138795 2.538683 -0.018924
v -0.176227 2.533097 0.023631
v -0.237615 2.483908 0.050876
v -0.191493 2.522709 0.071845
v -0.317142 2.473257 0.037738
v -0.408584 2.441428 -0.112423
v -0.411975 2.488294 0.034029
v -0.093655 2.540780 -0.049675
v -0.039359 2.492004 -0.088913
v -0.039359 2.541525 -0.065569
v -0.468022 1.819932 0.192861
v -0.535198 1.760702 0.051138
v -0.523083 1.896375 0.179405
v -0.569918 1.834444 0.045619
v -0.499317 2.060307 0.226708
v -0.428416 2.035719 0.224105
v -0.377580 2.242014 0.212501
v -0.302354 2.219183 0.225862
v -0.323551 2.032557 0.251946
v -0.183742 2.199169 0.241672
v -0.197893 2.031111 0.283372
v -0.039359 2.193206 0.251854
v -0.039359 2.029736 0.298166
v -0.457484 2.267956 0.221601
v -0.039359 1.837327 0.341712
v -0.039359 1.494243 0.409938
v -0.039359 1.099799 0.481742
v -0.152897 2.346152 0.185634
v -0.039359 2.332620 0.196771
v -0.039359 2.404672 0.187126
v -0.128523 2.410502 0.175992
v -0.245347 2.374996 0.171079
v -0.194818 2.430606 0.156133
v -0.158571 2.484620 0.166386
v -0.187649 2.506228 0.117667
v -0.232850 2.455544 0.113630
v -0.191493 2.522709 0.071845
v -0.237615 2.483908 0.050876
v -0.115181 2.469314 0.195664
v -0.039359 2.463050 0.211509
v -0.313115 2.419765 0.130812
v -0.317142 2.473257 0.037738
v -0.411975 2.488294 0.034029
v -0.415320 2.431115 0.146859
v -0.789513 -1.093650 -0.406255
v -0.774662 -1.299195 -0.340621
v -0.894730 -1.054412 -0.171927
v -0.881359 -1.203824 -0.162275
v -0.773532 -1.117808 0.070915
v -0.894730 -1.054412 -0.171927
v -0.881359 -1.203824 -0.162275
v -0.766381 -1.304047 0.031428
v -0.632759 2.110579 0.039888
v -0.649261 2.089184 -0.109090
v -0.727000 1.968345 0.045299
v -0.700762 2.036622 0.183406
v -0.710934 2.130418 0.139585
v -0.691759 2.161908 0.233665
v -0.835443 2.160091 0.232381
v -0.675212 2.339604 0.243154
v -0.989791 2.189465 0.270746
v -0.660800 2.488466 0.186789
v -1.125443 2.205008 0.191031
v -0.656845 2.559303 0.038288
v -1.154703 2.198404 0.043082
v -0.657540 2.504432 -0.116258
v -1.054686 2.172814 -0.082775
v -0.667393 2.366267 -0.172456
v -0.915160 2.140329 -0.182484
v -0.686721 2.174356 -0.174667
v -0.766359 2.114755 -0.204842
v -0.698895 2.022055 -0.103401
v -0.649261 2.089184 -0.109090
v -0.727000 1.968345 0.045299
v -0.639479 1.910714 0.044164
v -0.603077 1.962137 -0.091310
v -0.533038 2.474505 -0.116229
v -0.534147 2.526154 0.035271
v -0.537692 2.461740 0.171413
v -0.565557 2.306988 0.236376
v -0.595574 2.111277 0.232808
v -0.604976 1.975121 0.179264
v -0.639479 1.910714 0.044164
v -0.457484 2.267956 0.221601
v -0.499317 2.060307 0.226708
v -0.523083 1.896375 0.179405
v -0.569918 1.834444 0.045619
v -0.408584 2.441428 -0.112423
v -0.444366 2.295516 -0.169031
v -0.555200 2.335164 -0.174536
v -0.586602 2.130941 -0.170609
v -0.521032 1.884595 -0.081727
v -0.569918 1.834444 0.045619
v -0.487713 2.083185 -0.164208
v -0.411975 2.488294 0.034029
v -0.415320 2.431115 0.146859
v -0.039359 -0.864468 -0.691768
v -0.442008 4.910290 -0.155043
v -0.462681 5.137908 -0.228246
v -0.540928 5.137084 -0.209265
v -0.541010 4.911278 -0.127446
v -0.545853 4.727485 -0.088166
v -0.410490 4.729600 -0.131360
v -0.457425 5.382654 -0.315350
v -0.542890 5.398677 -0.302413
v -0.605096 5.147283 -0.132691
v -0.602501 4.970107 -0.060421
v -0.604238 5.394618 -0.181790
v -0.610734 4.860885 0.041331
v -0.592781 5.353301 -0.033951
v -0.577568 5.173467 -0.048403
v -0.512322 5.186851 -0.007605
v -0.522202 5.360604 0.017024
v -0.603050 5.442752 0.047435
v -0.535626 5.456141 0.120243
v -0.503992 5.074726 0.030455
v -0.579930 5.027752 0.016975
v -0.519025 5.024496 0.142872
v -0.588475 4.942064 0.098556
v -0.449609 5.188618 -0.012030
v -0.419035 5.091977 0.044376
v -0.411520 5.160719 -0.124550
v -0.370298 5.001755 -0.062079
v -0.407712 5.367596 -0.129657
v -0.452618 5.361642 0.014876
v -0.469880 5.458737 0.086788
v -0.457425 5.382654 -0.315350
v -0.462681 5.137908 -0.228246
v -0.442008 4.910290 -0.155043
v -0.311760 4.919999 -0.013797
v -0.410490 4.729600 -0.131360
v -0.288973 5.049710 0.106190
v -0.417534 5.082075 0.175637
v -0.292263 5.110855 0.212171
v -0.303336 5.610573 -0.205880
v -0.376072 5.648556 -0.028458
v -0.295955 5.666006 -0.229162
v -0.365439 5.700684 -0.061334
v -0.508561 5.652464 -0.017769
v -0.502934 5.701660 -0.051502
v -0.345924 5.631111 -0.392671
v -0.357566 5.575204 -0.373259
v -0.644227 5.634102 -0.090607
v -0.642867 5.685740 -0.124843
v -0.637265 5.600509 -0.235002
v -0.635695 5.656986 -0.255266
v -0.568430 5.573785 -0.357954
v -0.565162 5.630177 -0.377961
v -0.357566 5.575204 -0.373259
v -0.345924 5.631111 -0.392671
v -0.362110 5.837299 -0.473120
v -0.508932 5.842941 -0.461543
v -0.475644 6.095435 -0.571083
v -0.375082 6.090440 -0.581155
v -0.447510 6.348562 -0.686227
v -0.375891 6.344718 -0.694112
v -0.478189 6.366782 -0.626027
v -0.524396 6.118575 -0.492070
v -0.476502 6.379202 -0.558308
v -0.523228 6.143634 -0.407381
v -0.423299 6.384749 -0.522238
v -0.450641 6.157794 -0.363358
v -0.374242 6.386605 -0.527496
v -0.380229 6.152539 -0.365952
v -0.353552 6.366894 -0.613013
v -0.345862 6.118845 -0.473500
v -0.375891 6.344718 -0.694112
v -0.375082 6.090440 -0.581155
v -0.374424 6.595129 -0.809780
v -0.425110 6.597107 -0.804601
v -0.358740 7.049358 -1.027584
v -0.438049 6.609799 -0.753803
v -0.431441 6.619256 -0.715118
v -0.397813 6.624497 -0.692300
v -0.365861 6.623950 -0.692907
v -0.352712 6.609034 -0.752447
v -0.374424 6.595129 -0.809780
v -0.384969 5.914500 -0.203269
v -0.330970 5.874693 -0.339418
v -0.362110 5.837299 -0.473120
v -0.482907 5.918019 -0.197714
v -0.583938 5.903065 -0.256244
v -0.585574 5.874134 -0.356687
v -0.408448 5.056864 0.614284
v -0.290701 5.063102 0.686702
v -0.052517 4.553631 1.021494
v -0.075367 4.560733 1.027642
v -0.052034 4.700231 1.000524
v -0.053538 4.388626 1.000906
v -0.130524 4.427765 1.023539
v 0.653863 3.826209 0.761076
v 0.682577 3.870160 0.790457
v 0.721520 3.895922 0.796397
v 0.685525 3.836641 0.756962
v 0.599362 3.733441 0.702800
v 0.627341 3.735758 0.695094
v 0.543282 3.628920 0.640145
v 0.566802 3.622464 0.629614
v 0.464100 3.453251 0.542561
v 0.485211 3.446697 0.536331
v 0.390488 3.273955 0.449887
v 0.409361 3.267690 0.447869
v 0.342322 3.135903 0.386496
v 0.357491 3.126531 0.385392
v 0.318426 3.114334 0.403577
v 0.338209 3.100055 0.403407
v 0.682577 3.870160 0.790457
v 0.612424 3.870741 0.835864
v 0.611922 3.890247 0.851708
v 0.721520 3.895922 0.796397
v 0.464176 3.877189 0.930352
v 0.464529 3.863186 0.913993
v 0.320880 3.821366 1.010339
v 0.319473 3.808359 0.993656
v 0.166718 3.747124 1.080002
v 0.164344 3.733263 1.060554
v -0.039359 3.625742 1.158040
v -0.039359 3.610974 1.133142
v 0.338209 3.100055 0.403407
v 0.336067 3.131138 0.441116
v 0.316239 3.143262 0.440960
v 0.318426 3.114334 0.403577
v 0.307643 3.218508 0.534001
v 0.328329 3.197704 0.537307
v 0.293378 3.274661 0.662615
v 0.315595 3.249251 0.667629
v 0.270701 3.299704 0.807964
v 0.292261 3.272382 0.815943
v 0.244805 3.299537 0.936132
v 0.263962 3.269085 0.951248
v 0.181805 3.294497 0.987981
v 0.193339 3.259269 1.018150
v 0.087936 3.289790 1.020132
v 0.094785 3.252288 1.055092
v -0.039359 3.286024 1.031987
v -0.039359 3.247602 1.068358
v -0.732617 3.826193 0.761100
v -0.678079 3.733441 0.702800
v -0.706058 3.735758 0.695094
v -0.764260 3.836634 0.756973
v -0.761295 3.870160 0.790457
v -0.800237 3.895922 0.796397
v -0.645526 3.622457 0.629619
v -0.622012 3.628907 0.640157
v -0.563929 3.446695 0.536334
v -0.542820 3.453248 0.542563
v -0.488077 3.267692 0.447866
v -0.469204 3.273958 0.449884
v -0.436208 3.126531 0.385392
v -0.421039 3.135903 0.386496
v -0.416926 3.100055 0.403407
v -0.397144 3.114334 0.403577
v -0.800237 3.895922 0.796397
v -0.690678 3.890238 0.851779
v -0.691222 3.870718 0.836011
v -0.761295 3.870160 0.790457
v -0.543246 3.863186 0.913993
v -0.542894 3.877189 0.930352
v -0.398201 3.808353 0.993672
v -0.399601 3.821364 1.010346
v -0.243062 3.733263 1.060554
v -0.245434 3.747124 1.080002
v -0.039359 3.610974 1.133142
v -0.039359 3.625742 1.158040
v -0.397144 3.114334 0.403577
v -0.394956 3.143262 0.440960
v -0.414784 3.131138 0.441116
v -0.416926 3.100055 0.403407
v -0.407047 3.197704 0.537307
v -0.386360 3.218508 0.534001
v -0.394312 3.249251 0.667629
v -0.372095 3.274661 0.662615
v -0.370978 3.272381 0.815943
v -0.349418 3.299704 0.807964
v -0.342590 3.269056 0.951194
v -0.323340 3.299472 0.936021
v -0.272014 3.259239 1.018071
v -0.260435 3.294432 0.987819
v -0.173499 3.252281 1.055074
v -0.166646 3.289775 1.020098
v -0.039359 3.247602 1.068358
v -0.039359 3.286024 1.031987
v 0.611243 3.844905 0.732948
v 0.630241 3.873383 0.756719
v 0.682577 3.870160 0.790457
v 0.653863 3.826209 0.761076
v 0.599362 3.733441 0.702800
v 0.561075 3.760400 0.672353
v 0.543282 3.628920 0.640145
v 0.510899 3.662548 0.610314
v 0.464100 3.453251 0.542561
v 0.435287 3.484596 0.507229
v 0.390488 3.273955 0.449887
v 0.365491 3.302994 0.409830
v 0.342322 3.135903 0.386496
v 0.318079 3.148433 0.341752
v 0.318426 3.114334 0.403577
v 0.286647 3.102275 0.391267
v -0.689960 3.844905 0.732948
v -0.732617 3.826193 0.761100
v -0.761295 3.870160 0.790457
v -0.708958 3.873383 0.756719
v -0.678079 3.733441 0.702800
v -0.639792 3.760400 0.672353
v -0.622012 3.628907 0.640157
v -0.589616 3.662548 0.610314
v -0.542820 3.453248 0.542563
v -0.514004 3.484596 0.507229
v -0.469204 3.273958 0.449884
v -0.444208 3.302994 0.409830
v -0.421039 3.135903 0.386496
v -0.396796 3.148433 0.341752
v -0.397144 3.114334 0.403577
v -0.365364 3.102275 0.391267
v 0.164344 3.733263 1.060554
v 0.135936 3.753736 1.017536
v -0.039359 3.645848 1.083125
v -0.039359 3.610974 1.133142
v 0.319473 3.808359 0.993656
v 0.290610 3.824396 0.949235
v 0.464529 3.863186 0.913993
v 0.436056 3.873180 0.867736
v 0.612424 3.870741 0.835864
v 0.583398 3.879066 0.783476
v 0.682577 3.870160 0.790457
v 0.630241 3.873383 0.756719
v 0.316239 3.143262 0.440960
v 0.268886 3.120848 0.457377
v 0.286647 3.102275 0.391267
v 0.318426 3.114334 0.403577
v 0.307643 3.218508 0.534001
v 0.256608 3.200087 0.540546
v 0.293378 3.274661 0.662615
v 0.240721 3.257948 0.660635
v 0.270701 3.299704 0.807964
v 0.217966 3.284574 0.799968
v 0.244805 3.299537 0.936132
v 0.203610 3.285014 0.910881
v 0.181805 3.294497 0.987981
v 0.157602 3.276206 0.942722
v 0.087936 3.289790 1.020132
v 0.077972 3.268880 0.970213
v -0.039359 3.286024 1.031987
v -0.039359 3.264726 0.981049
v -0.243062 3.733263 1.060554
v -0.039359 3.610974 1.133142
v -0.039359 3.645848 1.083125
v -0.214653 3.753736 1.017536
v -0.398201 3.808353 0.993672
v -0.369327 3.824396 0.949235
v -0.543246 3.863186 0.913993
v -0.514772 3.873180 0.867736
v -0.691222 3.870718 0.836011
v -0.662115 3.879066 0.783476
v -0.761295 3.870160 0.790457
v -0.708958 3.873383 0.756719
v -0.394956 3.143262 0.440960
v -0.397144 3.114334 0.403577
v -0.365364 3.102275 0.391267
v -0.347603 3.120848 0.457377
v -0.386360 3.218508 0.534001
v -0.335325 3.200087 0.540546
v -0.372095 3.274661 0.662615
v -0.319438 3.257948 0.660635
v -0.349418 3.299704 0.807964
v -0.296682 3.284574 0.799968
v -0.323340 3.299472 0.936021
v -0.282327 3.285014 0.910881
v -0.260435 3.294432 0.987819
v -0.236319 3.276206 0.942722
v -0.166646 3.289775 1.020098
v -0.156689 3.268880 0.970213
v -0.039359 3.286024 1.031987
v -0.039359 3.264726 0.981049
v -0.186774 4.545820 1.046819
v -0.209617 4.647840 1.028767
v -0.176474 4.655004 1.027801
v -0.144947 4.642536 1.029145
v -0.123476 4.617677 1.031717
v -0.111874 4.590179 1.033918
v -0.107375 4.563635 1.034488
v -0.107659 4.538423 1.034716
v -0.112639 4.513846 1.034651
v -0.123263 4.489986 1.034335
v -0.139651 4.466438 1.032890
v -0.165198 4.450144 1.031341
v -0.196055 4.445462 1.030440
v -0.225053 4.456868 1.031101
v -0.245832 4.478577 1.032614
v -0.257549 4.503795 1.033329
v -0.264525 4.528312 1.033399
v -0.266682 4.553264 1.033257
v -0.261799 4.578186 1.033105
v -0.252398 4.603570 1.032655
v -0.234886 4.627055 1.031050
v 0.210652 4.596147 1.028952
v 0.273394 4.638762 1.006148
v 0.280257 4.615173 1.007692
v 0.260823 4.662028 1.005754
v 0.240682 4.684394 1.005739
v 0.211710 4.696557 1.008767
v 0.180139 4.694662 1.014785
v 0.155812 4.675435 1.023249
v 0.139765 4.651322 1.030354
v 0.131439 4.625394 1.035356
v 0.128492 4.599583 1.038558
v 0.130615 4.573737 1.040520
v 0.140683 4.549391 1.040773
v 0.154369 4.524720 1.039176
v 0.175511 4.502078 1.034968
v 0.205386 4.491611 1.029082
v 0.236691 4.496807 1.022829
v 0.260912 4.516976 1.018159
v 0.274957 4.542750 1.014899
v 0.281166 4.568100 1.011807
v 0.283236 4.591911 1.009321
v -0.601271 4.361858 0.087505
v -0.522813 4.197296 0.125537
v -0.459268 4.213519 0.059029
v -0.536759 4.376057 0.021465
v -0.348901 4.084527 0.129845
v -0.411071 4.066698 0.197236
v -0.219040 4.002950 0.226620
v -0.276982 3.982849 0.295585
v -0.077494 3.974414 0.340571
v -0.136249 3.955194 0.410591
v 0.059305 4.002950 0.460179
v 0.002255 3.984087 0.531691
v 0.177963 4.085768 0.573738
v 0.122393 4.067936 0.646666
v 0.266869 4.214756 0.670131
v 0.212406 4.198534 0.744260
v 0.317318 4.377295 0.739922
v 0.263486 4.363097 0.814921
v 0.324372 4.557468 0.776281
v 0.270627 4.545516 0.851733
v 0.287342 4.737642 0.775647
v 0.233135 4.727935 0.851091
v 0.209850 4.900178 0.738083
v 0.154677 4.892500 0.742922
v 0.102062 5.027932 0.667630
v 0.045512 5.021860 0.741724
v -0.030377 5.110748 0.570492
v -0.088577 5.105708 0.643375
v -0.171923 5.139284 0.456542
v -0.231887 5.134602 0.528004
v -0.308722 5.110748 0.336934
v -0.370391 5.105708 0.406904
v -0.427382 5.027931 0.223375
v -0.490529 5.021860 0.291931
v -0.516287 4.898942 0.126982
v -0.580544 4.891261 0.194337
v -0.566736 4.736404 0.057190
v -0.631622 4.726698 0.123675
v -0.573790 4.556230 0.020832
v -0.638764 4.544279 0.086863
v -0.112227 5.129317 0.385398
v -0.243952 5.101840 0.270226
v -0.358210 5.022093 0.160879
v -0.443819 4.897887 0.068062
v -0.492396 4.741378 0.000858
v -0.499189 4.567887 -0.034151
v -0.463531 4.394397 -0.033543
v -0.388914 4.237886 0.002628
v -0.282641 4.113681 0.070818
v -0.157691 4.035173 0.163990
v -0.021395 4.007695 0.273714
v 0.110331 4.035173 0.388887
v 0.224589 4.114919 0.498234
v 0.310197 4.239125 0.591052
v 0.358774 4.395634 0.658254
v 0.365567 4.569126 0.693264
v 0.329910 4.742616 0.692655
v 0.255292 4.899125 0.656484
v 0.151596 5.022093 0.588658
v 0.024070 5.101839 0.495121
v 0.386833 4.417665 0.571930
v 0.341321 4.271037 0.508970
v 0.393196 4.580200 0.604730
v 0.359791 4.742738 0.604158
v 0.289883 4.889366 0.570271
v 0.192899 5.004491 0.506749
v 0.073423 5.079200 0.419121
v -0.054267 5.104945 0.316324
v -0.177675 5.079200 0.208425
v -0.284719 5.004491 0.105982
v -0.364921 4.888127 0.019025
v -0.410434 4.741500 -0.043934
v -0.416796 4.578964 -0.076734
v -0.383391 4.416426 -0.076163
v -0.313485 4.269799 -0.042276
v -0.213920 4.153436 0.021608
v -0.097024 4.079963 0.108873
v 0.030666 4.054221 0.211668
v 0.154075 4.079964 0.319570
v 0.261118 4.154674 0.422014
v -0.234837 4.308470 -0.074580
v -0.144435 4.202814 -0.016575
v -0.038533 4.136216 0.062628
v 0.077408 4.112842 0.155965
v 0.189460 4.136217 0.253935
v 0.286654 4.204051 0.346952
v 0.359477 4.309708 0.425908
v 0.400800 4.442841 0.483074
v 0.406578 4.590422 0.512856
v 0.376246 4.738003 0.512337
v 0.312773 4.871137 0.481569
v 0.222371 4.976793 0.423563
v 0.116468 5.043391 0.344360
v 0.000527 5.066765 0.251023
v -0.111525 5.043391 0.153052
v -0.208718 4.975555 0.060036
v -0.281541 4.869900 -0.018920
v -0.322865 4.736765 -0.076086
v -0.328642 4.589184 -0.105867
v -0.298311 4.441605 -0.105349
v -0.154907 4.352947 -0.093488
v -0.210385 4.469311 -0.120381
v -0.078470 4.261838 -0.043153
v 0.016346 4.202548 0.026390
v 0.117681 4.182117 0.107970
v 0.215618 4.202548 0.193600
v 0.300568 4.261837 0.274899
v 0.364219 4.354185 0.343909
v 0.400336 4.470550 0.393874
v 0.405386 4.599539 0.419903
v 0.378874 4.728529 0.419450
v 0.323397 4.844893 0.392558
v 0.244383 4.937239 0.341859
v 0.152145 4.995292 0.272680
v 0.050810 5.015722 0.191099
v -0.047127 4.995292 0.105470
v -0.132078 4.936001 0.024170
v -0.195728 4.843656 -0.044840
v -0.231845 4.727290 -0.094804
v -0.236896 4.598300 -0.120833
v 0.095339 4.953070 0.138032
v 0.179576 4.936086 0.205845
v 0.013928 4.936086 0.066851
v -0.056686 4.886802 -0.000729
v -0.109595 4.810037 -0.058094
v -0.139620 4.713311 -0.099628
v -0.143817 4.606086 -0.121264
v -0.121780 4.498863 -0.120888
v -0.075663 4.402135 -0.098533
v -0.012560 4.326609 -0.056753
v 0.066255 4.277325 0.001056
v 0.150491 4.260342 0.068868
v 0.231902 4.277326 0.140049
v 0.302516 4.326610 0.207629
v 0.355426 4.403374 0.264993
v 0.385450 4.500101 0.306527
v 0.389647 4.607325 0.328165
v 0.367609 4.714548 0.327788
v 0.321494 4.811276 0.305433
v 0.255813 4.888040 0.263289
v 0.333317 4.456062 0.191103
v 0.356508 4.530772 0.223184
v 0.359749 4.613589 0.239896
v 0.342728 4.696406 0.239604
v 0.307109 4.771116 0.222339
v 0.256379 4.830406 0.189788
v 0.195504 4.868473 0.145138
v 0.133019 4.880351 0.093125
v 0.070140 4.867234 0.038147
v 0.015599 4.829168 -0.014050
v -0.025267 4.769877 -0.058357
v -0.048456 4.695167 -0.090437
v -0.051698 4.612350 -0.107149
v -0.034677 4.529534 -0.106857
v 0.000942 4.454823 -0.089592
v 0.049094 4.396771 -0.057405
v 0.109970 4.358705 -0.012756
v 0.175032 4.345588 0.039621
v 0.237911 4.358704 0.094600
v 0.292452 4.396771 0.146797
v 0.070446 4.510952 -0.067248
v 0.048780 4.560567 -0.078637
v 0.104977 4.470596 -0.045092
v 0.146412 4.444685 -0.014700
v 0.190699 4.435757 0.020950
v 0.233498 4.444685 0.058373
v 0.270624 4.470596 0.093902
v 0.298440 4.510952 0.124060
v 0.314224 4.561805 0.145897
v 0.316430 4.618176 0.157271
v 0.304845 4.674547 0.157073
v 0.280599 4.725399 0.145320
v 0.246069 4.765756 0.123165
v 0.204633 4.791668 0.092773
v 0.160348 4.800597 0.057122
v 0.120126 4.790430 0.020063
v 0.083001 4.764519 -0.015466
v 0.055185 4.724162 -0.045625
v 0.039401 4.673309 -0.067460
v 0.037194 4.616939 -0.078836
v 0.181742 4.713322 0.031625
v 0.160074 4.708802 0.012682
v 0.141280 4.695684 -0.005305
v 0.127200 4.675254 -0.020571
v 0.119210 4.649513 -0.031625
v 0.118091 4.620975 -0.037384
v 0.123957 4.592437 -0.037283
v 0.136230 4.566696 -0.031335
v 0.153712 4.546266 -0.020118
v 0.174688 4.533147 -0.004733
v 0.197106 4.528627 0.013315
v 0.218773 4.533148 0.032259
v 0.237567 4.546264 0.050245
v 0.251647 4.566696 0.065511
v 0.259638 4.592437 0.076566
v 0.260754 4.620975 0.082325
v 0.254890 4.649511 0.082225
v 0.242617 4.675254 0.076275
v 0.225136 4.695684 0.065059
v 0.204160 4.708802 0.049675
v 0.194095 4.621915 0.016902
v -0.522813 4.197296 0.125537
v -0.601271 4.361858 0.087505
v -0.182745 4.543859 0.469438
v -0.411071 4.066698 0.197236
v -0.276982 3.982849 0.295585
v -0.136249 3.955194 0.410591
v 0.002255 3.984087 0.531691
v 0.122393 4.067936 0.646666
v 0.212406 4.198534 0.744260
v 0.263486 4.363097 0.814921
v 0.270627 4.545516 0.851733
v 0.233135 4.727935 0.851091
v 0.154677 4.892500 0.742922
v 0.045512 5.021860 0.741724
v -0.088577 5.105708 0.643375
v -0.231887 5.134602 0.528004
v -0.370391 5.105708 0.406904
v -0.490529 5.021860 0.291931
v -0.580544 4.891261 0.194337
v -0.631622 4.726698 0.123675
v -0.638764 4.544279 0.086863
v 0.522555 4.361858 0.087505
v 0.458042 4.376057 0.021465
v 0.380551 4.213519 0.059029
v 0.444096 4.197296 0.125537
v 0.270184 4.084527 0.129845
v 0.332354 4.066698 0.197236
v 0.140323 4.002950 0.226620
v 0.198265 3.982849 0.295585
v -0.001223 3.974414 0.340571
v 0.057532 3.955194 0.410591
v -0.138022 4.002950 0.460179
v -0.080972 3.984087 0.531691
v -0.256680 4.085768 0.573738
v -0.201110 4.067936 0.646666
v -0.345587 4.214756 0.670131
v -0.291123 4.198534 0.744260
v -0.396035 4.377295 0.739922
v -0.342203 4.363097 0.814921
v -0.403089 4.557468 0.776281
v -0.349344 4.545516 0.851733
v -0.366059 4.737642 0.775647
v -0.311852 4.727935 0.851091
v -0.288568 4.900178 0.738083
v -0.233394 4.892500 0.742922
v -0.180779 5.027932 0.667630
v -0.124229 5.021860 0.741724
v -0.048340 5.110748 0.570492
v 0.009860 5.105708 0.643375
v 0.093206 5.139284 0.456542
v 0.153170 5.134602 0.528004
v 0.230005 5.110748 0.336934
v 0.291674 5.105708 0.406904
v 0.348665 5.027931 0.223375
v 0.411812 5.021860 0.291931
v 0.437570 4.898942 0.126982
v 0.501826 4.891261 0.194337
v 0.488019 4.736404 0.057190
v 0.552905 4.726698 0.123675
v 0.495073 4.556230 0.020832
v 0.560047 4.544279 0.086863
v 0.033510 5.129317 0.385398
v 0.165235 5.101840 0.270226
v 0.279493 5.022093 0.160879
v 0.365102 4.897887 0.068062
v 0.413679 4.741378 0.000858
v 0.420472 4.567887 -0.034151
v 0.384814 4.394397 -0.033543
v 0.310197 4.237886 0.002628
v 0.203924 4.113681 0.070818
v 0.078974 4.035173 0.163990
v -0.057322 4.007695 0.273714
v -0.189048 4.035173 0.388887
v -0.303306 4.114919 0.498234
v -0.388914 4.239125 0.591052
v -0.437491 4.395634 0.658254
v -0.444284 4.569126 0.693264
v -0.408627 4.742616 0.692655
v -0.334009 4.899125 0.656484
v -0.230313 5.022093 0.588658
v -0.102787 5.101839 0.495121
v -0.465550 4.417665 0.571930
v -0.420038 4.271037 0.508970
v -0.471913 4.580200 0.604730
v -0.438508 4.742738 0.604158
v -0.368600 4.889366 0.570271
v -0.271616 5.004491 0.506749
v -0.152141 5.079200 0.419121
v -0.024450 5.104945 0.316324
v 0.098957 5.079200 0.208425
v 0.206002 5.004491 0.105982
v 0.286204 4.888127 0.019025
v 0.331717 4.741500 -0.043934
v 0.338079 4.578964 -0.076734
v 0.304673 4.416426 -0.076163
v 0.234768 4.269799 -0.042276
v 0.135203 4.153436 0.021608
v 0.018307 4.079963 0.108873
v -0.109384 4.054221 0.211668
v -0.232792 4.079964 0.319570
v -0.339835 4.154674 0.422014
v 0.156120 4.308470 -0.074580
v 0.065718 4.202814 -0.016575
v -0.040184 4.136216 0.062628
v -0.156126 4.112842 0.155965
v -0.268178 4.136217 0.253935
v -0.365371 4.204051 0.346952
v -0.438194 4.309708 0.425908
v -0.479517 4.442841 0.483074
v -0.485295 4.590422 0.512856
v -0.454963 4.738003 0.512337
v -0.391490 4.871137 0.481569
v -0.301088 4.976793 0.423563
v -0.195186 5.043391 0.344360
v -0.079244 5.066765 0.251023
v 0.032808 5.043391 0.153052
v 0.130001 4.975555 0.060036
v 0.202824 4.869900 -0.018920
v 0.244148 4.736765 -0.076086
v 0.249925 4.589184 -0.105867
v 0.219594 4.441605 -0.105349
v 0.076190 4.352947 -0.093488
v 0.131667 4.469311 -0.120381
v -0.000247 4.261838 -0.043153
v -0.095063 4.202548 0.026390
v -0.196398 4.182117 0.107970
v -0.294335 4.202548 0.193600
v -0.379285 4.261837 0.274899
v -0.442936 4.354185 0.343909
v -0.479053 4.470550 0.393874
v -0.484103 4.599539 0.419903
v -0.457592 4.728529 0.419450
v -0.402114 4.844893 0.392558
v -0.323100 4.937239 0.341859
v -0.230862 4.995292 0.272680
v -0.129527 5.015722 0.191099
v -0.031590 4.995292 0.105470
v 0.053361 4.936001 0.024170
v 0.117010 4.843656 -0.044840
v 0.153128 4.727290 -0.094804
v 0.158179 4.598300 -0.120833
v -0.174056 4.953070 0.138032
v -0.258293 4.936086 0.205845
v -0.092645 4.936086 0.066851
v -0.022031 4.886802 -0.000729
v 0.030878 4.810037 -0.058094
v 0.060903 4.713311 -0.099628
v 0.065099 4.606086 -0.121264
v 0.043063 4.498863 -0.120888
v -0.003054 4.402135 -0.098533
v -0.066157 4.326609 -0.056753
v -0.144972 4.277325 0.001056
v -0.229208 4.260342 0.068868
v -0.310619 4.277326 0.140049
v -0.381234 4.326610 0.207629
v -0.434143 4.403374 0.264993
v -0.464167 4.500101 0.306527
v -0.468364 4.607325 0.328165
v -0.446326 4.714548 0.327788
v -0.400211 4.811276 0.305433
v -0.334530 4.888040 0.263289
v -0.412034 4.456062 0.191103
v -0.435225 4.530772 0.223184
v -0.438466 4.613589 0.239896
v -0.421445 4.696406 0.239604
v -0.385826 4.771116 0.222339
v -0.335096 4.830406 0.189788
v -0.274221 4.868473 0.145138
v -0.211736 4.880351 0.093125
v -0.148857 4.867234 0.038147
v -0.094316 4.829168 -0.014050
v -0.053450 4.769877 -0.058357
v -0.030261 4.695167 -0.090437
v -0.027019 4.612350 -0.107149
v -0.044040 4.529534 -0.106857
v -0.079659 4.454823 -0.089592
v -0.127811 4.396771 -0.057405
v -0.188687 4.358705 -0.012756
v -0.253749 4.345588 0.039621
v -0.316628 4.358704 0.094600
v -0.371169 4.396771 0.146797
v -0.149163 4.510952 -0.067248
v -0.127497 4.560567 -0.078637
v -0.183694 4.470596 -0.045092
v -0.225129 4.444685 -0.014700
v -0.269416 4.435757 0.020950
v -0.312215 4.444685 0.058373
v -0.349341 4.470596 0.093902
v -0.377157 4.510952 0.124060
v -0.392941 4.561805 0.145897
v -0.395147 4.618176 0.157271
v -0.383562 4.674547 0.157073
v -0.359316 4.725399 0.145320
v -0.324786 4.765756 0.123165
v -0.283350 4.791668 0.092773
v -0.239065 4.800597 0.057122
v -0.198843 4.790430 0.020063
v -0.161718 4.764519 -0.015466
v -0.133902 4.724162 -0.045625
v -0.118118 4.673309 -0.067460
v -0.115911 4.616939 -0.078836
v -0.260459 4.713322 0.031625
v -0.238791 4.708802 0.012682
v -0.219998 4.695684 -0.005305
v -0.205917 4.675254 -0.020571
v -0.197927 4.649513 -0.031625
v -0.196808 4.620975 -0.037384
v -0.202675 4.592437 -0.037283
v -0.214948 4.566696 -0.031335
v -0.232429 4.546266 -0.020118
v -0.253405 4.533147 -0.004733
v -0.275823 4.528627 0.013315
v -0.297490 4.533148 0.032259
v -0.316284 4.546264 0.050245
v -0.330364 4.566696 0.065511
v -0.338355 4.592437 0.076566
v -0.339471 4.620975 0.082325
v -0.333607 4.649511 0.082225
v -0.321334 4.675254 0.076275
v -0.303853 4.695684 0.065059
v -0.282877 4.708802 0.049675
v -0.272813 4.621915 0.016902
v 0.444096 4.197296 0.125537
v 0.104028 4.543859 0.469438
v 0.522555 4.361858 0.087505
v 0.332354 4.066698 0.197236
v 0.198265 3.982849 0.295585
v 0.057532 3.955194 0.410591
v -0.080972 3.984087 0.531691
v -0.201110 4.067936 0.646666
v -0.291123 4.198534 0.744260
v -0.342203 4.363097 0.814921
v -0.349344 4.545516 0.851733
v -0.311852 4.727935 0.851091
v -0.233394 4.892500 0.742922
v -0.124229 5.021860 0.741724
v 0.009860 5.105708 0.643375
v 0.153170 5.134602 0.528004
v 0.291674 5.105708 0.406904
v 0.411812 5.021860 0.291931
v 0.501826 4.891261 0.194337
v 0.552905 4.726698 0.123675
v 0.560047 4.544279 0.086863
vn -0.3058 0.9083 -0.2855
vn -0.0005 0.9772 -0.2122
vn -0.0000 0.9883 -0.1524
vn -0.5548 0.7950 -0.2453
vn -0.4827 0.7017 -0.5240
vn -0.6607 0.6471 -0.3805
vn -0.0210 0.6725 -0.7398
vn 0.1232 0.8747 -0.4687
vn 0.4251 0.6597 -0.6198
vn 0.5850 0.6600 -0.4713
vn 0.5458 0.6825 -0.4861
vn 0.6084 0.6571 -0.4449
vn 0.7736 0.4931 -0.3980
vn 0.7168 0.5498 -0.4289
vn 0.8114 0.3182 -0.4902
vn 0.8627 0.3191 -0.3923
vn 0.8430 0.5035 -0.1895
vn 0.8993 0.1527 -0.4099
vn 0.6552 0.7397 -0.1534
vn -0.2256 0.9278 -0.2971
vn 0.0947 0.8963 -0.4332
vn -0.1188 0.9133 -0.3896
vn -0.0004 0.9365 -0.3507
vn -0.0004 0.9843 -0.1763
vn 0.0237 0.9369 -0.3489
vn 0.4872 0.8221 -0.2945
vn 0.2699 0.9581 -0.0959
vn -0.0781 0.7860 -0.6133
vn -0.0004 0.8021 -0.5972
vn -0.2224 0.8151 -0.5350
vn -0.0509 0.5971 -0.8005
vn -0.0000 0.6256 -0.7801
vn -0.3483 0.4808 -0.8047
vn -0.0266 0.4288 -0.9030
vn 0.0213 0.1235 -0.9921
vn -0.0000 0.4495 -0.8933
vn -0.0000 0.1301 -0.9915
vn 0.0227 0.1015 -0.9946
vn -0.0000 -0.1943 -0.9809
vn 0.0571 -0.1872 -0.9807
vn 0.2788 -0.3526 -0.8933
vn 0.3465 -0.2441 -0.9057
vn 0.5732 -0.3256 -0.7520
vn 0.3065 -0.3475 -0.8862
vn 0.5242 -0.3480 -0.7772
vn 0.0005 -0.3201 -0.9474
vn -0.0000 -0.3214 -0.9469
vn 0.7831 -0.2250 -0.5798
vn 0.6627 -0.2814 -0.6940
vn 0.5774 -0.2263 -0.7845
vn 0.7803 -0.0889 -0.6191
vn 0.8129 0.1120 -0.5716
vn 0.8862 0.1390 -0.4420
vn 0.8555 -0.0539 -0.5150
vn 0.6890 -0.0939 -0.7186
vn 0.9725 -0.0433 -0.2290
vn 0.7114 -0.1821 -0.6788
vn 0.2510 -0.0340 -0.9674
vn 0.9800 0.1164 -0.1615
vn 0.9785 -0.0270 -0.2046
vn 0.9453 -0.1246 -0.3014
vn 0.8441 -0.1028 -0.5262
vn 0.8607 0.0757 -0.5035
vn 0.7114 -0.2348 -0.6624
vn 0.8321 -0.3551 -0.4260
vn 0.9770 0.0952 -0.1908
vn 0.6890 -0.2480 -0.6810
vn 0.6015 -0.2410 -0.7617
vn 0.8842 -0.4562 -0.1003
vn 0.9794 0.0993 0.1756
vn 0.8479 -0.5121 0.1375
vn 0.8437 0.1345 0.5197
vn 0.7070 -0.5936 0.3845
vn 0.6303 -0.1822 0.7547
vn 0.5152 -0.2476 -0.8205
vn 0.5320 -0.1026 -0.8405
vn 0.5779 -0.1376 -0.8044
vn 0.5624 -0.0541 -0.8251
vn 0.5971 -0.0869 -0.7974
vn 0.5720 -0.0324 -0.8196
vn 0.6453 -0.0790 -0.7598
vn 0.6996 -0.0608 -0.7120
vn 0.5709 0.0217 -0.8207
vn 0.7752 -0.0528 -0.6295
vn 0.9319 -0.2269 -0.2830
vn 0.8502 -0.2330 -0.4720
vn 0.9803 -0.1341 -0.1449
vn 0.9391 -0.2488 0.2371
vn 0.9084 -0.3879 0.1560
vn 0.8483 -0.0025 -0.5295
vn 0.8555 -0.5168 0.0313
vn 0.8135 -0.3049 -0.4952
vn 0.7349 -0.1658 -0.6576
vn 0.7872 -0.2261 -0.5738
vn 0.6840 -0.1592 -0.7119
vn 0.8017 -0.2519 -0.5421
vn 0.6796 -0.2017 -0.7053
vn 0.8127 -0.3025 -0.4980
vn 0.8796 -0.3606 -0.3103
vn 0.8523 -0.2763 -0.4441
vn 0.7824 -0.1931 -0.5921
vn 0.7262 -0.2798 -0.6280
vn 0.6583 -0.7461 0.0996
vn 0.7456 -0.6650 0.0424
vn 0.8984 -0.3057 -0.3152
vn 0.7753 -0.6312 0.0225
vn 0.9037 -0.4282 -0.0013
vn 0.7396 0.6124 0.2791
vn 0.3808 -0.2271 0.8963
vn 0.4007 -0.4979 0.7691
vn 0.8721 -0.4790 0.1005
vn 0.4974 -0.5424 0.6771
vn 0.8531 -0.5041 0.1347
vn 0.5695 -0.5750 0.5874
vn 0.6388 -0.5977 0.4845
vn 0.8471 -0.5142 0.1343
vn 0.8853 -0.4246 -0.1896
vn 0.8203 -0.3451 -0.4561
vn 0.5477 -0.6447 0.5333
vn 0.5648 -0.4081 0.7173
vn 0.4712 -0.6246 0.6228
vn 0.3997 -0.5838 0.7067
vn 0.3160 -0.5397 0.7803
vn 0.2031 -0.4829 0.8518
vn 0.2363 -0.2907 0.9272
vn 0.7602 0.6269 0.1705
vn -0.0000 0.9754 0.2204
vn -0.5777 0.8145 0.0539
vn -0.6913 0.7203 -0.0573
vn 0.0719 0.9922 -0.1013
vn 0.7669 0.6407 -0.0375
vn 0.7739 0.6311 -0.0522
vn 0.9002 0.4241 -0.0992
vn 0.9552 0.2593 -0.1423
vn 0.0004 0.1208 -0.9927
vn 0.0004 0.0726 -0.9974
vn 0.3961 0.0504 -0.9168
vn 0.4035 0.0965 -0.9099
vn 0.0004 0.0247 -0.9997
vn 0.3980 -0.0005 -0.9174
vn 0.3958 -0.0081 -0.9183
vn 0.0004 0.0196 -0.9998
vn 0.0004 -0.0276 -0.9996
vn 0.3813 -0.0560 -0.9227
vn 0.0004 -0.1845 -0.9828
vn 0.3490 -0.2174 -0.9116
vn 0.4157 0.1571 -0.8958
vn 0.6294 0.1052 -0.7700
vn 0.5849 0.0568 -0.8091
vn 0.8304 0.2676 -0.4887
vn 0.9795 0.1872 -0.0747
vn 0.9278 0.0417 0.3707
vn 0.6124 0.2830 -0.7381
vn 0.3871 0.2743 -0.8803
vn 0.0004 0.1845 -0.9828
vn 0.0004 0.2776 -0.9607
vn 0.9095 0.3968 0.1241
vn 0.6298 0.7599 0.1609
vn 0.3058 0.9083 -0.2855
vn 0.5548 0.7950 -0.2454
vn 0.0005 0.9772 -0.2122
vn 0.4827 0.7018 -0.5239
vn 0.6607 0.6471 -0.3805
vn 0.0210 0.6725 -0.7398
vn -0.1232 0.8747 -0.4687
vn -0.4251 0.6597 -0.6198
vn -0.5850 0.6600 -0.4713
vn -0.5458 0.6825 -0.4861
vn -0.6085 0.6571 -0.4449
vn -0.7736 0.4931 -0.3980
vn -0.7168 0.5498 -0.4289
vn -0.8114 0.3182 -0.4902
vn -0.8627 0.3191 -0.3924
vn -0.8430 0.5035 -0.1895
vn -0.8993 0.1527 -0.4098
vn -0.6552 0.7397 -0.1534
vn 0.2256 0.9278 -0.2971
vn -0.0947 0.8963 -0.4332
vn 0.1188 0.9133 -0.3896
vn 0.0004 0.9365 -0.3507
vn 0.0004 0.9843 -0.1764
vn -0.0235 0.9369 -0.3487
vn -0.4872 0.8221 -0.2945
vn -0.2699 0.9581 -0.0958
vn 0.0781 0.7860 -0.6133
vn 0.0004 0.8021 -0.5972
vn 0.2224 0.8151 -0.5349
vn 0.0506 0.5970 -0.8007
vn 0.3483 0.4808 -0.8047
vn 0.0266 0.4288 -0.9030
vn -0.0213 0.1236 -0.9921
vn -0.0227 0.1015 -0.9946
vn -0.0571 -0.1871 -0.9807
vn -0.2788 -0.3526 -0.8933
vn -0.3465 -0.2441 -0.9057
vn -0.5732 -0.3256 -0.7520
vn -0.3065 -0.3475 -0.8862
vn -0.5242 -0.3480 -0.7772
vn -0.0005 -0.3201 -0.9474
vn -0.7831 -0.2250 -0.5798
vn -0.6627 -0.2814 -0.6940
vn -0.5774 -0.2263 -0.7845
vn -0.7803 -0.0889 -0.6191
vn -0.8129 0.1120 -0.5716
vn -0.8862 0.1390 -0.4420
vn -0.8555 -0.0539 -0.5150
vn -0.6890 -0.0939 -0.7186
vn -0.9725 -0.0433 -0.2289
vn -0.7114 -0.1821 -0.6788
vn -0.2510 -0.0340 -0.9674
vn -0.9800 0.1164 -0.1615
vn -0.9785 -0.0270 -0.2046
vn -0.9453 -0.1246 -0.3014
vn -0.8441 -0.1028 -0.5262
vn -0.8607 0.0756 -0.5035
vn -0.7114 -0.2349 -0.6624
vn -0.8321 -0.3551 -0.4260
vn -0.9770 0.0952 -0.1908
vn -0.6890 -0.2480 -0.6810
vn -0.6015 -0.2410 -0.7616
vn -0.8842 -0.4562 -0.1003
vn -0.9794 0.0993 0.1756
vn -0.8479 -0.5121 0.1375
vn -0.8436 0.1344 0.5199
vn -0.7070 -0.5936 0.3844
vn -0.6304 -0.1821 0.7546
vn -0.5152 -0.2476 -0.8205
vn -0.5320 -0.1027 -0.8405
vn -0.5779 -0.1376 -0.8044
vn -0.5621 -0.0542 -0.8253
vn -0.5971 -0.0868 -0.7975
vn -0.5720 -0.0324 -0.8196
vn -0.6453 -0.0790 -0.7598
vn -0.6996 -0.0608 -0.7120
vn -0.5709 0.0217 -0.8207
vn -0.7752 -0.0528 -0.6295
vn -0.9319 -0.2269 -0.2830
vn -0.8502 -0.2330 -0.4720
vn -0.9803 -0.1341 -0.1449
vn -0.9391 -0.2488 0.2371
vn -0.9085 -0.3878 0.1560
vn -0.8483 -0.0025 -0.5295
vn -0.8555 -0.5168 0.0313
vn -0.8135 -0.3049 -0.4952
vn -0.7349 -0.1658 -0.6576
vn -0.7872 -0.2261 -0.5738
vn -0.6839 -0.1591 -0.7120
vn -0.8017 -0.2520 -0.5421
vn -0.6796 -0.2017 -0.7053
vn -0.8127 -0.3025 -0.4980
vn -0.8796 -0.3606 -0.3103
vn -0.8523 -0.2763 -0.4441
vn -0.7824 -0.1931 -0.5921
vn -0.7262 -0.2798 -0.6280
vn -0.6584 -0.7461 0.0997
vn -0.7456 -0.6650 0.0424
vn -0.8984 -0.3056 -0.3154
vn -0.7753 -0.6312 0.0225
vn -0.9037 -0.4282 -0.0013
vn -0.7396 0.6124 0.2791
vn -0.3808 -0.2270 0.8964
vn -0.4007 -0.4979 0.7691
vn -0.8720 -0.4790 0.1005
vn -0.4974 -0.5424 0.6771
vn -0.8531 -0.5041 0.1347
vn -0.5696 -0.5751 0.5873
vn -0.6389 -0.5977 0.4844
vn -0.8470 -0.5143 0.1343
vn -0.8853 -0.4246 -0.1896
vn -0.8203 -0.3451 -0.4561
vn -0.5479 -0.6447 0.5331
vn -0.5653 -0.4074 0.7173
vn -0.4714 -0.6246 0.6226
vn -0.3998 -0.5838 0.7066
vn -0.3160 -0.5397 0.7803
vn -0.2030 -0.4829 0.8518
vn -0.2362 -0.2907 0.9272
vn -0.7598 0.6274 0.1706
vn 0.5777 0.8145 0.0539
vn 0.6913 0.7203 -0.0573
vn -0.0720 0.9922 -0.1013
vn -0.7669 0.6407 -0.0375
vn -0.7739 0.6311 -0.0522
vn -0.9001 0.4242 -0.0994
vn -0.9553 0.2593 -0.1423
vn -0.0004 0.1208 -0.9927
vn -0.4035 0.0966 -0.9099
vn -0.3961 0.0504 -0.9168
vn -0.0004 0.0726 -0.9974
vn -0.0004 0.0247 -0.9997
vn -0.3981 -0.0005 -0.9173
vn -0.3957 -0.0081 -0.9184
vn -0.0004 0.0196 -0.9998
vn -0.0004 -0.0276 -0.9996
vn -0.3813 -0.0560 -0.9227
vn -0.0006 -0.1846 -0.9828
vn -0.3490 -0.2174 -0.9116
vn -0.4157 0.1570 -0.8958
vn -0.6294 0.1052 -0.7700
vn -0.5849 0.0568 -0.8091
vn -0.8304 0.2676 -0.4887
vn -0.9795 0.1872 -0.0747
vn -0.9278 0.0417 0.3707
vn -0.6124 0.2830 -0.7381
vn -0.3870 0.2745 -0.8803
vn -0.0004 0.1845 -0.9828
vn -0.0004 0.2776 -0.9607
vn -0.6299 0.7599 0.1609
vn -0.9095 0.3968 0.1242
vn 0.6955 0.2567 0.6711
vn 0.7446 0.1107 0.6582
vn -0.3722 0.8717 0.3189
vn -0.3333 0.9144 0.2299
vn 0.8361 -0.3158 0.4485
vn 0.8303 -0.3648 0.4214
vn 0.8238 0.0114 0.5668
vn 0.8344 -0.1595 0.5276
vn 0.6812 0.3043 0.6659
vn -0.3494 0.9122 0.2141
vn 0.8100 0.0976 0.5783
vn 0.8480 -0.2412 0.4719
vn 0.7800 0.0038 0.6258
vn -0.5137 0.7187 0.4686
vn 0.7229 0.0349 0.6901
vn -0.6211 0.5808 0.5262
vn 0.8957 -0.2294 0.3809
vn 0.8677 -0.2600 0.4237
vn 0.8325 -0.1304 0.5385
vn 0.8330 -0.1138 0.5415
vn 0.8363 -0.1579 0.5250
vn 0.7893 -0.1418 0.5974
vn 0.8043 -0.1951 0.5612
vn 0.8173 -0.1201 0.5635
vn 0.8183 -0.0847 0.5686
vn 0.8185 -0.1201 0.5618
vn 0.8166 -0.0766 0.5721
vn 0.7984 -0.0272 0.6015
vn 0.8001 -0.0801 0.5945
vn -0.8212 -0.3673 -0.4367
vn -0.8827 -0.4477 -0.1430
vn 0.6687 -0.0120 0.7434
vn 0.5506 -0.1385 0.8232
vn -0.4668 -0.8587 -0.2116
vn -0.7444 -0.4129 -0.5248
vn 0.4701 -0.2237 0.8538
vn -0.2723 -0.8929 -0.3585
vn 0.0305 -0.9168 -0.3982
vn 0.3451 -0.8575 -0.3816
vn 0.5947 -0.7724 -0.2231
vn 0.7353 -0.3328 0.5904
vn 0.5037 0.1030 0.8577
vn -0.5766 0.5045 0.6427
vn 0.4748 0.3911 0.7884
vn -0.5332 0.7698 0.3509
vn 0.0088 0.9815 -0.1913
vn 0.6894 0.5936 0.4151
vn 0.1881 0.9267 -0.3254
vn 0.8380 0.3070 0.4511
vn 0.6005 -0.5040 0.6209
vn 0.8225 0.2317 0.5194
vn 0.1928 0.9291 -0.3156
vn 0.3174 0.8329 -0.4533
vn 0.8065 0.1294 0.5769
vn 0.7701 -0.0010 0.6379
vn 0.7467 0.5577 -0.3624
vn 0.8737 0.0435 0.4845
vn 0.6290 -0.2385 0.7399
vn 0.6456 -0.1345 0.7518
vn 0.6762 -0.1274 0.7256
vn 0.6336 -0.3889 0.6688
vn -0.0907 -0.8944 0.4380
vn -0.3722 0.8716 0.3189
vn -0.7636 0.0723 -0.6417
vn -0.7845 0.1237 -0.6077
vn -0.6733 -0.2171 -0.7068
vn -0.5932 -0.3912 -0.7036
vn -0.7451 -0.1792 -0.6424
vn -0.8163 0.0538 -0.5752
vn -0.3490 0.9123 0.2143
vn -0.8088 0.1855 -0.5580
vn -0.5366 -0.4711 -0.7001
vn -0.6925 -0.2817 -0.6641
vn -0.7573 -0.0304 -0.6523
vn -0.8226 0.1386 -0.5515
vn -0.7624 -0.0492 -0.6452
vn -0.7445 0.0252 -0.6671
vn -0.6204 0.5809 0.5269
vn -0.5135 0.7186 0.4690
vn -0.6902 -0.0572 -0.7214
vn 0.3459 -0.8574 -0.3811
vn 0.5945 -0.7724 -0.2235
vn 0.0308 -0.9166 -0.3987
vn -0.8228 0.0507 -0.5661
vn -0.5769 0.5045 0.6424
vn -0.8714 0.1893 -0.4525
vn -0.5328 0.7699 0.3513
vn 0.0086 0.9815 -0.1912
vn -0.7038 0.3047 -0.6417
vn -0.7617 0.1109 -0.6384
vn 0.1890 0.9266 -0.3251
vn -0.7822 -0.4223 -0.4580
vn -0.7772 0.0697 -0.6254
vn -0.8260 -0.2777 -0.4905
vn -0.7360 0.0482 -0.6752
vn 0.1932 0.9291 -0.3152
vn 0.3179 0.8329 -0.4530
vn -0.7532 0.0029 -0.6578
vn 0.0853 0.4963 -0.8640
vn 0.7467 0.5577 -0.3625
vn -0.6037 0.1256 -0.7873
vn 0.8737 0.0434 0.4846
vn -0.8142 -0.0858 -0.5743
vn -0.8153 -0.1649 -0.5550
vn -0.8290 -0.0579 -0.5562
vn -0.0909 -0.8945 0.4378
vn -0.7859 -0.0500 -0.6163
vn -0.8514 -0.0938 -0.5161
vn -0.6878 0.1308 -0.7141
vn -0.7007 0.0045 -0.7134
vn -0.6107 0.1891 -0.7689
vn -0.7146 0.0443 -0.6981
vn -0.9074 -0.1792 -0.3802
vn -0.7685 0.0704 -0.6360
vn -0.4906 0.3477 -0.7990
vn 0.2543 -0.9671 0.0087
vn -0.9046 -0.0537 -0.4229
vn -0.7097 -0.2110 -0.6722
vn -0.3565 0.2091 -0.9106
vn -0.8077 0.0918 -0.5824
vn -0.7426 0.0528 -0.6677
vn -0.9477 0.0057 -0.3190
vn -0.9747 0.0114 -0.2233
vn -0.5862 0.1074 -0.8030
vn -0.6846 -0.0506 -0.7272
vn -0.7418 -0.0045 -0.6706
vn -0.8809 -0.0273 -0.4726
vn -0.7282 -0.2054 -0.6538
vn -0.8227 0.0511 -0.5661
vn -0.7037 0.3046 -0.6420
vn -0.7823 -0.4217 -0.4584
vn -0.8260 -0.2771 -0.4909
vn -0.5938 0.1638 -0.7877
vn -0.7754 0.0790 -0.6266
vn -0.8153 -0.1645 -0.5552
vn -0.7463 0.0325 -0.6649
vn -0.8140 -0.0856 -0.5745
vn -0.7235 0.0475 -0.6887
vn -0.7495 -0.6226 0.2248
vn -0.8290 -0.0579 -0.5563
vn -0.0910 -0.8945 0.4377
vn 0.8248 0.0189 0.5651
vn 0.8529 0.0512 0.5196
vn 0.7987 -0.0464 0.6000
vn 0.7770 -0.0421 0.6281
vn 0.5490 -0.2517 0.7970
vn 0.6034 -0.1025 0.7908
vn 0.7186 -0.1962 0.6672
vn 0.4735 -0.3797 0.7947
vn 0.9262 0.1756 0.3337
vn 0.2544 -0.9671 0.0087
vn 0.7045 -0.2334 0.6703
vn 0.8964 -0.0553 0.4397
vn 0.7483 -0.3650 0.5539
vn 0.7917 -0.1483 0.5926
vn 0.9953 0.0103 0.0966
vn 0.9430 -0.0418 0.3302
vn 0.7653 -0.1434 0.6274
vn 0.4697 -0.2237 0.8540
vn 0.5507 -0.1385 0.8231
vn 0.7782 -0.0830 0.6225
vn 0.6684 -0.0119 0.7437
vn 0.9069 -0.0305 0.4202
vn 0.7347 -0.3328 0.5911
vn 0.4750 0.3911 0.7883
vn 0.5035 0.1032 0.8578
vn 0.6893 0.5939 0.4150
vn 0.6010 -0.5034 0.6208
vn 0.6340 -0.3882 0.6688
vn 0.7788 -0.0896 0.6208
vn 0.6295 -0.2379 0.7397
vn 0.7477 -0.0399 0.6629
vn 0.6458 -0.1342 0.7516
vn 0.7068 -0.0758 0.7033
vn -0.7496 -0.6226 0.2246
vn 0.6763 -0.1273 0.7255
vn -0.0906 -0.8944 0.4380
vn 0.8248 0.0191 0.5651
vn 0.7611 -0.0432 0.6472
vn 0.7520 -0.0611 0.6563
vn 0.8527 0.0511 0.5199
vn 0.7741 -0.0986 0.6254
vn 0.2543 -0.9671 0.0088
vn 0.2012 -0.9224 -0.3298
vn 0.7215 -0.0816 0.6876
vn -0.7382 -0.4587 -0.4946
vn 0.7471 -0.0529 0.6626
vn -0.7495 -0.6227 0.2249
vn 0.7788 -0.0896 0.6209
vn 0.7765 -0.0941 0.6231
vn 0.8964 -0.0552 0.4398
vn -0.7144 0.0444 -0.6983
vn -0.7592 0.0259 -0.6503
vn 0.2017 -0.9223 -0.3296
vn -0.7530 0.0524 -0.6560
vn -0.6110 0.1889 -0.7688
vn -0.7379 -0.4592 -0.4946
vn -0.7248 0.0586 -0.6865
vn -0.7495 -0.6227 0.2248
vn -0.7479 0.0457 -0.6623
vn -0.7707 0.0858 -0.6314
vn -0.7733 0.0826 -0.6286
vn -0.7463 0.0325 -0.6648
vn -0.7753 0.0790 -0.6266
vn -0.4911 0.3473 -0.7989
vn -0.5939 0.1639 -0.7877
vn 0.7229 -0.1285 0.6789
vn 0.7253 -0.0649 0.6854
vn 0.6996 -0.0669 0.7114
vn 0.7012 -0.1312 0.7008
vn -0.0525 -0.9882 0.1441
vn -0.3798 -0.7645 0.5209
vn 0.6036 -0.1023 0.7907
vn 0.5496 -0.2512 0.7968
vn 0.7833 -0.0439 0.6201
vn 0.7677 -0.1009 0.6328
vn 0.9069 -0.0304 0.4202
vn -0.4668 -0.8587 -0.2115
vn 0.3361 -0.8188 -0.4655
vn 0.9430 -0.0417 0.3302
vn 0.9952 0.0102 0.0969
vn 0.7518 -0.1380 0.6448
vn 0.4741 -0.3793 0.7946
vn 0.7139 -0.1604 0.6816
vn 0.7236 -0.1539 0.6728
vn 0.7480 -0.3650 0.5543
vn -0.7050 0.1153 -0.6997
vn -0.7240 0.1127 -0.6806
vn -0.7236 0.1541 -0.6728
vn -0.7139 0.1605 -0.6817
vn -0.7086 0.0390 -0.7045
vn -0.7275 0.0351 -0.6852
vn -0.0527 -0.9881 0.1447
vn -0.3795 -0.7644 0.5211
vn -0.7859 -0.0502 -0.6163
vn -0.8514 -0.0937 -0.5161
vn -0.7779 0.0156 -0.6281
vn 0.3359 -0.8194 -0.4645
vn -0.7418 -0.0046 -0.6706
vn -0.7666 0.0855 -0.6364
vn -0.7517 0.1381 -0.6449
vn -0.3568 0.2092 -0.9104
vn -0.7099 -0.2107 -0.6720
vn -0.9074 -0.1793 -0.3802
vn -0.8829 -0.4473 -0.1427
vn -0.8104 0.0481 -0.5840
vn -0.8097 0.0009 -0.5868
vn -0.8264 0.0779 -0.5577
vn -0.8250 0.0663 -0.5612
vn -0.8295 0.1044 -0.5487
vn -0.7924 0.1001 -0.6017
vn -0.4669 -0.8586 -0.2116
vn -0.8809 -0.0273 -0.4725
vn -0.9477 0.0056 -0.3192
vn -0.8287 0.1148 -0.5478
vn -0.9745 0.0117 -0.2241
vn -0.7443 -0.4131 -0.5247
vn -0.2724 -0.8929 -0.3586
vn -0.8023 0.1251 -0.5837
vn -0.8257 0.1151 -0.5523
vn -0.8273 0.1194 -0.5489
vn -0.7279 -0.2058 -0.6541
vn -0.9219 -0.0431 -0.3851
vn -0.8949 -0.0424 -0.4443
vn -0.7615 0.1398 -0.6329
vn -0.7308 0.1023 -0.6749
vn -0.6047 0.0849 -0.7919
vn -0.5455 0.0017 -0.8381
vn -0.0310 0.2769 -0.9604
vn -0.0532 0.0466 -0.9975
vn 0.2505 0.1389 -0.9581
vn 0.2816 0.0044 -0.9595
vn 0.5813 -0.0613 -0.8114
vn 0.5772 -0.1150 -0.8085
vn 0.9250 -0.2094 -0.3171
vn 0.8975 -0.2103 -0.3877
vn 0.7430 0.0184 -0.6691
vn 0.7834 0.0325 -0.6207
vn -0.8485 0.0559 -0.5262
vn -0.7705 0.4015 -0.4951
vn -0.5191 0.0189 -0.8545
vn -0.6709 0.5654 -0.4798
vn 0.0084 0.2668 -0.9637
vn 0.3315 -0.0657 -0.9412
vn 0.8148 -0.1119 -0.5688
vn 0.7441 0.4150 -0.5235
vn 0.6319 -0.1182 -0.7660
vn 0.1395 0.5507 -0.8230
vn 0.7762 0.4073 -0.4813
vn 0.9001 0.0248 0.4350
vn 0.9687 0.1867 -0.1639
vn 0.9659 0.2578 -0.0226
vn 0.8641 0.1024 0.4927
vn 0.5961 -0.0476 0.8015
vn 0.5308 0.0953 0.8421
vn 0.0322 -0.1398 0.9897
vn 0.0148 0.1020 0.9947
vn -0.2865 -0.0686 0.9556
vn -0.2738 0.1181 0.9545
vn -0.5912 0.0641 0.8040
vn -0.5616 0.1564 0.8125
vn -0.9131 0.1913 0.3602
vn -0.8836 0.2279 0.4090
vn -0.8760 0.3809 -0.2957
vn -0.8861 0.4234 -0.1885
vn 0.7636 0.3176 0.5622
vn 0.8072 0.5663 0.1667
vn 0.4068 0.3532 0.8425
vn -0.0398 0.9528 0.3010
vn 0.0396 0.5595 0.8279
vn -0.2216 0.3528 0.9091
vn -0.7907 0.4212 0.4443
vn -0.6660 0.7438 -0.0567
vn -0.4513 0.4122 0.7915
vn -0.2428 0.9700 0.0069
vn 0.3108 0.9505 -0.0020
vn -0.7613 0.1400 -0.6332
vn 0.9659 0.2580 -0.0235
vn 0.9686 0.1868 -0.1643
vn -0.7308 0.1024 -0.6749
vn -0.7703 0.4018 -0.4952
vn 0.8071 0.5663 0.1668
vn -0.8486 0.0560 -0.5260
vn 0.7636 0.3176 0.5621
vn -0.0390 0.9528 0.3011
vn -0.5191 0.0193 -0.8545
vn 0.0089 0.2668 -0.9637
vn 0.0397 0.5603 0.8273
vn 0.3315 -0.0656 -0.9412
vn -0.2217 0.3528 0.9091
vn 0.1392 0.5503 -0.8233
vn -0.2428 0.9701 0.0066
vn 0.6319 -0.1177 -0.7661
vn -0.4514 0.4122 0.7914
vn 0.7761 0.4074 -0.4813
vn 0.3110 0.9504 -0.0025
vn 0.8149 -0.1115 -0.5688
vn -0.7907 0.4211 0.4443
vn 0.7445 0.4148 -0.5232
vn -0.6662 0.7436 -0.0566
vn -0.8858 0.4238 -0.1888
vn 0.7432 0.0182 -0.6688
vn -0.8759 0.3810 -0.2961
vn 0.5987 0.3596 -0.7157
vn 0.6099 0.3809 -0.6949
vn 0.4251 0.3327 -0.8418
vn 0.3206 0.3122 -0.8943
vn 0.3541 0.1959 -0.9145
vn 0.3896 0.2409 -0.8889
vn 0.0332 0.0282 -0.9991
vn 0.0224 0.1790 -0.9836
vn -0.2571 0.1896 -0.9476
vn -0.2827 0.2236 -0.9328
vn -0.5421 0.3794 -0.7498
vn -0.5330 0.3463 -0.7720
vn -0.6336 0.4427 -0.6345
vn -0.6631 0.4239 -0.6169
vn -0.0793 0.3922 -0.9164
vn -0.2442 0.3448 -0.9064
vn 0.6907 0.3040 -0.6561
vn 0.5911 0.0890 -0.8017
vn 0.4447 0.1956 -0.8741
vn 0.5297 -0.4848 -0.6960
vn 0.0029 -0.1438 -0.9896
vn -0.3224 0.1694 -0.9313
vn -0.7256 0.3434 -0.5963
vn -0.4796 -0.0168 -0.8773
vn -0.6222 0.1845 -0.7608
vn -0.3834 -0.4900 -0.7829
vn -0.6724 -0.4875 -0.5570
vn -0.5884 -0.3505 0.7287
vn -0.8586 -0.3987 0.3223
vn -0.8355 -0.4671 0.2894
vn -0.6088 -0.3991 0.6856
vn -0.3509 -0.1847 0.9180
vn -0.3532 -0.2642 0.8975
vn -0.0349 -0.0285 0.9990
vn -0.0309 -0.2205 0.9749
vn 0.2566 -0.1769 0.9502
vn 0.2512 -0.2511 0.9348
vn 0.5247 -0.3668 0.7682
vn 0.5273 -0.3455 0.7762
vn 0.6309 -0.4399 0.6391
vn 0.6713 -0.4531 0.5866
vn 0.9409 -0.3347 0.0528
vn 0.8947 -0.4456 0.0312
vn -0.6023 -0.5545 0.5743
vn -0.6551 -0.7452 0.1249
vn -0.3374 -0.4509 0.8263
vn -0.1193 -0.9921 0.0374
vn -0.0385 -0.7041 0.7090
vn 0.2319 -0.4499 0.8625
vn 0.6979 -0.5325 0.4789
vn 0.6307 -0.7650 -0.1302
vn 0.5227 -0.4545 0.7212
vn 0.1100 -0.9893 0.0959
vn -0.0037 -0.9898 -0.1424
vn 0.4244 0.3325 -0.8422
vn -0.8357 -0.4670 0.2890
vn -0.8589 -0.3986 0.3216
vn 0.3198 0.3123 -0.8946
vn 0.5908 0.0890 -0.8019
vn -0.6550 -0.7453 0.1241
vn -0.0800 0.3923 -0.9163
vn 0.9408 -0.3348 0.0531
vn 0.8946 -0.4458 0.0311
vn -0.2442 0.3449 -0.9063
vn 0.6308 -0.7649 -0.1303
vn -0.4799 -0.0167 -0.8772
vn 0.6908 0.3038 -0.6562
vn -0.6022 -0.5544 0.5744
vn -0.6551 -0.7452 0.1245
vn 0.5909 0.0892 -0.8018
vn 0.5298 -0.4844 -0.6961
vn -0.1197 -0.9921 0.0378
vn 0.4447 0.1953 -0.8741
vn -0.3374 -0.4509 0.8264
vn 0.0030 -0.1438 -0.9896
vn -0.0385 -0.7050 0.7082
vn -0.3224 0.1690 -0.9314
vn 0.2319 -0.4498 0.8625
vn -0.3835 -0.4896 -0.7831
vn 0.1102 -0.9892 0.0965
vn -0.6224 0.1840 -0.7608
vn 0.5227 -0.4545 0.7213
vn -0.6725 -0.4872 -0.5571
vn -0.0039 -0.9898 -0.1427
vn -0.7256 0.3435 -0.5963
vn 0.6978 -0.5326 0.4790
vn -0.4795 -0.0168 -0.8774
vn 0.6307 -0.7650 -0.1303
vn -0.9408 0.3278 -0.0858
vn -0.7056 0.0844 -0.7036
vn -0.9425 -0.3019 -0.1435
vn -0.9291 -0.3447 -0.1337
vn -0.9273 0.3646 -0.0845
vn -0.9997 -0.0249 -0.0080
vn -0.9994 0.0334 -0.0116
vn -0.9199 -0.1311 0.3696
vn -0.8866 0.0591 0.4587
vn -0.6619 0.7487 -0.0361
vn -0.9046 -0.2954 0.3074
vn -0.8571 -0.3880 0.3388
vn -0.8023 0.5916 0.0791
vn -0.7087 -0.6962 -0.1145
vn -0.9238 0.1206 0.3634
vn -0.8226 -0.5676 0.0334
vn -0.8903 0.2417 0.3860
vn 0.6960 0.0853 -0.7130
vn 0.9410 0.3268 -0.0885
vn 0.9426 -0.3005 -0.1458
vn 0.9305 -0.3361 -0.1455
vn 0.9288 0.3570 -0.0996
vn 0.9978 0.0627 -0.0231
vn 0.9987 -0.0468 -0.0218
vn 0.6166 0.7871 -0.0169
vn 0.6824 -0.7245 -0.0973
vn 0.8618 -0.1239 0.4918
vn 0.8881 -0.2985 0.3495
vn 0.8571 -0.3880 0.3388
vn 0.8023 0.5916 0.0791
vn 0.8185 0.0315 0.5736
vn 0.9041 0.0980 0.4160
vn 0.8226 -0.5676 0.0335
vn 0.8903 0.2417 0.3860
vn -0.7060 0.0844 -0.7032
vn -0.9406 0.3286 -0.0859
vn 0.9407 0.3275 -0.0886
vn 0.6964 0.0853 -0.7126
vn 0.9285 0.3577 -0.0997
vn -0.9270 0.3653 -0.0845
vn 0.6173 0.7865 -0.0168
vn -0.6625 0.7482 -0.0360
vn 0.8024 0.5916 0.0790
vn -0.8024 0.5916 0.0791
vn -0.9422 -0.3026 -0.1439
vn 0.6964 0.0852 -0.7126
vn 0.9423 -0.3012 -0.1460
vn -0.9288 -0.3455 -0.1339
vn 0.9302 -0.3369 -0.1457
vn -0.7094 -0.6955 -0.1144
vn 0.6829 -0.7240 -0.0971
vn -0.9196 -0.1315 0.3701
vn -0.8863 0.0593 0.4593
vn 0.8615 -0.1243 0.4923
vn -0.9044 -0.2958 0.3075
vn 0.8879 -0.2989 0.3496
vn 0.9039 0.0984 0.4162
vn -0.9235 0.1210 0.3640
vn 0.8901 0.2420 0.3862
vn -0.8901 0.2421 0.3862
vn -0.8022 0.5917 0.0794
vn -0.8572 -0.3882 0.3385
vn 0.8572 -0.3882 0.3385
vn 0.8022 0.5917 0.0794
vn -0.8225 -0.5677 0.0338
vn 0.8225 -0.5677 0.0338
vn -0.8638 0.5004 -0.0583
vn -0.8505 0.5080 -0.1366
vn -0.9551 0.2707 -0.1202
vn -0.9577 0.2826 -0.0537
vn -0.7336 0.6795 -0.0065
vn -0.7112 0.6990 -0.0750
vn -0.5545 0.8230 0.1230
vn -0.5307 0.8426 0.0917
vn -0.9979 0.0036 -0.0650
vn -0.9997 0.0211 -0.0121
vn -0.9691 -0.2464 0.0069
vn -0.9712 -0.2310 0.0583
vn -0.8850 -0.4543 0.1019
vn -0.8919 -0.4239 0.1574
vn -0.7540 -0.6072 0.2505
vn -0.7701 -0.5622 0.3016
vn -0.5766 -0.6876 0.4413
vn -0.6034 -0.6364 0.4805
vn -0.3783 -0.6851 0.6225
vn -0.4143 -0.6341 0.6529
vn -0.1770 -0.6036 0.7774
vn -0.2221 -0.5562 0.8008
vn 0.0083 -0.4502 0.8929
vn -0.0451 -0.4098 0.9111
vn 0.1407 -0.2735 0.9515
vn 0.0843 -0.2193 0.9720
vn -0.1628 -0.3131 0.9357
vn -0.0360 -0.1368 0.9899
vn 0.1538 0.0096 0.9881
vn 0.0496 0.0699 0.9963
vn 0.2343 0.2812 0.9306
vn 0.0859 0.2866 0.9542
vn 0.2194 0.5074 0.8333
vn 0.0692 0.4924 0.8676
vn 0.1408 0.7049 0.6952
vn 0.0014 0.6672 0.7449
vn 0.0209 0.8296 0.5580
vn -0.1084 0.7829 0.6126
vn -0.3183 -0.4417 0.8388
vn -0.4871 -0.5101 0.7089
vn -0.6529 -0.5116 0.5585
vn -0.7995 -0.4460 0.4023
vn -0.9084 -0.3217 0.2669
vn -0.9737 -0.1516 0.1699
vn -0.9928 0.0589 0.1045
vn -0.9567 0.2808 0.0764
vn -0.8764 0.4750 0.0790
vn -0.7577 0.6382 0.1363
vn -0.8683 0.4515 0.2055
vn -0.9392 0.2783 0.2010
vn -0.7623 0.5960 0.2523
vn -0.6316 0.6992 0.3350
vn -0.6034 0.7626 0.2330
vn -0.4905 0.7538 0.4372
vn -0.4286 0.8159 0.3882
vn -0.3525 0.7603 0.5457
vn -0.2520 0.8313 0.4954
vn -0.2329 0.7145 0.6597
vn -0.1389 0.6123 0.7783
vn -0.0818 0.4660 0.8810
vn -0.0678 0.2935 0.9535
vn -0.0982 0.1118 0.9889
vn -0.1700 -0.0614 0.9835
vn -0.2763 -0.2092 0.9380
vn -0.4066 -0.3170 0.8568
vn -0.5482 -0.3744 0.7479
vn -0.6872 -0.3756 0.6219
vn -0.8098 -0.3205 0.4914
vn -0.9025 -0.2147 0.3733
vn -0.9563 -0.0708 0.2836
vn -0.9688 0.0965 0.2281
vn -0.5960 -0.2308 0.7691
vn -0.4848 -0.1858 0.8547
vn -0.7051 -0.2318 0.6702
vn -0.8014 -0.1886 0.5676
vn -0.8753 -0.1056 0.4720
vn -0.9184 0.0078 0.3956
vn -0.9275 0.1394 0.3469
vn -0.9030 0.2784 0.3273
vn -0.8460 0.4129 0.3374
vn -0.7613 0.5278 0.3766
vn -0.6585 0.6116 0.4385
vn -0.5495 0.6582 0.5147
vn -0.4438 0.6643 0.6014
vn -0.3489 0.6257 0.6977
vn -0.2747 0.5437 0.7930
vn -0.2298 0.4289 0.8736
vn -0.2188 0.2935 0.9306
vn -0.2427 0.1508 0.9583
vn -0.2991 0.0149 0.9541
vn -0.3825 -0.1011 0.9184
vn -0.4016 0.4642 0.7895
vn -0.3699 0.3828 0.8466
vn -0.3621 0.2868 0.8869
vn -0.3790 0.1858 0.9066
vn -0.4190 0.0894 0.9036
vn -0.4781 0.0072 0.8783
vn -0.5506 -0.0528 0.8331
vn -0.6293 -0.0847 0.7725
vn -0.7066 -0.0854 0.7024
vn -0.7749 -0.0548 0.6297
vn -0.8275 0.0040 0.5614
vn -0.8589 0.0848 0.5050
vn -0.8657 0.1786 0.4676
vn -0.8477 0.2771 0.4524
vn -0.8065 0.3731 0.4587
vn -0.7462 0.4563 0.4847
vn -0.6738 0.5174 0.5275
vn -0.5970 0.5506 0.5834
vn -0.5219 0.5529 0.6496
vn -0.4543 0.5230 0.7212
vn -0.7550 0.3291 0.5671
vn -0.7798 0.2708 0.5644
vn -0.7193 0.3785 0.5826
vn -0.6757 0.4150 0.6092
vn -0.6291 0.4346 0.6445
vn -0.5834 0.4351 0.6858
vn -0.5424 0.4168 0.7294
vn -0.5108 0.3815 0.7704
vn -0.4917 0.3326 0.8047
vn -0.4871 0.2750 0.8289
vn -0.4972 0.2142 0.8408
vn -0.5212 0.1564 0.8390
vn -0.5567 0.1070 0.8238
vn -0.6002 0.0710 0.7967
vn -0.6476 0.0518 0.7603
vn -0.6940 0.0514 0.7182
vn -0.7350 0.0697 0.6745
vn -0.7666 0.1051 0.6334
vn -0.7857 0.1539 0.5992
vn -0.7902 0.2110 0.5754
vn -0.6519 0.2483 0.7165
vn -0.3537 0.8931 0.2778
vn -0.3355 0.9024 0.2705
vn -0.5302 0.8429 0.0921
vn -0.5540 0.8233 0.1234
vn -0.1484 0.8982 0.4138
vn -0.1308 0.9024 0.4105
vn -0.3349 0.9025 0.2709
vn -0.3534 0.8932 0.2781
vn 0.0210 0.8296 0.5579
vn 0.0645 0.8445 0.5316
vn 0.1409 0.7049 0.6952
vn 0.2022 0.7157 0.6685
vn 0.2847 0.5107 0.8113
vn 0.3052 0.2737 0.9121
vn 0.2628 0.0102 0.9648
vn 0.2758 0.0568 0.9595
vn 0.1410 -0.2730 0.9516
vn -0.2031 0.8695 0.4502
vn -0.3752 0.8715 0.3157
vn -0.5543 0.8231 0.1233
vn -0.6034 0.7627 0.2329
vn -0.7335 0.6797 -0.0062
vn -0.7574 0.6386 0.1363
vn 0.6891 -0.2289 -0.6876
vn 0.7401 -0.1497 -0.6556
vn 0.7363 -0.1534 -0.6590
vn 0.7163 -0.1849 -0.6728
vn 0.6859 -0.2113 -0.6964
vn 0.6587 -0.2237 -0.7184
vn 0.6478 -0.2253 -0.7277
vn 0.6464 -0.2251 -0.7290
vn 0.6485 -0.2283 -0.7262
vn 0.6520 -0.2370 -0.7202
vn 0.6532 -0.2454 -0.7164
vn 0.6530 -0.2485 -0.7155
vn 0.6528 -0.2490 -0.7155
vn 0.6525 -0.2493 -0.7156
vn 0.6522 -0.2496 -0.7158
vn 0.6584 -0.2483 -0.7105
vn 0.6901 -0.2522 -0.6783
vn 0.7276 -0.2708 -0.6303
vn 0.7397 -0.2817 -0.6112
vn 0.7370 -0.2489 -0.6284
vn 0.7369 -0.1902 -0.6486
vn 0.8638 0.5004 -0.0583
vn 0.9577 0.2826 -0.0537
vn 0.9551 0.2708 -0.1202
vn 0.8505 0.5080 -0.1366
vn 0.7336 0.6796 -0.0066
vn 0.7112 0.6990 -0.0750
vn 0.5544 0.8231 0.1229
vn 0.5306 0.8426 0.0915
vn 0.9979 0.0036 -0.0650
vn 0.9997 0.0211 -0.0121
vn 0.9691 -0.2464 0.0069
vn 0.9712 -0.2310 0.0583
vn 0.8850 -0.4542 0.1019
vn 0.8919 -0.4239 0.1574
vn 0.7540 -0.6072 0.2505
vn 0.7701 -0.5622 0.3015
vn 0.5766 -0.6876 0.4413
vn 0.6034 -0.6365 0.4804
vn 0.3783 -0.6851 0.6225
vn 0.4143 -0.6341 0.6529
vn 0.1770 -0.6036 0.7774
vn 0.2221 -0.5562 0.8008
vn -0.0083 -0.4502 0.8929
vn 0.0451 -0.4098 0.9111
vn -0.1402 -0.2744 0.9513
vn -0.0837 -0.2196 0.9720
vn 0.1629 -0.3130 0.9357
vn 0.0360 -0.1368 0.9899
vn -0.1527 0.0097 0.9882
vn -0.0496 0.0699 0.9963
vn -0.2346 0.2805 0.9307
vn -0.0858 0.2866 0.9542
vn -0.2194 0.5074 0.8333
vn -0.0692 0.4924 0.8676
vn -0.1408 0.7049 0.6952
vn -0.0014 0.6672 0.7449
vn -0.0209 0.8296 0.5580
vn 0.1084 0.7830 0.6125
vn 0.2031 0.8695 0.4502
vn 0.2521 0.8313 0.4954
vn 0.3752 0.8715 0.3157
vn 0.4285 0.8159 0.3882
vn 0.6034 0.7626 0.2330
vn 0.4905 0.7538 0.4372
vn 0.6316 0.6992 0.3350
vn 0.7577 0.6382 0.1363
vn 0.7623 0.5960 0.2523
vn 0.8764 0.4750 0.0790
vn 0.9567 0.2808 0.0764
vn 0.9928 0.0589 0.1045
vn 0.9737 -0.1516 0.1699
vn 0.9084 -0.3217 0.2669
vn 0.7995 -0.4461 0.4023
vn 0.6529 -0.5116 0.5586
vn 0.4871 -0.5101 0.7089
vn 0.3183 -0.4417 0.8388
vn 0.4066 -0.3170 0.8568
vn 0.2763 -0.2092 0.9380
vn 0.1700 -0.0614 0.9835
vn 0.0982 0.1118 0.9889
vn 0.0678 0.2935 0.9535
vn 0.0818 0.4660 0.8810
vn 0.1389 0.6123 0.7783
vn 0.2329 0.7145 0.6597
vn 0.3525 0.7603 0.5457
vn 0.4438 0.6643 0.6014
vn 0.5495 0.6582 0.5147
vn 0.6585 0.6116 0.4385
vn 0.7613 0.5278 0.3767
vn 0.8683 0.4515 0.2054
vn 0.9392 0.2783 0.2010
vn 0.9688 0.0965 0.2281
vn 0.9563 -0.0708 0.2836
vn 0.9025 -0.2147 0.3733
vn 0.8098 -0.3205 0.4914
vn 0.6872 -0.3756 0.6219
vn 0.5482 -0.3744 0.7479
vn 0.5959 -0.2308 0.7691
vn 0.4848 -0.1858 0.8547
vn 0.3825 -0.1012 0.9184
vn 0.2991 0.0149 0.9541
vn 0.2427 0.1509 0.9583
vn 0.2188 0.2935 0.9306
vn 0.2299 0.4289 0.8736
vn 0.2747 0.5437 0.7930
vn 0.3489 0.6257 0.6977
vn 0.4542 0.5230 0.7212
vn 0.5219 0.5529 0.6496
vn 0.5970 0.5506 0.5834
vn 0.6738 0.5174 0.5275
vn 0.7462 0.4563 0.4847
vn 0.8460 0.4128 0.3374
vn 0.9030 0.2784 0.3273
vn 0.9274 0.1394 0.3470
vn 0.9184 0.0078 0.3956
vn 0.8753 -0.1056 0.4720
vn 0.8014 -0.1886 0.5676
vn 0.7051 -0.2318 0.6702
vn 0.8065 0.3731 0.4587
vn 0.8477 0.2771 0.4524
vn 0.7066 -0.0854 0.7024
vn 0.6293 -0.0847 0.7725
vn 0.5506 -0.0528 0.8331
vn 0.4781 0.0072 0.8783
vn 0.4190 0.0894 0.9036
vn 0.3790 0.1858 0.9066
vn 0.3621 0.2868 0.8869
vn 0.3699 0.3828 0.8466
vn 0.4016 0.4642 0.7895
vn 0.5108 0.3814 0.7704
vn 0.5424 0.4168 0.7294
vn 0.5834 0.4351 0.6858
vn 0.6291 0.4346 0.6445
vn 0.6757 0.4150 0.6092
vn 0.7193 0.3785 0.5826
vn 0.7550 0.3291 0.5671
vn 0.7798 0.2708 0.5644
vn 0.8657 0.1786 0.4676
vn 0.8589 0.0848 0.5050
vn 0.8275 0.0041 0.5615
vn 0.7749 -0.0548 0.6297
vn 0.7350 0.0698 0.6745
vn 0.6940 0.0514 0.7182
vn 0.6475 0.0518 0.7603
vn 0.6003 0.0710 0.7967
vn 0.5567 0.1070 0.8238
vn 0.5212 0.1564 0.8390
vn 0.4972 0.2143 0.8408
vn 0.4870 0.2750 0.8290
vn 0.4917 0.3326 0.8047
vn 0.6519 0.2483 0.7165
vn 0.7902 0.2110 0.5754
vn 0.7857 0.1540 0.5992
vn 0.7666 0.1051 0.6335
vn 0.3537 0.8932 0.2778
vn 0.5539 0.8234 0.1233
vn 0.5301 0.8429 0.0919
vn 0.3355 0.9024 0.2704
vn 0.1484 0.8982 0.4138
vn 0.3534 0.8932 0.2780
vn 0.3349 0.9025 0.2709
vn 0.1308 0.9024 0.4105
vn -0.0210 0.8296 0.5579
vn -0.0645 0.8445 0.5316
vn -0.1409 0.7049 0.6952
vn -0.2022 0.7157 0.6685
vn -0.2851 0.5105 0.8113
vn -0.3052 0.2728 0.9124
vn 0.5542 0.8232 0.1233
vn 0.6034 0.7627 0.2329
vn 0.7334 0.6798 -0.0062
vn 0.7574 0.6386 0.1363
vn -0.2628 0.0103 0.9648
vn -0.2755 0.0557 0.9597
vn -0.1406 -0.2737 0.9515
vn -0.1530 0.0097 0.9882
vn -0.2348 0.2802 0.9308
vn -0.0841 -0.2194 0.9720
vn -0.7402 -0.1492 -0.6556
vn -0.6891 -0.2289 -0.6876
vn -0.7363 -0.1534 -0.6590
vn -0.7163 -0.1849 -0.6728
vn -0.6857 -0.2114 -0.6965
vn -0.6590 -0.2236 -0.7181
vn -0.6478 -0.2253 -0.7277
vn -0.6464 -0.2251 -0.7290
vn -0.6485 -0.2283 -0.7262
vn -0.6520 -0.2370 -0.7202
vn -0.6532 -0.2454 -0.7164
vn -0.6530 -0.2485 -0.7155
vn -0.6528 -0.2490 -0.7155
vn -0.6525 -0.2493 -0.7156
vn -0.6522 -0.2496 -0.7158
vn -0.6585 -0.2483 -0.7105
vn -0.6901 -0.2522 -0.6784
vn -0.7276 -0.2708 -0.6303
vn -0.7396 -0.2817 -0.6112
vn -0.7371 -0.2495 -0.6280
vn -0.7369 -0.1903 -0.6486
vn -0.5757 0.2023 0.7923
vn -0.8731 0.1152 0.4737
vn -0.2777 -0.8993 0.3379
vn -0.1426 -0.9127 0.3830
vn -0.0001 -0.9206 0.3904
vn 0.0004 0.2564 0.9666
vn 0.5711 0.2031 0.7953
vn 0.1405 -0.9127 0.3838
vn 0.2782 -0.8997 0.3363
vn 0.8745 0.1150 0.4712
vn -0.3318 -0.8836 0.3303
vn -0.0000 -0.9512 0.3086
vn -0.0000 -0.9157 0.4018
vn -0.3269 -0.8704 0.3681
vn -0.9970 0.0196 0.0749
vn -0.9989 -0.0465 -0.0041
vn -0.0000 -0.9548 0.2973
vn -0.0000 -0.9514 0.3081
vn 0.3271 -0.8698 0.3694
vn 0.3260 -0.8876 0.3254
vn 0.9990 -0.0451 -0.0000
vn 0.9977 0.0163 0.0662
vn -0.3284 -0.8662 0.3766
vn -0.0000 -0.9113 0.4117
vn 0.9980 -0.0634 0.0048
vn 0.3294 -0.8653 0.3779
vn -0.9979 -0.0649 0.0003
vn -0.0606 0.9974 0.0379
vn -0.3265 0.9446 0.0335
vn -0.8731 0.1144 0.4739
vn -0.5757 0.2012 0.7925
vn 0.0004 0.2556 0.9668
vn -0.0002 0.9994 0.0358
vn 0.0599 0.9974 0.0394
vn 0.5712 0.2022 0.7955
vn 0.8746 0.1138 0.4713
vn 0.3258 0.9450 0.0300
vn 0.0696 0.9674 -0.2433
vn -0.3858 0.8962 -0.2192
vn -0.3980 0.8477 -0.3508
vn -0.9970 0.0192 0.0751
vn 0.0855 0.9246 -0.3713
vn 0.0003 0.9707 -0.2404
vn -0.0001 0.9283 -0.3718
vn -0.0697 0.9675 -0.2429
vn -0.0853 0.9245 -0.3716
vn 0.3798 0.8981 -0.2215
vn 0.3981 0.8482 -0.3493
vn 0.9977 0.0160 0.0664
vn 0.0884 0.9036 -0.4192
vn -0.3910 0.8336 -0.3902
vn -0.0880 0.9034 -0.4196
vn -0.0004 0.9077 -0.4197
vn 0.3921 0.8340 -0.3883
vn -0.9979 -0.0648 0.0002
vn 0.9366 -0.1557 0.3139
vn 0.6870 0.5453 0.4803
vn 0.8776 0.0069 0.4793
vn 0.9484 -0.0568 0.3119
vn 0.7282 0.5301 0.4345
vn 0.9533 -0.0740 0.2927
vn 0.7634 0.5121 0.3936
vn 0.7799 0.5301 0.3328
vn 0.9615 -0.0382 0.2722
vn 0.7735 0.5702 0.2766
vn 0.9688 -0.0008 0.2477
vn 0.9738 0.0273 0.2256
vn 0.7565 0.6108 0.2337
vn 0.7175 0.6756 0.1698
vn 0.9760 -0.1094 0.1883
vn 0.5712 0.6336 0.5218
vn 0.8221 -0.2103 0.5290
vn 0.7318 -0.3298 0.5964
vn 0.5006 0.6635 0.5560
vn 0.6161 0.6361 0.4646
vn 0.5447 0.6893 0.4776
vn 0.6218 0.6585 0.4238
vn 0.5440 0.7191 0.4324
vn 0.6235 0.7040 0.3402
vn 0.5419 0.7703 0.3363
vn 0.6121 0.7429 0.2710
vn 0.5158 0.8166 0.2591
vn 0.5953 0.7747 0.2133
vn 0.4796 0.8556 0.1948
vn 0.5797 0.8037 0.1342
vn 0.4551 0.8814 0.1269
vn 0.5821 0.8076 0.0945
vn 0.4587 0.8808 0.1172
vn 0.6064 0.7909 0.0827
vn 0.4916 0.8525 0.1778
vn -0.0000 0.9593 0.2823
vn -0.0000 0.9253 0.3793
vn -0.0000 0.8642 0.5031
vn -0.0000 0.8271 0.5620
vn -0.0000 0.9907 0.1358
vn -0.0000 0.9798 0.1998
vn -0.5419 0.7702 0.3363
vn -0.5158 0.8166 0.2591
vn -0.6121 0.7429 0.2710
vn -0.5953 0.7747 0.2133
vn -0.4796 0.8556 0.1948
vn -0.6235 0.7040 0.3402
vn -0.5440 0.7191 0.4323
vn -0.6218 0.6585 0.4238
vn -0.5447 0.6893 0.4776
vn -0.6161 0.6361 0.4646
vn -0.5006 0.6635 0.5560
vn -0.5712 0.6336 0.5218
vn -0.7317 -0.3297 0.5966
vn -0.8220 -0.2105 0.5292
vn -0.5797 0.8037 0.1342
vn -0.4551 0.8814 0.1269
vn -0.5821 0.8076 0.0945
vn -0.4588 0.8808 0.1172
vn -0.6064 0.7909 0.0827
vn -0.4916 0.8525 0.1778
vn -0.8776 0.0069 0.4793
vn -0.6870 0.5453 0.4803
vn -0.9366 -0.1558 0.3140
vn -0.9484 -0.0568 0.3119
vn -0.7282 0.5301 0.4345
vn -0.9533 -0.0740 0.2927
vn -0.7634 0.5121 0.3936
vn -0.7799 0.5301 0.3328
vn -0.9615 -0.0382 0.2721
vn -0.7735 0.5702 0.2766
vn -0.9688 -0.0008 0.2477
vn -0.9738 0.0273 0.2256
vn -0.7566 0.6107 0.2337
vn -0.7175 0.6756 0.1698
vn -0.9760 -0.1094 0.1883
vn -0.6650 0.7394 0.1051
vn -0.5559 0.8307 -0.0316
vn -0.5879 0.7840 0.1994
vn -0.6117 0.7905 -0.0315
vn -0.5172 0.8420 0.1533
vn -0.6067 0.7949 -0.0036
vn -0.8645 0.3718 0.3383
vn -0.5828 0.8063 0.1011
vn -0.0000 0.9629 0.2697
vn -0.0000 0.9901 0.1403
vn 0.5172 0.8420 0.1533
vn 0.6117 0.7905 -0.0315
vn 0.5562 0.8305 -0.0316
vn 0.6650 0.7394 0.1051
vn 0.5879 0.7840 0.1993
vn 0.6067 0.7949 -0.0036
vn 0.8645 0.3717 0.3385
vn 0.5828 0.8063 0.1011
vn 0.2748 -0.6819 0.6778
vn 0.2202 -0.7184 0.6599
vn 0.0004 -0.6908 0.7231
vn 0.0003 -0.6726 0.7400
vn 0.3137 -0.6195 0.7195
vn 0.0004 -0.6021 0.7984
vn 0.3909 -0.7684 0.5066
vn 0.4802 -0.7258 0.4926
vn 0.5842 -0.6767 0.4481
vn -0.0000 -0.7477 0.6640
vn 0.1178 -0.7885 0.6036
vn 0.0340 -0.9295 0.3672
vn -0.0003 -0.9228 0.3853
vn -0.0000 -0.9974 0.0715
vn 0.0113 -0.9942 0.1069
vn 0.7751 -0.6314 0.0228
vn 0.4303 -0.8030 0.4124
vn 0.7458 -0.6648 0.0429
vn 0.8652 -0.4252 0.2659
vn 0.8475 0.4984 -0.1826
vn 0.9304 0.3639 -0.0432
vn 0.9215 -0.3199 0.2202
vn 0.9568 0.2814 0.0730
vn 0.9285 -0.3068 0.2093
vn 0.9092 -0.3630 0.2039
vn 0.9559 0.2280 0.1851
vn 0.8539 0.1784 0.4888
vn 0.8345 -0.3830 0.3961
vn 0.5389 0.2020 0.8178
vn 0.5469 -0.5808 0.6030
vn 0.2261 -0.6199 0.7514
vn 0.1992 0.2552 0.9461
vn -0.0000 0.2609 0.9654
vn 0.0003 -0.5836 0.8120
vn 0.0195 -0.9644 -0.2636
vn 0.0709 -0.9830 -0.1691
vn 0.0780 -0.9942 -0.0739
vn 0.0255 -0.9925 -0.1192
vn -0.0000 -0.9577 -0.2879
vn -0.0000 -0.9904 -0.1380
vn 0.0984 -0.9883 0.1162
vn 0.1370 -0.9881 0.0695
vn 0.1538 -0.9349 0.3199
vn 0.2225 -0.9387 0.2631
vn 0.2540 -0.8382 0.4826
vn 0.3348 -0.8617 0.3814
vn 0.5853 -0.2625 -0.7671
vn 0.6140 -0.2339 -0.7538
vn -0.3605 -0.1247 -0.9244
vn -0.5495 -0.2301 -0.8032
vn 0.7111 -0.1820 -0.6791
vn 0.0215 0.1233 -0.9921
vn -0.5673 -0.4144 -0.7116
vn 0.5565 -0.2790 -0.7826
vn 0.9609 -0.1026 -0.2572
vn 0.9551 -0.0825 -0.2845
vn 0.9624 -0.1682 -0.2134
vn 0.9724 -0.0435 -0.2293
vn 0.8996 -0.1689 0.4028
vn 0.8949 0.0450 0.4440
vn 0.3199 0.0707 0.9448
vn 0.2489 -0.4263 0.8696
vn 0.8668 0.0260 0.4979
vn 0.2813 0.2585 0.9242
vn 0.4803 0.6295 0.6108
vn 0.8824 0.3158 0.3489
vn 0.6298 0.7598 0.1613
vn 0.9095 0.3966 0.1249
vn -0.8136 0.1452 0.5630
vn -0.5179 0.8536 0.0566
vn -0.9841 0.0122 -0.1772
vn -0.8477 0.2160 -0.4845
vn -0.9693 -0.2391 0.0580
vn -0.7694 -0.1720 0.6152
vn -0.6987 -0.0335 0.7146
vn -0.5670 -0.4145 -0.7119
vn -0.5491 -0.2302 -0.8035
vn -0.3602 -0.1248 -0.9245
vn -0.3486 0.4807 -0.8046
vn 0.0216 0.1236 -0.9921
vn -0.2230 0.8152 -0.5345
vn 0.2691 0.9583 -0.0959
vn 0.0235 0.9368 -0.3490
vn -0.9427 -0.3194 0.0964
vn -0.8189 -0.0349 0.5729
vn -0.9898 0.1210 0.0758
vn -0.6326 0.4309 0.6435
vn 0.2377 0.5263 0.8164
vn 0.2227 0.5621 0.7965
vn -0.5677 -0.2644 -0.7796
vn -0.6371 -0.4686 -0.6120
vn 0.9485 0.0901 0.3038
vn 0.7951 0.4229 0.4347
vn 0.9662 -0.1830 -0.1817
vn 0.9547 0.0683 -0.2897
vn 0.5281 -0.2914 -0.7976
vn 0.5073 -0.2247 -0.8320
vn -0.6374 -0.4686 -0.6117
vn -0.5683 -0.2642 -0.7792
vn -0.5575 -0.2728 -0.7841
vn 0.4659 -0.2658 -0.8440
vn 0.5151 -0.2887 -0.8071
vn -0.5889 -0.3088 -0.7469
vn 0.5710 -0.2881 -0.7687
vn -0.6030 -0.3328 -0.7250
vn 0.9708 0.0395 -0.2366
vn 0.9504 0.0338 -0.3091
vn 0.8437 0.3947 0.3639
vn 0.8279 0.4223 0.3690
vn 0.2713 0.5743 0.7724
vn 0.2548 0.5751 0.7774
vn -0.7735 0.3516 0.5273
vn -0.7259 0.3866 0.5689
vn -0.9998 0.0045 -0.0192
vn -0.9985 0.0521 0.0160
vn -0.6023 -0.3329 -0.7255
vn -0.5883 -0.3089 -0.7473
vn -0.5866 -0.3584 -0.7262
vn 0.6411 -0.2637 -0.7207
vn -0.7288 0.2617 -0.6327
vn 0.9858 0.0835 -0.1456
vn 0.8172 0.4159 0.3990
vn 0.2866 0.5880 0.7564
vn -0.7878 0.3499 0.5069
vn -0.9986 -0.0205 -0.0489
vn -0.5862 -0.3586 -0.7265
vn -0.6544 0.4497 0.6079
vn -0.9920 0.1209 0.0364
vn -0.5568 -0.2730 -0.7845
vn 0.2381 0.5702 0.7863
vn 0.8034 0.4437 0.3970
vn 0.9433 0.0740 -0.3236
vn 0.4141 -0.4943 0.7644
vn 0.7567 -0.4392 0.4842
vn 0.6937 -0.5770 0.4311
vn 0.3750 -0.5649 0.7351
vn 0.0005 -0.5154 0.8570
vn 0.0004 -0.5576 0.8301
vn 0.0004 -0.4667 0.8844
vn 0.4078 -0.4343 0.8031
vn 0.7717 -0.3389 0.5382
vn 0.9082 -0.3881 0.1567
vn 0.8553 -0.5172 0.0318
vn 0.9389 -0.2490 0.2377
vn 0.0006 -0.4055 0.9141
vn 0.3557 -0.3455 0.8684
vn 0.7156 -0.1592 0.6801
vn 0.9277 0.0415 0.3711
vn 0.4814 0.7909 0.3777
vn 0.8642 0.3722 0.3386
vn 0.4987 0.3738 0.7820
vn 0.5190 0.5900 0.6185
vn 0.8438 0.1340 0.5197
vn 0.4946 0.1664 0.8531
vn 0.5557 0.7471 0.3646
vn 0.9796 0.0986 0.1753
vn 0.4384 0.8290 0.3473
vn 0.4588 0.7981 0.3906
vn 0.6046 0.7491 0.2706
vn 0.6910 0.6945 0.2008
vn 0.5406 0.7333 0.4124
vn 0.9770 0.0948 -0.1910
vn 0.8607 0.0758 -0.5035
vn 0.8444 -0.1028 -0.5258
vn 0.9529 0.2950 0.0700
vn 0.9456 -0.1246 -0.3005
vn 0.9894 -0.0659 0.1296
vn 0.9786 -0.0270 -0.2040
vn 0.9952 -0.0245 0.0946
vn 0.9801 0.1163 -0.1609
vn 0.9899 0.0920 0.1077
vn 0.9554 0.2592 -0.1417
vn 0.9578 0.2229 0.1815
vn 0.9003 0.4240 -0.0984
vn 0.8771 0.3444 0.3347
vn 0.7741 0.6310 -0.0513
vn 0.7739 0.4335 0.4618
vn 0.7670 0.6406 -0.0371
vn 0.7418 0.3740 0.5566
vn 0.0723 0.9922 -0.1015
vn 0.4580 0.5087 0.7290
vn -0.6912 0.7205 -0.0564
vn -0.2084 0.5011 0.8399
vn -0.5778 0.8143 0.0545
vn -0.2314 0.5632 0.7932
vn -0.0000 0.9753 0.2208
vn -0.0000 0.6282 0.7781
vn 0.6844 0.2675 0.6783
vn 0.5967 0.0806 0.7984
vn 0.4606 0.0929 0.8827
vn 0.2106 -0.0074 0.9775
vn 0.2527 0.1283 0.9590
vn -0.0000 0.3308 0.9437
vn 0.2314 0.5632 0.7932
vn 0.5778 0.8143 0.0545
vn 0.2084 0.5011 0.8399
vn 0.6912 0.7205 -0.0564
vn -0.4580 0.5087 0.7290
vn -0.0723 0.9922 -0.1015
vn -0.7418 0.3740 0.5566
vn -0.7670 0.6406 -0.0371
vn -0.7739 0.4335 0.4618
vn -0.7741 0.6310 -0.0513
vn -0.8771 0.3444 0.3347
vn -0.9003 0.4240 -0.0984
vn -0.9578 0.2229 0.1815
vn -0.9554 0.2592 -0.1417
vn -0.9899 0.0927 0.1069
vn -0.9801 0.1163 -0.1611
vn -0.9952 -0.0245 0.0945
vn -0.9786 -0.0270 -0.2040
vn -0.9894 -0.0659 0.1296
vn -0.9456 -0.1246 -0.3007
vn -0.9529 0.2950 0.0700
vn -0.8444 -0.1028 -0.5258
vn -0.8183 0.2943 0.4937
vn -0.8440 -0.0479 0.5342
vn -0.6910 0.6944 0.2008
vn -0.8607 0.0755 -0.5035
vn -0.9770 0.0948 -0.1910
vn -0.6046 0.7491 0.2706
vn -0.4588 0.7981 0.3906
vn -0.5406 0.7333 0.4124
vn -0.5557 0.7471 0.3646
vn -0.4384 0.8290 0.3473
vn -0.4814 0.7909 0.3778
vn -0.5190 0.5900 0.6185
vn -0.4987 0.3738 0.7821
vn -0.8643 0.3721 0.3385
vn -0.8437 0.1341 0.5198
vn -0.4946 0.1664 0.8530
vn -0.9796 0.0986 0.1754
vn -0.4784 0.8365 0.2673
vn -0.5824 0.8067 0.1004
vn 0.6280 0.6284 -0.4591
vn 0.7134 0.6596 -0.2366
vn -0.3744 0.8710 0.3182
vn 0.7203 0.6937 0.0018
vn -0.3332 0.8321 0.4434
vn 0.5229 0.6031 -0.6024
vn 0.7850 0.5514 0.2823
vn -0.3597 0.6195 0.6977
vn 0.7056 0.1646 0.6892
vn -0.1915 0.0826 0.9780
vn 0.5164 -0.0863 0.8520
vn 0.0869 -0.0483 0.9950
vn 0.4105 -0.2026 0.8891
vn 0.1414 -0.1653 0.9761
vn 0.4278 -0.2603 0.8656
vn 0.0947 -0.2104 0.9730
vn 0.5697 -0.3786 0.7295
vn 0.0597 -0.2803 0.9581
vn 0.6085 -0.6628 0.4364
vn 0.0218 -0.4501 0.8927
vn 0.3956 -0.8887 0.2317
vn -0.1227 -0.4882 0.8641
vn 0.0642 -0.9911 0.1165
vn -0.2594 -0.4714 0.8429
vn -0.4467 -0.8891 0.0997
vn -0.4581 -0.4207 0.7830
vn -0.7853 -0.6057 0.1281
vn -0.5236 -0.1229 0.8431
vn -0.0000 -0.9751 0.2217
vn 0.0001 0.1349 0.9909
vn 0.7853 -0.6057 0.1280
vn 0.5235 -0.1230 0.8431
vn 0.4467 -0.8891 0.0996
vn 0.4581 -0.4206 0.7831
vn -0.0643 -0.9911 0.1166
vn 0.2594 -0.4713 0.8429
vn -0.3955 -0.8887 0.2320
vn 0.1227 -0.4882 0.8640
vn -0.6085 -0.6628 0.4364
vn -0.0218 -0.4502 0.8927
vn -0.5698 -0.3787 0.7294
vn -0.0599 -0.2802 0.9581
vn -0.4281 -0.2604 0.8654
vn -0.0945 -0.2104 0.9730
vn -0.4106 -0.2027 0.8890
vn -0.1410 -0.1653 0.9761
vn -0.5164 -0.0863 0.8520
vn -0.0867 -0.0483 0.9951
vn -0.7055 0.1646 0.6893
vn 0.1914 0.0825 0.9780
vn -0.7850 0.5513 0.2826
vn 0.3594 0.6197 0.6977
vn -0.6032 0.1447 0.7844
vn -0.5868 0.5964 0.5477
vn 0.8183 0.2943 0.4937
vn 0.8441 -0.0480 0.5341
vn 0.9367 -0.0339 0.3484
vn 0.9563 0.0806 0.2811
vn 0.8984 0.1832 0.3991
vn 0.7771 0.2654 0.5707
vn -0.2528 0.1283 0.9590
vn -0.2106 -0.0074 0.9775
vn -0.4606 0.0929 0.8827
vn -0.5967 0.0806 0.7984
vn -0.6844 0.2675 0.6783
vn -0.7772 0.2655 0.5705
vn -0.8988 0.1835 0.3982
vn -0.9565 0.0810 0.2804
vn -0.9367 -0.0338 0.3485
vn 0.7862 0.5033 0.3585
vn 0.9332 0.2824 0.2224
vn 0.4810 0.8408 0.2483
vn 0.4377 0.8932 -0.1027
vn 0.8789 0.4703 -0.0800
vn 0.5873 0.7843 0.1998
vn 0.9760 -0.1094 0.1881
vn 0.6668 -0.7376 0.1062
vn 0.5555 0.8309 -0.0318
vn 0.8643 0.3716 0.3388
vn 0.2323 -0.9638 -0.1308
vn 0.4917 -0.8692 -0.0521
vn 0.8222 -0.2108 0.5288
vn 0.7317 -0.3301 0.5963
vn 0.2484 -0.9641 -0.0937
vn 0.5320 -0.8463 -0.0263
vn 0.2861 -0.9567 -0.0529
vn 0.5463 -0.8376 0.0057
vn 0.3079 -0.9509 -0.0317
vn 0.5559 -0.8308 0.0285
vn 0.3195 -0.9475 -0.0135
vn 0.5470 -0.8365 0.0332
vn 0.3416 -0.9398 0.0057
vn 0.5433 -0.8388 0.0340
vn 0.3818 -0.9235 0.0374
vn 0.5406 -0.8404 0.0386
vn 0.4388 -0.8960 0.0683
vn 0.5329 -0.8442 0.0587
vn 0.0002 -0.5409 0.8411
vn 0.0003 -0.9880 -0.1544
vn 0.0005 -0.9981 -0.0611
vn 0.0005 -0.9990 -0.0439
vn 0.0004 -0.9997 -0.0238
vn 0.9688 -0.0002 0.2478
vn 0.9615 -0.0378 0.2722
vn 0.0005 -1.0000 0.0042
vn 0.0005 -0.9988 0.0494
vn 0.9761 -0.1086 0.1884
vn 0.9738 0.0277 0.2256
vn 0.6665 -0.7379 0.1061
vn 0.0004 -0.9945 -0.1052
vn 0.9534 -0.0737 0.2927
vn 0.9484 -0.0560 0.3121
vn 0.9366 -0.1550 0.3142
vn 0.8776 0.0069 0.4794
vn 0.5949 -0.7776 0.2033
vn 0.6042 -0.7559 0.2522
vn 0.8643 0.3723 0.3383
vn 0.4958 -0.8320 0.2488
vn 0.0006 -0.9136 0.4066
vn 0.0003 -0.9942 0.1079
vn -0.0000 0.7658 0.6431
vn -0.0000 -0.5406 0.8413
vn 0.4959 -0.8319 0.2491
vn -0.0002 -0.9137 0.4064
vn -0.0000 -0.5016 0.8651
vn 0.5360 -0.4331 0.7246
vn 0.5951 -0.7774 0.2035
vn 0.6424 -0.2429 0.7268
vn 0.6045 -0.7555 0.2527
vn 0.5755 0.1467 0.8045
vn 0.8646 0.3717 0.3380
vn 0.4985 0.3735 0.7823
vn -0.0000 -0.4753 0.8798
vn 0.5328 -0.4034 0.7439
vn -0.0000 -0.4947 0.8691
vn 0.5332 -0.4034 0.7436
vn 0.5900 -0.2827 0.7563
vn 0.5580 -0.3294 0.7617
vn 0.5678 -0.0303 0.8226
vn 0.5421 -0.1904 0.8184
vn 0.4946 0.1660 0.8531
vn 0.4876 -0.0590 0.8711
vn 0.8437 0.1341 0.5198
vn 0.6305 -0.1824 0.7545
vn 0.5648 -0.4078 0.7174
vn 0.4511 -0.3741 0.8103
vn 0.5576 -0.5553 0.6170
vn -0.0000 -0.7034 0.7108
vn 0.5576 -0.5080 0.6565
vn 0.5177 -0.4246 0.7428
vn 0.7395 0.6122 0.2800
vn 0.7600 0.6271 0.1709
vn 0.7552 0.5640 -0.3341
vn 0.8406 0.5082 -0.1875
vn 0.8852 0.4651 -0.0076
vn 0.8927 0.4302 0.1342
vn 0.8006 0.4045 0.4421
vn 0.4404 0.4370 0.7843
vn 0.1628 0.4693 0.8679
vn 0.0001 0.4693 0.8830
vn -0.5866 0.5964 0.5479
vn -0.0441 0.7588 0.6499
vn -0.2296 0.9423 0.2438
vn -0.2189 0.2971 0.9294
vn -0.6027 0.1446 0.7848
vn -0.3691 -0.0791 0.9260
vn -0.5760 -0.1141 0.8094
vn -0.3905 -0.2523 0.8854
vn -0.5277 -0.2254 0.8190
vn -0.3702 -0.2641 0.8906
vn -0.5182 -0.2533 0.8169
vn -0.3187 -0.2927 0.9015
vn -0.5598 -0.3141 0.7668
vn -0.2540 -0.3945 0.8831
vn -0.5718 -0.5771 0.5831
vn -0.1511 -0.5919 0.7917
vn -0.3863 -0.8545 0.3473
vn 0.0048 -0.7635 0.6458
vn -0.1130 -0.4931 0.8626
vn 0.3647 -0.8050 0.4680
vn 0.3452 -0.9263 0.1509
vn -0.0316 -0.9760 0.2153
vn 0.2319 -0.5643 0.7923
vn -0.1375 -0.3059 0.9421
vn 0.2360 -0.2610 0.9360
vn -0.1132 -0.2527 0.9609
vn 0.3369 -0.1687 0.9263
vn -0.0848 -0.2261 0.9704
vn 0.4241 -0.1369 0.8952
vn -0.0492 -0.0158 0.9987
vn 0.4544 0.0207 0.8906
vn 0.0066 0.3843 0.9232
vn 0.3664 0.3335 0.8686
vn 0.0317 0.7800 0.6249
vn 0.1248 0.7568 0.6416
vn 0.0081 0.9385 0.3451
vn -0.0000 -0.6655 0.7464
vn -0.0000 -0.9797 0.2006
vn -0.0000 -0.2305 0.9731
vn -0.0000 -0.0868 0.9962
vn -0.0000 -0.0719 0.9974
vn -0.0000 0.0377 0.9993
vn -0.0000 0.2269 0.9739
vn -0.0000 0.7669 0.6418
vn -0.0000 0.9323 0.3616
vn -0.0148 0.9977 0.0665
vn -0.2264 0.9740 -0.0037
vn -0.2125 0.9315 -0.2952
vn -0.0205 0.9256 -0.3779
vn -0.1914 0.8788 -0.4371
vn -0.0000 0.9939 0.1101
vn -0.0000 0.9259 -0.3777
vn 0.0148 0.9977 0.0665
vn -0.0080 0.9386 0.3450
vn 0.2279 0.9737 -0.0054
vn 0.2122 0.9316 -0.2953
vn 0.0205 0.9257 -0.3778
vn 0.1901 0.8793 -0.4368
vn 0.2297 0.9423 0.2437
vn -0.0317 0.7800 0.6249
vn -0.1248 0.7568 0.6416
vn -0.3664 0.3335 0.8686
vn -0.0066 0.3843 0.9232
vn -0.4544 0.0207 0.8906
vn 0.0492 -0.0158 0.9987
vn -0.4241 -0.1369 0.8952
vn 0.0848 -0.2261 0.9704
vn -0.3369 -0.1687 0.9263
vn 0.1132 -0.2527 0.9609
vn -0.2360 -0.2610 0.9360
vn 0.1375 -0.3059 0.9421
vn -0.2319 -0.5643 0.7923
vn 0.1129 -0.4931 0.8626
vn -0.3647 -0.8050 0.4680
vn -0.0048 -0.7635 0.6458
vn -0.3452 -0.9263 0.1509
vn 0.0315 -0.9761 0.2152
vn -0.7469 -0.6632 0.0476
vn -0.0000 -0.9948 0.1018
vn 0.7469 -0.6632 0.0476
vn -0.0205 0.9253 -0.3787
vn 0.0049 0.6944 -0.7196
vn -0.1506 0.6997 -0.6984
vn -0.1919 0.8784 -0.4377
vn -0.0000 0.9256 -0.3784
vn -0.0000 0.6601 -0.7511
vn -0.0001 0.4161 -0.9093
vn 0.0070 0.4365 -0.8997
vn -0.0434 0.4872 -0.8722
vn -0.0000 0.3911 -0.9203
vn 0.0666 0.4010 -0.9136
vn 0.5172 0.8420 0.1537
vn -0.0003 0.9572 0.2893
vn 0.6116 0.7905 -0.0318
vn -0.1396 0.4602 -0.8768
vn 0.6069 0.7948 -0.0032
vn -0.4193 0.5283 -0.7383
vn -0.5235 0.6031 -0.6019
vn -0.0000 -0.3163 -0.9487
vn -0.2483 -0.2358 -0.9395
vn -0.1389 -0.2896 -0.9470
vn -0.0000 -0.4712 -0.8820
vn -0.3338 -0.3950 -0.8559
vn -0.3381 -0.5102 -0.7908
vn -0.3862 -0.5597 -0.7332
vn -0.2922 -0.7904 -0.5384
vn -0.4470 -0.7420 -0.4996
vn -0.2997 -0.9533 -0.0365
vn -0.7051 -0.7003 0.1113
vn -0.2866 -0.8217 0.4927
vn -0.0256 -0.7801 -0.6252
vn -0.0000 -0.7644 -0.6447
vn -0.0453 -0.9537 -0.2974
vn -0.0000 -0.9667 -0.2558
vn -0.0414 -0.9826 0.1810
vn -0.0000 -0.9791 0.2033
vn -0.0420 -0.8298 0.5565
vn -0.0000 -0.8424 0.5389
vn 0.0420 -0.8298 0.5565
vn 0.0414 -0.9826 0.1810
vn 0.0453 -0.9537 -0.2974
vn 0.0256 -0.7801 -0.6251
vn 0.2484 -0.2358 -0.9395
vn 0.1389 -0.2897 -0.9470
vn 0.3338 -0.3950 -0.8559
vn 0.3381 -0.5102 -0.7908
vn 0.3863 -0.5599 -0.7330
vn 0.2922 -0.7904 -0.5384
vn 0.4467 -0.7423 -0.4995
vn 0.2997 -0.9533 -0.0365
vn 0.7048 -0.7006 0.1113
vn 0.2866 -0.8216 0.4927
vn -0.7049 -0.7006 0.1108
vn -0.2867 -0.8214 0.4931
vn -0.3514 -0.5287 0.7727
vn -0.8621 -0.0103 0.5067
vn -0.0679 -0.6557 0.7519
vn -0.0421 -0.8294 0.5571
vn -0.0000 -0.6890 0.7248
vn -0.0000 -0.8422 0.5392
vn -0.0938 -0.5576 0.8248
vn -0.0000 -0.5821 0.8131
vn -0.1206 -0.4690 0.8750
vn -0.0004 -0.4862 0.8738
vn -0.1400 -0.3957 0.9076
vn -0.0004 -0.4142 0.9102
vn -0.1701 -0.2700 0.9477
vn -0.0003 -0.3017 0.9534
vn -0.1701 0.1861 0.9677
vn -0.0004 0.2055 0.9787
vn -0.1486 0.8776 0.4557
vn -0.0002 0.8910 0.4540
vn -0.1195 0.8874 -0.4453
vn -0.0003 0.8999 -0.4360
vn -0.1185 0.8226 -0.5561
vn -0.0004 0.8275 -0.5614
vn -0.1460 0.9458 -0.2900
vn -0.0004 0.9571 -0.2898
vn -0.1620 0.9816 -0.1011
vn -0.0004 0.9953 -0.0968
vn -0.1419 0.9869 0.0774
vn -0.0004 0.9988 0.0493
vn -0.6885 0.6855 -0.2366
vn -0.6670 0.7259 -0.1678
vn -0.7700 0.5719 -0.2827
vn -0.4273 0.4487 -0.7849
vn -0.4726 0.5436 -0.6937
vn -0.8378 0.5163 -0.1773
vn -0.6367 0.7057 -0.3108
vn -0.7999 0.5288 -0.2838
vn -0.5629 0.6397 -0.5234
vn -0.8053 0.4412 -0.3961
vn -0.4227 0.7909 -0.4425
vn -0.9011 0.2605 -0.3467
vn -0.3429 0.8206 0.4572
vn -0.9500 0.2848 -0.1278
vn -0.3719 0.1696 0.9126
vn -0.9376 0.3411 0.0667
vn -0.1740 0.4156 -0.8928
vn -0.2044 0.4987 -0.8423
vn -0.0001 0.4136 -0.9105
vn -0.0001 0.5162 -0.8565
vn -0.4850 -0.1233 0.8658
vn -0.9453 0.3145 0.0862
vn -0.4963 -0.2378 0.8349
vn -0.9487 0.2919 0.1214
vn -0.4744 -0.3079 0.8247
vn -0.9386 0.2407 0.2470
vn -0.3855 -0.4241 0.8195
vn -0.9085 0.1443 0.3922
vn -0.2748 -0.6819 0.6778
vn -0.0003 -0.6726 0.7400
vn -0.0004 -0.6908 0.7231
vn -0.2202 -0.7184 0.6599
vn -0.3137 -0.6195 0.7195
vn -0.0004 -0.6021 0.7984
vn -0.3909 -0.7684 0.5066
vn -0.4802 -0.7258 0.4926
vn -0.5842 -0.6767 0.4481
vn -0.1178 -0.7885 0.6036
vn -0.0340 -0.9295 0.3672
vn 0.0003 -0.9228 0.3853
vn -0.0113 -0.9942 0.1069
vn -0.6584 -0.7461 0.0996
vn -0.7751 -0.6314 0.0227
vn -0.4303 -0.8030 0.4124
vn -0.7458 -0.6648 0.0429
vn -0.8652 -0.4252 0.2659
vn -0.8475 0.4984 -0.1826
vn -0.9304 0.3639 -0.0432
vn -0.9215 -0.3199 0.2202
vn -0.9568 0.2814 0.0730
vn -0.9285 -0.3068 0.2093
vn -0.9092 -0.3629 0.2039
vn -0.9559 0.2282 0.1851
vn -0.8538 0.1790 0.4889
vn -0.8345 -0.3831 0.3961
vn -0.5389 0.2024 0.8177
vn -0.5469 -0.5808 0.6030
vn -0.2261 -0.6199 0.7514
vn -0.1993 0.2553 0.9461
vn -0.0003 -0.5837 0.8120
vn -0.0195 -0.9644 -0.2636
vn -0.0709 -0.9830 -0.1691
vn -0.0780 -0.9942 -0.0739
vn -0.0255 -0.9925 -0.1192
vn -0.0984 -0.9883 0.1162
vn -0.1370 -0.9881 0.0695
vn -0.1538 -0.9349 0.3199
vn -0.2225 -0.9387 0.2631
vn -0.2540 -0.8382 0.4826
vn -0.3348 -0.8617 0.3813
vn -0.4141 -0.4943 0.7644
vn -0.3747 -0.5648 0.7352
vn -0.6937 -0.5770 0.4311
vn -0.7567 -0.4392 0.4842
vn -0.0005 -0.5154 0.8570
vn -0.0004 -0.5576 0.8301
vn -0.0004 -0.4667 0.8844
vn -0.4078 -0.4343 0.8031
vn -0.7717 -0.3389 0.5382
vn -0.9082 -0.3881 0.1569
vn -0.8553 -0.5172 0.0318
vn -0.9388 -0.2490 0.2378
vn -0.9277 0.0413 0.3710
vn -0.7157 -0.1592 0.6801
vn -0.3557 -0.3455 0.8684
vn -0.0004 -0.4055 0.9141
vn -0.4959 -0.8319 0.2492
vn -0.5360 -0.4331 0.7246
vn 0.0002 -0.9138 0.4063
vn -0.5951 -0.7774 0.2036
vn -0.6424 -0.2429 0.7268
vn -0.6046 -0.7554 0.2527
vn -0.5755 0.1467 0.8045
vn -0.8646 0.3717 0.3380
vn -0.4985 0.3735 0.7823
vn -0.5328 -0.4034 0.7439
vn -0.5332 -0.4033 0.7437
vn -0.5900 -0.2827 0.7563
vn -0.5580 -0.3294 0.7617
vn -0.5678 -0.0303 0.8226
vn -0.5421 -0.1902 0.8185
vn -0.4946 0.1660 0.8531
vn -0.4876 -0.0586 0.8711
vn -0.8437 0.1340 0.5198
vn -0.6306 -0.1823 0.7544
vn -0.5652 -0.4071 0.7175
vn -0.4513 -0.3728 0.8108
vn -0.5576 -0.5553 0.6171
vn -0.0000 -0.7035 0.7107
vn -0.5576 -0.5079 0.6566
vn -0.5177 -0.4238 0.7432
vn -0.7395 0.6122 0.2800
vn -0.7600 0.6271 0.1709
vn -0.7552 0.5640 -0.3341
vn -0.8407 0.5081 -0.1875
vn -0.8852 0.4651 -0.0076
vn -0.8923 0.4309 0.1345
vn -0.7999 0.4059 0.4421
vn -0.4403 0.4383 0.7836
vn -0.1630 0.4698 0.8676
vn -0.0002 0.4692 0.8831
vn 0.0441 0.7588 0.6499
vn 0.5866 0.5964 0.5478
vn 0.2189 0.2971 0.9294
vn 0.6026 0.1446 0.7848
vn 0.3691 -0.0791 0.9260
vn 0.5760 -0.1141 0.8094
vn 0.3905 -0.2523 0.8854
vn 0.5275 -0.2253 0.8191
vn 0.3702 -0.2641 0.8906
vn 0.5182 -0.2533 0.8169
vn 0.3187 -0.2927 0.9015
vn 0.5599 -0.3141 0.7667
vn 0.2540 -0.3944 0.8831
vn 0.5713 -0.5776 0.5831
vn 0.1510 -0.5918 0.7918
vn 0.3863 -0.8545 0.3474
vn 0.7047 -0.7008 0.1107
vn 0.8621 -0.0102 0.5067
vn 0.3514 -0.5287 0.7727
vn 0.2867 -0.8214 0.4931
vn 0.0679 -0.6557 0.7520
vn 0.0420 -0.8294 0.5571
vn 0.0938 -0.5580 0.8245
vn 0.1206 -0.4690 0.8749
vn 0.0003 -0.4862 0.8738
vn 0.1400 -0.3957 0.9076
vn 0.0004 -0.4142 0.9102
vn 0.1701 -0.2700 0.9477
vn 0.0003 -0.3017 0.9534
vn 0.1701 0.1861 0.9677
vn 0.0004 0.2055 0.9787
vn 0.1487 0.8776 0.4557
vn 0.0002 0.8910 0.4540
vn 0.1195 0.8874 -0.4453
vn 0.0003 0.8999 -0.4360
vn 0.1185 0.8226 -0.5561
vn 0.0004 0.8275 -0.5614
vn 0.1460 0.9458 -0.2901
vn 0.0004 0.9571 -0.2898
vn 0.1620 0.9816 -0.1011
vn 0.0004 0.9953 -0.0968
vn 0.1419 0.9869 0.0774
vn 0.0004 0.9988 0.0493
vn 0.6886 0.6855 -0.2366
vn 0.6670 0.7259 -0.1678
vn 0.7706 0.5711 -0.2829
vn 0.4275 0.4478 -0.7853
vn 0.4726 0.5436 -0.6937
vn 0.8380 0.5160 -0.1774
vn 0.6367 0.7057 -0.3108
vn 0.7999 0.5288 -0.2838
vn 0.5630 0.6397 -0.5233
vn 0.8053 0.4412 -0.3960
vn 0.4227 0.7909 -0.4425
vn 0.9011 0.2602 -0.3469
vn 0.3430 0.8205 0.4573
vn 0.9500 0.2848 -0.1279
vn 0.3719 0.1697 0.9126
vn 0.9376 0.3411 0.0667
vn 0.1740 0.4153 -0.8929
vn 0.2044 0.4987 -0.8423
vn 0.0001 0.4136 -0.9105
vn 0.0001 0.5162 -0.8565
vn 0.4850 -0.1233 0.8658
vn 0.9453 0.3145 0.0861
vn 0.4963 -0.2378 0.8349
vn 0.9487 0.2919 0.1214
vn 0.4744 -0.3080 0.8247
vn 0.9386 0.2406 0.2472
vn 0.3855 -0.4241 0.8195
vn 0.9085 0.1443 0.3922
vn 0.9780 0.2081 0.0163
vn 0.8385 0.0996 0.5358
vn 0.8512 0.0758 0.5193
vn 0.9802 0.1979 0.0022
vn 0.9823 0.1872 0.0096
vn 0.8361 0.1069 0.5380
vn 0.9934 0.1147 0.0100
vn 0.8348 0.0928 0.5427
vn 0.9986 0.0527 0.0031
vn 0.8229 0.0874 0.5614
vn 0.9994 0.0332 0.0040
vn 0.7986 0.0987 0.5937
vn 0.8494 0.0108 0.5277
vn 0.9863 0.1606 0.0368
vn 0.8352 -0.0867 0.5430
vn 0.9976 0.0690 0.0027
vn 0.5978 0.0261 0.8012
vn 0.5425 0.0513 0.8385
vn 0.5703 0.0384 0.8206
vn 0.3035 0.0074 0.9528
vn 0.3043 -0.0875 0.9486
vn 0.6079 -0.0591 0.7918
vn 0.2898 -0.2852 0.9136
vn 0.5900 -0.2156 0.7780
vn 0.2974 0.0172 0.9546
vn 0.2905 0.0310 0.9564
vn 0.5267 0.0786 0.8464
vn 0.2851 0.0743 0.9556
vn 0.5055 0.1173 0.8548
vn 0.2694 0.1337 0.9537
vn 0.4757 0.1449 0.8676
vn 0.2441 0.1709 0.9546
vn 0.4170 0.1389 0.8982
vn 0.2170 0.1812 0.9592
vn 0.2418 -0.5156 0.8220
vn 0.5035 -0.3919 0.7700
vn 0.1474 -0.6842 0.7142
vn 0.2707 -0.4345 0.8590
vn -0.0122 -0.8626 0.5058
vn -0.2121 -0.7437 0.6339
vn -0.1044 -0.9932 0.0507
vn -0.3782 -0.9236 0.0626
vn 0.0004 0.0744 0.9972
vn 0.0006 0.0247 0.9997
vn 0.0006 0.0083 1.0000
vn 0.0004 -0.0035 1.0000
vn 0.0004 -0.0927 0.9957
vn 0.0004 -0.3012 0.9536
vn -0.0001 -0.9987 0.0503
vn -0.0000 -0.8855 0.4646
vn -0.0000 -0.7424 0.6699
vn 0.0005 -0.5618 0.8273
vn 0.8102 0.2826 -0.5136
vn 0.9779 0.2083 0.0156
vn 0.9802 0.1980 0.0013
vn 0.7924 0.2987 -0.5319
vn 0.8255 0.2309 -0.5150
vn 0.9823 0.1873 0.0086
vn 0.8407 0.1315 -0.5254
vn 0.9933 0.1148 0.0091
vn 0.8282 0.0393 -0.5591
vn 0.9986 0.0527 0.0022
vn 0.7998 -0.0128 -0.6002
vn 0.9994 0.0331 0.0032
vn 0.9863 0.1608 0.0361
vn 0.7871 0.2819 -0.5486
vn 0.9976 0.0691 0.0020
vn 0.7839 0.1070 -0.6116
vn 0.4838 0.2925 -0.8248
vn 0.4573 0.3236 -0.8283
vn 0.2280 0.2759 -0.9338
vn 0.1963 0.3083 -0.9308
vn 0.4523 0.3070 -0.8374
vn 0.1990 0.3104 -0.9296
vn 0.4568 0.0622 -0.8874
vn 0.2445 0.0188 -0.9695
vn 0.2599 0.2094 -0.9427
vn 0.5097 0.2271 -0.8298
vn 0.2795 0.1335 -0.9508
vn 0.5265 0.1360 -0.8392
vn 0.2736 0.0543 -0.9603
vn 0.5130 0.0464 -0.8571
vn 0.2475 -0.0058 -0.9689
vn 0.4825 -0.0155 -0.8758
vn 0.2063 -0.0380 -0.9777
vn 0.4159 -0.0661 -0.9070
vn 0.4372 -0.2543 -0.8627
vn 0.1356 -0.3491 -0.9272
vn 0.2141 -0.5044 -0.8365
vn -0.0008 -0.6956 -0.7184
vn -0.2806 -0.8078 -0.5184
vn -0.0747 -0.8972 -0.4353
vn -0.3783 -0.9236 0.0619
vn -0.1044 -0.9933 0.0500
vn -0.0000 -0.9152 -0.4031
vn -0.0000 -0.7238 -0.6900
vn -0.0001 -0.9988 0.0495
vn -0.0000 -0.4681 -0.8837
vn -0.0002 -0.4231 -0.9061
vn 0.1506 -0.2995 -0.9421
vn 0.2337 0.0152 -0.9722
vn 0.1832 0.4422 -0.8780
vn -0.0000 0.3318 -0.9433
vn -0.0000 0.2951 -0.9555
vn 0.0004 0.2675 -0.9636
vn 0.0004 0.2023 -0.9793
vn 0.0004 0.1343 -0.9909
vn 0.0004 0.0589 -0.9983
vn 0.0004 0.0008 -1.0000
vn 0.0003 -0.0282 -0.9996
vn -0.0000 0.0593 -0.9982
vn 0.1473 0.0520 -0.9877
vn 0.1133 0.1735 -0.9783
vn 0.1900 0.1766 -0.9658
vn 0.2925 0.0004 -0.9563
vn 0.0872 0.1560 -0.9839
vn 0.2714 -0.0891 -0.9583
vn -0.0000 0.1696 -0.9855
vn -0.0667 0.1381 -0.9882
vn 0.1053 -0.1802 -0.9780
vn 0.0003 0.4211 -0.9070
vn 0.1192 0.4461 -0.8870
vn 0.1725 0.5050 -0.8457
vn 0.4688 -0.4371 -0.7676
vn 0.6632 -0.1185 -0.7390
vn 0.7981 -0.6024 0.0085
vn 0.9977 -0.0645 -0.0210
vn 0.1721 0.6966 -0.6965
vn 0.2277 0.7869 -0.5736
vn 0.0632 0.6936 -0.7175
vn 0.3094 0.8845 -0.3491
vn 0.6123 0.2835 -0.7380
vn 0.8303 0.2680 -0.4886
vn 0.3769 0.9254 0.0387
vn 0.9795 0.1870 -0.0747
vn 0.0154 0.9992 0.0371
vn -0.1770 0.7006 -0.6912
vn -0.2392 0.9702 0.0386
vn 0.3869 0.2749 -0.8802
vn 0.0003 0.6771 -0.7359
vn 0.0004 0.2779 -0.9606
vn 0.6976 0.0415 0.7153
vn 0.9977 -0.0642 -0.0210
vn 0.4924 -0.3944 0.7759
vn 0.7982 -0.6024 0.0085
vn 0.0421 -0.1116 0.9929
vn 0.2349 0.0149 0.9719
vn 0.0087 0.2351 0.9719
vn 0.1475 0.2631 0.9534
vn 0.2776 0.1314 0.9517
vn 0.0906 0.2867 0.9537
vn 0.1576 0.2025 0.9665
vn -0.0000 0.3044 0.9525
vn -0.0000 0.2256 0.9742
vn -0.1634 0.1761 0.9707
vn 0.0003 0.1945 0.9809
vn 0.0004 0.1821 0.9833
vn 0.0006 0.1418 0.9899
vn 0.0639 0.3281 0.9425
vn 0.0002 0.3192 0.9477
vn 0.0003 -0.0445 0.9990
vn 0.1804 0.0527 0.9822
vn 0.1156 0.4057 0.9067
vn 0.3168 0.3604 0.8773
vn 0.7154 -0.1585 0.6805
vn 0.9277 0.0418 0.3710
vn 0.3836 0.7002 0.6022
vn 0.9794 0.1873 -0.0749
vn 0.3770 0.9254 0.0393
vn 0.3555 -0.3449 0.8687
vn 0.0004 -0.4054 0.9141
vn -0.0156 0.6173 0.7866
vn 0.0153 0.9992 0.0374
vn -0.2393 0.9702 0.0389
vn -0.2460 0.6018 0.7598
vn 0.7501 -0.1524 -0.6435
vn 0.7348 -0.2079 -0.6456
vn 0.9966 -0.0820 -0.0024
vn 0.9950 -0.0984 0.0161
vn 0.7722 -0.2078 0.6004
vn 0.9966 -0.0821 -0.0024
vn 0.7168 -0.1312 0.6848
vn 0.4162 0.7145 0.5624
vn 0.2136 0.8445 0.4910
vn 0.9625 -0.1515 0.2252
vn 0.7049 -0.3078 -0.6391
vn -0.3156 0.7197 -0.6184
vn 0.5097 0.8601 -0.0225
vn 0.3867 0.8042 -0.4514
vn 0.0828 0.7804 -0.6197
vn 0.1120 0.9926 0.0468
vn 0.4977 0.7132 0.4936
vn 0.0788 0.6933 0.7163
vn 0.2630 0.1649 0.9506
vn 0.1085 0.2216 0.9691
vn 0.1797 -0.4758 0.8610
vn 0.4002 -0.1786 0.8989
vn 0.9215 -0.3540 -0.1596
vn 0.8308 -0.2237 0.5097
vn 0.6936 0.4342 -0.5748
vn 0.9196 -0.2427 -0.3090
vn 0.0421 -0.1117 0.9928
vn 0.4922 -0.3951 0.7757
vn -0.1771 0.7006 -0.6912
vn -0.0668 0.1381 -0.9882
vn -0.0578 0.2233 -0.9730
vn 0.0675 0.5761 -0.8146
vn -0.2042 -0.1317 -0.9700
vn 0.4685 -0.4378 -0.7673
vn 0.1052 -0.1803 -0.9780
vn -0.2461 0.6018 0.7598
vn 0.0009 0.5344 -0.8452
vn 0.1829 0.4423 -0.8780
vn 0.9414 0.3268 -0.0831
vn 0.0011 0.9923 -0.1238
vn 0.0005 0.5344 -0.8452
vn -0.0000 0.9999 -0.0169
vn 0.9193 0.3934 -0.0081
vn 0.9214 0.3884 -0.0091
vn -0.0000 0.9999 -0.0170
vn 0.8484 -0.5294 0.0031
vn 0.8479 -0.5302 0.0041
vn -0.0004 -1.0000 0.0087
vn -0.0004 -1.0000 0.0094
vn 0.9255 0.3787 -0.0086
vn -0.0000 0.9999 -0.0164
vn 0.9243 0.3815 -0.0076
vn 0.8450 -0.5348 0.0053
vn 0.8466 -0.5322 0.0031
vn -0.0004 -0.9999 0.0105
vn -0.0004 -1.0000 0.0082
vn 0.9188 0.3947 -0.0082
vn -0.0000 0.9999 -0.0165
vn 0.9156 0.4021 -0.0084
vn -0.0000 0.9999 -0.0173
vn 0.8458 -0.5335 0.0042
vn 0.8455 -0.5339 0.0047
vn -0.0003 -1.0000 0.0095
vn -0.0004 -0.9999 0.0102
vn 0.9166 0.3996 -0.0098
vn -0.0000 0.9998 -0.0180
vn 0.9576 0.2879 -0.0093
vn -0.0000 0.9998 -0.0177
vn 0.8165 -0.5774 0.0028
vn 0.8482 -0.5297 0.0027
vn -0.0004 -1.0000 0.0085
vn -0.0004 -1.0000 0.0089
vn -0.9576 0.2879 -0.0093
vn -0.9166 0.3996 -0.0098
vn -0.8165 -0.5774 0.0028
vn -0.8482 -0.5297 0.0027
vn 0.0004 -1.0000 0.0086
vn 0.0004 -1.0000 0.0089
vn -0.9156 0.4021 -0.0084
vn -0.9188 0.3947 -0.0082
vn -0.8458 -0.5335 0.0042
vn -0.8455 -0.5339 0.0047
vn 0.0003 -1.0000 0.0095
vn 0.0004 -0.9999 0.0102
vn -0.9243 0.3815 -0.0084
vn -0.9255 0.3787 -0.0086
vn -0.8450 -0.5347 0.0053
vn -0.8466 -0.5322 0.0031
vn 0.0004 -0.9999 0.0105
vn 0.0004 -1.0000 0.0082
vn -0.9215 0.3883 -0.0091
vn -0.9193 0.3934 -0.0081
vn -0.8484 -0.5294 0.0031
vn -0.8478 -0.5303 0.0041
vn 0.0004 -1.0000 0.0087
vn 0.0004 -1.0000 0.0094
vn -0.9416 0.3263 -0.0831
vn -0.6493 0.6755 -0.3495
vn -0.8145 -0.5800 -0.0122
vn -0.9856 0.0047 -0.1693
vn -0.1511 -0.3000 -0.9419
vn -0.0004 -0.4238 -0.9058
vn 0.0004 -0.9999 0.0165
vn 0.0004 -0.4237 -0.9058
vn -0.0004 -0.9999 0.0165
vn 0.8145 -0.5800 -0.0122
vn 0.1510 -0.3000 -0.9419
vn 0.2341 0.0153 -0.9721
vn -0.0000 -0.9948 0.1023
vn 0.7468 -0.6634 0.0474
vn 0.3451 -0.9265 0.1503
vn -0.0316 -0.9762 0.2148
vn -0.3864 -0.8545 0.3471
vn -0.5716 -0.5773 0.5831
vn -0.5601 -0.3143 0.7665
vn -0.5178 -0.2531 0.8172
vn -0.5272 -0.2253 0.8194
vn -0.5757 -0.1139 0.8097
vn -0.7468 -0.6634 0.0474
vn -0.3451 -0.9265 0.1503
vn 0.0316 -0.9761 0.2149
vn 0.3864 -0.8545 0.3471
vn 0.5716 -0.5773 0.5831
vn 0.5600 -0.3143 0.7665
vn 0.5178 -0.2531 0.8172
vn 0.5271 -0.2253 0.8194
vn 0.5758 -0.1139 0.8096
vn 0.6032 0.1446 0.7843
vn 0.5869 0.5964 0.5476
vn 0.2296 0.9423 0.2437
vn 0.2282 0.9736 -0.0050
vn 0.2126 0.9315 -0.2953
vn 0.1904 0.8792 -0.4368
vn -0.6273 0.6286 -0.4598
vn 0.4784 0.8365 0.2673
vn 0.3743 0.8710 0.3182
vn -0.7138 0.6598 -0.2350
vn 0.3327 0.8323 0.4433
vn -0.7203 0.6937 0.0018
vn -0.5236 0.6032 -0.6017
vn 0.5823 0.8067 0.1006
vn -0.2297 0.9422 0.2438
vn -0.2127 0.9315 -0.2951
vn -0.1918 0.8787 -0.4371
vn -0.2267 0.9740 -0.0032
vn -0.0000 0.9572 0.2893
vn -0.9332 0.2824 0.2224
vn -0.7862 0.5033 0.3585
vn -0.4810 0.8408 0.2483
vn -0.4377 0.8932 -0.1027
vn -0.8789 0.4702 -0.0800
vn -0.5874 0.7842 0.1998
vn -0.9760 -0.1095 0.1882
vn -0.6669 -0.7376 0.1062
vn -0.5555 0.8309 -0.0318
vn -0.8644 0.3717 0.3387
vn -0.2323 -0.9638 -0.1308
vn -0.7319 -0.3301 0.5962
vn -0.8222 -0.2108 0.5288
vn -0.4917 -0.8692 -0.0521
vn -0.2484 -0.9641 -0.0937
vn -0.5320 -0.8463 -0.0263
vn -0.2861 -0.9567 -0.0529
vn -0.5462 -0.8376 0.0057
vn -0.3079 -0.9509 -0.0317
vn -0.5559 -0.8308 0.0285
vn -0.3197 -0.9474 -0.0138
vn -0.5470 -0.8365 0.0332
vn -0.3413 -0.9400 0.0056
vn -0.5433 -0.8388 0.0340
vn -0.3818 -0.9235 0.0374
vn -0.5406 -0.8404 0.0386
vn -0.4388 -0.8960 0.0683
vn -0.5329 -0.8441 0.0587
vn -0.0006 -0.9981 -0.0611
vn -0.0005 -0.9990 -0.0439
vn -0.0004 -0.9997 -0.0238
vn -0.9484 -0.0559 0.3121
vn -0.9534 -0.0737 0.2927
vn -0.9688 -0.0004 0.2477
vn -0.9615 -0.0378 0.2722
vn -0.0005 -1.0000 0.0042
vn -0.0005 -0.9988 0.0494
vn -0.0003 -0.9942 0.1078
vn -0.9366 -0.1550 0.3142
vn -0.8776 0.0069 0.4794
vn -0.0006 -0.9136 0.4066
vn -0.4958 -0.8321 0.2487
vn -0.5949 -0.7776 0.2033
vn -0.6043 -0.7558 0.2521
vn -0.6665 -0.7379 0.1061
vn -0.9761 -0.1086 0.1884
vn -0.9738 0.0277 0.2256
vn -0.8644 0.3721 0.3382
vn -0.0003 -0.9880 -0.1544
vn -0.0001 -0.5409 0.8411
vn -0.0004 -0.9945 -0.1052
vn 0.0205 0.9253 -0.3787
vn 0.1904 0.8789 -0.4374
vn 0.1506 0.6997 -0.6984
vn -0.0049 0.6944 -0.7196
vn 0.0001 0.4161 -0.9093
vn -0.0070 0.4365 -0.8997
vn 0.0434 0.4872 -0.8722
vn -0.0666 0.4010 -0.9136
vn -0.5172 0.8420 0.1537
vn 0.0003 0.9573 0.2892
vn -0.6116 0.7905 -0.0318
vn 0.1395 0.4602 -0.8768
vn -0.6069 0.7948 -0.0033
vn 0.4194 0.5283 -0.7383
vn -0.5828 0.8063 0.1013
vn 0.5227 0.6031 -0.6025
vn -0.6955 0.2567 0.6711
vn 0.3333 0.9144 0.2299
vn 0.3722 0.8716 0.3189
vn -0.7446 0.1107 0.6582
vn -0.8361 -0.3158 0.4485
vn -0.8303 -0.3648 0.4214
vn -0.8238 0.0114 0.5668
vn -0.8344 -0.1595 0.5276
vn -0.6812 0.3043 0.6659
vn 0.3493 0.9123 0.2139
vn -0.8100 0.0976 0.5783
vn -0.8480 -0.2412 0.4719
vn -0.7800 0.0038 0.6258
vn 0.5137 0.7187 0.4686
vn -0.7229 0.0349 0.6901
vn 0.6210 0.5808 0.5263
vn -0.8957 -0.2294 0.3809
vn -0.8677 -0.2600 0.4237
vn -0.8325 -0.1304 0.5385
vn -0.8330 -0.1138 0.5415
vn -0.8363 -0.1579 0.5250
vn -0.7893 -0.1418 0.5974
vn -0.8044 -0.1951 0.5612
vn -0.8173 -0.1201 0.5635
vn -0.8183 -0.0846 0.5686
vn -0.8185 -0.1201 0.5618
vn -0.8165 -0.0767 0.5722
vn -0.7984 -0.0272 0.6015
vn -0.8001 -0.0801 0.5945
vn 0.8212 -0.3673 -0.4367
vn 0.8830 -0.4472 -0.1429
vn -0.6687 -0.0120 0.7434
vn -0.5506 -0.1385 0.8232
vn 0.4669 -0.8587 -0.2115
vn 0.7445 -0.4128 -0.5248
vn -0.4701 -0.2237 0.8538
vn 0.2723 -0.8929 -0.3585
vn -0.0309 -0.9166 -0.3987
vn -0.3451 -0.8575 -0.3816
vn -0.5947 -0.7723 -0.2234
vn -0.7353 -0.3328 0.5904
vn -0.5037 0.1030 0.8577
vn 0.5766 0.5045 0.6426
vn -0.4748 0.3911 0.7884
vn 0.5331 0.7699 0.3508
vn -0.0087 0.9815 -0.1911
vn -0.6894 0.5936 0.4151
vn -0.1881 0.9267 -0.3252
vn -0.8380 0.3071 0.4510
vn -0.8225 0.2317 0.5194
vn -0.1928 0.9291 -0.3156
vn -0.3175 0.8329 -0.4533
vn -0.8065 0.1294 0.5769
vn -0.7701 -0.0010 0.6379
vn -0.7467 0.5577 -0.3624
vn -0.8737 0.0435 0.4845
vn -0.6291 -0.2386 0.7398
vn -0.6456 -0.1344 0.7518
vn -0.6763 -0.1273 0.7256
vn -0.6336 -0.3888 0.6688
vn 0.0907 -0.8944 0.4379
vn -0.6004 -0.5040 0.6209
vn 0.7845 0.1237 -0.6077
vn 0.7636 0.0723 -0.6417
vn 0.3722 0.8717 0.3188
vn 0.6733 -0.2170 -0.7068
vn 0.5932 -0.3912 -0.7036
vn 0.7451 -0.1792 -0.6424
vn 0.8162 0.0538 -0.5752
vn 0.3490 0.9123 0.2143
vn 0.8088 0.1855 -0.5580
vn 0.5366 -0.4711 -0.7001
vn 0.6925 -0.2817 -0.6641
vn 0.7574 -0.0304 -0.6523
vn 0.8226 0.1386 -0.5515
vn 0.7624 -0.0492 -0.6452
vn 0.7445 0.0252 -0.6671
vn 0.6204 0.5809 0.5269
vn 0.5133 0.7188 0.4688
vn 0.6902 -0.0572 -0.7214
vn -0.3459 -0.8573 -0.3812
vn -0.5945 -0.7724 -0.2236
vn -0.0305 -0.9168 -0.3982
vn 0.8023 0.1251 -0.5837
vn 0.7924 0.1000 -0.6017
vn 0.2723 -0.8929 -0.3587
vn 0.7443 -0.4131 -0.5247
vn 0.8104 0.0481 -0.5840
vn 0.8827 -0.4476 -0.1429
vn 0.8097 0.0009 -0.5868
vn 0.8264 0.0779 -0.5577
vn 0.8250 0.0663 -0.5612
vn 0.8295 0.1044 -0.5487
vn 0.4668 -0.8587 -0.2115
vn 0.8809 -0.0273 -0.4725
vn 0.9477 0.0056 -0.3192
vn 0.8287 0.1148 -0.5478
vn 0.9745 0.0117 -0.2241
vn 0.8257 0.1151 -0.5523
vn 0.8273 0.1194 -0.5489
vn 0.7280 -0.2055 -0.6540
vn 0.8227 0.0507 -0.5661
vn 0.5769 0.5045 0.6424
vn 0.8714 0.1893 -0.4525
vn 0.5329 0.7699 0.3512
vn -0.0087 0.9815 -0.1912
vn 0.7038 0.3047 -0.6417
vn 0.7617 0.1109 -0.6384
vn -0.1887 0.9268 -0.3247
vn -0.1932 0.9291 -0.3152
vn 0.7772 0.0697 -0.6254
vn 0.7360 0.0482 -0.6752
vn -0.3178 0.8330 -0.4529
vn 0.7532 0.0029 -0.6578
vn -0.0853 0.4963 -0.8640
vn -0.7467 0.5578 -0.3624
vn 0.6038 0.1257 -0.7872
vn -0.8737 0.0435 0.4846
vn 0.8142 -0.0859 -0.5742
vn 0.8153 -0.1648 -0.5550
vn 0.8290 -0.0579 -0.5562
vn 0.8260 -0.2778 -0.4905
vn 0.0909 -0.8945 0.4378
vn 0.7822 -0.4223 -0.4580
vn 0.7859 -0.0503 -0.6163
vn 0.7007 0.0045 -0.7134
vn 0.6878 0.1307 -0.7140
vn 0.8514 -0.0938 -0.5161
vn 0.6106 0.1890 -0.7690
vn 0.7146 0.0442 -0.6981
vn 0.9074 -0.1792 -0.3802
vn 0.7685 0.0704 -0.6360
vn 0.4906 0.3477 -0.7990
vn -0.2544 -0.9671 0.0088
vn 0.9046 -0.0537 -0.4229
vn 0.7097 -0.2110 -0.6722
vn 0.3565 0.2092 -0.9106
vn 0.8077 0.0919 -0.5824
vn 0.7426 0.0528 -0.6677
vn 0.9477 0.0056 -0.3191
vn 0.9747 0.0114 -0.2233
vn 0.5862 0.1073 -0.8030
vn 0.6846 -0.0506 -0.7272
vn 0.7418 -0.0046 -0.6706
vn 0.4668 -0.8587 -0.2116
vn 0.8809 -0.0273 -0.4726
vn 0.7281 -0.2061 -0.6537
vn 0.8227 0.0511 -0.5661
vn 0.7036 0.3047 -0.6419
vn 0.7823 -0.4217 -0.4584
vn 0.5938 0.1638 -0.7878
vn 0.8261 -0.2770 -0.4908
vn 0.7754 0.0790 -0.6266
vn 0.8152 -0.1646 -0.5553
vn 0.7463 0.0325 -0.6648
vn 0.8140 -0.0856 -0.5745
vn 0.7235 0.0475 -0.6887
vn 0.7495 -0.6227 0.2248
vn 0.8290 -0.0579 -0.5563
vn 0.0909 -0.8945 0.4376
vn -0.8247 0.0190 0.5652
vn -0.7770 -0.0421 0.6281
vn -0.7987 -0.0464 0.6000
vn -0.8527 0.0516 0.5199
vn -0.5490 -0.2517 0.7970
vn -0.6034 -0.1025 0.7908
vn -0.7186 -0.1962 0.6672
vn -0.4735 -0.3797 0.7947
vn -0.9262 0.1756 0.3336
vn -0.2545 -0.9670 0.0088
vn -0.7045 -0.2334 0.6703
vn -0.8964 -0.0553 0.4397
vn -0.6011 -0.5034 0.6207
vn -0.6340 -0.3882 0.6688
vn -0.7788 -0.0896 0.6208
vn -0.6295 -0.2379 0.7397
vn -0.7477 -0.0398 0.6628
vn -0.6458 -0.1342 0.7516
vn -0.7068 -0.0758 0.7033
vn 0.7496 -0.6226 0.2248
vn -0.7483 -0.3651 0.5539
vn -0.7917 -0.1483 0.5926
vn -0.9953 0.0103 0.0966
vn -0.9429 -0.0417 0.3304
vn -0.7653 -0.1434 0.6274
vn -0.4698 -0.2237 0.8540
vn -0.5507 -0.1385 0.8231
vn -0.7782 -0.0830 0.6225
vn -0.6684 -0.0119 0.7437
vn -0.9069 -0.0304 0.4202
vn -0.7348 -0.3327 0.5911
vn -0.4750 0.3911 0.7883
vn -0.5034 0.1032 0.8579
vn -0.6893 0.5939 0.4150
vn -0.8248 0.0191 0.5651
vn -0.8527 0.0511 0.5199
vn -0.7520 -0.0611 0.6563
vn -0.7611 -0.0432 0.6472
vn -0.7741 -0.0987 0.6253
vn -0.9262 0.1755 0.3337
vn -0.2545 -0.9670 0.0089
vn -0.2012 -0.9224 -0.3298
vn -0.7215 -0.0816 0.6876
vn 0.7382 -0.4588 -0.4945
vn -0.7471 -0.0529 0.6626
vn -0.7477 -0.0399 0.6629
vn 0.7495 -0.6227 0.2249
vn -0.7788 -0.0898 0.6208
vn -0.7765 -0.0941 0.6231
vn -0.8964 -0.0551 0.4398
vn 0.7144 0.0444 -0.6983
vn -0.2544 -0.9671 0.0089
vn -0.2015 -0.9224 -0.3296
vn 0.7592 0.0259 -0.6503
vn 0.7530 0.0524 -0.6560
vn 0.6110 0.1888 -0.7688
vn 0.7382 -0.4591 -0.4943
vn 0.7248 0.0586 -0.6865
vn 0.7495 -0.6226 0.2248
vn 0.7479 0.0457 -0.6623
vn 0.7707 0.0858 -0.6314
vn 0.7733 0.0826 -0.6286
vn 0.7753 0.0790 -0.6266
vn 0.4912 0.3473 -0.7988
vn 0.5939 0.1639 -0.7877
vn -0.7229 -0.1285 0.6789
vn -0.7012 -0.1312 0.7008
vn -0.6996 -0.0669 0.7114
vn -0.7253 -0.0649 0.6854
vn 0.0531 -0.9881 0.1444
vn 0.3798 -0.7644 0.5210
vn -0.6036 -0.1023 0.7907
vn -0.5496 -0.2511 0.7968
vn -0.7833 -0.0439 0.6201
vn -0.7677 -0.1009 0.6328
vn -0.3354 -0.8194 -0.4648
vn -0.9430 -0.0417 0.3302
vn -0.9952 0.0102 0.0969
vn -0.7520 -0.1379 0.6445
vn -0.4741 -0.3793 0.7946
vn -0.7237 -0.1539 0.6728
vn -0.7482 -0.3648 0.5542
vn -0.7139 -0.1604 0.6816
vn 0.7051 0.1153 -0.6997
vn 0.7139 0.1605 -0.6817
vn 0.7237 0.1540 -0.6727
vn 0.7240 0.1127 -0.6806
vn 0.7086 0.0390 -0.7045
vn 0.7275 0.0351 -0.6852
vn 0.0524 -0.9882 0.1442
vn 0.3795 -0.7644 0.5211
vn 0.7859 -0.0502 -0.6163
vn 0.8514 -0.0937 -0.5162
vn 0.7779 0.0156 -0.6282
vn -0.3365 -0.8186 -0.4654
vn 0.7666 0.0855 -0.6364
vn 0.7517 0.1381 -0.6449
vn 0.3568 0.2092 -0.9105
vn 0.7099 -0.2107 -0.6720
vn 0.9074 -0.1793 -0.3802
vn -0.9780 0.2082 0.0163
vn -0.9802 0.1979 0.0022
vn -0.8512 0.0758 0.5193
vn -0.8384 0.0999 0.5358
vn -0.9823 0.1872 0.0096
vn -0.8361 0.1069 0.5381
vn -0.9933 0.1148 0.0098
vn -0.8347 0.0928 0.5428
vn -0.9986 0.0528 0.0031
vn -0.8229 0.0874 0.5614
vn -0.9994 0.0332 0.0040
vn -0.7986 0.0987 0.5937
vn -0.8494 0.0108 0.5277
vn -0.9863 0.1606 0.0368
vn -0.8352 -0.0867 0.5430
vn -0.9976 0.0690 0.0027
vn -0.5978 0.0261 0.8012
vn -0.5703 0.0383 0.8205
vn -0.3035 0.0074 0.9528
vn -0.3043 -0.0875 0.9486
vn -0.6079 -0.0590 0.7918
vn -0.2898 -0.2852 0.9136
vn -0.5900 -0.2156 0.7780
vn -0.2974 0.0172 0.9546
vn -0.5425 0.0513 0.8385
vn -0.2905 0.0310 0.9564
vn -0.5270 0.0788 0.8462
vn -0.2851 0.0744 0.9556
vn -0.5055 0.1173 0.8548
vn -0.2695 0.1336 0.9537
vn -0.4756 0.1450 0.8676
vn -0.2441 0.1709 0.9546
vn -0.4170 0.1389 0.8982
vn -0.2170 0.1812 0.9592
vn -0.2418 -0.5156 0.8220
vn -0.5035 -0.3919 0.7700
vn -0.1474 -0.6842 0.7142
vn -0.2708 -0.4345 0.8590
vn 0.0122 -0.8626 0.5058
vn 0.2121 -0.7437 0.6339
vn 0.1044 -0.9932 0.0507
vn 0.3783 -0.9235 0.0626
vn -0.0004 0.0744 0.9972
vn -0.0004 0.0247 0.9997
vn -0.0006 0.0083 1.0000
vn -0.0004 -0.0035 1.0000
vn -0.0004 -0.0927 0.9957
vn -0.0004 -0.3012 0.9536
vn 0.0001 -0.9987 0.0503
vn -0.0005 -0.5618 0.8273
vn -0.8107 0.2824 -0.5128
vn -0.7924 0.2987 -0.5319
vn -0.9802 0.1980 0.0013
vn -0.9779 0.2083 0.0156
vn -0.8255 0.2309 -0.5150
vn -0.9823 0.1873 0.0087
vn -0.8407 0.1316 -0.5253
vn -0.9933 0.1148 0.0091
vn -0.8281 0.0393 -0.5591
vn -0.9986 0.0527 0.0022
vn -0.7998 -0.0128 -0.6002
vn -0.9994 0.0332 0.0032
vn -0.9863 0.1608 0.0361
vn -0.7871 0.2820 -0.5486
vn -0.9976 0.0691 0.0020
vn -0.7839 0.1070 -0.6116
vn -0.4838 0.2925 -0.8248
vn -0.4573 0.3236 -0.8284
vn -0.2280 0.2759 -0.9338
vn -0.1963 0.3083 -0.9308
vn -0.4523 0.3070 -0.8374
vn -0.1990 0.3104 -0.9296
vn -0.4568 0.0622 -0.8874
vn -0.2445 0.0188 -0.9695
vn -0.2599 0.2094 -0.9427
vn -0.5097 0.2271 -0.8298
vn -0.2795 0.1335 -0.9508
vn -0.5265 0.1360 -0.8392
vn -0.2736 0.0543 -0.9603
vn -0.5130 0.0464 -0.8572
vn -0.2475 -0.0058 -0.9689
vn -0.4825 -0.0155 -0.8758
vn -0.2063 -0.0380 -0.9777
vn -0.4159 -0.0661 -0.9070
vn -0.4371 -0.2543 -0.8627
vn -0.1356 -0.3491 -0.9272
vn -0.2141 -0.5044 -0.8365
vn 0.0008 -0.6956 -0.7184
vn 0.2806 -0.8078 -0.5184
vn 0.0747 -0.8972 -0.4353
vn 0.3783 -0.9236 0.0619
vn 0.1044 -0.9933 0.0500
vn 0.0001 -0.9988 0.0495
vn 0.0001 -0.4232 -0.9060
vn -0.1506 -0.2995 -0.9421
vn -0.1285 0.0157 -0.9916
vn -0.0853 0.3725 -0.9241
vn -0.0004 0.2675 -0.9636
vn -0.0004 0.2023 -0.9793
vn -0.0004 0.1343 -0.9909
vn -0.0004 0.0589 -0.9983
vn -0.0004 0.0008 -1.0000
vn -0.0003 -0.0282 -0.9996
vn -0.1473 0.0520 -0.9877
vn -0.1133 0.1735 -0.9783
vn -0.1900 0.1766 -0.9658
vn -0.2925 0.0004 -0.9563
vn -0.0872 0.1560 -0.9839
vn -0.2714 -0.0891 -0.9583
vn 0.0667 0.1381 -0.9882
vn -0.1053 -0.1802 -0.9780
vn -0.0003 0.4211 -0.9070
vn -0.1192 0.4460 -0.8870
vn -0.1725 0.5050 -0.8457
vn -0.4688 -0.4371 -0.7676
vn -0.6632 -0.1185 -0.7390
vn -0.7981 -0.6024 0.0085
vn -0.9977 -0.0639 -0.0212
vn -0.1721 0.6966 -0.6965
vn -0.2277 0.7869 -0.5736
vn -0.0632 0.6936 -0.7175
vn -0.3094 0.8845 -0.3491
vn -0.6123 0.2835 -0.7381
vn -0.8303 0.2680 -0.4887
vn -0.3769 0.9254 0.0387
vn -0.9795 0.1871 -0.0745
vn -0.0153 0.9992 0.0371
vn 0.1770 0.7006 -0.6912
vn 0.2392 0.9702 0.0385
vn -0.3869 0.2749 -0.8802
vn -0.0003 0.6771 -0.7359
vn -0.0004 0.2779 -0.9606
vn -0.6976 0.0415 0.7153
vn -0.9977 -0.0642 -0.0211
vn -0.4924 -0.3944 0.7759
vn -0.0421 -0.1116 0.9929
vn -0.2349 0.0149 0.9719
vn -0.0087 0.2351 0.9719
vn -0.1475 0.2631 0.9534
vn -0.2776 0.1314 0.9517
vn -0.0906 0.2867 0.9537
vn -0.1576 0.2025 0.9665
vn 0.1634 0.1761 0.9707
vn -0.0003 0.1945 0.9809
vn -0.0004 0.1821 0.9833
vn -0.0004 0.1418 0.9899
vn -0.0639 0.3281 0.9425
vn -0.0001 0.3193 0.9477
vn -0.0003 -0.0445 0.9990
vn -0.1804 0.0527 0.9822
vn -0.1156 0.4057 0.9067
vn -0.3168 0.3604 0.8773
vn -0.7154 -0.1585 0.6805
vn -0.9277 0.0418 0.3709
vn -0.3836 0.7002 0.6022
vn -0.9795 0.1873 -0.0748
vn -0.3770 0.9254 0.0393
vn -0.3555 -0.3449 0.8687
vn -0.0004 -0.4054 0.9141
vn 0.0156 0.6173 0.7866
vn -0.0153 0.9992 0.0374
vn 0.2393 0.9702 0.0389
vn 0.2460 0.6018 0.7598
vn -0.7501 -0.1524 -0.6435
vn -0.7348 -0.2079 -0.6456
vn -0.9966 -0.0820 -0.0024
vn -0.9950 -0.0984 0.0161
vn -0.7722 -0.2078 0.6004
vn -0.9966 -0.0821 -0.0024
vn -0.7168 -0.1312 0.6848
vn -0.7137 0.5572 -0.4244
vn -0.8877 -0.3970 -0.2333
vn -0.9106 0.3739 -0.1759
vn -0.7887 -0.3760 0.4863
vn -0.8445 -0.5301 -0.0768
vn -0.2046 -0.2951 0.9333
vn 0.1247 -0.3348 0.9340
vn 0.0351 0.1867 0.9818
vn -0.2410 0.4523 0.8587
vn -0.0838 0.7146 0.6945
vn -0.5255 0.8021 0.2836
vn -0.1564 0.9865 0.0490
vn -0.5740 0.7913 -0.2108
vn -0.1688 0.7619 -0.6253
vn -0.5066 0.5746 -0.6428
vn -0.1033 0.2487 -0.9631
vn -0.2849 0.4206 -0.8614
vn 0.0772 -0.0881 -0.9931
vn 0.1480 0.3076 -0.9399
vn -0.8318 -0.1337 -0.5387
vn -0.3499 0.7353 0.5805
vn -0.8924 -0.4469 0.0623
vn -0.6220 -0.7824 0.0311
vn -0.3554 -0.5699 -0.7409
vn 0.2037 0.7157 -0.6680
vn 0.2737 0.9608 0.0448
vn 0.2566 0.6327 0.7307
vn 0.1422 0.1624 0.9764
vn -0.0335 -0.1494 0.9882
vn -0.3935 -0.5371 0.7461
vn -0.0421 -0.1117 0.9928
vn -0.4922 -0.3950 0.7757
vn 0.1771 0.7006 -0.6912
vn 0.0668 0.1381 -0.9882
vn 0.0695 0.1593 -0.9848
vn -0.0552 -0.1920 -0.9798
vn -0.4685 -0.4378 -0.7673
vn -0.7982 -0.6024 0.0085
vn -0.1052 -0.1803 -0.9780
vn 0.2461 0.6018 0.7598
vn -0.0000 0.5344 -0.8453
vn -0.5853 -0.2625 -0.7671
vn 0.5494 -0.2301 -0.8032
vn 0.3605 -0.1247 -0.9244
vn -0.6140 -0.2339 -0.7538
vn -0.7111 -0.1821 -0.6791
vn -0.0216 0.1233 -0.9921
vn 0.5673 -0.4144 -0.7116
vn -0.5565 -0.2791 -0.7826
vn -0.9609 -0.1026 -0.2573
vn -0.9551 -0.0825 -0.2845
vn -0.9624 -0.1682 -0.2134
vn -0.9724 -0.0435 -0.2293
vn -0.8996 -0.1689 0.4028
vn -0.8949 0.0450 0.4440
vn -0.3199 0.0707 0.9448
vn -0.2489 -0.4263 0.8697
vn -0.8668 0.0262 0.4979
vn -0.2815 0.2585 0.9241
vn -0.4804 0.6295 0.6107
vn -0.8824 0.3158 0.3489
vn -0.6299 0.7598 0.1613
vn -0.9095 0.3966 0.1249
vn 0.8136 0.1452 0.5630
vn 0.5178 0.8536 0.0567
vn 0.9841 0.0122 -0.1772
vn 0.8477 0.2160 -0.4845
vn 0.9693 -0.2391 0.0580
vn 0.7694 -0.1720 0.6151
vn 0.6987 -0.0335 0.7146
vn 0.5670 -0.4144 -0.7119
vn 0.5491 -0.2302 -0.8035
vn 0.3602 -0.1248 -0.9245
vn 0.3487 0.4807 -0.8046
vn -0.0216 0.1236 -0.9921
vn 0.2231 0.8152 -0.5345
vn -0.2691 0.9583 -0.0958
vn -0.0235 0.9369 -0.3489
vn 0.9427 -0.3194 0.0964
vn 0.8189 -0.0349 0.5728
vn 0.9898 0.1210 0.0758
vn 0.6326 0.4309 0.6435
vn -0.2377 0.5263 0.8164
vn -0.2227 0.5621 0.7965
vn 0.5677 -0.2644 -0.7796
vn 0.6371 -0.4685 -0.6120
vn -0.9485 0.0900 0.3038
vn -0.7951 0.4228 0.4347
vn -0.9662 -0.1830 -0.1817
vn -0.9547 0.0683 -0.2897
vn -0.5281 -0.2914 -0.7976
vn -0.5073 -0.2247 -0.8320
vn 0.6375 -0.4686 -0.6116
vn 0.5683 -0.2643 -0.7792
vn 0.5575 -0.2728 -0.7841
vn -0.4659 -0.2658 -0.8440
vn -0.5151 -0.2887 -0.8071
vn 0.5889 -0.3088 -0.7469
vn -0.5710 -0.2881 -0.7687
vn 0.6030 -0.3328 -0.7250
vn -0.9708 0.0395 -0.2365
vn -0.9504 0.0338 -0.3091
vn -0.8437 0.3947 0.3639
vn -0.8279 0.4223 0.3690
vn -0.2713 0.5743 0.7724
vn -0.2548 0.5754 0.7772
vn 0.7735 0.3516 0.5273
vn 0.7259 0.3866 0.5688
vn 0.9998 0.0045 -0.0192
vn 0.9985 0.0521 0.0160
vn 0.6023 -0.3329 -0.7255
vn 0.5883 -0.3090 -0.7473
vn 0.5866 -0.3584 -0.7262
vn -0.6411 -0.2637 -0.7207
vn 0.7289 0.2617 -0.6326
vn -0.9858 0.0834 -0.1456
vn -0.8172 0.4159 0.3990
vn -0.2866 0.5880 0.7564
vn 0.7877 0.3500 0.5069
vn 0.9986 -0.0205 -0.0489
vn 0.5862 -0.3586 -0.7265
vn 0.6544 0.4497 0.6079
vn 0.9920 0.1209 0.0364
vn 0.5568 -0.2730 -0.7845
vn -0.2381 0.5702 0.7863
vn -0.8034 0.4438 0.3970
vn -0.9433 0.0740 -0.3236
vn -0.3752 0.8715 0.3158
vn 0.2344 0.2809 0.9307
vn 0.1542 0.0096 0.9880
vn 0.0846 -0.2190 0.9721
vn 0.5646 -0.4086 0.7172
vn 0.1570 -0.7951 0.5857
vn -0.2640 -0.4157 0.8703
vn 0.5471 -0.6448 0.5338
vn -0.3937 -0.3218 0.8611
vn 0.4706 -0.6246 0.6232
vn -0.5050 -0.2438 0.8279
vn 0.3989 -0.5837 0.7072
vn -0.5955 -0.1762 0.7838
vn 0.3151 -0.5396 0.7807
vn -0.6861 -0.1030 0.7201
vn 0.2022 -0.4828 0.8521
vn -0.6896 0.1031 0.7169
vn 0.2359 -0.2906 0.9273
vn -0.2693 0.9626 -0.0291
vn 0.7599 0.6273 0.1708
vn 0.4510 -0.3748 0.8100
vn 0.1066 -0.9824 0.1531
vn 0.1570 -0.7952 0.5856
vn 0.5647 -0.4084 0.7172
vn 0.5176 -0.4252 0.7425
vn 0.1836 -0.9829 -0.0103
vn 0.5576 -0.5088 0.6560
vn 0.3117 -0.9350 -0.1693
vn 0.5576 -0.5559 0.6165
vn 0.3948 -0.8893 -0.2307
vn -0.0004 -0.7032 0.7110
vn -0.0003 -0.9884 -0.1519
vn -0.0940 0.7864 -0.6105
vn 0.7547 0.5643 -0.3347
vn 0.7600 0.6270 0.1712
vn -0.2694 0.9626 -0.0295
vn 0.0085 0.8588 -0.5122
vn 0.8402 0.5087 -0.1879
vn 0.1317 0.9552 -0.2650
vn 0.8848 0.4660 -0.0079
vn 0.1905 0.9800 -0.0572
vn 0.8923 0.4310 0.1341
vn 0.2966 0.9370 0.1847
vn 0.8002 0.4052 0.4421
vn 0.1085 0.9483 0.2982
vn 0.4401 0.4379 0.7839
vn 0.0138 0.9648 0.2627
vn 0.1627 0.4701 0.8675
vn -0.0001 0.9684 0.2496
vn -0.0000 0.4699 0.8827
vn -0.4708 -0.6246 0.6231
vn 0.3937 -0.3218 0.8611
vn 0.2639 -0.4158 0.8703
vn -0.5473 -0.6448 0.5336
vn -0.1571 -0.7954 0.5854
vn -0.5650 -0.4078 0.7173
vn -0.3991 -0.5837 0.7071
vn 0.5049 -0.2437 0.8281
vn -0.3153 -0.5396 0.7806
vn 0.5955 -0.1763 0.7838
vn -0.2022 -0.4828 0.8521
vn 0.6861 -0.1029 0.7202
vn -0.2358 -0.2906 0.9273
vn 0.6895 0.1027 0.7169
vn -0.7600 0.6270 0.1708
vn 0.2691 0.9627 -0.0292
vn -0.1068 -0.9824 0.1531
vn -0.4512 -0.3736 0.8105
vn -0.5651 -0.4078 0.7172
vn -0.1571 -0.7954 0.5853
vn -0.1834 -0.9830 -0.0105
vn -0.5177 -0.4245 0.7428
vn -0.3117 -0.9350 -0.1693
vn -0.5576 -0.5086 0.6561
vn -0.3948 -0.8893 -0.2308
vn -0.5576 -0.5559 0.6165
vn 0.0004 -0.9884 -0.1518
vn 0.0003 -0.7033 0.7109
vn -0.7547 0.5644 -0.3346
vn 0.0941 0.7865 -0.6104
vn 0.2694 0.9626 -0.0295
vn -0.7600 0.6269 0.1713
vn -0.8402 0.5087 -0.1879
vn -0.0086 0.8588 -0.5123
vn -0.8848 0.4658 -0.0079
vn -0.1315 0.9552 -0.2652
vn -0.8920 0.4316 0.1344
vn -0.1907 0.9800 -0.0571
vn -0.7995 0.4066 0.4421
vn -0.2963 0.9370 0.1851
vn -0.4400 0.4390 0.7834
vn -0.1088 0.9483 0.2981
vn -0.1629 0.4704 0.8673
vn -0.0142 0.9647 0.2628
vn -0.0002 0.4699 0.8827
vn -0.0000 0.9684 0.2496
vn 0.1566 -0.7954 0.5855
vn -0.7051 -0.7004 0.1106
vn -0.8619 -0.0108 0.5070
vn -0.2637 -0.4159 0.8703
vn -0.9084 0.1441 0.3925
vn -0.5050 -0.2438 0.8280
vn -0.9386 0.2405 0.2475
vn -0.5955 -0.1763 0.7838
vn -0.6861 -0.1030 0.7202
vn -0.6894 0.1029 0.7171
vn -0.9378 0.3407 0.0666
vn -0.9500 0.2849 -0.1276
vn -0.1568 -0.7955 0.5853
vn 0.2637 -0.4160 0.8703
vn 0.8618 -0.0108 0.5071
vn 0.7049 -0.7007 0.1105
vn 0.9084 0.1441 0.3926
vn 0.5049 -0.2438 0.8280
vn 0.9386 0.2405 0.2475
vn 0.6861 -0.1030 0.7202
vn 0.9453 0.3145 0.0862
vn 0.6894 0.1029 0.7170
vn 0.9378 0.3407 0.0666
vn 0.2697 0.9625 -0.0296
vn 0.9500 0.2850 -0.1278
vn -0.0001 -0.4716 -0.8818
vn -0.1391 -0.2893 -0.9471
vn -0.0000 -0.9884 -0.1517
vn -0.3340 -0.3947 -0.8560
vn 0.1066 -0.9825 0.1531
vn -0.4471 -0.7418 -0.4998
vn 0.1567 -0.7951 0.5859
vn -0.7054 -0.7000 0.1111
vn -0.9500 0.2850 -0.1276
vn -0.9010 0.2605 -0.3468
vn -0.0945 0.7865 -0.6104
vn -0.2698 0.9625 -0.0292
vn 0.0086 0.8588 -0.5123
vn -0.8053 0.4412 -0.3960
vn 0.1321 0.9552 -0.2650
vn -0.8001 0.5285 -0.2838
vn 0.1908 0.9800 -0.0572
vn -0.8381 0.5159 -0.1773
vn 0.2969 0.9368 0.1850
vn -0.7702 0.5716 -0.2828
vn 0.1087 0.9482 0.2985
vn 0.0140 0.9647 0.2630
vn -0.1739 0.4155 -0.8928
vn -0.0000 0.9683 0.2499
vn -0.0000 0.4136 -0.9105
vn -0.0000 -0.4716 -0.8818
vn -0.3948 -0.8893 -0.2307
vn 0.1392 -0.2894 -0.9470
vn -0.3117 -0.9350 -0.1695
vn 0.3339 -0.3947 -0.8560
vn -0.1833 -0.9830 -0.0105
vn 0.3861 -0.5597 -0.7332
vn 0.4470 -0.7420 -0.4996
vn -0.1569 -0.7953 0.5856
vn 0.7052 -0.7003 0.1111
vn 0.9500 0.2850 -0.1276
vn 0.2692 0.9626 -0.0290
vn 0.0945 0.7865 -0.6104
vn 0.9010 0.2605 -0.3468
vn -0.1320 0.9552 -0.2649
vn 0.8002 0.5284 -0.2836
vn -0.1911 0.9799 -0.0569
vn 0.8382 0.5157 -0.1774
vn -0.2967 0.9368 0.1852
vn 0.7708 0.5708 -0.2830
vn -0.1090 0.9482 0.2985
vn 0.4275 0.4477 -0.7854
vn -0.0143 0.9646 0.2632
vn 0.1739 0.4153 -0.8929
vn -0.0001 0.9683 0.2499
vn -0.0001 0.4135 -0.9105
vn 0.0035 0.1132 0.9936
vn 0.0020 0.1125 0.9936
vn -0.0067 0.0122 0.9999
vn 0.0050 0.1122 0.9937
vn 0.0163 0.1041 0.9944
vn 0.0432 0.0700 0.9966
vn 0.0678 0.0221 0.9975
vn 0.0698 -0.0040 0.9976
vn 0.0632 -0.0291 0.9976
vn 0.0381 -0.0628 0.9973
vn 0.0087 -0.0875 0.9961
vn -0.0087 -0.0949 0.9954
vn -0.0148 -0.0962 0.9952
vn -0.0187 -0.0946 0.9953
vn -0.0387 -0.0795 0.9961
vn -0.0712 -0.0448 0.9965
vn -0.0849 -0.0145 0.9963
vn -0.0865 0.0109 0.9962
vn -0.0798 0.0357 0.9962
vn -0.0498 0.0748 0.9960
vn -0.0135 0.1050 0.9944
vn 0.2640 0.1213 0.9569
vn 0.2538 0.1460 0.9562
vn 0.1892 0.0922 0.9776
vn 0.2218 0.1742 0.9594
vn 0.1912 0.1920 0.9626
vn 0.1768 0.1955 0.9646
vn 0.1754 0.1965 0.9647
vn 0.1703 0.1917 0.9666
vn 0.1456 0.1685 0.9749
vn 0.1234 0.1309 0.9837
vn 0.1154 0.0971 0.9886
vn 0.1185 0.0721 0.9903
vn 0.1375 0.0370 0.9898
vn 0.1718 0.0007 0.9851
vn 0.1876 -0.0110 0.9822
vn 0.1937 -0.0119 0.9810
vn 0.1982 -0.0120 0.9801
vn 0.2065 -0.0066 0.9784
vn 0.2351 0.0208 0.9718
vn 0.2640 0.0632 0.9625
vn 0.2692 0.0886 0.9590
vn -0.4654 -0.5559 -0.6887
vn -0.7911 -0.3148 0.5244
vn -0.8349 -0.2229 0.5032
vn -0.5959 -0.2829 -0.7516
vn -0.2800 -0.7728 -0.5696
vn -0.7286 -0.3861 0.5657
vn -0.0560 -0.9118 -0.4068
vn -0.6550 -0.4336 0.6188
vn 0.1819 -0.9595 -0.2150
vn -0.5761 -0.4489 0.6830
vn 0.4099 -0.9120 -0.0136
vn -0.4968 -0.4340 0.7515
vn 0.6093 -0.7728 0.1773
vn -0.4297 -0.3874 0.8156
vn 0.7591 -0.5559 0.3387
vn -0.3795 -0.3146 0.8701
vn 0.8439 -0.2828 0.4560
vn -0.3511 -0.2228 0.9094
vn 0.8557 0.0199 0.5171
vn -0.3473 -0.1211 0.9299
vn 0.7586 0.3354 0.5587
vn -0.4560 0.0831 0.8861
vn 0.6071 0.5852 0.5376
vn -0.4227 0.0574 0.9044
vn 0.4598 0.8061 0.3726
vn -0.4068 0.0298 0.9130
vn 0.2553 0.9517 0.1707
vn -0.5487 0.1922 0.8136
vn 0.0175 0.9996 -0.0208
vn -0.6287 0.2083 0.7493
vn -0.2124 0.9517 -0.2218
vn -0.7059 0.1922 0.6817
vn -0.4118 0.8125 -0.4126
vn -0.7730 0.1455 0.6175
vn -0.5612 0.5958 -0.5746
vn -0.8233 0.0727 0.5630
vn -0.6459 0.3227 -0.6918
vn -0.8518 -0.0192 0.5236
vn -0.6585 0.0198 -0.7523
vn -0.8558 -0.1210 0.5030
vn 0.1157 0.9837 -0.1379
vn -0.1058 0.9374 -0.3317
vn -0.2980 0.8033 -0.5157
vn -0.4416 0.5943 -0.6722
vn -0.5235 0.3310 -0.7851
vn -0.5349 0.0392 -0.8440
vn -0.4753 -0.2527 -0.8428
vn -0.3498 -0.5161 -0.7819
vn -0.1704 -0.7253 -0.6670
vn 0.0455 -0.8600 -0.5082
vn 0.2731 -0.9052 -0.3256
vn 0.4946 -0.8591 -0.1316
vn 0.6867 -0.7250 0.0525
vn 0.8307 -0.5161 0.2087
vn 0.9126 -0.2527 0.3215
vn 0.9239 0.0391 0.3806
vn 0.8640 0.3310 0.3795
vn 0.7401 0.5914 0.3200
vn 0.5614 0.8020 0.2039
vn 0.3452 0.9374 0.0464
vn 0.9598 -0.2164 0.1788
vn 0.8831 -0.4636 0.0727
vn 0.9705 0.0575 0.2343
vn 0.9142 0.3315 0.2332
vn 0.7984 0.5757 0.1762
vn 0.6314 0.7725 0.0683
vn 0.4271 0.9007 -0.0795
vn 0.2118 0.9441 -0.2524
vn 0.0039 0.9007 -0.4344
vn -0.1766 0.7748 -0.6071
vn -0.3119 0.5787 -0.7536
vn -0.3885 0.3315 -0.8598
vn -0.3992 0.0575 -0.9151
vn -0.3430 -0.2165 -0.9141
vn -0.2251 -0.4637 -0.8569
vn -0.0563 -0.6603 -0.7488
vn 0.1465 -0.7869 -0.5994
vn 0.3594 -0.8291 -0.4283
vn 0.5674 -0.7857 -0.2465
vn 0.7478 -0.6598 -0.0737
vn -0.0952 -0.4000 -0.9116
vn 0.0608 -0.5796 -0.8126
vn 0.2442 -0.6940 -0.6773
vn 0.4372 -0.7331 -0.5210
vn 0.6267 -0.6936 -0.3553
vn 0.7910 -0.5789 -0.1980
vn 0.9142 -0.4002 -0.0646
vn 0.9841 -0.1750 0.0319
vn 0.9938 0.0745 0.0824
vn 0.9426 0.3240 0.0813
vn 0.8363 0.5475 0.0282
vn 0.6840 0.7262 -0.0698
vn 0.4994 0.8421 -0.2037
vn 0.3028 0.8821 -0.3609
vn 0.1133 0.8426 -0.5265
vn -0.0510 0.7278 -0.6839
vn -0.1742 0.5492 -0.8173
vn -0.2438 0.3240 -0.9141
vn -0.2538 0.0745 -0.9644
vn -0.2021 -0.1749 -0.9636
vn 0.0376 -0.3270 -0.9443
vn -0.0575 -0.1295 -0.9899
vn 0.1735 -0.4839 -0.8577
vn 0.3344 -0.5842 -0.7395
vn 0.5045 -0.6197 -0.6012
vn 0.6709 -0.5850 -0.4557
vn 0.8153 -0.4842 -0.3176
vn 0.9235 -0.3273 -0.2002
vn 0.9849 -0.1295 -0.1153
vn 0.9934 0.0897 -0.0711
vn 0.9484 0.3089 -0.0718
vn 0.8541 0.5067 -0.1175
vn 0.7221 0.6618 -0.2016
vn 0.5598 0.7637 -0.3214
vn 0.3864 0.7991 -0.4605
vn 0.2200 0.7644 -0.6061
vn 0.0756 0.6636 -0.7442
vn -0.0325 0.5067 -0.8615
vn -0.0939 0.3089 -0.9465
vn -0.1025 0.0897 -0.9907
vn 0.4607 0.6973 -0.5491
vn 0.6079 0.6662 -0.4321
vn 0.3211 0.6683 -0.6710
vn 0.2001 0.5838 -0.7868
vn 0.1094 0.4523 -0.8851
vn 0.0580 0.2865 -0.9563
vn 0.0508 0.1027 -0.9934
vn 0.0886 -0.0811 -0.9928
vn 0.1689 -0.2479 -0.9539
vn 0.2823 -0.3812 -0.8803
vn 0.4152 -0.4629 -0.7831
vn 0.5596 -0.4920 -0.6669
vn 0.6991 -0.4629 -0.5449
vn 0.8202 -0.3784 -0.4291
vn 0.9109 -0.2468 -0.3308
vn 0.9623 -0.0811 -0.2596
vn 0.9695 0.1027 -0.2225
vn 0.9317 0.2865 -0.2232
vn 0.8527 0.4523 -0.2615
vn 0.7427 0.5813 -0.3323
vn 0.8770 -0.1612 -0.4527
vn 0.9174 -0.0310 -0.3968
vn 0.9230 0.1132 -0.3677
vn 0.8934 0.2575 -0.3682
vn 0.8313 0.3876 -0.3983
vn 0.7443 0.4886 -0.4553
vn 0.6393 0.5543 -0.5330
vn 0.5258 0.5784 -0.6237
vn 0.4143 0.5573 -0.7196
vn 0.3191 0.4909 -0.8107
vn 0.2479 0.3876 -0.8879
vn 0.2075 0.2575 -0.9437
vn 0.2018 0.1132 -0.9729
vn 0.2318 -0.0313 -0.9723
vn 0.2970 -0.1633 -0.9408
vn 0.3850 -0.2670 -0.8835
vn 0.4879 -0.3307 -0.8078
vn 0.6013 -0.3536 -0.7166
vn 0.7108 -0.3308 -0.6208
vn 0.8058 -0.2644 -0.5299
vn 0.4150 -0.0755 -0.9067
vn 0.3704 0.0177 -0.9287
vn 0.4759 -0.1469 -0.8672
vn 0.5482 -0.1936 -0.8137
vn 0.6285 -0.2098 -0.7490
vn 0.7061 -0.1936 -0.6811
vn 0.7734 -0.1467 -0.6167
vn 0.8239 -0.0735 -0.5620
vn 0.8525 0.0188 -0.5224
vn 0.8565 0.1210 -0.5018
vn 0.8355 0.2232 -0.5021
vn 0.7915 0.3154 -0.5235
vn 0.7289 0.3886 -0.5636
vn 0.6556 0.4337 -0.6181
vn 0.5768 0.4499 -0.6818
vn 0.4988 0.4335 -0.7506
vn 0.4294 0.3879 -0.8156
vn 0.3789 0.3150 -0.8702
vn 0.3504 0.2229 -0.9097
vn 0.3468 0.1209 -0.9301
vn 0.6116 0.3230 -0.7223
vn 0.5662 0.3105 -0.7636
vn 0.5249 0.2821 -0.8031
vn 0.4951 0.2395 -0.8352
vn 0.4785 0.1854 -0.8583
vn 0.4766 0.1261 -0.8700
vn 0.4899 0.0631 -0.8695
vn 0.5137 0.0062 -0.8580
vn 0.5477 -0.0350 -0.8359
vn 0.5928 -0.0632 -0.8028
vn 0.6411 -0.0730 -0.7640
vn 0.6877 -0.0632 -0.7232
vn 0.7281 -0.0350 -0.6846
vn 0.7584 0.0089 -0.6517
vn 0.7756 0.0644 -0.6279
vn 0.7780 0.1257 -0.6155
vn 0.7654 0.1871 -0.6158
vn 0.7390 0.2425 -0.6286
vn 0.7014 0.2865 -0.6527
vn 0.6563 0.3147 -0.6858
vn 0.6375 0.1284 -0.7597
vn -0.6348 -0.1197 0.7633
vn -0.8347 -0.2228 0.5036
vn -0.7910 -0.3147 0.5247
vn -0.7285 -0.3859 0.5660
vn -0.6550 -0.4333 0.6190
vn -0.5762 -0.4485 0.6833
vn -0.4970 -0.4336 0.7516
vn -0.4300 -0.3871 0.8156
vn -0.3798 -0.3144 0.8700
vn -0.3514 -0.2227 0.9094
vn -0.3477 -0.1211 0.9298
vn -0.4564 0.0830 0.8859
vn -0.4230 0.0576 0.9043
vn -0.4069 0.0295 0.9130
vn -0.5489 0.1917 0.8136
vn -0.6287 0.2079 0.7493
vn -0.7059 0.1918 0.6818
vn -0.7729 0.1451 0.6177
vn -0.8231 0.0723 0.5633
vn -0.8516 -0.0194 0.5239
vn -0.8556 -0.1211 0.5033
vn 0.4661 -0.5561 -0.6881
vn 0.5963 -0.2830 -0.7512
vn 0.8349 -0.2232 0.5032
vn 0.7911 -0.3149 0.5244
vn 0.2802 -0.7727 -0.5696
vn 0.7285 -0.3862 0.5658
vn 0.0560 -0.9118 -0.4068
vn 0.6550 -0.4336 0.6188
vn -0.1819 -0.9595 -0.2150
vn 0.5760 -0.4489 0.6831
vn -0.4100 -0.9120 -0.0136
vn 0.4967 -0.4340 0.7516
vn -0.6093 -0.7729 0.1773
vn 0.4297 -0.3874 0.8157
vn -0.7591 -0.5559 0.3387
vn 0.3794 -0.3146 0.8701
vn -0.8436 -0.2829 0.4564
vn 0.3510 -0.2227 0.9095
vn -0.8553 0.0198 0.5178
vn 0.3473 -0.1208 0.9299
vn -0.7586 0.3354 0.5587
vn 0.4560 0.0832 0.8861
vn -0.6071 0.5852 0.5376
vn 0.4227 0.0572 0.9044
vn -0.4598 0.8061 0.3726
vn 0.4069 0.0299 0.9130
vn -0.2547 0.9517 0.1715
vn 0.5488 0.1922 0.8136
vn -0.0175 0.9996 -0.0208
vn 0.6287 0.2083 0.7492
vn 0.2131 0.9517 -0.2210
vn 0.7060 0.1921 0.6817
vn 0.4123 0.8125 -0.4121
vn 0.7730 0.1454 0.6175
vn 0.5619 0.5957 -0.5739
vn 0.8233 0.0725 0.5630
vn 0.6459 0.3227 -0.6918
vn 0.8518 -0.0193 0.5235
vn 0.6586 0.0198 -0.7523
vn 0.8558 -0.1211 0.5029
vn -0.1158 0.9836 -0.1380
vn 0.1055 0.9374 -0.3319
vn 0.2977 0.8032 -0.5160
vn 0.4421 0.5943 -0.6718
vn 0.5237 0.3310 -0.7850
vn 0.5352 0.0391 -0.8438
vn 0.4752 -0.2527 -0.8428
vn 0.3497 -0.5161 -0.7819
vn 0.1703 -0.7253 -0.6670
vn -0.0456 -0.8599 -0.5084
vn -0.2731 -0.9053 -0.3254
vn -0.4946 -0.8591 -0.1316
vn -0.6867 -0.7250 0.0525
vn -0.8309 -0.5160 0.2084
vn -0.9125 -0.2528 0.3217
vn -0.9240 0.0391 0.3803
vn -0.8640 0.3310 0.3795
vn -0.7402 0.5915 0.3198
vn -0.5608 0.8023 0.2044
vn -0.3450 0.9374 0.0467
vn -0.9597 -0.2165 0.1789
vn -0.8831 -0.4636 0.0728
vn -0.9705 0.0575 0.2341
vn -0.9141 0.3315 0.2334
vn -0.7984 0.5757 0.1762
vn -0.6314 0.7725 0.0683
vn -0.4271 0.9007 -0.0796
vn -0.2119 0.9441 -0.2525
vn -0.0039 0.9007 -0.4344
vn 0.1766 0.7748 -0.6070
vn 0.3118 0.5786 -0.7537
vn 0.3883 0.3315 -0.8598
vn 0.3993 0.0575 -0.9150
vn 0.3429 -0.2165 -0.9141
vn 0.2251 -0.4637 -0.8569
vn 0.0563 -0.6603 -0.7488
vn -0.1465 -0.7869 -0.5994
vn -0.3594 -0.8291 -0.4283
vn -0.5674 -0.7857 -0.2464
vn -0.7478 -0.6598 -0.0737
vn 0.0952 -0.4000 -0.9116
vn -0.0608 -0.5796 -0.8126
vn -0.2442 -0.6939 -0.6774
vn -0.4372 -0.7331 -0.5210
vn -0.6267 -0.6936 -0.3553
vn -0.7910 -0.5789 -0.1980
vn -0.9142 -0.4002 -0.0645
vn -0.9840 -0.1751 0.0321
vn -0.9938 0.0745 0.0825
vn -0.9425 0.3240 0.0816
vn -0.8363 0.5475 0.0283
vn -0.6839 0.7262 -0.0698
vn -0.4994 0.8421 -0.2036
vn -0.3028 0.8821 -0.3609
vn -0.1134 0.8425 -0.5266
vn 0.0510 0.7278 -0.6839
vn 0.1742 0.5492 -0.8173
vn 0.2440 0.3241 -0.9140
vn 0.2538 0.0745 -0.9644
vn 0.2025 -0.1750 -0.9635
vn -0.0376 -0.3270 -0.9443
vn 0.0574 -0.1295 -0.9899
vn -0.1735 -0.4839 -0.8577
vn -0.3344 -0.5842 -0.7395
vn -0.5045 -0.6197 -0.6012
vn -0.6709 -0.5850 -0.4557
vn -0.8153 -0.4842 -0.3176
vn -0.9235 -0.3273 -0.2002
vn -0.9849 -0.1295 -0.1153
vn -0.9934 0.0897 -0.0711
vn -0.9484 0.3089 -0.0718
vn -0.8541 0.5067 -0.1175
vn -0.7221 0.6618 -0.2016
vn -0.5598 0.7637 -0.3214
vn -0.3865 0.7991 -0.4606
vn -0.2200 0.7644 -0.6061
vn -0.0756 0.6636 -0.7442
vn 0.0325 0.5067 -0.8615
vn 0.0939 0.3089 -0.9464
vn 0.1025 0.0897 -0.9907
vn -0.4608 0.6972 -0.5491
vn -0.6079 0.6662 -0.4321
vn -0.3211 0.6683 -0.6710
vn -0.2001 0.5838 -0.7868
vn -0.1094 0.4523 -0.8851
vn -0.0580 0.2865 -0.9563
vn -0.0508 0.1027 -0.9934
vn -0.0886 -0.0811 -0.9928
vn -0.1689 -0.2479 -0.9539
vn -0.2823 -0.3812 -0.8803
vn -0.4152 -0.4629 -0.7831
vn -0.5596 -0.4920 -0.6669
vn -0.6991 -0.4629 -0.5449
vn -0.8202 -0.3784 -0.4291
vn -0.9108 -0.2468 -0.3308
vn -0.9623 -0.0811 -0.2596
vn -0.9695 0.1027 -0.2225
vn -0.9317 0.2865 -0.2232
vn -0.8527 0.4523 -0.2615
vn -0.7427 0.5813 -0.3323
vn -0.8770 -0.1612 -0.4527
vn -0.9174 -0.0310 -0.3968
vn -0.9230 0.1132 -0.3677
vn -0.8934 0.2575 -0.3682
vn -0.8313 0.3876 -0.3983
vn -0.7443 0.4886 -0.4553
vn -0.6393 0.5543 -0.5330
vn -0.5258 0.5784 -0.6237
vn -0.4143 0.5573 -0.7196
vn -0.3191 0.4909 -0.8107
vn -0.2479 0.3876 -0.8879
vn -0.2075 0.2575 -0.9437
vn -0.2018 0.1132 -0.9729
vn -0.2318 -0.0313 -0.9723
vn -0.2970 -0.1633 -0.9408
vn -0.3850 -0.2670 -0.8835
vn -0.4879 -0.3307 -0.8078
vn -0.6013 -0.3536 -0.7166
vn -0.7108 -0.3308 -0.6208
vn -0.8058 -0.2644 -0.5299
vn -0.4150 -0.0754 -0.9067
vn -0.3704 0.0177 -0.9287
vn -0.4759 -0.1469 -0.8672
vn -0.5482 -0.1936 -0.8137
vn -0.6285 -0.2098 -0.7490
vn -0.7061 -0.1936 -0.6811
vn -0.7734 -0.1467 -0.6167
vn -0.8239 -0.0734 -0.5620
vn -0.8525 0.0188 -0.5224
vn -0.8565 0.1210 -0.5018
vn -0.8355 0.2232 -0.5021
vn -0.7915 0.3155 -0.5234
vn -0.7289 0.3886 -0.5636
vn -0.6556 0.4337 -0.6181
vn -0.5768 0.4499 -0.6818
vn -0.4988 0.4335 -0.7506
vn -0.4294 0.3879 -0.8156
vn -0.3789 0.3150 -0.8702
vn -0.3504 0.2229 -0.9097
vn -0.3468 0.1209 -0.9301
vn -0.6116 0.3230 -0.7223
vn -0.5662 0.3105 -0.7636
vn -0.5247 0.2818 -0.8033
vn -0.4951 0.2394 -0.8352
vn -0.4785 0.1857 -0.8582
vn -0.4766 0.1261 -0.8700
vn -0.4899 0.0631 -0.8695
vn -0.5137 0.0062 -0.8579
vn -0.5477 -0.0350 -0.8359
vn -0.5928 -0.0632 -0.8028
vn -0.6411 -0.0730 -0.7640
vn -0.6877 -0.0632 -0.7232
vn -0.7281 -0.0350 -0.6846
vn -0.7584 0.0089 -0.6517
vn -0.7756 0.0644 -0.6279
vn -0.7780 0.1257 -0.6155
vn -0.7654 0.1871 -0.6158
vn -0.7390 0.2425 -0.6286
vn -0.7014 0.2865 -0.6527
vn -0.6563 0.3147 -0.6858
vn -0.6375 0.1284 -0.7597
vn 0.8347 -0.2228 0.5036
vn 0.6348 -0.1197 0.7634
vn 0.7910 -0.3146 0.5247
vn 0.7285 -0.3859 0.5660
vn 0.6550 -0.4333 0.6190
vn 0.5762 -0.4485 0.6833
vn 0.4970 -0.4336 0.7516
vn 0.4301 -0.3871 0.8156
vn 0.3798 -0.3144 0.8700
vn 0.3516 -0.2227 0.9093
vn 0.3477 -0.1211 0.9297
vn 0.4564 0.0830 0.8859
vn 0.4230 0.0577 0.9043
vn 0.4069 0.0295 0.9130
vn 0.5489 0.1917 0.8136
vn 0.6287 0.2079 0.7493
vn 0.7059 0.1918 0.6818
vn 0.7729 0.1451 0.6177
vn 0.8231 0.0724 0.5633
vn 0.8516 -0.0194 0.5238
vn 0.8556 -0.1211 0.5033
vt 0.015148 0.968250
vt 0.006932 0.969823
vt 0.007202 0.978490
vt 0.015350 0.977445
vt 0.026183 0.965825
vt 0.028622 0.976403
vt 0.042580 0.962949
vt 0.046665 0.978264
vt 0.056861 0.947643
vt 0.063873 0.954698
vt 0.067795 0.931207
vt 0.076816 0.934839
vt 0.082720 0.922445
vt 0.072236 0.920650
vt 0.074207 0.905569
vt 0.085080 0.906681
vt 0.064686 0.915664
vt 0.064419 0.903252
vt 0.061109 0.926915
vt 0.023780 0.953228
vt 0.037934 0.949531
vt 0.021306 0.941719
vt 0.006100 0.943480
vt 0.006506 0.956138
vt 0.034057 0.938229
vt 0.051905 0.938405
vt 0.045680 0.930976
vt 0.019531 0.930148
vt 0.005711 0.931956
vt 0.029821 0.926437
vt 0.018446 0.911701
vt 0.005401 0.912384
vt 0.029831 0.909616
vt 0.018168 0.896650
vt 0.036931 0.892460
vt 0.005224 0.896940
vt 0.005041 0.881638
vt 0.019363 0.881351
vt 0.004854 0.864070
vt 0.023170 0.863415
vt 0.031497 0.846487
vt 0.035323 0.864495
vt 0.064498 0.849091
vt 0.031950 0.828050
vt 0.060030 0.829956
vt 0.004652 0.827731
vt 0.004692 0.845666
vt 0.085129 0.853668
vt 0.081613 0.833072
vt 0.057261 0.866960
vt 0.070984 0.869197
vt 0.073911 0.887686
vt 0.085752 0.890225
vt 0.085781 0.872819
vt 0.052045 0.883090
vt 0.055371 0.906230
vt 0.048547 0.892878
vt 0.037011 0.881572
vt 0.095397 0.892330
vt 0.095710 0.874584
vt 0.094881 0.857014
vt 0.092747 0.842504
vt 0.103190 0.833311
vt 0.098422 0.822959
vt 0.109724 0.816365
vt 0.115044 0.826287
vt 0.087804 0.800601
vt 0.072292 0.803285
vt 0.118838 0.809747
vt 0.124840 0.819753
vt 0.126648 0.804114
vt 0.134245 0.813672
vt 0.129745 0.799186
vt 0.136454 0.807437
vt 0.052032 0.802395
vt 0.043288 0.774720
vt 0.061260 0.775544
vt 0.036909 0.753986
vt 0.052675 0.754531
vt 0.030880 0.734753
vt 0.044017 0.734139
vt 0.036940 0.716458
vt 0.025810 0.719164
vt 0.028370 0.688132
vt 0.035458 0.685946
vt 0.045708 0.707303
vt 0.030948 0.671375
vt 0.036277 0.669035
vt 0.041125 0.682521
vt 0.024814 0.672696
vt 0.049322 0.695610
vt 0.055647 0.712031
vt 0.054393 0.733779
vt 0.063142 0.734204
vt 0.064247 0.754962
vt 0.074415 0.755284
vt 0.075697 0.776492
vt 0.086961 0.776936
vt 0.097248 0.776698
vt 0.084717 0.756033
vt 0.072900 0.735017
vt 0.064607 0.716741
vt 0.063295 0.707143
vt 0.070853 0.711223
vt 0.070846 0.720046
vt 0.057226 0.702871
vt 0.079596 0.737064
vt 0.074469 0.713095
vt 0.074115 0.718663
vt 0.082710 0.735062
vt 0.091951 0.757191
vt 0.095615 0.754672
vt 0.105060 0.776162
vt 0.109686 0.773526
vt 0.120145 0.787021
vt 0.116257 0.790934
vt 0.108672 0.793970
vt 0.099097 0.797512
vt 0.131771 0.793922
vt 0.136476 0.799883
vt 0.123227 0.782922
vt 0.113712 0.770901
vt 0.098906 0.752603
vt 0.085393 0.733561
vt 0.076890 0.717989
vt 0.077639 0.714313
vt 0.007718 0.994688
vt 0.014827 0.992671
vt 0.031232 0.994246
vt 0.051679 0.994531
vt 0.069641 0.964555
vt 0.082193 0.938810
vt 0.088545 0.924344
vt 0.092486 0.909086
vt 0.004787 0.690019
vt 0.004702 0.721326
vt 0.014900 0.720810
vt 0.012469 0.689773
vt 0.004667 0.735859
vt 0.017240 0.735479
vt 0.020121 0.753756
vt 0.004632 0.753675
vt 0.004608 0.774314
vt 0.023241 0.774307
vt 0.004608 0.801135
vt 0.027727 0.801428
vt 0.011412 0.673376
vt 0.018298 0.673154
vt 0.020953 0.689003
vt 0.022185 0.657254
vt 0.027521 0.656581
vt 0.032490 0.655002
vt 0.016311 0.657268
vt 0.010700 0.656987
vt 0.004838 0.673371
vt 0.004889 0.656733
vt 0.056274 0.913946
vt 0.052890 0.922809
vt 0.131775 0.793912
vt 0.113714 0.770900
vt 0.098907 0.752602
vt 0.329685 0.708352
vt 0.313847 0.703102
vt 0.310992 0.706605
vt 0.328249 0.712722
vt 0.334095 0.704945
vt 0.316663 0.699068
vt 0.338005 0.701296
vt 0.319091 0.695186
vt 0.351870 0.715914
vt 0.350924 0.721503
vt 0.355159 0.706257
vt 0.353509 0.711516
vt 0.298524 0.699609
vt 0.297838 0.703610
vt 0.282205 0.701086
vt 0.282162 0.705764
vt 0.283668 0.695855
vt 0.300624 0.694556
vt 0.282467 0.691664
vt 0.298076 0.682687
vt 0.304897 0.688329
vt 0.303250 0.679819
vt 0.308677 0.685491
vt 0.280209 0.688749
vt 0.292613 0.677860
vt 0.277813 0.686581
vt 0.287608 0.673686
vt 0.295037 0.665425
vt 0.298618 0.673680
vt 0.304566 0.670393
vt 0.301911 0.660817
vt 0.292235 0.659054
vt 0.284105 0.670437
vt 0.306236 0.644512
vt 0.309822 0.677592
vt 0.275913 0.685014
vt 0.314187 0.683416
vt 0.324405 0.691440
vt 0.341626 0.697004
vt 0.356902 0.701517
vt 0.266477 0.699224
vt 0.264713 0.704654
vt 0.264281 0.709303
vt 0.260011 0.704972
vt 0.259626 0.708935
vt 0.253795 0.706174
vt 0.257106 0.702942
vt 0.250235 0.699852
vt 0.254627 0.698611
vt 0.257741 0.698801
vt 0.242558 0.673975
vt 0.239467 0.674766
vt 0.227520 0.649943
vt 0.231574 0.649016
vt 0.232911 0.614662
vt 0.231450 0.614143
vt 0.237752 0.582334
vt 0.234225 0.648033
vt 0.235200 0.615595
vt 0.240017 0.582701
vt 0.246307 0.673503
vt 0.241577 0.563443
vt 0.356825 0.701582
vt 0.258392 0.698437
vt 0.230370 0.614100
vt 0.235369 0.582089
vt 0.208957 0.612406
vt 0.207743 0.619836
vt 0.207060 0.619686
vt 0.208648 0.612319
vt 0.206485 0.619489
vt 0.208379 0.612230
vt 0.207752 0.625804
vt 0.206994 0.626587
vt 0.206103 0.626603
vt 0.212024 0.604516
vt 0.206885 0.633775
vt 0.207704 0.631420
vt 0.210189 0.627772
vt 0.210381 0.628921
vt 0.213405 0.624249
vt 0.213881 0.624658
vt 0.211298 0.629254
vt 0.212780 0.623825
vt 0.216246 0.620834
vt 0.216003 0.620561
vt 0.220859 0.616483
vt 0.216445 0.621068
vt 0.208291 0.633738
vt 0.206384 0.635382
vt 0.207738 0.635302
vt 0.205552 0.634790
vt 0.205518 0.633591
vt 0.201963 0.625624
vt 0.206016 0.633380
vt 0.203153 0.625887
vt 0.198153 0.617594
vt 0.200511 0.618140
vt 0.198461 0.607365
vt 0.200611 0.608294
vt 0.201631 0.598278
vt 0.199980 0.596993
vt 0.200471 0.590921
vt 0.205521 0.633595
vt 0.266654 0.631022
vt 0.259927 0.627782
vt 0.256422 0.652996
vt 0.260647 0.654044
vt 0.257336 0.676085
vt 0.259438 0.676605
vt 0.278214 0.606560
vt 0.263409 0.612112
vt 0.251372 0.622931
vt 0.251628 0.607930
vt 0.242020 0.618540
vt 0.249271 0.651128
vt 0.241701 0.649766
vt 0.245254 0.586777
vt 0.250079 0.674334
vt 0.253760 0.675161
vt 0.259159 0.698100
vt 0.272811 0.661838
vt 0.277986 0.650509
vt 0.273240 0.643327
vt 0.268798 0.658275
vt 0.284155 0.641540
vt 0.277645 0.627923
vt 0.268487 0.631582
vt 0.264637 0.655145
vt 0.284263 0.654648
vt 0.277255 0.665112
vt 0.290834 0.657444
vt 0.292995 0.646984
vt 0.280612 0.667795
vt 0.272397 0.680315
vt 0.270852 0.678796
vt 0.264666 0.674072
vt 0.266741 0.675658
vt 0.268627 0.677151
vt 0.264515 0.691884
vt 0.071231 0.249036
vt 0.070306 0.244542
vt 0.075233 0.242613
vt 0.077559 0.248766
vt 0.067141 0.248943
vt 0.066533 0.245579
vt 0.064427 0.248834
vt 0.064257 0.245665
vt 0.061380 0.249190
vt 0.061661 0.245723
vt 0.057850 0.249524
vt 0.058211 0.245645
vt 0.054156 0.249678
vt 0.055542 0.244801
vt 0.048290 0.248819
vt 0.051987 0.242838
vt 0.069090 0.241105
vt 0.071612 0.238149
vt 0.066170 0.241807
vt 0.067691 0.239006
vt 0.064239 0.239540
vt 0.061948 0.241812
vt 0.056793 0.241245
vt 0.055956 0.238556
vt 0.059023 0.241837
vt 0.060981 0.238815
vt 0.058639 0.238329
vt 0.643552 0.629860
vt 0.659434 0.632483
vt 0.652071 0.645728
vt 0.640245 0.640105
vt 0.630905 0.628136
vt 0.629506 0.636510
vt 0.622991 0.627686
vt 0.622650 0.635614
vt 0.614374 0.627479
vt 0.615075 0.636053
vt 0.604645 0.628244
vt 0.605890 0.637530
vt 0.594008 0.629305
vt 0.597953 0.640334
vt 0.579141 0.632685
vt 0.588211 0.646023
vt 0.636625 0.648643
vt 0.642168 0.654800
vt 0.628232 0.646174
vt 0.632459 0.652762
vt 0.622210 0.650773
vt 0.616171 0.645985
vt 0.601331 0.649316
vt 0.598286 0.654225
vt 0.608485 0.647508
vt 0.614179 0.652951
vt 0.607949 0.656028
vt 0.633401 0.521840
vt 0.634146 0.520987
vt 0.636640 0.523299
vt 0.635870 0.524137
vt 0.631305 0.519783
vt 0.631603 0.519414
vt 0.629541 0.518853
vt 0.629908 0.518259
vt 0.628278 0.518591
vt 0.628464 0.518043
vt 0.626743 0.518025
vt 0.626913 0.517217
vt 0.625247 0.517883
vt 0.625221 0.517377
vt 0.623645 0.518090
vt 0.623497 0.517653
vt 0.622266 0.518940
vt 0.622057 0.518424
vt 0.620527 0.519521
vt 0.620165 0.518523
vt 0.618975 0.520463
vt 0.618709 0.519973
vt 0.617341 0.521140
vt 0.616623 0.520347
vt 0.616016 0.521720
vt 0.615638 0.521279
vt 0.613948 0.523854
vt 0.613153 0.523083
vt 0.611411 0.526415
vt 0.610585 0.525634
vt 0.074268 0.269142
vt 0.073228 0.263464
vt 0.080477 0.262012
vt 0.082959 0.269579
vt 0.069051 0.268597
vt 0.067942 0.263576
vt 0.064886 0.268199
vt 0.064819 0.263606
vt 0.060218 0.268610
vt 0.061222 0.263564
vt 0.054934 0.269815
vt 0.056183 0.263329
vt 0.048661 0.270399
vt 0.051473 0.262558
vt 0.045382 0.270731
vt 0.047024 0.261647
vt 0.071882 0.258169
vt 0.075664 0.252758
vt 0.067363 0.258536
vt 0.069166 0.254728
vt 0.064936 0.254828
vt 0.061562 0.258283
vt 0.054066 0.257544
vt 0.052260 0.252084
vt 0.057408 0.258182
vt 0.059704 0.254112
vt 0.055453 0.253031
vt 0.580918 0.702167
vt 0.559802 0.701852
vt 0.566306 0.684889
vt 0.583291 0.688799
vt 0.594366 0.701949
vt 0.596904 0.689901
vt 0.605611 0.701706
vt 0.605670 0.690261
vt 0.617996 0.701855
vt 0.615484 0.689792
vt 0.631821 0.703141
vt 0.628657 0.688325
vt 0.647581 0.703190
vt 0.640272 0.685573
vt 0.655356 0.703030
vt 0.650098 0.683017
vt 0.584897 0.675611
vt 0.576237 0.663340
vt 0.597584 0.677478
vt 0.592009 0.669570
vt 0.605041 0.669811
vt 0.614729 0.676836
vt 0.634882 0.673368
vt 0.640112 0.662256
vt 0.627096 0.675515
vt 0.619617 0.668168
vt 0.631186 0.666141
vt 0.056036 0.250372
vt 0.055876 0.251577
vt 0.051723 0.251601
vt 0.051858 0.250357
vt 0.061393 0.251238
vt 0.061291 0.251902
vt 0.076206 0.250077
vt 0.076101 0.251327
vt 0.071426 0.250603
vt 0.071407 0.249398
vt 0.065843 0.250781
vt 0.065786 0.250332
vt 0.635262 0.517215
vt 0.635935 0.515780
vt 0.639767 0.518326
vt 0.639330 0.519081
vt 0.632774 0.515615
vt 0.633074 0.514851
vt 0.629937 0.515295
vt 0.630238 0.513802
vt 0.627035 0.514598
vt 0.627072 0.513883
vt 0.623861 0.515170
vt 0.623622 0.513659
vt 0.620758 0.515066
vt 0.620583 0.514448
vt 0.618032 0.516645
vt 0.617543 0.515174
vt 0.614423 0.517644
vt 0.614065 0.516929
vt 0.611912 0.519627
vt 0.611179 0.518193
vt 0.608234 0.520920
vt 0.607964 0.520399
vt 0.199746 0.379676
vt 0.208062 0.355585
vt 0.215987 0.380237
vt 0.221852 0.407386
vt 0.192235 0.407386
vt 0.213135 0.425662
vt 0.195996 0.423275
vt 0.198716 0.434300
vt 0.208532 0.435382
vt 0.185890 0.431292
vt 0.191732 0.442345
vt 0.183937 0.455616
vt 0.182150 0.453877
vt 0.225243 0.431258
vt 0.217103 0.440489
vt 0.226601 0.450790
vt 0.223201 0.452719
vt 0.327748 0.402339
vt 0.303772 0.411456
vt 0.302766 0.395430
vt 0.275622 0.390720
vt 0.276188 0.419667
vt 0.256965 0.415991
vt 0.255390 0.400113
vt 0.253788 0.427332
vt 0.252771 0.386769
vt 0.247864 0.414611
vt 0.242149 0.425032
vt 0.232389 0.437051
vt 0.234618 0.438071
vt 0.246731 0.403534
vt 0.242338 0.393326
vt 0.235021 0.381033
vt 0.232256 0.383576
vt 0.329842 0.409074
vt 0.306295 0.419986
vt 0.305046 0.415636
vt 0.329022 0.406519
vt 0.277461 0.424564
vt 0.279508 0.430248
vt 0.255676 0.432229
vt 0.257076 0.436839
vt 0.235891 0.442251
vt 0.236261 0.443136
vt 0.307774 0.386508
vt 0.326078 0.395495
vt 0.325049 0.398579
vt 0.306210 0.392182
vt 0.280517 0.379923
vt 0.279067 0.387165
vt 0.257302 0.377385
vt 0.256215 0.383111
vt 0.238716 0.377569
vt 0.238466 0.378809
vt 0.204775 0.452803
vt 0.201584 0.452974
vt 0.201101 0.450393
vt 0.205190 0.449975
vt 0.208127 0.454190
vt 0.209038 0.452084
vt 0.213311 0.455999
vt 0.213474 0.455687
vt 0.197332 0.452015
vt 0.198394 0.454193
vt 0.193733 0.455737
vt 0.193977 0.456106
vt 0.214175 0.455013
vt 0.213794 0.455838
vt 0.213851 0.454865
vt 0.193397 0.456052
vt 0.192448 0.455027
vt 0.192794 0.454716
vt 0.483884 0.630817
vt 0.485148 0.631656
vt 0.483007 0.634012
vt 0.482064 0.632824
vt 0.484995 0.628346
vt 0.486456 0.628753
vt 0.485287 0.625653
vt 0.486803 0.625588
vt 0.480243 0.635592
vt 0.479713 0.634170
vt 0.477126 0.636240
vt 0.477061 0.634724
vt 0.473961 0.635893
vt 0.474368 0.634431
vt 0.471058 0.634585
vt 0.471897 0.633321
vt 0.468702 0.632444
vt 0.469891 0.631501
vt 0.467122 0.629680
vt 0.468544 0.629150
vt 0.466474 0.626563
vt 0.467990 0.626499
vt 0.466821 0.623398
vt 0.468283 0.623805
vt 0.468129 0.620495
vt 0.469393 0.621334
vt 0.469713 0.624202
vt 0.470631 0.622154
vt 0.471213 0.619328
vt 0.472137 0.620489
vt 0.473564 0.617981
vt 0.474084 0.619372
vt 0.476216 0.617427
vt 0.476280 0.618910
vt 0.478909 0.617720
vt 0.478512 0.619150
vt 0.481380 0.618830
vt 0.480560 0.620068
vt 0.469473 0.626434
vt 0.469935 0.628630
vt 0.471052 0.630577
vt 0.472717 0.632083
vt 0.474765 0.633001
vt 0.476997 0.633241
vt 0.479194 0.632779
vt 0.481019 0.631510
vt 0.482599 0.629965
vt 0.483630 0.627967
vt 0.481427 0.629193
vt 0.480229 0.630521
vt 0.482156 0.627561
vt 0.482345 0.625784
vt 0.484029 0.625708
vt 0.481976 0.624034
vt 0.483342 0.623521
vt 0.481084 0.622485
vt 0.482225 0.621574
vt 0.479756 0.621287
vt 0.478124 0.620558
vt 0.476346 0.620369
vt 0.474597 0.620739
vt 0.473048 0.621631
vt 0.471850 0.622958
vt 0.471121 0.624590
vt 0.470932 0.626368
vt 0.471302 0.628117
vt 0.472193 0.629666
vt 0.473521 0.630864
vt 0.475153 0.631593
vt 0.476931 0.631782
vt 0.478680 0.631413
vt 0.472651 0.627607
vt 0.472373 0.626299
vt 0.473319 0.628764
vt 0.474312 0.629658
vt 0.475533 0.630202
vt 0.476862 0.630342
vt 0.478170 0.630064
vt 0.479327 0.629395
vt 0.480221 0.628402
vt 0.480765 0.627181
vt 0.480905 0.625852
vt 0.480627 0.624545
vt 0.479958 0.623387
vt 0.478965 0.622493
vt 0.477744 0.621949
vt 0.476415 0.621810
vt 0.475108 0.622088
vt 0.473950 0.622756
vt 0.473056 0.623749
vt 0.472512 0.624970
vt 0.477371 0.623330
vt 0.476486 0.623238
vt 0.475617 0.623424
vt 0.474847 0.623869
vt 0.474253 0.624531
vt 0.473893 0.625343
vt 0.473801 0.626228
vt 0.473987 0.627097
vt 0.474432 0.627867
vt 0.475094 0.628461
vt 0.475906 0.628822
vt 0.476791 0.628914
vt 0.477660 0.628728
vt 0.478430 0.628282
vt 0.479024 0.627621
vt 0.479385 0.626808
vt 0.479477 0.625923
vt 0.479291 0.625054
vt 0.478845 0.624284
vt 0.478184 0.623690
vt 0.477831 0.626846
vt 0.477535 0.627177
vt 0.478011 0.626440
vt 0.478056 0.625998
vt 0.477963 0.625564
vt 0.477740 0.625180
vt 0.477409 0.624883
vt 0.477003 0.624703
vt 0.476561 0.624658
vt 0.476127 0.624751
vt 0.475742 0.624974
vt 0.475446 0.625305
vt 0.475266 0.625711
vt 0.475221 0.626153
vt 0.475314 0.626588
vt 0.475537 0.626972
vt 0.475868 0.627268
vt 0.476274 0.627448
vt 0.476716 0.627493
vt 0.477150 0.627400
vt 0.476639 0.626076
vt 0.518126 0.637665
vt 0.519548 0.637136
vt 0.520196 0.640253
vt 0.518680 0.640317
vt 0.542240 0.642667
vt 0.543632 0.641563
vt 0.545482 0.644800
vt 0.543816 0.645420
vt 0.539890 0.640537
vt 0.540873 0.639056
vt 0.536997 0.639236
vt 0.537473 0.637525
vt 0.533843 0.638894
vt 0.533768 0.637119
vt 0.530738 0.639542
vt 0.530118 0.637877
vt 0.527503 0.640510
vt 0.526881 0.639727
vt 0.524374 0.642486
vt 0.541849 0.642981
vt 0.542832 0.645789
vt 0.544465 0.648525
vt 0.542992 0.648589
vt 0.544122 0.651678
vt 0.542525 0.651234
vt 0.476592 0.625912
vt 0.484101 0.626184
vt 0.483650 0.628491
vt 0.482507 0.630545
vt 0.480786 0.632146
vt 0.478655 0.633137
vt 0.476321 0.633421
vt 0.474014 0.632970
vt 0.471960 0.631828
vt 0.470359 0.630106
vt 0.469368 0.627975
vt 0.469084 0.625641
vt 0.469535 0.623335
vt 0.470678 0.621280
vt 0.472399 0.619679
vt 0.474530 0.618688
vt 0.476864 0.618404
vt 0.479171 0.618856
vt 0.481225 0.619998
vt 0.482826 0.621719
vt 0.483817 0.623850
vt 0.484994 0.628801
vt 0.485546 0.626148
vt 0.487062 0.626211
vt 0.486417 0.629329
vt 0.483650 0.631153
vt 0.484840 0.632095
vt 0.481645 0.632975
vt 0.482486 0.634238
vt 0.486712 0.623047
vt 0.485251 0.623456
vt 0.485401 0.620145
vt 0.484138 0.620986
vt 0.483258 0.617791
vt 0.482316 0.618981
vt 0.480492 0.616214
vt 0.479964 0.617637
vt 0.477374 0.615569
vt 0.477311 0.617085
vt 0.474210 0.615919
vt 0.474619 0.617381
vt 0.471308 0.617230
vt 0.472149 0.618494
vt 0.468954 0.619373
vt 0.470144 0.620315
vt 0.467377 0.622139
vt 0.468800 0.622667
vt 0.471306 0.621238
vt 0.470191 0.623186
vt 0.468248 0.625320
vt 0.469731 0.625383
vt 0.468543 0.628012
vt 0.469974 0.627614
vt 0.469656 0.630482
vt 0.470893 0.629662
vt 0.471478 0.632487
vt 0.472401 0.631325
vt 0.473830 0.633831
vt 0.474349 0.632440
vt 0.476503 0.633956
vt 0.476546 0.632900
vt 0.478935 0.633223
vt 0.478777 0.632657
vt 0.480949 0.631925
vt 0.478388 0.631250
vt 0.480020 0.630519
vt 0.482541 0.630273
vt 0.481346 0.629320
vt 0.483550 0.628264
vt 0.483868 0.626077
vt 0.483820 0.623854
vt 0.482900 0.621807
vt 0.481393 0.620144
vt 0.479445 0.619028
vt 0.477248 0.618569
vt 0.475017 0.618811
vt 0.472969 0.619731
vt 0.473774 0.620949
vt 0.472448 0.622148
vt 0.471558 0.623698
vt 0.471190 0.625448
vt 0.471381 0.627225
vt 0.472112 0.628857
vt 0.473311 0.630183
vt 0.474861 0.631073
vt 0.476610 0.631441
vt 0.476677 0.630000
vt 0.478007 0.629859
vt 0.479227 0.629314
vt 0.480219 0.628419
vt 0.482236 0.627770
vt 0.482604 0.626020
vt 0.482413 0.624243
vt 0.481682 0.622612
vt 0.480483 0.621286
vt 0.478933 0.620395
vt 0.477183 0.620027
vt 0.475406 0.620218
vt 0.475787 0.621609
vt 0.474567 0.622154
vt 0.473575 0.623049
vt 0.472907 0.624207
vt 0.472631 0.625515
vt 0.472772 0.626844
vt 0.473317 0.628064
vt 0.474212 0.629056
vt 0.475370 0.629724
vt 0.475878 0.628387
vt 0.476748 0.628572
vt 0.477632 0.628479
vt 0.478444 0.628118
vt 0.479105 0.627523
vt 0.480887 0.627261
vt 0.481163 0.625953
vt 0.481022 0.624624
vt 0.480477 0.623404
vt 0.479582 0.622412
vt 0.478424 0.621745
vt 0.477116 0.621468
vt 0.479550 0.626753
vt 0.479735 0.625884
vt 0.477046 0.622896
vt 0.476162 0.622989
vt 0.475350 0.623350
vt 0.474689 0.623945
vt 0.474244 0.624715
vt 0.474059 0.625585
vt 0.474152 0.626469
vt 0.474513 0.627281
vt 0.475108 0.627942
vt 0.476002 0.626836
vt 0.476386 0.627059
vt 0.476821 0.627152
vt 0.477263 0.627106
vt 0.477669 0.626926
vt 0.477999 0.626629
vt 0.478222 0.626245
vt 0.478315 0.625810
vt 0.479642 0.624999
vt 0.479281 0.624187
vt 0.478686 0.623526
vt 0.477916 0.623081
vt 0.477408 0.624409
vt 0.476973 0.624316
vt 0.476531 0.624362
vt 0.476125 0.624542
vt 0.475795 0.624839
vt 0.475572 0.625223
vt 0.475479 0.625658
vt 0.475525 0.626100
vt 0.475705 0.626506
vt 0.476897 0.625734
vt 0.478269 0.625368
vt 0.478089 0.624962
vt 0.477792 0.624632
vt 0.512568 0.648752
vt 0.515038 0.647639
vt 0.515878 0.648903
vt 0.512977 0.650213
vt 0.534155 0.658747
vt 0.537309 0.658402
vt 0.537787 0.660113
vt 0.534082 0.660523
vt 0.531050 0.658102
vt 0.530431 0.659767
vt 0.528296 0.656528
vt 0.527193 0.657921
vt 0.526163 0.654180
vt 0.524683 0.655164
vt 0.524860 0.651288
vt 0.523148 0.651767
vt 0.534179 0.658247
vt 0.537028 0.657389
vt 0.540201 0.657098
vt 0.539386 0.655870
vt 0.542548 0.654965
vt 0.541249 0.653935
vt 0.523770 0.648104
vt 0.522739 0.648061
vt 0.523494 0.644411
vt 0.474796 0.628573
vt 0.475539 0.628603
vt 0.475885 0.631756
vt 0.476185 0.625498
vt 0.474519 0.624879
vt 0.483749 0.629576
vt 0.477401 0.625559
vt 0.484680 0.627418
vt 0.484899 0.625078
vt 0.484383 0.622785
vt 0.483184 0.620763
vt 0.481419 0.619211
vt 0.479261 0.618280
vt 0.476920 0.618062
vt 0.474627 0.618577
vt 0.472605 0.619776
vt 0.471053 0.621541
vt 0.470123 0.623700
vt 0.469904 0.626040
vt 0.470420 0.628333
vt 0.471619 0.630355
vt 0.473384 0.631907
vt 0.475542 0.632838
vt 0.477882 0.633056
vt 0.480176 0.632540
vt 0.482197 0.631341
vt 0.621689 0.591202
vt 0.612148 0.580577
vt 0.616458 0.578271
vt 0.624011 0.587481
vt 0.633356 0.590611
vt 0.633322 0.595186
vt 0.645004 0.591416
vt 0.642745 0.587650
vt 0.650733 0.578564
vt 0.655012 0.580933
vt 0.613612 0.569256
vt 0.623561 0.568974
vt 0.623857 0.551124
vt 0.614073 0.551204
vt 0.608522 0.569674
vt 0.608604 0.551621
vt 0.633672 0.551149
vt 0.633496 0.568907
vt 0.643487 0.551281
vt 0.643426 0.569133
vt 0.653268 0.551517
vt 0.653384 0.569587
vt 0.658728 0.552026
vt 0.658472 0.570071
vt 0.614397 0.541346
vt 0.624058 0.541300
vt 0.633771 0.541341
vt 0.643484 0.541456
vt 0.658794 0.542188
vt 0.653142 0.541654
vt 0.608735 0.541782
vt 0.643181 0.587651
vt 0.651199 0.578188
vt 0.655180 0.581265
vt 0.645147 0.591895
vt 0.633402 0.595735
vt 0.633438 0.590767
vt 0.623745 0.587535
vt 0.621723 0.591756
vt 0.611538 0.580979
vt 0.615563 0.577952
vt 0.643941 0.568458
vt 0.653784 0.568933
vt 0.654126 0.551127
vt 0.659400 0.551196
vt 0.658634 0.569653
vt 0.644078 0.550836
vt 0.633622 0.568499
vt 0.633712 0.550521
vt 0.623305 0.568321
vt 0.623344 0.550696
vt 0.613440 0.568674
vt 0.613292 0.550846
vt 0.608576 0.569308
vt 0.608019 0.550846
vt 0.644001 0.540968
vt 0.654064 0.541304
vt 0.623517 0.540828
vt 0.633760 0.540746
vt 0.613454 0.541022
vt 0.607920 0.540914
vt 0.659598 0.541265
vt 0.483733 0.912062
vt 0.488013 0.910943
vt 0.494647 0.928034
vt 0.476604 0.896709
vt 0.482037 0.895465
vt 0.469457 0.881501
vt 0.477112 0.878532
vt 0.471132 0.857129
vt 0.460563 0.859933
vt 0.465608 0.833308
vt 0.452580 0.836382
vt 0.444333 0.807499
vt 0.459373 0.803841
vt 0.454769 0.776228
vt 0.437266 0.779162
vt 0.492467 0.910254
vt 0.498449 0.933208
vt 0.501093 0.935914
vt 0.498211 0.909437
vt 0.487856 0.894069
vt 0.495822 0.892502
vt 0.484153 0.876641
vt 0.494000 0.874386
vt 0.479827 0.855399
vt 0.491872 0.853254
vt 0.475741 0.831437
vt 0.489758 0.829327
vt 0.472633 0.801264
vt 0.488307 0.799112
vt 0.469996 0.774014
vt 0.487031 0.771953
vt 0.466946 0.746973
vt 0.485787 0.744904
vt 0.464912 0.732511
vt 0.484663 0.734383
vt 0.503924 0.827604
vt 0.503924 0.851246
vt 0.503925 0.872228
vt 0.503924 0.891080
vt 0.503925 0.770734
vt 0.503925 0.797592
vt 0.515978 0.853254
vt 0.518091 0.829327
vt 0.532108 0.831437
vt 0.535216 0.801264
vt 0.519542 0.799112
vt 0.528022 0.855399
vt 0.513850 0.874386
vt 0.523696 0.876641
vt 0.512027 0.892502
vt 0.519993 0.894069
vt 0.509639 0.909437
vt 0.515382 0.910254
vt 0.506756 0.935914
vt 0.509400 0.933208
vt 0.537854 0.774014
vt 0.520818 0.771953
vt 0.540903 0.746973
vt 0.522062 0.744904
vt 0.542937 0.732511
vt 0.523187 0.734383
vt 0.513202 0.928034
vt 0.519836 0.910943
vt 0.524116 0.912062
vt 0.531245 0.896709
vt 0.525812 0.895465
vt 0.538392 0.881501
vt 0.530737 0.878532
vt 0.536717 0.857129
vt 0.547287 0.859933
vt 0.542241 0.833308
vt 0.555269 0.836382
vt 0.563516 0.807500
vt 0.548476 0.803841
vt 0.553081 0.776228
vt 0.570583 0.779162
vt 0.557549 0.748770
vt 0.562806 0.725725
vt 0.563520 0.749424
vt 0.544064 0.727868
vt 0.524044 0.729860
vt 0.560181 0.718155
vt 0.587192 0.717581
vt 0.569957 0.710636
vt 0.503925 0.733103
vt 0.503925 0.743222
vt 0.483805 0.729860
vt 0.463786 0.727868
vt 0.445044 0.725725
vt 0.450300 0.748770
vt 0.444329 0.749424
vt 0.447669 0.718155
vt 0.420658 0.717581
vt 0.437893 0.710636
vt 0.169990 0.664214
vt 0.170530 0.673933
vt 0.154678 0.672943
vt 0.154678 0.663547
vt 0.168567 0.655273
vt 0.154678 0.654626
vt 0.187819 0.678047
vt 0.184997 0.667295
vt 0.181286 0.657375
vt 0.154679 0.682567
vt 0.170275 0.684146
vt 0.169107 0.696906
vt 0.154680 0.695181
vt 0.154680 0.709751
vt 0.167662 0.710272
vt 0.203391 0.669224
vt 0.198528 0.661460
vt 0.200364 0.682381
vt 0.210764 0.677821
vt 0.207948 0.685548
vt 0.212722 0.687815
vt 0.208447 0.699163
vt 0.202709 0.695348
vt 0.202561 0.712632
vt 0.196743 0.707552
vt 0.189229 0.720770
vt 0.194535 0.726335
vt 0.184948 0.735669
vt 0.181476 0.728813
vt 0.176438 0.741039
vt 0.172649 0.733635
vt 0.165091 0.735496
vt 0.167273 0.744829
vt 0.154683 0.746493
vt 0.154681 0.736087
vt 0.165767 0.726789
vt 0.175937 0.724815
vt 0.171903 0.717063
vt 0.166682 0.718752
vt 0.154681 0.728666
vt 0.154680 0.720398
vt 0.177006 0.712779
vt 0.185434 0.717492
vt 0.182373 0.701111
vt 0.191421 0.705061
vt 0.186442 0.688614
vt 0.196497 0.692500
vt 0.236461 0.108140
vt 0.211872 0.106815
vt 0.214024 0.095840
vt 0.237662 0.098991
vt 0.190296 0.102981
vt 0.194428 0.088958
vt 0.266589 0.092181
vt 0.267171 0.101744
vt 0.233999 0.120064
vt 0.213631 0.118636
vt 0.261065 0.116140
vt 0.196001 0.120628
vt 0.253057 0.132678
vt 0.233113 0.131510
vt 0.231595 0.142406
vt 0.251677 0.143485
vt 0.261493 0.137035
vt 0.262057 0.143989
vt 0.216381 0.140985
vt 0.213899 0.130054
vt 0.202718 0.138544
vt 0.199793 0.129250
vt 0.230838 0.151559
vt 0.214156 0.152023
vt 0.232591 0.167463
vt 0.212745 0.169363
vt 0.254840 0.168986
vt 0.252322 0.152209
vt 0.262199 0.148974
vt 0.261967 0.190398
vt 0.235001 0.180431
vt 0.214424 0.185492
vt 0.196634 0.174809
vt 0.196110 0.195154
vt 0.196689 0.159762
vt 0.199157 0.146658
vt 0.187172 0.152327
vt 0.287183 0.173499
vt 0.283422 0.156655
vt 0.293920 0.173361
vt 0.289525 0.157110
vt 0.282966 0.144139
vt 0.288626 0.144113
vt 0.298099 0.190387
vt 0.290066 0.191097
vt 0.282942 0.129711
vt 0.288947 0.129175
vt 0.285235 0.116924
vt 0.291798 0.117485
vt 0.288664 0.103629
vt 0.295573 0.104245
vt 0.293874 0.081818
vt 0.301391 0.081860
vt 0.326803 0.091176
vt 0.322344 0.106500
vt 0.352874 0.114363
vt 0.356367 0.103810
vt 0.383070 0.122001
vt 0.385544 0.114452
vt 0.380115 0.129146
vt 0.348978 0.124195
vt 0.376833 0.136038
vt 0.346011 0.133628
vt 0.375697 0.143163
vt 0.345637 0.143405
vt 0.376724 0.148588
vt 0.346008 0.151416
vt 0.381020 0.157602
vt 0.350304 0.163749
vt 0.384900 0.166347
vt 0.355371 0.175271
vt 0.414626 0.123675
vt 0.412739 0.128927
vt 0.467166 0.141467
vt 0.410162 0.134227
vt 0.408466 0.138295
vt 0.407794 0.142723
vt 0.408125 0.146203
vt 0.411237 0.152300
vt 0.414368 0.158419
vt 0.315585 0.154329
vt 0.319954 0.170087
vt 0.324975 0.184539
vt 0.315037 0.143647
vt 0.315282 0.130890
vt 0.318030 0.120122
vt 0.165421 0.634979
vt 0.174405 0.635680
vt 0.177741 0.648138
vt 0.166910 0.646519
vt 0.154677 0.634903
vt 0.154678 0.645455
vt 0.154676 0.621343
vt 0.163927 0.621262
vt 0.171102 0.621635
vt 0.184266 0.635876
vt 0.192307 0.650618
vt 0.179059 0.621688
vt 0.154675 0.608161
vt 0.163121 0.607929
vt 0.169033 0.607785
vt 0.175603 0.607147
vt 0.836457 0.307206
vt 0.846624 0.305627
vt 0.849729 0.310989
vt 0.837713 0.318438
vt 0.834291 0.330878
vt 0.852784 0.317206
vt 0.825244 0.320556
vt 0.823334 0.330441
vt 0.824320 0.305886
vt 0.813831 0.304944
vt 0.813022 0.318460
vt 0.802828 0.311587
vt 0.803427 0.303294
vt 0.812068 0.327818
vt 0.801319 0.319207
vt 0.791932 0.309853
vt 0.793840 0.307258
vt 0.783773 0.302289
vt 0.785591 0.298992
vt 0.769585 0.295893
vt 0.771271 0.292344
vt 0.755428 0.288534
vt 0.757313 0.285027
vt 0.742911 0.279919
vt 0.745362 0.276761
vt 0.732985 0.270415
vt 0.735907 0.267679
vt 0.724544 0.259700
vt 0.727098 0.256430
vt 0.708991 0.238154
vt 0.712134 0.235605
vt 0.684802 0.214402
vt 0.689816 0.212911
vt 0.693813 0.197707
vt 0.698106 0.199320
vt 0.702480 0.184640
vt 0.708964 0.185027
vt 0.706079 0.177518
vt 0.710539 0.177516
vt 0.732011 0.251504
vt 0.718549 0.231780
vt 0.705503 0.211340
vt 0.709076 0.198249
vt 0.715253 0.184456
vt 0.718252 0.177513
vt 0.708957 0.170006
vt 0.702474 0.170397
vt 0.698087 0.155721
vt 0.693795 0.157337
vt 0.689786 0.142137
vt 0.684770 0.140649
vt 0.712085 0.119424
vt 0.708939 0.116877
vt 0.727033 0.098587
vt 0.724478 0.095318
vt 0.735837 0.087331
vt 0.732914 0.084597
vt 0.745290 0.078245
vt 0.742838 0.075087
vt 0.757241 0.069976
vt 0.755356 0.066469
vt 0.771201 0.062659
vt 0.769516 0.059109
vt 0.785525 0.056014
vt 0.783708 0.052717
vt 0.793779 0.047752
vt 0.791873 0.045155
vt 0.797498 0.053282
vt 0.787576 0.059947
vt 0.802772 0.043428
vt 0.801268 0.035806
vt 0.812025 0.027203
vt 0.812972 0.036562
vt 0.813769 0.050078
vt 0.803365 0.051721
vt 0.825196 0.034476
vt 0.824260 0.049145
vt 0.836398 0.047836
vt 0.837664 0.036605
vt 0.849673 0.044068
vt 0.846564 0.049433
vt 0.834253 0.024162
vt 0.852735 0.037851
vt 0.823295 0.024590
vt 0.837706 0.064134
vt 0.846914 0.065903
vt 0.837816 0.065197
vt 0.826109 0.063712
vt 0.825591 0.062596
vt 0.814112 0.062564
vt 0.813532 0.061463
vt 0.846957 0.066862
vt 0.802336 0.062392
vt 0.801806 0.060921
vt 0.789512 0.063821
vt 0.788962 0.062575
vt 0.773883 0.068631
vt 0.773271 0.067444
vt 0.760486 0.076338
vt 0.759816 0.075134
vt 0.750545 0.084603
vt 0.749653 0.083575
vt 0.742416 0.093769
vt 0.741410 0.092818
vt 0.734163 0.104620
vt 0.732893 0.103997
vt 0.725002 0.122676
vt 0.723504 0.122699
vt 0.721383 0.140329
vt 0.719950 0.140561
vt 0.720820 0.156365
vt 0.719333 0.156649
vt 0.721511 0.169217
vt 0.720164 0.169705
vt 0.724877 0.177510
vt 0.723838 0.177510
vt 0.721518 0.185806
vt 0.720171 0.185319
vt 0.720839 0.198658
vt 0.719351 0.198375
vt 0.721416 0.214694
vt 0.719983 0.214463
vt 0.725049 0.232344
vt 0.723552 0.232322
vt 0.734224 0.250393
vt 0.732955 0.251017
vt 0.742483 0.261239
vt 0.741478 0.262190
vt 0.750616 0.270401
vt 0.749730 0.271425
vt 0.760554 0.278671
vt 0.759894 0.279857
vt 0.773955 0.286373
vt 0.773339 0.287567
vt 0.789582 0.291187
vt 0.789032 0.292432
vt 0.802405 0.292623
vt 0.801874 0.294093
vt 0.792893 0.280648
vt 0.805280 0.279236
vt 0.797563 0.301730
vt 0.787645 0.295060
vt 0.772990 0.288233
vt 0.759595 0.280508
vt 0.749281 0.272471
vt 0.740349 0.263344
vt 0.715247 0.170572
vt 0.709058 0.156784
vt 0.705474 0.143695
vt 0.718502 0.123245
vt 0.731949 0.103510
vt 0.740280 0.091664
vt 0.749210 0.082535
vt 0.759523 0.074495
vt 0.772919 0.066771
vt 0.317881 0.982984
vt 0.314937 0.964552
vt 0.322028 0.964591
vt 0.325078 0.944878
vt 0.312539 0.942669
vt 0.327590 0.964807
vt 0.318468 0.994485
vt 0.310193 0.966787
vt 0.330624 0.938940
vt 0.303119 0.929419
vt 0.521107 0.678346
vt 0.519246 0.672076
vt 0.542252 0.677702
vt 0.545186 0.680070
vt 0.505673 0.677348
vt 0.504096 0.668770
vt 0.489939 0.677146
vt 0.488513 0.666498
vt 0.468064 0.676844
vt 0.466546 0.663243
vt 0.445565 0.677153
vt 0.443265 0.660910
vt 0.418445 0.677757
vt 0.415412 0.657982
vt 0.391199 0.679479
vt 0.387908 0.656524
vt 0.371784 0.681055
vt 0.361555 0.656248
vt 0.547978 0.682660
vt 0.523200 0.685179
vt 0.491502 0.688687
vt 0.469970 0.691461
vt 0.447975 0.694557
vt 0.442953 0.650842
vt 0.466350 0.654666
vt 0.421554 0.698374
vt 0.394809 0.702687
vt 0.385451 0.644334
vt 0.414088 0.647032
vt 0.357202 0.642852
vt 0.507445 0.686710
vt 0.487941 0.659441
vt 0.503484 0.663154
vt 0.518978 0.668014
vt 0.536662 0.674667
vt 0.352752 0.670027
vt 0.336424 0.657350
vt 0.320976 0.642506
vt 0.363571 0.684347
vt 0.375752 0.707058
vt 0.381933 0.705107
vt 0.503925 0.908614
vt 0.503924 0.938468
vt 0.753893 0.774715
vt 0.780954 0.774035
vt 0.780827 0.769999
vt 0.754132 0.771443
vt 0.735893 0.773332
vt 0.735664 0.770407
vt 0.715519 0.772225
vt 0.715699 0.768144
vt 0.694184 0.771901
vt 0.696258 0.765664
vt 0.780605 0.762980
vt 0.754906 0.765048
vt 0.780391 0.756226
vt 0.755565 0.758560
vt 0.735651 0.764630
vt 0.735676 0.758839
vt 0.717123 0.762845
vt 0.716862 0.757351
vt 0.697597 0.758802
vt 0.698603 0.753080
vt 0.674416 0.750838
vt 0.680807 0.748337
vt 0.687691 0.744721
vt 0.698627 0.748674
vt 0.755712 0.754203
vt 0.780233 0.751222
vt 0.735596 0.755319
vt 0.716492 0.753808
vt 0.214835 0.681835
vt 0.217375 0.685924
vt 0.216035 0.690653
vt 0.212852 0.703351
vt 0.207583 0.717833
vt 0.199020 0.732025
vt 0.188489 0.741868
vt 0.180861 0.748401
vt 0.170097 0.754231
vt 0.154683 0.757375
vt 0.827665 0.992106
vt 0.827621 0.989161
vt 0.835392 0.989713
vt 0.820627 0.988851
vt 0.820848 0.993206
vt 0.814108 0.988705
vt 0.814265 0.994056
vt 0.808571 0.988310
vt 0.808578 0.994141
vt 0.803939 0.987867
vt 0.803785 0.993706
vt 0.799886 0.987431
vt 0.799641 0.992706
vt 0.795255 0.986887
vt 0.795237 0.990547
vt 0.792127 0.984685
vt 0.790299 0.985938
vt 0.790137 0.980433
vt 0.795359 0.980666
vt 0.790615 0.973071
vt 0.785963 0.974998
vt 0.786914 0.980159
vt 0.795143 0.972882
vt 0.799760 0.980524
vt 0.799516 0.972760
vt 0.803836 0.980417
vt 0.803501 0.972886
vt 0.808335 0.980428
vt 0.808063 0.973084
vt 0.813739 0.980311
vt 0.813389 0.973149
vt 0.820127 0.980048
vt 0.819807 0.972742
vt 0.827596 0.979744
vt 0.827410 0.972369
vt 0.835320 0.978429
vt 0.794560 0.966525
vt 0.790512 0.966461
vt 0.798109 0.966581
vt 0.802776 0.966655
vt 0.807769 0.966734
vt 0.813574 0.966826
vt 0.820343 0.966933
vt 0.827428 0.967045
vt 0.835305 0.967169
vt 0.839411 0.977527
vt 0.839450 0.987864
vt 0.842074 0.986523
vt 0.844047 0.976042
vt 0.844680 0.985190
vt 0.839433 0.967234
vt 0.844091 0.967308
vt 0.839737 0.956946
vt 0.835676 0.955915
vt 0.840102 0.946615
vt 0.842807 0.948107
vt 0.844323 0.958576
vt 0.845244 0.949452
vt 0.836104 0.944639
vt 0.827997 0.954357
vt 0.827578 0.961723
vt 0.819991 0.961109
vt 0.820542 0.953817
vt 0.813589 0.960499
vt 0.814166 0.953352
vt 0.808264 0.960396
vt 0.808768 0.953065
vt 0.803698 0.960449
vt 0.804271 0.952933
vt 0.799711 0.960449
vt 0.800200 0.952697
vt 0.795344 0.960189
vt 0.795806 0.952416
vt 0.790824 0.959857
vt 0.790580 0.952484
vt 0.786235 0.957783
vt 0.787349 0.952655
vt 0.786386 0.962739
vt 0.785681 0.966384
vt 0.786271 0.970050
vt 0.929187 0.661351
vt 0.912142 0.666372
vt 0.910854 0.648959
vt 0.924564 0.638749
vt 0.931011 0.683050
vt 0.913777 0.684500
vt 0.889100 0.686711
vt 0.890250 0.671631
vt 0.899528 0.657757
vt 0.874564 0.688639
vt 0.882084 0.669715
vt 0.881032 0.669486
vt 0.873489 0.688496
vt 0.891255 0.652310
vt 0.892402 0.652652
vt 0.906214 0.640149
vt 0.906898 0.640949
vt 0.914980 0.631119
vt 0.915512 0.632064
vt 0.028809 0.246433
vt 0.027271 0.236601
vt 0.031938 0.236350
vt 0.038433 0.246301
vt 0.025969 0.227735
vt 0.021543 0.230073
vt 0.020019 0.219909
vt 0.015830 0.223795
vt 0.014063 0.212081
vt 0.011214 0.217315
vt 0.012454 0.209647
vt 0.007767 0.213298
vt 0.020437 0.238484
vt 0.020888 0.246542
vt 0.014893 0.235165
vt 0.014817 0.246625
vt 0.009692 0.231713
vt 0.009420 0.246700
vt 0.004325 0.229804
vt 0.004648 0.246765
vt 0.004791 0.263728
vt 0.010104 0.261672
vt 0.015207 0.258079
vt 0.020659 0.254609
vt 0.027542 0.256304
vt 0.032214 0.256427
vt 0.026483 0.265202
vt 0.021995 0.262986
vt 0.020751 0.273189
vt 0.016457 0.269419
vt 0.015012 0.281177
vt 0.012021 0.276024
vt 0.013471 0.283655
vt 0.008685 0.280133
vt 0.197054 0.345342
vt 0.191351 0.343933
vt 0.190967 0.346908
vt 0.196213 0.347448
vt 0.173559 0.345355
vt 0.173798 0.341467
vt 0.155478 0.344486
vt 0.155478 0.339676
vt 0.172508 0.352542
vt 0.155478 0.352396
vt 0.171114 0.360313
vt 0.155478 0.360228
vt 0.169245 0.371142
vt 0.155479 0.370908
vt 0.166941 0.381247
vt 0.155481 0.380796
vt 0.163803 0.389719
vt 0.155482 0.389251
vt 0.163092 0.398956
vt 0.155483 0.399403
vt 0.163455 0.405423
vt 0.155484 0.405618
vt 0.163796 0.411360
vt 0.155485 0.411467
vt 0.163504 0.416756
vt 0.155485 0.416690
vt 0.162700 0.422860
vt 0.155486 0.422714
vt 0.161480 0.428962
vt 0.155486 0.429205
vt 0.167380 0.430024
vt 0.169845 0.423715
vt 0.171220 0.433131
vt 0.168363 0.435632
vt 0.164962 0.431250
vt 0.174386 0.426959
vt 0.171446 0.416802
vt 0.176237 0.418593
vt 0.172096 0.410434
vt 0.176432 0.410668
vt 0.171239 0.403887
vt 0.175029 0.403509
vt 0.170504 0.397749
vt 0.174657 0.397981
vt 0.172765 0.391515
vt 0.175024 0.392149
vt 0.163155 0.438412
vt 0.161576 0.432001
vt 0.155488 0.438798
vt 0.155487 0.432613
vt 0.178401 0.382378
vt 0.182004 0.384215
vt 0.182858 0.371932
vt 0.187993 0.372751
vt 0.186625 0.360946
vt 0.192164 0.360763
vt 0.189070 0.353570
vt 0.194363 0.353771
vt 0.170035 0.664215
vt 0.154722 0.663547
vt 0.154722 0.672943
vt 0.170572 0.673935
vt 0.168611 0.655274
vt 0.154722 0.654626
vt 0.187861 0.678050
vt 0.185041 0.667298
vt 0.181330 0.657378
vt 0.154721 0.682567
vt 0.170318 0.684148
vt 0.169147 0.696908
vt 0.154720 0.695181
vt 0.154720 0.709751
vt 0.167702 0.710273
vt 0.203434 0.669229
vt 0.198572 0.661465
vt 0.200405 0.682386
vt 0.210806 0.677827
vt 0.207989 0.685553
vt 0.212763 0.687820
vt 0.208487 0.699169
vt 0.202750 0.695353
vt 0.202600 0.712637
vt 0.196782 0.707557
vt 0.189267 0.720774
vt 0.194572 0.726339
vt 0.184984 0.735672
vt 0.181513 0.728816
vt 0.176475 0.741041
vt 0.172686 0.733637
vt 0.165127 0.735497
vt 0.167309 0.744830
vt 0.154717 0.746493
vt 0.154718 0.736087
vt 0.165805 0.726790
vt 0.175975 0.724817
vt 0.171941 0.717064
vt 0.166720 0.718753
vt 0.154719 0.728666
vt 0.154720 0.720398
vt 0.177045 0.712781
vt 0.185474 0.717495
vt 0.182413 0.701114
vt 0.191461 0.705065
vt 0.186483 0.688617
vt 0.196538 0.692504
vt 0.165467 0.634980
vt 0.166955 0.646520
vt 0.177787 0.648140
vt 0.174452 0.635682
vt 0.154723 0.634903
vt 0.154722 0.645454
vt 0.154724 0.621343
vt 0.163975 0.621263
vt 0.171149 0.621636
vt 0.184314 0.635879
vt 0.192353 0.650622
vt 0.179107 0.621690
vt 0.175653 0.607150
vt 0.169084 0.607786
vt 0.163171 0.607930
vt 0.154724 0.608161
vt 0.753746 0.774946
vt 0.754011 0.771676
vt 0.780716 0.770437
vt 0.780812 0.774474
vt 0.735756 0.773425
vt 0.735550 0.770497
vt 0.715389 0.772157
vt 0.715602 0.768078
vt 0.694057 0.771669
vt 0.696181 0.765443
vt 0.780548 0.763417
vt 0.754835 0.765287
vt 0.780387 0.756661
vt 0.755544 0.758805
vt 0.735583 0.764721
vt 0.735653 0.758930
vt 0.717069 0.762790
vt 0.716851 0.757295
vt 0.697575 0.758590
vt 0.698628 0.752877
vt 0.674458 0.750438
vt 0.680870 0.747990
vt 0.687783 0.744430
vt 0.698688 0.748453
vt 0.755723 0.754460
vt 0.780267 0.751657
vt 0.735600 0.755405
vt 0.716506 0.753712
vt 0.214876 0.681841
vt 0.217416 0.685930
vt 0.216069 0.690654
vt 0.212883 0.703348
vt 0.207617 0.717834
vt 0.199057 0.732030
vt 0.188525 0.741871
vt 0.180897 0.748404
vt 0.170132 0.754233
vt 0.154717 0.757375
vt 0.828319 0.944945
vt 0.828457 0.942003
vt 0.821319 0.945034
vt 0.821678 0.940689
vt 0.814799 0.944975
vt 0.815126 0.939631
vt 0.809253 0.945194
vt 0.809444 0.939366
vt 0.804609 0.945490
vt 0.804640 0.939649
vt 0.800544 0.945798
vt 0.800467 0.940518
vt 0.795899 0.946194
vt 0.795997 0.942536
vt 0.792702 0.948296
vt 0.790916 0.946986
vt 0.196997 0.345347
vt 0.196156 0.347452
vt 0.190909 0.346912
vt 0.191293 0.343937
vt 0.173502 0.345358
vt 0.173741 0.341469
vt 0.155420 0.344486
vt 0.155420 0.339676
vt 0.172450 0.352544
vt 0.155420 0.352396
vt 0.171055 0.360315
vt 0.155420 0.360228
vt 0.169184 0.371145
vt 0.155419 0.370908
vt 0.166878 0.381249
vt 0.155418 0.380796
vt 0.163737 0.389721
vt 0.155416 0.389251
vt 0.163025 0.398957
vt 0.155415 0.399403
vt 0.163386 0.405425
vt 0.155414 0.405618
vt 0.163725 0.411362
vt 0.155414 0.411467
vt 0.163432 0.416758
vt 0.155413 0.416690
vt 0.162626 0.422862
vt 0.155412 0.422714
vt 0.161405 0.428963
vt 0.155412 0.429205
vt 0.167305 0.430027
vt 0.169771 0.423718
vt 0.171144 0.433135
vt 0.168287 0.435635
vt 0.164886 0.431253
vt 0.174312 0.426963
vt 0.171374 0.416806
vt 0.176165 0.418597
vt 0.172025 0.410438
vt 0.176361 0.410673
vt 0.171170 0.403891
vt 0.174960 0.403514
vt 0.170436 0.397752
vt 0.174589 0.397985
vt 0.172699 0.391519
vt 0.174957 0.392153
vt 0.163078 0.438414
vt 0.161500 0.432002
vt 0.155411 0.438798
vt 0.155411 0.432613
vt 0.178338 0.382383
vt 0.181940 0.384221
vt 0.182798 0.371937
vt 0.187932 0.372757
vt 0.186567 0.360951
vt 0.192106 0.360768
vt 0.189013 0.353574
vt 0.194306 0.353776
vt 0.078042 0.428943
vt 0.061118 0.428842
vt 0.067897 0.397697
vt 0.086817 0.396108
vt 0.069612 0.460192
vt 0.053824 0.459303
vt 0.062247 0.493570
vt 0.048007 0.492281
vt 0.058150 0.523539
vt 0.045376 0.522145
vt 0.055424 0.554246
vt 0.043903 0.553080
vt 0.070278 0.377295
vt 0.090623 0.375641
vt 0.070744 0.357751
vt 0.093182 0.357928
vt 0.047265 0.399543
vt 0.038323 0.459180
vt 0.043348 0.429372
vt 0.025775 0.400871
vt 0.025871 0.378989
vt 0.047952 0.378324
vt 0.025189 0.358005
vt 0.048170 0.357136
vt 0.024094 0.429943
vt 0.021830 0.459217
vt 0.034509 0.491713
vt 0.019941 0.491414
vt 0.032628 0.521317
vt 0.019094 0.520857
vt 0.031786 0.552333
vt 0.018810 0.551889
vt 0.030977 0.579492
vt 0.019345 0.579074
vt 0.024884 0.341031
vt 0.047262 0.342353
vt 0.023727 0.325052
vt 0.043194 0.321655
vt 0.020284 0.309944
vt 0.033744 0.307519
vt 0.019656 0.294386
vt 0.030348 0.294133
vt 0.005873 0.491265
vt 0.005872 0.459297
vt 0.005872 0.430475
vt 0.005872 0.401285
vt 0.005872 0.379442
vt 0.005872 0.358468
vt 0.005872 0.294404
vt 0.005872 0.310560
vt 0.005872 0.325892
vt 0.005872 0.340394
vt 0.086313 0.583148
vt 0.069370 0.578592
vt 0.063908 0.610352
vt 0.082161 0.615130
vt 0.092394 0.552660
vt 0.076853 0.549132
vt 0.097317 0.519980
vt 0.082989 0.517787
vt 0.100522 0.490793
vt 0.087686 0.489856
vt 0.102230 0.460484
vt 0.090687 0.460471
vt 0.061178 0.630438
vt 0.080848 0.634621
vt 0.060986 0.648663
vt 0.080610 0.651094
vt 0.103440 0.585068
vt 0.100682 0.616974
vt 0.121948 0.585629
vt 0.120478 0.617389
vt 0.099829 0.638073
vt 0.119785 0.639481
vt 0.099824 0.652508
vt 0.120400 0.654850
vt 0.124249 0.555224
vt 0.107732 0.554432
vt 0.126029 0.521826
vt 0.111176 0.521168
vt 0.127051 0.491777
vt 0.113383 0.491403
vt 0.127433 0.460685
vt 0.114417 0.460547
vt 0.127672 0.433776
vt 0.115901 0.435450
vt 0.100113 0.674573
vt 0.121330 0.679415
vt 0.103690 0.695002
vt 0.123416 0.695921
vt 0.112952 0.714560
vt 0.125940 0.712843
vt 0.116353 0.727874
vt 0.126919 0.727041
vt 0.140504 0.713396
vt 0.140504 0.695433
vt 0.140503 0.726784
vt 0.140505 0.680229
vt 0.140506 0.662889
vt 0.136345 0.660056
vt 0.135837 0.655929
vt 0.136872 0.652108
vt 0.140505 0.639115
vt 0.140506 0.617297
vt 0.140506 0.586025
vt 0.140506 0.555685
vt 0.140506 0.522082
vt 0.140506 0.491962
vt 0.140506 0.460780
vt 0.140506 0.433851
vt 0.140506 0.417212
vt 0.129294 0.417259
vt 0.131587 0.400842
vt 0.122601 0.400673
vt 0.119244 0.417872
vt 0.115464 0.399727
vt 0.111329 0.416550
vt 0.140507 0.400621
vt 0.108913 0.397872
vt 0.105553 0.413916
vt 0.140508 0.388253
vt 0.133527 0.388579
vt 0.126335 0.388188
vt 0.100895 0.429579
vt 0.105035 0.436382
vt 0.091276 0.434618
vt 0.092939 0.440517
vt 0.135650 0.379730
vt 0.131103 0.378634
vt 0.119489 0.386323
vt 0.126875 0.376137
vt 0.132621 0.374145
vt 0.129121 0.371848
vt 0.122882 0.371852
vt 0.126607 0.368774
vt 0.117270 0.374081
vt 0.111336 0.386114
vt 0.109882 0.374530
vt 0.136386 0.375587
vt 0.140511 0.380362
vt 0.140514 0.376232
vt 0.042641 0.578837
vt 0.055396 0.574759
vt 0.046159 0.585414
vt 0.056934 0.580629
vt 0.042358 0.597660
vt 0.037004 0.595426
vt 0.032544 0.611418
vt 0.026643 0.609612
vt 0.028542 0.594885
vt 0.017285 0.607973
vt 0.018390 0.594402
vt 0.005873 0.607407
vt 0.005873 0.594105
vt 0.038994 0.613002
vt 0.005873 0.578790
vt 0.005873 0.551616
vt 0.005873 0.520589
vt 0.015050 0.620377
vt 0.005952 0.619139
vt 0.005873 0.624764
vt 0.013084 0.625407
vt 0.022530 0.622812
vt 0.018582 0.627430
vt 0.015098 0.631195
vt 0.018272 0.634048
vt 0.022354 0.630746
vt 0.019774 0.637440
vt 0.024190 0.635949
vt 0.011452 0.630023
vt 0.005873 0.629762
vt 0.028423 0.627030
vt 0.029950 0.635248
vt 0.037305 0.635619
vt 0.036524 0.626190
vt 0.079972 0.665669
vt 0.076823 0.682437
vt 0.060382 0.661236
vt 0.060016 0.673676
vt 0.069754 0.344739
vt 0.091473 0.345942
vt 0.087870 0.334373
vt 0.068603 0.329572
vt 0.189070 0.300454
vt 0.199767 0.293984
vt 0.204109 0.301056
vt 0.194427 0.307815
vt 0.176519 0.303049
vt 0.140019 0.306203
vt 0.151738 0.306397
vt 0.152429 0.315881
vt 0.139868 0.315580
vt 0.128328 0.305563
vt 0.128106 0.314941
vt 0.116924 0.304159
vt 0.114979 0.312662
vt 0.103864 0.302019
vt 0.099945 0.309497
vt 0.093703 0.300251
vt 0.088641 0.307921
vt 0.082979 0.294505
vt 0.078407 0.301432
vt 0.112739 0.321199
vt 0.096066 0.316878
vt 0.082910 0.314690
vt 0.073171 0.307572
vt 0.153190 0.325676
vt 0.166807 0.322898
vt 0.164328 0.314260
vt 0.162444 0.305579
vt 0.180086 0.310718
vt 0.200494 0.314217
vt 0.209363 0.307171
vt 0.183949 0.318199
vt 0.139495 0.325476
vt 0.128188 0.324781
vt 0.140508 0.649830
vt 0.479289 0.022203
vt 0.467767 0.023450
vt 0.466950 0.018351
vt 0.480350 0.018359
vt 0.430898 0.018350
vt 0.431810 0.022859
vt 0.395832 0.022807
vt 0.395201 0.018350
vt 0.396523 0.026186
vt 0.432706 0.026305
vt 0.397335 0.029604
vt 0.433728 0.029777
vt 0.359826 0.022596
vt 0.359492 0.018351
vt 0.323831 0.022498
vt 0.323795 0.018350
vt 0.324037 0.025739
vt 0.360275 0.025930
vt 0.324349 0.028790
vt 0.360837 0.029029
vt 0.287831 0.022266
vt 0.288094 0.018350
vt 0.251829 0.022133
vt 0.252392 0.018350
vt 0.251553 0.025154
vt 0.287794 0.025377
vt 0.251348 0.028082
vt 0.287846 0.028388
vt 0.215833 0.021942
vt 0.216694 0.018350
vt 0.179837 0.021682
vt 0.180997 0.018350
vt 0.179065 0.024522
vt 0.215308 0.024874
vt 0.178339 0.027114
vt 0.214839 0.027658
vt 0.179837 0.015018
vt 0.215833 0.014758
vt 0.179065 0.012179
vt 0.215308 0.011827
vt 0.178339 0.009586
vt 0.214839 0.009043
vt 0.251829 0.014567
vt 0.287830 0.014434
vt 0.251553 0.011546
vt 0.287794 0.011324
vt 0.251348 0.008618
vt 0.287846 0.008313
vt 0.323830 0.014202
vt 0.359826 0.014105
vt 0.324037 0.010962
vt 0.360276 0.010770
vt 0.324349 0.007910
vt 0.360837 0.007672
vt 0.395832 0.013893
vt 0.431811 0.013842
vt 0.396523 0.010515
vt 0.432706 0.010396
vt 0.397335 0.007097
vt 0.433728 0.006924
vt 0.467766 0.013253
vt 0.479327 0.014577
vt 0.468418 0.009473
vt 0.478030 0.011319
vt 0.477092 0.007856
vt 0.476443 0.002755
vt 0.469141 0.005709
vt 0.476439 0.033948
vt 0.469140 0.030993
vt 0.468418 0.027230
vt 0.477089 0.028848
vt 0.478026 0.025385
vt 0.743971 0.177500
vt 0.740107 0.189772
vt 0.736299 0.202251
vt 0.735855 0.214879
vt 0.739642 0.229993
vt 0.745322 0.244379
vt 0.750668 0.254224
vt 0.758176 0.261083
vt 0.767781 0.267788
vt 0.779358 0.275036
vt 0.740095 0.165232
vt 0.736277 0.152757
vt 0.735822 0.140130
vt 0.739597 0.125014
vt 0.745266 0.110626
vt 0.750604 0.100779
vt 0.758108 0.093918
vt 0.767710 0.087214
vt 0.779285 0.079967
vt 0.792819 0.074361
vt 0.805201 0.075780
vt 0.821723 0.073783
vt 0.831203 0.076644
vt 0.838308 0.076752
vt 0.844927 0.077044
vt 0.837889 0.289847
vt 0.837778 0.290910
vt 0.825662 0.292436
vt 0.826181 0.291320
vt 0.813602 0.293557
vt 0.814190 0.292450
vt 0.847032 0.288190
vt 0.846988 0.289150
vt 0.821803 0.281245
vt 0.838064 0.278302
vt 0.845013 0.278011
vt 0.831288 0.278390
vt 0.503925 0.727003
vt 0.005949 0.619134
vt 0.086766 0.287202
vt 0.097462 0.292059
vt 0.107068 0.293459
vt 0.118599 0.295196
vt 0.129789 0.296558
vt 0.140279 0.297165
vt 0.150208 0.297269
vt 0.161312 0.296374
vt 0.173954 0.294649
vt 0.185311 0.292617
vt 0.195970 0.286673
vt 0.483893 0.623316
vt 0.483053 0.620918
vt 0.481763 0.620011
vt 0.479011 0.621587
vt 0.478528 0.620978
vt 0.475399 0.622954
vt 0.476880 0.623937
vt 0.139856 0.795296
vt 0.139273 0.792633
vt 0.136557 0.786650
vt 0.135151 0.789335
vt 0.128443 0.776191
vt 0.126607 0.778336
vt 0.119375 0.764784
vt 0.117091 0.766315
vt 0.104601 0.746537
vt 0.102286 0.748016
vt 0.091140 0.727698
vt 0.088773 0.728975
vt 0.083285 0.712518
vt 0.080270 0.713402
vt 0.082858 0.708929
vt 0.081018 0.709726
vt 0.698433 0.746660
vt 0.698843 0.743769
vt 0.690320 0.740668
vt 0.687496 0.742706
vt 0.716297 0.751794
vt 0.716430 0.748899
vt 0.735402 0.753305
vt 0.735417 0.750497
vt 0.755517 0.752189
vt 0.755526 0.749344
vt 0.780039 0.749208
vt 0.779961 0.746743
vt 0.220910 0.694201
vt 0.218332 0.692533
vt 0.219672 0.687804
vt 0.220500 0.689136
vt 0.217602 0.707016
vt 0.215149 0.705230
vt 0.212019 0.721659
vt 0.209881 0.719712
vt 0.202984 0.736066
vt 0.201317 0.733905
vt 0.192064 0.746166
vt 0.190787 0.743747
vt 0.184373 0.752451
vt 0.183158 0.750281
vt 0.173142 0.758528
vt 0.172394 0.756111
vt 0.156980 0.761805
vt 0.156980 0.759255
vt 0.136554 0.786654
vt 0.135154 0.789326
vt 0.117093 0.766313
vt 0.119373 0.764785
vt 0.102287 0.748016
vt 0.104600 0.746537
vt 0.698921 0.743586
vt 0.698493 0.746439
vt 0.687589 0.742415
vt 0.690429 0.740400
vt 0.716470 0.748841
vt 0.716311 0.751697
vt 0.735443 0.750590
vt 0.735406 0.753391
vt 0.755560 0.749590
vt 0.755529 0.752445
vt 0.780013 0.747177
vt 0.780072 0.749642
vt 0.218366 0.692534
vt 0.220950 0.694207
vt 0.220541 0.689143
vt 0.219713 0.687810
vt 0.215180 0.705228
vt 0.217642 0.707022
vt 0.209915 0.719714
vt 0.212057 0.721664
vt 0.201354 0.733909
vt 0.203020 0.736070
vt 0.190822 0.743750
vt 0.192109 0.746190
vt 0.183194 0.750283
vt 0.184418 0.752471
vt 0.172429 0.756112
vt 0.173178 0.758534
vt 0.157015 0.759255
vt 0.157015 0.761804
vt 0.147538 0.789522
vt 0.149374 0.783288
vt 0.147002 0.779525
vt 0.143799 0.784236
vt 0.135686 0.773777
vt 0.139796 0.769548
vt 0.126618 0.762370
vt 0.131528 0.758990
vt 0.111843 0.744123
vt 0.116751 0.740935
vt 0.098382 0.725284
vt 0.103494 0.722631
vt 0.090527 0.710104
vt 0.095947 0.708194
vt 0.090100 0.706515
vt 0.092233 0.703358
vt 0.143796 0.784240
vt 0.126616 0.762371
vt 0.098383 0.725284
vt 0.779331 0.739622
vt 0.754888 0.741348
vt 0.755059 0.747383
vt 0.779494 0.744783
vt 0.734951 0.748536
vt 0.735156 0.742579
vt 0.715963 0.746939
vt 0.717178 0.740918
vt 0.698376 0.741808
vt 0.700149 0.735609
vt 0.689853 0.738708
vt 0.694526 0.733908
vt 0.227995 0.691142
vt 0.228459 0.699294
vt 0.222789 0.696706
vt 0.223921 0.691505
vt 0.219482 0.709522
vt 0.224879 0.712427
vt 0.213899 0.724164
vt 0.218603 0.727893
vt 0.204864 0.738572
vt 0.208312 0.743148
vt 0.193944 0.748672
vt 0.196231 0.753337
vt 0.186252 0.754957
vt 0.188803 0.759828
vt 0.175022 0.761034
vt 0.176702 0.766320
vt 0.158860 0.764310
vt 0.158860 0.769529
vt 0.779422 0.740054
vt 0.779546 0.745216
vt 0.755093 0.747630
vt 0.754967 0.741593
vt 0.734976 0.748629
vt 0.735228 0.742671
vt 0.716003 0.746880
vt 0.717265 0.740870
vt 0.698454 0.741626
vt 0.700282 0.735424
vt 0.689962 0.738440
vt 0.694673 0.733678
vt 0.228036 0.691149
vt 0.223961 0.691511
vt 0.222830 0.696713
vt 0.228499 0.699301
vt 0.219521 0.709528
vt 0.224918 0.712434
vt 0.213937 0.724170
vt 0.218640 0.727899
vt 0.204900 0.738576
vt 0.208349 0.743152
vt 0.193989 0.748696
vt 0.196267 0.753341
vt 0.186297 0.754977
vt 0.188838 0.759830
vt 0.175058 0.761039
vt 0.176737 0.766322
vt 0.158894 0.764310
vt 0.158894 0.769529
vt 0.409158 0.603450
vt 0.397876 0.599991
vt 0.408703 0.565254
vt 0.420447 0.599980
vt 0.428561 0.591899
vt 0.433287 0.582659
vt 0.435582 0.573622
vt 0.436189 0.564915
vt 0.435157 0.556296
vt 0.432156 0.547768
vt 0.427182 0.539152
vt 0.418827 0.532763
vt 0.408282 0.530258
vt 0.397935 0.533419
vt 0.390175 0.540392
vt 0.385437 0.548783
vt 0.382345 0.557049
vt 0.380903 0.565598
vt 0.381892 0.574333
vt 0.384419 0.583359
vt 0.389766 0.591998
vt 0.563262 0.573484
vt 0.561605 0.581913
vt 0.537537 0.568371
vt 0.557907 0.590389
vt 0.551599 0.598818
vt 0.541760 0.603892
vt 0.530465 0.604029
vt 0.521093 0.597759
vt 0.514563 0.589620
vt 0.510770 0.580718
vt 0.508924 0.571764
vt 0.508900 0.562679
vt 0.511731 0.553923
vt 0.515883 0.544963
vt 0.522828 0.536505
vt 0.533222 0.532088
vt 0.544522 0.533143
vt 0.553608 0.539648
vt 0.559218 0.548315
vt 0.562162 0.557012
vt 0.563611 0.565280
vt 0.571316 0.855952
vt 0.571588 0.854654
vt 0.567814 0.854451
vt 0.567957 0.855770
vt 0.574454 0.857164
vt 0.575115 0.856013
vt 0.577065 0.859286
vt 0.578048 0.858395
vt 0.578892 0.862110
vt 0.580103 0.861567
vt 0.579757 0.865361
vt 0.581076 0.865219
vt 0.579575 0.868720
vt 0.580873 0.868993
vt 0.578364 0.871859
vt 0.579515 0.872519
vt 0.576241 0.874469
vt 0.577132 0.875453
vt 0.573417 0.876296
vt 0.573960 0.877507
vt 0.570166 0.877161
vt 0.570308 0.878481
vt 0.566807 0.876979
vt 0.566535 0.878278
vt 0.563668 0.875768
vt 0.563008 0.876919
vt 0.561058 0.873646
vt 0.560074 0.874537
vt 0.559231 0.870821
vt 0.558020 0.871364
vt 0.558366 0.867570
vt 0.557047 0.867713
vt 0.558548 0.864211
vt 0.557249 0.863939
vt 0.559759 0.861073
vt 0.558608 0.860412
vt 0.561881 0.858462
vt 0.560990 0.857478
vt 0.564706 0.856635
vt 0.564163 0.855424
vt 0.560393 0.870299
vt 0.559633 0.867432
vt 0.559795 0.864471
vt 0.560865 0.861706
vt 0.562737 0.859406
vt 0.565228 0.857798
vt 0.568094 0.857037
vt 0.571055 0.857200
vt 0.573821 0.858270
vt 0.576121 0.860142
vt 0.577729 0.862633
vt 0.578490 0.865499
vt 0.578327 0.868460
vt 0.577257 0.871225
vt 0.575385 0.873525
vt 0.572894 0.875134
vt 0.570028 0.875894
vt 0.567067 0.875731
vt 0.564302 0.874661
vt 0.562002 0.872789
vt 0.574553 0.872608
vt 0.576183 0.870610
vt 0.572386 0.874004
vt 0.569894 0.874663
vt 0.567320 0.874519
vt 0.564917 0.873587
vt 0.562919 0.871958
vt 0.561523 0.869791
vt 0.560864 0.867299
vt 0.561008 0.864725
vt 0.561940 0.862321
vt 0.563569 0.860324
vt 0.565736 0.858927
vt 0.568228 0.858269
vt 0.570802 0.858412
vt 0.573205 0.859345
vt 0.575203 0.860974
vt 0.576600 0.863141
vt 0.577258 0.865633
vt 0.577115 0.868207
vt 0.570553 0.859599
vt 0.572602 0.860396
vt 0.574304 0.861788
vt 0.575493 0.863637
vt 0.576053 0.865763
vt 0.575928 0.867958
vt 0.575131 0.870007
vt 0.573739 0.871709
vt 0.571890 0.872898
vt 0.569764 0.873457
vt 0.567569 0.873332
vt 0.565521 0.872535
vt 0.563818 0.871144
vt 0.562629 0.869295
vt 0.562070 0.867168
vt 0.562195 0.864974
vt 0.562992 0.862925
vt 0.564383 0.861222
vt 0.566232 0.860033
vt 0.568358 0.859474
vt 0.570306 0.860767
vt 0.568485 0.860662
vt 0.572007 0.861431
vt 0.573418 0.862588
vt 0.574403 0.864124
vt 0.574866 0.865889
vt 0.574759 0.867711
vt 0.574096 0.869411
vt 0.572940 0.870823
vt 0.571403 0.871808
vt 0.569638 0.872270
vt 0.567816 0.872164
vt 0.566116 0.871500
vt 0.564704 0.870344
vt 0.563719 0.868808
vt 0.563257 0.867042
vt 0.563363 0.865220
vt 0.564026 0.863520
vt 0.565183 0.862109
vt 0.566719 0.861124
vt 0.564798 0.868328
vt 0.565582 0.869555
vt 0.564431 0.866920
vt 0.564517 0.865467
vt 0.565048 0.864111
vt 0.565972 0.862986
vt 0.567199 0.862202
vt 0.568607 0.861835
vt 0.570060 0.861922
vt 0.571416 0.862453
vt 0.572541 0.863377
vt 0.573325 0.864603
vt 0.573692 0.866012
vt 0.573605 0.867465
vt 0.573074 0.868820
vt 0.572150 0.869945
vt 0.570924 0.870729
vt 0.569515 0.871096
vt 0.568062 0.871010
vt 0.566707 0.870479
vt 0.572062 0.868232
vt 0.571369 0.869073
vt 0.570451 0.869659
vt 0.569396 0.869932
vt 0.568309 0.869865
vt 0.567295 0.869467
vt 0.566454 0.868774
vt 0.565868 0.867855
vt 0.565595 0.866801
vt 0.565661 0.865713
vt 0.566060 0.864699
vt 0.566753 0.863858
vt 0.567671 0.863273
vt 0.568726 0.863000
vt 0.569814 0.863066
vt 0.570827 0.863465
vt 0.571668 0.864157
vt 0.572254 0.865076
vt 0.572527 0.866131
vt 0.572461 0.867218
vt 0.569565 0.864203
vt 0.568841 0.864158
vt 0.570240 0.864469
vt 0.570799 0.864931
vt 0.571188 0.865543
vt 0.571369 0.866246
vt 0.571324 0.866970
vt 0.571058 0.867644
vt 0.570596 0.868204
vt 0.569984 0.868593
vt 0.569281 0.868774
vt 0.568557 0.868729
vt 0.567882 0.868462
vt 0.567323 0.868000
vt 0.566934 0.867388
vt 0.566753 0.866686
vt 0.566798 0.865962
vt 0.567065 0.865287
vt 0.567527 0.864728
vt 0.568139 0.864339
vt 0.567997 0.866925
vt 0.567907 0.866574
vt 0.567930 0.866212
vt 0.568064 0.865875
vt 0.568295 0.865596
vt 0.568601 0.865402
vt 0.568953 0.865312
vt 0.569314 0.865335
vt 0.569651 0.865469
vt 0.569931 0.865700
vt 0.570125 0.866006
vt 0.570215 0.866357
vt 0.570192 0.866719
vt 0.570058 0.867056
vt 0.569827 0.867335
vt 0.569521 0.867529
vt 0.569170 0.867620
vt 0.568808 0.867597
vt 0.568471 0.867463
vt 0.568192 0.867232
vt 0.569061 0.866466
vt 0.577455 0.832507
vt 0.586238 0.830743
vt 0.585261 0.828115
vt 0.583520 0.825918
vt 0.581185 0.824366
vt 0.578485 0.823612
vt 0.575684 0.823729
vt 0.573056 0.824706
vt 0.570859 0.826447
vt 0.569308 0.828782
vt 0.568553 0.831482
vt 0.568671 0.834283
vt 0.569648 0.836911
vt 0.571389 0.839108
vt 0.573724 0.840660
vt 0.576424 0.841414
vt 0.579225 0.841297
vt 0.581852 0.840320
vt 0.584050 0.838579
vt 0.585601 0.836244
vt 0.586355 0.833544
s 1
usemtl hr_pain_panic_mat.005
f 3/1/1 2/2/2 1/3/3
f 4/4/4 3/1/1 1/3/3
f 5/5/5 3/1/1 4/4/4
f 6/6/6 5/5/5 4/4/4
f 7/7/7 5/5/5 6/6/6
f 8/8/8 7/7/7 6/6/6
f 9/9/9 7/7/7 8/8/8
f 10/10/10 9/9/9 8/8/8
f 11/11/11 9/9/9 10/10/10
f 12/12/12 11/11/11 10/10/10
f 11/11/11 12/12/12 13/13/13
f 14/14/14 11/11/11 13/13/13
f 14/14/14 13/13/13 15/15/15
f 13/13/13 16/16/16 15/15/15
f 17/17/17 14/14/14 15/15/15
f 14/14/14 17/17/17 11/11/11
f 18/18/18 17/17/17 15/15/15
f 17/17/17 19/19/19 11/11/11
f 5/5/5 7/7/7 20/20/20
f 7/7/7 21/21/21 20/20/20
f 20/20/20 21/21/21 22/22/22
f 20/20/20 22/22/22 23/23/23
f 24/24/24 20/20/20 23/23/23
f 21/21/21 25/25/25 22/22/22
f 25/25/25 21/21/21 26/26/26
f 11/11/11 19/19/19 26/26/26
f 27/27/27 25/25/25 26/26/26
f 27/27/27 26/26/26 19/19/19
f 23/23/23 22/22/22 28/28/28
f 28/28/28 22/22/22 25/25/25
f 29/29/29 23/23/23 28/28/28
f 30/30/30 28/28/28 25/25/25
f 24/24/24 2/2/2 20/20/20
f 2/2/2 3/1/1 20/20/20
f 21/21/21 7/7/7 26/26/26
f 7/7/7 9/9/9 26/26/26
f 9/9/9 11/11/11 26/26/26
f 3/1/1 5/5/5 20/20/20
f 29/29/29 28/28/28 31/31/31
f 28/28/28 30/30/30 31/31/31
f 32/32/32 29/29/29 31/31/31
f 30/30/30 33/33/33 31/31/31
f 34/34/34 31/31/31 33/33/33
f 32/32/32 31/31/31 34/34/34
f 35/35/35 34/34/34 33/33/33
f 36/36/36 32/32/32 34/34/34
f 36/36/36 34/34/34 37/37/37
f 34/34/34 38/38/38 37/37/37
f 39/39/39 37/37/37 38/38/38
f 40/40/40 39/39/39 38/38/38
f 40/40/40 41/41/41 39/39/39
f 41/41/41 40/40/40 42/42/42
f 40/40/40 38/38/38 42/42/42
f 43/43/43 41/41/41 42/42/42
f 41/41/41 43/43/43 44/44/44
f 43/43/43 45/45/45 44/44/44
f 44/44/44 46/46/46 41/41/41
f 46/46/46 47/47/47 41/41/41
f 41/41/41 47/47/47 39/39/39
f 43/43/43 48/48/48 45/45/45
f 48/48/48 49/49/49 45/45/45
f 50/50/50 43/43/43 42/42/42
f 43/43/43 51/51/51 48/48/48
f 43/43/43 50/50/50 51/51/51
f 51/51/51 50/50/50 52/52/52
f 51/51/51 52/52/52 53/53/53
f 54/54/54 51/51/51 53/53/53
f 51/51/51 54/54/54 48/48/48
f 50/50/50 55/55/55 52/52/52
f 16/16/16 53/53/53 52/52/52
f 15/15/15 16/16/16 52/52/52
f 18/18/18 15/15/15 52/52/52
f 55/55/55 18/18/18 52/52/52
f 18/18/18 55/55/55 56/56/56
f 55/55/55 57/57/57 56/56/56
f 35/35/35 57/57/57 55/55/55
f 58/58/58 35/35/35 55/55/55
f 58/58/58 55/55/55 50/50/50
f 42/42/42 58/58/58 50/50/50
f 38/38/38 58/58/58 42/42/42
f 54/54/54 53/53/53 59/59/59
f 60/60/60 54/54/54 59/59/59
f 48/48/48 54/54/54 60/60/60
f 61/61/61 48/48/48 60/60/60
f 49/49/49 48/48/48 61/61/61
f 62/62/62 49/49/49 61/61/61
f 62/62/62 63/63/63 49/49/49
f 63/63/63 64/64/64 49/49/49
f 64/64/64 63/63/63 65/65/65
f 63/63/63 66/66/66 65/65/65
f 64/64/64 67/67/67 49/49/49
f 67/67/67 68/68/68 49/49/49
f 65/65/65 66/66/66 69/69/69
f 66/66/66 70/70/70 69/69/69
f 69/69/69 70/70/70 71/71/71
f 70/70/70 72/72/72 71/71/71
f 71/71/71 72/72/72 73/73/73
f 72/72/72 74/74/74 73/73/73
f 68/68/68 75/75/75 49/49/49
f 75/75/75 45/45/45 49/49/49
f 75/75/75 68/68/68 76/76/76
f 68/68/68 77/77/77 76/76/76
f 76/76/76 77/77/77 78/78/78
f 77/77/77 79/79/79 78/78/78
f 78/78/78 79/79/79 80/80/80
f 79/79/79 81/81/81 80/80/80
f 80/80/80 81/81/81 82/82/82
f 83/83/83 80/80/80 82/82/82
f 82/82/82 84/84/84 83/83/83
f 85/85/85 84/84/84 82/82/82
f 86/86/86 85/85/85 82/82/82
f 85/85/85 87/87/87 84/84/84
f 88/88/88 87/87/87 85/85/85
f 89/89/89 88/88/88 85/85/85
f 89/89/89 85/85/85 86/86/86
f 87/87/87 90/90/90 84/84/84
f 91/91/91 89/89/89 86/86/86
f 91/91/91 86/86/86 92/92/92
f 92/92/92 86/86/86 93/93/93
f 93/93/93 86/86/86 82/82/82
f 81/81/81 93/93/93 82/82/82
f 94/94/94 92/92/92 93/93/93
f 94/94/94 93/93/93 95/95/95
f 93/93/93 81/81/81 95/95/95
f 96/96/96 94/94/94 95/95/95
f 95/95/95 97/97/97 96/96/96
f 97/97/97 98/98/98 96/96/96
f 98/98/98 99/99/99 96/96/96
f 99/99/99 100/100/100 96/96/96
f 96/96/96 100/100/100 101/101/101
f 94/94/94 96/96/96 101/101/101
f 94/94/94 101/101/101 92/92/92
f 101/101/101 102/102/102 92/92/92
f 92/92/92 102/102/102 103/103/103
f 104/104/104 103/103/103 102/102/102
f 105/105/105 104/104/104 102/102/102
f 105/105/105 102/102/102 101/101/101
f 106/106/106 92/92/92 103/103/103
f 106/106/106 91/91/91 92/92/92
f 107/107/107 105/105/105 101/101/101
f 108/108/108 104/104/104 105/105/105
f 109/109/109 108/108/108 105/105/105
f 109/109/109 105/105/105 107/107/107
f 110/110/110 109/109/109 107/107/107
f 110/110/110 107/107/107 111/111/111
f 101/101/101 100/100/100 111/111/111
f 107/107/107 101/101/101 111/111/111
f 112/112/112 110/110/110 111/111/111
f 112/112/112 111/111/111 113/113/113
f 100/100/100 99/99/99 113/113/113
f 111/111/111 100/100/100 113/113/113
f 114/114/114 112/112/112 113/113/113
f 115/115/115 114/114/114 113/113/113
f 116/116/116 115/115/115 113/113/113
f 113/113/113 99/99/99 116/116/116
f 99/99/99 117/117/117 116/116/116
f 99/99/99 98/98/98 117/117/117
f 98/98/98 118/118/118 117/117/117
f 118/118/118 98/98/98 67/67/67
f 98/98/98 97/97/97 67/67/67
f 67/67/67 97/97/97 68/68/68
f 97/97/97 77/77/77 68/68/68
f 77/77/77 97/97/97 95/95/95
f 79/79/79 77/77/77 95/95/95
f 81/81/81 79/79/79 95/95/95
f 73/73/73 115/115/115 116/116/116
f 71/71/71 73/73/73 116/116/116
f 69/69/69 71/71/71 116/116/116
f 117/117/117 69/69/69 116/116/116
f 65/65/65 69/69/69 117/117/117
f 118/118/118 65/65/65 117/117/117
f 64/64/64 65/65/65 118/118/118
f 67/67/67 64/64/64 118/118/118
f 73/73/73 74/74/74 119/119/119
f 74/74/74 120/120/120 119/119/119
f 73/73/73 119/119/119 115/115/115
f 119/119/119 121/121/121 115/115/115
f 115/115/115 121/121/121 114/114/114
f 121/121/121 122/122/122 114/114/114
f 114/114/114 122/122/122 112/112/112
f 122/122/122 123/123/123 112/112/112
f 112/112/112 123/123/123 110/110/110
f 123/123/123 124/124/124 110/110/110
f 110/110/110 124/124/124 109/109/109
f 124/124/124 125/125/125 109/109/109
f 109/109/109 125/125/125 108/108/108
f 125/125/125 126/126/126 108/108/108
f 4/4/4 1/3/3 127/127/127
f 128/128/128 4/4/4 127/127/127
f 6/6/6 4/4/4 128/128/128
f 129/129/129 6/6/6 128/128/128
f 8/8/8 6/6/6 129/129/129
f 130/130/130 8/8/8 129/129/129
f 10/10/10 8/8/8 130/130/130
f 131/131/131 10/10/10 130/130/130
f 12/12/12 10/10/10 131/131/131
f 132/132/132 12/12/12 131/131/131
f 13/13/13 12/12/12 132/132/132
f 133/133/133 13/13/13 132/132/132
f 16/16/16 13/13/13 133/133/133
f 134/134/134 16/16/16 133/133/133
f 53/53/53 16/16/16 134/134/134
f 59/59/59 53/53/53 134/134/134
f 137/135/135 136/136/136 135/137/137
f 138/138/138 137/135/135 135/137/137
f 135/137/137 136/136/136 139/139/139
f 140/140/140 135/137/137 139/139/139
f 140/140/140 139/139/139 141/141/141
f 139/139/139 142/142/142 141/141/141
f 141/141/141 142/142/142 143/143/143
f 144/144/144 141/141/141 143/143/143
f 144/144/144 143/143/143 145/145/145
f 146/146/146 144/144/144 145/145/145
f 146/146/146 145/145/145 46/46/46
f 44/44/44 146/146/146 46/46/46
f 138/138/138 147/147/147 137/135/135
f 148/148/148 147/147/147 138/138/138
f 149/149/149 148/148/148 138/138/138
f 90/90/90 148/148/148 149/149/149
f 84/84/84 90/90/90 149/149/149
f 84/84/84 149/149/149 83/83/83
f 44/44/44 45/45/45 146/146/146
f 45/45/45 75/75/75 146/146/146
f 146/146/146 75/75/75 144/144/144
f 75/75/75 76/76/76 144/144/144
f 144/144/144 76/76/76 141/141/141
f 76/76/76 78/78/78 141/141/141
f 141/141/141 78/78/78 140/140/140
f 78/78/78 80/80/80 140/140/140
f 140/140/140 80/80/80 83/83/83
f 135/137/137 140/140/140 83/83/83
f 83/83/83 149/149/149 138/138/138
f 135/137/137 83/83/83 138/138/138
f 90/90/90 150/150/150 148/148/148
f 151/151/151 150/150/150 90/90/90
f 87/87/87 151/151/151 90/90/90
f 152/152/152 151/151/151 87/87/87
f 88/88/88 152/152/152 87/87/87
f 150/150/150 153/153/153 148/148/148
f 148/148/148 153/153/153 147/147/147
f 153/153/153 154/154/154 147/147/147
f 147/147/147 154/154/154 155/155/155
f 147/147/147 155/155/155 137/135/135
f 154/154/154 156/156/156 155/155/155
f 19/19/19 17/17/17 157/157/157
f 158/158/158 19/19/19 157/157/157
f 17/17/17 18/18/18 157/157/157
f 18/18/18 56/56/56 157/157/157
f 158/158/158 27/27/27 19/19/19
f 58/58/58 38/38/38 34/34/34
f 35/35/35 58/58/58 34/34/34
f 161/1/159 160/4/160 159/3/3
f 162/2/161 161/1/159 159/3/3
f 161/1/159 163/5/162 160/4/160
f 163/5/162 164/6/163 160/4/160
f 163/5/162 165/7/164 164/6/163
f 165/7/164 166/8/165 164/6/163
f 165/7/164 167/9/166 166/8/165
f 167/9/166 168/10/167 166/8/165
f 167/9/166 169/11/168 168/10/167
f 169/11/168 170/12/169 168/10/167
f 170/12/169 169/11/168 171/13/170
f 169/11/168 172/14/171 171/13/170
f 171/13/170 172/14/171 173/15/172
f 174/16/173 171/13/170 173/15/172
f 172/14/171 175/17/174 173/15/172
f 175/17/174 172/14/171 169/11/168
f 175/17/174 176/18/175 173/15/172
f 177/19/176 175/17/174 169/11/168
f 165/7/164 163/5/162 178/20/177
f 179/21/178 165/7/164 178/20/177
f 179/21/178 178/20/177 180/22/179
f 180/22/179 178/20/177 181/23/180
f 178/20/177 182/24/181 181/23/180
f 183/25/182 179/21/178 180/22/179
f 179/21/178 183/25/182 184/26/183
f 177/19/176 169/11/168 184/26/183
f 183/25/182 185/27/184 184/26/183
f 184/26/183 185/27/184 177/19/176
f 180/22/179 181/23/180 186/28/185
f 180/22/179 186/28/185 183/25/182
f 181/23/180 187/29/186 186/28/185
f 186/28/185 188/30/187 183/25/182
f 162/2/161 182/24/181 178/20/177
f 161/1/159 162/2/161 178/20/177
f 165/7/164 179/21/178 184/26/183
f 167/9/166 165/7/164 184/26/183
f 169/11/168 167/9/166 184/26/183
f 163/5/162 161/1/159 178/20/177
f 186/28/185 187/29/186 189/31/188
f 188/30/187 186/28/185 189/31/188
f 187/29/186 190/32/32 189/31/188
f 191/33/189 188/30/187 189/31/188
f 189/31/188 192/34/190 191/33/189
f 189/31/188 190/32/32 192/34/190
f 192/34/190 193/35/191 191/33/189
f 190/32/32 194/36/36 192/34/190
f 192/34/190 194/36/36 195/37/37
f 196/38/192 192/34/190 195/37/37
f 195/37/37 197/39/39 196/38/192
f 197/39/39 198/40/193 196/38/192
f 199/41/194 198/40/193 197/39/39
f 198/40/193 199/41/194 200/42/195
f 196/38/192 198/40/193 200/42/195
f 199/41/194 201/43/196 200/42/195
f 201/43/196 199/41/194 202/44/197
f 203/45/198 201/43/196 202/44/197
f 204/46/199 202/44/197 199/41/194
f 205/47/47 204/46/199 199/41/194
f 205/47/47 199/41/194 197/39/39
f 206/48/200 201/43/196 203/45/198
f 207/49/201 206/48/200 203/45/198
f 201/43/196 208/50/202 200/42/195
f 209/51/203 201/43/196 206/48/200
f 208/50/202 201/43/196 209/51/203
f 208/50/202 209/51/203 210/52/204
f 210/52/204 209/51/203 211/53/205
f 209/51/203 212/54/206 211/53/205
f 212/54/206 209/51/203 206/48/200
f 213/55/207 208/50/202 210/52/204
f 211/53/205 174/16/173 210/52/204
f 174/16/173 173/15/172 210/52/204
f 176/18/175 213/55/207 210/52/204
f 173/15/172 176/18/175 210/52/204
f 213/55/207 176/18/175 214/56/208
f 215/57/209 213/55/207 214/56/208
f 215/57/209 193/35/191 213/55/207
f 193/35/191 216/58/210 213/55/207
f 213/55/207 216/58/210 208/50/202
f 216/58/210 200/42/195 208/50/202
f 216/58/210 196/38/192 200/42/195
f 211/53/205 212/54/206 217/59/211
f 212/54/206 218/60/212 217/59/211
f 212/54/206 206/48/200 218/60/212
f 206/48/200 219/61/213 218/60/212
f 206/48/200 207/49/201 219/61/213
f 207/49/201 220/62/214 219/61/213
f 221/63/215 220/62/214 207/49/201
f 222/64/216 221/63/215 207/49/201
f 221/63/215 222/64/216 223/65/217
f 224/66/218 221/63/215 223/65/217
f 225/67/219 222/64/216 207/49/201
f 226/68/220 225/67/219 207/49/201
f 224/66/218 223/65/217 227/69/221
f 228/70/222 224/66/218 227/69/221
f 228/70/222 227/69/221 229/71/223
f 230/72/224 228/70/222 229/71/223
f 230/72/224 229/71/223 231/73/225
f 232/74/226 230/72/224 231/73/225
f 233/75/227 226/68/220 207/49/201
f 203/45/198 233/75/227 207/49/201
f 226/68/220 233/75/227 234/76/228
f 235/77/229 226/68/220 234/76/228
f 235/77/229 234/76/228 236/78/230
f 237/79/231 235/77/229 236/78/230
f 237/79/231 236/78/230 238/80/232
f 239/81/233 237/79/231 238/80/232
f 239/81/233 238/80/232 240/82/234
f 238/80/232 241/83/235 240/82/234
f 242/84/236 240/82/234 241/83/235
f 242/84/236 243/85/237 240/82/234
f 243/85/237 244/86/238 240/82/234
f 245/87/239 243/85/237 242/84/236
f 245/87/239 246/88/240 243/85/237
f 246/88/240 247/89/241 243/85/237
f 243/85/237 247/89/241 244/86/238
f 248/90/242 245/87/239 242/84/236
f 247/89/241 249/91/243 244/86/238
f 244/86/238 249/91/243 250/92/244
f 244/86/238 250/92/244 251/93/245
f 251/93/245 239/81/233 240/82/234
f 244/86/238 251/93/245 240/82/234
f 250/92/244 252/94/246 251/93/245
f 251/93/245 252/94/246 253/95/247
f 239/81/233 251/93/245 253/95/247
f 252/94/246 254/96/248 253/95/247
f 255/97/249 253/95/247 254/96/248
f 256/98/250 255/97/249 254/96/248
f 257/99/251 256/98/250 254/96/248
f 258/100/252 257/99/251 254/96/248
f 254/96/248 252/94/246 259/101/253
f 258/100/252 254/96/248 259/101/253
f 259/101/253 252/94/246 250/92/244
f 260/102/254 259/101/253 250/92/244
f 260/102/254 250/92/244 261/103/255
f 261/103/255 262/104/256 260/102/254
f 262/104/256 263/105/257 260/102/254
f 260/102/254 263/105/257 259/101/253
f 250/92/244 264/106/258 261/103/255
f 249/91/243 264/106/258 250/92/244
f 263/105/257 265/107/259 259/101/253
f 262/104/256 266/108/260 263/105/257
f 266/108/260 267/109/261 263/105/257
f 263/105/257 267/109/261 265/107/259
f 267/109/261 268/110/262 265/107/259
f 265/107/259 268/110/262 269/111/263
f 259/101/253 265/107/259 269/111/263
f 258/100/252 259/101/253 269/111/263
f 268/110/262 270/112/264 269/111/263
f 269/111/263 270/112/264 271/113/265
f 258/100/252 269/111/263 271/113/265
f 257/99/251 258/100/252 271/113/265
f 270/112/264 272/114/266 271/113/265
f 272/114/266 273/115/267 271/113/265
f 273/115/267 274/116/268 271/113/265
f 257/99/251 271/113/265 274/116/268
f 275/117/269 257/99/251 274/116/268
f 256/98/250 257/99/251 275/117/269
f 276/118/270 256/98/250 275/117/269
f 256/98/250 276/118/270 225/67/219
f 255/97/249 256/98/250 225/67/219
f 255/97/249 225/67/219 226/68/220
f 235/77/229 255/97/249 226/68/220
f 255/97/249 235/77/229 253/95/247
f 235/77/229 237/79/231 253/95/247
f 237/79/231 239/81/233 253/95/247
f 273/115/267 231/73/225 274/116/268
f 231/73/225 229/71/223 274/116/268
f 227/69/221 275/117/269 274/116/268
f 229/71/223 227/69/221 274/116/268
f 223/65/217 276/118/270 275/117/269
f 227/69/221 223/65/217 275/117/269
f 222/64/216 225/67/219 276/118/270
f 223/65/217 222/64/216 276/118/270
f 232/74/226 231/73/225 277/159/271
f 278/120/272 232/74/226 277/159/271
f 277/159/271 231/73/225 273/115/267
f 279/121/273 277/159/271 273/115/267
f 279/121/273 273/115/267 272/114/266
f 280/160/274 279/121/273 272/114/266
f 280/160/274 272/114/266 270/112/264
f 281/161/275 280/160/274 270/112/264
f 281/161/275 270/112/264 268/110/262
f 282/124/276 281/161/275 268/110/262
f 282/124/276 268/110/262 267/109/261
f 283/125/277 282/124/276 267/109/261
f 283/125/277 267/109/261 266/108/260
f 284/126/278 283/125/277 266/108/260
f 160/4/160 286/128/279 285/127/127
f 159/3/3 160/4/160 285/127/127
f 160/4/160 164/6/163 286/128/279
f 164/6/163 287/129/280 286/128/279
f 164/6/163 166/8/165 287/129/280
f 166/8/165 288/130/281 287/129/280
f 166/8/165 168/10/167 288/130/281
f 168/10/167 289/131/282 288/130/281
f 168/10/167 170/12/169 289/131/282
f 170/12/169 290/132/283 289/131/282
f 170/12/169 171/13/170 290/132/283
f 171/13/170 291/133/284 290/132/283
f 171/13/170 174/16/173 291/133/284
f 174/16/173 292/134/285 291/133/284
f 174/16/173 211/53/205 292/134/285
f 211/53/205 217/59/211 292/134/285
f 295/135/286 294/138/287 293/137/288
f 296/136/289 295/135/286 293/137/288
f 296/136/289 293/137/288 297/139/290
f 293/137/288 298/140/291 297/139/290
f 297/139/290 298/140/291 299/141/292
f 300/142/293 297/139/290 299/141/292
f 300/142/293 299/141/292 301/143/294
f 299/141/292 302/144/295 301/143/294
f 301/143/294 302/144/295 303/145/296
f 302/144/295 304/146/297 303/145/296
f 303/145/296 304/146/297 204/46/199
f 304/146/297 202/44/197 204/46/199
f 305/147/298 294/138/287 295/135/286
f 305/147/298 306/148/299 294/138/287
f 306/148/299 307/149/300 294/138/287
f 306/148/299 248/90/242 307/149/300
f 248/90/242 242/84/236 307/149/300
f 307/149/300 242/84/236 241/83/235
f 203/45/198 202/44/197 304/146/297
f 233/75/227 203/45/198 304/146/297
f 233/75/227 304/146/297 302/144/295
f 234/76/228 233/75/227 302/144/295
f 234/76/228 302/144/295 299/141/292
f 236/78/230 234/76/228 299/141/292
f 236/78/230 299/141/292 298/140/291
f 238/80/232 236/78/230 298/140/291
f 238/80/232 298/140/291 241/83/235
f 298/140/291 293/137/288 241/83/235
f 241/83/235 293/137/288 294/138/287
f 307/149/300 241/83/235 294/138/287
f 308/150/301 248/90/242 306/148/299
f 308/150/301 309/151/302 248/90/242
f 309/151/302 245/87/239 248/90/242
f 309/151/302 310/152/303 245/87/239
f 310/152/303 246/88/240 245/87/239
f 311/153/304 308/150/301 306/148/299
f 311/153/304 306/148/299 305/147/298
f 312/154/305 311/153/304 305/147/298
f 312/154/305 305/147/298 313/155/306
f 313/155/306 305/147/298 295/135/286
f 314/156/307 312/154/305 313/155/306
f 177/19/176 316/158/308 315/157/309
f 175/17/174 177/19/176 315/157/309
f 176/18/175 175/17/174 315/157/309
f 214/56/208 176/18/175 315/157/309
f 185/27/184 316/158/308 177/19/176
f 216/58/210 193/35/191 192/34/190
f 196/38/192 216/58/210 192/34/190
f 319/162/310 318/163/311 317/164/312
f 320/165/313 319/162/310 317/164/312
f 319/162/310 321/166/314 318/163/311
f 321/166/314 322/167/315 318/163/311
f 321/166/314 323/168/316 322/167/315
f 323/168/316 324/169/317 322/167/315
f 325/170/318 319/162/310 320/165/313
f 326/171/319 325/170/318 320/165/313
f 327/172/320 323/168/316 321/166/314
f 328/173/321 327/172/320 321/166/314
f 328/173/321 321/166/314 319/162/310
f 325/170/318 328/173/321 319/162/310
f 317/164/312 318/163/311 329/174/322
f 330/175/323 317/164/312 329/174/322
f 330/175/323 329/174/322 331/176/324
f 332/177/325 330/175/323 331/176/324
f 331/176/324 329/174/322 333/178/326
f 329/174/322 334/179/327 333/178/326
f 335/180/328 333/178/326 334/179/327
f 336/181/329 335/180/328 334/179/327
f 334/179/327 337/182/330 336/181/329
f 322/167/315 324/169/317 337/182/330
f 334/179/327 322/167/315 337/182/330
f 338/183/331 336/181/329 337/182/330
f 339/184/332 338/183/331 337/182/330
f 337/182/330 324/169/317 339/184/332
f 335/180/328 336/181/329 340/185/333
f 336/181/329 341/186/334 340/185/333
f 336/181/329 338/183/331 341/186/334
f 340/185/333 341/186/334 342/187/335
f 341/186/334 343/188/336 342/187/335
f 343/188/336 341/186/334 344/189/337
f 341/186/334 345/190/338 344/189/337
f 338/183/331 345/190/338 341/186/334
f 345/190/338 346/191/339 344/189/337
f 346/191/339 347/192/340 344/189/337
f 343/188/336 344/189/337 348/193/341
f 344/189/337 347/192/340 348/193/341
f 349/194/342 343/188/336 348/193/341
f 342/187/335 343/188/336 349/194/342
f 347/192/340 350/195/343 348/193/341
f 351/196/344 346/191/339 345/190/338
f 338/183/331 351/196/344 345/190/338
f 352/197/345 342/187/335 349/194/342
f 353/198/346 351/196/344 338/183/331
f 339/184/332 353/198/346 338/183/331
f 354/199/347 353/198/346 339/184/332
f 324/169/317 354/199/347 339/184/332
f 354/199/347 324/169/317 323/168/316
f 355/200/348 354/199/347 323/168/316
f 355/200/348 323/168/316 327/172/320
f 356/201/349 355/200/348 327/172/320
f 352/197/345 357/202/350 342/187/335
f 340/185/333 342/187/335 357/202/350
f 335/180/328 340/185/333 357/202/350
f 333/178/326 335/180/328 357/202/350
f 331/176/324 333/178/326 357/202/350
f 358/203/351 331/176/324 357/202/350
f 332/177/325 331/176/324 358/203/351
f 359/204/352 332/177/325 358/203/351
f 359/204/352 358/203/351 360/205/353
f 361/206/354 359/204/352 360/205/353
f 361/206/354 360/205/353 362/207/355
f 360/205/353 363/208/356 362/207/355
f 362/207/355 363/208/356 364/209/357
f 363/208/356 365/210/358 364/209/357
f 365/210/358 363/208/356 366/211/359
f 364/209/357 365/210/358 367/212/360
f 367/212/360 365/210/358 366/211/359
f 368/213/361 364/209/357 367/212/360
f 368/213/361 367/212/360 369/214/362
f 367/212/360 370/215/363 369/214/362
f 370/215/363 371/216/364 369/214/362
f 371/216/364 372/217/365 369/214/362
f 373/218/366 372/217/365 371/216/364
f 371/216/364 370/215/363 374/219/367
f 374/219/367 370/215/363 367/212/360
f 375/220/368 371/216/364 374/219/367
f 373/218/366 371/216/364 375/220/368
f 376/221/369 373/218/366 375/220/368
f 377/222/370 374/219/367 367/212/360
f 377/222/370 367/212/360 366/211/359
f 373/218/366 376/221/369 378/223/371
f 381/165/313 380/164/372 379/163/373
f 382/162/374 381/165/313 379/163/373
f 379/163/373 383/167/375 382/162/374
f 383/167/375 384/166/376 382/162/374
f 384/166/376 383/167/375 385/168/377
f 383/167/375 386/169/378 385/168/377
f 387/171/379 381/165/313 382/162/374
f 388/170/380 387/171/379 382/162/374
f 382/162/374 384/166/376 388/170/380
f 384/166/376 389/173/381 388/170/380
f 384/166/376 385/168/377 390/172/382
f 389/173/381 384/166/376 390/172/382
f 383/167/375 391/179/383 386/169/378
f 391/179/383 383/167/375 379/163/373
f 391/179/383 392/182/384 386/169/378
f 393/174/385 391/179/383 379/163/373
f 379/163/373 380/164/372 393/174/385
f 393/174/385 394/176/386 391/179/383
f 394/176/386 393/174/385 395/177/387
f 393/174/385 396/175/388 395/177/387
f 394/176/386 397/178/389 391/179/383
f 380/164/372 396/175/388 393/174/385
f 390/172/382 385/168/377 398/200/390
f 399/224/391 390/172/382 398/200/390
f 385/168/377 386/169/378 400/199/392
f 398/200/390 385/168/377 400/199/392
f 394/176/386 395/177/387 401/203/393
f 394/176/386 401/203/393 397/178/389
f 395/177/387 402/204/394 401/203/393
f 401/203/393 402/204/394 403/205/395
f 402/204/394 404/206/396 403/205/395
f 403/205/395 404/206/396 405/207/397
f 406/208/398 403/205/395 405/207/397
f 406/208/398 405/207/397 407/210/399
f 405/207/397 408/209/400 407/210/399
f 406/208/398 407/210/399 409/225/401
f 409/225/401 407/210/399 410/212/402
f 411/222/403 409/225/401 410/212/402
f 411/222/403 410/212/402 412/215/404
f 410/212/402 413/213/405 412/215/404
f 407/210/399 408/209/400 413/213/405
f 410/212/402 407/210/399 413/213/405
f 413/213/405 414/214/406 412/215/404
f 412/215/404 414/214/406 415/216/407
f 414/214/406 416/217/408 415/216/407
f 417/226/409 416/217/408 414/214/406
f 415/216/407 416/217/408 418/218/410
f 418/218/410 416/217/408 417/226/409
f 419/227/411 418/218/410 417/226/409
f 415/216/407 420/220/412 412/215/404
f 420/220/412 421/219/413 412/215/404
f 421/219/413 411/222/403 412/215/404
f 422/221/414 420/220/412 415/216/407
f 418/218/410 422/221/414 415/216/407
f 423/223/415 418/218/410 419/227/411
f 418/218/410 423/223/415 422/221/414
f 426/228/416 425/229/417 424/230/418
f 427/231/419 426/228/416 424/230/418
f 424/230/418 428/232/420 427/231/419
f 428/232/420 429/233/421 427/231/419
f 424/230/418 425/229/417 430/234/422
f 431/235/423 424/230/418 430/234/422
f 424/230/418 431/235/423 428/232/420
f 431/235/423 432/236/424 428/232/420
f 433/237/425 426/228/416 427/231/419
f 427/231/419 429/233/421 433/237/425
f 431/235/423 430/234/422 434/238/426
f 431/235/423 434/238/426 432/236/424
f 430/234/422 435/239/427 434/238/426
f 434/238/426 435/239/427 436/240/428
f 437/241/429 434/238/426 436/240/428
f 437/241/429 436/240/428 438/242/430
f 437/241/429 438/242/430 439/243/431
f 440/244/432 437/241/429 439/243/431
f 436/240/428 441/245/433 438/242/430
f 438/242/430 441/245/433 442/246/434
f 438/242/430 442/246/434 439/243/431
f 441/245/433 443/247/435 442/246/434
f 442/246/434 443/247/435 444/248/343
f 444/248/343 445/249/436 442/246/434
f 442/246/434 445/249/436 439/243/431
f 446/250/437 434/238/426 437/241/429
f 440/244/432 446/250/437 437/241/429
f 447/251/395 434/238/426 446/250/437
f 448/252/438 447/251/395 446/250/437
f 447/251/395 449/253/439 434/238/426
f 449/253/439 450/254/440 434/238/426
f 452/255/441 451/256/442 450/254/440
f 452/255/441 453/257/443 451/256/442
f 452/255/441 454/258/444 453/257/443
f 454/258/444 455/259/445 453/257/443
f 454/258/444 456/260/446 455/259/445
f 456/260/446 457/261/447 455/259/445
f 458/262/448 457/261/447 456/260/446
f 459/263/449 458/262/448 456/260/446
f 460/264/450 458/262/448 459/263/449
f 450/254/440 451/256/442 434/238/426
f 434/238/426 451/256/442 432/236/424
f 463/233/451 462/232/452 461/230/453
f 464/231/454 463/233/451 461/230/453
f 461/230/453 465/229/455 464/231/454
f 465/229/455 466/228/456 464/231/454
f 465/229/455 461/230/453 467/235/457
f 468/234/458 465/229/455 467/235/457
f 461/230/453 462/232/452 469/236/459
f 467/235/457 461/230/453 469/236/459
f 470/237/460 463/233/451 464/231/454
f 464/231/454 466/228/456 470/237/460
f 467/235/457 469/236/459 471/238/461
f 469/236/459 472/256/462 471/238/461
f 467/235/457 471/238/461 473/239/463
f 468/234/458 467/235/457 473/239/463
f 473/239/463 471/238/461 474/241/464
f 475/240/465 473/239/463 474/241/464
f 475/240/465 474/241/464 476/245/466
f 474/241/464 477/242/467 476/245/466
f 474/241/464 478/244/468 477/242/467
f 474/241/464 471/238/461 478/244/468
f 478/244/468 479/243/469 477/242/467
f 477/242/467 479/243/469 480/246/470
f 477/242/467 480/246/470 476/245/466
f 479/243/469 481/249/471 480/246/470
f 480/246/470 481/249/471 482/248/343
f 482/248/343 483/247/472 480/246/470
f 480/246/470 483/247/472 476/245/466
f 471/238/461 484/250/473 478/244/468
f 471/238/461 485/251/474 484/250/473
f 485/251/474 486/252/475 484/250/473
f 487/253/476 485/251/474 471/238/461
f 488/265/477 487/253/476 471/238/461
f 472/256/462 488/265/477 471/238/461
f 489/255/478 488/265/477 472/256/462
f 489/255/478 472/256/462 490/257/479
f 489/255/478 490/257/479 491/258/480
f 490/257/479 492/259/481 491/258/480
f 491/258/480 492/259/481 493/260/482
f 492/259/481 494/261/483 493/260/482
f 493/260/482 494/261/483 495/262/484
f 496/263/485 493/260/482 495/262/484
f 495/262/484 497/264/486 496/263/485
f 500/266/487 499/267/488 498/268/489
f 501/269/490 500/266/487 498/268/489
f 501/269/490 498/268/489 502/270/491
f 503/271/459 501/269/490 502/270/491
f 499/267/488 500/266/487 504/272/492
f 505/273/493 499/267/488 504/272/492
f 506/274/494 499/267/488 505/273/493
f 507/275/495 506/274/494 505/273/493
f 508/276/483 506/274/494 507/275/495
f 509/277/496 506/274/494 508/276/483
f 509/277/496 498/268/489 499/267/488
f 506/274/494 509/277/496 499/267/488
f 510/278/481 509/277/496 508/276/483
f 511/279/497 508/276/483 507/275/495
f 509/277/496 510/278/481 512/280/498
f 513/281/499 509/277/496 512/280/498
f 498/268/489 509/277/496 513/281/499
f 502/270/491 498/268/489 513/281/499
f 513/281/499 512/280/498 514/282/500
f 502/270/491 513/281/499 514/282/500
f 503/271/459 502/270/491 514/282/500
f 517/266/501 516/267/502 515/273/503
f 518/272/425 517/266/501 515/273/503
f 519/268/504 516/267/502 517/266/501
f 520/269/505 519/268/504 517/266/501
f 515/273/503 516/267/502 521/275/506
f 516/267/502 522/274/507 521/275/506
f 521/275/506 522/274/507 523/279/508
f 522/274/507 524/276/447 523/279/508
f 522/274/507 525/277/509 524/276/447
f 516/267/502 519/268/504 525/277/509
f 522/274/507 516/267/502 525/277/509
f 525/277/509 519/268/504 526/270/510
f 526/270/510 519/268/504 520/269/505
f 527/281/511 525/277/509 526/270/510
f 528/278/512 525/277/509 527/281/511
f 525/277/509 528/278/512 524/276/447
f 529/280/513 528/278/512 527/281/511
f 530/271/514 526/270/510 520/269/505
f 530/271/514 531/282/515 526/270/510
f 527/281/511 526/270/510 531/282/515
f 529/280/513 527/281/511 531/282/515
f 534/283/516 533/284/517 532/285/518
f 535/286/519 534/283/516 532/285/518
f 533/284/517 536/287/520 532/285/518
f 536/287/520 537/288/521 532/285/518
f 535/286/519 532/285/518 538/289/522
f 532/285/518 537/288/521 538/289/522
f 539/290/523 535/286/519 538/289/522
f 537/288/521 540/272/425 538/289/522
f 541/291/524 533/284/517 534/283/516
f 542/292/525 541/291/524 534/283/516
f 543/293/526 541/291/524 542/292/525
f 543/293/526 544/195/527 541/291/524
f 544/195/527 545/294/528 541/291/524
f 545/294/528 536/287/520 533/284/517
f 541/291/524 545/294/528 533/284/517
f 546/295/529 543/293/526 542/292/525
f 547/296/530 546/295/529 542/292/525
f 548/297/531 547/296/530 542/292/525
f 539/290/523 549/298/532 535/286/519
f 549/298/532 550/299/533 535/286/519
f 535/286/519 550/299/533 534/283/516
f 550/299/533 551/300/534 534/283/516
f 551/300/534 548/297/531 542/292/525
f 534/283/516 551/300/534 542/292/525
f 549/298/532 552/301/535 550/299/533
f 550/299/533 552/301/535 551/300/534
f 551/300/534 552/301/535 548/297/531
f 548/297/531 552/301/535 547/296/530
f 555/286/536 554/283/537 553/300/538
f 556/299/539 555/286/536 553/300/538
f 554/283/537 555/286/536 557/285/540
f 558/284/541 554/283/537 557/285/540
f 559/287/542 558/284/541 557/285/540
f 560/288/543 559/287/542 557/285/540
f 560/288/543 557/285/540 561/289/544
f 557/285/540 555/286/536 561/289/544
f 562/272/460 560/288/543 561/289/544
f 555/286/536 563/290/545 561/289/544
f 563/290/545 555/286/536 556/299/539
f 564/291/546 558/284/541 559/287/542
f 565/294/547 564/291/546 559/287/542
f 566/293/548 564/291/546 565/294/547
f 566/293/548 567/295/433 564/291/546
f 567/295/433 568/292/549 564/291/546
f 568/292/549 554/283/537 558/284/541
f 564/291/546 568/292/549 558/284/541
f 569/195/343 566/293/548 565/294/547
f 554/283/537 568/292/549 570/297/550
f 553/300/538 554/283/537 570/297/550
f 568/292/549 567/295/433 571/296/551
f 570/297/550 568/292/549 571/296/551
f 570/297/550 571/296/551 572/301/552
f 553/300/538 570/297/550 572/301/552
f 556/299/539 553/300/538 572/301/552
f 573/298/553 563/290/545 556/299/539
f 573/298/553 556/299/539 572/301/552
f 576/192/554 575/191/339 574/190/555
f 577/189/556 576/192/554 574/190/555
f 574/190/555 578/186/557 577/189/556
f 578/186/557 579/188/558 577/189/556
f 580/181/559 578/186/557 574/190/555
f 581/183/560 580/181/559 574/190/555
f 574/190/555 575/191/339 581/183/560
f 582/195/561 576/192/554 577/189/556
f 583/193/562 582/195/561 577/189/556
f 577/189/556 579/188/558 583/193/562
f 579/188/558 584/194/563 583/193/562
f 584/194/563 579/188/558 585/187/564
f 586/197/565 584/194/563 585/187/564
f 575/191/339 587/196/566 581/183/560
f 581/183/560 587/196/566 588/198/567
f 589/184/568 581/183/560 588/198/567
f 579/188/558 578/186/557 590/185/569
f 585/187/564 579/188/558 590/185/569
f 578/186/557 580/181/559 591/180/570
f 590/185/569 578/186/557 591/180/570
f 581/183/560 589/184/568 392/182/384
f 580/181/559 581/183/560 392/182/384
f 386/169/378 392/182/384 589/184/568
f 400/199/392 386/169/378 589/184/568
f 588/198/567 400/199/392 589/184/568
f 590/185/569 591/180/570 592/202/571
f 585/187/564 590/185/569 592/202/571
f 586/197/565 585/187/564 592/202/571
f 397/178/389 592/202/571 591/180/570
f 401/203/393 592/202/571 397/178/389
f 391/179/383 397/178/389 591/180/570
f 580/181/559 392/182/384 391/179/383
f 391/179/383 591/180/570 580/181/559
f 318/163/311 322/167/315 334/179/327
f 329/174/322 318/163/311 334/179/327
f 595/302/572 594/303/573 593/304/574
f 596/305/575 595/302/572 593/304/574
f 595/302/572 597/306/576 594/303/573
f 597/306/576 598/307/577 594/303/573
f 597/306/576 599/308/578 598/307/577
f 599/308/578 600/309/579 598/307/577
f 599/308/578 601/310/580 600/309/579
f 601/310/580 602/311/581 600/309/579
f 601/310/580 603/312/582 602/311/581
f 603/312/582 604/313/583 602/311/581
f 603/312/582 605/314/584 604/313/583
f 605/314/584 606/315/585 604/313/583
f 606/315/585 605/314/584 607/316/586
f 608/317/587 606/315/585 607/316/586
f 593/304/574 594/303/573 609/318/588
f 610/319/589 593/304/574 609/318/588
f 611/320/590 598/307/577 600/309/579
f 612/321/591 609/318/588 611/320/590
f 613/322/592 611/320/590 600/309/579
f 600/309/579 602/311/581 614/323/593
f 613/322/592 600/309/579 614/323/593
f 615/324/594 606/315/585 608/317/587
f 604/313/583 606/315/585 615/324/594
f 616/325/595 615/324/594 608/317/587
f 617/326/596 604/313/583 615/324/594
f 618/327/597 614/323/593 617/326/596
f 619/328/598 617/326/596 615/324/594
f 614/323/593 602/311/581 617/326/596
f 602/311/581 604/313/583 617/326/596
f 609/318/588 594/303/573 611/320/590
f 594/303/573 598/307/577 611/320/590
f 622/329/599 621/330/600 620/331/601
f 623/332/602 622/329/599 620/331/601
f 624/333/603 622/329/599 623/332/602
f 625/334/604 624/333/603 623/332/602
f 626/335/605 624/333/603 625/334/604
f 627/336/606 626/335/605 625/334/604
f 628/337/607 626/335/605 627/336/606
f 629/338/608 628/337/607 627/336/606
f 630/339/609 628/337/607 629/338/608
f 631/340/610 630/339/609 629/338/608
f 632/341/611 630/339/609 631/340/610
f 633/342/612 632/341/611 631/340/610
f 632/341/611 633/342/612 634/343/613
f 633/342/612 635/344/614 634/343/613
f 623/332/602 620/331/601 636/345/615
f 620/331/601 637/346/616 636/345/615
f 625/334/604 638/347/617 627/336/606
f 636/345/615 639/348/618 638/347/617
f 638/347/617 640/349/619 627/336/606
f 627/336/606 640/349/619 641/350/620
f 629/338/608 627/336/606 641/350/620
f 633/342/612 642/351/621 635/344/614
f 633/342/612 631/340/610 642/351/621
f 642/351/621 643/352/622 635/344/614
f 631/340/610 644/353/623 642/351/621
f 641/350/620 645/354/624 644/353/623
f 644/353/623 646/355/625 642/351/621
f 629/338/608 641/350/620 644/353/623
f 631/340/610 629/338/608 644/353/623
f 623/332/602 636/345/615 638/347/617
f 625/334/604 623/332/602 638/347/617
f 649/356/626 648/357/627 647/358/628
f 650/359/629 649/356/626 647/358/628
f 649/356/626 651/360/630 648/357/627
f 651/360/630 652/361/631 648/357/627
f 651/360/630 653/362/632 652/361/631
f 653/362/632 654/363/633 652/361/631
f 653/362/632 655/364/591 654/363/633
f 655/364/591 656/365/634 654/363/633
f 655/364/591 657/366/635 656/365/634
f 657/366/635 658/367/617 656/365/634
f 657/366/635 659/368/636 658/367/617
f 659/368/636 660/369/637 658/367/617
f 659/368/636 661/370/638 660/369/637
f 661/370/638 662/371/639 660/369/637
f 661/370/638 663/372/640 662/371/639
f 663/372/640 664/373/641 662/371/639
f 663/372/640 665/374/642 664/373/641
f 665/374/642 666/375/643 664/373/641
f 665/374/642 667/376/644 666/375/643
f 667/376/644 668/377/645 666/375/643
f 667/376/644 669/378/646 668/377/645
f 669/378/646 670/379/647 668/377/645
f 669/378/646 671/380/648 670/379/647
f 671/380/648 672/381/649 670/379/647
f 671/380/648 673/382/587 672/381/649
f 673/382/587 674/383/650 672/381/649
f 673/382/587 675/384/651 674/383/650
f 675/384/651 676/385/652 674/383/650
f 679/386/653 678/387/654 677/388/655
f 680/389/656 679/386/653 677/388/655
f 679/386/653 681/390/657 678/387/654
f 681/390/657 682/391/658 678/387/654
f 681/390/657 683/392/659 682/391/658
f 683/392/659 684/393/660 682/391/658
f 683/392/659 685/394/661 684/393/660
f 685/394/661 686/395/662 684/393/660
f 685/394/661 687/396/663 686/395/662
f 687/396/663 688/397/664 686/395/662
f 687/396/663 689/398/665 688/397/664
f 689/398/665 690/399/666 688/397/664
f 690/399/666 689/398/665 691/400/667
f 692/401/668 690/399/666 691/400/667
f 677/388/655 678/387/654 693/402/669
f 694/403/670 677/388/655 693/402/669
f 695/404/671 682/391/658 684/393/660
f 696/405/672 693/402/669 695/404/671
f 697/406/673 695/404/671 684/393/660
f 684/393/660 686/395/662 698/407/674
f 697/406/673 684/393/660 698/407/674
f 699/408/675 690/399/666 692/401/668
f 688/397/664 690/399/666 699/408/675
f 700/409/676 699/408/675 692/401/668
f 701/410/677 688/397/664 699/408/675
f 702/411/678 698/407/674 701/410/677
f 703/412/679 701/410/677 699/408/675
f 698/407/674 686/395/662 701/410/677
f 686/395/662 688/397/664 701/410/677
f 693/402/669 678/387/654 695/404/671
f 678/387/654 682/391/658 695/404/671
f 706/413/680 705/414/681 704/415/682
f 707/416/683 706/413/680 704/415/682
f 708/417/684 706/413/680 707/416/683
f 709/418/685 708/417/684 707/416/683
f 710/419/686 708/417/684 709/418/685
f 711/420/687 710/419/686 709/418/685
f 712/421/688 710/419/686 711/420/687
f 713/422/689 712/421/688 711/420/687
f 714/423/690 712/421/688 713/422/689
f 715/424/691 714/423/690 713/422/689
f 716/425/692 714/423/690 715/424/691
f 717/426/693 716/425/692 715/424/691
f 716/425/692 717/426/693 718/427/694
f 717/426/693 719/428/695 718/427/694
f 707/416/683 704/415/682 720/429/696
f 704/415/682 721/430/697 720/429/696
f 709/418/685 722/431/698 711/420/687
f 720/429/696 723/432/699 722/431/698
f 722/431/698 724/433/700 711/420/687
f 711/420/687 724/433/700 725/434/701
f 713/422/689 711/420/687 725/434/701
f 717/426/693 726/435/702 719/428/695
f 717/426/693 715/424/691 726/435/702
f 726/435/702 727/436/703 719/428/695
f 715/424/691 728/437/704 726/435/702
f 725/434/701 729/438/705 728/437/704
f 728/437/704 730/439/706 726/435/702
f 713/422/689 725/434/701 728/437/704
f 715/424/691 713/422/689 728/437/704
f 707/416/683 720/429/696 722/431/698
f 709/418/685 707/416/683 722/431/698
f 733/440/707 732/441/708 731/442/709
f 734/443/710 733/440/707 731/442/709
f 733/440/707 735/444/711 732/441/708
f 735/444/711 736/445/712 732/441/708
f 739/446/713 738/447/714 737/448/715
f 740/449/716 739/446/713 737/448/715
f 740/449/716 737/448/715 741/450/717
f 742/451/718 740/449/716 741/450/717
f 745/452/719 744/453/720 743/454/721
f 746/455/722 745/452/719 743/454/721
f 745/452/719 747/456/723 744/453/720
f 747/456/723 748/457/724 744/453/720
f 747/456/723 749/458/725 748/457/724
f 749/458/725 750/459/726 748/457/724
f 749/458/725 751/460/727 750/459/726
f 751/460/727 752/461/728 750/459/726
f 751/460/727 753/462/729 752/461/728
f 753/462/729 754/463/730 752/461/728
f 753/462/729 755/464/731 754/463/730
f 755/464/731 756/465/732 754/463/730
f 755/464/731 757/466/733 756/465/732
f 757/466/733 758/467/734 756/465/732
f 757/466/733 759/468/735 758/467/734
f 759/468/735 760/469/736 758/467/734
f 759/468/735 761/470/737 760/469/736
f 761/470/737 762/471/738 760/469/736
f 761/470/737 763/472/739 762/471/738
f 763/472/739 764/473/740 762/471/738
f 767/474/741 766/475/742 765/476/743
f 767/474/741 765/476/743 768/477/744
f 769/478/745 767/474/741 768/477/744
f 769/478/745 768/477/744 770/479/746
f 771/480/747 769/478/745 770/479/746
f 771/480/747 770/479/746 772/481/748
f 770/479/746 773/482/749 772/481/748
f 771/480/747 772/481/748 774/483/750
f 769/478/745 771/480/747 774/483/750
f 772/481/748 775/484/751 774/483/750
f 775/484/751 776/485/752 774/483/750
f 776/485/752 777/486/753 774/483/750
f 770/479/746 778/487/754 773/482/749
f 770/479/746 768/477/744 778/487/754
f 778/487/754 779/488/755 773/482/749
f 778/487/754 780/489/756 779/488/755
f 780/489/756 781/490/757 779/488/755
f 784/491/758 783/492/759 782/493/760
f 782/493/760 783/492/759 785/494/761
f 783/492/759 786/495/762 785/494/761
f 785/494/761 786/495/762 787/496/763
f 788/497/764 785/494/761 787/496/763
f 787/496/763 786/495/762 789/498/765
f 790/499/766 785/494/761 788/497/764
f 791/500/767 787/496/763 789/498/765
f 788/497/764 787/496/763 791/500/767
f 792/501/768 791/500/767 789/498/765
f 793/502/769 792/501/768 789/498/765
f 794/503/770 793/502/769 789/498/765
f 795/504/771 788/497/764 791/500/767
f 790/499/766 788/497/764 795/504/771
f 796/505/772 790/499/766 795/504/771
f 797/506/773 790/499/766 796/505/772
f 798/507/774 797/506/773 796/505/772
f 801/508/775 800/509/776 799/510/777
f 802/511/778 801/508/775 799/510/777
f 799/510/777 800/509/776 803/512/779
f 800/509/776 804/513/780 803/512/779
f 803/512/779 804/513/780 805/514/781
f 804/513/780 806/515/782 805/514/781
f 805/514/781 806/515/782 807/516/783
f 806/515/782 808/517/784 807/516/783
f 811/518/785 810/519/775 809/520/786
f 812/521/787 811/518/785 809/520/786
f 813/522/788 811/518/785 812/521/787
f 814/523/789 813/522/788 812/521/787
f 815/524/790 813/522/788 814/523/789
f 816/525/791 815/524/790 814/523/789
f 817/526/756 815/524/790 816/525/791
f 818/527/773 817/526/756 816/525/791
f 821/528/792 820/529/793 819/530/771
f 822/531/794 821/528/792 819/530/771
f 823/532/795 821/528/792 822/531/794
f 824/533/796 823/532/795 822/531/794
f 825/534/752 823/532/795 824/533/796
f 826/535/769 825/534/752 824/533/796
f 819/530/771 820/529/793 827/536/797
f 820/529/793 828/537/798 827/536/797
f 827/536/797 828/537/798 829/538/799
f 828/537/798 830/539/800 829/538/799
f 833/540/801 832/541/802 831/535/803
f 834/542/804 833/540/801 831/535/803
f 837/543/757 836/544/805 835/545/806
f 838/538/774 837/543/757 835/545/806
f 841/546/807 840/547/808 839/548/809
f 842/549/810 841/546/807 839/548/809
f 841/546/807 843/550/811 840/547/808
f 843/550/811 844/551/812 840/547/808
f 843/550/811 845/552/813 844/551/812
f 845/552/813 846/553/814 844/551/812
f 842/549/810 839/548/809 847/554/815
f 848/555/816 842/549/810 847/554/815
f 848/555/816 847/554/815 849/556/817
f 850/557/818 848/555/816 849/556/817
f 850/557/818 849/556/817 851/558/819
f 852/559/820 850/557/818 851/558/819
f 852/559/820 851/558/819 853/560/821
f 854/561/822 852/559/820 853/560/821
f 854/561/822 853/560/821 855/562/823
f 856/563/824 854/561/822 855/562/823
f 856/563/824 855/562/823 857/564/825
f 858/565/826 856/563/824 857/564/825
f 858/565/826 857/564/825 859/566/827
f 860/567/828 858/565/826 859/566/827
f 860/567/828 859/566/827 861/568/829
f 862/569/830 860/567/828 861/568/829
f 862/569/830 861/568/829 863/570/831
f 864/571/832 862/569/830 863/570/831
f 865/572/833 862/569/830 864/571/832
f 866/573/834 865/572/833 864/571/832
f 866/573/834 864/571/832 867/574/835
f 868/575/836 866/573/834 867/574/835
f 868/575/836 867/574/835 869/576/837
f 870/577/838 868/575/836 869/576/837
f 870/577/838 869/576/837 871/578/839
f 872/579/840 870/577/838 871/578/839
f 872/579/840 871/578/839 873/580/841
f 874/581/842 872/579/840 873/580/841
f 874/581/842 873/580/841 875/582/843
f 876/583/844 874/581/842 875/582/843
f 865/572/833 877/584/845 862/569/830
f 877/584/845 860/567/828 862/569/830
f 877/584/845 878/585/846 860/567/828
f 878/585/846 858/565/826 860/567/828
f 878/585/846 879/586/847 858/565/826
f 879/586/847 856/563/824 858/565/826
f 879/586/847 880/587/848 856/563/824
f 880/587/848 854/561/822 856/563/824
f 880/587/848 881/588/849 854/561/822
f 881/588/849 852/559/820 854/561/822
f 881/588/849 882/589/850 852/559/820
f 882/589/850 850/557/818 852/559/820
f 882/589/850 883/590/851 850/557/818
f 883/590/851 848/555/816 850/557/818
f 883/590/851 884/591/852 848/555/816
f 884/591/852 842/549/810 848/555/816
f 884/591/852 885/592/853 842/549/810
f 885/592/853 841/546/807 842/549/810
f 885/592/853 886/593/854 841/546/807
f 886/593/854 843/550/811 841/546/807
f 887/594/855 885/592/853 884/591/852
f 888/595/856 887/594/855 884/591/852
f 888/595/856 884/591/852 883/590/851
f 889/596/857 886/593/854 885/592/853
f 887/594/855 889/596/857 885/592/853
f 889/596/857 890/597/858 886/593/854
f 890/597/858 891/598/859 886/593/854
f 890/597/858 892/599/860 891/598/859
f 892/599/860 893/600/861 891/598/859
f 892/599/860 894/601/862 893/600/861
f 894/601/862 895/602/863 893/600/861
f 894/601/862 896/603/864 895/602/863
f 896/603/864 876/583/844 895/602/863
f 896/603/864 897/604/865 876/583/844
f 897/604/865 874/581/842 876/583/844
f 897/604/865 898/605/866 874/581/842
f 898/605/866 872/579/840 874/581/842
f 898/605/866 899/606/867 872/579/840
f 899/606/867 870/577/838 872/579/840
f 899/606/867 900/607/868 870/577/838
f 900/607/868 868/575/836 870/577/838
f 900/607/868 901/608/869 868/575/836
f 901/608/869 866/573/834 868/575/836
f 901/608/869 902/609/870 866/573/834
f 902/609/870 865/572/833 866/573/834
f 902/609/870 903/610/871 865/572/833
f 903/610/871 877/584/845 865/572/833
f 903/610/871 904/611/872 877/584/845
f 904/611/872 878/585/846 877/584/845
f 904/611/872 905/612/873 878/585/846
f 905/612/873 879/586/847 878/585/846
f 905/612/873 906/613/874 879/586/847
f 906/613/874 880/587/848 879/586/847
f 906/613/874 907/614/875 880/587/848
f 907/614/875 881/588/849 880/587/848
f 907/614/875 908/615/876 881/588/849
f 908/615/876 882/589/850 881/588/849
f 908/615/876 909/616/877 882/589/850
f 909/616/877 883/590/851 882/589/850
f 909/616/877 888/595/856 883/590/851
f 910/617/878 904/611/872 903/610/871
f 911/618/879 910/617/878 903/610/871
f 912/619/880 905/612/873 904/611/872
f 910/617/878 912/619/880 904/611/872
f 913/620/881 906/613/874 905/612/873
f 912/619/880 913/620/881 905/612/873
f 914/621/882 907/614/875 906/613/874
f 913/620/881 914/621/882 906/613/874
f 915/622/883 908/615/876 907/614/875
f 914/621/882 915/622/883 907/614/875
f 916/623/884 909/616/877 908/615/876
f 915/622/883 916/623/884 908/615/876
f 917/624/885 888/595/856 909/616/877
f 916/623/884 917/624/885 909/616/877
f 917/624/885 918/625/886 888/595/856
f 918/625/886 887/594/855 888/595/856
f 918/625/886 919/626/887 887/594/855
f 919/626/887 889/596/857 887/594/855
f 919/626/887 920/627/888 889/596/857
f 920/627/888 890/597/858 889/596/857
f 920/627/888 921/628/889 890/597/858
f 921/628/889 892/599/860 890/597/858
f 921/628/889 922/629/890 892/599/860
f 922/629/890 894/601/862 892/599/860
f 922/629/890 923/630/891 894/601/862
f 923/630/891 896/603/864 894/601/862
f 923/630/891 924/631/892 896/603/864
f 924/631/892 897/604/865 896/603/864
f 924/631/892 925/632/893 897/604/865
f 925/632/893 898/605/866 897/604/865
f 925/632/893 926/633/894 898/605/866
f 926/633/894 899/606/867 898/605/866
f 926/633/894 927/634/895 899/606/867
f 927/634/895 900/607/868 899/606/867
f 927/634/895 928/635/896 900/607/868
f 928/635/896 901/608/869 900/607/868
f 928/635/896 929/636/897 901/608/869
f 929/636/897 902/609/870 901/608/869
f 929/636/897 911/618/879 902/609/870
f 911/618/879 903/610/871 902/609/870
f 930/637/898 924/631/892 923/630/891
f 931/638/899 925/632/893 924/631/892
f 930/637/898 931/638/899 924/631/892
f 932/639/900 926/633/894 925/632/893
f 931/638/899 932/639/900 925/632/893
f 933/640/901 927/634/895 926/633/894
f 932/639/900 933/640/901 926/633/894
f 934/641/902 928/635/896 927/634/895
f 933/640/901 934/641/902 927/634/895
f 935/642/903 929/636/897 928/635/896
f 934/641/902 935/642/903 928/635/896
f 936/643/904 911/618/879 929/636/897
f 935/642/903 936/643/904 929/636/897
f 936/643/904 937/644/905 911/618/879
f 937/644/905 910/617/878 911/618/879
f 937/644/905 938/645/906 910/617/878
f 938/645/906 912/619/880 910/617/878
f 938/645/906 939/646/907 912/619/880
f 939/646/907 913/620/881 912/619/880
f 939/646/907 940/647/908 913/620/881
f 940/647/908 914/621/882 913/620/881
f 940/647/908 941/648/909 914/621/882
f 941/648/909 915/622/883 914/621/882
f 941/648/909 942/649/910 915/622/883
f 942/649/910 916/623/884 915/622/883
f 942/649/910 943/650/911 916/623/884
f 943/650/911 917/624/885 916/623/884
f 943/650/911 944/651/912 917/624/885
f 944/651/912 918/625/886 917/624/885
f 944/651/912 945/652/913 918/625/886
f 945/652/913 919/626/887 918/625/886
f 945/652/913 946/653/914 919/626/887
f 946/653/914 920/627/888 919/626/887
f 946/653/914 947/654/915 920/627/888
f 947/654/915 921/628/889 920/627/888
f 947/654/915 948/655/916 921/628/889
f 948/655/916 922/629/890 921/628/889
f 948/655/916 949/656/917 922/629/890
f 949/656/917 923/630/891 922/629/890
f 949/656/917 930/637/898 923/630/891
f 950/657/918 944/651/912 943/650/911
f 951/658/919 950/657/918 943/650/911
f 952/659/920 945/652/913 944/651/912
f 950/657/918 952/659/920 944/651/912
f 953/660/921 946/653/914 945/652/913
f 952/659/920 953/660/921 945/652/913
f 954/661/922 947/654/915 946/653/914
f 953/660/921 954/661/922 946/653/914
f 955/662/923 948/655/916 947/654/915
f 954/661/922 955/662/923 947/654/915
f 956/663/924 949/656/917 948/655/916
f 955/662/923 956/663/924 948/655/916
f 957/664/925 930/637/898 949/656/917
f 956/663/924 957/664/925 949/656/917
f 957/664/925 958/665/926 930/637/898
f 958/665/926 931/638/899 930/637/898
f 958/665/926 959/666/927 931/638/899
f 959/666/927 932/639/900 931/638/899
f 959/666/927 960/667/928 932/639/900
f 960/667/928 933/640/901 932/639/900
f 960/667/928 961/668/929 933/640/901
f 961/668/929 934/641/902 933/640/901
f 961/668/929 962/669/930 934/641/902
f 962/669/930 935/642/903 934/641/902
f 962/669/930 963/670/931 935/642/903
f 963/670/931 936/643/904 935/642/903
f 963/670/931 964/671/932 936/643/904
f 964/671/932 937/644/905 936/643/904
f 964/671/932 965/672/933 937/644/905
f 965/672/933 938/645/906 937/644/905
f 965/672/933 966/673/934 938/645/906
f 966/673/934 939/646/907 938/645/906
f 966/673/934 967/674/935 939/646/907
f 967/674/935 940/647/908 939/646/907
f 967/674/935 968/675/936 940/647/908
f 968/675/936 941/648/909 940/647/908
f 968/675/936 969/676/937 941/648/909
f 969/676/937 942/649/910 941/648/909
f 969/676/937 951/658/919 942/649/910
f 951/658/919 943/650/911 942/649/910
f 970/677/938 964/671/932 963/670/931
f 970/677/938 965/672/933 964/671/932
f 970/677/938 966/673/934 965/672/933
f 970/677/938 967/674/935 966/673/934
f 970/677/938 968/675/936 967/674/935
f 970/677/938 969/676/937 968/675/936
f 970/677/938 951/658/919 969/676/937
f 970/677/938 950/657/918 951/658/919
f 970/677/938 952/659/920 950/657/918
f 970/677/938 953/660/921 952/659/920
f 970/677/938 954/661/922 953/660/921
f 970/677/938 955/662/923 954/661/922
f 970/677/938 956/663/924 955/662/923
f 970/677/938 957/664/925 956/663/924
f 970/677/938 958/665/926 957/664/925
f 970/677/938 959/666/927 958/665/926
f 970/677/938 960/667/928 959/666/927
f 970/677/938 961/668/929 960/667/928
f 970/677/938 962/669/930 961/668/929
f 970/677/938 963/670/931 962/669/930
f 973/678/939 972/679/940 971/680/941
f 974/681/942 973/678/939 971/680/941
f 977/682/943 976/683/944 975/684/945
f 978/685/946 977/682/943 975/684/945
f 977/682/943 979/686/947 976/683/944
f 979/686/947 980/687/948 976/683/944
f 979/686/947 981/688/949 980/687/948
f 981/688/949 982/689/950 980/687/948
f 981/688/949 983/690/839 982/689/950
f 983/690/839 984/691/951 982/689/950
f 983/690/839 985/692/837 984/691/951
f 985/692/837 986/693/952 984/691/951
f 985/692/837 987/694/953 986/693/952
f 987/694/953 988/695/954 986/693/952
f 987/694/953 989/696/955 988/695/954
f 990/697/956 977/682/943 978/685/946
f 990/697/956 979/686/947 977/682/943
f 991/698/957 990/697/956 978/685/946
f 991/698/957 978/685/946 992/699/958
f 993/700/959 991/698/957 992/699/958
f 993/700/959 992/699/958 994/701/960
f 995/702/961 993/700/959 994/701/960
f 998/703/962 997/704/963 996/705/964
f 998/703/962 996/705/964 999/706/965
f 998/703/962 999/706/965 1000/707/966
f 998/703/962 1000/707/966 1001/708/967
f 998/703/962 1001/708/967 1002/709/968
f 998/703/962 1002/709/968 1003/710/969
f 998/703/962 1003/710/969 1004/711/970
f 998/703/962 1004/711/970 1005/712/971
f 998/703/962 1005/712/971 1006/713/972
f 998/703/962 1006/713/972 1007/714/973
f 998/703/962 1007/714/973 1008/715/974
f 998/703/962 1008/715/974 1009/716/975
f 998/703/962 1009/716/975 1010/717/976
f 998/703/962 1010/717/976 1011/718/977
f 998/703/962 1011/718/977 1012/719/978
f 998/703/962 1012/719/978 1013/720/979
f 998/703/962 1013/720/979 1014/721/980
f 998/703/962 1014/721/980 1015/722/981
f 998/703/962 1015/722/981 1016/723/982
f 998/703/962 1016/723/982 997/704/963
f 1019/724/983 1018/725/984 1017/726/985
f 1020/727/986 1019/724/983 1017/726/985
f 1021/728/987 1019/724/983 1020/727/986
f 1022/729/988 1021/728/987 1020/727/986
f 1023/730/989 1021/728/987 1022/729/988
f 1024/731/990 1023/730/989 1022/729/988
f 1017/726/985 1018/725/984 1025/732/991
f 1018/725/984 1026/733/992 1025/732/991
f 1025/732/991 1026/733/992 1027/734/993
f 1026/733/992 1028/735/994 1027/734/993
f 1027/734/993 1028/735/994 1029/736/995
f 1028/735/994 1030/737/996 1029/736/995
f 1029/736/995 1030/737/996 1031/738/997
f 1030/737/996 1032/739/998 1031/738/997
f 1031/738/997 1032/739/998 1033/740/999
f 1032/739/998 1034/741/1000 1033/740/999
f 1033/740/999 1034/741/1000 1035/742/1001
f 1034/741/1000 1036/743/1002 1035/742/1001
f 1035/742/1001 1036/743/1002 1037/744/1003
f 1036/743/1002 1038/745/1004 1037/744/1003
f 1037/744/1003 1038/745/1004 1039/746/1005
f 1038/745/1004 1040/747/1006 1039/746/1005
f 1039/746/1005 1040/747/1006 1041/748/1007
f 1040/747/1006 1042/749/1008 1041/748/1007
f 1040/747/1006 1043/750/1009 1042/749/1008
f 1043/750/1009 1044/751/1010 1042/749/1008
f 1042/749/1008 1044/751/1010 1045/752/1011
f 1044/751/1010 1046/753/1012 1045/752/1011
f 1045/752/1011 1046/753/1012 1047/754/1013
f 1046/753/1012 1048/755/1014 1047/754/1013
f 1047/754/1013 1048/755/1014 1049/756/1015
f 1048/755/1014 1050/757/1016 1049/756/1015
f 1049/756/1015 1050/757/1016 1051/758/1017
f 1050/757/1016 1052/759/1018 1051/758/1017
f 1051/758/1017 1052/759/1018 1053/760/1019
f 1052/759/1018 1054/761/1020 1053/760/1019
f 1053/760/1019 1054/761/1020 1055/762/1021
f 1054/761/1020 1056/763/1022 1055/762/1021
f 1055/762/1021 1056/763/1022 1057/764/1023
f 1056/763/1022 1058/765/1024 1057/764/1023
f 1057/764/1023 1058/765/1024 1059/766/1025
f 1058/765/1024 1060/767/1026 1059/766/1025
f 1060/767/1026 1061/768/1027 1059/766/1025
f 1059/766/1025 1061/768/1027 1062/769/1028
f 1061/768/1027 1063/770/1029 1062/769/1028
f 1062/769/1028 1063/770/1029 1064/771/1030
f 1062/769/1028 1064/771/1030 1019/724/983
f 1019/724/983 1064/771/1030 1018/725/984
f 1064/771/1030 1065/772/1031 1018/725/984
f 1021/728/987 1062/769/1028 1019/724/983
f 1018/725/984 1065/772/1031 1026/733/992
f 1065/772/1031 1066/773/1032 1026/733/992
f 1026/733/992 1066/773/1032 1028/735/994
f 1066/773/1032 1067/774/1033 1028/735/994
f 1028/735/994 1067/774/1033 1030/737/996
f 1067/774/1033 1068/775/1034 1030/737/996
f 1030/737/996 1068/775/1034 1032/739/998
f 1068/775/1034 1069/776/1035 1032/739/998
f 1032/739/998 1069/776/1035 1034/741/1000
f 1069/776/1035 1070/777/1036 1034/741/1000
f 1034/741/1000 1070/777/1036 1036/743/1002
f 1070/777/1036 1071/778/1037 1036/743/1002
f 1036/743/1002 1071/778/1037 1038/745/1004
f 1071/778/1037 1072/779/1038 1038/745/1004
f 1038/745/1004 1072/779/1038 1040/747/1006
f 1072/779/1038 1043/750/1009 1040/747/1006
f 1072/779/1038 1073/780/1039 1043/750/1009
f 1073/780/1039 1074/781/1040 1043/750/1009
f 1043/750/1009 1074/781/1040 1044/751/1010
f 1074/781/1040 1075/782/1041 1044/751/1010
f 1044/751/1010 1075/782/1041 1046/753/1012
f 1075/782/1041 1076/783/1042 1046/753/1012
f 1046/753/1012 1076/783/1042 1048/755/1014
f 1076/783/1042 1077/784/1043 1048/755/1014
f 1048/755/1014 1077/784/1043 1050/757/1016
f 1077/784/1043 1078/785/1044 1050/757/1016
f 1050/757/1016 1078/785/1044 1052/759/1018
f 1078/785/1044 1079/786/1045 1052/759/1018
f 1052/759/1018 1079/786/1045 1054/761/1020
f 1079/786/1045 1080/787/1046 1054/761/1020
f 1054/761/1020 1080/787/1046 1056/763/1022
f 1080/787/1046 1081/788/1047 1056/763/1022
f 1056/763/1022 1081/788/1047 1058/765/1024
f 1081/788/1047 1060/767/1026 1058/765/1024
f 1081/788/1047 1082/789/1048 1060/767/1026
f 1082/789/1048 1083/790/1049 1060/767/1026
f 1060/767/1026 1083/790/1049 1061/768/1027
f 1083/790/1049 1084/791/1050 1061/768/1027
f 1061/768/1027 1084/791/1050 1063/770/1029
f 1084/791/1050 1085/792/1051 1063/770/1029
f 1063/770/1029 1085/792/1051 1086/793/1052
f 1063/770/1029 1086/793/1052 1064/771/1030
f 1064/771/1030 1086/793/1052 1065/772/1031
f 1086/793/1052 1087/794/1053 1065/772/1031
f 1065/772/1031 1087/794/1053 1066/773/1032
f 1087/794/1053 1088/795/1054 1066/773/1032
f 1066/773/1032 1088/795/1054 1067/774/1033
f 1088/795/1054 1089/796/1055 1067/774/1033
f 1067/774/1033 1089/796/1055 1068/775/1034
f 1089/796/1055 1090/797/1056 1068/775/1034
f 1068/775/1034 1090/797/1056 1069/776/1035
f 1090/797/1056 1091/798/1057 1069/776/1035
f 1069/776/1035 1091/798/1057 1070/777/1036
f 1091/798/1057 1092/799/1058 1070/777/1036
f 1070/777/1036 1092/799/1058 1071/778/1037
f 1092/799/1058 1093/800/1059 1071/778/1037
f 1071/778/1037 1093/800/1059 1072/779/1038
f 1093/800/1059 1073/780/1039 1072/779/1038
f 1093/800/1059 1094/801/1060 1073/780/1039
f 1094/801/1060 1095/802/1061 1073/780/1039
f 1073/780/1039 1095/802/1061 1074/781/1040
f 1095/802/1061 1096/803/1062 1074/781/1040
f 1074/781/1040 1096/803/1062 1075/782/1041
f 1096/803/1062 1097/804/1063 1075/782/1041
f 1075/782/1041 1097/804/1063 1076/783/1042
f 1097/804/1063 1098/805/1064 1076/783/1042
f 1076/783/1042 1098/805/1064 1077/784/1043
f 1098/805/1064 1099/806/1065 1077/784/1043
f 1077/784/1043 1099/806/1065 1078/785/1044
f 1099/806/1065 1100/807/1066 1078/785/1044
f 1078/785/1044 1100/807/1066 1079/786/1045
f 1100/807/1066 1101/808/1067 1079/786/1045
f 1079/786/1045 1101/808/1067 1080/787/1046
f 1101/808/1067 1102/809/1068 1080/787/1046
f 1080/787/1046 1102/809/1068 1081/788/1047
f 1102/809/1068 1082/789/1048 1081/788/1047
f 1102/809/1068 1103/810/1069 1082/789/1048
f 1103/810/1069 1104/811/1070 1082/789/1048
f 1082/789/1048 1104/811/1070 1083/790/1049
f 1104/811/1070 1105/812/1071 1083/790/1049
f 1083/790/1049 1105/812/1071 1084/791/1050
f 1105/812/1071 1106/813/1072 1084/791/1050
f 1084/791/1050 1106/813/1072 1085/792/1051
f 1106/813/1072 1107/814/1073 1085/792/1051
f 1085/792/1051 1107/814/1073 1108/815/1074
f 1085/792/1051 1108/815/1074 1086/793/1052
f 1086/793/1052 1108/815/1074 1087/794/1053
f 1108/815/1074 1109/816/1075 1087/794/1053
f 1087/794/1053 1109/816/1075 1088/795/1054
f 1109/816/1075 1110/817/1076 1088/795/1054
f 1088/795/1054 1110/817/1076 1089/796/1055
f 1110/817/1076 1111/818/1077 1089/796/1055
f 1089/796/1055 1111/818/1077 1090/797/1056
f 1111/818/1077 1112/819/1078 1090/797/1056
f 1090/797/1056 1112/819/1078 1091/798/1057
f 1112/819/1078 1113/820/1079 1091/798/1057
f 1091/798/1057 1113/820/1079 1092/799/1058
f 1113/820/1079 1114/821/1080 1092/799/1058
f 1092/799/1058 1114/821/1080 1093/800/1059
f 1114/821/1080 1094/801/1060 1093/800/1059
f 1108/815/1074 1115/822/1081 1109/816/1075
f 1115/822/1081 1116/823/1082 1109/816/1075
f 1109/816/1075 1116/823/1082 1110/817/1076
f 1107/814/1073 1115/822/1081 1108/815/1074
f 1114/821/1080 1117/824/1083 1094/801/1060
f 1117/824/1083 1118/825/1084 1094/801/1060
f 1094/801/1060 1118/825/1084 1095/802/1061
f 1118/825/1084 1119/826/1085 1095/802/1061
f 1095/802/1061 1119/826/1085 1096/803/1062
f 1119/826/1085 1120/827/1086 1096/803/1062
f 1096/803/1062 1120/827/1086 1097/804/1063
f 1120/827/1086 1121/828/1087 1097/804/1063
f 1097/804/1063 1121/828/1087 1098/805/1064
f 1121/828/1087 1122/829/1088 1098/805/1064
f 1098/805/1064 1122/829/1088 1099/806/1065
f 1122/829/1088 1123/830/1089 1099/806/1065
f 1099/806/1065 1123/830/1089 1100/807/1066
f 1123/830/1089 1124/831/1090 1100/807/1066
f 1100/807/1066 1124/831/1090 1101/808/1067
f 1124/831/1090 1125/832/1091 1101/808/1067
f 1101/808/1067 1125/832/1091 1102/809/1068
f 1125/832/1091 1103/810/1069 1102/809/1068
f 1125/832/1091 1126/833/1092 1103/810/1069
f 1126/833/1092 1127/834/1093 1103/810/1069
f 1103/810/1069 1127/834/1093 1104/811/1070
f 1127/834/1093 1128/835/1094 1104/811/1070
f 1104/811/1070 1128/835/1094 1105/812/1071
f 1128/835/1094 1129/836/1095 1105/812/1071
f 1105/812/1071 1129/836/1095 1106/813/1072
f 1129/836/1095 1130/837/1096 1106/813/1072
f 1106/813/1072 1130/837/1096 1107/814/1073
f 1130/837/1096 1131/838/1097 1107/814/1073
f 1107/814/1073 1131/838/1097 1115/822/1081
f 1131/838/1097 1132/839/1098 1115/822/1081
f 1115/822/1081 1132/839/1098 1116/823/1082
f 1132/839/1098 1133/840/1099 1116/823/1082
f 1116/823/1082 1133/840/1099 1134/841/1100
f 1116/823/1082 1134/841/1100 1110/817/1076
f 1110/817/1076 1134/841/1100 1111/818/1077
f 1134/841/1100 1135/842/1101 1111/818/1077
f 1111/818/1077 1135/842/1101 1112/819/1078
f 1135/842/1101 1136/843/1102 1112/819/1078
f 1112/819/1078 1136/843/1102 1113/820/1079
f 1136/843/1102 1137/844/1103 1113/820/1079
f 1113/820/1079 1137/844/1103 1114/821/1080
f 1137/844/1103 1117/824/1083 1114/821/1080
f 1137/844/1103 1138/845/1104 1117/824/1083
f 1138/845/1104 1139/846/1105 1117/824/1083
f 1117/824/1083 1139/846/1105 1118/825/1084
f 1139/846/1105 1140/847/1106 1118/825/1084
f 1118/825/1084 1140/847/1106 1119/826/1085
f 1140/847/1106 1141/848/1107 1119/826/1085
f 1119/826/1085 1141/848/1107 1120/827/1086
f 1141/848/1107 1142/849/1108 1120/827/1086
f 1120/827/1086 1142/849/1108 1121/828/1087
f 1142/849/1108 1143/850/1109 1121/828/1087
f 1121/828/1087 1143/850/1109 1122/829/1088
f 1143/850/1109 1144/851/1110 1122/829/1088
f 1122/829/1088 1144/851/1110 1123/830/1089
f 1144/851/1110 1145/852/1111 1123/830/1089
f 1123/830/1089 1145/852/1111 1124/831/1090
f 1145/852/1111 1146/853/1112 1124/831/1090
f 1124/831/1090 1146/853/1112 1125/832/1091
f 1146/853/1112 1126/833/1092 1125/832/1091
f 1146/853/1112 1147/854/1113 1126/833/1092
f 1145/852/1111 1147/854/1113 1146/853/1112
f 1144/851/1110 1147/854/1113 1145/852/1111
f 1143/850/1109 1147/854/1113 1144/851/1110
f 1142/849/1108 1147/854/1113 1143/850/1109
f 1141/848/1107 1147/854/1113 1142/849/1108
f 1140/847/1106 1147/854/1113 1141/848/1107
f 1126/833/1092 1147/854/1113 1127/834/1093
f 1127/834/1093 1147/854/1113 1128/835/1094
f 1128/835/1094 1147/854/1113 1129/836/1095
f 1129/836/1095 1147/854/1113 1130/837/1096
f 1130/837/1096 1147/854/1113 1131/838/1097
f 1131/838/1097 1147/854/1113 1132/839/1098
f 1132/839/1098 1147/854/1113 1133/840/1099
f 1133/840/1099 1147/854/1113 1148/855/1114
f 1133/840/1099 1148/855/1114 1134/841/1100
f 1134/841/1100 1148/855/1114 1135/842/1101
f 1148/855/1114 1149/856/1115 1135/842/1101
f 1148/855/1114 1147/854/1113 1149/856/1115
f 1135/842/1101 1149/856/1115 1136/843/1102
f 1149/856/1115 1150/857/1116 1136/843/1102
f 1149/856/1115 1147/854/1113 1150/857/1116
f 1136/843/1102 1150/857/1116 1137/844/1103
f 1150/857/1116 1138/845/1104 1137/844/1103
f 1150/857/1116 1147/854/1113 1138/845/1104
f 1138/845/1104 1147/854/1113 1139/846/1105
f 1139/846/1105 1147/854/1113 1140/847/1106
f 1153/858/1117 1152/859/1118 1151/860/1119
f 1154/861/1120 1153/858/1117 1151/860/1119
f 1157/862/1121 1156/863/1122 1155/864/1123
f 1158/865/1124 1157/862/1121 1155/864/1123
f 1159/866/1125 1157/862/1121 1158/865/1124
f 1160/867/1126 1159/866/1125 1158/865/1124
f 1161/868/1127 1159/866/1125 1160/867/1126
f 1162/869/1128 1161/868/1127 1160/867/1126
f 1163/870/1015 1161/868/1127 1162/869/1128
f 1164/871/1129 1163/870/1015 1162/869/1128
f 1165/872/1013 1163/870/1015 1164/871/1129
f 1166/873/1130 1165/872/1013 1164/871/1129
f 1157/862/1121 1167/874/1021 1156/863/1122
f 1159/866/1125 1167/874/1021 1157/862/1121
f 1167/874/1021 1168/875/1023 1156/863/1122
f 1156/863/1122 1168/875/1023 1169/876/1131
f 1168/875/1023 1170/877/1132 1169/876/1131
f 1169/876/1131 1170/877/1132 1171/878/1133
f 1170/877/1132 1172/879/1134 1171/878/1133
f 1173/880/1135 1165/872/1013 1166/873/1130
f 1174/881/1136 1173/880/1135 1166/873/1130
f 1175/882/1137 1173/880/1135 1174/881/1136
f 1178/883/1135 1177/884/1138 1176/885/1139
f 1179/886/1140 1177/884/1138 1178/883/1135
f 1180/887/1137 1179/886/1140 1178/883/1135
f 1183/888/1141 1182/889/1142 1181/890/1143
f 1181/890/1143 1182/889/1142 1184/891/1144
f 1184/891/1144 1182/889/1142 1185/892/1145
f 1185/892/1145 1182/889/1142 1186/893/1146
f 1186/893/1146 1182/889/1142 1187/894/1147
f 1187/894/1147 1182/889/1142 1188/895/1148
f 1188/895/1148 1182/889/1142 1189/896/1149
f 1189/896/1149 1182/889/1142 1190/897/1150
f 1190/897/1150 1182/889/1142 1191/898/1151
f 1191/898/1151 1182/889/1142 1192/899/1152
f 1192/899/1152 1182/889/1142 1193/900/1153
f 1193/900/1153 1182/889/1142 1194/901/1154
f 1194/901/1154 1182/889/1142 1195/902/1155
f 1195/902/1155 1182/889/1142 1196/903/1156
f 1196/903/1156 1182/889/1142 1197/904/1157
f 1197/904/1157 1182/889/1142 1198/905/1158
f 1198/905/1158 1182/889/1142 1199/906/1159
f 1199/906/1159 1182/889/1142 1200/907/1160
f 1200/907/1160 1182/889/1142 1201/908/1161
f 1201/908/1161 1182/889/1142 1183/888/1141
f 1204/909/1162 1203/910/1163 1202/911/1164
f 1205/912/1165 1204/909/1162 1202/911/1164
f 1205/912/1165 1206/913/1166 1204/909/1162
f 1206/913/1166 1207/914/1167 1204/909/1162
f 1208/915/1168 1207/914/1167 1206/913/1166
f 1209/916/1169 1208/915/1168 1206/913/1166
f 1209/916/1169 1210/917/1170 1208/915/1168
f 1210/917/1170 1211/918/1171 1208/915/1168
f 1205/912/1165 1202/911/1164 1212/919/1172
f 1202/911/1164 1203/910/1163 1212/919/1172
f 1213/920/1173 1205/912/1165 1212/919/1172
f 1214/921/1174 1213/920/1173 1212/919/1172
f 1215/922/1175 1214/921/1174 1212/919/1172
f 1212/919/1172 1216/923/1176 1215/922/1175
f 1203/910/1163 1216/923/1176 1212/919/1172
f 1216/923/1176 1217/924/1177 1215/922/1175
f 1214/921/1174 1218/925/1174 1213/920/1173
f 1218/925/1174 1219/926/1178 1213/920/1173
f 1209/916/1169 1206/913/1166 1219/926/1178
f 1219/926/1178 1206/913/1166 1205/912/1165
f 1213/920/1173 1219/926/1178 1205/912/1165
f 1218/925/1174 1220/927/1174 1219/926/1178
f 1220/927/1174 1221/928/1179 1219/926/1178
f 1221/928/1179 1209/916/1169 1219/926/1178
f 1220/927/1174 1222/929/1180 1221/928/1179
f 1222/929/1180 1223/930/1181 1221/928/1179
f 1223/930/1181 1210/917/1170 1209/916/1169
f 1221/928/1179 1223/930/1181 1209/916/1169
f 1222/929/1180 1224/931/1182 1223/930/1181
f 1224/931/1182 1225/932/1183 1223/930/1181
f 1225/932/1183 1211/918/1171 1210/917/1170
f 1223/930/1181 1225/932/1183 1210/917/1170
f 1214/921/1174 1215/922/1175 1226/933/1184
f 1215/922/1175 1217/924/1177 1226/933/1184
f 1227/934/1185 1214/921/1174 1226/933/1184
f 1220/927/1174 1218/925/1174 1228/935/1185
f 1228/935/1185 1218/925/1174 1214/921/1174
f 1227/934/1185 1228/935/1185 1214/921/1174
f 1229/936/1185 1220/927/1174 1228/935/1185
f 1230/937/1186 1224/931/1182 1222/929/1180
f 1231/938/1187 1230/937/1186 1222/929/1180
f 1231/938/1187 1222/929/1180 1220/927/1174
f 1229/936/1185 1231/938/1187 1220/927/1174
f 1217/924/1177 1232/939/1188 1226/933/1184
f 1235/940/1189 1234/941/1190 1233/942/1191
f 1236/943/1192 1235/940/1189 1233/942/1191
f 1236/943/1192 1237/944/1193 1235/940/1189
f 1237/944/1193 1238/945/1194 1235/940/1189
f 1239/946/1195 1238/945/1194 1237/944/1193
f 1240/947/1196 1239/946/1195 1237/944/1193
f 1240/947/1196 1241/948/1197 1239/946/1195
f 1241/948/1197 1242/949/1198 1239/946/1195
f 1235/940/1189 1243/950/1199 1234/941/1190
f 1235/940/1189 1238/945/1194 1243/950/1199
f 1243/950/1199 1244/951/1200 1234/941/1190
f 1244/951/1200 1243/950/1199 1245/952/1201
f 1245/952/1201 1246/953/1177 1244/951/1200
f 1246/953/1177 1247/954/1202 1244/951/1200
f 1234/941/1190 1244/951/1200 1247/954/1202
f 1233/942/1191 1234/941/1190 1247/954/1202
f 1243/950/1199 1248/955/1203 1245/952/1201
f 1243/950/1199 1249/956/1204 1248/955/1203
f 1238/945/1194 1249/956/1204 1243/950/1199
f 1249/956/1204 1250/957/1205 1248/955/1203
f 1249/956/1204 1251/958/1206 1250/957/1205
f 1251/958/1206 1249/956/1204 1238/945/1194
f 1239/946/1195 1251/958/1206 1238/945/1194
f 1239/946/1195 1242/949/1198 1251/958/1206
f 1251/958/1206 1252/959/1207 1250/957/1205
f 1251/958/1206 1253/960/1208 1252/959/1207
f 1253/960/1208 1242/949/1198 1241/948/1197
f 1242/949/1198 1253/960/1208 1251/958/1206
f 1253/960/1208 1254/961/1209 1252/959/1207
f 1254/961/1209 1253/960/1208 1255/962/1210
f 1255/962/1210 1253/960/1208 1241/948/1197
f 1256/963/1182 1254/961/1209 1255/962/1210
f 1248/955/1203 1257/964/1211 1245/952/1201
f 1248/955/1203 1250/957/1205 1257/964/1211
f 1257/964/1211 1258/965/1212 1245/952/1201
f 1252/959/1207 1259/966/1213 1250/957/1205
f 1252/959/1207 1254/961/1209 1259/966/1213
f 1259/966/1213 1260/967/1214 1250/957/1205
f 1250/957/1205 1260/967/1214 1257/964/1211
f 1261/968/1215 1254/961/1209 1256/963/1182
f 1254/961/1209 1261/968/1215 1259/966/1213
f 1262/969/1186 1261/968/1215 1256/963/1182
f 1245/952/1201 1258/965/1212 1263/970/1216
f 1246/953/1177 1245/952/1201 1263/970/1216
f 1266/971/1217 1265/972/1218 1264/973/1219
f 1266/971/1217 1267/974/1220 1265/972/1218
f 1267/974/1220 1268/975/1221 1265/972/1218
f 1267/974/1220 1269/976/1222 1268/975/1221
f 1269/976/1222 1270/977/1223 1268/975/1221
f 1270/977/1223 1269/976/1222 1271/978/1224
f 1269/976/1222 1272/979/1225 1271/978/1224
f 1271/978/1224 1272/979/1225 1273/980/1226
f 1272/979/1225 1274/981/1227 1273/980/1226
f 1274/981/1227 1275/982/1228 1273/980/1226
f 1275/982/1228 1276/983/1229 1273/980/1226
f 1276/983/1229 1275/982/1228 1277/984/1230
f 1275/982/1228 1278/985/1231 1277/984/1230
f 1264/973/1219 1265/972/1218 1279/986/1232
f 1279/986/1232 1265/972/1218 1268/975/1221
f 1280/987/1233 1264/973/1219 1279/986/1232
f 1281/988/1234 1280/987/1233 1279/986/1232
f 1282/989/1235 1281/988/1234 1279/986/1232
f 1279/986/1232 1283/990/1236 1282/989/1235
f 1283/990/1236 1279/986/1232 1268/975/1221
f 1283/990/1236 1284/991/1237 1282/989/1235
f 1284/991/1237 1283/990/1236 1285/992/1238
f 1286/993/1239 1284/991/1237 1285/992/1238
f 1286/993/1239 1285/992/1238 1287/994/1240
f 1288/995/1241 1286/993/1239 1287/994/1240
f 1288/995/1241 1287/994/1240 1289/996/1242
f 1290/997/1243 1288/995/1241 1289/996/1242
f 1289/996/1242 1291/998/1244 1290/997/1243
f 1291/998/1244 1292/999/1245 1290/997/1243
f 1292/999/1245 1291/998/1244 1293/1000/1246
f 1294/1001/1247 1292/999/1245 1293/1000/1246
f 1293/1000/1246 1295/1002/1248 1294/1001/1247
f 1295/1002/1248 1296/1003/1249 1294/1001/1247
f 1296/1003/1249 1295/1002/1248 1297/1004/1250
f 1298/1005/1251 1296/1003/1249 1297/1004/1250
f 1288/995/1241 1290/997/1243 1299/1006/1252
f 1299/1006/1252 1290/997/1243 1292/999/1245
f 1300/1007/1253 1288/995/1241 1299/1006/1252
f 1286/993/1239 1288/995/1241 1300/1007/1253
f 1301/1008/1254 1286/993/1239 1300/1007/1253
f 1301/1008/1254 1302/1009/1255 1286/993/1239
f 1287/994/1240 1271/978/1224 1289/996/1242
f 1271/978/1224 1273/980/1226 1289/996/1242
f 1270/977/1223 1271/978/1224 1287/994/1240
f 1285/992/1238 1270/977/1223 1287/994/1240
f 1268/975/1221 1270/977/1223 1285/992/1238
f 1283/990/1236 1268/975/1221 1285/992/1238
f 1294/1001/1247 1296/1003/1249 1303/1010/1256
f 1292/999/1245 1294/1001/1247 1303/1010/1256
f 1304/1011/1257 1292/999/1245 1303/1010/1256
f 1304/1011/1257 1299/1006/1252 1292/999/1245
f 1305/1012/1258 1300/1007/1253 1299/1006/1252
f 1306/1013/1259 1305/1012/1258 1299/1006/1252
f 1305/1012/1258 1306/1013/1259 1307/1014/1260
f 1308/1015/1261 1307/1014/1260 1306/1013/1259
f 1309/1016/1262 1308/1015/1261 1306/1013/1259
f 1309/1016/1262 1304/1011/1257 1303/1010/1256
f 1310/1017/1263 1305/1012/1258 1307/1014/1260
f 1311/1018/1264 1305/1012/1258 1310/1017/1263
f 1312/1019/1265 1311/1018/1264 1310/1017/1263
f 1313/1020/1266 1311/1018/1264 1312/1019/1265
f 1314/1021/1267 1313/1020/1266 1312/1019/1265
f 1313/1020/1266 1314/1021/1267 1315/1022/1268
f 1314/1021/1267 1316/1023/1269 1315/1022/1268
f 1317/1024/1270 1315/1022/1268 1316/1023/1269
f 1318/1025/1271 1317/1024/1270 1316/1023/1269
f 1308/1015/1261 1309/1016/1262 1319/1026/1272
f 1309/1016/1262 1320/1027/1273 1319/1026/1272
f 1321/1028/1274 1319/1026/1272 1320/1027/1273
f 1322/1029/1275 1321/1028/1274 1320/1027/1273
f 1321/1028/1274 1322/1029/1275 1323/1030/1276
f 1322/1029/1275 1324/1031/1277 1323/1030/1276
f 1325/1032/1278 1318/1025/1271 1316/1023/1269
f 1326/1033/1279 1325/1032/1278 1316/1023/1269
f 1326/1033/1279 1327/1034/1280 1325/1032/1278
f 1328/1035/1281 1327/1034/1280 1326/1033/1279
f 1329/1036/1282 1328/1035/1281 1326/1033/1279
f 1316/1023/1269 1314/1021/1267 1329/1036/1282
f 1326/1033/1279 1316/1023/1269 1329/1036/1282
f 1330/1037/1283 1328/1035/1281 1329/1036/1282
f 1331/1038/1284 1330/1037/1283 1329/1036/1282
f 1330/1037/1283 1331/1038/1284 1332/1039/1285
f 1333/1040/1286 1330/1037/1283 1332/1039/1285
f 1333/1040/1286 1332/1039/1285 1334/1041/1287
f 1335/1042/1288 1333/1040/1286 1334/1041/1287
f 1336/1043/1289 1335/1042/1288 1334/1041/1287
f 1337/1044/1290 1336/1043/1289 1334/1041/1287
f 1336/1043/1289 1337/1044/1290 1338/1045/1291
f 1339/1046/1292 1336/1043/1289 1338/1045/1291
f 1331/1038/1284 1329/1036/1282 1312/1019/1265
f 1329/1036/1282 1314/1021/1267 1312/1019/1265
f 1334/1041/1287 1332/1039/1285 1307/1014/1260
f 1332/1039/1285 1310/1017/1263 1307/1014/1260
f 1331/1038/1284 1312/1019/1265 1310/1017/1263
f 1332/1039/1285 1331/1038/1284 1310/1017/1263
f 1338/1045/1291 1337/1044/1290 1319/1026/1272
f 1337/1044/1290 1308/1015/1261 1319/1026/1272
f 1334/1041/1287 1307/1014/1260 1308/1015/1261
f 1337/1044/1290 1334/1041/1287 1308/1015/1261
f 1338/1045/1291 1319/1026/1272 1340/1047/1293
f 1319/1026/1272 1321/1028/1274 1340/1047/1293
f 1340/1047/1293 1321/1028/1274 1341/1048/1294
f 1321/1028/1274 1323/1030/1276 1341/1048/1294
f 1341/1048/1294 1342/1049/1295 1340/1047/1293
f 1342/1049/1295 1339/1046/1292 1338/1045/1291
f 1340/1047/1293 1342/1049/1295 1338/1045/1291
f 1341/1048/1294 1323/1030/1276 1343/1050/1296
f 1323/1030/1276 1324/1031/1277 1343/1050/1296
f 1324/1031/1277 1344/1051/1297 1343/1050/1296
f 1345/1052/1298 1341/1048/1294 1343/1050/1296
f 1341/1048/1294 1345/1052/1298 1346/1053/1299
f 1345/1052/1298 1347/1054/1300 1346/1053/1299
f 1344/1051/1297 1324/1031/1277 1348/1055/1301
f 1348/1055/1301 1324/1031/1277 1349/1056/1302
f 1298/1005/1251 1348/1055/1301 1349/1056/1302
f 1296/1003/1249 1298/1005/1251 1349/1056/1302
f 1296/1003/1249 1349/1056/1302 1303/1010/1256
f 1298/1005/1251 1350/1057/1303 1348/1055/1301
f 1350/1057/1303 1298/1005/1251 1351/1058/1304
f 1298/1005/1251 1297/1004/1250 1351/1058/1304
f 1297/1004/1250 1352/1059/1305 1351/1058/1304
f 1297/1004/1250 1295/1002/1248 1352/1059/1305
f 1295/1002/1248 1353/1060/1306 1352/1059/1305
f 1295/1002/1248 1293/1000/1246 1353/1060/1306
f 1293/1000/1246 1277/984/1230 1353/1060/1306
f 1276/983/1229 1277/984/1230 1293/1000/1246
f 1291/998/1244 1276/983/1229 1293/1000/1246
f 1273/980/1226 1276/983/1229 1291/998/1244
f 1289/996/1242 1273/980/1226 1291/998/1244
f 1354/1061/1307 1352/1059/1305 1353/1060/1306
f 1354/1061/1307 1353/1060/1306 1277/984/1230
f 1278/985/1231 1354/1061/1307 1277/984/1230
f 1352/1059/1305 1355/1062/1308 1351/1058/1304
f 1355/1062/1308 1352/1059/1305 1356/1063/1309
f 1357/1064/1310 1355/1062/1308 1356/1063/1309
f 1360/1065/1311 1359/1066/1312 1358/1067/1313
f 1361/1068/1314 1360/1065/1311 1358/1067/1313
f 1362/1069/1315 1360/1065/1311 1361/1068/1314
f 1363/1070/1316 1362/1069/1315 1361/1068/1314
f 1364/1071/1317 1359/1066/1312 1360/1065/1311
f 1365/1072/1318 1364/1071/1317 1360/1065/1311
f 1365/1072/1318 1360/1065/1311 1362/1069/1315
f 1366/1073/1319 1365/1072/1318 1362/1069/1315
f 1358/1067/1313 1359/1066/1312 1367/1074/1320
f 1359/1066/1312 1368/1075/1321 1367/1074/1320
f 1367/1074/1320 1368/1075/1321 1369/1076/1322
f 1370/1077/1323 1367/1074/1320 1369/1076/1322
f 1371/1078/1324 1370/1077/1323 1369/1076/1322
f 1372/1079/1325 1371/1078/1324 1369/1076/1322
f 1373/1080/103 1365/1072/1318 1366/1073/1319
f 1374/1081/1326 1373/1080/103 1366/1073/1319
f 1375/1082/1327 1364/1071/1317 1365/1072/1318
f 1373/1080/103 1375/1082/1327 1365/1072/1318
f 1373/1080/103 1376/1083/1328 1375/1082/1327
f 1376/1083/1328 1377/1084/1329 1375/1082/1327
f 1378/1085/1330 1377/1084/1329 1376/1083/1328
f 1378/1085/1330 1379/1086/1331 1377/1084/1329
f 1379/1086/1331 1380/1087/1332 1377/1084/1329
f 1379/1086/1331 1381/1088/1333 1380/1087/1332
f 1381/1088/1333 1382/1089/1334 1380/1087/1332
f 1382/1089/1334 1381/1088/1333 1383/1090/1335
f 1381/1088/1333 1384/1091/1336 1383/1090/1335
f 1384/1091/1336 1385/1092/1337 1383/1090/1335
f 1385/1092/1337 1386/1093/1338 1383/1090/1335
f 1385/1092/1337 1387/1094/1339 1386/1093/1338
f 1387/1094/1339 1388/1095/1340 1386/1093/1338
f 1388/1095/1340 1387/1094/1339 1389/1096/1341
f 1387/1094/1339 1390/1097/1342 1389/1096/1341
f 1390/1097/1342 1391/1098/1343 1389/1096/1341
f 1391/1098/1343 1392/1099/1344 1389/1096/1341
f 1389/1096/1341 1393/1100/1345 1388/1095/1340
f 1393/1100/1345 1394/1101/1346 1388/1095/1340
f 1386/1093/1338 1394/1101/1346 1383/1090/1335
f 1386/1093/1338 1388/1095/1340 1394/1101/1346
f 1395/1102/1347 1394/1101/1346 1393/1100/1345
f 1396/1103/1348 1395/1102/1347 1393/1100/1345
f 1393/1100/1345 1397/1104/1349 1396/1103/1348
f 1397/1104/1349 1393/1100/1345 1389/1096/1341
f 1392/1099/1344 1397/1104/1349 1389/1096/1341
f 1397/1104/1349 1398/1105/1350 1396/1103/1348
f 1395/1102/1347 1399/1106/1351 1394/1101/1346
f 1399/1106/1351 1400/1107/1352 1394/1101/1346
f 1400/1107/1352 1399/1106/1351 1401/1108/1353
f 1402/1109/1354 1400/1107/1352 1401/1108/1353
f 1402/1109/1354 1401/1108/1353 1403/1110/1355
f 1404/1111/1356 1402/1109/1354 1403/1110/1355
f 1404/1111/1356 1403/1110/1355 1364/1071/1317
f 1375/1082/1327 1404/1111/1356 1364/1071/1317
f 1364/1071/1317 1403/1110/1355 1359/1066/1312
f 1403/1110/1355 1368/1075/1321 1359/1066/1312
f 1403/1110/1355 1401/1108/1353 1368/1075/1321
f 1401/1108/1353 1369/1076/1322 1368/1075/1321
f 1401/1108/1353 1399/1106/1351 1369/1076/1322
f 1399/1106/1351 1372/1079/1325 1369/1076/1322
f 1395/1102/1347 1396/1103/1348 1372/1079/1325
f 1399/1106/1351 1395/1102/1347 1372/1079/1325
f 1404/1111/1356 1375/1082/1327 1377/1084/1329
f 1380/1087/1332 1404/1111/1356 1377/1084/1329
f 1402/1109/1354 1404/1111/1356 1380/1087/1332
f 1400/1107/1352 1402/1109/1354 1382/1089/1334
f 1382/1089/1334 1402/1109/1354 1380/1087/1332
f 1383/1090/1335 1400/1107/1352 1382/1089/1334
f 1394/1101/1346 1400/1107/1352 1383/1090/1335
f 1371/1078/1324 1372/1079/1325 1396/1103/1348
f 1398/1105/1350 1371/1078/1324 1396/1103/1348
f 1407/1112/1357 1406/1113/1358 1405/1114/1359
f 1408/1115/1360 1407/1112/1357 1405/1114/1359
f 1405/1114/1359 1406/1113/1358 1409/1116/1361
f 1410/1117/1362 1405/1114/1359 1409/1116/1361
f 1408/1115/1360 1411/1118/1363 1407/1112/1357
f 1411/1118/1363 1412/1119/1364 1407/1112/1357
f 1406/1113/1358 1407/1112/1357 1413/1120/1365
f 1413/1120/1365 1407/1112/1357 1412/1119/1364
f 1414/1121/1366 1406/1113/1358 1413/1120/1365
f 1415/1122/1367 1413/1120/1365 1412/1119/1364
f 1406/1113/1358 1414/1121/1366 1416/1123/1368
f 1409/1116/1361 1406/1113/1358 1416/1123/1368
f 1415/1122/1367 1417/1124/1369 1413/1120/1365
f 1417/1124/1369 1418/1125/1370 1413/1120/1365
f 1414/1121/1366 1413/1120/1365 1418/1125/1370
f 1418/1125/1370 1417/1124/1369 1419/1126/1371
f 1417/1124/1369 1420/1127/1372 1419/1126/1371
f 1420/1127/1372 1417/1124/1369 1421/1128/1373
f 1417/1124/1369 1415/1122/1367 1421/1128/1373
f 1422/1129/1374 1420/1127/1372 1421/1128/1373
f 1419/1126/1371 1423/1130/1375 1418/1125/1370
f 1423/1130/1375 1424/1131/1376 1418/1125/1370
f 1424/1131/1376 1414/1121/1366 1418/1125/1370
f 1414/1121/1366 1424/1131/1376 1416/1123/1368
f 1423/1130/1375 1425/1132/1377 1424/1131/1376
f 1425/1132/1377 1426/1133/1378 1424/1131/1376
f 1424/1131/1376 1426/1133/1378 1416/1123/1368
f 1423/1130/1375 1419/1126/1371 1427/1134/1379
f 1428/1135/1380 1423/1130/1375 1427/1134/1379
f 1427/1134/1379 1429/1136/1381 1428/1135/1380
f 1429/1136/1381 1430/1137/1382 1428/1135/1380
f 1431/1138/1383 1429/1136/1381 1427/1134/1379
f 1432/1139/1384 1431/1138/1383 1427/1134/1379
f 1432/1139/1384 1427/1134/1379 1419/1126/1371
f 1420/1127/1372 1432/1139/1384 1419/1126/1371
f 1420/1127/1372 1422/1129/1374 1432/1139/1384
f 1432/1139/1384 1433/1140/1385 1431/1138/1383
f 1422/1129/1374 1433/1140/1385 1432/1139/1384
f 1431/1138/1383 1434/1141/1386 1429/1136/1381
f 1434/1141/1386 1435/1142/1387 1429/1136/1381
f 1429/1136/1381 1435/1142/1387 1430/1137/1382
f 1435/1142/1387 1436/1143/1388 1430/1137/1382
f 1430/1137/1382 1436/1143/1388 1437/1144/1389
f 1428/1135/1380 1430/1137/1382 1437/1144/1389
f 1436/1143/1388 1438/1145/1390 1437/1144/1389
f 1439/1146/1391 1428/1135/1380 1437/1144/1389
f 1428/1135/1380 1439/1146/1391 1440/1147/1392
f 1439/1146/1391 1441/1148/1393 1440/1147/1392
f 1423/1130/1375 1428/1135/1380 1440/1147/1392
f 1425/1132/1377 1423/1130/1375 1440/1147/1392
f 1442/1149/1394 1431/1138/1383 1433/1140/1385
f 1443/1150/1395 1442/1149/1394 1433/1140/1385
f 1444/1151/1396 1442/1149/1394 1443/1150/1395
f 1445/1152/1397 1444/1151/1396 1443/1150/1395
f 1443/1150/1395 1446/1153/1398 1445/1152/1397
f 1446/1153/1398 1447/1154/1399 1445/1152/1397
f 1444/1151/1396 1448/1155/1400 1442/1149/1394
f 1448/1155/1400 1449/1156/1401 1442/1149/1394
f 1446/1153/1398 1450/1157/1402 1447/1154/1399
f 1450/1157/1402 1451/1158/1403 1447/1154/1399
f 1451/1158/1403 1450/1157/1402 1452/1159/1404
f 1453/1160/1405 1451/1158/1403 1452/1159/1404
f 1453/1160/1405 1452/1159/1404 1454/1161/1406
f 1455/1162/1407 1453/1160/1405 1454/1161/1406
f 1455/1162/1407 1454/1161/1406 1456/1163/1408
f 1457/1164/1409 1455/1162/1407 1456/1163/1408
f 1456/1163/1408 1454/1161/1406 1412/1119/1364
f 1412/1119/1364 1454/1161/1406 1452/1159/1404
f 1411/1118/1363 1456/1163/1408 1412/1119/1364
f 1457/1164/1409 1458/1165/1410 1455/1162/1407
f 1458/1165/1410 1459/1166/1411 1455/1162/1407
f 1460/1167/1412 1459/1166/1411 1458/1165/1410
f 1461/1168/1413 1460/1167/1412 1458/1165/1410
f 1462/1169/1414 1460/1167/1412 1461/1168/1413
f 1463/1170/1415 1462/1169/1414 1461/1168/1413
f 1462/1169/1414 1464/1171/1416 1460/1167/1412
f 1464/1171/1416 1465/1172/1417 1460/1167/1412
f 1459/1166/1411 1460/1167/1412 1465/1172/1417
f 1464/1171/1416 1466/1173/1418 1465/1172/1417
f 1466/1173/1418 1467/1174/1419 1465/1172/1417
f 1467/1174/1419 1466/1173/1418 1468/1175/1420
f 1469/1176/1421 1467/1174/1419 1468/1175/1420
f 1469/1176/1421 1468/1175/1420 1470/1177/1422
f 1471/1178/1423 1469/1176/1421 1470/1177/1422
f 1470/1177/1422 1472/1179/1424 1471/1178/1423
f 1472/1179/1424 1473/1180/1425 1471/1178/1423
f 1472/1179/1424 1474/1181/1426 1473/1180/1425
f 1474/1181/1426 1475/1182/1427 1473/1180/1425
f 1463/1170/1415 1476/1183/1428 1462/1169/1414
f 1476/1183/1428 1477/1184/1429 1462/1169/1414
f 1464/1171/1416 1462/1169/1414 1477/1184/1429
f 1476/1183/1428 1478/1185/1430 1477/1184/1429
f 1479/1186/1431 1477/1184/1429 1478/1185/1430
f 1479/1186/1431 1464/1171/1416 1477/1184/1429
f 1480/1187/1432 1479/1186/1431 1478/1185/1430
f 1466/1173/1418 1480/1187/1432 1468/1175/1420
f 1480/1187/1432 1478/1185/1430 1481/1188/1433
f 1480/1187/1432 1481/1188/1433 1468/1175/1420
f 1481/1188/1433 1478/1185/1430 1482/1189/1434
f 1482/1189/1434 1470/1177/1422 1468/1175/1420
f 1481/1188/1433 1482/1189/1434 1468/1175/1420
f 1483/1190/1435 1482/1189/1434 1478/1185/1430
f 1483/1190/1435 1472/1179/1424 1470/1177/1422
f 1482/1189/1434 1483/1190/1435 1470/1177/1422
f 1483/1190/1435 1478/1185/1430 1484/1191/1436
f 1484/1191/1436 1474/1181/1426 1472/1179/1424
f 1483/1190/1435 1484/1191/1436 1472/1179/1424
f 1471/1178/1423 1473/1180/1425 1485/1192/1437
f 1473/1180/1425 1486/1193/1438 1485/1192/1437
f 1473/1180/1425 1475/1182/1427 1486/1193/1438
f 1475/1182/1427 1487/1194/1439 1486/1193/1438
f 1479/1186/1431 1480/1187/1432 1464/1171/1416
f 1480/1187/1432 1466/1173/1418 1464/1171/1416
f 1485/1192/1437 1486/1193/1438 1445/1152/1397
f 1486/1193/1438 1444/1151/1396 1445/1152/1397
f 1486/1193/1438 1487/1194/1439 1444/1151/1396
f 1487/1194/1439 1448/1155/1400 1444/1151/1396
f 1485/1192/1437 1445/1152/1397 1447/1154/1399
f 1488/1195/1440 1485/1192/1437 1447/1154/1399
f 1485/1192/1437 1488/1195/1440 1471/1178/1423
f 1488/1195/1440 1469/1176/1421 1471/1178/1423
f 1469/1176/1421 1488/1195/1440 1467/1174/1419
f 1488/1195/1440 1489/1196/1441 1467/1174/1419
f 1489/1196/1441 1488/1195/1440 1447/1154/1399
f 1489/1196/1441 1490/1197/1442 1467/1174/1419
f 1490/1197/1442 1465/1172/1417 1467/1174/1419
f 1490/1197/1442 1459/1166/1411 1465/1172/1417
f 1455/1162/1407 1459/1166/1411 1490/1197/1442
f 1453/1160/1405 1455/1162/1407 1490/1197/1442
f 1453/1160/1405 1490/1197/1442 1489/1196/1441
f 1451/1158/1403 1489/1196/1441 1447/1154/1399
f 1451/1158/1403 1453/1160/1405 1489/1196/1441
f 1493/1198/1443 1492/1199/1444 1491/1200/1445
f 1494/1201/1446 1493/1198/1443 1491/1200/1445
f 1495/1202/1447 1493/1198/1443 1494/1201/1446
f 1496/1203/1448 1495/1202/1447 1494/1201/1446
f 1495/1202/1447 1497/1204/1449 1493/1198/1443
f 1497/1204/1449 1498/1205/1450 1493/1198/1443
f 1493/1198/1443 1498/1205/1450 1492/1199/1444
f 1498/1205/1450 1499/1206/1451 1492/1199/1444
f 1491/1200/1445 1492/1199/1444 1500/1207/1452
f 1500/1207/1452 1492/1199/1444 1499/1206/1451
f 1501/1208/1453 1491/1200/1445 1500/1207/1452
f 1502/1209/1454 1500/1207/1452 1499/1206/1451
f 1501/1208/1453 1374/1081/1326 1491/1200/1445
f 1374/1081/1326 1366/1073/1319 1491/1200/1445
f 1494/1201/1446 1491/1200/1445 1366/1073/1319
f 1362/1069/1315 1494/1201/1446 1366/1073/1319
f 1496/1203/1448 1494/1201/1446 1362/1069/1315
f 1363/1070/1316 1496/1203/1448 1362/1069/1315
f 1497/1204/1449 1503/1210/1455 1498/1205/1450
f 1503/1210/1455 1504/1211/1456 1498/1205/1450
f 1498/1205/1450 1504/1211/1456 1499/1206/1451
f 1504/1211/1456 1505/1212/1457 1499/1206/1451
f 1499/1206/1451 1505/1212/1457 1506/1213/1458
f 1502/1209/1454 1499/1206/1451 1506/1213/1458
f 1509/1214/1459 1508/1215/1460 1507/1216/1461
f 1510/1217/1462 1509/1214/1459 1507/1216/1461
f 1510/1217/1462 1507/1216/1461 1511/1218/1463
f 1507/1216/1461 1512/1219/1464 1511/1218/1463
f 1510/1217/1462 1511/1218/1463 1513/1220/1465
f 1510/1217/1462 1513/1220/1465 1509/1214/1459
f 1511/1218/1463 1514/1221/1466 1513/1220/1465
f 1513/1220/1465 1515/1222/1467 1509/1214/1459
f 1515/1222/1467 1513/1220/1465 1516/1223/1468
f 1513/1220/1465 1517/1224/1469 1516/1223/1468
f 1516/1223/1468 1517/1224/1469 1518/1225/1470
f 1519/1226/1471 1516/1223/1468 1518/1225/1470
f 1517/1224/1469 1520/1227/1472 1518/1225/1470
f 1513/1220/1465 1514/1221/1466 1520/1227/1472
f 1517/1224/1469 1513/1220/1465 1520/1227/1472
f 1520/1227/1472 1521/1228/1473 1518/1225/1470
f 1518/1225/1470 1521/1228/1473 1522/1229/1474
f 1523/1230/1475 1518/1225/1470 1522/1229/1474
f 1519/1226/1471 1518/1225/1470 1523/1230/1475
f 1523/1230/1475 1522/1229/1474 1524/1231/1476
f 1525/1232/1477 1523/1230/1475 1524/1231/1476
f 1524/1231/1476 1526/1233/1478 1525/1232/1477
f 1526/1233/1478 1527/1234/1479 1525/1232/1477
f 1527/1234/1479 1526/1233/1478 1528/1235/1480
f 1529/1236/1481 1527/1234/1479 1528/1235/1480
f 1529/1236/1481 1528/1235/1480 1530/1237/1482
f 1531/1238/1483 1529/1236/1481 1530/1237/1482
f 1531/1238/1483 1530/1237/1482 1532/1239/1484
f 1533/1240/1485 1531/1238/1483 1532/1239/1484
f 1533/1240/1485 1532/1239/1484 1534/1241/1486
f 1535/1242/1487 1533/1240/1485 1534/1241/1486
f 1535/1242/1487 1534/1241/1486 1536/1243/1488
f 1537/1244/1489 1535/1242/1487 1536/1243/1488
f 1537/1244/1489 1536/1243/1488 1538/1245/1490
f 1539/1246/1491 1537/1244/1489 1538/1245/1490
f 1539/1246/1491 1538/1245/1490 1540/1247/1492
f 1541/1248/1493 1539/1246/1491 1540/1247/1492
f 1541/1248/1493 1540/1247/1492 1542/1249/1494
f 1543/1250/1495 1541/1248/1493 1542/1249/1494
f 1543/1250/1495 1542/1249/1494 1544/1251/1496
f 1545/1252/1497 1543/1250/1495 1544/1251/1496
f 1546/1253/1498 1535/1242/1487 1537/1244/1489
f 1547/1254/1499 1546/1253/1498 1537/1244/1489
f 1547/1254/1499 1537/1244/1489 1539/1246/1491
f 1548/1255/1500 1547/1254/1499 1539/1246/1491
f 1548/1255/1500 1539/1246/1491 1541/1248/1493
f 1549/1256/1501 1548/1255/1500 1541/1248/1493
f 1549/1256/1501 1541/1248/1493 1543/1250/1495
f 1550/1257/1502 1549/1256/1501 1543/1250/1495
f 1543/1250/1495 1545/1252/1497 1551/1258/1503
f 1550/1257/1502 1543/1250/1495 1551/1258/1503
f 1552/1259/1504 1545/1252/1497 1544/1251/1496
f 1545/1252/1497 1552/1259/1504 1551/1258/1503
f 1553/1260/1505 1552/1259/1504 1544/1251/1496
f 1554/1261/1506 1552/1259/1504 1553/1260/1505
f 1555/1262/1507 1554/1261/1506 1553/1260/1505
f 1556/1263/1508 1554/1261/1506 1555/1262/1507
f 1557/1264/1509 1556/1263/1508 1555/1262/1507
f 1558/1265/1510 1556/1263/1508 1557/1264/1509
f 1559/1266/1511 1558/1265/1510 1557/1264/1509
f 1560/1267/1512 1558/1265/1510 1559/1266/1511
f 1561/1268/1513 1560/1267/1512 1559/1266/1511
f 1562/1269/1514 1560/1267/1512 1561/1268/1513
f 1563/1270/1515 1562/1269/1514 1561/1268/1513
f 1564/1271/1516 1562/1269/1514 1563/1270/1515
f 1565/1272/1517 1564/1271/1516 1563/1270/1515
f 1566/1273/1518 1564/1271/1516 1565/1272/1517
f 1567/1274/1519 1566/1273/1518 1565/1272/1517
f 1568/1275/1520 1566/1273/1518 1567/1274/1519
f 1569/1276/1521 1568/1275/1520 1567/1274/1519
f 1568/1275/1520 1569/1276/1521 1570/1277/1522
f 1569/1276/1521 1571/1278/1523 1570/1277/1522
f 1572/1279/1524 1570/1277/1522 1571/1278/1523
f 1573/1280/1525 1572/1279/1524 1571/1278/1523
f 1572/1279/1524 1574/1281/1526 1570/1277/1522
f 1574/1281/1526 1575/1282/1527 1570/1277/1522
f 1570/1277/1522 1575/1282/1527 1568/1275/1520
f 1576/1283/1528 1572/1279/1524 1573/1280/1525
f 1577/1284/1529 1576/1283/1528 1573/1280/1525
f 1577/1284/1529 1578/1285/1530 1576/1283/1528
f 1578/1285/1530 1579/1286/1531 1576/1283/1528
f 1579/1286/1531 1580/1287/1532 1576/1283/1528
f 1580/1287/1532 1581/1288/1533 1576/1283/1528
f 1581/1288/1533 1574/1281/1526 1572/1279/1524
f 1576/1283/1528 1581/1288/1533 1572/1279/1524
f 1579/1286/1531 1582/1289/1534 1580/1287/1532
f 1582/1289/1534 1579/1286/1531 1578/1285/1530
f 1582/1289/1534 1583/1290/1535 1580/1287/1532
f 1583/1290/1535 1582/1289/1534 1584/1291/1536
f 1582/1289/1534 1585/1292/1537 1584/1291/1536
f 1584/1291/1536 1585/1292/1537 1586/1293/1538
f 1587/1294/1539 1584/1291/1536 1586/1293/1538
f 1586/1293/1538 1585/1292/1537 1588/1295/1540
f 1588/1295/1540 1585/1292/1537 1582/1289/1534
f 1589/1296/1541 1586/1293/1538 1588/1295/1540
f 1590/1297/1542 1588/1295/1540 1582/1289/1534
f 1590/1297/1542 1582/1289/1534 1578/1285/1530
f 1591/1298/1543 1584/1291/1536 1587/1294/1539
f 1583/1290/1535 1584/1291/1536 1591/1298/1543
f 1592/1299/1544 1591/1298/1543 1587/1294/1539
f 1591/1298/1543 1592/1299/1544 1593/1300/1545
f 1591/1298/1543 1593/1300/1545 1594/1301/1546
f 1595/1302/1547 1591/1298/1543 1594/1301/1546
f 1580/1287/1532 1583/1290/1535 1595/1302/1547
f 1595/1302/1547 1583/1290/1535 1591/1298/1543
f 1594/1301/1546 1596/1303/1548 1595/1302/1547
f 1596/1303/1548 1597/1304/1549 1595/1302/1547
f 1592/1299/1544 1598/1305/1550 1593/1300/1545
f 1596/1303/1548 1599/1306/1551 1597/1304/1549
f 1599/1306/1551 1600/1307/1552 1597/1304/1549
f 1599/1306/1551 1601/1308/1553 1600/1307/1552
f 1601/1308/1553 1602/1309/1554 1600/1307/1552
f 1601/1308/1553 1603/1310/1555 1602/1309/1554
f 1603/1310/1555 1604/1311/1556 1602/1309/1554
f 1604/1311/1556 1603/1310/1555 1605/1312/1557
f 1606/1313/1558 1604/1311/1556 1605/1312/1557
f 1606/1313/1558 1605/1312/1557 1607/1314/1559
f 1608/1315/1560 1606/1313/1558 1607/1314/1559
f 1608/1315/1560 1607/1314/1559 1609/1316/1561
f 1610/1317/1562 1608/1315/1560 1609/1316/1561
f 1610/1317/1562 1609/1316/1561 1611/1318/1563
f 1612/1319/1564 1610/1317/1562 1611/1318/1563
f 1612/1319/1564 1611/1318/1563 1613/1320/1565
f 1614/1321/1566 1612/1319/1564 1613/1320/1565
f 1614/1321/1566 1613/1320/1565 1615/1322/1567
f 1616/1323/1568 1614/1321/1566 1615/1322/1567
f 1616/1323/1568 1615/1322/1567 1617/1324/1569
f 1618/1325/1570 1616/1323/1568 1617/1324/1569
f 1618/1325/1570 1617/1324/1569 1619/1326/1571
f 1620/1327/1572 1618/1325/1570 1619/1326/1571
f 1620/1327/1572 1619/1326/1571 1621/1328/1573
f 1622/1329/1574 1620/1327/1572 1621/1328/1573
f 1621/1328/1573 1623/1330/1575 1622/1329/1574
f 1623/1330/1575 1624/1331/1576 1622/1329/1574
f 1623/1330/1575 1625/1332/1577 1624/1331/1576
f 1625/1332/1577 1626/1333/1578 1624/1331/1576
f 1625/1332/1577 1627/1334/1579 1626/1333/1578
f 1627/1334/1579 1628/1335/1580 1626/1333/1578
f 1627/1334/1579 1629/1336/1581 1628/1335/1580
f 1629/1336/1581 1630/1337/1582 1628/1335/1580
f 1629/1336/1581 1631/1338/1583 1630/1337/1582
f 1631/1338/1583 1632/1339/1584 1630/1337/1582
f 1631/1338/1583 1633/1340/1585 1632/1339/1584
f 1633/1340/1585 1634/1341/1586 1632/1339/1584
f 1633/1340/1585 1635/1342/1587 1634/1341/1586
f 1635/1342/1587 1636/1343/1588 1634/1341/1586
f 1635/1342/1587 1637/1344/1589 1636/1343/1588
f 1637/1344/1589 1638/1345/1590 1636/1343/1588
f 1637/1344/1589 1639/1346/1591 1638/1345/1590
f 1639/1346/1591 1640/1347/1592 1638/1345/1590
f 1640/1347/1592 1639/1346/1591 1641/1348/1593
f 1642/1349/1594 1640/1347/1592 1641/1348/1593
f 1642/1349/1594 1641/1348/1593 1643/1350/1595
f 1644/1351/1596 1642/1349/1594 1643/1350/1595
f 1641/1348/1593 1645/1352/1597 1643/1350/1595
f 1645/1352/1597 1646/1353/1598 1643/1350/1595
f 1644/1351/1596 1647/1354/1599 1642/1349/1594
f 1647/1354/1599 1644/1351/1596 1519/1226/1471
f 1647/1354/1599 1519/1226/1471 1523/1230/1475
f 1647/1354/1599 1523/1230/1475 1525/1232/1477
f 1648/1355/1600 1647/1354/1599 1525/1232/1477
f 1647/1354/1599 1648/1355/1600 1642/1349/1594
f 1648/1355/1600 1525/1232/1477 1527/1234/1479
f 1649/1356/1601 1648/1355/1600 1527/1234/1479
f 1649/1356/1601 1640/1347/1592 1642/1349/1594
f 1648/1355/1600 1649/1356/1601 1642/1349/1594
f 1649/1356/1601 1527/1234/1479 1650/1357/1602
f 1640/1347/1592 1649/1356/1601 1650/1357/1602
f 1527/1234/1479 1529/1236/1481 1650/1357/1602
f 1650/1357/1602 1529/1236/1481 1531/1238/1483
f 1651/1358/1603 1650/1357/1602 1531/1238/1483
f 1651/1358/1603 1531/1238/1483 1533/1240/1485
f 1652/1359/1604 1651/1358/1603 1533/1240/1485
f 1652/1359/1604 1533/1240/1485 1535/1242/1487
f 1546/1253/1498 1652/1359/1604 1535/1242/1487
f 1652/1359/1604 1546/1253/1498 1634/1341/1586
f 1546/1253/1498 1632/1339/1584 1634/1341/1586
f 1630/1337/1582 1632/1339/1584 1546/1253/1498
f 1547/1254/1499 1630/1337/1582 1546/1253/1498
f 1628/1335/1580 1630/1337/1582 1547/1254/1499
f 1548/1255/1500 1628/1335/1580 1547/1254/1499
f 1626/1333/1578 1628/1335/1580 1548/1255/1500
f 1549/1256/1501 1626/1333/1578 1548/1255/1500
f 1624/1331/1576 1626/1333/1578 1549/1256/1501
f 1550/1257/1502 1624/1331/1576 1549/1256/1501
f 1624/1331/1576 1550/1257/1502 1622/1329/1574
f 1550/1257/1502 1551/1258/1503 1622/1329/1574
f 1634/1341/1586 1636/1343/1588 1652/1359/1604
f 1636/1343/1588 1651/1358/1603 1652/1359/1604
f 1636/1343/1588 1638/1345/1590 1651/1358/1603
f 1638/1345/1590 1650/1357/1602 1651/1358/1603
f 1638/1345/1590 1640/1347/1592 1650/1357/1602
f 1551/1258/1503 1653/1360/1605 1622/1329/1574
f 1552/1259/1504 1653/1360/1605 1551/1258/1503
f 1654/1361/1606 1653/1360/1605 1552/1259/1504
f 1554/1261/1506 1654/1361/1606 1552/1259/1504
f 1655/1362/1607 1654/1361/1606 1554/1261/1506
f 1556/1263/1508 1655/1362/1607 1554/1261/1506
f 1656/1363/1608 1655/1362/1607 1556/1263/1508
f 1558/1265/1510 1656/1363/1608 1556/1263/1508
f 1657/1364/1609 1656/1363/1608 1558/1265/1510
f 1560/1267/1512 1657/1364/1609 1558/1265/1510
f 1658/1365/1610 1657/1364/1609 1560/1267/1512
f 1562/1269/1514 1658/1365/1610 1560/1267/1512
f 1659/1366/1611 1658/1365/1610 1562/1269/1514
f 1564/1271/1516 1659/1366/1611 1562/1269/1514
f 1660/1367/1612 1659/1366/1611 1564/1271/1516
f 1566/1273/1518 1660/1367/1612 1564/1271/1516
f 1566/1273/1518 1568/1275/1520 1660/1367/1612
f 1568/1275/1520 1661/1368/1613 1660/1367/1612
f 1575/1282/1527 1661/1368/1613 1568/1275/1520
f 1616/1323/1568 1655/1362/1607 1656/1363/1608
f 1616/1323/1568 1618/1325/1570 1655/1362/1607
f 1614/1321/1566 1616/1323/1568 1656/1363/1608
f 1614/1321/1566 1656/1363/1608 1657/1364/1609
f 1612/1319/1564 1614/1321/1566 1657/1364/1609
f 1657/1364/1609 1658/1365/1610 1610/1317/1562
f 1612/1319/1564 1657/1364/1609 1610/1317/1562
f 1608/1315/1560 1610/1317/1562 1658/1365/1610
f 1659/1366/1611 1608/1315/1560 1658/1365/1610
f 1606/1313/1558 1608/1315/1560 1659/1366/1611
f 1660/1367/1612 1606/1313/1558 1659/1366/1611
f 1604/1311/1556 1606/1313/1558 1660/1367/1612
f 1661/1368/1613 1604/1311/1556 1660/1367/1612
f 1661/1368/1613 1575/1282/1527 1602/1309/1554
f 1604/1311/1556 1661/1368/1613 1602/1309/1554
f 1602/1309/1554 1575/1282/1527 1600/1307/1552
f 1575/1282/1527 1574/1281/1526 1600/1307/1552
f 1600/1307/1552 1574/1281/1526 1581/1288/1533
f 1597/1304/1549 1600/1307/1552 1581/1288/1533
f 1580/1287/1532 1597/1304/1549 1581/1288/1533
f 1597/1304/1549 1580/1287/1532 1595/1302/1547
f 1618/1325/1570 1620/1327/1572 1654/1361/1606
f 1620/1327/1572 1653/1360/1605 1654/1361/1606
f 1653/1360/1605 1620/1327/1572 1622/1329/1574
f 1618/1325/1570 1654/1361/1606 1655/1362/1607
f 1664/1369/1614 1663/1370/1615 1662/1371/1616
f 1662/1371/1616 1663/1370/1615 1665/1372/1617
f 1663/1370/1615 1666/1373/1618 1665/1372/1617
f 1664/1369/1614 1662/1371/1616 1667/1374/1619
f 1668/1375/1620 1664/1369/1614 1667/1374/1619
f 1663/1370/1615 1664/1369/1614 1668/1375/1620
f 1669/1376/1621 1663/1370/1615 1668/1375/1620
f 1666/1373/1618 1663/1370/1615 1669/1376/1621
f 1662/1371/1616 1665/1372/1617 1670/1377/1622
f 1667/1374/1619 1662/1371/1616 1670/1377/1622
f 1671/1378/1623 1666/1373/1618 1669/1376/1621
f 1665/1372/1617 1666/1373/1618 1671/1378/1623
f 1670/1377/1622 1665/1372/1617 1671/1378/1623
f 1674/1379/1624 1673/1380/1625 1672/1381/1626
f 1675/1382/1627 1674/1379/1624 1672/1381/1626
f 1674/1379/1624 1676/1383/1628 1673/1380/1625
f 1676/1383/1628 1677/1384/1629 1673/1380/1625
f 1677/1384/1629 1676/1383/1628 1678/1385/1630
f 1679/1386/1631 1677/1384/1629 1678/1385/1630
f 1678/1385/1630 1680/1387/1632 1679/1386/1631
f 1680/1387/1632 1681/1388/1633 1679/1386/1631
f 1680/1387/1632 1682/1389/1634 1681/1388/1633
f 1682/1389/1634 1683/1390/1635 1681/1388/1633
f 1682/1389/1634 1684/1391/1636 1683/1390/1635
f 1684/1391/1636 1685/1392/1637 1683/1390/1635
f 1685/1392/1637 1684/1391/1636 1686/1393/1638
f 1687/1394/1639 1685/1392/1637 1686/1393/1638
f 1686/1393/1638 1688/1395/1640 1687/1394/1639
f 1688/1395/1640 1689/1396/1641 1687/1394/1639
f 1674/1379/1624 1675/1382/1627 1690/1397/1642
f 1691/1398/1643 1674/1379/1624 1690/1397/1642
f 1680/1387/1632 1678/1385/1630 1692/1399/1644
f 1693/1400/1645 1680/1387/1632 1692/1399/1644
f 1682/1389/1634 1680/1387/1632 1693/1400/1645
f 1694/1401/1646 1682/1389/1634 1693/1400/1645
f 1683/1390/1635 1695/1402/1647 1681/1388/1633
f 1695/1402/1647 1696/1403/1648 1681/1388/1633
f 1686/1393/1638 1684/1391/1636 1697/1404/1649
f 1698/1405/1650 1686/1393/1638 1697/1404/1649
f 1687/1394/1639 1699/1406/1651 1685/1392/1637
f 1699/1406/1651 1700/1407/1652 1685/1392/1637
f 1701/1408/1653 1699/1406/1651 1687/1394/1639
f 1689/1396/1641 1701/1408/1653 1687/1394/1639
f 1700/1407/1652 1695/1402/1647 1683/1390/1635
f 1685/1392/1637 1700/1407/1652 1683/1390/1635
f 1694/1401/1646 1697/1404/1649 1682/1389/1634
f 1697/1404/1649 1684/1391/1636 1682/1389/1634
f 1676/1383/1628 1674/1379/1624 1691/1398/1643
f 1692/1399/1644 1678/1385/1630 1676/1383/1628
f 1702/1409/1654 1692/1399/1644 1676/1383/1628
f 1702/1409/1654 1676/1383/1628 1691/1398/1643
f 1696/1403/1648 1703/1410/1655 1679/1386/1631
f 1679/1386/1631 1703/1410/1655 1704/1411/1656
f 1677/1384/1629 1679/1386/1631 1704/1411/1656
f 1677/1384/1629 1704/1411/1656 1673/1380/1625
f 1704/1411/1656 1705/1412/1657 1673/1380/1625
f 1673/1380/1625 1705/1412/1657 1672/1381/1626
f 1705/1412/1657 1706/1413/1658 1672/1381/1626
f 1681/1388/1633 1696/1403/1648 1679/1386/1631
f 1689/1396/1641 1708/1414/1659 1707/1415/1660
f 1689/1396/1641 1707/1415/1660 1701/1408/1653
f 1707/1415/1660 1709/1416/1661 1701/1408/1653
f 1708/1414/1659 1689/1396/1641 1710/1417/1662
f 1689/1396/1641 1688/1395/1640 1710/1417/1662
f 1711/1418/1663 1710/1417/1662 1688/1395/1640
f 1712/1419/1664 1711/1418/1663 1688/1395/1640
f 1712/1419/1664 1688/1395/1640 1686/1393/1638
f 1698/1405/1650 1712/1419/1664 1686/1393/1638
f 1281/988/1234 1282/989/1235 1713/1420/1665
f 1714/1421/1666 1281/988/1234 1713/1420/1665
f 1713/1420/1665 1282/989/1235 1284/991/1237
f 1302/1009/1255 1713/1420/1665 1284/991/1237
f 1302/1009/1255 1284/991/1237 1286/993/1239
f 1317/1024/1270 1714/1421/1666 1713/1420/1665
f 1315/1022/1268 1317/1024/1270 1713/1420/1665
f 1713/1420/1665 1302/1009/1255 1313/1020/1266
f 1315/1022/1268 1713/1420/1665 1313/1020/1266
f 1313/1020/1266 1302/1009/1255 1311/1018/1264
f 1302/1009/1255 1301/1008/1254 1311/1018/1264
f 1311/1018/1264 1301/1008/1254 1300/1007/1253
f 1305/1012/1258 1311/1018/1264 1300/1007/1253
f 1717/1422/1667 1716/1423/1668 1715/1424/1669
f 1718/1425/1670 1717/1422/1667 1715/1424/1669
f 1719/1426/1671 1717/1422/1667 1718/1425/1670
f 1720/1427/1672 1719/1426/1671 1718/1425/1670
f 1719/1426/1671 1720/1427/1672 1721/1428/1673
f 1720/1427/1672 1722/1429/1674 1721/1428/1673
f 1721/1428/1673 1722/1429/1674 1723/1430/1675
f 1722/1429/1674 1724/1431/1676 1723/1430/1675
f 1718/1425/1670 1715/1424/1669 1725/1432/1677
f 1726/1433/1678 1718/1425/1670 1725/1432/1677
f 1726/1433/1678 1725/1432/1677 1727/1434/1679
f 1728/1435/1680 1726/1433/1678 1727/1434/1679
f 1726/1433/1678 1728/1435/1680 1729/1436/1681
f 1718/1425/1670 1726/1433/1678 1729/1436/1681
f 1720/1427/1672 1718/1425/1670 1729/1436/1681
f 1720/1427/1672 1729/1436/1681 1722/1429/1674
f 1728/1435/1680 1730/1437/1682 1729/1436/1681
f 1729/1436/1681 1730/1437/1682 1731/1438/1683
f 1729/1436/1681 1731/1438/1683 1722/1429/1674
f 1722/1429/1674 1731/1438/1683 1724/1431/1676
f 1730/1437/1682 1732/1439/1684 1731/1438/1683
f 1731/1438/1683 1732/1439/1684 1733/1440/1685
f 1731/1438/1683 1733/1440/1685 1724/1431/1676
f 1732/1439/1684 1734/1441/1686 1733/1440/1685
f 1735/1442/1687 1733/1440/1685 1734/1441/1686
f 1736/1443/1688 1735/1442/1687 1734/1441/1686
f 1736/1443/1688 1734/1441/1686 1737/1444/1689
f 1734/1441/1686 1738/1445/1690 1737/1444/1689
f 1728/1435/1680 1727/1434/1679 1739/1446/1691
f 1728/1435/1680 1739/1446/1691 1730/1437/1682
f 1727/1434/1679 1740/1447/1692 1739/1446/1691
f 1732/1439/1684 1730/1437/1682 1741/1448/1693
f 1739/1446/1691 1741/1448/1693 1730/1437/1682
f 1742/1449/1694 1732/1439/1684 1741/1448/1693
f 1742/1449/1694 1738/1445/1690 1734/1441/1686
f 1732/1439/1684 1742/1449/1694 1734/1441/1686
f 1743/1450/1695 1378/1085/1330 1376/1083/1328
f 1743/1450/1695 1744/1451/1696 1378/1085/1330
f 1744/1451/1696 1745/1452/1697 1378/1085/1330
f 1378/1085/1330 1745/1452/1697 1379/1086/1331
f 1745/1452/1697 1746/1453/1698 1379/1086/1331
f 1379/1086/1331 1746/1453/1698 1381/1088/1333
f 1746/1453/1698 1747/1454/1699 1381/1088/1333
f 1381/1088/1333 1747/1454/1699 1384/1091/1336
f 1747/1454/1699 1748/1455/1700 1384/1091/1336
f 1384/1091/1336 1748/1455/1700 1385/1092/1337
f 1748/1455/1700 1749/1456/1701 1385/1092/1337
f 1385/1092/1337 1749/1456/1701 1387/1094/1339
f 1749/1456/1701 1750/1457/1702 1387/1094/1339
f 1387/1094/1339 1750/1457/1702 1390/1097/1342
f 1750/1457/1702 1751/1458/1703 1390/1097/1342
f 1390/1097/1342 1751/1458/1703 1391/1098/1343
f 1751/1458/1703 1752/1459/1704 1391/1098/1343
f 1755/1460/1705 1754/1461/1706 1753/1462/1707
f 1756/1463/1708 1754/1461/1706 1755/1460/1705
f 1757/1464/1709 1756/1463/1708 1755/1460/1705
f 1758/1465/1710 1756/1463/1708 1757/1464/1709
f 1759/1466/1711 1758/1465/1710 1757/1464/1709
f 1760/1467/1712 1758/1465/1710 1759/1466/1711
f 1761/1468/1713 1760/1467/1712 1759/1466/1711
f 1762/1469/1714 1760/1467/1712 1761/1468/1713
f 1763/1470/1715 1762/1469/1714 1761/1468/1713
f 1764/1471/1716 1762/1469/1714 1763/1470/1715
f 1765/1472/1717 1764/1471/1716 1763/1470/1715
f 1766/1473/1718 1764/1471/1716 1765/1472/1717
f 1767/1474/1719 1766/1473/1718 1765/1472/1717
f 1768/1475/1720 1766/1473/1718 1767/1474/1719
f 1769/1476/1721 1768/1475/1720 1767/1474/1719
f 1768/1475/1720 1770/1477/1722 1766/1473/1718
f 1768/1475/1720 1769/1476/1721 1770/1477/1722
f 1770/1477/1722 1771/1478/1723 1766/1473/1718
f 1766/1473/1718 1771/1478/1723 1764/1471/1716
f 1770/1477/1722 1772/1479/1724 1771/1478/1723
f 1773/1480/1725 1772/1479/1724 1770/1477/1722
f 1774/1481/1726 1773/1480/1725 1770/1477/1722
f 1769/1476/1721 1774/1481/1726 1770/1477/1722
f 1772/1479/1724 1775/1482/1727 1771/1478/1723
f 1771/1478/1723 1775/1482/1727 1776/1483/1728
f 1771/1478/1723 1776/1483/1728 1764/1471/1716
f 1764/1471/1716 1776/1483/1728 1762/1469/1714
f 1775/1482/1727 1777/1484/1729 1776/1483/1728
f 1776/1483/1728 1777/1484/1729 1778/1485/1730
f 1777/1484/1729 1779/1486/1731 1778/1485/1730
f 1778/1485/1730 1779/1486/1731 1780/1487/1732
f 1779/1486/1731 1781/1488/1733 1780/1487/1732
f 1780/1487/1732 1781/1488/1733 1782/1489/1734
f 1781/1488/1733 1783/1490/1735 1782/1489/1734
f 1782/1489/1734 1783/1490/1735 1784/1491/1736
f 1783/1490/1735 1785/1492/1737 1784/1491/1736
f 1784/1491/1736 1785/1492/1737 1786/1493/1738
f 1785/1492/1737 1787/1494/1739 1786/1493/1738
f 1786/1493/1738 1787/1494/1739 1788/1495/1740
f 1775/1482/1727 1789/1496/1741 1777/1484/1729
f 1790/1497/1742 1789/1496/1741 1775/1482/1727
f 1772/1479/1724 1790/1497/1742 1775/1482/1727
f 1789/1496/1741 1791/1498/1743 1777/1484/1729
f 1777/1484/1729 1791/1498/1743 1779/1486/1731
f 1791/1498/1743 1792/1499/1744 1779/1486/1731
f 1779/1486/1731 1792/1499/1744 1781/1488/1733
f 1792/1499/1744 1793/1500/1745 1781/1488/1733
f 1781/1488/1733 1793/1500/1745 1783/1490/1735
f 1793/1500/1745 1794/1501/1746 1783/1490/1735
f 1783/1490/1735 1794/1501/1746 1785/1492/1737
f 1794/1501/1746 1795/1502/1747 1785/1492/1737
f 1785/1492/1737 1795/1502/1747 1787/1494/1739
f 1795/1502/1747 1796/1503/1748 1787/1494/1739
f 1787/1494/1739 1796/1503/1748 1788/1495/1740
f 1796/1503/1748 1797/1504/1749 1788/1495/1740
f 1788/1495/1740 1797/1504/1749 1798/1505/1750
f 1788/1495/1740 1798/1505/1750 1799/1506/1751
f 1800/1507/1752 1799/1506/1751 1798/1505/1750
f 1798/1505/1750 1801/1508/1753 1800/1507/1752
f 1801/1508/1753 1802/1509/1754 1800/1507/1752
f 1753/1462/1707 1788/1495/1740 1799/1506/1751
f 1797/1504/1749 1803/1510/1755 1798/1505/1750
f 1798/1505/1750 1803/1510/1755 1801/1508/1753
f 1803/1510/1755 1804/1511/1756 1801/1508/1753
f 1803/1510/1755 1797/1504/1749 1805/1512/1757
f 1797/1504/1749 1806/1513/1758 1805/1512/1757
f 1797/1504/1749 1796/1503/1748 1806/1513/1758
f 1805/1512/1757 1806/1513/1758 1807/1514/1759
f 1805/1512/1757 1807/1514/1759 1808/1515/1760
f 1808/1515/1760 1809/1516/1761 1805/1512/1757
f 1803/1510/1755 1805/1512/1757 1809/1516/1761
f 1804/1511/1756 1803/1510/1755 1809/1516/1761
f 1808/1515/1760 1810/1517/1762 1809/1516/1761
f 1806/1513/1758 1811/1518/1763 1807/1514/1759
f 1806/1513/1758 1812/1519/1764 1811/1518/1763
f 1813/1520/1765 1812/1519/1764 1806/1513/1758
f 1813/1520/1765 1814/1521/1766 1812/1519/1764
f 1814/1521/1766 1815/1522/1767 1812/1519/1764
f 1814/1521/1766 1816/1523/1768 1815/1522/1767
f 1816/1523/1768 1817/1524/1769 1815/1522/1767
f 1816/1523/1768 1818/1525/1770 1817/1524/1769
f 1818/1525/1770 1819/1526/1771 1817/1524/1769
f 1818/1525/1770 1820/1527/1772 1819/1526/1771
f 1820/1527/1772 1821/1528/1773 1819/1526/1771
f 1820/1527/1772 1822/1529/1774 1821/1528/1773
f 1822/1529/1774 1823/1530/1775 1821/1528/1773
f 1822/1529/1774 1824/1531/1776 1823/1530/1775
f 1824/1531/1776 1825/1532/1777 1823/1530/1775
f 1824/1531/1776 1826/1533/1778 1825/1532/1777
f 1826/1533/1778 1827/1534/1779 1825/1532/1777
f 1826/1533/1778 1828/1535/1780 1827/1534/1779
f 1828/1535/1780 1829/1536/1781 1827/1534/1779
f 1830/1537/1782 1828/1535/1780 1826/1533/1778
f 1790/1497/1742 1826/1533/1778 1824/1531/1776
f 1789/1496/1741 1790/1497/1742 1824/1531/1776
f 1789/1496/1741 1824/1531/1776 1822/1529/1774
f 1791/1498/1743 1789/1496/1741 1822/1529/1774
f 1791/1498/1743 1822/1529/1774 1820/1527/1772
f 1792/1499/1744 1791/1498/1743 1820/1527/1772
f 1792/1499/1744 1820/1527/1772 1818/1525/1770
f 1793/1500/1745 1792/1499/1744 1818/1525/1770
f 1793/1500/1745 1818/1525/1770 1816/1523/1768
f 1794/1501/1746 1793/1500/1745 1816/1523/1768
f 1794/1501/1746 1816/1523/1768 1814/1521/1766
f 1795/1502/1747 1794/1501/1746 1814/1521/1766
f 1795/1502/1747 1814/1521/1766 1813/1520/1765
f 1796/1503/1748 1795/1502/1747 1813/1520/1765
f 1796/1503/1748 1813/1520/1765 1806/1513/1758
f 1831/1538/1783 1790/1497/1742 1772/1479/1724
f 1832/1539/1784 1831/1538/1783 1772/1479/1724
f 1773/1480/1725 1832/1539/1784 1772/1479/1724
f 1831/1538/1783 1830/1537/1782 1826/1533/1778
f 1790/1497/1742 1831/1538/1783 1826/1533/1778
f 1835/1540/1785 1834/1541/1786 1833/1542/1787
f 1836/1543/1788 1835/1540/1785 1833/1542/1787
f 1835/1540/1785 1837/1544/1789 1834/1541/1786
f 1837/1544/1789 1838/1545/1790 1834/1541/1786
f 1834/1541/1786 1838/1545/1790 1839/1546/1791
f 1840/1547/1792 1834/1541/1786 1839/1546/1791
f 1834/1541/1786 1840/1547/1792 1833/1542/1787
f 1840/1547/1792 1841/1548/1793 1833/1542/1787
f 1840/1547/1792 1839/1546/1791 1842/1549/1794
f 1843/1550/1795 1840/1547/1792 1842/1549/1794
f 1841/1548/1793 1840/1547/1792 1843/1550/1795
f 1844/1551/1796 1843/1550/1795 1842/1549/1794
f 1845/1552/1797 1844/1551/1796 1842/1549/1794
f 1844/1551/1796 1846/1553/1798 1843/1550/1795
f 1846/1553/1798 1847/1554/1799 1843/1550/1795
f 1833/1542/1787 1841/1548/1793 1847/1554/1799
f 1847/1554/1799 1841/1548/1793 1843/1550/1795
f 1847/1554/1799 1846/1553/1798 1848/1555/1800
f 1849/1556/1801 1847/1554/1799 1848/1555/1800
f 1848/1555/1800 1850/1557/1310 1849/1556/1801
f 1850/1557/1310 1851/1558/1802 1849/1556/1801
f 1851/1558/1802 1836/1543/1788 1849/1556/1801
f 1836/1543/1788 1833/1542/1787 1849/1556/1801
f 1849/1556/1801 1833/1542/1787 1847/1554/1799
f 1854/1559/1803 1853/1560/1804 1852/1561/1805
f 1855/1562/1806 1854/1559/1803 1852/1561/1805
f 1852/1561/1805 1853/1560/1804 1856/1563/1807
f 1853/1560/1804 1857/1564/1808 1856/1563/1807
f 1856/1563/1807 1857/1564/1808 1858/1565/1809
f 1857/1564/1808 1859/1566/1810 1858/1565/1809
f 1858/1565/1809 1859/1566/1810 1860/1567/1811
f 1859/1566/1810 1861/1568/1812 1860/1567/1811
f 1860/1567/1811 1861/1568/1812 1862/1569/1813
f 1861/1568/1812 1863/1570/1814 1862/1569/1813
f 1853/1560/1804 1854/1559/1803 1864/1571/1815
f 1857/1564/1808 1864/1571/1815 1859/1566/1810
f 1853/1560/1804 1864/1571/1815 1857/1564/1808
f 1854/1559/1803 1865/1572/1816 1864/1571/1815
f 1864/1571/1815 1865/1572/1816 1866/1573/1817
f 1859/1566/1810 1866/1573/1817 1861/1568/1812
f 1864/1571/1815 1866/1573/1817 1859/1566/1810
f 1865/1572/1816 1867/1574/1818 1866/1573/1817
f 1866/1573/1817 1867/1574/1818 1868/1575/1819
f 1861/1568/1812 1868/1575/1819 1863/1570/1814
f 1866/1573/1817 1868/1575/1819 1861/1568/1812
f 1867/1574/1818 1869/1576/1820 1868/1575/1819
f 1868/1575/1819 1869/1576/1820 1870/1577/1821
f 1868/1575/1819 1870/1577/1821 1863/1570/1814
f 1869/1576/1820 1871/1578/1822 1870/1577/1821
f 1871/1578/1822 1869/1576/1820 1872/1579/1823
f 1869/1576/1820 1873/1580/1824 1872/1579/1823
f 1869/1576/1820 1867/1574/1818 1873/1580/1824
f 1867/1574/1818 1874/1581/1825 1873/1580/1824
f 1867/1574/1818 1865/1572/1816 1874/1581/1825
f 1865/1572/1816 1875/1582/1826 1874/1581/1825
f 1865/1572/1816 1854/1559/1803 1875/1582/1826
f 1854/1559/1803 1876/1583/1827 1875/1582/1826
f 1876/1583/1827 1854/1559/1803 1877/1584/1828
f 1854/1559/1803 1855/1562/1806 1877/1584/1828
f 1876/1583/1827 1877/1584/1828 1878/1585/1829
f 1879/1586/1830 1876/1583/1827 1878/1585/1829
f 1875/1582/1826 1876/1583/1827 1879/1586/1830
f 1879/1586/1830 1878/1585/1829 1880/1587/1831
f 1881/1588/1832 1879/1586/1830 1880/1587/1831
f 1875/1582/1826 1879/1586/1830 1881/1588/1832
f 1874/1581/1825 1875/1582/1826 1881/1588/1832
f 1881/1588/1832 1880/1587/1831 1882/1589/1833
f 1883/1590/1834 1881/1588/1832 1882/1589/1833
f 1874/1581/1825 1881/1588/1832 1883/1590/1834
f 1873/1580/1824 1874/1581/1825 1883/1590/1834
f 1883/1590/1834 1882/1589/1833 1884/1591/1835
f 1885/1592/1836 1883/1590/1834 1884/1591/1835
f 1873/1580/1824 1883/1590/1834 1885/1592/1836
f 1872/1579/1823 1873/1580/1824 1885/1592/1836
f 1888/1593/1837 1887/1594/1838 1886/1595/1839
f 1889/1596/1840 1888/1593/1837 1886/1595/1839
f 1886/1595/1839 1887/1594/1838 1890/1597/1841
f 1887/1594/1838 1891/1598/1842 1890/1597/1841
f 1890/1597/1841 1891/1598/1842 1892/1599/1843
f 1891/1598/1842 1893/1600/1844 1892/1599/1843
f 1890/1597/1841 1892/1599/1843 1894/1601/1845
f 1892/1599/1843 1895/1602/1846 1894/1601/1845
f 1894/1601/1845 1895/1602/1846 1896/1603/1847
f 1895/1602/1846 1897/1604/1848 1896/1603/1847
f 1896/1603/1847 1897/1604/1848 1898/1605/1849
f 1897/1604/1848 1899/1606/1850 1898/1605/1849
f 1898/1605/1849 1899/1606/1850 1900/1607/1851
f 1899/1606/1850 1901/1608/1852 1900/1607/1851
f 1900/1607/1851 1901/1608/1852 1902/1609/1853
f 1901/1608/1852 1903/1610/1854 1902/1609/1853
f 1902/1609/1853 1903/1610/1854 1904/1611/1855
f 1903/1610/1854 1905/1612/1856 1904/1611/1855
f 1904/1611/1855 1905/1612/1856 1906/1613/1857
f 1905/1612/1856 1907/1614/1858 1906/1613/1857
f 1906/1613/1857 1907/1614/1858 1908/1615/1859
f 1907/1614/1858 1909/1616/1860 1908/1615/1859
f 1908/1615/1859 1909/1616/1860 1910/1617/1861
f 1909/1616/1860 1911/1618/1862 1910/1617/1861
f 1910/1617/1861 1911/1618/1862 1912/1619/1863
f 1911/1618/1862 1913/1620/1864 1912/1619/1863
f 1912/1619/1863 1913/1620/1864 1914/1621/1865
f 1913/1620/1864 1915/1622/1866 1914/1621/1865
f 1912/1619/1863 1914/1621/1865 1916/1623/1867
f 1917/1624/1868 1912/1619/1863 1916/1623/1867
f 1910/1617/1861 1912/1619/1863 1917/1624/1868
f 1917/1624/1868 1916/1623/1867 1918/1625/1869
f 1918/1625/1869 1916/1623/1867 1919/1626/1870
f 1916/1623/1867 1920/1627/1871 1919/1626/1870
f 1916/1623/1867 1914/1621/1865 1920/1627/1871
f 1921/1628/1872 1917/1624/1868 1918/1625/1869
f 1922/1629/1873 1917/1624/1868 1921/1628/1872
f 1922/1629/1873 1910/1617/1861 1917/1624/1868
f 1908/1615/1859 1910/1617/1861 1922/1629/1873
f 1923/1630/1874 1922/1629/1873 1921/1628/1872
f 1924/1631/1875 1922/1629/1873 1923/1630/1874
f 1925/1632/1876 1924/1631/1875 1923/1630/1874
f 1926/1633/1877 1924/1631/1875 1925/1632/1876
f 1927/1634/1878 1926/1633/1877 1925/1632/1876
f 1928/1635/1879 1926/1633/1877 1927/1634/1878
f 1929/1636/1880 1928/1635/1879 1927/1634/1878
f 1930/1637/1881 1928/1635/1879 1929/1636/1880
f 1931/1638/1882 1930/1637/1881 1929/1636/1880
f 1919/1626/1870 1920/1627/1871 1932/1639/1883
f 1920/1627/1871 1933/1640/1884 1932/1639/1883
f 1932/1639/1883 1933/1640/1884 1934/1641/1885
f 1933/1640/1884 1935/1642/1886 1934/1641/1885
f 1936/1643/1887 1930/1637/1881 1931/1638/1882
f 1937/1644/1888 1936/1643/1887 1931/1638/1882
f 1938/1645/1889 1936/1643/1887 1937/1644/1888
f 1939/1646/1890 1938/1645/1889 1937/1644/1888
f 1940/1647/1891 1938/1645/1889 1939/1646/1890
f 1941/1648/1892 1940/1647/1891 1939/1646/1890
f 1942/1649/1893 1940/1647/1891 1941/1648/1892
f 1943/1650/1894 1942/1649/1893 1941/1648/1892
f 1930/1637/1881 1902/1609/1853 1928/1635/1879
f 1900/1607/1851 1902/1609/1853 1930/1637/1881
f 1936/1643/1887 1900/1607/1851 1930/1637/1881
f 1898/1605/1849 1900/1607/1851 1936/1643/1887
f 1938/1645/1889 1898/1605/1849 1936/1643/1887
f 1896/1603/1847 1898/1605/1849 1938/1645/1889
f 1940/1647/1891 1896/1603/1847 1938/1645/1889
f 1894/1601/1845 1896/1603/1847 1940/1647/1891
f 1942/1649/1893 1894/1601/1845 1940/1647/1891
f 1890/1597/1841 1894/1601/1845 1942/1649/1893
f 1886/1595/1839 1890/1597/1841 1942/1649/1893
f 1886/1595/1839 1942/1649/1893 1943/1650/1894
f 1889/1596/1840 1886/1595/1839 1943/1650/1894
f 1902/1609/1853 1904/1611/1855 1928/1635/1879
f 1928/1635/1879 1904/1611/1855 1926/1633/1877
f 1904/1611/1855 1906/1613/1857 1926/1633/1877
f 1926/1633/1877 1906/1613/1857 1924/1631/1875
f 1906/1613/1857 1908/1615/1859 1924/1631/1875
f 1924/1631/1875 1908/1615/1859 1922/1629/1873
f 1776/1483/1728 1778/1485/1730 1762/1469/1714
f 1762/1469/1714 1778/1485/1730 1760/1467/1712
f 1778/1485/1730 1780/1487/1732 1760/1467/1712
f 1760/1467/1712 1780/1487/1732 1758/1465/1710
f 1780/1487/1732 1782/1489/1734 1758/1465/1710
f 1758/1465/1710 1782/1489/1734 1756/1463/1708
f 1782/1489/1734 1784/1491/1736 1756/1463/1708
f 1756/1463/1708 1784/1491/1736 1754/1461/1706
f 1784/1491/1736 1786/1493/1738 1754/1461/1706
f 1754/1461/1706 1786/1493/1738 1753/1462/1707
f 1786/1493/1738 1788/1495/1740 1753/1462/1707
f 1914/1621/1865 1915/1622/1866 1935/1642/1886
f 1933/1640/1884 1914/1621/1865 1935/1642/1886
f 1914/1621/1865 1933/1640/1884 1920/1627/1871
f 1946/1651/1895 1945/1652/1896 1944/1653/1897
f 1947/1654/1898 1946/1651/1895 1944/1653/1897
f 1946/1651/1895 1948/1655/1899 1945/1652/1896
f 1948/1655/1899 1949/1656/1900 1945/1652/1896
f 1947/1654/1898 1950/1657/1901 1946/1651/1895
f 1950/1657/1901 1951/1658/1902 1946/1651/1895
f 1946/1651/1895 1951/1658/1902 1948/1655/1899
f 1951/1658/1902 1952/1659/1903 1948/1655/1899
f 1947/1654/1898 1944/1653/1897 1953/1660/1320
f 1954/1661/1904 1947/1654/1898 1953/1660/1320
f 1954/1661/1904 1953/1660/1320 1955/1662/1905
f 1953/1660/1320 1956/1663/1906 1955/1662/1905
f 1956/1663/1906 1957/1664/1324 1955/1662/1905
f 1957/1664/1324 1958/1665/1907 1955/1662/1905
f 1951/1658/1902 1959/1666/1908 1952/1659/1903
f 1959/1666/1908 1960/1667/1909 1952/1659/1903
f 1961/1668/1910 1959/1666/1908 1951/1658/1902
f 1950/1657/1901 1961/1668/1910 1951/1658/1902
f 1962/1669/1911 1959/1666/1908 1961/1668/1910
f 1963/1670/1912 1962/1669/1911 1961/1668/1910
f 1963/1670/1912 1964/1671/1913 1962/1669/1911
f 1965/1672/1914 1964/1671/1913 1963/1670/1912
f 1966/1673/1915 1965/1672/1914 1963/1670/1912
f 1967/1674/1916 1965/1672/1914 1966/1673/1915
f 1968/1675/1917 1967/1674/1916 1966/1673/1915
f 1967/1674/1916 1968/1675/1917 1969/1676/1918
f 1970/1677/1919 1967/1674/1916 1969/1676/1918
f 1971/1678/1920 1970/1677/1919 1969/1676/1918
f 1972/1679/1921 1971/1678/1920 1969/1676/1918
f 1973/1680/1922 1971/1678/1920 1972/1679/1921
f 1974/1681/1923 1973/1680/1922 1972/1679/1921
f 1973/1680/1922 1974/1681/1923 1975/1682/1924
f 1976/1683/1925 1973/1680/1922 1975/1682/1924
f 1977/1684/1343 1976/1683/1925 1975/1682/1924
f 1978/1685/1926 1977/1684/1343 1975/1682/1924
f 1979/1686/1927 1975/1682/1924 1974/1681/1923
f 1980/1687/1928 1979/1686/1927 1974/1681/1923
f 1980/1687/1928 1972/1679/1921 1969/1676/1918
f 1974/1681/1923 1972/1679/1921 1980/1687/1928
f 1980/1687/1928 1981/1688/1929 1979/1686/1927
f 1981/1688/1929 1982/1689/1930 1979/1686/1927
f 1983/1690/1349 1979/1686/1927 1982/1689/1930
f 1983/1690/1349 1978/1685/1926 1975/1682/1924
f 1979/1686/1927 1983/1690/1349 1975/1682/1924
f 1984/1691/1350 1983/1690/1349 1982/1689/1930
f 1985/1692/1931 1981/1688/1929 1980/1687/1928
f 1986/1693/1932 1985/1692/1931 1980/1687/1928
f 1985/1692/1931 1986/1693/1932 1987/1694/1933
f 1986/1693/1932 1988/1695/1934 1987/1694/1933
f 1987/1694/1933 1988/1695/1934 1989/1696/1935
f 1988/1695/1934 1990/1697/1936 1989/1696/1935
f 1989/1696/1935 1990/1697/1936 1950/1657/1901
f 1990/1697/1936 1961/1668/1910 1950/1657/1901
f 1989/1696/1935 1950/1657/1901 1947/1654/1898
f 1954/1661/1904 1989/1696/1935 1947/1654/1898
f 1987/1694/1933 1989/1696/1935 1954/1661/1904
f 1955/1662/1905 1987/1694/1933 1954/1661/1904
f 1985/1692/1931 1987/1694/1933 1955/1662/1905
f 1958/1665/1907 1985/1692/1931 1955/1662/1905
f 1981/1688/1929 1985/1692/1931 1958/1665/1907
f 1982/1689/1930 1981/1688/1929 1958/1665/1907
f 1961/1668/1910 1990/1697/1936 1963/1670/1912
f 1990/1697/1936 1966/1673/1915 1963/1670/1912
f 1990/1697/1936 1988/1695/1934 1966/1673/1915
f 1988/1695/1934 1986/1693/1932 1968/1675/1917
f 1988/1695/1934 1968/1675/1917 1966/1673/1915
f 1986/1693/1932 1969/1676/1918 1968/1675/1917
f 1986/1693/1932 1980/1687/1928 1969/1676/1918
f 1958/1665/1907 1957/1664/1324 1982/1689/1930
f 1957/1664/1324 1984/1691/1350 1982/1689/1930
f 1993/1698/1937 1992/1699/1938 1991/1700/1939
f 1994/1701/1940 1993/1698/1937 1991/1700/1939
f 1993/1698/1937 1995/1702/1941 1992/1699/1938
f 1995/1702/1941 1996/1703/1942 1992/1699/1938
f 1997/1704/1943 1995/1702/1941 1993/1698/1937
f 1998/1705/1944 1997/1704/1943 1993/1698/1937
f 1998/1705/1944 1993/1698/1937 1994/1701/1940
f 1999/1706/1945 1998/1705/1944 1994/1701/1940
f 1994/1701/1940 1991/1700/1939 2000/1707/1946
f 1991/1700/1939 2001/1708/1947 2000/1707/1946
f 1994/1701/1940 2000/1707/1946 2002/1709/1948
f 1999/1706/1945 1994/1701/1940 2002/1709/1948
f 1960/1667/1909 2001/1708/1947 1991/1700/1939
f 1952/1659/1903 1960/1667/1909 1991/1700/1939
f 1991/1700/1939 1992/1699/1938 1952/1659/1903
f 1992/1699/1938 1948/1655/1899 1952/1659/1903
f 1992/1699/1938 1996/1703/1942 1948/1655/1899
f 1996/1703/1942 1949/1656/1900 1948/1655/1899
f 1999/1706/1945 2002/1709/1948 2003/1710/1949
f 2004/1711/1950 1999/1706/1945 2003/1710/1949
f 1999/1706/1945 2004/1711/1950 1998/1705/1944
f 2004/1711/1950 2005/1712/1951 1998/1705/1944
f 1998/1705/1944 2005/1712/1951 1997/1704/1943
f 2005/1712/1951 2006/1713/1952 1997/1704/1943
f 2009/1714/1953 2008/1715/1954 2007/1716/1669
f 2010/1717/1955 2009/1714/1953 2007/1716/1669
f 2009/1714/1953 2011/1718/1956 2008/1715/1954
f 2011/1718/1956 2012/1719/1957 2008/1715/1954
f 2012/1719/1957 2011/1718/1956 2013/1720/1958
f 2014/1721/1959 2012/1719/1957 2013/1720/1958
f 2014/1721/1959 2013/1720/1958 2015/1722/1960
f 2016/1723/1961 2014/1721/1959 2015/1722/1960
f 2007/1716/1669 2008/1715/1954 2017/1724/1677
f 2008/1715/1954 2018/1725/1962 2017/1724/1677
f 2017/1724/1677 2018/1725/1962 2019/1726/1679
f 2018/1725/1962 2020/1727/1963 2019/1726/1679
f 2020/1727/1963 2018/1725/1962 2021/1728/1964
f 2008/1715/1954 2012/1719/1957 2021/1728/1964
f 2018/1725/1962 2008/1715/1954 2021/1728/1964
f 2021/1728/1964 2012/1719/1957 2014/1721/1959
f 2022/1729/1965 2020/1727/1963 2021/1728/1964
f 2022/1729/1965 2021/1728/1964 2023/1730/1966
f 2023/1730/1966 2021/1728/1964 2014/1721/1959
f 2023/1730/1966 2014/1721/1959 2016/1723/1961
f 2024/1731/1967 2022/1729/1965 2023/1730/1966
f 2024/1731/1967 2023/1730/1966 2025/1732/1968
f 2025/1732/1968 2023/1730/1966 2016/1723/1961
f 2026/1733/1969 2024/1731/1967 2025/1732/1968
f 2025/1732/1968 2027/1734/1970 2026/1733/1969
f 2027/1734/1970 2028/1735/1971 2026/1733/1969
f 2026/1733/1969 2028/1735/1971 2029/1736/1972
f 2030/1737/1973 2026/1733/1969 2029/1736/1972
f 2019/1726/1679 2020/1727/1963 2031/1738/1974
f 2031/1738/1974 2020/1727/1963 2022/1729/1965
f 2032/1739/1975 2019/1726/1679 2031/1738/1974
f 2022/1729/1965 2024/1731/1967 2033/1740/1976
f 2033/1740/1976 2031/1738/1974 2022/1729/1965
f 2024/1731/1967 2034/1741/1977 2033/1740/1976
f 2034/1741/1977 2024/1731/1967 2026/1733/1969
f 2030/1737/1973 2034/1741/1977 2026/1733/1969
f 1964/1671/1913 2035/1742/1978 1962/1669/1911
f 2036/1743/1979 2035/1742/1978 1964/1671/1913
f 2037/1744/1980 2036/1743/1979 1964/1671/1913
f 2037/1744/1980 1964/1671/1913 1965/1672/1914
f 2038/1745/1981 2037/1744/1980 1965/1672/1914
f 2038/1745/1981 1965/1672/1914 1967/1674/1916
f 2039/1746/1982 2038/1745/1981 1967/1674/1916
f 2039/1746/1982 1967/1674/1916 1970/1677/1919
f 2040/1747/1983 2039/1746/1982 1970/1677/1919
f 2040/1747/1983 1970/1677/1919 1971/1678/1920
f 2041/1748/1984 2040/1747/1983 1971/1678/1920
f 2041/1748/1984 1971/1678/1920 1973/1680/1922
f 2042/1749/1985 2041/1748/1984 1973/1680/1922
f 2042/1749/1985 1973/1680/1922 1976/1683/1925
f 2043/1750/1986 2042/1749/1985 1976/1683/1925
f 2043/1750/1986 1976/1683/1925 1977/1684/1343
f 2044/1751/1987 2043/1750/1986 1977/1684/1343
f 2046/1752/1988 2045/1753/1989 1811/1518/1763
f 2046/1752/1988 2047/1754/1990 2045/1753/1989
f 2047/1754/1990 2048/1755/1991 2045/1753/1989
f 2047/1754/1990 2049/1756/1992 2048/1755/1991
f 2049/1756/1992 2050/1757/1993 2048/1755/1991
f 2049/1756/1992 2051/1758/1994 2050/1757/1993
f 2051/1758/1994 2052/1759/1995 2050/1757/1993
f 2051/1758/1994 2053/1760/1996 2052/1759/1995
f 2053/1760/1996 2054/1761/1997 2052/1759/1995
f 2053/1760/1996 2055/1762/1998 2054/1761/1997
f 2055/1762/1998 2056/1763/1999 2054/1761/1997
f 2055/1762/1998 2057/1764/2000 2056/1763/1999
f 2057/1764/2000 2058/1765/2001 2056/1763/1999
f 2057/1764/2000 2059/1766/2002 2058/1765/2001
f 2059/1766/2002 2060/1767/2003 2058/1765/2001
f 1827/1534/1779 2059/1766/2002 2057/1764/2000
f 2060/1767/2003 2059/1766/2002 1827/1534/1779
f 1825/1532/1777 1827/1534/1779 2057/1764/2000
f 1825/1532/1777 2057/1764/2000 2055/1762/1998
f 1823/1530/1775 1825/1532/1777 2055/1762/1998
f 1823/1530/1775 2055/1762/1998 2053/1760/1996
f 1821/1528/1773 1823/1530/1775 2053/1760/1996
f 1821/1528/1773 2053/1760/1996 2051/1758/1994
f 1819/1526/1771 1821/1528/1773 2051/1758/1994
f 1819/1526/1771 2051/1758/1994 2049/1756/1992
f 1817/1524/1769 1819/1526/1771 2049/1756/1992
f 1817/1524/1769 2049/1756/1992 2047/1754/1990
f 1815/1522/1767 1817/1524/1769 2047/1754/1990
f 1815/1522/1767 2047/1754/1990 2046/1752/1988
f 1812/1519/1764 1815/1522/1767 2046/1752/1988
f 1812/1519/1764 2046/1752/1988 1811/1518/1763
f 1829/1536/1781 2060/1767/2003 1827/1534/1779
f 2063/1768/2004 2062/1769/2005 2061/1770/2006
f 2064/1771/2007 2063/1768/2004 2061/1770/2006
f 2064/1771/2007 2061/1770/2006 2065/1772/2008
f 2066/1773/2009 2064/1771/2007 2065/1772/2008
f 2066/1773/2009 2065/1772/2008 2067/1774/1843
f 2068/1775/1844 2066/1773/2009 2067/1774/1843
f 2067/1774/1843 2065/1772/2008 2069/1776/2010
f 2070/1777/1846 2067/1774/1843 2069/1776/2010
f 2070/1777/1846 2069/1776/2010 2071/1778/2011
f 2072/1779/2012 2070/1777/1846 2071/1778/2011
f 2072/1779/2012 2071/1778/2011 2073/1780/2013
f 2074/1781/2014 2072/1779/2012 2073/1780/2013
f 2074/1781/2014 2073/1780/2013 2075/1782/2015
f 2076/1783/2016 2074/1781/2014 2075/1782/2015
f 2076/1783/2016 2075/1782/2015 2077/1784/2017
f 2078/1785/2018 2076/1783/2016 2077/1784/2017
f 2078/1785/2018 2077/1784/2017 2079/1786/2019
f 2080/1787/2020 2078/1785/2018 2079/1786/2019
f 2080/1787/2020 2079/1786/2019 2081/1788/2021
f 2082/1789/2022 2080/1787/2020 2081/1788/2021
f 2082/1789/2022 2081/1788/2021 2083/1790/2023
f 2084/1791/2024 2082/1789/2022 2083/1790/2023
f 2084/1791/2024 2083/1790/2023 2085/1792/2025
f 2086/1793/2026 2084/1791/2024 2085/1792/2025
f 2086/1793/2026 2085/1792/2025 2087/1794/2027
f 2088/1795/2028 2086/1793/2026 2087/1794/2027
f 2088/1795/2028 2087/1794/2027 2089/1796/2029
f 2090/1797/2030 2088/1795/2028 2089/1796/2029
f 2089/1796/2029 2087/1794/2027 2091/1798/2031
f 2087/1794/2027 2092/1799/2032 2091/1798/2031
f 2087/1794/2027 2085/1792/2025 2092/1799/2032
f 2091/1798/2031 2092/1799/2032 2093/1800/2033
f 2091/1798/2031 2093/1800/2033 2094/1801/2034
f 2095/1802/2035 2091/1798/2031 2094/1801/2034
f 2089/1796/2029 2091/1798/2031 2095/1802/2035
f 2092/1799/2032 2096/1803/2036 2093/1800/2033
f 2092/1799/2032 2097/1804/2037 2096/1803/2036
f 2085/1792/2025 2097/1804/2037 2092/1799/2032
f 2085/1792/2025 2083/1790/2023 2097/1804/2037
f 2097/1804/2037 2098/1805/2038 2096/1803/2036
f 2097/1804/2037 2099/1806/2039 2098/1805/2038
f 2099/1806/2039 2100/1807/2040 2098/1805/2038
f 2099/1806/2039 2101/1808/2041 2100/1807/2040
f 2101/1808/2041 2102/1809/2042 2100/1807/2040
f 2101/1808/2041 2103/1810/2043 2102/1809/2042
f 2103/1810/2043 2104/1811/2044 2102/1809/2042
f 2103/1810/2043 2105/1812/2045 2104/1811/2044
f 2105/1812/2045 2106/1813/2046 2104/1811/2044
f 2095/1802/2035 2094/1801/2034 2107/1814/2047
f 2108/1815/2048 2095/1802/2035 2107/1814/2047
f 2108/1815/2048 2107/1814/2047 2109/1816/2049
f 2110/1817/2050 2108/1815/2048 2109/1816/2049
f 2105/1812/2045 2111/1818/2051 2106/1813/2046
f 2111/1818/2051 2112/1819/2052 2106/1813/2046
f 2111/1818/2051 2113/1820/2053 2112/1819/2052
f 2113/1820/2053 2114/1821/2054 2112/1819/2052
f 2113/1820/2053 2115/1822/2055 2114/1821/2054
f 2115/1822/2055 2116/1823/2056 2114/1821/2054
f 2115/1822/2055 2117/1824/2057 2116/1823/2056
f 2117/1824/2057 2118/1825/2058 2116/1823/2056
f 2077/1784/2017 2105/1812/2045 2103/1810/2043
f 2075/1782/2015 2111/1818/2051 2105/1812/2045
f 2077/1784/2017 2075/1782/2015 2105/1812/2045
f 2073/1780/2013 2113/1820/2053 2111/1818/2051
f 2075/1782/2015 2073/1780/2013 2111/1818/2051
f 2071/1778/2011 2115/1822/2055 2113/1820/2053
f 2073/1780/2013 2071/1778/2011 2113/1820/2053
f 2069/1776/2010 2117/1824/2057 2115/1822/2055
f 2071/1778/2011 2069/1776/2010 2115/1822/2055
f 2069/1776/2010 2065/1772/2008 2117/1824/2057
f 2065/1772/2008 2061/1770/2006 2117/1824/2057
f 2117/1824/2057 2061/1770/2006 2118/1825/2058
f 2061/1770/2006 2062/1769/2005 2118/1825/2058
f 2079/1786/2019 2077/1784/2017 2103/1810/2043
f 2079/1786/2019 2103/1810/2043 2101/1808/2041
f 2081/1788/2021 2079/1786/2019 2101/1808/2041
f 2081/1788/2021 2101/1808/2041 2099/1806/2039
f 2083/1790/2023 2081/1788/2021 2099/1806/2039
f 2083/1790/2023 2099/1806/2039 2097/1804/2037
f 2089/1796/2029 2108/1815/2048 2110/1817/2050
f 2090/1797/2030 2089/1796/2029 2110/1817/2050
f 2108/1815/2048 2089/1796/2029 2095/1802/2035
f 2121/1826/2059 2120/1827/2060 2119/1828/2061
f 2122/1829/2062 2121/1826/2059 2119/1828/2061
f 2121/1826/2059 2123/1830/2063 2120/1827/2060
f 2123/1830/2063 2124/1831/2064 2120/1827/2060
f 2123/1830/2063 2125/1832/2065 2124/1831/2064
f 2125/1832/2065 2126/1833/2066 2124/1831/2064
f 2125/1832/2065 2127/1834/2067 2126/1833/2066
f 2127/1834/2067 2128/1835/2068 2126/1833/2066
f 2127/1834/2067 2129/1836/2069 2128/1835/2068
f 2129/1836/2069 2130/1837/2070 2128/1835/2068
f 2122/1829/2062 2119/1828/2061 2131/1838/2071
f 2132/1839/2072 2122/1829/2062 2131/1838/2071
f 2131/1838/2071 2133/1840/2073 2132/1839/2072
f 2133/1840/2073 2134/1841/2074 2132/1839/2072
f 2119/1828/2061 2120/1827/2060 2135/1842/2075
f 2124/1831/2064 2126/1833/2066 2136/1843/2076
f 2124/1831/2064 2136/1843/2076 2137/1844/2077
f 2135/1842/2075 2137/1844/2077 2138/1845/2078
f 2135/1842/2075 2138/1845/2078 2139/1846/2079
f 2140/1847/2080 2135/1842/2075 2139/1846/2079
f 2119/1828/2061 2135/1842/2075 2140/1847/2080
f 2131/1838/2071 2119/1828/2061 2140/1847/2080
f 2139/1846/2079 2141/1848/2081 2140/1847/2080
f 2141/1848/2081 2142/1849/2082 2140/1847/2080
f 2142/1849/2082 2133/1840/2073 2131/1838/2071
f 2140/1847/2080 2142/1849/2082 2131/1838/2071
f 2137/1844/2077 2143/1850/2083 2138/1845/2078
f 2137/1844/2077 2136/1843/2076 2143/1850/2083
f 2136/1843/2076 2144/1851/2084 2143/1850/2083
f 2136/1843/2076 2145/1852/2085 2144/1851/2084
f 2145/1852/2085 2146/1853/2086 2144/1851/2084
f 2145/1852/2085 2147/1854/2087 2146/1853/2086
f 2147/1854/2087 2148/1855/2088 2146/1853/2086
f 2147/1854/2087 2149/1856/2089 2148/1855/2088
f 2149/1856/2089 2150/1857/2090 2148/1855/2088
f 2149/1856/2089 2151/1858/2091 2150/1857/2090
f 2151/1858/2091 2152/1859/2092 2150/1857/2090
f 2141/1848/2081 2153/1860/2093 2142/1849/2082
f 2153/1860/2093 2154/1861/2094 2142/1849/2082
f 2154/1861/2094 2153/1860/2093 2155/1862/2095
f 2156/1863/2096 2154/1861/2094 2155/1862/2095
f 2155/1862/2095 2157/1864/2097 2156/1863/2096
f 2157/1864/2097 2158/1865/2098 2156/1863/2096
f 2157/1864/2097 2159/1866/2099 2158/1865/2098
f 2159/1866/2099 2160/1867/2100 2158/1865/2098
f 2146/1853/2086 2148/1855/2088 2161/1868/2101
f 2146/1853/2086 2161/1868/2101 2162/1869/2102
f 2144/1851/2084 2146/1853/2086 2162/1869/2102
f 2144/1851/2084 2162/1869/2102 2163/1870/2103
f 2143/1850/2083 2144/1851/2084 2163/1870/2103
f 2143/1850/2083 2163/1870/2103 2164/1871/2104
f 2138/1845/2078 2143/1850/2083 2164/1871/2104
f 2138/1845/2078 2164/1871/2104 2165/1872/2105
f 2139/1846/2079 2138/1845/2078 2165/1872/2105
f 2165/1872/2105 2166/1873/2106 2139/1846/2079
f 2166/1873/2106 2141/1848/2081 2139/1846/2079
f 2159/1866/2099 2157/1864/2097 2167/1874/2107
f 2157/1864/2097 2168/1875/2108 2167/1874/2107
f 2168/1875/2108 2157/1864/2097 2169/1876/2109
f 2157/1864/2097 2155/1862/2095 2169/1876/2109
f 2169/1876/2109 2155/1862/2095 2153/1860/2093
f 2170/1877/2110 2169/1876/2109 2153/1860/2093
f 2170/1877/2110 2153/1860/2093 2141/1848/2081
f 2166/1873/2106 2170/1877/2110 2141/1848/2081
f 2173/1878/2111 2172/1879/2112 2171/1880/2113
f 2174/1881/2114 2173/1878/2111 2171/1880/2113
f 2173/1878/2111 2175/1882/2115 2172/1879/2112
f 2175/1882/2115 2176/1883/2116 2172/1879/2112
f 2175/1882/2115 2177/1884/2117 2176/1883/2116
f 2177/1884/2117 2178/1885/2118 2176/1883/2116
f 2177/1884/2117 2179/1886/2119 2178/1885/2118
f 2179/1886/2119 2180/1887/2120 2178/1885/2118
f 2179/1886/2119 2181/1888/2121 2180/1887/2120
f 2181/1888/2121 2182/1889/2122 2180/1887/2120
f 2174/1881/2114 2171/1880/2113 2183/1890/2123
f 2184/1891/2124 2174/1881/2114 2183/1890/2123
f 2183/1890/2123 2185/1892/2125 2184/1891/2124
f 2185/1892/2125 2186/1893/2126 2184/1891/2124
f 2187/1894/2127 2173/1878/2111 2174/1881/2114
f 2188/1895/2128 2187/1894/2127 2174/1881/2114
f 2188/1895/2128 2174/1881/2114 2184/1891/2124
f 2189/1896/2129 2187/1894/2127 2188/1895/2128
f 2190/1897/2130 2189/1896/2129 2188/1895/2128
f 2190/1897/2130 2188/1895/2128 2191/1898/2131
f 2184/1891/2124 2186/1893/2126 2191/1898/2131
f 2191/1898/2131 2188/1895/2128 2184/1891/2124
f 2192/1899/2132 2190/1897/2130 2191/1898/2131
f 2191/1898/2131 2193/1900/2133 2192/1899/2132
f 2186/1893/2126 2193/1900/2133 2191/1898/2131
f 2193/1900/2133 2194/1901/2134 2192/1899/2132
f 2189/1896/2129 2195/1902/2135 2187/1894/2127
f 2195/1902/2135 2196/1903/2136 2187/1894/2127
f 2195/1902/2135 2197/1904/2137 2196/1903/2136
f 2197/1904/2137 2198/1905/2138 2196/1903/2136
f 2197/1904/2137 2199/1906/2139 2198/1905/2138
f 2199/1906/2139 2200/1907/2140 2198/1905/2138
f 2199/1906/2139 2201/1908/2141 2200/1907/2140
f 2201/1908/2141 2202/1909/2142 2200/1907/2140
f 2201/1908/2141 2203/1910/2143 2202/1909/2142
f 2203/1910/2143 2204/1911/2144 2202/1909/2142
f 2193/1900/2133 2205/1912/2145 2194/1901/2134
f 2205/1912/2145 2206/1913/2146 2194/1901/2134
f 2206/1913/2146 2205/1912/2145 2207/1914/2147
f 2208/1915/2148 2206/1913/2146 2207/1914/2147
f 2207/1914/2147 2209/1916/2149 2208/1915/2148
f 2209/1916/2149 2210/1917/2150 2208/1915/2148
f 2210/1917/2150 2209/1916/2149 2211/1918/2151
f 2212/1919/2152 2210/1917/2150 2211/1918/2151
f 2198/1905/2138 2200/1907/2140 2177/1884/2117
f 2198/1905/2138 2177/1884/2117 2175/1882/2115
f 2196/1903/2136 2198/1905/2138 2175/1882/2115
f 2196/1903/2136 2175/1882/2115 2173/1878/2111
f 2187/1894/2127 2196/1903/2136 2173/1878/2111
f 2208/1915/2148 2210/1917/2150 2213/1920/2153
f 2210/1917/2150 2212/1919/2152 2213/1920/2153
f 2214/1921/2154 2208/1915/2148 2213/1920/2153
f 2212/1919/2152 2215/1922/2155 2213/1920/2153
f 2208/1915/2148 2214/1921/2154 2216/1923/2156
f 2206/1913/2146 2208/1915/2148 2216/1923/2156
f 2206/1913/2146 2216/1923/2156 2217/1924/2157
f 2218/1925/2158 2206/1913/2146 2217/1924/2157
f 2218/1925/2158 2219/1926/2159 2206/1913/2146
f 2219/1926/2159 2194/1901/2134 2206/1913/2146
f 2192/1899/2132 2194/1901/2134 2219/1926/2159
f 2220/1927/2160 2192/1899/2132 2219/1926/2159
f 2192/1899/2132 2220/1927/2160 2221/1928/2161
f 2221/1928/2161 2222/1929/2162 2192/1899/2132
f 2222/1929/2162 2190/1897/2130 2192/1899/2132
f 2222/1929/2162 2223/1930/2163 2190/1897/2130
f 2223/1930/2163 2189/1896/2129 2190/1897/2130
f 2223/1930/2163 2224/1931/2164 2189/1896/2129
f 2224/1931/2164 2195/1902/2135 2189/1896/2129
f 2224/1931/2164 2225/1932/2165 2195/1902/2135
f 2225/1932/2165 2197/1904/2137 2195/1902/2135
f 2225/1932/2165 2226/1933/2166 2197/1904/2137
f 2226/1933/2166 2199/1906/2139 2197/1904/2137
f 2226/1933/2166 2227/1934/2167 2199/1906/2139
f 2227/1934/2167 2201/1908/2141 2199/1906/2139
f 2227/1934/2167 2228/1935/2168 2201/1908/2141
f 2228/1935/2168 2203/1910/2143 2201/1908/2141
f 2228/1935/2168 2229/1936/2169 2203/1910/2143
f 2229/1936/2169 2230/1937/2170 2203/1910/2143
f 2230/1937/2170 2229/1936/2169 2231/1938/2171
f 2230/1937/2170 2231/1938/2171 2232/1939/2172
f 2233/1940/2173 2230/1937/2170 2232/1939/2172
f 2232/1939/2172 2234/1941/2174 2233/1940/2173
f 2234/1941/2174 2235/1942/2175 2233/1940/2173
f 2229/1936/2169 2236/1943/2176 2231/1938/2171
f 2234/1941/2174 2237/1944/2177 2235/1942/2175
f 2237/1944/2177 2238/1945/2178 2235/1942/2175
f 2236/1943/2176 2239/1946/2179 2231/1938/2171
f 2239/1946/2179 2240/1947/2180 2231/1938/2171
f 2231/1938/2171 2240/1947/2180 2232/1939/2172
f 2240/1947/2180 2241/1948/2181 2232/1939/2172
f 2232/1939/2172 2241/1948/2181 2234/1941/2174
f 2230/1937/2170 2233/1940/2173 2204/1911/2144
f 2203/1910/2143 2230/1937/2170 2204/1911/2144
f 2235/1942/2175 2238/1945/2178 2242/1949/2182
f 2243/1950/2183 2235/1942/2175 2242/1949/2182
f 2233/1940/2173 2235/1942/2175 2243/1950/2183
f 2204/1911/2144 2233/1940/2173 2243/1950/2183
f 2243/1950/2183 2242/1949/2182 2244/1951/2184
f 2245/1952/2185 2243/1950/2183 2244/1951/2184
f 2243/1950/2183 2245/1952/2185 2182/1889/2122
f 2181/1888/2121 2243/1950/2183 2182/1889/2122
f 2204/1911/2144 2243/1950/2183 2181/1888/2121
f 2202/1909/2142 2204/1911/2144 2181/1888/2121
f 2202/1909/2142 2181/1888/2121 2179/1886/2119
f 2200/1907/2140 2202/1909/2142 2179/1886/2119
f 2200/1907/2140 2179/1886/2119 2177/1884/2117
f 2241/1948/2181 2240/1947/2180 2246/1953/2186
f 2247/1954/2187 2241/1948/2181 2246/1953/2186
f 2241/1948/2181 2247/1954/2187 2248/1955/2188
f 2247/1954/2187 2249/1956/2189 2248/1955/2188
f 2247/1954/2187 2250/1957/2190 2249/1956/2189
f 2250/1957/2190 2251/1958/2191 2249/1956/2189
f 2249/1956/2189 2251/1958/2191 2252/1959/2192
f 2251/1958/2191 2253/1960/2193 2252/1959/2192
f 2249/1956/2189 2252/1959/2192 2254/1961/2194
f 2248/1955/2188 2249/1956/2189 2254/1961/2194
f 2248/1955/2188 2254/1961/2194 2255/1962/2195
f 2254/1961/2194 2256/1963/2196 2255/1962/2195
f 2248/1955/2188 2255/1962/2195 2237/1944/2177
f 2234/1941/2174 2248/1955/2188 2237/1944/2177
f 2241/1948/2181 2248/1955/2188 2234/1941/2174
f 2247/1954/2187 2246/1953/2186 2257/1964/2197
f 2250/1957/2190 2247/1954/2187 2257/1964/2197
f 2246/1953/2186 2258/1965/2198 2257/1964/2197
f 2258/1965/2198 2246/1953/2186 2240/1947/2180
f 2239/1946/2179 2258/1965/2198 2240/1947/2180
f 2258/1965/2198 2259/1966/2199 2257/1964/2197
f 2120/1827/2060 2137/1844/2077 2135/1842/2075
f 2120/1827/2060 2124/1831/2064 2137/1844/2077
f 2126/1833/2066 2145/1852/2085 2136/1843/2076
f 2126/1833/2066 2128/1835/2068 2145/1852/2085
f 2128/1835/2068 2147/1854/2087 2145/1852/2085
f 2128/1835/2068 2130/1837/2070 2147/1854/2087
f 2130/1837/2070 2149/1856/2089 2147/1854/2087
f 2130/1837/2070 2260/1967/2200 2149/1856/2089
f 2261/1968/2201 2260/1967/2200 2130/1837/2070
f 2260/1967/2200 2261/1968/2201 2262/1969/2202
f 2261/1968/2201 2263/1970/2203 2262/1969/2202
f 2129/1836/2069 2261/1968/2201 2130/1837/2070
f 2260/1967/2200 2151/1858/2091 2149/1856/2089
f 2262/1969/2202 2264/1971/2204 2260/1967/2200
f 2264/1971/2204 2265/1972/2205 2260/1967/2200
f 2260/1967/2200 2265/1972/2205 2151/1858/2091
f 2265/1972/2205 2264/1971/2204 2266/1973/2206
f 2265/1972/2205 2266/1973/2206 2267/1974/2207
f 2268/1975/2208 2265/1972/2205 2267/1974/2207
f 2265/1972/2205 2268/1975/2208 2151/1858/2091
f 2268/1975/2208 2267/1974/2207 2269/1976/2209
f 2270/1977/2210 2268/1975/2208 2269/1976/2209
f 2270/1977/2210 2269/1976/2209 2271/1978/2211
f 2272/1979/2212 2270/1977/2210 2271/1978/2211
f 2264/1971/2204 2273/1980/2213 2266/1973/2206
f 2270/1977/2210 2272/1979/2212 2274/1981/2214
f 2152/1859/2092 2270/1977/2210 2274/1981/2214
f 2268/1975/2208 2270/1977/2210 2152/1859/2092
f 2151/1858/2091 2268/1975/2208 2152/1859/2092
f 2152/1859/2092 2274/1981/2214 2275/1982/2215
f 2150/1857/2090 2152/1859/2092 2275/1982/2215
f 2150/1857/2090 2275/1982/2215 2276/1983/2216
f 2148/1855/2088 2150/1857/2090 2276/1983/2216
f 2148/1855/2088 2276/1983/2216 2161/1868/2101
f 2269/1976/2209 2277/1984/2217 2271/1978/2211
f 2277/1984/2217 2278/1985/2218 2271/1978/2211
f 2279/1986/2219 2278/1985/2218 2277/1984/2217
f 2280/1987/2220 2279/1986/2219 2277/1984/2217
f 2280/1987/2220 2277/1984/2217 2281/1988/2221
f 2282/1989/2222 2280/1987/2220 2281/1988/2221
f 2282/1989/2222 2283/1990/2223 2280/1987/2220
f 2284/1991/2224 2283/1990/2223 2282/1989/2222
f 2285/1992/2225 2284/1991/2224 2282/1989/2222
f 2282/1989/2222 2281/1988/2221 2285/1992/2225
f 2286/1993/2226 2284/1991/2224 2285/1992/2225
f 2287/1994/2227 2286/1993/2226 2285/1992/2225
f 2283/1990/2223 2288/1995/2228 2280/1987/2220
f 2280/1987/2220 2288/1995/2228 2279/1986/2219
f 2288/1995/2228 2289/1996/2229 2279/1986/2219
f 2287/1994/2227 2285/1992/2225 2290/1997/2230
f 2281/1988/2221 2290/1997/2230 2285/1992/2225
f 2291/1998/2231 2287/1994/2227 2290/1997/2230
f 2291/1998/2231 2290/1997/2230 2292/1999/2232
f 2290/1997/2230 2293/2000/2233 2292/1999/2232
f 2293/2000/2233 2290/1997/2230 2266/1973/2206
f 2273/1980/2213 2293/2000/2233 2266/1973/2206
f 2267/1974/2207 2266/1973/2206 2290/1997/2230
f 2281/1988/2221 2267/1974/2207 2290/1997/2230
f 2267/1974/2207 2281/1988/2221 2269/1976/2209
f 2281/1988/2221 2277/1984/2217 2269/1976/2209
f 2295/2001/2234 2294/2002/2235 2207/1914/2147
f 2205/1912/2145 2295/2001/2234 2207/1914/2147
f 2205/1912/2145 2193/1900/2133 2295/2001/2234
f 2193/1900/2133 2186/1893/2126 2295/2001/2234
f 2294/2002/2235 2295/2001/2234 2296/2003/2236
f 2297/2004/2237 2294/2002/2235 2296/2003/2236
f 2295/2001/2234 2186/1893/2126 2185/1892/2125
f 2296/2003/2236 2295/2001/2234 2185/1892/2125
f 2298/2005/2238 2133/1840/2073 2142/1849/2082
f 2154/1861/2094 2298/2005/2238 2142/1849/2082
f 2298/2005/2238 2299/2006/2239 2133/1840/2073
f 2300/2007/2237 2299/2006/2239 2298/2005/2238
f 2301/2008/2240 2300/2007/2237 2298/2005/2238
f 2299/2006/2239 2134/1841/2074 2133/1840/2073
f 2298/2005/2238 2154/1861/2094 2156/1863/2096
f 2301/2008/2240 2298/2005/2238 2156/1863/2096
f 2311/2009/2241 2312/2010/2242 2313/2011/2243
f 2314/2012/2244 2311/2009/2241 2313/2011/2243
f 2310/2013/2245 2311/2009/2241 2314/2012/2244
f 2307/2014/2246 2308/2015/2247 2315/2016/2248
f 2316/2017/2249 2307/2014/2246 2315/2016/2248
f 2306/2018/2250 2307/2014/2246 2316/2017/2249
f 2317/2019/2251 2306/2018/2250 2316/2017/2249
f 2305/2020/2252 2306/2018/2250 2317/2019/2251
f 2318/2021/2253 2305/2020/2252 2317/2019/2251
f 2305/2020/2252 2318/2021/2253 2304/2022/2254
f 2318/2021/2253 2319/2023/2255 2304/2022/2254
f 2303/2024/2256 2304/2022/2254 2319/2023/2255
f 2320/2025/2257 2303/2024/2256 2319/2023/2255
f 2302/2026/2258 2303/2024/2256 2320/2025/2257
f 2321/2027/2259 2302/2026/2258 2320/2025/2257
f 2318/2021/2253 2322/2028/2213 2319/2023/2255
f 2322/2028/2213 2323/2029/2260 2319/2023/2255
f 2320/2025/2257 2319/2023/2255 2323/2029/2260
f 2324/2030/2261 2320/2025/2257 2323/2029/2260
f 2321/2027/2259 2320/2025/2257 2324/2030/2261
f 2325/2031/2184 2321/2027/2259 2324/2030/2261
f 2316/2017/2249 2315/2016/2248 2326/2032/2262
f 2326/2032/2262 2315/2016/2248 2327/2033/2263
f 2315/2016/2248 2328/2034/2264 2327/2033/2263
f 2315/2016/2248 2308/2015/2247 2328/2034/2264
f 2308/2015/2247 2309/2035/2265 2328/2034/2264
f 2329/2036/2266 2328/2034/2264 2309/2035/2265
f 2310/2013/2245 2329/2036/2266 2309/2035/2265
f 2329/2036/2266 2310/2013/2245 2314/2012/2244
f 2329/2036/2266 2314/2012/2244 2330/2037/2267
f 2330/2037/2267 2314/2012/2244 2331/2038/2184
f 2314/2012/2244 2313/2011/2243 2331/2038/2184
f 2332/2039/2268 2329/2036/2266 2330/2037/2267
f 2332/2039/2268 2327/2033/2263 2328/2034/2264
f 2329/2036/2266 2332/2039/2268 2328/2034/2264
f 2333/2040/2232 2316/2017/2249 2326/2032/2262
f 2317/2019/2251 2316/2017/2249 2333/2040/2232
f 2334/2041/2269 2317/2019/2251 2333/2040/2232
f 2318/2021/2253 2317/2019/2251 2334/2041/2269
f 2322/2028/2213 2318/2021/2253 2334/2041/2269
f 2220/1927/2160 2335/2042/2270 2221/1928/2161
f 2338/2043/2271 2337/2044/2272 2336/2045/2273
f 2339/2046/2274 2338/2043/2271 2336/2045/2273
f 2340/2047/2275 2336/2045/2273 2337/2044/2272
f 2341/2048/2276 2340/2047/2275 2337/2044/2272
f 2341/2048/2276 2342/2049/2277 2340/2047/2275
f 2342/2049/2277 2343/2050/2278 2340/2047/2275
f 2344/2051/2279 2342/2049/2277 2341/2048/2276
f 2345/2052/2280 2344/2051/2279 2341/2048/2276
f 2346/2053/2281 2344/2051/2279 2345/2052/2280
f 2347/2054/2282 2346/2053/2281 2345/2052/2280
f 2342/2049/2277 2348/2055/2283 2343/2050/2278
f 2348/2055/2283 2349/2056/2284 2343/2050/2278
f 2348/2055/2283 2350/2057/2285 2349/2056/2284
f 2350/2057/2285 2351/2058/2275 2349/2056/2284
f 2352/2059/2286 2350/2057/2285 2348/2055/2283
f 2353/2060/2287 2352/2059/2286 2348/2055/2283
f 2353/2060/2287 2348/2055/2283 2342/2049/2277
f 2344/2051/2279 2353/2060/2287 2342/2049/2277
f 2354/2061/2288 2352/2059/2286 2353/2060/2287
f 2355/2062/2289 2354/2061/2288 2353/2060/2287
f 2355/2062/2289 2353/2060/2287 2344/2051/2279
f 2346/2053/2281 2355/2062/2289 2344/2051/2279
f 2350/2057/2285 2356/2063/2290 2351/2058/2275
f 2356/2063/2290 2357/2064/2291 2351/2058/2275
f 2356/2063/2290 2358/2065/2292 2357/2064/2291
f 2358/2065/2292 2359/2066/2293 2357/2064/2291
f 2360/2067/2294 2358/2065/2292 2356/2063/2290
f 2361/2068/2295 2360/2067/2294 2356/2063/2290
f 2361/2068/2295 2356/2063/2290 2350/2057/2285
f 2352/2059/2286 2361/2068/2295 2350/2057/2285
f 2362/2069/2296 2360/2067/2294 2361/2068/2295
f 2363/2070/2297 2362/2069/2296 2361/2068/2295
f 2363/2070/2297 2361/2068/2295 2352/2059/2286
f 2354/2061/2288 2363/2070/2297 2352/2059/2286
f 2358/2065/2292 2364/2071/2298 2359/2066/2293
f 2364/2071/2298 2365/2072/2299 2359/2066/2293
f 2364/2071/2298 2366/2073/2300 2365/2072/2299
f 2366/2073/2300 2367/2074/2301 2365/2072/2299
f 2368/2075/2302 2366/2073/2300 2364/2071/2298
f 2369/2076/2303 2368/2075/2302 2364/2071/2298
f 2369/2076/2303 2364/2071/2298 2358/2065/2292
f 2360/2067/2294 2369/2076/2303 2358/2065/2292
f 2370/2077/2304 2368/2075/2302 2369/2076/2303
f 2371/2078/2305 2370/2077/2304 2369/2076/2303
f 2371/2078/2305 2369/2076/2303 2360/2067/2294
f 2362/2069/2296 2371/2078/2305 2360/2067/2294
f 2367/2074/2301 2372/2079/2306 2365/2072/2299
f 2372/2079/2306 2373/2080/2307 2365/2072/2299
f 2365/2072/2299 2373/2080/2307 2359/2066/2293
f 2372/2079/2306 2374/2081/2308 2373/2080/2307
f 2374/2081/2308 2375/2082/2309 2373/2080/2307
f 2374/2081/2308 2376/2083/2310 2375/2082/2309
f 2376/2083/2310 2377/2084/2311 2375/2082/2309
f 2373/2080/2307 2375/2082/2309 2378/2085/2312
f 2373/2080/2307 2378/2085/2312 2359/2066/2293
f 2359/2066/2293 2378/2085/2312 2357/2064/2291
f 2378/2085/2312 2379/2086/2313 2357/2064/2291
f 2378/2085/2312 2380/2087/2314 2379/2086/2313
f 2375/2082/2309 2380/2087/2314 2378/2085/2312
f 2375/2082/2309 2377/2084/2311 2380/2087/2314
f 2380/2087/2314 2381/2088/2315 2379/2086/2313
f 2380/2087/2314 2382/2089/2316 2381/2088/2315
f 2377/2084/2311 2382/2089/2316 2380/2087/2314
f 2382/2089/2316 2383/2090/2317 2381/2088/2315
f 2357/2064/2291 2379/2086/2313 2351/2058/2275
f 2379/2086/2313 2384/2091/2318 2351/2058/2275
f 2379/2086/2313 2381/2088/2315 2384/2091/2318
f 2351/2058/2275 2384/2091/2318 2349/2056/2284
f 2384/2091/2318 2385/2092/2319 2349/2056/2284
f 2384/2091/2318 2386/2093/2320 2385/2092/2319
f 2381/2088/2315 2386/2093/2320 2384/2091/2318
f 2381/2088/2315 2383/2090/2317 2386/2093/2320
f 2386/2093/2320 2387/2094/2321 2385/2092/2319
f 2386/2093/2320 2388/2095/2322 2387/2094/2321
f 2383/2090/2317 2388/2095/2322 2386/2093/2320
f 2388/2095/2322 2389/2096/2323 2387/2094/2321
f 2349/2056/2284 2385/2092/2319 2343/2050/2278
f 2385/2092/2319 2390/2097/2324 2343/2050/2278
f 2385/2092/2319 2387/2094/2321 2390/2097/2324
f 2343/2050/2278 2390/2097/2324 2340/2047/2275
f 2390/2097/2324 2391/2098/2325 2340/2047/2275
f 2390/2097/2324 2392/2099/2326 2391/2098/2325
f 2387/2094/2321 2392/2099/2326 2390/2097/2324
f 2387/2094/2321 2389/2096/2323 2392/2099/2326
f 2392/2099/2326 2393/2100/2327 2391/2098/2325
f 2392/2099/2326 2394/2101/2328 2393/2100/2327
f 2389/2096/2323 2394/2101/2328 2392/2099/2326
f 2394/2101/2328 2395/2102/2329 2393/2100/2327
f 2340/2047/2275 2391/2098/2325 2396/2103/2330
f 2336/2045/2273 2340/2047/2275 2396/2103/2330
f 2336/2045/2273 2396/2103/2330 2397/2104/2331
f 2339/2046/2274 2336/2045/2273 2397/2104/2331
f 2391/2098/2325 2393/2100/2327 2398/2105/2332
f 2396/2103/2330 2391/2098/2325 2398/2105/2332
f 2396/2103/2330 2398/2105/2332 2399/2106/2333
f 2396/2103/2330 2399/2106/2333 2397/2104/2331
f 2398/2105/2332 2400/2107/2334 2399/2106/2333
f 2401/2108/2335 2400/2107/2334 2398/2105/2332
f 2402/2109/2336 2401/2108/2335 2398/2105/2332
f 2393/2100/2327 2395/2102/2329 2402/2109/2336
f 2398/2105/2332 2393/2100/2327 2402/2109/2336
f 2405/2110/2337 2404/2111/2338 2403/2112/2339
f 2406/2113/2340 2405/2110/2337 2403/2112/2339
f 2406/2113/2340 2403/2112/2339 2407/2114/2341
f 2403/2112/2339 2337/2044/2272 2407/2114/2341
f 2341/2048/2276 2337/2044/2272 2403/2112/2339
f 2345/2052/2280 2341/2048/2276 2403/2112/2339
f 2345/2052/2280 2403/2112/2339 2404/2111/2338
f 2347/2054/2282 2345/2052/2280 2404/2111/2338
f 2338/2043/2271 2407/2114/2341 2337/2044/2272
f 2409/2115/2342 2408/2116/2343 1623/1330/1575
f 1621/1328/1573 2409/2115/2342 1623/1330/1575
f 1623/1330/1575 2408/2116/2343 1625/1332/1577
f 2408/2116/2343 2410/2117/2344 1625/1332/1577
f 1625/1332/1577 2410/2117/2344 1627/1334/1579
f 2410/2117/2344 2411/2118/2345 1627/1334/1579
f 1627/1334/1579 2411/2118/2345 1629/1336/1581
f 2411/2118/2345 2412/2119/2346 1629/1336/1581
f 1629/1336/1581 2412/2119/2346 1631/1338/1583
f 2412/2119/2346 2413/2120/2347 1631/1338/1583
f 1631/1338/1583 2413/2120/2347 1633/1340/1585
f 2413/2120/2347 2414/2121/2348 1633/1340/1585
f 1633/1340/1585 2414/2121/2348 1635/1342/1587
f 2414/2121/2348 2415/2122/2349 1635/1342/1587
f 1635/1342/1587 2415/2122/2349 1637/1344/1589
f 2415/2122/2349 2416/2123/2350 1637/1344/1589
f 1637/1344/1589 2416/2123/2350 1639/1346/1591
f 2416/2123/2350 2417/2124/2351 1639/1346/1591
f 1639/1346/1591 2417/2124/2351 1641/1348/1593
f 2417/2124/2351 1645/1352/1597 1641/1348/1593
f 2409/2115/2342 1621/1328/1573 1619/1326/1571
f 2418/2125/2352 2409/2115/2342 1619/1326/1571
f 2418/2125/2352 1619/1326/1571 1617/1324/1569
f 2419/2126/2353 2418/2125/2352 1617/1324/1569
f 2419/2126/2353 1617/1324/1569 1615/1322/1567
f 2420/2127/2354 2419/2126/2353 1615/1322/1567
f 2420/2127/2354 1615/1322/1567 1613/1320/1565
f 2421/2128/2355 2420/2127/2354 1613/1320/1565
f 2421/2128/2355 1613/1320/1565 1611/1318/1563
f 2422/2129/2356 2421/2128/2355 1611/1318/1563
f 2422/2129/2356 1611/1318/1563 1609/1316/1561
f 2423/2130/2357 2422/2129/2356 1609/1316/1561
f 2423/2130/2357 1609/1316/1561 1607/1314/1559
f 2424/2131/2358 2423/2130/2357 1607/1314/1559
f 2424/2131/2358 1607/1314/1559 1605/1312/1557
f 2425/2132/2359 2424/2131/2358 1605/1312/1557
f 2425/2132/2359 1605/1312/1557 1603/1310/1555
f 2426/2133/2360 2425/2132/2359 1603/1310/1555
f 2426/2133/2360 1603/1310/1555 1601/1308/1553
f 2427/2134/2361 2426/2133/2360 1601/1308/1553
f 2428/2135/2362 2427/2134/2361 1601/1308/1553
f 1599/1306/1551 2428/2135/2362 1601/1308/1553
f 2428/2135/2362 1599/1306/1551 1596/1303/1548
f 2429/2136/2363 2428/2135/2362 1596/1303/1548
f 2429/2136/2363 1596/1303/1548 1594/1301/1546
f 2430/2137/2364 2429/2136/2363 1594/1301/1546
f 2430/2137/2364 1594/1301/1546 1593/1300/1545
f 2431/2138/2365 2430/2137/2364 1593/1300/1545
f 2431/2138/2365 1593/1300/1545 1598/1305/1550
f 2432/2139/2366 2431/2138/2365 1598/1305/1550
f 2435/2140/2367 2434/2141/2368 2433/2142/2369
f 2436/2143/2370 2435/2140/2367 2433/2142/2369
f 2433/2142/2369 2437/2144/2371 2436/2143/2370
f 2437/2144/2371 2438/2145/2372 2436/2143/2370
f 2435/2140/2367 2439/2146/2373 2434/2141/2368
f 2439/2146/2373 2440/2147/2374 2434/2141/2368
f 2437/2144/2371 1644/1351/1596 2438/2145/2372
f 1644/1351/1596 1643/1350/1595 2438/2145/2372
f 2434/2141/2368 2440/2147/2374 1508/1215/1460
f 1509/1214/1459 2434/2141/2368 1508/1215/1460
f 1516/1223/1468 2437/2144/2371 2433/2142/2369
f 1515/1222/1467 1516/1223/1468 2433/2142/2369
f 1515/1222/1467 2433/2142/2369 2434/2141/2368
f 1509/1214/1459 1515/1222/1467 2434/2141/2368
f 1643/1350/1595 1646/1353/1598 2438/2145/2372
f 1646/1353/1598 2441/2148/2375 2438/2145/2372
f 2438/2145/2372 2441/2148/2375 2436/2143/2370
f 2435/2140/2367 2442/2149/2376 2439/2146/2373
f 2435/2140/2367 2436/2143/2370 2442/2149/2376
f 2442/2149/2376 2443/2150/2377 2439/2146/2373
f 2441/2148/2375 2444/2151/2378 2436/2143/2370
f 2436/2143/2370 2444/2151/2378 2442/2149/2376
f 2437/2144/2371 1516/1223/1468 1519/1226/1471
f 1644/1351/1596 2437/2144/2371 1519/1226/1471
f 1350/1057/1303 2445/2152/2379 1348/1055/1301
f 2445/2152/2379 1344/1051/1297 1348/1055/1301
f 1415/1122/1367 1412/1119/1364 1452/1159/1404
f 1415/1122/1367 1452/1159/1404 1450/1157/1402
f 1421/1128/1373 1415/1122/1367 1450/1157/1402
f 1422/1129/1374 1421/1128/1373 1450/1157/1402
f 1446/1153/1398 1422/1129/1374 1450/1157/1402
f 1446/1153/1398 1443/1150/1395 1422/1129/1374
f 1443/1150/1395 1433/1140/1385 1422/1129/1374
f 1449/1156/1401 1434/1141/1386 1431/1138/1383
f 1442/1149/1394 1449/1156/1401 1431/1138/1383
f 2448/1370/2380 2447/1369/2381 2446/1371/2382
f 2448/1370/2380 2446/1371/2382 2449/1372/2383
f 2450/1373/2384 2448/1370/2380 2449/1372/2383
f 2446/1371/2382 2447/1369/2381 2451/1374/2385
f 2447/1369/2381 2452/1375/2386 2451/1374/2385
f 2447/1369/2381 2448/1370/2380 2452/1375/2386
f 2448/1370/2380 2453/1376/2387 2452/1375/2386
f 2448/1370/2380 2450/1373/2384 2453/1376/2387
f 2446/1371/2382 2451/1374/2385 2454/1377/2388
f 2449/1372/2383 2446/1371/2382 2454/1377/2388
f 2450/1373/2384 2455/1378/2389 2453/1376/2387
f 2449/1372/2383 2454/1377/2388 2455/1378/2389
f 2450/1373/2384 2449/1372/2383 2455/1378/2389
f 2458/1379/2390 2457/1382/2391 2456/1381/2392
f 2459/1380/2393 2458/1379/2390 2456/1381/2392
f 2460/1383/2394 2458/1379/2390 2459/1380/2393
f 2461/1384/2395 2460/1383/2394 2459/1380/2393
f 2460/1383/2394 2461/1384/2395 2462/1385/2396
f 2461/1384/2395 2463/1386/2397 2462/1385/2396
f 2464/1387/2398 2462/1385/2396 2463/1386/2397
f 2465/1388/2399 2464/1387/2398 2463/1386/2397
f 2466/1389/2400 2464/1387/2398 2465/1388/2399
f 2467/1390/2401 2466/1389/2400 2465/1388/2399
f 2468/1391/2402 2466/1389/2400 2467/1390/2401
f 2469/1392/2403 2468/1391/2402 2467/1390/2401
f 2468/1391/2402 2469/1392/2403 2470/1393/2404
f 2469/1392/2403 2471/1394/2405 2470/1393/2404
f 2472/1395/2406 2470/1393/2404 2471/1394/2405
f 2473/1396/2407 2472/1395/2406 2471/1394/2405
f 2462/1385/2396 2464/1387/2398 2474/1399/2408
f 2462/1385/2396 2474/1399/2408 2460/1383/2394
f 2464/1387/2398 2475/1400/2409 2474/1399/2408
f 2464/1387/2398 2466/1389/2400 2475/1400/2409
f 2466/1389/2400 2476/1401/2410 2475/1400/2409
f 2463/1386/2397 2461/1384/2395 2477/1411/2411
f 2478/1410/2412 2463/1386/2397 2477/1411/2411
f 2479/1402/2413 2467/1390/2401 2465/1388/2399
f 2480/1403/2414 2479/1402/2413 2465/1388/2399
f 2478/1410/2412 2480/1403/2414 2463/1386/2397
f 2480/1403/2414 2465/1388/2399 2463/1386/2397
f 2468/1391/2402 2470/1393/2404 2481/1404/2415
f 2470/1393/2404 2482/1405/2416 2481/1404/2415
f 2483/1419/2417 2482/1405/2416 2470/1393/2404
f 2472/1395/2406 2483/1419/2417 2470/1393/2404
f 2481/1404/2415 2476/1401/2410 2466/1389/2400
f 2468/1391/2402 2481/1404/2415 2466/1389/2400
f 2477/1411/2411 2461/1384/2395 2459/1380/2393
f 2484/1412/2418 2477/1411/2411 2459/1380/2393
f 2484/1412/2418 2459/1380/2393 2456/1381/2392
f 2485/1413/2419 2484/1412/2418 2456/1381/2392
f 2486/1418/2420 2483/1419/2417 2472/1395/2406
f 2487/1417/2421 2486/1418/2420 2472/1395/2406
f 2472/1395/2406 2473/1396/2407 2487/1417/2421
f 2473/1396/2407 2488/1414/2422 2487/1417/2421
f 2488/1414/2422 2473/1396/2407 2489/1415/2423
f 2489/1415/2423 2473/1396/2407 2490/1408/2424
f 2490/1408/2424 2473/1396/2407 2471/1394/2405
f 2491/1406/2425 2490/1408/2424 2471/1394/2405
f 2491/1406/2425 2471/1394/2405 2469/1392/2403
f 2492/1407/2426 2491/1406/2425 2469/1392/2403
f 2492/1407/2426 2469/1392/2403 2467/1390/2401
f 2479/1402/2413 2492/1407/2426 2467/1390/2401
f 2493/1416/2427 2489/1415/2423 2490/1408/2424
f 2458/1379/2390 2495/1398/2428 2494/1397/2429
f 2457/1382/2391 2458/1379/2390 2494/1397/2429
f 2458/1379/2390 2460/1383/2394 2495/1398/2428
f 2460/1383/2394 2496/1409/2430 2495/1398/2428
f 2474/1399/2408 2496/1409/2430 2460/1383/2394
f 1320/1027/1273 1309/1016/1262 1303/1010/1256
f 1322/1029/1275 1320/1027/1273 1303/1010/1256
f 1349/1056/1302 1322/1029/1275 1303/1010/1256
f 1324/1031/1277 1322/1029/1275 1349/1056/1302
f 1299/1006/1252 1304/1011/1257 1309/1016/1262
f 1306/1013/1259 1299/1006/1252 1309/1016/1262
f 2499/1540/2431 2498/1543/2432 2497/1542/2433
f 2500/1541/2434 2499/1540/2431 2497/1542/2433
f 2501/1544/1789 2499/1540/2431 2500/1541/2434
f 2502/1545/1790 2501/1544/1789 2500/1541/2434
f 2502/1545/1790 2500/1541/2434 2503/1546/2435
f 2500/1541/2434 2504/1547/2436 2503/1546/2435
f 2504/1547/2436 2500/1541/2434 2497/1542/2433
f 2505/1548/2437 2504/1547/2436 2497/1542/2433
f 2503/1546/2435 2504/1547/2436 2506/1549/1794
f 2504/1547/2436 2507/1550/2438 2506/1549/1794
f 2504/1547/2436 2505/1548/2437 2507/1550/2438
f 2507/1550/2438 2508/1551/2439 2506/1549/1794
f 2508/1551/2439 2509/1552/2440 2506/1549/1794
f 2510/1553/2441 2508/1551/2439 2507/1550/2438
f 2511/1554/2442 2510/1553/2441 2507/1550/2438
f 2505/1548/2437 2497/1542/2433 2511/1554/2442
f 2505/1548/2437 2511/1554/2442 2507/1550/2438
f 2510/1553/2441 2511/1554/2442 2512/1555/2443
f 2511/1554/2442 2513/1556/2444 2512/1555/2443
f 2514/1557/2445 2512/1555/2443 2513/1556/2444
f 2515/1558/2446 2514/1557/2445 2513/1556/2444
f 2498/1543/2432 2515/1558/2446 2513/1556/2444
f 2497/1542/2433 2498/1543/2432 2513/1556/2444
f 2497/1542/2433 2513/1556/2444 2511/1554/2442
f 2518/162/2447 2517/165/2448 2516/164/2449
f 2519/163/2450 2518/162/2447 2516/164/2449
f 2520/166/2451 2518/162/2447 2519/163/2450
f 2521/167/2452 2520/166/2451 2519/163/2450
f 2522/168/2453 2520/166/2451 2521/167/2452
f 2523/169/2454 2522/168/2453 2521/167/2452
f 2518/162/2447 2524/170/2455 2517/165/2448
f 2524/170/2455 2525/171/2456 2517/165/2448
f 2522/168/2453 2526/172/2457 2520/166/2451
f 2526/172/2457 2527/173/2458 2520/166/2451
f 2527/173/2458 2524/170/2455 2518/162/2447
f 2520/166/2451 2527/173/2458 2518/162/2447
f 2519/163/2450 2516/164/2449 2528/174/2459
f 2516/164/2449 2529/175/2460 2528/174/2459
f 2528/174/2459 2529/175/2460 2530/176/2461
f 2529/175/2460 2531/177/2462 2530/176/2461
f 2528/174/2459 2530/176/2461 2532/178/2463
f 2533/179/2464 2528/174/2459 2532/178/2463
f 2519/163/2450 2528/174/2459 2533/179/2464
f 2521/167/2452 2519/163/2450 2533/179/2464
f 2533/179/2464 2532/178/2463 2534/180/2465
f 2533/179/2464 2534/180/2465 2535/181/2466
f 2535/181/2466 2536/182/2467 2533/179/2464
f 2521/167/2452 2533/179/2464 2536/182/2467
f 2523/169/2454 2521/167/2452 2536/182/2467
f 2535/181/2466 2537/183/2468 2536/182/2467
f 2537/183/2468 2538/184/2469 2536/182/2467
f 2523/169/2454 2536/182/2467 2538/184/2469
f 2535/181/2466 2534/180/2465 2539/185/2470
f 2540/186/2471 2535/181/2466 2539/185/2470
f 2537/183/2468 2535/181/2466 2540/186/2471
f 2540/186/2471 2539/185/2470 2541/187/2472
f 2542/188/2473 2540/186/2471 2541/187/2472
f 2540/186/2471 2542/188/2473 2543/189/2474
f 2544/190/2475 2540/186/2471 2543/189/2474
f 2544/190/2475 2537/183/2468 2540/186/2471
f 2545/191/2476 2544/190/2475 2543/189/2474
f 2546/192/2477 2545/191/2476 2543/189/2474
f 2543/189/2474 2542/188/2473 2547/193/2478
f 2546/192/2477 2543/189/2474 2547/193/2478
f 2542/188/2473 2548/194/2479 2547/193/2478
f 2542/188/2473 2541/187/2472 2548/194/2479
f 2549/195/2480 2546/192/2477 2547/193/2478
f 2550/196/2481 2537/183/2468 2544/190/2475
f 2545/191/2476 2550/196/2481 2544/190/2475
f 2541/187/2472 2551/197/2482 2548/194/2479
f 2552/198/2483 2538/184/2469 2537/183/2468
f 2550/196/2481 2552/198/2483 2537/183/2468
f 2552/198/2483 2553/199/2484 2538/184/2469
f 2553/199/2484 2523/169/2454 2538/184/2469
f 2523/169/2454 2553/199/2484 2522/168/2453
f 2553/199/2484 2554/200/2485 2522/168/2453
f 2522/168/2453 2554/200/2485 2526/172/2457
f 2554/200/2485 2555/201/2486 2526/172/2457
f 2556/202/2487 2551/197/2482 2541/187/2472
f 2541/187/2472 2539/185/2470 2556/202/2487
f 2539/185/2470 2534/180/2465 2556/202/2487
f 2534/180/2465 2532/178/2463 2556/202/2487
f 2532/178/2463 2530/176/2461 2556/202/2487
f 2530/176/2461 2557/203/2488 2556/202/2487
f 2530/176/2461 2531/177/2462 2557/203/2488
f 2531/177/2462 2558/204/2489 2557/203/2488
f 2557/203/2488 2558/204/2489 2559/205/2490
f 2558/204/2489 2560/206/2491 2559/205/2490
f 2559/205/2490 2560/206/2491 2561/207/2492
f 2562/208/2493 2559/205/2490 2561/207/2492
f 2562/208/2493 2561/207/2492 2563/209/2494
f 2564/210/2495 2562/208/2493 2563/209/2494
f 2564/210/2495 2563/209/2494 2565/212/2496
f 2563/209/2494 2566/213/2497 2565/212/2496
f 2565/212/2496 2566/213/2497 2567/214/2498
f 2568/215/2499 2565/212/2496 2567/214/2498
f 2569/216/2500 2568/215/2499 2567/214/2498
f 2570/217/2501 2569/216/2500 2567/214/2498
f 2570/217/2501 2571/218/2502 2569/216/2500
f 2568/215/2499 2569/216/2500 2572/219/2503
f 2568/215/2499 2572/219/2503 2565/212/2496
f 2569/216/2500 2573/220/2504 2572/219/2503
f 2569/216/2500 2571/218/2502 2573/220/2504
f 2571/218/2502 2574/221/2505 2573/220/2504
f 2572/219/2503 2575/222/2506 2565/212/2496
f 2564/210/2495 2565/212/2496 2575/222/2506
f 2574/221/2505 2571/218/2502 2576/223/2507
f 2562/208/2493 2564/210/2495 2577/211/2508
f 2577/211/2508 2564/210/2495 2575/222/2506
f 2580/165/2448 2579/162/2509 2578/163/2510
f 2581/164/2511 2580/165/2448 2578/163/2510
f 2582/167/2512 2578/163/2510 2579/162/2509
f 2583/166/2513 2582/167/2512 2579/162/2509
f 2582/167/2512 2583/166/2513 2584/168/2514
f 2585/169/2515 2582/167/2512 2584/168/2514
f 2580/165/2448 2586/171/2516 2579/162/2509
f 2586/171/2516 2587/170/2517 2579/162/2509
f 2583/166/2513 2579/162/2509 2587/170/2517
f 2588/173/2518 2583/166/2513 2587/170/2517
f 2583/166/2513 2588/173/2518 2589/172/2519
f 2584/168/2514 2583/166/2513 2589/172/2519
f 2590/179/2520 2582/167/2512 2585/169/2515
f 2582/167/2512 2590/179/2520 2578/163/2510
f 2591/182/2521 2590/179/2520 2585/169/2515
f 2590/179/2520 2592/174/2522 2578/163/2510
f 2581/164/2511 2578/163/2510 2592/174/2522
f 2593/176/2523 2592/174/2522 2590/179/2520
f 2592/174/2522 2593/176/2523 2594/177/2524
f 2595/175/2525 2592/174/2522 2594/177/2524
f 2595/175/2525 2581/164/2511 2592/174/2522
f 2596/178/2526 2593/176/2523 2590/179/2520
f 2584/168/2514 2589/172/2519 2597/200/2527
f 2589/172/2519 2598/224/2528 2597/200/2527
f 2584/168/2514 2597/200/2527 2599/199/2529
f 2585/169/2515 2584/168/2514 2599/199/2529
f 2591/182/2521 2585/169/2515 2600/184/2530
f 2585/169/2515 2599/199/2529 2600/184/2530
f 2600/184/2530 2601/183/2531 2591/182/2521
f 2601/183/2531 2600/184/2530 2602/198/2532
f 2599/199/2529 2602/198/2532 2600/184/2530
f 2603/196/2533 2601/183/2531 2602/198/2532
f 2603/196/2533 2604/191/2476 2601/183/2531
f 2604/191/2476 2605/190/2534 2601/183/2531
f 2604/191/2476 2606/192/2535 2605/190/2534
f 2606/192/2535 2607/189/2536 2605/190/2534
f 2608/186/2537 2605/190/2534 2607/189/2536
f 2609/188/2538 2608/186/2537 2607/189/2536
f 2610/181/2539 2601/183/2531 2605/190/2534
f 2608/186/2537 2610/181/2539 2605/190/2534
f 2606/192/2535 2611/195/2540 2607/189/2536
f 2611/195/2540 2612/193/2541 2607/189/2536
f 2609/188/2538 2607/189/2536 2612/193/2541
f 2613/194/2542 2609/188/2538 2612/193/2541
f 2609/188/2538 2613/194/2542 2614/187/2543
f 2613/194/2542 2615/197/2544 2614/187/2543
f 2609/188/2538 2614/187/2543 2616/185/2545
f 2608/186/2537 2609/188/2538 2616/185/2545
f 2608/186/2537 2616/185/2545 2617/180/2546
f 2610/181/2539 2608/186/2537 2617/180/2546
f 2617/180/2546 2616/185/2545 2618/202/2547
f 2616/185/2545 2614/187/2543 2618/202/2547
f 2614/187/2543 2615/197/2544 2618/202/2547
f 2618/202/2547 2596/178/2526 2617/180/2546
f 2618/202/2547 2619/203/2548 2596/178/2526
f 2619/203/2548 2593/176/2523 2596/178/2526
f 2594/177/2524 2593/176/2523 2619/203/2548
f 2620/204/2549 2594/177/2524 2619/203/2548
f 2620/204/2549 2619/203/2548 2621/205/2550
f 2622/206/2551 2620/204/2549 2621/205/2550
f 2622/206/2551 2621/205/2550 2623/207/2552
f 2621/205/2550 2624/208/2553 2623/207/2552
f 2623/207/2552 2624/208/2553 2625/210/2554
f 2626/209/2555 2623/207/2552 2625/210/2554
f 2626/209/2555 2625/210/2554 2627/213/2556
f 2625/210/2554 2628/212/2557 2627/213/2556
f 2627/213/2556 2628/212/2557 2629/215/2558
f 2630/214/2559 2627/213/2556 2629/215/2558
f 2630/214/2559 2629/215/2558 2631/216/2560
f 2632/217/2561 2630/214/2559 2631/216/2560
f 2632/217/2561 2633/226/2562 2630/214/2559
f 2632/217/2561 2631/216/2560 2634/218/2563
f 2632/217/2561 2634/218/2563 2633/226/2562
f 2634/218/2563 2635/227/2564 2633/226/2562
f 2636/220/2565 2631/216/2560 2629/215/2558
f 2637/219/2566 2636/220/2565 2629/215/2558
f 2638/221/2567 2634/218/2563 2631/216/2560
f 2636/220/2565 2638/221/2567 2631/216/2560
f 2639/222/2568 2637/219/2566 2629/215/2558
f 2628/212/2557 2639/222/2568 2629/215/2558
f 2634/218/2563 2640/223/2569 2635/227/2564
f 2640/223/2569 2634/218/2563 2638/221/2567
f 2641/225/2570 2639/222/2568 2628/212/2557
f 2625/210/2554 2641/225/2570 2628/212/2557
f 2625/210/2554 2624/208/2553 2641/225/2570
f 2644/228/2571 2643/231/2572 2642/230/2573
f 2645/229/2574 2644/228/2571 2642/230/2573
f 2646/232/2575 2642/230/2573 2643/231/2572
f 2647/233/2576 2646/232/2575 2643/231/2572
f 2645/229/2574 2642/230/2573 2648/234/2577
f 2642/230/2573 2649/235/2578 2648/234/2577
f 2649/235/2578 2642/230/2573 2646/232/2575
f 2650/236/2579 2649/235/2578 2646/232/2575
f 2644/228/2571 2651/237/2580 2643/231/2572
f 2647/233/2576 2643/231/2572 2651/237/2580
f 2648/234/2577 2649/235/2578 2652/238/2581
f 2652/238/2581 2649/235/2578 2650/236/2579
f 2653/239/2582 2648/234/2577 2652/238/2581
f 2653/239/2582 2652/238/2581 2654/240/2583
f 2652/238/2581 2655/241/2584 2654/240/2583
f 2654/240/2583 2655/241/2584 2656/242/2585
f 2656/242/2585 2655/241/2584 2657/243/2586
f 2655/241/2584 2658/244/2587 2657/243/2586
f 2659/245/2588 2654/240/2583 2656/242/2585
f 2659/245/2588 2656/242/2585 2660/246/2589
f 2660/246/2589 2656/242/2585 2657/243/2586
f 2661/247/2590 2659/245/2588 2660/246/2589
f 2661/247/2590 2660/246/2589 2662/248/2591
f 2663/249/2592 2662/248/2591 2660/246/2589
f 2663/249/2592 2660/246/2589 2657/243/2586
f 2664/250/2593 2658/244/2587 2655/241/2584
f 2652/238/2581 2664/250/2593 2655/241/2584
f 2652/238/2581 2665/251/2550 2664/250/2593
f 2665/251/2550 2666/252/2594 2664/250/2593
f 2667/253/2595 2665/251/2550 2652/238/2581
f 2668/254/2596 2667/253/2595 2652/238/2581
f 2669/256/2597 2668/254/2596 2652/238/2581
f 2669/256/2597 2652/238/2581 2650/236/2579
f 2668/254/2596 2669/256/2597 2670/255/2598
f 2671/257/2599 2670/255/2598 2669/256/2597
f 2672/258/2600 2670/255/2598 2671/257/2599
f 2673/259/2601 2672/258/2600 2671/257/2599
f 2674/260/2602 2672/258/2600 2673/259/2601
f 2675/261/2603 2674/260/2602 2673/259/2601
f 2675/261/2603 2676/262/2604 2674/260/2602
f 2676/262/2604 2677/263/2605 2674/260/2602
f 2676/262/2604 2678/264/2606 2677/263/2605
f 2681/233/2607 2680/231/2608 2679/230/2609
f 2682/232/2610 2681/233/2607 2679/230/2609
f 2683/229/2611 2679/230/2609 2680/231/2608
f 2684/228/2612 2683/229/2611 2680/231/2608
f 2679/230/2609 2683/229/2611 2685/235/2613
f 2683/229/2611 2686/234/2614 2685/235/2613
f 2679/230/2609 2685/235/2613 2687/236/2615
f 2682/232/2610 2679/230/2609 2687/236/2615
f 2681/233/2607 2688/237/2616 2680/231/2608
f 2684/228/2612 2680/231/2608 2688/237/2616
f 2687/236/2615 2685/235/2613 2689/238/2617
f 2690/256/2618 2687/236/2615 2689/238/2617
f 2691/265/2619 2690/256/2618 2689/238/2617
f 2691/265/2619 2692/255/2620 2690/256/2618
f 2690/256/2618 2692/255/2620 2693/257/2621
f 2693/257/2621 2692/255/2620 2694/258/2622
f 2695/259/2623 2693/257/2621 2694/258/2622
f 2695/259/2623 2694/258/2622 2696/260/2624
f 2697/261/2625 2695/259/2623 2696/260/2624
f 2697/261/2625 2696/260/2624 2698/262/2626
f 2696/260/2624 2699/263/2505 2698/262/2626
f 2700/264/2507 2698/262/2626 2699/263/2505
f 2685/235/2613 2686/234/2614 2701/239/2627
f 2689/238/2617 2685/235/2613 2701/239/2627
f 2689/238/2617 2701/239/2627 2702/241/2628
f 2701/239/2627 2703/240/2629 2702/241/2628
f 2702/241/2628 2703/240/2629 2704/245/2630
f 2705/242/2631 2702/241/2628 2704/245/2630
f 2706/244/2632 2702/241/2628 2705/242/2631
f 2707/243/2633 2706/244/2632 2705/242/2631
f 2707/243/2633 2705/242/2631 2708/246/2634
f 2708/246/2634 2705/242/2631 2704/245/2630
f 2709/249/2635 2707/243/2633 2708/246/2634
f 2709/249/2635 2708/246/2634 2710/248/2591
f 2711/247/2636 2710/248/2591 2708/246/2634
f 2711/247/2636 2708/246/2634 2704/245/2630
f 2689/238/2617 2702/241/2628 2706/244/2632
f 2712/250/2637 2689/238/2617 2706/244/2632
f 2713/251/2638 2689/238/2617 2712/250/2637
f 2714/252/2639 2713/251/2638 2712/250/2637
f 2713/251/2638 2715/253/2640 2689/238/2617
f 2715/253/2640 2691/265/2619 2689/238/2617
f 2718/266/2641 2717/269/2642 2716/268/2643
f 2719/267/2644 2718/266/2641 2716/268/2643
f 2716/268/2643 2717/269/2642 2720/270/2645
f 2717/269/2642 2721/271/2646 2720/270/2645
f 2718/266/2641 2719/267/2644 2722/272/2647
f 2719/267/2644 2723/273/2648 2722/272/2647
f 2719/267/2644 2724/274/2649 2723/273/2648
f 2724/274/2649 2725/275/2650 2723/273/2648
f 2724/274/2649 2726/276/2625 2725/275/2650
f 2724/274/2649 2727/277/2651 2726/276/2625
f 2727/277/2651 2724/274/2649 2719/267/2644
f 2716/268/2643 2727/277/2651 2719/267/2644
f 2727/277/2651 2728/278/2652 2726/276/2625
f 2726/276/2625 2729/279/2653 2725/275/2650
f 2728/278/2652 2727/277/2651 2730/280/2654
f 2727/277/2651 2731/281/2655 2730/280/2654
f 2716/268/2643 2720/270/2645 2731/281/2655
f 2727/277/2651 2716/268/2643 2731/281/2655
f 2730/280/2654 2731/281/2655 2732/282/2656
f 2731/281/2655 2720/270/2645 2732/282/2656
f 2720/270/2645 2721/271/2646 2732/282/2656
f 2735/266/2657 2734/272/2658 2733/273/2659
f 2736/267/2660 2735/266/2657 2733/273/2659
f 2736/267/2660 2737/268/2661 2735/266/2657
f 2737/268/2661 2738/269/2662 2735/266/2657
f 2736/267/2660 2733/273/2659 2739/275/2663
f 2740/274/2664 2736/267/2660 2739/275/2663
f 2740/274/2664 2739/275/2663 2741/279/2665
f 2742/276/2603 2740/274/2664 2741/279/2665
f 2743/277/2666 2740/274/2664 2742/276/2603
f 2736/267/2660 2740/274/2664 2743/277/2666
f 2737/268/2661 2736/267/2660 2743/277/2666
f 2737/268/2661 2743/277/2666 2744/270/2667
f 2737/268/2661 2744/270/2667 2738/269/2662
f 2743/277/2666 2745/281/2668 2744/270/2667
f 2743/277/2666 2746/278/2601 2745/281/2668
f 2746/278/2601 2743/277/2666 2742/276/2603
f 2746/278/2601 2747/280/2669 2745/281/2668
f 2744/270/2667 2748/271/2670 2738/269/2662
f 2749/282/2671 2748/271/2670 2744/270/2667
f 2744/270/2667 2745/281/2668 2749/282/2671
f 2745/281/2668 2747/280/2669 2749/282/2671
f 2752/283/2672 2751/286/2673 2750/285/2674
f 2753/284/2675 2752/283/2672 2750/285/2674
f 2754/287/2676 2753/284/2675 2750/285/2674
f 2755/288/2677 2754/287/2676 2750/285/2674
f 2750/285/2674 2751/286/2673 2756/289/2678
f 2755/288/2677 2750/285/2674 2756/289/2678
f 2751/286/2673 2757/290/2679 2756/289/2678
f 2758/272/2616 2755/288/2677 2756/289/2678
f 2753/284/2675 2759/291/2680 2752/283/2672
f 2759/291/2680 2760/292/2681 2752/283/2672
f 2759/291/2680 2761/293/2636 2760/292/2681
f 2762/195/2540 2761/293/2636 2759/291/2680
f 2763/294/2682 2762/195/2540 2759/291/2680
f 2763/294/2682 2759/291/2680 2753/284/2675
f 2754/287/2676 2763/294/2682 2753/284/2675
f 2761/293/2636 2764/295/2683 2760/292/2681
f 2764/295/2683 2765/296/2684 2760/292/2681
f 2765/296/2684 2766/297/2685 2760/292/2681
f 2767/298/2686 2757/290/2679 2751/286/2673
f 2768/300/2687 2752/283/2672 2760/292/2681
f 2766/297/2685 2768/300/2687 2760/292/2681
f 2769/301/2688 2768/300/2687 2766/297/2685
f 2769/301/2688 2766/297/2685 2765/296/2684
f 2769/301/2688 2767/298/2686 2770/299/2689
f 2769/301/2688 2770/299/2689 2768/300/2687
f 2770/299/2689 2767/298/2686 2751/286/2673
f 2770/299/2689 2751/286/2673 2752/283/2672
f 2768/300/2687 2770/299/2689 2752/283/2672
f 2773/286/2690 2772/299/2691 2771/300/2692
f 2774/283/2693 2773/286/2690 2771/300/2692
f 2773/286/2690 2774/283/2693 2775/285/2694
f 2774/283/2693 2776/284/2695 2775/285/2694
f 2776/284/2695 2777/287/2696 2775/285/2694
f 2777/287/2696 2778/288/2697 2775/285/2694
f 2775/285/2694 2778/288/2697 2779/289/2698
f 2773/286/2690 2775/285/2694 2779/289/2698
f 2778/288/2697 2780/272/2647 2779/289/2698
f 2781/290/2699 2773/286/2690 2779/289/2698
f 2773/286/2690 2781/290/2699 2772/299/2691
f 2776/284/2695 2782/291/2700 2777/287/2696
f 2782/291/2700 2783/294/2701 2777/287/2696
f 2782/291/2700 2784/293/2590 2783/294/2701
f 2785/295/2588 2784/293/2590 2782/291/2700
f 2786/292/2702 2785/295/2588 2782/291/2700
f 2786/292/2702 2782/291/2700 2776/284/2695
f 2774/283/2693 2786/292/2702 2776/284/2695
f 2784/293/2590 2787/195/2591 2783/294/2701
f 2786/292/2702 2774/283/2693 2788/297/2703
f 2774/283/2693 2771/300/2692 2788/297/2703
f 2786/292/2702 2788/297/2703 2789/296/2704
f 2785/295/2588 2786/292/2702 2789/296/2704
f 2789/296/2704 2788/297/2703 2790/301/2705
f 2788/297/2703 2771/300/2692 2790/301/2705
f 2771/300/2692 2772/299/2691 2790/301/2705
f 2781/290/2699 2791/298/2706 2772/299/2691
f 2772/299/2691 2791/298/2706 2790/301/2705
f 2601/183/2531 2610/181/2539 2591/182/2521
f 2590/179/2520 2591/182/2521 2610/181/2539
f 2610/181/2539 2617/180/2546 2590/179/2520
f 2617/180/2546 2596/178/2526 2590/179/2520
f 2794/1826/2707 2793/1829/2708 2792/1828/2709
f 2795/1827/2710 2794/1826/2707 2792/1828/2709
f 2796/1830/2711 2794/1826/2707 2795/1827/2710
f 2797/1831/2712 2796/1830/2711 2795/1827/2710
f 2798/1832/2713 2796/1830/2711 2797/1831/2712
f 2799/1833/2714 2798/1832/2713 2797/1831/2712
f 2800/1834/2715 2798/1832/2713 2799/1833/2714
f 2801/1835/2716 2800/1834/2715 2799/1833/2714
f 2802/1836/2717 2800/1834/2715 2801/1835/2716
f 2803/1837/2718 2802/1836/2717 2801/1835/2716
f 2792/1828/2709 2793/1829/2708 2804/1838/2719
f 2793/1829/2708 2805/1839/2720 2804/1838/2719
f 2806/1840/2721 2804/1838/2719 2805/1839/2720
f 2807/1841/2722 2806/1840/2721 2805/1839/2720
f 2795/1827/2710 2792/1828/2709 2808/1842/2723
f 2809/1844/2724 2795/1827/2710 2808/1842/2723
f 2797/1831/2712 2795/1827/2710 2809/1844/2724
f 2809/1844/2724 2808/1842/2723 2810/1845/2725
f 2810/1845/2725 2808/1842/2723 2811/1846/2726
f 2808/1842/2723 2812/1847/2727 2811/1846/2726
f 2792/1828/2709 2804/1838/2719 2812/1847/2727
f 2808/1842/2723 2792/1828/2709 2812/1847/2727
f 2813/1848/2728 2811/1846/2726 2812/1847/2727
f 2814/1849/2729 2813/1848/2728 2812/1847/2727
f 2814/1849/2729 2812/1847/2727 2804/1838/2719
f 2806/1840/2721 2814/1849/2729 2804/1838/2719
f 2815/1850/2730 2809/1844/2724 2810/1845/2725
f 2816/1843/2731 2809/1844/2724 2815/1850/2730
f 2817/1851/2732 2816/1843/2731 2815/1850/2730
f 2818/1852/2733 2816/1843/2731 2817/1851/2732
f 2819/1853/2734 2818/1852/2733 2817/1851/2732
f 2820/1854/2735 2818/1852/2733 2819/1853/2734
f 2821/1855/2736 2820/1854/2735 2819/1853/2734
f 2822/1856/2737 2820/1854/2735 2821/1855/2736
f 2823/1857/2738 2822/1856/2737 2821/1855/2736
f 2824/1858/2739 2822/1856/2737 2823/1857/2738
f 2825/1859/2740 2824/1858/2739 2823/1857/2738
f 2826/1860/2741 2813/1848/2728 2814/1849/2729
f 2827/1861/2742 2826/1860/2741 2814/1849/2729
f 2826/1860/2741 2827/1861/2742 2828/1862/2743
f 2827/1861/2742 2829/1863/2744 2828/1862/2743
f 2830/1864/2745 2828/1862/2743 2829/1863/2744
f 2831/1865/2746 2830/1864/2745 2829/1863/2744
f 2832/1866/2747 2830/1864/2745 2831/1865/2746
f 2833/1867/2748 2832/1866/2747 2831/1865/2746
f 2821/1855/2736 2819/1853/2734 2834/1868/2749
f 2834/1868/2749 2819/1853/2734 2835/1869/2750
f 2819/1853/2734 2817/1851/2732 2835/1869/2750
f 2835/1869/2750 2817/1851/2732 2836/1870/2751
f 2817/1851/2732 2815/1850/2730 2836/1870/2751
f 2836/1870/2751 2815/1850/2730 2837/1871/2752
f 2815/1850/2730 2810/1845/2725 2837/1871/2752
f 2837/1871/2752 2810/1845/2725 2838/1872/2753
f 2810/1845/2725 2811/1846/2726 2838/1872/2753
f 2839/1873/2754 2838/1872/2753 2811/1846/2726
f 2813/1848/2728 2839/1873/2754 2811/1846/2726
f 2830/1864/2745 2832/1866/2747 2840/1874/2755
f 2841/1875/2108 2830/1864/2745 2840/1874/2755
f 2830/1864/2745 2841/1875/2108 2842/1876/2109
f 2828/1862/2743 2830/1864/2745 2842/1876/2109
f 2828/1862/2743 2842/1876/2109 2826/1860/2741
f 2842/1876/2109 2843/1877/2756 2826/1860/2741
f 2843/1877/2756 2839/1873/2754 2813/1848/2728
f 2826/1860/2741 2843/1877/2756 2813/1848/2728
f 2846/1878/2757 2845/1881/2758 2844/1880/2759
f 2847/1879/2760 2846/1878/2757 2844/1880/2759
f 2848/1882/2761 2846/1878/2757 2847/1879/2760
f 2849/1883/2762 2848/1882/2761 2847/1879/2760
f 2850/1884/2763 2848/1882/2761 2849/1883/2762
f 2851/1885/2764 2850/1884/2763 2849/1883/2762
f 2852/1886/2765 2850/1884/2763 2851/1885/2764
f 2853/1887/2766 2852/1886/2765 2851/1885/2764
f 2854/1888/2767 2852/1886/2765 2853/1887/2766
f 2855/1889/2768 2854/1888/2767 2853/1887/2766
f 2844/1880/2759 2845/1881/2758 2856/1890/2769
f 2845/1881/2758 2857/1891/2770 2856/1890/2769
f 2858/1892/2771 2856/1890/2769 2857/1891/2770
f 2859/1893/2772 2858/1892/2771 2857/1891/2770
f 2846/1878/2757 2860/1894/2773 2845/1881/2758
f 2860/1894/2773 2861/1895/2774 2845/1881/2758
f 2860/1894/2773 2862/1896/2775 2861/1895/2774
f 2862/1896/2775 2863/1897/2776 2861/1895/2774
f 2861/1895/2774 2863/1897/2776 2864/1898/2777
f 2859/1893/2772 2857/1891/2770 2864/1898/2777
f 2861/1895/2774 2864/1898/2777 2857/1891/2770
f 2863/1897/2776 2865/1899/2778 2864/1898/2777
f 2866/1900/2779 2864/1898/2777 2865/1899/2778
f 2866/1900/2779 2859/1893/2772 2864/1898/2777
f 2867/1901/2780 2866/1900/2779 2865/1899/2778
f 2868/1902/2781 2862/1896/2775 2860/1894/2773
f 2869/1903/2782 2868/1902/2781 2860/1894/2773
f 2870/1904/2783 2868/1902/2781 2869/1903/2782
f 2871/1905/2784 2870/1904/2783 2869/1903/2782
f 2872/1906/2785 2870/1904/2783 2871/1905/2784
f 2873/1907/2786 2872/1906/2785 2871/1905/2784
f 2874/1908/2787 2872/1906/2785 2873/1907/2786
f 2875/1909/2788 2874/1908/2787 2873/1907/2786
f 2876/1910/2789 2874/1908/2787 2875/1909/2788
f 2877/1911/2790 2876/1910/2789 2875/1909/2788
f 2878/1912/2791 2866/1900/2779 2867/1901/2780
f 2879/1913/2792 2878/1912/2791 2867/1901/2780
f 2878/1912/2791 2879/1913/2792 2880/1914/2793
f 2879/1913/2792 2881/1915/2794 2880/1914/2793
f 2882/1916/2795 2880/1914/2793 2881/1915/2794
f 2883/1917/2796 2882/1916/2795 2881/1915/2794
f 2882/1916/2795 2883/1917/2796 2884/1918/2797
f 2883/1917/2796 2885/1919/2798 2884/1918/2797
f 2873/1907/2786 2871/1905/2784 2850/1884/2763
f 2850/1884/2763 2871/1905/2784 2848/1882/2761
f 2871/1905/2784 2869/1903/2782 2848/1882/2761
f 2848/1882/2761 2869/1903/2782 2846/1878/2757
f 2869/1903/2782 2860/1894/2773 2846/1878/2757
f 2883/1917/2796 2881/1915/2794 2886/1920/2153
f 2885/1919/2798 2883/1917/2796 2886/1920/2153
f 2881/1915/2794 2887/1921/2154 2886/1920/2153
f 2888/1922/2799 2885/1919/2798 2886/1920/2153
f 2881/1915/2794 2879/1913/2792 2889/1923/2156
f 2887/1921/2154 2881/1915/2794 2889/1923/2156
f 2889/1923/2156 2879/1913/2792 2890/1924/2800
f 2879/1913/2792 2891/1925/2801 2890/1924/2800
f 2892/1926/2802 2891/1925/2801 2879/1913/2792
f 2867/1901/2780 2892/1926/2802 2879/1913/2792
f 2867/1901/2780 2865/1899/2778 2892/1926/2802
f 2865/1899/2778 2893/1927/2803 2892/1926/2802
f 2893/1927/2803 2865/1899/2778 2894/1928/2161
f 2895/1929/2162 2894/1928/2161 2865/1899/2778
f 2863/1897/2776 2895/1929/2162 2865/1899/2778
f 2896/1930/2804 2895/1929/2162 2863/1897/2776
f 2862/1896/2775 2896/1930/2804 2863/1897/2776
f 2897/1931/2805 2896/1930/2804 2862/1896/2775
f 2868/1902/2781 2897/1931/2805 2862/1896/2775
f 2898/1932/2806 2897/1931/2805 2868/1902/2781
f 2870/1904/2783 2898/1932/2806 2868/1902/2781
f 2899/1933/2807 2898/1932/2806 2870/1904/2783
f 2872/1906/2785 2899/1933/2807 2870/1904/2783
f 2900/1934/2808 2899/1933/2807 2872/1906/2785
f 2874/1908/2787 2900/1934/2808 2872/1906/2785
f 2901/1935/2809 2900/1934/2808 2874/1908/2787
f 2876/1910/2789 2901/1935/2809 2874/1908/2787
f 2902/1936/2169 2901/1935/2809 2876/1910/2789
f 2903/1937/2810 2902/1936/2169 2876/1910/2789
f 2902/1936/2169 2903/1937/2810 2904/1938/2811
f 2904/1938/2811 2903/1937/2810 2905/1939/2812
f 2903/1937/2810 2906/1940/2813 2905/1939/2812
f 2907/1941/2814 2905/1939/2812 2906/1940/2813
f 2908/1942/2815 2907/1941/2814 2906/1940/2813
f 2909/1943/2176 2902/1936/2169 2904/1938/2811
f 2910/1944/2816 2907/1941/2814 2908/1942/2815
f 2911/1945/2817 2910/1944/2816 2908/1942/2815
f 2912/1946/2818 2909/1943/2176 2904/1938/2811
f 2913/1947/2819 2912/1946/2818 2904/1938/2811
f 2913/1947/2819 2904/1938/2811 2905/1939/2812
f 2914/1948/2820 2913/1947/2819 2905/1939/2812
f 2914/1948/2820 2905/1939/2812 2907/1941/2814
f 2903/1937/2810 2876/1910/2789 2877/1911/2790
f 2906/1940/2813 2903/1937/2810 2877/1911/2790
f 2911/1945/2817 2908/1942/2815 2915/1949/2821
f 2908/1942/2815 2916/1950/2822 2915/1949/2821
f 2906/1940/2813 2877/1911/2790 2916/1950/2822
f 2908/1942/2815 2906/1940/2813 2916/1950/2822
f 2915/1949/2821 2916/1950/2822 2917/1951/2823
f 2916/1950/2822 2918/1952/2824 2917/1951/2823
f 2918/1952/2824 2916/1950/2822 2855/1889/2768
f 2916/1950/2822 2854/1888/2767 2855/1889/2768
f 2916/1950/2822 2877/1911/2790 2854/1888/2767
f 2877/1911/2790 2875/1909/2788 2854/1888/2767
f 2854/1888/2767 2875/1909/2788 2852/1886/2765
f 2875/1909/2788 2873/1907/2786 2852/1886/2765
f 2852/1886/2765 2873/1907/2786 2850/1884/2763
f 2913/1947/2819 2914/1948/2820 2919/1953/2825
f 2914/1948/2820 2920/1954/2826 2919/1953/2825
f 2920/1954/2826 2914/1948/2820 2921/1955/2827
f 2922/1956/2828 2920/1954/2826 2921/1955/2827
f 2923/1957/2829 2920/1954/2826 2922/1956/2828
f 2924/1958/2830 2923/1957/2829 2922/1956/2828
f 2924/1958/2830 2922/1956/2828 2925/1959/2831
f 2926/1960/2832 2924/1958/2830 2925/1959/2831
f 2922/1956/2828 2921/1955/2827 2927/1961/2833
f 2925/1959/2831 2922/1956/2828 2927/1961/2833
f 2927/1961/2833 2921/1955/2827 2928/1962/2834
f 2929/1963/2835 2927/1961/2833 2928/1962/2834
f 2928/1962/2834 2921/1955/2827 2910/1944/2816
f 2921/1955/2827 2907/1941/2814 2910/1944/2816
f 2921/1955/2827 2914/1948/2820 2907/1941/2814
f 2920/1954/2826 2923/1957/2829 2930/1964/2836
f 2919/1953/2825 2920/1954/2826 2930/1964/2836
f 2931/1965/2837 2919/1953/2825 2930/1964/2836
f 2919/1953/2825 2931/1965/2837 2913/1947/2819
f 2931/1965/2837 2912/1946/2818 2913/1947/2819
f 2932/1966/2838 2931/1965/2837 2930/1964/2836
f 2816/1843/2731 2797/1831/2712 2809/1844/2724
f 2799/1833/2714 2797/1831/2712 2816/1843/2731
f 2818/1852/2733 2799/1833/2714 2816/1843/2731
f 2801/1835/2716 2799/1833/2714 2818/1852/2733
f 2820/1854/2735 2801/1835/2716 2818/1852/2733
f 2803/1837/2718 2801/1835/2716 2820/1854/2735
f 2822/1856/2737 2803/1837/2718 2820/1854/2735
f 2933/1967/2839 2803/1837/2718 2822/1856/2737
f 2933/1967/2839 2934/1968/2840 2803/1837/2718
f 2934/1968/2840 2933/1967/2839 2935/1969/2841
f 2936/1970/2823 2934/1968/2840 2935/1969/2841
f 2934/1968/2840 2802/1836/2717 2803/1837/2718
f 2824/1858/2739 2933/1967/2839 2822/1856/2737
f 2937/1971/2842 2935/1969/2841 2933/1967/2839
f 2938/1972/2843 2937/1971/2842 2933/1967/2839
f 2938/1972/2843 2933/1967/2839 2824/1858/2739
f 2937/1971/2842 2938/1972/2843 2939/1973/2844
f 2939/1973/2844 2938/1972/2843 2940/1974/2845
f 2938/1972/2843 2941/1975/2846 2940/1974/2845
f 2941/1975/2846 2938/1972/2843 2824/1858/2739
f 2940/1974/2845 2941/1975/2846 2942/1976/2847
f 2941/1975/2846 2943/1977/2848 2942/1976/2847
f 2942/1976/2847 2943/1977/2848 2944/1978/2211
f 2943/1977/2848 2945/1979/2212 2944/1978/2211
f 2946/1980/2849 2937/1971/2842 2939/1973/2844
f 2945/1979/2212 2943/1977/2848 2947/1981/2850
f 2943/1977/2848 2825/1859/2740 2947/1981/2850
f 2941/1975/2846 2824/1858/2739 2825/1859/2740
f 2943/1977/2848 2941/1975/2846 2825/1859/2740
f 2947/1981/2850 2825/1859/2740 2948/1982/2851
f 2825/1859/2740 2823/1857/2738 2948/1982/2851
f 2948/1982/2851 2823/1857/2738 2949/1983/2852
f 2823/1857/2738 2821/1855/2736 2949/1983/2852
f 2949/1983/2852 2821/1855/2736 2834/1868/2749
f 2950/1984/2853 2942/1976/2847 2944/1978/2211
f 2951/2153/2854 2950/1984/2853 2944/1978/2211
f 2951/2153/2854 2952/1986/2855 2950/1984/2853
f 2952/1986/2855 2953/1987/2856 2950/1984/2853
f 2950/1984/2853 2953/1987/2856 2954/1988/2857
f 2953/1987/2856 2955/1989/2858 2954/1988/2857
f 2956/1990/2859 2955/1989/2858 2953/1987/2856
f 2956/1990/2859 2957/1991/2860 2955/1989/2858
f 2957/1991/2860 2958/1992/2861 2955/1989/2858
f 2954/1988/2857 2955/1989/2858 2958/1992/2861
f 2957/1991/2860 2959/1993/2862 2958/1992/2861
f 2959/1993/2862 2960/1994/2863 2958/1992/2861
f 2961/1995/2864 2956/1990/2859 2953/1987/2856
f 2961/1995/2864 2953/1987/2856 2952/1986/2855
f 2962/1996/2865 2961/1995/2864 2952/1986/2855
f 2958/1992/2861 2960/1994/2863 2963/1997/2866
f 2963/1997/2866 2954/1988/2857 2958/1992/2861
f 2960/1994/2863 2964/1998/2867 2963/1997/2866
f 2963/1997/2866 2964/1998/2867 2965/1999/2868
f 2966/2000/2869 2963/1997/2866 2965/1999/2868
f 2963/1997/2866 2966/2000/2869 2939/1973/2844
f 2966/2000/2869 2946/1980/2849 2939/1973/2844
f 2940/1974/2845 2954/1988/2857 2963/1997/2866
f 2939/1973/2844 2940/1974/2845 2963/1997/2866
f 2954/1988/2857 2940/1974/2845 2942/1976/2847
f 2950/1984/2853 2954/1988/2857 2942/1976/2847
f 2845/1881/2758 2861/1895/2774 2857/1891/2770
f 2967/2001/2870 2878/1912/2791 2880/1914/2793
f 2968/2002/2871 2967/2001/2870 2880/1914/2793
f 2866/1900/2779 2878/1912/2791 2967/2001/2870
f 2859/1893/2772 2866/1900/2779 2967/2001/2870
f 2967/2001/2870 2968/2002/2871 2969/2003/2872
f 2968/2002/2871 2970/2004/2873 2969/2003/2872
f 2967/2001/2870 2969/2003/2872 2858/1892/2771
f 2859/1893/2772 2967/2001/2870 2858/1892/2771
f 2971/2005/2874 2827/1861/2742 2814/1849/2729
f 2806/1840/2721 2971/2005/2874 2814/1849/2729
f 2972/2006/2875 2971/2005/2874 2806/1840/2721
f 2972/2006/2875 2973/2007/2873 2971/2005/2874
f 2973/2007/2873 2974/2008/2876 2971/2005/2874
f 2807/1841/2722 2972/2006/2875 2806/1840/2721
f 2971/2005/2874 2974/2008/2876 2829/1863/2744
f 2827/1861/2742 2971/2005/2874 2829/1863/2744
f 2976/2154/2877 2977/2026/2878 2975/2155/2879
f 2977/2026/2878 2978/2024/2880 2975/2155/2879
f 2979/2156/2881 2975/2155/2879 2978/2024/2880
f 2980/2022/2882 2979/2156/2881 2978/2024/2880
f 2981/2157/2883 2979/2156/2881 2980/2022/2882
f 2982/2020/2884 2981/2157/2883 2980/2022/2882
f 2981/2157/2883 2982/2020/2884 2983/2158/2885
f 2982/2020/2884 2984/2018/2886 2983/2158/2885
f 2983/2158/2885 2984/2018/2886 2985/2159/2887
f 2984/2018/2886 2986/2014/2888 2985/2159/2887
f 2985/2159/2887 2986/2014/2888 2987/2160/2889
f 2986/2014/2888 2988/2015/2890 2987/2160/2889
f 2989/2161/2891 2987/2160/2889 2988/2015/2890
f 2990/2035/2892 2989/2161/2891 2988/2015/2890
f 2991/2162/2893 2989/2161/2891 2990/2035/2892
f 2992/2013/2894 2991/2162/2893 2990/2035/2892
f 2991/2162/2893 2992/2013/2894 2993/2163/2895
f 2992/2013/2894 2994/2009/2896 2993/2163/2895
f 2993/2163/2895 2994/2009/2896 2995/2164/2897
f 2994/2009/2896 2996/2010/2898 2995/2164/2897
f 2996/2010/2898 2994/2009/2896 2997/2011/2899
f 2994/2009/2896 2998/2012/2900 2997/2011/2899
f 2994/2009/2896 2992/2013/2894 2998/2012/2900
f 2988/2015/2890 2986/2014/2888 2999/2016/2901
f 2986/2014/2888 3000/2017/2902 2999/2016/2901
f 2986/2014/2888 2984/2018/2886 3000/2017/2902
f 2984/2018/2886 3001/2019/2903 3000/2017/2902
f 2984/2018/2886 2982/2020/2884 3001/2019/2903
f 2982/2020/2884 3002/2021/2904 3001/2019/2903
f 3002/2021/2904 2982/2020/2884 2980/2022/2882
f 3003/2023/2905 3002/2021/2904 2980/2022/2882
f 2980/2022/2882 2978/2024/2880 3003/2023/2905
f 2978/2024/2880 3004/2025/2906 3003/2023/2905
f 2978/2024/2880 2977/2026/2878 3004/2025/2906
f 2977/2026/2878 3005/2027/2899 3004/2025/2906
f 3006/2028/2849 3002/2021/2904 3003/2023/2905
f 3007/2029/2907 3006/2028/2849 3003/2023/2905
f 3003/2023/2905 3004/2025/2906 3007/2029/2907
f 3004/2025/2906 3008/2030/2908 3007/2029/2907
f 3004/2025/2906 3005/2027/2899 3008/2030/2908
f 3005/2027/2899 3009/2031/2823 3008/2030/2908
f 2999/2016/2901 3000/2017/2902 3010/2032/2909
f 2999/2016/2901 3010/2032/2909 3011/2033/2910
f 3012/2034/2911 2999/2016/2901 3011/2033/2910
f 2988/2015/2890 2999/2016/2901 3012/2034/2911
f 2990/2035/2892 2988/2015/2890 3012/2034/2911
f 3012/2034/2911 3013/2036/2912 2990/2035/2892
f 3013/2036/2912 2992/2013/2894 2990/2035/2892
f 2992/2013/2894 3013/2036/2912 2998/2012/2900
f 2998/2012/2900 3013/2036/2912 3014/2037/2913
f 2998/2012/2900 3014/2037/2913 3015/2038/2914
f 2997/2011/2899 2998/2012/2900 3015/2038/2914
f 3013/2036/2912 3016/2039/2915 3014/2037/2913
f 3016/2039/2915 3013/2036/2912 3012/2034/2911
f 3011/2033/2910 3016/2039/2915 3012/2034/2911
f 3000/2017/2902 3017/2040/2868 3010/2032/2909
f 3000/2017/2902 3001/2019/2903 3017/2040/2868
f 3001/2019/2903 3018/2041/2916 3017/2040/2868
f 3001/2019/2903 3002/2021/2904 3018/2041/2916
f 3002/2021/2904 3006/2028/2849 3018/2041/2916
f 3019/2042/2917 2893/1927/2803 2894/1928/2161
f 3022/1112/2918 3021/1115/2919 3020/1114/2920
f 3023/1113/2921 3022/1112/2918 3020/1114/2920
f 3023/1113/2921 3020/1114/2920 3024/1116/2922
f 3020/1114/2920 3025/1117/2923 3024/1116/2922
f 3026/1118/2924 3021/1115/2919 3022/1112/2918
f 3027/1119/2925 3026/1118/2924 3022/1112/2918
f 3022/1112/2918 3023/1113/2921 3028/1120/2926
f 3022/1112/2918 3028/1120/2926 3027/1119/2925
f 3023/1113/2921 3029/1121/2927 3028/1120/2926
f 3028/1120/2926 3030/1122/2928 3027/1119/2925
f 3023/1113/2921 3024/1116/2922 3031/1123/2929
f 3029/1121/2927 3023/1113/2921 3031/1123/2929
f 3032/1124/2930 3030/1122/2928 3028/1120/2926
f 3033/1125/2931 3032/1124/2930 3028/1120/2926
f 3028/1120/2926 3029/1121/2927 3033/1125/2931
f 3032/1124/2930 3033/1125/2931 3034/1126/2932
f 3035/1127/2933 3032/1124/2930 3034/1126/2932
f 3032/1124/2930 3035/1127/2933 3036/1128/2934
f 3030/1122/2928 3032/1124/2930 3036/1128/2934
f 3035/1127/2933 3037/1129/2935 3036/1128/2934
f 3038/1130/2936 3034/1126/2932 3033/1125/2931
f 3039/1131/2937 3038/1130/2936 3033/1125/2931
f 3029/1121/2927 3039/1131/2937 3033/1125/2931
f 3039/1131/2937 3029/1121/2927 3031/1123/2929
f 3040/1132/2938 3038/1130/2936 3039/1131/2937
f 3041/1133/2939 3040/1132/2938 3039/1131/2937
f 3041/1133/2939 3039/1131/2937 3031/1123/2929
f 3034/1126/2932 3038/1130/2936 3042/1134/2940
f 3038/1130/2936 3043/1135/2941 3042/1134/2940
f 3044/1136/2942 3042/1134/2940 3043/1135/2941
f 3045/1137/2943 3044/1136/2942 3043/1135/2941
f 3044/1136/2942 3046/1138/2944 3042/1134/2940
f 3046/1138/2944 3047/1139/2945 3042/1134/2940
f 3047/1139/2945 3035/1127/2933 3034/1126/2932
f 3042/1134/2940 3047/1139/2945 3034/1126/2932
f 3037/1129/2935 3035/1127/2933 3047/1139/2945
f 3048/1140/2946 3047/1139/2945 3046/1138/2944
f 3048/1140/2946 3037/1129/2935 3047/1139/2945
f 3049/1141/2947 3046/1138/2944 3044/1136/2942
f 3050/1142/2948 3049/1141/2947 3044/1136/2942
f 3050/1142/2948 3044/1136/2942 3045/1137/2943
f 3051/1143/2949 3050/1142/2948 3045/1137/2943
f 3051/1143/2949 3045/1137/2943 3052/1144/2950
f 3045/1137/2943 3043/1135/2941 3052/1144/2950
f 3053/1145/2951 3051/1143/2949 3052/1144/2950
f 3043/1135/2941 3054/1146/2952 3052/1144/2950
f 3054/1146/2952 3043/1135/2941 3055/1147/2953
f 3056/1148/2954 3054/1146/2952 3055/1147/2953
f 3043/1135/2941 3038/1130/2936 3055/1147/2953
f 3038/1130/2936 3040/1132/2938 3055/1147/2953
f 3046/1138/2944 3057/1149/2955 3048/1140/2946
f 3057/1149/2955 3058/1150/2956 3048/1140/2946
f 3057/1149/2955 3059/1151/2957 3058/1150/2956
f 3059/1151/2957 3060/1152/2958 3058/1150/2956
f 3061/1153/2959 3058/1150/2956 3060/1152/2958
f 3062/1154/2960 3061/1153/2959 3060/1152/2958
f 3063/1155/2961 3059/1151/2957 3057/1149/2955
f 3064/1156/2962 3063/1155/2961 3057/1149/2955
f 3065/1157/2963 3061/1153/2959 3062/1154/2960
f 3066/1158/2964 3065/1157/2963 3062/1154/2960
f 3065/1157/2963 3066/1158/2964 3067/1159/2965
f 3066/1158/2964 3068/1160/2966 3067/1159/2965
f 3067/1159/2965 3068/1160/2966 3069/1161/2967
f 3068/1160/2966 3070/1162/2968 3069/1161/2967
f 3069/1161/2967 3070/1162/2968 3071/1163/2969
f 3070/1162/2968 3072/1164/2970 3071/1163/2969
f 3069/1161/2967 3071/1163/2969 3027/1119/2925
f 3069/1161/2967 3027/1119/2925 3067/1159/2965
f 3071/1163/2969 3026/1118/2924 3027/1119/2925
f 3073/1165/2971 3072/1164/2970 3070/1162/2968
f 3074/1166/2972 3073/1165/2971 3070/1162/2968
f 3074/1166/2972 3075/1167/2973 3073/1165/2971
f 3075/1167/2973 3076/1168/2974 3073/1165/2971
f 3075/1167/2973 3077/1169/2975 3076/1168/2974
f 3077/1169/2975 3078/1170/2976 3076/1168/2974
f 3079/1171/2977 3077/1169/2975 3075/1167/2973
f 3080/1172/2978 3079/1171/2977 3075/1167/2973
f 3075/1167/2973 3074/1166/2972 3080/1172/2978
f 3081/1173/2979 3079/1171/2977 3080/1172/2978
f 3082/1174/2980 3081/1173/2979 3080/1172/2978
f 3081/1173/2979 3082/1174/2980 3083/1175/2981
f 3082/1174/2980 3084/1176/2982 3083/1175/2981
f 3083/1175/2981 3084/1176/2982 3085/1177/2983
f 3084/1176/2982 3086/1178/2984 3085/1177/2983
f 3087/1179/2985 3085/1177/2983 3086/1178/2984
f 3088/1180/2986 3087/1179/2985 3086/1178/2984
f 3089/1181/2987 3087/1179/2985 3088/1180/2986
f 3090/1182/2988 3089/1181/2987 3088/1180/2986
f 3091/1183/2989 3078/1170/2976 3077/1169/2975
f 3092/1184/2990 3091/1183/2989 3077/1169/2975
f 3077/1169/2975 3079/1171/2977 3092/1184/2990
f 3093/1185/2991 3091/1183/2989 3092/1184/2990
f 3092/1184/2990 3094/1186/2992 3093/1185/2991
f 3079/1171/2977 3094/1186/2992 3092/1184/2990
f 3094/1186/2992 3095/1187/2993 3093/1185/2991
f 3095/1187/2993 3081/1173/2979 3083/1175/2981
f 3093/1185/2991 3095/1187/2993 3096/1188/2994
f 3096/1188/2994 3095/1187/2993 3083/1175/2981
f 3093/1185/2991 3096/1188/2994 3097/1189/2995
f 3097/1189/2995 3096/1188/2994 3083/1175/2981
f 3085/1177/2983 3097/1189/2995 3083/1175/2981
f 3097/1189/2995 3098/1190/2996 3093/1185/2991
f 3098/1190/2996 3097/1189/2995 3085/1177/2983
f 3087/1179/2985 3098/1190/2996 3085/1177/2983
f 3093/1185/2991 3098/1190/2996 3099/1191/2997
f 3099/1191/2997 3098/1190/2996 3087/1179/2985
f 3089/1181/2987 3099/1191/2997 3087/1179/2985
f 3088/1180/2986 3086/1178/2984 3100/1192/2998
f 3101/1193/2999 3088/1180/2986 3100/1192/2998
f 3090/1182/2988 3088/1180/2986 3101/1193/2999
f 3102/1194/3000 3090/1182/2988 3101/1193/2999
f 3095/1187/2993 3094/1186/2992 3079/1171/2977
f 3081/1173/2979 3095/1187/2993 3079/1171/2977
f 3101/1193/2999 3100/1192/2998 3060/1152/2958
f 3059/1151/2957 3101/1193/2999 3060/1152/2958
f 3102/1194/3000 3101/1193/2999 3059/1151/2957
f 3063/1155/2961 3102/1194/3000 3059/1151/2957
f 3060/1152/2958 3100/1192/2998 3062/1154/2960
f 3100/1192/2998 3103/1195/3001 3062/1154/2960
f 3103/1195/3001 3100/1192/2998 3086/1178/2984
f 3084/1176/2982 3103/1195/3001 3086/1178/2984
f 3103/1195/3001 3084/1176/2982 3082/1174/2980
f 3104/1196/3002 3103/1195/3001 3082/1174/2980
f 3103/1195/3001 3104/1196/3002 3062/1154/2960
f 3105/1197/3003 3104/1196/3002 3082/1174/2980
f 3080/1172/2978 3105/1197/3003 3082/1174/2980
f 3074/1166/2972 3105/1197/3003 3080/1172/2978
f 3074/1166/2972 3070/1162/2968 3105/1197/3003
f 3070/1162/2968 3068/1160/2966 3105/1197/3003
f 3105/1197/3003 3068/1160/2966 3104/1196/3002
f 3104/1196/3002 3066/1158/2964 3062/1154/2960
f 3068/1160/2966 3066/1158/2964 3104/1196/3002
f 3027/1119/2925 3030/1122/2928 3067/1159/2965
f 3067/1159/2965 3030/1122/2928 3065/1157/2963
f 3030/1122/2928 3036/1128/2934 3065/1157/2963
f 3036/1128/2934 3037/1129/2935 3065/1157/2963
f 3037/1129/2935 3061/1153/2959 3065/1157/2963
f 3058/1150/2956 3061/1153/2959 3037/1129/2935
f 3048/1140/2946 3058/1150/2956 3037/1129/2935
f 3064/1156/2962 3057/1149/2955 3046/1138/2944
f 3049/1141/2947 3064/1156/2962 3046/1138/2944
f 891/598/859 893/600/861 3106/2165/3004
f 3106/2165/3004 893/600/861 3107/2166/956
f 893/600/861 895/602/863 3107/2166/956
f 3107/2166/956 895/602/863 875/582/843
f 895/602/863 876/583/844 875/582/843
f 3110/2167/3005 3109/2168/3006 3108/2169/953
f 3108/2169/953 3109/2168/3006 3111/2170/955
f 3109/2168/3006 3112/2171/3007 3111/2170/955
f 3115/2172/3008 3114/2173/3009 3113/2174/3010
f 3116/2175/3011 3115/2172/3008 3113/2174/3010
f 3113/2174/3010 3117/2176/3012 3116/2175/3011
f 3117/2176/3012 3118/2177/3013 3116/2175/3011
f 3118/2177/3013 3117/2176/3012 3119/2178/3014
f 3120/2179/3015 3118/2177/3013 3119/2178/3014
f 3120/2179/3015 3119/2178/3014 3121/2180/3016
f 3122/2181/3017 3120/2179/3015 3121/2180/3016
f 3121/2180/3016 3123/2182/3018 3122/2181/3017
f 3123/2182/3018 3124/2183/3019 3122/2181/3017
f 3123/2182/3018 3125/2184/3020 3124/2183/3019
f 3125/2184/3020 3126/2185/3021 3124/2183/3019
f 3125/2184/3020 3127/2186/3022 3126/2185/3021
f 3127/2186/3022 3128/2187/3023 3126/2185/3021
f 3131/2188/3024 3130/2189/3025 3129/2190/3026
f 3132/2191/3027 3131/2188/3024 3129/2190/3026
f 3131/2188/3024 3133/2192/3028 3130/2189/3025
f 3133/2192/3028 3134/2193/3029 3130/2189/3025
f 3134/2193/3029 3133/2192/3028 3135/2194/3030
f 3136/2195/3031 3134/2193/3029 3135/2194/3030
f 3136/2195/3031 3135/2194/3030 3137/2196/3032
f 3138/2197/3033 3136/2195/3031 3137/2196/3032
f 3138/2197/3033 3137/2196/3032 3139/2198/3034
f 3140/2199/3035 3138/2197/3033 3139/2198/3034
f 3143/2200/3036 3142/2201/3037 3141/2202/3038
f 3144/2203/3039 3143/2200/3036 3141/2202/3038
f 3143/2200/3036 3145/2204/3040 3142/2201/3037
f 3145/2204/3040 3146/2205/3041 3142/2201/3037
f 3145/2204/3040 3147/2206/3042 3146/2205/3041
f 3147/2206/3042 3148/2207/3043 3146/2205/3041
f 3147/2206/3042 3149/2208/3044 3148/2207/3043
f 3149/2208/3044 3150/2209/3045 3148/2207/3043
f 3150/2209/3045 3149/2208/3044 3151/2210/3046
f 3152/2211/3047 3150/2209/3045 3151/2210/3046
f 3151/2210/3046 3153/2212/3048 3152/2211/3047
f 3153/2212/3048 3154/2213/3049 3152/2211/3047
f 3153/2212/3048 3155/2214/3050 3154/2213/3049
f 3155/2214/3050 3156/2215/3051 3154/2213/3049
f 3156/2215/3051 3155/2214/3050 3157/2216/3052
f 3158/2217/3053 3156/2215/3051 3157/2216/3052
f 3161/2177/3054 3160/2176/3055 3159/2218/3056
f 3162/2219/3057 3161/2177/3054 3159/2218/3056
f 3159/2218/3056 3163/2173/3058 3162/2219/3057
f 3163/2173/3058 3164/2172/3059 3162/2219/3057
f 3160/2176/3055 3161/2177/3054 3165/2220/3060
f 3166/2221/3061 3160/2176/3055 3165/2220/3060
f 3166/2221/3061 3165/2220/3060 3167/2222/3062
f 3168/2223/3063 3166/2221/3061 3167/2222/3062
f 3167/2222/3062 3169/2183/3064 3168/2223/3063
f 3169/2183/3064 3170/2182/3065 3168/2223/3063
f 3169/2183/3064 3171/2185/3066 3170/2182/3065
f 3171/2185/3066 3172/2184/3067 3170/2182/3065
f 3171/2185/3066 3173/2187/3068 3172/2184/3067
f 3173/2187/3068 3174/2186/3069 3172/2184/3067
f 3177/2224/3070 3176/2225/3071 3175/2226/3072
f 3178/2227/3073 3177/2224/3070 3175/2226/3072
f 3177/2224/3070 3179/2228/3074 3176/2225/3071
f 3179/2228/3074 3180/2229/3075 3176/2225/3071
f 3180/2229/3075 3179/2228/3074 3181/2230/3076
f 3182/2231/3077 3180/2229/3075 3181/2230/3076
f 3182/2231/3077 3181/2230/3076 3183/2232/3078
f 3184/2233/3079 3182/2231/3077 3183/2232/3078
f 3184/2233/3079 3183/2232/3078 3185/2234/3080
f 3186/2235/3081 3184/2233/3079 3185/2234/3080
f 3189/2236/3082 3188/2237/3083 3187/2238/3084
f 3190/2239/3085 3189/2236/3082 3187/2238/3084
f 3189/2236/3082 3191/2240/3086 3188/2237/3083
f 3191/2240/3086 3192/2241/3087 3188/2237/3083
f 3191/2240/3086 3193/2242/3088 3192/2241/3087
f 3193/2242/3088 3194/2243/3089 3192/2241/3087
f 3193/2242/3088 3195/2244/3090 3194/2243/3089
f 3195/2244/3090 3196/2245/3091 3194/2243/3089
f 3196/2245/3091 3195/2244/3090 3197/2246/3092
f 3198/2247/3093 3196/2245/3091 3197/2246/3092
f 3197/2246/3092 3199/2248/3094 3198/2247/3093
f 3199/2248/3094 3200/2249/3095 3198/2247/3093
f 3199/2248/3094 3201/2250/3096 3200/2249/3095
f 3201/2250/3096 3202/2251/3097 3200/2249/3095
f 3202/2251/3097 3201/2250/3096 3203/2252/3098
f 3204/2253/3099 3202/2251/3097 3203/2252/3098
f 3207/2254/3100 3206/2255/3101 3205/2256/3102
f 3208/2257/3103 3207/2254/3100 3205/2256/3102
f 3208/2257/3103 3205/2256/3102 3209/2258/3012
f 3205/2256/3102 3210/2259/3104 3209/2258/3012
f 3209/2258/3012 3210/2259/3104 3211/2260/3105
f 3210/2259/3104 3212/2261/3106 3211/2260/3105
f 3211/2260/3105 3212/2261/3106 3213/2262/3107
f 3212/2261/3106 3214/2263/1890 3213/2262/3107
f 3213/2262/3107 3214/2263/1890 3215/2264/3108
f 3214/2263/1890 3216/2265/1888 3215/2264/3108
f 3215/2264/3108 3216/2265/1888 3217/2266/3109
f 3216/2265/1888 3218/2267/3110 3217/2266/3109
f 3217/2266/3109 3218/2267/3110 3219/2268/3039
f 3218/2267/3110 3220/2269/3111 3219/2268/3039
f 3223/2254/3112 3222/2270/3113 3221/2256/3114
f 3224/2255/3115 3223/2254/3112 3221/2256/3114
f 3221/2256/3114 3222/2270/3113 3225/2258/3055
f 3226/2259/3116 3221/2256/3114 3225/2258/3055
f 3226/2259/3116 3225/2258/3055 3227/2271/3117
f 3228/2261/3118 3226/2259/3116 3227/2271/3117
f 3228/2261/3118 3227/2271/3117 3229/2262/3063
f 3230/2263/2054 3228/2261/3118 3229/2262/3063
f 3230/2263/2054 3229/2262/3063 3231/2272/3119
f 3232/2265/3120 3230/2263/2054 3231/2272/3119
f 3232/2265/3120 3231/2272/3119 3233/2266/3121
f 3234/2267/3122 3232/2265/3120 3233/2266/3121
f 3234/2267/3122 3233/2266/3121 3235/2268/3123
f 3236/2269/3124 3234/2267/3122 3235/2268/3123
f 3239/2273/3125 3238/2274/3126 3237/2275/3033
f 3240/2276/3127 3239/2273/3125 3237/2275/3033
f 3237/2275/3033 3238/2274/3126 3241/2277/3031
f 3238/2274/3126 3242/2278/3128 3241/2277/3031
f 3241/2277/3031 3242/2278/3128 3243/2279/3029
f 3242/2278/3128 3244/2280/1809 3243/2279/3029
f 3243/2279/3029 3244/2280/1809 3245/2281/3129
f 3244/2280/1809 3246/2282/3130 3245/2281/3129
f 3245/2281/3129 3246/2282/3130 3247/2283/3131
f 3246/2282/3130 3248/2284/3132 3247/2283/3131
f 3251/2285/3133 3250/2286/3134 3249/2287/3135
f 3252/2288/3136 3251/2285/3133 3249/2287/3135
f 3249/2287/3135 3250/2286/3134 3253/2289/3137
f 3250/2286/3134 3254/2290/3138 3253/2289/3137
f 3253/2289/3137 3254/2290/3138 3255/2291/3139
f 3254/2290/3138 3256/2292/3140 3255/2291/3139
f 3255/2291/3139 3256/2292/3140 3257/2293/3141
f 3256/2292/3140 3258/2294/3142 3257/2293/3141
f 3257/2293/3141 3258/2294/3142 3259/2295/3143
f 3258/2294/3142 3260/2296/3144 3259/2295/3143
f 3259/2295/3143 3260/2296/3144 3261/2297/3145
f 3260/2296/3144 3262/2298/1870 3261/2297/3145
f 3261/2297/3145 3262/2298/1870 3263/2299/3146
f 3262/2298/1870 3264/2300/3147 3263/2299/3146
f 3263/2299/3146 3264/2300/3147 3265/2301/3148
f 3264/2300/3147 3266/2302/3149 3265/2301/3148
f 3269/2303/3150 3268/2304/3127 3267/2305/3151
f 3270/2306/3152 3269/2303/3150 3267/2305/3151
f 3270/2306/3152 3267/2305/3151 3271/2307/3153
f 3272/2308/3154 3270/2306/3152 3271/2307/3153
f 3272/2308/3154 3271/2307/3153 3273/2309/3155
f 3274/2310/3156 3272/2308/3154 3273/2309/3155
f 3274/2310/3156 3273/2309/3155 3275/2311/3070
f 3276/2312/3157 3274/2310/3156 3275/2311/3070
f 3276/2312/3157 3275/2311/3070 3277/2313/3158
f 3278/2314/3159 3276/2312/3157 3277/2313/3158
f 3281/2315/3160 3280/2316/3161 3279/2317/3162
f 3282/2318/3163 3281/2315/3160 3279/2317/3162
f 3282/2318/3163 3279/2317/3162 3283/2319/3087
f 3284/2320/2040 3282/2318/3163 3283/2319/3087
f 3284/2320/2040 3283/2319/3087 3285/2321/3164
f 3286/2322/3165 3284/2320/2040 3285/2321/3164
f 3286/2322/3165 3285/2321/3164 3287/2323/3166
f 3288/2324/3167 3286/2322/3165 3287/2323/3166
f 3288/2324/3167 3287/2323/3166 3289/2325/3168
f 3290/2326/3169 3288/2324/3167 3289/2325/3168
f 3290/2326/3169 3289/2325/3168 3291/2327/3170
f 3292/2328/3171 3290/2326/3169 3291/2327/3170
f 3292/2328/3171 3291/2327/3170 3293/2329/3172
f 3294/2330/3173 3292/2328/3171 3293/2329/3172
f 3294/2330/3173 3293/2329/3172 3295/2331/3174
f 3296/2332/3175 3294/2330/3173 3295/2331/3174
f 3299/2333/3176 3298/2334/3177 3297/2335/3178
f 3300/2336/3179 3299/2333/3176 3297/2335/3178
f 3301/2337/3180 3300/2336/3179 3297/2335/3178
f 3301/2337/3180 3297/2335/3178 3302/2338/3181
f 3297/2335/3178 3303/2339/3182 3302/2338/3181
f 3297/2335/3178 3304/2340/3183 3303/2339/3182
f 3297/2335/3178 3305/2341/3184 3304/2340/3183
f 3297/2335/3178 3306/2342/3185 3305/2341/3184
f 3297/2335/3178 3307/2343/3186 3306/2342/3185
f 3297/2335/3178 3308/2344/3187 3307/2343/3186
f 3297/2335/3178 3309/2345/3188 3308/2344/3187
f 3297/2335/3178 3310/2346/3189 3309/2345/3188
f 3297/2335/3178 3311/2347/3190 3310/2346/3189
f 3297/2335/3178 3312/2348/3191 3311/2347/3190
f 3297/2335/3178 3313/2349/3192 3312/2348/3191
f 3297/2335/3178 3314/2350/3193 3313/2349/3192
f 3297/2335/3178 3315/2351/3194 3314/2350/3193
f 3297/2335/3178 3316/2352/3195 3315/2351/3194
f 3297/2335/3178 3317/2353/3196 3316/2352/3195
f 3298/2334/3177 3317/2353/3196 3297/2335/3178
f 3320/2354/3197 3319/2355/3198 3318/2356/3199
f 3319/2355/3198 3321/2357/3200 3318/2356/3199
f 3321/2357/3200 3322/2358/3201 3318/2356/3199
f 3322/2358/3201 3323/2359/3202 3318/2356/3199
f 3323/2359/3202 3324/2360/3203 3318/2356/3199
f 3318/2356/3199 3324/2360/3203 3325/2361/3204
f 3326/2362/3205 3318/2356/3199 3325/2361/3204
f 3327/2363/3206 3318/2356/3199 3326/2362/3205
f 3328/2364/3207 3318/2356/3199 3327/2363/3206
f 3329/2365/3208 3318/2356/3199 3328/2364/3207
f 3330/2366/3209 3318/2356/3199 3329/2365/3208
f 3330/2366/3209 3331/2367/3210 3318/2356/3199
f 3331/2367/3210 3332/2368/3211 3318/2356/3199
f 3332/2368/3211 3333/2369/3212 3318/2356/3199
f 3333/2369/3212 3334/2370/3213 3318/2356/3199
f 3318/2356/3199 3334/2370/3213 3335/2371/3214
f 3336/2372/3215 3318/2356/3199 3335/2371/3214
f 3337/2373/3216 3318/2356/3199 3336/2372/3215
f 3338/2374/3217 3318/2356/3199 3337/2373/3216
f 3320/2354/3197 3318/2356/3199 3338/2374/3217
f 3341/2375/3218 3340/2376/3219 3339/2377/3220
f 3342/2378/3221 3341/2375/3218 3339/2377/3220
f 3341/2375/3218 3343/2379/3222 3340/2376/3219
f 3343/2379/3222 3344/2380/3223 3340/2376/3219
f 3343/2379/3222 3345/2381/3224 3344/2380/3223
f 3345/2381/3224 3346/2382/3225 3344/2380/3223
f 3345/2381/3224 3347/2383/3226 3346/2382/3225
f 3347/2383/3226 3348/2384/3227 3346/2382/3225
f 3347/2383/3226 3349/2385/3228 3348/2384/3227
f 3349/2385/3228 3350/2386/3229 3348/2384/3227
f 3349/2385/3228 3351/2387/3230 3350/2386/3229
f 3351/2387/3230 3352/2388/3231 3350/2386/3229
f 3351/2387/3230 3353/2389/3232 3352/2388/3231
f 3353/2389/3232 3354/2390/3233 3352/2388/3231
f 3353/2389/3232 3355/2391/3234 3354/2390/3233
f 3355/2391/3234 3356/2392/3235 3354/2390/3233
f 3355/2391/3234 3357/2393/3236 3356/2392/3235
f 3357/2393/3236 3358/2394/3237 3356/2392/3235
f 3357/2393/3236 3359/2395/3238 3358/2394/3237
f 3359/2395/3238 3360/2396/3239 3358/2394/3237
f 3359/2395/3238 3361/2397/3240 3360/2396/3239
f 3361/2397/3240 3362/2398/3241 3360/2396/3239
f 3361/2397/3240 3363/2399/3242 3362/2398/3241
f 3363/2399/3242 3364/2400/3243 3362/2398/3241
f 3363/2399/3242 3365/2401/3244 3364/2400/3243
f 3365/2401/3244 3366/2402/3245 3364/2400/3243
f 3365/2401/3244 3367/2403/3246 3366/2402/3245
f 3367/2403/3246 3368/2404/3247 3366/2402/3245
f 3367/2403/3246 3369/2405/3248 3368/2404/3247
f 3369/2405/3248 3370/2406/3249 3368/2404/3247
f 3369/2405/3248 3371/2407/3250 3370/2406/3249
f 3371/2407/3250 3372/2408/3251 3370/2406/3249
f 3371/2407/3250 3373/2409/3252 3372/2408/3251
f 3373/2409/3252 3374/2410/3253 3372/2408/3251
f 3373/2409/3252 3375/2411/3254 3374/2410/3253
f 3375/2411/3254 3376/2412/3255 3374/2410/3253
f 3375/2411/3254 3377/2413/3256 3376/2412/3255
f 3377/2413/3256 3378/2414/3257 3376/2412/3255
f 3377/2413/3256 3342/2378/3221 3378/2414/3257
f 3342/2378/3221 3339/2377/3220 3378/2414/3257
f 3379/2415/3258 3367/2403/3246 3365/2401/3244
f 3380/2416/3259 3369/2405/3248 3367/2403/3246
f 3379/2415/3258 3380/2416/3259 3367/2403/3246
f 3381/2417/3260 3371/2407/3250 3369/2405/3248
f 3380/2416/3259 3381/2417/3260 3369/2405/3248
f 3382/2418/3261 3373/2409/3252 3371/2407/3250
f 3381/2417/3260 3382/2418/3261 3371/2407/3250
f 3383/2419/3262 3375/2411/3254 3373/2409/3252
f 3382/2418/3261 3383/2419/3262 3373/2409/3252
f 3384/2420/3263 3377/2413/3256 3375/2411/3254
f 3383/2419/3262 3384/2420/3263 3375/2411/3254
f 3385/2421/3264 3342/2378/3221 3377/2413/3256
f 3384/2420/3263 3385/2421/3264 3377/2413/3256
f 3385/2421/3264 3386/2422/3265 3342/2378/3221
f 3386/2422/3265 3341/2375/3218 3342/2378/3221
f 3386/2422/3265 3387/2423/3266 3341/2375/3218
f 3387/2423/3266 3343/2379/3222 3341/2375/3218
f 3387/2423/3266 3388/2424/3267 3343/2379/3222
f 3388/2424/3267 3345/2381/3224 3343/2379/3222
f 3388/2424/3267 3389/2425/3268 3345/2381/3224
f 3389/2425/3268 3347/2383/3226 3345/2381/3224
f 3389/2425/3268 3390/2426/3269 3347/2383/3226
f 3390/2426/3269 3349/2385/3228 3347/2383/3226
f 3390/2426/3269 3391/2427/3270 3349/2385/3228
f 3391/2427/3270 3351/2387/3230 3349/2385/3228
f 3391/2427/3270 3392/2428/3271 3351/2387/3230
f 3392/2428/3271 3353/2389/3232 3351/2387/3230
f 3392/2428/3271 3393/2429/3272 3353/2389/3232
f 3393/2429/3272 3355/2391/3234 3353/2389/3232
f 3393/2429/3272 3394/2430/3273 3355/2391/3234
f 3394/2430/3273 3357/2393/3236 3355/2391/3234
f 3394/2430/3273 3395/2431/3274 3357/2393/3236
f 3395/2431/3274 3359/2395/3238 3357/2393/3236
f 3395/2431/3274 3396/2432/3275 3359/2395/3238
f 3396/2432/3275 3361/2397/3240 3359/2395/3238
f 3396/2432/3275 3397/2433/3276 3361/2397/3240
f 3397/2433/3276 3363/2399/3242 3361/2397/3240
f 3397/2433/3276 3398/2434/3277 3363/2399/3242
f 3398/2434/3277 3365/2401/3244 3363/2399/3242
f 3398/2434/3277 3379/2415/3258 3365/2401/3244
f 3399/2435/3278 3393/2429/3272 3392/2428/3271
f 3400/2436/3279 3399/2435/3278 3392/2428/3271
f 3401/2437/3280 3394/2430/3273 3393/2429/3272
f 3399/2435/3278 3401/2437/3280 3393/2429/3272
f 3402/2438/3281 3395/2431/3274 3394/2430/3273
f 3401/2437/3280 3402/2438/3281 3394/2430/3273
f 3403/2439/3282 3396/2432/3275 3395/2431/3274
f 3402/2438/3281 3403/2439/3282 3395/2431/3274
f 3404/2440/3283 3397/2433/3276 3396/2432/3275
f 3403/2439/3282 3404/2440/3283 3396/2432/3275
f 3405/2441/3284 3398/2434/3277 3397/2433/3276
f 3404/2440/3283 3405/2441/3284 3397/2433/3276
f 3406/2442/3285 3379/2415/3258 3398/2434/3277
f 3405/2441/3284 3406/2442/3285 3398/2434/3277
f 3406/2442/3285 3407/2443/3286 3379/2415/3258
f 3407/2443/3286 3380/2416/3259 3379/2415/3258
f 3407/2443/3286 3408/2444/3287 3380/2416/3259
f 3408/2444/3287 3381/2417/3260 3380/2416/3259
f 3408/2444/3287 3409/2445/3288 3381/2417/3260
f 3409/2445/3288 3382/2418/3261 3381/2417/3260
f 3409/2445/3288 3410/2446/3289 3382/2418/3261
f 3410/2446/3289 3383/2419/3262 3382/2418/3261
f 3410/2446/3289 3411/2447/3290 3383/2419/3262
f 3411/2447/3290 3384/2420/3263 3383/2419/3262
f 3411/2447/3290 3412/2448/3291 3384/2420/3263
f 3412/2448/3291 3385/2421/3264 3384/2420/3263
f 3412/2448/3291 3413/2449/3292 3385/2421/3264
f 3413/2449/3292 3386/2422/3265 3385/2421/3264
f 3413/2449/3292 3414/2450/3293 3386/2422/3265
f 3414/2450/3293 3387/2423/3266 3386/2422/3265
f 3414/2450/3293 3415/2451/3294 3387/2423/3266
f 3415/2451/3294 3388/2424/3267 3387/2423/3266
f 3415/2451/3294 3416/2452/3295 3388/2424/3267
f 3416/2452/3295 3389/2425/3268 3388/2424/3267
f 3416/2452/3295 3417/2453/3296 3389/2425/3268
f 3417/2453/3296 3390/2426/3269 3389/2425/3268
f 3417/2453/3296 3418/2454/3297 3390/2426/3269
f 3418/2454/3297 3391/2427/3270 3390/2426/3269
f 3418/2454/3297 3400/2436/3279 3391/2427/3270
f 3400/2436/3279 3392/2428/3271 3391/2427/3270
f 3419/2455/3298 3413/2449/3292 3412/2448/3291
f 3420/2456/3299 3414/2450/3293 3413/2449/3292
f 3419/2455/3298 3420/2456/3299 3413/2449/3292
f 3421/2457/3300 3415/2451/3294 3414/2450/3293
f 3420/2456/3299 3421/2457/3300 3414/2450/3293
f 3422/2458/3301 3416/2452/3295 3415/2451/3294
f 3421/2457/3300 3422/2458/3301 3415/2451/3294
f 3423/2459/3302 3417/2453/3296 3416/2452/3295
f 3422/2458/3301 3423/2459/3302 3416/2452/3295
f 3424/2460/3303 3418/2454/3297 3417/2453/3296
f 3423/2459/3302 3424/2460/3303 3417/2453/3296
f 3425/2461/3304 3400/2436/3279 3418/2454/3297
f 3424/2460/3303 3425/2461/3304 3418/2454/3297
f 3425/2461/3304 3426/2462/3305 3400/2436/3279
f 3426/2462/3305 3399/2435/3278 3400/2436/3279
f 3426/2462/3305 3427/2463/3306 3399/2435/3278
f 3427/2463/3306 3401/2437/3280 3399/2435/3278
f 3427/2463/3306 3428/2464/3307 3401/2437/3280
f 3428/2464/3307 3402/2438/3281 3401/2437/3280
f 3428/2464/3307 3429/2465/3308 3402/2438/3281
f 3429/2465/3308 3403/2439/3282 3402/2438/3281
f 3429/2465/3308 3430/2466/3309 3403/2439/3282
f 3430/2466/3309 3404/2440/3283 3403/2439/3282
f 3430/2466/3309 3431/2467/3310 3404/2440/3283
f 3431/2467/3310 3405/2441/3284 3404/2440/3283
f 3431/2467/3310 3432/2468/3311 3405/2441/3284
f 3432/2468/3311 3406/2442/3285 3405/2441/3284
f 3432/2468/3311 3433/2469/3312 3406/2442/3285
f 3433/2469/3312 3407/2443/3286 3406/2442/3285
f 3433/2469/3312 3434/2470/3313 3407/2443/3286
f 3434/2470/3313 3408/2444/3287 3407/2443/3286
f 3434/2470/3313 3435/2471/3314 3408/2444/3287
f 3435/2471/3314 3409/2445/3288 3408/2444/3287
f 3435/2471/3314 3436/2472/3315 3409/2445/3288
f 3436/2472/3315 3410/2446/3289 3409/2445/3288
f 3436/2472/3315 3437/2473/3316 3410/2446/3289
f 3437/2473/3316 3411/2447/3290 3410/2446/3289
f 3437/2473/3316 3438/2474/3317 3411/2447/3290
f 3438/2474/3317 3412/2448/3291 3411/2447/3290
f 3438/2474/3317 3419/2455/3298 3412/2448/3291
f 3439/2475/3318 3419/2455/3298 3438/2474/3317
f 3440/2476/3319 3439/2475/3318 3438/2474/3317
f 3440/2476/3319 3438/2474/3317 3437/2473/3316
f 3439/2475/3318 3441/2477/3320 3419/2455/3298
f 3441/2477/3320 3420/2456/3299 3419/2455/3298
f 3441/2477/3320 3442/2478/3321 3420/2456/3299
f 3442/2478/3321 3421/2457/3300 3420/2456/3299
f 3442/2478/3321 3443/2479/3322 3421/2457/3300
f 3443/2479/3322 3422/2458/3301 3421/2457/3300
f 3443/2479/3322 3444/2480/3323 3422/2458/3301
f 3444/2480/3323 3423/2459/3302 3422/2458/3301
f 3444/2480/3323 3445/2481/3324 3423/2459/3302
f 3445/2481/3324 3424/2460/3303 3423/2459/3302
f 3445/2481/3324 3446/2482/3325 3424/2460/3303
f 3446/2482/3325 3425/2461/3304 3424/2460/3303
f 3446/2482/3325 3447/2483/3326 3425/2461/3304
f 3447/2483/3326 3426/2462/3305 3425/2461/3304
f 3447/2483/3326 3448/2484/3327 3426/2462/3305
f 3448/2484/3327 3427/2463/3306 3426/2462/3305
f 3448/2484/3327 3449/2485/3328 3427/2463/3306
f 3449/2485/3328 3428/2464/3307 3427/2463/3306
f 3449/2485/3328 3450/2486/3329 3428/2464/3307
f 3450/2486/3329 3429/2465/3308 3428/2464/3307
f 3450/2486/3329 3451/2487/3330 3429/2465/3308
f 3451/2487/3330 3430/2466/3309 3429/2465/3308
f 3451/2487/3330 3452/2488/3331 3430/2466/3309
f 3452/2488/3331 3431/2467/3310 3430/2466/3309
f 3452/2488/3331 3453/2489/3332 3431/2467/3310
f 3453/2489/3332 3432/2468/3311 3431/2467/3310
f 3453/2489/3332 3454/2490/3333 3432/2468/3311
f 3454/2490/3333 3433/2469/3312 3432/2468/3311
f 3454/2490/3333 3455/2491/3334 3433/2469/3312
f 3455/2491/3334 3434/2470/3313 3433/2469/3312
f 3455/2491/3334 3456/2492/3335 3434/2470/3313
f 3456/2492/3335 3435/2471/3314 3434/2470/3313
f 3456/2492/3335 3457/2493/3336 3435/2471/3314
f 3457/2493/3336 3436/2472/3315 3435/2471/3314
f 3457/2493/3336 3458/2494/3337 3436/2472/3315
f 3458/2494/3337 3437/2473/3316 3436/2472/3315
f 3458/2494/3337 3440/2476/3319 3437/2473/3316
f 3459/2495/3338 3453/2489/3332 3452/2488/3331
f 3460/2496/3339 3459/2495/3338 3452/2488/3331
f 3461/2497/3340 3454/2490/3333 3453/2489/3332
f 3459/2495/3338 3461/2497/3340 3453/2489/3332
f 3462/2498/3341 3455/2491/3334 3454/2490/3333
f 3461/2497/3340 3462/2498/3341 3454/2490/3333
f 3463/2499/3342 3456/2492/3335 3455/2491/3334
f 3462/2498/3341 3463/2499/3342 3455/2491/3334
f 3464/2500/3343 3457/2493/3336 3456/2492/3335
f 3463/2499/3342 3464/2500/3343 3456/2492/3335
f 3465/2501/3344 3458/2494/3337 3457/2493/3336
f 3464/2500/3343 3465/2501/3344 3457/2493/3336
f 3466/2502/3345 3440/2476/3319 3458/2494/3337
f 3465/2501/3344 3466/2502/3345 3458/2494/3337
f 3466/2502/3345 3467/2503/3346 3440/2476/3319
f 3467/2503/3346 3439/2475/3318 3440/2476/3319
f 3467/2503/3346 3468/2504/3347 3439/2475/3318
f 3468/2504/3347 3441/2477/3320 3439/2475/3318
f 3468/2504/3347 3469/2505/3348 3441/2477/3320
f 3469/2505/3348 3442/2478/3321 3441/2477/3320
f 3469/2505/3348 3470/2506/3349 3442/2478/3321
f 3470/2506/3349 3443/2479/3322 3442/2478/3321
f 3470/2506/3349 3471/2507/3350 3443/2479/3322
f 3471/2507/3350 3444/2480/3323 3443/2479/3322
f 3471/2507/3350 3472/2508/3351 3444/2480/3323
f 3472/2508/3351 3445/2481/3324 3444/2480/3323
f 3472/2508/3351 3473/2509/3352 3445/2481/3324
f 3473/2509/3352 3446/2482/3325 3445/2481/3324
f 3473/2509/3352 3474/2510/3353 3446/2482/3325
f 3474/2510/3353 3447/2483/3326 3446/2482/3325
f 3474/2510/3353 3475/2511/3354 3447/2483/3326
f 3475/2511/3354 3448/2484/3327 3447/2483/3326
f 3475/2511/3354 3476/2512/3355 3448/2484/3327
f 3476/2512/3355 3449/2485/3328 3448/2484/3327
f 3476/2512/3355 3477/2513/3356 3449/2485/3328
f 3477/2513/3356 3450/2486/3329 3449/2485/3328
f 3477/2513/3356 3478/2514/3357 3450/2486/3329
f 3478/2514/3357 3451/2487/3330 3450/2486/3329
f 3478/2514/3357 3460/2496/3339 3451/2487/3330
f 3460/2496/3339 3452/2488/3331 3451/2487/3330
f 3479/2515/3358 3473/2509/3352 3472/2508/3351
f 3480/2516/3359 3474/2510/3353 3473/2509/3352
f 3479/2515/3358 3480/2516/3359 3473/2509/3352
f 3481/2517/3360 3475/2511/3354 3474/2510/3353
f 3480/2516/3359 3481/2517/3360 3474/2510/3353
f 3482/2518/3361 3476/2512/3355 3475/2511/3354
f 3481/2517/3360 3482/2518/3361 3475/2511/3354
f 3483/2519/3362 3477/2513/3356 3476/2512/3355
f 3482/2518/3361 3483/2519/3362 3476/2512/3355
f 3484/2520/3363 3478/2514/3357 3477/2513/3356
f 3483/2519/3362 3484/2520/3363 3477/2513/3356
f 3485/2521/3364 3460/2496/3339 3478/2514/3357
f 3484/2520/3363 3485/2521/3364 3478/2514/3357
f 3485/2521/3364 3486/2522/3365 3460/2496/3339
f 3486/2522/3365 3459/2495/3338 3460/2496/3339
f 3486/2522/3365 3487/2523/3366 3459/2495/3338
f 3487/2523/3366 3461/2497/3340 3459/2495/3338
f 3487/2523/3366 3488/2524/3367 3461/2497/3340
f 3488/2524/3367 3462/2498/3341 3461/2497/3340
f 3488/2524/3367 3489/2525/3368 3462/2498/3341
f 3489/2525/3368 3463/2499/3342 3462/2498/3341
f 3489/2525/3368 3490/2526/3369 3463/2499/3342
f 3490/2526/3369 3464/2500/3343 3463/2499/3342
f 3490/2526/3369 3491/2527/3370 3464/2500/3343
f 3491/2527/3370 3465/2501/3344 3464/2500/3343
f 3491/2527/3370 3492/2528/3371 3465/2501/3344
f 3492/2528/3371 3466/2502/3345 3465/2501/3344
f 3492/2528/3371 3493/2529/3372 3466/2502/3345
f 3493/2529/3372 3467/2503/3346 3466/2502/3345
f 3493/2529/3372 3494/2530/3373 3467/2503/3346
f 3494/2530/3373 3468/2504/3347 3467/2503/3346
f 3494/2530/3373 3495/2531/3374 3468/2504/3347
f 3495/2531/3374 3469/2505/3348 3468/2504/3347
f 3495/2531/3374 3496/2532/3375 3469/2505/3348
f 3496/2532/3375 3470/2506/3349 3469/2505/3348
f 3496/2532/3375 3497/2533/3376 3470/2506/3349
f 3497/2533/3376 3471/2507/3350 3470/2506/3349
f 3497/2533/3376 3498/2534/3377 3471/2507/3350
f 3498/2534/3377 3472/2508/3351 3471/2507/3350
f 3498/2534/3377 3479/2515/3358 3472/2508/3351
f 3499/2535/3378 3493/2529/3372 3492/2528/3371
f 3500/2536/3379 3499/2535/3378 3492/2528/3371
f 3501/2537/3380 3494/2530/3373 3493/2529/3372
f 3499/2535/3378 3501/2537/3380 3493/2529/3372
f 3502/2538/3381 3495/2531/3374 3494/2530/3373
f 3501/2537/3380 3502/2538/3381 3494/2530/3373
f 3503/2539/3382 3496/2532/3375 3495/2531/3374
f 3502/2538/3381 3503/2539/3382 3495/2531/3374
f 3504/2540/3383 3497/2533/3376 3496/2532/3375
f 3503/2539/3382 3504/2540/3383 3496/2532/3375
f 3505/2541/3384 3498/2534/3377 3497/2533/3376
f 3504/2540/3383 3505/2541/3384 3497/2533/3376
f 3506/2542/3385 3479/2515/3358 3498/2534/3377
f 3505/2541/3384 3506/2542/3385 3498/2534/3377
f 3506/2542/3385 3507/2543/3386 3479/2515/3358
f 3507/2543/3386 3480/2516/3359 3479/2515/3358
f 3507/2543/3386 3508/2544/3387 3480/2516/3359
f 3508/2544/3387 3481/2517/3360 3480/2516/3359
f 3508/2544/3387 3509/2545/3388 3481/2517/3360
f 3509/2545/3388 3482/2518/3361 3481/2517/3360
f 3509/2545/3388 3510/2546/3389 3482/2518/3361
f 3510/2546/3389 3483/2519/3362 3482/2518/3361
f 3510/2546/3389 3511/2547/3390 3483/2519/3362
f 3511/2547/3390 3484/2520/3363 3483/2519/3362
f 3511/2547/3390 3512/2548/3391 3484/2520/3363
f 3512/2548/3391 3485/2521/3364 3484/2520/3363
f 3512/2548/3391 3513/2549/3392 3485/2521/3364
f 3513/2549/3392 3486/2522/3365 3485/2521/3364
f 3513/2549/3392 3514/2550/3393 3486/2522/3365
f 3514/2550/3393 3487/2523/3366 3486/2522/3365
f 3514/2550/3393 3515/2551/3394 3487/2523/3366
f 3515/2551/3394 3488/2524/3367 3487/2523/3366
f 3515/2551/3394 3516/2552/3395 3488/2524/3367
f 3516/2552/3395 3489/2525/3368 3488/2524/3367
f 3516/2552/3395 3517/2553/3396 3489/2525/3368
f 3517/2553/3396 3490/2526/3369 3489/2525/3368
f 3517/2553/3396 3518/2554/3397 3490/2526/3369
f 3518/2554/3397 3491/2527/3370 3490/2526/3369
f 3518/2554/3397 3500/2536/3379 3491/2527/3370
f 3500/2536/3379 3492/2528/3371 3491/2527/3370
f 3519/2555/3398 3513/2549/3392 3512/2548/3391
f 3520/2556/3399 3514/2550/3393 3513/2549/3392
f 3519/2555/3398 3520/2556/3399 3513/2549/3392
f 3521/2557/3400 3515/2551/3394 3514/2550/3393
f 3520/2556/3399 3521/2557/3400 3514/2550/3393
f 3522/2558/3401 3516/2552/3395 3515/2551/3394
f 3521/2557/3400 3522/2558/3401 3515/2551/3394
f 3523/2559/3402 3517/2553/3396 3516/2552/3395
f 3522/2558/3401 3523/2559/3402 3516/2552/3395
f 3524/2560/3403 3518/2554/3397 3517/2553/3396
f 3523/2559/3402 3524/2560/3403 3517/2553/3396
f 3525/2561/3404 3500/2536/3379 3518/2554/3397
f 3524/2560/3403 3525/2561/3404 3518/2554/3397
f 3525/2561/3404 3526/2562/3405 3500/2536/3379
f 3526/2562/3405 3499/2535/3378 3500/2536/3379
f 3526/2562/3405 3527/2563/3406 3499/2535/3378
f 3527/2563/3406 3501/2537/3380 3499/2535/3378
f 3527/2563/3406 3528/2564/3407 3501/2537/3380
f 3528/2564/3407 3502/2538/3381 3501/2537/3380
f 3528/2564/3407 3529/2565/3408 3502/2538/3381
f 3529/2565/3408 3503/2539/3382 3502/2538/3381
f 3529/2565/3408 3530/2566/3409 3503/2539/3382
f 3530/2566/3409 3504/2540/3383 3503/2539/3382
f 3530/2566/3409 3531/2567/3410 3504/2540/3383
f 3531/2567/3410 3505/2541/3384 3504/2540/3383
f 3531/2567/3410 3532/2568/3411 3505/2541/3384
f 3532/2568/3411 3506/2542/3385 3505/2541/3384
f 3532/2568/3411 3533/2569/3412 3506/2542/3385
f 3533/2569/3412 3507/2543/3386 3506/2542/3385
f 3533/2569/3412 3534/2570/3413 3507/2543/3386
f 3534/2570/3413 3508/2544/3387 3507/2543/3386
f 3534/2570/3413 3535/2571/3414 3508/2544/3387
f 3535/2571/3414 3509/2545/3388 3508/2544/3387
f 3535/2571/3414 3536/2572/3415 3509/2545/3388
f 3536/2572/3415 3510/2546/3389 3509/2545/3388
f 3536/2572/3415 3537/2573/3416 3510/2546/3389
f 3537/2573/3416 3511/2547/3390 3510/2546/3389
f 3537/2573/3416 3538/2574/3417 3511/2547/3390
f 3538/2574/3417 3512/2548/3391 3511/2547/3390
f 3538/2574/3417 3519/2555/3398 3512/2548/3391
f 3539/2575/3418 3533/2569/3412 3532/2568/3411
f 3539/2575/3418 3534/2570/3413 3533/2569/3412
f 3539/2575/3418 3535/2571/3414 3534/2570/3413
f 3539/2575/3418 3536/2572/3415 3535/2571/3414
f 3539/2575/3418 3537/2573/3416 3536/2572/3415
f 3539/2575/3418 3538/2574/3417 3537/2573/3416
f 3539/2575/3418 3519/2555/3398 3538/2574/3417
f 3539/2575/3418 3532/2568/3411 3531/2567/3410
f 3539/2575/3418 3531/2567/3410 3530/2566/3409
f 3539/2575/3418 3530/2566/3409 3529/2565/3408
f 3539/2575/3418 3529/2565/3408 3528/2564/3407
f 3539/2575/3418 3528/2564/3407 3527/2563/3406
f 3539/2575/3418 3527/2563/3406 3526/2562/3405
f 3539/2575/3418 3526/2562/3405 3525/2561/3404
f 3539/2575/3418 3520/2556/3399 3519/2555/3398
f 3539/2575/3418 3521/2557/3400 3520/2556/3399
f 3539/2575/3418 3522/2558/3401 3521/2557/3400
f 3539/2575/3418 3523/2559/3402 3522/2558/3401
f 3539/2575/3418 3524/2560/3403 3523/2559/3402
f 3539/2575/3418 3525/2561/3404 3524/2560/3403
f 3542/2576/3419 3541/2577/3420 3540/2578/3421
f 3542/2576/3419 3540/2578/3421 3543/2579/3422
f 3542/2576/3419 3543/2579/3422 3544/2580/3423
f 3542/2576/3419 3544/2580/3423 3545/2581/3424
f 3542/2576/3419 3545/2581/3424 3546/2582/3425
f 3542/2576/3419 3546/2582/3425 3547/2583/3426
f 3542/2576/3419 3547/2583/3426 3548/2584/3427
f 3542/2576/3419 3548/2584/3427 3549/2585/3428
f 3542/2576/3419 3549/2585/3428 3550/2586/3429
f 3542/2576/3419 3550/2586/3429 3551/2587/3430
f 3542/2576/3419 3551/2587/3430 3552/2588/3431
f 3542/2576/3419 3552/2588/3431 3553/2589/3432
f 3542/2576/3419 3553/2589/3432 3554/2590/3433
f 3542/2576/3419 3554/2590/3433 3555/2591/3434
f 3542/2576/3419 3555/2591/3434 3556/2592/3435
f 3542/2576/3419 3556/2592/3435 3557/2593/3436
f 3542/2576/3419 3557/2593/3436 3558/2594/3437
f 3542/2576/3419 3558/2594/3437 3559/2595/3438
f 3542/2576/3419 3559/2595/3438 3560/2596/3439
f 3542/2576/3419 3560/2596/3439 3541/2577/3420
f 3563/2375/3440 3562/2378/3441 3561/2377/3442
f 3564/2376/3443 3563/2375/3440 3561/2377/3442
f 3565/2379/3444 3563/2375/3440 3564/2376/3443
f 3566/2380/3445 3565/2379/3444 3564/2376/3443
f 3567/2381/3446 3565/2379/3444 3566/2380/3445
f 3568/2382/3447 3567/2381/3446 3566/2380/3445
f 3569/2383/3448 3567/2381/3446 3568/2382/3447
f 3570/2384/3449 3569/2383/3448 3568/2382/3447
f 3571/2385/3450 3569/2383/3448 3570/2384/3449
f 3572/2386/3451 3571/2385/3450 3570/2384/3449
f 3573/2387/3452 3571/2385/3450 3572/2386/3451
f 3574/2388/3453 3573/2387/3452 3572/2386/3451
f 3575/2389/3454 3573/2387/3452 3574/2388/3453
f 3576/2390/3455 3575/2389/3454 3574/2388/3453
f 3577/2391/3456 3575/2389/3454 3576/2390/3455
f 3578/2392/3457 3577/2391/3456 3576/2390/3455
f 3579/2393/3458 3577/2391/3456 3578/2392/3457
f 3580/2394/3459 3579/2393/3458 3578/2392/3457
f 3581/2395/3460 3579/2393/3458 3580/2394/3459
f 3582/2396/3461 3581/2395/3460 3580/2394/3459
f 3583/2397/3462 3581/2395/3460 3582/2396/3461
f 3584/2398/3463 3583/2397/3462 3582/2396/3461
f 3585/2399/3464 3583/2397/3462 3584/2398/3463
f 3586/2400/3465 3585/2399/3464 3584/2398/3463
f 3587/2401/3466 3585/2399/3464 3586/2400/3465
f 3588/2402/3467 3587/2401/3466 3586/2400/3465
f 3589/2403/3468 3587/2401/3466 3588/2402/3467
f 3590/2404/3469 3589/2403/3468 3588/2402/3467
f 3591/2405/3470 3589/2403/3468 3590/2404/3469
f 3592/2406/3471 3591/2405/3470 3590/2404/3469
f 3593/2407/3472 3591/2405/3470 3592/2406/3471
f 3594/2408/3473 3593/2407/3472 3592/2406/3471
f 3595/2409/3474 3593/2407/3472 3594/2408/3473
f 3596/2410/3475 3595/2409/3474 3594/2408/3473
f 3597/2411/3476 3595/2409/3474 3596/2410/3475
f 3598/2412/3477 3597/2411/3476 3596/2410/3475
f 3599/2413/3478 3597/2411/3476 3598/2412/3477
f 3600/2414/3479 3599/2413/3478 3598/2412/3477
f 3562/2378/3441 3599/2413/3478 3600/2414/3479
f 3561/2377/3442 3562/2378/3441 3600/2414/3479
f 3589/2403/3468 3601/2415/3480 3587/2401/3466
f 3602/2416/3481 3601/2415/3480 3589/2403/3468
f 3591/2405/3470 3602/2416/3481 3589/2403/3468
f 3603/2417/3482 3602/2416/3481 3591/2405/3470
f 3593/2407/3472 3603/2417/3482 3591/2405/3470
f 3604/2418/3483 3603/2417/3482 3593/2407/3472
f 3595/2409/3474 3604/2418/3483 3593/2407/3472
f 3605/2419/3484 3604/2418/3483 3595/2409/3474
f 3597/2411/3476 3605/2419/3484 3595/2409/3474
f 3606/2420/3485 3605/2419/3484 3597/2411/3476
f 3599/2413/3478 3606/2420/3485 3597/2411/3476
f 3607/2421/3486 3606/2420/3485 3599/2413/3478
f 3562/2378/3441 3607/2421/3486 3599/2413/3478
f 3608/2422/3487 3607/2421/3486 3562/2378/3441
f 3563/2375/3440 3608/2422/3487 3562/2378/3441
f 3609/2423/3488 3608/2422/3487 3563/2375/3440
f 3565/2379/3444 3609/2423/3488 3563/2375/3440
f 3610/2424/3489 3609/2423/3488 3565/2379/3444
f 3567/2381/3446 3610/2424/3489 3565/2379/3444
f 3611/2425/3490 3610/2424/3489 3567/2381/3446
f 3569/2383/3448 3611/2425/3490 3567/2381/3446
f 3612/2426/3491 3611/2425/3490 3569/2383/3448
f 3571/2385/3450 3612/2426/3491 3569/2383/3448
f 3613/2427/3492 3612/2426/3491 3571/2385/3450
f 3573/2387/3452 3613/2427/3492 3571/2385/3450
f 3614/2428/3493 3613/2427/3492 3573/2387/3452
f 3575/2389/3454 3614/2428/3493 3573/2387/3452
f 3615/2429/3494 3614/2428/3493 3575/2389/3454
f 3577/2391/3456 3615/2429/3494 3575/2389/3454
f 3616/2430/3495 3615/2429/3494 3577/2391/3456
f 3579/2393/3458 3616/2430/3495 3577/2391/3456
f 3617/2431/3496 3616/2430/3495 3579/2393/3458
f 3581/2395/3460 3617/2431/3496 3579/2393/3458
f 3618/2432/3497 3617/2431/3496 3581/2395/3460
f 3583/2397/3462 3618/2432/3497 3581/2395/3460
f 3619/2433/3498 3618/2432/3497 3583/2397/3462
f 3585/2399/3464 3619/2433/3498 3583/2397/3462
f 3620/2434/3499 3619/2433/3498 3585/2399/3464
f 3587/2401/3466 3620/2434/3499 3585/2399/3464
f 3601/2415/3480 3620/2434/3499 3587/2401/3466
f 3615/2429/3494 3621/2435/3500 3614/2428/3493
f 3621/2435/3500 3622/2436/3501 3614/2428/3493
f 3623/2437/3502 3621/2435/3500 3615/2429/3494
f 3616/2430/3495 3623/2437/3502 3615/2429/3494
f 3624/2438/3503 3623/2437/3502 3616/2430/3495
f 3617/2431/3496 3624/2438/3503 3616/2430/3495
f 3625/2439/3504 3624/2438/3503 3617/2431/3496
f 3618/2432/3497 3625/2439/3504 3617/2431/3496
f 3626/2440/3505 3625/2439/3504 3618/2432/3497
f 3619/2433/3498 3626/2440/3505 3618/2432/3497
f 3627/2441/3506 3626/2440/3505 3619/2433/3498
f 3620/2434/3499 3627/2441/3506 3619/2433/3498
f 3628/2442/3507 3627/2441/3506 3620/2434/3499
f 3601/2415/3480 3628/2442/3507 3620/2434/3499
f 3629/2443/3508 3628/2442/3507 3601/2415/3480
f 3602/2416/3481 3629/2443/3508 3601/2415/3480
f 3630/2444/3509 3629/2443/3508 3602/2416/3481
f 3603/2417/3482 3630/2444/3509 3602/2416/3481
f 3631/2445/3510 3630/2444/3509 3603/2417/3482
f 3604/2418/3483 3631/2445/3510 3603/2417/3482
f 3632/2446/3511 3631/2445/3510 3604/2418/3483
f 3605/2419/3484 3632/2446/3511 3604/2418/3483
f 3633/2447/3512 3632/2446/3511 3605/2419/3484
f 3606/2420/3485 3633/2447/3512 3605/2419/3484
f 3634/2448/3513 3633/2447/3512 3606/2420/3485
f 3607/2421/3486 3634/2448/3513 3606/2420/3485
f 3635/2449/3514 3634/2448/3513 3607/2421/3486
f 3608/2422/3487 3635/2449/3514 3607/2421/3486
f 3636/2450/3515 3635/2449/3514 3608/2422/3487
f 3609/2423/3488 3636/2450/3515 3608/2422/3487
f 3637/2451/3516 3636/2450/3515 3609/2423/3488
f 3610/2424/3489 3637/2451/3516 3609/2423/3488
f 3638/2452/3517 3637/2451/3516 3610/2424/3489
f 3611/2425/3490 3638/2452/3517 3610/2424/3489
f 3639/2453/3518 3638/2452/3517 3611/2425/3490
f 3612/2426/3491 3639/2453/3518 3611/2425/3490
f 3640/2454/3519 3639/2453/3518 3612/2426/3491
f 3613/2427/3492 3640/2454/3519 3612/2426/3491
f 3622/2436/3501 3640/2454/3519 3613/2427/3492
f 3614/2428/3493 3622/2436/3501 3613/2427/3492
f 3635/2449/3514 3641/2455/3520 3634/2448/3513
f 3642/2456/3521 3641/2455/3520 3635/2449/3514
f 3636/2450/3515 3642/2456/3521 3635/2449/3514
f 3643/2457/3522 3642/2456/3521 3636/2450/3515
f 3637/2451/3516 3643/2457/3522 3636/2450/3515
f 3644/2458/3523 3643/2457/3522 3637/2451/3516
f 3638/2452/3517 3644/2458/3523 3637/2451/3516
f 3645/2459/3524 3644/2458/3523 3638/2452/3517
f 3639/2453/3518 3645/2459/3524 3638/2452/3517
f 3646/2460/3525 3645/2459/3524 3639/2453/3518
f 3640/2454/3519 3646/2460/3525 3639/2453/3518
f 3647/2461/3526 3646/2460/3525 3640/2454/3519
f 3622/2436/3501 3647/2461/3526 3640/2454/3519
f 3648/2462/3527 3647/2461/3526 3622/2436/3501
f 3621/2435/3500 3648/2462/3527 3622/2436/3501
f 3649/2463/3528 3648/2462/3527 3621/2435/3500
f 3623/2437/3502 3649/2463/3528 3621/2435/3500
f 3650/2464/3529 3649/2463/3528 3623/2437/3502
f 3624/2438/3503 3650/2464/3529 3623/2437/3502
f 3651/2465/3530 3650/2464/3529 3624/2438/3503
f 3625/2439/3504 3651/2465/3530 3624/2438/3503
f 3652/2466/3531 3651/2465/3530 3625/2439/3504
f 3626/2440/3505 3652/2466/3531 3625/2439/3504
f 3653/2467/3532 3652/2466/3531 3626/2440/3505
f 3627/2441/3506 3653/2467/3532 3626/2440/3505
f 3654/2468/3533 3653/2467/3532 3627/2441/3506
f 3628/2442/3507 3654/2468/3533 3627/2441/3506
f 3655/2469/3534 3654/2468/3533 3628/2442/3507
f 3629/2443/3508 3655/2469/3534 3628/2442/3507
f 3656/2470/3535 3655/2469/3534 3629/2443/3508
f 3630/2444/3509 3656/2470/3535 3629/2443/3508
f 3657/2471/3536 3656/2470/3535 3630/2444/3509
f 3631/2445/3510 3657/2471/3536 3630/2444/3509
f 3658/2472/3537 3657/2471/3536 3631/2445/3510
f 3632/2446/3511 3658/2472/3537 3631/2445/3510
f 3659/2473/3538 3658/2472/3537 3632/2446/3511
f 3633/2447/3512 3659/2473/3538 3632/2446/3511
f 3660/2474/3539 3659/2473/3538 3633/2447/3512
f 3634/2448/3513 3660/2474/3539 3633/2447/3512
f 3641/2455/3520 3660/2474/3539 3634/2448/3513
f 3641/2455/3520 3661/2475/3540 3660/2474/3539
f 3661/2475/3540 3662/2476/3541 3660/2474/3539
f 3660/2474/3539 3662/2476/3541 3659/2473/3538
f 3663/2477/3542 3661/2475/3540 3641/2455/3520
f 3642/2456/3521 3663/2477/3542 3641/2455/3520
f 3664/2478/3543 3663/2477/3542 3642/2456/3521
f 3643/2457/3522 3664/2478/3543 3642/2456/3521
f 3665/2479/3544 3664/2478/3543 3643/2457/3522
f 3644/2458/3523 3665/2479/3544 3643/2457/3522
f 3666/2480/3545 3665/2479/3544 3644/2458/3523
f 3645/2459/3524 3666/2480/3545 3644/2458/3523
f 3667/2481/3546 3666/2480/3545 3645/2459/3524
f 3646/2460/3525 3667/2481/3546 3645/2459/3524
f 3668/2482/3547 3667/2481/3546 3646/2460/3525
f 3647/2461/3526 3668/2482/3547 3646/2460/3525
f 3669/2483/3548 3668/2482/3547 3647/2461/3526
f 3648/2462/3527 3669/2483/3548 3647/2461/3526
f 3670/2484/3549 3669/2483/3548 3648/2462/3527
f 3649/2463/3528 3670/2484/3549 3648/2462/3527
f 3671/2485/3550 3670/2484/3549 3649/2463/3528
f 3650/2464/3529 3671/2485/3550 3649/2463/3528
f 3672/2486/3551 3671/2485/3550 3650/2464/3529
f 3651/2465/3530 3672/2486/3551 3650/2464/3529
f 3673/2487/3552 3672/2486/3551 3651/2465/3530
f 3652/2466/3531 3673/2487/3552 3651/2465/3530
f 3674/2488/3553 3673/2487/3552 3652/2466/3531
f 3653/2467/3532 3674/2488/3553 3652/2466/3531
f 3675/2489/3554 3674/2488/3553 3653/2467/3532
f 3654/2468/3533 3675/2489/3554 3653/2467/3532
f 3676/2490/3555 3675/2489/3554 3654/2468/3533
f 3655/2469/3534 3676/2490/3555 3654/2468/3533
f 3677/2491/3556 3676/2490/3555 3655/2469/3534
f 3656/2470/3535 3677/2491/3556 3655/2469/3534
f 3678/2492/3557 3677/2491/3556 3656/2470/3535
f 3657/2471/3536 3678/2492/3557 3656/2470/3535
f 3679/2493/3558 3678/2492/3557 3657/2471/3536
f 3658/2472/3537 3679/2493/3558 3657/2471/3536
f 3680/2494/3559 3679/2493/3558 3658/2472/3537
f 3659/2473/3538 3680/2494/3559 3658/2472/3537
f 3662/2476/3541 3680/2494/3559 3659/2473/3538
f 3675/2489/3554 3681/2495/3560 3674/2488/3553
f 3681/2495/3560 3682/2496/3561 3674/2488/3553
f 3683/2497/3562 3681/2495/3560 3675/2489/3554
f 3676/2490/3555 3683/2497/3562 3675/2489/3554
f 3684/2498/3563 3683/2497/3562 3676/2490/3555
f 3677/2491/3556 3684/2498/3563 3676/2490/3555
f 3685/2499/3564 3684/2498/3563 3677/2491/3556
f 3678/2492/3557 3685/2499/3564 3677/2491/3556
f 3686/2500/3565 3685/2499/3564 3678/2492/3557
f 3679/2493/3558 3686/2500/3565 3678/2492/3557
f 3687/2501/3566 3686/2500/3565 3679/2493/3558
f 3680/2494/3559 3687/2501/3566 3679/2493/3558
f 3688/2502/3567 3687/2501/3566 3680/2494/3559
f 3662/2476/3541 3688/2502/3567 3680/2494/3559
f 3689/2503/3568 3688/2502/3567 3662/2476/3541
f 3661/2475/3540 3689/2503/3568 3662/2476/3541
f 3690/2504/3569 3689/2503/3568 3661/2475/3540
f 3663/2477/3542 3690/2504/3569 3661/2475/3540
f 3691/2505/3570 3690/2504/3569 3663/2477/3542
f 3664/2478/3543 3691/2505/3570 3663/2477/3542
f 3692/2506/3571 3691/2505/3570 3664/2478/3543
f 3665/2479/3544 3692/2506/3571 3664/2478/3543
f 3693/2507/3572 3692/2506/3571 3665/2479/3544
f 3666/2480/3545 3693/2507/3572 3665/2479/3544
f 3694/2508/3573 3693/2507/3572 3666/2480/3545
f 3667/2481/3546 3694/2508/3573 3666/2480/3545
f 3695/2509/3574 3694/2508/3573 3667/2481/3546
f 3668/2482/3547 3695/2509/3574 3667/2481/3546
f 3696/2510/3575 3695/2509/3574 3668/2482/3547
f 3669/2483/3548 3696/2510/3575 3668/2482/3547
f 3697/2511/3576 3696/2510/3575 3669/2483/3548
f 3670/2484/3549 3697/2511/3576 3669/2483/3548
f 3698/2512/3577 3697/2511/3576 3670/2484/3549
f 3671/2485/3550 3698/2512/3577 3670/2484/3549
f 3699/2513/3578 3698/2512/3577 3671/2485/3550
f 3672/2486/3551 3699/2513/3578 3671/2485/3550
f 3700/2514/3579 3699/2513/3578 3672/2486/3551
f 3673/2487/3552 3700/2514/3579 3672/2486/3551
f 3682/2496/3561 3700/2514/3579 3673/2487/3552
f 3674/2488/3553 3682/2496/3561 3673/2487/3552
f 3695/2509/3574 3701/2515/3580 3694/2508/3573
f 3702/2516/3581 3701/2515/3580 3695/2509/3574
f 3696/2510/3575 3702/2516/3581 3695/2509/3574
f 3703/2517/3582 3702/2516/3581 3696/2510/3575
f 3697/2511/3576 3703/2517/3582 3696/2510/3575
f 3704/2518/3583 3703/2517/3582 3697/2511/3576
f 3698/2512/3577 3704/2518/3583 3697/2511/3576
f 3705/2519/3584 3704/2518/3583 3698/2512/3577
f 3699/2513/3578 3705/2519/3584 3698/2512/3577
f 3706/2520/3585 3705/2519/3584 3699/2513/3578
f 3700/2514/3579 3706/2520/3585 3699/2513/3578
f 3707/2521/3586 3706/2520/3585 3700/2514/3579
f 3682/2496/3561 3707/2521/3586 3700/2514/3579
f 3708/2522/3587 3707/2521/3586 3682/2496/3561
f 3681/2495/3560 3708/2522/3587 3682/2496/3561
f 3709/2523/3588 3708/2522/3587 3681/2495/3560
f 3683/2497/3562 3709/2523/3588 3681/2495/3560
f 3710/2524/3589 3709/2523/3588 3683/2497/3562
f 3684/2498/3563 3710/2524/3589 3683/2497/3562
f 3711/2525/3590 3710/2524/3589 3684/2498/3563
f 3685/2499/3564 3711/2525/3590 3684/2498/3563
f 3712/2526/3591 3711/2525/3590 3685/2499/3564
f 3686/2500/3565 3712/2526/3591 3685/2499/3564
f 3713/2527/3592 3712/2526/3591 3686/2500/3565
f 3687/2501/3566 3713/2527/3592 3686/2500/3565
f 3714/2528/3593 3713/2527/3592 3687/2501/3566
f 3688/2502/3567 3714/2528/3593 3687/2501/3566
f 3715/2529/3594 3714/2528/3593 3688/2502/3567
f 3689/2503/3568 3715/2529/3594 3688/2502/3567
f 3716/2530/3595 3715/2529/3594 3689/2503/3568
f 3690/2504/3569 3716/2530/3595 3689/2503/3568
f 3717/2531/3596 3716/2530/3595 3690/2504/3569
f 3691/2505/3570 3717/2531/3596 3690/2504/3569
f 3718/2532/3597 3717/2531/3596 3691/2505/3570
f 3692/2506/3571 3718/2532/3597 3691/2505/3570
f 3719/2533/3598 3718/2532/3597 3692/2506/3571
f 3693/2507/3572 3719/2533/3598 3692/2506/3571
f 3720/2534/3599 3719/2533/3598 3693/2507/3572
f 3694/2508/3573 3720/2534/3599 3693/2507/3572
f 3701/2515/3580 3720/2534/3599 3694/2508/3573
f 3715/2529/3594 3721/2535/3600 3714/2528/3593
f 3721/2535/3600 3722/2536/3601 3714/2528/3593
f 3723/2537/3602 3721/2535/3600 3715/2529/3594
f 3716/2530/3595 3723/2537/3602 3715/2529/3594
f 3724/2538/3603 3723/2537/3602 3716/2530/3595
f 3717/2531/3596 3724/2538/3603 3716/2530/3595
f 3725/2539/3604 3724/2538/3603 3717/2531/3596
f 3718/2532/3597 3725/2539/3604 3717/2531/3596
f 3726/2540/3605 3725/2539/3604 3718/2532/3597
f 3719/2533/3598 3726/2540/3605 3718/2532/3597
f 3727/2541/3606 3726/2540/3605 3719/2533/3598
f 3720/2534/3599 3727/2541/3606 3719/2533/3598
f 3728/2542/3607 3727/2541/3606 3720/2534/3599
f 3701/2515/3580 3728/2542/3607 3720/2534/3599
f 3729/2543/3608 3728/2542/3607 3701/2515/3580
f 3702/2516/3581 3729/2543/3608 3701/2515/3580
f 3730/2544/3609 3729/2543/3608 3702/2516/3581
f 3703/2517/3582 3730/2544/3609 3702/2516/3581
f 3731/2545/3610 3730/2544/3609 3703/2517/3582
f 3704/2518/3583 3731/2545/3610 3703/2517/3582
f 3732/2546/3611 3731/2545/3610 3704/2518/3583
f 3705/2519/3584 3732/2546/3611 3704/2518/3583
f 3733/2547/3612 3732/2546/3611 3705/2519/3584
f 3706/2520/3585 3733/2547/3612 3705/2519/3584
f 3734/2548/3613 3733/2547/3612 3706/2520/3585
f 3707/2521/3586 3734/2548/3613 3706/2520/3585
f 3735/2549/3614 3734/2548/3613 3707/2521/3586
f 3708/2522/3587 3735/2549/3614 3707/2521/3586
f 3736/2550/3615 3735/2549/3614 3708/2522/3587
f 3709/2523/3588 3736/2550/3615 3708/2522/3587
f 3737/2551/3616 3736/2550/3615 3709/2523/3588
f 3710/2524/3589 3737/2551/3616 3709/2523/3588
f 3738/2552/3617 3737/2551/3616 3710/2524/3589
f 3711/2525/3590 3738/2552/3617 3710/2524/3589
f 3739/2553/3618 3738/2552/3617 3711/2525/3590
f 3712/2526/3591 3739/2553/3618 3711/2525/3590
f 3740/2554/3619 3739/2553/3618 3712/2526/3591
f 3713/2527/3592 3740/2554/3619 3712/2526/3591
f 3722/2536/3601 3740/2554/3619 3713/2527/3592
f 3714/2528/3593 3722/2536/3601 3713/2527/3592
f 3735/2549/3614 3741/2555/3620 3734/2548/3613
f 3742/2556/3621 3741/2555/3620 3735/2549/3614
f 3736/2550/3615 3742/2556/3621 3735/2549/3614
f 3743/2557/3622 3742/2556/3621 3736/2550/3615
f 3737/2551/3616 3743/2557/3622 3736/2550/3615
f 3744/2558/3623 3743/2557/3622 3737/2551/3616
f 3738/2552/3617 3744/2558/3623 3737/2551/3616
f 3745/2559/3624 3744/2558/3623 3738/2552/3617
f 3739/2553/3618 3745/2559/3624 3738/2552/3617
f 3746/2560/3625 3745/2559/3624 3739/2553/3618
f 3740/2554/3619 3746/2560/3625 3739/2553/3618
f 3747/2561/3626 3746/2560/3625 3740/2554/3619
f 3722/2536/3601 3747/2561/3626 3740/2554/3619
f 3748/2562/3627 3747/2561/3626 3722/2536/3601
f 3721/2535/3600 3748/2562/3627 3722/2536/3601
f 3749/2563/3628 3748/2562/3627 3721/2535/3600
f 3723/2537/3602 3749/2563/3628 3721/2535/3600
f 3750/2564/3629 3749/2563/3628 3723/2537/3602
f 3724/2538/3603 3750/2564/3629 3723/2537/3602
f 3751/2565/3630 3750/2564/3629 3724/2538/3603
f 3725/2539/3604 3751/2565/3630 3724/2538/3603
f 3752/2566/3631 3751/2565/3630 3725/2539/3604
f 3726/2540/3605 3752/2566/3631 3725/2539/3604
f 3753/2567/3632 3752/2566/3631 3726/2540/3605
f 3727/2541/3606 3753/2567/3632 3726/2540/3605
f 3754/2568/3633 3753/2567/3632 3727/2541/3606
f 3728/2542/3607 3754/2568/3633 3727/2541/3606
f 3755/2569/3634 3754/2568/3633 3728/2542/3607
f 3729/2543/3608 3755/2569/3634 3728/2542/3607
f 3756/2570/3635 3755/2569/3634 3729/2543/3608
f 3730/2544/3609 3756/2570/3635 3729/2543/3608
f 3757/2571/3636 3756/2570/3635 3730/2544/3609
f 3731/2545/3610 3757/2571/3636 3730/2544/3609
f 3758/2572/3637 3757/2571/3636 3731/2545/3610
f 3732/2546/3611 3758/2572/3637 3731/2545/3610
f 3759/2573/3638 3758/2572/3637 3732/2546/3611
f 3733/2547/3612 3759/2573/3638 3732/2546/3611
f 3760/2574/3639 3759/2573/3638 3733/2547/3612
f 3734/2548/3613 3760/2574/3639 3733/2547/3612
f 3741/2555/3620 3760/2574/3639 3734/2548/3613
f 3755/2569/3634 3761/2575/3640 3754/2568/3633
f 3756/2570/3635 3761/2575/3640 3755/2569/3634
f 3757/2571/3636 3761/2575/3640 3756/2570/3635
f 3758/2572/3637 3761/2575/3640 3757/2571/3636
f 3759/2573/3638 3761/2575/3640 3758/2572/3637
f 3760/2574/3639 3761/2575/3640 3759/2573/3638
f 3741/2555/3620 3761/2575/3640 3760/2574/3639
f 3754/2568/3633 3761/2575/3640 3753/2567/3632
f 3753/2567/3632 3761/2575/3640 3752/2566/3631
f 3752/2566/3631 3761/2575/3640 3751/2565/3630
f 3751/2565/3630 3761/2575/3640 3750/2564/3629
f 3750/2564/3629 3761/2575/3640 3749/2563/3628
f 3749/2563/3628 3761/2575/3640 3748/2562/3627
f 3748/2562/3627 3761/2575/3640 3747/2561/3626
f 3742/2556/3621 3761/2575/3640 3741/2555/3620
f 3743/2557/3622 3761/2575/3640 3742/2556/3621
f 3744/2558/3623 3761/2575/3640 3743/2557/3622
f 3745/2559/3624 3761/2575/3640 3744/2558/3623
f 3746/2560/3625 3761/2575/3640 3745/2559/3624
f 3747/2561/3626 3761/2575/3640 3746/2560/3625
f 3764/2577/3641 3763/2576/3642 3762/2578/3643
f 3762/2578/3643 3763/2576/3642 3765/2579/3644
f 3765/2579/3644 3763/2576/3642 3766/2580/3645
f 3766/2580/3645 3763/2576/3642 3767/2581/3646
f 3767/2581/3646 3763/2576/3642 3768/2582/3647
f 3768/2582/3647 3763/2576/3642 3769/2583/3648
f 3769/2583/3648 3763/2576/3642 3770/2584/3649
f 3770/2584/3649 3763/2576/3642 3771/2585/3650
f 3771/2585/3650 3763/2576/3642 3772/2586/3651
f 3772/2586/3651 3763/2576/3642 3773/2587/3652
f 3773/2587/3652 3763/2576/3642 3774/2588/3653
f 3774/2588/3653 3763/2576/3642 3775/2589/3654
f 3775/2589/3654 3763/2576/3642 3776/2590/3655
f 3776/2590/3655 3763/2576/3642 3777/2591/3656
f 3777/2591/3656 3763/2576/3642 3778/2592/3657
f 3778/2592/3657 3763/2576/3642 3779/2593/3658
f 3779/2593/3658 3763/2576/3642 3780/2594/3659
f 3780/2594/3659 3763/2576/3642 3781/2595/3660
f 3781/2595/3660 3763/2576/3642 3782/2596/3661
f 3782/2596/3661 3763/2576/3642 3764/2577/3641
