# Blender 4.3.2
# www.blender.org
mtllib CuerpoHercules.mtl
o Cuerpo_Hercules
v -0.217837 0.162385 -0.054263
v -0.209389 0.039565 -0.029641
v -0.334899 0.028505 0.068429
v 0.000000 0.169475 -0.088996
v 0.000000 0.293105 -0.211670
v 0.217837 0.162385 -0.054263
v 0.313011 0.292125 -0.226748
v 0.357201 0.158325 0.050574
v 0.528361 0.270995 -0.046164
v 0.405103 0.172585 0.203094
v 0.607970 0.394715 0.151664
v 0.512466 0.353505 0.383489
v 0.643339 0.633305 0.312692
v 0.578963 0.564635 0.381168
v 0.622587 0.647875 0.483082
v 0.429476 0.511285 0.548111
v 0.477824 0.592085 0.585101
v 0.240813 0.604255 0.648171
v 0.245659 0.800685 0.625401
v 0.065919 0.629355 0.650690
v 0.034390 0.822435 0.581192
v 0.037232 0.615515 0.622441
v 0.000000 0.825115 0.553232
v 0.000000 0.615515 0.612741
v -0.037232 0.615515 0.622441
v 0.000000 0.537345 0.624490
v -0.205334 0.533395 0.609029
v -0.176972 0.462335 0.611542
v -0.429476 0.511285 0.548111
v -0.374917 0.330485 0.547573
v -0.512466 0.353505 0.383489
v -0.354875 0.153405 0.373209
v -0.405103 0.172585 0.203095
v -0.333722 -0.005315 0.368324
v -0.377454 0.011635 0.218042
v -0.649023 1.058795 0.335826
v -0.519934 1.166435 0.319558
v -0.621907 1.178435 0.276209
v -0.493335 1.072205 0.418870
v -0.644333 0.830185 0.457441
v -0.495288 0.805025 0.560374
v -0.622587 0.647875 0.483082
v -0.477824 0.592085 0.585101
v -0.240813 0.604255 0.648171
v -0.065919 0.629355 0.650690
v -0.034390 0.822435 0.581192
v 0.000000 1.052065 0.461360
v 0.234538 1.058065 0.489522
v 0.495288 0.805025 0.560374
v -0.123318 1.641755 0.328540
v -0.053711 1.649915 0.372297
v -0.141512 1.694915 0.341138
v -0.059547 1.618835 0.361000
v -0.164000 1.518805 0.299362
v 0.000000 1.487825 0.354890
v 0.000000 1.353455 0.341372
v 0.164000 1.518805 0.299362
v 0.203935 1.383705 0.267167
v 0.267279 1.646845 0.083044
v 0.322406 1.491275 0.001620
v 0.190454 1.743305 -0.071203
v 0.233642 1.561105 -0.171276
v 0.000000 1.768895 -0.122176
v 0.000000 1.587645 -0.236699
v -0.233642 1.561105 -0.171276
v -0.290260 1.464575 -0.215786
v -0.429528 1.420005 -0.031341
v 0.000000 0.043395 -0.063677
v 0.209389 0.039565 -0.029641
v 0.334899 0.028505 0.068429
v 0.377454 0.011635 0.218042
v 0.333722 -0.005315 0.368324
v 0.354875 0.153405 0.373209
v 0.246629 -0.019265 0.492137
v 0.261166 0.138575 0.504820
v 0.240348 0.136365 0.504419
v 0.261086 0.304375 0.556799
v 0.217943 0.276735 0.547194
v 0.137395 0.416735 0.594191
v 0.300496 1.119795 0.389618
v 0.493335 1.072205 0.418869
v 0.644333 0.830185 0.457441
v 0.720583 0.885065 0.340907
v 0.698857 0.736705 0.357327
v 0.702042 0.795065 0.229143
v 0.678553 0.624685 0.100707
v 0.619995 0.440795 -0.115886
v -0.357201 0.158325 0.050574
v -0.528361 0.270995 -0.046164
v -0.313011 0.292125 -0.226748
v -0.619995 0.440795 -0.115885
v -0.372076 0.485275 -0.339314
v -0.685525 0.795065 -0.291824
v -0.401433 0.752445 -0.420763
v -0.698760 1.023495 -0.341020
v -0.405408 1.031255 -0.411626
v -0.397015 1.288165 -0.341657
v 0.000000 1.036705 -0.385386
v 0.000000 1.298335 -0.325877
v 0.397015 1.288165 -0.341657
v -0.242490 1.774495 0.152522
v -0.210944 1.789135 0.241548
v -0.218130 1.816385 0.229500
v -0.201833 1.704475 0.248774
v -0.267279 1.646845 0.083044
v -0.203935 1.383705 0.267167
v 0.000000 1.202245 0.365580
v 0.256689 1.230495 0.319955
v 0.443150 1.327775 0.177368
v 0.440805 1.231865 0.276209
v 0.242490 1.774495 0.152522
v 0.256583 1.936885 0.148165
v 0.225596 1.866315 0.228510
v 0.231243 1.826605 0.084812
v 0.189867 1.879135 0.019169
v 0.000000 1.915125 -0.022817
v -0.190454 1.743305 -0.071203
v -0.322406 1.491275 0.001620
v -0.443150 1.327775 0.177368
v -0.189867 1.879135 0.019169
v -0.256583 1.936885 0.148165
v -0.269047 2.012495 0.126225
v -0.231243 1.826605 0.084812
v -0.256689 1.230495 0.319955
v -0.440805 1.231865 0.276209
v -0.300496 1.119795 0.389619
v 0.000000 0.480795 -0.316825
v 0.372076 0.485275 -0.339314
v 0.685525 0.795065 -0.291824
v 0.678553 0.624685 -0.163388
v 0.000000 1.645275 0.382651
v 0.000000 1.614655 0.371977
v 0.059547 1.618835 0.361000
v 0.123318 1.641755 0.328540
v 0.201833 1.704475 0.248773
v 0.176794 1.738765 0.288779
v 0.210944 1.789135 0.241548
v -0.147369 -0.025265 0.545372
v -0.122733 -0.098925 0.551932
v -0.086785 -0.013275 0.575300
v -0.153266 -0.238135 0.522458
v -0.246629 -0.019265 0.492137
v -0.269260 -0.231865 0.466870
v -0.363803 -0.217815 0.342219
v -0.412551 -0.200665 0.190144
v -0.368413 -0.183575 0.038499
v -0.217943 0.276735 0.547194
v -0.261086 0.304375 0.556799
v -0.240348 0.136365 0.504419
v -0.137395 0.416735 0.594191
v 0.000000 0.474515 0.607859
v 0.176972 0.462335 0.611542
v 0.205334 0.533395 0.609029
v -0.715277 1.023495 0.278339
v -0.720583 0.885065 0.340907
v -0.702042 0.795065 0.229143
v -0.698857 0.736705 0.357327
v -0.643339 0.633305 0.312693
v -0.578963 0.564635 0.381168
v 0.122733 -0.098925 0.551932
v 0.147369 -0.025265 0.545372
v 0.086785 -0.013275 0.575300
v 0.153266 -0.238135 0.522458
v 0.269260 -0.231865 0.466870
v 0.363803 -0.217815 0.342219
v 0.412551 -0.200665 0.190144
v 0.368413 -0.183575 0.038499
v -0.144610 0.141575 0.582917
v -0.150989 0.294615 0.591236
v 0.000000 0.307915 0.608932
v -0.096718 0.039705 0.573910
v 0.000000 0.081485 0.595616
v 0.000000 0.148825 0.600342
v 0.144609 0.141575 0.582917
v 0.150989 0.294615 0.591236
v -0.234538 1.058065 0.489522
v -0.245658 0.800685 0.625401
v 0.000000 1.478685 -0.307372
v 0.290260 1.464575 -0.215786
v 0.429528 1.420005 -0.031341
v 0.000000 -0.168465 -0.095485
v 0.000000 -0.241305 0.550578
v 0.229828 -0.172365 -0.060939
v 0.000000 0.754585 -0.396608
v 0.401433 0.752445 -0.420763
v 0.698760 1.023495 -0.341020
v -0.678553 0.624685 -0.163388
v -0.678553 0.624685 0.100707
v -0.607970 0.394715 0.151664
v 0.672146 1.279045 -0.236451
v 0.405408 1.031255 -0.411626
v 0.209389 0.039565 -0.029641
v 0.053711 1.649915 0.372297
v 0.141512 1.694915 0.341138
v -0.261166 0.138575 0.504820
v 0.621907 1.178435 0.276209
v 0.715277 1.023495 0.278339
v 0.672146 1.261475 0.173799
v 0.649024 1.058795 0.335826
v 0.519934 1.166445 0.319558
v 0.374917 0.330485 0.547573
v -0.229828 -0.172365 -0.060939
v 0.218130 1.816385 0.229500
v -0.086785 -0.185195 0.552556
v 0.000000 -0.219815 0.562113
v 0.000000 0.023315 0.594278
v 0.096718 0.039705 0.573910
v -0.176794 1.738765 0.288779
v -0.225596 1.866315 0.228510
v 0.269047 2.012495 0.126225
v 0.086785 -0.185195 0.552556
v -0.672146 1.279045 -0.236451
v -0.672146 1.261475 0.173799
v -0.671497 -0.318955 -0.712292
v -0.906910 0.146575 -0.497975
v -0.952132 -0.148845 -0.537607
v -0.656095 0.020125 -0.643528
v -0.754568 -0.165225 -0.497598
v -0.706341 0.235635 -0.477478
v -0.448583 -0.289075 -0.639078
v -0.448566 0.154575 -0.591184
v -0.533430 0.027475 -0.495395
v -0.490980 0.534675 -0.495395
v 0.000000 0.027475 -0.487224
v 0.000000 0.534675 -0.484188
v 0.490980 0.534675 -0.495395
v 0.448531 1.041875 -0.495395
v 0.448548 0.598225 -0.543290
v 0.609888 1.037355 -0.437237
v 0.658114 0.636495 -0.457358
v 0.625290 0.698275 -0.506001
v 0.640692 0.359205 -0.574764
v 0.816466 0.737415 -0.418710
v 0.861688 0.441995 -0.458343
v -0.754568 -0.165225 -0.497598
v -0.706341 0.235635 -0.477478
v 0.000000 0.027475 -0.505444
v 0.000000 0.534675 -0.505444
v 0.658114 0.636495 -0.457357
v -0.861688 0.441995 -0.458343
v -0.640692 0.359205 -0.574764
v -0.658114 0.636495 -0.457358
v -0.448548 0.598225 -0.543290
v -0.448531 1.041875 -0.495396
v 0.000000 1.043505 -0.481152
v 0.397015 1.288165 -0.341657
v 0.672146 1.279045 -0.236451
v 0.721725 1.280715 -0.250004
v 0.710252 1.337175 -0.031341
v 0.000000 1.043505 -0.505444
v 0.418883 1.288085 -0.388667
v 0.771245 1.032845 -0.379079
v -0.802795 -0.566085 -0.517718
v -0.448600 -0.732725 -0.686973
v -0.575879 -0.479725 -0.495395
v 0.000000 -0.479725 -0.493297
v 0.533430 0.027475 -0.495395
v 0.448565 0.154575 -0.591183
v 0.000000 -0.479725 -0.505442
v -0.618328 -0.986925 -0.495394
v 0.000000 -0.986925 -0.505442
v 0.575879 -0.479725 -0.495395
v 0.448583 -0.289075 -0.639078
v 0.706341 0.235635 -0.477478
v 0.000000 -0.986925 -0.499369
v 0.656094 0.020125 -0.643528
v 0.754568 -0.165225 -0.497598
v 0.448600 -0.732725 -0.686972
v 0.618328 -0.986925 -0.495394
v 0.498520 -1.131565 -0.501382
v 0.000000 -1.398125 -0.505442
v 0.754568 -0.165225 -0.497598
v -0.816466 0.737415 -0.418711
v -0.625290 0.698285 -0.506001
v -0.771245 1.032845 -0.379079
v -0.609888 1.037355 -0.437237
v -0.721725 1.280715 -0.250004
v -0.672146 1.279045 -0.236451
v -0.710252 1.337175 -0.031341
v -0.651553 1.325915 -0.031341
v -0.672146 1.261475 0.173799
v -0.721725 1.280715 -0.250004
v -0.418883 1.288085 -0.388667
v -0.290260 1.464575 -0.215786
v 0.000000 1.478685 -0.307372
v 0.000000 1.289715 -0.412189
v 0.290260 1.464575 -0.215786
v -0.397015 1.288165 -0.341657
v 0.000000 1.298335 -0.325877
v -0.429528 1.420005 -0.031341
v -0.443150 1.327775 0.177368
v -0.440805 1.231865 0.276209
v -0.621907 1.178435 0.276209
v -0.519934 1.166435 0.319558
v 0.429528 1.420005 -0.031341
v 0.443150 1.327775 0.177368
v 0.672146 1.261475 0.173799
v 0.440805 1.231865 0.276209
v 0.621907 1.178435 0.276209
v 0.519934 1.166445 0.319558
v 0.802794 -0.566085 -0.517717
v 0.671497 -0.318955 -0.712291
v 0.906910 0.146575 -0.497974
v -0.498520 -1.131565 -0.501382
v 0.651554 1.325915 -0.031341
v 0.952132 -0.148845 -0.537606
v -0.671497 -0.318955 -0.711677
v -0.906910 0.146575 -0.497360
v -0.952132 -0.148845 -0.536992
v -0.656095 0.020125 -0.642913
v -0.754568 -0.165225 -0.496983
v -0.706341 0.235635 -0.476863
v -0.448583 -0.289075 -0.638463
v -0.448566 0.154575 -0.590569
v -0.533430 0.027475 -0.494780
v -0.490980 0.534675 -0.494780
v 0.000000 0.027475 -0.486609
v 0.000000 0.534675 -0.483573
v 0.490980 0.534675 -0.494780
v 0.448531 1.041875 -0.494780
v 0.448548 0.598225 -0.542675
v 0.609888 1.037355 -0.436622
v 0.658114 0.636495 -0.456743
v 0.625290 0.698275 -0.505386
v 0.640692 0.359205 -0.574149
v 0.816466 0.737415 -0.418095
v 0.861688 0.441995 -0.457728
v -0.754568 -0.165225 -0.496983
v -0.706341 0.235635 -0.476863
v 0.000000 0.027475 -0.504829
v 0.000000 0.534675 -0.504829
v 0.658114 0.636495 -0.456742
v -0.861688 0.441995 -0.457728
v -0.640692 0.359205 -0.574149
v -0.658114 0.636495 -0.456743
v -0.448548 0.598225 -0.542675
v -0.448531 1.041875 -0.494781
v 0.000000 1.043505 -0.480537
v 0.397015 1.288165 -0.341042
v 0.672146 1.279045 -0.235836
v 0.721725 1.280715 -0.249389
v 0.710252 1.337175 -0.030726
v 0.000000 1.043505 -0.504829
v 0.418883 1.288085 -0.388052
v 0.771245 1.032845 -0.378464
v -0.802795 -0.566085 -0.517103
v -0.448600 -0.732725 -0.686358
v -0.575879 -0.479725 -0.494780
v 0.000000 -0.479725 -0.492682
v 0.533430 0.027475 -0.494780
v 0.448565 0.154575 -0.590568
v 0.000000 -0.479725 -0.504827
v -0.618328 -0.986925 -0.494779
v 0.000000 -0.986925 -0.504827
v 0.575879 -0.479725 -0.494780
v 0.448583 -0.289075 -0.638463
v 0.706341 0.235635 -0.476863
v 0.000000 -0.986925 -0.498754
v 0.656094 0.020125 -0.642913
v 0.754568 -0.165225 -0.496983
v 0.448600 -0.732725 -0.686357
v 0.618328 -0.986925 -0.494779
v 0.498520 -1.131565 -0.500767
v 0.000000 -1.398125 -0.504827
v 0.754568 -0.165225 -0.496983
v -0.816466 0.737415 -0.418096
v -0.625290 0.698285 -0.505386
v -0.771245 1.032845 -0.378464
v -0.609888 1.037355 -0.436622
v -0.721725 1.280715 -0.249389
v -0.672146 1.279045 -0.235836
v -0.710252 1.337175 -0.030726
v -0.651553 1.325915 -0.030726
v -0.721725 1.280715 -0.249389
v -0.418883 1.288085 -0.388052
v -0.290260 1.464575 -0.215171
v 0.000000 1.478685 -0.306757
v 0.000000 1.289715 -0.411574
v 0.290260 1.464575 -0.215171
v -0.397015 1.288165 -0.341042
v 0.000000 1.298335 -0.325262
v 0.802794 -0.566085 -0.517102
v 0.671497 -0.318955 -0.711676
v 0.906910 0.146575 -0.497359
v -0.498520 -1.131565 -0.500767
v 0.651554 1.325915 -0.030726
v 0.952132 -0.148845 -0.536991
v -0.181243 2.207555 0.533703
v -0.137272 2.207375 0.530784
v -0.163992 2.202055 0.558577
v -0.181243 2.207555 0.533703
v -0.166590 2.225805 0.482084
v -0.201153 2.227915 0.483580
v -0.201153 2.227915 0.483580
v -0.206837 2.246665 0.429951
v -0.166590 2.225805 0.482084
v -0.238735 2.269875 0.479718
v -0.233367 2.256685 0.364593
v -0.249504 2.331145 0.456609
v -0.249504 2.331145 0.456609
v -0.250885 2.373825 0.370164
v -0.240192 2.392315 0.407534
v -0.223719 2.410255 0.369931
v -0.207875 2.428915 0.489766
v -0.175836 2.462335 0.441760
v -0.155388 2.453125 0.552512
v -0.119419 2.480195 0.499325
v -0.066567 2.447445 0.544601
v -0.066567 2.447445 0.544601
v -0.089359 2.477855 0.439904
v -0.119419 2.480195 0.499325
v -0.035154 2.439495 0.471490
v -0.057292 2.454065 0.374507
v -0.017577 2.428755 0.380653
v 0.000000 2.418005 0.253658
v 0.013497 2.493125 0.403600
v 0.068272 2.497035 0.403600
v 0.050334 2.515075 0.503653
v 0.104204 2.502405 0.482961
v 0.140144 2.453695 0.553937
v 0.160760 2.446555 0.444147
v 0.207893 2.407135 0.497744
v 0.223719 2.410255 0.369931
v 0.250885 2.373825 0.370164
v 0.265503 2.389656 0.254165
v 0.286454 2.358885 0.254398
v 0.286454 2.358885 0.254398
v 0.268113 2.368975 0.142250
v 0.265503 2.389656 0.254165
v 0.288725 2.342315 0.140662
v 0.243111 2.328915 0.022528
v 0.268219 2.243415 0.147794
v 0.228547 2.236265 0.041518
v -0.190711 2.209755 0.586371
v -0.209742 2.217605 0.554109
v -0.207922 2.239295 0.604273
v -0.240546 2.283195 0.556032
v -0.226969 2.256125 0.624084
v -0.265309 2.295585 0.604883
v -0.236763 2.253015 0.634271
v -0.282309 2.282065 0.628570
v -0.241542 2.243185 0.639241
v -0.288539 2.258485 0.643918
v -0.242061 2.230956 0.639781
v -0.277333 2.225335 0.645379
v -0.236832 2.221545 0.634342
v -0.257140 2.205545 0.634977
v -0.207770 2.194765 0.604114
v -0.254056 2.194375 0.652259
v -0.236806 2.205545 0.654804
v -0.246477 2.225335 0.675466
v 0.000000 2.500885 0.487368
v 0.064548 2.470185 0.581898
v 0.153206 2.380795 0.573391
v 0.218791 2.363915 0.511178
v 0.218791 2.363915 0.511178
v 0.250885 2.373825 0.370164
v 0.207893 2.407135 0.497744
v 0.233367 2.256685 0.364593
v 0.265956 2.250285 0.253658
v 0.288725 2.342315 0.140662
v -0.230481 2.364825 0.527689
v -0.189775 2.391495 0.588771
v -0.211447 2.326105 0.607938
v -0.127100 2.361685 0.622896
v -0.158991 2.283195 0.635552
v -0.067021 2.312235 0.612473
v -0.081934 2.262035 0.608281
v -0.018143 2.314915 0.541197
v -0.090426 2.227665 0.584644
v -0.089119 2.225515 0.553328
v -0.139410 2.207505 0.572112
v -0.206674 2.295585 0.662057
v -0.243929 2.330285 0.641727
v -0.271102 2.306305 0.669988
v -0.284990 2.269715 0.684433
v -0.276257 2.221535 0.675350
v -0.265956 2.250285 0.253658
v -0.288725 2.342315 0.140662
v -0.268219 2.243415 0.147794
v -0.286454 2.358885 0.254398
v -0.268113 2.368975 0.142250
v -0.265503 2.389656 0.254165
v -0.156495 2.375085 0.170112
v -0.150892 2.405855 0.253658
v 0.000000 2.382785 0.159374
v 0.150892 2.405855 0.253658
v -0.007457 2.316485 0.558049
v -0.030306 2.358495 0.530959
v -0.010276 2.379975 0.567779
v 0.069092 2.332975 0.597228
v 0.070973 2.395965 0.608989
v 0.149105 2.324065 0.562778
v 0.211099 2.314105 0.504942
v 0.000000 2.323985 -0.060104
v 0.124040 2.232135 -0.020148
v 0.000000 2.231315 -0.035964
v 0.131884 2.325035 -0.043731
v 0.000000 2.379095 0.048281
v 0.150155 2.371075 0.057211
v 0.156495 2.375085 0.170112
v -0.286454 2.358885 0.254398
v -0.149218 2.438975 0.379165
v -0.229634 2.282065 0.679931
v -0.244666 2.258485 0.686697
v -0.035154 2.406915 0.505559
v -0.046640 2.376435 0.580716
v -0.093623 2.421185 0.589606
v -0.181243 2.207555 0.533703
v 0.179142 2.263585 0.457757
v 0.126612 2.270835 0.506410
v 0.063975 2.275335 0.530192
v 0.000000 2.277585 0.538212
v -0.124040 2.232135 -0.020148
v -0.131884 2.325035 -0.043731
v -0.150155 2.371075 0.057211
v -0.006307 2.457175 0.545787
v -0.228547 2.236265 0.041518
v -0.243111 2.328915 0.022528
v -0.126612 2.270835 0.506410
v -0.179142 2.263585 0.457757
v -0.063975 2.275335 0.530192
v -0.157123 2.216525 0.601648
v -0.029250 2.050815 0.575632
v -0.030054 2.079855 0.576935
v -0.037863 2.075215 0.569003
v -0.021539 2.052215 0.583294
v 0.000000 2.053295 0.589748
v 0.000000 1.997975 0.599977
v 0.021539 2.052215 0.583294
v 0.014164 1.997205 0.595309
v 0.029250 2.050815 0.575631
v 0.020575 1.995745 0.587567
v 0.040621 2.024815 0.545693
v 0.042791 1.981215 0.550615
v 0.065096 1.990745 0.521114
v 0.067458 1.954835 0.531971
v 0.090320 1.972545 0.512026
v 0.093318 1.936575 0.519679
v 0.121683 1.964165 0.509298
v 0.122019 1.928965 0.511157
v 0.156904 1.925595 0.498374
v 0.151210 1.883485 0.493054
v 0.182480 1.880516 0.463110
v 0.163023 1.819805 0.458472
v 0.192984 1.807105 0.401769
v 0.156324 1.736155 0.417179
v 0.163683 1.715955 0.381427
v 0.117119 1.671315 0.431704
v 0.113194 1.665465 0.421943
v 0.075293 1.641115 0.492367
v 0.113194 1.665465 0.421943
v 0.117119 1.671315 0.431704
v 0.065905 1.630665 0.449065
v 0.040402 1.628535 0.479381
v 0.034540 1.623655 0.434485
v 0.000000 1.622915 0.431995
v 0.000000 1.645275 0.382651
v -0.034540 1.623655 0.434485
v -0.053711 1.649915 0.372297
v -0.065905 1.630665 0.449065
v -0.095472 1.655545 0.402191
v -0.113194 1.665465 0.421943
v -0.158648 1.706885 0.362654
v -0.163683 1.715955 0.381427
v -0.206181 1.771795 0.338206
v -0.192984 1.807105 0.401769
v -0.219942 1.798605 0.328314
v -0.213928 1.878845 0.412487
v -0.236055 1.882765 0.330726
v -0.223258 1.940065 0.417132
v -0.245829 1.951635 0.336788
v -0.224470 1.989575 0.413996
v -0.245870 2.005955 0.339427
v -0.223762 2.018815 0.409836
v -0.222013 2.049606 0.408411
v -0.208077 2.050585 0.433125
v -0.208904 2.073985 0.438054
v -0.199428 2.063585 0.452084
v -0.202644 2.098665 0.460666
v -0.194591 2.082165 0.466465
v -0.189509 2.118885 0.481982
v -0.183987 2.100025 0.480812
v -0.168668 2.130035 0.502318
v -0.165793 2.114765 0.497437
v -0.143492 2.137485 0.517699
v -0.142651 2.122855 0.510394
v -0.116200 2.138105 0.529677
v -0.117616 2.123945 0.519547
v -0.089668 2.131925 0.540916
v -0.094672 2.118315 0.524991
v -0.068823 2.119545 0.550620
v -0.074950 2.107245 0.529378
v -0.051186 2.101284 0.560042
v -0.058131 2.090565 0.534126
v -0.045836 2.069695 0.538891
v -0.040950 2.047285 0.542888
v -0.040621 2.024815 0.545693
v -0.053297 2.040365 0.500211
v -0.058369 2.015035 0.496356
v -0.066499 2.020635 0.491040
v -0.078649 1.996625 0.494066
v -0.081204 2.007795 0.494571
v -0.098852 2.001095 0.497185
v -0.101067 2.018206 0.495526
v -0.118914 2.018385 0.497076
v 0.101068 2.018206 0.495526
v 0.098852 2.001095 0.497185
v 0.118914 2.018385 0.497076
v 0.081204 2.007795 0.494571
v 0.078649 1.996625 0.494066
v 0.066500 2.020635 0.491040
v 0.058369 2.015035 0.496356
v 0.053297 2.040365 0.500211
v 0.040950 2.047285 0.542888
v 0.045836 2.069695 0.538891
v 0.037863 2.075215 0.569003
v 0.058132 2.090565 0.534126
v 0.051186 2.101284 0.560042
v 0.074950 2.107245 0.529378
v 0.068823 2.119545 0.550620
v 0.094672 2.118315 0.524991
v 0.089668 2.131925 0.540916
v 0.117615 2.123935 0.519547
v 0.116200 2.138105 0.529677
v 0.142651 2.122855 0.510394
v 0.143492 2.137485 0.517699
v 0.165794 2.114765 0.497437
v 0.168669 2.130035 0.502318
v 0.183987 2.100025 0.480812
v 0.189509 2.118885 0.481982
v 0.194591 2.082165 0.466465
v 0.202644 2.098665 0.460666
v 0.199428 2.063585 0.452084
v 0.208904 2.073985 0.438054
v 0.208077 2.050585 0.433125
v 0.222013 2.049606 0.408411
v 0.223762 2.018815 0.409836
v 0.245870 2.005955 0.339427
v 0.224470 1.989575 0.413996
v 0.245829 1.951635 0.336788
v 0.223258 1.940065 0.417132
v 0.236055 1.882765 0.330726
v 0.213928 1.878845 0.412487
v 0.219942 1.798605 0.328314
v 0.206181 1.771795 0.338206
v 0.158648 1.706885 0.362654
v 0.095472 1.655545 0.402191
v 0.053711 1.649915 0.372297
v -0.195167 1.975585 0.464498
v -0.189886 1.930495 0.469968
v -0.159307 1.965915 0.495679
v -0.156904 1.925595 0.498374
v -0.121683 1.964165 0.509298
v -0.122019 1.928965 0.511157
v -0.093318 1.936575 0.519679
v -0.089610 1.899335 0.518826
v -0.064314 1.914815 0.531566
v -0.059562 1.881875 0.531587
v -0.052268 1.907725 0.528754
v -0.053434 1.885345 0.529837
v -0.055181 1.909365 0.532612
v -0.056774 1.886615 0.534911
v -0.050888 1.911945 0.551598
v -0.052259 1.893455 0.553925
v -0.031127 1.916295 0.570868
v -0.029673 1.898075 0.579425
v -0.017914 1.900135 0.601470
v -0.017274 1.893465 0.596328
v -0.010665 1.893255 0.604783
v -0.010953 1.879795 0.568013
v 0.000000 1.893425 0.608383
v 0.000000 1.879495 0.570133
v 0.010953 1.879795 0.568013
v 0.000000 1.854395 0.564788
v 0.018611 1.856465 0.565179
v 0.000000 1.825365 0.573705
v 0.023968 1.837115 0.572432
v 0.017836 1.810475 0.553351
v 0.036534 1.835525 0.568314
v 0.030379 1.810955 0.550574
v 0.047025 1.831116 0.560147
v 0.040732 1.808385 0.544287
v 0.055941 1.825135 0.551027
v 0.050411 1.805985 0.537610
v 0.064503 1.818565 0.538028
v 0.060020 1.804565 0.528073
v 0.072115 1.812805 0.525781
v 0.068712 1.803865 0.517877
v 0.079499 1.810215 0.513582
v 0.077079 1.804835 0.509282
v 0.084039 1.805205 0.506435
v 0.080674 1.804515 0.503746
v 0.081136 1.803276 0.503746
v 0.000000 1.805535 0.556689
v 0.000000 1.802015 0.536953
v 0.016213 1.804595 0.536369
v -0.016213 1.804595 0.536369
v -0.017836 1.810475 0.553351
v -0.026034 1.805305 0.533159
v -0.030379 1.810955 0.550574
v -0.035856 1.804435 0.529187
v -0.040732 1.808385 0.544287
v -0.045952 1.802815 0.523905
v -0.050412 1.805985 0.537610
v -0.056389 1.801395 0.517507
v -0.060020 1.804565 0.528073
v -0.066826 1.800975 0.510868
v -0.068712 1.803865 0.517877
v -0.074767 1.802216 0.505455
v -0.077079 1.804835 0.509282
v -0.080674 1.804515 0.503746
v -0.084039 1.805205 0.506435
v -0.081136 1.803276 0.503746
v -0.085253 1.802985 0.506435
v -0.084039 1.800765 0.506435
v -0.096513 1.802985 0.506435
v -0.092635 1.792275 0.505740
v -0.120678 1.790265 0.490178
v -0.082859 1.774245 0.505567
v -0.091775 1.746905 0.495917
v -0.065138 1.759315 0.515381
v -0.063794 1.725735 0.507921
v -0.043079 1.752015 0.522321
v -0.033888 1.713955 0.518968
v -0.020935 1.750965 0.526903
v 0.000000 1.716775 0.526130
v 0.000000 1.750575 0.527952
v 0.020935 1.750965 0.526903
v 0.020935 1.761045 0.549315
v 0.042739 1.761055 0.544820
v 0.020935 1.774075 0.555716
v 0.042399 1.774845 0.551032
v 0.018068 1.800935 0.548246
v 0.035018 1.800765 0.543169
v 0.016829 1.806505 0.531868
v 0.031624 1.805635 0.527486
v 0.112724 1.689495 0.457988
v 0.138854 1.767085 0.465234
v 0.136640 1.831665 0.488059
v 0.117566 1.889745 0.506077
v 0.089610 1.899335 0.518826
v 0.064314 1.914815 0.531566
v 0.047768 1.923655 0.537365
v 0.038539 1.931875 0.554762
v 0.050888 1.911945 0.551598
v 0.031127 1.916295 0.570868
v 0.052259 1.893455 0.553925
v 0.029673 1.898075 0.579425
v 0.024309 1.888555 0.577449
v 0.017275 1.893465 0.596328
v 0.010665 1.893255 0.604783
v 0.011505 1.900395 0.609772
v 0.000000 1.901045 0.614081
v 0.012005 1.947795 0.603370
v 0.000000 1.947945 0.607996
v -0.182480 1.880516 0.463110
v -0.163023 1.819805 0.458472
v -0.156324 1.736155 0.417179
v -0.138854 1.767085 0.465234
v -0.112724 1.689495 0.457988
v -0.105035 1.712965 0.482670
v -0.077664 1.667505 0.512196
v -0.071923 1.695005 0.514160
v -0.045166 1.667065 0.536364
v -0.038646 1.696535 0.533700
v 0.000000 1.666815 0.542894
v 0.000000 1.696556 0.539354
v 0.038646 1.696535 0.533700
v 0.033888 1.713955 0.518968
v 0.043079 1.752015 0.522321
v 0.055470 1.764265 0.537496
v 0.055135 1.777795 0.542820
v 0.047944 1.800455 0.534905
v 0.044367 1.804095 0.521288
v 0.047944 1.800455 0.534905
v -0.068888 1.813985 0.400094
v -0.076900 1.784285 0.314296
v -0.075871 1.785345 0.399331
v -0.069823 1.816915 0.320624
v -0.037936 1.833285 0.409585
v -0.035840 1.834675 0.322530
v 0.000000 1.831685 0.324435
v 0.000000 1.813815 0.285050
v 0.035840 1.834675 0.322530
v 0.069823 1.816915 0.320624
v 0.037936 1.833285 0.409585
v 0.068889 1.813985 0.400094
v 0.066174 1.806045 0.438450
v 0.075871 1.785345 0.399331
v 0.072881 1.780415 0.441283
v 0.000000 1.764565 0.408928
v 0.058421 1.773835 0.472073
v 0.029669 1.769655 0.491590
v 0.026939 1.793456 0.484737
v 0.000000 1.792895 0.487389
v 0.000000 1.815075 0.457482
v -0.026939 1.793456 0.484737
v -0.035405 1.815055 0.456861
v -0.053044 1.798665 0.466850
v -0.066174 1.806045 0.438450
v -0.072881 1.780415 0.441283
v -0.117119 1.671315 0.431704
v -0.075293 1.641115 0.492367
v -0.044787 1.639316 0.517091
v 0.000000 1.638325 0.522916
v 0.045166 1.667065 0.536364
v 0.071924 1.695005 0.514160
v 0.063794 1.725735 0.507921
v 0.065138 1.759315 0.515381
v 0.065882 1.770105 0.527410
v 0.065556 1.782795 0.531942
v 0.059530 1.799395 0.524718
v 0.055927 1.802795 0.516182
v 0.030054 2.079855 0.576935
v 0.043080 2.107964 0.568913
v 0.060351 2.129905 0.559395
v 0.079159 2.143295 0.550224
v 0.098352 2.141675 0.542377
v 0.115749 2.143035 0.533602
v 0.144771 2.144005 0.518155
v 0.171645 2.140665 0.501130
v 0.194340 2.133675 0.476537
v 0.209004 2.123555 0.449001
v 0.218517 2.084875 0.419223
v 0.220909 2.145685 0.408686
v 0.236630 2.080445 0.361756
v 0.238846 2.104225 0.326804
v 0.248959 2.046175 0.303353
v -0.236630 2.080445 0.361756
v -0.238846 2.104225 0.326804
v -0.248959 2.046175 0.303353
v -0.220909 2.145685 0.408686
v -0.218517 2.084875 0.419223
v -0.209004 2.123555 0.449001
v -0.194340 2.133675 0.476537
v -0.171645 2.140665 0.501130
v -0.144771 2.144005 0.518155
v -0.115749 2.143035 0.533602
v -0.098352 2.141675 0.542377
v -0.079159 2.143295 0.550224
v -0.060351 2.129905 0.559395
v -0.043079 2.107964 0.568913
v -0.040402 1.628535 0.479381
v 0.000000 1.627865 0.486097
v 0.044787 1.639316 0.517091
v 0.077664 1.667505 0.512196
v 0.105035 1.712965 0.482669
v 0.091775 1.746905 0.495917
v 0.082859 1.774245 0.505567
v 0.074882 1.777585 0.516742
v 0.083010 1.784625 0.509685
v 0.073355 1.789795 0.520151
v 0.079499 1.795675 0.511847
v 0.069524 1.798175 0.515103
v 0.078097 1.799875 0.509454
v 0.066751 1.801475 0.510840
v 0.075181 1.802515 0.506409
v -0.191394 2.054335 0.461997
v -0.187739 2.070355 0.471851
v -0.178574 2.088305 0.481857
v -0.165793 2.114765 0.497437
v -0.162976 2.103835 0.494565
v -0.141816 2.109575 0.503088
v -0.119667 2.112085 0.508701
v -0.098025 2.110425 0.509526
v -0.079014 2.098405 0.508496
v -0.066340 2.079385 0.505329
v -0.058951 2.060375 0.502014
v -0.069524 1.798185 0.515103
v -0.055927 1.802795 0.516182
v -0.066751 1.801475 0.510840
v -0.059530 1.799395 0.524718
v -0.073355 1.789795 0.520151
v -0.065556 1.782795 0.531941
v -0.074882 1.777595 0.516742
v -0.065882 1.770105 0.527410
v -0.055470 1.764265 0.537496
v -0.042739 1.761065 0.544820
v -0.020935 1.761045 0.549315
v 0.000000 1.760735 0.549786
v 0.000000 1.773925 0.556389
v 0.000000 1.801166 0.549823
v 0.000000 1.806505 0.531869
v 0.058951 2.060375 0.502014
v 0.045836 2.069695 0.538891
v 0.066340 2.079385 0.505329
v 0.079014 2.098405 0.508496
v 0.098025 2.110425 0.509526
v 0.119667 2.112085 0.508701
v 0.117615 2.123935 0.519547
v 0.141816 2.109575 0.503088
v 0.162976 2.103825 0.494565
v 0.178574 2.088305 0.481857
v 0.187739 2.070355 0.471851
v 0.191394 2.054335 0.461997
v 0.052268 1.907725 0.528754
v 0.055181 1.909365 0.532612
v 0.053434 1.885345 0.529837
v 0.056774 1.886615 0.534911
v 0.043446 1.877905 0.545009
v 0.040691 1.883685 0.557039
v 0.025250 1.885065 0.553480
v 0.021545 1.877475 0.555182
v 0.046636 1.873065 0.543715
v 0.047231 1.851115 0.551153
v 0.077836 1.861785 0.525812
v 0.069793 1.840025 0.533497
v 0.107539 1.845405 0.509181
v 0.086163 1.824245 0.517293
v 0.094203 1.813725 0.509243
v -0.288697 2.129325 0.252085
v -0.253553 2.061655 0.278352
v -0.274262 2.131355 0.244977
v -0.292834 2.028645 0.188031
v -0.303223 2.148055 0.230038
v -0.330052 2.142425 0.175976
v -0.283591 2.151035 0.219584
v -0.307925 2.145525 0.165080
v -0.309708 2.104095 0.123953
v -0.327393 2.122615 0.122264
v -0.335311 2.079965 0.099313
v -0.358937 2.076655 0.110947
v -0.349385 2.022325 0.117396
v -0.320637 1.934605 0.146537
v -0.249717 1.960145 0.257916
v -0.277693 1.854965 0.199810
v -0.253425 1.854835 0.235963
v -0.255766 1.858045 0.189013
v -0.237803 1.857025 0.228270
v -0.225596 1.866315 0.228510
v -0.241579 1.889725 0.254450
v 0.255766 1.858045 0.189013
v 0.253425 1.854835 0.235963
v 0.237803 1.857025 0.228270
v 0.277693 1.854965 0.199810
v 0.297011 1.937925 0.134903
v 0.320637 1.934605 0.146537
v 0.325758 2.025635 0.105762
v 0.349385 2.022325 0.117396
v 0.335311 2.079965 0.099313
v 0.358937 2.076655 0.110947
v 0.327393 2.122605 0.122264
v 0.351020 2.119295 0.133898
v 0.307925 2.145525 0.165080
v 0.330052 2.142425 0.175976
v 0.283591 2.151035 0.219584
v 0.303223 2.148055 0.230038
v 0.274262 2.131355 0.244977
v 0.288697 2.129325 0.252085
v 0.253553 2.061645 0.278352
v 0.292834 2.028645 0.188031
v 0.251962 2.020835 0.263271
v 0.249717 1.960145 0.257916
v -0.079499 1.810215 0.513582
v -0.072115 1.812815 0.525781
v -0.064503 1.818565 0.538028
v -0.055941 1.825135 0.551027
v -0.047026 1.831116 0.560147
v -0.036535 1.835525 0.568314
v -0.023968 1.837115 0.572432
v -0.018611 1.856465 0.565179
v -0.094203 1.813725 0.509243
v -0.086163 1.824245 0.517293
v -0.107539 1.845405 0.509181
v -0.069793 1.840025 0.533497
v -0.077836 1.861785 0.525813
v -0.047231 1.851115 0.551153
v -0.046636 1.873065 0.543715
v -0.021545 1.877475 0.555182
v -0.025250 1.885065 0.553480
v -0.024309 1.888555 0.577449
v -0.040691 1.883685 0.557039
v -0.043446 1.877905 0.545009
v -0.186968 2.067435 0.472301
v -0.186863 2.070465 0.468287
v -0.177608 2.088335 0.476759
v -0.177211 2.083695 0.481119
v -0.162231 2.103465 0.488974
v -0.161841 2.097555 0.492334
v -0.141724 2.109005 0.496634
v -0.141571 2.102345 0.499642
v -0.119698 2.111255 0.498527
v -0.119937 2.103985 0.502105
v -0.098095 2.103065 0.500864
v -0.098223 2.095895 0.503170
v -0.079251 2.086605 0.498360
v -0.080447 2.080345 0.499777
v -0.068625 2.064955 0.495184
v -0.071252 2.062235 0.488451
v -0.061360 2.053865 0.489221
v -0.098294 2.109595 0.497859
v -0.079233 2.097535 0.493840
v -0.067046 2.079815 0.491332
v 0.067046 2.079815 0.491332
v 0.061360 2.053865 0.489221
v 0.079233 2.097535 0.493840
v 0.098294 2.109585 0.497859
v 0.119698 2.111255 0.498527
v 0.141724 2.109005 0.496634
v 0.162231 2.103455 0.488974
v 0.177608 2.088335 0.476759
v 0.186863 2.070465 0.468287
v 0.071252 2.062235 0.488451
v 0.068625 2.064955 0.495184
v 0.080447 2.080335 0.499777
v 0.079251 2.086605 0.498360
v 0.098223 2.095895 0.503170
v 0.098095 2.103065 0.500864
v 0.119937 2.103985 0.502105
v 0.141571 2.102345 0.499642
v 0.161841 2.097545 0.492334
v 0.177211 2.083685 0.481119
v 0.186968 2.067435 0.472301
v -0.251962 2.020835 0.263271
v -0.229664 1.822475 0.250469
v -0.221383 1.794225 0.261022
v -0.191874 1.748315 0.308784
v -0.141512 1.694915 0.341138
v 0.120678 1.790265 0.490178
v -0.197183 2.140795 0.476744
v -0.196072 2.147245 0.472863
v -0.176033 2.152595 0.503245
v -0.173721 2.165225 0.496449
v -0.150319 2.158935 0.522823
v -0.147993 2.174285 0.515891
v -0.119033 2.159195 0.540810
v -0.116306 2.175335 0.531581
v -0.099923 2.156415 0.549731
v -0.096962 2.172505 0.541070
v -0.081485 2.156045 0.556214
v -0.079328 2.169825 0.548377
v -0.062284 2.161635 0.559775
v -0.062278 2.170775 0.553610
v -0.043680 2.172415 0.556963
v 0.062284 2.161635 0.559775
v 0.062278 2.170775 0.553610
v 0.043681 2.172415 0.556963
v 0.079328 2.169825 0.548377
v 0.081485 2.156045 0.556214
v 0.096962 2.172505 0.541070
v 0.099923 2.156415 0.549731
v 0.116306 2.175335 0.531581
v 0.119033 2.159195 0.540810
v 0.147993 2.174285 0.515891
v 0.150319 2.158935 0.522823
v 0.173721 2.165225 0.496449
v 0.176033 2.152595 0.503245
v 0.196072 2.147245 0.472863
v 0.197183 2.140795 0.476744
v 0.141512 1.694915 0.341138
v 0.191874 1.748315 0.308784
v 0.221383 1.794225 0.261022
v 0.229664 1.822475 0.250469
v 0.241579 1.889725 0.254450
v 0.026034 1.805305 0.533158
v 0.035856 1.804435 0.529187
v 0.045952 1.802815 0.523905
v 0.056389 1.801385 0.517507
v 0.066826 1.800975 0.510868
v 0.074767 1.802216 0.505455
v -0.193701 2.016685 0.457846
v -0.185382 2.028265 0.467286
v -0.177920 1.996185 0.474845
v -0.174549 2.012515 0.479513
v -0.158663 1.985205 0.485795
v -0.156298 2.003055 0.489105
v -0.139587 1.980425 0.493000
v -0.138462 1.998755 0.495745
v -0.119317 1.980525 0.496330
v -0.119184 1.998365 0.498136
v -0.098185 1.985745 0.495403
v -0.059259 2.154235 0.556451
v -0.120265 2.088545 0.506646
v -0.119687 2.084526 0.497849
v -0.100698 2.084145 0.496696
v -0.138006 2.083375 0.495381
v -0.140133 2.087415 0.503514
v -0.154623 2.080855 0.490470
v -0.158305 2.084295 0.496997
v -0.168754 2.071585 0.483944
v -0.172798 2.073415 0.487948
v -0.179907 2.059655 0.478086
v -0.183051 2.061035 0.479062
v -0.187056 2.050485 0.469538
v -0.185698 2.064295 0.475893
v 0.000000 1.754175 0.515103
v -0.037427 1.800775 0.511395
v -0.039429 1.754565 0.511644
v 0.000000 1.800385 0.514749
v 0.000000 1.765305 0.499596
v 0.037427 1.800775 0.511395
v 0.035055 1.765655 0.496456
v 0.073498 1.803355 0.488666
v 0.069025 1.769535 0.475220
v 0.091101 1.807475 0.452345
v 0.086111 1.776845 0.441973
v 0.094102 1.812905 0.404507
v 0.089643 1.786185 0.397477
v 0.094102 1.821585 0.328082
v 0.090859 1.801825 0.325837
v 0.119184 1.998365 0.498136
v 0.098185 1.985745 0.495403
v 0.119317 1.980525 0.496330
v 0.139587 1.980425 0.493000
v 0.159307 1.965915 0.495679
v 0.158663 1.985205 0.485795
v 0.177920 1.996185 0.474845
v 0.174549 2.012515 0.479513
v 0.185382 2.028255 0.467286
v 0.180103 2.048245 0.476945
v 0.187056 2.050485 0.469538
v 0.179907 2.059655 0.478086
v 0.185698 2.064285 0.475893
v 0.183051 2.061025 0.479062
v 0.185698 2.064285 0.475893
v 0.172798 2.073415 0.487948
v 0.168754 2.071575 0.483944
v 0.158305 2.084295 0.496997
v 0.154623 2.080855 0.490470
v 0.140133 2.087415 0.503514
v 0.138006 2.083375 0.495381
v 0.120265 2.088545 0.506646
v 0.119687 2.084526 0.497849
v 0.100698 2.084135 0.496696
v 0.059260 2.154235 0.556452
v -0.119712 2.086695 0.452595
v -0.099528 2.086285 0.452595
v -0.139182 2.085475 0.452595
v -0.156844 2.082745 0.452595
v -0.171864 2.072235 0.452595
v -0.183644 2.057965 0.454086
v -0.183852 2.048505 0.454086
v -0.180103 2.048245 0.476945
v -0.169627 2.032355 0.483396
v 0.126612 2.214315 0.512117
v 0.096962 2.172505 0.541070
v 0.063975 2.219285 0.535855
v 0.062788 2.185366 0.548931
v 0.000000 2.187105 0.557788
v 0.000000 2.150905 0.569529
v 0.000000 2.110515 0.576367
v 0.183852 2.048505 0.454086
v 0.169627 2.032355 0.483396
v 0.183644 2.057965 0.454086
v 0.171864 2.072235 0.452595
v 0.156844 2.082745 0.452595
v 0.139182 2.085475 0.452595
v 0.119712 2.086695 0.452595
v 0.099528 2.086285 0.452595
v -0.062788 2.185366 0.548931
v -0.063975 2.219285 0.535855
v -0.096962 2.172505 0.541070
v -0.126612 2.214315 0.512117
v -0.187056 2.050485 0.469538
v -0.153716 2.021195 0.491322
v -0.135979 2.018835 0.495794
v -0.068231 2.063005 0.452595
v -0.068901 2.043755 0.488682
v -0.065773 2.043355 0.452595
v -0.075076 2.027465 0.488284
v -0.072352 2.025805 0.452830
v -0.087057 2.019885 0.492962
v -0.085029 2.017785 0.454866
v -0.099921 2.016025 0.454978
v -0.118914 2.018385 0.497076
v -0.118889 2.016215 0.454978
v -0.137028 2.016725 0.454978
v -0.122948 1.824435 0.328406
v -0.123675 1.861065 0.412658
v -0.129524 1.870045 0.333586
v -0.117396 1.815755 0.404830
v -0.108920 1.855475 0.461801
v -0.103390 1.810325 0.452668
v -0.077429 1.851245 0.499126
v -0.073498 1.806205 0.488989
v -0.039429 1.848605 0.522327
v -0.037427 1.803625 0.511719
v 0.000000 1.848215 0.525787
v 0.000000 1.803245 0.515072
v 0.037427 1.803625 0.511719
v -0.088138 1.852695 0.403681
v -0.094102 1.824435 0.328406
v -0.088138 1.860775 0.332532
v -0.094102 1.815755 0.404830
v -0.082726 1.847555 0.448923
v -0.088324 1.810325 0.452668
v -0.068840 1.843655 0.483240
v -0.035055 1.841185 0.505034
v 0.000000 1.840825 0.508174
v 0.118889 2.016215 0.454978
v 0.118914 2.018385 0.497076
v 0.137028 2.016725 0.454978
v 0.099921 2.016025 0.454978
v 0.085029 2.017785 0.454866
v 0.087057 2.019885 0.492962
v 0.072352 2.025805 0.452830
v 0.075076 2.027465 0.488284
v 0.065773 2.043355 0.452595
v 0.068901 2.043755 0.488682
v 0.068231 2.063005 0.452595
v -0.014164 1.997205 0.595309
v -0.012004 1.947795 0.603370
v -0.020575 1.995745 0.587567
v -0.018434 1.946865 0.595519
v -0.042791 1.981215 0.550615
v -0.038539 1.931875 0.554762
v -0.067458 1.954835 0.531971
v -0.047768 1.923655 0.537365
v -0.065096 1.990745 0.521114
v -0.090320 1.972545 0.512026
v -0.151210 1.883495 0.493055
v -0.136640 1.831665 0.488059
v -0.117566 1.889745 0.506077
v 0.000000 1.830215 0.408928
v 0.035405 1.815055 0.456861
v 0.026939 1.793456 0.484737
v 0.053044 1.798665 0.466850
v -0.077429 1.757195 0.488444
v -0.075181 1.802515 0.506408
v -0.080674 1.802145 0.503746
v -0.108920 1.761435 0.451118
v -0.011505 1.900395 0.609772
v -0.094102 1.821585 0.328082
v -0.090859 1.801825 0.325837
v -0.089643 1.786185 0.397477
v -0.086111 1.776845 0.441973
v -0.069025 1.769535 0.475220
v -0.035055 1.765655 0.496456
v -0.094102 1.812905 0.404507
v -0.091101 1.807475 0.452345
v -0.073498 1.803355 0.488665
v 0.069025 1.769535 0.475220
v 0.076900 1.784285 0.314296
v 0.094102 1.824435 0.328406
v 0.039429 1.754565 0.511644
v 0.077429 1.757195 0.488444
v 0.103390 1.807475 0.452345
v 0.108920 1.761435 0.451118
v 0.117396 1.812905 0.404507
v 0.123675 1.767025 0.401975
v 0.122948 1.821585 0.328082
v 0.035055 1.841185 0.505034
v 0.073498 1.806205 0.488989
v 0.068840 1.843655 0.483240
v 0.088324 1.810325 0.452668
v 0.082726 1.847555 0.448923
v 0.094102 1.815755 0.404830
v 0.088138 1.852695 0.403681
v 0.088138 1.860775 0.332532
v 0.123675 1.861065 0.412658
v 0.122948 1.824435 0.328406
v 0.129524 1.870045 0.333586
v 0.117396 1.815755 0.404830
v 0.108920 1.855475 0.461801
v 0.103390 1.810325 0.452668
v 0.077429 1.851245 0.499126
v 0.039429 1.848605 0.522327
v 0.077429 1.851245 0.499126
v 0.066826 1.800975 0.510868
v 0.080674 1.802145 0.503746
v -0.018068 1.800935 0.548246
v -0.016829 1.806505 0.531868
v -0.035018 1.800765 0.543169
v -0.031624 1.805635 0.527486
v -0.047944 1.800455 0.534905
v -0.044367 1.804095 0.521288
v -0.020935 1.774075 0.555716
v -0.042399 1.774845 0.551032
v -0.055135 1.777795 0.542820
v -0.078097 1.799875 0.509454
v -0.079499 1.795675 0.511847
v -0.083010 1.784625 0.509685
v 0.193701 2.016675 0.457846
v 0.195167 1.975585 0.464498
v 0.189886 1.930495 0.469968
v 0.084039 1.800765 0.506435
v 0.085253 1.802985 0.506435
v 0.096513 1.802985 0.506435
v -0.176794 1.738765 0.288779
v -0.210944 1.789135 0.241548
v -0.218130 1.816385 0.229500
v -0.141040 2.095145 0.501858
v -0.120126 2.096575 0.504811
v -0.098695 2.088475 0.505343
v -0.083494 2.076385 0.491612
v -0.103390 1.807475 0.452345
v -0.117396 1.812905 0.404507
v -0.123675 1.767025 0.401975
v -0.122948 1.821585 0.328082
v -0.058421 1.773835 0.472072
v -0.029669 1.769655 0.491590
v 0.000000 1.769045 0.494435
v 0.135979 2.018835 0.495794
v 0.138462 1.998755 0.495745
v 0.153716 2.021195 0.491322
v 0.156298 2.003055 0.489105
v 0.083494 2.076385 0.491612
v 0.098695 2.088475 0.505343
v 0.120126 2.096575 0.504811
v 0.141040 2.095145 0.501858
v 0.218130 1.816385 0.229500
v 0.225596 1.866315 0.228510
v 0.210944 1.789135 0.241548
v 0.176794 1.738765 0.288779
v -0.325758 2.025635 0.105762
v -0.269047 2.012495 0.126225
v -0.297011 1.937925 0.134903
v -0.256583 1.936885 0.148165
v -0.061230 2.042395 0.491478
v -0.160532 2.091165 0.495008
v -0.175607 2.078714 0.484849
v -0.172714 2.031085 0.453114
v -0.155871 2.019255 0.454846
v 0.155871 2.019255 0.454846
v 0.172714 2.031085 0.453114
v 0.061231 2.042385 0.491478
v 0.175607 2.078714 0.484849
v 0.160532 2.091165 0.495008
v 0.017914 1.900135 0.601470
v 0.018434 1.946865 0.595519
v 0.059562 1.881875 0.531587
v -0.225608 2.162435 0.364834
v -0.206998 2.202495 0.414466
v -0.179142 2.206135 0.461092
v -0.081242 2.078045 0.452595
v -0.078847 2.092335 0.496381
v -0.067126 2.070206 0.494446
v 0.179142 2.206135 0.461092
v 0.206998 2.202495 0.414466
v 0.225608 2.162435 0.364834
v 0.066600 2.075155 0.493162
v 0.067126 2.070206 0.494446
v 0.078847 2.092335 0.496381
v 0.081242 2.078045 0.452595
v 0.256583 1.936885 0.148165
v 0.269047 2.012495 0.126225
v 0.092635 1.792275 0.505740
v -0.066600 2.075165 0.493162
v -0.351020 2.119295 0.133898
v 0.000000 1.876135 0.299134
v 0.309708 2.104095 0.123953
v 0.000000 2.222005 0.543831
v -0.298465 2.146095 0.159122
v 0.098294 2.109585 0.497859
v 0.298465 2.146095 0.159122
v 0.120741 2.085225 0.495331
v 0.120741 2.064825 0.501640
v 0.137357 2.080765 0.495250
v 0.104125 2.080765 0.495250
v 0.114266 2.063085 0.501609
v 0.109526 2.058355 0.501523
v 0.120741 2.051845 0.503181
v 0.107791 2.051875 0.501406
v 0.109526 2.045405 0.501289
v 0.087509 2.051995 0.494730
v 0.091961 2.035385 0.494429
v 0.131956 2.058355 0.501523
v 0.153973 2.051995 0.494730
v 0.149521 2.068615 0.495030
v 0.133691 2.051875 0.501406
v 0.131956 2.045405 0.501289
v 0.127216 2.040665 0.501203
v 0.137357 2.023225 0.494209
v 0.120741 2.038935 0.501171
v 0.120741 2.018775 0.494128
v 0.104125 2.023225 0.494209
v -0.149521 2.068615 0.495030
v -0.131956 2.058355 0.501523
v -0.137357 2.080765 0.495250
v -0.153973 2.051995 0.494730
v -0.133691 2.051875 0.501406
v -0.131956 2.045405 0.501289
v -0.120741 2.051845 0.503181
v -0.127216 2.040665 0.501203
v -0.120741 2.038935 0.501171
v -0.137357 2.023225 0.494209
v -0.120741 2.018775 0.494128
v -0.091961 2.068615 0.495030
v -0.109526 2.058355 0.501523
v -0.087509 2.051995 0.494730
v -0.104125 2.080765 0.495250
v -0.114266 2.063085 0.501609
v -0.120741 2.064825 0.501640
v -0.127216 2.063085 0.501609
v -0.104125 2.023225 0.494209
v -0.114266 2.040665 0.501203
v -0.109526 2.045405 0.501289
v -0.107791 2.051875 0.501406
v 0.127216 2.063085 0.501609
v 0.114266 2.040665 0.501203
v 0.149521 2.035385 0.494429
v 0.091961 2.068615 0.495030
v -0.149521 2.035385 0.494429
v -0.091961 2.035385 0.494429
v -0.120741 2.085225 0.495331
v -0.120342 2.084105 0.516783
v -0.120265 2.088545 0.506646
v -0.098972 2.084105 0.516378
v -0.139651 2.083315 0.514164
v -0.140133 2.087415 0.503514
v -0.156956 2.080135 0.508096
v -0.158305 2.084295 0.496997
v -0.171369 2.070715 0.495918
v -0.172798 2.073415 0.487948
v -0.181460 2.059065 0.484353
v -0.183051 2.061035 0.479062
v -0.187056 2.050485 0.469538
v 0.181460 2.059065 0.484353
v 0.183051 2.061025 0.479062
v 0.187056 2.050485 0.469538
v 0.172798 2.073415 0.487948
v 0.171370 2.070715 0.495918
v 0.158305 2.084295 0.496997
v 0.156956 2.080135 0.508096
v 0.140133 2.087415 0.503514
v 0.139651 2.083305 0.514164
v 0.120265 2.088545 0.506646
v 0.120342 2.084105 0.516783
v 0.098972 2.084105 0.516378
v -0.098695 2.088475 0.505343
v -0.081295 2.075895 0.510676
v -0.080447 2.080335 0.499777
v -0.069443 2.062095 0.500392
v -0.068625 2.064955 0.495184
v -0.061360 2.053865 0.489221
v 0.069443 2.062095 0.500392
v 0.068625 2.064955 0.495184
v 0.061360 2.053865 0.489221
v 0.080447 2.080335 0.499777
v 0.081295 2.075895 0.510676
v 0.098695 2.088475 0.505343
v 0.157834 1.989045 0.399060
v 0.120741 1.975285 0.423164
v 0.120741 1.979115 0.399060
v 0.159742 1.985735 0.423164
v 0.120741 1.979115 0.447268
v 0.157834 1.989045 0.447268
v 0.120741 1.990185 0.469012
v 0.152294 1.998645 0.469012
v 0.120741 2.007445 0.486269
v 0.143665 2.013585 0.486269
v 0.120741 2.029195 0.497349
v 0.132793 2.032415 0.497349
v 0.120741 2.053295 0.501166
v 0.141616 2.041235 0.497349
v 0.144845 2.053295 0.497349
v 0.166590 2.053295 0.486269
v 0.141616 2.065345 0.497349
v 0.160447 2.076215 0.486269
v 0.143666 2.092995 0.486269
v 0.152294 2.107945 0.469012
v 0.120741 2.099145 0.486269
v 0.120741 2.116395 0.469012
v 0.089188 2.107945 0.469012
v 0.083649 2.117535 0.447268
v 0.066090 2.084845 0.469012
v 0.056495 2.090385 0.447268
v 0.046556 2.053295 0.447268
v 0.042739 2.053295 0.423164
v -0.056495 2.090385 0.447268
v -0.046556 2.053295 0.447268
v -0.042739 2.053295 0.423164
v -0.066090 2.084845 0.469013
v -0.083649 2.117535 0.447268
v -0.089188 2.107945 0.469012
v -0.120741 2.116395 0.469012
v -0.120741 2.099145 0.486269
v -0.152294 2.107945 0.469012
v -0.143665 2.092995 0.486269
v -0.160447 2.076215 0.486269
v -0.141616 2.065345 0.497349
v -0.166590 2.053295 0.486269
v -0.144845 2.053295 0.497349
v -0.141616 2.041235 0.497349
v -0.120741 2.053295 0.501166
v -0.132793 2.032415 0.497349
v -0.120741 2.029195 0.497349
v -0.143665 2.013585 0.486269
v -0.120741 2.007445 0.486269
v -0.152294 1.998645 0.469013
v -0.120741 1.990195 0.469013
v -0.157834 1.989045 0.447268
v -0.120741 1.979115 0.447268
v -0.159742 1.985745 0.423164
v -0.120741 1.975295 0.423164
v -0.157834 1.989045 0.399060
v -0.120741 1.979115 0.399060
v 0.083649 1.989045 0.399060
v 0.081740 1.985735 0.423164
v 0.083649 1.989045 0.447268
v 0.089188 1.998645 0.469012
v 0.097817 2.013585 0.486269
v 0.108689 2.032415 0.497349
v 0.099866 2.041235 0.497349
v 0.096637 2.053295 0.497349
v 0.074892 2.053295 0.486269
v 0.099866 2.065345 0.497349
v 0.081035 2.076215 0.486269
v 0.097817 2.092995 0.486269
v -0.097817 2.092995 0.486269
v -0.081035 2.076215 0.486269
v -0.099866 2.065345 0.497349
v -0.074892 2.053295 0.486269
v -0.096637 2.053295 0.497349
v -0.099866 2.041235 0.497349
v -0.108689 2.032415 0.497349
v -0.097817 2.013585 0.486269
v -0.089188 1.998645 0.469013
v -0.083649 1.989045 0.447268
v -0.081740 1.985745 0.423164
v -0.083649 1.989045 0.399060
v 0.053189 2.092295 0.423164
v 0.046556 2.053295 0.399060
v 0.081740 2.120845 0.423164
v 0.120741 2.127475 0.447268
v 0.157834 2.117535 0.447268
v 0.175392 2.084845 0.469012
v 0.183846 2.053295 0.469012
v 0.166590 2.053295 0.486269
v 0.160447 2.076215 0.486269
v -0.183846 2.053295 0.469013
v -0.175392 2.084845 0.469012
v -0.157834 2.117535 0.447268
v -0.120741 2.127475 0.447268
v -0.081740 2.120845 0.423164
v -0.053189 2.092295 0.423164
v -0.046556 2.053295 0.399060
v 0.188293 2.014295 0.423164
v 0.184987 2.016205 0.399060
v 0.184987 2.016205 0.447268
v 0.175392 2.021745 0.469012
v 0.160447 2.030365 0.486269
v 0.053189 2.014295 0.423164
v 0.056495 2.016205 0.399060
v 0.056495 2.016205 0.447268
v 0.066090 2.021745 0.469012
v 0.081035 2.030365 0.486269
v 0.108689 2.032415 0.497349
v -0.081035 2.030365 0.486269
v -0.066090 2.021745 0.469013
v -0.056495 2.016205 0.447268
v -0.053189 2.014295 0.423164
v -0.056495 2.016205 0.399060
v -0.160447 2.030365 0.486269
v -0.175392 2.021745 0.469013
v -0.184987 2.016205 0.447268
v -0.188293 2.014295 0.423164
v -0.184987 2.016205 0.399060
v 0.194926 2.053295 0.399060
v 0.198744 2.053295 0.423164
v 0.194926 2.053295 0.447268
v 0.057636 2.053295 0.469012
v -0.057636 2.053295 0.469013
v -0.194926 2.053295 0.447268
v -0.198744 2.053295 0.423164
v -0.194926 2.053295 0.399060
v 0.120741 2.131295 0.423164
v 0.157834 2.117535 0.399060
v 0.120741 2.127475 0.399060
v 0.159742 2.120845 0.423164
v 0.188293 2.092295 0.423164
v 0.184987 2.090385 0.447268
v 0.120741 2.077395 0.497349
v 0.132793 2.074165 0.497349
v -0.132793 2.074165 0.497349
v -0.120741 2.077395 0.497349
v -0.184987 2.090385 0.447268
v -0.159742 2.120845 0.423164
v -0.120741 2.131295 0.423164
v -0.188293 2.092295 0.423164
v -0.157834 2.117535 0.399060
v -0.120741 2.127475 0.399060
v 0.056495 2.090385 0.399060
v 0.083649 2.117535 0.399060
v -0.083649 2.117535 0.399060
v -0.056495 2.090385 0.399060
v 0.108689 2.074165 0.497349
v -0.108689 2.074165 0.497349
v 0.184987 2.090385 0.399060
v -0.184987 2.090385 0.399060
v -0.228547 2.182495 0.038756
v -0.306877 2.143205 0.073684
v -0.268219 2.188295 0.145189
v -0.250079 2.144465 -0.004226
v -0.337994 1.983885 0.011364
v -0.187179 2.013655 -0.115749
v -0.333991 1.949665 0.008196
v -0.183565 1.979365 -0.118575
v -0.317541 1.917935 0.011637
v -0.173371 1.946305 -0.109628
v -0.313190 1.896465 0.002497
v -0.171213 1.925035 -0.116838
v -0.323611 1.882555 -0.022605
v -0.178767 1.911735 -0.144463
v -0.325591 1.854275 -0.040772
v -0.179363 1.883745 -0.163848
v -0.309388 1.818745 -0.049498
v -0.172749 1.846195 -0.164135
v -0.288278 1.789885 -0.043968
v -0.161162 1.815325 -0.150224
v -0.283478 1.768885 -0.053095
v -0.158296 1.793055 -0.157820
v -0.291753 1.751825 -0.073267
v -0.162035 1.777165 -0.181941
v -0.289245 1.724405 -0.089004
v -0.160242 1.749815 -0.197005
v -0.270061 1.681625 -0.103408
v -0.151164 1.705105 -0.202475
v -0.245997 1.633925 -0.114073
v -0.138867 1.655145 -0.202741
v 0.000000 2.178675 -0.038659
v -0.162917 2.145725 -0.060563
v -0.124040 2.179355 -0.022857
v 0.000000 2.145975 -0.078316
v 0.000000 2.018495 -0.137382
v 0.000000 1.984115 -0.139790
v 0.000000 1.950795 -0.129665
v 0.000000 1.929465 -0.136626
v 0.000000 1.916365 -0.165123
v 0.000000 1.888385 -0.184578
v 0.000000 1.850665 -0.184101
v 0.000000 1.819495 -0.168850
v 0.000000 1.797155 -0.176114
v 0.000000 1.781355 -0.200667
v 0.000000 1.753965 -0.215525
v 0.000000 1.709025 -0.219946
v 0.000000 1.658745 -0.218791
v 0.138867 1.655145 -0.202741
v 0.151164 1.705105 -0.202475
v 0.160242 1.749815 -0.197005
v 0.162035 1.777165 -0.181940
v 0.158296 1.793055 -0.157820
v 0.161162 1.815325 -0.150224
v 0.172749 1.846195 -0.164135
v 0.179363 1.883745 -0.163848
v 0.178767 1.911735 -0.144463
v 0.171213 1.925035 -0.116838
v 0.173371 1.946305 -0.109628
v 0.183565 1.979365 -0.118575
v 0.187179 2.013655 -0.115749
v 0.162917 2.145725 -0.060563
v 0.124040 2.179355 -0.022857
v 0.245997 1.633925 -0.114073
v 0.270061 1.681625 -0.103408
v 0.289245 1.724405 -0.089004
v 0.291753 1.751825 -0.073267
v 0.283478 1.768885 -0.053095
v 0.288278 1.789885 -0.043968
v 0.309388 1.818745 -0.049498
v 0.325591 1.854275 -0.040772
v 0.323611 1.882555 -0.022605
v 0.313190 1.896455 0.002497
v 0.317541 1.917935 0.011637
v 0.333991 1.949675 0.008196
v 0.337994 1.983885 0.011364
v 0.250079 2.144465 -0.004226
v 0.306877 2.143205 0.073684
v 0.228547 2.182495 0.038756
v 0.268219 2.188295 0.145189
v -0.165588 -0.171275 -0.070595
v -0.201994 -0.344825 -0.198069
v -0.277101 -0.176525 -0.023994
v -0.055493 -0.335105 -0.217566
v -0.064698 -0.542555 -0.303964
v 0.000000 -0.542365 -0.307555
v 0.000000 -0.974725 -0.367961
v 0.064698 -0.542555 -0.303964
v 0.078394 -0.975915 -0.368484
v 0.226509 -0.543615 -0.281498
v 0.265099 -0.970795 -0.347782
v 0.376418 -0.546575 -0.228541
v 0.442234 -0.963025 -0.293865
v 0.472852 -0.550545 -0.153969
v 0.557236 -0.957695 -0.211498
v 0.551438 -0.558725 -0.000616
v 0.655636 -0.950425 -0.041264
v 0.547190 -0.568455 0.181796
v 0.655397 -0.965585 0.148787
v 0.515589 -0.574155 0.288616
v 0.622789 -0.979625 0.262098
v 0.428362 -0.580955 0.416180
v 0.517479 -1.010605 0.400013
v 0.286266 -0.585815 0.507261
v 0.356071 -1.039985 0.493893
v 0.178122 -0.587725 0.542958
v 0.218848 -1.053755 0.530483
v 0.000000 -0.588745 0.562128
v 0.000000 -1.063225 0.554111
v -0.218849 -1.053755 0.530483
v 0.000000 -0.168465 -0.095485
v 0.000000 -0.334525 -0.222551
v -0.043517 -0.169205 -0.088944
v 0.043517 -0.169205 -0.088944
v 0.055493 -0.335105 -0.217566
v 0.165588 -0.171275 -0.070595
v 0.201994 -0.344825 -0.198069
v 0.277101 -0.176525 -0.023994
v 0.339452 -0.366345 -0.156888
v 0.347470 -0.182295 0.027202
v 0.432770 -0.398085 -0.099528
v 0.395364 -0.194175 0.132512
v 0.514020 -0.471325 0.025635
v 0.391116 -0.208215 0.257103
v 0.363803 -0.217815 0.342219
v 0.297158 -0.227115 0.424705
v 0.202507 -0.235065 0.495198
v 0.130199 -0.238695 0.527465
v 0.000000 -0.241205 0.549675
v -0.178122 -0.587725 0.542958
v -0.356071 -1.039985 0.493893
v 0.000000 -0.543345 -0.286112
v -0.061870 -0.543545 -0.284663
v 0.061871 -0.543545 -0.284663
v 0.216611 -0.544555 -0.263179
v 0.359970 -0.547385 -0.212536
v 0.452189 -0.551195 -0.141223
v 0.527341 -0.559015 0.005430
v 0.523279 -0.568315 0.179870
v 0.493058 -0.573765 0.282023
v 0.409643 -0.580275 0.404036
v 0.273757 -0.584915 0.491136
v 0.170338 -0.586735 0.525274
v 0.000000 -0.589995 0.541745
v -0.078394 -0.975925 -0.368484
v -0.216611 -0.544555 -0.263180
v -0.265100 -0.970795 -0.347782
v -0.359969 -0.547385 -0.212536
v -0.442234 -0.963025 -0.293865
v -0.452189 -0.551195 -0.141223
v -0.557236 -0.957695 -0.211498
v -0.527341 -0.559015 0.005430
v -0.655636 -0.950425 -0.041264
v -0.523279 -0.568315 0.179870
v -0.655397 -0.965585 0.148787
v -0.493059 -0.573765 0.282023
v -0.622789 -0.979625 0.262098
v -0.409643 -0.580275 0.404036
v -0.517479 -1.010605 0.400013
v -0.273758 -0.584915 0.491136
v -0.170338 -0.586735 0.525274
v -0.226509 -0.543615 -0.281498
v -0.376418 -0.546575 -0.228541
v -0.472852 -0.550555 -0.153969
v -0.551438 -0.558725 -0.000616
v -0.547190 -0.568455 0.181796
v -0.515588 -0.574155 0.288616
v -0.428362 -0.580955 0.416180
v -0.286267 -0.585815 0.507261
v -0.339452 -0.366345 -0.156888
v -0.347470 -0.182295 0.027202
v -0.432770 -0.398085 -0.099528
v -0.395364 -0.194175 0.132512
v -0.514020 -0.471325 0.025635
v -0.391116 -0.208215 0.257103
v -0.363803 -0.217815 0.342219
v -0.297158 -0.227115 0.424705
v -0.202507 -0.235065 0.495198
v -0.130199 -0.238695 0.527465
v 0.000000 2.231315 -0.035964
v 0.124040 2.232135 -0.020148
v 0.228547 2.236265 0.041518
v 0.268219 2.243415 0.147794
v 0.265956 2.193915 0.253658
v 0.265956 2.250285 0.253658
v 0.233367 2.198855 0.366097
v 0.233367 2.256685 0.364593
v 0.206998 2.202495 0.414466
v 0.179142 2.263585 0.457757
v 0.179142 2.206135 0.461092
v 0.126612 2.214315 0.512117
v -0.124040 2.232135 -0.020148
v -0.228547 2.236265 0.041518
v -0.268219 2.243415 0.147794
v -0.265956 2.193915 0.253658
v -0.265956 2.250285 0.253658
v -0.233367 2.198855 0.366097
v -0.233367 2.256685 0.364593
v -0.206998 2.202495 0.414466
v -0.179142 2.263585 0.457757
v -0.179142 2.206135 0.461092
v -0.126612 2.214315 0.512117
v -0.248959 2.046175 0.303353
v -0.274262 2.131355 0.244977
v -0.253553 2.061655 0.278352
v -0.267850 2.153985 0.270769
v -0.283591 2.151035 0.219584
v -0.298465 2.146095 0.159122
v -0.151541 1.790646 -0.100742
v 0.000000 1.787455 -0.126605
v 0.000000 1.915125 -0.022817
v 0.151541 1.790646 -0.100742
v 0.165326 1.914955 -0.032580
v 0.298465 2.146095 0.159122
v 0.283591 2.151035 0.219584
v 0.267850 2.153985 0.270769
v 0.274262 2.131355 0.244977
v 0.248959 2.046175 0.303353
v 0.253553 2.061645 0.278352
v -0.126612 2.270835 0.506410
v -0.063975 2.219285 0.535855
v -0.063975 2.275335 0.530192
v 0.000000 2.222005 0.543831
v 0.000000 2.277585 0.538212
v 0.063975 2.275335 0.530192
v -0.290105 1.967815 0.058905
v -0.269047 2.012495 0.126225
v -0.165326 1.914955 -0.032579
v -0.238846 2.104225 0.326804
v -0.225608 2.162435 0.364834
v -0.309708 2.104095 0.123953
v 0.063975 2.219285 0.535855
v 0.126612 2.270835 0.506410
v 0.290105 1.967815 0.058905
v 0.269047 2.012495 0.126225
v 0.309708 2.104095 0.123953
v 0.225608 2.162435 0.364834
v 0.238846 2.104225 0.326804
v -0.086785 -0.185195 0.552556
v 0.000000 -0.102125 0.607713
v -0.122733 -0.098925 0.551932
v 0.000000 -0.219815 0.562113
v 0.086785 -0.185195 0.552556
v -0.086785 -0.013275 0.575300
v 0.000000 0.023315 0.594278
v 0.086785 -0.013275 0.575300
v 0.122733 -0.098925 0.551932
v 0.722801 0.669085 -0.030493
v 0.678553 0.624685 0.100707
v 0.678553 0.624685 -0.163388
v 0.728372 0.820175 0.188651
v 0.749232 0.924551 0.175384
v 0.705150 1.049660 0.277643
v 0.673426 1.258945 0.174253
v 0.651554 1.325915 -0.031341
v 0.534129 1.251325 -0.030965
v 0.673317 1.276562 -0.235206
v 0.693764 1.051357 -0.339208
v 0.728372 0.820175 -0.261880
v 0.763327 0.939525 -0.267474
v 0.675739 0.835473 -0.030965
v 0.980223 0.957667 -0.366750
v 0.731846 1.273465 -0.243994
v 1.180217 0.964715 -0.261254
v 1.263669 0.968670 -0.030965
v 0.980223 0.957667 0.290896
v 1.180217 0.964715 0.185400
v 0.721818 1.344445 -0.030965
v 0.731846 1.273465 -0.243994
v 0.685525 0.795065 -0.291824
v 0.702042 0.795065 0.229143
v -0.678553 0.624685 0.100707
v -0.722801 0.669085 -0.030493
v -0.678553 0.624685 -0.163388
v -0.728372 0.820175 0.188651
v -0.748477 0.910660 0.175384
v -0.705150 1.049660 0.277643
v -0.673426 1.258945 0.174253
v -0.652242 1.325070 -0.033765
v -0.672146 1.279045 -0.236451
v -0.673267 1.252387 -0.247891
v -0.693764 1.051357 -0.339208
v -0.728372 0.820175 -0.261880
v -0.760483 0.927355 -0.267474
v -0.687313 0.812705 -0.030965
v -0.973120 0.973814 -0.366750
v -1.170458 1.007056 -0.261254
v -1.252678 1.021936 -0.030965
v -0.973120 0.973814 0.290896
v -1.170458 1.007056 0.185400
v -0.685525 0.795065 -0.291824
v -0.702042 0.795065 0.229143
vn -0.8282 -0.0115 -0.5603
vn -0.2761 -0.5731 -0.7716
vn -0.3962 -0.0227 -0.9179
vn -0.0000 -0.4890 -0.8723
vn -0.0000 -0.6296 -0.7769
vn 0.2761 -0.5731 -0.7716
vn 0.2052 -0.6753 -0.7084
vn 0.6460 -0.6188 -0.4470
vn 0.6396 -0.7071 -0.3014
vn 0.8682 -0.4938 0.0493
vn 0.8800 -0.4564 0.1312
vn 0.7939 -0.4457 0.4135
vn 0.9036 -0.3942 0.1676
vn 0.7893 -0.4461 0.4220
vn 0.7607 -0.3452 0.5496
vn 0.5009 -0.3946 0.7703
vn 0.4567 -0.2939 0.8397
vn 0.1222 -0.2129 0.9694
vn 0.0717 0.3076 0.9488
vn -0.3694 -0.1820 0.9113
vn -0.3910 0.3117 0.8660
vn -0.3236 -0.0170 0.9461
vn -0.0000 0.3023 0.9532
vn -0.0000 0.2134 0.9770
vn 0.3236 -0.0170 0.9461
vn -0.0000 -0.0778 0.9970
vn -0.1126 -0.2674 0.9570
vn -0.0906 -0.1677 0.9817
vn -0.5009 -0.3946 0.7703
vn -0.5020 -0.3332 0.7981
vn -0.7939 -0.4457 0.4135
vn -0.8426 -0.3734 0.3881
vn -0.8682 -0.4938 0.0493
vn -0.8957 -0.0356 0.4432
vn -0.9996 -0.0093 0.0260
vn -0.5365 0.4453 0.7169
vn -0.5811 0.4365 0.6869
vn -0.2303 0.6202 0.7498
vn -0.2820 0.5765 0.7669
vn -0.6747 0.1829 0.7151
vn -0.3871 0.2509 0.8873
vn -0.7607 -0.3452 0.5496
vn -0.4567 -0.2939 0.8397
vn -0.1222 -0.2129 0.9694
vn 0.3694 -0.1820 0.9113
vn 0.3910 0.3117 0.8660
vn -0.0000 0.5436 0.8393
vn 0.0148 0.6689 0.7432
vn 0.3871 0.2509 0.8873
vn -0.7966 -0.3834 0.4674
vn -0.6121 -0.1536 0.7757
vn -0.3529 -0.2830 0.8918
vn -0.3503 -0.1944 0.9163
vn -0.6445 -0.0301 0.7640
vn -0.0000 -0.1412 0.9900
vn -0.0000 0.0369 0.9993
vn 0.6445 -0.0301 0.7640
vn 0.4923 0.2926 0.8198
vn 0.9768 0.1832 0.1107
vn 0.7594 0.6268 0.1743
vn 0.6318 0.4594 -0.6244
vn 0.5580 0.5670 -0.6059
vn -0.0000 0.5480 -0.8365
vn -0.0000 0.5407 -0.8412
vn -0.5580 0.5670 -0.6059
vn -0.5560 0.5928 -0.5826
vn -0.6219 0.7734 0.1227
vn -0.0000 -0.0271 -0.9996
vn 0.3907 -0.2051 -0.8974
vn 0.8282 -0.0115 -0.5603
vn 0.9996 -0.0093 0.0260
vn 0.8957 -0.0356 0.4432
vn 0.8426 -0.3734 0.3881
vn 0.6586 -0.0792 0.7483
vn 0.4135 -0.2892 0.8633
vn 0.3160 -0.1446 0.9377
vn 0.0755 -0.2935 0.9530
vn 0.2603 -0.2058 0.9433
vn 0.0608 -0.2000 0.9779
vn 0.0920 0.7032 0.7050
vn 0.2820 0.5764 0.7669
vn 0.6747 0.1829 0.7151
vn 0.9523 0.0837 0.2934
vn 0.9463 -0.2775 0.1658
vn 0.9763 -0.2151 -0.0214
vn 0.9567 -0.2758 0.0929
vn 0.8003 -0.4678 -0.3751
vn -0.6460 -0.6188 -0.4470
vn -0.6396 -0.7071 -0.3014
vn -0.2052 -0.6753 -0.7084
vn -0.8003 -0.4678 -0.3751
vn -0.2458 -0.4375 -0.8650
vn -0.4931 -0.3051 -0.8147
vn -0.1691 -0.1664 -0.9714
vn -0.3260 0.1124 -0.9386
vn -0.0894 0.1484 -0.9849
vn -0.1179 0.2884 -0.9502
vn -0.0000 0.1402 -0.9901
vn -0.0000 0.2218 -0.9751
vn 0.1179 0.2884 -0.9502
vn -0.9276 -0.1142 0.3557
vn -0.9848 0.0056 0.1738
vn -0.9178 -0.0735 0.3902
vn -0.8646 -0.0654 0.4983
vn -0.9768 0.1832 0.1107
vn -0.4923 0.2926 0.8198
vn -0.0000 0.4178 0.9085
vn 0.1891 0.5094 0.8395
vn 0.3708 0.7129 0.5952
vn 0.1443 0.6587 0.7384
vn 0.9422 -0.0930 0.3219
vn 0.9848 0.0056 0.1738
vn 0.9642 -0.1398 -0.2255
vn 0.9452 0.1025 -0.3101
vn 0.6102 0.3728 -0.6991
vn -0.0000 0.5476 -0.8367
vn -0.6318 0.4594 -0.6244
vn -0.7594 0.6268 0.1743
vn -0.3708 0.7129 0.5952
vn -0.7761 0.0441 -0.6290
vn -0.6102 0.3728 -0.6991
vn -0.9642 -0.1398 -0.2255
vn -0.9452 0.1025 -0.3101
vn -0.1891 0.5094 0.8395
vn -0.1443 0.6587 0.7385
vn -0.0920 0.7032 0.7050
vn -0.0000 -0.3899 -0.9208
vn 0.2458 -0.4375 -0.8650
vn 0.4931 -0.3051 -0.8147
vn 0.8796 -0.3603 -0.3106
vn -0.0000 -0.3220 0.9467
vn -0.0000 -0.2309 0.9730
vn 0.3503 -0.1944 0.9163
vn 0.6121 -0.1536 0.7757
vn 0.8646 -0.0654 0.4983
vn 0.8174 -0.1442 0.5577
vn 0.9178 -0.0735 0.3902
vn -0.3557 -0.0439 0.9336
vn -0.4410 -0.1152 0.8901
vn -0.4431 -0.0855 0.8924
vn -0.2703 -0.7605 0.5904
vn -0.6586 -0.0792 0.7483
vn -0.5040 -0.6929 0.5157
vn -0.6990 -0.6589 0.2778
vn -0.8108 -0.5825 -0.0577
vn -0.6696 -0.5304 -0.5199
vn -0.3160 -0.1446 0.9377
vn -0.2603 -0.2058 0.9433
vn -0.0755 -0.2935 0.9530
vn -0.0608 -0.2000 0.9779
vn -0.0000 -0.1675 0.9859
vn 0.0906 -0.1677 0.9817
vn 0.1126 -0.2674 0.9570
vn -0.8007 0.3129 0.5109
vn -0.9523 0.0837 0.2934
vn -0.9763 -0.2151 -0.0214
vn -0.9463 -0.2775 0.1658
vn -0.9036 -0.3942 0.1676
vn -0.7893 -0.4461 0.4220
vn 0.3557 -0.0439 0.9336
vn 0.4431 -0.0855 0.8924
vn 0.4410 -0.1152 0.8901
vn 0.2703 -0.7605 0.5904
vn 0.5040 -0.6929 0.5157
vn 0.6990 -0.6589 0.2778
vn 0.8108 -0.5825 -0.0577
vn 0.6696 -0.5304 -0.5199
vn -0.3684 -0.1087 0.9233
vn -0.3501 -0.0196 0.9365
vn -0.0000 -0.0263 0.9997
vn -0.2462 -0.1203 0.9617
vn -0.0000 -0.0756 0.9971
vn -0.0000 -0.0630 0.9980
vn 0.3684 -0.1087 0.9233
vn 0.3501 -0.0196 0.9365
vn -0.0148 0.6689 0.7432
vn -0.0717 0.3076 0.9488
vn -0.0000 0.5442 -0.8390
vn 0.5560 0.5928 -0.5826
vn 0.6219 0.7734 0.1227
vn -0.0000 -0.5708 -0.8211
vn -0.0000 -0.8608 0.5090
vn 0.3082 -0.5443 -0.7802
vn -0.0000 -0.1242 -0.9923
vn 0.1691 -0.1664 -0.9714
vn 0.3260 0.1124 -0.9386
vn -0.8796 -0.3603 -0.3106
vn -0.9567 -0.2758 0.0929
vn -0.8800 -0.4564 0.1312
vn 0.3406 0.3862 -0.8572
vn 0.0894 0.1484 -0.9849
vn 0.3877 0.1679 -0.9064
vn 0.3529 -0.2830 0.8918
vn 0.7966 -0.3834 0.4674
vn -0.4135 -0.2892 0.8633
vn 0.6509 0.4011 0.6445
vn 0.5365 0.4453 0.7169
vn 0.8007 0.3129 0.5109
vn 0.5811 0.4365 0.6869
vn 0.2303 0.6202 0.7499
vn 0.5020 -0.3332 0.7981
vn -0.3082 -0.5443 -0.7802
vn 0.9276 -0.1142 0.3557
vn -0.2642 -0.2041 0.9426
vn -0.0000 -0.4209 0.9071
vn -0.0000 -0.0204 0.9998
vn 0.2462 -0.1203 0.9617
vn -0.8174 -0.1442 0.5577
vn -0.9422 -0.0930 0.3219
vn 0.7761 0.0441 -0.6290
vn 0.2642 -0.2041 0.9426
vn -0.3406 0.3862 -0.8572
vn -0.6509 0.4011 0.6445
vn -0.4239 0.1868 -0.8862
vn -0.4135 0.1961 -0.8891
vn -0.4254 0.1920 -0.8844
vn -0.9641 0.1325 0.2299
vn -0.7222 0.0502 0.6899
vn -0.7255 0.0500 0.6864
vn 0.7887 -0.0660 0.6112
vn 0.8347 -0.0591 0.5475
vn 0.7767 -0.0687 0.6261
vn -0.0000 -0.0071 1.0000
vn 0.7726 -0.0672 0.6313
vn -0.0000 -0.0039 1.0000
vn -0.7726 -0.0672 0.6313
vn 0.3394 -0.1209 -0.9328
vn 0.3394 -0.1208 -0.9329
vn -0.8291 -0.0600 0.5559
vn 0.3710 0.1709 -0.9128
vn -0.8291 -0.0601 0.5559
vn 0.9666 0.1001 0.2360
vn 0.3689 0.1949 -0.9088
vn 0.1714 0.1984 -0.9650
vn 0.3690 0.1949 -0.9088
vn 0.3816 0.1859 -0.9054
vn 0.1715 0.1983 -0.9650
vn -0.4361 0.1849 -0.8807
vn 0.7222 -0.0502 -0.6899
vn 0.7255 -0.0500 -0.6864
vn 0.8347 -0.0592 0.5475
vn 0.7769 -0.0686 0.6259
vn -0.0000 0.0004 -1.0000
vn -0.0000 0.0005 -1.0000
vn 0.3393 -0.1210 -0.9329
vn 0.3709 0.1709 -0.9128
vn -0.7305 -0.0495 -0.6811
vn 0.4062 0.1863 -0.8946
vn -0.4062 0.1863 -0.8946
vn -0.3500 0.1973 -0.9157
vn 0.7835 -0.0583 -0.6186
vn 0.8030 0.0582 -0.5931
vn -0.3394 -0.1208 -0.9329
vn -0.3393 -0.1209 -0.9329
vn -0.0000 -0.2763 0.9611
vn -0.1330 -0.5464 0.8269
vn 0.0466 -0.8118 0.5821
vn 0.9255 0.1701 -0.3385
vn 0.9814 0.0958 0.1662
vn -0.3501 0.1973 -0.9157
vn -0.3501 0.1972 -0.9157
vn 0.7835 -0.0584 -0.6186
vn -0.3394 -0.1209 -0.9328
vn -0.0000 0.1887 -0.9820
vn 0.2191 0.5751 -0.7882
vn 0.1193 0.9916 0.0498
vn 0.0063 -0.0020 1.0000
vn 0.7817 -0.0686 0.6198
vn -0.0000 -0.0090 1.0000
vn -0.7767 -0.0687 0.6261
vn -0.6491 0.0744 -0.7570
vn 0.7818 -0.0686 0.6198
vn -0.7768 -0.0687 0.6259
vn -0.6491 0.0745 -0.7570
vn 0.7757 -0.0759 0.6266
vn 0.7756 -0.0759 0.6266
vn -0.0000 0.0028 -1.0000
vn -0.7818 -0.0686 0.6198
vn -0.7817 -0.0686 0.6198
vn -0.0719 0.1044 -0.9919
vn 0.1273 0.0664 -0.9896
vn -0.0000 -0.0127 0.9999
vn 0.1275 0.0664 -0.9896
vn -0.6491 0.0742 -0.7571
vn 0.1274 0.0664 -0.9896
vn 0.3066 0.1993 -0.9307
vn 0.3065 0.1993 -0.9308
vn 0.0728 0.0606 -0.9955
vn -0.0718 0.1044 -0.9919
vn -0.9530 -0.0325 0.3011
vn -0.7756 -0.0759 0.6266
vn 0.6806 -0.7325 -0.0174
vn 0.0081 -0.0000 -1.0000
vn 0.7468 0.1236 -0.6535
vn 0.7467 0.1236 -0.6536
vn -0.9530 -0.0326 0.3012
vn -0.7757 -0.0759 0.6266
vn -0.0002 -0.0148 0.9999
vn -0.3816 0.1859 -0.9054
vn -0.3512 0.1942 -0.9159
vn 0.7381 0.0933 -0.6682
vn -0.3495 0.0527 -0.9355
vn -0.3512 0.1943 -0.9159
vn -0.3495 0.0526 -0.9355
vn -0.0869 -0.8019 0.5911
vn -0.0466 -0.8118 0.5821
vn -0.9814 0.0958 0.1662
vn -0.1882 -0.9813 -0.0404
vn -0.2817 0.7954 0.5366
vn -0.3698 0.7290 -0.5761
vn -0.3497 0.0527 -0.9354
vn -0.2191 0.5751 -0.7882
vn -0.2748 0.8356 -0.4757
vn -0.0000 0.5985 -0.8011
vn -0.0000 0.4199 -0.9076
vn 0.2748 0.8356 -0.4757
vn 0.1330 -0.5464 0.8269
vn -0.0000 -0.5203 0.8540
vn -0.2794 0.9471 0.1580
vn -0.2444 0.8170 0.5223
vn -0.2104 0.7016 0.6808
vn -0.2082 0.7058 0.6771
vn -0.2071 0.7019 0.6815
vn 0.2794 0.9471 0.1580
vn 0.2444 0.8170 0.5223
vn 0.2817 0.7954 0.5366
vn 0.2104 0.7016 0.6808
vn 0.2082 0.7058 0.6771
vn 0.2071 0.7020 0.6814
vn 0.8902 0.1290 -0.4368
vn 0.7992 0.1524 -0.5814
vn 0.4239 0.1868 -0.8862
vn 0.0729 0.0606 -0.9955
vn 0.7991 0.1524 -0.5815
vn 0.9254 0.1701 -0.3386
vn 0.3348 0.3377 -0.8797
vn -0.6806 -0.7325 -0.0174
vn -0.0081 -0.0000 -1.0000
vn 0.0002 -0.0148 0.9999
vn 0.1882 -0.9813 -0.0404
vn 0.4361 0.1849 -0.8807
vn 0.4239 -0.1868 0.8862
vn 0.4254 -0.1920 0.8844
vn 0.4135 -0.1961 0.8891
vn -0.4700 0.8678 0.1616
vn -0.7887 0.0660 -0.6112
vn -0.8347 0.0591 -0.5475
vn -0.7767 0.0687 -0.6261
vn -0.7726 0.0672 -0.6313
vn -0.0000 0.0071 -1.0000
vn -0.0000 0.0039 -1.0000
vn 0.7726 0.0672 -0.6313
vn -0.3394 0.1210 0.9328
vn 0.8291 0.0600 -0.5559
vn -0.3393 0.1209 0.9329
vn -0.3710 -0.1709 0.9128
vn 0.8291 0.0601 -0.5559
vn -0.9666 -0.1001 -0.2360
vn -0.3689 -0.1949 0.9088
vn -0.1715 -0.1983 0.9650
vn -0.3690 -0.1949 0.9088
vn -0.3816 -0.1859 0.9054
vn 0.4361 -0.1849 0.8807
vn -0.8347 0.0592 -0.5475
vn -0.7767 0.0686 -0.6261
vn -0.0000 -0.0004 1.0000
vn -0.7727 0.0672 -0.6313
vn -0.0000 -0.0005 1.0000
vn 0.7727 0.0672 -0.6313
vn -0.3394 0.1209 0.9328
vn 0.8291 0.0600 -0.5558
vn 0.7305 0.0495 0.6811
vn -0.3710 -0.1708 0.9128
vn -0.1715 -0.1984 0.9650
vn -0.4062 -0.1863 0.8946
vn 0.4062 -0.1863 0.8946
vn 0.3500 -0.1973 0.9157
vn -0.7835 0.0583 0.6186
vn -0.8030 -0.0582 0.5931
vn 0.3394 0.1209 0.9329
vn 0.3394 0.1210 0.9328
vn -0.0000 0.2763 -0.9611
vn 0.1330 0.5464 -0.8269
vn -0.0466 0.8118 -0.5821
vn -0.9255 -0.1701 0.3384
vn -0.9117 0.3936 -0.1175
vn 0.3501 -0.1973 0.9157
vn 0.3501 -0.1972 0.9157
vn -0.7835 0.0584 0.6186
vn 0.3393 0.1210 0.9329
vn -0.0000 -0.1887 0.9820
vn -0.2191 -0.5751 0.7882
vn -0.3710 -0.1711 0.9127
vn 0.9278 0.2959 -0.2271
vn -0.8197 -0.0109 -0.5727
vn -0.7817 0.0686 -0.6198
vn -0.0000 0.0090 -1.0000
vn 0.7767 0.0687 -0.6261
vn 0.6491 -0.0745 0.7570
vn 0.6491 -0.0744 0.7570
vn -0.7817 0.0686 -0.6199
vn -0.7757 0.0759 -0.6266
vn -0.7756 0.0760 -0.6266
vn -0.0000 -0.0028 1.0000
vn 0.7817 0.0686 -0.6199
vn 0.7817 0.0686 -0.6198
vn 0.0718 -0.1044 0.9919
vn -0.1273 -0.0664 0.9896
vn -0.0000 0.0127 -0.9999
vn -0.1275 -0.0664 0.9896
vn 0.6491 -0.0744 0.7571
vn -0.9666 -0.1000 -0.2360
vn -0.3066 -0.1993 0.9307
vn -0.1274 -0.0664 0.9896
vn -0.3065 -0.1993 0.9308
vn -0.0728 -0.0606 0.9955
vn 0.0719 -0.1045 0.9919
vn 0.9530 0.0325 -0.3012
vn 0.7756 0.0760 -0.6266
vn -0.6806 0.7325 0.0174
vn -0.0000 1.0000 0.0090
vn -0.7467 -0.1236 0.6536
vn 0.9530 0.0325 -0.3011
vn 0.9530 0.0326 -0.3012
vn 0.7757 0.0759 -0.6266
vn 0.3816 -0.1859 0.9054
vn -0.7381 -0.0933 0.6682
vn 0.3512 -0.1942 0.9159
vn 0.3495 -0.0527 0.9354
vn 0.3512 -0.1943 0.9159
vn 0.0869 0.8019 -0.5911
vn 0.3495 -0.0527 0.9355
vn 0.0466 0.8118 -0.5821
vn 0.9117 0.3936 -0.1175
vn 0.1831 0.9542 -0.2364
vn 0.3496 -0.0527 0.9354
vn 0.3698 -0.7290 0.5761
vn 0.2191 -0.5751 0.7882
vn 0.2667 -0.7950 0.5448
vn -0.0000 -0.5985 0.8011
vn -0.0000 -0.4199 0.9076
vn -0.2667 -0.7950 0.5448
vn -0.1330 0.5464 -0.8269
vn -0.0000 0.5203 -0.8540
vn -0.8902 -0.1290 0.4368
vn -0.7992 -0.1523 0.5815
vn -0.4239 -0.1868 0.8862
vn -0.0729 -0.0606 0.9955
vn -0.7991 -0.1524 0.5815
vn -0.9254 -0.1702 0.3385
vn -0.3710 -0.1710 0.9128
vn -0.3348 -0.3377 0.8797
vn 0.6806 0.7325 0.0174
vn -0.1831 0.9542 -0.2364
vn -0.4361 -0.1849 0.8807
vn -0.0387 -0.9982 0.0461
vn -0.1822 -0.9751 -0.1267
vn 0.3667 -0.8428 -0.3939
vn 0.3666 -0.8429 -0.3938
vn -0.0264 -0.9401 -0.3399
vn 0.3777 -0.7162 -0.5868
vn -0.1822 -0.9750 -0.1269
vn -0.5466 -0.8041 -0.2339
vn 0.3778 -0.7162 -0.5868
vn 0.4349 -0.7212 -0.5392
vn -0.0716 -0.9439 -0.3224
vn 0.1092 -0.9345 -0.3387
vn -0.5467 -0.8040 -0.2339
vn -0.9002 -0.4335 -0.0408
vn 0.1093 -0.9345 -0.3387
vn -0.9355 -0.3340 0.1149
vn -0.9934 0.0751 0.0872
vn -0.9356 -0.3340 0.1149
vn -0.9878 -0.1451 -0.0558
vn -0.9565 0.2610 0.1302
vn -0.8749 0.4804 0.0618
vn -0.6087 0.7921 -0.0452
vn -0.7588 0.6251 0.1832
vn -0.4474 0.8840 -0.1358
vn -0.3347 0.7960 0.5043
vn -0.2066 0.9597 0.1906
vn 0.5532 0.6923 0.4635
vn 0.4086 0.8965 0.1714
vn 0.1903 0.9729 -0.1310
vn -0.1910 0.9701 0.1497
vn 0.2246 0.9579 -0.1787
vn -0.2430 0.9609 -0.1329
vn -0.0340 0.9322 -0.3604
vn -0.4775 0.8309 -0.2857
vn 0.1796 0.9372 -0.2991
vn -0.0393 0.9706 0.2373
vn 0.4689 0.8826 0.0336
vn 0.5747 0.6018 0.5547
vn 0.5794 0.8150 -0.0010
vn 0.7002 0.6274 0.3407
vn 0.6033 0.7975 -0.0055
vn 0.9453 0.2390 0.2220
vn 0.4261 0.9033 -0.0507
vn 0.9805 0.0850 0.1774
vn 0.8239 0.5604 -0.0843
vn 0.4833 0.8498 -0.2103
vn 0.9341 0.2707 -0.2328
vn 0.6881 0.3421 -0.6400
vn 0.9654 -0.2107 -0.1538
vn 0.7523 -0.2445 -0.6118
vn -0.3641 -0.8449 0.3919
vn -0.6818 -0.7305 0.0384
vn -0.4985 -0.6888 0.5264
vn -0.9907 -0.1325 0.0305
vn -0.1643 -0.9719 0.1688
vn -0.8219 0.1674 -0.5444
vn 0.3755 -0.8419 -0.3876
vn -0.8506 0.0305 -0.5250
vn 0.6488 -0.3600 -0.6704
vn -0.8745 -0.1711 -0.4539
vn 0.6615 0.3084 -0.6836
vn -0.7418 -0.3271 -0.5855
vn 0.4923 0.7058 -0.5094
vn -0.5872 -0.3251 -0.7413
vn 0.6715 -0.2486 -0.6981
vn -0.2377 -0.9398 0.2456
vn 0.7625 -0.3262 0.5587
vn 0.6104 -0.3291 0.7205
vn -0.6078 0.7852 0.1182
vn -0.0253 0.6217 0.7829
vn 0.5606 0.0667 0.8254
vn 0.8208 -0.0147 0.5710
vn 0.9238 0.3049 0.2317
vn 0.9231 -0.2533 0.2895
vn 0.9687 -0.1877 0.1622
vn 0.9815 -0.1856 0.0466
vn 0.9688 -0.1877 0.1620
vn -0.9055 0.3349 0.2607
vn -0.5544 0.5166 0.6525
vn -0.4311 0.7782 0.4567
vn 0.0311 0.3260 0.9449
vn 0.1359 -0.1326 0.9818
vn 0.5798 -0.0357 0.8140
vn 0.5403 -0.4039 0.7382
vn -0.0477 -0.3296 0.9429
vn 0.5429 -0.7394 0.3981
vn 0.5845 -0.7551 -0.2970
vn 0.2225 -0.9508 0.2154
vn 0.5755 0.1679 0.8004
vn -0.1653 0.9714 0.1707
vn -0.5004 0.6947 0.5167
vn -0.6886 0.1406 0.7113
vn -0.5890 -0.5322 0.6082
vn -0.9654 -0.2107 -0.1538
vn -0.9688 -0.1877 0.1621
vn -0.9595 0.2046 -0.1937
vn -0.9593 0.2690 0.0862
vn -0.4833 0.8498 -0.2103
vn -0.5528 0.8301 -0.0730
vn -0.0618 0.9813 -0.1823
vn -0.1132 0.9456 -0.3051
vn -0.0000 0.9822 -0.1879
vn 0.1591 0.9314 -0.3274
vn -0.6089 -0.3037 0.7328
vn 0.1482 0.3622 0.9202
vn -0.6887 0.0474 0.7235
vn -0.0024 -0.4230 0.9061
vn -0.0110 0.1017 0.9948
vn 0.4340 -0.4833 0.7603
vn 0.7331 -0.4527 0.5076
vn -0.0000 -0.2521 -0.9677
vn -0.0000 0.3898 -0.9209
vn 0.3150 -0.2576 -0.9135
vn 0.2870 0.3762 -0.8810
vn -0.0000 0.9687 -0.2484
vn 0.1315 0.9561 -0.2621
vn 0.0618 0.9813 -0.1823
vn -0.9688 -0.1876 0.1622
vn -0.9410 -0.1796 0.2868
vn -0.2117 0.9227 -0.3220
vn 0.5549 0.0332 0.8312
vn 0.4828 -0.1705 0.8590
vn 0.0106 0.6428 0.7660
vn 0.7531 0.2867 0.5922
vn 0.2249 0.5855 0.7788
vn -0.4404 -0.8791 -0.1821
vn 0.5002 -0.7373 0.4540
vn 0.3065 -0.7504 0.5856
vn 0.1269 -0.7569 0.6411
vn -0.2237 -0.4710 0.8533
vn -0.3150 -0.2576 -0.9135
vn -0.2870 0.3762 -0.8810
vn -0.1315 0.9561 -0.2621
vn -0.6849 0.4590 0.5658
vn -0.7523 -0.2445 -0.6118
vn -0.6881 0.3421 -0.6400
vn 0.4349 -0.7213 -0.5391
vn 0.5827 -0.3844 -0.7161
vn 0.5827 -0.3843 -0.7161
vn 0.6980 0.0331 -0.7153
vn 0.5656 -0.6528 -0.5039
vn 0.0519 -0.7299 0.6816
vn -0.8181 -0.1938 0.5414
vn -0.8339 -0.0547 0.5492
vn -0.4607 0.0679 0.8849
vn -0.5057 0.0844 0.8586
vn -0.0000 0.1830 0.9831
vn -0.0000 0.1657 0.9862
vn 0.5057 0.0844 0.8585
vn 0.5595 0.1064 0.8220
vn 0.8339 -0.0547 0.5492
vn 0.8292 0.0383 0.5577
vn 0.9168 0.0892 0.3893
vn 0.8035 0.0840 0.5893
vn 0.7310 0.4079 0.5470
vn 0.5733 0.0829 0.8152
vn 0.4041 0.4689 0.7853
vn 0.3526 0.0467 0.9346
vn 0.2474 0.3449 0.9055
vn 0.3242 -0.0419 0.9451
vn 0.5064 -0.0806 0.8585
vn 0.5140 -0.2012 0.8338
vn 0.7501 -0.2410 0.6158
vn 0.7535 -0.2771 0.5962
vn 0.8456 -0.3213 0.4263
vn 0.8267 -0.3541 0.4373
vn 0.8250 -0.5137 0.2355
vn 0.8139 -0.4939 0.3059
vn 0.6407 -0.7676 -0.0164
vn 0.7023 -0.6987 0.1364
vn 0.5945 -0.7211 0.3558
vn 0.5944 -0.7211 0.3559
vn 0.3967 -0.9175 -0.0279
vn 0.1433 -0.9739 0.1760
vn 0.1328 -0.9796 -0.1506
vn -0.0000 -0.9849 -0.1732
vn -0.0000 -0.9185 -0.3955
vn -0.1328 -0.9796 -0.1506
vn -0.2302 -0.9164 -0.3276
vn -0.3967 -0.9175 -0.0279
vn -0.4557 -0.8672 -0.2004
vn -0.6539 -0.7565 0.0123
vn -0.7235 -0.6902 -0.0076
vn -0.8250 -0.5137 0.2355
vn -0.8729 -0.4473 0.1947
vn -0.8456 -0.3213 0.4263
vn -0.9337 -0.3124 0.1752
vn -0.8887 -0.2279 0.3979
vn -0.9735 -0.1704 0.1523
vn -0.9159 -0.0858 0.3920
vn -0.9849 -0.0753 0.1559
vn -0.9151 0.0414 0.4011
vn -0.9828 0.0135 0.1839
vn -0.9128 0.0704 0.4024
vn -0.9240 0.0169 0.3821
vn -0.8622 -0.0535 0.5038
vn -0.8877 -0.1284 0.4422
vn -0.8491 -0.1767 0.4978
vn -0.8580 -0.1123 0.5012
vn -0.7741 -0.1710 0.6095
vn -0.7244 -0.1183 0.6792
vn -0.6013 -0.2120 0.7704
vn -0.5379 -0.2029 0.8182
vn -0.4096 -0.3449 0.8446
vn -0.4200 -0.2927 0.8590
vn -0.3011 -0.4554 0.8379
vn -0.3699 -0.5297 0.7633
vn -0.2978 -0.5771 0.7605
vn -0.4622 -0.4545 0.7615
vn -0.4060 -0.6978 0.5902
vn -0.6255 -0.3629 0.6907
vn -0.6094 -0.6436 0.4630
vn -0.7495 -0.2812 0.5994
vn -0.7812 -0.4856 0.3923
vn -0.8912 -0.2921 0.3471
vn -0.9423 -0.0699 0.3275
vn -0.9168 0.0892 0.3893
vn -0.8832 -0.0264 0.4683
vn -0.7239 0.3128 0.6149
vn -0.2977 0.1714 0.9391
vn -0.2846 0.4009 0.8708
vn 0.1569 0.0718 0.9850
vn 0.0932 -0.0074 0.9956
vn 0.0387 0.7477 0.6629
vn -0.0064 0.0654 0.9978
vn 0.0064 0.0654 0.9978
vn -0.0387 0.7477 0.6629
vn -0.0932 -0.0074 0.9956
vn -0.1569 0.0718 0.9850
vn 0.2846 0.4009 0.8708
vn 0.2977 0.1714 0.9391
vn 0.7239 0.3128 0.6149
vn 0.8832 -0.0264 0.4683
vn 0.9422 -0.0699 0.3275
vn 0.8756 -0.3432 0.3399
vn 0.8181 -0.1938 0.5414
vn 0.7812 -0.4856 0.3923
vn 0.7495 -0.2812 0.5994
vn 0.6094 -0.6436 0.4630
vn 0.6255 -0.3629 0.6907
vn 0.4059 -0.6978 0.5902
vn 0.4621 -0.4545 0.7615
vn 0.2891 -0.5653 0.7726
vn 0.3699 -0.5296 0.7633
vn 0.3011 -0.4553 0.8379
vn 0.4200 -0.2927 0.8590
vn 0.4205 -0.3358 0.8429
vn 0.5379 -0.2029 0.8182
vn 0.6013 -0.2120 0.7704
vn 0.7244 -0.1183 0.6792
vn 0.7741 -0.1710 0.6095
vn 0.8580 -0.1123 0.5012
vn 0.8491 -0.1767 0.4978
vn 0.8877 -0.1284 0.4422
vn 0.8622 -0.0535 0.5038
vn 0.9240 0.0169 0.3821
vn 0.9128 0.0704 0.4024
vn 0.9828 0.0135 0.1839
vn 0.9151 0.0414 0.4011
vn 0.9849 -0.0753 0.1559
vn 0.9159 -0.0858 0.3920
vn 0.9735 -0.1704 0.1523
vn 0.8887 -0.2279 0.3979
vn 0.9337 -0.3124 0.1752
vn 0.8729 -0.4473 0.1947
vn 0.7235 -0.6902 -0.0076
vn 0.4557 -0.8672 -0.2004
vn 0.2302 -0.9164 -0.3276
vn -0.7583 0.0625 0.6489
vn -0.7547 -0.0990 0.6485
vn -0.4451 0.2100 0.8705
vn -0.5064 -0.0806 0.8585
vn -0.2474 0.3449 0.9055
vn -0.3242 -0.0419 0.9451
vn -0.3526 0.0467 0.9346
vn -0.3933 -0.0497 0.9181
vn -0.2517 -0.1145 0.9610
vn -0.2977 0.2470 0.9221
vn -0.7872 0.0290 0.6160
vn -0.6070 0.0046 0.7947
vn -0.9094 0.2977 -0.2904
vn -0.9098 -0.4058 -0.0874
vn -0.8665 0.2701 0.4198
vn -0.8468 -0.2063 0.4903
vn -0.8357 0.1393 0.5313
vn -0.8099 -0.1620 0.5637
vn -0.8190 -0.1929 0.5404
vn -0.6237 -0.6566 0.4241
vn -0.3971 -0.7370 0.5469
vn -0.4352 -0.6062 0.6657
vn -0.0000 -0.7727 0.6348
vn -0.0000 -0.6820 0.7314
vn 0.4352 -0.6062 0.6657
vn -0.0000 0.0905 0.9959
vn 0.2628 0.2581 0.9297
vn -0.0000 -0.3100 0.9507
vn 0.1962 -0.0393 0.9798
vn 0.2510 -0.7945 0.5530
vn 0.4399 -0.0731 0.8951
vn 0.1687 -0.7986 0.5777
vn 0.6042 -0.1665 0.7792
vn 0.1440 -0.8329 0.5343
vn 0.6294 -0.2520 0.7351
vn 0.2341 -0.8380 0.4929
vn 0.6597 -0.3719 0.6530
vn 0.3490 -0.8258 0.4431
vn 0.6235 -0.5370 0.5682
vn 0.4416 -0.8015 0.4033
vn 0.5107 -0.5879 0.6273
vn 0.4151 -0.8006 0.4320
vn -0.0251 -0.5605 0.8278
vn -0.5662 -0.6761 -0.4716
vn -0.9847 0.0350 0.1705
vn 0.0745 -0.8770 -0.4748
vn -0.0000 -0.8505 0.5259
vn -0.0000 -0.8621 -0.5068
vn -0.0745 -0.8769 -0.4748
vn -0.2510 -0.7945 0.5530
vn 0.1935 -0.8434 -0.5012
vn -0.1687 -0.7986 0.5777
vn 0.3316 -0.8196 -0.4673
vn -0.1440 -0.8329 0.5343
vn 0.3819 -0.8080 -0.4487
vn -0.2341 -0.8380 0.4928
vn 0.3322 -0.8270 -0.4534
vn -0.3488 -0.8260 0.4429
vn 0.2114 -0.8654 -0.4543
vn -0.4417 -0.8013 0.4035
vn 0.0469 -0.8356 -0.5473
vn -0.4151 -0.8007 0.4320
vn 0.5664 -0.6760 -0.4714
vn 0.0251 -0.5605 0.8278
vn 0.9847 0.0350 0.1705
vn 0.1980 0.0026 0.9802
vn -0.0498 0.4149 0.9085
vn -0.2947 -0.1580 0.9424
vn -0.3971 -0.1321 0.9082
vn -0.5728 -0.2032 0.7941
vn -0.5754 -0.2365 0.7830
vn -0.4734 -0.1653 0.8652
vn -0.5867 -0.4035 0.7021
vn -0.4377 0.0042 0.8991
vn -0.3330 -0.5793 0.7439
vn -0.3024 0.2836 0.9100
vn -0.1298 -0.5999 0.7895
vn -0.0000 0.2522 0.9677
vn -0.0000 -0.5667 0.8239
vn 0.1297 -0.5999 0.7895
vn 0.0880 -0.7057 0.7030
vn 0.3261 -0.6784 0.6584
vn 0.1261 -0.0893 0.9880
vn 0.3828 -0.0273 0.9234
vn 0.1257 0.6868 0.7159
vn 0.2906 0.7139 0.6371
vn -0.0275 0.9158 -0.4007
vn -0.0956 0.8845 -0.4567
vn 0.8288 -0.3362 0.4472
vn 0.7553 -0.2687 0.5977
vn 0.5959 -0.1953 0.7789
vn 0.3822 -0.1199 0.9163
vn 0.3933 -0.0497 0.9181
vn 0.2517 -0.1145 0.9610
vn 0.7730 0.0493 0.6324
vn 0.8312 0.0715 0.5513
vn 0.8665 0.2701 0.4198
vn 0.8357 0.1393 0.5313
vn 0.8468 -0.2063 0.4903
vn 0.8099 -0.1620 0.5637
vn 0.4984 -0.7664 0.4053
vn 0.6238 -0.6565 0.4241
vn 0.3971 -0.7370 0.5469
vn 0.5492 -0.2284 0.8039
vn -0.0000 -0.2240 0.9746
vn 0.5838 0.1041 0.8052
vn -0.0000 0.1378 0.9905
vn -0.7501 -0.2410 0.6158
vn -0.7535 -0.2771 0.5962
vn -0.8267 -0.3541 0.4373
vn -0.7553 -0.2687 0.5977
vn -0.8288 -0.3362 0.4472
vn -0.7188 -0.1596 0.6766
vn -0.7054 -0.2462 0.6647
vn -0.5443 0.2193 0.8097
vn -0.3592 -0.2096 0.9094
vn -0.3117 0.4032 0.8604
vn -0.0000 -0.2372 0.9715
vn -0.0000 0.3353 0.9421
vn 0.3117 0.4032 0.8604
vn 0.3024 0.2836 0.9100
vn 0.3331 -0.5794 0.7439
vn 0.5964 -0.5611 0.5740
vn 0.6194 0.0644 0.7824
vn 0.4417 0.7022 0.5584
vn 0.2127 0.9565 0.1998
vn -0.1229 0.8520 -0.5088
vn -0.6017 0.7845 0.1498
vn -0.8103 0.5786 0.0928
vn -0.1410 0.6553 0.7420
vn -0.2481 0.3980 0.8832
vn -0.2280 0.9561 0.1838
vn -0.2085 0.9304 -0.3016
vn -0.0000 0.9802 -0.1978
vn -0.0000 0.7176 0.6965
vn 0.2085 0.9304 -0.3016
vn 0.2481 0.3980 0.8832
vn 0.2280 0.9561 0.1838
vn 0.8103 0.5786 0.0928
vn 0.7702 0.5574 0.3101
vn 0.6017 0.7845 0.1499
vn 0.8720 -0.4587 0.1708
vn -0.0000 0.1669 0.9860
vn 0.6942 -0.4982 0.5196
vn 0.3170 -0.5330 0.7845
vn 0.2696 0.4756 0.8373
vn -0.0000 0.5614 0.8275
vn -0.0000 0.8875 0.4607
vn -0.2330 0.5314 0.8144
vn -0.2142 0.8530 0.4760
vn -0.5958 0.5161 0.6154
vn -0.7702 0.5574 0.3101
vn -0.8720 -0.4588 0.1708
vn -0.7877 -0.5595 0.2579
vn -0.5944 -0.7211 0.3559
vn -0.2767 -0.7731 0.5707
vn -0.0000 -0.8034 0.5954
vn 0.3592 -0.2096 0.9094
vn 0.5443 0.2193 0.8097
vn 0.4377 0.0042 0.8991
vn 0.5867 -0.4036 0.7021
vn 0.7826 -0.3605 0.5075
vn 0.7274 0.1453 0.6706
vn 0.4590 0.7647 0.4523
vn -0.0996 0.8939 -0.4371
vn 0.4607 0.0679 0.8849
vn 0.4415 0.0267 0.8968
vn 0.4702 -0.0234 0.8822
vn 0.3440 -0.2885 0.8936
vn 0.3849 -0.4613 0.7994
vn 0.4105 -0.4855 0.7719
vn 0.4685 -0.2898 0.8346
vn 0.5991 -0.2195 0.7700
vn 0.7750 -0.1761 0.6070
vn 0.9264 0.0344 0.3751
vn 0.9372 -0.0260 0.3480
vn 0.9567 0.1303 0.2601
vn 0.9729 0.0695 0.2207
vn 0.9819 0.1212 0.1458
vn 0.9923 0.0137 0.1228
vn -0.9923 0.0137 0.1228
vn -0.9729 0.0695 0.2207
vn -0.9819 0.1212 0.1458
vn -0.9567 0.1303 0.2601
vn -0.9372 -0.0260 0.3480
vn -0.9264 0.0344 0.3751
vn -0.7750 -0.1761 0.6070
vn -0.5991 -0.2195 0.7700
vn -0.4685 -0.2898 0.8346
vn -0.4105 -0.4855 0.7719
vn -0.3849 -0.4613 0.7994
vn -0.3440 -0.2885 0.8936
vn -0.4702 -0.0233 0.8822
vn -0.4415 0.0268 0.8969
vn -0.1433 -0.9739 0.1760
vn -0.0000 -0.9816 0.1909
vn 0.2767 -0.7731 0.5707
vn 0.7054 -0.2462 0.6647
vn 0.7188 -0.1596 0.6766
vn 0.4734 -0.1653 0.8652
vn 0.5754 -0.2365 0.7829
vn 0.7690 -0.2541 0.5865
vn 0.6320 -0.1626 0.7577
vn 0.6898 0.2824 0.6667
vn 0.4936 0.3677 0.7882
vn 0.3832 0.7428 0.5491
vn 0.2592 0.7025 0.6628
vn -0.1366 0.9423 -0.3056
vn -0.2089 0.9400 -0.2695
vn -0.8517 -0.0987 0.5146
vn 0.0532 -0.5792 0.8135
vn 0.1026 -0.6459 0.7565
vn -0.5720 -0.1931 0.7972
vn -0.0349 -0.7444 0.6668
vn -0.0528 -0.8354 0.5471
vn -0.0964 -0.8906 0.4444
vn -0.3063 -0.9060 0.2922
vn -0.6571 -0.7102 0.2527
vn -0.8551 -0.4532 0.2517
vn -0.8759 -0.3316 0.3505
vn 0.1368 0.9421 -0.3062
vn -0.3832 0.7430 0.5488
vn 0.0999 0.8939 -0.4371
vn -0.4589 0.7647 0.4524
vn -0.6898 0.2822 0.6667
vn -0.7274 0.1453 0.6706
vn -0.7690 -0.2540 0.5866
vn -0.7827 -0.3604 0.5074
vn -0.5962 -0.5612 0.5741
vn -0.3260 -0.6783 0.6585
vn -0.0882 -0.7057 0.7030
vn -0.0000 -0.7163 0.6978
vn -0.0000 -0.1129 0.9936
vn -0.0000 0.6863 0.7274
vn -0.0000 0.8886 -0.4586
vn 0.8759 -0.3316 0.3505
vn 0.9220 -0.1364 0.3623
vn 0.8551 -0.4532 0.2517
vn 0.6570 -0.7102 0.2527
vn 0.3063 -0.9059 0.2925
vn 0.0963 -0.8907 0.4442
vn 0.3212 -0.6085 0.7256
vn 0.0527 -0.8354 0.5472
vn 0.0349 -0.7444 0.6668
vn -0.1025 -0.6459 0.7565
vn -0.0532 -0.5792 0.8135
vn 0.8517 -0.0987 0.5146
vn 0.7872 0.0290 0.6160
vn 0.9094 0.2977 -0.2904
vn 0.6070 0.0046 0.7947
vn 0.9098 -0.4058 -0.0873
vn 0.5956 -0.3031 0.7439
vn 0.3242 -0.8119 0.4855
vn 0.3453 -0.6878 0.6385
vn 0.6248 0.0702 0.7776
vn 0.5385 0.2929 0.7901
vn 0.5776 0.2891 0.7634
vn 0.5113 0.0942 0.8542
vn 0.6520 0.0198 0.7579
vn 0.5203 -0.0971 0.8484
vn 0.5708 -0.2817 0.7713
vn 0.3756 -0.2902 0.8802
vn 0.2513 0.6720 0.6966
vn -0.4213 0.3497 0.8368
vn -0.9074 -0.1576 0.3896
vn -0.8389 -0.1149 0.5320
vn -0.5814 0.6240 0.5221
vn -0.7774 0.5992 0.1914
vn -0.0178 0.9743 0.2246
vn 0.3344 0.8596 -0.3862
vn 0.5133 0.4067 -0.7557
vn 0.0650 0.6984 -0.7127
vn -0.0267 0.2043 -0.9785
vn -0.9469 0.0433 -0.3187
vn -0.9298 -0.2841 -0.2340
vn -0.8689 -0.4468 -0.2129
vn -0.9497 -0.0656 0.3062
vn -0.6366 -0.7712 -0.0069
vn -0.2680 -0.7489 0.6061
vn 0.3176 -0.7477 -0.5831
vn 0.4554 -0.8615 0.2247
vn -0.0615 -0.9698 -0.2361
vn -0.9036 -0.2240 0.3653
vn -0.4554 -0.8615 0.2247
vn -0.3176 -0.7477 -0.5831
vn 0.2680 -0.7489 0.6061
vn 0.6366 -0.7712 -0.0069
vn 0.0244 -0.4354 -0.8999
vn 0.8689 -0.4468 -0.2129
vn 0.0531 -0.2173 -0.9747
vn 0.9298 -0.2841 -0.2340
vn 0.0267 0.2043 -0.9785
vn 0.9469 0.0434 -0.3187
vn -0.0651 0.6984 -0.7128
vn 0.8858 0.4549 -0.0920
vn -0.3344 0.8596 -0.3862
vn 0.7774 0.5992 0.1914
vn 0.0178 0.9743 0.2246
vn 0.5814 0.6240 0.5221
vn -0.2513 0.6720 0.6967
vn 0.4213 0.3497 0.8368
vn 0.9074 -0.1576 0.3896
vn 0.8389 -0.1149 0.5320
vn 0.9506 -0.0979 0.2946
vn 0.9497 -0.0656 0.3062
vn -0.5107 -0.5878 0.6274
vn -0.6236 -0.5369 0.5682
vn -0.6598 -0.3720 0.6530
vn -0.6294 -0.2520 0.7351
vn -0.6042 -0.1665 0.7792
vn -0.4399 -0.0730 0.8951
vn -0.1962 -0.0393 0.9798
vn -0.2628 0.2581 0.9297
vn -0.3756 -0.2902 0.8802
vn -0.5708 -0.2817 0.7713
vn -0.5203 -0.0971 0.8484
vn -0.6520 0.0198 0.7579
vn -0.5113 0.0942 0.8542
vn -0.5776 0.2891 0.7634
vn -0.5385 0.2929 0.7901
vn -0.6248 0.0702 0.7776
vn -0.3453 -0.6878 0.6385
vn -0.4984 -0.7664 0.4053
vn -0.3242 -0.8119 0.4855
vn -0.5956 -0.3031 0.7439
vn -0.9266 0.1847 0.3277
vn -0.0630 -0.3126 0.9478
vn -0.0099 -0.4308 0.9024
vn -0.7951 0.2896 0.5328
vn -0.0069 -0.5814 0.8136
vn -0.5608 0.3119 0.7670
vn -0.0576 -0.5737 0.8170
vn -0.2569 0.3361 0.9061
vn -0.0165 -0.5448 0.8384
vn -0.0342 0.3891 0.9205
vn 0.2331 0.3621 0.9025
vn 0.2234 0.2779 0.9343
vn 0.4408 0.2011 0.8748
vn 0.0794 -0.3413 0.9366
vn -0.0339 -0.4234 0.9053
vn -0.7872 -0.5298 0.3157
vn -0.5864 -0.1711 0.7917
vn -0.1456 -0.5759 0.8045
vn -0.2894 -0.3884 0.8749
vn -0.3879 -0.1414 0.9108
vn 0.5864 -0.1711 0.7917
vn 0.3882 -0.1418 0.9106
vn 0.2894 -0.3885 0.8748
vn 0.2006 -0.8946 0.3994
vn 0.0165 -0.5448 0.8384
vn 0.0574 -0.5738 0.8170
vn 0.0071 -0.5814 0.8136
vn 0.0096 -0.4309 0.9023
vn 0.0630 -0.3125 0.9478
vn 0.7872 -0.5298 0.3157
vn 0.0337 -0.4235 0.9053
vn -0.0789 -0.3417 0.9365
vn -0.4408 0.2010 0.8748
vn -0.2234 0.2779 0.9343
vn -0.2333 0.3624 0.9024
vn 0.0342 0.3891 0.9206
vn 0.2570 0.3361 0.9061
vn 0.5609 0.3120 0.7668
vn 0.7950 0.2896 0.5330
vn 0.9265 0.1847 0.3279
vn -0.9506 -0.0979 0.2946
vn -0.9484 -0.2356 -0.2124
vn -0.8740 -0.4646 -0.1423
vn -0.7679 -0.6362 -0.0752
vn -0.6078 -0.7838 -0.1278
vn 0.5728 -0.2032 0.7941
vn -0.8625 0.0423 0.5043
vn -0.8656 0.3080 0.3948
vn -0.7055 0.0654 0.7057
vn -0.7082 0.4126 0.5729
vn -0.5542 0.0323 0.8318
vn -0.5625 0.4093 0.7184
vn -0.4444 0.0556 0.8941
vn -0.3795 0.4126 0.8281
vn -0.3780 0.0125 0.9257
vn -0.3007 0.4970 0.8140
vn -0.2522 -0.0104 0.9676
vn -0.2966 0.4181 0.8586
vn -0.0518 0.0622 0.9967
vn -0.2429 0.4234 0.8728
vn -0.1453 0.2803 0.9488
vn 0.1453 0.2803 0.9488
vn 0.0518 0.0623 0.9967
vn 0.2429 0.4234 0.8728
vn 0.2966 0.4181 0.8586
vn 0.2522 -0.0104 0.9676
vn 0.3007 0.4970 0.8140
vn 0.3780 0.0125 0.9257
vn 0.3795 0.4126 0.8281
vn 0.4444 0.0556 0.8941
vn 0.5625 0.4093 0.7184
vn 0.5542 0.0323 0.8318
vn 0.7082 0.4126 0.5729
vn 0.7055 0.0654 0.7057
vn 0.8656 0.3080 0.3948
vn 0.8625 0.0423 0.5043
vn 0.6078 -0.7838 -0.1278
vn 0.7679 -0.6362 -0.0752
vn 0.8740 -0.4646 -0.1423
vn 0.9484 -0.2356 -0.2124
vn 0.9036 -0.2240 0.3653
vn -0.1936 -0.8434 -0.5013
vn -0.3316 -0.8196 -0.4673
vn -0.3823 -0.8078 -0.4486
vn -0.3318 -0.8274 -0.4532
vn 0.2789 -0.9187 0.2797
vn -0.0469 -0.8356 -0.5473
vn -0.7912 0.0464 0.6098
vn -0.7655 -0.0531 0.6412
vn -0.6153 0.0635 0.7857
vn -0.6308 -0.0592 0.7737
vn -0.3420 0.1990 0.9184
vn -0.4300 -0.0816 0.8991
vn -0.2578 0.2399 0.9359
vn -0.2390 -0.0638 0.9689
vn -0.0966 0.3143 0.9444
vn -0.0296 -0.0342 0.9990
vn -0.1099 0.3465 0.9316
vn -0.1260 -0.0867 0.9882
vn -0.1600 -0.9587 0.2353
vn -0.0342 -0.4131 0.9100
vn 0.0126 -0.9789 0.2039
vn 0.0510 -0.9757 0.2129
vn -0.1718 -0.4210 0.8906
vn 0.2333 -0.9387 0.2539
vn -0.2550 -0.3879 0.8857
vn 0.5054 -0.8084 0.3016
vn -0.2751 -0.3785 0.8838
vn 0.4689 -0.6958 0.5441
vn -0.4863 -0.3535 0.7991
vn -0.8396 -0.1579 0.5198
vn -0.8610 0.0296 0.5077
vn 0.0882 0.9961 0.0095
vn -0.0000 0.9944 0.1056
vn -0.0798 0.9445 0.3187
vn -0.0000 0.9676 0.2526
vn -0.0000 0.8203 -0.5720
vn 0.0798 0.9445 0.3187
vn -0.2323 0.7995 -0.5540
vn 0.0057 0.9127 0.4086
vn -0.7306 0.3343 -0.5954
vn -0.5575 0.8277 -0.0638
vn -0.7196 0.6933 -0.0392
vn -0.6381 0.7672 0.0655
vn -0.6974 0.7149 0.0505
vn -0.4421 0.2541 0.8602
vn -0.8286 0.1821 0.5294
vn 0.0296 -0.0342 0.9990
vn 0.1099 0.3465 0.9316
vn 0.0966 0.3143 0.9444
vn 0.2578 0.2399 0.9359
vn 0.4451 0.2100 0.8705
vn 0.3420 0.1990 0.9184
vn 0.6154 0.0635 0.7857
vn 0.6308 -0.0592 0.7737
vn 0.7655 -0.0531 0.6412
vn -0.2324 0.3114 0.9214
vn 0.8225 -0.1220 0.5555
vn -0.4694 -0.6958 0.5436
vn 0.8630 0.0816 0.4985
vn 0.8329 -0.1618 0.5293
vn 0.4856 -0.3542 0.7992
vn 0.2756 -0.3782 0.8838
vn -0.5053 -0.8084 0.3020
vn 0.2550 -0.3878 0.8858
vn -0.2335 -0.9386 0.2539
vn 0.1718 -0.4210 0.8906
vn -0.0510 -0.9757 0.2129
vn 0.0343 -0.4131 0.9101
vn -0.0124 -0.9789 0.2038
vn 0.1600 -0.9586 0.2356
vn 0.1260 -0.0867 0.9882
vn -0.2219 -0.9736 -0.0527
vn 0.0211 -0.9986 -0.0479
vn 0.1091 -0.9927 -0.0507
vn 0.3781 -0.9234 -0.0661
vn 0.6744 -0.7337 -0.0824
vn 0.9321 -0.3392 -0.1267
vn 0.9546 0.2619 -0.1421
vn 0.2324 0.3114 0.9214
vn 0.1230 0.6235 0.7721
vn 0.4981 0.3675 0.7854
vn 0.3492 0.3347 0.8752
vn 0.2462 0.3506 0.9036
vn 0.2373 0.3271 0.9147
vn -0.0000 0.3431 0.9393
vn -0.0000 0.2215 0.9752
vn -0.0000 0.1892 0.9819
vn -0.1230 0.6235 0.7721
vn -0.9546 0.2619 -0.1421
vn -0.9321 -0.3393 -0.1267
vn -0.6745 -0.7337 -0.0825
vn -0.3781 -0.9234 -0.0661
vn -0.1091 -0.9927 -0.0507
vn -0.0211 -0.9986 -0.0479
vn 0.2220 -0.9736 -0.0528
vn -0.2373 0.3271 0.9147
vn -0.2462 0.3506 0.9036
vn -0.3492 0.3347 0.8752
vn -0.4981 0.3675 0.7854
vn -0.8133 -0.1043 0.5724
vn -0.1062 0.6561 0.7471
vn -0.0711 0.7090 0.7016
vn -0.9121 -0.4017 -0.0826
vn -0.7710 0.1311 0.6231
vn -0.9893 0.1159 -0.0882
vn -0.5539 0.5876 0.5899
vn -0.7892 0.6079 -0.0869
vn -0.1002 0.7413 0.6636
vn -0.3532 0.9330 -0.0686
vn -0.0557 0.9970 -0.0545
vn 0.0182 0.9985 -0.0525
vn 0.0190 0.9985 -0.0515
vn 0.0819 0.9952 -0.0532
vn -0.9873 -0.1487 0.0561
vn 0.2149 -0.7672 0.6044
vn -0.7037 -0.7028 0.1043
vn 0.2149 -0.7672 0.6043
vn -0.6682 -0.7431 0.0360
vn -0.7037 -0.7028 0.1044
vn 0.2709 -0.9625 0.0137
vn -0.6173 -0.7485 0.2423
vn 0.0455 -0.9842 -0.1710
vn 0.0108 -0.9721 0.2343
vn 0.1544 -0.9781 -0.1394
vn -0.0799 -0.9919 0.0988
vn -0.0000 -0.9991 -0.0416
vn -0.0000 -0.9996 0.0290
vn 0.0799 -0.9919 0.0988
vn 0.6572 -0.6520 0.3782
vn 0.6990 -0.7049 -0.1207
vn 0.4632 -0.4269 0.7766
vn 0.6284 -0.7673 -0.1279
vn 0.6743 -0.6960 -0.2468
vn 0.5774 -0.7784 -0.2462
vn 0.5431 -0.6684 -0.5082
vn 0.2185 -0.6702 -0.7093
vn -0.0000 -0.6943 -0.7197
vn -0.0819 0.9952 -0.0532
vn -0.0190 0.9985 -0.0515
vn -0.0182 0.9985 -0.0525
vn 0.0557 0.9970 -0.0545
vn 0.3532 0.9330 -0.0686
vn 0.1002 0.7413 0.6636
vn 0.7892 0.6079 -0.0869
vn 0.5539 0.5876 0.5899
vn 0.9893 0.1159 -0.0882
vn 0.7710 0.1311 0.6232
vn 0.9121 -0.4017 -0.0825
vn -0.5595 0.1064 0.8220
vn -0.5838 0.1041 0.8052
vn -0.8292 0.0383 0.5577
vn -0.8380 0.0443 0.5439
vn -0.8035 0.0840 0.5893
vn -0.8312 0.0715 0.5513
vn -0.5733 0.0829 0.8152
vn -0.7730 0.0493 0.6324
vn -0.7310 0.4079 0.5470
vn -0.4041 0.4689 0.7853
vn -0.5140 -0.2012 0.8338
vn -0.5959 -0.1953 0.7789
vn -0.3822 -0.1199 0.9163
vn -0.0000 0.9841 0.1775
vn 0.2142 0.8530 0.4760
vn 0.0112 0.7888 0.6146
vn 0.5958 0.5161 0.6153
vn 0.0254 0.9990 0.0376
vn 0.2089 0.9400 -0.2697
vn 0.6338 0.7237 -0.2730
vn 0.2713 0.9346 0.2299
vn -0.5492 -0.2284 0.8039
vn 0.4421 0.2541 0.8602
vn 0.8286 0.1821 0.5294
vn 0.6974 0.7149 0.0505
vn 0.7196 0.6933 -0.0392
vn 0.5529 0.7570 -0.3482
vn 0.2323 0.7995 -0.5540
vn 0.6381 0.7672 0.0655
vn 0.5575 0.8277 -0.0638
vn -0.0057 0.9127 0.4086
vn -0.1409 0.9873 0.0727
vn 0.1410 0.6553 0.7420
vn -0.4632 -0.4269 0.7766
vn -0.0882 0.9961 0.0095
vn -0.0252 0.9990 0.0379
vn 0.6173 0.6751 0.4039
vn -0.2713 0.9346 0.2299
vn 0.6682 0.7161 0.2017
vn -0.1718 0.9331 0.3160
vn -0.5704 0.5004 0.6514
vn -0.2185 -0.6702 -0.7093
vn -0.0108 -0.9721 0.2343
vn -0.5431 -0.6684 -0.5082
vn -0.5774 -0.7784 -0.2462
vn -0.6743 -0.6960 -0.2468
vn -0.6284 -0.7673 -0.1279
vn -0.6990 -0.7049 -0.1207
vn -0.6572 -0.6520 0.3782
vn -0.7783 -0.4740 0.4117
vn -0.8918 -0.4522 0.0125
vn 0.6682 -0.7431 0.0360
vn -0.2709 -0.9625 0.0137
vn 0.6173 -0.7485 0.2423
vn 0.6488 -0.2235 0.7274
vn -0.1545 -0.9781 -0.1394
vn -0.5434 -0.0806 -0.8356
vn -0.6419 -0.1075 -0.7592
vn -0.6338 0.7237 -0.2730
vn -0.1257 0.6868 0.7159
vn 0.0275 0.9158 -0.4007
vn -0.2906 0.7139 0.6371
vn 0.0956 0.8845 -0.4567
vn -0.4143 0.7517 0.5132
vn 0.1229 0.8520 -0.5088
vn -0.1262 -0.0893 0.9880
vn -0.3828 -0.0274 0.9234
vn -0.6194 0.0644 0.7824
vn -0.2593 0.7027 0.6626
vn -0.4937 0.3676 0.7881
vn -0.6320 -0.1626 0.7577
vn 0.7912 0.0464 0.6098
vn 0.7583 0.0625 0.6489
vn 0.7547 -0.0990 0.6485
vn 0.0498 0.4149 0.9085
vn -0.1980 0.0026 0.9802
vn 0.2947 -0.1580 0.9424
vn -0.6892 -0.7008 -0.1841
vn -0.7988 -0.5266 -0.2908
vn -0.8755 -0.2735 -0.3984
vn -0.2545 0.2254 0.9404
vn -0.0430 0.2858 0.9573
vn 0.1116 -0.3223 0.9400
vn -0.5339 -0.8121 0.2355
vn -0.6173 0.6751 0.4039
vn -0.6682 0.7161 0.2017
vn 0.1718 0.9331 0.3160
vn 0.5704 0.5004 0.6514
vn -0.6942 -0.4982 0.5196
vn -0.3170 -0.5330 0.7845
vn -0.0000 -0.5626 0.8267
vn 0.0711 0.7090 0.7016
vn 0.2390 -0.0638 0.9689
vn 0.1062 0.6561 0.7471
vn 0.4300 -0.0816 0.8991
vn 0.5338 -0.8122 0.2353
vn -0.1118 -0.3220 0.9401
vn 0.0430 0.2858 0.9573
vn 0.2545 0.2254 0.9404
vn 0.0615 -0.9698 -0.2361
vn 0.8755 -0.2735 -0.3984
vn 0.7988 -0.5266 -0.2908
vn 0.6892 -0.7008 -0.1841
vn -0.0531 -0.2173 -0.9747
vn 0.3415 -0.1255 -0.9315
vn -0.0244 -0.4354 -0.8999
vn 0.3583 -0.3465 -0.8669
vn -0.5543 0.1342 0.8215
vn -0.5003 0.1790 0.8471
vn -0.7097 0.1580 0.6866
vn 0.7275 0.6791 -0.0974
vn 0.3795 0.9226 -0.0694
vn -0.3795 0.9226 -0.0694
vn -0.7275 0.6791 -0.0974
vn 0.5542 0.1341 0.8215
vn 0.7098 0.1582 0.6864
vn 0.5004 0.1791 0.8471
vn 0.8190 -0.1929 0.5404
vn 0.8380 0.0443 0.5438
vn 0.2977 0.2470 0.9221
vn -0.9737 0.1575 0.1645
vn -0.9061 0.2461 0.3440
vn -0.7646 0.3670 0.5298
vn -0.6003 -0.7971 -0.0658
vn 0.5273 0.3344 0.7811
vn 0.5835 0.0632 0.8097
vn 0.7646 0.3670 0.5298
vn 0.9061 0.2461 0.3440
vn 0.9737 0.1575 0.1645
vn -0.7700 0.2048 0.6043
vn -0.5836 0.0633 0.8096
vn -0.5274 0.3344 0.7810
vn 0.6002 -0.7971 -0.0659
vn -0.3583 -0.3465 -0.8669
vn -0.3415 -0.1255 -0.9315
vn 0.3971 -0.1321 0.9082
vn 0.7700 0.2049 0.6042
vn -0.8858 0.4548 -0.0920
vn -0.0000 -0.7699 0.6382
vn -0.5132 0.4068 -0.7558
vn -0.0000 0.3713 0.9285
vn -0.9702 0.0643 0.2334
vn -0.9873 0.1487 -0.0561
vn -0.0610 0.4193 0.9058
vn 0.9702 0.0643 0.2334
vn 0.1564 0.2536 0.9546
vn -0.0000 0.2954 0.9554
vn -0.0000 0.2219 0.9751
vn -0.1564 0.2536 0.9546
vn -0.1197 0.1898 0.9745
vn -0.2073 0.1022 0.9729
vn -0.0000 -0.0181 0.9998
vn -0.2394 -0.0176 0.9707
vn -0.2074 -0.1373 0.9686
vn -0.3127 -0.0172 0.9497
vn -0.2708 -0.1735 0.9469
vn 0.2708 0.1392 0.9525
vn 0.2073 0.1022 0.9729
vn 0.3127 -0.0172 0.9497
vn 0.2395 -0.0176 0.9707
vn 0.2074 -0.1373 0.9686
vn 0.1196 -0.2250 0.9670
vn 0.1563 -0.2880 0.9448
vn -0.0000 -0.2570 0.9664
vn -0.0000 -0.3298 0.9441
vn -0.1563 -0.2880 0.9448
vn -0.2708 0.1392 0.9525
vn -0.1196 -0.2250 0.9670
vn 0.1197 0.1898 0.9745
vn 0.2708 -0.1735 0.9469
vn -0.7379 -0.6133 -0.2818
vn 0.0407 -0.9154 -0.4006
vn 0.0742 -0.9143 -0.3982
vn 0.1834 -0.9119 -0.3672
vn 0.2115 -0.9080 -0.3616
vn 0.4452 -0.8204 -0.3589
vn 0.4865 -0.7983 -0.3550
vn 0.9451 0.3256 -0.0272
vn 0.9451 0.3256 -0.0271
vn 0.7039 -0.5927 -0.3914
vn 0.9670 -0.0741 -0.2438
vn -0.9289 -0.3369 0.1537
vn 0.9670 -0.0740 -0.2438
vn -0.9289 -0.3368 0.1539
vn -0.9466 0.0766 0.3132
vn -0.9466 -0.0768 -0.3131
vn 0.7047 0.5923 0.3907
vn -0.9292 0.3353 -0.1552
vn 0.2338 0.9075 0.3489
vn -0.8739 0.4427 0.2006
vn -0.9227 0.3749 0.0895
vn -0.9292 0.3354 -0.1552
vn 0.7921 0.5146 0.3282
vn 0.7047 0.5922 0.3907
vn 0.7510 0.5742 0.3259
vn 0.5491 0.7575 0.3531
vn 0.4451 0.8203 0.3591
vn 0.2114 0.9078 0.3622
vn 0.2339 0.9075 0.3489
vn -0.9228 0.3747 0.0896
vn -0.7380 0.6132 0.2818
vn -0.8739 0.4427 0.2005
vn 0.0741 -0.9143 -0.3982
vn -0.9989 0.0206 -0.0411
vn 0.3134 -0.8952 -0.3167
vn -0.8200 -0.4110 -0.3984
vn 0.2042 -0.8934 -0.4002
vn -0.8596 0.3787 0.3429
vn -0.8227 0.4489 0.3489
vn -0.8229 0.4335 0.3673
vn -0.6680 0.6642 0.3356
vn -0.6411 0.6946 0.3263
vn -0.9989 -0.0206 0.0411
vn -0.7378 0.6134 0.2818
vn -0.7378 -0.6133 -0.2818
vn 0.3136 -0.8952 -0.3167
vn 0.2043 -0.8934 -0.4001
vn -0.8229 -0.4335 -0.3673
vn -0.9989 -0.0207 0.0411
vn -0.9228 0.3748 0.0895
vn -0.7380 0.6132 0.2817
vn -0.8596 -0.3787 -0.3429
vn -0.0000 -0.9876 -0.1569
vn 0.4939 -0.8553 -0.1566
vn -0.0000 -1.0000 0.0001
vn 0.5000 -0.8660 -0.0000
vn -0.0000 -0.9534 0.3017
vn 0.4767 -0.8257 0.3018
vn -0.0000 -0.8176 0.5758
vn 0.4088 -0.7080 0.5758
vn -0.0000 -0.6043 0.7968
vn 0.3021 -0.5234 0.7967
vn -0.0000 -0.3322 0.9432
vn 0.1660 -0.2878 0.9432
vn -0.0000 -0.0000 1.0000
vn 0.2877 -0.1661 0.9432
vn 0.3322 -0.0000 0.9432
vn 0.5586 -0.0752 0.8260
vn 0.2877 0.1661 0.9432
vn 0.4986 0.3162 0.8071
vn 0.3022 0.5232 0.7968
vn 0.4088 0.7081 0.5757
vn -0.0000 0.6043 0.7968
vn -0.0000 0.8177 0.5757
vn -0.4088 0.7081 0.5757
vn -0.4767 0.8257 0.3017
vn -0.7081 0.4088 0.5758
vn -0.8257 0.4767 0.3017
vn -0.9534 -0.0000 0.3017
vn -1.0000 -0.0000 -0.0000
vn 1.0000 -0.0000 -0.0000
vn 0.8257 0.4767 0.3017
vn 0.9534 -0.0000 0.3017
vn 0.7080 0.4088 0.5758
vn 0.4767 0.8257 0.3017
vn -0.3022 0.5232 0.7968
vn -0.5233 0.3022 0.7968
vn -0.2877 0.1661 0.9432
vn -0.6043 -0.0000 0.7968
vn -0.3322 -0.0000 0.9432
vn -0.2877 -0.1661 0.9432
vn -0.1660 -0.2878 0.9432
vn -0.3021 -0.5234 0.7967
vn -0.0000 -0.6043 0.7967
vn -0.4088 -0.7081 0.5758
vn -0.4767 -0.8257 0.3016
vn -0.5000 -0.8660 0.0001
vn -0.0000 -1.0000 -0.0000
vn -0.4938 -0.8554 -0.1563
vn -0.0000 -0.9877 -0.1565
vn -0.4939 -0.8553 -0.1566
vn -0.5000 -0.8660 -0.0000
vn -0.4767 -0.8257 0.3018
vn -0.4088 -0.7080 0.5758
vn -0.0967 -0.2677 0.9586
vn 0.5233 0.3022 0.7968
vn 0.6043 -0.0000 0.7968
vn 0.4088 -0.7081 0.5758
vn 0.4767 -0.8257 0.3016
vn 0.5000 -0.8660 0.0001
vn 0.4938 -0.8554 -0.1563
vn -0.9877 -0.0000 -0.1564
vn -0.8660 0.5000 -0.0000
vn -0.5000 0.8660 -0.0000
vn -0.0000 0.9534 0.3018
vn 0.7081 0.4088 0.5758
vn 0.8176 -0.0000 0.5758
vn 0.6948 0.1862 0.6947
vn 0.8176 0.0001 0.5758
vn -0.8176 -0.0000 0.5758
vn 0.5000 0.8660 -0.0000
vn 0.8660 0.5000 -0.0000
vn 0.9877 -0.0000 -0.1564
vn 0.8554 -0.4938 -0.1565
vn 0.8661 -0.5000 -0.0000
vn 0.8257 -0.4766 0.3017
vn 0.7081 -0.4088 0.5758
vn 0.5234 -0.3022 0.7967
vn -0.8554 -0.4938 -0.1565
vn -0.8661 -0.4999 -0.0000
vn -0.8257 -0.4767 0.3017
vn -0.7081 -0.4088 0.5758
vn -0.5234 -0.3022 0.7967
vn -0.3299 -0.3300 0.8845
vn 0.8257 -0.4767 0.3017
vn 0.8660 -0.5000 -0.0000
vn -0.8660 -0.5000 -0.0000
vn -0.0000 0.9877 -0.1565
vn -0.0000 1.0000 -0.0000
vn 0.4938 0.8553 -0.1565
vn -0.0000 0.3322 0.9432
vn 0.1661 0.2877 0.9432
vn -0.1661 0.2877 0.9432
vn -0.4938 0.8553 -0.1565
vn -0.8553 0.4939 -0.1565
vn 0.4938 0.8554 -0.1565
vn 0.8553 0.4939 -0.1565
vn -0.9193 0.3748 -0.1202
vn -0.6476 0.5057 -0.5699
vn -0.8346 0.5098 -0.2089
vn -0.5700 0.5678 -0.5939
vn -0.9880 -0.0266 -0.1524
vn -0.3973 0.2114 -0.8930
vn -0.9529 -0.2872 -0.0973
vn -0.3795 -0.1452 -0.9137
vn -0.6714 -0.7107 0.2102
vn -0.3924 -0.0616 -0.9178
vn -0.7519 -0.5063 0.4223
vn -0.3467 0.6663 -0.6602
vn -0.8964 0.1101 0.4294
vn -0.3430 0.7226 -0.6001
vn -0.9320 -0.2877 0.2206
vn -0.3987 0.2474 -0.8831
vn -0.7352 -0.5793 0.3521
vn -0.3538 -0.2604 -0.8983
vn -0.6812 -0.2199 0.6983
vn -0.3822 -0.1542 -0.9111
vn -0.7374 -0.4751 0.4802
vn -0.3674 0.5913 -0.7179
vn -0.9036 0.0055 0.4282
vn -0.3669 0.6251 -0.6890
vn -0.9127 -0.2784 0.2991
vn -0.4002 0.2332 -0.8862
vn -0.8394 -0.4461 0.3104
vn -0.3863 -0.0244 -0.9220
vn -0.3837 -0.8984 0.2137
vn -0.0845 -0.9125 -0.4003
vn -0.2522 0.5027 -0.8269
vn -0.0000 0.4660 -0.8848
vn -0.2688 0.6175 -0.7392
vn -0.0000 0.6005 -0.7996
vn -0.0000 0.2488 -0.9685
vn -0.0000 -0.1080 -0.9942
vn -0.0000 0.0054 -1.0000
vn -0.0000 0.6764 -0.7365
vn -0.0000 0.7592 -0.6509
vn -0.0000 0.2915 -0.9566
vn -0.0000 -0.2248 -0.9744
vn -0.0000 -0.0786 -0.9969
vn -0.0000 0.6192 -0.7853
vn -0.0000 0.6735 -0.7392
vn -0.0000 0.2921 -0.9564
vn -0.0000 0.0384 -0.9993
vn -0.0000 -0.9326 -0.3610
vn 0.0845 -0.9125 -0.4003
vn 0.3863 -0.0244 -0.9220
vn 0.4002 0.2332 -0.8862
vn 0.3669 0.6251 -0.6890
vn 0.3674 0.5913 -0.7179
vn 0.3822 -0.1542 -0.9111
vn 0.3538 -0.2604 -0.8983
vn 0.3987 0.2474 -0.8831
vn 0.3430 0.7226 -0.6001
vn 0.3467 0.6663 -0.6602
vn 0.3924 -0.0616 -0.9178
vn 0.3795 -0.1452 -0.9137
vn 0.3973 0.2114 -0.8930
vn 0.2688 0.6175 -0.7392
vn 0.2522 0.5027 -0.8269
vn 0.3837 -0.8984 0.2137
vn 0.8394 -0.4461 0.3104
vn 0.9127 -0.2784 0.2991
vn 0.9037 0.0055 0.4282
vn 0.7374 -0.4751 0.4802
vn 0.6812 -0.2199 0.6983
vn 0.7352 -0.5793 0.3521
vn 0.9320 -0.2877 0.2206
vn 0.8964 0.1102 0.4294
vn 0.7518 -0.5064 0.4223
vn 0.6715 -0.7106 0.2102
vn 0.9529 -0.2871 -0.0974
vn 0.9880 -0.0267 -0.1524
vn 0.5700 0.5678 -0.5939
vn 0.8346 0.5098 -0.2089
vn 0.6476 0.5057 -0.5699
vn 0.9193 0.3748 -0.1202
vn -0.4158 0.6065 -0.6777
vn -0.2324 0.6098 -0.7577
vn -0.2334 0.5069 -0.8298
vn -0.1117 0.5023 -0.8574
vn -0.0940 0.2687 -0.9586
vn -0.0000 0.2630 -0.9648
vn 0.0001 -0.9862 -0.1655
vn 0.0940 0.2687 -0.9586
vn 0.0150 -0.9782 -0.2072
vn 0.2277 0.2836 -0.9315
vn 0.0693 -0.9676 -0.2426
vn 0.4564 0.3031 -0.8366
vn 0.1512 -0.9443 -0.2923
vn 0.7318 0.3128 -0.6055
vn 0.3004 -0.9197 -0.2529
vn 0.9236 0.3292 -0.1964
vn 0.4334 -0.8912 -0.1340
vn 0.9388 0.3049 0.1601
vn 0.3641 -0.9307 -0.0344
vn 0.8679 0.2572 0.4250
vn 0.3468 -0.9371 0.0390
vn 0.6824 0.1765 0.7093
vn 0.2539 -0.9628 0.0924
vn 0.4278 0.0855 0.8998
vn 0.1474 -0.9862 0.0758
vn 0.2124 0.0318 0.9767
vn 0.0937 -0.9947 0.0416
vn -0.0000 0.0092 1.0000
vn -0.0000 -0.9976 0.0699
vn -0.0937 -0.9947 0.0416
vn -0.1238 0.6092 -0.7833
vn -0.0000 0.6077 -0.7942
vn -0.0000 0.4988 -0.8667
vn 0.1238 0.6092 -0.7833
vn 0.1117 0.5023 -0.8574
vn 0.2324 0.6098 -0.7577
vn 0.2334 0.5069 -0.8298
vn 0.4158 0.6065 -0.6777
vn 0.4442 0.5055 -0.7397
vn 0.6869 0.5579 -0.4656
vn 0.7196 0.4699 -0.5112
vn 0.8966 0.4321 -0.0970
vn 0.8959 0.4269 -0.1227
vn 0.9145 0.3475 0.2070
vn 0.8228 0.2708 0.4997
vn 0.6609 0.2151 0.7190
vn 0.4768 0.1535 0.8655
vn 0.2702 0.0916 0.9584
vn -0.0000 0.0580 0.9983
vn -0.2124 0.0318 0.9767
vn -0.1474 -0.9862 0.0758
vn 0.0775 -0.1904 0.9786
vn -0.0000 -0.1864 0.9825
vn -0.0775 -0.1904 0.9786
vn -0.2248 -0.2087 0.9518
vn -0.4532 -0.2471 0.8565
vn -0.7341 -0.2879 0.6150
vn -0.9261 -0.3145 0.2082
vn -0.9400 -0.2974 -0.1675
vn -0.8618 -0.2553 -0.4383
vn -0.6612 -0.1702 -0.7307
vn -0.4103 -0.0879 -0.9077
vn -0.1940 -0.0384 -0.9802
vn -0.0000 -0.0225 -0.9997
vn -0.0150 -0.9782 -0.2072
vn 0.2248 -0.2087 0.9518
vn -0.0693 -0.9676 -0.2426
vn 0.4532 -0.2471 0.8565
vn -0.1513 -0.9443 -0.2923
vn 0.7341 -0.2879 0.6150
vn -0.3004 -0.9197 -0.2529
vn 0.9261 -0.3145 0.2082
vn -0.4334 -0.8912 -0.1340
vn 0.9400 -0.2974 -0.1675
vn -0.3641 -0.9307 -0.0344
vn 0.8618 -0.2553 -0.4383
vn -0.3468 -0.9371 0.0389
vn 0.6612 -0.1702 -0.7307
vn -0.2539 -0.9628 0.0924
vn 0.4103 -0.0879 -0.9077
vn 0.1940 -0.0384 -0.9802
vn -0.2277 0.2836 -0.9315
vn -0.4564 0.3031 -0.8366
vn -0.7318 0.3128 -0.6055
vn -0.9236 0.3292 -0.1964
vn -0.9388 0.3049 0.1601
vn -0.8679 0.2572 0.4250
vn -0.6824 0.1765 0.7093
vn -0.4278 0.0855 0.8998
vn -0.4442 0.5055 -0.7397
vn -0.6869 0.5579 -0.4656
vn -0.7196 0.4699 -0.5112
vn -0.8966 0.4321 -0.0970
vn -0.8959 0.4269 -0.1227
vn -0.9145 0.3475 0.2070
vn -0.8228 0.2708 0.4997
vn -0.6609 0.2151 0.7190
vn -0.4768 0.1535 0.8655
vn -0.2702 0.0916 0.9584
vn -0.0000 0.0512 -0.9987
vn 0.3272 0.0484 -0.9437
vn 0.7775 0.0320 -0.6280
vn 0.9879 0.0075 -0.1546
vn 0.9745 0.1207 0.1889
vn 0.9877 0.0011 0.1566
vn 0.9095 -0.0755 0.4088
vn 0.9205 0.0172 0.3904
vn 0.8681 -0.0065 0.4963
vn 0.7828 0.0455 0.6206
vn 0.7881 0.0357 0.6145
vn 0.5394 0.0778 0.8385
vn -0.3272 0.0484 -0.9437
vn -0.7775 0.0320 -0.6280
vn -0.9879 0.0075 -0.1546
vn -0.9745 0.1207 0.1889
vn -0.9877 0.0011 0.1566
vn -0.9095 -0.0755 0.4088
vn -0.9205 0.0172 0.3904
vn -0.8681 -0.0065 0.4963
vn -0.7828 0.0455 0.6206
vn -0.7881 0.0357 0.6145
vn -0.5394 0.0778 0.8385
vn -0.9585 -0.2849 -0.0003
vn -0.9488 -0.1106 0.2960
vn -0.9543 -0.0808 0.2876
vn -0.9453 0.0300 0.3247
vn -0.9564 0.1578 0.2457
vn -0.8776 0.4758 0.0583
vn 0.2030 -0.4790 0.8540
vn -0.0000 -0.6084 0.7936
vn -0.0000 -0.6642 0.7475
vn -0.2030 -0.4790 0.8540
vn -0.0378 -0.6918 0.7211
vn 0.8776 0.4758 0.0583
vn 0.9564 0.1578 0.2457
vn 0.9453 0.0300 0.3247
vn 0.9543 -0.0808 0.2876
vn 0.9488 -0.1106 0.2960
vn 0.9586 -0.2848 -0.0001
vn -0.5276 0.0854 0.8452
vn -0.2476 0.0974 0.9640
vn -0.2430 0.0975 0.9651
vn -0.0000 0.1006 0.9949
vn 0.2430 0.0975 0.9651
vn -0.5121 -0.6064 0.6084
vn -0.3470 -0.6720 0.6542
vn 0.0378 -0.6918 0.7211
vn -0.9019 -0.0414 0.4301
vn -0.8850 -0.1666 0.4349
vn -0.9778 0.0587 0.2010
vn 0.2476 0.0974 0.9640
vn 0.5276 0.0854 0.8452
vn 0.3470 -0.6720 0.6542
vn 0.5121 -0.6064 0.6084
vn 0.9778 0.0587 0.2010
vn 0.8850 -0.1666 0.4349
vn 0.9019 -0.0414 0.4301
vn -0.4133 -0.1205 0.9026
vn -0.3319 -0.2561 0.9079
vn -0.0000 -0.1283 0.9917
vn -0.0000 -0.3613 0.9325
vn 0.3319 -0.2561 0.9079
vn -0.3398 0.0111 0.9404
vn -0.0000 0.1065 0.9943
vn 0.3398 0.0111 0.9404
vn 0.4133 -0.1205 0.9026
vn 0.8787 -0.4301 -0.2070
vn 0.9456 -0.3252 -0.0137
vn 0.8928 -0.4129 0.1800
vn 0.9262 -0.2133 0.3110
vn 0.7678 -0.3340 0.5468
vn 0.1481 0.0326 0.9884
vn 0.3018 0.7515 0.5867
vn 0.9124 0.3694 -0.1762
vn 0.5359 -0.8438 -0.0278
vn 0.1342 0.9497 -0.2828
vn 0.0510 0.0300 -0.9982
vn 0.4492 -0.4813 -0.7527
vn 0.8909 -0.2546 -0.3761
vn 0.9731 0.2039 -0.1071
vn 0.2252 0.3893 -0.8932
vn 0.2378 0.7488 -0.6187
vn 0.5162 0.7612 -0.3925
vn 0.2327 0.4202 0.8771
vn 0.4949 0.7703 0.4022
vn 0.0708 0.9970 0.0303
vn -0.4234 0.8533 -0.3043
vn 0.5699 0.8217 0.0053
vn 0.6643 -0.3393 -0.6660
vn 0.8752 -0.2553 0.4108
vn -0.8787 -0.4301 -0.2070
vn -0.8928 -0.4129 0.1800
vn -0.9431 -0.3324 -0.0119
vn -0.9227 -0.2190 0.3174
vn -0.7679 -0.3098 0.5607
vn -0.1132 0.0439 0.9926
vn -0.4754 0.8798 -0.0027
vn -0.9931 -0.0083 0.1166
vn -0.8576 0.3058 0.4135
vn -0.0490 0.0482 -0.9976
vn -0.8785 -0.2676 -0.3959
vn -0.4613 -0.4328 -0.7745
vn -0.9780 0.1834 -0.0997
vn -0.1677 0.4182 -0.8928
vn -0.4071 0.8263 -0.3893
vn -0.1779 0.3813 0.9072
vn -0.3628 0.7970 0.4829
vn -0.4092 0.8222 0.3957
vn -0.4506 0.8927 0.0057
vn -0.6643 -0.3393 -0.6660
vn -0.8752 -0.2553 0.4108
vt 0.345947 1.265625
vt 0.420898 1.179932
vt 0.360107 1.177246
vt 0.415039 1.037598
vt 0.505859 1.019775
vt 0.541748 1.190674
vt 0.410645 1.288818
vt 0.512451 1.335205
vt 0.375244 1.376953
vt 0.510498 1.459961
vt 0.404297 1.521973
vt 0.562988 1.608887
vt 0.491455 1.600098
vt 0.503174 1.670410
vt 0.366211 1.638672
vt 0.407471 1.671631
vt 0.292480 1.726318
vt 0.335938 1.817871
vt 0.216553 1.773438
vt 0.242676 1.876953
vt 0.195313 1.772949
vt 0.222900 1.888184
vt 0.177002 1.780518
vt 0.161133 1.739746
vt 0.257813 1.697021
vt 0.230225 1.667480
vt 0.305176 1.565186
vt 0.304932 1.437012
vt 0.256348 1.369385
vt 0.307861 1.324463
vt 0.614502 1.951904
vt 0.606934 1.877441
vt 0.553711 1.948242
vt 0.513672 1.901855
vt 0.549072 1.753906
vt 0.455811 1.770264
vt 0.285400 1.998291
vt 0.385742 1.945313
vt 0.711670 1.696045
vt 0.726318 1.674805
vt 0.689697 1.652588
vt 0.702148 1.642578
vt 0.786133 1.642822
vt 0.721680 1.578125
vt 0.765381 1.531738
vt 0.848633 1.616699
vt 0.826172 1.783447
vt 0.914307 1.764893
vt 0.836182 1.885742
vt 0.934082 1.873047
vt 0.838867 1.980957
vt 0.934326 1.985352
vt 0.987793 1.855713
vt 0.976563 1.750244
vt 0.355957 1.041016
vt 0.185059 1.406494
vt 0.229980 1.474854
vt 0.217041 1.481201
vt 0.250244 1.569580
vt 0.226318 1.561279
vt 0.203369 1.649414
vt 0.435547 1.998291
vt 0.620605 1.756104
vt 0.583252 1.677979
vt 0.655518 1.674316
vt 0.655518 1.536377
vt 0.595459 1.370361
vt 0.644043 1.197754
vt 0.767822 1.367188
vt 0.752686 1.199463
vt 0.887207 1.367188
vt 0.894775 1.201904
vt 0.997803 1.205811
vt 0.899170 1.009277
vt 0.997803 1.009521
vt 0.714111 1.783447
vt 0.760742 1.798828
vt 0.718262 1.770264
vt 0.747559 1.738281
vt 0.809570 1.476807
vt 0.904541 1.555176
vt 0.972656 1.647705
vt 0.994629 1.585938
vt 0.694580 1.804199
vt 0.704346 1.850342
vt 0.761230 1.843750
vt 0.758545 1.895020
vt 0.758789 1.982666
vt 0.677734 1.878174
vt 0.953613 1.501465
vt 0.615967 1.010498
vt 0.655518 1.393066
vt 0.671875 1.633545
vt 0.682129 1.622803
vt 0.715576 1.732910
vt 0.718018 1.770020
vt 0.127686 1.426270
vt 0.127686 1.385254
vt 0.088135 1.411377
vt 0.024170 1.385254
vt 0.127686 1.327637
vt 0.024170 1.327637
vt 0.127686 1.260498
vt 0.024170 1.260498
vt 0.127686 1.201416
vt 0.024170 1.201416
vt 0.024170 1.145020
vt 0.148682 1.706055
vt 0.655518 1.840820
vt 0.112305 1.459229
vt 0.086914 1.566895
vt 0.144043 1.534180
vt 0.153320 1.614258
vt 0.116211 1.641357
vt 0.130371 1.702393
vt 0.045166 1.677490
vt 0.075684 1.758789
vt 0.053467 1.483398
vt 0.041504 1.525635
vt 0.003662 1.565186
vt 0.016846 1.600342
vt 0.539307 1.998291
vt 0.986816 1.986328
vt 0.052002 1.798096
vt 0.004150 1.992432
vt 0.004150 1.789307
vt 0.075928 1.981689
vt 0.088379 1.815674
vt 0.119385 1.950439
vt 0.117920 1.854736
vt 0.133057 1.902588
vt 0.745361 1.010986
vt 0.997803 1.367188
vt 0.127686 1.086914
vt 0.127686 1.004883
vt 0.024170 1.004883
vt 0.024170 1.086914
vt 0.127686 1.145020
vt 0.655518 1.988770
vt 0.047363 1.420654
vt 0.040039 1.465088
vt 0.024170 1.464355
vt 0.161377 1.420166
vt 0.145996 1.471436
vt 0.177979 1.471436
vt 0.846924 1.398193
vt 0.694824 1.803955
vt 0.518317 0.412123
vt 0.632333 0.407464
vt 0.578910 0.325097
vt 0.664559 0.343747
vt 0.707527 0.447278
vt 0.759518 0.288592
vt 0.788566 0.407218
vt 0.824218 0.368659
vt 0.985603 0.375978
vt 0.837158 0.506097
vt 0.985582 0.506090
vt 0.852293 0.643812
vt 0.817881 0.525867
vt 0.791756 0.655034
vt 0.750486 0.550794
vt 0.739011 0.572022
vt 0.686052 0.489757
vt 0.687259 0.610087
vt 0.518311 0.412109
vt 0.574951 0.478271
vt 0.578857 0.325195
vt 0.632324 0.407470
vt 0.664551 0.343750
vt 0.707520 0.447265
vt 0.759521 0.288574
vt 0.788574 0.407226
vt 0.837158 0.506103
vt 0.824219 0.368652
vt 0.985596 0.375976
vt 0.985596 0.506103
vt 0.852295 0.643799
vt 0.817871 0.525879
vt 0.791748 0.655029
vt 0.750488 0.550781
vt 0.739014 0.572021
vt 0.686035 0.489746
vt 0.687256 0.610107
vt 0.631836 0.544433
vt 0.574959 0.478283
vt 0.985576 0.638441
vt 0.867211 0.708735
vt 0.867217 0.708731
vt 0.744624 0.723372
vt 0.923580 0.789059
vt 0.985596 0.638427
vt 0.867188 0.708740
vt 0.744629 0.723388
vt 0.621819 0.239976
vt 0.730225 0.169960
vt 0.813000 0.230734
vt 0.985589 0.245837
vt 0.621826 0.239990
vt 0.730225 0.169922
vt 0.812988 0.230713
vt 0.985596 0.245849
vt 0.801514 0.093018
vt 0.985596 0.114013
vt 0.801513 0.093020
vt 0.985603 0.114009
vt 0.858154 0.064697
vt 0.985596 0.007080
vt 0.858149 0.064711
vt 0.985593 0.007091
vt 0.731200 0.673578
vt 0.985587 0.763181
vt 0.985301 0.706715
vt 0.731201 0.673584
vt 0.923584 0.789062
vt 0.985596 0.763183
vt 0.985596 0.706787
vt 0.985601 0.706789
vt 0.723145 0.801758
vt 0.888428 0.839111
vt 0.843750 0.919189
vt 0.696777 0.880859
vt 0.803955 0.986572
vt 0.686768 0.957519
vt 0.734619 1.000488
vt 0.651979 0.727388
vt 0.595810 0.585593
vt 0.556855 0.645654
vt 0.490292 0.575815
vt 0.458961 0.651309
vt 0.411593 0.520204
vt 0.390412 0.606705
vt 0.343498 0.577358
vt 0.334062 0.677577
vt 0.255732 0.559421
vt 0.260181 0.654192
vt 0.334099 0.778612
vt 0.369036 0.693223
vt 0.397541 0.802802
vt 0.427635 0.726792
vt 0.479066 0.765649
vt 0.517683 0.705662
vt 0.502482 0.844284
vt 0.651985 0.727379
vt 0.595849 0.585665
vt 0.601895 0.766422
vt 0.490298 0.575817
vt 0.556861 0.645659
vt 0.458965 0.651300
vt 0.411591 0.520191
vt 0.390406 0.606711
vt 0.343497 0.577353
vt 0.334062 0.677581
vt 0.255737 0.559419
vt 0.260171 0.654203
vt 0.334098 0.778603
vt 0.369043 0.693232
vt 0.427634 0.726783
vt 0.397547 0.802799
vt 0.479064 0.765648
vt 0.517696 0.705654
vt 0.551629 0.805428
vt 0.502481 0.844299
vt 0.601887 0.766429
vt 0.264696 0.750596
vt 0.312148 0.825338
vt 0.312143 0.825335
vt 0.445023 0.916893
vt 0.319872 0.928831
vt 0.264681 0.750587
vt 0.312165 0.825342
vt 0.445017 0.916904
vt 0.521458 0.500146
vt 0.445355 0.427498
vt 0.351678 0.476784
vt 0.251306 0.464626
vt 0.521453 0.500157
vt 0.445355 0.427470
vt 0.351687 0.476769
vt 0.251302 0.464635
vt 0.370905 0.348459
vt 0.246809 0.368607
vt 0.370906 0.348461
vt 0.246804 0.368604
vt 0.329604 0.327808
vt 0.243164 0.290717
vt 0.329607 0.327818
vt 0.243167 0.290725
vt 0.461854 0.883264
vt 0.268939 0.841456
vt 0.461852 0.883268
vt 0.319869 0.928834
vt 0.268933 0.841458
vt 0.267011 0.800380
vt 0.267007 0.800381
vt 0.511933 0.673487
vt 0.625124 0.716646
vt 0.575032 0.755686
vt 0.404092 0.946078
vt 0.964600 1.351807
vt 0.945313 1.371338
vt 0.984375 1.382080
vt 0.950928 1.424316
vt 0.910889 1.424316
vt 0.902588 1.477539
vt 0.869141 1.433350
vt 0.885254 1.534180
vt 0.805420 1.459229
vt 0.705566 1.543945
vt 0.683350 1.505127
vt 0.652100 1.531250
vt 0.693604 1.400879
vt 0.607178 1.452881
vt 0.618164 1.348877
vt 0.570557 1.389404
vt 0.534424 1.329102
vt 0.528809 1.439941
vt 0.473145 1.379883
vt 0.497803 1.508301
vt 0.453613 1.503174
vt 0.420898 1.616211
vt 0.394775 1.465332
vt 0.344482 1.467773
vt 0.354248 1.373779
vt 0.307861 1.398682
vt 0.220215 1.336182
vt 0.231689 1.443115
vt 0.166260 1.403564
vt 0.181152 1.520508
vt 0.133789 1.525146
vt 0.156982 1.628174
vt 0.124023 1.633545
vt 0.165039 1.732666
vt 0.135986 1.741455
vt 0.188965 1.845459
vt 0.053467 1.795654
vt 0.143555 1.919922
vt 0.939209 1.317627
vt 0.916260 1.354980
vt 0.899414 1.314697
vt 0.846680 1.344482
vt 0.907227 1.282715
vt 0.859863 1.258301
vt 0.925293 1.245117
vt 0.887451 1.217285
vt 0.947754 1.198975
vt 0.906738 1.183350
vt 0.962158 1.166504
vt 0.936768 1.147949
vt 0.978760 1.133545
vt 0.946777 1.113525
vt 0.988770 1.072510
vt 0.934326 1.095947
vt 0.905273 1.108887
vt 0.929443 1.073730
vt 0.899658 1.078125
vt 0.398193 1.364502
vt 0.280273 1.291260
vt 0.165039 1.295898
vt 0.125732 1.390869
vt 0.018066 1.523682
vt 0.023682 1.653076
vt 0.759766 1.375244
vt 0.714844 1.292725
vt 0.774170 1.236084
vt 0.674561 1.220215
vt 0.726318 1.158447
vt 0.593506 1.182861
vt 0.650391 1.116211
vt 0.520996 1.167480
vt 0.660645 1.074951
vt 0.651123 1.048584
vt 0.709473 1.052246
vt 0.703125 1.015137
vt 0.745361 1.035645
vt 0.768066 1.092529
vt 0.787109 1.091309
vt 0.782959 1.148926
vt 0.806152 1.216309
vt 0.841553 1.183594
vt 0.874756 1.161133
vt 0.914795 1.133057
vt 0.815674 1.801514
vt 0.877930 1.658203
vt 0.743652 1.735352
vt 0.773926 1.627686
vt 0.685547 1.740723
vt 0.690674 1.639404
vt 0.575684 1.708740
vt 0.575195 1.629150
vt 0.417236 1.705811
vt 0.268066 1.623535
vt 0.367920 1.141602
vt 0.349365 1.145996
vt 0.388184 1.193848
vt 0.349609 1.208984
vt 0.228027 1.182861
vt 0.252197 1.228760
vt 0.122803 1.267578
vt 0.082031 1.371582
vt 0.416748 1.998047
vt 0.418213 1.912842
vt 0.271973 1.982422
vt 0.291992 1.901123
vt 0.416016 1.803467
vt 0.275391 1.802246
vt 0.263428 1.701904
vt 0.582275 1.512939
vt 0.824463 1.135254
vt 0.862793 1.125488
vt 0.508789 1.256348
vt 0.502930 1.322510
vt 0.557373 1.251709
vt 0.629150 1.271729
vt 0.813477 1.088379
vt 0.860840 1.081543
vt 0.026123 1.352295
vt 0.088135 1.214111
vt 0.202393 1.125000
vt 0.345703 1.104492
vt 0.275146 1.802246
vt 0.554443 1.991943
vt 0.543945 1.907959
vt 0.562500 1.809082
vt 0.405273 1.252686
vt 0.351563 1.284912
vt 0.690186 1.930420
vt 0.649170 1.852051
vt 0.999268 1.423340
vt 0.946777 1.477051
vt 0.603027 1.009277
vt 0.556641 1.083008
vt 0.500732 1.107666
vt 0.769287 1.064697
vt 0.728271 1.076904
vt 0.689941 1.930176
vt 0.172363 1.098145
vt 0.202881 1.079102
vt 0.168945 1.071045
vt 0.202148 1.059570
vt 0.200195 1.013672
vt 0.257080 1.013672
vt 0.259277 1.047119
vt 0.260742 1.067871
vt 0.222656 1.146240
vt 0.267334 1.163818
vt 0.250977 1.228027
vt 0.290039 1.242188
vt 0.269775 1.298096
vt 0.305908 1.304199
vt 0.279297 1.364258
vt 0.313477 1.363281
vt 0.317139 1.435547
vt 0.362549 1.431152
vt 0.365967 1.515625
vt 0.430664 1.502197
vt 0.445801 1.626953
vt 0.519043 1.553223
vt 0.542480 1.618896
vt 0.587646 1.485352
vt 0.596680 1.499023
vt 0.619141 1.346924
vt 0.643799 1.418701
vt 0.657227 1.338623
vt 0.677002 1.421387
vt 0.709717 1.402344
vt 0.720459 1.510254
vt 0.670654 1.563232
vt 0.622559 1.527100
vt 0.557373 1.646729
vt 0.490479 1.748047
vt 0.459473 1.778076
vt 0.371582 1.632568
vt 0.375732 1.800781
vt 0.311523 1.642578
vt 0.304932 1.806641
vt 0.259033 1.655762
vt 0.237793 1.806152
vt 0.224365 1.661621
vt 0.189209 1.659180
vt 0.187012 1.603027
vt 0.156494 1.588623
vt 0.166260 1.555908
vt 0.125977 1.542725
vt 0.141357 1.523926
vt 0.100830 1.491211
vt 0.119141 1.482422
vt 0.082031 1.435791
vt 0.097656 1.432617
vt 0.067871 1.369629
vt 0.082275 1.370117
vt 0.071045 1.288330
vt 0.085693 1.302246
vt 0.096436 1.207520
vt 0.108887 1.241211
vt 0.117432 1.163330
vt 0.127686 1.203369
vt 0.139893 1.122559
vt 0.148682 1.173584
vt 0.174316 1.159424
vt 0.197021 1.151367
vt 0.196045 1.241455
vt 0.218994 1.250732
vt 0.213867 1.269531
vt 0.238281 1.289063
vt 0.228516 1.296387
vt 0.236816 1.329346
vt 0.220459 1.336670
vt 0.222168 1.371338
vt 0.270752 1.541748
vt 0.315430 1.520264
vt 0.278320 1.446045
vt 0.347412 1.302246
vt 0.329834 1.248535
vt 0.370361 1.244385
vt 0.341553 1.234863
vt 0.365723 1.235596
vt 0.341797 1.224365
vt 0.364014 1.225342
vt 0.341553 1.186523
vt 0.358887 1.186768
vt 0.337646 1.132813
vt 0.356201 1.120361
vt 0.355957 1.071045
vt 0.363037 1.076172
vt 0.363037 1.052246
vt 0.382324 1.115967
vt 0.363770 1.013672
vt 0.381104 1.093750
vt 0.402588 1.095215
vt 0.402100 1.135986
vt 0.423340 1.090332
vt 0.416016 1.140625
vt 0.439209 1.133301
vt 0.417480 1.167480
vt 0.439453 1.166260
vt 0.420166 1.193359
vt 0.441406 1.195557
vt 0.423096 1.218506
vt 0.442871 1.221680
vt 0.429199 1.247803
vt 0.444824 1.247070
vt 0.435547 1.276123
vt 0.447998 1.271729
vt 0.444580 1.303467
vt 0.451904 1.294189
vt 0.453613 1.312988
vt 0.456787 1.303467
vt 0.458008 1.304932
vt 0.456543 1.135742
vt 0.439941 1.090576
vt 0.458740 1.097656
vt 0.457764 1.166992
vt 0.457275 1.197021
vt 0.456787 1.225098
vt 0.457031 1.250244
vt 0.455566 1.273682
vt 0.456543 1.290771
vt 0.458008 1.314453
vt 0.461426 1.310791
vt 0.456787 1.337402
vt 0.468506 1.329102
vt 0.460938 1.397461
vt 0.487549 1.318604
vt 0.513672 1.345459
vt 0.506592 1.278076
vt 0.541992 1.274414
vt 0.520752 1.218262
vt 0.558350 1.203369
vt 0.526611 1.163574
vt 0.563232 1.129883
vt 0.529297 1.120117
vt 0.508789 1.155029
vt 0.506592 1.199219
vt 0.495605 1.151123
vt 0.494141 1.193848
vt 0.474854 1.144775
vt 0.473389 1.186279
vt 0.458252 1.145508
vt 0.458496 1.186279
vt 0.568604 1.437256
vt 0.486572 1.456543
vt 0.417969 1.422852
vt 0.356934 1.360596
vt 0.325195 1.209229
vt 0.319336 1.167480
vt 0.366455 1.123047
vt 0.355713 1.047119
vt 0.355225 1.013672
vt 0.309326 1.050049
vt 0.308350 1.013672
vt 0.545166 1.387207
vt 0.592773 1.312012
vt 0.569092 1.293457
vt 0.606445 1.235840
vt 0.581055 1.208984
vt 0.629395 1.157715
vt 0.591309 1.132813
vt 0.502441 1.231689
vt 0.491943 1.223389
vt 0.472412 1.218018
vt 0.458496 1.224609
vt 0.696289 1.773193
vt 0.719971 1.791504
vt 0.681885 1.906982
vt 0.711670 1.918945
vt 0.748535 1.786621
vt 0.745117 1.919189
vt 0.775879 1.916260
vt 0.770264 1.988770
vt 0.723633 1.729492
vt 0.706543 1.700195
vt 0.682373 1.570801
vt 0.723633 1.651611
vt 0.745361 1.620605
vt 0.753418 1.655029
vt 0.775879 1.643799
vt 0.775879 1.705811
vt 0.749756 1.709473
vt 0.734131 1.684814
vt 0.632568 1.276855
vt 0.663818 1.215332
vt 0.495117 1.261963
vt 0.484375 1.252930
vt 0.470215 1.248047
vt 0.460693 1.250244
vt 0.133057 1.094971
vt 0.109619 1.130127
vt 0.091797 1.171875
vt 0.082275 1.220947
vt 0.065674 1.282227
vt 0.062256 1.375000
vt 0.072754 1.444824
vt 0.087646 1.507568
vt 0.101318 1.569336
vt 0.146729 1.631104
vt 0.083496 1.655762
vt 0.156006 1.750732
vt 0.132813 1.817871
vt 0.192871 1.874268
vt 0.689941 1.291260
vt 0.487305 1.289795
vt 0.479736 1.309326
vt 0.477051 1.278809
vt 0.469482 1.296631
vt 0.467285 1.274658
vt 0.464600 1.294922
vt 0.461182 1.273682
vt 0.460205 1.291992
vt 0.184326 1.541748
vt 0.153809 1.508057
vt 0.130371 1.471436
vt 0.109131 1.426270
vt 0.097900 1.374756
vt 0.096924 1.321777
vt 0.117920 1.269531
vt 0.137207 1.244385
vt 0.157471 1.233398
vt 0.176758 1.240723
vt 0.510742 1.114746
vt 0.498291 1.111084
vt 0.477295 1.106445
vt 0.459229 1.105469
vt 0.377930 1.195801
vt 0.369629 1.170166
vt 0.375732 1.155762
vt 0.383789 1.152588
vt 0.384033 1.208740
vt 0.406494 1.205078
vt 0.391113 1.281250
vt 0.414307 1.262451
vt 0.405518 1.348877
vt 0.428711 1.310303
vt 0.439453 1.333984
vt 0.779297 1.403076
vt 0.779785 1.413818
vt 0.806885 1.422363
vt 0.794922 1.489014
vt 0.769043 1.419678
vt 0.757813 1.454346
vt 0.764160 1.409424
vt 0.751221 1.447998
vt 0.729492 1.495850
vt 0.745361 1.489502
vt 0.753906 1.531738
vt 0.760010 1.520264
vt 0.776611 1.538330
vt 0.808594 1.556152
vt 0.830811 1.475830
vt 0.844238 1.555176
vt 0.853027 1.531738
vt 0.848877 1.562256
vt 0.858398 1.533203
vt 0.865234 1.534912
vt 0.850586 1.505371
vt 0.806885 1.573730
vt 0.773682 1.555176
vt 0.753906 1.489258
vt 0.815430 1.447266
vt 0.637939 1.650879
vt 0.633545 1.693115
vt 0.639648 1.695801
vt 0.638916 1.750488
vt 0.631348 1.745361
vt 0.630615 1.811035
vt 0.623535 1.802002
vt 0.614746 1.860596
vt 0.607422 1.849365
vt 0.600098 1.903564
vt 0.592041 1.891113
vt 0.574951 1.934570
vt 0.567383 1.923096
vt 0.544434 1.958984
vt 0.538330 1.947510
vt 0.513672 1.964844
vt 0.507813 1.949951
vt 0.496338 1.979492
vt 0.155762 1.503418
vt 0.133789 1.464600
vt 0.114990 1.422119
vt 0.105469 1.375244
vt 0.106201 1.325684
vt 0.123291 1.293213
vt 0.141846 1.271973
vt 0.157715 1.262451
vt 0.181641 1.268311
vt 0.184082 1.922852
vt 0.226318 1.952148
vt 0.292236 1.962158
vt 0.375000 1.954102
vt 0.446289 1.931885
vt 0.476563 1.905029
vt 0.523926 1.787842
vt 0.583252 1.675293
vt 0.432129 1.062744
vt 0.433105 1.044189
vt 0.390625 1.059326
vt 0.432129 1.026611
vt 0.477539 1.043213
vt 0.478271 1.009521
vt 0.518555 1.049316
vt 0.520752 1.010010
vt 0.562744 1.066650
vt 0.564453 1.023193
vt 0.588379 1.080811
vt 0.590576 1.038086
vt 0.612549 1.086914
vt 0.614502 1.050293
vt 0.637451 1.082031
vt 0.638428 1.056641
vt 0.662598 1.066162
vt 0.227295 1.551514
vt 0.214600 1.526367
vt 0.248535 1.500977
vt 0.231445 1.488525
vt 0.257813 1.449219
vt 0.240234 1.442871
vt 0.260986 1.406250
vt 0.242920 1.405518
vt 0.259033 1.366211
vt 0.241455 1.367920
vt 0.251953 1.323486
vt 0.476318 1.073975
vt 0.517334 1.088135
vt 0.558594 1.107666
vt 0.584229 1.118164
vt 0.611328 1.119873
vt 0.639648 1.101807
vt 0.549316 1.895264
vt 0.575928 1.866455
vt 0.566406 1.851807
vt 0.582520 1.810791
vt 0.592041 1.825439
vt 0.596191 1.772705
vt 0.606934 1.785645
vt 0.608154 1.730713
vt 0.615234 1.736084
vt 0.616943 1.687988
vt 0.621094 1.690186
vt 0.625000 1.653320
vt 0.627441 1.691162
vt 0.993896 1.622803
vt 0.993896 1.561523
vt 0.955078 1.622803
vt 0.955078 1.561523
vt 0.924561 1.561523
vt 0.924561 1.622803
vt 0.955078 1.695313
vt 0.924561 1.695313
vt 0.950439 1.771729
vt 0.924561 1.771729
vt 0.945068 1.854004
vt 0.924561 1.854004
vt 0.941162 1.977539
vt 0.924561 1.977539
vt 0.193115 1.505371
vt 0.190430 1.527344
vt 0.181641 1.505859
vt 0.977295 1.491455
vt 0.969727 1.526367
vt 0.969727 1.491455
vt 0.962158 1.491455
vt 0.962158 1.524414
vt 0.955322 1.491455
vt 0.955322 1.520508
vt 0.948486 1.491455
vt 0.948486 1.515625
vt 0.941406 1.491455
vt 0.941406 1.511719
vt 0.936768 1.491455
vt 0.936768 1.511963
vt 0.927979 1.515381
vt 0.044190 1.389648
vt 0.006348 1.343506
vt 0.039307 1.310059
vt 0.046631 1.238770
vt 0.006348 1.152344
vt 0.040039 1.141113
vt 0.047363 1.013672
vt 0.062744 1.093506
vt 0.087891 1.013672
vt 0.134277 1.013672
vt 0.211182 1.478516
vt 0.222412 1.439941
vt 0.223145 1.404297
vt 0.872559 1.520020
vt 0.872559 1.491455
vt 0.879883 1.518799
vt 0.879883 1.491455
vt 0.887207 1.517578
vt 0.887207 1.491455
vt 0.893066 1.520996
vt 0.893066 1.491455
vt 0.898682 1.523193
vt 0.898682 1.491455
vt 0.906006 1.524658
vt 0.906006 1.491455
vt 0.912842 1.491455
vt 0.859863 1.977539
vt 0.896973 1.977539
vt 0.859863 1.854004
vt 0.896973 1.854004
vt 0.859863 1.771729
vt 0.896973 1.771729
vt 0.859863 1.695313
vt 0.896973 1.695313
vt 0.859863 1.622803
vt 0.896973 1.622803
vt 0.859863 1.561523
vt 0.896973 1.561523
vt 0.913818 1.977539
vt 0.913818 1.854004
vt 0.913818 1.771729
vt 0.913818 1.695557
vt 0.913818 1.622803
vt 0.924561 1.561279
vt 0.913818 1.561279
vt 0.309082 1.076172
vt 0.775879 1.784912
vt 0.740967 1.334473
vt 0.759766 1.314941
vt 0.740234 1.326172
vt 0.739746 1.320801
vt 0.759277 1.272217
vt 0.719971 1.272217
vt 0.719971 1.315430
vt 0.739746 1.326416
vt 0.739746 1.334961
vt 0.646729 1.127441
vt 0.648682 1.129150
vt 0.645508 1.169189
vt 0.660400 1.141846
vt 0.666504 1.172119
vt 0.691406 1.076904
vt 0.701416 1.090088
vt 0.717529 1.027100
vt 0.753418 1.155029
vt 0.745361 1.004883
vt 0.776855 1.014160
vt 0.993896 1.695313
vt 0.959961 1.771729
vt 0.993896 1.771729
vt 0.963135 1.854004
vt 0.993896 1.854004
vt 0.964111 1.977539
vt 0.458984 1.303711
vt 0.544189 1.819580
vt 0.487549 1.942139
vt 0.457520 1.974121
vt 0.409668 1.992432
vt 0.599854 1.837891
vt 0.584229 1.879150
vt 0.559570 1.911133
vt 0.530029 1.927734
vt 0.766602 1.604492
vt 0.764893 1.591797
vt 0.814209 1.598877
vt 0.848633 1.587891
vt 0.192627 1.261475
vt 0.191650 1.281250
vt 0.207764 1.287354
vt 0.217285 1.309814
vt 0.599854 1.837646
vt 0.615723 1.793701
vt 0.623779 1.740479
vt 0.927979 1.491455
vt 0.920166 1.520752
vt 0.920166 1.491455
vt 0.912842 1.523926
vt 0.964111 1.987549
vt 0.068115 1.742676
vt 0.006348 1.634766
vt 0.075439 1.518066
vt 0.006348 1.519775
vt 0.056641 1.456543
vt 0.740479 1.356201
vt 0.740234 1.368896
vt 0.761475 1.353760
vt 0.740479 1.382324
vt 0.764160 1.388184
vt 0.741943 1.396973
vt 0.736328 1.365723
vt 0.718506 1.354492
vt 0.735352 1.374756
vt 0.734863 1.383789
vt 0.715088 1.388672
vt 0.734375 1.398193
vt 0.977295 1.525635
vt 0.985107 1.491455
vt 0.985107 1.522217
vt 0.992676 1.491455
vt 0.992676 1.520508
vt 0.582031 1.945557
vt 0.550781 1.968750
vt 0.519043 1.974365
vt 0.529785 1.988281
vt 0.524414 1.981934
vt 0.739014 1.345459
vt 0.737549 1.355957
vt 0.557129 1.977051
vt 0.759277 1.227051
vt 0.719971 1.227051
vt 0.739746 1.157227
vt 0.738770 1.157227
vt 0.740723 1.345215
vt 0.085205 1.126953
vt 0.055420 1.137207
vt 0.053467 1.180176
vt 0.794678 1.932617
vt 0.806152 1.957031
vt 0.849365 1.912598
vt 0.841797 1.989014
vt 0.794189 1.883301
vt 0.794189 1.793701
vt 0.797363 1.736816
vt 0.806152 1.694092
vt 0.827393 1.665527
vt 0.849365 1.661865
vt 0.853027 1.532227
vt 0.799561 1.046143
vt 0.056641 1.455811
vt 0.006348 1.013672
vt 0.743896 1.424561
vt 0.582031 1.945801
vt 0.173584 1.285645
vt 0.941162 1.987549
vt 0.719971 1.157227
vt 0.009033 1.829590
vt 0.002197 1.883789
vt 0.036377 1.883789
vt 0.010254 1.940674
vt 0.039551 1.905273
vt 0.047363 1.921143
vt 0.057617 1.883789
vt 0.057617 1.926758
vt 0.068604 1.920898
vt 0.057617 1.995361
vt 0.086182 1.979492
vt 0.029541 1.787354
vt 0.046387 1.847412
vt 0.057617 1.773193
vt 0.057617 1.841553
vt 0.067871 1.847168
vt 0.075684 1.862305
vt 0.104736 1.826660
vt 0.078857 1.883789
vt 0.113037 1.883789
vt 0.106445 1.937012
vt 0.009033 1.938965
vt 0.029541 1.980957
vt 0.046387 1.921143
vt 0.057617 1.927002
vt 0.067871 1.921387
vt 0.057617 1.884766
vt 0.075684 1.906250
vt 0.078857 1.884766
vt 0.104736 1.941895
vt 0.113037 1.884766
vt 0.030518 1.787842
vt 0.047363 1.847412
vt 0.010254 1.827637
vt 0.039551 1.863037
vt 0.036377 1.884766
vt 0.038818 1.905273
vt 0.106445 1.831543
vt 0.076172 1.863525
vt 0.068604 1.847656
vt 0.057617 1.841797
vt 0.038818 1.863281
vt 0.076172 1.905029
vt 0.084717 1.787598
vt 0.030518 1.980469
vt 0.084717 1.980713
vt 0.086182 1.789063
vt 0.002197 1.884766
vt 0.654053 1.722656
vt 0.654053 1.771240
vt 0.670654 1.771240
vt 0.654053 1.812988
vt 0.670654 1.818604
vt 0.654053 1.853271
vt 0.670654 1.863525
vt 0.654053 1.898926
vt 0.654053 1.940674
vt 0.664795 1.908203
vt 0.660400 1.948242
vt 0.670654 1.863281
vt 0.654297 1.898926
vt 0.654297 1.940674
vt 0.654297 1.979492
vt 0.654053 1.979492
vt 0.654297 1.853271
vt 0.670654 1.818359
vt 0.654297 1.812988
vt 0.654297 1.722656
vt 0.654297 1.771240
vt 0.670654 1.722656
vt 0.654297 1.677490
vt 0.654297 1.632568
vt 0.670654 1.677490
vt 0.654297 1.600586
vt 0.661865 1.632568
vt 0.654053 1.677490
vt 0.662354 1.632568
vt 0.654053 1.632568
vt 0.654053 1.600586
vt 0.993408 1.238281
vt 0.976074 1.360107
vt 0.975098 1.238281
vt 0.962402 1.333496
vt 0.956543 1.238281
vt 0.946289 1.314697
vt 0.937500 1.238281
vt 0.929443 1.296631
vt 0.918213 1.238281
vt 0.913086 1.276611
vt 0.899170 1.238281
vt 0.896484 1.257324
vt 0.880615 1.238281
vt 0.889648 1.271240
vt 0.880615 1.276367
vt 0.880615 1.314941
vt 0.870605 1.271729
vt 0.861328 1.305420
vt 0.847168 1.278076
vt 0.830811 1.298096
vt 0.841553 1.238281
vt 0.822266 1.238281
vt 0.830811 1.177490
vt 0.814453 1.157715
vt 0.852783 1.136475
vt 0.845215 1.101318
vt 0.880615 1.084473
vt 0.880615 1.046875
vt 0.993652 1.238281
vt 0.975342 1.238281
vt 0.979004 1.126953
vt 0.963135 1.144775
vt 0.947510 1.165771
vt 0.930176 1.181641
vt 0.913330 1.200439
vt 0.896729 1.219238
vt 0.889893 1.205078
vt 0.880615 1.199707
vt 0.880615 1.161133
vt 0.870850 1.204102
vt 0.861816 1.170166
vt 0.847168 1.197510
vt 0.880615 1.009766
vt 0.834961 1.069824
vt 0.798584 1.138428
vt 0.803467 1.238281
vt 0.814453 1.318115
vt 0.851563 1.338135
vt 0.880615 1.353271
vt 0.937256 1.434326
vt 0.927979 1.402588
vt 0.918701 1.370117
vt 0.908447 1.338135
vt 0.899170 1.304199
vt 0.938721 1.043213
vt 0.931641 1.077881
vt 0.919434 1.106934
vt 0.909668 1.139404
vt 0.899658 1.172119
vt 0.880615 1.465088
vt 0.880615 1.428467
vt 0.880615 1.391113
vt 0.880615 1.353027
vt 0.880615 1.011475
vt 0.880615 1.047852
vt 0.880615 1.084961
vt 0.880615 1.123047
vt 0.766602 1.238281
vt 0.784912 1.238281
vt 0.782959 1.356934
vt 0.798584 1.337646
vt 0.833740 1.405029
vt 0.842773 1.372314
vt 0.880615 1.428955
vt 0.880615 1.391357
vt 0.860596 1.238281
vt 0.863525 1.258057
vt 0.826172 1.037354
vt 0.782959 1.119385
vt 0.784668 1.238281
vt 0.863525 1.217285
vt 0.824951 1.437256
vt 0.880615 1.465820
vt 0.880615 1.122803
vt 0.766357 1.238281
vt 0.617432 1.994141
vt 0.745605 1.994141
vt 0.676758 1.944336
vt 0.759766 1.944336
vt 0.689941 1.794678
vt 0.849121 1.791992
vt 0.686279 1.767090
vt 0.848633 1.757080
vt 0.686768 1.726318
vt 0.854004 1.726318
vt 0.691650 1.707031
vt 0.856201 1.707031
vt 0.696777 1.679688
vt 0.858643 1.679688
vt 0.701904 1.649170
vt 0.862305 1.649170
vt 0.711914 1.615479
vt 0.864990 1.615479
vt 0.718506 1.584229
vt 0.866943 1.584229
vt 0.723633 1.563232
vt 0.869873 1.563232
vt 0.727051 1.537842
vt 0.874512 1.537842
vt 0.733398 1.509521
vt 0.877930 1.509521
vt 0.751709 1.469238
vt 0.883545 1.469238
vt 0.773926 1.423828
vt 0.887939 1.423828
vt 0.867432 1.994141
vt 0.991699 1.994141
vt 0.850830 1.944336
vt 0.991699 1.944336
vt 0.991699 1.791992
vt 0.991699 1.757080
vt 0.991699 1.726318
vt 0.991699 1.707031
vt 0.991699 1.679688
vt 0.991699 1.649170
vt 0.991699 1.615479
vt 0.991699 1.584229
vt 0.991699 1.563232
vt 0.991699 1.537842
vt 0.991699 1.509521
vt 0.991699 1.469238
vt 0.991699 1.423828
vt 0.807617 1.368408
vt 0.867676 1.368408
vt 0.870361 1.284180
vt 0.936035 1.294922
vt 0.936035 1.194824
vt 0.997803 1.194824
vt 0.997803 1.002686
vt 0.936035 1.002686
vt 0.875732 1.194824
vt 0.882080 1.002686
vt 0.816650 1.194824
vt 0.819336 1.002686
vt 0.744629 1.194824
vt 0.746826 1.002686
vt 0.676514 1.194824
vt 0.679932 1.002686
vt 0.610107 1.194824
vt 0.615723 1.002686
vt 0.518799 1.194824
vt 0.523682 1.002686
vt 0.450439 1.194824
vt 0.449707 1.002686
vt 0.374512 1.194824
vt 0.374268 1.002686
vt 0.278564 1.194824
vt 0.279297 1.002686
vt 0.201172 1.194824
vt 0.201172 1.002686
vt 0.936035 1.368408
vt 0.997803 1.368408
vt 0.997803 1.297607
vt 0.814209 1.268799
vt 0.733154 1.368408
vt 0.739014 1.252930
vt 0.662354 1.368408
vt 0.670898 1.226563
vt 0.601807 1.368408
vt 0.520020 1.368408
vt 0.443359 1.368408
vt 0.367920 1.368408
vt 0.276611 1.368408
vt 0.201172 1.368408
vt 0.190430 1.441162
vt 0.338379 1.417969
vt 0.190430 1.417969
vt 0.338379 1.441650
vt 0.190430 1.496826
vt 0.338379 1.501221
vt 0.190430 1.553711
vt 0.338379 1.557617
vt 0.190430 1.602783
vt 0.338379 1.601563
vt 0.190430 1.664551
vt 0.338379 1.664307
vt 0.190430 1.728271
vt 0.338379 1.726563
vt 0.190430 1.769287
vt 0.338379 1.766113
vt 0.190430 1.821045
vt 0.338379 1.822998
vt 0.190430 1.881836
vt 0.338379 1.881104
vt 0.190430 1.930908
vt 0.338379 1.925781
vt 0.190430 1.997314
vt 0.338379 1.997314
vt 0.006348 1.285889
vt 0.072266 1.170898
vt 0.006348 1.170898
vt 0.072266 1.285889
vt 0.006348 1.397705
vt 0.072266 1.397705
vt 0.006348 1.502197
vt 0.072266 1.502197
vt 0.006348 1.600830
vt 0.072266 1.600830
vt 0.006348 1.707764
vt 0.072266 1.707764
vt 0.006348 1.757080
vt 0.072266 1.808105
vt 0.006348 1.808105
vt 0.006348 1.874756
vt 0.508545 1.880127
vt 0.484863 1.865967
vt 0.541748 1.926514
vt 0.521240 1.944336
vt 0.560303 1.944336
vt 0.530518 1.994141
vt 0.605713 1.944336
vt 0.660400 1.706787
vt 0.635254 1.623047
vt 0.539551 1.689209
vt 0.498779 1.588623
vt 0.396729 1.638428
vt 0.447021 1.734863
vt 0.523193 1.817139
vt 0.502197 1.824707
vt 0.072266 1.874756
vt 0.006348 1.936768
vt 0.072266 1.936768
vt 0.006348 1.995605
vt 0.072266 1.995605
vt 0.357422 1.849365
vt 0.416504 1.840088
vt 0.543457 1.802246
vt 0.597168 1.548584
vt 0.637939 1.734863
vt 0.462891 1.916016
vt 0.446045 1.944336
vt 0.445313 1.994141
vt 0.405029 1.994141
vt 0.638428 1.907227
vt 0.583984 1.807861
vt 0.615723 1.790039
vt 0.482178 1.827881
vt 0.464600 1.834229
vt 0.578613 1.774902
vt 0.597412 1.770752
vt 0.615479 1.759033
vt 0.565186 1.782471
vt 0.638184 1.907227
vt 0.286377 1.179443
vt 0.335205 1.067871
vt 0.450439 1.179443
vt 0.450439 1.026611
vt 0.565430 1.067627
vt 0.336426 1.287109
vt 0.450439 1.333984
vt 0.564209 1.287598
vt 0.614746 1.179443
vt 0.675781 1.188232
vt 0.597412 1.202393
vt 0.597412 1.148682
vt 0.542969 1.190918
vt 0.542945 1.281187
vt 0.488151 1.143243
vt 0.431453 1.053514
vt 0.313721 1.069092
vt 0.313721 1.003662
vt 0.204221 1.032042
vt 0.142681 1.137491
vt 0.073506 1.279987
vt 0.066895 1.195068
vt 0.007568 1.334229
vt 0.163818 1.276367
vt 0.223145 1.160645
vt 0.231201 1.285889
vt 0.461182 1.260254
vt 0.397461 1.285889
vt 0.313721 1.160645
vt 0.313721 1.297119
vt 0.062744 1.141846
vt 0.007568 1.163330
vt 0.007568 1.218262
vt 0.597412 1.323486
vt 0.543701 1.142090
vt 0.313721 1.002651
vt 0.204102 1.031738
vt 0.223578 1.133168
vt 0.431453 1.053514
s 1
usemtl chest_plate
f 3/1/1 1/2/2 2/3/3
f 2/3/3 1/2/2 4/4/4
f 1/2/2 5/5/5 4/4/4
f 4/4/4 5/5/5 6/2/6
f 5/5/5 7/6/7 6/2/6
f 6/2/6 7/6/7 8/7/8
f 7/6/7 9/8/9 8/7/8
f 8/7/8 9/8/9 10/9/10
f 9/8/9 11/10/11 10/9/10
f 10/9/10 11/10/11 12/11/12
f 11/10/11 13/12/13 12/11/12
f 12/11/12 13/12/13 14/13/14
f 13/12/13 15/14/15 14/13/14
f 14/13/14 15/14/15 16/15/16
f 15/14/15 17/16/17 16/15/16
f 16/15/16 17/16/17 18/17/18
f 17/16/17 19/18/19 18/17/18
f 18/17/18 19/18/19 20/19/20
f 19/18/19 21/20/21 20/19/20
f 20/19/20 21/20/21 22/21/22
f 21/20/21 23/22/23 22/21/22
f 22/21/22 23/22/23 24/23/24
f 23/22/23 25/21/25 24/23/24
f 24/23/24 25/21/25 26/24/26
f 25/21/25 27/25/27 26/24/26
f 26/24/26 27/25/27 28/26/28
f 27/25/27 29/15/29 28/26/28
f 28/26/28 29/15/29 30/27/30
f 29/15/29 31/11/31 30/27/30
f 30/27/30 31/11/31 32/28/32
f 31/11/31 33/9/33 32/28/32
f 32/28/32 33/9/33 34/29/34
f 33/9/33 35/30/35 34/29/34
f 38/31/36 36/32/37 37/33/38
f 37/33/38 36/32/37 39/34/39
f 36/32/37 40/35/40 39/34/39
f 39/34/39 40/35/40 41/36/41
f 40/35/40 42/14/42 41/36/41
f 41/36/41 42/14/42 43/16/43
f 42/14/42 29/15/29 43/16/43
f 43/16/43 29/15/29 44/17/44
f 29/15/29 27/25/27 44/17/44
f 44/17/44 27/25/27 45/19/45
f 27/25/27 25/21/25 45/19/45
f 45/19/45 25/21/25 46/20/46
f 25/21/25 23/22/23 46/20/46
f 46/20/46 23/22/23 47/37/47
f 23/22/23 21/20/21 47/37/47
f 47/37/47 21/20/21 48/38/48
f 21/20/21 19/18/19 48/38/48
f 48/38/48 19/18/19 49/36/49
f 19/18/19 17/16/17 49/36/49
f 49/36/49 17/16/17 15/14/15
f 52/39/50 50/40/51 51/41/52
f 51/41/52 50/40/51 53/42/53
f 50/40/51 54/43/54 53/42/53
f 53/42/53 54/43/54 55/44/55
f 54/43/54 56/45/56 55/44/55
f 55/44/55 56/45/56 57/43/57
f 56/45/56 58/46/58 57/43/57
f 57/43/57 58/46/58 59/47/59
f 58/46/58 60/48/60 59/47/59
f 59/47/59 60/48/60 61/49/61
f 60/48/60 62/50/62 61/49/61
f 61/49/61 62/50/62 63/51/63
f 62/50/62 64/52/64 63/51/63
f 63/51/63 64/52/64 65/50/65
f 64/52/64 66/53/66 65/50/65
f 65/50/65 66/53/66 67/54/67
f 2/3/3 4/4/4 68/55/68
f 68/55/68 4/4/4 69/3/69
f 4/4/4 6/2/6 69/3/69
f 69/3/69 6/2/6 70/1/70
f 6/2/6 8/7/8 70/1/70
f 70/1/70 8/7/8 71/30/71
f 8/7/8 10/9/10 71/30/71
f 71/30/71 10/9/10 72/29/72
f 10/9/10 73/28/73 72/29/72
f 72/29/72 73/28/73 74/56/74
f 73/28/73 75/57/75 74/56/74
f 74/56/74 75/57/75 76/58/76
f 75/57/75 77/59/77 76/58/76
f 76/58/76 77/59/77 78/60/78
f 77/59/77 79/61/79 78/60/78
f 47/37/47 48/38/48 80/62/80
f 80/62/80 48/38/48 81/34/81
f 48/38/48 49/36/49 81/34/81
f 81/34/81 49/36/49 82/35/82
f 49/36/49 15/14/15 82/35/82
f 82/35/82 15/14/15 83/63/83
f 15/14/15 84/64/84 83/63/83
f 83/63/83 84/64/84 85/65/85
f 84/64/84 13/12/13 85/65/85
f 85/65/85 13/12/13 86/66/86
f 13/12/13 11/10/11 86/66/86
f 86/66/86 11/10/11 87/67/87
f 11/10/11 9/8/9 87/67/87
f 87/67/87 9/8/9 7/6/7
f 35/30/35 33/9/33 88/7/88
f 33/9/33 89/8/89 88/7/88
f 88/7/88 89/8/89 90/6/90
f 89/8/89 91/67/91 90/6/90
f 90/6/90 91/67/91 92/68/92
f 91/67/91 93/69/93 92/68/92
f 92/68/92 93/69/93 94/70/94
f 93/69/93 95/71/95 94/70/94
f 94/70/94 95/71/95 96/72/96
f 95/71/95 97/73/97 96/72/96
f 96/72/96 97/73/97 98/74/98
f 97/73/97 99/75/99 98/74/98
f 98/74/98 99/75/99 100/73/100
f 103/76/101 101/77/102 102/78/103
f 102/78/103 101/77/102 104/79/104
f 101/77/102 105/47/105 104/79/104
f 104/79/104 105/47/105 54/43/54
f 105/47/105 106/46/106 54/43/54
f 54/43/54 106/46/106 56/45/56
f 106/46/106 107/80/107 56/45/56
f 56/45/56 107/80/107 58/46/58
f 107/80/107 108/81/108 58/46/58
f 58/46/58 108/81/108 109/82/109
f 108/81/108 110/83/110 109/82/109
f 113/84/111 111/77/112 112/85/113
f 111/77/112 114/86/114 112/85/113
f 112/85/113 114/86/114 115/87/115
f 114/86/114 61/49/61 115/87/115
f 115/87/115 61/49/61 116/88/116
f 61/49/61 63/51/63 116/88/116
f 116/88/116 63/51/63 117/49/117
f 63/51/63 65/50/65 117/49/117
f 117/49/117 65/50/65 118/48/118
f 65/50/65 67/54/67 118/48/118
f 118/48/118 67/54/67 119/82/119
f 122/89/120 120/87/121 121/85/122
f 121/85/122 120/87/121 123/86/123
f 120/87/121 117/49/117 123/86/123
f 123/86/123 117/49/117 105/47/105
f 117/49/117 118/48/118 105/47/105
f 105/47/105 118/48/118 106/46/106
f 118/48/118 119/82/119 106/46/106
f 106/46/106 119/82/119 124/81/124
f 119/82/119 125/83/125 124/81/124
f 124/81/124 125/83/125 126/90/126
f 35/30/35 88/7/88 3/1/1
f 3/1/1 88/7/88 1/2/2
f 88/7/88 90/6/90 1/2/2
f 1/2/2 90/6/90 5/5/5
f 90/6/90 127/91/127 5/5/5
f 5/5/5 127/91/127 7/6/7
f 127/91/127 128/68/128 7/6/7
f 7/6/7 128/68/128 87/67/87
f 128/68/128 129/69/129 87/67/87
f 87/67/87 129/69/129 130/92/130
f 51/41/52 53/42/53 131/93/131
f 131/93/131 53/42/53 132/94/132
f 53/42/53 55/44/55 132/94/132
f 132/94/132 55/44/55 133/42/133
f 55/44/55 57/43/57 133/42/133
f 133/42/133 57/43/57 134/40/134
f 57/43/57 135/79/135 134/40/134
f 134/40/134 135/79/135 136/95/136
f 135/79/135 137/96/137 136/95/136
f 140/97/138 138/98/139 139/99/140
f 139/99/140 138/98/139 141/100/141
f 138/98/139 142/101/142 141/100/141
f 141/100/141 142/101/142 143/102/143
f 142/101/142 34/103/34 143/102/143
f 143/102/143 34/103/34 144/104/144
f 34/103/34 35/105/35 144/104/144
f 144/104/144 35/105/35 145/106/145
f 35/105/35 146/107/146 145/106/145
f 149/58/147 147/60/148 148/59/149
f 147/60/148 150/61/150 148/59/149
f 148/59/149 150/61/150 28/26/28
f 150/61/150 151/108/151 28/26/28
f 28/26/28 151/108/151 26/24/26
f 151/108/151 152/26/152 26/24/26
f 26/24/26 152/26/152 153/25/153
f 152/26/152 16/15/16 153/25/153
f 153/25/153 16/15/16 18/17/18
f 38/31/36 154/109/154 36/32/37
f 36/32/37 154/109/154 155/63/155
f 154/109/154 156/65/156 155/63/155
f 155/63/155 156/65/156 157/64/157
f 156/65/156 158/12/158 157/64/157
f 157/64/157 158/12/158 42/14/42
f 158/12/158 159/13/159 42/14/42
f 42/14/42 159/13/159 29/15/29
f 159/13/159 31/11/31 29/15/29
f 162/97/160 160/99/161 161/98/162
f 160/99/161 163/100/163 161/98/162
f 161/98/162 163/100/163 74/101/74
f 163/100/163 164/102/164 74/101/74
f 74/101/74 164/102/164 72/103/72
f 164/102/164 165/104/165 72/103/72
f 72/103/72 165/104/165 71/105/71
f 165/104/165 166/106/166 71/105/71
f 71/105/71 166/106/166 167/107/167
f 142/110/142 168/111/168 149/112/147
f 149/112/147 168/111/168 147/113/148
f 168/111/168 169/114/169 147/113/148
f 147/113/148 169/114/169 150/115/150
f 169/114/169 170/116/170 150/115/150
f 150/115/150 170/116/170 151/117/151
f 170/116/170 79/115/79 151/117/151
f 138/118/139 171/119/171 168/111/168
f 171/119/171 172/120/172 168/111/168
f 168/111/168 172/120/172 173/121/173
f 172/120/172 174/111/174 173/121/173
f 173/121/173 174/111/174 175/114/175
f 174/111/174 78/113/78 175/114/175
f 175/114/175 78/113/78 79/115/79
f 125/122/125 37/33/38 126/62/126
f 37/33/38 39/34/39 126/62/126
f 126/62/126 39/34/39 176/38/176
f 39/34/39 41/36/41 176/38/176
f 176/38/176 41/36/41 177/18/177
f 41/36/41 43/16/43 177/18/177
f 177/18/177 43/16/43 44/17/44
f 66/53/66 64/52/64 178/123/178
f 178/123/178 64/52/64 179/53/179
f 64/52/64 62/50/62 179/53/179
f 179/53/179 62/50/62 180/54/180
f 62/50/62 60/48/60 180/54/180
f 180/54/180 60/48/60 109/82/109
f 60/48/60 58/46/58 109/82/109
f 141/124/141 181/125/181 182/126/182
f 182/126/182 181/125/181 163/124/163
f 181/125/181 183/127/183 163/124/163
f 163/124/163 183/127/183 164/128/164
f 183/127/183 167/129/167 164/128/164
f 164/128/164 167/129/167 165/130/165
f 167/129/167 166/131/166 165/130/165
f 90/6/90 92/68/92 127/91/127
f 92/68/92 184/132/184 127/91/127
f 127/91/127 184/132/184 128/68/128
f 184/132/184 185/70/185 128/68/128
f 128/68/128 185/70/185 129/69/129
f 185/70/185 186/71/186 129/69/129
f 93/69/93 91/67/91 187/92/187
f 187/92/187 91/67/91 188/66/188
f 91/67/91 189/10/189 188/66/188
f 188/66/188 189/10/189 158/12/158
f 189/10/189 31/11/31 158/12/158
f 158/12/158 31/11/31 159/13/159
f 190/133/190 186/71/186 100/73/100
f 186/71/186 191/72/191 100/73/100
f 100/73/100 191/72/191 98/74/98
f 191/72/191 184/132/184 98/74/98
f 98/74/98 184/132/184 96/72/96
f 184/132/184 94/70/94 96/72/96
f 2/134/3 68/135/68 181/136/181
f 68/135/68 192/134/192 181/136/181
f 181/136/181 192/134/192 183/137/183
f 192/134/192 70/138/70 183/137/183
f 183/137/183 70/138/70 167/107/167
f 70/138/70 71/105/71 167/107/167
f 132/94/132 133/42/133 131/93/131
f 131/93/131 133/42/133 193/41/193
f 133/42/133 134/40/134 193/41/193
f 193/41/193 134/40/134 194/39/194
f 134/40/134 136/95/136 194/39/194
f 34/29/34 142/56/142 32/28/32
f 142/56/142 195/57/195 32/28/32
f 32/28/32 195/57/195 30/27/30
f 195/57/195 148/59/149 30/27/30
f 30/27/30 148/59/149 28/26/28
f 44/17/44 45/19/45 177/18/177
f 45/19/45 46/20/46 177/18/177
f 177/18/177 46/20/46 176/38/176
f 46/20/46 47/37/47 176/38/176
f 176/38/176 47/37/47 126/62/126
f 198/139/196 196/31/197 197/109/198
f 197/109/198 196/31/197 199/32/199
f 196/31/197 200/33/200 199/32/199
f 199/32/199 200/33/200 81/34/81
f 200/33/200 80/62/80 81/34/81
f 73/28/73 201/27/201 75/57/75
f 75/57/75 201/27/201 77/59/77
f 201/27/201 152/26/152 77/59/77
f 77/59/77 152/26/152 79/61/79
f 152/26/152 151/108/151 79/61/79
f 145/131/145 146/129/146 144/130/144
f 144/130/144 146/129/146 143/128/143
f 146/129/146 202/127/202 143/128/143
f 143/128/143 202/127/202 141/124/141
f 202/127/202 181/125/181 141/124/141
f 203/76/203 137/78/137 111/77/112
f 137/78/137 135/79/135 111/77/112
f 111/77/112 135/79/135 59/47/59
f 135/79/135 57/43/57 59/47/59
f 139/99/140 141/100/141 204/140/204
f 204/140/204 141/100/141 205/141/205
f 141/100/141 182/142/182 205/141/205
f 205/141/205 182/142/182 163/100/163
f 138/98/139 140/97/138 171/143/171
f 140/97/138 206/144/206 171/143/171
f 171/143/171 206/144/206 172/145/172
f 206/144/206 207/143/207 172/145/172
f 168/111/168 173/121/173 169/114/169
f 169/114/169 173/121/173 170/116/170
f 173/121/173 175/114/175 170/116/170
f 170/116/170 175/114/175 79/115/79
f 110/83/110 108/81/108 80/90/80
f 108/81/108 107/80/107 80/90/80
f 80/90/80 107/80/107 47/146/47
f 107/80/107 126/90/126 47/146/47
f 85/65/85 197/109/198 83/63/83
f 197/109/198 199/32/199 83/63/83
f 83/63/83 199/32/199 82/35/82
f 199/32/199 81/34/81 82/35/82
f 18/17/18 20/19/20 153/25/153
f 20/19/20 22/21/22 153/25/153
f 153/25/153 22/21/22 26/24/26
f 22/21/22 24/23/24 26/24/26
f 10/9/10 12/11/12 73/28/73
f 73/28/73 12/11/12 201/27/201
f 12/11/12 16/15/16 201/27/201
f 201/27/201 16/15/16 152/26/152
f 35/105/35 3/138/1 146/107/146
f 146/107/146 3/138/1 202/137/202
f 3/138/1 2/134/3 202/137/202
f 202/137/202 2/134/3 181/136/181
f 54/43/54 50/40/51 104/79/104
f 104/79/104 50/40/51 208/95/208
f 50/40/51 52/39/50 208/95/208
f 105/47/105 101/77/102 123/86/123
f 123/86/123 101/77/102 121/85/122
f 101/77/102 209/84/209 121/85/122
f 91/67/91 89/8/89 189/10/189
f 89/8/89 33/9/33 189/10/189
f 189/10/189 33/9/33 31/11/31
f 157/64/157 42/14/42 155/63/155
f 42/14/42 40/35/40 155/63/155
f 155/63/155 40/35/40 36/32/37
f 78/113/78 174/111/174 76/112/76
f 76/112/76 174/111/174 74/110/74
f 174/111/174 161/118/162 74/110/74
f 117/49/117 120/87/121 116/88/116
f 116/88/116 120/87/121 122/89/120
f 112/85/113 115/87/115 210/89/210
f 210/89/210 115/87/115 116/88/116
f 111/77/112 59/47/59 114/86/114
f 114/86/114 59/47/59 61/49/61
f 106/46/106 124/81/124 107/80/107
f 107/80/107 124/81/124 126/90/126
f 142/56/142 149/58/147 195/57/195
f 195/57/195 149/58/147 148/59/149
f 186/71/186 185/70/185 191/72/191
f 185/70/185 184/132/184 191/72/191
f 161/98/162 207/143/207 162/97/160
f 162/97/160 207/143/207 206/144/206
f 161/118/162 174/111/174 207/119/207
f 174/111/174 172/120/172 207/119/207
f 205/141/205 163/100/163 211/140/211
f 211/140/211 163/100/163 160/99/161
f 102/96/103 104/79/104 208/95/208
f 209/147/209 101/77/102 103/76/101
f 113/147/111 203/76/203 111/77/112
f 158/12/158 156/65/156 188/66/188
f 138/118/139 168/111/168 142/110/142
f 212/133/212 97/73/97 95/71/95
f 213/139/213 154/109/154 38/31/36
f 110/122/110 80/62/80 200/33/200
f 84/64/84 15/14/15 13/12/13
f 12/11/12 14/13/14 16/15/16
f 87/67/87 130/92/130 86/66/86
f 92/68/92 94/70/94 184/132/184
usemtl capes
f 215/148/214 217/149/215 214/150/216
f 214/150/217 218/151/218 217/149/215
f 217/149/215 218/151/218 219/152/219
f 218/151/218 220/153/220 219/152/219
f 219/152/219 220/153/220 221/154/221
f 220/153/220 221/154/221 222/155/222
f 222/155/222 224/156/223 223/157/224
f 223/157/224 224/156/223 225/158/225
f 224/156/223 226/157/226 225/158/225
f 225/158/225 226/157/226 227/159/227
f 226/157/226 227/159/228 228/160/229
f 227/159/228 229/161/230 228/160/229
f 228/160/231 230/162/232 229/161/230
f 229/161/230 230/162/232 231/163/233
f 230/162/232 232/164/234 231/163/233
f 231/163/235 233/165/236 232/164/237
f 216/166/238 215/167/214 214/168/216
f 214/168/217 217/169/215 235/170/239
f 217/169/215 236/171/240 235/170/239
f 235/170/239 236/171/240 220/172/220
f 236/171/240 221/173/241 220/172/220
f 221/173/221 223/174/224 222/175/222
f 222/175/242 223/174/224 237/176/243
f 223/174/224 238/177/244 237/176/243
f 237/176/243 238/177/244 226/174/226
f 238/177/244 227/178/245 226/174/226
f 228/179/229 229/180/246 239/181/247
f 229/180/246 231/182/233 239/181/247
f 239/181/247 231/182/233 232/183/237
f 232/183/237 233/184/236 234/185/248
f 215/148/214 240/186/249 217/149/215
f 217/149/215 219/152/219 241/164/250
f 241/164/250 219/152/219 242/162/251
f 219/152/219 221/154/221 242/162/251
f 243/160/252 244/159/253 223/157/224
f 223/157/224 225/158/225 244/159/254
f 244/159/254 225/158/225 245/187/255
f 225/158/225 227/159/227 245/187/255
f 245/187/255 227/159/227 246/188/256
f 227/159/227 229/161/230 246/188/256
f 246/188/256 229/161/230 247/189/257
f 229/161/230 248/190/258 247/189/257
f 247/189/257 248/190/258 249/191/259
f 240/185/249 241/183/260 217/169/215
f 217/169/215 241/183/261 236/171/240
f 241/183/261 242/181/262 236/171/240
f 236/171/240 242/181/262 221/173/241
f 242/181/251 243/179/252 221/173/221
f 221/173/221 243/179/252 223/174/224
f 223/174/224 244/178/263 238/177/244
f 244/178/263 250/192/264 238/177/244
f 238/177/244 250/192/264 227/178/245
f 250/192/264 251/193/265 227/178/245
f 227/178/245 251/193/265 229/180/230
f 251/193/265 248/194/258 229/180/230
f 214/150/217 253/195/266 218/151/218
f 253/195/266 254/196/267 218/151/218
f 218/151/218 254/196/267 220/153/220
f 254/196/220 220/153/220 255/197/268
f 255/197/268 256/198/269 222/155/222
f 222/155/222 256/198/269 224/156/223
f 256/198/269 257/155/270 224/156/223
f 224/156/223 257/155/270 226/157/226
f 226/157/226 228/160/229 258/154/271
f 258/154/271 230/162/232 228/160/231
f 214/168/217 235/170/239 253/199/266
f 253/199/266 235/170/239 254/200/267
f 235/170/239 220/172/220 254/200/267
f 220/172/220 222/175/222 255/201/268
f 255/201/272 222/175/242 259/202/243
f 222/175/242 237/176/243 259/202/243
f 259/202/243 237/176/243 257/175/273
f 237/176/243 226/174/226 257/175/273
f 257/175/270 226/174/226 258/173/271
f 258/173/274 228/179/229 239/181/247
f 254/200/220 255/201/268 260/203/275
f 260/203/276 255/201/272 261/204/277
f 255/201/272 259/202/243 261/204/277
f 261/204/277 259/202/243 262/201/278
f 259/202/243 257/175/273 262/201/278
f 262/201/279 257/175/270 263/172/280
f 257/175/270 258/173/271 263/172/280
f 258/173/274 239/181/247 264/171/281
f 264/171/281 239/181/247 232/183/237
f 260/205/276 265/206/282 255/197/268
f 255/197/268 265/206/282 256/198/269
f 265/206/282 262/197/279 256/198/269
f 256/198/269 262/197/279 257/155/270
f 263/153/280 258/154/271 264/152/283
f 258/154/284 230/162/232 264/152/285
f 264/152/281 232/164/234 230/162/232
f 234/185/248 266/169/286 232/183/237
f 232/183/237 266/169/286 264/171/285
f 266/169/287 267/170/288 264/171/281
f 264/171/281 267/170/288 263/172/289
f 267/170/288 268/200/290 263/172/289
f 262/201/278 269/203/291 261/204/277
f 269/203/291 270/207/292 261/204/277
f 261/204/277 270/207/292 271/208/293
f 266/149/287 264/152/281 272/151/294
f 264/152/283 272/151/295 263/153/289
f 272/151/295 268/196/290 263/153/289
f 263/153/280 268/196/296 262/197/279
f 268/196/296 269/205/297 262/197/279
f 262/197/279 265/206/282 269/205/291
f 269/205/291 265/206/282 270/209/292
f 265/206/282 271/210/298 270/209/292
f 273/165/299 275/211/300 274/163/301
f 274/163/301 275/211/300 276/161/302
f 275/211/303 276/161/304 277/190/305
f 276/161/304 278/189/306 277/190/305
f 277/190/305 278/189/306 279/191/307
f 278/189/306 280/212/308 279/191/307
f 279/191/307 280/212/308 281/213/309
f 240/185/249 273/184/299 241/183/260
f 241/183/260 273/184/299 274/182/301
f 275/214/303 282/194/310 276/180/311
f 276/180/311 282/194/310 283/193/312
f 282/194/310 284/215/313 283/193/312
f 283/193/312 284/215/313 285/216/314
f 242/181/251 276/180/302 243/179/252
f 243/179/252 276/180/302 244/178/253
f 276/180/311 283/193/312 244/178/263
f 244/178/263 283/193/312 250/192/264
f 283/193/312 286/217/315 250/192/264
f 250/192/264 286/217/315 251/193/265
f 286/217/315 285/216/314 251/193/265
f 251/193/265 285/216/314 287/215/316
f 276/161/304 244/159/254 288/188/317
f 244/159/254 245/187/255 288/188/317
f 288/188/317 245/187/255 289/218/318
f 245/187/255 246/188/256 289/218/318
f 284/215/313 279/219/307 290/220/319
f 290/220/319 279/219/307 291/221/320
f 279/219/307 281/222/309 291/221/320
f 291/221/320 281/222/309 292/223/321
f 281/222/309 293/224/322 292/223/321
f 292/223/321 293/224/322 294/225/323
f 287/215/316 295/220/324 249/219/259
f 295/220/324 296/221/325 249/219/259
f 249/219/259 296/221/325 297/222/326
f 296/221/325 298/223/327 297/222/326
f 297/222/326 298/223/327 299/224/328
f 298/223/327 300/225/329 299/224/328
f 268/196/290 301/195/330 272/151/294
f 301/195/330 302/150/331 272/151/294
f 272/151/294 302/150/331 266/149/287
f 266/149/286 234/186/248 303/148/332
f 268/200/290 267/170/288 301/199/330
f 301/199/330 302/168/331 267/170/333
f 267/170/288 266/169/287 302/168/334
f 302/168/334 266/169/286 303/167/332
f 248/190/335 252/211/336 229/161/230
f 229/161/230 252/211/336 231/163/235
f 252/211/336 233/165/236 231/163/235
f 260/203/276 261/204/277 304/207/337
f 261/204/277 271/208/338 304/207/337
f 260/205/276 304/209/337 265/206/282
f 304/209/337 271/210/339 265/206/282
f 274/163/301 276/161/302 242/162/251
f 241/183/260 274/182/301 242/181/251
f 297/213/326 305/212/340 249/191/259
f 249/191/259 305/212/340 247/189/257
f 251/193/265 287/215/316 248/194/258
f 248/194/258 287/215/316 249/219/259
f 283/193/312 285/216/314 286/217/315
f 288/188/317 278/189/306 276/161/304
f 279/219/307 284/215/313 282/194/310
f 306/166/341 302/168/334 303/167/332
f 308/226/342 307/227/343 310/228/344
f 307/227/345 310/228/344 311/229/239
f 310/228/344 312/230/240 311/229/239
f 311/229/239 312/230/240 313/231/346
f 312/230/240 314/232/347 313/231/346
f 313/231/346 315/233/348 314/232/347
f 315/233/348 316/234/349 317/235/350
f 316/234/349 318/236/351 317/235/350
f 317/235/350 318/236/351 319/234/352
f 318/236/351 320/237/353 319/234/352
f 319/234/352 321/238/354 320/237/355
f 320/237/355 321/238/354 322/239/356
f 321/238/357 322/239/356 323/240/358
f 322/239/356 324/241/359 323/240/358
f 323/240/358 324/241/359 325/242/360
f 324/241/361 325/242/360 326/243/362
f 309/244/363 307/245/343 308/246/342
f 307/245/345 328/247/218 310/248/344
f 310/248/344 328/247/218 329/249/219
f 328/247/218 313/250/346 329/249/219
f 329/249/219 313/250/346 314/251/364
f 314/251/347 315/252/348 316/253/349
f 315/252/365 330/254/366 316/253/367
f 316/253/367 330/254/366 331/255/368
f 330/254/366 319/253/369 331/255/368
f 331/255/368 319/253/369 320/256/370
f 321/257/371 332/258/372 322/259/373
f 322/259/373 332/258/372 324/260/359
f 332/258/372 325/261/374 324/260/359
f 325/261/360 327/262/375 326/263/362
f 308/226/342 310/228/344 333/264/376
f 310/228/344 334/242/377 312/230/240
f 334/242/377 335/240/378 312/230/240
f 312/230/240 335/240/378 314/232/347
f 336/238/379 316/234/349 337/237/380
f 316/234/349 337/237/381 318/236/351
f 337/237/381 338/265/382 318/236/351
f 318/236/351 338/265/382 320/237/353
f 338/265/382 339/266/383 320/237/353
f 320/237/353 339/266/383 322/239/356
f 339/266/383 340/267/384 322/239/356
f 322/239/356 340/267/384 341/268/385
f 340/267/384 342/269/386 341/268/385
f 333/262/376 310/248/344 334/261/387
f 310/248/344 329/249/219 334/261/388
f 334/261/388 329/249/219 335/258/389
f 329/249/219 314/251/364 335/258/389
f 335/258/378 314/251/347 336/257/379
f 314/251/347 316/253/349 336/257/379
f 316/253/367 331/255/368 337/256/390
f 337/256/390 331/255/368 343/270/391
f 331/255/368 320/256/370 343/270/391
f 343/270/391 320/256/370 344/271/392
f 320/256/370 322/259/393 344/271/392
f 344/271/392 322/259/393 341/272/385
f 307/227/345 311/229/239 346/273/394
f 346/273/394 311/229/239 347/274/395
f 311/229/239 313/231/346 347/274/395
f 347/274/346 348/275/396 313/231/346
f 348/275/396 315/233/348 349/276/397
f 315/233/348 317/235/350 349/276/397
f 349/276/397 317/235/350 350/233/398
f 317/235/350 319/234/352 350/233/398
f 319/234/352 351/232/399 321/238/354
f 351/232/400 321/238/357 323/240/358
f 307/245/345 346/277/394 328/247/218
f 346/277/394 347/278/395 328/247/218
f 328/247/218 347/278/395 313/250/346
f 313/250/346 348/279/396 315/252/348
f 348/279/401 352/280/366 315/252/365
f 315/252/365 352/280/366 330/254/366
f 352/280/366 350/252/398 330/254/366
f 330/254/366 350/252/398 319/253/369
f 350/252/398 351/251/399 319/253/352
f 351/251/400 332/258/372 321/257/371
f 347/278/346 353/281/402 348/279/396
f 353/281/403 354/282/404 348/279/401
f 348/279/401 354/282/404 352/280/366
f 354/282/404 355/279/405 352/280/366
f 352/280/366 355/279/405 350/252/398
f 355/279/406 356/250/407 350/252/398
f 350/252/398 356/250/407 351/251/399
f 351/251/400 357/249/408 332/258/372
f 357/249/408 325/261/374 332/258/372
f 353/283/403 348/275/396 358/284/409
f 348/275/396 349/276/397 358/284/409
f 358/284/409 349/276/397 355/275/406
f 349/276/397 350/233/398 355/275/406
f 356/231/407 357/230/410 351/232/399
f 351/232/411 357/230/410 323/240/412
f 357/230/408 323/240/358 325/242/360
f 327/262/375 325/261/360 359/248/413
f 325/261/360 357/249/414 359/248/413
f 359/248/415 357/249/408 360/247/416
f 357/249/408 356/250/417 360/247/416
f 360/247/416 356/250/417 361/278/418
f 355/279/405 354/282/404 362/281/419
f 362/281/419 354/282/404 363/285/420
f 354/282/404 364/286/421 363/285/420
f 359/228/415 365/229/422 357/230/408
f 357/230/410 356/231/417 365/229/422
f 365/229/422 356/231/417 361/274/423
f 356/231/407 355/275/406 361/274/424
f 361/274/424 355/275/406 362/283/425
f 355/275/406 362/283/419 358/284/409
f 362/283/419 363/287/420 358/284/409
f 358/284/409 363/287/420 364/288/421
f 366/243/426 367/241/427 368/289/428
f 367/241/427 369/239/429 368/289/428
f 368/289/430 370/268/431 369/239/432
f 369/239/432 370/268/431 371/267/433
f 370/268/431 372/269/434 371/267/433
f 371/267/433 372/269/434 373/290/435
f 333/262/376 334/261/387 366/263/426
f 334/261/387 367/260/427 366/263/426
f 368/291/430 369/259/436 374/272/437
f 369/259/436 375/271/438 374/272/437
f 374/272/437 375/271/438 376/292/439
f 375/271/438 377/293/440 376/292/439
f 335/258/378 336/257/379 369/259/429
f 336/257/379 337/256/380 369/259/429
f 369/259/436 337/256/390 375/271/438
f 337/256/390 343/270/391 375/271/438
f 375/271/438 343/270/391 378/294/441
f 343/270/391 344/271/392 378/294/441
f 378/294/441 344/271/392 377/293/440
f 344/271/392 379/292/442 377/293/440
f 369/239/432 380/266/443 337/237/381
f 337/237/381 380/266/443 338/265/382
f 380/266/443 381/295/444 338/265/382
f 338/265/382 381/295/444 339/266/383
f 361/274/418 365/229/422 382/273/445
f 382/273/445 365/229/422 383/227/446
f 365/229/422 359/228/415 383/227/446
f 359/296/413 384/297/447 327/298/375
f 361/278/418 382/277/445 360/247/416
f 382/277/445 360/247/448 383/245/446
f 360/247/416 383/245/449 359/248/415
f 383/245/449 384/246/447 359/248/413
f 341/268/450 322/239/451 345/289/452
f 322/239/451 324/241/361 345/289/452
f 345/289/452 324/241/361 326/243/362
f 353/281/403 385/285/453 354/282/404
f 354/282/404 385/285/453 364/286/421
f 353/283/403 358/284/409 385/287/453
f 385/287/453 358/284/409 364/288/421
f 367/241/427 335/240/378 369/239/429
f 334/261/387 335/258/378 367/260/427
f 342/269/386 340/267/384 386/290/454
f 344/271/392 341/272/385 379/292/442
f 341/272/385 342/299/386 379/292/442
f 375/271/438 378/294/441 377/293/440
f 380/266/443 369/239/432 371/267/433
f 372/299/434 374/272/437 376/292/439
f 387/244/455 384/246/447 383/245/449
usemtl hair.001
f 390/300/456 388/301/457 389/302/458
f 389/302/459 391/301/460 392/303/461
f 388/301/462 393/304/463 392/303/464
f 396/303/465 394/304/466 395/305/467
f 393/304/468 397/306/469 395/305/470
f 395/305/470 397/306/469 398/307/471
f 397/306/469 399/308/472 398/307/471
f 398/307/473 400/308/474 401/309/475
f 399/308/472 402/310/476 401/309/475
f 401/309/475 402/310/476 403/311/477
f 402/310/476 404/312/478 403/311/477
f 403/311/477 404/312/478 405/313/479
f 404/312/478 406/314/480 405/313/479
f 405/313/479 406/314/480 407/315/481
f 406/314/480 408/316/482 407/315/481
f 411/315/483 409/316/483 410/317/484
f 408/316/482 412/318/485 410/317/484
f 410/317/484 412/318/485 413/319/486
f 412/318/485 414/320/487 413/319/486
f 413/319/486 414/320/487 415/321/488
f 414/320/487 416/322/489 415/321/488
f 415/321/488 416/322/489 417/323/490
f 416/322/489 418/324/491 417/323/490
f 417/323/490 418/324/491 419/325/492
f 418/324/491 420/326/493 419/325/492
f 419/325/492 420/326/493 421/327/494
f 420/326/493 422/328/495 421/327/494
f 421/327/494 422/328/495 423/329/496
f 422/328/495 424/330/497 423/329/496
f 423/329/496 424/330/497 425/331/498
f 424/330/497 426/332/499 425/331/498
f 429/331/500 427/332/500 428/333/501
f 426/332/499 430/334/502 428/333/501
f 428/333/501 430/334/502 431/335/503
f 430/334/502 432/336/504 431/335/503
f 431/335/503 432/336/504 433/337/505
f 390/300/456 434/338/506 435/339/507
f 434/338/506 436/340/508 435/339/507
f 435/339/507 436/340/508 437/341/509
f 436/340/508 438/342/510 437/341/509
f 437/341/509 438/342/510 439/343/511
f 438/342/510 440/344/512 439/343/511
f 439/343/511 440/344/512 441/345/513
f 440/344/512 442/346/514 441/345/513
f 441/345/513 442/346/514 443/347/515
f 442/346/514 444/348/516 443/347/515
f 443/347/515 444/348/516 445/349/517
f 444/348/516 446/350/518 445/349/517
f 445/349/517 446/350/518 447/351/519
f 446/350/518 448/352/520 447/351/519
f 447/351/519 448/352/520 449/351/521
f 448/352/520 450/353/522 449/351/521
f 449/351/521 450/353/522 451/354/523
f 450/353/522 446/355/518 451/354/523
f 451/354/523 446/355/518 444/356/516
f 414/320/487 412/318/485 416/322/489
f 412/318/485 452/357/524 416/322/489
f 416/322/489 452/357/524 418/324/491
f 452/357/524 453/358/525 418/324/491
f 418/324/491 453/358/525 420/326/493
f 453/358/525 454/359/526 420/326/493
f 420/326/493 454/359/526 422/328/495
f 454/359/526 455/360/527 422/328/495
f 458/328/528 456/360/528 457/330/528
f 455/360/527 459/361/529 424/330/497
f 424/330/497 459/361/529 426/332/499
f 459/361/529 460/362/530 426/332/499
f 426/332/499 460/362/530 461/334/531
f 460/362/532 432/336/504 430/334/502
f 402/310/476 462/363/533 404/312/478
f 404/312/478 462/363/533 463/364/534
f 462/363/533 464/365/535 463/364/534
f 463/364/534 464/365/535 465/366/536
f 464/365/535 466/367/537 465/366/536
f 465/366/536 466/367/537 467/368/538
f 466/367/537 468/369/539 467/368/538
f 467/368/538 468/369/539 469/370/540
f 468/369/539 470/371/541 469/370/540
f 469/370/540 470/371/541 471/372/542
f 470/371/541 472/373/543 471/372/542
f 471/372/542 472/373/543 389/374/458
f 472/373/543 390/375/456 389/374/458
f 436/376/508 466/367/537 438/377/510
f 438/377/510 466/367/537 473/378/544
f 466/367/537 464/365/535 473/378/544
f 473/378/544 464/365/535 474/379/545
f 464/365/535 439/343/511 474/379/545
f 474/379/545 439/343/511 475/380/546
f 439/343/511 441/345/513 475/380/546
f 475/380/546 441/345/513 476/381/547
f 441/345/513 443/347/515 476/381/547
f 476/381/547 443/347/515 477/382/548
f 443/347/515 445/349/517 477/382/548
f 477/382/548 445/349/517 449/351/521
f 445/349/517 447/351/519 449/351/521
f 480/383/549 478/384/550 479/385/551
f 478/384/550 481/386/552 479/385/551
f 479/385/551 481/386/552 482/387/553
f 481/386/552 483/388/554 482/387/553
f 482/387/553 483/388/554 484/389/555
f 483/388/554 485/390/556 484/389/555
f 484/389/555 485/390/556 486/391/557
f 485/390/556 415/321/488 486/391/557
f 486/391/557 415/321/488 487/392/558
f 415/321/488 417/323/490 487/392/558
f 487/392/558 417/323/490 423/329/496
f 417/323/490 421/327/494 423/329/496
f 469/393/540 488/394/559 489/395/560
f 489/395/560 488/394/559 490/396/561
f 488/394/559 491/397/562 490/396/561
f 490/396/561 491/397/562 492/398/563
f 491/397/562 493/399/564 492/398/563
f 492/398/563 493/399/564 454/359/526
f 493/399/564 494/400/565 454/359/526
f 454/359/526 494/400/565 455/360/527
f 494/400/565 459/361/529 455/360/527
f 497/401/566 495/402/567 496/403/568
f 496/403/568 495/402/567 498/404/569
f 495/402/567 499/405/570 498/404/569
f 498/404/569 499/405/570 500/406/571
f 499/405/570 486/391/557 500/406/571
f 500/406/571 486/391/557 501/407/572
f 486/391/557 487/392/558 501/407/572
f 501/407/572 487/392/558 425/331/498
f 487/392/558 423/329/496 425/331/498
f 478/384/573 398/307/471 502/386/574
f 398/307/473 401/309/475 481/386/552
f 481/386/552 401/309/475 483/388/554
f 401/309/475 403/311/477 483/388/554
f 483/388/554 403/311/477 503/408/575
f 403/311/477 405/313/479 503/408/575
f 503/408/575 405/313/479 410/317/484
f 405/313/479 407/315/481 410/317/484
f 474/379/545 475/380/546 473/378/544
f 473/378/544 475/380/546 504/409/576
f 475/380/546 476/381/547 504/409/576
f 504/409/576 476/381/547 505/410/577
f 476/381/547 477/382/548 505/410/577
f 505/410/577 477/382/548 451/354/523
f 477/382/548 449/351/521 451/354/523
f 489/411/560 506/412/578 507/413/579
f 506/412/578 408/316/482 507/413/579
f 507/413/579 408/316/482 508/414/580
f 408/316/482 406/314/480 508/414/580
f 508/414/580 406/314/480 463/364/534
f 406/314/480 404/312/478 463/364/534
f 402/310/476 399/308/472 462/363/533
f 462/363/533 399/308/472 437/341/509
f 399/308/472 397/306/469 437/341/509
f 437/341/509 397/306/469 435/339/507
f 397/306/469 393/304/468 435/339/507
f 435/339/507 393/304/468 509/301/581
f 438/377/510 473/378/544 440/415/512
f 473/378/544 504/409/576 440/415/512
f 440/415/512 504/409/576 442/416/514
f 504/409/576 505/410/577 442/416/514
f 442/416/514 505/410/577 444/356/516
f 505/410/577 451/354/523 444/356/516
f 459/361/529 494/400/565 510/417/582
f 494/400/565 493/399/564 510/417/582
f 510/417/582 493/399/564 511/418/583
f 493/399/564 491/397/562 511/418/583
f 511/418/583 491/397/562 512/419/584
f 491/397/562 513/420/585 512/419/584
f 496/403/568 498/404/569 433/337/505
f 433/337/505 498/404/569 431/335/503
f 498/404/569 500/421/571 431/335/503
f 431/335/503 500/421/571 428/333/501
f 500/421/571 501/407/572 428/333/501
f 428/333/501 501/407/572 425/331/498
f 497/401/566 514/422/586 495/402/567
f 514/422/586 515/423/587 495/402/567
f 495/402/567 515/423/587 499/405/570
f 515/423/587 516/424/588 499/405/570
f 499/405/570 516/424/588 486/391/557
f 516/424/588 484/389/555 486/391/557
f 489/395/560 490/396/561 506/425/578
f 506/425/578 490/396/561 517/426/589
f 490/396/561 492/398/563 517/426/589
f 517/426/589 492/398/563 453/358/525
f 492/398/563 454/359/526 453/358/525
f 489/411/560 507/413/579 469/370/540
f 469/370/540 507/413/579 467/368/538
f 507/413/579 508/414/580 467/368/538
f 467/368/538 508/414/580 465/366/536
f 508/414/580 463/364/534 465/366/536
f 514/422/586 518/427/590 515/423/587
f 518/427/590 519/428/591 515/423/587
f 515/423/587 519/428/591 516/424/588
f 519/428/591 482/387/553 516/424/588
f 516/424/588 482/387/553 484/389/555
f 389/302/458 396/303/592 520/429/593
f 392/303/461 395/305/470 520/429/594
f 520/429/594 395/305/470 521/430/595
f 395/305/470 398/307/471 521/430/595
f 389/374/458 520/431/593 471/372/542
f 520/431/593 522/432/596 471/372/542
f 471/372/542 522/432/596 469/370/540
f 522/432/596 513/433/585 469/370/540
f 436/376/508 434/434/506 523/435/597
f 434/434/506 390/375/456 523/435/597
f 523/435/597 390/375/456 472/373/543
f 472/373/543 470/371/541 523/435/597
f 470/371/541 468/369/539 523/435/597
f 523/435/597 468/369/539 466/367/537
f 506/425/578 517/426/589 412/318/485
f 412/318/485 517/426/589 452/357/524
f 517/426/589 453/358/525 452/357/524
f 482/387/553 519/428/591 479/385/551
f 479/385/551 519/428/591 480/383/549
f 519/428/591 518/436/590 480/383/549
f 410/317/484 413/319/486 503/408/575
f 503/408/575 413/319/486 485/390/556
f 413/319/486 415/321/488 485/390/556
f 469/393/540 513/420/585 488/394/559
f 513/420/585 491/397/562 488/394/559
f 462/363/533 437/341/509 464/365/535
f 437/341/509 439/343/511 464/365/535
f 390/300/456 435/339/507 388/301/457
f 466/367/537 436/376/508 523/435/597
f 506/412/578 412/318/485 408/316/482
f 485/390/556 483/388/554 503/408/575
f 419/325/492 421/327/494 417/323/490
f 448/352/520 446/355/518 450/353/522
usemtl face
f 526/437/598 524/438/599 525/439/600
f 524/438/599 527/440/601 525/439/600
f 525/439/600 527/440/601 528/441/602
f 527/440/601 529/442/603 528/441/602
f 528/441/602 529/442/603 530/440/604
f 529/442/603 531/443/605 530/440/604
f 530/440/604 531/443/605 532/438/606
f 531/443/605 533/444/607 532/438/606
f 532/438/606 533/444/607 534/445/608
f 533/444/607 535/446/609 534/445/608
f 534/445/608 535/446/609 536/447/610
f 535/446/609 537/448/611 536/447/610
f 536/447/610 537/448/611 538/449/612
f 537/448/611 539/450/613 538/449/612
f 538/449/612 539/450/613 540/451/614
f 539/450/613 541/452/615 540/451/614
f 540/451/614 541/452/615 542/453/616
f 541/452/615 543/454/617 542/453/616
f 542/453/616 543/454/617 544/455/618
f 543/454/617 545/456/619 544/455/618
f 544/455/618 545/456/619 546/457/620
f 545/456/619 547/458/621 546/457/620
f 546/457/620 547/458/621 548/459/622
f 547/458/621 549/460/623 548/459/622
f 548/459/622 549/460/623 550/461/624
f 553/460/625 551/462/626 552/461/625
f 550/461/624 551/462/627 554/463/628
f 551/462/627 555/464/629 554/463/628
f 554/463/628 555/464/629 556/465/630
f 555/464/629 557/466/631 556/465/630
f 556/465/630 557/466/631 558/467/632
f 557/466/631 559/465/633 558/467/632
f 558/467/632 559/465/633 560/468/634
f 559/465/633 561/463/635 560/468/634
f 560/468/634 561/463/635 562/469/636
f 561/463/635 563/461/637 562/469/636
f 562/469/636 563/461/637 564/470/638
f 563/461/637 565/459/639 564/470/638
f 564/470/638 565/459/639 566/471/640
f 565/459/639 567/457/641 566/471/640
f 566/471/640 567/457/641 568/472/642
f 567/457/641 569/473/643 568/472/642
f 568/472/642 569/473/643 570/474/644
f 569/473/643 571/475/645 570/474/644
f 570/474/644 571/475/645 572/476/646
f 571/475/645 573/477/647 572/476/646
f 572/476/646 573/477/647 574/478/648
f 573/477/647 575/479/649 574/478/648
f 574/478/648 575/479/649 576/480/650
f 575/479/649 577/481/651 576/480/650
f 576/480/650 577/481/651 578/482/652
f 577/481/651 579/483/653 578/482/652
f 578/482/652 579/483/653 580/484/654
f 579/483/653 581/485/655 580/484/654
f 580/484/654 581/485/655 582/486/656
f 581/485/655 583/487/657 582/486/656
f 582/486/656 583/487/657 584/488/658
f 583/487/657 585/489/659 584/488/658
f 584/488/658 585/489/659 586/490/660
f 585/489/659 587/491/661 586/490/660
f 586/490/660 587/491/661 588/492/662
f 587/491/661 589/493/663 588/492/662
f 588/492/662 589/493/663 590/494/664
f 589/493/663 591/495/665 590/494/664
f 590/494/664 591/495/665 592/496/666
f 591/495/665 593/497/667 592/496/666
f 592/496/666 593/497/667 594/498/668
f 593/497/667 595/499/669 594/498/668
f 594/498/668 595/499/669 526/437/598
f 595/499/669 596/500/670 526/437/598
f 526/437/598 596/500/670 524/438/599
f 596/500/670 597/501/671 524/438/599
f 524/438/599 597/501/671 598/445/672
f 597/501/671 599/502/673 598/445/672
f 598/445/672 599/502/673 600/503/674
f 599/502/673 601/504/675 600/503/674
f 600/503/674 601/504/675 602/505/676
f 601/504/675 603/506/677 602/505/676
f 602/505/676 603/506/677 604/507/678
f 603/506/677 605/508/679 604/507/678
f 604/507/678 605/508/679 606/509/680
f 609/509/681 607/508/682 608/507/683
f 607/508/682 610/506/684 608/507/683
f 608/507/683 610/506/684 611/505/685
f 610/506/684 612/504/686 611/505/685
f 611/505/685 612/504/686 613/503/687
f 612/504/686 614/502/688 613/503/687
f 613/503/687 614/502/688 534/445/608
f 614/502/688 615/501/689 534/445/608
f 534/445/608 615/501/689 532/438/606
f 615/501/689 616/500/690 532/438/606
f 532/438/606 616/500/690 617/437/691
f 616/500/690 618/499/692 617/437/691
f 617/437/691 618/499/692 619/498/693
f 618/499/692 620/497/694 619/498/693
f 619/498/693 620/497/694 621/496/695
f 620/497/694 622/495/696 621/496/695
f 621/496/695 622/495/696 623/494/697
f 622/495/696 624/493/698 623/494/697
f 623/494/697 624/493/698 625/492/699
f 624/493/698 626/491/700 625/492/699
f 625/492/699 626/491/700 627/490/701
f 626/491/700 628/489/702 627/490/701
f 627/490/701 628/489/702 629/488/703
f 628/489/702 630/487/704 629/488/703
f 629/488/703 630/487/704 631/486/705
f 630/487/704 632/485/706 631/486/705
f 631/486/705 632/485/706 633/484/707
f 632/485/706 634/483/708 633/484/707
f 633/484/707 634/483/708 635/482/709
f 634/483/708 636/481/710 635/482/709
f 635/482/709 636/481/710 637/480/711
f 636/481/710 638/479/712 637/480/711
f 637/480/711 638/479/712 639/478/713
f 638/479/712 640/477/714 639/478/713
f 639/478/713 640/477/714 641/476/715
f 640/477/714 642/475/716 641/476/715
f 641/476/715 642/475/716 643/474/717
f 642/475/716 644/473/718 643/474/717
f 643/474/717 644/473/718 645/472/719
f 644/473/718 546/457/620 645/472/719
f 645/472/719 546/457/620 646/471/720
f 546/457/620 548/459/622 646/471/720
f 646/471/720 548/459/622 647/470/721
f 548/459/622 550/461/624 647/470/721
f 647/470/721 550/461/624 648/469/722
f 550/461/624 554/463/628 648/469/722
f 648/469/722 554/463/628 649/468/723
f 554/463/628 556/465/630 649/468/723
f 649/468/723 556/465/630 558/467/632
f 573/477/647 571/475/645 650/510/724
f 571/475/645 651/511/725 650/510/724
f 650/510/724 651/511/725 652/512/726
f 651/511/725 653/453/727 652/512/726
f 652/512/726 653/453/727 654/451/728
f 653/453/727 655/452/729 654/451/728
f 654/451/728 655/452/729 656/450/730
f 655/452/729 657/513/731 656/450/730
f 656/450/730 657/513/731 658/514/732
f 657/513/731 659/515/733 658/514/732
f 658/514/732 659/515/733 660/516/734
f 659/515/733 661/517/735 660/516/734
f 660/516/734 661/517/735 662/518/736
f 661/517/735 663/519/737 662/518/736
f 662/518/736 663/519/737 664/520/738
f 663/519/737 665/521/739 664/520/738
f 664/520/738 665/521/739 666/522/740
f 665/521/739 667/523/741 666/522/740
f 666/522/740 667/523/741 668/524/742
f 667/523/741 669/525/743 668/524/742
f 668/524/742 669/525/743 670/526/744
f 669/525/743 671/527/745 670/526/744
f 670/526/744 671/527/745 672/528/746
f 671/527/745 673/529/747 672/528/746
f 672/528/746 673/529/747 674/527/748
f 673/529/747 675/530/749 674/527/748
f 674/527/748 675/530/749 676/531/750
f 675/530/749 677/532/751 676/531/750
f 676/531/750 677/532/751 678/533/752
f 677/532/751 679/534/753 678/533/752
f 678/533/752 679/534/753 680/535/754
f 679/534/753 681/536/755 680/535/754
f 680/535/754 681/536/755 682/537/756
f 681/536/755 683/538/757 682/537/756
f 682/537/756 683/538/757 684/539/758
f 683/538/757 685/540/759 684/539/758
f 684/539/758 685/540/759 686/541/760
f 685/540/759 687/542/761 686/541/760
f 686/541/760 687/542/761 688/543/762
f 687/542/761 689/544/763 688/543/762
f 688/543/762 689/544/763 690/545/764
f 689/544/763 691/546/765 690/545/764
f 690/545/764 691/546/765 692/547/766
f 691/546/765 693/548/767 692/547/766
f 692/547/766 693/548/767 694/549/768
f 697/550/769 695/551/770 696/552/771
f 696/552/771 695/551/770 698/550/772
f 695/551/770 699/534/773 698/550/772
f 698/550/772 699/534/773 700/553/774
f 699/534/773 701/536/775 700/553/774
f 700/553/774 701/536/775 702/554/776
f 701/536/775 703/538/777 702/554/776
f 702/554/776 703/538/777 704/555/778
f 703/538/777 705/540/779 704/555/778
f 704/555/778 705/540/779 706/556/780
f 705/540/779 707/542/781 706/556/780
f 706/556/780 707/542/781 708/557/782
f 707/542/781 709/544/783 708/557/782
f 708/557/782 709/544/783 710/558/784
f 709/544/783 711/546/785 710/558/784
f 710/558/784 711/546/785 712/548/786
f 711/546/785 713/547/787 712/548/786
f 712/548/786 713/547/787 714/549/788
f 713/547/787 715/559/789 714/549/788
f 714/549/788 715/559/789 716/560/790
f 715/559/789 717/561/791 716/560/790
f 716/560/790 717/561/791 718/562/792
f 717/561/791 719/563/793 718/562/792
f 718/562/792 719/563/793 720/564/794
f 719/563/793 721/565/795 720/564/794
f 720/564/794 721/565/795 722/566/796
f 721/565/795 723/567/797 722/566/796
f 722/566/796 723/567/797 724/568/798
f 723/567/797 725/569/799 724/568/798
f 724/568/798 725/569/799 726/570/800
f 725/569/799 727/571/801 726/570/800
f 726/570/800 727/571/801 728/572/802
f 727/571/801 729/570/803 728/572/802
f 728/572/802 729/570/803 730/573/804
f 729/570/803 731/574/805 730/573/804
f 730/573/804 731/574/805 732/575/806
f 731/574/805 733/576/807 732/575/806
f 732/575/806 733/576/807 734/577/808
f 733/576/807 735/578/809 734/577/808
f 734/577/808 735/578/809 736/579/810
f 735/578/809 737/580/811 736/579/810
f 551/462/627 549/460/623 738/581/812
f 549/460/623 547/458/621 738/581/812
f 738/581/812 547/458/621 739/582/813
f 547/458/621 545/456/619 739/582/813
f 739/582/813 545/456/619 740/583/814
f 545/456/619 543/454/617 740/583/814
f 740/583/814 543/454/617 741/584/815
f 543/454/617 541/452/615 741/584/815
f 741/584/815 541/452/615 742/513/816
f 541/452/615 539/450/613 742/513/816
f 742/513/816 539/450/613 743/514/817
f 539/450/613 537/448/611 743/514/817
f 743/514/817 537/448/611 744/585/818
f 537/448/611 745/586/819 744/585/818
f 744/585/818 745/586/819 746/520/820
f 745/586/819 747/522/821 746/520/820
f 746/520/820 747/522/821 748/521/822
f 747/522/821 749/523/823 748/521/822
f 748/521/822 749/523/823 750/587/824
f 749/523/823 751/525/825 750/587/824
f 750/587/824 751/525/825 674/527/748
f 751/525/825 752/526/826 674/527/748
f 674/527/748 752/526/826 672/528/746
f 752/526/826 753/588/827 672/528/746
f 672/528/746 753/588/827 754/589/828
f 753/588/827 755/590/829 754/589/828
f 754/589/828 755/590/829 756/591/830
f 755/590/829 531/443/605 756/591/830
f 756/591/830 531/443/605 529/442/603
f 571/475/645 569/473/643 651/511/725
f 651/511/725 569/473/643 757/455/831
f 569/473/643 567/457/641 757/455/831
f 757/455/831 567/457/641 758/456/832
f 567/457/641 759/458/833 758/456/832
f 758/456/832 759/458/833 760/582/834
f 759/458/833 761/581/835 760/582/834
f 760/582/834 761/581/835 762/592/836
f 761/581/835 763/593/837 762/592/836
f 762/592/836 763/593/837 764/594/838
f 763/593/837 765/595/839 764/594/838
f 764/594/838 765/595/839 766/596/840
f 765/595/839 767/597/841 766/596/840
f 766/596/840 767/597/841 768/598/842
f 767/597/841 769/596/843 768/598/842
f 768/598/842 769/596/843 727/571/801
f 769/596/843 770/569/844 727/571/801
f 727/571/801 770/569/844 729/570/803
f 770/569/844 771/568/845 729/570/803
f 729/570/803 771/568/845 731/574/805
f 771/568/845 772/599/846 731/574/805
f 731/574/805 772/599/846 733/576/807
f 772/599/846 773/600/847 733/576/807
f 733/576/807 773/600/847 735/578/809
f 773/600/847 774/601/848 735/578/809
f 735/578/809 774/601/848 737/580/811
f 776/601/849 775/602/850 737/580/811
f 779/603/851 777/604/852 778/605/853
f 778/605/853 777/604/852 780/606/854
f 777/604/852 781/607/855 780/606/854
f 780/606/854 781/607/855 782/608/856
f 781/607/855 783/609/857 782/608/856
f 782/608/856 783/609/857 784/610/858
f 783/609/857 785/608/859 784/610/858
f 784/610/858 785/608/859 786/606/860
f 785/608/859 787/607/861 786/606/860
f 786/606/860 787/607/861 788/604/862
f 787/607/861 789/611/863 788/604/862
f 788/604/862 789/611/863 790/603/864
f 789/611/863 791/612/865 790/603/864
f 790/603/864 791/612/865 792/613/866
f 791/612/865 793/614/867 792/613/866
f 792/613/866 793/614/867 794/615/868
f 793/614/867 795/616/869 794/615/868
f 794/615/868 795/616/869 796/617/870
f 795/616/869 797/618/871 796/617/870
f 796/617/870 797/618/871 798/616/872
f 797/618/871 799/619/873 798/616/872
f 798/616/872 799/619/873 800/620/874
f 799/619/873 801/611/875 800/620/874
f 800/620/874 801/611/875 802/612/876
f 801/611/875 779/603/851 802/612/876
f 802/612/876 779/603/851 792/613/866
f 567/457/641 565/459/639 759/458/833
f 565/459/639 803/460/877 759/458/833
f 759/458/833 803/460/877 761/581/835
f 803/460/877 804/462/878 761/581/835
f 761/581/835 804/462/878 763/593/837
f 804/462/878 805/621/879 763/593/837
f 763/593/837 805/621/879 765/595/839
f 805/621/879 806/622/880 765/595/839
f 765/595/839 806/622/880 767/597/841
f 806/622/880 807/595/881 767/597/841
f 767/597/841 807/595/881 769/596/843
f 807/595/881 808/594/882 769/596/843
f 769/596/843 808/594/882 770/569/844
f 808/594/882 809/567/883 770/569/844
f 770/569/844 809/567/883 771/568/845
f 809/567/883 810/566/884 771/568/845
f 771/568/845 810/566/884 772/599/846
f 810/566/884 811/623/885 772/599/846
f 772/599/846 811/623/885 773/600/847
f 811/623/885 812/624/886 773/600/847
f 773/600/847 812/624/886 774/601/848
f 812/624/886 813/625/887 774/601/848
f 774/601/848 813/625/887 775/602/850
f 813/625/887 814/626/888 775/602/850
f 530/440/604 532/438/606 815/439/889
f 532/438/606 617/437/691 815/439/889
f 815/439/889 617/437/691 816/627/890
f 617/437/691 619/498/693 816/627/890
f 816/627/890 619/498/693 817/628/891
f 619/498/693 621/496/695 817/628/891
f 817/628/891 621/496/695 818/629/892
f 621/496/695 623/494/697 818/629/892
f 818/629/892 623/494/697 819/630/893
f 623/494/697 625/492/699 819/630/893
f 819/630/893 625/492/699 820/631/894
f 625/492/699 627/490/701 820/631/894
f 820/631/894 627/490/701 821/632/895
f 627/490/701 629/488/703 821/632/895
f 821/632/895 629/488/703 822/633/896
f 629/488/703 631/486/705 822/633/896
f 822/633/896 631/486/705 823/634/897
f 631/486/705 633/484/707 823/634/897
f 823/634/897 633/484/707 824/635/898
f 633/484/707 825/636/899 824/635/898
f 824/635/898 825/636/899 826/637/900
f 825/636/899 827/638/901 826/637/900
f 826/637/900 827/638/901 828/639/902
f 827/638/901 829/640/903 828/639/902
f 832/640/904 830/638/905 831/639/906
f 831/639/906 830/638/905 833/637/907
f 830/638/905 834/636/908 833/637/907
f 833/637/907 834/636/908 835/635/909
f 834/636/908 580/484/654 835/635/909
f 835/635/909 580/484/654 836/634/910
f 580/484/654 582/486/656 836/634/910
f 836/634/910 582/486/656 837/633/911
f 582/486/656 584/488/658 837/633/911
f 837/633/911 584/488/658 838/632/912
f 584/488/658 586/490/660 838/632/912
f 838/632/912 586/490/660 839/631/913
f 586/490/660 588/492/662 839/631/913
f 839/631/913 588/492/662 840/630/914
f 588/492/662 590/494/664 840/630/914
f 840/630/914 590/494/664 841/629/915
f 590/494/664 592/496/666 841/629/915
f 841/629/915 592/496/666 842/628/916
f 592/496/666 594/498/668 842/628/916
f 842/628/916 594/498/668 843/627/917
f 594/498/668 526/437/598 843/627/917
f 843/627/917 526/437/598 525/439/600
f 563/461/637 561/463/635 804/462/878
f 561/463/635 844/464/918 804/462/878
f 804/462/878 844/464/918 805/621/879
f 844/464/918 845/641/919 805/621/879
f 805/621/879 845/641/919 806/622/880
f 845/641/919 846/621/920 806/622/880
f 806/622/880 846/621/920 807/595/881
f 846/621/920 847/593/921 807/595/881
f 807/595/881 847/593/921 808/594/882
f 847/593/921 848/592/922 808/594/882
f 808/594/882 848/592/922 809/567/883
f 848/592/922 849/565/923 809/567/883
f 809/567/883 849/565/923 810/566/884
f 849/565/923 850/564/924 810/566/884
f 810/566/884 850/564/924 851/642/925
f 850/564/924 852/643/926 851/642/925
f 851/642/925 852/643/926 853/644/927
f 852/643/926 854/645/928 853/644/927
f 853/644/927 854/645/928 855/646/929
f 854/645/928 856/647/930 855/646/929
f 855/646/929 856/647/930 857/648/931
f 856/647/930 858/649/932 857/648/931
f 577/481/651 859/650/933 579/483/653
f 579/483/653 859/650/933 581/485/655
f 859/650/933 860/651/934 581/485/655
f 581/485/655 860/651/934 583/487/657
f 860/651/934 861/652/935 583/487/657
f 583/487/657 861/652/935 862/489/936
f 861/652/935 863/653/937 585/489/659
f 585/489/659 863/653/937 587/491/661
f 863/653/937 864/654/938 587/491/661
f 587/491/661 864/654/938 589/493/663
f 864/654/938 865/655/939 589/493/663
f 589/493/663 865/655/939 591/495/665
f 865/655/939 866/656/940 591/495/665
f 591/495/665 866/656/940 593/497/667
f 866/656/940 867/657/941 593/497/667
f 593/497/667 867/657/941 595/499/669
f 867/657/941 868/658/942 595/499/669
f 595/499/669 868/658/942 596/500/670
f 868/658/942 869/659/943 596/500/670
f 596/500/670 869/659/943 597/501/671
f 869/659/943 599/502/673 597/501/671
f 872/648/944 870/646/945 871/626/946
f 871/626/946 870/646/945 873/625/947
f 870/646/945 874/644/948 873/625/947
f 873/625/947 874/644/948 875/624/949
f 874/644/948 876/642/950 875/624/949
f 875/624/949 876/642/950 877/623/951
f 876/642/950 722/566/796 877/623/951
f 877/623/951 722/566/796 878/599/952
f 722/566/796 724/568/798 878/599/952
f 878/599/952 724/568/798 879/574/953
f 724/568/798 726/570/800 879/574/953
f 879/574/953 726/570/800 880/573/954
f 726/570/800 728/572/802 880/573/954
f 880/573/954 728/572/802 881/660/955
f 728/572/802 730/573/804 881/660/955
f 881/660/955 730/573/804 882/661/956
f 730/573/804 732/575/806 882/661/956
f 882/661/956 732/575/806 883/662/957
f 732/575/806 734/577/808 883/662/957
f 883/662/957 734/577/808 884/663/958
f 734/577/808 736/579/810 884/663/958
f 614/502/688 885/659/959 615/501/689
f 615/501/689 885/659/959 886/500/960
f 885/659/959 887/658/961 616/500/690
f 616/500/690 887/658/961 618/499/692
f 887/658/961 888/657/962 618/499/692
f 618/499/692 888/657/962 620/497/694
f 888/657/962 889/656/963 620/497/694
f 620/497/694 889/656/963 622/495/696
f 889/656/963 890/655/964 622/495/696
f 622/495/696 890/655/964 891/493/965
f 890/655/964 892/654/966 624/493/698
f 624/493/698 892/654/966 626/491/700
f 892/654/966 893/653/967 626/491/700
f 626/491/700 893/653/967 628/489/702
f 893/653/967 894/652/968 628/489/702
f 628/489/702 894/652/968 630/487/704
f 894/652/968 895/651/969 630/487/704
f 630/487/704 895/651/969 632/485/706
f 895/651/969 896/650/970 632/485/706
f 632/485/706 896/650/970 634/483/708
f 896/650/970 636/481/710 634/483/708
f 743/514/817 744/585/818 897/516/971
f 744/585/818 898/518/972 897/516/971
f 897/516/971 898/518/972 899/517/973
f 898/518/972 900/519/974 899/517/973
f 899/517/973 900/519/974 901/664/975
f 900/519/974 748/521/822 901/664/975
f 901/664/975 748/521/822 902/665/976
f 748/521/822 750/587/824 902/665/976
f 902/665/976 750/587/824 903/666/977
f 750/587/824 674/527/748 903/666/977
f 903/666/977 674/527/748 904/667/978
f 674/527/748 676/531/750 904/667/978
f 904/667/978 676/531/750 905/668/979
f 676/531/750 906/669/980 905/668/979
f 905/668/979 906/669/980 907/670/981
f 906/669/980 908/671/982 907/670/981
f 907/670/981 908/671/982 909/672/983
f 908/671/982 910/673/984 909/672/983
f 909/672/983 910/673/984 911/674/985
f 910/673/984 690/545/764 911/674/985
f 911/674/985 690/545/764 692/547/766
f 914/675/986 912/676/987 913/677/988
f 913/677/988 912/676/987 915/678/989
f 912/676/987 916/679/990 915/678/989
f 915/678/989 916/679/990 917/680/991
f 916/679/990 918/681/992 917/680/991
f 917/680/991 918/681/992 919/682/993
f 918/681/992 920/683/994 919/682/993
f 919/682/993 920/683/994 921/684/995
f 920/683/994 922/685/996 921/684/995
f 921/684/995 922/685/996 923/686/997
f 922/685/996 924/687/998 923/686/997
f 923/686/997 924/687/998 915/678/989
f 924/687/998 925/688/999 915/678/989
f 915/678/989 925/688/999 926/689/1000
f 925/688/999 927/690/1001 926/689/1000
f 926/689/1000 927/690/1001 928/691/1002
f 927/690/1001 929/692/1003 928/691/1002
f 928/691/1002 929/692/1003 930/693/1004
f 929/692/1003 931/694/1005 930/693/1004
f 930/693/1004 931/694/1005 932/695/1006
f 935/693/1007 933/692/1008 934/691/1009
f 934/691/1009 933/692/1008 936/690/1010
f 933/692/1008 937/696/1011 936/690/1010
f 936/690/1010 937/696/1011 938/688/1012
f 937/696/1011 939/697/1013 938/688/1012
f 938/688/1012 939/697/1013 940/687/1014
f 939/697/1013 941/685/1015 940/687/1014
f 940/687/1014 941/685/1015 942/686/1016
f 941/685/1015 943/684/1017 942/686/1016
f 942/686/1016 943/684/1017 944/698/1018
f 943/684/1017 945/682/1019 944/698/1018
f 944/698/1018 945/682/1019 946/680/1020
f 945/682/1019 947/681/1021 946/680/1020
f 946/680/1020 947/681/1021 948/679/1022
f 947/681/1021 949/675/1023 948/679/1022
f 948/679/1022 949/675/1023 950/676/1024
f 949/675/1023 951/677/1025 950/676/1024
f 950/676/1024 951/677/1025 952/678/1026
f 951/677/1025 953/699/1027 952/678/1026
f 952/678/1026 953/699/1027 954/689/1028
f 713/547/787 711/546/785 955/545/1029
f 711/546/785 709/544/783 955/545/1029
f 955/545/1029 709/544/783 956/543/1030
f 709/544/783 707/542/781 956/543/1030
f 956/543/1030 707/542/781 957/541/1031
f 707/542/781 705/540/779 957/541/1031
f 957/541/1031 705/540/779 958/539/1032
f 705/540/779 703/538/777 958/539/1032
f 958/539/1032 703/538/777 959/537/1033
f 703/538/777 701/536/775 959/537/1033
f 959/537/1033 701/536/775 960/535/1034
f 701/536/775 699/534/773 960/535/1034
f 960/535/1034 699/534/773 961/533/1035
f 699/534/773 677/532/751 961/533/1035
f 961/533/1035 677/532/751 962/531/1036
f 677/532/751 675/530/749 962/531/1036
f 962/531/1036 675/530/749 671/527/745
f 675/530/749 673/529/747 671/527/745
f 713/547/787 955/545/1029 963/674/1037
f 955/545/1029 964/673/1038 963/674/1037
f 963/674/1037 964/673/1038 965/672/1039
f 964/673/1038 966/671/1040 965/672/1039
f 965/672/1039 966/671/1040 967/670/1041
f 966/671/1040 968/669/1042 967/670/1041
f 967/670/1041 968/669/1042 969/668/1043
f 968/669/1042 962/531/1036 969/668/1043
f 969/668/1043 962/531/1036 970/667/1044
f 962/531/1036 671/527/745 970/667/1044
f 970/667/1044 671/527/745 971/666/1045
f 671/527/745 972/587/1046 971/666/1045
f 971/666/1045 972/587/1046 973/665/1047
f 972/587/1046 665/521/739 973/665/1047
f 973/665/1047 665/521/739 974/664/1048
f 665/521/739 663/519/737 974/664/1048
f 974/664/1048 663/519/737 661/517/735
f 859/700/933 975/701/1049 976/702/1050
f 976/702/1050 975/701/1049 977/703/1051
f 975/701/1049 978/704/1052 977/703/1051
f 977/703/1051 978/704/1052 979/705/1053
f 978/704/1052 980/706/1054 979/705/1053
f 979/705/1053 980/706/1054 981/707/1055
f 980/706/1054 982/708/1056 981/707/1055
f 981/707/1055 982/708/1056 983/709/1057
f 982/708/1056 984/710/1058 983/709/1057
f 983/709/1057 984/710/1058 985/711/1059
f 984/710/1058 986/712/1060 985/711/1059
f 985/711/1059 986/712/1060 987/713/1061
f 986/712/1060 988/714/1062 987/713/1061
f 987/713/1061 988/714/1062 989/715/1063
f 988/714/1062 990/716/1064 989/715/1063
f 989/715/1063 990/716/1064 991/717/1065
f 859/650/933 976/718/1050 860/651/934
f 860/651/934 976/718/1050 861/652/935
f 976/718/1050 977/719/1051 861/652/935
f 861/652/935 977/719/1051 863/653/937
f 977/719/1051 979/720/1053 863/653/937
f 863/653/937 979/720/1053 864/654/938
f 979/720/1053 981/721/1055 864/654/938
f 864/654/938 981/721/1055 865/655/939
f 981/721/1055 983/722/1057 865/655/939
f 865/655/939 983/722/1057 866/656/940
f 983/722/1057 992/723/1066 866/656/940
f 866/656/940 992/723/1066 867/657/941
f 992/723/1066 993/724/1067 867/657/941
f 867/657/941 993/724/1067 868/658/942
f 993/724/1067 994/725/1068 868/658/942
f 868/658/942 994/725/1068 991/726/1065
f 996/726/1069 995/725/1070 887/658/961
f 995/725/1070 997/724/1071 887/658/961
f 887/658/961 997/724/1071 888/657/962
f 997/724/1071 998/723/1072 888/657/962
f 888/657/962 998/723/1072 889/656/963
f 998/723/1072 999/722/1073 889/656/963
f 889/656/963 999/722/1073 890/655/964
f 999/722/1073 1000/721/1074 890/655/964
f 890/655/964 1000/721/1074 892/654/966
f 1000/721/1074 1001/720/1075 892/654/966
f 892/654/966 1001/720/1075 893/653/967
f 1001/720/1075 1002/719/1076 893/653/967
f 893/653/967 1002/719/1076 894/652/968
f 1002/719/1076 1003/718/1077 894/652/968
f 894/652/968 1003/718/1077 895/651/969
f 1003/718/1077 896/650/970 895/651/969
f 996/717/1069 1004/716/1078 1005/715/1079
f 1004/716/1078 1006/714/1080 1005/715/1079
f 1005/715/1079 1006/714/1080 1007/713/1081
f 1006/714/1080 1008/712/1082 1007/713/1081
f 1007/713/1081 1008/712/1082 1009/711/1083
f 1008/712/1082 1010/710/1084 1009/711/1083
f 1009/711/1083 1010/710/1084 999/709/1073
f 1010/710/1084 1011/708/1085 999/709/1073
f 999/709/1073 1011/708/1085 1000/707/1074
f 1011/708/1085 1012/706/1086 1000/707/1074
f 1000/707/1074 1012/706/1086 1001/705/1075
f 1012/706/1086 1013/704/1087 1001/705/1075
f 1001/705/1075 1013/704/1087 1002/703/1076
f 1013/704/1087 1014/701/1088 1002/703/1076
f 1002/703/1076 1014/701/1088 1003/702/1077
f 1014/701/1088 896/700/970 1003/702/1077
f 913/727/988 1015/728/1089 832/640/904
f 832/640/904 1015/728/1089 574/478/648
f 1015/728/1089 926/729/1000 574/478/648
f 574/478/648 926/729/1000 572/476/646
f 926/729/1000 932/730/1006 572/476/646
f 572/476/646 932/730/1006 570/474/644
f 932/730/1006 1016/731/1090 570/474/644
f 570/474/644 1016/731/1090 568/472/642
f 1016/731/1090 1017/732/1091 568/472/642
f 568/472/642 1017/732/1091 566/471/640
f 1017/732/1091 1018/733/1092 566/471/640
f 566/471/640 1018/733/1092 564/470/638
f 1018/733/1092 1019/734/1093 564/470/638
f 564/470/638 1019/734/1093 562/469/636
f 1019/734/1093 560/468/634 562/469/636
f 561/463/635 559/465/633 844/464/918
f 559/465/633 557/466/631 844/464/918
f 844/464/918 557/466/631 845/641/919
f 557/466/631 555/464/629 845/641/919
f 845/641/919 555/464/629 846/621/920
f 555/464/629 551/462/627 846/621/920
f 846/621/920 551/462/627 847/593/921
f 551/462/627 738/581/812 847/593/921
f 847/593/921 738/581/812 848/592/922
f 738/581/812 739/582/813 848/592/922
f 848/592/922 739/582/813 1020/563/1094
f 739/582/813 740/583/814 1020/563/1094
f 1020/563/1094 740/583/814 909/672/983
f 740/583/814 741/584/815 909/672/983
f 909/672/983 741/584/815 742/513/816
f 836/735/910 1021/736/1095 835/737/909
f 835/737/909 1021/736/1095 1022/738/1096
f 1021/736/1095 1023/739/1097 1022/738/1096
f 1022/738/1096 1023/739/1097 1024/740/1098
f 1023/739/1097 1025/741/1099 1024/740/1098
f 1024/740/1098 1025/741/1099 1026/742/1100
f 1025/741/1099 1027/743/1101 1026/742/1100
f 1026/742/1100 1027/743/1101 1028/744/1102
f 1027/743/1101 1029/745/1103 1028/744/1102
f 1028/744/1102 1029/745/1103 1030/746/1104
f 1029/745/1103 1031/747/1105 1030/746/1104
f 1030/746/1104 1031/747/1105 1032/748/1106
f 1031/747/1105 1033/749/1107 1032/748/1106
f 1032/748/1106 1033/749/1107 1034/750/1108
f 1033/749/1107 1035/751/1109 1034/750/1108
f 1038/751/1110 1036/749/1111 1037/750/1112
f 1037/750/1112 1036/749/1111 1039/748/1113
f 1036/749/1111 1040/747/1114 1039/748/1113
f 1039/748/1113 1040/747/1114 1041/746/1115
f 1040/747/1114 1042/745/1116 1041/746/1115
f 1041/746/1115 1042/745/1116 1043/744/1117
f 1042/745/1116 1044/743/1118 1043/744/1117
f 1043/744/1117 1044/743/1118 1045/742/1119
f 1044/743/1118 1046/741/1120 1045/742/1119
f 1045/742/1119 1046/741/1120 1047/740/1121
f 1046/741/1120 1048/739/1122 1047/740/1121
f 1047/740/1121 1048/739/1122 1049/738/1123
f 1048/739/1122 1050/736/1124 1049/738/1123
f 1049/738/1123 1050/736/1124 824/737/898
f 1050/736/1124 823/735/897 824/737/898
f 649/468/723 1051/734/1125 648/469/722
f 648/469/722 1051/734/1125 647/470/721
f 1051/734/1125 1052/733/1126 647/470/721
f 647/470/721 1052/733/1126 646/471/720
f 1052/733/1126 1053/732/1127 646/471/720
f 646/471/720 1053/732/1127 645/472/719
f 1053/732/1127 1054/731/1128 645/472/719
f 645/472/719 1054/731/1128 643/474/717
f 1054/731/1128 1055/730/1129 643/474/717
f 643/474/717 1055/730/1129 641/476/715
f 1055/730/1129 954/729/1028 641/476/715
f 641/476/715 954/729/1028 639/478/713
f 954/729/1028 953/728/1027 639/478/713
f 639/478/713 953/728/1027 829/640/903
f 953/728/1027 951/727/1025 829/640/903
f 695/551/770 697/550/769 679/534/753
f 697/550/769 1056/553/1130 679/534/753
f 679/534/753 1056/553/1130 681/536/755
f 1056/553/1130 1057/554/1131 681/536/755
f 681/536/755 1057/554/1131 683/538/757
f 1057/554/1131 1058/555/1132 683/538/757
f 683/538/757 1058/555/1132 685/540/759
f 1058/555/1132 1059/556/1133 685/540/759
f 685/540/759 1059/556/1133 687/542/761
f 1059/556/1133 1060/557/1134 687/542/761
f 687/542/761 1060/557/1134 689/544/763
f 1060/557/1134 1061/558/1135 689/544/763
f 689/544/763 1061/558/1135 691/546/765
f 1061/558/1135 693/548/767 691/546/765
f 577/481/651 1062/752/1136 859/650/933
f 859/650/933 1062/752/1136 1063/753/1137
f 1062/752/1136 1064/754/1138 1063/753/1137
f 1063/753/1137 1064/754/1138 1065/755/1139
f 1064/754/1138 1066/756/1140 1065/755/1139
f 1065/755/1139 1066/756/1140 1067/757/1141
f 1066/756/1140 1068/758/1142 1067/757/1141
f 1067/757/1141 1068/758/1142 1069/759/1143
f 1068/758/1142 1070/760/1144 1069/759/1143
f 1069/759/1143 1070/760/1144 1071/761/1145
f 1070/760/1144 1072/762/1146 1071/761/1145
f 1071/761/1145 1072/762/1146 604/507/678
f 1072/762/1146 602/505/676 604/507/678
f 1021/736/1095 836/735/910 1023/739/1097
f 836/735/910 837/763/911 1023/739/1097
f 1023/739/1097 837/763/911 1025/741/1099
f 837/763/911 838/764/912 1025/741/1099
f 1025/741/1099 838/764/912 1027/743/1101
f 838/764/912 839/765/913 1027/743/1101
f 1027/743/1101 839/765/913 1029/745/1103
f 839/765/913 840/766/914 1029/745/1103
f 1029/745/1103 840/766/914 1031/747/1105
f 840/766/914 841/767/915 1031/747/1105
f 1031/747/1105 841/767/915 1033/749/1107
f 841/767/915 1073/768/1147 1033/749/1107
f 1033/749/1107 1073/768/1147 1035/751/1109
f 1076/769/1148 1074/770/1149 1075/771/1150
f 1075/771/1150 1074/770/1149 1077/772/1151
f 1074/770/1149 1078/773/1152 1077/772/1151
f 1077/772/1151 1078/773/1152 1079/774/1153
f 1078/773/1152 1080/775/1154 1079/774/1153
f 1079/774/1153 1080/775/1154 1081/776/1155
f 1080/775/1154 1082/777/1156 1081/776/1155
f 1081/776/1155 1082/777/1156 1083/778/1157
f 1082/777/1156 1084/779/1158 1083/778/1157
f 1083/778/1157 1084/779/1158 1085/780/1159
f 1084/779/1158 1086/781/1160 1085/780/1159
f 1085/780/1159 1086/781/1160 975/701/1049
f 1086/781/1160 978/704/1052 975/701/1049
f 1089/782/1161 1087/783/1162 1088/784/1163
f 1087/783/1162 1090/785/1164 1088/784/1163
f 1088/784/1163 1090/785/1164 1091/786/1165
f 1090/785/1164 1092/784/1166 1091/786/1165
f 1091/786/1165 1092/784/1166 1093/787/1167
f 1092/784/1166 1094/788/1168 1093/787/1167
f 1093/787/1167 1094/788/1168 1095/789/1169
f 1094/788/1168 1096/790/1170 1095/789/1169
f 1095/789/1169 1096/790/1170 1097/791/1171
f 1096/790/1170 1098/792/1172 1097/791/1171
f 1097/791/1171 1098/792/1172 1099/793/1173
f 1098/792/1172 1100/794/1174 1099/793/1173
f 1099/793/1173 1100/794/1174 1101/795/1175
f 609/509/681 608/507/683 1102/761/1176
f 608/507/683 1103/762/1177 1102/761/1176
f 1102/761/1176 1103/762/1177 1104/760/1178
f 1103/762/1177 540/451/614 1104/760/1178
f 1104/760/1178 540/451/614 1105/758/1179
f 540/451/614 1106/512/1180 1105/758/1179
f 1105/758/1179 1106/512/1180 1107/756/1181
f 1106/512/1180 1108/754/1182 1107/756/1181
f 1107/756/1181 1108/754/1182 1109/755/1183
f 1108/754/1182 1110/753/1184 1109/755/1183
f 1109/755/1183 1110/753/1184 1111/796/1185
f 1110/753/1184 1112/797/1186 1111/796/1185
f 1111/796/1185 1112/797/1186 1113/798/1187
f 1013/704/1087 1114/781/1188 1014/701/1088
f 1014/701/1088 1114/781/1188 1112/780/1186
f 1116/781/1189 1115/779/1190 1112/780/1186
f 1112/780/1186 1115/779/1190 1113/778/1187
f 1115/779/1190 1117/777/1191 1113/778/1187
f 1113/778/1187 1117/777/1191 1118/776/1192
f 1117/777/1191 1119/775/1193 1118/776/1192
f 1118/776/1192 1119/775/1193 1120/774/1194
f 1119/775/1193 1121/773/1195 1120/774/1194
f 1120/774/1194 1121/773/1195 1122/772/1196
f 1121/773/1195 1123/770/1197 1122/772/1196
f 1122/772/1196 1123/770/1197 1124/771/1198
f 1123/770/1197 1125/769/1199 1124/771/1198
f 1038/751/1110 1126/768/1200 1036/749/1111
f 1126/768/1200 818/767/892 1036/749/1111
f 1036/749/1111 818/767/892 1040/747/1114
f 818/767/892 819/766/893 1040/747/1114
f 1040/747/1114 819/766/893 1042/745/1116
f 819/766/893 820/765/894 1042/745/1116
f 1042/745/1116 820/765/894 1044/743/1118
f 820/765/894 821/764/895 1044/743/1118
f 1044/743/1118 821/764/895 1046/741/1120
f 821/764/895 822/763/896 1046/741/1120
f 1046/741/1120 822/763/896 1048/739/1122
f 822/763/896 823/735/897 1048/739/1122
f 1048/739/1122 823/735/897 1050/736/1124
f 1128/799/1201 1075/800/1150 1127/801/1202
f 1127/801/1202 1075/800/1150 1129/802/1203
f 1075/800/1150 1077/803/1151 1129/802/1203
f 1129/802/1203 1077/803/1151 1130/804/1204
f 1077/803/1151 1079/805/1153 1130/804/1204
f 1130/804/1204 1079/805/1153 1131/806/1205
f 1079/805/1153 1081/807/1155 1131/806/1205
f 1131/806/1205 1081/807/1155 1132/808/1206
f 1081/807/1155 1083/809/1157 1132/808/1206
f 1132/808/1206 1083/809/1157 1133/810/1207
f 1083/809/1157 1134/811/1208 1133/810/1207
f 1133/810/1207 1134/811/1208 1135/812/1209
f 1045/813/1119 1136/814/1210 1043/815/1117
f 1043/815/1117 1136/814/1210 1137/816/1211
f 1136/814/1210 1138/817/1212 1137/816/1211
f 1137/816/1211 1138/817/1212 1139/818/1213
f 1138/817/1212 1140/819/1214 1139/818/1213
f 1139/818/1213 1140/819/1214 1038/820/1110
f 1140/819/1214 1141/821/1215 1038/820/1110
f 1038/820/1110 1141/821/1215 816/627/890
f 1141/821/1215 1142/822/1216 816/627/890
f 816/627/890 1142/822/1216 815/439/889
f 1142/822/1216 528/441/602 815/439/889
f 815/439/889 528/441/602 530/440/604
f 1144/812/1217 1111/811/1185 1143/810/1218
f 1111/811/1185 1113/809/1187 1143/810/1218
f 1143/810/1218 1113/809/1187 1145/808/1219
f 1113/809/1187 1118/807/1192 1145/808/1219
f 1145/808/1219 1118/807/1192 1146/806/1220
f 1118/807/1192 1120/805/1194 1146/806/1220
f 1146/806/1220 1120/805/1194 1147/804/1221
f 1120/805/1194 1122/803/1196 1147/804/1221
f 1147/804/1221 1122/803/1196 1148/802/1222
f 1122/803/1196 1124/800/1198 1148/802/1222
f 1148/802/1222 1124/800/1198 1149/801/1223
f 1124/800/1198 1150/799/1224 1149/801/1223
f 528/441/602 1142/822/1216 525/439/600
f 525/439/600 1142/822/1216 843/627/917
f 1142/822/1216 1141/821/1215 843/627/917
f 843/627/917 1141/821/1215 1035/820/1109
f 1141/821/1215 1140/819/1214 1035/820/1109
f 1035/820/1109 1140/819/1214 1151/818/1225
f 1140/819/1214 1152/817/1226 1151/818/1225
f 1151/818/1225 1152/817/1226 1153/816/1227
f 1152/817/1226 1154/814/1228 1153/816/1227
f 1153/816/1227 1154/814/1228 1028/815/1102
f 1154/814/1228 1026/813/1100 1028/815/1102
f 859/650/933 1063/753/1137 1155/797/1229
f 1155/797/1229 1063/753/1137 1134/796/1208
f 1063/753/1137 1065/755/1139 1134/796/1208
f 1134/796/1208 1065/755/1139 1135/823/1209
f 1065/755/1139 1067/757/1141 1135/823/1209
f 1135/823/1209 1067/757/1141 1156/824/1230
f 1067/757/1141 1069/759/1143 1156/824/1230
f 1156/824/1230 1069/759/1143 1157/825/1231
f 1069/759/1143 1071/761/1145 1157/825/1231
f 1157/825/1231 1071/761/1145 606/509/680
f 1071/761/1145 604/507/678 606/509/680
f 990/826/1064 1158/827/1232 1159/828/1233
f 1158/827/1232 1160/829/1234 1159/828/1233
f 1159/828/1233 1160/829/1234 1161/830/1235
f 1160/829/1234 1162/831/1236 1161/830/1235
f 1161/830/1235 1162/831/1236 1163/832/1237
f 1162/831/1236 1164/833/1238 1163/832/1237
f 1163/832/1237 1164/833/1238 605/834/679
f 1164/833/1238 1165/835/1239 605/834/679
f 605/834/679 1165/835/1239 1166/836/1240
f 1165/835/1239 1167/837/1241 1166/836/1240
f 1166/836/1240 1167/837/1241 1168/838/1242
f 1171/839/1243 1169/840/1244 1170/841/1245
f 1169/840/1246 1172/842/1247 1170/841/1248
f 1170/841/1248 1172/842/1247 1173/843/1249
f 1172/842/1247 1174/844/1250 1173/843/1249
f 1173/843/1249 1174/844/1250 1175/845/1251
f 1174/844/1250 1176/846/1252 1175/845/1251
f 1175/845/1251 1176/846/1252 1177/847/1253
f 1176/846/1252 1178/848/1254 1177/847/1253
f 1177/847/1253 1178/848/1254 1179/849/1255
f 1178/848/1254 1180/850/1256 1179/849/1255
f 1179/849/1255 1180/850/1256 1181/848/1257
f 1184/795/1258 1182/793/1259 1183/851/1260
f 1183/851/1260 1182/793/1259 1185/852/1261
f 1182/793/1259 1186/791/1262 1185/852/1261
f 1185/852/1261 1186/791/1262 1187/853/1263
f 1186/791/1262 1188/789/1264 1187/853/1263
f 1187/853/1263 1188/789/1264 1176/854/1252
f 1188/789/1264 1189/787/1265 1176/854/1252
f 1176/854/1252 1189/787/1265 1178/855/1254
f 1189/787/1265 1190/856/1266 1178/855/1254
f 1178/855/1254 1190/856/1266 1180/857/1256
f 1190/856/1266 1181/855/1257 1180/857/1256
f 1193/838/1267 1191/837/1268 1192/836/1269
f 1191/837/1268 1194/835/1270 1192/836/1269
f 1192/836/1269 1194/835/1270 607/834/682
f 1194/835/1270 1195/833/1271 607/834/682
f 607/834/682 1195/833/1271 1196/832/1272
f 1195/833/1271 1197/831/1273 1196/832/1272
f 1196/832/1272 1197/831/1273 1198/830/1274
f 1197/831/1273 1199/829/1275 1198/830/1274
f 1198/830/1274 1199/829/1275 1200/828/1276
f 1199/829/1275 1201/827/1277 1200/828/1276
f 1200/828/1276 1201/827/1277 1004/826/1078
f 529/442/603 1202/443/1278 756/591/830
f 756/591/830 1202/443/1278 1203/590/1279
f 1202/443/1278 1204/444/1280 1203/590/1279
f 1203/590/1279 1204/444/1280 1205/858/1281
f 1204/444/1280 1206/446/1282 1205/858/1281
f 1205/858/1281 1206/446/1282 1207/586/1283
f 1206/446/1282 1208/448/1284 1207/586/1283
f 1207/586/1283 1208/448/1284 1209/585/1285
f 1208/448/1284 658/514/732 1209/585/1285
f 1209/585/1285 658/514/732 660/516/734
f 529/442/603 527/440/601 1202/443/1278
f 527/440/601 524/438/599 1202/443/1278
f 1202/443/1278 524/438/599 1204/444/1280
f 524/438/599 598/445/672 1204/444/1280
f 1204/444/1280 598/445/672 1206/446/1282
f 598/445/672 1210/447/1286 1206/446/1282
f 1206/446/1282 1210/447/1286 1208/448/1284
f 1210/447/1286 1211/449/1287 1208/448/1284
f 1208/448/1284 1211/449/1287 656/450/730
f 1211/449/1287 654/451/728 656/450/730
f 757/455/831 758/456/832 1212/454/1288
f 758/456/832 1213/583/1289 1212/454/1288
f 1212/454/1288 1213/583/1289 1214/584/1290
f 1213/583/1289 965/672/1039 1214/584/1290
f 1214/584/1290 965/672/1039 657/513/731
f 965/672/1039 967/670/1041 657/513/731
f 657/513/731 967/670/1041 659/515/733
f 967/670/1041 969/668/1043 659/515/733
f 659/515/733 969/668/1043 661/517/735
f 969/668/1043 974/664/1048 661/517/735
f 779/603/851 801/611/875 777/604/852
f 777/604/852 801/611/875 781/607/855
f 801/611/875 799/619/873 781/607/855
f 781/607/855 799/619/873 1215/859/1291
f 799/619/873 797/618/871 1215/859/1291
f 1215/859/1291 797/618/871 1216/619/1292
f 797/618/871 1217/616/1293 1216/619/1292
f 1216/619/1292 795/616/869 1218/620/1294
f 795/616/869 793/614/867 1218/620/1294
f 1218/620/1294 793/614/867 791/612/865
f 872/860/944 1219/861/1295 1220/862/1296
f 1220/862/1296 1219/861/1295 1221/863/1297
f 1219/861/1295 1222/864/1298 1221/863/1297
f 1221/863/1297 1222/864/1298 714/863/788
f 1222/864/1298 1173/865/1249 714/863/788
f 714/863/788 1173/865/1249 712/863/786
f 1173/865/1249 1175/866/1251 712/863/786
f 712/863/786 1175/866/1251 710/867/784
f 1175/866/1251 708/868/782 710/867/784
f 660/516/734 662/518/736 1209/585/1285
f 662/518/736 664/520/738 1209/585/1285
f 1209/585/1285 664/520/738 1207/586/1283
f 664/520/738 666/522/740 1207/586/1283
f 1207/586/1283 666/522/740 1205/858/1281
f 666/522/740 668/524/742 1205/858/1281
f 1205/858/1281 668/524/742 1223/588/1299
f 668/524/742 670/526/744 1223/588/1299
f 1223/588/1299 670/526/744 672/528/746
f 1183/869/1260 1224/870/1300 780/871/854
f 1224/870/1300 1225/872/1301 780/871/854
f 780/871/854 1225/872/1301 778/873/853
f 1225/872/1301 1226/874/1302 778/873/853
f 778/873/853 1226/874/1302 779/875/851
f 1226/874/1302 1227/876/1303 779/875/851
f 779/875/851 1227/876/1303 792/877/866
f 1227/876/1303 1228/878/1304 792/877/866
f 792/877/866 1228/878/1304 1229/879/1305
f 1225/795/1301 1224/794/1300 1226/793/1302
f 1224/794/1300 1230/792/1306 1226/793/1302
f 1226/793/1302 1230/792/1306 1227/791/1303
f 1230/792/1306 1231/790/1307 1227/791/1303
f 1227/791/1303 1231/790/1307 1228/789/1304
f 1231/790/1307 1232/788/1308 1228/789/1304
f 1228/789/1304 1232/788/1308 1229/787/1305
f 1232/788/1308 1088/784/1163 1229/787/1305
f 1229/787/1305 1088/784/1163 1091/786/1165
f 1093/879/1167 1233/878/1309 792/877/866
f 1233/878/1309 1097/876/1171 792/877/866
f 792/877/866 1097/876/1171 790/875/864
f 1097/876/1171 1099/874/1173 790/875/864
f 790/875/864 1099/874/1173 1234/873/1310
f 1099/874/1173 1101/872/1175 1234/873/1310
f 1234/873/1310 1101/872/1175 786/871/860
f 1101/872/1175 1100/870/1174 786/871/860
f 786/871/860 1100/870/1174 1235/869/1311
f 1090/785/1164 1087/783/1162 1092/784/1166
f 1087/783/1162 1236/782/1312 1092/784/1166
f 1092/784/1166 1236/782/1312 1094/788/1168
f 1236/782/1312 1237/880/1313 1094/788/1168
f 1094/788/1168 1237/880/1313 1238/881/1314
f 1237/880/1313 1239/882/1315 1238/881/1314
f 1238/881/1314 1239/882/1315 1240/883/1316
f 1239/882/1315 1241/884/1317 1240/883/1316
f 1240/883/1316 1241/884/1317 1242/885/1318
f 1190/856/1266 1243/787/1319 1181/855/1257
f 1181/855/1257 1243/787/1319 1244/854/1320
f 1243/787/1319 1245/789/1321 1244/854/1320
f 1244/854/1320 1245/789/1321 1246/853/1322
f 1245/789/1321 1247/791/1323 1246/853/1322
f 1246/853/1322 1247/791/1323 1248/852/1324
f 1247/791/1323 1249/793/1325 1248/852/1324
f 1248/852/1324 1249/793/1325 1235/851/1311
f 1249/793/1325 1250/795/1326 1235/851/1311
f 1252/840/1327 1251/841/1328 1254/842/1329
f 1251/841/1328 1255/843/1330 1254/842/1329
f 1254/842/1329 1255/843/1330 1256/844/1331
f 1255/843/1330 1257/845/1332 1256/844/1331
f 1256/844/1331 1257/845/1332 1244/846/1320
f 1257/845/1332 1258/847/1333 1244/846/1320
f 1244/846/1320 1258/847/1333 1181/848/1257
f 1258/847/1333 1179/849/1255 1181/848/1257
f 1260/868/1334 1259/866/1335 1061/867/1135
f 1061/867/1135 1259/866/1335 693/863/767
f 1259/866/1335 1255/865/1330 693/863/767
f 693/863/767 1255/865/1330 694/863/768
f 1255/865/1330 1239/864/1315 694/863/768
f 694/863/768 1239/864/1315 1261/863/1336
f 1239/864/1315 1237/861/1313 1261/863/1336
f 1261/863/1336 1237/861/1313 858/862/932
f 1237/861/1313 857/860/931 858/862/932
f 883/662/957 884/663/958 1262/577/1337
f 884/663/958 1263/579/1338 1262/577/1337
f 1262/577/1337 1263/579/1338 1264/578/1339
f 1263/579/1338 1265/580/1340 1264/578/1339
f 1264/578/1339 1265/580/1340 1266/601/1341
f 1265/580/1340 1267/602/1342 1266/601/1341
f 1266/601/1341 1267/602/1342 873/625/947
f 1267/602/1342 871/626/946 873/625/947
f 882/661/956 883/662/957 1268/575/1343
f 883/662/957 1262/577/1337 1268/575/1343
f 1268/575/1343 1262/577/1337 1269/576/1344
f 1262/577/1337 1264/578/1339 1269/576/1344
f 1269/576/1344 1264/578/1339 1270/600/1345
f 1264/578/1339 1266/601/1341 1270/600/1345
f 1270/600/1345 1266/601/1341 875/624/949
f 1266/601/1341 873/625/947 875/624/949
f 875/624/949 877/623/951 1270/600/1345
f 877/623/951 878/599/952 1270/600/1345
f 1270/600/1345 878/599/952 1269/576/1344
f 878/599/952 879/574/953 1269/576/1344
f 1269/576/1344 879/574/953 1268/575/1343
f 879/574/953 880/573/954 1268/575/1343
f 1268/575/1343 880/573/954 882/661/956
f 880/573/954 881/660/955 882/661/956
f 872/648/944 1220/649/1296 1271/647/1346
f 1220/649/1296 716/560/790 1271/647/1346
f 1271/647/1346 716/560/790 1272/645/1347
f 716/560/790 718/562/792 1272/645/1347
f 1272/645/1347 718/562/792 1273/643/1348
f 718/562/792 720/564/794 1273/643/1348
f 1273/643/1348 720/564/794 876/642/950
f 720/564/794 722/566/796 876/642/950
f 1112/797/1186 1110/753/1184 896/650/970
f 896/650/970 1110/753/1184 1274/752/1349
f 1110/753/1184 1108/754/1182 1274/752/1349
f 1274/752/1349 1108/754/1182 1275/510/1350
f 1108/754/1182 1106/512/1180 1275/510/1350
f 1275/510/1350 1106/512/1180 1276/511/1351
f 1106/512/1180 542/453/616 1276/511/1351
f 1276/511/1351 542/453/616 544/455/618
f 858/649/932 1277/560/1352 1261/886/1336
f 1261/886/1336 1277/560/1352 694/549/768
f 1277/560/1352 1278/559/1353 694/549/768
f 694/549/768 1278/559/1353 692/547/766
f 1278/559/1353 1279/561/1354 692/547/766
f 692/547/766 1279/561/1354 911/674/985
f 1279/561/1354 1020/563/1094 911/674/985
f 911/674/985 1020/563/1094 909/672/983
f 768/598/842 727/571/801 766/596/840
f 727/571/801 725/569/799 766/596/840
f 766/596/840 725/569/799 764/594/838
f 725/569/799 723/567/797 764/594/838
f 764/594/838 723/567/797 762/592/836
f 723/567/797 721/565/795 762/592/836
f 762/592/836 721/565/795 719/563/793
f 960/535/1034 968/669/1042 959/537/1033
f 959/537/1033 968/669/1042 958/539/1032
f 968/669/1042 966/671/1040 958/539/1032
f 958/539/1032 966/671/1040 957/541/1031
f 966/671/1040 964/673/1038 957/541/1031
f 957/541/1031 964/673/1038 956/543/1030
f 964/673/1038 955/545/1029 956/543/1030
f 1019/734/1093 1018/733/1092 1280/887/1355
f 1018/733/1092 1017/732/1091 1280/887/1355
f 1280/887/1355 1017/732/1091 1281/888/1356
f 1017/732/1091 1016/731/1090 1281/888/1356
f 1281/888/1356 1016/731/1090 1282/889/1357
f 1016/731/1090 932/730/1006 1282/889/1357
f 1282/889/1357 932/730/1006 931/890/1005
f 1068/758/1142 654/451/728 1070/760/1144
f 1070/760/1144 654/451/728 1072/762/1146
f 654/451/728 1211/449/1287 1072/762/1146
f 1072/762/1146 1211/449/1287 602/505/676
f 1211/449/1287 1210/447/1286 602/505/676
f 602/505/676 1210/447/1286 600/503/674
f 1210/447/1286 598/445/672 600/503/674
f 982/708/1056 1283/891/1358 984/710/1058
f 1283/891/1358 1284/892/1359 984/710/1058
f 984/710/1058 1284/892/1359 986/712/1060
f 1284/892/1359 1285/893/1360 986/712/1060
f 986/712/1060 1285/893/1360 988/714/1062
f 1285/893/1360 1286/894/1361 988/714/1062
f 988/714/1062 1286/894/1361 990/716/1064
f 1088/784/1163 1232/788/1308 1089/782/1161
f 1089/782/1161 1232/788/1308 1219/880/1295
f 1232/788/1308 1287/881/1362 1219/880/1295
f 1219/880/1295 1287/881/1362 1222/882/1298
f 1287/881/1362 1288/883/1363 1222/882/1298
f 1222/882/1298 1288/883/1363 1289/884/1364
f 1288/883/1363 1290/885/1365 1289/884/1364
f 802/612/876 1291/614/1366 800/620/874
f 800/620/874 1291/614/1366 798/616/872
f 1291/614/1366 1292/615/1367 798/616/872
f 798/616/872 1292/615/1367 796/617/870
f 1292/615/1367 1293/895/1368 796/617/870
f 796/617/870 1293/895/1368 794/615/868
f 1293/895/1368 792/613/866 794/615/868
f 609/509/681 1102/761/1176 1294/825/1369
f 1102/761/1176 1295/759/1370 1294/825/1369
f 1294/825/1369 1295/759/1370 1296/824/1371
f 1295/759/1370 1297/757/1372 1296/824/1371
f 1296/824/1371 1297/757/1372 1144/823/1217
f 1297/757/1372 1109/755/1183 1144/823/1217
f 1144/823/1217 1109/755/1183 1111/796/1185
f 1004/716/1078 1298/894/1373 1006/714/1080
f 1298/894/1373 1299/893/1374 1006/714/1080
f 1006/714/1080 1299/893/1374 1008/712/1082
f 1299/893/1374 1300/892/1375 1008/712/1082
f 1008/712/1082 1300/892/1375 1010/710/1084
f 1300/892/1375 1301/891/1376 1010/710/1084
f 1010/710/1084 1301/891/1376 1011/708/1085
f 1303/890/1377 1055/730/1129 1302/889/1378
f 1055/730/1129 1054/731/1128 1302/889/1378
f 1302/889/1378 1054/731/1128 1304/888/1379
f 1054/731/1128 1053/732/1127 1304/888/1379
f 1304/888/1379 1053/732/1127 1305/887/1380
f 1053/732/1127 1052/733/1126 1305/887/1380
f 1305/887/1380 1052/733/1126 1051/734/1125
f 810/566/884 851/642/925 811/623/885
f 811/623/885 851/642/925 812/624/886
f 851/642/925 853/644/927 812/624/886
f 812/624/886 853/644/927 813/625/887
f 853/644/927 855/646/929 813/625/887
f 813/625/887 855/646/929 814/626/888
f 855/646/929 857/648/931 814/626/888
f 690/545/764 910/673/984 688/543/762
f 688/543/762 910/673/984 686/541/760
f 910/673/984 908/671/982 686/541/760
f 686/541/760 908/671/982 684/539/758
f 908/671/982 906/669/980 684/539/758
f 684/539/758 906/669/980 682/537/756
f 906/669/980 680/535/754 682/537/756
f 924/687/998 922/685/996 1306/697/1381
f 922/685/996 1307/896/1382 1306/697/1381
f 1306/697/1381 1307/896/1382 1308/696/1383
f 1307/896/1382 1309/897/1384 1308/696/1383
f 1308/696/1383 1309/897/1384 929/692/1003
f 1309/897/1384 931/898/1005 929/692/1003
f 577/481/651 575/479/649 1062/752/1136
f 575/479/649 650/510/724 1062/752/1136
f 1062/752/1136 650/510/724 1064/754/1138
f 650/510/724 652/512/726 1064/754/1138
f 1064/754/1138 652/512/726 1066/756/1140
f 652/512/726 1068/758/1142 1066/756/1140
f 869/659/943 991/726/1065 599/502/673
f 599/502/673 991/726/1065 1310/899/1385
f 991/726/1065 1159/900/1233 1310/899/1385
f 1310/899/1385 1159/900/1233 601/504/675
f 1159/900/1233 1161/901/1235 601/504/675
f 601/504/675 1161/901/1235 1163/902/1237
f 1078/773/1152 1283/903/1358 1080/775/1154
f 1283/903/1358 1311/904/1386 1080/775/1154
f 1080/775/1154 1311/904/1386 1082/777/1156
f 1311/904/1386 1312/905/1387 1082/777/1156
f 1082/777/1156 1312/905/1387 1084/779/1158
f 1312/905/1387 1086/781/1160 1084/779/1158
f 1133/810/1207 1135/812/1209 1313/906/1388
f 1135/812/1209 1156/907/1230 1313/906/1388
f 1313/906/1388 1156/907/1230 1314/908/1389
f 1156/907/1230 1157/909/1231 1314/908/1389
f 1314/908/1389 1157/909/1231 1168/838/1242
f 1157/909/1231 1166/836/1240 1168/838/1242
f 1169/910/1246 1290/885/1365 1224/794/1300
f 1290/885/1365 1288/883/1363 1224/794/1300
f 1224/794/1300 1288/883/1363 1230/792/1306
f 1288/883/1363 1287/881/1362 1230/792/1306
f 1230/792/1306 1287/881/1362 1231/790/1307
f 1287/881/1362 1232/788/1308 1231/790/1307
f 781/607/855 1215/859/1291 783/609/857
f 783/609/857 1215/859/1291 787/607/861
f 1215/859/1291 1216/619/1292 787/607/861
f 787/607/861 1216/619/1292 789/611/863
f 1216/619/1292 1218/620/1294 789/611/863
f 789/611/863 1218/620/1294 791/612/865
f 1094/788/1168 1238/881/1314 1096/790/1170
f 1096/790/1170 1238/881/1314 1098/792/1172
f 1238/881/1314 1240/883/1316 1098/792/1172
f 1098/792/1172 1240/883/1316 1100/794/1174
f 1240/883/1316 1242/885/1318 1100/794/1174
f 1100/794/1174 1242/885/1318 1252/910/1327
f 1192/836/1269 1294/909/1369 1193/838/1267
f 1193/838/1267 1294/909/1369 1315/908/1390
f 1294/909/1369 1296/907/1371 1315/908/1390
f 1315/908/1390 1296/907/1371 1316/906/1391
f 1296/907/1371 1144/812/1217 1316/906/1391
f 1316/906/1391 1144/812/1217 1143/810/1218
f 1196/902/1272 1198/901/1274 612/504/686
f 1198/901/1274 1200/900/1276 612/504/686
f 612/504/686 1200/900/1276 1317/899/1392
f 1200/900/1276 996/726/1069 1317/899/1392
f 1317/899/1392 996/726/1069 614/502/688
f 996/726/1069 885/659/959 614/502/688
f 1114/781/1188 1318/905/1393 1115/779/1190
f 1115/779/1190 1318/905/1393 1117/777/1191
f 1318/905/1393 1319/904/1394 1117/777/1191
f 1117/777/1191 1319/904/1394 1119/775/1193
f 1319/904/1394 1301/903/1376 1119/775/1193
f 1119/775/1193 1301/903/1376 1121/773/1195
f 751/525/825 1320/524/1395 752/526/826
f 752/526/826 1320/524/1395 753/588/827
f 1320/524/1395 1321/858/1396 753/588/827
f 753/588/827 1321/858/1396 755/590/829
f 1321/858/1396 533/444/607 755/590/829
f 755/590/829 533/444/607 531/443/605
f 751/525/825 749/523/823 1320/524/1395
f 749/523/823 747/522/821 1320/524/1395
f 1320/524/1395 747/522/821 1321/858/1396
f 747/522/821 745/586/819 1321/858/1396
f 1321/858/1396 745/586/819 535/446/609
f 745/586/819 537/448/611 535/446/609
f 903/666/977 904/667/978 901/664/975
f 904/667/978 905/668/979 901/664/975
f 901/664/975 905/668/979 899/517/973
f 905/668/979 1322/515/1397 899/517/973
f 899/517/973 1322/515/1397 897/516/971
f 1322/515/1397 743/514/817 897/516/971
f 546/457/620 644/473/718 544/455/618
f 544/455/618 644/473/718 1276/511/1351
f 644/473/718 642/475/716 1276/511/1351
f 1276/511/1351 642/475/716 1275/510/1350
f 642/475/716 640/477/714 1275/510/1350
f 1275/510/1350 640/477/714 638/479/712
f 832/640/904 574/478/648 830/638/905
f 574/478/648 576/480/650 830/638/905
f 830/638/905 576/480/650 834/636/908
f 576/480/650 578/482/652 834/636/908
f 834/636/908 578/482/652 580/484/654
f 831/639/906 833/637/907 1323/911/1398
f 1323/911/1398 833/637/907 1324/912/1399
f 833/637/907 1022/913/1096 1324/912/1399
f 1324/912/1399 1022/913/1096 1325/914/1400
f 1022/913/1096 1024/915/1098 1325/914/1400
f 715/559/789 713/547/787 717/561/791
f 713/547/787 963/674/1037 717/561/791
f 717/561/791 963/674/1037 719/563/793
f 963/674/1037 965/672/1039 719/563/793
f 719/563/793 965/672/1039 1213/583/1289
f 1267/916/1342 1265/917/1340 1089/918/1161
f 1265/917/1340 1263/919/1338 1089/918/1161
f 1089/918/1161 1263/919/1338 1087/920/1162
f 1263/919/1338 884/921/958 1087/920/1162
f 1087/920/1162 884/921/958 736/919/810
f 872/648/944 1271/647/1346 870/646/945
f 1271/647/1346 1272/645/1347 870/646/945
f 870/646/945 1272/645/1347 874/644/948
f 1272/645/1347 1273/643/1348 874/644/948
f 874/644/948 1273/643/1348 876/642/950
f 651/511/725 757/455/831 653/453/727
f 757/455/831 1212/454/1288 653/453/727
f 653/453/727 1212/454/1288 655/452/729
f 1212/454/1288 1214/584/1290 655/452/729
f 655/452/729 1214/584/1290 657/513/731
f 702/922/776 1177/923/1253 700/924/774
f 700/924/774 1177/923/1253 698/925/772
f 1177/923/1253 1179/926/1255 698/925/772
f 698/925/772 1179/926/1255 696/927/771
f 1179/926/1255 697/925/769 696/927/771
f 1286/894/1361 1285/893/1360 1076/769/1148
f 1076/769/1148 1285/893/1360 1074/770/1149
f 1285/893/1360 1284/892/1359 1074/770/1149
f 1074/770/1149 1284/892/1359 1078/773/1152
f 1284/892/1359 1283/891/1358 1078/773/1152
f 1075/800/1150 1128/799/1201 1076/928/1148
f 1128/799/1201 1326/929/1401 1076/928/1148
f 1076/928/1148 1326/929/1401 1286/930/1361
f 1326/929/1401 1158/931/1232 1286/930/1361
f 1286/930/1361 1158/931/1232 990/932/1064
f 1283/903/1358 982/708/1056 1311/904/1386
f 982/708/1056 980/706/1054 1311/904/1386
f 1311/904/1386 980/706/1054 1312/905/1387
f 980/706/1054 978/704/1052 1312/905/1387
f 1312/905/1387 978/704/1052 1086/781/1160
f 992/933/1066 985/711/1059 1327/934/1402
f 985/711/1059 987/713/1061 1327/934/1402
f 1327/934/1402 987/713/1061 1328/935/1403
f 987/713/1061 989/715/1063 1328/935/1403
f 1328/935/1403 989/715/1063 991/717/1065
f 1169/840/1246 1183/851/1260 1172/842/1247
f 1183/851/1260 1185/852/1261 1172/842/1247
f 1172/842/1247 1185/852/1261 1174/844/1250
f 1185/852/1261 1187/853/1263 1174/844/1250
f 1174/844/1250 1187/853/1263 1176/846/1252
f 1047/915/1121 1049/913/1123 1329/914/1404
f 1329/914/1404 1049/913/1123 1330/912/1405
f 1049/913/1123 826/637/900 1330/912/1405
f 1330/912/1405 826/637/900 1331/911/1406
f 826/637/900 828/639/902 1331/911/1406
f 1244/846/1320 1246/853/1322 1256/844/1331
f 1246/853/1322 1248/852/1324 1256/844/1331
f 1256/844/1331 1248/852/1324 1254/842/1329
f 1248/852/1324 1235/851/1311 1254/842/1329
f 1254/842/1329 1235/851/1311 1252/840/1327
f 1102/761/1176 1104/760/1178 1295/759/1370
f 1104/760/1178 1105/758/1179 1295/759/1370
f 1295/759/1370 1105/758/1179 1297/757/1372
f 1105/758/1179 1107/756/1181 1297/757/1372
f 1297/757/1372 1107/756/1181 1109/755/1183
f 995/936/1070 996/717/1069 1332/937/1407
f 996/717/1069 1333/935/1408 1332/937/1407
f 1332/937/1407 1333/935/1408 1334/934/1409
f 1333/935/1408 1007/713/1081 1334/934/1409
f 1334/934/1409 1007/713/1081 1009/711/1083
f 1004/932/1078 1201/931/1277 1298/930/1373
f 1201/931/1277 1335/929/1410 1298/930/1373
f 1298/930/1373 1335/929/1410 1125/928/1199
f 1335/929/1410 1150/799/1224 1125/928/1199
f 1125/928/1199 1150/799/1224 1124/800/1198
f 1114/781/1188 1013/704/1087 1318/905/1393
f 1013/704/1087 1012/706/1086 1318/905/1393
f 1318/905/1393 1012/706/1086 1319/904/1394
f 1012/706/1086 1011/708/1085 1319/904/1394
f 1319/904/1394 1011/708/1085 1301/903/1376
f 1301/891/1376 1300/892/1375 1121/773/1195
f 1121/773/1195 1300/892/1375 1123/770/1197
f 1300/892/1375 1299/893/1374 1123/770/1197
f 1123/770/1197 1299/893/1374 1125/769/1199
f 1299/893/1374 1298/894/1373 1125/769/1199
f 534/445/608 536/447/610 613/503/687
f 613/503/687 536/447/610 611/505/685
f 536/447/610 538/449/612 611/505/685
f 611/505/685 538/449/612 1103/762/1177
f 538/449/612 540/451/614 1103/762/1177
f 934/691/1009 936/690/1010 954/689/1028
f 936/690/1010 938/688/1012 954/689/1028
f 954/689/1028 938/688/1012 952/678/1026
f 938/688/1012 940/687/1014 952/678/1026
f 952/678/1026 940/687/1014 942/686/1016
f 1303/898/1377 1336/897/1411 933/692/1008
f 933/692/1008 1336/897/1411 937/696/1011
f 1336/897/1411 1337/896/1412 937/696/1011
f 937/696/1011 1337/896/1412 939/697/1013
f 1337/896/1412 941/685/1015 939/697/1013
f 849/565/923 1020/563/1094 850/564/924
f 850/564/924 1020/563/1094 1338/562/1413
f 1020/563/1094 1279/561/1354 1338/562/1413
f 1338/562/1413 1279/561/1354 1277/560/1352
f 1279/561/1354 1278/559/1353 1277/560/1352
f 850/564/924 1338/562/1413 852/643/926
f 852/643/926 1338/562/1413 854/645/928
f 1338/562/1413 1277/560/1352 854/645/928
f 854/645/928 1277/560/1352 856/647/930
f 1277/560/1352 858/649/932 856/647/930
f 633/484/707 635/482/709 825/636/899
f 635/482/709 637/480/711 825/636/899
f 825/636/899 637/480/711 827/638/901
f 637/480/711 639/478/713 827/638/901
f 827/638/901 639/478/713 829/640/903
f 924/687/998 1306/697/1381 925/688/999
f 1306/697/1381 1308/696/1383 925/688/999
f 925/688/999 1308/696/1383 927/690/1001
f 1308/696/1383 929/692/1003 927/690/1001
f 708/868/782 1175/866/1251 706/938/780
f 1175/866/1251 1177/923/1253 706/938/780
f 706/938/780 1177/923/1253 704/939/778
f 1177/923/1253 702/922/776 704/939/778
f 992/933/1066 1327/934/1402 993/940/1067
f 993/940/1067 1327/934/1402 1339/937/1414
f 1327/934/1402 1328/935/1403 1339/937/1414
f 1339/937/1414 1328/935/1403 991/717/1065
f 1222/864/1298 1289/941/1364 1173/865/1249
f 1173/865/1249 1289/941/1364 1170/942/1248
f 1289/941/1364 1290/943/1365 1170/942/1248
f 1170/942/1248 1290/943/1365 1169/944/1246
f 1252/944/1327 1242/943/1318 1251/942/1328
f 1242/943/1318 1241/941/1317 1251/942/1328
f 1251/942/1328 1241/941/1317 1255/865/1330
f 1241/941/1317 1239/864/1315 1255/865/1330
f 995/936/1070 1332/937/1407 997/940/1071
f 1332/937/1407 1334/934/1409 997/940/1071
f 997/940/1071 1334/934/1409 998/933/1072
f 1334/934/1409 1009/711/1083 998/933/1072
f 1057/922/1131 1258/923/1333 1058/939/1132
f 1058/939/1132 1258/923/1333 1059/938/1133
f 1258/923/1333 1259/866/1335 1059/938/1133
f 1059/938/1133 1259/866/1335 1260/868/1334
f 857/860/931 1237/861/1313 814/945/888
f 1237/861/1313 1236/918/1312 814/945/888
f 814/945/888 1236/918/1312 775/916/850
f 1236/918/1312 737/917/811 775/916/850
f 915/678/989 917/680/991 1340/698/1415
f 917/680/991 919/682/993 1340/698/1415
f 1340/698/1415 919/682/993 921/684/995
f 756/591/830 1203/590/1279 754/589/828
f 1203/590/1279 1223/588/1299 754/589/828
f 754/589/828 1223/588/1299 672/528/746
f 1035/820/1109 1073/946/1147 843/627/917
f 843/627/917 1073/946/1147 842/628/916
f 1073/946/1147 841/629/915 842/628/916
f 1267/916/1342 1089/918/1161 871/945/946
f 1089/918/1161 1219/861/1295 871/945/946
f 871/945/946 1219/861/1295 872/860/944
f 969/668/1043 970/667/1044 974/664/1048
f 970/667/1044 971/666/1045 974/664/1048
f 974/664/1048 971/666/1045 973/665/1047
f 665/521/739 972/587/1046 667/523/741
f 667/523/741 972/587/1046 669/525/743
f 972/587/1046 671/527/745 669/525/743
f 762/592/836 719/563/793 760/582/834
f 719/563/793 1213/583/1289 760/582/834
f 760/582/834 1213/583/1289 758/456/832
f 1035/820/1109 1151/818/1225 1034/947/1108
f 1034/947/1108 1151/818/1225 1032/948/1106
f 1151/818/1225 1153/816/1227 1032/948/1106
f 1183/949/1260 780/950/854 1341/951/1416
f 780/950/854 784/952/858 1341/951/1416
f 1341/951/1416 784/952/858 786/950/860
f 1183/949/1260 1341/951/1416 1184/953/1258
f 1184/953/1258 1341/951/1416 1182/954/1259
f 1341/951/1416 1186/955/1262 1182/954/1259
f 1188/956/1264 1341/951/1416 1189/957/1265
f 1189/957/1265 1341/951/1416 1190/958/1266
f 1341/951/1416 1243/957/1319 1190/958/1266
f 802/612/876 792/613/866 1291/614/1366
f 1291/614/1366 792/613/866 1292/615/1367
f 792/613/866 1293/895/1368 1292/615/1367
f 1245/956/1321 1341/951/1416 1247/955/1323
f 1247/955/1323 1341/951/1416 1249/954/1325
f 1341/951/1416 1250/953/1326 1249/954/1325
f 1137/816/1211 1139/818/1213 1039/948/1113
f 1039/948/1113 1139/818/1213 1037/947/1112
f 1139/818/1213 1038/820/1110 1037/947/1112
f 818/629/892 1126/946/1200 817/628/891
f 817/628/891 1126/946/1200 816/627/890
f 1126/946/1200 1038/820/1110 816/627/890
f 934/959/1009 1055/695/1129 935/693/1007
f 1055/695/1129 1303/694/1377 935/693/1007
f 935/693/1007 1303/694/1377 933/692/1008
f 1179/926/1255 1258/923/1333 697/925/769
f 697/925/769 1258/923/1333 1056/924/1130
f 1258/923/1333 1057/922/1131 1056/924/1130
f 743/514/817 1322/515/1397 742/513/816
f 742/513/816 1322/515/1397 907/670/981
f 1322/515/1397 905/668/979 907/670/981
f 744/585/818 746/520/820 898/518/972
f 898/518/972 746/520/820 900/519/974
f 746/520/820 748/521/822 900/519/974
f 1275/510/1350 638/479/712 1274/752/1349
f 638/479/712 636/481/710 1274/752/1349
f 1274/752/1349 636/481/710 896/650/970
f 942/686/1016 944/698/1018 952/678/1026
f 944/698/1018 946/680/1020 952/678/1026
f 952/678/1026 946/680/1020 948/679/1022
f 941/685/1015 1342/683/1417 943/684/1017
f 943/684/1017 1342/683/1417 945/682/1019
f 1342/683/1417 947/681/1021 945/682/1019
f 918/681/992 916/679/990 914/675/986
f 914/675/986 916/679/990 912/676/987
f 913/677/988 915/678/989 1015/699/1089
f 1015/699/1089 915/678/989 926/689/1000
f 915/678/989 1340/698/1415 923/686/997
f 923/686/997 1340/698/1415 921/684/995
f 961/533/1035 962/531/1036 960/535/1034
f 960/535/1034 962/531/1036 968/669/1042
f 699/534/773 695/551/770 677/532/751
f 677/532/751 695/551/770 679/534/753
f 714/549/788 716/560/790 1221/886/1297
f 716/560/790 1220/649/1296 1221/886/1297
f 804/462/878 803/460/877 563/461/637
f 563/461/637 803/460/877 565/459/639
f 993/940/1067 1339/937/1414 994/936/1068
f 994/936/1068 1339/937/1414 991/717/1065
f 601/504/675 1163/902/1237 603/506/677
f 603/506/677 1163/902/1237 605/508/679
f 1229/879/1305 1091/960/1165 792/877/866
f 792/877/866 1091/960/1165 1093/879/1167
f 1024/961/1098 1026/813/1100 1325/914/1400
f 1026/813/1100 1154/814/1228 1325/914/1400
f 1152/817/1226 1140/819/1214 1343/962/1418
f 1343/962/1418 1140/819/1214 1138/817/1212
f 1136/814/1210 1045/813/1119 1329/914/1404
f 1045/813/1119 1047/961/1121 1329/914/1404
f 790/603/864 1234/605/1310 788/604/862
f 788/604/862 1234/605/1310 786/606/860
f 786/950/860 1235/949/1311 1341/951/1416
f 1341/951/1416 1235/949/1311 1250/953/1326
f 1087/920/1162 736/919/810 1236/918/1312
f 736/919/810 737/917/811 1236/918/1312
f 607/508/682 1196/902/1272 610/506/684
f 610/506/684 1196/902/1272 612/504/686
f 996/717/1069 1005/715/1079 1333/935/1408
f 1333/935/1408 1005/715/1079 1007/713/1081
f 678/533/752 680/535/754 676/531/750
f 676/531/750 680/535/754 906/669/980
f 1344/963/1419 920/683/994 918/681/992
f 920/683/994 1307/896/1382 922/685/996
f 1205/858/1281 1223/588/1299 1203/590/1279
f 650/510/724 575/479/649 573/477/647
f 654/451/728 1068/758/1142 652/512/726
f 1208/448/1284 656/450/730 658/514/732
f 932/695/1006 926/689/1000 928/691/1002
f 930/693/1004 932/695/1006 928/959/1002
f 1022/913/1096 833/637/907 835/635/909
f 1310/899/1385 601/504/675 599/502/673
f 992/964/1066 983/709/1057 985/711/1059
f 859/700/933 1085/780/1159 975/701/1049
f 1134/796/1208 1083/798/1157 1155/797/1229
f 990/965/1064 1159/900/1233 991/726/1065
f 869/659/943 868/658/942 991/726/1065
f 1183/966/1260 1169/910/1246 1224/794/1300
f 1186/955/1262 1341/951/1416 1188/956/1264
f 782/608/856 784/610/858 780/606/854
f 785/608/859 783/609/857 787/607/861
f 1245/956/1321 1243/957/1319 1341/951/1416
f 1235/966/1311 1100/794/1174 1252/910/1327
f 1253/967/1420 1252/944/1327 1251/942/1328
f 885/659/959 996/726/1069 887/658/961
f 1004/965/1078 996/726/1069 1200/900/1276
f 896/700/970 1014/701/1088 1112/780/1186
f 1345/964/1421 1009/711/1083 999/709/1073
f 1103/762/1177 608/507/683 611/505/685
f 1317/899/1392 614/502/688 612/504/686
f 1049/913/1123 824/635/898 826/637/900
f 1055/695/1129 934/691/1009 954/689/1028
f 849/565/923 848/592/922 1020/563/1094
f 903/666/977 901/664/975 902/665/976
f 542/453/616 1106/512/1180 540/451/614
f 742/513/816 907/670/981 909/672/983
f 533/444/607 1321/858/1396 535/446/609
f 950/676/1024 952/678/1026 948/679/1022
f 1342/683/1417 941/685/1015 1337/896/1412
f 1346/963/1422 947/681/1021 1342/683/1417
f 1349/968/1423 1347/969/1424 1348/970/1425
f 1347/969/1424 1350/971/1426 1348/970/1425
f 1348/970/1425 1350/971/1426 1351/972/1427
f 1350/971/1426 1352/973/1428 1351/972/1427
f 1351/972/1427 1352/973/1428 1353/974/1429
f 1352/973/1428 1354/975/1430 1353/974/1429
f 1353/974/1429 1354/975/1430 1355/976/1431
f 1354/975/1430 1356/977/1432 1355/976/1431
f 1355/976/1431 1356/977/1432 1357/978/1433
f 1360/979/1434 1358/980/1435 1359/981/1436
f 1359/981/1436 1358/980/1435 1361/982/1437
f 1358/980/1435 1353/974/1429 1361/982/1437
f 1361/982/1437 1353/974/1429 1362/983/1438
f 1353/974/1429 1363/984/1439 1362/983/1438
f 1362/983/1438 1363/984/1439 1364/985/1440
f 1363/984/1439 1365/986/1441 1364/985/1440
f 1364/985/1440 1365/986/1441 1366/987/1442
f 1365/986/1441 1367/988/1443 1366/987/1442
f 1370/989/1426 1368/990/1444 1369/991/1428
f 1368/990/1444 1371/977/1432 1369/991/1428
f 1369/991/1428 1371/977/1432 1372/992/1430
f 1371/977/1432 1373/993/1431 1372/992/1430
f 1372/992/1430 1373/993/1431 1374/994/1429
f 1373/993/1431 1375/995/1445 1374/994/1429
f 1374/994/1429 1375/995/1445 1376/996/1441
f 1375/995/1445 1377/997/1443 1376/996/1441
f 1376/996/1441 1377/997/1443 1378/998/1442
f 1381/981/1436 1379/999/1434 1380/1000/1435
f 1379/999/1434 1382/1001/1423 1380/1000/1435
f 1380/1000/1435 1382/1001/1423 1383/1002/1446
f 1382/1001/1423 1384/1003/1425 1383/1002/1446
f 1383/1002/1446 1384/1003/1425 1374/994/1429
f 1384/1003/1425 1385/1004/1427 1374/994/1429
f 1374/994/1429 1385/1004/1427 1369/991/1428
f 1385/1004/1427 1370/989/1426 1369/991/1428
f 1378/998/1442 1386/1005/1440 1376/996/1441
f 1386/1005/1440 1387/1006/1439 1376/996/1441
f 1376/996/1441 1387/1006/1439 1374/994/1429
f 1387/1006/1439 1388/1007/1438 1374/994/1429
f 1374/994/1429 1388/1007/1438 1389/1008/1437
f 1388/1007/1438 1381/981/1436 1389/1008/1437
f 1351/972/1427 1353/974/1429 1348/970/1425
f 1353/974/1429 1390/1009/1446 1348/970/1425
f 1348/970/1425 1390/1009/1446 1349/968/1423
f 1390/1009/1446 1358/980/1435 1349/968/1423
f 1349/968/1423 1358/980/1435 1360/979/1434
f 1363/984/1439 1353/974/1429 1365/986/1441
f 1353/974/1429 1391/1010/1445 1365/986/1441
f 1365/986/1441 1391/1010/1445 1367/988/1443
f 1391/1010/1445 1355/976/1431 1367/988/1443
f 1367/988/1443 1355/976/1431 1357/978/1433
f 1361/982/1437 1362/983/1438 1359/981/1436
f 1359/981/1436 1362/983/1438 1392/1011/1447
f 1362/983/1438 1364/985/1440 1392/1011/1447
f 1350/971/1426 1393/1012/1444 1352/973/1428
f 1393/1012/1444 1356/977/1432 1352/973/1428
f 1352/973/1428 1356/977/1432 1354/975/1430
f 1375/995/1445 1373/993/1431 1377/997/1443
f 1377/997/1443 1373/993/1431 1394/1013/1433
f 1373/993/1431 1371/977/1432 1394/1013/1433
f 1387/1006/1439 1386/1005/1440 1388/1007/1438
f 1386/1005/1440 1395/1014/1447 1388/1007/1438
f 1388/1007/1438 1395/1014/1447 1381/981/1436
f 1381/981/1436 1380/1000/1435 1389/982/1437
f 1389/982/1437 1380/1000/1435 1374/994/1429
f 1380/1000/1435 1383/1002/1446 1374/994/1429
f 1382/1001/1423 1396/1015/1424 1384/1003/1425
f 1396/1015/1424 1370/989/1426 1384/1003/1425
f 1384/1003/1425 1370/989/1426 1385/1004/1427
f 1390/1009/1446 1353/974/1429 1358/980/1435
f 1391/1010/1445 1353/974/1429 1355/976/1431
f 1369/991/1428 1372/992/1430 1374/994/1429
f 1399/1016/1448 1397/1017/1449 1398/1018/1450
f 1397/1017/1449 1400/1019/1451 1398/1018/1450
f 1398/1018/1450 1400/1019/1451 1401/1020/1452
f 1400/1019/1451 1402/1021/1453 1401/1020/1452
f 1401/1020/1452 1402/1021/1453 1403/1022/1454
f 1402/1021/1453 1404/1023/1455 1403/1022/1454
f 1404/1023/1456 1406/1024/1457 1405/1025/1458
f 1405/1025/1458 1406/1024/1457 1407/1026/1459
f 1403/1027/1454 1405/1025/1460 1404/1028/1455
f 1406/1029/1457 1407/1026/1461 1408/1030/1462
f 1411/1031/1463 1409/1024/1464 1410/1026/1465
f 1417/1019/1466 1419/1017/1467 1418/1018/1468
f 1410/1026/1469 1412/1025/1470 1409/1029/1471
f 1409/1029/1471 1412/1025/1470 1413/1028/1472
f 1412/1025/1470 1414/1027/1473 1413/1028/1472
f 1413/1028/1472 1414/1027/1473 1415/1032/1474
f 1414/1027/1473 1416/1033/1475 1415/1032/1474
f 1415/1032/1474 1416/1033/1475 1417/1034/1476
f 1416/1033/1475 1418/1018/1477 1417/1034/1476
f 1418/1018/1477 1420/1035/1478 1419/1036/1479
f 1398/1018/1480 1399/1035/1448 1421/1037/1481
f 1422/1038/1482 1424/1039/1483 1423/1040/1484
f 1429/1041/1485 1427/1039/1486 1428/1042/1487
f 1428/1042/1487 1427/1039/1486 1430/1040/1488
f 1427/1039/1486 1431/1038/1489 1430/1040/1488
f 1430/1040/1488 1431/1038/1489 1432/1037/1490
f 1431/1038/1489 1420/1035/1491 1432/1037/1490
f 1399/1016/1492 1421/1037/1481 1422/1043/1493
f 1421/1037/1481 1423/1040/1494 1422/1043/1493
f 1423/1040/1484 1425/1044/1495 1424/1045/1483
f 1432/1037/1496 1418/1018/1497 1420/1016/1498
f 1426/1046/1499 1424/1045/1483 1425/1042/1495
f 1435/1047/1500 1433/1048/1501 1434/1049/1502
f 1433/1048/1501 1436/1050/1503 1434/1049/1502
f 1434/1049/1502 1436/1050/1503 1437/1051/1504
f 1436/1050/1503 1438/1052/1505 1437/1051/1504
f 1437/1051/1504 1438/1052/1505 1439/1053/1506
f 1438/1052/1505 1440/1054/1507 1439/1053/1506
f 1439/1053/1506 1440/1054/1507 1441/1055/1508
f 1440/1054/1507 1442/1056/1509 1441/1055/1508
f 1441/1055/1508 1442/1056/1509 1443/1057/1510
f 1442/1056/1509 1444/1058/1511 1443/1057/1510
f 1443/1057/1510 1444/1058/1511 1445/1059/1512
f 1444/1058/1511 1446/1060/1513 1445/1059/1512
f 1445/1059/1512 1446/1060/1513 1447/1061/1514
f 1446/1060/1513 1448/1062/1515 1447/1061/1514
f 1447/1061/1514 1448/1062/1515 1449/1063/1516
f 1448/1062/1515 1450/1064/1517 1449/1063/1516
f 1449/1063/1516 1450/1064/1517 1451/1065/1518
f 1450/1064/1517 1452/1066/1519 1451/1065/1518
f 1451/1065/1518 1452/1066/1519 1453/1067/1520
f 1452/1066/1519 1454/1068/1521 1453/1067/1520
f 1453/1067/1520 1454/1068/1521 1455/1069/1522
f 1454/1068/1521 1456/1070/1523 1455/1069/1522
f 1455/1069/1522 1456/1070/1523 1457/1071/1524
f 1456/1070/1523 1458/1072/1525 1457/1071/1524
f 1457/1071/1524 1458/1072/1525 1459/1073/1526
f 1458/1072/1525 1460/1074/1527 1459/1073/1526
f 1463/1074/1528 1461/1072/1529 1462/1073/1530
f 1462/1073/1530 1461/1072/1529 1464/1071/1531
f 1461/1072/1529 1465/1070/1532 1464/1071/1531
f 1464/1071/1531 1465/1070/1532 1466/1069/1519
f 1465/1070/1532 1467/1068/1521 1466/1069/1519
f 1466/1069/1519 1467/1068/1521 1468/1067/1520
f 1467/1068/1521 1469/1066/1522 1468/1067/1520
f 1468/1067/1520 1469/1066/1522 1470/1065/1533
f 1469/1066/1522 1471/1064/1534 1470/1065/1533
f 1470/1065/1533 1471/1064/1534 1472/1063/1535
f 1471/1064/1534 1473/1062/1536 1472/1063/1535
f 1472/1063/1535 1473/1062/1536 1474/1061/1537
f 1473/1062/1536 1475/1060/1538 1474/1061/1537
f 1474/1061/1537 1475/1060/1538 1476/1059/1512
f 1475/1060/1538 1477/1058/1539 1476/1059/1512
f 1476/1059/1512 1477/1058/1539 1478/1057/1510
f 1477/1058/1539 1479/1056/1540 1478/1057/1510
f 1478/1057/1510 1479/1056/1540 1480/1055/1541
f 1479/1056/1540 1481/1054/1542 1480/1055/1541
f 1480/1055/1541 1481/1054/1542 1482/1053/1506
f 1481/1054/1542 1483/1052/1543 1482/1053/1506
f 1482/1053/1506 1483/1052/1543 1484/1051/1504
f 1483/1052/1543 1485/1050/1544 1484/1051/1504
f 1484/1051/1504 1485/1050/1544 1486/1049/1545
f 1485/1050/1544 1487/1048/1546 1486/1049/1545
f 1486/1049/1545 1487/1048/1546 1488/1047/1547
f 1435/1075/1500 1434/1076/1502 1489/1077/1548
f 1489/1077/1548 1434/1076/1502 1490/1078/1549
f 1434/1076/1502 1437/1051/1504 1490/1078/1549
f 1490/1078/1549 1437/1051/1504 1491/1079/1550
f 1437/1051/1504 1439/1053/1506 1491/1079/1550
f 1491/1079/1550 1439/1053/1506 1492/1080/1551
f 1439/1053/1506 1441/1055/1508 1492/1080/1551
f 1492/1080/1551 1441/1055/1508 1493/1081/1540
f 1441/1055/1508 1443/1057/1510 1493/1081/1540
f 1493/1081/1540 1443/1057/1510 1494/1082/1552
f 1443/1057/1510 1445/1059/1512 1494/1082/1552
f 1494/1082/1552 1445/1059/1512 1495/1083/1538
f 1445/1059/1512 1496/1084/1537 1495/1083/1538
f 1495/1083/1538 1496/1084/1537 1497/1085/1536
f 1496/1084/1537 1498/1086/1535 1497/1085/1536
f 1497/1085/1536 1498/1086/1535 1499/1087/1534
f 1498/1086/1535 1500/1088/1533 1499/1087/1534
f 1499/1087/1534 1500/1088/1533 1455/1069/1522
f 1500/1088/1533 1453/1067/1520 1455/1069/1522
f 1468/1067/1520 1501/1088/1518 1466/1069/1519
f 1466/1069/1519 1501/1088/1518 1502/1087/1553
f 1501/1088/1518 1503/1086/1516 1502/1087/1553
f 1502/1087/1553 1503/1086/1516 1504/1085/1554
f 1503/1086/1516 1505/1084/1514 1504/1085/1554
f 1504/1085/1554 1505/1084/1514 1506/1083/1513
f 1505/1084/1514 1476/1059/1512 1506/1083/1513
f 1506/1083/1513 1476/1059/1512 1507/1082/1511
f 1476/1059/1512 1478/1057/1510 1507/1082/1511
f 1507/1082/1511 1478/1057/1510 1508/1081/1509
f 1478/1057/1510 1480/1055/1541 1508/1081/1509
f 1508/1081/1509 1480/1055/1541 1509/1080/1555
f 1480/1055/1541 1482/1053/1506 1509/1080/1555
f 1509/1080/1555 1482/1053/1506 1510/1079/1556
f 1482/1053/1506 1484/1051/1504 1510/1079/1556
f 1510/1079/1556 1484/1051/1504 1511/1078/1557
f 1484/1051/1504 1486/1076/1545 1511/1078/1557
f 1511/1078/1557 1486/1076/1545 1512/1077/1558
f 1486/1076/1545 1488/1075/1547 1512/1077/1558
f 1514/1089/1559 1460/1074/1527 1513/1090/1560
f 1460/1074/1527 1458/1072/1525 1513/1090/1560
f 1513/1090/1560 1458/1072/1525 1515/1091/1561
f 1458/1072/1525 1456/1070/1523 1515/1091/1561
f 1515/1091/1561 1456/1070/1523 1516/1092/1562
f 1456/1070/1523 1454/1068/1521 1516/1092/1562
f 1516/1092/1562 1454/1068/1521 1517/1093/1532
f 1454/1068/1521 1452/1066/1519 1517/1093/1532
f 1517/1093/1532 1452/1066/1519 1518/1094/1563
f 1452/1066/1519 1450/1064/1517 1518/1094/1563
f 1518/1094/1563 1450/1064/1517 1519/1095/1564
f 1521/1064/1565 1520/1062/1565 1519/1095/1566
f 1473/1062/1536 1471/1064/1534 1522/1095/1567
f 1522/1095/1567 1471/1064/1534 1523/1094/1524
f 1471/1064/1534 1469/1066/1522 1523/1094/1524
f 1523/1094/1524 1469/1066/1522 1524/1093/1523
f 1469/1066/1522 1467/1068/1521 1524/1093/1523
f 1524/1093/1523 1467/1068/1521 1525/1092/1562
f 1467/1068/1521 1465/1070/1532 1525/1092/1562
f 1525/1092/1562 1465/1070/1532 1526/1091/1568
f 1465/1070/1532 1461/1072/1529 1526/1091/1568
f 1526/1091/1568 1461/1072/1529 1527/1090/1569
f 1461/1072/1529 1463/1074/1528 1527/1090/1569
f 1527/1090/1569 1463/1074/1528 1528/1089/1570
f 1530/1096/1571 1529/1097/1572 1433/1048/1501
f 1433/1048/1501 1529/1097/1572 1436/1050/1503
f 1529/1097/1572 1531/1098/1573 1436/1050/1503
f 1436/1050/1503 1531/1098/1573 1438/1052/1505
f 1531/1098/1573 1532/1099/1574 1438/1052/1505
f 1438/1052/1505 1532/1099/1574 1440/1054/1507
f 1532/1099/1574 1533/1100/1575 1440/1054/1507
f 1440/1054/1507 1533/1100/1575 1442/1056/1509
f 1533/1100/1575 1446/1060/1513 1442/1056/1509
f 1442/1056/1509 1446/1060/1513 1444/1058/1511
f 1535/1101/1576 1489/1077/1548 1534/1102/1577
f 1489/1077/1548 1490/1078/1549 1534/1102/1577
f 1534/1102/1577 1490/1078/1549 1536/1103/1578
f 1490/1078/1549 1491/1079/1550 1536/1103/1578
f 1536/1103/1578 1491/1079/1550 1537/1104/1579
f 1491/1079/1550 1492/1080/1551 1537/1104/1579
f 1537/1104/1579 1492/1080/1551 1538/1105/1580
f 1492/1080/1551 1493/1081/1540 1538/1105/1580
f 1538/1105/1580 1493/1081/1540 1495/1083/1538
f 1493/1081/1540 1539/1082/1581 1495/1083/1538
f 1507/1082/1511 1508/1081/1509 1506/1083/1513
f 1506/1083/1513 1508/1081/1509 1540/1105/1575
f 1508/1081/1509 1509/1080/1555 1540/1105/1575
f 1540/1105/1575 1509/1080/1555 1541/1104/1574
f 1509/1080/1555 1510/1079/1556 1541/1104/1574
f 1541/1104/1574 1510/1079/1556 1542/1103/1582
f 1510/1079/1556 1511/1078/1557 1542/1103/1582
f 1542/1103/1582 1511/1078/1557 1543/1102/1583
f 1511/1078/1557 1512/1077/1558 1543/1102/1583
f 1543/1102/1583 1512/1077/1558 1544/1101/1571
f 1477/1058/1539 1475/1060/1538 1479/1056/1540
f 1475/1060/1538 1545/1100/1580 1479/1056/1540
f 1479/1056/1540 1545/1100/1580 1481/1054/1542
f 1545/1100/1580 1546/1099/1579 1481/1054/1542
f 1481/1054/1542 1546/1099/1579 1483/1052/1543
f 1546/1099/1579 1547/1098/1578 1483/1052/1543
f 1483/1052/1543 1547/1098/1578 1485/1050/1544
f 1547/1098/1578 1548/1097/1584 1485/1050/1544
f 1485/1050/1544 1548/1097/1584 1487/1048/1546
f 1548/1097/1584 1549/1096/1576 1487/1048/1546
f 1530/1096/1571 1550/1106/1570 1529/1097/1572
f 1550/1106/1570 1551/1107/1528 1529/1097/1572
f 1529/1097/1572 1551/1107/1528 1531/1098/1573
f 1551/1107/1528 1552/1108/1530 1531/1098/1573
f 1531/1098/1573 1552/1108/1530 1532/1099/1574
f 1552/1108/1530 1519/1109/1564 1532/1099/1574
f 1532/1099/1574 1519/1109/1564 1533/1100/1575
f 1519/1109/1564 1448/1062/1515 1533/1100/1575
f 1533/1100/1575 1448/1062/1515 1446/1060/1513
f 1535/1101/1576 1534/1102/1577 1514/1110/1559
f 1514/1110/1559 1534/1102/1577 1460/1111/1527
f 1534/1102/1577 1536/1103/1578 1460/1111/1527
f 1460/1111/1527 1536/1103/1578 1459/1112/1526
f 1536/1103/1578 1537/1104/1579 1459/1112/1526
f 1459/1112/1526 1537/1104/1579 1553/1113/1567
f 1537/1104/1579 1538/1105/1580 1553/1113/1567
f 1553/1113/1567 1538/1105/1580 1497/1085/1536
f 1538/1105/1580 1495/1083/1538 1497/1085/1536
f 1506/1083/1513 1540/1105/1575 1504/1085/1554
f 1504/1085/1554 1540/1105/1575 1554/1113/1564
f 1540/1105/1575 1541/1104/1574 1554/1113/1564
f 1554/1113/1564 1541/1104/1574 1462/1112/1530
f 1541/1104/1574 1542/1103/1582 1462/1112/1530
f 1462/1112/1530 1542/1103/1582 1463/1111/1528
f 1542/1103/1582 1543/1102/1583 1463/1111/1528
f 1463/1111/1528 1543/1102/1583 1528/1110/1570
f 1543/1102/1583 1544/1101/1571 1528/1110/1570
f 1475/1060/1538 1473/1062/1536 1545/1100/1580
f 1473/1062/1536 1522/1109/1567 1545/1100/1580
f 1545/1100/1580 1522/1109/1567 1546/1099/1579
f 1522/1109/1567 1555/1108/1526 1546/1099/1579
f 1546/1099/1579 1555/1108/1526 1547/1098/1578
f 1555/1108/1526 1556/1107/1527 1547/1098/1578
f 1547/1098/1578 1556/1107/1527 1548/1097/1584
f 1556/1107/1527 1557/1106/1559 1548/1097/1584
f 1548/1097/1584 1557/1106/1559 1549/1096/1576
f 1560/1114/1585 1558/1115/1586 1559/1116/1587
f 1558/1115/1586 1561/1117/1568 1559/1116/1587
f 1559/1116/1587 1561/1117/1568 1562/1118/1569
f 1561/1117/1568 1563/1119/1529 1562/1118/1569
f 1562/1118/1569 1563/1119/1529 1551/1120/1528
f 1563/1119/1529 1552/1121/1530 1551/1120/1528
f 1558/1115/1586 1516/1092/1562 1561/1117/1568
f 1516/1092/1562 1517/1093/1532 1561/1117/1568
f 1561/1117/1568 1517/1093/1532 1563/1119/1529
f 1517/1093/1532 1518/1094/1563 1563/1119/1529
f 1563/1119/1529 1518/1094/1563 1552/1121/1530
f 1518/1094/1563 1519/1095/1564 1552/1121/1530
f 1500/1088/1533 1564/1122/1588 1453/1067/1520
f 1453/1067/1520 1564/1122/1588 1451/1065/1518
f 1564/1122/1588 1565/1123/1589 1451/1065/1518
f 1451/1065/1518 1565/1123/1589 1449/1063/1516
f 1565/1123/1589 1445/1059/1512 1449/1063/1516
f 1449/1063/1516 1445/1059/1512 1447/1061/1514
f 1474/1061/1537 1476/1059/1512 1472/1063/1535
f 1476/1059/1512 1566/1123/1590 1472/1063/1535
f 1472/1063/1535 1566/1123/1590 1470/1065/1533
f 1566/1123/1590 1567/1122/1588 1470/1065/1533
f 1470/1065/1533 1567/1122/1588 1468/1067/1520
f 1567/1122/1588 1501/1088/1518 1468/1067/1520
f 1522/1095/1567 1523/1094/1524 1555/1121/1526
f 1555/1121/1526 1523/1094/1524 1568/1119/1525
f 1523/1094/1524 1524/1093/1523 1568/1119/1525
f 1568/1119/1525 1524/1093/1523 1569/1117/1561
f 1524/1093/1523 1525/1092/1562 1569/1117/1561
f 1569/1117/1561 1525/1092/1562 1570/1115/1586
f 1555/1121/1526 1568/1119/1525 1556/1120/1527
f 1556/1120/1527 1568/1119/1525 1571/1118/1560
f 1568/1119/1525 1569/1117/1561 1571/1118/1560
f 1571/1118/1560 1569/1117/1561 1572/1116/1591
f 1569/1117/1561 1570/1115/1586 1572/1116/1591
f 1572/1116/1591 1570/1115/1586 1573/1114/1585
f 1514/1089/1559 1513/1090/1560 1574/1124/1592
f 1574/1124/1592 1513/1090/1560 1575/1125/1591
f 1513/1090/1560 1515/1091/1561 1575/1125/1591
f 1575/1125/1591 1515/1091/1561 1558/1126/1586
f 1515/1091/1561 1516/1092/1562 1558/1126/1586
f 1525/1092/1562 1526/1091/1568 1570/1126/1586
f 1570/1126/1586 1526/1091/1568 1576/1125/1593
f 1526/1091/1568 1527/1090/1569 1576/1125/1593
f 1576/1125/1593 1527/1090/1569 1577/1124/1594
f 1527/1090/1569 1528/1089/1570 1577/1124/1594
f 1500/1088/1533 1498/1086/1535 1578/1127/1590
f 1498/1086/1535 1445/1059/1512 1578/1127/1590
f 1578/1127/1590 1445/1059/1512 1564/1122/1588
f 1445/1059/1512 1565/1123/1589 1564/1122/1588
f 1566/1123/1590 1476/1059/1512 1567/1122/1588
f 1567/1122/1588 1476/1059/1512 1579/1127/1589
f 1476/1059/1512 1503/1086/1516 1579/1127/1589
f 1579/1127/1589 1503/1086/1516 1501/1088/1518
f 1559/1116/1587 1562/1118/1569 1580/1128/1594
f 1580/1128/1594 1562/1118/1569 1550/1129/1570
f 1562/1118/1569 1551/1120/1528 1550/1129/1570
f 1459/1073/1526 1553/1130/1567 1457/1071/1524
f 1553/1130/1567 1499/1087/1534 1457/1071/1524
f 1457/1071/1524 1499/1087/1534 1455/1069/1522
f 1466/1069/1519 1502/1087/1553 1464/1071/1531
f 1464/1071/1531 1502/1087/1553 1554/1130/1564
f 1502/1087/1553 1504/1085/1554 1554/1130/1564
f 1556/1120/1527 1571/1118/1560 1557/1129/1559
f 1557/1129/1559 1571/1118/1560 1581/1128/1592
f 1571/1118/1560 1572/1116/1591 1581/1128/1592
f 1560/1131/1585 1575/1125/1591 1558/1126/1586
f 1553/1130/1567 1497/1085/1536 1499/1087/1534
f 1500/1088/1533 1578/1127/1590 1564/1122/1588
f 1496/1084/1537 1445/1059/1512 1498/1086/1535
f 1505/1084/1514 1503/1086/1516 1476/1059/1512
f 1501/1088/1518 1567/1122/1588 1579/1127/1589
f 1462/1073/1530 1464/1071/1531 1554/1130/1564
f 1573/1131/1585 1570/1126/1586 1576/1125/1593
usemtl skirt
f 1584/1132/1595 1582/1133/1596 1583/1134/1597
f 1582/1133/1596 1585/1135/1598 1583/1134/1597
f 1583/1134/1597 1585/1135/1598 1586/1136/1599
f 1585/1135/1598 1587/1137/1600 1586/1136/1599
f 1586/1136/1599 1587/1137/1600 1588/1138/1601
f 1587/1137/1600 1589/1139/1602 1588/1138/1601
f 1588/1138/1601 1589/1139/1602 1590/1140/1603
f 1589/1139/1602 1591/1141/1604 1590/1140/1603
f 1590/1140/1603 1591/1141/1604 1592/1142/1605
f 1591/1141/1604 1593/1143/1606 1592/1142/1605
f 1592/1142/1605 1593/1143/1606 1594/1144/1607
f 1593/1143/1606 1595/1145/1608 1594/1144/1607
f 1594/1144/1607 1595/1145/1608 1596/1146/1609
f 1595/1145/1608 1597/1147/1610 1596/1146/1609
f 1596/1146/1609 1597/1147/1610 1598/1148/1611
f 1597/1147/1610 1599/1149/1612 1598/1148/1611
f 1598/1148/1611 1599/1149/1612 1600/1150/1613
f 1599/1149/1612 1601/1151/1614 1600/1150/1613
f 1600/1150/1613 1601/1151/1614 1602/1152/1615
f 1601/1151/1614 1603/1153/1616 1602/1152/1615
f 1602/1152/1615 1603/1153/1616 1604/1154/1617
f 1603/1153/1616 1605/1155/1618 1604/1154/1617
f 1604/1154/1617 1605/1155/1618 1606/1156/1619
f 1605/1155/1618 1607/1157/1620 1606/1156/1619
f 1606/1156/1619 1607/1157/1620 1608/1158/1621
f 1607/1157/1620 1609/1159/1622 1608/1158/1621
f 1608/1158/1621 1609/1159/1622 1610/1160/1623
f 1609/1159/1622 1611/1161/1624 1610/1160/1623
f 1614/1162/1625 1612/1163/1626 1613/1164/1627
f 1612/1163/1626 1615/1165/1628 1613/1164/1627
f 1613/1164/1627 1615/1165/1628 1587/1137/1600
f 1615/1165/1628 1616/1166/1629 1587/1137/1600
f 1587/1137/1600 1616/1166/1629 1589/1139/1602
f 1616/1166/1629 1617/1167/1630 1589/1139/1602
f 1589/1139/1602 1617/1167/1630 1591/1141/1604
f 1617/1167/1630 1618/1168/1631 1591/1141/1604
f 1591/1141/1604 1618/1168/1631 1593/1143/1606
f 1618/1168/1631 1619/1169/1632 1593/1143/1606
f 1593/1143/1606 1619/1169/1632 1595/1145/1608
f 1619/1169/1632 1620/1170/1633 1595/1145/1608
f 1595/1145/1608 1620/1170/1633 1597/1147/1610
f 1620/1170/1633 1621/1171/1634 1597/1147/1610
f 1597/1147/1610 1621/1171/1634 1599/1149/1612
f 1621/1171/1634 1622/1172/1635 1599/1149/1612
f 1599/1149/1612 1622/1172/1635 1601/1151/1614
f 1622/1172/1635 1623/1173/1636 1601/1151/1614
f 1601/1151/1614 1623/1173/1636 1603/1153/1616
f 1623/1173/1636 1624/1174/1637 1603/1153/1616
f 1603/1153/1616 1624/1174/1637 1605/1155/1618
f 1624/1174/1637 1625/1175/1638 1605/1155/1618
f 1605/1155/1618 1625/1175/1638 1607/1157/1620
f 1625/1175/1638 1626/1176/1639 1607/1157/1620
f 1607/1157/1620 1626/1176/1639 1609/1159/1622
f 1626/1176/1639 1627/1177/1640 1609/1159/1622
f 1609/1159/1622 1627/1177/1640 1611/1161/1624
f 1627/1177/1640 1628/1178/1641 1611/1161/1624
f 1628/1178/1641 1627/1177/1640 1629/1161/1642
f 1629/1161/1642 1627/1177/1640 1630/1159/1643
f 1627/1177/1640 1626/1176/1639 1630/1159/1643
f 1630/1159/1643 1626/1176/1639 1631/1157/1644
f 1626/1176/1639 1625/1175/1638 1631/1157/1644
f 1631/1157/1644 1625/1175/1638 1632/1155/1645
f 1625/1175/1638 1624/1174/1637 1632/1155/1645
f 1632/1155/1645 1624/1174/1637 1633/1153/1646
f 1624/1174/1637 1623/1173/1636 1633/1153/1646
f 1633/1153/1646 1623/1173/1636 1634/1151/1647
f 1623/1173/1636 1622/1172/1635 1634/1151/1647
f 1634/1151/1647 1622/1172/1635 1635/1149/1648
f 1622/1172/1635 1621/1171/1634 1635/1149/1648
f 1635/1149/1648 1621/1171/1634 1636/1147/1649
f 1621/1171/1634 1620/1170/1633 1636/1147/1649
f 1636/1147/1649 1620/1170/1633 1637/1145/1650
f 1620/1170/1633 1619/1169/1632 1637/1145/1650
f 1637/1145/1650 1619/1169/1632 1638/1143/1651
f 1619/1169/1632 1618/1168/1631 1638/1143/1651
f 1638/1143/1651 1618/1168/1631 1639/1141/1652
f 1618/1168/1631 1617/1167/1630 1639/1141/1652
f 1639/1141/1652 1617/1167/1630 1640/1139/1653
f 1617/1167/1630 1616/1166/1629 1640/1139/1653
f 1640/1139/1653 1616/1166/1629 1641/1137/1654
f 1616/1166/1629 1615/1165/1628 1641/1137/1654
f 1641/1137/1654 1615/1165/1628 1642/1164/1655
f 1615/1165/1628 1612/1163/1626 1642/1164/1655
f 1642/1164/1655 1612/1163/1626 1643/1162/1656
f 1629/1161/1642 1630/1159/1643 1644/1160/1657
f 1644/1160/1657 1630/1159/1643 1645/1158/1658
f 1630/1159/1643 1631/1157/1644 1645/1158/1658
f 1645/1158/1658 1631/1157/1644 1646/1156/1659
f 1631/1157/1644 1632/1155/1645 1646/1156/1659
f 1646/1156/1659 1632/1155/1645 1647/1154/1660
f 1632/1155/1645 1633/1153/1646 1647/1154/1660
f 1647/1154/1660 1633/1153/1646 1648/1152/1661
f 1633/1153/1646 1634/1151/1647 1648/1152/1661
f 1648/1152/1661 1634/1151/1647 1649/1150/1662
f 1634/1151/1647 1635/1149/1648 1649/1150/1662
f 1649/1150/1662 1635/1149/1648 1650/1148/1663
f 1635/1149/1648 1636/1147/1649 1650/1148/1663
f 1650/1148/1663 1636/1147/1649 1651/1146/1664
f 1636/1147/1649 1637/1145/1650 1651/1146/1664
f 1651/1146/1664 1637/1145/1650 1652/1144/1665
f 1637/1145/1650 1638/1143/1651 1652/1144/1665
f 1652/1144/1665 1638/1143/1651 1653/1142/1666
f 1638/1143/1651 1639/1141/1652 1653/1142/1666
f 1653/1142/1666 1639/1141/1652 1654/1140/1667
f 1639/1141/1652 1640/1139/1653 1654/1140/1667
f 1654/1140/1667 1640/1139/1653 1655/1138/1668
f 1640/1139/1653 1641/1137/1654 1655/1138/1668
f 1655/1138/1668 1641/1137/1654 1656/1136/1669
f 1641/1137/1654 1657/1135/1670 1656/1136/1669
f 1656/1136/1669 1657/1135/1670 1658/1134/1671
f 1657/1135/1670 1659/1133/1672 1658/1134/1671
f 1658/1134/1671 1659/1133/1672 1660/1132/1673
f 1663/1179/1674 1661/1180/1675 1662/1181/1676
f 1661/1180/1675 1664/1182/1677 1662/1181/1676
f 1662/1181/1676 1664/1182/1677 1665/1183/1678
f 1664/1182/1677 1666/1184/1679 1665/1183/1678
f 1665/1183/1678 1666/1184/1679 1667/1185/1680
f 1666/1184/1679 1668/1183/1681 1667/1185/1680
f 1667/1185/1680 1668/1183/1681 1669/1186/1682
f 1668/1183/1681 1670/1187/1683 1669/1186/1682
f 1669/1186/1682 1670/1187/1683 1671/1188/1684
f 1670/1187/1683 1672/1189/1685 1671/1188/1684
f 1671/1188/1684 1672/1189/1685 1673/1190/1686
f 1672/1189/1685 1674/1191/1687 1673/1190/1686
f 1673/1190/1686 1674/1191/1687 1675/1192/1688
f 1674/1191/1687 1676/1193/1689 1675/1192/1688
f 1675/1192/1688 1676/1193/1689 1677/1194/1690
f 1676/1193/1689 1678/1195/1691 1677/1194/1690
f 1677/1194/1690 1678/1195/1691 1679/1196/1692
f 1678/1195/1691 1680/1197/1693 1679/1196/1692
f 1679/1196/1692 1680/1197/1693 1681/1198/1694
f 1680/1197/1693 1682/1199/1695 1681/1198/1694
f 1681/1198/1694 1682/1199/1695 1683/1200/1696
f 1682/1199/1695 1684/1201/1697 1683/1200/1696
f 1683/1200/1696 1684/1201/1697 1685/1202/1698
f 1684/1201/1697 1686/1203/1699 1685/1202/1698
f 1685/1202/1698 1686/1203/1699 1687/1204/1700
f 1686/1203/1699 1688/1205/1701 1687/1204/1700
f 1687/1204/1700 1688/1205/1701 1689/1206/1702
f 1688/1205/1701 1690/1204/1703 1689/1206/1702
f 1693/1207/1704 1691/1208/1705 1692/1209/1706
f 1691/1208/1705 1694/1207/1707 1692/1209/1706
f 1692/1209/1706 1694/1207/1707 1695/1182/1708
f 1694/1207/1707 1696/1180/1709 1695/1182/1708
f 1695/1182/1708 1696/1180/1709 1697/1181/1710
f 1696/1180/1709 1698/1179/1711 1697/1181/1710
f 1697/1181/1710 1698/1179/1711 1699/1210/1712
f 1698/1179/1711 1700/1211/1713 1699/1210/1712
f 1699/1210/1712 1700/1211/1713 1701/1212/1714
f 1700/1211/1713 1702/1213/1715 1701/1212/1714
f 1701/1212/1714 1702/1213/1715 1703/1214/1716
f 1702/1213/1715 1704/1215/1717 1703/1214/1716
f 1703/1214/1716 1704/1215/1717 1678/1195/1691
f 1704/1215/1717 1705/1216/1718 1678/1195/1691
f 1678/1195/1691 1705/1216/1718 1680/1197/1693
f 1705/1216/1718 1706/1217/1719 1680/1197/1693
f 1680/1197/1693 1706/1217/1719 1682/1199/1695
f 1706/1217/1719 1707/1218/1720 1682/1199/1695
f 1682/1199/1695 1707/1218/1720 1684/1201/1697
f 1707/1218/1720 1708/1219/1721 1684/1201/1697
f 1684/1201/1697 1708/1219/1721 1686/1203/1699
f 1708/1219/1721 1709/1220/1722 1686/1203/1699
f 1686/1203/1699 1709/1220/1722 1688/1205/1701
f 1709/1220/1722 1710/1203/1723 1688/1205/1701
f 1688/1205/1701 1710/1203/1723 1690/1204/1703
f 1710/1203/1723 1711/1202/1724 1690/1204/1703
f 1713/1221/1725 1667/1222/1680 1712/1223/1726
f 1712/1223/1726 1667/1222/1680 1714/1221/1727
f 1667/1222/1680 1669/1224/1682 1714/1221/1727
f 1714/1221/1727 1669/1224/1682 1715/1225/1728
f 1669/1224/1682 1671/1226/1684 1715/1225/1728
f 1715/1225/1728 1671/1226/1684 1716/1227/1729
f 1671/1226/1684 1673/1228/1686 1716/1227/1729
f 1716/1227/1729 1673/1228/1686 1717/1229/1730
f 1673/1228/1686 1675/1230/1688 1717/1229/1730
f 1717/1229/1730 1675/1230/1688 1718/1231/1731
f 1675/1230/1688 1677/1232/1690 1718/1231/1731
f 1718/1231/1731 1677/1232/1690 1719/1233/1732
f 1677/1232/1690 1679/1234/1692 1719/1233/1732
f 1719/1233/1732 1679/1234/1692 1720/1235/1733
f 1679/1234/1692 1681/1236/1694 1720/1235/1733
f 1720/1235/1733 1681/1236/1694 1721/1237/1734
f 1681/1236/1694 1683/1238/1696 1721/1237/1734
f 1721/1237/1734 1683/1238/1696 1722/1239/1735
f 1683/1238/1696 1685/1240/1698 1722/1239/1735
f 1722/1239/1735 1685/1240/1698 1723/1241/1736
f 1685/1240/1698 1687/1242/1700 1723/1241/1736
f 1723/1241/1736 1687/1242/1700 1724/1243/1737
f 1687/1242/1700 1689/1244/1702 1724/1243/1737
f 1724/1243/1737 1689/1244/1702 1690/1242/1703
f 1667/1222/1680 1713/1221/1725 1725/1224/1738
f 1713/1221/1725 1726/1225/1739 1725/1224/1738
f 1725/1224/1738 1726/1225/1739 1727/1226/1740
f 1726/1225/1739 1728/1227/1741 1727/1226/1740
f 1727/1226/1740 1728/1227/1741 1729/1228/1742
f 1728/1227/1741 1730/1229/1743 1729/1228/1742
f 1729/1228/1742 1730/1229/1743 1731/1230/1744
f 1730/1229/1743 1732/1231/1745 1731/1230/1744
f 1731/1230/1744 1732/1231/1745 1733/1232/1746
f 1732/1231/1745 1734/1233/1747 1733/1232/1746
f 1733/1232/1746 1734/1233/1747 1735/1234/1748
f 1734/1233/1747 1736/1235/1749 1735/1234/1748
f 1735/1234/1748 1736/1235/1749 1737/1236/1750
f 1736/1235/1749 1738/1237/1751 1737/1236/1750
f 1737/1236/1750 1738/1237/1751 1739/1238/1752
f 1738/1237/1751 1740/1239/1753 1739/1238/1752
f 1739/1238/1752 1740/1239/1753 1711/1240/1724
f 1740/1239/1753 1741/1241/1754 1711/1240/1724
f 1711/1240/1724 1741/1241/1754 1690/1242/1703
f 1741/1241/1754 1724/1243/1737 1690/1242/1703
f 1667/1185/1680 1725/1186/1738 1665/1183/1678
f 1665/1183/1678 1725/1186/1738 1742/1187/1755
f 1725/1186/1738 1727/1188/1740 1742/1187/1755
f 1742/1187/1755 1727/1188/1740 1743/1189/1756
f 1727/1188/1740 1729/1190/1742 1743/1189/1756
f 1743/1189/1756 1729/1190/1742 1744/1191/1757
f 1729/1190/1742 1731/1192/1744 1744/1191/1757
f 1744/1191/1757 1731/1192/1744 1745/1193/1758
f 1731/1192/1744 1733/1194/1746 1745/1193/1758
f 1745/1193/1758 1733/1194/1746 1746/1195/1759
f 1733/1194/1746 1735/1196/1748 1746/1195/1759
f 1746/1195/1759 1735/1196/1748 1747/1197/1760
f 1735/1196/1748 1737/1198/1750 1747/1197/1760
f 1747/1197/1760 1737/1198/1750 1748/1199/1761
f 1737/1198/1750 1739/1200/1752 1748/1199/1761
f 1748/1199/1761 1739/1200/1752 1749/1201/1762
f 1739/1200/1752 1711/1202/1724 1749/1201/1762
f 1749/1201/1762 1711/1202/1724 1710/1203/1723
f 1662/1181/1676 1750/1210/1763 1663/1179/1674
f 1663/1179/1674 1750/1210/1763 1751/1211/1764
f 1750/1210/1763 1752/1212/1765 1751/1211/1764
f 1751/1211/1764 1752/1212/1765 1753/1213/1766
f 1752/1212/1765 1754/1214/1767 1753/1213/1766
f 1753/1213/1766 1754/1214/1767 1755/1215/1768
f 1754/1214/1767 1746/1195/1759 1755/1215/1768
f 1755/1215/1768 1746/1195/1759 1756/1216/1769
f 1746/1195/1759 1747/1197/1760 1756/1216/1769
f 1756/1216/1769 1747/1197/1760 1757/1217/1770
f 1747/1197/1760 1748/1199/1761 1757/1217/1770
f 1757/1217/1770 1748/1199/1761 1758/1218/1771
f 1748/1199/1761 1749/1201/1762 1758/1218/1771
f 1758/1218/1771 1749/1201/1762 1759/1219/1772
f 1749/1201/1762 1710/1203/1723 1759/1219/1772
f 1759/1219/1772 1710/1203/1723 1709/1220/1722
f 1614/1245/1625 1760/1246/1773 1612/1247/1626
f 1612/1247/1626 1760/1246/1773 1643/1245/1656
f 1760/1246/1773 1761/1248/1774 1643/1245/1656
f 1643/1245/1656 1761/1248/1774 1659/1249/1672
f 1761/1248/1774 1762/1250/1775 1659/1249/1672
f 1659/1249/1672 1762/1250/1775 1660/1251/1673
f 1762/1250/1775 1763/1252/1776 1660/1251/1673
f 1660/1251/1673 1763/1252/1776 1764/1253/1777
f 1763/1252/1776 1765/1254/1778 1764/1253/1777
f 1764/1253/1777 1765/1254/1778 1766/1255/1779
f 1765/1254/1778 1767/1256/1780 1766/1255/1779
f 1766/1255/1779 1767/1256/1780 1768/1257/1781
f 1767/1256/1780 1769/1258/1782 1768/1257/1781
f 1768/1257/1781 1769/1258/1782 1770/1259/1783
f 1769/1258/1782 1771/1260/1784 1770/1259/1783
f 1760/1246/1773 1614/1245/1625 1772/1248/1785
f 1614/1245/1625 1582/1249/1596 1772/1248/1785
f 1772/1248/1785 1582/1249/1596 1773/1250/1786
f 1582/1249/1596 1584/1251/1595 1773/1250/1786
f 1773/1250/1786 1584/1251/1595 1774/1252/1787
f 1584/1251/1595 1775/1253/1788 1774/1252/1787
f 1774/1252/1787 1775/1253/1788 1776/1254/1789
f 1775/1253/1788 1777/1255/1790 1776/1254/1789
f 1776/1254/1789 1777/1255/1790 1778/1256/1791
f 1777/1255/1790 1779/1257/1792 1778/1256/1791
f 1778/1256/1791 1779/1257/1792 1780/1258/1793
f 1779/1257/1792 1781/1259/1794 1780/1258/1793
f 1780/1258/1793 1781/1259/1794 1782/1260/1795
f 1661/1180/1675 1693/1207/1704 1664/1182/1677
f 1693/1207/1704 1692/1209/1706 1664/1182/1677
f 1664/1182/1677 1692/1209/1706 1666/1184/1679
f 1692/1209/1706 1695/1182/1708 1666/1184/1679
f 1666/1184/1679 1695/1182/1708 1668/1183/1681
f 1695/1182/1708 1697/1181/1710 1668/1183/1681
f 1668/1183/1681 1697/1181/1710 1670/1187/1683
f 1697/1181/1710 1699/1210/1712 1670/1187/1683
f 1670/1187/1683 1699/1210/1712 1672/1189/1685
f 1699/1210/1712 1701/1212/1714 1672/1189/1685
f 1672/1189/1685 1701/1212/1714 1674/1191/1687
f 1701/1212/1714 1676/1193/1689 1674/1191/1687
f 1785/1261/1796 1783/1262/1797 1784/1263/1798
f 1783/1262/1797 1786/1264/1799 1784/1263/1798
f 1784/1263/1798 1786/1264/1799 1787/1265/1800
f 1786/1264/1799 1775/1266/1788 1787/1265/1800
f 1787/1265/1800 1775/1266/1788 1788/1267/1801
f 1775/1266/1788 1584/1132/1595 1788/1267/1801
f 1788/1267/1801 1584/1132/1595 1583/1134/1597
f 1610/1268/1623 1611/1269/1624 1789/1270/1802
f 1611/1269/1624 1790/1271/1803 1789/1270/1802
f 1789/1270/1802 1790/1271/1803 1791/1272/1804
f 1790/1271/1803 1792/1270/1805 1791/1272/1804
f 1791/1272/1804 1792/1270/1805 1793/1273/1806
f 1792/1270/1805 1651/1274/1664 1793/1273/1806
f 1793/1273/1806 1651/1274/1664 1652/1275/1665
f 1658/1134/1671 1660/1132/1673 1794/1267/1807
f 1660/1132/1673 1764/1266/1777 1794/1267/1807
f 1794/1267/1807 1764/1266/1777 1795/1265/1808
f 1764/1266/1777 1796/1264/1809 1795/1265/1808
f 1795/1265/1808 1796/1264/1809 1797/1263/1810
f 1796/1264/1809 1798/1262/1811 1797/1263/1810
f 1797/1263/1810 1798/1262/1811 1799/1261/1812
f 1780/1258/1793 1782/1260/1795 1800/1276/1813
f 1782/1260/1795 1801/1277/1814 1800/1276/1813
f 1800/1276/1813 1801/1277/1814 1802/1278/1815
f 1801/1277/1814 1803/1279/1816 1802/1278/1815
f 1802/1278/1815 1803/1279/1816 1804/1280/1816
f 1803/1279/1816 1805/1278/1817 1804/1280/1816
f 1665/1183/1678 1742/1187/1755 1662/1181/1676
f 1662/1181/1676 1742/1187/1755 1750/1210/1763
f 1742/1187/1755 1743/1189/1756 1750/1210/1763
f 1750/1210/1763 1743/1189/1756 1752/1212/1765
f 1743/1189/1756 1744/1191/1757 1752/1212/1765
f 1752/1212/1765 1744/1191/1757 1745/1193/1758
f 1807/1281/1818 1806/1282/1819 1791/1272/1804
f 1806/1282/1819 1808/1273/1820 1791/1272/1804
f 1791/1272/1804 1808/1273/1820 1789/1270/1802
f 1808/1273/1820 1596/1274/1609 1789/1270/1802
f 1789/1270/1802 1596/1274/1609 1598/1283/1611
f 1611/1269/1624 1628/1284/1641 1790/1271/1803
f 1628/1284/1641 1629/1269/1642 1790/1271/1803
f 1790/1271/1803 1629/1269/1642 1792/1270/1805
f 1629/1269/1642 1644/1268/1657 1792/1270/1805
f 1792/1270/1805 1644/1268/1657 1645/1285/1658
f 1783/1262/1797 1809/1286/1821 1786/1264/1799
f 1809/1286/1821 1810/1287/1822 1786/1264/1799
f 1786/1264/1799 1810/1287/1822 1777/1288/1790
f 1810/1287/1822 1779/1289/1792 1777/1288/1790
f 1811/1290/1823 1586/1136/1599 1807/1291/1818
f 1807/1291/1818 1586/1136/1599 1806/1292/1819
f 1586/1136/1599 1588/1138/1601 1806/1292/1819
f 1806/1292/1819 1588/1138/1601 1590/1140/1603
f 1803/1279/1816 1812/1277/1824 1805/1278/1817
f 1805/1278/1817 1812/1277/1824 1813/1276/1825
f 1812/1277/1824 1771/1260/1784 1813/1276/1825
f 1813/1276/1825 1771/1260/1784 1769/1258/1782
f 1653/1293/1666 1654/1294/1667 1793/1273/1806
f 1654/1294/1667 1814/1282/1826 1793/1273/1806
f 1793/1273/1806 1814/1282/1826 1791/1272/1804
f 1814/1282/1826 1815/1281/1827 1791/1272/1804
f 1654/1140/1667 1655/1138/1668 1814/1292/1826
f 1655/1138/1668 1656/1136/1669 1814/1292/1826
f 1814/1292/1826 1656/1136/1669 1815/1291/1827
f 1656/1136/1669 1816/1290/1828 1815/1291/1827
f 1768/1289/1781 1817/1287/1829 1766/1288/1779
f 1766/1288/1779 1817/1287/1829 1796/1264/1809
f 1817/1287/1829 1818/1286/1830 1796/1264/1809
f 1796/1264/1809 1818/1286/1830 1798/1262/1811
f 1614/1162/1625 1613/1164/1627 1582/1133/1596
f 1582/1133/1596 1613/1164/1627 1585/1135/1598
f 1613/1164/1627 1587/1137/1600 1585/1135/1598
f 1602/1295/1615 1604/1296/1617 1789/1270/1802
f 1604/1296/1617 1606/1297/1619 1789/1270/1802
f 1789/1270/1802 1606/1297/1619 1608/1285/1621
f 1596/1274/1609 1808/1273/1820 1594/1275/1607
f 1594/1275/1607 1808/1273/1820 1592/1293/1605
f 1808/1273/1820 1590/1294/1603 1592/1293/1605
f 1645/1285/1658 1646/1297/1659 1792/1270/1805
f 1646/1297/1659 1647/1296/1660 1792/1270/1805
f 1792/1270/1805 1647/1296/1660 1648/1295/1661
f 1651/1274/1664 1792/1270/1805 1650/1283/1663
f 1650/1283/1663 1792/1270/1805 1649/1298/1662
f 1792/1270/1805 1648/1295/1661 1649/1298/1662
f 1641/1137/1654 1642/1164/1655 1657/1135/1670
f 1657/1135/1670 1642/1164/1655 1659/1133/1672
f 1642/1164/1655 1643/1162/1656 1659/1133/1672
f 1788/1267/1801 1583/1134/1597 1811/1299/1823
f 1811/1299/1823 1583/1134/1597 1586/1136/1599
f 1602/1295/1615 1789/1270/1802 1600/1298/1613
f 1600/1298/1613 1789/1270/1802 1598/1283/1611
f 1656/1136/1669 1658/1134/1671 1816/1299/1828
f 1658/1134/1671 1794/1267/1807 1816/1299/1828
f 1746/1195/1759 1754/1214/1767 1745/1193/1758
f 1745/1193/1758 1754/1214/1767 1752/1212/1765
f 1701/1212/1714 1703/1214/1716 1676/1193/1689
f 1676/1193/1689 1703/1214/1716 1678/1195/1691
f 1777/1288/1790 1775/1266/1788 1786/1264/1799
f 1610/1268/1623 1789/1270/1802 1608/1285/1621
f 1590/1294/1603 1808/1273/1820 1806/1282/1819
f 1653/1293/1666 1793/1273/1806 1652/1275/1665
f 1766/1288/1779 1796/1264/1809 1764/1266/1777
usemtl accessories
f 1821/1300/1831 1819/1301/1832 1820/1302/1833
f 1819/1301/1832 1822/1303/1834 1820/1302/1833
f 1820/1302/1833 1822/1303/1834 1823/1304/1835
f 1821/1300/1831 1820/1302/1833 1824/1305/1836
f 1824/1305/1836 1820/1302/1833 1825/1306/1837
f 1820/1302/1833 1826/1307/1838 1825/1306/1837
f 1826/1307/1838 1820/1302/1833 1827/1308/1839
f 1827/1308/1839 1820/1302/1833 1823/1304/1835
usemtl arms
f 1830/1309/1840 1828/1310/1841 1829/1311/1842
f 1829/1311/1842 1828/1310/1841 1831/1312/1843
f 1828/1310/1841 1832/1313/1844 1831/1312/1843
f 1831/1312/1843 1832/1313/1844 1833/1314/1845
f 1834/1315/1846 1836/1316/1847 1835/1317/1848
f 1835/1317/1848 1836/1316/1847 1837/1318/1849
f 1838/1319/1850 1840/1320/1851 1839/1321/1852
f 1839/1321/1852 1840/1320/1851 1841/1322/1853
f 1838/1319/1850 1842/1323/1854 1840/1320/1851
f 1837/1318/1849 1843/1324/1855 1838/1319/1850
f 1838/1319/1850 1843/1324/1855 1842/1323/1854
f 1843/1324/1855 1844/1325/1856 1842/1323/1854
f 1846/1326/1857 1847/1327/1858 1834/1315/1846
f 1847/1327/1858 1848/1328/1859 1834/1315/1846
f 1834/1315/1846 1848/1328/1859 1836/1316/1847
f 1848/1328/1859 1849/1324/1860 1836/1316/1847
f 1836/1316/1847 1843/1324/1855 1837/1318/1849
f 1832/1313/1844 1846/1326/1857 1833/1314/1845
f 1846/1326/1857 1834/1315/1846 1833/1314/1845
f 1847/1327/1858 1845/1329/1861 1848/1328/1859
f 1845/1329/1861 1844/1325/1856 1848/1328/1859
f 1848/1328/1859 1844/1325/1856 1843/1324/1855
f 1838/1319/1850 1839/1321/1852 1850/1330/1862
f 1850/1330/1862 1839/1321/1852 1830/1331/1840
f 1839/1321/1852 1828/1332/1841 1830/1331/1840
f 1828/1310/1841 1841/1333/1853 1832/1313/1844
f 1833/1314/1845 1851/1334/1863 1831/1312/1843
f 1851/1334/1863 1829/1311/1842 1831/1312/1843
f 1828/1332/1841 1839/1321/1852 1841/1322/1853
f 1854/1309/1864 1852/1311/1865 1853/1310/1866
f 1852/1311/1865 1855/1312/1867 1853/1310/1866
f 1853/1310/1866 1855/1312/1867 1856/1313/1868
f 1855/1312/1867 1857/1314/1869 1856/1313/1868
f 1859/1335/1870 1860/1336/1871 1861/1337/1872
f 1860/1336/1871 1862/1319/1873 1861/1337/1872
f 1862/1319/1873 1863/1321/1874 1864/1320/1875
f 1863/1321/1874 1865/1322/1876 1864/1320/1875
f 1862/1319/1873 1864/1320/1875 1866/1323/1877
f 1862/1319/1873 1866/1323/1877 1861/1337/1872
f 1861/1337/1872 1866/1323/1877 1867/1325/1878
f 1869/1326/1879 1858/1338/1880 1870/1327/1881
f 1870/1327/1881 1858/1338/1880 1859/1335/1870
f 1856/1313/1868 1857/1314/1869 1869/1326/1879
f 1869/1326/1879 1857/1314/1869 1858/1338/1880
f 1861/1337/1872 1867/1325/1878 1859/1335/1870
f 1867/1325/1878 1868/1329/1882 1859/1335/1870
f 1859/1335/1870 1868/1329/1882 1870/1327/1881
f 1865/1333/1876 1853/1310/1866 1856/1313/1868
f 1865/1322/1876 1863/1321/1874 1853/1332/1866
f 1853/1332/1866 1863/1321/1874 1854/1331/1864
f 1863/1321/1874 1871/1330/1883 1854/1331/1864
f 1857/1314/1869 1855/1312/1867 1872/1334/1884
f 1855/1312/1867 1852/1311/1865 1872/1334/1884
f 1863/1321/1874 1862/1319/1873 1871/1330/1883
