# Blender 4.3.2
# www.blender.org
mtllib Coin.mtl
o LEO_Circle.002
v 0.226351 0.258147 1.494085
v 0.513489 0.258147 1.421216
v 0.780887 0.258148 1.293731
v 1.018283 0.258147 1.116524
v 1.257364 0.260711 0.840138
v 1.421216 0.258147 0.513489
v 1.494085 0.258147 0.226352
v 1.508704 0.255372 -0.148594
v 1.421216 0.258147 -0.513489
v 1.293731 0.258147 -0.780887
v 1.116524 0.258147 -1.018283
v 0.840138 0.260711 -1.257364
v 0.513490 0.258147 -1.421215
v 0.148599 0.255372 -1.508704
v -0.226351 0.258147 -1.494085
v -0.513489 0.258147 -1.421216
v -0.780887 0.258147 -1.293731
v -1.018283 0.258147 -1.116525
v -1.216536 0.258147 -0.896417
v -1.397105 0.260711 -0.578701
v -1.494085 0.258147 -0.226354
v -1.508704 0.255372 0.148595
v -1.397106 0.260711 0.578699
v -1.171888 0.255372 0.961743
v -0.896418 0.258147 1.216536
v -0.578703 0.260711 1.397104
v -0.148599 0.255372 1.508704
v 1.338894 0.333239 0.184642
v -1.076681 0.331878 -0.883606
v 1.329572 0.331518 -0.346777
v -1.361070 0.331518 -0.188420
v -1.285002 0.331268 0.532265
v 0.766443 0.331760 -1.147064
v 0.400055 0.331339 1.318802
v -0.766443 0.331760 1.147064
v 0.188420 0.331518 -1.361070
v -0.400055 0.331339 -1.318802
v 0.841325 0.333185 1.054912
v -0.184642 0.333239 1.338894
v 1.166316 0.333240 0.682961
v -0.056545 0.275660 1.191361
v 0.168522 0.295546 1.186414
v 0.285624 0.275940 1.157830
v 0.442736 0.300102 1.124403
v 0.707115 0.275461 0.960371
v 0.749187 0.299836 0.947006
v 0.883646 0.284287 0.803610
v 0.941919 0.300734 0.753499
v 0.993670 0.290053 0.661040
v 1.121981 0.276081 0.405005
v 1.181249 0.299486 0.256530
v 1.181594 0.287443 0.176273
v 1.194828 0.290705 -0.058628
v 1.233241 0.323747 -0.408758
v 1.170698 0.290199 -0.232862
v 1.121468 0.300376 -0.452626
v 1.120920 0.275063 -0.406817
v 0.960371 0.275460 -0.707115
v 0.947006 0.299836 -0.749187
v 0.846478 0.285705 -0.841174
v 0.678565 0.322758 -1.086836
v 0.712612 0.289640 -0.959394
v 0.442737 0.300101 -1.124403
v 0.406819 0.275063 -1.120919
v 0.140384 0.306011 -1.214670
v 0.176008 0.287715 -1.181879
v -0.054666 0.292029 -1.196392
v -0.287111 0.299497 -1.171919
v -0.173616 0.277162 -1.180255
v -0.405447 0.274179 -1.121357
v -0.704800 0.274319 -0.961542
v -0.749187 0.299836 -0.947006
v -0.843594 0.285270 -0.843598
v -0.968538 0.300272 -0.720026
v -0.961545 0.274322 -0.704797
v -1.090597 0.300290 -0.516912
v -1.079397 0.276417 -0.507381
v -1.295792 0.323747 -0.094301
v -1.159445 0.290064 -0.291648
v -1.199911 0.300230 -0.111918
v -1.191439 0.276048 -0.058160
v -1.203959 0.298939 0.064561
v -1.180440 0.289782 0.184838
v -1.121468 0.300376 0.452623
v -1.120920 0.275063 0.406818
v -0.968539 0.300272 0.720026
v -0.960332 0.274800 0.706762
v -0.722741 0.298953 0.965086
v -0.848819 0.291439 0.841287
v -0.787379 0.322528 1.020472
v -0.704800 0.274321 0.961542
v -0.350747 0.300422 1.153576
v -0.511405 0.290705 1.081441
v -0.096793 0.299836 1.203632
v -0.283538 0.283749 1.159455
v 0.000030 0.142922 1.182687
v 0.297965 0.156157 1.147957
v 0.520982 0.132322 1.044063
v 0.427679 0.143712 1.101685
v 0.619105 0.145034 1.009934
v 0.794055 0.156551 0.881644
v 0.939882 0.130356 0.690888
v 1.024271 0.155562 0.598012
v 1.111467 0.145553 0.411591
v 1.172722 0.146721 0.166562
v 1.182713 0.143045 -0.000021
v 1.126479 0.133663 -0.317073
v 1.111971 0.144630 -0.408331
v 1.021277 0.155895 -0.603411
v 0.958386 0.136347 -0.678336
v 0.881644 0.156552 -0.794055
v 0.599563 0.155173 -1.023174
v 0.400611 0.133399 -1.098548
v 0.469254 0.144339 -1.085136
v 0.293812 0.157033 -1.149362
v -0.165597 0.130733 -1.141990
v -0.000030 0.142922 -1.182687
v -0.469351 0.144248 -1.085065
v -0.788387 0.129737 -0.845713
v -0.600639 0.141707 -1.019509
v -0.795866 0.147707 -0.877982
v -0.991628 0.140143 -0.640430
v -1.070604 0.155393 -0.510550
v -1.126598 0.140715 -0.357909
v -1.172722 0.146721 -0.166561
v -1.117524 0.131360 -0.336318
v -1.182713 0.143045 0.000021
v -1.126416 0.133653 0.317219
v -1.172713 0.146699 0.166588
v -0.949436 0.157032 0.711287
v -0.798664 0.129776 0.849256
v -0.935768 0.135157 0.709154
v -0.798357 0.155485 0.877645
v -0.601853 0.156305 1.022388
v -0.637975 0.133072 0.979302
v -0.466326 0.145456 1.087715
v -0.293812 0.157033 1.149362
v 0.148595 -0.255372 1.508704
v 0.513488 -0.258147 1.421216
v 0.840138 -0.260711 1.257364
v 1.171884 -0.255372 0.961747
v 1.368042 -0.258147 0.641863
v 1.466975 -0.258147 0.362644
v 1.512216 -0.260712 -0.000002
v 1.466975 -0.258147 -0.362644
v 1.368042 -0.258147 -0.641862
v 1.216538 -0.258147 -0.896415
v 0.961747 -0.255372 -1.171884
v 0.578694 -0.260711 -1.397108
v 0.226351 -0.258147 -1.494085
v -0.148595 -0.255372 -1.508704
v -0.513488 -0.258147 -1.421216
v -0.840138 -0.260711 -1.257364
v -1.171884 -0.255372 -0.961748
v -1.368042 -0.258147 -0.641862
v -1.466975 -0.258147 -0.362645
v -1.509536 -0.258147 -0.069479
v -1.494085 -0.258147 0.226352
v -1.397105 -0.260711 0.578701
v -1.171887 -0.255372 0.961744
v -0.896418 -0.258147 1.216536
v -0.578694 -0.260711 1.397108
v -0.226351 -0.258147 1.494085
v 1.159845 -0.000000 -1.033126
v 1.339109 -0.000000 -0.787007
v -1.467514 0.102127 0.507318
v -1.537118 -0.000002 0.228099
v 0.799891 -0.087035 -1.331326
v -1.239554 -0.000000 0.936001
v 0.510633 0.000001 -1.466917
v 0.227837 -0.113148 1.534374
v 0.092893 0.102128 1.549948
v -1.022802 -0.097232 1.169203
v 0.214639 -0.000003 -1.538350
v 0.510633 0.000002 1.466917
v -0.794008 -0.005303 1.335428
v -0.092893 0.102127 -1.549948
v 0.799891 -0.087035 1.331326
v -0.510633 0.000002 1.466917
v -0.227837 -0.113149 -1.534374
v 1.033130 -0.000000 1.159841
v -0.229525 -0.087032 1.536090
v -0.510633 0.000002 -1.466917
v 1.339109 -0.000000 0.787007
v -0.799891 -0.087035 -1.331326
v 1.466917 0.000002 0.510633
v -1.033130 -0.000000 -1.159841
v 1.538350 -0.000001 0.214638
v -1.336047 -0.005251 -0.791688
v 1.550800 0.000000 -0.076085
v -1.464673 0.005305 -0.518219
v -1.547781 0.000000 -0.152440
v 1.466917 0.000002 -0.510633
v 1.390875 -0.331268 -0.000000
v -1.065316 -0.331339 -0.874290
v -1.311537 -0.331658 -0.397854
v 1.121058 -0.331530 -0.813170
v -1.371508 -0.331339 0.135080
v -1.076679 -0.331878 0.883608
v 0.404323 -0.331878 -1.332863
v 0.404320 -0.331878 1.332864
v -0.400052 -0.331339 1.318803
v -0.480352 -0.331530 -1.298953
v 1.121056 -0.331530 0.813172
v 0.139884 -0.299836 1.199388
v -0.000000 -0.286185 1.193708
v 0.179505 -0.274225 1.178571
v 0.472937 -0.300375 1.113054
v 0.505534 -0.274226 1.079670
v 0.707116 -0.275461 0.960370
v 0.749187 -0.299836 0.947006
v 0.883648 -0.284287 0.803607
v 1.023978 -0.277162 0.612055
v 0.964869 -0.296546 0.719378
v 1.113054 -0.300376 0.472937
v 1.122734 -0.280936 0.404276
v 1.178813 -0.274800 0.179310
v 1.199388 -0.299836 0.139884
v 1.193708 -0.286185 0.000000
v 1.257670 -0.321964 -0.190458
v 1.182516 -0.289838 -0.174443
v 1.113054 -0.300376 -0.472937
v 1.079670 -0.274227 -0.505534
v 0.960370 -0.275462 -0.707116
v 0.947005 -0.299836 -0.749188
v 0.803607 -0.284287 -0.883648
v 0.754625 -0.321965 -1.023989
v 0.612055 -0.277162 -1.023978
v 0.719376 -0.296546 -0.964870
v 0.472937 -0.300376 -1.113054
v 0.403245 -0.281147 -1.123206
v 0.179086 -0.275460 -1.179089
v 0.139884 -0.299836 -1.199388
v 0.000000 -0.286186 -1.193708
v -0.175602 -0.290706 -1.183307
v -0.472940 -0.300376 -1.113053
v -0.505534 -0.274227 -1.079670
v -0.720030 -0.300272 -0.968535
v -0.704801 -0.274320 -0.961542
v -0.863033 -0.323133 -0.948186
v -0.886771 -0.290648 -0.802834
v -1.051491 -0.322496 -0.723626
v -1.020807 -0.290186 -0.622120
v -1.136769 -0.300271 -0.405287
v -1.079396 -0.276417 -0.507382
v -1.157220 -0.275350 -0.288430
v -1.199388 -0.299836 -0.139884
v -1.193071 -0.284289 -0.056587
v -1.257670 -0.321964 0.190457
v -1.182516 -0.289838 0.174444
v -1.075104 -0.275361 0.515605
v -1.076654 -0.299967 0.547476
v -0.991336 -0.284258 0.662387
v -0.927602 -0.300231 0.769331
v -0.882790 -0.276476 0.802450
v -0.802209 -0.294229 0.890113
v -0.723625 -0.322495 1.051491
v -0.663144 -0.290199 0.992470
v -0.343923 -0.295633 1.145777
v -0.511932 -0.289838 1.080139
v -0.367469 -0.323674 1.239925
v -0.174255 -0.290063 1.182796
v -0.417004 -0.130069 1.067843
v 0.000000 -0.142915 1.182686
v 0.297967 -0.156157 1.147956
v 0.520978 -0.132322 1.044065
v 0.427679 -0.143712 1.101685
v 0.619106 -0.145034 1.009933
v 0.794055 -0.156552 0.881644
v 0.950798 -0.156552 0.709791
v 0.955346 -0.136107 0.682238
v 1.172713 -0.146699 0.166588
v 1.182711 -0.143040 -0.000000
v 1.126479 -0.133663 -0.317073
v 1.111970 -0.144630 -0.408333
v 1.021277 -0.155896 -0.603411
v 0.955350 -0.136108 -0.682234
v 0.881644 -0.156553 -0.794055
v 0.764480 -0.140594 -0.901799
v 0.745431 -0.129571 -0.893790
v 0.673138 -0.145867 -0.973459
v 0.166550 -0.146515 -1.172659
v 0.165371 -0.130872 -1.142616
v -0.000000 -0.142915 -1.182686
v -0.288216 -0.157385 -1.150911
v -0.473329 -0.132568 -1.073105
v -0.511019 -0.146921 -1.068671
v -0.674795 -0.144996 -0.971246
v -0.795502 -0.156127 -0.880122
v -0.902810 -0.129575 -0.716029
v -0.851079 -0.135803 -0.808295
v -0.948526 -0.155114 -0.712458
v -1.002528 -0.137173 -0.612277
v -1.070604 -0.155393 -0.510550
v -1.126530 -0.140645 -0.358071
v -1.172713 -0.146699 -0.166588
v -1.146774 -0.132950 -0.181931
v -1.182711 -0.143040 0.000000
v -1.126416 -0.133653 0.317219
v -1.172712 -0.146699 0.166590
v -1.117552 -0.156126 0.398140
v -1.055012 -0.143931 0.532713
v -0.949437 -0.157033 0.711286
v -0.798357 -0.155484 0.877645
v -0.603408 -0.155897 1.021279
v -0.731087 -0.135714 0.921250
v -0.449446 -0.139727 1.091562
v -0.293812 -0.157033 1.149362
v -0.132821 -0.140519 1.174297
v 0.829135 0.129652 -0.816447
v 0.860052 -0.129827 0.787275
v -0.932791 -0.129949 0.700704
v 1.037922 0.145171 -1.144160
v -1.387800 0.113502 0.693134
v 0.940051 0.100720 -1.235252
v -1.241198 0.145171 0.919681
v 0.659866 0.145172 -1.396768
v 0.382394 0.147702 1.495820
v 0.382393 0.147703 -1.495820
v 0.659866 0.145172 1.396768
v -0.982935 0.135910 1.197715
v 0.081026 0.142474 -1.543380
v 0.919680 0.145172 1.241199
v -0.659866 0.145172 1.396768
v -0.382394 0.147702 -1.495820
v 1.144159 0.145171 1.037923
v -0.382393 0.147704 1.495820
v -0.659866 0.145172 -1.396768
v 1.235252 0.100720 0.940051
v -0.919680 0.145171 -1.241199
v 1.396768 0.145172 0.659866
v -1.144159 0.145172 -1.037923
v 1.495820 0.147703 0.382395
v -1.235250 0.100721 -0.940052
v 1.543380 0.142475 0.081027
v -1.396768 0.145171 -0.659868
v 1.495820 0.147702 -0.382394
v -1.495820 0.147703 -0.382394
v 1.396768 0.145172 -0.659866
v -1.543380 0.142475 -0.081027
v -0.920544 0.315334 -1.121679
v -0.060283 0.315921 1.445194
v 1.241198 0.145171 -0.919681
v -1.528293 0.147704 0.219138
v -0.081026 0.142475 1.543380
v 1.388574 0.315334 0.421220
v -1.168144 0.315921 -0.853031
v 1.445194 0.315921 0.060283
v -1.373903 0.316058 -0.473361
v 1.419968 0.316385 -0.282452
v 1.312114 0.315921 -0.608752
v -1.445194 0.315921 -0.060283
v -1.419967 0.316385 0.282453
v 1.121678 0.315334 -0.920545
v 0.804344 0.316384 -1.203794
v -1.279717 0.315334 0.684024
v 0.282452 0.316385 1.419968
v -1.023739 0.316385 1.023742
v 0.421219 0.315334 -1.388574
v 0.608751 0.315921 1.312114
v -0.752781 0.315921 1.235128
v 0.060283 0.315921 -1.445194
v -0.282452 0.316384 -1.419968
v 0.920545 0.315334 1.121678
v -0.421219 0.315334 1.388574
v -0.608751 0.315921 -1.312114
v 1.203794 0.316385 0.804344
v 0.508981 0.281389 1.079241
v 1.081778 0.294229 0.515360
v 1.051863 0.283559 -0.562234
v 0.560726 0.284599 -1.052893
v -0.518902 0.293682 -1.079154
v -1.050458 0.284067 0.565532
v 0.131559 0.140416 1.174278
v 0.893111 0.138912 0.774297
v 1.127747 0.133469 0.312262
v 1.172713 0.146699 -0.166588
v 0.727116 0.139454 -0.931334
v 0.132691 0.140560 -1.174321
v -0.175501 0.147064 -1.171890
v -0.349081 0.140155 -1.128902
v -0.913951 0.143234 -0.750487
v -1.134200 0.156357 0.343337
v -1.067874 0.147213 0.513175
v -0.357245 0.130786 1.108712
v -0.132690 0.140560 1.174322
v 0.301844 0.325347 1.264089
v 1.150882 0.332173 -0.718738
v 0.080128 0.325175 -1.306631
v -0.542657 0.325347 -1.180911
v -1.041909 0.325175 -0.792547
v -1.180912 0.325347 0.542655
v 1.037924 -0.145173 -1.144158
v -1.456903 -0.142476 0.515772
v -1.324660 -0.145170 0.794772
v 0.659867 -0.145171 -1.396768
v 0.382385 -0.147702 1.495823
v -1.144158 -0.145171 1.037925
v 0.374687 -0.145170 -1.498665
v 0.659865 -0.145172 1.396768
v -0.787316 -0.147702 1.328096
v 0.075116 -0.145172 -1.542965
v -0.521068 -0.145172 1.454260
v -0.382385 -0.147702 -1.495823
v 1.037924 -0.145173 1.144158
v -0.659865 -0.145172 -1.396768
v 1.241199 -0.145170 0.919680
v 1.396768 -0.145171 0.659867
v -1.037924 -0.145173 -1.144158
v 1.516328 -0.154780 0.301617
v -1.241194 -0.145171 -0.919685
v 1.543380 -0.142476 -0.081025
v -1.396767 -0.145171 -0.659869
v 1.495822 -0.147702 -0.382387
v -1.495822 -0.147702 -0.382388
v 1.396768 -0.145172 -0.659866
v -1.543380 -0.142476 -0.081024
v -0.920544 -0.315334 -1.121679
v 0.060292 -0.315921 1.445195
v 1.241199 -0.145170 -0.919680
v -1.528293 -0.147702 0.219148
v -0.075116 -0.145171 1.542965
v 1.419967 -0.316384 0.282454
v -1.255154 -0.316058 -0.732304
v 1.445195 -0.315921 -0.060292
v -1.419967 -0.316384 -0.282455
v 1.373902 -0.316058 -0.473362
v -1.439852 -0.316058 0.196228
v 1.121678 -0.315334 -0.920545
v 0.804343 -0.316385 -1.203795
v -1.255157 -0.316058 0.732298
v -0.920544 -0.315334 1.121679
v 0.369716 -0.316058 -1.405343
v 0.473363 -0.316058 1.373902
v -0.060292 -0.315921 -1.445195
v -0.608754 -0.315921 1.312112
v 0.920545 -0.315334 1.121678
v -0.282455 -0.316384 1.419967
v -0.473363 -0.316058 -1.373902
v 1.255155 -0.316058 0.732301
v 0.346219 -0.283557 1.141338
v 1.141338 -0.283557 -0.346219
v -0.346219 -0.283557 -1.141338
v -1.144191 -0.294052 0.347085
v 0.131559 -0.140416 1.174278
v 1.067875 -0.147213 0.513173
v 1.127698 -0.133462 0.312458
v 1.134520 -0.156540 0.342515
v 1.172713 -0.146699 -0.166588
v 0.513233 -0.147102 -1.067813
v 0.349086 -0.140155 -1.128901
v -0.132823 -0.140519 -1.174296
v 0.333496 -0.325175 1.265893
v 0.925747 -0.322584 0.891269
v 1.265893 -0.325175 0.333496
v 1.130940 -0.325175 -0.659304
v 0.333496 -0.325175 -1.265893
v -0.367469 -0.323674 -1.239925
v -1.265893 -0.325175 -0.333497
v -1.130940 -0.325175 0.659303
v 1.534375 0.113148 -0.227831
v -0.153661 0.078427 0.026409
v -0.510934 0.078433 0.171415
v -0.149351 0.078438 0.226180
v -0.175957 0.078438 0.253486
v -0.403284 0.078440 0.378213
v -0.393381 0.078436 0.259529
v -0.325107 0.078439 0.843656
v -0.398353 0.078439 0.666934
v 0.021063 0.078439 1.037721
v 0.014744 0.078440 0.915811
v 0.235605 0.078416 0.898694
v 0.234209 0.078414 0.920396
v 0.155016 0.078418 0.856215
v -0.008512 0.078436 0.646228
v -0.009327 0.078438 0.597298
v 0.037692 0.078435 0.561700
v 0.339007 0.078439 0.849686
v 0.399210 0.078440 0.866948
v 0.914359 0.078438 0.547562
v 0.811175 0.078439 0.478509
v 0.871433 0.078437 0.203211
v 0.915683 0.078437 0.221869
v 0.819564 0.078438 0.230167
v 0.164317 0.078436 0.159458
v 0.271754 0.078437 0.254511
v 0.169718 0.078426 0.030074
v 0.515459 0.078438 0.252667
v 0.493428 0.078439 0.134883
v 0.900498 0.078438 0.048568
v 0.920823 0.078437 0.016558
v 0.923618 0.078438 -0.388139
v 0.809133 0.078439 -0.441268
v 0.703491 0.078436 -0.652729
v 0.646226 0.078437 -0.605909
v 0.645133 0.078437 -0.574699
v 0.538425 0.078437 -0.287700
v 0.432324 0.078438 -0.702655
v 0.017407 0.078437 -1.037323
v 0.029660 0.078439 -0.917177
v -0.157879 0.078437 -0.941745
v -0.149538 0.078436 -0.969902
v -0.103044 0.078437 -0.876098
v -0.133482 0.078437 -0.883230
v 0.330850 0.078400 -0.095443
v 0.343454 0.078381 -0.062808
v -0.281920 0.078402 -0.098853
v -0.299812 0.078372 -0.064959
v 0.081879 0.078437 -0.368679
v -0.035355 0.078437 -0.370997
v 0.000074 0.078438 -0.696165
v 0.072532 0.078436 -0.628593
v -0.034561 0.078437 -0.586562
v -0.282300 0.078437 -0.903186
v -0.282708 0.078438 -0.770210
v -0.821220 0.078437 -0.517066
v -0.715901 0.078436 -0.462441
v -0.786494 0.078439 -0.262591
v -0.725541 0.078436 -0.283375
v -0.493748 0.078436 -0.340873
v -0.436249 0.078435 -0.271207
v -0.915331 0.078437 -0.070413
v -0.832678 0.078438 0.543587
v -0.918391 0.078436 0.459911
v -0.809001 0.078439 0.407920
v -0.649470 0.078443 0.608338
v -0.700130 0.078437 0.644834
v -0.155751 0.214476 0.029657
v -0.177710 0.243893 0.057193
v -0.161121 0.227407 0.022552
v -0.510454 0.196140 0.182576
v -0.497601 0.220176 0.150713
v -0.484951 0.241505 0.159263
v -0.485927 0.231607 0.146906
v -0.153007 0.215501 0.226368
v -0.203615 0.244910 0.207423
v -0.182840 0.213023 0.251110
v -0.161333 0.226862 0.240846
v -0.185381 0.236799 0.241179
v -0.508026 0.213946 0.674647
v -0.493711 0.240773 0.185518
v -0.472953 0.211241 0.133882
v -0.370574 0.220035 0.254979
v -0.405456 0.228648 0.271342
v -0.408716 0.244656 0.236135
v -0.410246 0.229197 0.404385
v -0.471226 0.246507 0.714436
v -0.498710 0.237240 0.569251
v -0.496491 0.199789 0.735471
v -0.406177 0.229244 0.660871
v -0.393435 0.239469 0.692773
v -0.398221 0.196192 0.663560
v -0.003018 0.196441 1.027221
v 0.033579 0.201105 1.030936
v 0.039560 0.209496 0.910660
v -0.110483 0.219266 0.848837
v 0.041880 0.235433 0.920745
v 0.011666 0.178321 0.913923
v 0.017901 0.244794 0.945385
v 0.219328 0.209367 0.887653
v 0.169516 0.246022 0.917939
v 0.213242 0.193303 0.933708
v 0.153791 0.234311 0.959718
v 0.236780 0.219153 0.911855
v 0.120149 0.212951 0.722608
v -0.008914 0.226496 0.639542
v 0.062669 0.237081 0.677163
v 0.017194 0.228326 0.571037
v 0.070703 0.244548 0.611022
v 0.062173 0.210483 0.573986
v 0.027194 0.210647 0.564102
v 0.576202 0.229193 0.754139
v 0.350388 0.235519 0.841817
v 0.380685 0.233770 0.757536
v 0.815005 0.180081 0.467525
v 0.821534 0.231293 0.472001
v 0.838665 0.244990 0.492755
v 0.872023 0.210864 0.208027
v 0.889196 0.246043 0.301784
v 0.823793 0.221213 0.234570
v 0.834005 0.225138 0.216162
v 0.834323 0.236725 0.230364
v 0.168152 0.214014 0.214939
v 0.279731 0.246228 0.204836
v 0.179286 0.237128 0.223665
v 0.185579 0.222778 0.246270
v 0.217068 0.236884 0.240957
v 0.190712 0.242114 0.049878
v 0.174015 0.218064 0.026384
v 0.182886 0.234980 0.029612
v 0.542393 0.177931 0.239618
v 0.512259 0.246273 0.214566
v 0.516074 0.228319 0.245955
v 0.511484 0.238399 0.237625
v 0.471339 0.209406 0.132352
v 0.489999 0.237873 0.150890
v 0.500783 0.224567 0.137694
v 0.920003 0.215658 -0.042171
v 0.894985 0.211945 0.048489
v 0.910398 0.235626 -0.002353
v 0.896581 0.231623 0.039236
v 0.801896 0.211851 -0.013662
v 0.889382 0.210140 -0.518680
v 0.920819 0.194662 -0.450739
v 0.896660 0.235017 -0.498993
v 0.914220 0.221526 -0.486815
v 0.815442 0.210862 -0.422068
v 0.818004 0.231083 -0.447283
v 0.804488 0.209456 -0.450843
v 0.666777 0.218459 -0.632737
v 0.691752 0.226521 -0.650170
v 0.649891 0.232729 -0.583554
v 0.515900 0.207435 -0.280408
v 0.519537 0.243565 -0.342706
v 0.540573 0.224361 -0.472156
v 0.529718 0.231835 -0.293913
v 0.471273 0.215182 -0.280807
v 0.442141 0.203117 -0.305746
v 0.469419 0.244544 -0.352511
v 0.451937 0.224033 -0.289507
v 0.491304 0.238762 -0.291114
v 0.030512 0.246839 -0.996402
v 0.517651 0.209858 -0.788293
v 0.499469 0.247531 -0.738185
v 0.373303 0.228376 -0.860120
v 0.455251 0.244030 -0.720626
v 0.438029 0.219521 -0.684609
v 0.438996 0.236904 -0.716357
v 0.427174 0.211235 -0.712221
v -0.010708 0.239136 -1.012247
v 0.038356 0.235820 -1.020271
v 0.033048 0.212068 -0.917416
v -0.003329 0.194785 -0.911418
v -0.136112 0.214886 -0.975222
v -0.154751 0.226862 -0.953845
v -0.126523 0.241167 -0.907933
v -0.112848 0.235032 -0.883997
v 0.309478 0.196851 -0.059510
v 0.344041 0.205517 -0.076425
v 0.309138 0.241220 -0.087484
v 0.343269 0.226447 -0.068058
v 0.332270 0.232748 -0.070039
v -0.285429 0.205637 -0.060847
v -0.256879 0.241058 -0.090557
v -0.290167 0.199404 -0.086262
v -0.281442 0.230354 -0.086355
v 0.046710 0.246725 -0.359664
v 0.103690 0.217095 -0.339428
v 0.066929 0.237983 -0.365185
v 0.079780 0.179082 -0.379463
v -0.037092 0.216284 -0.363408
v -0.004587 0.245575 -0.359807
v -0.024161 0.236242 -0.366480
v 0.073273 0.218060 -0.599871
v 0.062717 0.194092 -0.642082
v 0.055875 0.232908 -0.638004
v -0.039168 0.209022 -0.589592
v -0.031414 0.218707 -0.566955
v -0.456835 0.194281 -0.784476
v -0.245299 0.233397 -0.869080
v -0.321701 0.223436 -0.749958
v -0.289758 0.247488 -0.827198
v -0.274029 0.236474 -0.782162
v -0.801366 0.218552 -0.532803
v -0.642392 0.233824 -0.643523
v -0.656921 0.211317 -0.511555
v -0.772693 0.247715 -0.481773
v -0.723668 0.227893 -0.454257
v -0.713998 0.215682 -0.464585
v -0.654590 0.235395 -0.524749
v -0.789020 0.245720 -0.319770
v -0.808655 0.211304 -0.273191
v -0.764323 0.212588 -0.264522
v -0.725687 0.217965 -0.294056
v -0.737137 0.225904 -0.273716
v -0.743601 0.241658 -0.292727
v -0.453170 0.211373 -0.314172
v -0.632790 0.212889 -0.253775
v -0.484238 0.220915 -0.340313
v -0.530669 0.246915 -0.248163
v -0.467125 0.210458 -0.247126
v -0.445345 0.229420 -0.288706
v -0.448912 0.234504 -0.271541
v -0.438542 0.209178 -0.279769
v -0.920630 0.204464 -0.007786
v -0.881090 0.246915 -0.042083
v -0.908066 0.235123 -0.048386
v -0.892379 0.234629 -0.073478
v -0.908680 0.204947 -0.069407
v -0.812315 0.204429 0.003125
v -0.797859 0.228478 -0.031447
v -0.845408 0.246264 -0.027734
v -0.858019 0.247738 0.456890
v -0.917064 0.207305 0.454606
v -0.902869 0.233154 0.467646
v -0.790391 0.196436 0.431637
v -0.814763 0.211295 0.347243
v -0.811411 0.235350 0.424613
v -0.809668 0.211216 0.408415
v -0.698301 0.243776 0.610743
v -0.690322 0.233662 0.634549
v -0.686354 0.198577 0.640419
v -0.664298 0.194064 0.541446
v -0.640589 0.214475 0.581810
v -0.647429 0.234727 0.578268
v -0.192928 0.236971 0.033814
v -0.504508 0.228298 0.183708
v -0.413440 0.240473 0.254174
v -0.495585 0.232447 0.723924
v -0.318231 0.231985 0.838359
v -0.386031 0.218416 0.679237
v -0.422629 0.242184 0.660505
v 0.021245 0.246593 1.000696
v 0.012928 0.233041 1.024344
v 0.227491 0.233137 0.908940
v 0.200696 0.238199 0.891727
v 0.158050 0.224678 0.860750
v 0.140557 0.222709 0.862025
v 0.148938 0.242543 0.878686
v -0.011970 0.221803 0.625078
v 0.031095 0.234300 0.569254
v 0.390928 0.246471 0.832021
v 0.392823 0.232480 0.856083
v 0.401254 0.196243 0.861751
v 0.381456 0.244901 0.776127
v 0.390808 0.211246 0.745387
v 0.367074 0.195660 0.741289
v 0.888848 0.245976 0.521470
v 0.905583 0.233162 0.537593
v 0.919685 0.206875 0.514254
v 0.800251 0.205892 0.491868
v 0.808078 0.235337 0.497641
v 0.898119 0.237115 0.220483
v 0.909574 0.210800 0.216893
v 0.913822 0.227034 0.226198
v 0.175880 0.226234 0.236339
v 0.207204 0.209099 0.026626
v 0.495486 0.246673 0.172730
v 0.862204 0.247853 0.000716
v 0.824194 0.240330 -0.013749
v 0.821985 0.231111 -0.042408
v 0.899162 0.241777 -0.481313
v 0.836822 0.243553 -0.449844
v 0.724045 0.215372 -0.639983
v 0.658402 0.207668 -0.564310
v 0.536654 0.200003 -0.296223
v 0.450230 0.233108 -0.295249
v 0.518583 0.238849 -0.771432
v 0.397406 0.229783 -0.737042
v 0.006030 0.210605 -1.030669
v 0.020393 0.239441 -0.934425
v 0.025547 0.245495 -0.951049
v 0.023487 0.230740 -0.927450
v -0.154600 0.207680 -0.930856
v -0.116312 0.217563 -0.877981
v -0.286833 0.231390 -0.069047
v -0.297773 0.214288 -0.067844
v 0.024221 0.235517 -0.067496
v 0.074287 0.226625 -0.378526
v -0.030239 0.214657 -0.393649
v -0.035597 0.163267 -0.374736
v 0.035388 0.246470 -0.624529
v 0.057508 0.240998 -0.589847
v -0.023318 0.234506 -0.573607
v -0.286334 0.229189 -0.888535
v -0.295149 0.196102 -0.892850
v -0.289887 0.243853 -0.795726
v -0.793097 0.243239 -0.510306
v -0.808845 0.236083 -0.489660
v -0.738725 0.243720 -0.476314
v -0.805893 0.233415 -0.278822
v -0.486747 0.233663 -0.333199
v -0.824440 0.240570 -0.024426
v -0.801691 0.174947 -0.020635
v -0.889092 0.245402 0.450005
v -0.911530 0.235864 0.366164
v -0.896871 0.196539 0.484979
v -0.645934 0.227665 0.565419
v -0.672976 0.243264 0.566121
v -0.161512 0.235213 0.231892
v -0.457254 0.248302 0.191696
v 0.281707 0.214505 0.251745
v 0.869137 0.247791 -0.470448
v 0.662766 0.240752 -0.600470
v 0.712654 0.244173 -0.552247
v 0.700166 0.236027 -0.644968
v 0.697341 0.243600 -0.626478
v -0.086772 0.247094 -0.925773
v -0.166894 0.211045 -0.821204
v -0.285993 0.244971 -0.868384
v -0.617914 0.240121 -0.247867
v -0.665280 0.225944 0.616981
v -0.715389 0.214448 0.636046
v 0.643877 0.216661 -0.588657
v -0.818388 0.206591 -0.505602
v -0.463111 0.078437 -0.329999
v 0.442303 0.078436 -0.301953
v 0.541760 0.078439 -0.772343
v 0.538633 0.193310 -0.763909
v 0.035474 0.192816 -1.032554
v -0.638216 0.078436 0.568505
v -0.132383 0.218856 -0.887442
v 0.188585 0.078425 0.019817
v 0.175934 0.078435 0.243830
v -0.170749 0.078427 0.015779
v -0.194360 0.210676 0.022581
v -0.511746 0.078439 0.587745
v -0.086256 0.217828 -0.631180
v 0.813656 0.191278 -0.033639
v -0.258548 0.211650 -0.760607
v 0.914722 0.211942 0.026243
v -0.478506 0.078436 0.133589
v 0.382030 0.078439 0.747452
v 0.923913 0.078438 0.286740
v 0.810461 0.078440 -0.022250
v 0.912008 0.078437 -0.503579
v 0.674433 0.078437 -0.643720
v 0.465842 0.078437 -0.278334
v 0.367180 0.078438 -0.870903
v -0.751195 0.078437 -0.264303
v -0.809805 0.078436 -0.015929
v 0.070303 0.245960 0.651958
v -0.005661 0.192879 0.599338
v -0.062787 0.078411 -0.055967
v 0.537008 0.209311 0.659565
v 0.011811 0.228921 0.920845
v 0.528868 0.234376 -0.765317
v -0.006498 0.245477 -0.597586
v -0.284384 0.210007 -0.769789
v -0.815859 0.230207 -0.012896
v -0.826275 0.241551 0.412817
v -0.428704 0.245977 0.689462
v 0.003061 0.239828 0.621621
v 0.428678 0.239337 0.741576
v 0.849353 0.244077 0.242920
v 0.921054 0.213952 0.317916
v 0.911901 0.236666 0.368199
v 0.708688 0.234040 0.043336
v 0.892200 0.244231 0.021044
v -0.138858 0.239495 -0.958662
v -0.038751 0.239701 -0.610720
v -0.772126 0.238353 -0.276223
v -0.817514 0.226604 -0.302577
v -0.472494 0.239729 -0.318345
v -0.826468 0.237415 0.133945
v -0.717201 0.236371 0.621835
v -0.817060 0.078436 -0.281811
v -0.503952 0.078438 0.729495
v 0.375017 0.194975 0.864562
v 0.906553 0.195130 0.548490
v -0.398018 0.210004 0.263594
v -0.272418 0.194740 -0.895491
vn 0.7454 -0.0001 -0.6666
vn 0.7913 0.1750 -0.5859
vn 0.8613 -0.0000 -0.5080
vn 0.6667 0.1876 -0.7214
vn -0.9901 -0.0006 0.1401
vn -0.9436 0.1182 0.3093
vn -0.9732 0.1727 0.1519
vn 0.5958 0.1046 -0.7963
vn 0.4266 0.1794 -0.8865
vn 0.3022 0.5263 -0.7948
vn 0.4680 0.5306 -0.7068
vn 0.2394 0.1862 -0.9529
vn 0.0889 0.5276 -0.8448
vn 0.3296 0.0003 0.9441
vn 0.2394 0.1743 0.9551
vn 0.1441 -0.1137 0.9830
vn 0.4247 0.1700 0.8892
vn 0.1404 0.0003 -0.9901
vn 0.0444 0.1651 -0.9853
vn 0.5192 -0.0859 0.8503
vn 0.5831 0.1733 0.7937
vn 0.6702 0.0038 0.7422
vn 0.7214 0.1876 0.6667
vn -0.2379 0.1978 0.9509
vn -0.0906 0.5276 0.8446
vn -0.3279 0.5364 0.7777
vn -0.4377 0.1624 0.8844
vn -0.3296 0.0003 -0.9441
vn -0.2394 0.1743 -0.9551
vn -0.1441 -0.1137 -0.9830
vn -0.4247 0.1700 -0.8892
vn 0.7928 0.1030 0.6007
vn -0.1615 -0.0985 0.9819
vn -0.0484 0.1598 0.9860
vn -0.5192 -0.0859 -0.8503
vn -0.5831 0.1733 -0.7937
vn 0.8872 0.1839 0.4231
vn 0.7937 0.5260 0.3056
vn 0.7068 0.5306 0.4680
vn -0.6702 0.0038 -0.7422
vn -0.7201 0.1786 -0.6705
vn 0.9539 0.1779 0.2416
vn 0.8350 0.5361 0.1242
vn -0.7965 0.1136 -0.5938
vn 0.9915 0.0014 0.1302
vn 0.9823 0.1808 0.0499
vn 0.8482 0.5243 -0.0756
vn -0.9443 0.0033 -0.3291
vn -0.8844 0.1645 -0.4368
vn -0.8636 -0.0058 -0.5042
vn 0.9830 0.1105 -0.1469
vn -0.9534 0.1808 -0.2414
vn -0.8310 0.5413 -0.1282
vn -0.7811 0.5204 -0.3451
vn 0.9445 -0.0003 -0.3285
vn 0.9495 0.1897 -0.2499
vn 0.8903 0.1749 -0.4205
vn -0.9951 -0.0000 -0.0988
vn -0.9822 0.1837 -0.0387
vn -0.8482 0.5232 0.0827
vn -0.8618 0.1837 0.4728
vn -0.7950 0.2503 0.5526
vn -0.7989 0.3936 0.4549
vn -0.9166 0.2627 0.3013
vn -0.7702 0.5614 0.3026
vn 0.8312 0.3862 0.3999
vn 0.6349 0.6585 0.4042
vn 0.7752 0.2927 0.5598
vn -0.9502 0.3116 -0.0036
vn -0.7776 0.6089 0.1571
vn -0.8217 0.5573 0.1191
vn 0.7992 0.5340 0.2759
vn 0.8708 0.2831 0.4019
vn 0.9677 0.2489 0.0389
vn 0.7557 0.6549 -0.0076
vn 0.8226 0.5574 0.1122
vn -0.6915 0.3655 0.6231
vn 0.9082 0.3115 -0.2795
vn 0.8266 0.5529 -0.1053
vn 0.9832 -0.0413 -0.1779
vn 0.7753 0.2831 -0.5646
vn 0.7369 0.5705 -0.3626
vn 0.8492 0.2237 -0.4783
vn -0.4880 0.0302 0.8723
vn -0.3028 0.2681 0.9146
vn -0.4583 0.3946 0.7964
vn -0.1529 0.4813 0.8631
vn -0.2332 0.3729 0.8981
vn -0.3559 0.5354 0.7660
vn -0.2400 0.1011 -0.9655
vn -0.4452 0.2154 -0.8691
vn -0.2329 0.3841 -0.8934
vn -0.0787 0.6700 0.7382
vn -0.5494 0.2407 -0.8001
vn -0.4430 0.5723 -0.6901
vn -0.2783 0.5839 -0.7627
vn -0.5996 0.4048 -0.6904
vn -0.7096 0.2336 -0.6647
vn -0.5763 0.6370 -0.5120
vn -0.8255 0.1839 -0.5336
vn 0.3265 0.6533 0.6830
vn 0.5486 0.2398 0.8010
vn 0.3767 0.6627 0.6473
vn 0.3423 0.1269 0.9310
vn 0.3425 0.5555 0.7577
vn 0.0173 0.2495 -0.9682
vn -0.0059 0.6822 -0.7311
vn 0.0757 0.6801 -0.7292
vn 0.2322 0.3641 -0.9020
vn 0.2143 0.2613 -0.9412
vn 0.7033 0.1827 0.6870
vn 0.5770 0.4996 0.6462
vn -0.9704 0.2176 -0.1051
vn -0.7750 0.5597 -0.2936
vn -0.9356 0.1084 -0.3359
vn 0.0124 0.9999 -0.0108
vn -0.1801 0.9814 0.0662
vn 0.0726 0.9970 -0.0269
vn -0.4195 0.8283 0.3714
vn -0.5025 0.8314 0.2373
vn -0.1301 0.9903 0.0491
vn 0.1873 0.9823 0.0052
vn -0.0827 0.9965 -0.0083
vn -0.1015 0.9793 0.1751
vn 0.1465 0.9868 -0.0697
vn 0.5167 0.7559 -0.4021
vn 0.5325 0.8203 -0.2089
vn 0.1289 0.9806 -0.1477
vn 0.3737 0.8015 -0.4668
vn -0.0034 0.9862 0.1654
vn -0.0388 0.9284 0.3695
vn -0.2387 0.7716 0.5896
vn -0.0108 0.9999 -0.0127
vn -0.3526 0.8378 -0.4169
vn -0.1965 0.8481 -0.4921
vn -0.0368 0.9842 -0.1733
vn -0.0318 0.9952 -0.0927
vn 0.0078 0.9966 -0.0819
vn 0.0008 1.0000 -0.0039
vn -0.0565 0.9958 0.0723
vn 0.0515 0.8322 -0.5520
vn 0.1797 0.8617 -0.4745
vn 0.0964 0.9773 0.1886
vn 0.1336 0.8016 0.5827
vn 0.3920 0.7902 0.4711
vn -0.0042 1.0000 -0.0077
vn -0.4437 0.8917 -0.0900
vn -0.6883 0.6502 -0.3216
vn 0.1272 0.9877 0.0904
vn 0.0078 0.9999 0.0094
vn 0.6086 0.7471 0.2674
vn -0.5840 0.5218 -0.6218
vn -0.2862 0.8863 -0.3640
vn -0.4359 0.5369 -0.7223
vn -0.1966 0.8933 -0.4042
vn -0.2836 0.5358 -0.7953
vn -0.0004 0.8968 0.4425
vn -0.1298 0.8748 0.4668
vn -0.0858 0.8847 -0.4582
vn -0.1088 0.5129 -0.8516
vn 0.5862 0.5252 0.6169
vn 0.2958 0.8844 0.3610
vn 0.4359 0.5369 0.7223
vn -0.2441 0.8752 0.4177
vn -0.4886 0.5438 0.6823
vn 0.1997 0.8886 0.4129
vn 0.2836 0.5358 0.7953
vn -0.0010 0.8943 -0.4475
vn 0.1344 0.8803 -0.4551
vn -0.3254 0.8874 0.3267
vn -0.6597 0.5255 0.5373
vn 0.0849 0.8864 0.4552
vn 0.1088 0.5129 0.8516
vn -0.4326 0.8649 0.2547
vn 0.2555 0.8880 -0.3823
vn 0.0457 0.9963 -0.0727
vn 0.3598 0.8850 -0.2954
vn -0.7770 0.5474 0.3107
vn -0.4657 0.8795 0.0980
vn 0.6169 0.5252 -0.5862
vn 0.7223 0.5369 -0.4359
vn 0.4149 0.8887 -0.1952
vn 0.7963 0.5356 -0.2812
vn -0.4652 0.8851 -0.0126
vn -0.4482 0.8817 -0.1473
vn 0.4659 0.8799 -0.0933
vn -0.1027 0.9908 -0.0886
vn -0.3888 0.8814 -0.2684
vn 0.4686 0.8833 0.0145
vn 0.4439 0.8859 0.1346
vn -0.5105 0.5753 0.6391
vn 0.1397 0.1514 0.9786
vn 0.0646 0.0165 0.9978
vn 0.4617 0.8136 0.3533
vn 0.8019 0.5509 0.2313
vn 0.5451 0.8358 0.0663
vn 0.5130 0.8560 -0.0637
vn 0.9207 0.2546 -0.2959
vn 0.7099 -0.0240 -0.7039
vn 0.5579 0.2641 -0.7867
vn 0.3474 0.4852 -0.8024
vn -0.0754 0.6919 -0.7180
vn -0.1727 0.9186 -0.3555
vn -0.3664 0.8985 -0.2418
vn -0.7813 0.4320 -0.4505
vn -0.7507 0.6606 -0.0075
vn -0.4554 0.8832 0.1126
vn -0.5234 0.7687 0.3677
vn -0.3098 0.9022 0.3001
vn -0.4659 0.6477 0.6028
vn 0.0332 0.9692 0.2442
vn -0.1437 0.8819 0.4491
vn -0.0013 0.6147 0.7888
vn 0.1350 0.5288 0.8380
vn 0.2208 0.6664 0.7121
vn 0.1904 0.9597 0.2066
vn 0.3019 0.9503 0.0759
vn 0.4802 0.8671 -0.1321
vn 0.4373 0.8356 -0.3325
vn 0.3400 0.8727 -0.3505
vn 0.7685 0.2949 -0.5678
vn 0.2940 0.8606 -0.4159
vn 0.4797 0.3582 -0.8010
vn 0.3297 0.5343 -0.7784
vn 0.1251 0.8990 -0.4198
vn -0.1025 0.6569 -0.7470
vn 0.7900 -0.1763 -0.5872
vn 0.6710 -0.1626 -0.7234
vn 0.5374 -0.5263 -0.6590
vn 0.5128 -0.1175 -0.8504
vn -0.7676 -0.5615 0.3091
vn -0.8469 -0.1891 0.4970
vn -0.9341 -0.1621 0.3182
vn -0.8777 0.1358 0.4595
vn -0.7926 -0.0041 0.6098
vn 0.4296 -0.1763 -0.8856
vn 0.3309 0.0001 -0.9437
vn 0.0848 -0.5303 0.8436
vn -0.0362 -0.1802 0.9830
vn 0.2499 -0.1897 0.9495
vn -0.6483 -0.5432 0.5335
vn -0.7244 -0.1680 0.6687
vn -0.6586 -0.1169 0.7433
vn 0.3279 -0.5529 -0.7660
vn 0.2407 -0.1837 -0.9530
vn 0.2976 -0.5061 0.8095
vn 0.4157 -0.1839 0.8907
vn -0.5010 -0.5156 0.6951
vn -0.4931 -0.1926 0.8484
vn 0.1096 -0.5245 -0.8443
vn 0.0435 -0.1801 -0.9827
vn -0.0607 0.1249 -0.9903
vn 0.4592 -0.5468 0.7001
vn -0.3182 -0.5351 0.7826
vn -0.3212 -0.1684 0.9319
vn -0.0839 -0.5332 -0.8418
vn -0.2499 -0.1897 -0.9495
vn 0.6619 -0.1968 0.7233
vn -0.2976 -0.5061 -0.8095
vn -0.4157 -0.1839 -0.8907
vn 0.6445 -0.5425 0.5389
vn 0.7969 -0.1637 0.5815
vn 0.8650 -0.0020 0.5017
vn -0.1259 -0.5171 0.8466
vn 0.0599 0.1246 0.9904
vn -0.4592 -0.5468 -0.7001
vn 0.8916 -0.1734 0.4184
vn 0.9447 -0.0084 0.3279
vn -0.6619 -0.1968 -0.7233
vn 0.9640 -0.1902 0.1859
vn -0.6445 -0.5425 -0.5389
vn -0.7967 -0.1640 -0.5817
vn 0.8447 -0.5351 0.0070
vn 0.9834 -0.1712 -0.0606
vn -0.8890 -0.1771 -0.4224
vn -0.9559 -0.1671 -0.2414
vn 0.9561 -0.1742 -0.2354
vn 0.8908 -0.1714 -0.4208
vn 0.7360 -0.3895 0.5537
vn 0.8342 -0.3869 0.3930
vn 0.7019 -0.5819 0.4108
vn 0.7132 -0.6601 0.2358
vn 0.8974 -0.1110 0.4270
vn 0.8511 -0.5110 0.1206
vn 0.9521 -0.1959 0.2348
vn 0.1199 -0.9928 0.0032
vn -0.1669 -0.9826 0.0817
vn 0.0975 -0.9935 -0.0589
vn -0.8239 -0.5544 0.1178
vn -0.7706 -0.5639 0.2969
vn -0.7968 -0.5921 0.1201
vn -0.7975 -0.3925 0.4581
vn -0.6932 -0.3728 0.6168
vn -0.7949 -0.2555 0.5503
vn -0.6745 -0.0973 0.7318
vn 0.8257 -0.5528 -0.1126
vn 0.8769 -0.3650 -0.3127
vn 0.7979 -0.5926 -0.1104
vn 0.7629 -0.6070 -0.2226
vn 0.8738 -0.2757 -0.4006
vn 0.7165 -0.5918 -0.3692
vn -0.3550 -0.5820 0.7316
vn -0.2212 -0.6620 0.7161
vn -0.2909 -0.2494 0.9237
vn -0.1211 -0.5292 0.8398
vn -0.1797 -0.2452 0.9527
vn -0.2332 -0.3876 -0.8919
vn -0.2786 -0.5827 -0.7635
vn -0.4351 -0.2633 -0.8610
vn 0.7190 -0.2102 -0.6624
vn 0.6450 -0.3618 -0.6731
vn 0.5369 -0.6044 -0.5886
vn 0.4674 -0.4057 -0.7854
vn 0.4502 -0.6002 -0.6611
vn 0.2921 -0.6354 -0.7148
vn 0.3384 -0.4959 -0.7998
vn -0.4444 -0.5570 -0.7016
vn -0.6021 -0.4126 -0.6835
vn -0.5499 -0.2543 -0.7956
vn -0.7295 -0.0990 -0.6768
vn 0.2340 -0.3887 -0.8911
vn 0.2372 -0.4045 0.8833
vn 0.2735 -0.1186 0.9545
vn 0.0881 -0.5552 0.8270
vn 0.4122 -0.3971 0.8200
vn 0.4312 -0.2811 0.8573
vn -0.7574 -0.2840 -0.5880
vn -0.8468 -0.1664 -0.5053
vn 0.4519 -0.5954 0.6643
vn 0.5603 -0.2698 0.7831
vn 0.0651 -0.7058 -0.7054
vn 0.0845 -0.5504 -0.8306
vn 0.6214 -0.3563 0.6978
vn 0.5894 -0.6073 0.5327
vn -0.7447 -0.5620 -0.3601
vn -0.9089 -0.3111 -0.2776
vn -0.9232 -0.2468 -0.2946
vn -0.8285 -0.5488 -0.1111
vn -0.9543 -0.2404 -0.1773
vn 0.1653 -0.9854 0.0402
vn -0.0751 -0.9972 0.0041
vn -0.0739 -0.9970 -0.0238
vn 0.5373 -0.8422 0.0447
vn 0.2283 -0.9729 -0.0357
vn 0.1882 -0.9773 -0.0973
vn -0.1350 -0.9841 0.1151
vn -0.4398 -0.8087 0.3907
vn -0.1578 -0.9638 0.2149
vn 0.0423 -0.9932 -0.1082
vn 0.0619 -0.9807 -0.1857
vn -0.0306 -0.7935 -0.6079
vn -0.0340 -0.9877 -0.1528
vn -0.0312 -0.7964 0.6040
vn 0.0472 -0.9820 0.1826
vn -0.0307 -0.9869 0.1585
vn -0.1438 -0.9769 -0.1580
vn 0.0918 -0.9926 0.0799
vn 0.0264 -0.9931 0.1145
vn 0.1361 -0.9759 0.1706
vn -0.0816 -0.9941 -0.0714
vn -0.0365 -0.9956 -0.0860
vn -0.3005 -0.9492 -0.0931
vn -0.5921 -0.8050 -0.0374
vn -0.2388 -0.9700 0.0446
vn -0.3133 -0.8757 -0.3674
vn 0.4238 -0.8727 0.2425
vn 0.7693 -0.5392 0.3427
vn -0.1545 -0.8693 -0.4696
vn 0.3092 -0.8794 0.3621
vn -0.0222 -0.9971 0.0732
vn -0.0866 -0.8873 0.4530
vn -0.2001 -0.9025 0.3814
vn -0.0018 -0.9071 -0.4209
vn 0.1678 -0.8652 0.4726
vn 0.1241 -0.8521 -0.5084
vn -0.3005 -0.8818 0.3634
vn -0.4411 -0.8620 0.2498
vn 0.0012 -0.9000 0.4359
vn 0.2514 -0.8854 -0.3909
vn 0.3701 -0.8718 -0.3209
vn -0.4674 -0.8814 0.0691
vn -0.8474 -0.5120 0.1404
vn 0.6823 -0.5456 -0.4866
vn -0.8305 -0.5557 -0.0369
vn 0.4450 -0.8822 -0.1541
vn -0.4501 -0.8891 -0.0829
vn -0.8140 -0.5402 -0.2135
vn 0.8269 -0.5322 -0.1815
vn 0.7506 -0.5470 -0.3705
vn -0.4244 -0.8704 -0.2497
vn 0.4642 -0.8847 -0.0423
vn -0.7655 -0.5440 -0.3437
vn 0.4415 -0.8927 0.0909
vn 0.8071 -0.5452 0.2266
vn 0.0258 0.0322 -0.9991
vn -0.1663 -0.2483 -0.9543
vn -0.2493 -0.7930 -0.5558
vn -0.2747 -0.1845 -0.9437
vn -0.3802 -0.7863 -0.4871
vn -0.4810 -0.8085 -0.3389
vn -0.4980 -0.8337 -0.2384
vn -0.9988 0.0400 0.0270
vn -0.5402 -0.8179 0.1981
vn -0.9614 -0.1083 0.2531
vn -0.3379 -0.8332 0.4378
vn -0.5083 -0.1674 0.8447
vn -0.2250 -0.8444 0.4861
vn 0.0244 0.0169 0.9996
vn 0.2376 -0.8055 0.5429
vn 0.3743 -0.7682 0.5194
vn 0.5209 -0.8296 0.2012
vn 0.1964 -0.9721 0.1283
vn 0.9910 -0.1340 0.0021
vn 0.4887 -0.8313 -0.2647
vn 0.8079 -0.2494 -0.5339
vn 0.4807 -0.7835 -0.3939
vn 0.1361 -0.9702 -0.2003
vn -0.0764 -0.6952 -0.7148
vn -0.1722 -0.9177 -0.3581
vn -0.3668 -0.8685 -0.3333
vn -0.4808 -0.8672 -0.1296
vn -0.4993 -0.8018 -0.3284
vn -0.7537 -0.6573 -0.0018
vn -0.4541 -0.8838 0.1127
vn -0.5033 -0.7855 0.3600
vn -0.1787 -0.9580 0.2244
vn -0.5505 -0.5289 0.6459
vn -0.4640 -0.5387 0.7032
vn -0.0035 -0.6114 0.7913
vn -0.0333 -0.9695 0.2429
vn 0.0793 -0.6782 0.7306
vn 0.1777 -0.8581 0.4818
vn 0.4548 -0.7763 0.4366
vn 0.1640 -0.9787 0.1235
vn 0.5575 -0.7645 0.3237
vn 0.2749 -0.9605 0.0434
vn 0.7696 -0.6385 -0.0114
vn 0.5070 -0.8515 -0.1340
vn 0.3597 -0.8901 -0.2797
vn 0.0475 -0.9882 -0.1456
vn 0.3947 -0.7538 -0.5254
vn 0.0866 0.9950 -0.0496
vn -0.2571 0.9497 0.1786
vn 0.0274 0.9497 0.3120
vn 0.0074 0.9739 -0.2270
vn 0.1477 0.9838 0.1011
vn -0.0355 0.8836 -0.4669
vn 0.3903 0.8856 0.2518
vn 0.0016 1.0000 0.0033
vn 0.0556 0.9816 0.1824
vn -0.0127 0.9907 -0.1355
vn 0.0700 0.9966 -0.0424
vn -0.2276 0.9395 0.2560
vn -0.2606 0.9595 0.1066
vn -0.0003 0.9789 0.2043
vn -0.1825 0.9707 0.1565
vn 0.1821 0.9824 -0.0419
vn -0.4420 0.8166 -0.3711
vn -0.0123 0.9934 0.1144
vn 0.0366 0.9744 -0.2217
vn 0.3130 0.9474 -0.0669
vn 0.1331 0.9900 -0.0470
vn -0.2199 0.9755 0.0009
vn 0.2239 0.9624 -0.1538
vn -0.1458 0.9862 0.0791
vn -0.1658 0.9844 -0.0590
vn 0.0045 0.9999 0.0113
vn -0.0490 0.9055 -0.4215
vn -0.0593 0.9982 -0.0083
vn 0.2003 0.9534 0.2256
vn -0.2434 0.9679 0.0627
vn 0.4341 0.8702 0.2332
vn -0.3191 0.7951 -0.5158
vn -0.2088 0.9730 -0.0981
vn 0.1236 0.9834 0.1330
vn 0.0988 0.9939 0.0482
vn -0.0211 0.9991 0.0354
vn 0.4727 0.8641 -0.1728
vn 0.6754 -0.0140 -0.7373
vn 0.7989 0.1691 -0.5772
vn 0.9632 -0.0129 0.2685
vn 0.2904 0.1562 0.9441
vn -0.3289 -0.0173 0.9442
vn 0.7557 -0.0103 0.6549
vn 0.8789 0.0328 0.4758
vn 0.9346 0.2837 0.2145
vn 0.8827 0.0019 0.4699
vn 0.8194 0.4932 0.2922
vn 0.8674 0.0388 -0.4962
vn 0.4975 0.1331 -0.8572
vn 0.0602 0.0207 -0.9980
vn 0.3336 0.0025 0.9427
vn 0.0440 0.1892 0.9809
vn -0.2452 -0.0017 0.9695
vn 0.8427 -0.0095 0.5384
vn 0.5535 0.0866 0.8284
vn 0.2245 0.1698 0.9596
vn -0.8691 0.0063 -0.4946
vn -0.5231 0.2111 -0.8257
vn -0.1205 -0.0008 -0.9927
vn -0.8214 0.1418 -0.5525
vn 0.8691 0.0081 -0.4947
vn 0.9151 0.4031 0.0047
vn -0.8922 0.0779 -0.4448
vn -0.5837 0.4558 -0.6720
vn -0.9006 -0.0208 -0.4342
vn 0.8829 0.0221 0.4690
vn 0.6194 0.1687 0.7668
vn 0.5528 0.4982 0.6680
vn 0.2309 0.1084 -0.9669
vn 0.4571 0.0253 -0.8890
vn 0.0191 -0.0064 -0.9998
vn -0.9246 -0.0067 0.3808
vn -0.9440 0.1824 0.2748
vn -0.9853 0.1603 -0.0584
vn -0.4073 0.0010 0.9133
vn -0.4926 0.2085 0.8449
vn -0.8593 -0.0013 0.5115
vn -0.2025 0.1311 0.9705
vn -0.5165 0.2247 -0.8263
vn -0.1644 0.2370 -0.9575
vn -0.7394 0.0021 -0.6733
vn -0.0198 0.0220 -0.9996
vn 0.4023 0.1861 -0.8964
vn 0.3370 0.1034 -0.9358
vn 0.8560 0.0050 0.5169
vn 0.4505 0.5181 0.7271
vn 0.1555 -0.0018 0.9878
vn 0.7465 0.1176 0.6549
vn -0.0795 0.9962 -0.0360
vn 0.0886 0.9918 0.0921
vn 0.3094 0.9417 -0.1320
vn -0.0059 0.0191 0.9998
vn 0.0771 0.1132 0.9906
vn -0.2174 0.1264 0.9679
vn 0.8246 -0.0446 0.5640
vn -0.6467 -0.0042 0.7628
vn -0.9518 0.1531 0.2656
vn -0.9987 -0.0047 0.0516
vn -0.0977 0.0261 0.9949
vn 0.2365 0.1127 0.9651
vn 0.0495 0.0170 0.9986
vn 0.9782 0.2066 -0.0202
vn 0.9686 0.1907 0.1597
vn 0.9985 0.0134 -0.0537
vn -0.9587 0.0540 -0.2794
vn -0.9376 0.2689 -0.2204
vn -0.8577 -0.0008 -0.5141
vn -0.9309 0.0308 -0.3640
vn -0.8127 0.0062 -0.5826
vn -0.8419 0.2408 -0.4829
vn -0.0115 0.2581 0.9661
vn -0.0435 0.0111 0.9990
vn 0.2329 0.0179 0.9723
vn 0.2131 0.3839 0.8985
vn -0.5698 -0.0047 -0.8218
vn -0.2331 0.1734 -0.9569
vn 0.1016 -0.0014 -0.9948
vn -0.8946 0.0273 0.4461
vn -0.9797 0.1831 -0.0820
vn -0.9548 0.2536 0.1554
vn 0.5976 0.1691 0.7837
vn 0.4086 0.0552 0.9111
vn 0.6766 0.0099 0.7363
vn -0.5871 0.2651 0.7648
vn -0.5075 0.2005 0.8380
vn -0.8972 0.0053 -0.4416
vn -0.5677 0.1168 -0.8149
vn 0.0087 -0.0019 -1.0000
vn -0.7002 0.3484 -0.6232
vn -0.0459 0.0313 -0.9985
vn -0.2771 0.3488 -0.8953
vn -0.8498 0.0331 -0.5261
vn 0.4933 0.1920 -0.8484
vn 0.6501 0.2032 -0.7321
vn 0.8613 -0.0044 -0.5080
vn 0.1581 -0.0059 -0.9874
vn -0.8862 0.4470 0.1218
vn -0.9483 0.1963 -0.2493
vn -0.9839 0.1302 0.1224
vn -0.8980 0.0324 0.4389
vn 0.9996 0.0185 0.0214
vn 0.9122 0.4093 0.0217
vn 0.7972 0.5039 -0.3324
vn -0.4898 0.5460 -0.6797
vn -0.4346 0.1661 -0.8852
vn -0.7782 0.2666 -0.5687
vn -0.4244 0.8472 -0.3196
vn -0.8904 0.4355 -0.1328
vn 0.1861 0.1802 0.9659
vn 0.6206 0.3548 0.6993
vn 0.1188 0.7709 0.6258
vn -0.6877 0.7260 0.0070
vn -0.9679 0.2402 0.0745
vn -0.5212 0.8501 -0.0750
vn -0.1402 0.7549 -0.6407
vn -0.7218 0.5596 0.4073
vn -0.4229 0.5521 0.7186
vn -0.7934 0.1220 0.5963
vn 0.3754 0.8106 -0.4495
vn 0.4804 0.8720 -0.0942
vn 0.6330 0.3010 -0.7133
vn 0.3898 0.6139 0.6865
vn -0.0742 0.5886 0.8050
vn -0.2708 0.6427 -0.7167
vn 0.1582 0.5550 -0.8167
vn -0.3138 0.1811 -0.9321
vn 0.6027 0.1852 -0.7762
vn 0.6716 0.7409 -0.0083
vn 0.9368 0.3238 0.1325
vn -0.3587 0.7276 0.5848
vn -0.7597 0.4463 0.4729
vn -0.4862 0.8732 -0.0343
vn -0.1004 0.9879 0.1183
vn -0.0165 0.6892 -0.7244
vn -0.1726 0.0641 -0.9829
vn 0.1140 0.5696 0.8140
vn -0.3247 0.6423 0.6943
vn 0.3207 0.1213 0.9394
vn -0.4127 0.5641 -0.7152
vn 0.0007 0.7032 -0.7110
vn -0.0035 0.9804 -0.1969
vn 0.6864 0.5763 0.4435
vn -0.5079 0.6348 -0.5823
vn -0.7587 0.6079 -0.2344
vn -0.6736 0.1769 -0.7176
vn 0.3059 0.7485 -0.5883
vn 0.8124 0.4512 -0.3694
vn 0.5962 0.1100 -0.7953
vn 0.0190 0.1924 -0.9811
vn 0.7228 0.6911 0.0068
vn -0.9741 0.1951 0.1142
vn -0.7451 0.4297 0.5102
vn -0.5447 0.8135 0.2038
vn -0.0247 0.9926 0.1185
vn -0.0666 0.7889 0.6109
vn -0.0228 0.8023 -0.5965
vn 0.9733 0.2288 0.0208
vn 0.7553 0.6481 0.0969
vn 0.8990 0.2138 0.3822
vn -0.4006 0.8887 -0.2230
vn -0.3102 0.6930 -0.6508
vn 0.5515 0.6443 -0.5299
vn 0.8864 0.3272 -0.3274
vn 0.5114 0.8439 -0.1621
vn -0.6623 0.6529 0.3674
vn -0.7668 0.1803 0.6161
vn -0.1034 0.9491 -0.2976
vn 0.0157 0.6992 -0.7148
vn -0.2208 0.3756 -0.9001
vn -0.5098 0.8398 -0.1866
vn -0.9804 0.1966 0.0099
vn -0.7644 0.6068 0.2177
vn -0.7263 0.2979 -0.6194
vn -0.7110 0.1576 0.6853
vn 0.0178 0.8058 0.5919
vn 0.6231 0.5875 0.5164
vn 0.3759 0.9252 0.0527
vn 0.9000 0.0974 0.4248
vn -0.9675 0.0950 0.2345
vn -0.5805 0.2563 0.7729
vn -0.6245 0.6467 0.4379
vn 0.4033 0.4552 -0.7938
vn 0.4291 0.7835 -0.4494
vn 0.6062 0.2016 -0.7693
vn 0.7591 0.5802 -0.2953
vn 0.9417 0.1174 -0.3154
vn -0.4132 0.7381 0.5334
vn -0.9269 0.3499 0.1360
vn 0.1856 0.6290 -0.7549
vn -0.1905 0.7467 -0.6373
vn 0.3848 0.7719 0.5061
vn -0.0000 0.6095 0.7928
vn -0.2615 0.2052 0.9431
vn -0.8709 0.4317 -0.2350
vn -0.7177 0.2902 0.6331
vn -0.0978 0.6706 0.7353
vn -0.4526 0.8484 0.2746
vn 0.3203 0.8204 0.4736
vn -0.0004 0.6909 0.7229
vn -0.6710 0.5964 -0.4404
vn -0.5168 0.7300 0.4473
vn -0.8310 0.0903 -0.5488
vn -0.9081 0.2859 0.3060
vn 0.8768 0.4365 -0.2018
vn 0.5158 0.8310 -0.2083
vn 0.7505 0.2510 -0.6114
vn -0.9782 -0.0089 -0.2073
vn 0.9436 0.3023 -0.1352
vn 0.6747 0.5736 -0.4645
vn 0.5777 0.8144 -0.0545
vn -0.4780 0.7342 0.4821
vn -0.6569 0.7371 0.1588
vn 0.2591 0.1283 -0.9573
vn -0.0985 0.5211 -0.8478
vn 0.4262 0.5947 -0.6817
vn -0.4625 0.6081 -0.6452
vn -0.3634 0.1355 -0.9217
vn -0.1096 0.8148 0.5693
vn 0.1411 0.1697 0.9753
vn -0.7448 0.6585 -0.1081
vn -0.4369 0.8547 -0.2803
vn 0.4853 0.5787 0.6554
vn 0.6994 0.0087 0.7147
vn 0.5986 0.1870 0.7789
vn 0.2401 0.9568 0.1639
vn -0.5259 0.6343 0.5667
vn -0.6432 0.1369 0.7533
vn 0.1059 0.2710 -0.9567
vn -0.0151 0.7232 -0.6905
vn 0.3883 0.8291 -0.4022
vn -0.5229 0.6342 -0.5695
vn -0.7503 0.6255 -0.2139
vn -0.3430 0.9304 0.1292
vn 0.7507 0.6606 -0.0045
vn 0.8191 0.5069 0.2685
vn 0.3569 0.9070 0.2234
vn 0.9845 0.1373 0.1093
vn 0.9040 0.2709 -0.3307
vn 0.6854 0.3501 -0.6384
vn 0.7172 0.1104 -0.6881
vn 0.9768 0.2130 -0.0237
vn 0.6984 0.4078 0.5882
vn 0.1964 0.6121 0.7660
vn 0.3343 0.0830 0.9388
vn -0.3990 0.2168 0.8910
vn -0.3679 0.7264 0.5805
vn 0.9731 0.1537 0.1716
vn 0.6977 0.7129 0.0701
vn 0.7846 0.4291 -0.4475
vn 0.2850 0.9422 -0.1759
vn 0.1120 0.3571 0.9273
vn 0.0535 0.9677 0.2463
vn 0.5400 0.8416 0.0092
vn 0.3631 0.9104 0.1982
vn -0.3401 0.1167 0.9331
vn 0.1515 0.3910 -0.9078
vn 0.3611 0.7954 -0.4868
vn -0.2612 0.3512 -0.8991
vn 0.0861 0.9632 -0.2544
vn 0.0445 0.9526 0.3010
vn -0.1656 0.9809 -0.1019
vn 0.2328 0.9720 -0.0311
vn -0.2042 0.9630 -0.1758
vn -0.5115 0.3914 -0.7649
vn -0.5353 0.7715 -0.3439
vn 0.2880 0.9482 0.1338
vn -0.2515 0.9539 -0.1641
vn -0.3667 0.6789 -0.6360
vn 0.2600 0.1933 -0.9461
vn 0.2390 0.1878 -0.9527
vn -0.6524 0.2165 -0.7263
vn 0.5800 0.5551 0.5962
vn -0.9595 0.0532 -0.2766
vn -0.9447 0.3120 -0.1007
vn 0.9937 0.0889 -0.0682
vn -0.2375 0.9705 0.0412
vn -0.7307 0.2157 0.6477
vn -0.4461 0.3574 0.8205
vn 0.7712 0.5274 0.3564
vn -0.6140 0.7493 -0.2479
vn 0.9617 0.0330 -0.2723
vn 0.5865 0.1963 -0.7858
vn 0.8193 0.0992 -0.5647
vn 0.5008 0.3895 0.7730
vn -0.0298 0.7753 0.6309
vn 0.5788 0.4205 0.6987
vn 0.8155 0.5329 -0.2256
vn 0.9842 0.1076 0.1409
vn 0.6547 0.6672 0.3553
vn -0.7662 0.6425 0.0085
vn 0.0555 0.9698 0.2377
vn 0.8235 -0.0103 0.5672
vn -0.6950 0.5794 0.4258
vn -0.7252 0.1042 0.6806
vn -0.8742 -0.0086 0.4855
vn -0.5797 0.0004 -0.8148
vn -0.9064 0.0061 0.4223
vn -0.9417 0.0002 -0.3364
vn -0.8639 0.0002 0.5036
vn 0.5443 -0.0033 -0.8389
vn 0.1898 0.0333 -0.9813
vn -0.9222 0.0044 0.3867
vn -0.1597 0.2311 0.9597
vn 0.0284 0.0075 -0.9996
vn 0.8726 -0.0128 -0.4882
vn -0.8534 0.0344 0.5201
vn 0.9780 -0.0374 0.2052
vn -0.9465 0.3017 -0.1143
vn -0.0682 -0.0177 -0.9975
vn -0.6511 0.0036 0.7590
vn 0.9143 0.0230 -0.4045
vn -0.5201 0.1913 -0.8324
vn -0.2893 0.2861 -0.9135
vn -0.0206 -0.0262 0.9994
vn -0.8679 0.0431 -0.4948
vn -0.8681 -0.0311 0.4954
vn -0.0330 -0.0187 -0.9993
vn 0.8029 0.0005 -0.5960
vn -0.0621 0.0098 -0.9980
vn -0.6895 0.2430 -0.6823
vn -0.3710 0.3567 0.8574
vn -0.6937 -0.0182 0.7200
vn -0.9995 0.0121 0.0297
vn 0.9340 0.0069 0.3572
vn 0.9660 0.1662 0.1983
vn -0.9836 0.0876 -0.1576
vn -0.9405 -0.0059 -0.3397
vn 0.6325 0.0065 -0.7746
vn 0.9143 -0.0040 -0.4051
vn -0.9997 0.0126 0.0197
vn -0.8495 0.1282 0.5118
vn 0.6846 0.0334 0.7281
vn 0.6992 0.2302 0.6769
vn -0.0072 0.0472 0.9989
vn 0.9605 0.0124 0.2781
vn -0.7951 0.1745 0.5809
vn -0.6294 0.1751 0.7571
vn -0.5064 0.0077 0.8622
vn -0.3324 0.0025 0.9431
vn -0.6860 0.5397 -0.4879
vn 0.9990 -0.0126 -0.0439
vn -0.6841 -0.0154 0.7293
vn 0.6275 0.3242 -0.7079
vn 0.5957 0.6446 0.4791
vn -0.8295 0.5464 -0.1156
vn -0.3755 0.8803 -0.2898
vn 0.0277 0.9951 0.0951
vn 0.3620 0.8988 0.2470
vn -0.4658 0.8774 -0.1149
vn -0.9754 -0.1707 0.1396
vn -0.9842 -0.1723 -0.0415
vn -0.8616 -0.2553 0.4386
vn 0.7510 -0.3440 -0.5636
vn -0.0052 -0.6861 -0.7275
vn 0.2471 -0.6472 -0.7212
vn 0.0026 -0.0040 1.0000
vn 0.7010 0.0842 -0.7082
vn 0.9624 0.0044 -0.2717
vn 0.9303 0.0962 -0.3538
vn 0.8392 -0.0052 -0.5438
vn 0.9273 0.0110 -0.3741
vn -0.8567 0.0164 -0.5156
vn 0.3914 0.0089 0.9202
vn 0.9995 0.0004 -0.0317
vn -0.5116 0.0322 0.8586
vn 0.5102 0.5253 -0.6810
vn 0.6062 0.7477 0.2710
vn -0.1168 0.1870 0.9754
vn 0.9537 0.1542 -0.2582
vn 0.1117 0.8142 0.5698
vn 0.8714 0.0150 -0.4903
vt 0.606309 0.447628
vt 0.635965 0.440809
vt 0.647842 0.472042
vt 0.600752 0.414675
vt 0.763129 0.003418
vt 0.801281 0.021798
vt 0.761085 0.025525
vt 0.577585 0.405961
vt 0.559023 0.363746
vt 0.566039 0.336834
vt 0.592826 0.378421
vt 0.540725 0.325197
vt 0.550540 0.288523
vt 0.989920 0.306662
vt 0.972094 0.283045
vt 0.996582 0.273169
vt 0.961606 0.324406
vt 0.512124 0.306660
vt 0.529849 0.282379
vt 0.974079 0.352161
vt 0.942847 0.364040
vt 0.949666 0.393696
vt 0.916715 0.399253
vt 0.961318 0.172768
vt 0.951504 0.209442
vt 0.931435 0.152908
vt 0.943021 0.134220
vt 0.512123 0.191304
vt 0.529950 0.214921
vt 0.505462 0.224797
vt 0.540438 0.173560
vt 0.908000 0.422420
vt 0.989920 0.191305
vt 0.972195 0.215587
vt 0.527965 0.145804
vt 0.559197 0.133926
vt 0.865785 0.440984
vt 0.838874 0.433968
vt 0.880460 0.407180
vt 0.552378 0.104270
vt 0.585329 0.098712
vt 0.827237 0.459282
vt 0.801097 0.447553
vt 0.594043 0.075545
vt 0.808701 0.487885
vt 0.784419 0.470160
vt 0.750690 0.453331
vt 0.646685 0.026403
vt 0.636258 0.056982
vt 0.605570 0.050832
vt 0.742022 0.480861
vt 0.674806 0.038684
vt 0.700947 0.050413
vt 0.654933 0.068573
vt 0.693342 0.487885
vt 0.716960 0.470059
vt 0.675599 0.459569
vt 0.703131 0.008133
vt 0.717625 0.027806
vt 0.751354 0.044635
vt 0.691657 0.391333
vt 0.672473 0.380236
vt 0.692427 0.374114
vt 0.712795 0.397028
vt 0.715917 0.382031
vt 0.679777 0.130591
vt 0.666206 0.141350
vt 0.649381 0.134694
vt 0.758305 0.403942
vt 0.735458 0.403202
vt 0.744826 0.386439
vt 0.696675 0.122679
vt 0.672854 0.117542
vt 0.728980 0.097512
vt 0.737951 0.112807
vt 0.718723 0.115175
vt 0.668646 0.360034
vt 0.778356 0.113316
vt 0.757279 0.111474
vt 0.760370 0.095188
vt 0.829466 0.117723
vt 0.798639 0.119784
vt 0.810401 0.106600
vt 0.622466 0.334438
vt 0.612965 0.314696
vt 0.639128 0.329995
vt 0.601023 0.285908
vt 0.621038 0.295892
vt 0.630947 0.315574
vt 0.902264 0.271237
vt 0.895437 0.301095
vt 0.887468 0.270682
vt 0.616556 0.277592
vt 0.882273 0.327534
vt 0.874121 0.309275
vt 0.882911 0.286227
vt 0.862071 0.331361
vt 0.864562 0.352535
vt 0.850675 0.343724
vt 0.849086 0.369063
vt 0.604657 0.195044
vt 0.619475 0.170957
vt 0.626266 0.190073
vt 0.602889 0.210969
vt 0.620476 0.206433
vt 0.902588 0.227281
vt 0.887179 0.235914
vt 0.885488 0.220374
vt 0.881006 0.202074
vt 0.896109 0.198483
vt 0.631863 0.150710
vt 0.640746 0.166694
vt 0.788296 0.398877
vt 0.811230 0.372891
vt 0.816794 0.387204
vt 0.668981 0.409390
vt 0.714546 0.410342
vt 0.722802 0.424548
vt 0.665311 0.381266
vt 0.706514 0.399125
vt 0.802323 0.080995
vt 0.722971 0.085947
vt 0.709908 0.075982
vt 0.618931 0.351160
vt 0.806235 0.090367
vt 0.832278 0.114934
vt 0.795129 0.098569
vt 0.871783 0.136109
vt 0.866250 0.143263
vt 0.586424 0.274952
vt 0.594852 0.282481
vt 0.611480 0.319961
vt 0.898178 0.344604
vt 0.883303 0.334695
vt 0.901524 0.292102
vt 0.917358 0.272191
vt 0.577259 0.213962
vt 0.578025 0.290096
vt 0.921304 0.207583
vt 0.888153 0.136931
vt 0.906220 0.221471
vt 0.895674 0.188727
vt 0.592409 0.193768
vt 0.595753 0.225622
vt 0.618740 0.163270
vt 0.854436 0.390463
vt 0.799035 0.398944
vt 0.831898 0.383001
vt 0.637981 0.126549
vt 0.792422 0.419268
vt 0.671067 0.114528
vt 0.587101 0.126232
vt 0.593432 0.143236
vt 0.566305 0.160571
vt 0.571577 0.185856
vt 0.552608 0.198307
vt 0.939442 0.222855
vt 0.926496 0.176700
vt 0.562074 0.229986
vt 0.546535 0.237990
vt 0.914943 0.371733
vt 0.908612 0.354730
vt 0.935739 0.337394
vt 0.903203 0.134849
vt 0.903391 0.112158
vt 0.930467 0.312110
vt 0.949436 0.299659
vt 0.562601 0.275110
vt 0.575548 0.321266
vt 0.871792 0.102427
vt 0.864789 0.079232
vt 0.939970 0.267979
vt 0.955509 0.259974
vt 0.823991 0.073790
vt 0.603982 0.369160
vt 0.613891 0.361035
vt 0.645276 0.406574
vt 0.810646 0.053469
vt 0.770018 0.060031
vt 0.628272 0.412904
vt 0.662611 0.433702
vt 0.687895 0.428430
vt 0.700346 0.447401
vt 0.724894 0.060559
vt 0.672472 0.076735
vt 0.732026 0.437935
vt 0.627326 0.124791
vt 0.624614 0.106829
vt 0.777150 0.437407
vt 0.823305 0.424460
vt 0.636084 0.352916
vt 0.598162 0.241635
vt 0.595491 0.256966
vt 0.645468 0.133111
vt 0.699306 0.102836
vt 0.721661 0.094993
vt 0.744264 0.092727
vt 0.789335 0.100957
vt 0.849792 0.129218
vt 0.865308 0.147340
vt 0.883965 0.169345
vt 0.888486 0.251436
vt 0.875338 0.296829
vt 0.840295 0.348463
vt 0.831909 0.360987
vt 0.764093 0.385158
vt 0.727134 0.381051
vt 0.683633 0.366701
vt 0.666404 0.354857
vt 0.651358 0.343160
vt 0.620001 0.242478
vt 0.629844 0.306706
vt 0.614865 0.262052
vt 0.613462 0.241877
vt 0.616795 0.220568
vt 0.644915 0.167737
vt 0.702119 0.127809
vt 0.774928 0.116918
vt 0.821898 0.134035
vt 0.839557 0.147573
vt 0.822975 0.130995
vt 0.857070 0.164733
vt 0.862826 0.167777
vt 0.871613 0.182654
vt 0.874767 0.195752
vt 0.907101 0.255282
vt 0.364036 0.440809
vt 0.393691 0.447628
vt 0.352158 0.472043
vt 0.399248 0.414676
vt 0.422619 0.422623
vt 0.393708 0.393245
vt 0.435444 0.392377
vt 0.189355 0.053469
vt 0.153094 0.046890
vt 0.195191 0.031862
vt 0.155005 0.022111
vt 0.120835 0.039267
vt 0.440978 0.363746
vt 0.472036 0.352159
vt 0.044634 0.249270
vt 0.017104 0.257984
vt 0.027678 0.216432
vt 0.027906 0.283044
vt 0.135211 0.079233
vt 0.115511 0.069479
vt 0.087607 0.081806
vt 0.429386 0.345071
vt 0.459677 0.324082
vt 0.487877 0.306660
vt 0.010080 0.306662
vt 0.050564 0.299659
vt 0.038395 0.324406
vt 0.096609 0.112158
vt 0.068570 0.116744
vt 0.447545 0.299056
vt 0.470279 0.281535
vt 0.494539 0.261091
vt 0.038199 0.353389
vt 0.068861 0.345617
vt 0.068571 0.152896
vt 0.046742 0.153410
vt 0.453323 0.248696
vt 0.480853 0.239982
vt 0.470051 0.214922
vt 0.069474 0.382450
vt 0.487877 0.191304
vt 0.447393 0.198307
vt 0.459562 0.173560
vt 0.104717 0.393713
vt 0.098962 0.414907
vt 0.075338 0.422624
vt 0.104265 0.447628
vt 0.050412 0.198910
vt 0.021835 0.187863
vt 0.003418 0.236875
vt 0.459758 0.144577
vt 0.429096 0.152349
vt 0.134214 0.440984
vt 0.145800 0.472043
vt 0.428482 0.115516
vt 0.184332 0.462592
vt 0.191299 0.487886
vt 0.393240 0.104253
vt 0.398995 0.083060
vt 0.422619 0.075342
vt 0.394430 0.050831
vt 0.229244 0.452431
vt 0.238926 0.472441
vt 0.363743 0.056982
vt 0.353315 0.026403
vt 0.325193 0.038683
vt 0.296869 0.008133
vt 0.283040 0.470059
vt 0.306658 0.487885
vt 0.273165 0.494548
vt 0.324402 0.459569
vt 0.342116 0.146941
vt 0.320223 0.130591
vt 0.342640 0.124854
vt 0.303345 0.122689
vt 0.327146 0.117542
vt 0.281210 0.115216
vt 0.300225 0.104865
vt 0.232088 0.423816
vt 0.318727 0.400290
vt 0.338398 0.401035
vt 0.255175 0.386439
vt 0.284083 0.382031
vt 0.256638 0.403679
vt 0.307573 0.374115
vt 0.331355 0.360034
vt 0.327528 0.380237
vt 0.352529 0.362525
vt 0.242721 0.111474
vt 0.215114 0.114956
vt 0.241319 0.094287
vt 0.218275 0.096548
vt 0.196155 0.105515
vt 0.199083 0.121246
vt 0.366757 0.320322
vt 0.375349 0.302412
vt 0.387780 0.314401
vt 0.382778 0.281173
vt 0.397341 0.286161
vt 0.112532 0.270683
vt 0.117089 0.286228
vt 0.104958 0.300327
vt 0.157224 0.126512
vt 0.155977 0.146714
vt 0.142954 0.133828
vt 0.137282 0.167652
vt 0.128925 0.150937
vt 0.128110 0.184940
vt 0.115943 0.169656
vt 0.125880 0.309276
vt 0.137929 0.331362
vt 0.117727 0.327534
vt 0.135438 0.352536
vt 0.118995 0.202074
vt 0.385709 0.228379
vt 0.400170 0.218529
vt 0.403775 0.241640
vt 0.378225 0.201568
vt 0.392999 0.197639
vt 0.156133 0.351441
vt 0.158535 0.372440
vt 0.368579 0.181729
vt 0.380525 0.170957
vt 0.114519 0.220360
vt 0.098788 0.211506
vt 0.359967 0.166541
vt 0.363669 0.144596
vt 0.177653 0.366764
vt 0.196324 0.376994
vt 0.183238 0.387623
vt 0.216747 0.382750
vt 0.211546 0.397248
vt 0.306667 0.092683
vt 0.248517 0.071725
vt 0.316797 0.084116
vt 0.281909 0.094839
vt 0.241339 0.083402
vt 0.179226 0.097678
vt 0.151208 0.103505
vt 0.334689 0.381266
vt 0.371465 0.360665
vt 0.411105 0.315608
vt 0.094940 0.187239
vt 0.091389 0.251974
vt 0.084561 0.275881
vt 0.403054 0.282211
vt 0.411950 0.217675
vt 0.405275 0.306671
vt 0.122461 0.356436
vt 0.132257 0.381239
vt 0.077135 0.283523
vt 0.381848 0.149997
vt 0.373993 0.123316
vt 0.419503 0.203863
vt 0.191290 0.405283
vt 0.216047 0.403127
vt 0.256618 0.414564
vt 0.406569 0.143236
vt 0.138334 0.402597
vt 0.144508 0.425119
vt 0.433057 0.204786
vt 0.091388 0.354730
vt 0.085072 0.181498
vt 0.067139 0.194239
vt 0.084899 0.152737
vt 0.438920 0.259332
vt 0.064900 0.293180
vt 0.426587 0.314506
vt 0.114494 0.115077
vt 0.169720 0.077060
vt 0.059037 0.238634
vt 0.396019 0.369160
vt 0.354724 0.406575
vt 0.241545 0.059817
vt 0.237986 0.044492
vt 0.353980 0.424803
vt 0.278092 0.046276
vt 0.293174 0.433064
vt 0.303723 0.067141
vt 0.317079 0.055851
vt 0.278706 0.451601
vt 0.317662 0.441908
vt 0.359623 0.095369
vt 0.238628 0.438928
vt 0.353448 0.072847
vt 0.194233 0.430825
vt 0.180878 0.442115
vt 0.095096 0.234201
vt 0.096311 0.257485
vt 0.099642 0.296115
vt 0.097786 0.279437
vt 0.116697 0.334695
vt 0.143719 0.364304
vt 0.174284 0.386621
vt 0.234196 0.402869
vt 0.296109 0.398322
vt 0.279431 0.400178
vt 0.364297 0.354243
vt 0.372433 0.339427
vt 0.386613 0.323678
vt 0.402860 0.263765
vt 0.398315 0.201851
vt 0.382822 0.167412
vt 0.314949 0.106803
vt 0.355782 0.122288
vt 0.270882 0.096823
vt 0.191550 0.102290
vt 0.175916 0.113080
vt 0.160852 0.119334
vt 0.122285 0.142179
vt 0.111515 0.251436
vt 0.124662 0.296829
vt 0.150292 0.337700
vt 0.200874 0.374575
vt 0.160092 0.351061
vt 0.235908 0.385158
vt 0.272867 0.381051
vt 0.316827 0.366104
vt 0.341481 0.342356
vt 0.344908 0.347770
vt 0.353995 0.337669
vt 0.385135 0.262052
vt 0.376878 0.280395
vt 0.386427 0.246461
vt 0.376333 0.207332
vt 0.351234 0.160272
vt 0.339278 0.155499
vt 0.330326 0.140666
vt 0.282322 0.119194
vt 0.262049 0.112808
vt 0.225072 0.116918
vt 0.178839 0.134183
vt 0.135119 0.191983
vt 0.151683 0.155222
vt 0.548750 0.685853
vt 0.548693 0.673134
vt 0.690197 0.720583
vt 0.683876 0.730927
vt 0.707859 0.744767
vt 0.703726 0.750202
vt 0.880598 0.623522
vt 0.889753 0.624486
vt 0.904076 0.737274
vt 0.916080 0.734968
vt 0.928301 0.503530
vt 0.954347 0.483284
vt 0.936083 0.509485
vt 0.221054 0.566774
vt 0.201789 0.698026
vt 0.189108 0.698655
vt 0.227546 0.541250
vt 0.229423 0.549001
vt 0.212299 0.563849
vt 0.316028 0.532885
vt 0.402996 0.544989
vt 0.352165 0.623402
vt 0.473343 0.513047
vt 0.475538 0.527625
vt 0.411895 0.558195
vt 0.581000 0.516663
vt 0.584434 0.508438
vt 0.715039 0.604069
vt 0.578865 0.525765
vt 0.730960 0.629521
vt 0.728140 0.635462
vt 0.430073 0.835229
vt 0.501809 0.814773
vt 0.418733 0.848868
vt 0.501875 0.824593
vt 0.630583 0.839385
vt 0.620394 0.846339
vt 0.349248 0.860217
vt 0.392049 0.855442
vt 0.359198 0.886732
vt 0.226985 0.799853
vt 0.255608 0.832472
vt 0.226280 0.840712
vt 0.682711 0.652076
vt 0.726813 0.640034
vt 0.735948 0.667583
vt 0.706907 0.616342
vt 0.543610 0.742353
vt 0.632450 0.725756
vt 0.667558 0.779632
vt 0.743440 0.664915
vt 0.735132 0.640621
vt 0.753806 0.658165
vt 0.738792 0.767642
vt 0.719782 0.748014
vt 0.704480 0.713331
vt 0.492825 0.762360
vt 0.426591 0.828857
vt 0.347607 0.847430
vt 0.497377 0.797955
vt 0.135349 0.704767
vt 0.199312 0.765160
vt 0.103612 0.799916
vt 0.105013 0.791223
vt 0.115282 0.831338
vt 0.502068 0.879913
vt 0.405003 0.864908
vt 0.493975 0.838668
vt 0.196242 0.556965
vt 0.142258 0.657132
vt 0.178343 0.528721
vt 0.652712 0.789373
vt 0.632233 0.819913
vt 0.513477 0.797436
vt 0.010638 0.726221
vt 0.074422 0.766538
vt 0.097152 0.836212
vt 0.039457 0.709895
vt 0.225754 0.536717
vt 0.205046 0.551658
vt 0.234394 0.511343
vt 0.122552 0.696632
vt 0.110683 0.781579
vt 0.088068 0.703794
vt 0.027430 0.528507
vt 0.051905 0.650007
vt 0.005104 0.713759
vt 0.055572 0.546007
vt 0.407240 0.697107
vt 0.380434 0.741922
vt 0.361833 0.735706
vt 0.316732 0.624676
vt 0.299558 0.536213
vt 0.343267 0.637586
vt 0.271928 0.511760
vt 0.254700 0.523831
vt 0.233372 0.535770
vt 0.241075 0.513587
vt 0.271239 0.569961
vt 0.239746 0.563137
vt 0.259662 0.529675
vt 0.088659 0.511360
vt 0.059890 0.538504
vt 0.097339 0.473986
vt 0.104717 0.556109
vt 0.115123 0.510806
vt 0.139280 0.486757
vt 0.442094 0.604704
vt 0.345281 0.667445
vt 0.417935 0.571767
vt 0.913898 0.789273
vt 0.899906 0.818653
vt 0.856239 0.754656
vt 0.892370 0.741195
vt 0.377261 0.661625
vt 0.354745 0.730533
vt 0.324292 0.740544
vt 0.491291 0.580423
vt 0.426655 0.565246
vt 0.475294 0.541998
vt 0.864755 0.631118
vt 0.879870 0.736401
vt 0.831124 0.623641
vt 0.498197 0.539357
vt 0.565485 0.537324
vt 0.760680 0.577865
vt 0.634550 0.520772
vt 0.595952 0.459774
vt 0.723020 0.588499
vt 0.967368 0.718864
vt 0.925768 0.728404
vt 0.950078 0.629500
vt 0.951839 0.467165
vt 0.918888 0.486377
vt 0.890257 0.467030
vt 0.968347 0.439673
vt 0.738872 0.630527
vt 0.730932 0.596184
vt 0.946251 0.517905
vt 0.983181 0.524902
vt 0.463823 0.754752
vt 0.426353 0.717190
vt 0.542528 0.696275
vt 0.397229 0.689451
vt 0.391951 0.688778
vt 0.397069 0.685081
vt 0.399839 0.690967
vt 0.404928 0.686194
vt 0.384168 0.755307
vt 0.379428 0.753915
vt 0.383456 0.750261
vt 0.508361 0.672763
vt 0.534117 0.655564
vt 0.405968 0.689138
vt 0.359753 0.731407
vt 0.548467 0.665260
vt 0.600688 0.681503
vt 0.552629 0.657511
vt 0.553306 0.694081
vt 0.541365 0.691404
vt 0.550961 0.700901
vt 0.708244 0.737495
vt 0.693242 0.715586
vt 0.685657 0.739341
vt 0.678062 0.737507
vt 0.682958 0.746269
vt 0.715081 0.754988
vt 0.714634 0.750290
vt 0.717113 0.750791
vt 0.085737 0.775055
vt 0.093558 0.792125
vt 0.096630 0.788052
vt 0.091089 0.773300
vt 0.105522 0.784820
vt 0.110983 0.789292
vt 0.048359 0.703559
vt 0.052500 0.713333
vt 0.038331 0.703491
vt 0.073046 0.686735
vt 0.076665 0.701203
vt 0.069816 0.702838
vt 0.065070 0.548653
vt 0.089058 0.560821
vt 0.092926 0.554276
vt 0.099558 0.563955
vt 0.104483 0.504964
vt 0.102094 0.502823
vt 0.104481 0.498971
vt 0.109794 0.500979
vt 0.085347 0.523195
vt 0.932359 0.813659
vt 0.928367 0.807180
vt 0.929731 0.803432
vt 0.927220 0.786756
vt 0.924586 0.798352
vt 0.922748 0.733465
vt 0.868277 0.601043
vt 0.877685 0.616031
vt 0.868950 0.620269
vt 0.900563 0.626601
vt 0.910026 0.663431
vt 0.921680 0.495896
vt 0.914510 0.496262
vt 0.922096 0.500988
vt 0.941329 0.510519
vt 0.948738 0.510805
vt 0.955275 0.472016
vt 0.955285 0.469076
vt 0.957739 0.467308
vt 0.960325 0.474742
vt 0.966026 0.472392
vt 0.963237 0.475824
vt 0.962949 0.467948
vt 0.968085 0.477155
vt 0.228566 0.790565
vt 0.222197 0.793089
vt 0.220349 0.781706
vt 0.220507 0.802653
vt 0.240111 0.789649
vt 0.236707 0.790435
vt 0.233725 0.787820
vt 0.186119 0.653117
vt 0.180212 0.695478
vt 0.173561 0.692847
vt 0.178530 0.700361
vt 0.167042 0.703883
vt 0.207293 0.695505
vt 0.215958 0.703716
vt 0.205823 0.561999
vt 0.211640 0.554904
vt 0.226309 0.567442
vt 0.229324 0.569293
vt 0.234807 0.571743
vt 0.229313 0.537935
vt 0.236648 0.541067
vt 0.235348 0.545056
vt 0.232726 0.543192
vt 0.308221 0.532300
vt 0.327774 0.581276
vt 0.352859 0.629000
vt 0.348082 0.630346
vt 0.352674 0.638327
vt 0.348055 0.634849
vt 0.404583 0.533052
vt 0.402710 0.537881
vt 0.393131 0.531431
vt 0.426915 0.579454
vt 0.460501 0.503956
vt 0.472734 0.505271
vt 0.462405 0.513333
vt 0.484523 0.532062
vt 0.472434 0.535197
vt 0.584943 0.491105
vt 0.585580 0.501264
vt 0.574279 0.501364
vt 0.678443 0.564984
vt 0.590433 0.493020
vt 0.573789 0.530453
vt 0.574550 0.538669
vt 0.724019 0.600349
vt 0.718587 0.597207
vt 0.684668 0.599022
vt 0.701317 0.617467
vt 0.681117 0.605479
vt 0.707982 0.609830
vt 0.736000 0.634009
vt 0.739673 0.636704
vt 0.391646 0.845968
vt 0.397266 0.847114
vt 0.398711 0.851649
vt 0.495574 0.809281
vt 0.503201 0.805505
vt 0.628572 0.831032
vt 0.543793 0.837467
vt 0.502400 0.834477
vt 0.500502 0.829918
vt 0.506731 0.844880
vt 0.619139 0.856822
vt 0.624807 0.850537
vt 0.625928 0.863254
vt 0.599860 0.853901
vt 0.669033 0.863054
vt 0.669283 0.858850
vt 0.675951 0.861052
vt 0.671253 0.855313
vt 0.666510 0.854836
vt 0.667316 0.869165
vt 0.664075 0.866645
vt 0.662453 0.868880
vt 0.660438 0.862728
vt 0.416326 0.726076
vt 0.411473 0.712979
vt 0.465576 0.709848
vt 0.421166 0.714069
vt 0.697361 0.706369
vt 0.706338 0.755570
vt 0.710652 0.751343
vt 0.702535 0.754758
vt 0.097695 0.774278
vt 0.054753 0.702686
vt 0.083173 0.554503
vt 0.097735 0.516313
vt 0.105631 0.511579
vt 0.112754 0.506917
vt 0.110370 0.510237
vt 0.070963 0.549589
vt 0.951857 0.790872
vt 0.957136 0.795126
vt 0.933524 0.735541
vt 0.961037 0.791618
vt 0.911514 0.630391
vt 0.874509 0.626556
vt 0.919919 0.625048
vt 0.906789 0.620559
vt 0.901908 0.500466
vt 0.226738 0.776386
vt 0.216370 0.694669
vt 0.210364 0.682471
vt 0.307133 0.529489
vt 0.416852 0.564550
vt 0.400922 0.518837
vt 0.548375 0.492403
vt 0.470602 0.494488
vt 0.585067 0.539749
vt 0.732684 0.635812
vt 0.730142 0.639701
vt 0.398778 0.858931
vt 0.395258 0.864983
vt 0.402571 0.859777
vt 0.608626 0.822526
vt 0.664407 0.858050
vt 0.695324 0.878620
vt 0.632527 0.827555
vt 0.641349 0.821403
vt 0.759242 0.653465
vt 0.975455 0.443950
vt 0.990875 0.459841
vt 0.986583 0.453502
vt 0.552561 0.620993
vt 0.544457 0.706877
vt 0.673525 0.750092
vt 0.265944 0.826173
vt 0.234663 0.795275
vt 0.711118 0.783052
vt 0.733664 0.772605
vt 0.255934 0.695577
vt 0.499401 0.850532
vt 0.096932 0.793655
vt 0.137162 0.819843
vt 0.669622 0.811563
vt 0.613933 0.895249
vt 0.088035 0.650554
vt 0.083223 0.698496
vt 0.702078 0.865625
vt 0.134924 0.565311
vt 0.339524 0.667617
vt 0.125920 0.475957
vt 0.111828 0.469029
vt 0.991342 0.814275
vt 0.960234 0.798084
vt 0.925800 0.806583
vt 0.917261 0.840559
vt 0.942058 0.836684
vt 0.372079 0.782272
vt 0.376077 0.757849
vt 0.402314 0.678408
vt 0.388635 0.655214
vt 0.480950 0.464183
vt 0.460072 0.466776
vt 0.515928 0.630172
vt 0.481802 0.542638
vt 0.439591 0.762014
vt 0.423970 0.725296
vt 0.564493 0.575984
vt 0.831643 0.616898
vt 0.831414 0.034034
vt 0.866079 0.057157
vt 0.879165 0.039267
vt 0.983642 0.244216
vt 0.552378 0.393695
vt 0.527965 0.352159
vt 0.908983 0.091230
vt 0.916989 0.067669
vt 0.948968 0.103227
vt 0.518402 0.253749
vt 0.974079 0.145807
vt 0.614197 0.096612
vt 0.895735 0.447627
vt 0.854200 0.472042
vt 0.763131 0.494547
vt 0.652736 0.368160
vt 0.844024 0.146713
vt 0.654385 0.151975
vt 0.783321 0.382791
vt 0.860900 0.361399
vt 0.924785 0.284004
vt 0.871199 0.396025
vt 0.799106 0.374602
vt 0.189194 0.010499
vt 0.236871 0.003418
vt 0.238913 0.025525
vt 0.025921 0.145807
vt 0.051032 0.103228
vt 0.050334 0.393696
vt 0.447622 0.104270
vt 0.236870 0.494548
vt 0.282375 0.027806
vt 0.300321 0.393007
vt 0.177026 0.130995
vt 0.112822 0.235914
vt 0.105250 0.189337
vt 0.727966 0.689290
vt 0.661099 0.874835
vt 0.685275 0.891403
vt 0.301780 0.524117
vt 0.276243 0.507257
vt 0.391854 0.489575
vt 0.988629 0.818742
vt 0.379544 0.784197
vt 0.877979 0.488023
vt 0.602375 0.637111
vt 0.355550 0.735498
vt 0.379562 0.751003
vt 0.238150 0.543490
vt 0.353925 0.737435
vt 0.898847 0.740027
vt 0.325273 0.744901
s 1
usemtl M_LEO
f 164/1/1 343/2/2 165/3/3
f 164/1/1 313/4/4 343/2/2
f 167/5/5 166/6/6 344/7/7
f 315/8/8 313/4/4 164/1/1
f 317/9/9 13/10/10 12/11/11
f 317/9/9 12/11/11 315/8/8
f 319/12/12 14/13/13 13/10/10
f 319/12/12 13/10/10 317/9/9
f 175/14/14 318/15/15 171/16/16
f 175/14/14 320/17/17 318/15/15
f 174/18/18 322/19/19 319/12/12
f 322/19/19 14/13/13 319/12/12
f 178/20/20 320/17/17 175/14/14
f 178/20/20 323/21/21 320/17/17
f 181/22/22 323/21/21 178/20/20
f 181/22/22 326/23/23 323/21/21
f 327/24/24 27/25/25 26/26/26
f 327/24/24 26/26/26 324/27/27
f 183/28/28 325/29/29 180/30/30
f 183/28/28 328/31/31 325/29/29
f 329/32/32 326/23/23 181/22/22
f 182/33/33 345/34/34 327/24/24
f 345/34/34 27/25/25 327/24/24
f 185/35/35 328/31/31 183/28/28
f 185/35/35 330/36/36 328/31/31
f 331/37/37 6/38/38 5/39/39
f 331/37/37 5/39/39 329/32/32
f 187/40/40 330/36/36 185/35/35
f 187/40/40 332/41/41 330/36/36
f 333/42/42 7/43/43 6/38/38
f 333/42/42 6/38/38 331/37/37
f 334/44/44 332/41/41 187/40/40
f 188/45/45 335/46/46 333/42/42
f 335/46/46 8/47/47 7/43/43
f 335/46/46 7/43/43 333/42/42
f 191/48/48 336/49/49 189/50/50
f 461/51/51 8/47/47 335/46/46
f 338/52/52 21/53/53 20/54/54
f 338/52/52 20/54/54 336/49/49
f 193/55/55 337/56/56 461/51/51
f 193/55/55 339/57/57 337/56/56
f 192/58/58 340/59/59 338/52/52
f 340/59/59 22/60/60 21/53/53
f 340/59/59 21/53/53 338/52/52
f 165/3/3 339/57/57 193/55/55
f 165/3/3 343/2/2 339/57/57
f 344/7/7 22/60/60 340/59/59
f 370/61/61 58/62/62 109/63/63
f 57/64/64 109/63/63 108/65/65
f 123/66/66 122/67/67 75/68/68
f 53/69/69 55/70/70 377/71/71
f 124/72/72 123/66/66 77/73/73
f 81/74/74 127/75/75 125/76/76
f 108/65/65 377/71/71 55/70/70
f 111/77/77 109/63/63 58/62/62
f 383/78/78 129/79/79 83/80/80
f 87/81/81 384/82/82 373/83/83
f 371/84/84 64/85/85 112/86/86
f 64/85/85 66/87/87 115/88/88
f 115/88/88 114/89/89 64/85/85
f 43/90/90 368/91/91 97/92/92
f 379/93/93 115/88/88 66/87/87
f 368/91/91 45/94/94 100/95/95
f 368/91/91 100/95/95 99/96/96
f 101/97/97 100/95/95 45/94/94
f 47/98/98 375/99/99 101/97/97
f 47/98/98 49/100/100 375/99/99
f 372/101/101 71/102/102 120/103/103
f 70/104/104 120/103/103 118/105/105
f 41/106/106 96/107/107 386/108/108
f 386/108/108 137/109/109 95/110/110
f 73/111/111 121/112/112 71/102/102
f 121/112/112 120/103/103 71/102/102
f 52/113/113 104/114/114 50/115/115
f 388/116/116 54/117/117 30/118/118
f 54/117/117 59/119/119 56/120/120
f 32/121/121 78/122/122 31/123/123
f 388/116/116 59/119/119 54/117/117
f 61/124/124 59/119/119 388/116/116
f 392/125/125 86/126/126 84/127/127
f 90/128/128 88/129/129 86/126/126
f 90/128/128 86/126/126 392/125/125
f 389/130/130 65/131/131 63/132/132
f 389/130/130 63/132/132 61/124/124
f 38/133/133 46/134/134 44/135/135
f 38/133/133 44/135/135 387/136/136
f 37/137/137 389/130/130 36/138/138
f 39/139/139 90/128/128 35/140/140
f 39/139/139 94/141/141 92/142/142
f 39/139/139 92/142/142 90/128/128
f 390/143/143 68/144/144 389/130/130
f 390/143/143 72/145/145 372/101/101
f 40/146/146 51/147/147 369/148/148
f 391/149/149 72/145/145 390/143/143
f 28/150/150 51/147/147 40/146/146
f 54/117/117 51/147/147 28/150/150
f 78/122/122 76/151/151 391/149/149
f 18/152/152 341/153/153 17/154/154
f 17/154/154 366/155/155 16/156/156
f 17/154/154 341/153/153 366/155/155
f 342/157/157 39/139/139 365/158/158
f 16/156/156 363/159/159 15/160/160
f 16/156/156 366/155/155 363/159/159
f 4/161/161 364/162/162 3/163/163
f 26/26/26 361/164/164 25/165/165
f 26/26/26 365/158/158 361/164/164
f 3/163/163 360/166/166 2/167/167
f 3/163/163 364/162/162 360/166/166
f 362/168/168 36/138/138 359/169/169
f 25/165/165 358/170/170 24/171/171
f 25/165/165 361/164/164 358/170/170
f 2/167/167 357/172/172 1/173/173
f 2/167/167 360/166/166 357/172/172
f 358/170/170 35/140/140 32/121/121
f 358/170/170 32/121/121 356/174/174
f 355/175/175 33/176/176 354/177/177
f 23/178/178 353/179/179 22/60/60
f 23/178/178 356/174/174 353/179/179
f 11/180/180 354/177/177 10/181/181
f 354/177/177 33/176/176 388/116/116
f 10/181/181 351/182/182 9/183/183
f 10/181/181 354/177/177 351/182/182
f 352/184/184 31/123/123 349/185/185
f 9/183/183 350/186/186 8/47/47
f 9/183/183 351/182/182 350/186/186
f 349/185/185 29/187/187 347/188/188
f 348/189/189 28/150/150 346/190/190
f 347/188/188 29/187/187 341/153/153
f 45/94/94 368/91/91 46/134/134
f 55/70/70 56/120/120 57/64/64
f 58/62/62 370/61/61 59/119/119
f 59/119/119 61/124/124 62/191/191
f 64/85/85 371/84/84 63/132/132
f 371/84/84 62/191/191 63/132/132
f 66/87/87 63/132/132 65/131/131
f 69/192/192 67/193/193 68/144/144
f 70/104/104 68/144/144 372/101/101
f 71/102/102 372/101/101 72/145/145
f 73/111/111 74/194/194 75/68/68
f 76/151/151 78/122/122 79/195/195
f 79/195/195 80/196/196 81/74/74
f 81/74/74 80/196/196 82/197/197
f 81/74/74 82/197/197 83/80/80
f 83/80/80 84/127/127 85/198/198
f 87/81/81 373/83/83 86/126/126
f 89/199/199 86/126/126 88/129/129
f 89/199/199 88/129/129 91/200/200
f 88/129/129 90/128/128 93/201/201
f 93/201/201 90/128/128 92/142/142
f 93/201/201 92/142/142 95/110/110
f 95/110/110 92/142/142 94/141/141
f 95/110/110 94/141/141 41/106/106
f 374/202/202 99/96/96 98/203/203
f 374/202/202 97/92/92 99/96/96
f 98/203/203 375/99/99 102/204/204
f 98/203/203 100/95/95 375/99/99
f 102/204/204 375/99/99 103/205/205
f 102/204/204 103/205/205 104/114/114
f 106/206/206 377/71/71 107/207/207
f 377/71/71 108/65/65 107/207/207
f 107/207/207 110/208/208 310/209/209
f 107/207/207 108/65/65 110/208/208
f 378/210/210 112/86/86 114/89/89
f 116/211/211 113/212/212 379/93/93
f 113/212/212 114/89/89 115/88/88
f 116/211/211 379/93/93 117/213/213
f 117/213/213 380/214/214 116/211/211
f 381/215/215 118/105/105 120/103/103
f 120/103/103 121/112/112 119/216/216
f 126/217/217 122/67/67 124/72/72
f 126/217/217 124/72/72 125/76/76
f 127/75/75 129/79/79 128/218/218
f 129/79/79 383/78/78 128/218/218
f 128/218/218 132/219/219 131/220/220
f 128/218/218 384/82/82 132/219/219
f 132/219/219 384/82/82 130/221/221
f 135/222/222 134/223/223 136/224/224
f 385/225/225 136/224/224 137/109/109
f 385/225/225 386/108/108 96/107/107
f 42/226/226 43/90/90 374/202/202
f 420/227/227 164/228/1 165/229/3
f 393/230/228 315/231/8 164/228/1
f 393/230/228 148/232/229 168/233/230
f 159/234/231 395/235/232 394/236/233
f 314/237/234 395/235/232 169/238/235
f 168/233/230 396/239/236 170/240/237
f 138/241/238 171/242/16 422/243/239
f 171/242/16 138/241/238 397/244/240
f 160/245/241 398/246/242 395/235/232
f 169/238/235 398/246/242 173/247/243
f 149/248/244 399/249/245 396/239/236
f 170/240/237 399/249/245 174/250/18
f 397/244/240 175/251/14 171/242/16
f 397/244/240 139/252/246 400/253/247
f 173/247/243 161/254/248 401/255/249
f 150/256/250 402/257/251 399/249/245
f 174/250/18 402/257/251 177/258/252
f 400/253/247 178/259/20 175/251/14
f 400/253/247 140/260/253 178/259/20
f 401/255/249 162/261/254 403/262/255
f 151/263/256 180/264/30 402/257/251
f 180/264/30 151/263/256 404/265/257
f 140/260/253 405/266/258 178/259/20
f 404/265/257 183/267/28 180/264/30
f 404/265/257 152/268/259 406/269/260
f 141/270/261 407/271/262 405/266/258
f 329/272/32 407/271/262 184/273/263
f 163/274/264 422/243/239 182/275/33
f 182/275/33 422/243/239 172/276/265
f 406/269/260 185/277/35 183/267/28
f 406/269/260 153/278/266 185/277/35
f 184/273/263 408/279/267 186/280/268
f 153/278/266 409/281/269 185/277/35
f 186/280/268 410/282/270 188/283/45
f 154/284/271 411/285/272 409/281/269
f 334/286/44 411/285/272 189/287/50
f 410/282/270 144/288/273 412/289/274
f 189/287/50 413/290/275 191/291/48
f 191/291/48 415/292/276 192/293/58
f 414/294/277 193/295/55 461/296/51
f 416/297/278 165/229/3 193/295/55
f 292/298/279 294/299/280 243/300/281
f 294/299/280 295/301/282 245/302/283
f 295/301/282 296/303/284 246/304/285
f 194/305/286 456/306/287 197/307/288
f 449/308/289 275/309/290 221/310/291
f 276/311/292 278/312/293 224/313/294
f 224/313/294 278/312/293 226/314/295
f 300/315/296 301/316/297 250/317/298
f 444/318/299 301/316/297 251/319/300
f 301/316/297 302/320/301 251/319/300
f 450/321/302 451/322/303 231/323/304
f 451/322/303 282/324/305 232/325/306
f 265/326/307 267/327/308 209/328/309
f 255/329/310 304/330/311 256/331/312
f 304/330/311 305/332/313 258/333/314
f 305/332/313 307/334/315 260/335/316
f 268/336/317 269/337/318 210/338/319
f 210/338/319 269/337/318 212/339/320
f 307/334/315 308/340/321 260/335/316
f 285/341/322 443/342/323 235/343/324
f 285/341/322 287/344/325 237/345/326
f 212/339/320 270/346/327 213/347/328
f 287/344/325 288/348/329 239/349/330
f 308/340/321 309/350/331 262/351/332
f 288/348/329 289/352/333 239/349/330
f 289/352/333 241/353/334 239/349/330
f 446/354/335 448/355/336 216/356/337
f 448/355/336 272/357/338 217/358/339
f 448/355/336 217/358/339 216/356/337
f 459/359/340 198/360/341 196/361/342
f 247/362/343 249/363/344 459/359/340
f 198/360/341 460/364/345 199/365/346
f 225/366/347 227/367/348 456/306/287
f 197/307/288 227/367/348 200/368/349
f 261/369/350 205/370/351 453/371/352
f 233/372/353 458/373/354 457/374/355
f 454/375/356 204/376/357 201/377/358
f 240/378/359 195/379/360 203/380/361
f 455/381/362 194/305/286 204/376/357
f 195/379/360 459/359/340 196/361/342
f 218/382/363 220/383/364 455/381/362
f 153/278/266 418/384/365 154/284/271
f 440/385/366 142/386/367 141/270/261
f 439/387/368 153/278/266 152/268/259
f 439/387/368 203/380/361 418/384/365
f 204/376/357 440/385/366 437/388/369
f 439/387/368 152/268/259 151/263/256
f 202/389/370 438/390/371 436/391/372
f 162/261/254 438/390/371 163/274/264
f 140/260/253 437/388/369 141/270/261
f 435/392/373 203/380/361 439/387/368
f 434/393/374 140/260/253 139/252/246
f 434/393/374 201/377/358 437/388/369
f 433/394/375 200/368/349 435/392/373
f 432/395/376 161/254/248 160/245/241
f 434/393/374 139/252/246 138/241/238
f 149/248/244 433/394/375 150/256/250
f 431/396/377 199/365/346 432/395/376
f 419/397/378 201/377/358 434/393/374
f 430/398/379 149/248/244 148/232/229
f 430/398/379 200/368/349 433/394/375
f 159/234/231 431/396/377 160/245/241
f 197/307/288 430/398/379 429/399/380
f 428/400/381 159/234/231 158/401/382
f 147/402/383 429/399/380 148/232/229
f 428/400/381 158/401/382 157/403/384
f 427/404/385 197/307/288 429/399/380
f 426/405/386 157/403/384 156/406/387
f 426/405/386 198/360/341 428/400/381
f 145/407/388 427/404/385 146/408/389
f 196/361/342 426/405/386 424/409/390
f 425/410/391 194/305/286 427/404/385
f 424/409/390 155/411/392 154/284/271
f 423/412/393 144/288/273 143/413/394
f 423/412/393 194/305/286 425/410/391
f 195/379/360 424/409/390 418/384/365
f 205/370/351 206/414/395 207/415/396
f 208/416/397 205/370/351 441/417/398
f 212/339/320 211/418/399 210/338/319
f 214/419/400 212/339/320 213/347/328
f 454/375/356 211/418/399 214/419/400
f 216/356/337 215/420/401 213/347/328
f 218/382/363 215/420/401 216/356/337
f 219/421/402 218/382/363 217/358/339
f 220/383/364 218/382/363 221/310/291
f 222/422/403 221/310/291 442/423/404
f 226/314/295 225/366/347 224/313/294
f 229/424/405 226/314/295 228/425/406
f 227/367/348 225/366/347 229/424/405
f 231/323/304 230/426/407 228/425/406
f 233/372/353 230/426/407 231/323/304
f 234/427/408 233/372/353 232/325/306
f 458/373/354 233/372/353 235/343/324
f 236/428/409 235/343/324 443/342/323
f 241/353/334 238/429/410 239/349/330
f 244/430/411 242/431/412 243/300/281
f 246/304/285 244/430/411 245/302/283
f 248/432/413 247/362/343 246/304/285
f 249/363/344 247/362/343 250/317/298
f 252/433/414 444/318/299 251/319/300
f 253/434/415 252/433/414 251/319/300
f 254/435/416 253/434/415 255/329/310
f 257/436/417 258/333/314 260/335/316
f 205/370/351 261/369/350 262/351/332
f 267/327/308 445/437/418 266/438/419
f 265/326/307 445/437/418 267/327/308
f 268/336/317 266/438/419 311/439/420
f 311/439/420 269/337/318 268/336/317
f 447/440/421 446/354/335 271/441/422
f 272/357/338 448/355/336 447/440/421
f 273/442/423 272/357/338 447/440/421
f 449/308/289 273/442/423 274/443/424
f 275/309/290 449/308/289 274/443/424
f 275/309/290 274/443/424 277/444/425
f 277/444/425 274/443/424 280/445/426
f 277/444/425 276/311/292 275/309/290
f 279/446/427 278/312/293 277/444/425
f 280/445/426 281/447/428 279/446/427
f 451/322/303 450/321/302 280/445/426
f 284/448/429 282/324/305 283/449/430
f 285/341/322 452/450/431 286/451/432
f 288/348/329 286/451/432 291/452/433
f 291/452/433 286/451/432 290/453/434
f 291/452/433 289/352/333 288/348/329
f 293/454/435 292/298/279 291/452/433
f 295/301/282 294/299/280 293/454/435
f 297/455/436 295/301/282 290/453/434
f 298/456/437 296/303/284 297/455/436
f 300/315/296 298/456/437 299/457/438
f 301/316/297 299/457/438 302/320/301
f 301/316/297 300/315/296 299/457/438
f 302/320/301 299/457/438 312/458/439
f 263/459/440 306/460/441 312/458/439
f 305/332/313 306/460/441 307/334/315
f 309/350/331 308/340/321 307/334/315
f 385/225/225 98/203/203 102/204/204
f 126/217/217 128/218/218 131/220/220
f 126/217/217 131/220/220 119/216/216
f 119/216/216 310/209/209 116/211/211
f 113/212/212 116/211/211 310/209/209
f 266/438/419 263/459/440 311/439/420
f 290/453/434 283/449/430 280/445/426
f 832/461/442 547/462/443 713/463/444
f 713/463/444 559/464/445 832/461/442
f 559/464/445 561/465/446 719/466/447
f 839/467/448 739/468/449 592/469/450
f 592/469/450 739/468/449 738/470/451
f 839/467/448 783/471/452 739/468/449
f 785/472/453 743/473/454 783/471/452
f 752/474/455 626/475/456 624/476/457
f 840/477/458 788/478/459 622/479/460
f 640/480/461 647/481/462 644/482/463
f 762/483/464 828/484/465 652/485/466
f 762/483/464 662/486/467 828/484/465
f 662/486/467 790/487/468 667/488/469
f 767/489/470 662/486/467 667/488/469
f 667/488/469 671/490/471 676/491/472
f 791/492/473 686/493/474 680/494/475
f 692/495/476 686/493/474 693/496/477
f 693/496/477 831/497/478 692/495/476
f 796/498/479 677/499/480 521/500/481
f 613/501/482 818/502/483 497/503/484
f 517/504/485 674/505/486 519/506/487
f 517/504/485 668/507/488 674/505/486
f 469/508/489 556/509/490 471/510/491
f 820/511/492 673/512/493 518/513/494
f 473/514/495 562/515/496 554/516/497
f 522/517/498 678/518/499 520/519/500
f 522/517/498 689/520/501 678/518/499
f 798/521/502 615/522/503 497/503/484
f 823/523/504 568/524/505 476/525/506
f 821/526/507 681/527/508 691/528/509
f 800/529/510 819/530/511 499/531/512
f 524/532/513 694/533/514 685/534/515
f 478/535/516 565/536/517 475/537/518
f 478/535/516 849/538/519 565/536/517
f 634/539/520 750/540/521 499/531/512
f 634/539/520 499/531/512 502/541/522
f 813/542/523 570/543/524 727/544/525
f 480/545/526 572/546/527 479/547/528
f 480/545/526 850/548/529 572/546/527
f 781/549/530 536/550/531 529/551/532
f 824/552/533 638/553/534 643/554/535
f 506/555/536 638/553/534 824/552/533
f 504/556/537 754/557/538 501/558/539
f 500/559/540 633/560/541 503/561/542
f 836/562/543 730/563/544 814/564/545
f 814/564/545 730/563/544 480/545/526
f 575/565/546 580/566/547 484/567/548
f 510/568/549 507/569/550 651/570/551
f 782/571/552 486/572/553 488/573/554
f 593/574/555 782/571/552 488/573/554
f 812/575/556 806/576/557 805/577/558
f 513/578/559 760/579/560 658/580/561
f 510/568/549 760/579/560 513/578/559
f 599/581/562 591/582/563 490/583/564
f 513/578/559 808/584/565 810/585/566
f 516/586/567 659/587/568 514/588/569
f 516/586/567 664/589/570 659/587/568
f 489/590/571 597/591/572 815/592/573
f 744/593/574 603/594/575 816/595/576
f 744/593/574 816/595/576 494/596/577
f 843/597/578 795/598/579 516/586/567
f 607/599/580 493/600/581 815/592/573
f 466/601/582 544/602/583 469/508/489
f 469/508/489 544/602/583 550/603/584
f 534/604/585 542/605/586 532/606/587
f 533/607/588 532/606/587 707/608/589
f 537/609/590 538/610/591 539/611/592
f 548/612/593 707/608/589 540/613/594
f 547/462/443 541/614/595 548/612/593
f 706/615/596 534/604/585 533/607/588
f 529/551/532 533/607/588 781/549/530
f 540/613/594 709/616/597 548/612/593
f 710/617/598 709/616/597 549/618/599
f 551/619/600 550/603/584 712/620/601
f 550/603/584 551/619/600 711/621/602
f 563/622/603 714/623/604 554/516/497
f 557/624/605 826/625/606 559/464/445
f 826/625/606 557/624/605 555/626/607
f 560/627/608 715/628/609 564/629/610
f 567/630/611 566/631/612 565/536/517
f 833/632/613 566/631/612 567/630/611
f 822/633/614 833/632/613 567/630/611
f 568/524/505 721/634/615 571/635/616
f 849/538/519 723/636/617 573/637/618
f 572/546/527 723/636/617 724/638/619
f 724/638/619 723/636/617 849/538/519
f 834/639/620 574/640/621 725/641/622
f 730/563/544 729/642/623 850/548/529
f 732/643/624 576/644/625 731/645/626
f 733/646/627 735/647/628 734/648/629
f 578/649/630 733/646/627 734/648/629
f 837/650/631 735/647/628 733/646/627
f 583/651/632 736/652/633 585/653/634
f 584/654/635 585/653/634 587/655/636
f 739/468/449 596/656/637 738/470/451
f 598/657/638 600/658/639 811/659/640
f 739/468/449 740/660/641 838/661/642
f 603/594/575 605/662/643 606/663/644
f 606/663/644 605/662/643 742/664/645
f 608/665/646 609/666/647 607/599/580
f 787/667/648 786/668/649 611/669/650
f 787/667/648 611/669/650 784/670/651
f 794/671/652 612/672/653 610/673/654
f 745/674/655 612/672/653 794/671/652
f 621/675/656 616/676/657 614/677/658
f 616/676/657 746/678/659 615/522/503
f 618/679/660 620/680/661 747/681/662
f 625/682/663 748/683/664 623/684/665
f 623/684/665 748/683/664 827/685/666
f 799/686/667 827/685/666 615/522/503
f 626/475/456 628/687/668 627/688/669
f 622/479/460 631/689/670 630/690/671
f 800/529/510 750/540/521 631/689/670
f 752/474/455 751/691/672 753/692/673
f 632/693/674 753/692/673 633/560/541
f 634/539/520 635/694/675 840/477/458
f 802/695/676 637/696/677 636/697/678
f 638/553/534 642/698/679 758/699/680
f 646/700/681 756/701/682 644/482/463
f 645/702/683 757/703/684 646/700/681
f 759/704/685 649/705/686 648/706/687
f 761/707/688 651/570/551 760/579/560
f 654/708/689 656/709/690 763/710/691
f 841/711/692 764/712/693 828/484/465
f 852/713/694 765/714/695 660/715/696
f 665/716/697 790/487/468 765/714/695
f 766/717/698 765/714/695 852/713/694
f 663/718/699 829/719/700 810/585/566
f 662/486/467 767/489/470 663/718/699
f 769/720/701 768/721/702 664/589/570
f 670/722/703 669/723/704 666/724/705
f 770/725/706 668/507/488 670/722/703
f 673/512/493 771/726/707 672/727/708
f 679/728/709 772/729/710 844/730/711
f 688/731/712 687/732/713 686/493/474
f 686/493/474 687/732/713 775/733/714
f 688/731/712 686/493/474 791/492/473
f 685/534/515 687/732/713 689/520/501
f 845/734/715 830/735/716 773/736/717
f 830/735/716 845/734/715 690/737/718
f 773/736/717 830/735/716 691/528/509
f 699/738/719 698/739/720 696/740/721
f 831/497/478 699/738/719 697/741/722
f 792/742/723 701/743/724 702/744/725
f 793/745/726 701/743/724 846/746/727
f 704/747/728 705/748/729 792/742/723
f 778/749/730 705/748/729 704/747/728
f 705/748/729 778/749/730 779/750/731
f 537/609/590 539/611/592 543/751/732
f 543/751/732 539/611/592 545/752/733
f 539/611/592 536/550/531 545/752/733
f 546/753/734 708/754/735 712/620/601
f 712/620/601 781/549/530 832/461/442
f 561/465/446 559/464/445 713/463/444
f 553/755/736 710/617/598 549/618/599
f 711/621/602 551/619/600 556/509/490
f 556/509/490 551/619/600 826/625/606
f 826/625/606 551/619/600 559/464/445
f 717/756/737 716/757/738 560/627/608
f 718/758/739 557/624/605 719/466/447
f 833/632/613 569/759/740 721/634/615
f 565/536/517 573/637/618 567/630/611
f 567/630/611 722/760/741 822/633/614
f 727/544/525 570/543/524 574/640/621
f 570/543/524 721/634/615 574/640/621
f 732/643/624 834/639/620 577/761/742
f 579/762/743 733/646/627 835/763/744
f 733/646/627 581/764/745 582/765/746
f 836/562/543 837/650/631 730/563/544
f 837/650/631 728/766/747 729/642/623
f 576/644/625 582/765/746 580/566/547
f 585/653/634 584/654/635 588/767/748
f 585/653/634 588/767/748 590/768/749
f 590/768/749 595/769/750 737/770/751
f 588/767/748 596/656/637 590/768/749
f 838/661/642 602/771/752 597/591/572
f 596/656/637 739/468/449 838/661/642
f 601/772/753 593/574/555 599/581/562
f 809/773/754 741/774/755 607/599/580
f 743/473/454 608/665/646 741/774/755
f 606/663/644 598/657/638 604/775/756
f 742/664/645 600/658/639 606/663/644
f 783/471/452 839/467/448 742/664/645
f 610/673/654 612/672/653 784/670/651
f 608/665/646 612/672/653 745/674/655
f 786/668/649 742/664/645 605/662/643
f 621/675/656 619/776/757 747/681/662
f 747/681/662 627/688/669 618/679/660
f 619/776/757 626/475/456 747/681/662
f 614/677/658 616/676/657 615/522/503
f 624/476/457 614/677/658 827/685/666
f 788/478/459 752/474/455 622/479/460
f 629/777/758 749/778/759 632/693/674
f 752/474/455 753/692/673 749/778/759
f 631/689/670 625/682/663 800/529/510
f 800/529/510 625/682/663 623/684/665
f 631/689/670 622/479/460 748/683/664
f 631/689/670 748/683/664 625/682/663
f 840/477/458 636/697/678 788/478/459
f 751/691/672 788/478/459 637/696/677
f 634/539/520 630/690/671 750/540/521
f 840/477/458 622/479/460 630/690/671
f 649/705/686 640/480/461 641/779/760
f 651/570/551 646/700/681 653/780/761
f 652/485/466 644/482/463 647/481/462
f 650/781/762 654/708/689 759/704/685
f 649/705/686 763/710/691 647/481/462
f 764/712/693 652/485/466 828/484/465
f 789/782/763 660/715/696 656/709/690
f 789/782/763 656/709/690 655/783/764
f 810/585/566 808/584/565 663/718/699
f 663/718/699 841/711/692 662/486/467
f 664/589/570 665/716/697 659/587/568
f 665/716/697 768/721/702 790/487/468
f 661/784/765 670/722/703 666/724/705
f 767/489/470 770/725/706 670/722/703
f 767/489/470 667/488/469 770/725/706
f 671/490/471 771/726/707 842/785/766
f 842/785/766 675/786/767 676/491/472
f 843/597/578 769/720/701 795/598/579
f 843/597/578 671/490/471 769/720/701
f 668/507/488 676/491/472 674/505/486
f 677/499/480 844/730/711 682/787/768
f 677/499/480 682/787/768 684/788/769
f 682/787/768 844/730/711 683/789/770
f 844/730/711 680/494/475 683/789/770
f 678/518/499 688/731/712 791/492/473
f 773/736/717 680/494/475 692/495/476
f 776/790/771 687/732/713 685/534/515
f 776/790/771 775/733/714 687/732/713
f 690/737/718 845/734/715 697/741/722
f 697/741/722 845/734/715 831/497/478
f 700/791/772 701/743/724 705/748/729
f 700/791/772 705/748/729 779/750/731
f 704/747/728 792/742/723 526/792/773
f 793/745/726 695/793/774 777/794/775
f 700/791/772 693/496/477 775/733/714
f 846/746/727 775/733/714 695/793/774
f 698/739/720 779/750/731 778/749/730
f 674/505/486 675/786/767 519/506/487
f 675/786/767 820/511/492 519/506/487
f 847/795/776 672/727/708 843/597/578
f 672/727/708 518/513/494 673/512/493
f 494/596/577 611/669/650 744/593/574
f 610/673/654 611/669/650 817/796/777
f 817/796/777 611/669/650 494/596/577
f 794/671/652 496/797/778 745/674/655
f 794/671/652 495/798/779 496/797/778
f 516/586/567 795/598/579 664/589/570
f 848/799/780 549/618/599 540/613/594
f 666/724/705 669/723/704 517/504/485
f 669/723/704 668/507/488 517/504/485
f 550/603/584 552/800/781 469/508/489
f 555/626/607 471/510/491 558/801/782
f 679/728/709 796/498/479 520/519/500
f 521/500/481 684/788/769 681/527/508
f 797/802/783 620/680/661 618/679/660
f 617/803/784 620/680/661 818/502/483
f 746/678/659 497/503/484 615/522/503
f 718/758/739 717/756/737 474/804/785
f 473/514/495 472/805/786 564/629/610
f 564/629/610 472/805/786 560/627/608
f 685/534/515 689/520/501 522/517/498
f 498/806/787 629/777/758 500/559/540
f 498/806/787 627/688/669 629/777/758
f 690/737/718 821/526/507 774/807/788
f 799/686/667 798/521/502 623/684/665
f 720/808/789 823/523/504 476/525/506
f 720/808/789 476/525/506 475/537/518
f 477/809/790 571/635/616 570/543/524
f 777/794/775 694/533/514 524/532/513
f 523/810/791 777/794/775 524/532/513
f 849/538/519 478/535/516 479/547/528
f 696/740/721 525/811/792 699/738/719
f 800/529/510 499/531/512 750/540/521
f 825/812/793 813/542/523 726/813/794
f 813/542/523 727/544/525 726/813/794
f 527/814/795 702/744/725 793/745/726
f 501/558/539 635/694/675 502/541/522
f 481/815/796 731/645/626 575/565/546
f 641/779/760 638/553/534 506/555/536
f 757/703/684 508/816/797 643/554/535
f 580/566/547 581/764/745 484/567/548
f 581/764/745 482/817/798 484/567/548
f 483/818/799 734/648/629 735/647/628
f 814/564/545 735/647/628 836/562/543
f 734/648/629 482/817/798 578/649/630
f 510/568/549 651/570/551 761/707/688
f 803/819/800 589/820/801 737/770/751
f 586/821/802 486/572/553 782/571/552
f 736/652/633 583/651/632 804/822/803
f 583/651/632 485/823/804 804/822/803
f 538/610/591 464/824/805 535/825/806
f 531/826/807 532/606/587 463/827/808
f 532/606/587 812/575/556 463/827/808
f 806/576/557 812/575/556 542/605/586
f 511/828/809 655/783/764 512/829/810
f 655/783/764 654/708/689 512/829/810
f 489/590/571 595/769/750 597/591/572
f 540/613/594 531/826/807 807/830/811
f 808/584/565 513/578/559 657/831/812
f 513/578/559 658/580/561 657/831/812
f 467/832/813 543/751/732 851/833/814
f 815/592/573 602/771/752 809/773/754
f 661/784/765 515/834/815 829/719/700
f 811/659/640 490/583/564 491/835/816
f 22/60/60 344/7/7 166/6/6 23/178/178
f 343/2/2 313/4/4 11/180/180
f 343/2/2 11/180/180 10/181/181
f 166/6/6 314/836/234 23/178/178
f 24/171/171 23/178/178 314/836/234 316/837/817
f 313/4/4 315/8/8 12/11/11
f 313/4/4 12/11/11 11/180/180
f 314/836/234 169/838/235 316/837/817
f 27/25/25 345/34/34 172/839/265 1/173/173
f 168/840/230 317/9/9 315/8/8
f 168/840/230 170/841/237 317/9/9
f 171/16/16 318/15/15 172/839/265
f 172/839/265 318/15/15 1/173/173
f 321/842/818 316/837/817 169/838/235 173/843/243
f 25/165/165 321/842/818 324/27/27 26/26/26
f 316/837/817 321/842/818 24/171/171
f 170/841/237 319/12/12 317/9/9
f 170/841/237 174/18/18 319/12/12
f 318/15/15 320/17/17 2/167/167
f 318/15/15 2/167/167 1/173/173
f 173/843/243 176/844/819 321/842/818
f 321/842/818 25/165/165 24/171/171
f 174/18/18 177/845/252 322/19/19
f 320/17/17 323/21/21 3/163/163
f 320/17/17 3/163/163 2/167/167
f 176/844/819 324/27/27 321/842/818
f 176/844/819 179/846/820 324/27/27
f 14/13/13 322/19/19 177/845/252 15/160/160
f 180/30/30 325/29/29 177/845/252
f 177/845/252 325/29/29 15/160/160
f 19/847/821 334/44/44 336/49/49 20/54/54
f 323/21/21 326/23/23 4/161/161
f 323/21/21 4/161/161 3/163/163
f 179/846/820 327/24/24 324/27/27
f 179/846/820 182/33/33 327/24/24
f 325/29/29 328/31/31 16/156/156
f 325/29/29 16/156/156 15/160/160
f 326/23/23 329/32/32 5/39/39
f 326/23/23 5/39/39 4/161/161
f 182/33/33 172/839/265 345/34/34
f 328/31/31 330/36/36 17/154/154
f 328/31/31 17/154/154 16/156/156
f 184/848/263 331/37/37 329/32/32
f 184/848/263 186/849/268 331/37/37
f 330/36/36 332/41/41 18/152/152
f 330/36/36 18/152/152 17/154/154
f 186/849/268 333/42/42 331/37/37
f 186/849/268 188/45/45 333/42/42
f 332/41/41 334/44/44 19/847/821
f 332/41/41 19/847/821 18/152/152
f 188/45/45 190/850/822 335/46/46
f 189/50/50 336/49/49 334/44/44
f 340/59/59 192/58/58 167/5/5 344/7/7
f 190/850/822 461/51/51 335/46/46
f 461/51/51 337/56/56 8/47/47
f 191/48/48 338/52/52 336/49/49
f 191/48/48 192/58/58 338/52/52
f 337/56/56 339/57/57 9/183/183
f 337/56/56 9/183/183 8/47/47
f 339/57/57 343/2/2 10/181/181
f 339/57/57 10/181/181 9/183/183
f 127/75/75 81/74/74 83/80/80 129/79/79
f 370/61/61 109/63/63 57/64/64
f 77/73/73 123/66/66 75/68/68
f 53/69/69 377/71/71 106/206/206
f 79/195/195 124/72/72 77/73/73
f 124/72/72 79/195/195 125/76/76
f 81/74/74 125/76/76 79/195/195
f 57/64/64 108/65/65 55/70/70
f 378/210/210 111/77/77 60/851/823 62/191/191
f 58/62/62 60/851/823 111/77/77
f 85/198/198 383/78/78 83/80/80
f 383/78/78 85/198/198 384/82/82
f 133/852/824 130/221/221 87/81/81 89/199/199
f 62/191/191 112/86/86 378/210/210
f 373/83/83 384/82/82 85/198/198
f 384/82/82 87/81/81 130/221/221
f 371/84/84 112/86/86 62/191/191
f 64/85/85 114/89/89 112/86/86
f 117/213/213 379/93/93 66/87/87 67/193/193
f 97/92/92 368/91/91 99/96/96
f 89/199/199 91/200/200 133/852/824
f 133/852/824 91/200/200 134/223/223
f 117/213/213 67/193/193 69/192/192 380/214/214
f 93/201/201 134/223/223 91/200/200
f 93/201/201 136/224/224 134/223/223
f 136/224/224 93/201/201 95/110/110 137/109/109
f 45/94/94 47/98/98 101/97/97
f 380/214/214 69/192/192 70/104/104 381/215/215
f 103/205/205 369/148/148 50/115/115 104/114/114
f 381/215/215 70/104/104 118/105/105
f 49/100/100 103/205/205 375/99/99
f 372/101/101 120/103/103 70/104/104
f 369/148/148 103/205/205 49/100/100
f 382/853/825 121/112/112 73/111/111 75/68/68
f 95/110/110 41/106/106 386/108/108
f 104/114/114 52/113/113 105/854/826
f 82/197/197 78/122/122 392/125/125 84/127/127
f 382/853/825 75/68/68 122/67/67
f 78/122/122 82/197/197 80/196/196
f 32/121/121 392/125/125 78/122/122
f 61/124/124 33/176/176 36/138/138 389/130/130
f 33/176/176 61/124/124 388/116/116
f 32/121/121 90/128/128 392/125/125
f 32/121/121 35/140/140 90/128/128
f 46/134/134 38/133/133 40/146/146 48/855/827
f 387/136/136 44/135/135 42/226/226
f 34/856/828 38/133/133 387/136/136
f 389/130/130 68/144/144 65/131/131
f 37/137/137 390/143/143 389/130/130
f 94/141/141 39/139/139 387/136/136 42/226/226
f 34/856/828 387/136/136 39/139/139
f 391/149/149 29/187/187 31/123/123 78/122/122
f 37/137/137 29/187/187 390/143/143
f 390/143/143 372/101/101 68/144/144
f 40/146/146 369/148/148 48/855/827
f 29/187/187 391/149/149 390/143/143
f 391/149/149 74/194/194 72/145/145
f 391/149/149 76/151/151 74/194/194
f 30/118/118 54/117/117 28/150/150
f 346/190/190 367/857/829 5/39/39 6/38/38
f 29/187/187 37/137/137 366/155/155 341/153/153
f 367/857/829 346/190/190 40/146/146
f 364/162/162 4/161/161 5/39/39 367/857/829
f 27/25/25 342/157/157 365/158/158
f 38/133/133 364/162/162 367/857/829 40/146/146
f 362/168/168 14/13/13 15/160/160 363/159/159
f 363/159/159 366/155/155 37/137/137
f 26/26/26 27/25/25 365/158/158
f 365/158/158 39/139/139 35/140/140
f 36/138/138 362/168/168 363/159/159 37/137/137
f 38/133/133 34/856/828 360/166/166 364/162/162
f 361/164/164 365/158/158 35/140/140
f 342/157/157 27/25/25 1/173/173 357/172/172
f 14/13/13 362/168/168 359/169/169
f 358/170/170 361/164/164 35/140/140
f 357/172/172 360/166/166 34/856/828
f 13/10/10 14/13/13 359/169/169
f 359/169/169 36/138/138 33/176/176
f 24/171/171 358/170/170 356/174/174
f 39/139/139 342/157/157 357/172/172 34/856/828
f 359/169/169 355/175/175 12/11/11 13/10/10
f 354/177/177 11/180/180 12/11/11 355/175/175
f 355/175/175 359/169/169 33/176/176
f 23/178/178 24/171/171 356/174/174
f 31/123/123 352/184/184 353/179/179 32/121/121
f 353/179/179 356/174/174 32/121/121
f 22/60/60 353/179/179 352/184/184
f 28/150/150 348/189/189 350/186/186 30/118/118
f 351/182/182 354/177/177 388/116/116
f 351/182/182 388/116/116 30/118/118
f 21/53/53 352/184/184 349/185/185
f 21/53/53 22/60/60 352/184/184
f 350/186/186 351/182/182 30/118/118
f 20/54/54 21/53/53 349/185/185
f 349/185/185 31/123/123 29/187/187
f 8/47/47 350/186/186 348/189/189
f 347/188/188 19/847/821 20/54/54 349/185/185
f 341/153/153 18/152/152 19/847/821 347/188/188
f 7/43/43 348/189/189 346/190/190
f 7/43/43 8/47/47 348/189/189
f 76/151/151 77/73/73 75/68/68 74/194/194
f 6/38/38 7/43/43 346/190/190
f 346/190/190 28/150/150 40/146/146
f 41/106/106 94/141/141 42/226/226
f 43/90/90 42/226/226 44/135/135
f 368/91/91 43/90/90 44/135/135
f 368/91/91 44/135/135 46/134/134
f 47/98/98 45/94/94 46/134/134
f 47/98/98 48/855/827 49/100/100
f 47/98/98 46/134/134 48/855/827
f 49/100/100 48/855/827 369/148/148
f 50/115/115 369/148/148 51/147/147
f 52/113/113 50/115/115 51/147/147
f 53/69/69 52/113/113 51/147/147
f 53/69/69 51/147/147 54/117/117
f 55/70/70 53/69/69 54/117/117
f 55/70/70 54/117/117 56/120/120
f 57/64/64 56/120/120 370/61/61
f 59/119/119 370/61/61 56/120/120
f 60/851/823 58/62/62 59/119/119
f 60/851/823 59/119/119 62/191/191
f 62/191/191 61/124/124 63/132/132
f 66/87/87 64/85/85 63/132/132
f 67/193/193 66/87/87 65/131/131
f 67/193/193 65/131/131 68/144/144
f 70/104/104 69/192/192 68/144/144
f 73/111/111 71/102/102 72/145/145
f 73/111/111 72/145/145 74/194/194
f 374/202/202 98/203/203 385/225/225 96/107/107
f 79/195/195 77/73/73 76/151/151
f 79/195/195 78/122/122 80/196/196
f 83/80/80 82/197/197 84/127/127
f 85/198/198 84/127/127 373/83/83
f 86/126/126 373/83/83 84/127/127
f 89/199/199 87/81/81 86/126/126
f 91/200/200 88/129/129 93/201/201
f 120/103/103 119/216/216 116/211/211 381/215/215
f 98/203/203 99/96/96 100/95/95
f 375/99/99 100/95/95 101/97/97
f 376/858/830 102/204/204 104/114/114
f 105/854/826 376/858/830 104/114/114
f 106/206/206 376/858/830 105/854/826
f 376/858/830 106/206/206 107/207/207
f 110/208/208 108/65/65 109/63/63
f 310/209/209 110/208/208 111/77/77
f 110/208/208 109/63/63 111/77/77
f 113/212/212 310/209/209 378/210/210
f 310/209/209 111/77/77 378/210/210
f 113/212/212 378/210/210 114/89/89
f 379/93/93 113/212/212 115/88/88
f 116/211/211 380/214/214 381/215/215
f 382/853/825 122/67/67 126/217/217 119/216/216
f 133/852/824 131/220/220 132/219/219 130/221/221
f 382/853/825 119/216/216 121/112/112
f 124/72/72 122/67/67 123/66/66
f 127/75/75 126/217/217 125/76/76
f 126/217/217 127/75/75 128/218/218
f 128/218/218 383/78/78 384/82/82
f 133/852/824 134/223/223 135/222/222 131/220/220
f 96/107/107 41/106/106 42/226/226 374/202/202
f 385/225/225 135/222/222 136/224/224
f 386/108/108 385/225/225 137/109/109
f 273/442/423 219/421/402 217/358/339 272/357/338
f 43/90/90 97/92/92 374/202/202
f 148/232/229 393/230/228 420/227/227 147/402/383
f 394/236/233 166/859/6 167/860/5 421/861/831
f 164/228/1 420/227/227 393/230/228
f 394/236/233 421/861/831 158/401/382 159/234/231
f 314/237/234 166/859/6 394/236/233 395/235/232
f 315/231/8 393/230/228 168/233/230
f 396/239/236 168/233/230 148/232/229 149/248/244
f 395/235/232 159/234/231 160/245/241
f 173/247/243 398/246/242 160/245/241 161/254/248
f 422/243/239 171/242/16 172/276/265
f 395/235/232 398/246/242 169/238/235
f 396/239/236 399/249/245 170/240/237
f 399/249/245 149/248/244 150/256/250
f 138/241/238 139/252/246 397/244/240
f 175/251/14 397/244/240 400/253/247
f 403/262/255 179/862/820 176/863/819 401/255/249
f 173/247/243 401/255/249 176/863/819
f 399/249/245 402/257/251 174/250/18
f 402/257/251 150/256/250 151/263/256
f 139/252/246 140/260/253 400/253/247
f 161/254/248 162/261/254 401/255/249
f 163/274/264 182/275/33 403/262/255 162/261/254
f 402/257/251 180/264/30 177/258/252
f 178/259/20 405/266/258 181/864/22
f 405/266/258 140/260/253 141/270/261
f 329/272/32 181/864/22 405/266/258 407/271/262
f 179/862/820 403/262/255 182/275/33
f 151/263/256 152/268/259 404/265/257
f 183/267/28 404/265/257 406/269/260
f 408/279/267 407/271/262 141/270/261 142/386/367
f 422/243/239 163/274/264 138/241/238
f 152/268/259 153/278/266 406/269/260
f 407/271/262 408/279/267 184/273/263
f 410/282/270 408/279/267 142/386/367 143/413/394
f 185/277/35 409/281/269 187/865/40
f 409/281/269 153/278/266 154/284/271
f 408/279/267 410/282/270 186/280/268
f 334/286/44 187/865/40 409/281/269 411/285/272
f 412/289/274 190/866/822 188/283/45 410/282/270
f 143/413/394 144/288/273 410/282/270
f 413/290/275 411/285/272 154/284/271 155/411/392
f 411/285/272 413/290/275 189/287/50
f 145/407/388 414/294/277 412/289/274 144/288/273
f 461/296/51 190/866/822 412/289/274 414/294/277
f 415/292/276 413/290/275 155/411/392 156/406/387
f 413/290/275 415/292/276 191/291/48
f 146/408/389 416/297/278 414/294/277 145/407/388
f 417/867/832 415/292/276 156/406/387 157/403/384
f 193/295/55 414/294/277 416/297/278
f 192/293/58 415/292/276 417/867/832
f 147/402/383 420/227/227 416/297/278 146/408/389
f 167/860/5 192/293/58 417/867/832 421/861/831
f 165/229/3 416/297/278 420/227/227
f 421/861/831 417/867/832 157/403/384 158/401/382
f 221/310/291 219/421/402 273/442/423 449/308/289
f 223/868/833 275/309/290 276/311/292
f 223/868/833 276/311/292 224/313/294
f 243/300/281 294/299/280 245/302/283
f 250/317/298 248/432/413 298/456/437 300/315/296
f 245/302/283 295/301/282 246/304/285
f 220/383/364 456/306/287 194/305/286
f 220/383/364 222/422/403 456/306/287
f 246/304/285 296/303/284 248/432/413
f 248/432/413 296/303/284 298/456/437
f 221/310/291 275/309/290 442/423/404
f 442/423/404 275/309/290 223/868/833
f 281/447/428 228/425/406 226/314/295 279/446/427
f 250/317/298 301/316/297 444/318/299
f 226/314/295 278/312/293 279/446/427
f 303/869/834 253/434/415 251/319/300 302/320/301
f 284/448/429 234/427/408 232/325/306 282/324/305
f 228/425/406 281/447/428 450/321/302
f 228/425/406 450/321/302 231/323/304
f 253/434/415 303/869/834 255/329/310
f 255/329/310 303/869/834 304/330/311
f 231/323/304 451/322/303 232/325/306
f 207/415/396 265/326/307 441/417/398
f 441/417/398 265/326/307 209/328/309
f 256/331/312 304/330/311 258/333/314
f 235/343/324 234/427/408 284/448/429 452/450/431
f 209/328/309 267/327/308 268/336/317
f 209/328/309 268/336/317 210/338/319
f 258/333/314 305/332/313 260/335/316
f 264/870/835 206/414/395 262/351/332 309/350/331
f 452/450/431 285/341/322 235/343/324
f 260/335/316 308/340/321 259/871/836
f 259/871/836 308/340/321 262/351/332
f 443/342/323 285/341/322 237/345/326
f 212/339/320 269/337/318 270/346/327
f 237/345/326 287/344/325 239/349/330
f 213/347/328 270/346/327 446/354/335
f 213/347/328 446/354/335 216/356/337
f 453/371/352 201/377/358 202/389/370 261/369/350
f 241/353/334 289/352/333 292/298/279
f 241/353/334 292/298/279 243/300/281
f 456/306/287 222/422/403 225/366/347
f 459/359/340 249/363/344 198/360/341
f 249/363/344 460/364/345 198/360/341
f 249/363/344 444/318/299 460/364/345
f 460/364/345 444/318/299 252/433/414
f 456/306/287 227/367/348 197/307/288
f 227/367/348 457/374/355 200/368/349
f 227/367/348 230/426/407 457/374/355
f 257/436/417 460/364/345 254/435/416 256/331/312
f 252/433/414 254/435/416 460/364/345
f 457/374/355 230/426/407 233/372/353
f 205/370/351 208/416/397 453/371/352
f 460/364/345 257/436/417 199/365/346
f 211/418/399 454/375/356 453/371/352 208/416/397
f 202/389/370 199/365/346 257/436/417 261/369/350
f 201/377/358 453/371/352 454/375/356
f 203/380/361 200/368/349 457/374/355 458/373/354
f 261/369/350 257/436/417 259/871/836
f 238/429/410 240/378/359 458/373/354 236/428/409
f 201/377/358 419/397/378 438/390/371 202/389/370
f 203/380/361 458/373/354 240/378/359
f 454/375/356 455/381/362 204/376/357
f 454/375/356 215/420/401 455/381/362
f 455/381/362 215/420/401 218/382/363
f 240/378/359 242/431/412 195/379/360
f 242/431/412 459/359/340 195/379/360
f 459/359/340 242/431/412 244/430/411
f 455/381/362 220/383/364 194/305/286
f 459/359/340 244/430/411 247/362/343
f 203/380/361 195/379/360 418/384/365
f 153/278/266 439/387/368 418/384/365
f 419/397/378 138/241/238 163/274/264 438/390/371
f 162/261/254 161/254/248 432/395/376 436/391/372
f 437/388/369 440/385/366 141/270/261
f 436/391/372 438/390/371 162/261/254
f 201/377/358 204/376/357 437/388/369
f 200/368/349 203/380/361 435/392/373
f 151/263/256 435/392/373 439/387/368
f 436/391/372 432/395/376 199/365/346 202/389/370
f 435/392/373 151/263/256 150/256/250 433/394/375
f 140/260/253 434/393/374 437/388/369
f 199/365/346 431/396/377 428/400/381 198/360/341
f 160/245/241 431/396/377 432/395/376
f 138/241/238 419/397/378 434/393/374
f 149/248/244 430/398/379 433/394/375
f 429/399/380 430/398/379 148/232/229
f 430/398/379 197/307/288 200/368/349
f 429/399/380 147/402/383 146/408/389 427/404/385
f 159/234/231 428/400/381 431/396/377
f 156/406/387 155/411/392 424/409/390 426/405/386
f 196/361/342 198/360/341 426/405/386
f 157/403/384 426/405/386 428/400/381
f 427/404/385 194/305/286 197/307/288
f 427/404/385 145/407/388 144/288/273 425/410/391
f 143/413/394 142/386/367 440/385/366 423/412/393
f 424/409/390 195/379/360 196/361/342
f 144/288/273 423/412/393 425/410/391
f 418/384/365 424/409/390 154/284/271
f 423/412/393 440/385/366 204/376/357 194/305/286
f 208/416/397 209/328/309 210/338/319 211/418/399
f 209/328/309 208/416/397 441/417/398
f 441/417/398 205/370/351 207/415/396
f 222/422/403 223/868/833 224/313/294 225/366/347
f 214/419/400 211/418/399 212/339/320
f 215/420/401 214/419/400 213/347/328
f 215/420/401 454/375/356 214/419/400
f 217/358/339 218/382/363 216/356/337
f 221/310/291 218/382/363 219/421/402
f 223/868/833 222/422/403 442/423/404
f 222/422/403 220/383/364 221/310/291
f 236/428/409 237/345/326 239/349/330 238/429/410
f 229/424/405 225/366/347 226/314/295
f 230/426/407 229/424/405 228/425/406
f 230/426/407 227/367/348 229/424/405
f 232/325/306 233/372/353 231/323/304
f 235/343/324 233/372/353 234/427/408
f 237/345/326 236/428/409 443/342/323
f 236/428/409 458/373/354 235/343/324
f 240/378/359 241/353/334 243/300/281 242/431/412
f 241/353/334 240/378/359 238/429/410
f 263/459/440 266/438/419 445/437/418 264/870/835
f 245/302/283 244/430/411 243/300/281
f 246/304/285 247/362/343 244/430/411
f 250/317/298 247/362/343 248/432/413
f 444/318/299 249/363/344 250/317/298
f 255/329/310 256/331/312 254/435/416
f 254/435/416 252/433/414 253/434/415
f 258/333/314 257/436/417 256/331/312
f 260/335/316 259/871/836 257/436/417
f 262/351/332 261/369/350 259/871/836
f 206/414/395 205/370/351 262/351/332
f 311/439/420 271/441/422 270/346/327 269/337/318
f 268/336/317 267/327/308 266/438/419
f 312/458/439 306/460/441 304/330/311 303/869/834
f 311/439/420 447/440/421 271/441/422
f 446/354/335 270/346/327 271/441/422
f 447/440/421 448/355/336 446/354/335
f 274/443/424 273/442/423 447/440/421
f 279/446/427 277/444/425 280/445/426
f 278/312/293 276/311/292 277/444/425
f 283/449/430 451/322/303 280/445/426
f 280/445/426 450/321/302 281/447/428
f 283/449/430 282/324/305 451/322/303
f 452/450/431 284/448/429 283/449/430
f 286/451/432 452/450/431 283/449/430
f 287/344/325 285/341/322 286/451/432
f 288/348/329 287/344/325 286/451/432
f 290/453/434 293/454/435 291/452/433
f 292/298/279 289/352/333 291/452/433
f 290/453/434 295/301/282 293/454/435
f 293/454/435 294/299/280 292/298/279
f 297/455/436 296/303/284 295/301/282
f 299/457/438 298/456/437 297/455/436
f 312/458/439 303/869/834 302/320/301
f 207/415/396 206/414/395 264/870/835 445/437/418
f 306/460/441 305/332/313 304/330/311
f 263/459/440 307/334/315 306/460/441
f 263/459/440 309/350/331 307/334/315
f 263/459/440 264/870/835 309/350/331
f 102/204/204 376/858/830 107/207/207 310/209/209
f 445/437/418 265/326/307 207/415/396
f 385/225/225 131/220/220 135/222/222
f 310/209/209 385/225/225 102/204/204
f 310/209/209 131/220/220 385/225/225
f 310/209/209 119/216/216 131/220/220
f 290/453/434 312/458/439 299/457/438 297/455/436
f 311/439/420 263/459/440 280/445/426
f 263/459/440 312/458/439 280/445/426
f 274/443/424 447/440/421 311/439/420 280/445/426
f 725/641/622 569/759/740 822/633/614 722/760/741
f 280/445/426 312/458/439 290/453/434
f 283/449/430 290/453/434 286/451/432
f 781/549/530 547/462/443 832/461/442
f 577/761/742 725/641/622 722/760/741 728/766/747
f 579/762/743 835/763/744 577/761/742 728/766/747
f 626/475/456 619/776/757 614/677/658 624/476/457
f 584/654/635 592/469/450 738/470/451
f 584/654/635 738/470/451 588/767/748
f 783/471/452 743/473/454 739/468/449
f 787/667/648 784/670/651 785/472/453
f 787/667/648 785/472/453 783/471/452
f 745/674/655 496/797/778 493/600/581 609/666/647
f 622/479/460 752/474/455 624/476/457
f 647/481/462 762/483/464 652/485/466
f 762/483/464 790/487/468 662/486/467
f 790/487/468 768/721/702 667/488/469
f 770/725/706 667/488/469 676/491/472
f 680/494/475 686/493/474 692/495/476
f 686/493/474 775/733/714 693/496/477
f 779/750/731 693/496/477 700/791/772
f 831/497/478 693/496/477 779/750/731
f 521/500/481 677/499/480 684/788/769
f 818/502/483 613/501/482 617/803/784
f 495/798/779 610/673/654 817/796/777
f 469/508/489 711/621/602 556/509/490
f 718/758/739 474/804/785 471/510/491 555/626/607
f 470/872/837 473/514/495 554/516/497
f 799/686/667 615/522/503 798/521/502
f 498/806/787 797/802/783 618/679/660 627/688/669
f 821/526/507 521/500/481 681/527/508
f 819/530/511 800/529/510 623/684/665
f 472/805/786 474/804/785 560/627/608
f 522/517/498 524/532/513 685/534/515
f 703/873/838 801/874/839 525/811/792 696/740/721
f 525/811/792 821/526/507 697/741/722
f 821/526/507 690/737/718 697/741/722
f 813/542/523 477/809/790 570/543/524
f 523/810/791 527/814/795 793/745/726
f 523/810/791 793/745/726 777/794/775
f 500/559/540 629/777/758 632/693/674
f 781/549/530 545/752/733 536/550/531
f 825/812/793 731/645/626 481/815/796 813/542/523
f 802/695/676 754/557/538 504/556/537
f 639/875/840 505/876/841 509/877/842 648/706/687
f 526/792/773 792/742/723 702/744/725
f 589/820/801 487/878/843 485/823/804 583/651/632
f 654/708/689 650/781/762 509/877/842 512/829/810
f 481/815/796 575/565/546 484/567/548
f 651/570/551 507/569/550 645/702/683
f 578/649/630 482/817/798 581/764/745
f 537/609/590 543/751/732 467/832/813 465/879/844
f 760/579/560 510/568/549 761/707/688
f 490/583/564 591/582/563 488/573/554
f 489/590/571 803/819/800 737/770/751 595/769/750
f 511/828/809 514/588/569 789/782/763
f 511/828/809 789/782/763 655/783/764
f 598/657/638 491/835/816 492/880/845 604/775/756
f 706/615/596 806/576/557 542/605/586 534/604/585
f 597/591/572 602/771/752 815/592/573
f 517/504/485 515/834/815 666/724/705
f 515/834/815 661/784/765 666/724/705
f 468/881/846 553/755/736 549/618/599
f 468/881/846 470/872/837 553/755/736
f 516/586/567 847/795/776 843/597/578
f 815/592/573 809/773/754 607/599/580
f 806/576/557 706/615/596 530/882/847
f 529/551/532 530/882/847 706/615/596
f 534/604/585 532/606/587 533/607/588
f 531/826/807 707/608/589 532/606/587
f 541/614/595 533/607/588 707/608/589
f 535/825/806 780/883/848 538/610/591
f 536/550/531 539/611/592 780/883/848
f 780/883/848 539/611/592 538/610/591
f 540/613/594 707/608/589 531/826/807
f 548/612/593 541/614/595 707/608/589
f 547/462/443 781/549/530 541/614/595
f 529/551/532 706/615/596 533/607/588
f 834/639/620 825/812/793 726/813/794 574/640/621
f 543/751/732 708/754/735 851/833/814
f 545/752/733 708/754/735 543/751/732
f 781/549/530 708/754/735 545/752/733
f 708/754/735 546/753/734 544/602/583
f 851/833/814 708/754/735 544/602/583
f 547/462/443 709/616/597 710/617/598
f 548/612/593 709/616/597 547/462/443
f 540/613/594 549/618/599 709/616/597
f 832/461/442 551/619/600 712/620/601
f 552/800/781 550/603/584 711/621/602
f 713/463/444 714/623/604 563/622/603
f 553/755/736 554/516/497 714/623/604
f 558/801/782 826/625/606 555/626/607
f 556/509/490 826/625/606 558/801/782
f 560/627/608 716/757/738 715/628/609
f 563/622/603 715/628/609 561/465/446
f 561/465/446 715/628/609 716/757/738
f 563/622/603 564/629/610 715/628/609
f 719/466/447 717/756/737 718/758/739
f 720/808/789 566/631/612 833/632/613
f 570/543/524 571/635/616 721/634/615
f 722/760/741 723/636/617 572/546/527
f 573/637/618 723/636/617 722/760/741
f 765/714/695 766/717/698 659/587/568 665/716/697
f 574/640/621 726/813/794 727/544/525
f 730/563/544 837/650/631 729/642/623
f 731/645/626 576/644/625 575/565/546
f 732/643/624 577/761/742 576/644/625
f 579/762/743 837/650/631 733/646/627
f 580/566/547 582/765/746 581/764/745
f 585/653/634 736/652/633 586/821/802
f 587/655/636 585/653/634 586/821/802
f 782/571/552 587/655/636 586/821/802
f 737/770/751 589/820/801 590/768/749
f 596/656/637 597/591/572 595/769/750
f 839/467/448 601/772/753 600/658/639
f 811/659/640 600/658/639 601/772/753
f 599/581/562 811/659/640 601/772/753
f 739/468/449 743/473/454 740/660/641
f 743/473/454 741/774/755 740/660/641
f 838/661/642 740/660/641 602/771/752
f 809/773/754 602/771/752 741/774/755
f 602/771/752 740/660/641 741/774/755
f 744/593/574 611/669/650 786/668/649
f 784/670/651 612/672/653 785/472/453
f 613/501/482 746/678/659 616/676/657
f 617/803/784 747/681/662 620/680/661
f 617/803/784 621/675/656 747/681/662
f 624/476/457 748/683/664 622/479/460
f 624/476/457 827/685/666 748/683/664
f 627/688/669 628/687/668 629/777/758
f 629/777/758 628/687/668 749/778/759
f 750/540/521 630/690/671 631/689/670
f 802/695/676 755/884/849 637/696/677
f 636/697/678 637/696/677 788/478/459
f 633/560/541 637/696/677 755/884/849
f 638/553/534 641/779/760 642/698/679
f 641/779/760 640/480/461 642/698/679
f 643/554/535 756/701/682 757/703/684
f 644/482/463 756/701/682 758/699/680
f 646/700/681 757/703/684 756/701/682
f 650/781/762 759/704/685 648/706/687
f 760/579/560 651/570/551 653/780/761
f 763/710/691 656/709/690 762/483/464
f 654/708/689 655/783/764 656/709/690
f 657/831/812 841/711/692 808/584/565
f 657/831/812 658/580/561 841/711/692
f 658/580/561 764/712/693 841/711/692
f 660/715/696 765/714/695 790/487/468
f 789/782/763 852/713/694 660/715/696
f 679/728/709 678/518/499 791/492/473 772/729/710
f 767/489/470 661/784/765 663/718/699
f 829/719/700 663/718/699 661/784/765
f 665/716/697 664/589/570 768/721/702
f 795/598/579 769/720/701 664/589/570
f 670/722/703 668/507/488 669/723/704
f 673/512/493 842/785/766 771/726/707
f 671/490/471 843/597/578 771/726/707
f 843/597/578 672/727/708 771/726/707
f 674/505/486 676/491/472 675/786/767
f 677/499/480 679/728/709 844/730/711
f 772/729/710 791/492/473 680/494/475 844/730/711
f 530/882/847 780/883/848 535/825/806 528/885/850
f 684/788/769 682/787/768 683/789/770
f 681/527/508 684/788/769 683/789/770
f 688/731/712 689/520/501 687/732/713
f 692/495/476 845/734/715 773/736/717
f 774/807/788 830/735/716 690/737/718
f 691/528/509 830/735/716 774/807/788
f 776/790/771 695/793/774 775/733/714
f 776/790/771 694/533/514 695/793/774
f 777/794/775 695/793/774 694/533/514
f 831/497/478 698/739/720 699/738/719
f 700/791/772 846/746/727 701/743/724
f 793/745/726 702/744/725 701/743/724
f 713/463/444 547/462/443 710/617/598 714/623/604
f 780/883/848 530/882/847 529/551/532
f 780/883/848 529/551/532 536/550/531
f 533/607/588 541/614/595 781/549/530
f 550/603/584 544/602/583 546/753/734
f 550/603/584 546/753/734 712/620/601
f 712/620/601 708/754/735 781/549/530
f 710/617/598 553/755/736 714/623/604
f 569/759/740 725/641/622 574/640/621 721/634/615
f 559/464/445 551/619/600 832/461/442
f 716/757/738 719/466/447 561/465/446
f 717/756/737 719/466/447 716/757/738
f 554/516/497 562/515/496 563/622/603
f 563/622/603 562/515/496 564/629/610
f 563/622/603 561/465/446 713/463/444
f 555/626/607 557/624/605 718/758/739
f 557/624/605 559/464/445 719/466/447
f 568/524/505 823/523/504 720/808/789
f 720/808/789 833/632/613 568/524/505
f 833/632/613 822/633/614 569/759/740
f 568/524/505 833/632/613 721/634/615
f 565/536/517 849/538/519 573/637/618
f 567/630/611 573/637/618 722/760/741
f 728/766/747 722/760/741 572/546/527 729/642/623
f 572/546/527 850/548/529 729/642/623
f 834/639/620 732/643/624 731/645/626 825/812/793
f 835/763/744 582/765/746 576/644/625 577/761/742
f 577/761/742 834/639/620 725/641/622
f 835/763/744 733/646/627 582/765/746
f 581/764/745 733/646/627 578/649/630
f 836/562/543 735/647/628 837/650/631
f 837/650/631 579/762/743 728/766/747
f 575/565/546 576/644/625 580/566/547
f 590/768/749 589/820/801 583/651/632 585/653/634
f 782/571/552 593/574/555 594/886/851 587/655/636
f 590/768/749 596/656/637 595/769/750
f 588/767/748 738/470/451 596/656/637
f 587/655/636 594/886/851 592/469/450 584/654/635
f 593/574/555 601/772/753 839/467/448 594/886/851
f 597/591/572 596/656/637 838/661/642
f 599/581/562 593/574/555 591/582/563
f 839/467/448 592/469/450 594/886/851
f 785/472/453 612/672/653 608/665/646 743/473/454
f 741/774/755 608/665/646 607/599/580
f 606/663/644 600/658/639 598/657/638
f 742/664/645 839/467/448 600/658/639
f 611/669/650 610/673/654 784/670/651
f 609/666/647 608/665/646 745/674/655
f 605/662/643 603/594/575 744/593/574 786/668/649
f 617/803/784 613/501/482 616/676/657 621/675/656
f 786/668/649 787/667/648 742/664/645
f 742/664/645 787/667/648 783/471/452
f 763/710/691 649/705/686 759/704/685 654/708/689
f 621/675/656 614/677/658 619/776/757
f 747/681/662 626/475/456 627/688/669
f 827/685/666 614/677/658 615/522/503
f 749/778/759 753/692/673 632/693/674
f 628/687/668 626/475/456 752/474/455
f 749/778/759 628/687/668 752/474/455
f 840/477/458 635/694/675 636/697/678
f 635/694/675 754/557/538 802/695/676
f 636/697/678 635/694/675 802/695/676
f 633/560/541 753/692/673 637/696/677
f 751/691/672 752/474/455 788/478/459
f 753/692/673 751/691/672 637/696/677
f 634/539/520 840/477/458 630/690/671
f 643/554/535 638/553/534 758/699/680
f 643/554/535 758/699/680 756/701/682
f 758/699/680 640/480/461 644/482/463
f 758/699/680 642/698/679 640/480/461
f 639/875/840 648/706/687 641/779/760
f 648/706/687 649/705/686 641/779/760
f 649/705/686 647/481/462 640/480/461
f 651/570/551 645/702/683 646/700/681
f 653/780/761 646/700/681 644/482/463
f 653/780/761 644/482/463 652/485/466
f 790/487/468 762/483/464 656/709/690 660/715/696
f 647/481/462 763/710/691 762/483/464
f 658/580/561 760/579/560 764/712/693
f 764/712/693 760/579/560 653/780/761
f 764/712/693 653/780/761 652/485/466
f 680/494/475 773/736/717 691/528/509 683/789/770
f 663/718/699 808/584/565 841/711/692
f 662/486/467 841/711/692 828/484/465
f 661/784/765 767/489/470 670/722/703
f 676/491/472 671/490/471 842/785/766
f 675/786/767 842/785/766 673/512/493
f 769/720/701 671/490/471 768/721/702
f 768/721/702 671/490/471 667/488/469
f 668/507/488 770/725/706 676/491/472
f 678/518/499 689/520/501 688/731/712
f 691/528/509 681/527/508 683/789/770
f 778/749/730 703/873/838 696/740/721 698/739/720
f 685/534/515 694/533/514 776/790/771
f 831/497/478 845/734/715 692/495/476
f 705/748/729 701/743/724 792/742/723
f 793/745/726 846/746/727 695/793/774
f 846/746/727 700/791/772 775/733/714
f 476/525/506 568/524/505 571/635/616 477/809/790
f 698/739/720 831/497/478 779/750/731
f 675/786/767 673/512/493 820/511/492
f 672/727/708 847/795/776 518/513/494
f 794/671/652 610/673/654 495/798/779
f 607/599/580 609/666/647 493/600/581
f 554/516/497 553/755/736 470/872/837
f 807/830/811 848/799/780 540/613/594
f 549/618/599 848/799/780 468/881/846
f 604/775/756 816/595/576 606/663/644
f 492/880/845 816/595/576 604/775/756
f 816/595/576 603/594/575 606/663/644
f 469/508/489 552/800/781 711/621/602
f 558/801/782 471/510/491 556/509/490
f 520/519/500 678/518/499 679/728/709
f 679/728/709 677/499/480 796/498/479
f 797/802/783 818/502/483 620/680/661
f 746/678/659 613/501/482 497/503/484
f 474/804/785 717/756/737 560/627/608
f 562/515/496 473/514/495 564/629/610
f 774/807/788 821/526/507 691/528/509
f 827/685/666 799/686/667 623/684/665
f 623/684/665 798/521/502 819/530/511
f 475/537/518 565/536/517 566/631/612
f 566/631/612 720/808/789 475/537/518
f 528/885/850 535/825/806 464/824/805 462/887/852
f 500/559/540 632/693/674 633/560/541
f 479/547/528 572/546/527 724/638/619
f 479/547/528 724/638/619 849/538/519
f 699/738/719 525/811/792 697/741/722
f 801/874/839 778/749/730 704/747/728
f 801/874/839 703/873/838 778/749/730
f 704/747/728 526/792/773 801/874/839
f 702/744/725 527/814/795 526/792/773
f 634/539/520 502/541/522 635/694/675
f 501/558/539 754/557/538 635/694/675
f 755/884/849 503/561/542 633/560/541
f 755/884/849 504/556/537 503/561/542
f 755/884/849 802/695/676 504/556/537
f 480/545/526 730/563/544 850/548/529
f 639/875/840 641/779/760 506/555/536
f 505/876/841 639/875/840 506/555/536
f 645/702/683 508/816/797 757/703/684
f 645/702/683 507/569/550 508/816/797
f 508/816/797 824/552/533 643/554/535
f 106/206/206 105/854/826 52/113/113 53/69/69
f 814/564/545 483/818/799 735/647/628
f 734/648/629 483/818/799 482/817/798
f 509/877/842 650/781/762 648/706/687
f 487/878/843 589/820/801 803/819/800
f 736/652/633 804/822/803 586/821/802
f 586/821/802 804/822/803 486/572/553
f 805/577/558 806/576/557 530/882/847
f 805/577/558 530/882/847 462/887/852
f 530/882/847 528/885/850 462/887/852
f 537/609/590 465/879/844 538/610/591
f 465/879/844 464/824/805 538/610/591
f 812/575/556 532/606/587 542/605/586
f 463/827/808 807/830/811 531/826/807
f 593/574/555 488/573/554 591/582/563
f 544/602/583 466/601/582 851/833/814
f 851/833/814 466/601/582 467/832/813
f 514/588/569 659/587/568 766/717/698
f 514/588/569 766/717/698 852/713/694
f 852/713/694 789/782/763 514/588/569
f 829/719/700 515/834/815 810/585/566
f 515/834/815 513/578/559 810/585/566
f 811/659/640 491/835/816 598/657/638
f 811/659/640 599/581/562 490/583/564
