# Blender 4.3.2
# www.blender.org
mtllib Cuenco.mtl
o Circle
v -0.476488 0.034034 -0.745631
v -0.884199 0.035777 -0.247042
v -0.821798 0.037443 0.374272
v -0.302022 0.046942 0.822962
v 0.279072 0.046536 0.750176
v 0.782203 0.032840 -0.490558
v 0.327517 0.178918 -0.980610
v -0.252257 0.134978 -0.967652
v -0.960297 0.131032 0.214118
v 0.211246 0.134688 0.959208
v -0.860100 0.188401 -0.582314
v -0.583957 0.187512 0.849235
v 0.860734 0.204587 0.585873
v 0.965775 0.199320 -0.413531
v -0.293400 0.476303 -1.273358
v 0.630816 0.554121 -1.194369
v -1.118249 0.680340 -0.841940
v -1.272609 0.460478 0.185036
v -0.836876 0.673660 1.120215
v 0.185036 0.460478 1.272609
v 1.069362 0.688492 0.907788
v 0.136008 0.987078 -1.540975
v -1.534403 0.993288 -0.152247
v -0.129905 0.989748 1.540335
v 1.440112 0.721428 0.061480
v 1.216206 0.809969 -0.833629
v -0.662911 1.220298 -1.442793
v -1.390928 1.233509 0.773132
v -0.736689 1.256643 1.417812
v 0.724858 1.204169 1.414671
v 1.465035 1.260163 -0.623929
v 0.043318 1.298533 1.555128
v 0.162818 1.279900 -1.535391
v -1.320995 1.259778 -0.834619
v -1.571159 1.289480 -0.028235
v -0.819643 1.323453 1.316119
v 0.779315 1.295687 1.349883
v 1.561950 1.267333 0.025438
v -0.667582 1.264315 -1.363281
v -1.293844 1.264552 0.786844
v 1.309208 1.245325 0.841255
v 1.308907 1.271021 -0.782437
v 0.871058 1.253464 -1.304089
v 0.026557 0.803101 -1.361565
v -1.362425 0.913644 -0.427474
v -0.627493 0.797706 1.199879
v 1.364492 0.878055 0.332983
v 1.348851 0.859050 -0.372857
v -0.813023 0.750705 -1.064595
v -1.315647 0.802869 0.316484
v 0.658710 0.800969 1.192421
v 0.850318 0.823127 -1.084870
v -0.777347 0.316429 0.384745
v 0.308976 0.241302 -0.674519
v -0.268437 0.356352 -1.023541
v -0.881675 0.341793 -0.462261
v -0.247202 0.292305 0.740745
v 0.364041 0.296880 0.740243
v 0.883537 0.331630 0.378205
v 1.057653 0.395907 -0.284851
v 0.261764 0.031781 -0.886150
v 0.747204 0.045649 0.156945
v -0.078878 0.067094 0.728380
v 0.462043 0.070845 -0.555967
v -0.153546 0.071483 -0.754836
v -0.643160 0.092796 0.029355
v -0.810135 0.034879 -0.417669
v -0.721987 0.034683 -0.543904
v -0.617435 0.034946 -0.647013
v -0.871458 0.033396 0.240988
v -0.899440 0.030731 0.098159
v -0.907188 0.031857 -0.057017
v -0.515974 0.045086 0.711096
v -0.647554 0.042491 0.610786
v -0.747698 0.040265 0.498497
v 0.207001 0.043336 0.848463
v 0.088012 0.041993 0.885832
v -0.068720 0.043597 0.883612
v 0.465849 0.031596 -0.803004
v 0.598551 0.031514 -0.712700
v 0.702739 0.032221 -0.608989
v 0.878214 0.108691 -0.440552
v 0.835121 0.067979 -0.463021
v 0.805305 0.043920 -0.476901
v -0.514175 0.119736 0.831201
v -0.458124 0.084411 0.831399
v -0.392133 0.061475 0.833465
v -0.333739 0.093419 -0.903117
v -0.393343 0.064127 -0.853148
v -0.436557 0.043115 -0.805433
v 0.351219 0.118332 -0.920680
v 0.352197 0.079399 -0.895050
v 0.326971 0.051525 -0.886458
v 0.309342 0.099078 0.899989
v 0.357363 0.073724 0.853024
v 0.353944 0.055239 0.807489
v -0.838757 0.115958 -0.512259
v -0.843527 0.077069 -0.450308
v -0.860475 0.051679 -0.367965
v 0.835380 0.125628 0.492959
v 0.826935 0.085810 0.415869
v 0.809326 0.061056 0.317286
v -0.901911 0.092833 0.317021
v -0.861186 0.065626 0.374833
v -0.834065 0.046422 0.392211
v -0.096091 0.147854 -1.008586
v 0.033268 0.154108 -1.016870
v 0.164973 0.162333 -1.008980
v -0.699452 0.157253 -0.730612
v -0.567399 0.145896 -0.826247
v -0.427179 0.141947 -0.905953
v -0.986663 0.141463 0.018771
v -0.975876 0.147059 -0.154416
v -0.941882 0.157667 -0.337106
v -0.732906 0.155691 0.683407
v -0.827857 0.143710 0.548162
v -0.905096 0.138864 0.401867
v 0.017483 0.144515 0.985225
v -0.155060 0.149524 0.973644
v -0.337765 0.159311 0.937747
v 0.686059 0.160946 0.729343
v 0.547548 0.146399 0.824816
v 0.399526 0.141380 0.903311
v 0.509578 0.161852 -0.873114
v 0.657100 0.156914 -0.758188
v 0.798356 0.166171 -0.625617
v -0.729726 0.246766 -0.813395
v -0.615088 0.304604 -0.972819
v -0.489902 0.373288 -1.115015
v -1.194127 0.354502 -0.070328
v -1.108302 0.291768 -0.239850
v -1.006871 0.240443 -0.397188
v -0.817993 0.239806 0.697840
v -0.979431 0.292388 0.560541
v -1.121231 0.357071 0.411348
v -0.070350 0.354491 1.193983
v -0.240022 0.291681 1.107155
v -0.397786 0.240138 1.002899
v 0.702007 0.246166 0.819755
v 0.561738 0.294231 0.979998
v 0.411498 0.357301 1.121302
v 1.297211 0.517045 0.204246
v 1.173464 0.394705 0.316910
v 1.039659 0.296434 0.432323
v 1.113268 0.313286 -0.277073
v 1.221872 0.415107 -0.178079
v 1.323020 0.533137 -0.078227
v 0.752688 0.433938 -1.013587
v 0.829154 0.351744 -0.853793
v 0.894138 0.281060 -0.679221
v -0.289193 0.332612 -1.165637
v -0.283460 0.256642 -1.095484
v -0.273153 0.194784 -1.029288
v 0.188160 0.316447 1.163770
v 0.200745 0.243663 1.091469
v 0.210561 0.187183 1.022396
v -1.163790 0.316400 0.188195
v -1.091630 0.243288 0.201022
v -1.022917 0.185874 0.211542
v -1.284239 0.487690 -0.140815
v -1.255571 0.523463 -0.370382
v -1.206217 0.577657 -0.585880
v -0.140763 0.487610 1.284240
v -0.369971 0.522815 1.255582
v -0.584393 0.575382 1.206357
v -0.008003 0.479640 -1.304052
v 0.196740 0.487929 -1.293115
v 0.393226 0.508394 -1.261745
v -0.783604 0.496922 1.027186
v -0.729675 0.383032 0.965434
v -0.666978 0.287599 0.908206
v 1.175834 0.636260 -0.739766
v 1.126330 0.496064 -0.649773
v 1.062645 0.362161 -0.549953
v -1.037674 0.501656 -0.783590
v -0.979414 0.386885 -0.728017
v -0.922586 0.290659 -0.664872
v 1.023772 0.526369 0.825498
v 0.977290 0.411152 0.757537
v 0.924162 0.313076 0.685463
v -1.465776 0.892599 -0.330399
v -1.384682 0.817130 -0.486038
v -1.281971 0.751829 -0.642713
v -1.390381 0.627876 0.075633
v -1.454994 0.746053 0.004939
v -1.499479 0.861524 -0.064476
v -1.405383 1.023883 0.623232
v -1.390444 0.849163 0.498552
v -1.353610 0.673973 0.365936
v -0.319291 0.888489 1.474172
v -0.479514 0.812756 1.393422
v -0.637481 0.746814 1.289906
v 0.075924 0.627830 1.390458
v 0.007266 0.745685 1.455612
v -0.056383 0.860242 1.501628
v 1.365904 0.679598 0.349358
v 1.292600 0.666979 0.539558
v 1.201109 0.668995 0.715292
v 1.312560 0.769943 -0.633741
v 1.374368 0.740731 -0.447130
v 1.416411 0.720349 -0.241963
v -0.591398 1.034390 -1.431973
v -0.516061 0.867613 -1.404472
v -0.426759 0.693838 -1.358041
v -1.517412 1.066517 -0.342844
v -1.483608 1.136774 -0.494209
v -1.428778 1.202418 -0.642235
v 1.458457 0.883041 0.302258
v 1.442323 1.013281 0.470880
v 1.402901 1.133775 0.633573
v 0.330414 1.054799 -1.521185
v 0.488391 1.122691 -1.483887
v 0.647971 1.186162 -1.423801
v -1.296109 1.157545 -0.858239
v -1.256008 1.027739 -0.870167
v -1.201743 0.880043 -0.869477
v 1.288200 1.126634 0.856310
v 1.245474 0.994967 0.870417
v 1.179581 0.853889 0.885232
v -0.806894 1.138363 1.358667
v -0.842413 1.011406 1.298279
v -0.854846 0.868509 1.225669
v 0.803717 1.085881 -1.319557
v 0.758394 0.925655 -1.302324
v 0.708550 0.758069 -1.265141
v 0.610286 1.014879 1.410511
v 0.495021 0.846628 1.391759
v 0.365495 0.673656 1.353774
v -0.929064 1.261636 1.298813
v -1.079095 1.261797 1.174095
v -1.217785 1.251854 1.023930
v -1.588652 1.271532 -0.075825
v -1.589121 1.210044 -0.097635
v -1.573165 1.123150 -0.116716
v 1.569253 1.202255 0.074986
v 1.556264 1.089592 0.083833
v 1.523216 0.946629 0.077259
v -0.426289 1.161323 -1.521978
v -0.247931 1.103832 -1.553195
v -0.070907 1.043530 -1.559831
v 1.421276 1.166205 -0.696458
v 1.371913 1.068744 -0.751294
v 1.307250 0.956426 -0.795644
v 0.013337 1.275200 1.585600
v -0.022400 1.207985 1.590636
v -0.066469 1.119107 1.577845
v -1.496741 1.289946 0.535164
v -1.543961 1.313050 0.353384
v -1.568156 1.315620 0.176617
v 0.562359 1.280441 1.498271
v 0.421025 1.310929 1.538517
v 0.267232 1.318154 1.558678
v -0.468786 1.296483 -1.443766
v -0.284132 1.309346 -1.493408
v -0.089189 1.303521 -1.525098
v -1.150161 1.286273 -1.040361
v -1.016670 1.294286 -1.163125
v -0.868209 1.285692 -1.266259
v -0.962079 1.310119 1.201787
v -1.076107 1.302527 1.090286
v -1.181961 1.288216 0.962168
v -0.246000 1.308896 1.523942
v -0.437304 1.316154 1.480377
v -0.617354 1.317455 1.417656
v -0.791781 1.355523 1.362305
v -0.778713 1.356317 1.390276
v -0.764590 1.329127 1.406422
v -0.452140 1.292345 -1.521381
v -0.270131 1.317125 -1.551649
v -0.081188 1.315931 -1.558362
v 1.438865 1.336671 -0.679116
v 1.405086 1.358106 -0.721439
v 1.361772 1.340721 -0.754999
v -0.703736 1.334676 -1.388765
v -0.712491 1.350102 -1.413433
v -0.701083 1.323341 -1.431870
v 0.790700 1.336454 1.369500
v 0.792640 1.342836 1.389494
v 0.778276 1.311107 1.404662
v 1.567906 1.290079 -0.149110
v 1.557871 1.293917 -0.295350
v 1.527909 1.282875 -0.445644
v -1.345178 1.330311 0.779997
v -1.376852 1.345290 0.779413
v -1.393488 1.325206 0.778039
v -1.557476 1.289576 -0.263859
v -1.518377 1.288789 -0.433257
v -1.453658 1.276564 -0.598247
v -1.412329 1.293558 0.580730
v -1.485358 1.307021 0.398967
v -1.536221 1.304598 0.214131
v 1.544745 1.257475 0.254324
v 1.504193 1.256144 0.424189
v 1.439023 1.247913 0.593835
v -0.493825 1.173781 -1.395761
v -0.336615 1.077854 -1.409950
v -0.173589 0.965127 -1.405310
v 1.026335 1.298886 -1.176719
v 1.126935 1.306887 -1.068905
v 1.216724 1.296763 -0.946790
v 0.383743 1.187578 -1.462559
v 0.535529 1.087925 -1.378908
v 0.674619 0.975360 -1.272392
v 1.463646 1.036559 0.269975
v 1.514109 1.136076 0.217022
v 1.543282 1.210392 0.150410
v 1.431300 0.990957 -0.260827
v 1.486719 1.099414 -0.165116
v 1.528078 1.195465 -0.074433
v 0.088245 0.974416 -1.430988
v 0.124503 1.093077 -1.472168
v 0.148403 1.193071 -1.501871
v -0.399251 0.951584 1.357445
v -0.247016 1.072276 1.439735
v -0.109145 1.185357 1.499649
v -0.583744 0.755147 -1.199907
v -0.400548 0.769494 -1.277090
v -0.216147 0.786769 -1.329745
v -0.891486 0.781116 0.976936
v -1.051872 0.781906 0.788461
v -1.186883 0.788635 0.586058
v 0.299757 0.758231 1.274920
v 0.016846 0.748184 1.291579
v -0.266385 0.758785 1.278233
v 1.039480 0.798056 -0.872441
v 1.153840 0.797932 -0.715731
v 1.250955 0.814213 -0.558958
v 0.268803 0.804128 -1.336669
v 0.447327 0.802219 -1.287173
v 0.619728 0.803423 -1.214523
v -1.333783 0.961313 0.475041
v -1.333122 1.074771 0.580669
v -1.319550 1.173014 0.677183
v 1.348823 0.976620 -0.495339
v 1.342108 1.079342 -0.593002
v 1.328892 1.176134 -0.683162
v 0.858754 1.021171 -1.195615
v 0.859797 1.140152 -1.253882
v 0.860086 1.227719 -1.291712
v -0.988026 0.928248 -1.022626
v -1.109287 1.059361 -0.974449
v -1.214193 1.173653 -0.917253
v 0.902771 0.963490 1.109776
v 1.054550 1.081060 1.032849
v 1.183571 1.182008 0.949422
v 1.153996 0.499685 -0.310650
v 1.224476 0.598310 -0.333297
v 1.285589 0.712494 -0.355056
v -0.322383 0.368259 0.931432
v -0.391429 0.469512 1.061311
v -0.477129 0.596880 1.142457
v -1.072666 0.487317 -0.442190
v -1.185158 0.615958 -0.433134
v -1.274916 0.751674 -0.427067
v 1.025140 0.444454 0.410141
v 1.138411 0.564919 0.406354
v 1.241549 0.699510 0.383403
v 1.168574 0.474927 -0.101000
v 1.250022 0.579522 0.033852
v 1.314039 0.705642 0.162480
v -0.892582 0.415303 -0.651267
v -0.880566 0.496209 -0.788707
v -0.853926 0.597260 -0.916969
v 0.379856 0.371654 0.929923
v 0.420808 0.471436 1.057914
v 0.500452 0.598101 1.136418
v -1.071810 0.434125 -0.220012
v -1.181233 0.530955 -0.044047
v -1.258313 0.644004 0.121127
v -0.957754 0.410014 0.415636
v -1.083259 0.510801 0.409986
v -1.188864 0.629775 0.380975
v -0.813348 0.404726 0.651235
v -0.794089 0.499712 0.842879
v -0.738366 0.614246 1.008105
v 1.008853 0.442314 -0.501951
v 0.968619 0.522537 -0.682455
v 0.923598 0.634971 -0.860316
v -0.145267 0.313644 -1.000567
v -0.020194 0.285039 -0.964361
v 0.109293 0.268455 -0.893612
v -0.669101 0.296623 -0.676232
v -0.517372 0.289299 -0.809758
v -0.383545 0.309908 -0.922340
v -0.385956 0.283575 0.682713
v -0.513725 0.280770 0.610142
v -0.632782 0.290811 0.511963
v 0.212244 0.302231 0.793039
v 0.054025 0.303096 0.816018
v -0.100096 0.299544 0.792185
v 0.743854 0.298517 0.498497
v 0.624062 0.286487 0.599233
v 0.500169 0.288813 0.677405
v 1.026107 0.339592 -0.126666
v 0.995321 0.315709 0.016544
v 0.953511 0.315221 0.168627
v 0.611335 0.267707 -0.621218
v 0.774437 0.287050 -0.523342
v 0.912907 0.323693 -0.410170
v -0.863810 0.302411 -0.240956
v -0.848768 0.290181 -0.053126
v -0.821634 0.295495 0.140503
v 0.108940 0.212662 -0.174840
v -0.028253 0.218045 0.176622
v -0.148153 0.243346 0.484539
v 0.352997 0.214682 -0.174770
v 0.360062 0.221775 0.176457
v 0.360583 0.248047 0.484377
v -0.074076 0.217884 -0.657277
v -0.343682 0.222703 -0.599115
v -0.599363 0.253567 -0.529896
v 0.549707 0.218512 -0.352040
v 0.677443 0.223394 -0.102860
v 0.781662 0.254252 0.137258
v -0.075129 0.212124 -0.362351
v -0.334599 0.217901 -0.110971
v -0.564252 0.246489 0.134413
v -0.708455 0.075897 -0.272174
v -0.672031 0.058677 -0.451054
v -0.596210 0.043692 -0.602838
v 0.631838 0.053642 -0.549482
v 0.715129 0.040802 -0.534422
v 0.758066 0.032845 -0.511979
v -0.877875 0.036713 -0.208532
v -0.863705 0.049484 -0.155675
v -0.817563 0.068103 -0.087722
v -0.822255 0.040357 0.327890
v -0.818765 0.052330 0.257563
v -0.788586 0.069862 0.165733
v 0.159556 0.035168 -0.885593
v 0.064393 0.045992 -0.870028
v -0.038268 0.058795 -0.828708
v -0.406952 0.039609 -0.763017
v -0.339979 0.049778 -0.773244
v -0.258277 0.061196 -0.768970
v -0.203384 0.049740 0.810187
v -0.133797 0.056525 0.795349
v -0.093544 0.062935 0.762776
v 0.381098 0.035622 -0.830767
v 0.448099 0.046284 -0.773318
v 0.479600 0.058759 -0.692119
v 0.174630 0.049761 0.769382
v 0.097119 0.056248 0.773773
v 0.003050 0.062725 0.754678
v -0.530311 0.094106 -0.306696
v -0.412311 0.090209 -0.496553
v -0.282674 0.082380 -0.643982
v -0.447165 0.053016 0.669065
v -0.552315 0.065295 0.508929
v -0.631381 0.079106 0.324184
v 0.547332 0.065209 -0.377554
v 0.615424 0.056845 -0.211680
v 0.671209 0.048733 -0.043330
v 0.234013 0.084605 -0.440059
v -0.021321 0.092438 -0.321294
v -0.298136 0.095804 -0.184651
v -0.162967 0.074525 0.652968
v -0.295622 0.082770 0.526156
v -0.455827 0.088530 0.350467
v 0.139067 0.054297 0.607489
v -0.065806 0.066803 0.458071
v -0.306916 0.080953 0.288166
v 0.439902 0.054051 0.156226
v 0.126631 0.067388 0.123867
v -0.208199 0.081946 0.080668
v -0.117737 0.097448 -0.962549
v 0.000405 0.070206 -0.951980
v 0.117972 0.048282 -0.930206
v 0.079337 0.102214 0.949614
v -0.036832 0.079030 0.933644
v -0.154751 0.060478 0.900800
v -0.952254 0.095099 0.083889
v -0.941183 0.069126 -0.028340
v -0.920171 0.049133 -0.135769
v 0.950326 0.114663 -0.198745
v 0.929348 0.078139 -0.058176
v 0.881542 0.056707 0.059687
v 1.004271 0.182483 -0.109491
v 0.991182 0.177328 0.108885
v 0.954017 0.183071 0.321272
v -0.081867 0.362940 -1.215656
v 0.057965 0.295277 -1.152317
v 0.186857 0.237955 -1.078241
v 0.545285 0.402675 -1.118828
v 0.478807 0.314081 -1.066216
v 0.410266 0.244097 -1.019553
v 1.085456 0.738705 -0.954199
v 0.965976 0.677625 -1.038151
v 0.831556 0.619837 -1.109714
v -0.916037 0.617115 -1.012955
v -0.745387 0.573419 -1.117828
v -0.562921 0.534057 -1.200414
v 0.266554 0.868564 -1.483454
v 0.378001 0.770629 -1.416892
v 0.489220 0.675957 -1.331863
v 0.880494 0.613766 1.031520
v 0.696518 0.560630 1.124668
v 0.492256 0.516281 1.203918
v -1.011089 0.606207 0.895332
v -1.119016 0.558353 0.700667
v -1.203212 0.515996 0.492774
v 0.018767 0.858658 -1.508543
v -0.075162 0.748409 -1.462524
v -0.167821 0.635961 -1.395551
v 0.856174 1.074227 1.293990
v 0.937800 0.952821 1.185666
v 1.002799 0.827350 1.065445
v -1.279711 1.080308 0.882311
v -1.172697 0.950871 0.956497
v -1.042406 0.821231 1.027126
v -0.823148 1.089561 -1.316235
v -0.924548 0.964673 -1.196899
v -1.013127 0.833531 -1.056537
v -1.496027 1.155666 0.482739
v -1.537598 1.095406 0.278741
v -1.551255 1.039165 0.079822
v 1.512052 1.146847 -0.458436
v 1.522514 1.027342 -0.315328
v 1.505467 0.896160 -0.164096
v 0.159598 1.267942 -1.567335
v 0.150446 1.208848 -1.577979
v 0.140138 1.121555 -1.570830
v 0.997611 1.157517 -1.197014
v 1.082075 1.057978 -1.101582
v 1.153188 0.946568 -0.989532
v -0.586659 1.188168 1.478812
v -0.453348 1.123970 1.515164
v -0.311199 1.058026 1.534756
v 0.485944 1.146243 1.499368
v 0.296301 1.092279 1.537691
v 0.102601 1.037445 1.552161
v 1.088714 1.294282 -1.129709
v 1.231198 1.305743 -0.984190
v 1.353080 1.294172 -0.826334
v -0.205614 1.324067 1.560188
v -0.382697 1.322896 1.539114
v -0.550818 1.302254 1.496794
v -1.172421 1.277582 -1.040199
v -1.041373 1.278957 -1.182256
v -0.889596 1.261869 -1.309212
v 1.183963 1.267556 1.036219
v 1.071843 1.268597 1.167420
v 0.936585 1.248975 1.285523
v -0.988574 1.350921 1.216373
v -1.125314 1.349195 1.111076
v -1.251958 1.321551 0.983610
v 0.646562 1.300443 1.417862
v 0.500880 1.305656 1.473586
v 0.328650 1.303097 1.518309
v 1.145878 1.285534 1.052438
v 1.025815 1.298995 1.172087
v 0.905217 1.298423 1.268631
v -1.378381 1.033406 -0.539066
v -1.379043 1.125164 -0.628958
v -1.364676 1.201365 -0.716804
v -1.453404 1.042396 -0.332199
v -1.508654 1.138643 -0.256848
v -1.545311 1.218521 -0.172351
v 1.378258 1.032978 0.498716
v 1.372459 1.130675 0.614081
v 1.352251 1.202480 0.718590
v -1.429251 0.977991 0.218990
v -1.493539 1.100149 0.135565
v -1.536973 1.203417 0.056222
v 1.410163 1.297220 -0.581756
v 1.477547 1.306817 -0.399668
v 1.527823 1.297416 -0.212990
v -0.675067 1.003752 1.285874
v -0.711873 1.132001 1.318266
v -0.753256 1.237916 1.327164
v 0.383958 1.274055 -1.507726
v 0.534428 1.273958 -1.469217
v 0.676557 1.266547 -1.413001
v 0.450264 0.948534 1.351143
v 0.317239 1.068724 1.434584
v 0.194451 1.182933 1.496427
v 1.392646 0.846433 -0.187899
v 1.412952 0.854588 -0.037169
v 1.411271 0.868761 0.116989
v -0.872384 0.951520 1.108815
v -1.026081 1.065011 1.018642
v -1.159420 1.167360 0.916126
v 1.014151 0.968307 -1.025655
v 1.115943 1.077056 -0.968979
v 1.206961 1.175735 -0.895330
v -0.786293 0.918430 -1.176290
v -0.765715 1.044789 -1.242909
v -0.732506 1.158015 -1.298498
v 0.710274 1.000363 1.279911
v 0.741190 1.123454 1.314944
v 0.763176 1.222581 1.334310
v -0.175995 0.426145 -1.116833
v -0.102935 0.518013 -1.201395
v -0.042460 0.633241 -1.277432
v -1.010825 0.777870 -0.893821
v -1.142477 0.813528 -0.751306
v -1.254884 0.856739 -0.603990
v 0.926397 0.809753 0.965737
v 1.093361 0.833607 0.776845
v 1.234122 0.858486 0.580868
v -1.376712 0.826561 0.078462
v -1.395431 0.850275 -0.086787
v -1.391728 0.877111 -0.245026
v 0.517821 0.382036 -0.895914
v 0.631433 0.501018 -0.980879
v 0.730435 0.630788 -1.034103
v 0.302649 0.385537 -1.003733
v 0.252745 0.507270 -1.154359
v 0.173602 0.634585 -1.263095
v 0.868143 0.420428 0.631943
v 0.828316 0.513434 0.822366
v 0.766326 0.624982 0.992287
v -0.387073 0.413144 -1.045431
v -0.506290 0.488606 -1.063858
v -0.635243 0.589776 -1.073209
v 0.841151 0.038603 -0.058857
v 0.859137 0.034090 -0.213704
v 0.836376 0.032794 -0.357435
v 0.041190 0.028500 -0.906694
v -0.127847 0.027456 -0.890322
v -0.292533 0.029820 -0.844799
v 0.610436 0.047632 0.379350
v 0.503741 0.047965 0.526967
v 0.393235 0.047962 0.643410
v -0.022146 0.078582 -0.735516
v 0.124857 0.081402 -0.702575
v 0.278105 0.079233 -0.646193
v -0.165033 0.048855 -0.916094
v -0.005428 0.039541 -0.923412
v -0.144450 0.036359 -0.904280
v -0.289900 0.038895 -0.867079
v -0.263468 0.056064 -0.897544
v -0.202653 0.076888 -0.931303
v -0.090358 0.057548 -0.935320
v 0.141023 0.061116 0.913320
v -0.019301 0.053318 0.908563
v 0.114357 0.050237 0.901127
v 0.237069 0.051931 0.869457
v 0.234455 0.067074 0.897505
v 0.178450 0.085052 0.926577
v 0.066934 0.068671 0.926777
v -0.917497 0.049335 0.153128
v -0.921415 0.040911 -0.004791
v -0.909153 0.037868 0.128094
v -0.882210 0.041019 0.260532
v -0.901755 0.056692 0.248868
v -0.928434 0.076133 0.186803
v -0.932002 0.057416 0.077215
v 0.904864 0.053654 -0.232782
v 0.890970 0.047137 -0.077764
v 0.888354 0.041668 -0.211681
v 0.861608 0.041752 -0.345048
v 0.888068 0.060354 -0.331802
v 0.920054 0.087252 -0.287893
v 0.919912 0.064241 -0.161231
v -0.072256 0.235156 -1.102848
v 0.081511 0.211178 -1.068456
v -0.026588 0.197629 -1.062831
v -0.144686 0.195393 -1.055266
v -0.164307 0.248849 -1.111128
v -0.147732 0.306683 -1.166871
v -0.022263 0.260890 -1.126495
v 0.668170 0.259807 -0.886868
v 0.783390 0.229778 -0.735016
v 0.666131 0.211685 -0.822870
v 0.542875 0.219457 -0.922153
v 0.591803 0.283374 -0.970420
v 0.661419 0.354405 -1.001436
v 0.739023 0.293916 -0.868498
v -0.059782 0.223294 1.073878
v -0.254097 0.204208 1.011575
v -0.103676 0.188551 1.026095
v 0.051983 0.186572 1.035756
v 0.055121 0.235816 1.095013
v 0.017726 0.292477 1.150270
v -0.133397 0.250014 1.090494
v 0.243939 0.357793 -1.184647
v 0.278884 0.281582 -1.103296
v 0.158432 0.329568 -1.173157
v 0.058282 0.394310 -1.237715
v 0.222018 0.410692 -1.231568
v 0.388792 0.415546 -1.193834
v 0.350107 0.339504 -1.140905
v -1.074399 0.222891 -0.059618
v -1.013827 0.203766 -0.253738
v -1.027219 0.187587 -0.103330
v -1.036346 0.185321 0.052617
v -1.095220 0.235431 0.055324
v -1.150379 0.292419 0.017764
v -1.091225 0.249882 -0.133274
v 1.260223 0.538506 -0.427909
v 1.156979 0.405383 -0.420772
v 1.204610 0.515857 -0.525582
v 1.257118 0.638636 -0.593394
v 1.314099 0.624361 -0.432751
v 1.338582 0.589926 -0.258222
v 1.250130 0.482853 -0.321875
v -0.780500 0.402053 -0.955906
v -0.618015 0.427588 -1.090163
v -0.705391 0.356000 -0.965261
v -0.810406 0.311106 -0.824135
v -0.871540 0.393077 -0.863500
v -0.906655 0.493904 -0.926706
v -0.762916 0.468647 -1.028276
v 0.738738 0.395820 0.966168
v 0.551995 0.412844 1.097108
v 0.657003 0.347126 0.973574
v 0.785119 0.313262 0.834853
v 0.845733 0.396461 0.878784
v 0.874227 0.495512 0.946248
v 0.714091 0.459063 1.038122
v -0.961192 0.391282 0.737768
v -1.096275 0.412174 0.552057
v -0.971552 0.344257 0.655419
v -0.828573 0.303921 0.779452
v -0.867212 0.385558 0.842645
v -0.928786 0.485180 0.879826
v -1.032794 0.455935 0.715998
v 0.167669 0.645421 -1.403774
v 0.342985 0.603749 -1.340891
v 0.178372 0.573671 -1.357024
v 0.004402 0.581730 -1.374942
v 0.061261 0.681857 -1.432425
v 0.152193 0.775168 -1.467845
v 0.262222 0.692937 -1.411878
v -1.379966 0.673340 -0.290589
v -1.298621 0.660625 -0.500282
v -1.327882 0.606389 -0.324871
v -1.359977 0.591576 -0.128081
v -1.417808 0.694956 -0.161673
v -1.451228 0.794113 -0.233203
v -1.383108 0.730910 -0.380954
v -0.289244 0.672546 1.381335
v -0.498260 0.658533 1.301048
v -0.324211 0.605735 1.328588
v -0.127812 0.591444 1.360160
v -0.160005 0.694449 1.418768
v -0.227939 0.792503 1.454373
v -0.377956 0.729072 1.386431
v 1.110719 1.095914 1.087593
v 1.107727 0.938469 1.021510
v 1.173458 1.054834 0.998329
v 1.199736 1.171409 1.001801
v 1.099550 1.180895 1.123178
v 0.985398 1.148452 1.221108
v 1.042951 1.038689 1.133359
v -1.484994 0.898230 0.278122
v -1.519269 0.929781 0.114427
v -1.478320 0.825182 0.163483
v -1.423642 0.738416 0.244951
v -1.450224 0.878822 0.373986
v -1.472112 1.025308 0.459745
v -1.510545 0.990021 0.288579
v -1.058439 1.089450 1.152939
v -0.998062 0.935433 1.141002
v -0.968504 1.052352 1.219051
v -0.948373 1.165538 1.267576
v -1.077679 1.173210 1.158738
v -1.190345 1.147140 1.029664
v -1.112787 1.033984 1.073434
v -0.296260 0.913155 -1.496594
v -0.131928 0.937332 -1.528660
v -0.204171 0.837052 -1.486014
v -0.300951 0.754943 -1.429643
v -0.392053 0.896077 -1.463308
v -0.437732 1.037491 -1.493650
v -0.283767 1.002212 -1.525264
v 0.941883 0.893822 -1.171822
v 0.837127 0.763349 -1.189295
v 0.865648 0.909249 -1.231266
v 0.917159 1.044768 -1.235821
v 1.001364 0.969242 -1.148964
v 1.056627 0.863441 -1.056012
v 0.953423 0.798849 -1.120530
v 0.280152 0.897122 1.485373
v 0.123222 0.928824 1.520071
v 0.166065 0.824800 1.478622
v 0.245086 0.738144 1.423775
v 0.372798 0.876890 1.451026
v 0.456456 1.019412 1.474570
v 0.294098 0.987839 1.511166
v -1.092058 1.107786 -1.097812
v -1.107639 0.949899 -1.019342
v -1.166984 1.070502 -1.002342
v -1.189986 1.186084 -1.007181
v -1.074309 1.192240 -1.136319
v -0.950290 1.160906 -1.240781
v -1.023382 1.049717 -1.144648
v 1.515572 1.135882 0.338144
v 1.461607 1.182869 0.517654
v 1.486740 1.085047 0.394911
v 1.506849 0.994031 0.245046
v 1.536974 1.107260 0.228166
v 1.547590 1.203886 0.235493
v 1.511918 1.204641 0.384307
v -0.126830 1.227426 -1.581931
v -0.027548 1.139722 -1.579852
v -0.186335 1.182596 -1.573569
v -0.328566 1.237210 -1.552281
v -0.187076 1.271738 -1.572079
v -0.019689 1.275339 -1.577520
v -0.004827 1.216224 -1.585961
v -0.285898 1.231332 1.569609
v -0.225582 1.143874 1.569706
v -0.173643 1.218281 1.583852
v -0.163605 1.280237 1.579238
v -0.324164 1.276496 1.559411
v -0.465086 1.247105 1.526135
v -0.359052 1.190352 1.551835
v 0.400672 1.230965 -1.531494
v 0.569081 1.243069 -1.467754
v 0.441403 1.193343 -1.514331
v 0.299263 1.146787 -1.548859
v 0.295892 1.218582 -1.557165
v 0.323781 1.267277 -1.543283
v 0.459832 1.264677 -1.509092
v -1.549593 1.236170 -0.356068
v -1.487908 1.251326 -0.528081
v -1.525239 1.199981 -0.416938
v -1.555196 1.151568 -0.279274
v -1.573126 1.222188 -0.247936
v -1.571657 1.273935 -0.245833
v -1.537199 1.272360 -0.395906
v -1.016167 1.344631 1.233483
v -1.164600 1.317492 1.089926
v -1.052231 1.319742 1.204918
v -0.918207 1.322870 1.312725
v -0.917595 1.351494 1.307684
v -0.940966 1.357042 1.273763
v -1.066947 1.348074 1.179907
v 0.571648 1.349508 1.486009
v 0.397689 1.337686 1.526168
v 0.509423 1.340130 1.511139
v 0.638539 1.326322 1.471686
v 0.669468 1.347419 1.450607
v 0.663366 1.339731 1.434116
v 0.532442 1.342350 1.485045
v -1.489962 1.350471 0.508207
v -1.536537 1.337107 0.305917
v -1.516567 1.341901 0.442329
v -1.470417 1.332620 0.605233
v -1.448315 1.348753 0.629236
v -1.428360 1.337037 0.615943
v -1.491145 1.342450 0.454296
v -1.488682 1.216949 -0.451290
v -1.445712 1.245217 -0.586567
v -1.502539 1.262222 -0.449917
v -1.535383 1.253127 -0.310339
v -1.502518 1.187649 -0.367767
v -1.451387 1.112448 -0.443008
v -1.447674 1.182662 -0.529779
v -1.488871 1.036044 -0.064154
v -1.530248 1.151513 -0.062908
v -1.495996 1.062338 0.020173
v -1.443562 0.952434 0.073202
v -1.452825 0.958246 -0.066971
v -1.456033 0.990352 -0.201964
v -1.502906 1.082627 -0.146944
v 1.489356 1.214486 0.428316
v 1.439287 1.238441 0.577119
v 1.497742 1.251427 0.435332
v 1.532235 1.242385 0.292047
v 1.506236 1.185560 0.336762
v 1.457547 1.111598 0.401047
v 1.447916 1.183507 0.506761
v -1.461393 1.178008 0.356854
v -1.517014 1.234611 0.209252
v -1.475064 1.243070 0.367712
v -1.410212 1.220921 0.524159
v -1.413743 1.134856 0.451039
v -1.420738 1.049326 0.348224
v -1.480310 1.144481 0.258529
v -0.461597 1.178715 1.435751
v -0.598780 1.244178 1.404536
v -0.440208 1.247303 1.459949
v -0.278286 1.228844 1.492180
v -0.375187 1.133740 1.442256
v -0.512586 1.048870 1.373244
v -0.571534 1.150364 1.390102
v 0.522236 1.170590 1.426582
v 0.357929 1.223274 1.485173
v 0.503647 1.237998 1.451674
v 0.636211 1.230543 1.400410
v 0.617511 1.141184 1.381980
v 0.563076 1.043187 1.364847
v 0.442623 1.127822 1.434110
v -0.939980 1.169973 1.164159
v -1.087197 1.211758 1.029577
v -0.999247 1.235734 1.134884
v -0.888211 1.238404 1.234567
v -0.844501 1.145604 1.235436
v -0.836068 1.044892 1.195469
v -0.973670 1.124074 1.108551
v -0.506136 0.964171 -1.327008
v -0.308587 0.909197 -1.360152
v -0.434131 1.013685 -1.365580
v -0.578724 1.094349 -1.344538
v -0.621751 0.996817 -1.295156
v -0.620824 0.881474 -1.246659
v -0.458660 0.880227 -1.308692
v 1.033939 1.180408 -1.120007
v 1.145726 1.221238 -1.004142
v 1.070350 1.242789 -1.106044
v 0.976040 1.238110 -1.201376
v 0.961811 1.155397 -1.180235
v 0.973974 1.060327 -1.121290
v 1.068309 1.136432 -1.059815
v 0.388138 0.998339 -1.396114
v 0.559542 0.928785 -1.304061
v 0.455695 1.036611 -1.388288
v 0.317693 1.124187 -1.457343
v 0.277844 1.039487 -1.437399
v 0.262419 0.931056 -1.396721
v 0.419902 0.915302 -1.351039
v -0.988732 1.145451 -1.130020
v -0.881328 1.200540 -1.226820
v -1.010724 1.219452 -1.138410
v -1.121162 1.207153 -1.033921
v -1.043149 1.106640 -1.065688
v -0.930523 1.004971 -1.115535
v -0.897788 1.101270 -1.181868
v 0.955144 1.169526 1.180097
v 0.885221 1.229025 1.257002
v 0.996718 1.234091 1.169379
v 1.095323 1.216595 1.067820
v 0.995591 1.129157 1.123599
v 0.863787 1.046157 1.197050
v 0.864226 1.140911 1.241154
v -0.325518 0.585699 -1.204305
v -0.196211 0.663568 -1.276601
v -0.353396 0.662185 -1.239110
v -0.502867 0.636762 -1.170115
v -0.405396 0.542864 -1.148890
v -0.293617 0.477230 -1.134223
v -0.224663 0.558664 -1.210988
v 0.455230 0.600001 -1.164546
v 0.600273 0.672605 -1.147178
v 0.457956 0.687226 -1.221323
v 0.311665 0.675382 -1.259044
v 0.365635 0.559295 -1.163295
v 0.430908 0.459764 -1.040453
v 0.533741 0.556180 -1.091632
v -1.080424 0.625596 -0.669813
v -1.201272 0.733829 -0.575527
v -1.128056 0.615476 -0.570154
v -1.025184 0.507076 -0.595354
v -0.997798 0.566205 -0.723553
v -0.989773 0.659252 -0.824965
v -1.106552 0.705005 -0.709228
v 1.032900 0.634950 0.683667
v 1.170141 0.727849 0.558532
v 1.088437 0.606823 0.561107
v 0.984864 0.503507 0.587823
v 0.943598 0.580942 0.750502
v 0.916951 0.685194 0.880503
v 1.056950 0.720509 0.729782
v 0.074366 0.422009 -1.129440
v 0.076517 0.553992 -1.228124
v 0.004073 0.465553 -1.169784
v -0.060994 0.381855 -1.091623
v 0.051506 0.353753 -1.059423
v 0.170956 0.354565 -1.025649
v 0.150464 0.456536 -1.142923
v -0.656782 0.399563 -0.888347
v -0.717596 0.514345 -0.960091
v -0.755839 0.435757 -0.847635
v -0.745061 0.361403 -0.745945
v -0.608544 0.344837 -0.846891
v -0.492077 0.365776 -0.947859
v -0.596270 0.435106 -0.967708
v 0.135900 0.227609 0.373625
v 0.227216 0.250435 0.545481
v 0.234127 0.223138 0.268675
v 0.204074 0.213476 0.002212
v 0.075054 0.221289 0.268074
v -0.024307 0.247722 0.544524
v 0.096539 0.250888 0.581156
v -0.273058 0.234268 -0.804342
v -0.501366 0.248948 -0.681032
v -0.292902 0.226078 -0.728175
v -0.073628 0.229257 -0.798468
v -0.147729 0.245164 -0.873513
v -0.261249 0.270223 -0.904243
v -0.388168 0.250895 -0.800958
v 0.563653 0.224840 0.196451
v 0.692576 0.248227 0.270148
v 0.610815 0.221780 0.050687
v 0.496526 0.213959 -0.119835
v 0.478933 0.221324 0.165055
v 0.484433 0.244718 0.438180
v 0.594558 0.244164 0.380532
v -0.503817 0.223202 -0.283264
v -0.627241 0.244489 -0.022388
v -0.418748 0.218763 -0.224994
v -0.220062 0.212023 -0.447370
v -0.427048 0.220730 -0.431399
v -0.651467 0.248527 -0.353983
v -0.663949 0.243930 -0.179612
v 0.814709 0.239284 -0.225837
v 0.912048 0.282406 -0.254337
v 0.791832 0.249292 -0.361275
v 0.665734 0.230162 -0.410277
v 0.753554 0.228347 -0.192008
v 0.850556 0.255250 0.008463
v 0.895334 0.261848 -0.113297
v -0.287724 0.219976 0.202637
v -0.279185 0.239299 0.442612
v -0.166959 0.216726 0.168385
v -0.083845 0.210382 -0.119042
v -0.296055 0.217266 0.054630
v -0.487149 0.242111 0.278720
v -0.398212 0.238596 0.389258
v -0.887294 0.041659 0.064890
v -0.869250 0.036651 0.204588
v -0.894374 0.033807 0.076851
v -0.898891 0.034869 -0.061703
v -0.884568 0.046163 -0.027909
v -0.849426 0.060090 0.047471
v -0.865380 0.047286 0.145100
v -0.132626 0.034695 -0.874348
v -0.269529 0.031911 -0.840925
v -0.126640 0.028491 -0.882493
v 0.017832 0.029968 -0.896350
v -0.047474 0.038839 -0.879155
v -0.143829 0.049641 -0.839954
v -0.223629 0.040247 -0.842376
v 0.607785 0.034321 -0.696840
v 0.499417 0.031199 -0.778755
v 0.603607 0.029690 -0.707718
v 0.689213 0.030996 -0.619859
v 0.658786 0.037548 -0.634728
v 0.588839 0.047731 -0.659269
v 0.544657 0.038839 -0.733997
v 0.067437 0.045881 0.864097
v 0.164350 0.043846 0.844213
v 0.077403 0.041776 0.876274
v -0.051799 0.043875 0.867981
v -0.013121 0.049438 0.849569
v 0.016626 0.055609 0.814493
v 0.106277 0.049315 0.838053
v 0.247580 0.059301 -0.815470
v 0.271656 0.043352 -0.852592
v 0.339371 0.053929 -0.803130
v 0.346520 0.066556 -0.736285
v 0.211050 0.069409 -0.776219
v 0.082727 0.066133 -0.807652
v 0.172759 0.053702 -0.846091
v -0.780064 0.043479 -0.387548
v -0.827326 0.036317 -0.346475
v -0.758572 0.035973 -0.459358
v -0.680496 0.038600 -0.540081
v -0.739165 0.049996 -0.409260
v -0.785204 0.062083 -0.254354
v -0.824005 0.047219 -0.287853
v -0.691118 0.050081 0.472703
v -0.753316 0.041989 0.445573
v -0.753409 0.052170 0.379250
v -0.718053 0.066390 0.326709
v -0.639765 0.056901 0.482957
v -0.564335 0.047487 0.616131
v -0.666584 0.043483 0.544995
v -0.520348 0.069004 -0.576730
v -0.519784 0.051201 -0.648390
v -0.448637 0.060646 -0.672186
v -0.378162 0.072033 -0.663232
v -0.494419 0.079560 -0.532825
v -0.606314 0.081176 -0.390626
v -0.592307 0.065426 -0.517576
v -0.350181 0.072595 0.610284
v -0.339878 0.059211 0.697646
v -0.442297 0.070740 0.561386
v -0.491337 0.082370 0.429307
v -0.343005 0.079207 0.560070
v -0.211709 0.071697 0.675668
v -0.257750 0.065531 0.702374
v -0.129531 0.095810 -0.516001
v 0.114860 0.089693 -0.540510
v -0.099635 0.096321 -0.433597
v -0.332888 0.098472 -0.343525
v -0.268696 0.095562 -0.498803
v -0.150427 0.088770 -0.630724
v -0.008469 0.090946 -0.605072
v -0.092129 0.072351 0.587194
v -0.077570 0.071412 0.664538
v -0.193055 0.079002 0.547207
v -0.295055 0.082530 0.410736
v -0.100465 0.070892 0.528539
v 0.071395 0.059316 0.656140
v 0.011599 0.065203 0.677995
v 0.174378 0.056254 0.375835
v 0.238217 0.050929 0.536944
v 0.048681 0.060871 0.407216
v -0.122671 0.072293 0.253092
v 0.138267 0.060952 0.269115
v 0.400530 0.050663 0.314756
v 0.338089 0.049434 0.444184
v 0.235615 0.075213 -0.133202
v 0.445438 0.059892 -0.008965
v 0.173576 0.072560 -0.022590
v -0.093737 0.085726 -0.080935
v 0.111066 0.083940 -0.212669
v 0.341328 0.076548 -0.309062
v 0.419973 0.067502 -0.165000
v -0.733009 0.109798 -0.645319
v -0.608552 0.104015 -0.752874
v -0.473595 0.100542 -0.840835
v -0.756222 0.072813 -0.575185
v -0.646931 0.070216 -0.687185
v -0.524025 0.068261 -0.781621
v -0.783134 0.047486 -0.498747
v -0.684225 0.046359 -0.619486
v -0.568891 0.045474 -0.722004
v -0.221730 0.097482 0.925236
v -0.257299 0.072356 0.895221
v -0.141872 0.088813 0.932166
v -0.051640 0.112223 0.955988
v -0.196122 0.117381 0.941644
v -0.353664 0.119702 0.902919
v -0.325379 0.090884 0.893429
v 0.723502 0.116813 0.634593
v 0.593194 0.109283 0.746883
v 0.452861 0.105303 0.837397
v 0.730282 0.081856 0.553925
v 0.613077 0.079149 0.676405
v 0.486298 0.077223 0.777920
v 0.706216 0.058487 0.467013
v 0.591937 0.058055 0.604460
v 0.473131 0.057321 0.718186
v 0.133389 0.094208 -0.965438
v 0.193926 0.063815 -0.934444
v 0.079698 0.083052 -0.961938
v -0.016438 0.110515 -0.981851
v 0.091428 0.117450 -0.984513
v 0.213250 0.119407 -0.967031
v 0.225734 0.086649 -0.943747
v -0.647830 0.112670 0.723297
v -0.755221 0.105727 0.596776
v -0.841807 0.100952 0.459121
v -0.586009 0.079125 0.740497
v -0.699457 0.074927 0.628421
v -0.792738 0.071237 0.504237
v -0.534653 0.056173 0.743556
v -0.660229 0.053184 0.636859
v -0.760292 0.050375 0.518780
v -0.931147 0.090387 -0.218757
v -0.910115 0.062590 -0.244781
v -0.939364 0.080421 -0.136483
v -0.959197 0.106413 -0.049362
v -0.945388 0.112429 -0.194893
v -0.908182 0.115246 -0.352393
v -0.901845 0.083388 -0.320668
v 0.927720 0.099346 0.156581
v 0.885545 0.070208 0.181602
v 0.931579 0.089430 0.060080
v 0.961405 0.124415 -0.042104
v 0.948600 0.126585 0.134894
v 0.909466 0.127055 0.316644
v 0.893445 0.091476 0.271480
v 0.210565 0.382075 0.979485
v 0.026689 0.384602 0.998042
v -0.155364 0.380099 0.979262
v 0.230566 0.487913 1.109725
v 0.014096 0.491151 1.126916
v -0.201861 0.486928 1.110632
v 0.272234 0.616184 1.199854
v 0.012094 0.616159 1.218271
v -0.248250 0.616048 1.202190
v 1.133580 0.311927 0.081531
v 1.047777 0.259312 0.268738
v 1.064149 0.246766 0.090918
v 1.086486 0.263734 -0.094084
v 1.177039 0.353130 -0.031257
v 1.251868 0.441406 0.069694
v 1.154952 0.347238 0.185114
v -0.488060 0.232543 -0.980577
v -0.630374 0.209381 -0.852993
v -0.539171 0.261120 -0.978723
v -0.424934 0.307573 -1.090557
v -0.400480 0.247108 -1.042208
v -0.403776 0.191937 -0.976561
v -0.523597 0.192837 -0.911421
v 0.439166 0.222969 0.984758
v 0.599954 0.205904 0.856913
v 0.486971 0.250674 0.984602
v 0.349896 0.292741 1.095357
v 0.338730 0.235481 1.044623
v 0.359722 0.185419 0.976213
v 0.489305 0.187622 0.913696
v -0.985151 0.222222 0.439120
v -0.857409 0.202648 0.598225
v -0.984674 0.249588 0.486415
v -1.095392 0.292569 0.349855
v -1.044887 0.235093 0.338956
v -0.977018 0.184288 0.360571
v -0.914717 0.186077 0.489311
v -0.453159 0.386081 1.126139
v -0.233461 0.402849 1.204495
v -0.417566 0.443005 1.183051
v -0.604247 0.475867 1.126193
v -0.577520 0.382868 1.065056
v -0.506014 0.303372 1.023993
v -0.358885 0.341478 1.120179
v 0.982503 0.489555 -0.856623
v 0.866161 0.506037 -0.990164
v 0.976847 0.566388 -0.940271
v 1.079563 0.609001 -0.856436
v 1.046160 0.487830 -0.769647
v 0.983204 0.375542 -0.704432
v 0.917799 0.424732 -0.852921
v -1.128314 0.386751 -0.452962
v -1.204777 0.402955 -0.233452
v -1.184009 0.443624 -0.417683
v -1.129392 0.477862 -0.604593
v -1.070350 0.384438 -0.576990
v -1.029326 0.304397 -0.505246
v -1.121793 0.341795 -0.358663
v 1.173747 0.473133 0.534176
v 1.284376 0.546580 0.368530
v 1.232221 0.552312 0.528941
v 1.144878 0.543616 0.681407
v 1.094975 0.440552 0.631869
v 1.059574 0.359791 0.550961
v 1.179312 0.438543 0.442338
v -0.733731 0.801060 -1.262403
v -0.583020 0.680054 -1.281442
v -0.737209 0.697986 -1.203252
v -0.882091 0.750106 -1.126835
v -0.818791 0.873259 -1.239057
v -0.721208 0.971110 -1.342438
v -0.640356 0.831704 -1.330195
v 0.714859 0.783660 1.254129
v 0.532425 0.660364 1.278260
v 0.701887 0.682288 1.202395
v 0.861088 0.740441 1.131044
v 0.816500 0.858470 1.228913
v 0.732015 0.952839 1.323867
v 0.620299 0.811687 1.318803
v -1.250995 0.783508 0.719185
v -1.277581 0.660387 0.533314
v -1.198169 0.680907 0.705908
v -1.117999 0.736197 0.873433
v -1.222217 0.857972 0.825847
v -1.318751 0.957591 0.743542
v -1.317190 0.813222 0.623954
v -1.389997 0.990558 -0.627710
v -1.460509 0.981991 -0.447543
v -1.434136 1.057665 -0.570935
v -1.379301 1.113672 -0.708166
v -1.336315 1.001439 -0.733917
v -1.301379 0.875926 -0.714767
v -1.388640 0.913519 -0.572417
v 1.350443 0.887955 0.620156
v 1.399117 0.816749 0.429281
v 1.393561 0.941323 0.553592
v 1.355143 1.045011 0.699791
v 1.309393 0.933763 0.731308
v 1.259415 0.805001 0.731862
v 1.333160 0.790594 0.577554
v 1.449550 0.945556 -0.503806
v 1.371206 0.894472 -0.638798
v 1.423787 0.999942 -0.613657
v 1.470498 1.081558 -0.550595
v 1.485237 0.977651 -0.419688
v 1.466540 0.855503 -0.311748
v 1.422861 0.857851 -0.475822
v -0.609100 0.978675 1.417403
v -0.429616 0.973628 1.478638
v -0.544379 1.044652 1.464918
v -0.670137 1.096921 1.424717
v -0.712042 0.987514 1.369859
v -0.703350 0.866525 1.321214
v -0.560484 0.905181 1.406789
v 0.552811 0.944980 -1.415892
v 0.396271 0.955563 -1.476666
v 0.527746 1.028259 -1.448263
v 0.665357 1.073612 -1.394450
v 0.644018 0.937936 -1.369556
v 0.586749 0.799174 -1.347035
v 0.481285 0.865791 -1.418910
v -1.577399 1.222562 0.187168
v -1.576332 1.136526 0.061851
v -1.562644 1.176406 0.235820
v -1.533833 1.232136 0.397091
v -1.566422 1.267225 0.260440
v -1.585940 1.274243 0.098790
v -1.589103 1.213875 0.061927
v 1.568755 1.139026 -0.164023
v 1.542890 0.996134 -0.084791
v 1.552763 1.088889 -0.224417
v 1.547859 1.191847 -0.341745
v 1.570292 1.215094 -0.216273
v 1.577031 1.211502 -0.078003
v 1.567876 1.108401 -0.057410
v 1.236816 1.172991 -0.970153
v 1.237640 1.041106 -0.930427
v 1.169569 1.130469 -1.034113
v 1.114313 1.219878 -1.102710
v 1.232135 1.239483 -0.982281
v 1.337040 1.219437 -0.845885
v 1.301356 1.132112 -0.880059
v 0.247500 1.220978 1.573483
v 0.108070 1.134547 1.575736
v 0.276109 1.173783 1.560661
v 0.430420 1.226006 1.533040
v 0.325560 1.265394 1.561519
v 0.183323 1.275329 1.579627
v 0.131638 1.212767 1.585927
v -0.428165 1.355775 -1.504394
v -0.526308 1.336775 -1.495417
v -0.554990 1.354586 -1.472947
v -0.532633 1.341649 -1.454736
v -0.364844 1.346215 -1.501240
v -0.210061 1.339072 -1.534222
v -0.359407 1.346609 -1.527276
v 1.257316 1.357536 -0.950135
v 1.349110 1.343018 -0.833122
v 1.243093 1.345602 -0.970872
v 1.129264 1.333570 -1.089249
v 1.198078 1.345988 -1.009310
v 1.279226 1.344759 -0.896844
v 1.326571 1.359734 -0.856032
v -0.517862 1.361660 1.491594
v -0.605037 1.343214 1.474331
v -0.455010 1.352149 1.515031
v -0.325597 1.345826 1.531013
v -0.472225 1.353594 1.491227
v -0.629919 1.355143 1.436359
v -0.632099 1.361479 1.454849
v -0.955492 1.347369 -1.259000
v -0.864507 1.326757 -1.335632
v -0.998114 1.331037 -1.226976
v -1.097758 1.322840 -1.120412
v -0.992799 1.337036 -1.211888
v -0.861356 1.337010 -1.304296
v -0.856790 1.350214 -1.332579
v 0.992541 1.340955 1.243818
v 0.917111 1.315679 1.311841
v 1.031970 1.322411 1.211464
v 1.113453 1.317127 1.116427
v 1.019296 1.334567 1.204971
v 0.911041 1.337381 1.291185
v 0.909967 1.343272 1.312002
v 1.501378 1.356389 -0.465177
v 1.499419 1.339779 -0.525222
v 1.466576 1.359191 -0.577680
v 1.435115 1.345132 -0.593652
v 1.493065 1.345953 -0.432278
v 1.538176 1.331809 -0.279803
v 1.531297 1.341602 -0.388186
v -1.208390 1.352035 1.005064
v -1.288860 1.340065 0.930776
v -1.175915 1.352331 1.049790
v -1.065092 1.345873 1.137916
v -1.152761 1.341058 1.043546
v -1.249190 1.334234 0.925315
v -1.287126 1.348892 0.913724
v 1.492984 1.035909 0.013203
v 1.528030 1.146721 0.034096
v 1.495197 1.062270 -0.059795
v 1.449158 0.961000 -0.133442
v 1.461941 0.960253 -0.006046
v 1.467405 0.987005 0.128105
v 1.507850 1.080644 0.100693
v 1.448553 1.176064 -0.378730
v 1.504167 1.228685 -0.224326
v 1.462086 1.240618 -0.383086
v 1.403114 1.221325 -0.538628
v 1.406333 1.135796 -0.472965
v 1.417020 1.055932 -0.377327
v 1.468687 1.142715 -0.283048
v -0.161123 1.182205 -1.477297
v -0.037117 1.233864 -1.507561
v -0.211527 1.246176 -1.485875
v -0.364453 1.224699 -1.446457
v -0.237126 1.140054 -1.450773
v -0.083748 1.053449 -1.448639
v -0.036269 1.146175 -1.483292
v 0.031098 0.964930 1.409360
v 0.040094 1.107463 1.473898
v 0.163024 1.009577 1.425369
v 0.251287 0.892541 1.356392
v 0.024594 0.873356 1.360617
v -0.201140 0.894021 1.359576
v -0.095608 1.011005 1.427497
v 0.655691 1.181521 -1.377605
v 0.730432 1.231524 -1.367452
v 0.605284 1.236001 -1.420895
v 0.489007 1.222007 -1.450304
v 0.606767 1.142150 -1.377356
v 0.731356 1.064511 -1.289831
v 0.747854 1.156343 -1.325923
v -1.144264 0.973975 0.815334
v -1.208626 1.100662 0.808843
v -1.091213 1.011817 0.909836
v -0.978197 0.904077 0.969749
v -1.101557 0.891857 0.809971
v -1.223107 0.911195 0.641047
v -1.232664 1.016795 0.714734
v 1.208253 0.982714 -0.781533
v 1.247736 1.106901 -0.794158
v 1.168064 1.021699 -0.866852
v 1.094771 0.917854 -0.896326
v 1.182931 0.903599 -0.761297
v 1.268514 0.924957 -0.628197
v 1.269334 1.023742 -0.704279
v -1.221461 1.002063 -0.796183
v -1.270723 1.123644 -0.812573
v -1.295000 1.057850 -0.725532
v -1.286768 0.967687 -0.657699
v -1.186389 0.921898 -0.780950
v -1.083599 0.906172 -0.904686
v -1.174519 1.023728 -0.875851
v 0.498236 0.112779 -0.835958
v 0.641973 0.109350 -0.723858
v 0.775010 0.111125 -0.591397
v 0.489153 0.074356 -0.816179
v 0.623742 0.071750 -0.712991
v 0.743470 0.070899 -0.593249
v 0.472206 0.046748 -0.809685
v 0.606621 0.045471 -0.712197
v 0.719181 0.045009 -0.600378
v 1.183326 1.021212 0.822826
v 1.242881 1.134999 0.834409
v 1.273082 1.070655 0.731107
v 1.267986 0.977438 0.646510
v 1.142352 0.942857 0.808292
v 1.013305 0.934919 0.968409
v 1.125852 1.044705 0.920574
v 1.121658 0.617687 -0.584616
v 1.035344 0.675156 -0.768341
v 1.058247 0.576215 -0.629002
v 1.099010 0.514925 -0.472671
v 1.167959 0.599038 -0.474031
v 1.216399 0.700371 -0.506820
v 1.133765 0.692641 -0.647503
v -1.271848 0.654534 -0.181604
v -1.317668 0.752180 -0.275512
v -1.329726 0.738647 -0.132739
v -1.308174 0.703016 -0.000723
v -1.234570 0.599292 -0.124471
v -1.153237 0.524971 -0.275922
v -1.237856 0.632562 -0.291068
v 1.154473 0.473416 0.165387
v 1.243874 0.618280 0.234629
v 1.200594 0.520349 0.110295
v 1.125339 0.422761 -0.003498
v 1.089559 0.396666 0.112094
v 1.060164 0.407318 0.248456
v 1.157974 0.513503 0.266216
v 1.311684 0.663334 -0.105600
v 1.351927 0.741302 0.050217
v 1.358278 0.744888 -0.074022
v 1.334173 0.729341 -0.208002
v 1.276970 0.626239 -0.201234
v 1.222214 0.544018 -0.164873
v 1.289244 0.628588 -0.044695
v -0.992222 0.592147 0.706029
v -0.882787 0.657048 0.899634
v -0.905961 0.552189 0.773522
v -0.935326 0.471769 0.608031
v -1.041905 0.557204 0.579712
v -1.123347 0.664536 0.572202
v -1.016343 0.672488 0.749048
v 0.644842 0.408762 0.886006
v 0.644087 0.531743 1.017891
v 0.722092 0.450654 0.870838
v 0.752594 0.369674 0.701882
v 0.640478 0.348581 0.778456
v 0.521444 0.355299 0.859166
v 0.562208 0.438387 0.973623
v -1.080139 0.424770 0.115305
v -1.184237 0.554371 0.203810
v -1.093579 0.460892 0.242595
v -0.977259 0.371557 0.223938
v -0.994731 0.358753 0.050625
v -1.023345 0.379693 -0.100090
v -1.127363 0.467291 0.045308
v -0.610119 0.404723 0.898527
v -0.620300 0.528085 1.029652
v -0.531938 0.435504 0.981850
v -0.464453 0.351280 0.865495
v -0.584273 0.343740 0.790627
v -0.696532 0.362174 0.718652
v -0.690220 0.444700 0.887160
v 0.794156 0.416958 -0.754196
v 0.818442 0.548886 -0.884925
v 0.725609 0.449691 -0.857036
v 0.649191 0.350297 -0.771566
v 0.780001 0.351679 -0.662737
v 0.899659 0.385157 -0.571894
v 0.872552 0.462747 -0.728067
v 0.785561 0.040062 -0.311863
v 0.807371 0.033451 -0.386657
v 0.823818 0.034990 -0.258047
v 0.788950 0.040206 -0.139312
v 0.737563 0.046653 -0.266479
v 0.685042 0.052247 -0.410016
v 0.762270 0.040946 -0.413265
vn -0.0241 -0.7882 -0.6149
vn -0.0994 -0.8392 -0.5346
vn -0.1500 -0.7167 -0.6810
vn -0.0865 -0.6812 -0.7270
vn -0.1950 -0.8487 -0.4916
vn -0.2215 -0.7027 -0.6761
vn -0.1792 -0.6282 -0.7571
vn 0.0615 -0.9686 -0.2408
vn 0.0196 -0.9895 -0.1435
vn 0.0545 -0.7448 -0.6651
vn -0.0228 -0.9860 -0.1649
vn -0.0269 -0.6414 -0.7667
vn -0.0067 -0.9998 -0.0189
vn -0.2702 -0.8460 -0.4597
vn -0.0324 -0.9979 -0.0568
vn -0.3234 -0.6711 -0.6671
vn -0.1922 -0.6922 -0.6957
vn -0.1107 -0.6257 -0.7722
vn -0.2846 -0.6221 -0.7294
vn -0.0351 -0.8261 0.5624
vn 0.0603 -0.8848 0.4620
vn 0.1204 -0.7554 0.6441
vn 0.0318 -0.6863 0.7267
vn 0.1483 -0.9413 0.3032
vn 0.2075 -0.7700 0.6033
vn 0.1466 -0.6196 0.7711
vn -0.0416 -0.9875 0.1523
vn -0.0477 -0.9810 0.1882
vn -0.0997 -0.8292 0.5500
vn 0.0104 -0.9789 0.2040
vn -0.0410 -0.6443 0.7637
vn 0.0220 -0.9996 0.0186
vn 0.1551 -0.9646 0.2133
vn 0.0492 -0.9938 0.0996
vn 0.2773 -0.8115 0.5144
vn 0.1467 -0.7026 0.6963
vn 0.0481 -0.5916 0.8048
vn 0.2640 -0.6525 0.7103
vn -0.6739 -0.7388 -0.0017
vn -0.5758 -0.8133 0.0831
vn -0.7544 -0.6411 0.1408
vn -0.8070 -0.5873 0.0611
vn -0.5422 -0.8161 0.1999
vn -0.7521 -0.6198 0.2242
vn -0.8289 -0.5358 0.1607
vn -0.3757 -0.9215 -0.0987
vn -0.1714 -0.9842 -0.0442
vn -0.7400 -0.6660 -0.0941
vn -0.0839 -0.9965 -0.0066
vn -0.8569 -0.5150 -0.0215
vn -0.1336 -0.9879 0.0783
vn -0.5252 -0.7991 0.2927
vn -0.0895 -0.9954 0.0339
vn -0.7311 -0.5924 0.3384
vn -0.7296 -0.6660 0.1555
vn -0.8534 -0.5175 0.0627
vn -0.7886 -0.5481 0.2789
vn 0.4092 -0.9099 0.0682
vn 0.4210 -0.9070 -0.0120
vn 0.6843 -0.7209 -0.1101
vn 0.7187 -0.6950 -0.0208
vn 0.5082 -0.8429 -0.1769
vn 0.7011 -0.6730 -0.2355
vn 0.7982 -0.5728 -0.1863
vn 0.0563 -0.9980 0.0299
vn 0.0710 -0.9963 0.0492
vn 0.3598 -0.9295 0.0806
vn 0.1147 -0.9934 0.0076
vn 0.7218 -0.6912 0.0356
vn 0.3361 -0.9165 -0.2169
vn 0.6078 -0.7108 -0.3539
vn 0.2120 -0.9741 -0.0792
vn 0.7059 -0.5819 -0.4040
vn 0.7154 -0.6401 -0.2801
vn 0.8319 -0.5475 -0.0908
vn 0.7449 -0.5514 -0.3756
vn 0.0887 -0.6973 -0.7113
vn 0.0137 -0.7186 -0.6952
vn -0.0119 -0.7101 -0.7040
vn 0.0325 -0.6819 -0.7307
vn -0.0840 -0.7377 -0.6699
vn -0.0888 -0.7061 -0.7025
vn -0.0696 -0.6442 -0.7617
vn 0.2471 -0.6662 -0.7037
vn 0.1384 -0.6501 -0.7471
vn 0.1424 -0.6977 -0.7021
vn 0.0346 -0.6665 -0.7447
vn 0.0651 -0.6725 -0.7372
vn -0.1856 -0.7400 -0.6465
vn -0.0720 -0.6898 -0.7204
vn -0.1944 -0.7007 -0.6865
vn -0.2120 -0.5515 -0.8068
vn -0.0325 -0.6141 -0.7886
vn -0.2064 -0.6229 -0.7546
vn 0.5334 -0.6973 -0.4789
vn 0.4490 -0.7185 -0.5312
vn 0.4394 -0.7074 -0.5536
vn 0.4969 -0.6799 -0.5393
vn 0.3552 -0.7265 -0.5883
vn 0.3845 -0.6972 -0.6050
vn 0.4410 -0.6416 -0.6276
vn 0.6041 -0.6378 -0.4778
vn 0.5900 -0.6843 -0.4286
vn 0.4958 -0.6586 -0.5660
vn 0.5345 -0.6597 -0.5283
vn 0.2688 -0.7169 -0.6433
vn 0.3909 -0.6644 -0.6370
vn 0.3092 -0.6811 -0.6637
vn 0.4082 -0.5178 -0.7519
vn 0.4822 -0.6038 -0.6348
vn 0.3599 -0.6120 -0.7043
vn -0.1874 -0.7257 0.6620
vn -0.0970 -0.7557 0.6477
vn -0.0726 -0.7422 0.6662
vn -0.1317 -0.7044 0.6974
vn 0.0098 -0.7727 0.6347
vn 0.0061 -0.7345 0.6786
vn -0.0278 -0.6556 0.7546
vn -0.4296 -0.6570 0.6195
vn -0.2517 -0.6521 0.7151
vn -0.2688 -0.7077 0.6534
vn -0.1210 -0.6780 0.7250
vn -0.1811 -0.6774 0.7129
vn 0.1210 -0.7697 0.6268
vn -0.0004 -0.6955 0.7185
vn 0.1231 -0.7217 0.6812
vn 0.1373 -0.5632 0.8148
vn -0.0765 -0.6164 0.7837
vn 0.1274 -0.6299 0.7662
vn 0.1794 -0.7012 -0.6900
vn 0.1016 -0.6667 -0.7384
vn 0.1555 -0.6483 -0.7454
vn 0.2262 -0.6629 -0.7137
vn 0.0412 -0.6156 -0.7869
vn 0.1399 -0.6042 -0.7845
vn 0.2568 -0.6000 -0.7577
vn -0.0127 -0.5789 -0.8153
vn 0.1276 -0.5797 -0.8048
vn 0.2632 -0.5542 -0.7896
vn -0.6739 -0.7155 -0.1841
vn -0.6623 -0.7431 -0.0959
vn -0.6727 -0.7364 -0.0717
vn -0.7021 -0.7003 -0.1291
vn -0.6499 -0.7599 0.0103
vn -0.6841 -0.7293 0.0063
vn -0.7561 -0.6539 -0.0269
vn -0.6298 -0.6541 -0.4189
vn -0.7350 -0.6309 -0.2485
vn -0.6636 -0.7007 -0.2619
vn -0.7532 -0.6466 -0.1208
vn -0.7174 -0.6736 -0.1775
vn -0.6418 -0.7568 0.1238
vn -0.7504 -0.6610 0.0021
vn -0.6865 -0.7165 0.1239
vn -0.8151 -0.5627 0.1376
vn -0.7848 -0.6151 -0.0754
vn -0.7673 -0.6285 0.1276
vn 0.7301 -0.6336 -0.2558
vn 0.7532 -0.5659 -0.3354
vn 0.7878 -0.5542 -0.2687
vn 0.7804 -0.5961 -0.1888
vn 0.7862 -0.4867 -0.3808
vn 0.8237 -0.4966 -0.2739
vn 0.8378 -0.5252 -0.1492
vn 0.6783 -0.6502 -0.3423
vn 0.7143 -0.6826 -0.1542
vn 0.7148 -0.5744 -0.3989
vn 0.7618 -0.6404 -0.0978
vn 0.7589 -0.3837 -0.5261
vn 0.8086 -0.4259 -0.4060
vn 0.7465 -0.4837 -0.4570
vn 0.8487 -0.4473 -0.2822
vn 0.8962 -0.4398 0.0573
vn 0.8239 -0.5653 -0.0398
vn 0.8789 -0.4564 -0.1385
vn -0.4125 -0.5811 -0.7015
vn -0.4516 -0.6471 -0.6143
vn -0.5048 -0.6076 -0.6132
vn -0.4997 -0.5466 -0.6719
vn -0.5156 -0.6824 -0.5182
vn -0.5672 -0.6128 -0.5503
vn -0.6016 -0.5231 -0.6037
vn -0.3599 -0.5946 -0.7190
vn -0.3830 -0.5210 -0.7628
vn -0.4314 -0.6548 -0.6206
vn -0.4951 -0.4929 -0.7155
vn -0.5929 -0.6859 -0.4219
vn -0.5048 -0.6816 -0.5297
vn -0.6390 -0.6137 -0.4637
vn -0.7161 -0.4393 -0.5424
vn -0.6043 -0.4612 -0.6497
vn -0.6863 -0.5226 -0.5058
vn 0.3781 -0.5848 0.7177
vn 0.4258 -0.6499 0.6295
vn 0.4720 -0.6151 0.6316
vn 0.4605 -0.5575 0.6908
vn 0.4914 -0.6914 0.5296
vn 0.5333 -0.6196 0.5759
vn 0.5570 -0.5341 0.6360
vn 0.3219 -0.5882 0.7419
vn 0.3395 -0.5343 0.7741
vn 0.4137 -0.6472 0.6403
vn 0.4534 -0.5123 0.7294
vn 0.6043 -0.6892 0.3997
vn 0.5721 -0.6976 0.4314
vn 0.4927 -0.6823 0.5401
vn 0.6078 -0.6174 0.4993
vn 0.6708 -0.4403 0.5968
vn 0.5567 -0.4838 0.6753
vn 0.6448 -0.5200 0.5602
vn -0.7179 -0.5825 0.3813
vn -0.6319 -0.6451 0.4296
vn -0.6295 -0.6123 0.4783
vn -0.6869 -0.5563 0.4676
vn -0.5350 -0.6831 0.4971
vn -0.5688 -0.6191 0.5415
vn -0.6202 -0.5394 0.5695
vn -0.7428 -0.5867 0.3225
vn -0.7734 -0.5339 0.3419
vn -0.6440 -0.6424 0.4155
vn -0.7244 -0.5136 0.4599
vn -0.4373 -0.6893 0.5776
vn -0.5511 -0.6696 0.4980
vn -0.4804 -0.6222 0.6182
vn -0.5413 -0.4782 0.6916
vn -0.6578 -0.4933 0.5692
vn -0.5195 -0.5412 0.6612
vn 0.2409 -0.5106 -0.8254
vn 0.1202 -0.5498 -0.8266
vn 0.1151 -0.4886 -0.8649
vn 0.1939 -0.4412 -0.8762
vn -0.0086 -0.5405 -0.8413
vn 0.0331 -0.4584 -0.8881
vn 0.1107 -0.3758 -0.9201
vn 0.3376 -0.4482 -0.8277
vn 0.2705 -0.3826 -0.8835
vn -0.1292 -0.4946 -0.8595
vn -0.0579 -0.4140 -0.9084
vn 0.1019 -0.2594 -0.9604
vn 0.1932 -0.3174 -0.9284
vn 0.0191 -0.3286 -0.9443
vn -0.8036 -0.4832 -0.3475
vn -0.8093 -0.5377 -0.2365
vn -0.8490 -0.4824 -0.2154
vn -0.8574 -0.4298 -0.2831
vn -0.8289 -0.5516 -0.0932
vn -0.8777 -0.4636 -0.1210
vn -0.9089 -0.3766 -0.1793
vn -0.7719 -0.5037 -0.3880
vn -0.7977 -0.4241 -0.4287
vn -0.7940 -0.5530 -0.2524
vn -0.8616 -0.3799 -0.3366
vn -0.8557 -0.5141 0.0595
vn -0.8093 -0.5789 -0.0998
vn -0.9057 -0.4240 0.0014
vn -0.9512 -0.2864 -0.1148
vn -0.9132 -0.3308 -0.2378
vn -0.9407 -0.3345 -0.0560
vn -0.3378 -0.5023 0.7960
vn -0.2317 -0.5447 0.8060
vn -0.2080 -0.4917 0.8455
vn -0.2685 -0.4489 0.8523
vn -0.0912 -0.5545 0.8272
vn -0.1150 -0.4707 0.8748
vn -0.1635 -0.3912 0.9057
vn -0.3858 -0.5225 0.7604
vn -0.4112 -0.4641 0.7845
vn -0.2511 -0.5596 0.7898
vn -0.3094 -0.4180 0.8542
vn 0.0605 -0.5161 0.8544
vn -0.0993 -0.5805 0.8082
vn 0.0065 -0.4298 0.9029
vn -0.0811 -0.2917 0.9531
vn -0.2046 -0.3596 0.9104
vn -0.0421 -0.3447 0.9378
vn 0.6992 -0.3324 0.6329
vn 0.7629 -0.2429 0.5992
vn 0.7155 -0.2258 0.6611
vn 0.6516 -0.2822 0.7041
vn 0.8006 -0.1304 0.5848
vn 0.7175 -0.1549 0.6791
vn 0.6220 -0.2143 0.7532
vn 0.7472 -0.3557 0.5614
vn 0.6257 -0.3953 0.6725
vn 0.8064 -0.2598 0.5312
vn 0.5834 -0.3369 0.7391
vn 0.3810 0.9245 -0.0124
vn 0.7760 0.4283 0.4631
vn 0.8495 -0.1488 0.5062
vn 0.7203 -0.0667 0.6904
vn 0.4530 -0.2084 0.8668
vn 0.5354 -0.2749 0.7986
vn 0.6037 -0.1662 0.7797
vn -0.9549 -0.2882 0.0712
vn -0.9202 -0.3726 0.1197
vn -0.9219 -0.3283 0.2056
vn -0.9441 -0.2590 0.2039
vn -0.8739 -0.4436 0.1990
vn -0.8891 -0.3572 0.2862
vn -0.9107 -0.2645 0.3174
vn -0.9657 -0.2530 0.0582
vn -0.9566 -0.2146 0.1972
vn -0.8343 -0.4758 0.2784
vn -0.8550 -0.3822 0.3505
vn -0.8682 -0.1439 0.4749
vn -0.9271 -0.1859 0.3254
vn -0.8709 -0.2839 0.4012
vn -0.6343 -0.3641 0.6819
vn -0.6099 -0.2710 0.7447
vn -0.6700 -0.2486 0.6995
vn -0.7084 -0.2986 0.6396
vn -0.5956 -0.1720 0.7847
vn -0.6842 -0.1729 0.7085
vn -0.7567 -0.2090 0.6195
vn -0.5450 -0.3989 0.7374
vn -0.6619 -0.4195 0.6212
vn -0.5378 -0.2935 0.7903
vn -0.7387 -0.3476 0.5775
vn -0.4531 -0.0825 0.8877
vn -0.5823 -0.1075 0.8058
vn -0.5140 -0.1855 0.8375
vn -0.6884 -0.1055 0.7176
vn -0.8009 -0.2617 0.5386
vn -0.7817 -0.1096 0.6140
vn -0.0765 -0.2818 -0.9564
vn -0.1412 -0.3637 -0.9207
vn -0.2087 -0.3162 -0.9254
vn -0.1904 -0.2420 -0.9514
vn -0.2281 -0.4248 -0.8761
vn -0.2907 -0.3379 -0.8952
vn -0.3064 -0.2359 -0.9222
vn -0.0411 -0.2205 -0.9745
vn -0.1648 -0.1712 -0.9713
vn -0.3099 -0.4540 -0.8354
vn -0.3644 -0.3588 -0.8593
vn -0.4249 -0.1298 -0.8959
vn -0.2887 -0.1289 -0.9487
vn -0.4040 -0.2542 -0.8787
vn 0.5135 -0.3863 -0.7662
vn 0.5314 -0.2816 -0.7990
vn 0.5885 -0.2908 -0.7544
vn 0.5999 -0.3635 -0.7128
vn 0.5724 -0.1923 -0.7971
vn 0.6344 -0.2380 -0.7355
vn 0.6777 -0.3178 -0.6632
vn 0.4535 -0.3863 -0.8032
vn 0.5140 -0.4868 -0.7063
vn 0.4847 -0.2761 -0.8299
vn 0.6103 -0.4463 -0.6545
vn 0.1159 0.9202 -0.3740
vn 0.6247 -0.1154 -0.7723
vn 0.5134 -0.1767 -0.8398
vn 0.6736 -0.1955 -0.7128
vn 0.6968 -0.4048 -0.5921
vn 0.7197 -0.2837 -0.6337
vn 0.0801 -0.2987 0.9510
vn 0.1233 -0.3793 0.9170
vn 0.2065 -0.3376 0.9183
vn 0.2058 -0.2751 0.9391
vn 0.1989 -0.4467 0.8723
vn 0.2847 -0.3661 0.8860
vn 0.3149 -0.2855 0.9052
vn 0.0725 -0.2610 0.9626
vn 0.2016 -0.2371 0.9503
vn 0.2774 -0.4777 0.8336
vn 0.3490 -0.3893 0.8524
vn 0.3227 -0.2250 0.9194
vn 0.3994 -0.3050 0.8645
vn -0.7004 -0.3123 -0.6418
vn -0.7463 -0.2242 -0.6267
vn -0.7029 -0.2060 -0.6808
vn -0.6518 -0.2553 -0.7141
vn -0.7737 -0.1195 -0.6222
vn -0.6994 -0.1400 -0.7009
vn -0.6159 -0.1859 -0.7656
vn -0.7532 -0.3439 -0.5607
vn -0.6518 -0.3695 -0.6623
vn -0.7910 -0.2434 -0.5613
vn -0.6014 -0.3011 -0.7401
vn -0.2967 0.9545 -0.0295
vn -0.7299 0.4747 -0.4918
vn -0.8214 -0.1335 -0.5545
vn -0.6973 -0.0624 -0.7140
vn -0.5414 -0.2302 -0.8086
vn -0.5847 -0.1315 -0.8005
vn 0.9191 -0.1485 0.3649
vn 0.9272 -0.2144 0.3071
vn 0.9504 -0.1670 0.2625
vn 0.9547 -0.0998 0.2804
vn 0.9393 -0.2690 0.2129
vn 0.9662 -0.1722 0.1918
vn 0.9852 -0.0283 0.1693
vn 0.8969 -0.1561 0.4137
vn 0.3050 0.9440 0.1260
vn 0.9151 -0.2327 0.3293
vn 0.1905 0.9341 0.3021
vn 0.9498 -0.2983 0.0944
vn 0.9201 -0.3180 0.2288
vn 0.9799 -0.1713 0.1027
vn 0.0851 0.9510 0.2971
vn 0.1300 0.9477 0.2914
vn 0.9957 0.0091 0.0924
vn -0.0149 -0.1449 -0.9893
vn -0.1258 -0.0840 -0.9885
vn -0.0616 0.0353 -0.9975
vn 0.0141 0.0345 -0.9993
vn -0.2045 0.0075 -0.9788
vn -0.0916 0.1939 -0.9767
vn 0.0558 0.4488 -0.8919
vn 0.0982 -0.1633 -0.9817
vn 0.0988 0.0311 -0.9946
vn -0.2580 0.0766 -0.9631
vn -0.0975 0.4022 -0.9104
vn 0.0351 0.9344 0.3545
vn 0.1107 0.5530 -0.8258
vn 0.0887 0.9132 -0.3977
vn -0.1318 -0.1768 0.9754
vn -0.0868 -0.0132 0.9961
vn -0.1591 -0.0000 0.9873
vn -0.2285 -0.1007 0.9683
vn -0.0385 0.3179 0.9473
vn -0.1776 0.1443 0.9735
vn -0.2886 -0.0017 0.9574
vn -0.0294 -0.2022 0.9789
vn -0.1885 -0.2631 0.9462
vn -0.0080 -0.0339 0.9994
vn -0.2852 -0.1914 0.9391
vn -0.0135 0.9879 -0.1543
vn 0.0356 0.9215 0.3867
vn 0.0151 0.3523 0.9358
vn -0.1740 0.3223 0.9305
vn -0.3727 -0.1140 0.9209
vn -0.3215 0.0600 0.9450
vn 0.4035 0.1111 -0.9082
vn 0.3312 -0.1139 -0.9367
vn 0.2686 0.0306 -0.9628
vn 0.2723 0.5333 -0.8009
vn 0.2158 -0.1615 -0.9630
vn 0.1878 0.0310 -0.9817
vn 0.1535 0.6420 -0.7511
vn 0.4531 -0.1125 -0.8843
vn 0.3029 0.9347 -0.1858
vn 0.3557 -0.1776 -0.9176
vn 0.1289 0.9911 -0.0343
vn 0.2422 -0.2246 -0.9439
vn -0.0364 0.9499 0.3103
vn -0.9196 0.0232 -0.3923
vn -0.9359 -0.1422 -0.3222
vn -0.9655 -0.0512 -0.2552
vn -0.9310 0.2374 -0.2772
vn -0.9560 -0.2075 -0.2072
vn -0.9841 -0.0606 -0.1671
vn -0.9170 0.3777 -0.1286
vn -0.8856 -0.0917 -0.4553
vn -0.0993 0.9645 -0.2445
vn -0.9133 -0.1923 -0.3590
vn -0.0333 0.9833 -0.1792
vn -0.9720 -0.2224 -0.0753
vn -0.9340 -0.2548 -0.2505
vn -0.9957 -0.0724 -0.0575
vn 0.1442 0.9856 -0.0881
vn 0.1196 0.9911 -0.0582
vn -0.9257 0.3758 -0.0432
vn -0.7368 0.1884 0.6493
vn -0.6809 0.0641 0.7296
vn -0.5541 0.5173 0.6522
vn -0.4671 0.7751 0.4255
vn -0.5692 0.0257 0.8218
vn -0.4252 0.6760 0.6019
vn 0.0205 0.9959 -0.0879
vn -0.7751 0.1628 0.6105
vn -0.3634 0.8828 0.2976
vn -0.4587 0.1120 0.8815
vn -0.3061 0.8037 0.5103
vn 0.4726 0.5079 -0.7202
vn 0.2775 0.8845 -0.3751
vn 0.1713 0.9241 -0.3416
vn -0.0902 0.9930 0.0756
vn 0.1598 0.7034 0.6926
vn 0.1269 0.9271 0.3527
vn -0.1978 0.8611 -0.4684
vn 0.3737 0.1223 0.9194
vn 0.2256 0.8860 0.4051
vn -0.2535 0.7488 -0.6124
vn -0.0042 0.9051 0.4251
vn -0.1732 0.5858 -0.7917
vn 0.1995 0.2361 0.9510
vn -0.2737 0.4156 -0.8674
vn 0.4943 0.0081 0.8693
vn 0.3310 -0.0757 0.9406
vn 0.2925 0.8500 0.4381
vn -0.4593 0.3878 -0.7992
vn -0.3629 0.3873 -0.8475
vn -0.3182 0.7661 -0.5585
vn -0.0880 0.9909 -0.1016
vn -0.6532 0.7445 0.1378
vn -0.2334 0.9692 0.0791
vn 0.4623 0.8656 -0.1922
vn -0.8949 0.2805 0.3471
vn -0.2417 0.9613 0.1322
vn 0.6133 0.7496 -0.2490
vn -0.4412 0.8966 -0.0394
vn 0.7830 0.5855 -0.2100
vn -0.9483 0.2564 0.1870
vn 0.8522 0.4424 -0.2794
vn -0.8468 0.2635 0.4620
vn -0.9477 -0.0169 0.3187
vn -0.2080 0.9700 0.1259
vn 0.7617 0.4366 -0.4787
vn 0.8269 0.4356 -0.3556
vn 0.5882 0.7332 -0.3413
vn 0.8672 0.3151 0.3855
vn 0.9070 0.3046 0.2907
vn 0.9079 0.2982 0.2946
vn 0.8754 0.3294 0.3538
vn 0.9353 0.3016 0.1849
vn 0.9209 0.3149 0.2297
vn 0.8797 0.3738 0.2939
vn 0.8226 0.3348 0.4597
vn 0.8336 0.3654 0.4141
vn 0.9533 0.2909 0.0807
vn 0.9280 0.3368 0.1594
vn 0.8498 0.4382 0.2929
vn 0.8400 0.4065 0.3594
vn 0.8882 0.4000 0.2260
vn 0.9513 0.3081 -0.0074
vn 0.9314 0.3556 -0.0776
vn 0.9217 0.3877 0.0123
vn 0.9290 0.3601 0.0852
vn 0.8959 0.4311 -0.1074
vn 0.8965 0.4425 0.0204
vn 0.8946 0.4246 0.1391
vn 0.9544 0.2737 -0.1194
vn 0.9326 0.3195 -0.1680
vn 0.8434 0.4696 -0.2611
vn 0.8662 0.4890 -0.1035
vn 0.8911 0.3995 -0.2154
vn 0.8769 0.4794 0.0342
vn 0.8729 0.4592 0.1650
vn -0.8375 0.4121 -0.3589
vn -0.8815 0.3694 -0.2942
vn -0.9063 0.3010 -0.2966
vn -0.8635 0.3542 -0.3589
vn -0.9396 0.2828 -0.1929
vn -0.9235 0.3056 -0.2319
vn -0.8699 0.3895 -0.3024
vn -0.7931 0.4223 -0.4390
vn -0.8102 0.4113 -0.4176
vn -0.9642 0.2560 -0.0694
vn -0.9354 0.3209 -0.1484
vn -0.8396 0.4586 -0.2912
vn -0.8175 0.4383 -0.3737
vn -0.8860 0.4062 -0.2236
vn 0.9431 0.2580 -0.2099
vn 0.9177 0.2654 -0.2956
vn 0.9157 0.2680 -0.2993
vn 0.9265 0.2880 -0.2423
vn 0.8786 0.2921 -0.3778
vn 0.8848 0.3015 -0.3553
vn 0.8868 0.3535 -0.2977
vn 0.8293 0.3212 -0.4573
vn 0.8399 0.3421 -0.4214
vn 0.8399 0.3999 -0.3668
vn 0.3742 0.2440 -0.8947
vn 0.2644 0.2590 -0.9290
vn 0.2720 0.2792 -0.9209
vn 0.3515 0.2901 -0.8901
vn 0.1679 0.3051 -0.9374
vn 0.2004 0.3354 -0.9205
vn 0.2891 0.3846 -0.8766
vn 0.3569 0.4035 -0.8425
vn 0.4835 0.2574 -0.8367
vn 0.2574 0.4041 -0.8777
vn 0.4643 0.3034 -0.8321
vn 0.0797 0.3548 -0.9315
vn 0.1649 0.5870 -0.7926
vn 0.1281 0.3881 -0.9127
vn 0.4072 0.4608 -0.7886
vn 0.4332 0.4024 -0.8064
vn 0.2105 0.4456 -0.8701
vn -0.1894 0.3142 -0.9303
vn -0.2864 0.2776 -0.9170
vn -0.2955 0.2928 -0.9094
vn -0.2231 0.3451 -0.9117
vn -0.3853 0.2686 -0.8828
vn -0.3697 0.3057 -0.8774
vn -0.3083 0.3980 -0.8640
vn -0.0960 0.3582 -0.9287
vn -0.1452 0.3960 -0.9067
vn -0.4780 0.2758 -0.8340
vn -0.4689 0.3159 -0.8248
vn -0.4226 0.4811 -0.7681
vn -0.2263 0.4607 -0.8582
vn -0.4429 0.4197 -0.7923
vn 0.7096 0.3392 -0.6176
vn 0.6646 0.3093 -0.6802
vn 0.6438 0.3083 -0.7004
vn 0.6701 0.3472 -0.6561
vn 0.5900 0.2810 -0.7569
vn 0.5740 0.3088 -0.7584
vn 0.5773 0.3845 -0.7203
vn 0.6957 0.4426 -0.5658
vn 0.7462 0.3473 -0.5680
vn 0.6452 0.4320 -0.6302
vn 0.6935 0.3667 -0.6201
vn 0.5810 0.4370 -0.6866
vn 0.6035 0.4233 -0.6758
vn 0.1970 0.3490 0.9162
vn 0.2558 0.3045 0.9175
vn 0.3039 0.3360 0.8915
vn 0.2842 0.3787 0.8808
vn 0.3345 0.2853 0.8982
vn 0.3745 0.3299 0.8666
vn 0.3896 0.3987 0.8302
vn 0.0019 0.4101 0.9120
vn 0.1375 0.3375 0.9312
vn 0.1533 0.3909 0.9076
vn 0.2187 0.2914 0.9313
vn 0.2700 0.4105 0.8710
vn 0.3554 0.3861 0.8512
vn 0.4266 0.2804 0.8599
vn 0.2859 0.2842 0.9151
vn 0.4610 0.3184 0.8283
vn 0.5343 0.4565 0.7114
vn 0.3874 0.4381 0.8112
vn 0.4919 0.3907 0.7781
vn -0.7627 0.2889 0.5787
vn -0.7180 0.2783 0.6380
vn -0.6972 0.2962 0.6528
vn -0.7224 0.3167 0.6147
vn -0.6450 0.3100 0.6985
vn -0.6309 0.3235 0.7052
vn -0.6402 0.3728 0.6717
vn -0.8149 0.3588 0.4553
vn -0.7621 0.3593 0.5387
vn -0.7967 0.2907 0.5298
vn -0.7141 0.3850 0.5847
vn -0.7451 0.3290 0.5801
vn -0.5255 0.3675 0.7673
vn -0.1976 0.9534 -0.2279
vn -0.5268 0.3566 0.7716
vn -0.5507 0.4645 0.6935
vn -0.6663 0.4038 0.6269
vn -0.5205 0.4129 0.7474
vn -0.3693 0.3880 0.8445
vn -0.3025 0.3367 0.8917
vn -0.2540 0.3519 0.9009
vn -0.2780 0.3971 0.8747
vn -0.1914 0.3114 0.9308
vn -0.1622 0.3352 0.9281
vn -0.1496 0.3947 0.9065
vn -0.4078 0.4097 0.8160
vn -0.4155 0.4394 0.7964
vn -0.3105 0.3649 0.8778
vn -0.2962 0.4361 0.8498
vn -0.0496 0.3053 0.9509
vn -0.2004 0.3829 0.9018
vn -0.0362 0.3122 0.9493
vn -0.1641 0.4340 0.8859
vn -0.0137 0.3638 0.9314
vn 0.5209 0.2753 0.8080
vn 0.6085 0.2786 0.7430
vn 0.6034 0.2867 0.7441
vn 0.5433 0.3014 0.7836
vn 0.6757 0.2966 0.6748
vn 0.6460 0.3206 0.6927
vn 0.5810 0.3620 0.7290
vn 0.4912 0.3918 0.7780
vn 0.5664 0.4169 0.7109
vn 0.7239 0.3280 0.6069
vn 0.2791 0.8394 0.4664
vn 0.6864 0.3573 0.6334
vn 0.6283 0.4066 0.6633
vn -0.5612 0.2818 -0.7782
vn -0.6284 0.3024 -0.7167
vn -0.6171 0.3100 -0.7232
vn -0.5599 0.3150 -0.7664
vn -0.6742 0.3438 -0.6537
vn -0.6472 0.3620 -0.6709
vn -0.5704 0.4021 -0.7162
vn -0.5412 0.3983 -0.7405
vn -0.5798 0.4477 -0.6807
vn -0.7081 0.3946 -0.5856
vn -0.2303 0.8654 -0.4450
vn -0.6754 0.4118 -0.6117
vn -0.6016 0.4620 -0.6516
vn 0.1435 0.4498 0.8815
vn 0.2553 0.4509 0.8553
vn 0.2360 0.5166 0.8231
vn 0.1614 0.5428 0.8242
vn 0.3554 0.4814 0.8012
vn 0.2919 0.5590 0.7761
vn 0.2079 0.6270 0.7508
vn 0.0317 0.4762 0.8788
vn 0.0844 0.5743 0.8143
vn 0.4345 0.5199 0.7354
vn 0.3443 0.6044 0.7184
vn 0.1846 0.7461 0.6397
vn 0.1373 0.6688 0.7306
vn 0.2579 0.6855 0.6809
vn -0.4123 0.5140 0.7522
vn -0.3054 0.4953 0.8133
vn -0.3009 0.5832 0.7545
vn -0.3545 0.6320 0.6891
vn -0.2004 0.5005 0.8422
vn -0.2409 0.6208 0.7460
vn -0.2690 0.7473 0.6076
vn -0.4944 0.5492 0.6737
vn -0.3981 0.6712 0.6253
vn -0.1336 0.5040 0.8533
vn -0.2241 0.6367 0.7378
vn -0.1169 0.9678 0.2231
vn -0.2592 0.8208 0.5089
vn -0.2566 0.8070 0.5318
vn 0.7914 0.4694 0.3916
vn 0.7502 0.5519 0.3641
vn 0.7222 0.5249 0.4505
vn 0.7383 0.4644 0.4892
vn 0.6647 0.6611 0.3479
vn 0.6636 0.5727 0.4812
vn 0.6629 0.4876 0.5682
vn 0.8261 0.4830 0.2904
vn 0.7995 0.4408 0.4080
vn 0.7738 0.5726 0.2707
vn 0.7420 0.4428 0.5033
vn 0.4834 0.8537 0.1938
vn 0.5666 0.7430 0.3562
vn 0.6764 0.6968 0.2388
vn 0.5929 0.6228 0.5104
vn 0.6635 0.4501 0.5977
vn 0.5798 0.5246 0.6234
vn -0.7691 0.4725 -0.4304
vn -0.7248 0.5482 -0.4173
vn -0.7096 0.5176 -0.4781
vn -0.7240 0.4637 -0.5107
vn -0.6475 0.6499 -0.3979
vn -0.6640 0.5563 -0.4996
vn -0.6602 0.4730 -0.5834
vn -0.8004 0.4947 -0.3385
vn -0.7763 0.4603 -0.4306
vn -0.7343 0.5818 -0.3498
vn -0.7215 0.4617 -0.5160
vn -0.4552 0.8573 -0.2406
vn -0.5712 0.7301 -0.3750
vn -0.6267 0.7082 -0.3250
vn -0.6122 0.5993 -0.5157
vn -0.6376 0.4671 -0.6126
vn -0.5702 0.5001 -0.6518
vn -0.0852 0.5391 0.8379
vn -0.0057 0.6198 0.7847
vn -0.1089 0.6805 0.7246
vn -0.1976 0.6501 0.7337
vn 0.0536 0.7233 0.6885
vn -0.0945 0.7833 0.6145
vn -0.2421 0.8016 0.5466
vn 0.0935 0.8100 0.5789
vn -0.0419 0.8841 0.4655
vn -0.1652 0.9268 0.3373
vn 0.4906 0.5761 0.6538
vn 0.5144 0.6684 0.5373
vn 0.4343 0.7027 0.5636
vn 0.3906 0.6548 0.6471
vn 0.4740 0.7878 0.3934
vn 0.3747 0.7942 0.4783
vn 0.3046 0.7455 0.5928
vn 0.3618 0.8983 0.2492
vn 0.2911 0.8773 0.3815
vn 0.2346 0.8159 0.5285
vn -0.0453 0.9868 -0.1557
vn -0.0276 0.9976 -0.0638
vn -0.0119 0.9959 -0.0895
vn -0.0095 0.9861 -0.1660
vn -0.0098 0.9999 -0.0122
vn 0.0066 0.9984 -0.0560
vn 0.0250 0.9892 -0.1443
vn -0.0637 0.9581 -0.2791
vn -0.0335 0.9899 -0.1378
vn -0.0528 0.9509 -0.3049
vn -0.0138 0.9986 -0.0506
vn -0.0070 0.9489 -0.3156
vn -0.0166 0.9997 0.0194
vn 0.0018 0.9998 0.0215
vn 0.0005 0.9990 -0.0452
vn 0.0440 0.9623 -0.2683
vn 0.0362 0.9549 -0.2947
vn 0.0168 0.9914 -0.1294
vn 0.2107 0.9651 0.1557
vn 0.0767 0.9917 0.1031
vn 0.0913 0.9678 0.2345
vn 0.1910 0.9366 0.2939
vn -0.0373 0.9837 0.1761
vn 0.0305 0.9448 0.3263
vn 0.1480 0.8751 0.4608
vn 0.2340 0.9664 0.1060
vn 0.0809 0.9951 0.0574
vn -0.0264 0.9976 0.0646
vn -0.2232 0.9683 -0.1125
vn -0.0925 0.9949 -0.0405
vn -0.0741 0.9949 -0.0685
vn -0.1270 0.9833 -0.1300
vn -0.0154 0.9999 -0.0000
vn -0.0124 0.9986 -0.0522
vn -0.0416 0.9900 -0.1350
vn -0.2344 0.9655 -0.1133
vn -0.3551 0.9073 -0.2253
vn -0.0970 0.9950 -0.0244
vn -0.2155 0.9471 -0.2377
vn -0.0400 0.9970 0.0661
vn -0.0978 0.9613 -0.2577
vn 0.1442 0.9878 -0.0590
vn 0.0543 0.9983 -0.0198
vn 0.1031 0.9946 0.0105
vn 0.1868 0.9824 0.0007
vn 0.0107 0.9998 0.0170
vn 0.0927 0.9947 0.0442
vn 0.2306 0.9695 0.0828
vn 0.3372 0.9266 -0.1666
vn 0.1474 0.9870 -0.0634
vn 0.2922 0.9502 -0.1085
vn 0.0507 0.9986 -0.0179
vn 0.3313 0.9434 -0.0171
vn -0.0204 0.9997 0.0151
vn 0.4013 0.9119 0.0860
vn -0.4805 0.8643 0.1488
vn -0.3071 0.9357 0.1737
vn -0.2680 0.9613 0.0632
vn -0.3711 0.9286 0.0040
vn -0.1481 0.9783 0.1451
vn -0.1407 0.9900 0.0065
vn -0.2617 0.9609 -0.0903
vn -0.6474 0.7343 0.2038
vn -0.5299 0.8034 0.2714
vn -0.6052 0.7921 0.0793
vn -0.3723 0.8770 0.3039
vn -0.5173 0.8536 -0.0610
vn -0.2011 0.9293 0.3099
vn -0.4415 0.8792 -0.1788
vn 0.0244 0.9918 -0.1256
vn 0.0047 0.9988 -0.0479
vn 0.0503 0.9976 -0.0481
vn 0.0918 0.9910 -0.0973
vn 0.0011 1.0000 -0.0020
vn 0.0598 0.9981 -0.0173
vn 0.1533 0.9865 -0.0582
vn 0.0709 0.9678 -0.2416
vn 0.1669 0.9665 -0.1952
vn 0.2733 0.9492 -0.1562
vn 0.3981 -0.9127 -0.0916
vn 0.5045 -0.8616 -0.0561
vn 0.5597 -0.8275 -0.0445
vn 0.4631 -0.8813 -0.0942
vn 0.4136 -0.9101 0.0249
vn 0.5120 -0.8590 0.0042
vn 0.2984 -0.9541 -0.0261
vn 0.2633 -0.9592 -0.1031
vn 0.3178 -0.9403 -0.1220
vn 0.2993 -0.9518 0.0671
vn 0.3979 -0.9142 0.0762
vn 0.0735 -0.9972 -0.0126
vn 0.2052 -0.9767 -0.0632
vn 0.2290 -0.9729 0.0313
vn 0.1167 -0.9381 0.3260
vn 0.0643 -0.9084 0.4130
vn 0.1141 -0.8315 0.5436
vn 0.1427 -0.8654 0.4803
vn 0.0132 -0.9339 0.3572
vn 0.0533 -0.8561 0.5140
vn 0.0710 -0.9373 0.3411
vn 0.1661 -0.9391 0.3008
vn 0.1597 -0.9276 0.3377
vn -0.0280 -0.9208 0.3891
vn 0.0010 -0.9083 0.4184
vn 0.0472 -0.9794 0.1961
vn 0.0913 -0.9634 0.2519
vn 0.0307 -0.9579 0.2856
vn 0.0720 -0.9952 -0.0659
vn 0.1858 -0.9762 -0.1118
vn -0.3168 -0.8861 0.3384
vn -0.2535 -0.9009 0.3523
vn 0.1928 -0.9534 -0.2322
vn -0.2956 -0.9185 0.2627
vn -0.1663 -0.9726 0.1627
vn 0.1731 -0.9489 -0.2640
vn -0.1545 -0.9215 0.3563
vn 0.4868 -0.5940 -0.6405
vn -0.1736 -0.9368 0.3038
vn -0.0880 -0.9952 0.0417
vn 0.4362 -0.8090 -0.3939
vn -0.2183 -0.9678 0.1256
vn -0.0823 -0.9958 0.0390
vn -0.1227 -0.9821 0.1428
vn -0.1365 -0.9879 0.0736
vn -0.0333 -0.9967 -0.0743
vn -0.0247 -0.9922 -0.1225
vn -0.0211 -0.9710 -0.2383
vn -0.0632 -0.9843 -0.1648
vn 0.0128 -0.9921 -0.1246
vn 0.0102 -0.9737 -0.2275
vn -0.0189 -0.9897 -0.1422
vn -0.0599 -0.9971 -0.0470
vn -0.0729 -0.9955 -0.0598
vn 0.0385 -0.9897 -0.1378
vn 0.0417 -0.9818 -0.1852
vn -0.0129 -0.9954 -0.0945
vn -0.0395 -0.9960 -0.0803
vn 0.0123 -0.9901 -0.1397
vn -0.0884 -0.9311 0.3540
vn -0.1209 -0.9507 0.2856
vn -0.0733 -0.9603 0.2693
vn -0.0392 -0.9385 0.3431
vn -0.0887 -0.9861 0.1408
vn -0.0430 -0.9848 0.1680
vn -0.0039 -0.9734 0.2292
vn -0.0565 -0.9966 0.0592
vn -0.0251 -0.9947 0.0992
vn 0.0110 -0.9888 0.1490
vn 0.1756 -0.9799 0.0947
vn 0.1382 -0.9849 0.1044
vn 0.2627 -0.9511 0.1626
vn 0.3098 -0.9415 0.1329
vn 0.1537 -0.9790 0.1336
vn 0.2209 -0.9621 0.1599
vn 0.2113 -0.9731 0.0923
vn -0.2572 -0.9585 -0.1230
vn -0.1736 -0.9759 -0.1320
vn 0.1841 -0.9651 0.1864
vn -0.0892 -0.9916 -0.0934
vn 0.2151 -0.9622 0.1673
vn 0.1552 -0.9848 0.0774
vn 0.1564 -0.9828 -0.0979
vn 0.2229 -0.9647 -0.1401
vn 0.1758 -0.9734 -0.1467
vn 0.1036 -0.9906 -0.0889
vn 0.1627 -0.9811 -0.1049
vn 0.1436 -0.9796 -0.1404
vn 0.0937 -0.9906 -0.0992
vn -0.1411 -0.9834 0.1137
vn -0.0999 -0.9879 0.1187
vn 0.1027 -0.9913 -0.0828
vn 0.1205 -0.9831 -0.1377
vn -0.0529 -0.9937 0.0993
vn 0.0863 -0.9890 -0.1201
vn 0.2114 -0.9449 0.2498
vn 0.1712 -0.9534 0.2483
vn 0.1795 -0.9642 0.1952
vn 0.2102 -0.9601 0.1845
vn 0.1013 -0.9781 0.1816
vn 0.1172 -0.9851 0.1255
vn 0.1469 -0.9842 0.0984
vn 0.0563 -0.9896 0.1326
vn 0.0599 -0.9951 0.0789
vn 0.0622 -0.9976 0.0311
vn 0.0763 -0.9869 -0.1422
vn 0.0994 -0.9854 -0.1383
vn 0.0785 -0.9869 -0.1411
vn 0.0638 -0.9855 -0.1574
vn 0.0756 -0.9931 -0.0894
vn 0.0499 -0.9941 -0.0961
vn 0.0303 -0.9925 -0.1182
vn 0.0069 -0.9997 -0.0230
vn -0.0055 -0.9992 -0.0399
vn -0.0088 -0.9975 -0.0707
vn -0.0367 -0.9991 0.0191
vn -0.0188 -0.9998 0.0011
vn -0.0043 -0.9994 0.0348
vn -0.0133 -0.9982 0.0577
vn 0.0088 -0.9999 0.0083
vn 0.0209 -0.9985 0.0504
vn 0.0205 -0.9950 0.0977
vn -0.0487 -0.9988 -0.0061
vn -0.0316 -0.9992 -0.0229
vn -0.0126 -0.9996 -0.0260
vn -0.0483 -0.9983 -0.0340
vn -0.0544 -0.9985 0.0010
vn -0.0794 -0.9967 0.0183
vn -0.0782 -0.9969 -0.0059
vn -0.0539 -0.9985 0.0127
vn -0.0781 -0.9966 0.0250
vn -0.0775 -0.9970 0.0033
vn -0.0446 -0.9990 -0.0006
vn -0.0621 -0.9981 0.0028
vn -0.0495 -0.9987 -0.0086
vn -0.0295 -0.9995 -0.0131
vn -0.0459 -0.9988 -0.0179
vn -0.0367 -0.9990 -0.0244
vn -0.0208 -0.9997 -0.0142
vn -0.0426 -0.9988 -0.0242
vn -0.0382 -0.9987 -0.0327
vn -0.0238 -0.9995 -0.0209
vn 0.0245 -0.9994 0.0256
vn 0.0290 -0.9993 0.0255
vn -0.0305 -0.9989 -0.0358
vn -0.0386 -0.9984 -0.0415
vn 0.0313 -0.9993 0.0211
vn -0.0332 -0.9991 -0.0262
vn -0.0456 -0.9984 -0.0336
vn -0.0407 -0.9981 -0.0456
vn -0.0450 -0.9981 -0.0420
vn -0.0543 -0.9979 -0.0349
vn -0.0322 -0.9985 -0.0438
vn -0.0402 -0.9985 -0.0365
vn -0.0539 -0.9983 -0.0228
vn -0.0583 -0.9982 -0.0126
vn -0.0754 -0.9969 -0.0217
vn -0.0781 -0.9969 -0.0049
vn -0.5887 -0.6029 -0.5385
vn -0.4893 -0.6135 -0.6198
vn -0.5110 -0.6478 -0.5650
vn -0.6041 -0.6353 -0.4811
vn -0.3911 -0.6179 -0.6821
vn -0.4216 -0.6536 -0.6285
vn -0.4249 -0.8105 -0.4031
vn -0.5289 -0.7710 -0.3546
vn -0.3373 -0.8378 -0.4293
vn -0.5335 -0.6429 -0.5496
vn -0.7139 -0.5592 -0.4215
vn -0.4299 -0.6682 -0.6071
vn -0.3225 -0.6868 -0.6514
vn -0.6541 -0.7040 -0.2767
vn -0.7214 -0.5794 -0.3793
vn -0.1489 -0.7937 0.5898
vn -0.1043 -0.6137 0.7826
vn -0.1825 -0.5598 0.8083
vn -0.2508 -0.6143 0.7482
vn -0.0495 -0.5853 0.8093
vn -0.1527 -0.5428 0.8258
vn -0.2961 -0.5452 0.7843
vn -0.1991 -0.8635 0.4635
vn -0.3448 -0.6740 0.6533
vn -0.4155 -0.5861 0.6957
vn 0.5163 -0.7286 0.4500
vn 0.4299 -0.7332 0.5269
vn 0.3304 -0.8805 0.3399
vn 0.3905 -0.8731 0.2919
vn 0.3543 -0.7050 0.6144
vn 0.3031 -0.8585 0.4136
vn 0.1514 -0.9789 0.1374
vn 0.1778 -0.9766 0.1213
vn 0.1459 -0.9754 0.1655
vn 0.5171 -0.6701 0.5325
vn 0.6347 -0.6863 0.3552
vn 0.4094 -0.6979 0.5877
vn 0.2914 -0.7104 0.6407
vn 0.2507 -0.9613 0.1140
vn 0.4974 -0.8314 0.2479
vn 0.1472 -0.6427 -0.7518
vn 0.0381 -0.6011 -0.7983
vn 0.1156 -0.5492 -0.8277
vn 0.2239 -0.5379 -0.8127
vn -0.0289 -0.6157 -0.7874
vn 0.0658 -0.5791 -0.8126
vn 0.1925 -0.5570 -0.8079
vn 0.2856 -0.6312 -0.7211
vn 0.3573 -0.5142 -0.7797
vn 0.3326 -0.5511 -0.7653
vn -0.5370 -0.6086 0.5842
vn -0.6344 -0.5948 0.4937
vn -0.5596 -0.6546 0.5083
vn -0.4483 -0.6895 0.5688
vn -0.7188 -0.5719 0.3952
vn -0.6627 -0.6078 0.4376
vn -0.3557 -0.8508 0.3868
vn -0.2613 -0.8768 0.4037
vn -0.4589 -0.8125 0.3595
vn -0.5655 -0.6291 0.5333
vn -0.6236 -0.6563 0.4247
vn -0.6754 -0.6722 0.3034
vn -0.7928 -0.5787 -0.1912
vn -0.8836 -0.4554 -0.1085
vn -0.8849 -0.4252 -0.1902
vn -0.8312 -0.4855 -0.2710
vn -0.8645 -0.5006 -0.0456
vn -0.8698 -0.4685 -0.1546
vn -0.8158 -0.4957 -0.2981
vn 0.4122 -0.9057 0.0990
vn 0.7125 -0.6980 0.0722
vn 0.7366 -0.6620 0.1387
vn 0.6312 -0.7513 0.1928
vn 0.8202 -0.5720 0.0101
vn 0.8124 -0.5718 0.1145
vn 0.7397 -0.6252 0.2488
vn 0.7645 -0.6421 -0.0569
vn 0.7454 -0.6611 0.0862
vn 0.7087 -0.6697 0.2220
vn -0.0684 0.8540 -0.5158
vn -0.0041 0.8496 -0.5274
vn -0.0027 0.6844 -0.7291
vn -0.0941 0.6882 -0.7194
vn 0.0561 0.8600 -0.5072
vn 0.0841 0.6942 -0.7148
vn -0.0031 0.5350 -0.8449
vn -0.1329 0.5296 -0.8378
vn 0.1231 0.5291 -0.8396
vn -0.1115 0.8690 -0.4822
vn 0.0893 0.8778 -0.4706
vn 0.1635 0.7149 -0.6798
vn 0.2681 0.5363 -0.8003
vn 0.1468 0.4765 -0.8668
vn -0.0041 0.4861 -0.8739
vn -0.1584 0.4855 -0.8598
vn -0.2892 0.5375 -0.7921
vn -0.1866 0.7044 -0.6849
vn 0.6768 -0.7172 0.1657
vn 0.6901 -0.7206 0.0668
vn 0.7081 -0.7038 0.0574
vn 0.7190 -0.6852 0.1168
vn 0.7013 -0.7115 -0.0447
vn 0.7348 -0.6782 -0.0116
vn 0.7807 -0.6232 0.0469
vn 0.6567 -0.7118 0.2493
vn 0.7267 -0.6644 0.1745
vn 0.8110 -0.5728 0.1194
vn -0.4656 -0.6754 -0.5719
vn -0.4138 -0.6587 -0.6285
vn -0.3619 -0.6929 -0.6236
vn -0.3857 -0.7047 -0.5956
vn -0.3297 -0.6305 -0.7027
vn -0.2943 -0.6957 -0.6553
vn -0.2822 -0.7344 -0.6172
vn 0.4574 -0.6722 0.5822
vn 0.3987 -0.6460 0.6509
vn 0.3352 -0.6948 0.6363
vn 0.3669 -0.7134 0.5970
vn 0.2837 -0.6261 0.7263
vn 0.2482 -0.7059 0.6634
vn 0.2388 -0.7583 0.6066
vn -0.5951 -0.6581 0.4613
vn -0.6558 -0.6405 0.3995
vn -0.6437 -0.6870 0.3373
vn -0.6117 -0.6984 0.3715
vn -0.7281 -0.6238 0.2841
vn -0.6695 -0.6995 0.2500
vn -0.6222 -0.7438 0.2443
vn -0.1632 -0.6030 0.7809
vn -0.2718 -0.5717 0.7741
vn -0.2964 -0.6149 0.7308
vn -0.2325 -0.6519 0.7218
vn -0.3987 -0.5497 0.7341
vn -0.3800 -0.6196 0.6868
vn -0.3269 -0.6831 0.6530
vn 0.5338 -0.5723 -0.6225
vn 0.6170 -0.5249 -0.5863
vn 0.6202 -0.5850 -0.5227
vn 0.5697 -0.6335 -0.5236
vn 0.6972 -0.4917 -0.5216
vn 0.6705 -0.5814 -0.4608
vn 0.6227 -0.6535 -0.4303
vn -0.7834 -0.6001 -0.1619
vn -0.7800 -0.5649 -0.2694
vn -0.7386 -0.6083 -0.2906
vn -0.7275 -0.6471 -0.2281
vn -0.7479 -0.5353 -0.3924
vn -0.7000 -0.6113 -0.3692
vn -0.6636 -0.6777 -0.3166
vn 0.8137 -0.5392 0.2174
vn 0.7899 -0.5086 0.3427
vn 0.7359 -0.5889 0.3340
vn 0.7335 -0.6340 0.2449
vn 0.7259 -0.5057 0.4662
vn 0.6800 -0.6064 0.4121
vn 0.6528 -0.6842 0.3251
vn 0.8733 -0.4326 0.2242
vn 0.8291 -0.4296 0.3578
vn 0.7620 -0.4333 0.4812
vn -0.3946 -0.4594 -0.7958
vn -0.4920 -0.4452 -0.7482
vn -0.4902 -0.3907 -0.7791
vn -0.4300 -0.3757 -0.8210
vn -0.5852 -0.4087 -0.7004
vn -0.5480 -0.3452 -0.7619
vn -0.4850 -0.2920 -0.8243
vn 0.3613 -0.4819 0.7983
vn 0.4535 -0.4724 0.7558
vn 0.4583 -0.4219 0.7823
vn 0.4043 -0.4062 0.8195
vn 0.5453 -0.4414 0.7126
vn 0.5172 -0.3835 0.7652
vn 0.4651 -0.3362 0.8189
vn -0.7977 -0.4813 0.3634
vn -0.7513 -0.4753 0.4580
vn -0.7797 -0.4233 0.4613
vn -0.8202 -0.4031 0.4060
vn -0.7025 -0.4514 0.5501
vn -0.7623 -0.3882 0.5179
vn -0.8213 -0.3289 0.4661
vn -0.9081 -0.2860 -0.3057
vn -0.8940 -0.2235 -0.3882
vn -0.8662 -0.2682 -0.4216
vn -0.8644 -0.3291 -0.3802
vn -0.8619 -0.1657 -0.4792
vn -0.8328 -0.2584 -0.4896
vn -0.8088 -0.3509 -0.4720
vn 0.8991 -0.3332 0.2838
vn 0.9014 -0.2496 0.3537
vn 0.8703 -0.2892 0.3987
vn 0.8545 -0.3573 0.3770
vn 0.8819 -0.1874 0.4325
vn 0.8428 -0.2741 0.4633
vn 0.7977 -0.3650 0.4800
vn 0.8323 -0.3662 -0.4161
vn 0.8753 -0.2738 -0.3986
vn 0.8942 -0.3178 -0.3152
vn 0.8705 -0.3932 -0.2960
vn 0.9201 -0.1883 -0.3435
vn 0.9276 -0.2808 -0.2465
vn 0.9072 -0.3798 -0.1812
vn 0.7952 -0.3116 -0.5201
vn 0.8414 -0.2175 -0.4946
vn 0.9200 -0.0425 -0.3895
vn 0.9479 -0.1437 -0.2843
vn 0.8831 -0.1178 -0.4542
vn 0.9508 -0.2456 -0.1890
vn 0.9333 -0.3487 -0.0859
vn -0.2563 -0.3266 0.9097
vn -0.3349 -0.2621 0.9051
vn -0.3800 -0.3219 0.8672
vn -0.3419 -0.3833 0.8580
vn -0.4303 -0.2087 0.8782
vn -0.4576 -0.3108 0.8331
vn -0.4452 -0.4069 0.7976
vn 0.2781 -0.2643 -0.9235
vn 0.3702 -0.2143 -0.9039
vn 0.3862 -0.2664 -0.8831
vn 0.3351 -0.3219 -0.8855
vn 0.4531 -0.1853 -0.8720
vn 0.4407 -0.2714 -0.8556
vn 0.4015 -0.3657 -0.8397
vn -0.9755 -0.2132 0.0549
vn -0.9700 -0.1665 0.1771
vn -0.9886 -0.0758 0.1301
vn -0.9959 -0.0761 0.0481
vn -0.9613 -0.0908 0.2600
vn -0.9840 0.0483 0.1714
vn -0.9614 0.2728 0.0371
vn 0.9617 -0.2728 -0.0275
vn 0.9699 -0.2011 -0.1375
vn 0.9879 -0.1353 -0.0759
vn 0.9876 -0.1567 0.0079
vn 0.9731 -0.0964 -0.2094
vn 0.9944 -0.0216 -0.1038
vn 0.9994 0.0306 0.0164
vn 0.9653 0.0324 -0.2592
vn 0.9677 0.2265 -0.1106
vn 0.6593 0.7424 0.1194
vn 0.7524 -0.2448 -0.6116
vn 0.7113 -0.1563 -0.6852
vn 0.7545 -0.1182 -0.6455
vn 0.7976 -0.1595 -0.5818
vn 0.6835 -0.0677 -0.7268
vn 0.7533 -0.0407 -0.6565
vn 0.8266 -0.0633 -0.5592
vn 0.6463 0.0541 -0.7612
vn 0.7498 -0.0097 -0.6616
vn 0.8378 -0.0288 -0.5452
vn 0.0755 -0.2063 0.9756
vn 0.1874 -0.1879 0.9641
vn 0.1445 -0.0766 0.9865
vn 0.0711 -0.0558 0.9959
vn 0.2721 -0.1320 0.9532
vn 0.1821 0.0383 0.9825
vn 0.0486 0.3243 0.9447
vn -0.2795 0.3134 -0.9075
vn -0.1265 0.9555 -0.2663
vn -0.0476 0.9790 -0.1983
vn -0.0718 0.7865 -0.6134
vn 0.1941 0.7184 0.6680
vn 0.1520 0.8608 0.4858
vn 0.1133 0.9935 -0.0120
vn -0.4277 0.1631 -0.8891
vn -0.1892 0.9310 -0.3122
vn 0.2459 0.4208 0.8732
vn 0.2894 0.7097 0.6423
vn 0.1860 0.4776 0.8586
vn 0.1491 0.6678 0.7293
vn 0.8300 0.1725 -0.5304
vn 0.6917 0.3197 -0.6476
vn 0.2174 0.9542 -0.2056
vn 0.2517 0.9388 -0.2351
vn 0.0868 0.9457 -0.3133
vn -0.2178 0.9760 0.0007
vn -0.6662 0.5947 0.4500
vn 0.8746 0.2460 -0.4177
vn 0.2522 0.9516 -0.1759
vn -0.6790 0.6407 0.3583
vn -0.3350 0.2334 0.9128
vn -0.1192 0.7541 0.6458
vn -0.0881 0.9394 0.3313
vn -0.1936 0.8888 0.4153
vn 0.1090 0.9929 0.0472
vn 0.1997 0.8571 -0.4748
vn 0.2194 0.8132 -0.5391
vn -0.5620 0.0726 -0.8239
vn -0.6345 0.4680 -0.6151
vn -0.2756 0.9152 -0.2941
vn -0.2321 0.9187 -0.3195
vn -0.3545 0.9319 -0.0768
vn 0.1147 0.9366 0.3311
vn 0.3789 0.7010 0.6041
vn 0.6012 -0.0148 0.7989
vn 0.6905 0.3467 0.6348
vn 0.3675 0.8507 0.3758
vn 0.3248 0.8452 0.4245
vn 0.3993 0.9129 0.0845
vn -0.0198 0.9715 -0.2363
vn -0.3723 0.7670 -0.5226
vn 0.8937 0.3477 -0.2836
vn 0.2364 0.9659 -0.1058
vn 0.2135 0.9768 -0.0183
vn 0.6420 0.7650 -0.0505
vn -0.6617 0.7036 0.2591
vn -0.4966 0.8379 0.2268
vn 0.1447 0.9718 0.1860
vn -0.8545 0.3918 0.3411
vn -0.8529 0.4398 0.2812
vn -0.6842 0.6831 0.2554
vn -0.7360 0.4325 0.5209
vn -0.2630 0.9416 0.2100
vn 0.0092 0.9988 -0.0489
vn -0.1303 0.9901 0.0529
vn 0.3827 0.8315 -0.4027
vn 0.5051 0.7245 -0.4689
vn 0.5631 0.6922 -0.4514
vn -0.9599 0.2772 0.0411
vn -0.9466 0.2990 0.1205
vn -0.9382 0.3450 0.0265
vn -0.9411 0.3334 -0.0567
vn -0.9230 0.3520 0.1552
vn -0.9181 0.3956 0.0249
vn -0.9029 0.4139 -0.1162
vn -0.9565 0.2493 0.1515
vn -0.9444 0.2608 0.2003
vn -0.8791 0.3735 0.2962
vn -0.9023 0.3948 0.1731
vn -0.9180 0.3129 0.2435
vn -0.9042 0.4262 0.0270
vn -0.8835 0.4507 -0.1275
vn -0.9428 0.2429 0.2284
vn -0.9242 0.2470 0.2913
vn -0.9286 0.2250 0.2950
vn -0.9371 0.2377 0.2556
vn -0.9011 0.2519 0.3530
vn -0.9095 0.2454 0.3356
vn -0.9130 0.2799 0.2967
vn -0.8675 0.2646 0.4211
vn -0.8783 0.2779 0.3891
vn -0.8787 0.3239 0.3506
vn 0.0831 0.2934 0.9524
vn 0.1725 0.2909 0.9411
vn 0.1507 0.2713 0.9506
vn 0.0791 0.2872 0.9546
vn 0.2312 0.2919 0.9281
vn 0.1880 0.2856 0.9397
vn 0.1061 0.3236 0.9402
vn -0.0066 0.3964 -0.9181
vn -0.0706 0.4302 -0.9000
vn -0.0057 0.4494 -0.8933
vn 0.0584 0.4251 -0.9032
vn -0.1218 0.4796 -0.8690
vn -0.0047 0.4822 -0.8761
vn 0.1090 0.4691 -0.8764
vn -0.4046 0.4121 0.8164
vn -0.2988 0.4558 0.8385
vn -0.3393 0.3899 0.8561
vn -0.4161 0.3794 0.8264
vn -0.2397 0.4466 0.8620
vn -0.3094 0.3975 0.8639
vn -0.4030 0.4127 0.8169
vn 0.7748 0.3453 -0.5295
vn 0.7197 0.3789 -0.5818
vn 0.7467 0.3951 -0.5351
vn 0.7901 0.3748 -0.4851
vn 0.6643 0.4246 -0.6152
vn 0.7273 0.4294 -0.5354
vn 0.7880 0.4231 -0.4472
vn 0.6270 0.4344 -0.6466
vn 0.7234 0.4341 -0.5369
vn 0.7884 0.4457 -0.4239
vn -0.8225 0.2890 0.4898
vn -0.7691 0.3381 0.5424
vn -0.7936 0.3499 0.4978
vn -0.8368 0.3160 0.4471
vn -0.7118 0.4111 0.5694
vn -0.7718 0.4008 0.4937
vn -0.8318 0.3669 0.4165
vn -0.6737 0.4661 0.5735
vn -0.7552 0.4393 0.4865
vn -0.8222 0.4069 0.3981
vn 0.7666 0.3677 0.5265
vn 0.7922 0.3911 0.4685
vn 0.7560 0.4081 0.5118
vn 0.7242 0.3879 0.5702
vn 0.7973 0.4265 0.4270
vn 0.7453 0.4345 0.5056
vn 0.6879 0.4267 0.5872
vn 0.4553 -0.5439 -0.7049
vn 0.5589 -0.5382 -0.6308
vn 0.5874 -0.4530 -0.6706
vn 0.4815 -0.4756 -0.7362
vn 0.6592 -0.5335 -0.5299
vn 0.6651 -0.4950 -0.5591
vn 0.5902 -0.4132 -0.6935
vn 0.4377 -0.5242 -0.7305
vn 0.6516 -0.5267 -0.5459
vn -0.7388 0.4449 -0.5062
vn -0.7639 0.4445 -0.4677
vn -0.7295 0.4602 -0.5060
vn -0.7040 0.4457 -0.5529
vn -0.7686 0.4640 -0.4403
vn -0.7186 0.4753 -0.5076
vn -0.6628 0.4746 -0.5792
vn -0.6703 0.5159 0.5334
vn -0.6672 0.5853 0.4607
vn -0.7226 0.5391 0.4327
vn -0.7407 0.4813 0.4687
vn -0.6844 0.6392 0.3508
vn -0.7552 0.5488 0.3585
vn -0.8039 0.4570 0.3806
vn -0.6141 0.5383 0.5771
vn -0.6285 0.6140 0.4774
vn -0.7228 0.6533 0.2253
vn -0.6321 0.6866 0.3591
vn -0.7931 0.5509 0.2596
vn -0.8456 0.4501 0.2869
vn 0.8497 0.4952 0.1813
vn 0.8535 0.5179 0.0578
vn 0.8164 0.5705 0.0896
vn 0.7963 0.5785 0.1770
vn 0.8369 0.5453 -0.0479
vn 0.7830 0.6207 0.0404
vn 0.7214 0.6767 0.1473
vn 0.8221 0.5585 -0.1110
vn 0.7576 0.6526 0.0136
vn 0.6417 0.7581 0.1162
vn -0.8128 0.5364 -0.2272
vn -0.7903 0.6040 -0.1028
vn -0.7391 0.6527 -0.1665
vn -0.7403 0.6176 -0.2655
vn -0.7126 0.7015 -0.0002
vn -0.6523 0.7482 -0.1211
vn -0.6162 0.7469 -0.2498
vn -0.8456 0.5030 -0.1785
vn -0.8113 0.5812 -0.0638
vn -0.7420 0.6678 0.0592
vn -0.8681 0.4877 -0.0922
vn -0.8859 0.4625 0.0360
vn -0.8523 0.5203 0.0527
vn -0.8268 0.5622 -0.0216
vn -0.8768 0.4471 0.1771
vn -0.8277 0.5409 0.1493
vn -0.7727 0.6275 0.0958
vn 0.6400 0.4738 -0.6049
vn 0.6209 0.6057 -0.4976
vn 0.6821 0.5585 -0.4720
vn 0.7164 0.4640 -0.5211
vn 0.5701 0.7397 -0.3575
vn 0.6909 0.6108 -0.3867
vn 0.7690 0.4895 -0.4111
vn 0.5450 0.5001 -0.6729
vn 0.5697 0.6467 -0.5072
vn 0.5212 0.8146 -0.2545
vn 0.4887 0.8101 -0.3239
vn 0.6863 0.6668 -0.2905
vn 0.7929 0.5367 -0.2884
vn -0.4424 0.5806 -0.6835
vn -0.5264 0.6656 -0.5291
vn -0.3831 0.7614 -0.5230
vn -0.2917 0.7322 -0.6154
vn -0.4756 0.7999 -0.3661
vn -0.3153 0.8685 -0.3824
vn -0.1687 0.8855 -0.4329
vn 0.7851 0.6006 -0.1512
vn 0.6719 0.7165 -0.1876
vn 0.6488 0.7559 -0.0875
vn 0.7216 0.6920 -0.0206
vn 0.4862 0.8577 -0.1672
vn 0.5079 0.8601 -0.0477
vn 0.5783 0.8139 0.0559
vn 0.4128 0.5909 -0.6931
vn 0.2568 0.7504 -0.6090
vn 0.3436 0.7939 -0.5016
vn 0.4886 0.7055 -0.5133
vn 0.1349 0.8989 -0.4169
vn 0.2670 0.8998 -0.3450
vn 0.4137 0.8553 -0.3118
vn -0.5513 0.5914 0.5885
vn -0.4426 0.6955 0.5660
vn -0.4934 0.7106 0.5017
vn -0.5807 0.6506 0.4895
vn -0.3016 0.8276 0.4734
vn -0.4410 0.7938 0.4187
vn -0.5642 0.7316 0.3826
vn -0.1027 -0.9943 0.0285
vn -0.0895 -0.9959 0.0144
vn -0.1552 -0.9877 0.0209
vn -0.1782 -0.9825 0.0545
vn -0.0769 -0.9970 0.0062
vn -0.1122 -0.9937 -0.0025
vn -0.1198 -0.9926 0.0215
vt 0.000000 0.000000
s 1
usemtl Wood_grain
f 629/1/1 630/1/2 628/1/3 634/1/4
f 631/1/5 632/1/6 628/1/3 630/1/2
f 633/1/7 634/1/4 628/1/3 632/1/6
f 61/1/8 619/1/9 629/1/1 468/1/10
f 619/1/9 620/1/11 630/1/2 629/1/1
f 468/1/10 629/1/1 634/1/4 467/1/12
f 1/1/13 90/1/14 631/1/5 621/1/15
f 90/1/14 89/1/16 632/1/6 631/1/5
f 621/1/15 631/1/5 630/1/2 620/1/11
f 8/1/17 466/1/18 633/1/7 88/1/19
f 466/1/18 467/1/12 634/1/4 633/1/7
f 88/1/19 633/1/7 632/1/6 89/1/16
f 636/1/20 637/1/21 635/1/22 641/1/23
f 638/1/24 639/1/25 635/1/22 637/1/21
f 640/1/26 641/1/23 635/1/22 639/1/25
f 4/1/27 78/1/28 636/1/20 471/1/29
f 78/1/28 77/1/30 637/1/21 636/1/20
f 471/1/29 636/1/20 641/1/23 470/1/31
f 5/1/32 96/1/33 638/1/24 76/1/34
f 96/1/33 95/1/35 639/1/25 638/1/24
f 76/1/34 638/1/24 637/1/21 77/1/30
f 10/1/36 469/1/37 640/1/26 94/1/38
f 469/1/37 470/1/31 641/1/23 640/1/26
f 94/1/38 640/1/26 639/1/25 95/1/35
f 643/1/39 644/1/40 642/1/41 648/1/42
f 645/1/43 646/1/44 642/1/41 644/1/40
f 647/1/45 648/1/42 642/1/41 646/1/44
f 2/1/46 72/1/47 643/1/39 474/1/48
f 72/1/47 71/1/49 644/1/40 643/1/39
f 474/1/48 643/1/39 648/1/42 473/1/50
f 3/1/51 105/1/52 645/1/43 70/1/53
f 105/1/52 104/1/54 646/1/44 645/1/43
f 70/1/53 645/1/43 644/1/40 71/1/49
f 9/1/55 472/1/56 647/1/45 103/1/57
f 472/1/56 473/1/50 648/1/42 647/1/45
f 103/1/57 647/1/45 646/1/44 104/1/54
f 650/1/58 651/1/59 649/1/60 655/1/61
f 652/1/62 653/1/63 649/1/60 651/1/59
f 654/1/64 655/1/61 649/1/60 653/1/63
f 62/1/65 616/1/66 650/1/58 477/1/67
f 616/1/66 617/1/68 651/1/59 650/1/58
f 477/1/67 650/1/58 655/1/61 476/1/69
f 6/1/70 84/1/71 652/1/62 618/1/72
f 84/1/71 83/1/73 653/1/63 652/1/62
f 618/1/72 652/1/62 651/1/59 617/1/68
f 14/1/74 475/1/75 654/1/64 82/1/76
f 475/1/75 476/1/69 655/1/61 654/1/64
f 82/1/76 654/1/64 653/1/63 83/1/73
f 657/1/77 658/1/78 656/1/79 662/1/80
f 659/1/81 660/1/82 656/1/79 658/1/78
f 661/1/83 662/1/80 656/1/79 660/1/82
f 7/1/84 108/1/85 657/1/77 483/1/86
f 108/1/85 107/1/87 658/1/78 657/1/77
f 483/1/86 657/1/77 662/1/80 482/1/88
f 8/1/17 153/1/89 659/1/81 106/1/90
f 153/1/89 152/1/91 660/1/82 659/1/81
f 106/1/90 659/1/81 658/1/78 107/1/87
f 15/1/92 481/1/93 661/1/83 151/1/94
f 481/1/93 482/1/88 662/1/80 661/1/83
f 151/1/94 661/1/83 660/1/82 152/1/91
f 664/1/95 665/1/96 663/1/97 669/1/98
f 666/1/99 667/1/100 663/1/97 665/1/96
f 668/1/101 669/1/98 663/1/97 667/1/100
f 14/1/74 126/1/102 664/1/95 150/1/103
f 126/1/102 125/1/104 665/1/96 664/1/95
f 150/1/103 664/1/95 669/1/98 149/1/105
f 7/1/84 486/1/106 666/1/99 124/1/107
f 486/1/106 485/1/108 667/1/100 666/1/99
f 124/1/107 666/1/99 665/1/96 125/1/104
f 16/1/109 148/1/110 668/1/101 484/1/111
f 148/1/110 149/1/105 669/1/98 668/1/101
f 484/1/111 668/1/101 667/1/100 485/1/108
f 671/1/112 672/1/113 670/1/114 676/1/115
f 673/1/116 674/1/117 670/1/114 672/1/113
f 675/1/118 676/1/115 670/1/114 674/1/117
f 12/1/119 120/1/120 671/1/112 138/1/121
f 120/1/120 119/1/122 672/1/113 671/1/112
f 138/1/121 671/1/112 676/1/115 137/1/123
f 10/1/36 156/1/124 673/1/116 118/1/125
f 156/1/124 155/1/126 674/1/117 673/1/116
f 118/1/125 673/1/116 672/1/113 119/1/122
f 20/1/127 136/1/128 675/1/118 154/1/129
f 136/1/128 137/1/123 676/1/115 675/1/118
f 154/1/129 675/1/118 674/1/117 155/1/126
f 678/1/130 679/1/131 677/1/132 683/1/133
f 680/1/134 681/1/135 677/1/132 679/1/131
f 682/1/136 683/1/133 677/1/132 681/1/135
f 7/1/84 483/1/86 678/1/130 486/1/106
f 483/1/86 482/1/88 679/1/131 678/1/130
f 486/1/106 678/1/130 683/1/133 485/1/108
f 15/1/92 166/1/137 680/1/134 481/1/93
f 166/1/137 167/1/138 681/1/135 680/1/134
f 481/1/93 680/1/134 679/1/131 482/1/88
f 16/1/109 484/1/111 682/1/136 168/1/139
f 484/1/111 485/1/108 683/1/133 682/1/136
f 168/1/139 682/1/136 681/1/135 167/1/138
f 685/1/140 686/1/141 684/1/142 690/1/143
f 687/1/144 688/1/145 684/1/142 686/1/141
f 689/1/146 690/1/143 684/1/142 688/1/145
f 11/1/147 114/1/148 685/1/140 132/1/149
f 114/1/148 113/1/150 686/1/141 685/1/140
f 132/1/149 685/1/140 690/1/143 131/1/151
f 9/1/55 159/1/152 687/1/144 112/1/153
f 159/1/152 158/1/154 688/1/145 687/1/144
f 112/1/153 687/1/144 686/1/141 113/1/150
f 18/1/155 130/1/156 689/1/146 157/1/157
f 130/1/156 131/1/151 690/1/143 689/1/146
f 157/1/157 689/1/146 688/1/145 158/1/154
f 692/1/158 693/1/159 691/1/160 697/1/161
f 694/1/162 695/1/163 691/1/160 693/1/159
f 696/1/164 697/1/161 691/1/160 695/1/163
f 14/1/74 174/1/165 692/1/158 145/1/166
f 174/1/165 173/1/167 693/1/159 692/1/158
f 145/1/166 692/1/158 697/1/161 146/1/168
f 26/1/169 199/1/170 694/1/162 172/1/171
f 199/1/170 200/1/172 695/1/163 694/1/162
f 172/1/171 694/1/162 693/1/159 173/1/167
f 25/1/173 147/1/174 696/1/164 201/1/175
f 147/1/174 146/1/168 697/1/161 696/1/164
f 201/1/175 696/1/164 695/1/163 200/1/172
f 699/1/176 700/1/177 698/1/178 704/1/179
f 701/1/180 702/1/181 698/1/178 700/1/177
f 703/1/182 704/1/179 698/1/178 702/1/181
f 15/1/92 129/1/183 699/1/176 492/1/184
f 129/1/183 128/1/185 700/1/177 699/1/176
f 492/1/184 699/1/176 704/1/179 491/1/186
f 11/1/147 177/1/187 701/1/180 127/1/188
f 177/1/187 176/1/189 702/1/181 701/1/180
f 127/1/188 701/1/180 700/1/177 128/1/185
f 17/1/190 490/1/191 703/1/182 175/1/192
f 490/1/191 491/1/186 704/1/179 703/1/182
f 175/1/192 703/1/182 702/1/181 176/1/189
f 706/1/193 707/1/194 705/1/195 711/1/196
f 708/1/197 709/1/198 705/1/195 707/1/194
f 710/1/199 711/1/196 705/1/195 709/1/198
f 20/1/127 141/1/200 706/1/193 498/1/201
f 141/1/200 140/1/202 707/1/194 706/1/193
f 498/1/201 706/1/193 711/1/196 497/1/203
f 13/1/204 180/1/205 708/1/197 139/1/206
f 180/1/205 179/1/207 709/1/198 708/1/197
f 139/1/206 708/1/197 707/1/194 140/1/202
f 21/1/208 496/1/209 710/1/199 178/1/210
f 496/1/209 497/1/203 711/1/196 710/1/199
f 178/1/210 710/1/199 709/1/198 179/1/207
f 713/1/211 714/1/212 712/1/213 718/1/214
f 715/1/215 716/1/216 712/1/213 714/1/212
f 717/1/217 718/1/214 712/1/213 716/1/216
f 18/1/155 135/1/218 713/1/211 501/1/219
f 135/1/218 134/1/220 714/1/212 713/1/211
f 501/1/219 713/1/211 718/1/214 500/1/221
f 12/1/119 171/1/222 715/1/215 133/1/223
f 171/1/222 170/1/224 716/1/216 715/1/215
f 133/1/223 715/1/215 714/1/212 134/1/220
f 19/1/225 499/1/226 717/1/217 169/1/227
f 499/1/226 500/1/221 718/1/214 717/1/217
f 169/1/227 717/1/217 716/1/216 170/1/224
f 720/1/228 721/1/229 719/1/230 725/1/231
f 722/1/232 723/1/233 719/1/230 721/1/229
f 724/1/234 725/1/231 719/1/230 723/1/233
f 16/1/109 168/1/139 720/1/228 495/1/235
f 168/1/139 167/1/138 721/1/229 720/1/228
f 495/1/235 720/1/228 725/1/231 494/1/236
f 15/1/92 504/1/237 722/1/232 166/1/137
f 504/1/237 503/1/238 723/1/233 722/1/232
f 166/1/137 722/1/232 721/1/229 167/1/138
f 22/1/239 493/1/240 724/1/234 502/1/241
f 493/1/240 494/1/236 725/1/231 724/1/234
f 502/1/241 724/1/234 723/1/233 503/1/238
f 727/1/242 728/1/243 726/1/244 732/1/245
f 729/1/246 730/1/247 726/1/244 728/1/243
f 731/1/248 732/1/245 726/1/244 730/1/247
f 17/1/190 162/1/249 727/1/242 183/1/250
f 162/1/249 161/1/251 728/1/243 727/1/242
f 183/1/250 727/1/242 732/1/245 182/1/252
f 18/1/155 184/1/253 729/1/246 160/1/254
f 184/1/253 185/1/255 730/1/247 729/1/246
f 160/1/254 729/1/246 728/1/243 161/1/251
f 23/1/256 181/1/257 731/1/248 186/1/258
f 181/1/257 182/1/252 732/1/245 731/1/248
f 186/1/258 731/1/248 730/1/247 185/1/255
f 734/1/259 735/1/260 733/1/261 739/1/262
f 736/1/263 737/1/264 733/1/261 735/1/260
f 738/1/265 739/1/262 733/1/261 737/1/264
f 19/1/225 165/1/266 734/1/259 192/1/267
f 165/1/266 164/1/268 735/1/260 734/1/259
f 192/1/267 734/1/259 739/1/262 191/1/269
f 20/1/127 193/1/270 736/1/263 163/1/271
f 193/1/270 194/1/272 737/1/264 736/1/263
f 163/1/271 736/1/263 735/1/260 164/1/268
f 24/1/273 190/1/274 738/1/265 195/1/275
f 190/1/274 191/1/269 739/1/262 738/1/265
f 195/1/275 738/1/265 737/1/264 194/1/272
f 741/1/276 742/1/277 740/1/278 746/1/279
f 743/1/280 744/1/281 740/1/278 742/1/277
f 745/1/282 746/1/279 740/1/278 744/1/281
f 21/1/208 219/1/283 741/1/276 507/1/284
f 219/1/283 218/1/285 742/1/277 741/1/276
f 507/1/284 741/1/276 746/1/279 506/1/286
f 41/1/287 541/1/288 743/1/280 217/1/289
f 541/1/288 542/1/290 744/1/281 743/1/280
f 217/1/289 743/1/280 742/1/277 218/1/285
f 30/1/291 505/1/292 745/1/282 543/1/293
f 505/1/292 506/1/286 746/1/279 745/1/282
f 543/1/293 745/1/282 744/1/281 542/1/290
f 748/1/294 749/1/295 747/1/296 753/1/297
f 750/1/298 751/1/299 747/1/296 749/1/295
f 752/1/300 753/1/297 747/1/296 751/1/299
f 23/1/256 186/1/258 748/1/294 516/1/301
f 186/1/258 185/1/255 749/1/295 748/1/294
f 516/1/301 748/1/294 753/1/297 515/1/302
f 18/1/155 189/1/303 750/1/298 184/1/253
f 189/1/303 188/1/304 751/1/299 750/1/298
f 184/1/253 750/1/298 749/1/295 185/1/255
f 28/1/305 514/1/306 752/1/300 187/1/307
f 514/1/306 515/1/302 753/1/297 752/1/300
f 187/1/307 752/1/300 751/1/299 188/1/304
f 755/1/308 756/1/309 754/1/310 760/1/311
f 757/1/312 758/1/313 754/1/310 756/1/309
f 759/1/314 760/1/311 754/1/310 758/1/313
f 19/1/225 222/1/315 755/1/308 510/1/316
f 222/1/315 221/1/317 756/1/309 755/1/308
f 510/1/316 755/1/308 760/1/311 509/1/318
f 29/1/319 229/1/320 757/1/312 220/1/321
f 229/1/320 230/1/322 758/1/313 757/1/312
f 220/1/321 757/1/312 756/1/309 221/1/317
f 28/1/305 508/1/323 759/1/314 231/1/324
f 508/1/323 509/1/318 760/1/311 759/1/314
f 231/1/324 759/1/314 758/1/313 230/1/322
f 762/1/325 763/1/326 761/1/327 767/1/328
f 764/1/329 765/1/330 761/1/327 763/1/326
f 766/1/331 767/1/328 761/1/327 765/1/330
f 22/1/239 502/1/241 762/1/325 240/1/332
f 502/1/241 503/1/238 763/1/326 762/1/325
f 240/1/332 762/1/325 767/1/328 239/1/333
f 15/1/92 204/1/334 764/1/329 504/1/237
f 204/1/334 203/1/335 765/1/330 764/1/329
f 504/1/237 764/1/329 763/1/326 503/1/238
f 27/1/336 238/1/337 766/1/331 202/1/338
f 238/1/337 239/1/333 767/1/328 766/1/331
f 202/1/338 766/1/331 765/1/330 203/1/335
f 769/1/339 770/1/340 768/1/341 774/1/342
f 771/1/343 772/1/344 768/1/341 770/1/340
f 773/1/345 774/1/342 768/1/341 772/1/344
f 16/1/109 225/1/346 769/1/339 489/1/347
f 225/1/346 224/1/348 770/1/340 769/1/339
f 489/1/347 769/1/339 774/1/342 488/1/349
f 43/1/350 523/1/351 771/1/343 223/1/352
f 523/1/351 524/1/353 772/1/344 771/1/343
f 223/1/352 771/1/343 770/1/340 224/1/348
f 26/1/169 487/1/354 773/1/345 525/1/355
f 487/1/354 488/1/349 774/1/342 773/1/345
f 525/1/355 773/1/345 772/1/344 524/1/353
f 776/1/356 777/1/357 775/1/358 781/1/359
f 778/1/360 779/1/361 775/1/358 777/1/357
f 780/1/362 781/1/359 775/1/358 779/1/361
f 24/1/273 195/1/275 776/1/356 531/1/363
f 195/1/275 194/1/272 777/1/357 776/1/356
f 531/1/363 776/1/356 781/1/359 530/1/364
f 20/1/127 228/1/365 778/1/360 193/1/270
f 228/1/365 227/1/366 779/1/361 778/1/360
f 193/1/270 778/1/360 777/1/357 194/1/272
f 30/1/291 529/1/367 780/1/362 226/1/368
f 529/1/367 530/1/364 781/1/359 780/1/362
f 226/1/368 780/1/362 779/1/361 227/1/366
f 783/1/369 784/1/370 782/1/371 788/1/372
f 785/1/373 786/1/374 782/1/371 784/1/370
f 787/1/375 788/1/372 782/1/371 786/1/374
f 17/1/190 216/1/376 783/1/369 513/1/377
f 216/1/376 215/1/378 784/1/370 783/1/369
f 513/1/377 783/1/369 788/1/372 512/1/379
f 34/1/380 538/1/381 785/1/373 214/1/382
f 538/1/381 539/1/383 786/1/374 785/1/373
f 214/1/382 785/1/373 784/1/370 215/1/378
f 27/1/336 511/1/384 787/1/375 540/1/385
f 511/1/384 512/1/379 788/1/372 787/1/375
f 540/1/385 787/1/375 786/1/374 539/1/383
f 790/1/386 791/1/387 789/1/388 795/1/389
f 792/1/390 793/1/391 789/1/388 791/1/387
f 794/1/392 795/1/389 789/1/388 793/1/391
f 41/1/287 210/1/393 790/1/386 294/1/394
f 210/1/393 209/1/395 791/1/387 790/1/386
f 294/1/394 790/1/386 795/1/389 293/1/396
f 25/1/173 237/1/397 792/1/390 208/1/398
f 237/1/397 236/1/399 793/1/391 792/1/390
f 208/1/398 792/1/390 791/1/387 209/1/395
f 38/1/400 292/1/401 794/1/392 235/1/402
f 292/1/401 293/1/396 795/1/389 794/1/392
f 235/1/402 794/1/392 793/1/391 236/1/399
f 797/1/403 798/1/404 796/1/405 802/1/406
f 799/1/407 800/1/408 796/1/405 798/1/404
f 801/1/409 802/1/406 796/1/405 800/1/408
f 22/1/239 240/1/332 797/1/403 522/1/410
f 240/1/332 239/1/333 798/1/404 797/1/403
f 522/1/410 797/1/403 802/1/406 521/1/411
f 27/1/336 268/1/412 799/1/407 238/1/337
f 268/1/412 269/1/413 800/1/408 799/1/407
f 238/1/337 799/1/407 798/1/404 239/1/333
f 33/1/414 520/1/415 801/1/409 270/1/416
f 520/1/415 521/1/411 802/1/406 801/1/409
f 270/1/416 801/1/409 800/1/408 269/1/413
f 804/1/417 805/1/418 803/1/419 809/1/420
f 806/1/421 807/1/422 803/1/419 805/1/418
f 808/1/423 809/1/420 803/1/419 807/1/422
f 24/1/273 246/1/424 804/1/417 528/1/425
f 246/1/424 245/1/426 805/1/418 804/1/417
f 528/1/425 804/1/417 809/1/420 527/1/427
f 32/1/428 535/1/429 806/1/421 244/1/430
f 535/1/429 536/1/431 807/1/422 806/1/421
f 244/1/430 806/1/421 805/1/418 245/1/426
f 29/1/319 526/1/432 808/1/423 537/1/433
f 526/1/432 527/1/427 809/1/420 808/1/423
f 537/1/433 808/1/423 807/1/422 536/1/431
f 811/1/434 812/1/435 810/1/436 816/1/437
f 813/1/438 814/1/439 810/1/436 812/1/435
f 815/1/440 816/1/437 810/1/436 814/1/439
f 43/1/350 213/1/441 811/1/434 573/1/442
f 213/1/441 212/1/443 812/1/435 811/1/434
f 573/1/442 811/1/434 816/1/437 572/1/444
f 22/1/239 522/1/410 813/1/438 211/1/445
f 522/1/410 521/1/411 814/1/439 813/1/438
f 211/1/445 813/1/438 812/1/435 212/1/443
f 33/1/414 571/1/446 815/1/440 520/1/415
f 571/1/446 572/1/444 816/1/437 815/1/440
f 520/1/415 815/1/440 814/1/439 521/1/411
f 818/1/447 819/1/448 817/1/449 823/1/450
f 820/1/451 821/1/452 817/1/449 819/1/448
f 822/1/453 823/1/450 817/1/449 821/1/452
f 34/1/380 207/1/454 818/1/447 288/1/455
f 207/1/454 206/1/456 819/1/448 818/1/447
f 288/1/455 818/1/447 823/1/450 287/1/457
f 23/1/256 234/1/458 820/1/451 205/1/459
f 234/1/458 233/1/460 821/1/452 820/1/451
f 205/1/459 820/1/451 819/1/448 206/1/456
f 35/1/461 286/1/462 822/1/453 232/1/463
f 286/1/462 287/1/457 823/1/450 822/1/453
f 232/1/463 822/1/453 821/1/452 233/1/460
f 825/1/464 826/1/465 824/1/466 830/1/467
f 827/1/468 828/1/469 824/1/466 826/1/465
f 829/1/470 830/1/467 824/1/466 828/1/469
f 28/1/305 231/1/324 825/1/464 546/1/471
f 231/1/324 230/1/322 826/1/465 825/1/464
f 546/1/471 825/1/464 830/1/467 545/1/472
f 29/1/319 267/1/473 827/1/468 229/1/320
f 267/1/473 266/1/474 828/1/469 827/1/468
f 229/1/320 827/1/468 826/1/465 230/1/322
f 36/1/475 544/1/476 829/1/470 265/1/477
f 544/1/476 545/1/472 830/1/467 829/1/470
f 265/1/477 829/1/470 828/1/469 266/1/474
f 832/1/478 833/1/479 831/1/480 837/1/481
f 834/1/482 835/1/483 831/1/480 833/1/479
f 836/1/484 837/1/481 831/1/480 835/1/483
f 32/1/428 252/1/485 832/1/478 549/1/486
f 252/1/485 251/1/487 833/1/479 832/1/478
f 549/1/486 832/1/478 837/1/481 548/1/488
f 30/1/291 279/1/489 834/1/482 250/1/490
f 279/1/489 278/1/491 835/1/483 834/1/482
f 250/1/490 834/1/482 833/1/479 251/1/487
f 37/1/492 547/1/493 836/1/484 277/1/494
f 547/1/493 548/1/488 837/1/481 836/1/484
f 277/1/494 836/1/484 835/1/483 278/1/491
f 839/1/495 840/1/496 838/1/497 844/1/498
f 841/1/499 842/1/500 838/1/497 840/1/496
f 843/1/501 844/1/498 838/1/497 842/1/500
f 35/1/461 249/1/502 839/1/495 291/1/503
f 249/1/502 248/1/504 840/1/496 839/1/495
f 291/1/503 839/1/495 844/1/498 290/1/505
f 28/1/305 285/1/506 841/1/499 247/1/507
f 285/1/506 284/1/508 842/1/500 841/1/499
f 247/1/507 841/1/499 840/1/496 248/1/504
f 40/1/509 289/1/510 843/1/501 283/1/511
f 289/1/510 290/1/505 844/1/498 843/1/501
f 283/1/511 843/1/501 842/1/500 284/1/508
f 846/1/512 847/1/513 845/1/514 851/1/515
f 848/1/516 849/1/517 845/1/514 847/1/513
f 850/1/518 851/1/515 845/1/514 849/1/517
f 34/1/380 288/1/455 846/1/512 555/1/519
f 288/1/455 287/1/457 847/1/513 846/1/512
f 555/1/519 846/1/512 851/1/515 554/1/520
f 35/1/461 558/1/521 848/1/516 286/1/462
f 558/1/521 557/1/522 849/1/517 848/1/516
f 286/1/462 848/1/516 847/1/513 287/1/457
f 45/1/523 553/1/524 850/1/518 556/1/525
f 553/1/524 554/1/520 851/1/515 850/1/518
f 556/1/525 850/1/518 849/1/517 557/1/522
f 853/1/526 854/1/527 852/1/528 858/1/529
f 855/1/530 856/1/531 852/1/528 854/1/527
f 857/1/532 858/1/529 852/1/528 856/1/531
f 35/1/461 564/1/533 853/1/526 558/1/521
f 564/1/533 563/1/534 854/1/527 853/1/526
f 558/1/521 853/1/526 858/1/529 557/1/522
f 50/1/535 601/1/536 855/1/530 562/1/537
f 601/1/536 602/1/538 856/1/531 855/1/530
f 562/1/537 855/1/530 854/1/527 563/1/534
f 45/1/523 556/1/525 857/1/532 603/1/539
f 556/1/525 557/1/522 858/1/529 857/1/532
f 603/1/539 857/1/532 856/1/531 602/1/538
f 860/1/540 861/1/541 859/1/542 865/1/543
f 862/1/544 863/1/545 859/1/542 861/1/541
f 864/1/546 865/1/543 859/1/542 863/1/545
f 41/1/287 294/1/394 860/1/540 561/1/547
f 294/1/394 293/1/396 861/1/541 860/1/540
f 561/1/547 860/1/540 865/1/543 560/1/548
f 38/1/400 306/1/549 862/1/544 292/1/401
f 306/1/549 305/1/550 863/1/545 862/1/544
f 292/1/401 862/1/544 861/1/541 293/1/396
f 47/1/551 559/1/552 864/1/546 304/1/553
f 559/1/552 560/1/548 865/1/543 864/1/546
f 304/1/553 864/1/546 863/1/545 305/1/550
f 867/1/554 868/1/555 866/1/556 872/1/557
f 869/1/558 870/1/559 866/1/556 868/1/555
f 871/1/560 872/1/557 866/1/556 870/1/559
f 35/1/461 291/1/503 867/1/554 564/1/533
f 291/1/503 290/1/505 868/1/555 867/1/554
f 564/1/533 867/1/554 872/1/557 563/1/534
f 40/1/509 333/1/561 869/1/558 289/1/510
f 333/1/561 332/1/562 870/1/559 869/1/558
f 289/1/510 869/1/558 868/1/555 290/1/505
f 50/1/535 562/1/537 871/1/560 331/1/563
f 562/1/537 563/1/534 872/1/557 871/1/560
f 331/1/563 871/1/560 870/1/559 332/1/562
f 874/1/564 875/1/565 873/1/566 879/1/567
f 876/1/568 877/1/569 873/1/566 875/1/565
f 878/1/570 879/1/567 873/1/566 877/1/569
f 36/1/475 264/1/571 874/1/564 570/1/572
f 264/1/571 263/1/573 875/1/565 874/1/564
f 570/1/572 874/1/564 879/1/567 569/1/574
f 32/1/428 315/1/575 876/1/568 262/1/576
f 315/1/575 314/1/577 877/1/569 876/1/568
f 262/1/576 876/1/568 875/1/565 263/1/573
f 46/1/578 568/1/579 878/1/570 313/1/580
f 568/1/579 569/1/574 879/1/567 878/1/570
f 313/1/580 878/1/570 877/1/569 314/1/577
f 881/1/581 882/1/582 880/1/583 886/1/584
f 883/1/585 884/1/586 880/1/583 882/1/582
f 885/1/587 886/1/584 880/1/583 884/1/586
f 32/1/428 549/1/486 881/1/581 576/1/588
f 549/1/486 548/1/488 882/1/582 881/1/581
f 576/1/588 881/1/581 886/1/584 575/1/589
f 37/1/492 591/1/590 883/1/585 547/1/493
f 591/1/590 590/1/591 884/1/586 883/1/585
f 547/1/493 883/1/585 882/1/582 548/1/488
f 51/1/592 574/1/593 885/1/587 589/1/594
f 574/1/593 575/1/589 886/1/584 885/1/587
f 589/1/594 885/1/587 884/1/586 590/1/591
f 888/1/595 889/1/596 887/1/597 893/1/598
f 890/1/599 891/1/600 887/1/597 889/1/596
f 892/1/601 893/1/598 887/1/597 891/1/600
f 40/1/509 261/1/602 888/1/595 582/1/603
f 261/1/602 260/1/604 889/1/596 888/1/595
f 582/1/603 888/1/595 893/1/598 581/1/605
f 36/1/475 570/1/572 890/1/599 259/1/606
f 570/1/572 569/1/574 891/1/600 890/1/599
f 259/1/606 890/1/599 889/1/596 260/1/604
f 46/1/578 580/1/607 892/1/601 568/1/579
f 580/1/607 581/1/605 893/1/598 892/1/601
f 568/1/579 892/1/601 891/1/600 569/1/574
f 895/1/608 896/1/609 894/1/610 900/1/611
f 897/1/612 898/1/613 894/1/610 896/1/609
f 899/1/614 900/1/611 894/1/610 898/1/613
f 44/1/615 297/1/616 895/1/608 318/1/617
f 297/1/616 296/1/618 896/1/609 895/1/608
f 318/1/617 895/1/608 900/1/611 317/1/619
f 39/1/620 588/1/621 897/1/612 295/1/622
f 588/1/621 587/1/623 898/1/613 897/1/612
f 295/1/622 897/1/612 896/1/609 296/1/618
f 49/1/624 316/1/625 899/1/614 586/1/626
f 316/1/625 317/1/619 900/1/611 899/1/614
f 586/1/626 899/1/614 898/1/613 587/1/623
f 902/1/627 903/1/628 901/1/629 907/1/630
f 904/1/631 905/1/632 901/1/629 903/1/628
f 906/1/633 907/1/630 901/1/629 905/1/632
f 42/1/634 300/1/635 902/1/627 585/1/636
f 300/1/635 299/1/637 903/1/628 902/1/627
f 585/1/636 902/1/627 907/1/630 584/1/638
f 43/1/350 339/1/639 904/1/631 298/1/640
f 339/1/639 338/1/641 905/1/632 904/1/631
f 298/1/640 904/1/631 903/1/628 299/1/637
f 52/1/642 583/1/643 906/1/633 337/1/644
f 583/1/643 584/1/638 907/1/630 906/1/633
f 337/1/644 906/1/633 905/1/632 338/1/641
f 909/1/645 910/1/646 908/1/647 914/1/648
f 911/1/649 912/1/650 908/1/647 910/1/646
f 913/1/651 914/1/648 908/1/647 912/1/650
f 52/1/642 303/1/652 909/1/645 330/1/653
f 303/1/652 302/1/654 910/1/646 909/1/645
f 330/1/653 909/1/645 914/1/648 329/1/655
f 33/1/414 312/1/656 911/1/649 301/1/657
f 312/1/656 311/1/658 912/1/650 911/1/649
f 301/1/657 911/1/649 910/1/646 302/1/654
f 44/1/615 328/1/659 913/1/651 310/1/660
f 328/1/659 329/1/655 914/1/648 913/1/651
f 310/1/660 913/1/651 912/1/650 311/1/658
f 916/1/661 917/1/662 915/1/663 921/1/664
f 918/1/665 919/1/666 915/1/663 917/1/662
f 920/1/667 921/1/664 915/1/663 919/1/666
f 39/1/620 258/1/668 916/1/661 588/1/621
f 258/1/668 257/1/669 917/1/662 916/1/661
f 588/1/621 916/1/661 921/1/664 587/1/623
f 34/1/380 342/1/670 918/1/665 256/1/671
f 342/1/670 341/1/672 919/1/666 918/1/665
f 256/1/671 918/1/665 917/1/662 257/1/669
f 49/1/624 586/1/626 920/1/667 340/1/673
f 586/1/626 587/1/623 921/1/664 920/1/667
f 340/1/673 920/1/667 919/1/666 341/1/672
f 923/1/674 924/1/675 922/1/676 928/1/677
f 925/1/678 926/1/679 922/1/676 924/1/675
f 927/1/680 928/1/677 922/1/676 926/1/679
f 37/1/492 552/1/681 923/1/674 591/1/590
f 552/1/681 551/1/682 924/1/675 923/1/674
f 591/1/590 923/1/674 928/1/677 590/1/591
f 41/1/287 345/1/683 925/1/678 550/1/684
f 345/1/683 344/1/685 926/1/679 925/1/678
f 550/1/684 925/1/678 924/1/675 551/1/682
f 51/1/592 589/1/594 927/1/680 343/1/686
f 589/1/594 590/1/591 928/1/677 927/1/680
f 343/1/686 927/1/680 926/1/679 344/1/685
f 930/1/687 931/1/688 929/1/689 935/1/690
f 932/1/691 933/1/692 929/1/689 931/1/688
f 934/1/693 935/1/690 929/1/689 933/1/692
f 44/1/615 318/1/617 930/1/687 594/1/694
f 318/1/617 317/1/619 931/1/688 930/1/687
f 594/1/694 930/1/687 935/1/690 593/1/695
f 49/1/624 615/1/696 932/1/691 316/1/625
f 615/1/696 614/1/697 933/1/692 932/1/691
f 316/1/625 932/1/691 931/1/688 317/1/619
f 55/1/698 592/1/699 934/1/693 613/1/700
f 592/1/699 593/1/695 935/1/690 934/1/693
f 613/1/700 934/1/693 933/1/692 614/1/697
f 937/1/701 938/1/702 936/1/703 942/1/704
f 939/1/705 940/1/706 936/1/703 938/1/702
f 941/1/707 942/1/704 936/1/703 940/1/706
f 52/1/642 330/1/653 937/1/701 606/1/708
f 330/1/653 329/1/655 938/1/702 937/1/701
f 606/1/708 937/1/701 942/1/704 605/1/709
f 44/1/615 609/1/710 939/1/705 328/1/659
f 609/1/710 608/1/711 940/1/706 939/1/705
f 328/1/659 939/1/705 938/1/702 329/1/655
f 54/1/712 604/1/713 941/1/707 607/1/714
f 604/1/713 605/1/709 942/1/704 941/1/707
f 607/1/714 941/1/707 940/1/706 608/1/711
f 944/1/715 945/1/716 943/1/717 949/1/718
f 946/1/719 947/1/720 943/1/717 945/1/716
f 948/1/721 949/1/718 943/1/717 947/1/720
f 45/1/523 354/1/722 944/1/715 597/1/723
f 354/1/722 353/1/724 945/1/716 944/1/715
f 597/1/723 944/1/715 949/1/718 596/1/725
f 56/1/726 361/1/727 946/1/719 352/1/728
f 361/1/727 362/1/729 947/1/720 946/1/719
f 352/1/728 946/1/719 945/1/716 353/1/724
f 49/1/624 595/1/730 948/1/721 363/1/731
f 595/1/730 596/1/725 949/1/718 948/1/721
f 363/1/731 948/1/721 947/1/720 362/1/729
f 951/1/732 952/1/733 950/1/734 956/1/735
f 953/1/736 954/1/737 950/1/734 952/1/733
f 955/1/738 956/1/735 950/1/734 954/1/737
f 47/1/551 357/1/739 951/1/732 600/1/740
f 357/1/739 356/1/741 952/1/733 951/1/732
f 600/1/740 951/1/732 956/1/735 599/1/742
f 59/1/743 610/1/744 953/1/736 355/1/745
f 610/1/744 611/1/746 954/1/737 953/1/736
f 355/1/745 953/1/736 952/1/733 356/1/741
f 51/1/592 598/1/747 955/1/738 612/1/748
f 598/1/747 599/1/742 956/1/735 955/1/738
f 612/1/748 955/1/738 954/1/737 611/1/746
f 958/1/749 959/1/750 957/1/751 963/1/752
f 960/1/753 961/1/754 957/1/751 959/1/750
f 962/1/755 963/1/752 957/1/751 961/1/754
f 44/1/615 594/1/694 958/1/749 609/1/710
f 594/1/694 593/1/695 959/1/750 958/1/749
f 609/1/710 958/1/749 963/1/752 608/1/711
f 55/1/698 379/1/756 960/1/753 592/1/699
f 379/1/756 380/1/757 961/1/754 960/1/753
f 592/1/699 960/1/753 959/1/750 593/1/695
f 54/1/712 607/1/714 962/1/755 381/1/758
f 607/1/714 608/1/711 963/1/752 962/1/755
f 381/1/758 962/1/755 961/1/754 380/1/757
f 965/1/759 966/1/760 964/1/761 970/1/762
f 967/1/763 968/1/764 964/1/761 966/1/760
f 969/1/765 970/1/762 964/1/761 968/1/764
f 49/1/624 363/1/731 965/1/759 615/1/696
f 363/1/731 362/1/729 966/1/760 965/1/759
f 615/1/696 965/1/759 970/1/762 614/1/697
f 56/1/726 382/1/766 967/1/763 361/1/727
f 382/1/766 383/1/767 968/1/764 967/1/763
f 361/1/727 967/1/763 966/1/760 362/1/729
f 55/1/698 613/1/700 969/1/765 384/1/768
f 613/1/700 614/1/697 970/1/762 969/1/765
f 384/1/768 969/1/765 968/1/764 383/1/767
f 972/1/769 973/1/770 971/1/771 977/1/772
f 974/1/773 975/1/774 971/1/771 973/1/770
f 976/1/775 977/1/772 971/1/771 975/1/774
f 58/1/776 408/1/777 972/1/769 388/1/778
f 408/1/777 407/1/779 973/1/770 972/1/769
f 388/1/778 972/1/769 977/1/772 389/1/780
f 54/1/712 403/1/781 974/1/773 406/1/782
f 403/1/781 404/1/783 975/1/774 974/1/773
f 406/1/782 974/1/773 973/1/770 407/1/779
f 57/1/784 390/1/785 976/1/775 405/1/786
f 390/1/785 389/1/780 977/1/772 976/1/775
f 405/1/786 976/1/775 975/1/774 404/1/783
f 979/1/787 980/1/788 978/1/789 984/1/790
f 981/1/791 982/1/792 978/1/789 980/1/788
f 983/1/793 984/1/790 978/1/789 982/1/792
f 56/1/726 411/1/794 979/1/787 382/1/766
f 411/1/794 410/1/795 980/1/788 979/1/787
f 382/1/766 979/1/787 984/1/790 383/1/767
f 54/1/712 381/1/758 981/1/791 409/1/796
f 381/1/758 380/1/757 982/1/792 981/1/791
f 409/1/796 981/1/791 980/1/788 410/1/795
f 55/1/698 384/1/768 983/1/793 379/1/756
f 384/1/768 383/1/767 984/1/790 983/1/793
f 379/1/756 983/1/793 982/1/792 380/1/757
f 986/1/797 987/1/798 985/1/799 991/1/800
f 988/1/801 989/1/802 985/1/799 987/1/798
f 990/1/803 991/1/800 985/1/799 989/1/802
f 59/1/743 414/1/804 986/1/797 391/1/805
f 414/1/804 413/1/806 987/1/798 986/1/797
f 391/1/805 986/1/797 991/1/800 392/1/807
f 54/1/712 406/1/782 988/1/801 412/1/808
f 406/1/782 407/1/779 989/1/802 988/1/801
f 412/1/808 988/1/801 987/1/798 413/1/806
f 58/1/776 393/1/809 990/1/803 408/1/777
f 393/1/809 392/1/807 991/1/800 990/1/803
f 408/1/777 990/1/803 989/1/802 407/1/779
f 993/1/810 994/1/811 992/1/812 998/1/813
f 995/1/814 996/1/815 992/1/812 994/1/811
f 997/1/816 998/1/813 992/1/812 996/1/815
f 53/1/817 417/1/818 993/1/810 402/1/819
f 417/1/818 416/1/820 994/1/811 993/1/810
f 402/1/819 993/1/810 998/1/813 401/1/821
f 54/1/712 409/1/796 995/1/814 415/1/822
f 409/1/796 410/1/795 996/1/815 995/1/814
f 415/1/822 995/1/814 994/1/811 416/1/820
f 56/1/726 400/1/823 997/1/816 411/1/794
f 400/1/823 401/1/821 998/1/813 997/1/816
f 411/1/794 997/1/816 996/1/815 410/1/795
f 1000/1/824 1001/1/825 999/1/826 1005/1/827
f 1002/1/828 1003/1/829 999/1/826 1001/1/825
f 1004/1/830 1005/1/827 999/1/826 1003/1/829
f 60/1/831 399/1/832 1000/1/824 394/1/833
f 399/1/832 398/1/834 1001/1/825 1000/1/824
f 394/1/833 1000/1/824 1005/1/827 395/1/835
f 54/1/712 412/1/808 1002/1/828 397/1/836
f 412/1/808 413/1/806 1003/1/829 1002/1/828
f 397/1/836 1002/1/828 1001/1/825 398/1/834
f 59/1/743 396/1/837 1004/1/830 414/1/804
f 396/1/837 395/1/835 1005/1/827 1004/1/830
f 414/1/804 1004/1/830 1003/1/829 413/1/806
f 1007/1/838 1008/1/839 1006/1/840 1012/1/841
f 1009/1/842 1010/1/843 1006/1/840 1008/1/839
f 1011/1/844 1012/1/841 1006/1/840 1010/1/843
f 57/1/784 405/1/786 1007/1/838 385/1/845
f 405/1/786 404/1/783 1008/1/839 1007/1/838
f 385/1/845 1007/1/838 1012/1/841 386/1/846
f 54/1/712 415/1/822 1009/1/842 403/1/781
f 415/1/822 416/1/820 1010/1/843 1009/1/842
f 403/1/781 1009/1/842 1008/1/839 404/1/783
f 53/1/817 387/1/847 1011/1/844 417/1/818
f 387/1/847 386/1/846 1012/1/841 1011/1/844
f 417/1/818 1011/1/844 1010/1/843 416/1/820
f 1014/1/848 1015/1/849 1013/1/850 1019/1/851
f 1016/1/852 1017/1/853 1013/1/850 1015/1/849
f 1018/1/854 1019/1/851 1013/1/850 1017/1/853
f 3/1/51 70/1/53 1014/1/848 427/1/855
f 70/1/53 71/1/49 1015/1/849 1014/1/848
f 427/1/855 1014/1/848 1019/1/851 428/1/856
f 2/1/46 424/1/857 1016/1/852 72/1/47
f 424/1/857 425/1/858 1017/1/853 1016/1/852
f 72/1/47 1016/1/852 1015/1/849 71/1/49
f 66/1/859 429/1/860 1018/1/854 426/1/861
f 429/1/860 428/1/856 1019/1/851 1018/1/854
f 426/1/861 1018/1/854 1017/1/853 425/1/858
f 1021/1/862 1022/1/863 1020/1/864 1026/1/865
f 1023/1/866 1024/1/867 1020/1/864 1022/1/863
f 1025/1/868 1026/1/865 1020/1/864 1024/1/867
f 1/1/13 621/1/15 1021/1/862 433/1/869
f 621/1/15 620/1/11 1022/1/863 1021/1/862
f 433/1/869 1021/1/862 1026/1/865 434/1/870
f 61/1/8 430/1/871 1023/1/866 619/1/9
f 430/1/871 431/1/872 1024/1/867 1023/1/866
f 619/1/9 1023/1/866 1022/1/863 620/1/11
f 65/1/873 435/1/874 1025/1/868 432/1/875
f 435/1/874 434/1/870 1026/1/865 1025/1/868
f 432/1/875 1025/1/868 1024/1/867 431/1/872
f 1028/1/876 1029/1/877 1027/1/878 1033/1/879
f 1030/1/880 1031/1/881 1027/1/878 1029/1/877
f 1032/1/882 1033/1/879 1027/1/878 1031/1/881
f 61/1/8 79/1/883 1028/1/876 439/1/884
f 79/1/883 80/1/885 1029/1/877 1028/1/876
f 439/1/884 1028/1/876 1033/1/879 440/1/886
f 6/1/70 423/1/887 1030/1/880 81/1/888
f 423/1/887 422/1/889 1031/1/881 1030/1/880
f 81/1/888 1030/1/880 1029/1/877 80/1/885
f 64/1/890 441/1/891 1032/1/882 421/1/892
f 441/1/891 440/1/886 1033/1/879 1032/1/882
f 421/1/892 1032/1/882 1031/1/881 422/1/889
f 1035/1/893 1036/1/894 1034/1/895 1040/1/896
f 1037/1/897 1038/1/898 1034/1/895 1036/1/894
f 1039/1/899 1040/1/896 1034/1/895 1038/1/898
f 5/1/32 76/1/34 1035/1/893 442/1/900
f 76/1/34 77/1/30 1036/1/894 1035/1/893
f 442/1/900 1035/1/893 1040/1/896 443/1/901
f 4/1/27 436/1/902 1037/1/897 78/1/28
f 436/1/902 437/1/903 1038/1/898 1037/1/897
f 78/1/28 1037/1/897 1036/1/894 77/1/30
f 63/1/904 444/1/905 1039/1/899 438/1/906
f 444/1/905 443/1/901 1040/1/896 1039/1/899
f 438/1/906 1039/1/899 1038/1/898 437/1/903
f 1042/1/907 1043/1/908 1041/1/909 1047/1/910
f 1044/1/911 1045/1/912 1041/1/909 1043/1/908
f 1046/1/913 1047/1/910 1041/1/909 1045/1/912
f 61/1/8 439/1/884 1042/1/907 430/1/871
f 439/1/884 440/1/886 1043/1/908 1042/1/907
f 430/1/871 1042/1/907 1047/1/910 431/1/872
f 64/1/890 627/1/914 1044/1/911 441/1/891
f 627/1/914 626/1/915 1045/1/912 1044/1/911
f 441/1/891 1044/1/911 1043/1/908 440/1/886
f 65/1/873 432/1/875 1046/1/913 625/1/916
f 432/1/875 431/1/872 1047/1/910 1046/1/913
f 625/1/916 1046/1/913 1045/1/912 626/1/915
f 1049/1/917 1050/1/918 1048/1/919 1054/1/920
f 1051/1/921 1052/1/922 1048/1/919 1050/1/918
f 1053/1/923 1054/1/920 1048/1/919 1052/1/922
f 2/1/46 67/1/924 1049/1/917 424/1/857
f 67/1/924 68/1/925 1050/1/918 1049/1/917
f 424/1/857 1049/1/917 1054/1/920 425/1/858
f 1/1/13 420/1/926 1051/1/921 69/1/927
f 420/1/926 419/1/928 1052/1/922 1051/1/921
f 69/1/927 1051/1/921 1050/1/918 68/1/925
f 66/1/859 426/1/861 1053/1/923 418/1/929
f 426/1/861 425/1/858 1054/1/920 1053/1/923
f 418/1/929 1053/1/923 1052/1/922 419/1/928
f 1056/1/930 1057/1/931 1055/1/932 1061/1/933
f 1058/1/934 1059/1/935 1055/1/932 1057/1/931
f 1060/1/936 1061/1/933 1055/1/932 1059/1/935
f 3/1/51 427/1/855 1056/1/930 75/1/937
f 427/1/855 428/1/856 1057/1/931 1056/1/930
f 75/1/937 1056/1/930 1061/1/933 74/1/938
f 66/1/859 450/1/939 1058/1/934 429/1/860
f 450/1/939 449/1/940 1059/1/935 1058/1/934
f 429/1/860 1058/1/934 1057/1/931 428/1/856
f 4/1/27 73/1/941 1060/1/936 448/1/942
f 73/1/941 74/1/938 1061/1/933 1060/1/936
f 448/1/942 1060/1/936 1059/1/935 449/1/940
f 1063/1/943 1064/1/944 1062/1/945 1068/1/946
f 1065/1/947 1066/1/948 1062/1/945 1064/1/944
f 1067/1/949 1068/1/946 1062/1/945 1066/1/948
f 1/1/13 433/1/869 1063/1/943 420/1/926
f 433/1/869 434/1/870 1064/1/944 1063/1/943
f 420/1/926 1063/1/943 1068/1/946 419/1/928
f 65/1/873 447/1/950 1065/1/947 435/1/874
f 447/1/950 446/1/951 1066/1/948 1065/1/947
f 435/1/874 1065/1/947 1064/1/944 434/1/870
f 66/1/859 418/1/929 1067/1/949 445/1/952
f 418/1/929 419/1/928 1068/1/946 1067/1/949
f 445/1/952 1067/1/949 1066/1/948 446/1/951
f 1070/1/953 1071/1/954 1069/1/955 1075/1/956
f 1072/1/957 1073/1/958 1069/1/955 1071/1/954
f 1074/1/959 1075/1/956 1069/1/955 1073/1/958
f 4/1/27 448/1/942 1070/1/953 436/1/902
f 448/1/942 449/1/940 1071/1/954 1070/1/953
f 436/1/902 1070/1/953 1075/1/956 437/1/903
f 66/1/859 459/1/960 1072/1/957 450/1/939
f 459/1/960 458/1/961 1073/1/958 1072/1/957
f 450/1/939 1072/1/957 1071/1/954 449/1/940
f 63/1/904 438/1/906 1074/1/959 457/1/962
f 438/1/906 437/1/903 1075/1/956 1074/1/959
f 457/1/962 1074/1/959 1073/1/958 458/1/961
f 1077/1/963 1078/1/964 1076/1/965 1082/1/966
f 1079/1/967 1080/1/968 1076/1/965 1078/1/964
f 1081/1/969 1082/1/966 1076/1/965 1080/1/968
f 64/1/890 454/1/970 1077/1/963 627/1/914
f 454/1/970 455/1/971 1078/1/964 1077/1/963
f 627/1/914 1077/1/963 1082/1/966 626/1/915
f 66/1/859 445/1/952 1079/1/967 456/1/972
f 445/1/952 446/1/951 1080/1/968 1079/1/967
f 456/1/972 1079/1/967 1078/1/964 455/1/971
f 65/1/873 625/1/916 1081/1/969 447/1/950
f 625/1/916 626/1/915 1082/1/966 1081/1/969
f 447/1/950 1081/1/969 1080/1/968 446/1/951
f 1084/1/973 1085/1/974 1083/1/975 1089/1/976
f 1086/1/977 1087/1/978 1083/1/975 1085/1/974
f 1088/1/979 1089/1/976 1083/1/975 1087/1/978
f 63/1/904 457/1/962 1084/1/973 444/1/905
f 457/1/962 458/1/961 1085/1/974 1084/1/973
f 444/1/905 1084/1/973 1089/1/976 443/1/901
f 66/1/859 462/1/980 1086/1/977 459/1/960
f 462/1/980 461/1/981 1087/1/978 1086/1/977
f 459/1/960 1086/1/977 1085/1/974 458/1/961
f 5/1/32 442/1/900 1088/1/979 460/1/982
f 442/1/900 443/1/901 1089/1/976 1088/1/979
f 460/1/982 1088/1/979 1087/1/978 461/1/981
f 1091/1/983 1092/1/984 1090/1/985 1096/1/986
f 1093/1/987 1094/1/988 1090/1/985 1092/1/984
f 1095/1/989 1096/1/986 1090/1/985 1094/1/988
f 5/1/32 460/1/982 1091/1/983 624/1/990
f 460/1/982 461/1/981 1092/1/984 1091/1/983
f 624/1/990 1091/1/983 1096/1/986 623/1/991
f 66/1/859 465/1/992 1093/1/987 462/1/980
f 465/1/992 464/1/993 1094/1/988 1093/1/987
f 462/1/980 1093/1/987 1092/1/984 461/1/981
f 62/1/65 622/1/994 1095/1/989 463/1/995
f 622/1/994 623/1/991 1096/1/986 1095/1/989
f 463/1/995 1095/1/989 1094/1/988 464/1/993
f 1098/1/996 1099/1/997 1097/1/998 1103/1/999
f 1100/1/1000 1101/1/1001 1097/1/998 1099/1/997
f 1102/1/1002 1103/1/999 1097/1/998 1101/1/1001
f 62/1/65 463/1/995 1098/1/996 453/1/1003
f 463/1/995 464/1/993 1099/1/997 1098/1/996
f 453/1/1003 1098/1/996 1103/1/999 452/1/1004
f 66/1/859 456/1/972 1100/1/1000 465/1/992
f 456/1/972 455/1/971 1101/1/1001 1100/1/1000
f 465/1/992 1100/1/1000 1099/1/997 464/1/993
f 64/1/890 451/1/1005 1102/1/1002 454/1/970
f 451/1/1005 452/1/1004 1103/1/999 1102/1/1002
f 454/1/970 1102/1/1002 1101/1/1001 455/1/971
f 1104/1/1006 1105/1/1007 1108/1/1008 1107/1/1009
f 1105/1/1007 1106/1/1010 1109/1/1011 1108/1/1008
f 1107/1/1009 1108/1/1008 1111/1/1012 1110/1/1013
f 1108/1/1008 1109/1/1011 1112/1/1014 1111/1/1012
f 11/1/147 109/1/1015 1104/1/1006 97/1/1016
f 109/1/1015 110/1/1017 1105/1/1007 1104/1/1006
f 110/1/1017 111/1/1018 1106/1/1010 1105/1/1007
f 111/1/1018 8/1/17 88/1/19 1106/1/1010
f 1106/1/1010 88/1/19 89/1/16 1109/1/1011
f 1109/1/1011 89/1/16 90/1/14 1112/1/1014
f 1112/1/1014 90/1/14 1/1/13 69/1/927
f 1111/1/1012 1112/1/1014 69/1/927 68/1/925
f 1110/1/1013 1111/1/1012 68/1/925 67/1/924
f 99/1/1019 1110/1/1013 67/1/924 2/1/46
f 98/1/1020 1107/1/1009 1110/1/1013 99/1/1019
f 97/1/1016 1104/1/1006 1107/1/1009 98/1/1020
f 1114/1/1021 1115/1/1022 1113/1/1023 1119/1/1024
f 1116/1/1025 1117/1/1026 1113/1/1023 1115/1/1022
f 1118/1/1027 1119/1/1024 1113/1/1023 1117/1/1026
f 4/1/27 471/1/29 1114/1/1021 87/1/1028
f 471/1/29 470/1/31 1115/1/1022 1114/1/1021
f 87/1/1028 1114/1/1021 1119/1/1024 86/1/1029
f 10/1/36 118/1/125 1116/1/1025 469/1/37
f 118/1/125 119/1/122 1117/1/1026 1116/1/1025
f 469/1/37 1116/1/1025 1115/1/1022 470/1/31
f 12/1/119 85/1/1030 1118/1/1027 120/1/120
f 85/1/1030 86/1/1029 1119/1/1024 1118/1/1027
f 120/1/120 1118/1/1027 1117/1/1026 119/1/122
f 1120/1/1031 1121/1/1032 1124/1/1033 1123/1/1034
f 1121/1/1032 1122/1/1035 1125/1/1036 1124/1/1033
f 1123/1/1034 1124/1/1033 1127/1/1037 1126/1/1038
f 1124/1/1033 1125/1/1036 1128/1/1039 1127/1/1037
f 13/1/204 121/1/1040 1120/1/1031 100/1/1041
f 121/1/1040 122/1/1042 1121/1/1032 1120/1/1031
f 122/1/1042 123/1/1043 1122/1/1035 1121/1/1032
f 123/1/1043 10/1/36 94/1/38 1122/1/1035
f 1122/1/1035 94/1/38 95/1/35 1125/1/1036
f 1125/1/1036 95/1/35 96/1/33 1128/1/1039
f 1128/1/1039 96/1/33 5/1/32 624/1/990
f 1127/1/1037 1128/1/1039 624/1/990 623/1/991
f 1126/1/1038 1127/1/1037 623/1/991 622/1/994
f 102/1/1044 1126/1/1038 622/1/994 62/1/65
f 101/1/1045 1123/1/1034 1126/1/1038 102/1/1044
f 100/1/1041 1120/1/1031 1123/1/1034 101/1/1045
f 1130/1/1046 1131/1/1047 1129/1/1048 1135/1/1049
f 1132/1/1050 1133/1/1051 1129/1/1048 1131/1/1047
f 1134/1/1052 1135/1/1049 1129/1/1048 1133/1/1051
f 61/1/8 468/1/10 1130/1/1046 93/1/1053
f 468/1/10 467/1/12 1131/1/1047 1130/1/1046
f 93/1/1053 1130/1/1046 1135/1/1049 92/1/1054
f 8/1/17 106/1/90 1132/1/1050 466/1/18
f 106/1/90 107/1/87 1133/1/1051 1132/1/1050
f 466/1/18 1132/1/1050 1131/1/1047 467/1/12
f 7/1/84 91/1/1055 1134/1/1052 108/1/85
f 91/1/1055 92/1/1054 1135/1/1049 1134/1/1052
f 108/1/85 1134/1/1052 1133/1/1051 107/1/87
f 1136/1/1056 1137/1/1057 1140/1/1058 1139/1/1059
f 1137/1/1057 1138/1/1060 1141/1/1061 1140/1/1058
f 1139/1/1059 1140/1/1058 1143/1/1062 1142/1/1063
f 1140/1/1058 1141/1/1061 1144/1/1064 1143/1/1062
f 12/1/119 115/1/1065 1136/1/1056 85/1/1030
f 115/1/1065 116/1/1066 1137/1/1057 1136/1/1056
f 116/1/1066 117/1/1067 1138/1/1060 1137/1/1057
f 117/1/1067 9/1/55 103/1/57 1138/1/1060
f 1138/1/1060 103/1/57 104/1/54 1141/1/1061
f 1141/1/1061 104/1/54 105/1/52 1144/1/1064
f 1144/1/1064 105/1/52 3/1/51 75/1/937
f 1143/1/1062 1144/1/1064 75/1/937 74/1/938
f 1142/1/1063 1143/1/1062 74/1/938 73/1/941
f 87/1/1028 1142/1/1063 73/1/941 4/1/27
f 86/1/1029 1139/1/1059 1142/1/1063 87/1/1028
f 85/1/1030 1136/1/1056 1139/1/1059 86/1/1029
f 1146/1/1068 1147/1/1069 1145/1/1070 1151/1/1071
f 1148/1/1072 1149/1/1073 1145/1/1070 1147/1/1069
f 1150/1/1074 1151/1/1071 1145/1/1070 1149/1/1073
f 2/1/46 474/1/48 1146/1/1068 99/1/1019
f 474/1/48 473/1/50 1147/1/1069 1146/1/1068
f 99/1/1019 1146/1/1068 1151/1/1071 98/1/1020
f 9/1/55 112/1/153 1148/1/1072 472/1/56
f 112/1/153 113/1/150 1149/1/1073 1148/1/1072
f 472/1/56 1148/1/1072 1147/1/1069 473/1/50
f 11/1/147 97/1/1016 1150/1/1074 114/1/148
f 97/1/1016 98/1/1020 1151/1/1071 1150/1/1074
f 114/1/148 1150/1/1074 1149/1/1073 113/1/150
f 1153/1/1075 1154/1/1076 1152/1/1077 1158/1/1078
f 1155/1/1079 1156/1/1080 1152/1/1077 1154/1/1076
f 1157/1/1081 1158/1/1078 1152/1/1077 1156/1/1080
f 62/1/65 477/1/67 1153/1/1075 102/1/1044
f 477/1/67 476/1/69 1154/1/1076 1153/1/1075
f 102/1/1044 1153/1/1075 1158/1/1078 101/1/1045
f 14/1/74 478/1/1082 1155/1/1079 475/1/75
f 478/1/1082 479/1/1083 1156/1/1080 1155/1/1079
f 475/1/75 1155/1/1079 1154/1/1076 476/1/69
f 13/1/204 100/1/1041 1157/1/1081 480/1/1084
f 100/1/1041 101/1/1045 1158/1/1078 1157/1/1081
f 480/1/1084 1157/1/1081 1156/1/1080 479/1/1083
f 1159/1/1085 1160/1/1086 1163/1/1087 1162/1/1088
f 1160/1/1086 1161/1/1089 1164/1/1090 1163/1/1087
f 1162/1/1088 1163/1/1087 1166/1/1091 1165/1/1092
f 1163/1/1087 1164/1/1090 1167/1/1093 1166/1/1091
f 58/1/776 388/1/778 1159/1/1085 364/1/1094
f 388/1/778 389/1/780 1160/1/1086 1159/1/1085
f 389/1/780 390/1/785 1161/1/1089 1160/1/1086
f 390/1/785 57/1/784 349/1/1095 1161/1/1089
f 1161/1/1089 349/1/1095 350/1/1096 1164/1/1090
f 1164/1/1090 350/1/1096 351/1/1097 1167/1/1093
f 1167/1/1093 351/1/1097 46/1/578 324/1/1098
f 1166/1/1091 1167/1/1093 324/1/1098 323/1/1099
f 1165/1/1092 1166/1/1091 323/1/1099 322/1/1100
f 366/1/1101 1165/1/1092 322/1/1100 51/1/592
f 365/1/1102 1162/1/1088 1165/1/1092 366/1/1101
f 364/1/1094 1159/1/1085 1162/1/1088 365/1/1102
f 1169/1/1103 1170/1/1104 1168/1/1105 1174/1/1106
f 1171/1/1107 1172/1/1108 1168/1/1105 1170/1/1104
f 1173/1/1109 1174/1/1106 1168/1/1105 1172/1/1108
f 13/1/204 480/1/1084 1169/1/1103 144/1/1110
f 480/1/1084 479/1/1083 1170/1/1104 1169/1/1103
f 144/1/1110 1169/1/1103 1174/1/1106 143/1/1111
f 14/1/74 145/1/166 1171/1/1107 478/1/1082
f 145/1/166 146/1/168 1172/1/1108 1171/1/1107
f 478/1/1082 1171/1/1107 1170/1/1104 479/1/1083
f 25/1/173 142/1/1112 1173/1/1109 147/1/174
f 142/1/1112 143/1/1111 1174/1/1106 1173/1/1109
f 147/1/174 1173/1/1109 1172/1/1108 146/1/168
f 1176/1/1113 1177/1/1114 1175/1/1115 1181/1/1116
f 1178/1/1117 1179/1/1118 1175/1/1115 1177/1/1114
f 1180/1/1119 1181/1/1116 1175/1/1115 1179/1/1118
f 11/1/147 127/1/188 1176/1/1113 109/1/1015
f 127/1/188 128/1/185 1177/1/1114 1176/1/1113
f 109/1/1015 1176/1/1113 1181/1/1116 110/1/1017
f 15/1/92 151/1/94 1178/1/1117 129/1/183
f 151/1/94 152/1/91 1179/1/1118 1178/1/1117
f 129/1/183 1178/1/1117 1177/1/1114 128/1/185
f 8/1/17 111/1/1018 1180/1/1119 153/1/89
f 111/1/1018 110/1/1017 1181/1/1116 1180/1/1119
f 153/1/89 1180/1/1119 1179/1/1118 152/1/91
f 1183/1/1120 1184/1/1121 1182/1/1122 1188/1/1123
f 1185/1/1124 1186/1/1125 1182/1/1122 1184/1/1121
f 1187/1/1126 1188/1/1123 1182/1/1122 1186/1/1125
f 13/1/204 139/1/206 1183/1/1120 121/1/1040
f 139/1/206 140/1/202 1184/1/1121 1183/1/1120
f 121/1/1040 1183/1/1120 1188/1/1123 122/1/1042
f 20/1/127 154/1/129 1185/1/1124 141/1/200
f 154/1/129 155/1/126 1186/1/1125 1185/1/1124
f 141/1/200 1185/1/1124 1184/1/1121 140/1/202
f 10/1/36 123/1/1043 1187/1/1126 156/1/124
f 123/1/1043 122/1/1042 1188/1/1123 1187/1/1126
f 156/1/124 1187/1/1126 1186/1/1125 155/1/126
f 1190/1/1127 1191/1/1128 1189/1/1129 1195/1/1130
f 1192/1/1131 1193/1/1132 1189/1/1129 1191/1/1128
f 1194/1/1133 1195/1/1130 1189/1/1129 1193/1/1132
f 12/1/119 133/1/223 1190/1/1127 115/1/1065
f 133/1/223 134/1/220 1191/1/1128 1190/1/1127
f 115/1/1065 1190/1/1127 1195/1/1130 116/1/1066
f 18/1/155 157/1/157 1192/1/1131 135/1/218
f 157/1/157 158/1/154 1193/1/1132 1192/1/1131
f 135/1/218 1192/1/1131 1191/1/1128 134/1/220
f 9/1/55 117/1/1067 1194/1/1133 159/1/152
f 117/1/1067 116/1/1066 1195/1/1130 1194/1/1133
f 159/1/152 1194/1/1133 1193/1/1132 158/1/154
f 1197/1/1134 1198/1/1135 1196/1/1136 1202/1/1137
f 1199/1/1138 1200/1/1139 1196/1/1136 1198/1/1135
f 1201/1/1140 1202/1/1137 1196/1/1136 1200/1/1139
f 20/1/127 163/1/271 1197/1/1134 136/1/128
f 163/1/271 164/1/268 1198/1/1135 1197/1/1134
f 136/1/128 1197/1/1134 1202/1/1137 137/1/123
f 19/1/225 169/1/227 1199/1/1138 165/1/266
f 169/1/227 170/1/224 1200/1/1139 1199/1/1138
f 165/1/266 1199/1/1138 1198/1/1135 164/1/268
f 12/1/119 138/1/121 1201/1/1140 171/1/222
f 138/1/121 137/1/123 1202/1/1137 1201/1/1140
f 171/1/222 1201/1/1140 1200/1/1139 170/1/224
f 1204/1/1141 1205/1/1142 1203/1/1143 1209/1/1144
f 1206/1/1145 1207/1/1146 1203/1/1143 1205/1/1142
f 1208/1/1147 1209/1/1144 1203/1/1143 1207/1/1146
f 16/1/109 489/1/347 1204/1/1141 148/1/110
f 489/1/347 488/1/349 1205/1/1142 1204/1/1141
f 148/1/110 1204/1/1141 1209/1/1144 149/1/105
f 26/1/169 172/1/171 1206/1/1145 487/1/354
f 172/1/171 173/1/167 1207/1/1146 1206/1/1145
f 487/1/354 1206/1/1145 1205/1/1142 488/1/349
f 14/1/74 150/1/103 1208/1/1147 174/1/165
f 150/1/103 149/1/105 1209/1/1144 1208/1/1147
f 174/1/165 1208/1/1147 1207/1/1146 173/1/167
f 1211/1/1148 1212/1/1149 1210/1/1150 1216/1/1151
f 1213/1/1152 1214/1/1153 1210/1/1150 1212/1/1149
f 1215/1/1154 1216/1/1151 1210/1/1150 1214/1/1153
f 18/1/155 160/1/254 1211/1/1148 130/1/156
f 160/1/254 161/1/251 1212/1/1149 1211/1/1148
f 130/1/156 1211/1/1148 1216/1/1151 131/1/151
f 17/1/190 175/1/192 1213/1/1152 162/1/249
f 175/1/192 176/1/189 1214/1/1153 1213/1/1152
f 162/1/249 1213/1/1152 1212/1/1149 161/1/251
f 11/1/147 132/1/149 1215/1/1154 177/1/187
f 132/1/149 131/1/151 1216/1/1151 1215/1/1154
f 177/1/187 1215/1/1154 1214/1/1153 176/1/189
f 1218/1/1155 1219/1/1156 1217/1/1157 1223/1/1158
f 1220/1/1159 1221/1/1160 1217/1/1157 1219/1/1156
f 1222/1/1161 1223/1/1158 1217/1/1157 1221/1/1160
f 25/1/173 196/1/1162 1218/1/1155 142/1/1112
f 196/1/1162 197/1/1163 1219/1/1156 1218/1/1155
f 142/1/1112 1218/1/1155 1223/1/1158 143/1/1111
f 21/1/208 178/1/210 1220/1/1159 198/1/1164
f 178/1/210 179/1/207 1221/1/1160 1220/1/1159
f 198/1/1164 1220/1/1159 1219/1/1156 197/1/1163
f 13/1/204 144/1/1110 1222/1/1161 180/1/205
f 144/1/1110 143/1/1111 1223/1/1158 1222/1/1161
f 180/1/205 1222/1/1161 1221/1/1160 179/1/207
f 1225/1/1165 1226/1/1166 1224/1/1167 1230/1/1168
f 1227/1/1169 1228/1/1170 1224/1/1167 1226/1/1166
f 1229/1/1171 1230/1/1168 1224/1/1167 1228/1/1170
f 15/1/92 492/1/184 1225/1/1165 204/1/334
f 492/1/184 491/1/186 1226/1/1166 1225/1/1165
f 204/1/334 1225/1/1165 1230/1/1168 203/1/335
f 17/1/190 513/1/377 1227/1/1169 490/1/191
f 513/1/377 512/1/379 1228/1/1170 1227/1/1169
f 490/1/191 1227/1/1169 1226/1/1166 491/1/186
f 27/1/336 202/1/338 1229/1/1171 511/1/384
f 202/1/338 203/1/335 1230/1/1168 1229/1/1171
f 511/1/384 1229/1/1171 1228/1/1170 512/1/379
f 1232/1/1172 1233/1/1173 1231/1/1174 1237/1/1175
f 1234/1/1176 1235/1/1177 1231/1/1174 1233/1/1173
f 1236/1/1178 1237/1/1175 1231/1/1174 1235/1/1177
f 20/1/127 498/1/201 1232/1/1172 228/1/365
f 498/1/201 497/1/203 1233/1/1173 1232/1/1172
f 228/1/365 1232/1/1172 1237/1/1175 227/1/366
f 21/1/208 507/1/284 1234/1/1176 496/1/209
f 507/1/284 506/1/286 1235/1/1177 1234/1/1176
f 496/1/209 1234/1/1176 1233/1/1173 497/1/203
f 30/1/291 226/1/368 1236/1/1178 505/1/292
f 226/1/368 227/1/366 1237/1/1175 1236/1/1178
f 505/1/292 1236/1/1178 1235/1/1177 506/1/286
f 1239/1/1179 1240/1/1180 1238/1/1181 1244/1/1182
f 1241/1/1183 1242/1/1184 1238/1/1181 1240/1/1180
f 1243/1/1185 1244/1/1182 1238/1/1181 1242/1/1184
f 18/1/155 501/1/219 1239/1/1179 189/1/303
f 501/1/219 500/1/221 1240/1/1180 1239/1/1179
f 189/1/303 1239/1/1179 1244/1/1182 188/1/304
f 19/1/225 510/1/316 1241/1/1183 499/1/226
f 510/1/316 509/1/318 1242/1/1184 1241/1/1183
f 499/1/226 1241/1/1183 1240/1/1180 500/1/221
f 28/1/305 187/1/307 1243/1/1185 508/1/323
f 187/1/307 188/1/304 1244/1/1182 1243/1/1185
f 508/1/323 1243/1/1185 1242/1/1184 509/1/318
f 1246/1/1186 1247/1/1187 1245/1/1188 1251/1/1189
f 1248/1/1190 1249/1/1191 1245/1/1188 1247/1/1187
f 1250/1/1192 1251/1/1189 1245/1/1188 1249/1/1191
f 23/1/256 205/1/459 1246/1/1186 181/1/257
f 205/1/459 206/1/456 1247/1/1187 1246/1/1186
f 181/1/257 1246/1/1186 1251/1/1189 182/1/252
f 34/1/380 214/1/382 1248/1/1190 207/1/454
f 214/1/382 215/1/378 1249/1/1191 1248/1/1190
f 207/1/454 1248/1/1190 1247/1/1187 206/1/456
f 17/1/190 183/1/250 1250/1/1192 216/1/376
f 183/1/250 182/1/252 1251/1/1189 1250/1/1192
f 216/1/376 1250/1/1192 1249/1/1191 215/1/378
f 1253/1/1193 1254/1/1194 1252/1/1195 1258/1/1196
f 1255/1/1197 1256/1/1198 1252/1/1195 1254/1/1194
f 1257/1/1199 1258/1/1196 1252/1/1195 1256/1/1198
f 25/1/173 208/1/398 1253/1/1193 196/1/1162
f 208/1/398 209/1/395 1254/1/1194 1253/1/1193
f 196/1/1162 1253/1/1193 1258/1/1196 197/1/1163
f 41/1/287 217/1/289 1255/1/1197 210/1/393
f 217/1/289 218/1/285 1256/1/1198 1255/1/1197
f 210/1/393 1255/1/1197 1254/1/1194 209/1/395
f 21/1/208 198/1/1164 1257/1/1199 219/1/283
f 198/1/1164 197/1/1163 1258/1/1196 1257/1/1199
f 219/1/283 1257/1/1199 1256/1/1198 218/1/285
f 1260/1/1200 1261/1/1201 1259/1/1202 1265/1/1203
f 1262/1/1204 1263/1/1205 1259/1/1202 1261/1/1201
f 1264/1/1206 1265/1/1203 1259/1/1202 1263/1/1205
f 26/1/169 243/1/1207 1260/1/1200 199/1/170
f 243/1/1207 242/1/1208 1261/1/1201 1260/1/1200
f 199/1/170 1260/1/1200 1265/1/1203 200/1/172
f 31/1/1209 517/1/1210 1262/1/1204 241/1/1211
f 517/1/1210 518/1/1212 1263/1/1205 1262/1/1204
f 241/1/1211 1262/1/1204 1261/1/1201 242/1/1208
f 25/1/173 201/1/175 1264/1/1206 519/1/1213
f 201/1/175 200/1/172 1265/1/1203 1264/1/1206
f 519/1/1213 1264/1/1206 1263/1/1205 518/1/1212
f 1267/1/1214 1268/1/1215 1266/1/1216 1272/1/1217
f 1269/1/1218 1270/1/1219 1266/1/1216 1268/1/1215
f 1271/1/1220 1272/1/1217 1266/1/1216 1270/1/1219
f 24/1/273 528/1/425 1267/1/1214 190/1/274
f 528/1/425 527/1/427 1268/1/1215 1267/1/1214
f 190/1/274 1267/1/1214 1272/1/1217 191/1/269
f 29/1/319 220/1/321 1269/1/1218 526/1/432
f 220/1/321 221/1/317 1270/1/1219 1269/1/1218
f 526/1/432 1269/1/1218 1268/1/1215 527/1/427
f 19/1/225 192/1/267 1271/1/1220 222/1/315
f 192/1/267 191/1/269 1272/1/1217 1271/1/1220
f 222/1/315 1271/1/1220 1270/1/1219 221/1/317
f 1274/1/1221 1275/1/1222 1273/1/1223 1279/1/1224
f 1276/1/1225 1277/1/1226 1273/1/1223 1275/1/1222
f 1278/1/1227 1279/1/1224 1273/1/1223 1277/1/1226
f 22/1/239 211/1/445 1274/1/1221 493/1/240
f 211/1/445 212/1/443 1275/1/1222 1274/1/1221
f 493/1/240 1274/1/1221 1279/1/1224 494/1/236
f 43/1/350 223/1/352 1276/1/1225 213/1/441
f 223/1/352 224/1/348 1277/1/1226 1276/1/1225
f 213/1/441 1276/1/1225 1275/1/1222 212/1/443
f 16/1/109 495/1/235 1278/1/1227 225/1/346
f 495/1/235 494/1/236 1279/1/1224 1278/1/1227
f 225/1/346 1278/1/1227 1277/1/1226 224/1/348
f 1281/1/1228 1282/1/1229 1280/1/1230 1286/1/1231
f 1283/1/1232 1284/1/1233 1280/1/1230 1282/1/1229
f 1285/1/1234 1286/1/1231 1280/1/1230 1284/1/1233
f 23/1/256 516/1/301 1281/1/1228 234/1/458
f 516/1/301 515/1/302 1282/1/1229 1281/1/1228
f 234/1/458 1281/1/1228 1286/1/1231 233/1/460
f 28/1/305 247/1/507 1283/1/1232 514/1/306
f 247/1/507 248/1/504 1284/1/1233 1283/1/1232
f 514/1/306 1283/1/1232 1282/1/1229 515/1/302
f 35/1/461 232/1/463 1285/1/1234 249/1/502
f 232/1/463 233/1/460 1286/1/1231 1285/1/1234
f 249/1/502 1285/1/1234 1284/1/1233 248/1/504
f 1288/1/1235 1289/1/1236 1287/1/1237 1293/1/1238
f 1290/1/1239 1291/1/1240 1287/1/1237 1289/1/1236
f 1292/1/1241 1293/1/1238 1287/1/1237 1291/1/1240
f 25/1/173 519/1/1213 1288/1/1235 237/1/397
f 519/1/1213 518/1/1212 1289/1/1236 1288/1/1235
f 237/1/397 1288/1/1235 1293/1/1238 236/1/399
f 31/1/1209 282/1/1242 1290/1/1239 517/1/1210
f 282/1/1242 281/1/1243 1291/1/1240 1290/1/1239
f 517/1/1210 1290/1/1239 1289/1/1236 518/1/1212
f 38/1/400 235/1/402 1292/1/1241 280/1/1244
f 235/1/402 236/1/399 1293/1/1238 1292/1/1241
f 280/1/1244 1292/1/1241 1291/1/1240 281/1/1243
f 1295/1/1245 1296/1/1246 1294/1/1247 1300/1/1248
f 1297/1/1249 1298/1/1250 1294/1/1247 1296/1/1246
f 1299/1/1251 1300/1/1248 1294/1/1247 1298/1/1250
f 26/1/169 525/1/355 1295/1/1245 243/1/1207
f 525/1/355 524/1/353 1296/1/1246 1295/1/1245
f 243/1/1207 1295/1/1245 1300/1/1248 242/1/1208
f 43/1/350 532/1/1252 1297/1/1249 523/1/351
f 532/1/1252 533/1/1253 1298/1/1250 1297/1/1249
f 523/1/351 1297/1/1249 1296/1/1246 524/1/353
f 31/1/1209 241/1/1211 1299/1/1251 534/1/1254
f 241/1/1211 242/1/1208 1300/1/1248 1299/1/1251
f 534/1/1254 1299/1/1251 1298/1/1250 533/1/1253
f 1302/1/1255 1303/1/1256 1301/1/1257 1307/1/1258
f 1304/1/1259 1305/1/1260 1301/1/1257 1303/1/1256
f 1306/1/1261 1307/1/1258 1301/1/1257 1305/1/1260
f 24/1/273 531/1/363 1302/1/1255 246/1/424
f 531/1/363 530/1/364 1303/1/1256 1302/1/1255
f 246/1/424 1302/1/1255 1307/1/1258 245/1/426
f 30/1/291 250/1/490 1304/1/1259 529/1/367
f 250/1/490 251/1/487 1305/1/1260 1304/1/1259
f 529/1/367 1304/1/1259 1303/1/1256 530/1/364
f 32/1/428 244/1/430 1306/1/1261 252/1/485
f 244/1/430 245/1/426 1307/1/1258 1306/1/1261
f 252/1/485 1306/1/1261 1305/1/1260 251/1/487
f 1309/1/1262 1310/1/1263 1308/1/1264 1314/1/1265
f 1311/1/1266 1312/1/1267 1308/1/1264 1310/1/1263
f 1313/1/1268 1314/1/1265 1308/1/1264 1312/1/1267
f 27/1/336 276/1/1269 1309/1/1262 268/1/412
f 276/1/1269 275/1/1270 1310/1/1263 1309/1/1262
f 268/1/412 1309/1/1262 1314/1/1265 269/1/413
f 39/1/620 253/1/1271 1311/1/1266 274/1/1272
f 253/1/1271 254/1/1273 1312/1/1267 1311/1/1266
f 274/1/1272 1311/1/1266 1310/1/1263 275/1/1270
f 33/1/414 270/1/416 1313/1/1268 255/1/1274
f 270/1/416 269/1/413 1314/1/1265 1313/1/1268
f 255/1/1274 1313/1/1268 1312/1/1267 254/1/1273
f 1316/1/1275 1317/1/1276 1315/1/1277 1321/1/1278
f 1318/1/1279 1319/1/1280 1315/1/1277 1317/1/1276
f 1320/1/1281 1321/1/1278 1315/1/1277 1319/1/1280
f 31/1/1209 534/1/1254 1316/1/1275 271/1/1282
f 534/1/1254 533/1/1253 1317/1/1276 1316/1/1275
f 271/1/1282 1316/1/1275 1321/1/1278 272/1/1283
f 43/1/350 298/1/640 1318/1/1279 532/1/1252
f 298/1/640 299/1/637 1319/1/1280 1318/1/1279
f 532/1/1252 1318/1/1279 1317/1/1276 533/1/1253
f 42/1/634 273/1/1284 1320/1/1281 300/1/635
f 273/1/1284 272/1/1283 1321/1/1278 1320/1/1281
f 300/1/635 1320/1/1281 1319/1/1280 299/1/637
f 1323/1/1285 1324/1/1286 1322/1/1287 1328/1/1288
f 1325/1/1289 1326/1/1290 1322/1/1287 1324/1/1286
f 1327/1/1291 1328/1/1288 1322/1/1287 1326/1/1290
f 29/1/319 537/1/433 1323/1/1285 267/1/473
f 537/1/433 536/1/431 1324/1/1286 1323/1/1285
f 267/1/473 1323/1/1285 1328/1/1288 266/1/474
f 32/1/428 262/1/576 1325/1/1289 535/1/429
f 262/1/576 263/1/573 1326/1/1290 1325/1/1289
f 535/1/429 1325/1/1289 1324/1/1286 536/1/431
f 36/1/475 265/1/477 1327/1/1291 264/1/571
f 265/1/477 266/1/474 1328/1/1288 1327/1/1291
f 264/1/571 1327/1/1291 1326/1/1290 263/1/573
f 1330/1/1292 1331/1/1293 1329/1/1294 1335/1/1295
f 1332/1/1296 1333/1/1297 1329/1/1294 1331/1/1293
f 1334/1/1298 1335/1/1295 1329/1/1294 1333/1/1297
f 27/1/336 540/1/385 1330/1/1292 276/1/1269
f 540/1/385 539/1/383 1331/1/1293 1330/1/1292
f 276/1/1269 1330/1/1292 1335/1/1295 275/1/1270
f 34/1/380 256/1/671 1332/1/1296 538/1/381
f 256/1/671 257/1/669 1333/1/1297 1332/1/1296
f 538/1/381 1332/1/1296 1331/1/1293 539/1/383
f 39/1/620 274/1/1272 1334/1/1298 258/1/668
f 274/1/1272 275/1/1270 1335/1/1295 1334/1/1298
f 258/1/668 1334/1/1298 1333/1/1297 257/1/669
f 1337/1/1299 1338/1/1300 1336/1/1301 1342/1/1302
f 1339/1/1303 1340/1/1304 1336/1/1301 1338/1/1300
f 1341/1/1305 1342/1/1302 1336/1/1301 1340/1/1304
f 30/1/291 543/1/293 1337/1/1299 279/1/489
f 543/1/293 542/1/290 1338/1/1300 1337/1/1299
f 279/1/489 1337/1/1299 1342/1/1302 278/1/491
f 41/1/287 550/1/684 1339/1/1303 541/1/288
f 550/1/684 551/1/682 1340/1/1304 1339/1/1303
f 541/1/288 1339/1/1303 1338/1/1300 542/1/290
f 37/1/492 277/1/494 1341/1/1305 552/1/681
f 277/1/494 278/1/491 1342/1/1302 1341/1/1305
f 552/1/681 1341/1/1305 1340/1/1304 551/1/682
f 1344/1/1306 1345/1/1307 1343/1/1308 1349/1/1309
f 1346/1/1310 1347/1/1311 1343/1/1308 1345/1/1307
f 1348/1/1312 1349/1/1309 1343/1/1308 1347/1/1311
f 31/1/1209 271/1/1282 1344/1/1306 282/1/1242
f 271/1/1282 272/1/1283 1345/1/1307 1344/1/1306
f 282/1/1242 1344/1/1306 1349/1/1309 281/1/1243
f 42/1/634 565/1/1313 1346/1/1310 273/1/1284
f 565/1/1313 566/1/1314 1347/1/1311 1346/1/1310
f 273/1/1284 1346/1/1310 1345/1/1307 272/1/1283
f 38/1/400 280/1/1244 1348/1/1312 567/1/1315
f 280/1/1244 281/1/1243 1349/1/1309 1348/1/1312
f 567/1/1315 1348/1/1312 1347/1/1311 566/1/1314
f 1351/1/1316 1352/1/1317 1350/1/1318 1356/1/1319
f 1353/1/1320 1354/1/1321 1350/1/1318 1352/1/1317
f 1355/1/1322 1356/1/1319 1350/1/1318 1354/1/1321
f 28/1/305 546/1/471 1351/1/1316 285/1/506
f 546/1/471 545/1/472 1352/1/1317 1351/1/1316
f 285/1/506 1351/1/1316 1356/1/1319 284/1/508
f 36/1/475 259/1/606 1353/1/1320 544/1/476
f 259/1/606 260/1/604 1354/1/1321 1353/1/1320
f 544/1/476 1353/1/1320 1352/1/1317 545/1/472
f 40/1/509 283/1/511 1355/1/1322 261/1/602
f 283/1/511 284/1/508 1356/1/1319 1355/1/1322
f 261/1/602 1355/1/1322 1354/1/1321 260/1/604
f 1358/1/1323 1359/1/1324 1357/1/1325 1363/1/1326
f 1360/1/1327 1361/1/1328 1357/1/1325 1359/1/1324
f 1362/1/1329 1363/1/1326 1357/1/1325 1361/1/1328
f 38/1/400 309/1/1330 1358/1/1323 306/1/549
f 309/1/1330 308/1/1331 1359/1/1324 1358/1/1323
f 306/1/549 1358/1/1323 1363/1/1326 305/1/550
f 48/1/1332 577/1/1333 1360/1/1327 307/1/1334
f 577/1/1333 578/1/1335 1361/1/1328 1360/1/1327
f 307/1/1334 1360/1/1327 1359/1/1324 308/1/1331
f 47/1/551 304/1/553 1362/1/1329 579/1/1336
f 304/1/553 305/1/550 1363/1/1326 1362/1/1329
f 579/1/1336 1362/1/1329 1361/1/1328 578/1/1335
f 1365/1/1337 1366/1/1338 1364/1/1339 1370/1/1340
f 1367/1/1341 1368/1/1342 1364/1/1339 1366/1/1338
f 1369/1/1343 1370/1/1340 1364/1/1339 1368/1/1342
f 38/1/400 567/1/1315 1365/1/1337 309/1/1330
f 567/1/1315 566/1/1314 1366/1/1338 1365/1/1337
f 309/1/1330 1365/1/1337 1370/1/1340 308/1/1331
f 42/1/634 336/1/1344 1367/1/1341 565/1/1313
f 336/1/1344 335/1/1345 1368/1/1342 1367/1/1341
f 565/1/1313 1367/1/1341 1366/1/1338 566/1/1314
f 48/1/1332 307/1/1334 1369/1/1343 334/1/1346
f 307/1/1334 308/1/1331 1370/1/1340 1369/1/1343
f 334/1/1346 1369/1/1343 1368/1/1342 335/1/1345
f 1372/1/1347 1373/1/1348 1371/1/1349 1377/1/1350
f 1374/1/1351 1375/1/1352 1371/1/1349 1373/1/1348
f 1376/1/1353 1377/1/1350 1371/1/1349 1375/1/1352
f 33/1/414 255/1/1274 1372/1/1347 312/1/656
f 255/1/1274 254/1/1273 1373/1/1348 1372/1/1347
f 312/1/656 1372/1/1347 1377/1/1350 311/1/658
f 39/1/620 295/1/622 1374/1/1351 253/1/1271
f 295/1/622 296/1/618 1375/1/1352 1374/1/1351
f 253/1/1271 1374/1/1351 1373/1/1348 254/1/1273
f 44/1/615 310/1/660 1376/1/1353 297/1/616
f 310/1/660 311/1/658 1377/1/1350 1376/1/1353
f 297/1/616 1376/1/1353 1375/1/1352 296/1/618
f 1379/1/1354 1380/1/1355 1378/1/1356 1384/1/1357
f 1381/1/1358 1382/1/1359 1378/1/1356 1380/1/1355
f 1383/1/1360 1384/1/1357 1378/1/1356 1382/1/1359
f 32/1/428 576/1/588 1379/1/1354 315/1/575
f 576/1/588 575/1/589 1380/1/1355 1379/1/1354
f 315/1/575 1379/1/1354 1384/1/1357 314/1/577
f 51/1/592 322/1/1100 1381/1/1358 574/1/593
f 322/1/1100 323/1/1099 1382/1/1359 1381/1/1358
f 574/1/593 1381/1/1358 1380/1/1355 575/1/589
f 46/1/578 313/1/580 1383/1/1360 324/1/1098
f 313/1/580 314/1/577 1384/1/1357 1383/1/1360
f 324/1/1098 1383/1/1360 1382/1/1359 323/1/1099
f 1386/1/1361 1387/1/1362 1385/1/1363 1391/1/1364
f 1388/1/1365 1389/1/1366 1385/1/1363 1387/1/1362
f 1390/1/1367 1391/1/1364 1385/1/1363 1389/1/1366
f 43/1/350 573/1/442 1386/1/1361 339/1/639
f 573/1/442 572/1/444 1387/1/1362 1386/1/1361
f 339/1/639 1386/1/1361 1391/1/1364 338/1/641
f 33/1/414 301/1/657 1388/1/1365 571/1/446
f 301/1/657 302/1/654 1389/1/1366 1388/1/1365
f 571/1/446 1388/1/1365 1387/1/1362 572/1/444
f 52/1/642 337/1/644 1390/1/1367 303/1/652
f 337/1/644 338/1/641 1391/1/1364 1390/1/1367
f 303/1/652 1390/1/1367 1389/1/1366 302/1/654
f 1393/1/1368 1394/1/1369 1392/1/1370 1398/1/1371
f 1395/1/1372 1396/1/1373 1392/1/1370 1394/1/1369
f 1397/1/1374 1398/1/1371 1392/1/1370 1396/1/1373
f 40/1/509 582/1/603 1393/1/1368 333/1/561
f 582/1/603 581/1/605 1394/1/1369 1393/1/1368
f 333/1/561 1393/1/1368 1398/1/1371 332/1/562
f 46/1/578 319/1/1375 1395/1/1372 580/1/607
f 319/1/1375 320/1/1376 1396/1/1373 1395/1/1372
f 580/1/607 1395/1/1372 1394/1/1369 581/1/605
f 50/1/535 331/1/563 1397/1/1374 321/1/1377
f 331/1/563 332/1/562 1398/1/1371 1397/1/1374
f 321/1/1377 1397/1/1374 1396/1/1373 320/1/1376
f 1400/1/1378 1401/1/1379 1399/1/1380 1405/1/1381
f 1402/1/1382 1403/1/1383 1399/1/1380 1401/1/1379
f 1404/1/1384 1405/1/1381 1399/1/1380 1403/1/1383
f 42/1/634 585/1/636 1400/1/1378 336/1/1344
f 585/1/636 584/1/638 1401/1/1379 1400/1/1378
f 336/1/1344 1400/1/1378 1405/1/1381 335/1/1345
f 52/1/642 325/1/1385 1402/1/1382 583/1/643
f 325/1/1385 326/1/1386 1403/1/1383 1402/1/1382
f 583/1/643 1402/1/1382 1401/1/1379 584/1/638
f 48/1/1332 334/1/1346 1404/1/1384 327/1/1387
f 334/1/1346 335/1/1345 1405/1/1381 1404/1/1384
f 327/1/1387 1404/1/1384 1403/1/1383 326/1/1386
f 1407/1/1388 1408/1/1389 1406/1/1390 1412/1/1391
f 1409/1/1392 1410/1/1393 1406/1/1390 1408/1/1389
f 1411/1/1394 1412/1/1391 1406/1/1390 1410/1/1393
f 34/1/380 555/1/519 1407/1/1388 342/1/670
f 555/1/519 554/1/520 1408/1/1389 1407/1/1388
f 342/1/670 1407/1/1388 1412/1/1391 341/1/672
f 45/1/523 597/1/723 1409/1/1392 553/1/524
f 597/1/723 596/1/725 1410/1/1393 1409/1/1392
f 553/1/524 1409/1/1392 1408/1/1389 554/1/520
f 49/1/624 340/1/673 1411/1/1394 595/1/730
f 340/1/673 341/1/672 1412/1/1391 1411/1/1394
f 595/1/730 1411/1/1394 1410/1/1393 596/1/725
f 1413/1/1395 1414/1/1396 1417/1/1397 1416/1/1398
f 1414/1/1396 1415/1/1399 1418/1/1400 1417/1/1397
f 1416/1/1398 1417/1/1397 1420/1/1401 1419/1/1402
f 1417/1/1397 1418/1/1400 1421/1/1403 1420/1/1401
f 7/1/84 124/1/107 1413/1/1395 91/1/1055
f 124/1/107 125/1/104 1414/1/1396 1413/1/1395
f 125/1/104 126/1/102 1415/1/1399 1414/1/1396
f 126/1/102 14/1/74 82/1/76 1415/1/1399
f 1415/1/1399 82/1/76 83/1/73 1418/1/1400
f 1418/1/1400 83/1/73 84/1/71 1421/1/1403
f 1421/1/1403 84/1/71 6/1/70 81/1/888
f 1420/1/1401 1421/1/1403 81/1/888 80/1/885
f 1419/1/1402 1420/1/1401 80/1/885 79/1/883
f 93/1/1053 1419/1/1402 79/1/883 61/1/8
f 92/1/1054 1416/1/1398 1419/1/1402 93/1/1053
f 91/1/1055 1413/1/1395 1416/1/1398 92/1/1054
f 1423/1/1404 1424/1/1405 1422/1/1406 1428/1/1407
f 1425/1/1408 1426/1/1409 1422/1/1406 1424/1/1405
f 1427/1/1410 1428/1/1407 1422/1/1406 1426/1/1409
f 41/1/287 561/1/547 1423/1/1404 345/1/683
f 561/1/547 560/1/548 1424/1/1405 1423/1/1404
f 345/1/683 1423/1/1404 1428/1/1407 344/1/685
f 47/1/551 600/1/740 1425/1/1408 559/1/552
f 600/1/740 599/1/742 1426/1/1409 1425/1/1408
f 559/1/552 1425/1/1408 1424/1/1405 560/1/548
f 51/1/592 343/1/686 1427/1/1410 598/1/747
f 343/1/686 344/1/685 1428/1/1407 1427/1/1410
f 598/1/747 1427/1/1410 1426/1/1409 599/1/742
f 1430/1/1411 1431/1/1412 1429/1/1413 1435/1/1414
f 1432/1/1415 1433/1/1416 1429/1/1413 1431/1/1412
f 1434/1/1417 1435/1/1414 1429/1/1413 1433/1/1416
f 52/1/642 378/1/1418 1430/1/1411 325/1/1385
f 378/1/1418 377/1/1419 1431/1/1412 1430/1/1411
f 325/1/1385 1430/1/1411 1435/1/1414 326/1/1386
f 60/1/831 346/1/1420 1432/1/1415 376/1/1421
f 346/1/1420 347/1/1422 1433/1/1416 1432/1/1415
f 376/1/1421 1432/1/1415 1431/1/1412 377/1/1419
f 48/1/1332 327/1/1387 1434/1/1417 348/1/1423
f 327/1/1387 326/1/1386 1435/1/1414 1434/1/1417
f 348/1/1423 1434/1/1417 1433/1/1416 347/1/1422
f 1437/1/1424 1438/1/1425 1436/1/1426 1442/1/1427
f 1439/1/1428 1440/1/1429 1436/1/1426 1438/1/1425
f 1441/1/1430 1442/1/1427 1436/1/1426 1440/1/1429
f 45/1/523 603/1/539 1437/1/1424 354/1/722
f 603/1/539 602/1/538 1438/1/1425 1437/1/1424
f 354/1/722 1437/1/1424 1442/1/1427 353/1/724
f 50/1/535 369/1/1431 1439/1/1428 601/1/536
f 369/1/1431 368/1/1432 1440/1/1429 1439/1/1428
f 601/1/536 1439/1/1428 1438/1/1425 602/1/538
f 56/1/726 352/1/728 1441/1/1430 367/1/1433
f 352/1/728 353/1/724 1442/1/1427 1441/1/1430
f 367/1/1433 1441/1/1430 1440/1/1429 368/1/1432
f 1444/1/1434 1445/1/1435 1443/1/1436 1449/1/1437
f 1446/1/1438 1447/1/1439 1443/1/1436 1445/1/1435
f 1448/1/1440 1449/1/1437 1443/1/1436 1447/1/1439
f 47/1/551 360/1/1441 1444/1/1434 357/1/739
f 360/1/1441 359/1/1442 1445/1/1435 1444/1/1434
f 357/1/739 1444/1/1434 1449/1/1437 356/1/741
f 60/1/831 394/1/833 1446/1/1438 358/1/1443
f 394/1/833 395/1/835 1447/1/1439 1446/1/1438
f 358/1/1443 1446/1/1438 1445/1/1435 359/1/1442
f 59/1/743 355/1/745 1448/1/1440 396/1/837
f 355/1/745 356/1/741 1449/1/1437 1448/1/1440
f 396/1/837 1448/1/1440 1447/1/1439 395/1/835
f 1451/1/1444 1452/1/1445 1450/1/1446 1456/1/1447
f 1453/1/1448 1454/1/1449 1450/1/1446 1452/1/1445
f 1455/1/1450 1456/1/1447 1450/1/1446 1454/1/1449
f 47/1/551 579/1/1336 1451/1/1444 360/1/1441
f 579/1/1336 578/1/1335 1452/1/1445 1451/1/1444
f 360/1/1441 1451/1/1444 1456/1/1447 359/1/1442
f 48/1/1332 348/1/1423 1453/1/1448 577/1/1333
f 348/1/1423 347/1/1422 1454/1/1449 1453/1/1448
f 577/1/1333 1453/1/1448 1452/1/1445 578/1/1335
f 60/1/831 358/1/1443 1455/1/1450 346/1/1420
f 358/1/1443 359/1/1442 1456/1/1447 1455/1/1450
f 346/1/1420 1455/1/1450 1454/1/1449 347/1/1422
f 1458/1/1451 1459/1/1452 1457/1/1453 1463/1/1454
f 1460/1/1455 1461/1/1456 1457/1/1453 1459/1/1452
f 1462/1/1457 1463/1/1454 1457/1/1453 1461/1/1456
f 46/1/578 375/1/1458 1458/1/1451 319/1/1375
f 375/1/1458 374/1/1459 1459/1/1452 1458/1/1451
f 319/1/1375 1458/1/1451 1463/1/1454 320/1/1376
f 53/1/817 370/1/1460 1460/1/1455 373/1/1461
f 370/1/1460 371/1/1462 1461/1/1456 1460/1/1455
f 373/1/1461 1460/1/1455 1459/1/1452 374/1/1459
f 50/1/535 321/1/1377 1462/1/1457 372/1/1463
f 321/1/1377 320/1/1376 1463/1/1454 1462/1/1457
f 372/1/1463 1462/1/1457 1461/1/1456 371/1/1462
f 1465/1/1464 1466/1/1465 1464/1/1466 1470/1/1467
f 1467/1/1468 1468/1/1469 1464/1/1466 1466/1/1465
f 1469/1/1470 1470/1/1467 1464/1/1466 1468/1/1469
f 51/1/592 612/1/748 1465/1/1464 366/1/1101
f 612/1/748 611/1/746 1466/1/1465 1465/1/1464
f 366/1/1101 1465/1/1464 1470/1/1467 365/1/1102
f 59/1/743 391/1/805 1467/1/1468 610/1/744
f 391/1/805 392/1/807 1468/1/1469 1467/1/1468
f 610/1/744 1467/1/1468 1466/1/1465 611/1/746
f 58/1/776 364/1/1094 1469/1/1470 393/1/809
f 364/1/1094 365/1/1102 1470/1/1467 1469/1/1470
f 393/1/809 1469/1/1470 1468/1/1469 392/1/807
f 1472/1/1471 1473/1/1472 1471/1/1473 1477/1/1474
f 1474/1/1475 1475/1/1476 1471/1/1473 1473/1/1472
f 1476/1/1477 1477/1/1474 1471/1/1473 1475/1/1476
f 50/1/535 372/1/1463 1472/1/1471 369/1/1431
f 372/1/1463 371/1/1462 1473/1/1472 1472/1/1471
f 369/1/1431 1472/1/1471 1477/1/1474 368/1/1432
f 53/1/817 402/1/819 1474/1/1475 370/1/1460
f 402/1/819 401/1/821 1475/1/1476 1474/1/1475
f 370/1/1460 1474/1/1475 1473/1/1472 371/1/1462
f 56/1/726 367/1/1433 1476/1/1477 400/1/823
f 367/1/1433 368/1/1432 1477/1/1474 1476/1/1477
f 400/1/823 1476/1/1477 1475/1/1476 401/1/821
f 1479/1/1478 1480/1/1479 1478/1/1480 1484/1/1481
f 1481/1/1482 1482/1/1483 1478/1/1480 1480/1/1479
f 1483/1/1484 1484/1/1481 1478/1/1480 1482/1/1483
f 46/1/578 351/1/1097 1479/1/1478 375/1/1458
f 351/1/1097 350/1/1096 1480/1/1479 1479/1/1478
f 375/1/1458 1479/1/1478 1484/1/1481 374/1/1459
f 57/1/784 385/1/845 1481/1/1482 349/1/1095
f 385/1/845 386/1/846 1482/1/1483 1481/1/1482
f 349/1/1095 1481/1/1482 1480/1/1479 350/1/1096
f 53/1/817 373/1/1461 1483/1/1484 387/1/847
f 373/1/1461 374/1/1459 1484/1/1481 1483/1/1484
f 387/1/847 1483/1/1484 1482/1/1483 386/1/846
f 1486/1/1485 1487/1/1486 1485/1/1487 1491/1/1488
f 1488/1/1489 1489/1/1490 1485/1/1487 1487/1/1486
f 1490/1/1491 1491/1/1488 1485/1/1487 1489/1/1490
f 52/1/642 606/1/708 1486/1/1485 378/1/1418
f 606/1/708 605/1/709 1487/1/1486 1486/1/1485
f 378/1/1418 1486/1/1485 1491/1/1488 377/1/1419
f 54/1/712 397/1/836 1488/1/1489 604/1/713
f 397/1/836 398/1/834 1489/1/1490 1488/1/1489
f 604/1/713 1488/1/1489 1487/1/1486 605/1/709
f 60/1/831 376/1/1421 1490/1/1491 399/1/832
f 376/1/1421 377/1/1419 1491/1/1488 1490/1/1491
f 399/1/832 1490/1/1491 1489/1/1490 398/1/834
f 1493/1/1492 1494/1/1493 1492/1/1494 1498/1/1495
f 1495/1/1496 1496/1/1497 1492/1/1494 1494/1/1493
f 1497/1/1498 1498/1/1495 1492/1/1494 1496/1/1497
f 6/1/70 618/1/72 1493/1/1492 423/1/887
f 618/1/72 617/1/68 1494/1/1493 1493/1/1492
f 423/1/887 1493/1/1492 1498/1/1495 422/1/889
f 62/1/65 453/1/1003 1495/1/1496 616/1/66
f 453/1/1003 452/1/1004 1496/1/1497 1495/1/1496
f 616/1/66 1495/1/1496 1494/1/1493 617/1/68
f 64/1/890 421/1/892 1497/1/1498 451/1/1005
f 421/1/892 422/1/889 1498/1/1495 1497/1/1498
f 451/1/1005 1497/1/1498 1496/1/1497 452/1/1004
