# Blender 4.3.2
# www.blender.org
mtllib PuestoComida.mtl
o tripo_node_34ff3604-1612-4f93-a572-fefd0213cd6f
v -0.936143 0.112794 1.203094
v -0.938044 0.022335 1.200998
v -0.938876 0.315108 0.787256
v -0.938364 0.020409 -0.150914
v -0.938458 -0.019755 -0.159205
v -0.944570 0.310956 -0.022930
v -0.941492 0.313548 -0.167637
v -0.941090 0.312665 0.322495
v -0.937482 0.315920 0.104839
v -0.938029 0.312031 0.498584
v -0.945532 0.311186 -0.294256
v -0.942325 0.313470 0.644610
v -0.942043 0.311083 0.935911
v -0.939593 0.314018 -0.399551
v -0.940722 0.314776 0.411913
v -0.937508 0.314894 0.557863
v -0.930144 0.317853 -0.499985
v -0.943561 1.659875 -0.028194
v -0.924932 0.319914 0.829857
v -0.926531 0.318694 1.079883
v -0.938299 0.313998 -0.582660
v -0.937711 0.315026 -0.632122
v -0.940820 0.316620 1.028892
v -0.942089 1.660768 0.522978
v -0.928500 1.662370 0.669370
v -0.938328 0.315165 -0.794115
v -0.936329 0.318762 1.140672
v -0.929219 0.319465 0.897565
v -0.919091 0.320631 0.157271
v -0.937068 1.661802 0.627050
v -0.936921 0.135647 -1.184104
v -0.934789 0.315670 -0.935195
v -0.935047 0.024938 -1.309785
v -0.937878 0.110513 -1.284342
v -0.936890 0.199255 -1.181056
v -0.941363 1.659989 -0.291660
v -0.936554 0.269538 -1.002476
v -0.936470 -0.020639 -1.260787
v -0.940702 1.663104 -0.609422
v -0.931981 1.663001 0.899121
v -0.937497 1.667542 0.954862
v -0.936256 1.661869 0.824701
v -0.938617 1.664112 0.202177
v -0.938766 1.662752 -0.157174
v -0.941457 1.664535 0.414953
v -0.936372 1.662860 0.853677
v -0.937446 1.664934 1.101898
v -0.939187 1.661910 1.017040
v -0.919049 1.657075 0.130543
v -0.918848 0.319604 -0.440351
v -0.939015 1.665295 -0.465353
v -0.922704 0.320721 0.065893
v -0.936133 1.662920 0.079652
v -0.930589 1.662506 -0.802730
v -0.939005 1.663080 0.323846
v -0.913189 0.322234 -0.852094
v -0.930824 0.318353 -0.718396
v -0.938050 1.662853 -0.400740
v -0.931034 1.661821 -0.935334
v -0.926043 1.659120 -0.879317
v -0.932085 0.321071 0.766328
v -0.933071 1.658573 0.733335
v -0.935484 1.720308 0.505157
v -0.934259 1.723324 1.201209
v -0.934662 1.662368 -0.720557
v -0.934266 1.723009 -1.001468
v -0.934087 1.661090 -0.542683
v -0.922409 0.321869 -0.126005
v -0.924608 -0.027042 -0.233096
v -0.915787 0.321042 0.464415
v -0.917284 0.320494 0.241186
v -0.926108 0.318867 1.052229
v -0.914572 1.659310 0.983587
v -0.912688 1.659459 0.460506
v -0.925541 1.658562 1.078977
v -0.930013 0.105374 1.195516
v -0.929546 0.105358 -0.140441
v -0.915188 0.317784 0.021840
v -0.927287 0.317645 0.694353
v -0.924551 1.475423 -0.123785
v -0.925629 0.826858 1.075431
v -0.927238 0.685283 1.043101
v -0.927325 0.649480 1.049792
v -0.926802 0.676137 1.043798
v -0.918739 1.658566 -0.575513
v -0.929873 1.659626 0.938178
v -0.912461 1.658679 -0.677955
v -0.924666 0.318094 0.939137
v -0.928319 1.658931 0.869729
v -0.912955 1.659093 -0.430903
v -0.919894 1.658482 0.827034
v -0.914886 1.658958 -0.509331
v -0.869949 1.512631 -1.001975
v -0.913685 1.659275 -0.247889
v -0.910966 1.660959 0.372704
v -0.915311 0.317510 -0.659380
v -0.926890 0.665385 1.042789
v -0.926919 0.671797 1.043049
v -0.908506 1.660517 0.257620
v -0.912045 1.661594 -0.093964
v -0.910679 1.659534 0.035672
v -0.911951 1.660194 -0.349930
v -0.912718 1.657530 0.597555
v -0.909023 0.316842 0.372030
v -0.918016 0.317284 0.982797
v -0.927764 0.317639 -0.617543
v -0.910689 0.322274 -0.233527
v -0.913663 0.319488 -0.076846
v -0.927602 0.317198 -0.161728
v -0.932033 0.318063 -0.026175
v -0.913180 0.319377 0.593803
v -0.924407 0.317481 0.503563
v -0.916088 1.549849 -0.599634
v -0.924543 1.659998 0.504237
v -0.924530 1.659199 -0.033421
v -0.926500 1.660699 -0.621684
v -0.916421 1.659632 0.805399
v -0.926495 0.318261 0.645794
v -0.922342 1.660046 0.643332
v -0.919064 0.318791 0.553153
v -0.922987 1.660396 -0.159320
v -0.923343 1.661121 -0.306201
v -0.927431 0.316260 -0.301749
v -0.918437 0.317480 0.862326
v -0.911740 1.660949 0.560474
v -0.918712 0.317438 1.097058
v -0.925794 1.660100 0.311972
v -0.924234 1.546807 1.106770
v -0.925102 0.318316 -0.920361
v -0.921083 0.569408 1.118287
v -0.920420 1.660478 1.122728
v -0.925050 0.317333 0.313975
v -0.920484 1.659862 -0.904540
v -0.924476 0.317705 0.095192
v -0.906841 1.518776 -0.640764
v -0.920530 0.610691 1.140979
v -0.914320 1.527985 -0.923005
v -0.909292 1.660472 1.023667
v -0.906798 1.514463 0.664928
v -0.924793 0.316835 0.200837
v -0.924064 1.660008 0.092034
v -0.906502 1.555343 -0.001643
v -0.921764 1.514655 1.019769
v -0.920685 0.676248 1.050813
v -0.924715 1.660537 0.199580
v -0.922573 1.659237 -0.785175
v -0.913343 0.317495 -0.762397
v -0.922803 0.316887 0.419276
v -0.910299 1.551915 -0.880195
v -0.922398 0.317583 1.018328
v -0.915121 1.302047 -0.774340
v -0.913588 1.553251 0.180394
v -0.922330 1.660582 0.415925
v -0.905566 1.557317 0.887373
v -0.907867 1.516370 0.484759
v -0.908905 1.554296 -0.143753
v -0.921792 0.669784 1.049274
v -0.918893 1.541832 1.137181
v -0.909226 1.517016 0.562994
v -0.908689 1.551802 -0.184055
v -0.908992 0.317393 0.804985
v -0.918769 0.513108 1.121732
v -0.922337 1.660142 -0.733570
v -0.911845 0.317199 -0.353964
v -0.922084 0.317347 -0.733928
v -0.921709 0.318897 -0.475176
v -0.919212 1.453996 0.805473
v -0.908570 1.554004 0.487223
v -0.922312 1.659414 -0.475882
v -0.912829 1.548698 -0.747435
v -0.900198 0.316833 0.980507
v -0.920194 0.671419 1.049946
v -0.908264 0.316822 0.884881
v -0.907711 1.554978 0.114207
v -0.905460 1.558004 0.435531
v -0.908513 1.554252 1.026996
v -0.915356 1.628130 -0.915727
v -0.911174 1.548125 0.332668
v -0.910099 1.547121 0.630933
v -0.918304 0.317702 1.139919
v -0.920508 0.680221 1.049274
v -0.907125 1.514761 0.886483
v -0.913301 1.538646 0.910987
v -0.912268 1.542686 0.081815
v -0.909776 1.547041 0.953956
v -0.916902 0.317997 -0.392065
v -0.906658 1.515080 0.435761
v -0.920311 1.659565 -0.395275
v -0.906593 1.556523 1.089709
v -0.920425 1.507697 -0.395543
v -0.869228 0.110296 -1.289465
v -0.920086 0.318506 -0.547945
v -0.919667 1.519115 -0.548419
v -0.913714 1.542270 -0.719952
v -0.906473 1.557460 1.005010
v -0.908390 1.552091 0.803643
v -0.900902 0.317195 -0.659215
v -0.902296 1.513662 0.168786
v -0.903181 1.513475 1.000331
v -0.914870 1.532553 -0.465337
v -0.871548 -0.018410 -0.164060
v -0.899263 0.317327 0.450892
v -0.901953 0.317257 0.673742
v -0.914701 1.316884 0.695390
v -0.908801 1.523029 -0.487488
v -0.911656 1.549676 -0.281237
v -0.906007 1.557326 -0.491551
v -0.909401 1.068791 0.704874
v -0.911013 1.519070 0.823892
v -0.911410 1.374021 0.703085
v -0.899121 1.514514 0.062133
v -0.901322 1.660165 0.848277
v -0.905199 1.515622 -0.873493
v -0.910708 1.552956 0.822818
v -0.867947 1.662817 -0.990040
v -0.895194 0.316491 -0.830958
v -0.892845 0.317224 -0.228531
v -0.899975 1.514125 -0.199517
v -0.898231 1.659566 -0.660764
v -0.908391 1.659292 -0.564088
v -0.901799 1.515076 0.121459
v -0.897145 0.317603 0.142487
v -0.893616 0.318318 0.607787
v -0.899901 0.317171 -0.507028
v -0.908949 1.520565 -0.405985
v -0.905553 1.516470 1.088052
v -0.900780 0.498944 1.138338
v -0.892607 0.317453 0.034463
v -0.911537 1.281151 0.704550
v -0.908514 1.525295 -0.321826
v -0.908843 1.517820 0.292336
v -0.906280 1.515660 -0.783672
v -0.909102 1.554415 0.857825
v -0.911171 1.534337 0.213477
v -0.904013 1.516043 0.001805
v -0.908082 1.555642 -0.538905
v -0.904193 1.514793 -0.375344
v -0.909155 1.555324 -0.555019
v -0.901812 1.559658 0.285656
v -0.905557 1.556326 -0.806149
v -0.906321 1.558575 -0.782883
v -0.911551 1.550143 -0.388595
v -0.911032 1.551231 -0.050579
v -0.905597 1.559122 -0.917671
v -0.900562 1.559977 0.384644
v -0.909065 1.555863 -0.407597
v -0.903978 1.557899 0.564273
v -0.896491 1.660629 0.984820
v -0.906933 1.558455 0.662211
v -0.905824 1.659779 0.663816
v -0.892621 1.660476 0.354807
v -0.897999 1.510897 0.351546
v -0.909305 1.519446 0.400562
v -0.901933 0.317298 -0.580644
v -0.901246 1.512474 -0.583993
v -0.890485 0.318518 0.350157
v -0.897058 1.513453 -0.065948
v -0.904735 1.516132 -0.536124
v -0.895853 0.317582 -0.117111
v -0.907350 1.660318 0.752641
v -0.868891 -0.014833 -1.288160
v -0.868580 1.555960 -1.002257
v -0.859131 1.723574 1.143585
v -0.904426 1.514905 -0.268191
v -0.903399 1.660980 0.891041
v -0.907915 0.319644 0.734534
v -0.907813 1.557045 0.740379
v -0.900902 0.317552 0.848653
v -0.903041 1.559495 -0.456597
v -0.898220 1.512881 -0.443241
v -0.907645 1.514318 0.737061
v -0.908003 1.659856 -0.782883
v -0.910822 1.520753 -0.752343
v -0.907287 1.278861 0.701426
v -0.871685 1.510914 1.201113
v -0.876105 1.512188 1.139752
v -0.892287 1.660847 0.036351
v -0.896005 0.316567 -0.439072
v -0.904363 1.514292 0.795014
v -0.906057 1.517554 -0.808341
v -0.894410 1.660169 0.139724
v -0.898322 1.660495 -0.510664
v -0.869212 0.200075 -1.180721
v -0.894953 0.317040 0.250957
v -0.903031 0.317187 -0.331028
v -0.905593 1.213091 0.712441
v -0.896210 1.563681 -0.666632
v -0.892260 1.659036 0.259859
v -0.900972 1.660291 -0.370870
v -0.873214 -0.038085 -0.218277
v -0.904900 1.513694 0.854215
v -0.902894 1.514021 -0.934797
v -0.902863 1.514739 0.964436
v -0.897105 1.660408 -0.439386
v -0.900744 1.513095 -0.135411
v -0.904742 1.512937 1.037132
v -0.869888 0.108589 -0.146097
v -0.869061 0.336398 1.200573
v -0.898076 1.659266 0.454465
v -0.898516 1.512716 0.613156
v -0.903676 0.316871 1.036745
v -0.873594 0.494328 1.132444
v -0.894416 1.659954 -0.228159
v -0.869088 0.269355 -1.001719
v -0.870057 0.137535 -1.184011
v -0.897248 1.558340 0.057348
v -0.904041 1.517079 -0.707254
v -0.859393 1.723043 -0.937677
v -0.876851 0.581285 1.137335
v -0.894857 1.559628 -0.364022
v -0.874541 0.573472 1.120224
v -0.894227 1.512134 0.251817
v -0.879825 1.661651 0.477294
v -0.868937 1.663006 1.147423
v -0.874887 1.556871 -0.905615
v -0.857549 1.662566 1.196943
v -0.869076 0.314941 1.142864
v -0.871528 1.662517 -0.448177
v -0.855892 1.558276 1.198215
v -0.868786 0.110438 1.143684
v -0.873009 1.515745 -0.936154
v -0.869695 0.315259 -0.938041
v -0.877174 1.661471 0.250698
v -0.871086 1.662218 -0.903566
v -0.871420 0.315189 0.050033
v -0.874997 0.315972 -0.306342
v -0.884110 1.514279 -0.328139
v -0.888622 1.514069 0.849005
v -0.883191 1.558019 0.753604
v -0.876938 1.661466 -0.554759
v -0.877721 0.316150 -0.611427
v -0.870198 1.556137 -0.939507
v -0.860993 0.340506 1.180835
v -0.844066 1.508858 1.179579
v -0.871284 1.557399 1.142732
v -0.858949 1.558710 -0.969460
v -0.862938 1.667369 -0.968534
v -0.861810 0.326288 1.165840
v -0.866175 1.563604 -0.982241
v -0.864069 1.509746 1.179592
v -0.864754 1.700555 1.138552
v -0.861763 0.663068 1.181681
v -0.862448 1.700966 -0.946397
v -0.858407 1.667975 -0.941137
v -0.852580 0.288575 0.366931
v -0.850337 0.290111 0.547344
v -0.844208 0.343922 0.509472
v -0.838028 0.338693 1.198997
v -0.823371 1.559736 1.175424
v -0.826236 1.508921 1.197257
v -0.842085 0.097070 0.643027
v -0.840979 0.215646 0.620090
v -0.841663 0.218547 0.282906
v -0.844090 0.180194 0.222984
v -0.841007 0.092030 0.251598
v -0.843353 0.283694 0.285511
v -0.842541 0.087041 0.211183
v -0.840401 0.267656 0.633606
v -0.840621 0.098728 0.691091
v -0.841215 0.338897 0.372600
v -0.820132 1.701082 1.137415
v -0.816913 1.698923 -0.931909
v -0.838988 0.280569 0.367551
v -0.839729 0.295760 0.511620
v -0.814695 1.685273 -0.934258
v -0.835681 0.342959 1.180492
v -0.834078 0.259017 0.581106
v -0.838528 0.178845 0.358725
v -0.838594 0.192603 0.525584
v -0.837056 0.222811 0.441357
v -0.838622 0.059537 0.589039
v -0.832941 0.130904 0.549521
v -0.825925 0.168932 0.632341
v -0.838049 0.087643 0.355674
v -0.834390 1.660315 1.183371
v -0.836690 0.040619 0.505194
v -0.836925 0.031813 0.412183
v -0.836772 0.337393 0.434625
v -0.833174 0.276882 0.289569
v -0.827541 0.181222 0.279658
v -0.834029 0.314978 0.473802
v -0.836348 0.314372 0.552217
v -0.834392 0.105658 0.671468
v -0.823076 -0.051830 0.435628
v -0.817605 -0.034294 0.544099
v -0.835315 0.229997 0.646087
v -0.834394 0.105638 0.216164
v -0.823122 -0.016946 0.343941
v -0.820572 0.054401 0.619787
v -0.818288 0.274399 0.332955
v -0.738533 1.508782 1.164441
v -0.830538 0.138094 0.465412
v -0.808619 0.202365 0.512455
v -0.806984 0.029301 0.443694
v -0.772436 0.334491 1.199743
v -0.820847 0.085905 0.415369
v -0.773034 1.560349 -0.970212
v -0.799108 0.073688 0.503182
v -0.780080 0.318636 0.407494
v -0.805573 0.048991 0.281850
v -0.806130 0.194153 0.385811
v -0.807203 0.075754 0.531790
v -0.787373 1.662344 1.175370
v -0.802287 0.202833 0.435097
v -0.798934 0.074774 0.377927
v -0.796690 0.171608 0.509800
v -0.663859 0.303931 0.592966
v -0.778249 1.721393 1.141161
v -0.799087 0.153416 0.368203
v -0.803060 0.339721 1.183135
v -0.781292 1.694342 1.140954
v -0.703651 1.720302 1.141898
v -0.791451 1.512363 1.173343
v -0.794485 1.660755 1.191192
v -0.664097 0.091751 0.249043
v -0.737344 1.683491 -0.934719
v -0.779275 1.721243 -0.936188
v -0.769208 1.661236 -0.968472
v -0.773899 0.322341 1.176712
v -0.784046 1.558692 1.197935
v -0.736592 1.682555 1.139877
v -0.772540 1.508078 1.199267
v -0.594518 1.562817 -0.981711
v -0.665570 0.087380 0.208827
v -0.584940 0.318446 1.164710
v -0.728859 0.311730 0.347422
v -0.776108 1.698792 -0.935904
v -0.735342 1.662070 1.160699
v -0.313366 1.663065 -0.987320
v -0.670417 0.323968 0.527853
v -0.659048 0.100429 0.686755
v -0.669203 0.207593 0.621174
v -0.667514 0.337207 0.357057
v -0.665030 0.350742 0.471311
v -0.750168 1.560980 1.173093
v -0.664466 0.204328 0.253083
v -0.672431 0.060243 0.622688
v -0.658250 0.222445 0.660314
v -0.661041 0.297129 0.529277
v -0.668292 0.106398 0.672982
v -0.667899 -0.049006 0.406603
v -0.660807 0.224315 0.238264
v -0.673281 0.206341 0.285830
v -0.670712 0.189898 0.661014
v -0.673685 0.335660 0.424432
v -0.739448 1.700942 -0.933353
v -0.703436 1.722029 -0.937356
v -0.670306 -0.033512 0.539039
v -0.661234 0.097616 0.651941
v -0.671982 0.297628 0.321811
v -0.670302 0.098995 0.222693
v -0.665396 0.237880 0.632148
v -0.736007 0.318000 1.167290
v -0.669278 0.316758 0.403343
v -0.740444 1.700690 1.138965
v -0.666909 1.683512 1.140408
v -0.736957 0.342724 1.184462
v -0.729392 1.508678 1.190489
v -0.713563 1.560174 1.195131
v -0.737908 1.660716 1.185219
v -0.670011 0.119170 0.273118
v -0.677284 0.001982 0.315468
v -0.677928 0.341135 1.191344
v -0.674531 1.560658 -0.965031
v -0.662146 1.661312 1.195985
v -0.698348 0.323563 1.182760
v -0.660443 0.252863 0.320872
v -0.674856 1.661605 -0.961957
v -0.701591 1.559888 1.184667
v -0.697565 1.660607 1.184552
v -0.697647 1.509379 1.184367
v -0.451720 1.561917 -0.985043
v -0.700062 1.700082 -0.935687
v -0.708645 0.115365 0.409858
v -0.712468 0.126400 0.471660
v -0.591071 1.660718 -0.980448
v -0.293222 1.512256 1.150687
v -0.699895 1.700150 1.142027
v -0.669003 0.221947 0.394083
v -0.584548 1.664720 1.142943
v -0.669006 0.132306 0.348625
v -0.681349 0.102688 0.543704
v -0.675670 0.224042 0.493384
v -0.659742 1.684590 -0.934458
v -0.667013 0.171536 0.540668
v -0.669028 0.049457 0.381432
v -0.667963 0.027438 0.472416
v -0.658246 1.699872 -0.933479
v -0.587352 1.663801 -0.946210
v -0.661534 1.509697 1.164823
v -0.657486 1.559434 1.157454
v -0.654496 1.662865 1.166636
v -0.642582 1.560089 1.193722
v -0.641574 1.506049 1.193078
v -0.628093 0.320050 1.178205
v -0.644996 0.102964 0.525974
v -0.647440 1.702934 1.138595
v -0.653667 0.317214 0.439780
v -0.649693 0.137236 0.344581
v -0.656839 0.182856 0.551606
v -0.330991 1.722172 1.144059
v -0.634483 0.075457 0.470622
v -0.650535 0.091431 0.537639
v -0.640111 0.110587 0.413444
v -0.652025 0.099729 0.534038
v -0.654624 0.111466 0.529959
v -0.634813 0.156052 0.473720
v -0.525519 1.662879 1.194846
v -0.550510 0.336815 1.199118
v -0.618110 1.721072 -0.936178
v 0.335983 0.019336 1.204197
v -0.649314 0.101026 0.536001
v -0.648394 0.104329 0.536273
v -0.621041 0.337021 1.198148
v -0.619314 1.721504 1.141088
v -0.624269 1.507369 1.185144
v -0.593714 1.560015 1.174780
v -0.614953 1.696506 1.140463
v -0.608298 1.692731 -0.935789
v -0.570086 1.560110 -0.964729
v -0.581575 1.509212 1.164848
v -0.495892 1.558542 1.196796
v -0.580744 1.661254 1.167413
v -0.579620 1.699928 1.138113
v -0.586868 1.508393 1.186188
v -0.292430 0.315678 1.143051
v -0.569487 1.658981 1.184029
v -0.582760 0.340413 1.184186
v -0.576744 1.701093 -0.932727
v -0.567771 1.561307 1.193699
v -0.543698 1.691996 -0.935235
v -0.542663 1.721349 -0.936440
v -0.537861 1.692563 1.142102
v 0.324968 1.665347 -1.001237
v 0.391426 1.723989 1.201907
v -0.548267 0.318908 1.176816
v -0.549418 1.508742 1.185104
v -0.543031 1.721440 1.140896
v -0.545384 1.662199 1.178633
v -0.526527 1.559110 1.170035
v -0.486989 1.688373 -0.935010
v -0.421341 1.660888 -0.964777
v -0.534896 1.510623 1.195665
v -0.519641 1.508085 1.166479
v -0.506910 1.700959 -0.933212
v -0.503939 1.701545 1.138905
v -0.515113 0.339845 1.183041
v -0.411853 0.336234 1.199792
v -0.447024 1.658994 -0.982390
v -0.473470 1.720818 -0.936405
v -0.473126 0.320780 1.179170
v -0.475449 1.509016 1.199261
v -0.474268 1.661921 1.178975
v -0.460227 0.337315 1.195400
v -0.422975 1.560540 -0.964339
v -0.469140 1.697005 1.140386
v -0.472498 1.720414 1.140192
v -0.471299 1.508722 1.182080
v -0.439122 1.658458 1.184381
v -0.445895 1.559165 1.170298
v -0.434871 0.317420 1.167018
v -0.436430 1.683730 1.140070
v -0.295008 1.559072 1.154809
v -0.434981 1.700278 1.138162
v -0.431237 1.680361 -0.935041
v -0.424833 1.662317 1.170028
v -0.425546 1.561051 1.190553
v -0.436853 1.701607 -0.932621
v -0.426255 1.508574 1.192768
v -0.400750 1.721826 -0.936870
v -0.415910 1.511032 1.176372
v -0.293416 1.662232 1.150094
v -0.410382 1.662092 1.199118
v -0.409868 0.324854 1.174689
v -0.403775 1.721391 1.141100
v -0.365659 1.560165 1.175245
v 0.393328 1.725018 -1.000345
v 0.325782 1.510915 -0.937299
v -0.398184 1.698317 -0.935587
v -0.399174 1.697704 1.140669
v -0.368058 1.509282 1.166286
v -0.367896 1.683852 1.140395
v -0.363030 1.685250 -0.935012
v -0.240355 1.664057 -0.938428
v -0.365312 0.341415 1.183003
v -0.354232 1.559531 1.195391
v -0.355214 0.321820 1.168633
v -0.359633 1.661672 1.169627
v -0.365134 1.701065 -0.933382
v -0.292241 0.335878 1.202068
v -0.238719 1.560594 -0.956672
v -0.346566 1.662374 1.196628
v -0.364696 1.700846 1.137763
v -0.293897 1.683528 -0.934736
v -0.350111 1.510514 1.195384
v -0.339212 0.337733 1.199088
v -0.331309 1.720960 -0.935925
v -0.298419 1.664367 1.196271
v -0.335429 0.344634 1.185497
v -0.336104 1.507650 1.184500
v -0.329254 1.696494 1.140551
v -0.271612 1.563985 -0.977115
v -0.330943 1.699302 -0.935894
v -0.298359 0.320825 1.168112
v -0.326368 1.281504 0.770216
v -0.331256 1.292549 -0.655829
v -0.325194 1.293170 0.107860
v -0.318863 1.290295 0.671906
v -0.312308 1.281290 0.200252
v -0.308939 1.280006 -0.579261
v -0.313750 1.279455 0.079119
v -0.311968 1.291039 -0.562382
v -0.312559 1.281968 -0.672922
v -0.213458 0.179910 1.201896
v -0.305654 1.288237 0.685068
v -0.306254 1.297101 0.807598
v -0.299171 0.340378 1.183943
v -0.296429 1.509764 1.195195
v -0.293697 1.700526 -0.931943
v -0.295304 1.700561 1.139210
v -0.278655 1.306314 0.801575
v -0.298270 1.304152 0.114482
v -0.292941 1.313154 -0.565966
v -0.299101 1.309018 -0.691963
v -0.298394 1.559276 1.192438
v -0.290588 1.299645 0.233690
v -0.269565 1.291927 -0.757369
v -0.282343 1.686755 1.138802
v -0.264835 1.287850 0.602354
v -0.285121 1.375198 -0.660976
v -0.285724 1.374954 0.109071
v -0.282820 1.376636 0.699018
v -0.259306 1.720313 1.141286
v -0.266592 1.305274 -0.549782
v -0.273724 1.370287 -0.579961
v -0.278794 1.305076 0.211271
v -0.239851 1.282791 0.001161
v -0.234371 1.550090 -0.935497
v -0.252671 1.280054 -0.758786
v -0.261691 1.376005 0.803340
v -0.265818 1.369011 0.188741
v -0.238920 1.660975 -0.960268
v -0.276724 1.366055 -0.659801
v -0.245692 1.312225 0.025289
v -0.021333 1.722559 1.143830
v -0.246434 1.279423 0.270662
v -0.256922 1.377345 0.219005
v -0.260700 1.362169 0.085542
v -0.231541 1.279051 0.592847
v -0.236684 1.550807 1.140045
v -0.243193 1.294775 -0.503979
v -0.240118 1.313123 0.616521
v -0.278245 1.365218 0.737974
v -0.208799 1.307629 0.018377
v -0.213953 0.179971 1.143464
v -0.234539 1.281693 0.871037
v -0.240134 1.696822 -0.935996
v -0.229876 1.304257 -0.744299
v -0.202302 1.297622 -0.778368
v -0.213991 1.512303 1.201552
v -0.260125 1.363713 0.166037
v -0.213884 1.307889 0.865418
v -0.250544 1.320832 0.643758
v -0.248274 1.660818 -0.978686
v -0.244459 1.713024 -0.934107
v -0.220849 1.368064 -0.548650
v -0.214237 1.375146 0.033522
v -0.246084 1.701038 1.138965
v -0.209913 1.378463 -0.739073
v -0.213717 1.513156 1.143164
v -0.224044 1.398143 -0.626040
v -0.222098 1.376626 0.629541
v 0.326614 1.512911 -1.004076
v -0.216016 1.366716 0.822104
v -0.200017 1.293088 0.294056
v -0.197176 1.371832 -0.523481
v -0.212436 1.557560 1.200144
v -0.224415 1.713653 1.140761
v -0.170896 1.368019 -0.735768
v -0.203837 1.384800 0.123308
v -0.229874 1.396986 0.741433
v -0.213832 1.398192 0.168236
v 0.393202 0.109509 1.143443
v -0.206080 1.719165 -0.935134
v -0.191266 1.365011 0.633723
v -0.207204 1.376853 -0.636306
v -0.191603 1.379156 -0.667154
v -0.179931 1.365069 0.038863
v -0.198140 1.378119 0.838506
v -0.181879 1.384707 0.725762
v -0.236428 1.279642 -0.505483
v -0.223888 1.395448 0.113987
v -0.189209 1.384369 0.747603
v -0.157734 1.308886 0.853832
v -0.197309 1.661326 -0.979762
v -0.174905 1.364980 0.243101
v -0.221937 1.300816 0.783869
v -0.221361 1.306124 -0.673482
v -0.222427 1.308977 0.183825
v -0.219415 1.307406 -0.600570
v -0.199635 1.286713 -0.621435
v -0.225712 1.319024 0.717173
v -0.215232 1.301179 0.094285
v -0.191121 1.564140 -0.978619
v -0.211893 1.321067 0.782523
v -0.149515 1.307965 0.264796
v -0.204444 1.397930 -0.680790
v -0.154788 1.397968 0.085000
v -0.209768 1.291448 0.182429
v -0.200806 1.563003 -0.641223
v -0.209920 1.663391 1.195429
v -0.194067 1.379199 0.155436
v -0.209972 1.555970 -0.936324
v -0.189976 1.566562 0.754494
v -0.163895 1.294244 0.579019
v -0.190436 1.356360 0.779272
v -0.210980 1.663374 1.152057
v -0.211257 1.553429 1.147112
v -0.209982 1.662553 -0.952184
v -0.182973 1.274867 0.732672
v -0.213520 1.695247 -0.640754
v -0.207478 1.560399 -0.962593
v -0.210559 1.559450 0.137554
v -0.207127 1.693473 -0.935588
v -0.202933 1.649765 0.754612
v -0.209132 1.698638 0.764801
v -0.212909 1.651720 -0.648567
v -0.205815 1.697344 1.139249
v -0.209986 1.679336 0.731365
v -0.167873 1.400671 0.684635
v -0.209457 1.559941 0.126677
v -0.203334 1.649647 0.725742
v -0.183415 1.687461 -0.608226
v -0.209068 1.675138 -0.651194
v -0.208291 1.555129 0.133651
v -0.188819 1.578201 0.723323
v -0.198661 1.696624 0.731921
v -0.187788 1.399263 -0.597185
v -0.178139 1.568749 -0.621081
v -0.175759 1.393327 0.789008
v -0.125838 1.309218 0.620576
v -0.197183 1.694642 -0.665836
v -0.173646 1.336644 0.094758
v -0.184977 1.277372 0.129335
v -0.169990 1.278993 -0.652002
v -0.144561 1.290991 -0.012292
v -0.154894 1.378581 0.249649
v -0.176356 1.688167 0.768212
v -0.186033 1.568089 0.152344
v -0.184671 1.571650 0.116012
v -0.167127 1.649105 0.710188
v -0.187819 1.645915 -0.628932
v -0.196862 1.693968 0.133401
v -0.182481 1.325997 0.684790
v -0.166133 1.305228 -0.583598
v -0.177699 1.574256 -0.657453
v -0.121974 1.314293 0.265594
v -0.138734 1.282849 0.880940
v -0.171323 1.701937 1.139285
v -0.169219 1.685465 0.705576
v -0.170968 1.376772 -0.608644
v -0.169347 1.383515 0.109812
v -0.154741 1.310373 0.602441
v -0.175046 1.685193 0.118062
v -0.158348 1.384388 0.154331
v -0.100905 1.561036 1.194443
v -0.153761 1.303711 -0.684497
v -0.169539 1.644385 -0.653201
v -0.171267 1.646401 -0.628290
v -0.111380 1.279676 0.005927
v -0.118902 1.305435 -0.743372
v -0.097518 1.660239 1.178554
v -0.116803 1.377179 0.634992
v -0.106970 1.283636 0.276920
v -0.129210 1.300320 0.180279
v -0.165897 1.573985 0.746293
v -0.158663 1.568207 0.138277
v -0.133103 1.294688 0.784315
v -0.121262 1.280165 -0.768016
v -0.137279 1.397382 -0.668659
v -0.100887 1.281013 -0.510152
v -0.111216 1.368492 -0.559247
v -0.065684 1.558888 1.172924
v -0.165407 1.646619 0.746880
v -0.117157 1.292146 -0.492967
v -0.129255 1.298955 0.087641
v -0.136099 1.324925 0.788098
v -0.161871 1.384626 0.742006
v -0.170922 1.682171 0.148256
v -0.148855 1.377690 -0.651428
v -0.144904 1.399101 -0.612037
v -0.101842 1.282931 0.602583
v -0.160671 1.566909 -0.644049
v -0.094340 1.296289 -0.758005
v -0.120315 1.311692 -0.516773
v -0.130701 1.306358 0.696613
v -0.141550 1.399600 0.162042
v -0.143742 1.703713 -0.933628
v -0.116108 1.694483 1.140873
v -0.129524 1.362160 0.820073
v -0.136157 1.299746 -0.597031
v -0.113492 1.661954 1.197988
v -0.123919 1.376473 0.831657
v -0.109338 1.378668 0.050677
v -0.143041 1.685584 -0.647863
v -0.109019 1.721211 -0.936911
v -0.148892 1.685431 0.735358
v -0.133892 1.381895 -0.543217
v -0.111802 1.307227 -0.538960
v -0.080647 1.311072 0.834534
v -0.104405 1.377321 -0.719599
v -0.108562 1.364979 0.658214
v -0.127155 1.397221 0.741772
v -0.128416 1.305830 -0.653591
v -0.114435 1.718124 1.140624
v -0.084549 1.379141 0.199661
v -0.115783 1.697645 -0.934704
v 0.204080 1.662085 -0.940729
v -0.080538 1.306384 0.064409
v 0.066383 1.660204 -0.981749
v -0.082052 1.365837 -0.667710
v -0.063989 1.295613 0.037043
v -0.067450 1.376916 -0.604760
v -0.098262 1.362431 0.204580
v -0.069546 1.378728 0.123822
v -0.040903 1.295421 0.658036
v -0.063647 1.376509 0.743090
v -0.061384 1.288786 0.841007
v 0.062951 1.562690 -0.980674
v -0.077275 1.360135 0.102734
v 0.325027 1.511106 1.142649
v -0.081198 1.364777 0.761242
v -0.076289 1.304741 0.802878
v 0.153338 1.661113 -0.964298
v -0.051519 1.684170 1.137986
v -0.060719 1.699985 1.138429
v -0.061338 1.698051 -0.933408
v -0.066497 1.658941 1.188801
v -0.045944 1.292639 0.230038
v 0.017411 1.672744 1.142206
v -0.057898 1.306395 0.172684
v -0.055079 1.309183 0.726839
v 0.201806 1.559033 -0.945506
v 0.326107 0.178977 1.201509
v -0.033058 1.281130 0.087066
v 0.325662 1.512551 1.201512
v -0.025403 1.292173 -0.689290
v 0.040883 1.685079 -0.934432
v -0.051339 1.308391 -0.644928
v -0.043981 1.311070 0.711076
v -0.038143 1.310672 -0.625300
v -0.020932 1.693994 -0.935341
v -0.037764 1.311397 0.145001
v -0.030784 1.280877 -0.671639
v -0.009481 1.660835 1.179687
v -0.027691 1.279671 0.689818
v -0.022303 1.282755 0.760001
v -0.029468 1.283614 -0.584152
v 0.106638 1.659908 1.193881
v 0.320209 1.560563 -0.988765
v -0.025323 1.283332 0.171937
v 0.182542 1.561102 1.175030
v 0.207120 1.663664 1.198558
v -0.019112 1.719399 -0.935458
v -0.020504 1.696426 1.139311
v 0.008161 1.560338 1.177232
v 0.324870 0.179897 1.143842
v 0.028413 1.699637 1.136934
v 0.172439 1.722089 -0.937041
v 0.078398 1.559911 1.196578
v 0.047398 1.661501 1.165628
v 0.038254 1.702189 -0.933814
v 0.336651 0.108115 1.202851
v 0.151615 1.560192 -0.964485
v 0.079154 1.559372 1.177390
v 0.323939 1.561280 1.144198
v 0.325690 1.663045 1.142442
v 0.077499 1.721402 1.141709
v 0.075246 1.721416 -0.935580
v 0.077946 1.701398 1.138402
v 0.081185 1.699585 -0.935959
v 0.170298 1.721573 1.143071
v 0.083894 1.659107 1.180911
v 0.124791 1.699991 -0.934742
v 0.119764 1.683530 1.137706
v 0.123991 1.700299 1.137075
v 0.134843 1.561632 1.188480
v 0.170685 1.694184 -0.936167
v 0.172837 1.660549 1.172929
v 0.223067 1.559483 1.195951
v 0.174323 1.695991 1.139872
v 0.214702 1.699822 1.138569
v 0.322245 1.659535 -0.980480
v 0.181231 0.066368 0.445163
v 0.184959 0.180297 0.427890
v 0.194907 0.148596 0.541022
v 0.207189 0.215865 0.403393
v 0.196554 0.036038 0.372644
v 0.196944 0.104508 0.547188
v 0.194441 0.059260 0.516291
v 0.198704 0.139716 0.358401
v 0.197546 0.079221 0.368015
v 0.199829 0.127514 0.544152
v 0.207472 0.215406 0.469553
v 0.200513 0.048372 0.507961
v 0.202723 0.036187 0.419023
v 0.197850 0.080523 0.534913
v 0.201571 0.145462 0.625296
v 0.198168 0.064303 0.525605
v 0.200775 0.236903 0.511655
v 0.197060 0.216371 0.349587
v 0.199954 0.087416 0.538515
v 0.205037 0.287168 0.357003
v 0.201067 0.069558 0.525837
v 0.215973 0.123279 0.548588
v 0.214425 0.030399 0.608603
v 0.204081 0.214336 0.236441
v 0.202655 0.097719 0.539596
v 0.207133 0.219746 0.281792
v 0.205137 0.351398 0.446198
v 0.214026 0.031723 0.299931
v 0.209550 0.245617 0.599185
v 0.212974 0.181326 0.534712
v 0.214324 -0.032328 0.363627
v 0.216171 0.122268 0.270691
v 0.212140 0.102981 0.252505
v 0.211776 0.300066 0.303133
v 0.207842 0.102633 0.209236
v 0.214958 0.225409 0.295554
v 0.219377 -0.059687 0.467574
v 0.213499 0.100935 0.651820
v 0.213471 0.159212 0.358639
v 0.210840 0.096434 0.686739
v 0.221868 1.699762 -0.933038
v 0.209480 0.213227 0.664610
v 0.209596 0.203742 0.649693
v 0.215205 0.305802 0.590918
v 0.257724 1.692737 1.140563
v 0.222400 0.111023 0.357257
v 0.226167 0.062134 0.518496
v 0.213575 0.198068 0.241975
v 0.215148 0.106529 0.224746
v 0.217808 0.290103 0.310815
v 0.219796 0.107630 0.672203
v 0.219765 0.334887 0.415611
v 0.219331 0.306510 0.374593
v 0.220083 0.298067 0.575349
v 0.230997 0.042242 0.422612
v 0.220194 0.293180 0.544136
v 0.219297 0.316621 0.528547
v 0.241280 0.183093 0.448824
v 0.271489 1.717909 1.141633
v 0.316712 1.644220 -0.947157
v 0.265460 1.693247 -0.935393
v 0.265114 1.721186 -0.936204
v 0.272058 0.120016 0.416620
v 0.348699 0.296194 0.546075
v 0.341759 0.323332 0.478532
v 0.372523 0.246490 0.633403
v 0.321727 1.662055 1.196765
v 0.381888 0.350334 0.432242
v 0.364353 0.208467 0.622104
v 0.360687 0.072965 0.280211
v 0.372835 0.338511 0.459308
v 0.383375 0.095647 0.683081
v 0.325965 1.568068 -0.936347
v 0.376122 0.099985 0.250779
v 0.381834 0.204563 0.671384
v 0.359964 0.210384 0.284773
v 0.351997 0.003035 0.318352
v 0.359498 -0.022818 0.558401
v 0.369617 0.110652 0.221212
v 0.360383 0.088769 0.632028
v 0.355197 -0.053679 0.467398
v 0.377151 0.236600 0.246509
v 0.379759 0.320751 0.337658
v 0.312526 1.562332 1.180924
v 0.311317 1.700777 -0.935204
v 0.373352 0.107748 0.674552
v 0.373935 0.308846 0.557597
v 0.369388 0.314335 0.350908
v 0.381906 0.324277 0.565934
v 0.295463 0.447103 -0.683678
v 0.316790 1.660599 1.178684
v 0.310063 0.439111 -0.794709
v 0.299854 0.445011 0.638626
v 0.297982 0.421858 0.752267
v 0.302690 0.447659 1.100917
v 0.295722 0.489957 0.650356
v 0.307190 0.490086 1.098685
v 0.299730 0.475520 0.744751
v 0.312769 0.486228 -0.791361
v 0.301479 0.471835 1.042155
v 0.301532 0.484522 -0.704512
v 0.315476 0.473709 0.634863
v 0.303573 0.448009 0.972306
v 0.324187 1.688428 1.139107
v 0.307279 -0.023859 -0.916927
v 0.322724 1.682933 -0.935651
v 0.315673 0.489563 0.718966
v 0.315124 -0.022530 -0.982941
v 0.310078 0.472759 0.986382
v 0.310566 0.102470 -0.976943
v 0.319412 1.705772 1.137944
v 0.368452 0.245288 0.269676
v 0.327728 1.723917 1.142678
v 0.318557 0.098813 -0.911273
v 0.379150 0.096451 0.210125
v 0.315744 0.454661 -0.704870
v 0.315052 0.437365 0.718815
v 0.317299 0.465058 1.078309
v 0.325094 1.557063 1.201357
v 0.326579 1.723424 -0.938625
v 0.312444 0.440672 0.984666
v 0.319038 0.673931 -0.942719
v 0.319493 0.672720 1.150382
v 0.369751 0.287752 0.369699
v 0.328492 0.359484 -0.938411
v 0.320054 0.363475 -0.279675
v 0.323802 0.872031 1.142147
v 0.322334 0.869727 -0.938428
v 0.320503 0.363174 0.886593
v 0.320859 0.365431 1.176945
v 0.325170 0.092256 -0.972374
v 0.329039 -0.021805 -0.919481
v 0.326172 0.103750 -0.933211
v 0.334074 0.090037 -0.943545
v 0.327737 0.105326 -1.001382
v 0.327649 0.392020 -0.477535
v 0.327650 0.427035 -0.382192
v 0.335506 0.379725 0.704748
v 0.328847 0.357078 -0.305678
v 0.367385 -0.032555 0.372654
v 0.328138 0.411703 0.923275
v 0.327936 0.431219 0.920543
v 0.328342 0.468224 0.726869
v 0.328590 0.466092 0.675647
v 0.369357 -0.023137 -0.907278
v 0.338236 0.363216 1.139437
v 0.339025 0.364742 0.470162
v 0.328155 0.379180 -0.487431
v 0.328237 0.404999 -0.484683
v 0.328155 0.410125 0.936840
v 0.328155 0.410400 0.937846
v 0.328365 0.406099 -0.476079
v 0.328252 0.427517 0.929892
v 0.328211 0.466349 0.898212
v 0.332442 0.424262 0.704767
v 0.328501 0.436047 0.896473
v 0.328338 0.435763 0.921093
v 0.335315 0.415365 0.701017
v 0.381628 0.097897 0.649246
v 0.330632 0.201896 0.470962
v 0.336628 0.465677 -0.620728
v 0.333906 0.046549 0.466851
v 0.333268 0.133264 0.527742
v 0.331919 0.168147 0.379023
v 0.335441 0.072656 0.383747
v 0.371012 0.323203 0.452727
v 0.339196 0.497197 0.751792
v 0.362141 0.098779 -0.907358
v 0.341748 0.500053 0.723624
v 0.343691 0.473923 -0.531272
v 0.342910 0.505466 -0.530168
v 0.366296 0.145853 0.482325
v 0.345559 0.485326 -0.699241
v 0.344020 0.498380 0.615252
v 0.358421 0.078468 0.472472
v 0.346079 0.487673 0.809427
v 0.353923 0.182014 0.440575
v 0.345315 0.470621 0.612243
v 0.341936 0.677072 -0.935682
v 0.342406 0.678498 0.711049
v 0.343475 0.681517 1.137361
v 0.342339 0.679412 -0.668772
v 0.342013 0.712860 -0.935485
v 0.344452 0.711113 1.137760
v 0.342426 0.866922 1.139337
v 0.342058 0.865782 -0.936073
v 0.344417 0.533046 0.742093
v 0.345972 0.509293 -0.613297
v 0.359681 0.488277 -0.692625
v 0.394852 1.663414 1.142916
v 0.360986 0.116192 0.400557
v 0.369466 0.069928 0.531075
v 0.378111 0.171437 0.552971
v 0.395595 1.047334 -1.006114
v 0.379849 0.095150 -0.937995
v 0.379999 0.218403 0.393217
v 0.393225 1.567990 1.140338
v 0.394273 1.046777 1.200001
v 0.394529 1.662867 -0.938117
v 0.397096 0.104103 -0.932599
v 0.367172 0.522339 0.744486
v 0.413651 0.486928 -0.517737
v 0.393236 1.510793 1.140608
v 0.394890 1.567493 -0.937295
v 0.355436 0.553042 -0.611379
v 0.374243 0.227947 0.485957
v 0.392398 0.108377 -1.001553
v 0.396440 1.254923 1.145471
v 0.400375 1.369432 -0.999456
v 0.406577 0.553461 0.824070
v 0.372986 0.531180 -0.625764
v 0.392507 0.711532 -0.937642
v 0.376958 0.054832 0.378975
v 0.391313 1.457676 1.138909
v 0.369606 0.305767 0.504258
v 0.400353 1.236994 1.203965
v 0.420525 0.549726 -0.696669
v 0.422588 0.550095 0.622836
v 0.376683 0.033841 0.487834
v 0.376375 0.169308 0.351522
v 0.380297 0.122593 0.559269
v 0.421712 0.556271 -0.513300
v 0.422486 0.490107 0.607984
v 0.420692 0.549168 0.814846
v 0.393391 0.679667 -0.937913
v 0.391415 0.695965 1.139885
v 0.392896 0.110669 1.201503
v 0.380660 0.287476 0.536572
v 0.375891 0.214680 0.280995
v 0.394278 1.511470 -0.936378
v 0.419835 0.559402 -0.707675
v 0.383043 0.535504 -0.612168
v 0.399474 1.351152 1.191484
v 0.427964 0.545278 -0.523292
v 0.393526 1.256330 -1.003077
v 0.388955 1.451929 -0.934848
v 0.468929 0.677324 -0.601080
v 0.383462 0.176367 0.641632
v 0.409896 0.490814 0.824496
v 0.385747 0.300998 0.394856
v 0.468713 0.678914 0.751777
v 0.440608 0.677510 0.737749
v 0.390284 -0.018505 -0.979619
v 0.380775 1.438373 0.774814
v 0.381261 1.429377 0.980778
v 0.381668 1.448068 0.502698
v 0.380778 1.428300 -0.785857
v 0.382590 1.426023 -0.545629
v 0.381201 1.433635 -0.210889
v 0.382374 1.429511 0.691029
v 0.381281 1.438933 -0.172689
v 0.381511 1.435914 -0.017565
v 0.380727 1.436811 0.284816
v 0.382057 1.429368 -0.671982
v 0.382768 1.433773 0.122577
v 0.381878 1.433197 0.199527
v 0.381655 1.429122 0.589515
v 0.380818 1.441355 -0.426738
v 0.381270 1.435504 -0.360446
v 0.380453 1.437892 -0.103362
v 0.380364 1.438899 0.431937
v 0.383036 1.461230 1.021611
v 0.383014 1.438192 -0.911887
v 0.381531 1.437601 0.036655
v 0.382637 1.426896 0.888892
v 0.381079 1.429679 -0.283441
v 0.381983 1.459259 0.836907
v 0.381069 1.436010 1.061503
v 0.383022 1.435709 -0.878638
v 0.382703 1.451411 0.115734
v 0.381919 1.471817 -0.725974
v 0.381959 1.476828 0.743463
v 0.381412 1.440102 -0.070064
v 0.382391 1.474115 -0.131580
v 0.381235 1.439899 0.340146
v 0.384322 1.444630 0.885479
v 0.383094 1.452164 0.208317
v 0.383099 1.457874 -0.133761
v 0.382893 1.472665 -0.040609
v 0.383650 1.466622 0.253832
v 0.384964 1.459939 0.743517
v 0.382195 1.474380 0.530386
v 0.424135 0.562160 0.617087
v 0.384263 1.437762 -0.785275
v 0.384114 1.440119 0.686285
v 0.382681 1.458991 0.644938
v 0.382218 1.474784 -0.842374
v 0.383552 1.461479 -0.616825
v 0.383925 1.471730 0.918844
v 0.382858 1.470211 -0.502358
v 0.381707 1.468278 -0.457687
v 0.383325 1.476877 -0.325756
v 0.382302 1.461942 -0.254687
v 0.383723 1.476408 0.074924
v 0.382234 1.464961 0.408275
v 0.383498 1.468561 0.943782
v 0.383008 1.477512 1.016147
v 0.383514 1.456823 -0.028243
v 0.384898 1.443305 -0.371247
v 0.383635 1.456243 0.061279
v 0.384927 1.474529 0.838947
v 0.383644 1.471422 1.097547
v 0.384453 1.440393 0.984075
v 0.384603 1.446442 0.389550
v 0.383285 1.460932 0.369762
v 0.387984 1.463060 1.132777
v 0.384199 1.438616 0.589940
v 0.384272 1.475131 0.647397
v 0.385882 1.441396 -0.281085
v 0.385839 1.450062 0.522967
v 0.383184 1.458516 -0.725452
v 0.384564 1.474810 -0.607382
v 0.384497 1.459904 -0.328087
v 0.383613 1.462568 -0.224493
v 0.383934 1.438283 -0.549262
v 0.385397 1.439634 -0.670973
v 0.385644 1.459890 -0.839900
v 0.386506 1.454429 -0.489481
v 0.397472 0.097954 -0.973339
v 0.393865 1.467294 1.138761
v 0.393307 1.470460 -0.936092
v 0.407739 -0.022804 -0.928893
v 0.395375 1.046542 1.149989
v 0.398513 0.977201 1.174503
v 0.397175 0.698236 -0.979560
v 0.401736 1.045037 -0.951036
v 0.396113 1.359066 1.170686
v 0.399692 0.974434 -0.974327
v 0.395760 1.445377 -0.953757
v 0.395347 1.560982 1.197436
v 0.401887 1.253782 -0.980571
v 0.398154 1.364145 -0.979869
v 0.397811 1.246522 -0.944009
v 0.397246 1.466001 -0.977498
v 0.403273 1.454634 -0.951239
v 0.421942 1.238984 1.137551
v 0.397931 1.258555 1.185194
v 0.418843 1.045128 1.160722
v 0.442411 1.048228 1.141973
v 0.415355 1.327063 1.168172
v 0.424808 1.241416 -0.945269
v 0.440724 0.676676 -0.616285
v 0.410489 1.242139 -1.013938
v 0.425208 0.978156 1.171836
v 0.428520 0.978191 -0.984762
v 0.439664 1.047468 -0.997602
v 0.411683 1.448393 -0.947381
v 0.409424 1.452277 -0.956872
v 0.612391 0.684023 -0.967366
v 1.061846 1.466966 -0.143883
v 0.478862 1.523160 1.198418
v 0.473561 0.678062 0.729623
v 0.441723 1.046733 -0.969595
v 0.451143 1.244993 1.180493
v 0.437846 1.047290 1.199567
v 0.421947 1.455877 -0.954700
v 0.450226 1.462845 -0.973706
v 0.450937 1.248509 -0.993648
v 0.458221 1.453571 -0.944337
v 0.437557 1.529446 -1.015226
v 0.453298 1.534410 1.168518
v 0.509763 1.455998 -0.958687
v 0.442614 1.498936 -1.023912
v 1.063016 1.437053 0.575384
v 0.453424 1.546284 1.197258
v 0.436324 1.179806 -1.405685
v 0.497046 0.486124 -0.498531
v 0.449853 1.180841 -1.298426
v 0.612796 0.702444 1.137902
v 0.460957 1.519635 -0.994302
v 0.440299 1.179943 1.316879
v 0.446485 1.179788 1.406316
v 1.060054 1.457205 -0.266603
v 1.057596 1.450716 -0.486615
v 1.059808 1.455179 0.425184
v 1.062256 1.438200 0.128517
v 0.602105 1.441771 -0.045458
v 1.061924 1.432486 -0.912336
v 0.464758 1.185080 1.260578
v 0.467538 1.550451 -1.164226
v 0.468921 1.185169 -1.437104
v 0.461007 1.511755 -1.026562
v 0.574465 0.542203 0.847984
v 0.651491 0.537814 -0.740780
v 0.462957 1.261934 -1.363881
v 1.062941 1.435189 -0.529382
v 0.470576 0.679393 -0.623851
v 0.606088 0.708690 -0.971551
v 0.462848 1.188885 1.313345
v 0.602292 0.480284 -0.740427
v 0.473506 1.261982 1.346025
v 0.722606 0.536796 -0.438023
v 0.474307 1.252644 -1.322744
v 0.464480 -0.088514 -1.263364
v 0.945704 1.441054 -0.246998
v 0.508813 0.486322 0.594489
v 0.486278 1.178853 -1.241792
v 0.474413 1.181080 -1.460219
v 0.465662 1.188016 1.400782
v 0.457095 -0.082546 -1.289338
v 1.062679 1.476779 1.022120
v 0.457895 -0.080400 1.356437
v 0.459331 -0.079456 -0.904050
v 0.487646 1.245667 1.272578
v 0.509492 1.179930 1.482947
v 0.502636 1.258223 1.439519
v 0.496966 1.253406 -1.264661
v 0.486200 1.590831 1.226869
v 1.061213 1.458940 -0.127167
v 0.497448 1.587960 -1.179413
v 0.479724 0.019242 -1.247937
v 0.500426 1.601503 -1.265946
v 1.063132 1.434240 -0.426057
v 0.475737 -0.086768 0.998413
v 0.578558 0.548456 0.577653
v 0.482616 1.251938 1.332803
v 0.474854 -0.084650 1.031916
v 0.465365 -0.087295 -0.441277
v 0.505732 1.252591 -1.429909
v 0.484498 0.064261 -0.947145
v 0.480157 -0.084630 -0.889846
v 0.476478 -0.077566 -1.282605
v 0.500699 0.172602 1.283805
v 0.566965 0.542247 0.592860
v 0.525505 1.615761 1.309761
v 0.486078 -0.084923 -0.925340
v 0.480061 -0.086602 1.336549
v 0.530274 1.179446 1.206234
v 0.485905 1.562397 1.178395
v 0.489894 -0.083536 1.368741
v 0.489250 0.031547 -1.267023
v 1.057337 1.438637 0.295586
v 0.483393 -0.087385 -0.767918
v 0.476556 -0.075150 -0.908393
v 0.483982 -0.085216 -0.809979
v 0.508565 0.207662 1.070551
v 1.061662 1.454671 -0.860515
v 1.057462 1.476221 -0.833380
v 0.476821 -0.080359 0.912577
v 0.482558 -0.064683 1.353382
v 0.479054 -0.009615 1.337506
v 0.491516 0.053612 -0.459735
v 0.491954 0.017587 -0.924012
v 0.490309 -0.084679 -1.299832
v 0.494892 -0.085764 -0.455773
v 0.493425 -0.085664 0.884393
v 0.515174 1.259422 -1.449176
v 0.499911 0.077369 0.876698
v 0.500331 0.062488 -0.753874
v 0.490492 0.168299 -1.228964
v 0.519030 1.189361 1.228322
v 0.481246 -0.084803 0.516652
v 0.487535 -0.071070 -0.441414
v 0.522680 1.251105 1.255880
v 0.483978 -0.035927 -1.265139
v 0.496884 -0.082307 -0.420403
v 0.494460 -0.032020 -1.281458
v 0.495314 0.023564 1.320066
v 0.502547 0.114111 1.059060
v 0.512843 1.576620 1.275038
v 0.495532 -0.085490 1.006003
v 1.059384 1.456199 0.843687
v 0.535964 0.198927 -0.770937
v 0.493269 0.185672 1.293476
v 1.062152 1.431781 -0.889793
v 0.488974 -0.083344 0.538378
v 0.706407 0.541809 -0.764193
v 0.513057 1.247191 1.433935
v 0.494012 -0.052352 -0.790558
v 0.490055 -0.057349 -1.275643
v 0.489872 -0.067724 0.902270
v 0.492972 -0.033213 -0.446314
v 0.516743 0.048370 -0.439484
v 0.520588 1.589747 1.236350
v 0.497835 -0.040007 -0.445648
v 0.500565 -0.006674 -0.775286
v 0.550857 0.285904 -1.258483
v 0.563273 1.179628 -1.501007
v 0.510227 0.174469 -0.490112
v 0.915482 1.451995 -0.232574
v 0.497569 -0.070587 0.524266
v 0.581451 0.478214 0.853997
v 0.503652 0.004843 -0.913646
v 0.540309 1.579731 -1.292550
v 0.495158 -0.036862 -0.459466
v 0.510398 0.033494 -0.902857
v 0.496197 0.016436 -0.913029
v 0.503806 -0.085516 -0.787055
v 0.509599 -0.032924 0.891475
v 0.501372 0.000245 0.877177
v 0.563604 1.284256 -1.292334
v 1.059952 1.460390 1.022566
v 0.507914 -0.081571 0.515395
v 0.504550 0.100144 1.332506
v 0.527323 1.185852 1.468047
v 1.063493 1.437520 -0.690088
v 1.061011 1.473843 0.844229
v 0.502503 0.005174 -0.777276
v 0.501538 0.511895 1.226731
v 0.501054 0.533473 1.160699
v 0.509484 -0.005367 0.537638
v 0.508926 0.211027 -0.976865
v 0.510091 0.050125 1.022947
v 0.503391 0.191770 -1.212287
v 0.514044 0.554153 1.269993
v 0.503909 0.070409 1.034423
v 0.514476 0.389544 -1.169573
v 0.503249 -0.081141 0.911659
v 0.505241 0.004677 0.893887
v 0.505738 -0.010943 -0.768138
v 0.531953 1.570513 -1.322205
v 0.512956 -0.027653 0.534354
v 0.520435 0.021415 0.521157
v 0.540010 0.259217 1.339604
v 0.509274 0.360966 1.248384
v 0.496142 0.541172 -1.104059
v 0.515659 0.346136 -0.998558
v 0.570892 1.262552 1.232822
v 0.507775 0.456434 1.201532
v 0.515833 0.002911 -0.779007
v 1.062867 1.438707 -0.568350
v 0.507171 0.080964 1.035402
v 0.545926 0.300837 0.571066
v 0.531251 0.430081 1.290394
v 0.510574 0.109757 1.039030
v 0.512563 -0.019511 0.526433
v 0.549648 0.141484 0.903457
v 0.520226 0.074169 1.024760
v 0.529133 0.553531 1.104452
v 0.528027 1.279140 1.386516
v 0.512255 1.280585 -1.366129
v 0.546718 0.092354 -0.785885
v 0.523355 0.126036 0.579921
v 0.507891 -0.011714 -0.771476
v 0.507425 -0.003525 -0.768515
v 0.510185 0.011674 -0.769949
v 0.517131 0.109741 -0.746111
v 0.520378 0.496320 -1.033809
v 0.537875 1.182229 -1.208964
v 0.525742 0.077268 1.030720
v 0.551779 0.392529 -1.246559
v 0.524090 0.496060 -1.181851
v 0.512769 0.542635 1.235402
v 0.610136 0.477190 0.875334
v 0.519258 0.547050 1.140700
v 0.516074 0.470308 -1.086328
v 1.061991 1.444043 0.038726
v 0.551237 1.256349 -1.254548
v 0.513514 -0.015532 0.535857
v 0.522618 0.306938 -0.998444
v 0.527386 0.090219 1.027386
v 0.901679 1.451488 0.089694
v 1.061578 1.459834 0.501542
v 0.522631 0.401021 1.118225
v 0.519040 -0.005830 0.544494
v 0.541619 0.236589 -0.934712
v 0.576975 0.475604 -0.486329
v 0.518022 0.447923 1.154718
v 0.517773 -0.016752 0.542802
v 0.516546 0.003103 0.545455
v 0.524104 0.011283 0.530412
v 0.538720 0.104057 1.014511
v 0.537737 0.160295 -1.262195
v 0.514348 0.093918 1.043724
v 0.523193 0.169342 0.852548
v 0.520961 0.221511 1.076704
v 0.527629 0.537107 -1.204569
v 0.520067 0.312617 -0.716895
v 1.060079 1.452371 -0.429562
v 0.515089 0.546023 -1.140790
v 0.531245 0.262397 0.606317
v 0.531090 0.365162 -0.692570
v 0.518378 -0.005913 0.536983
v 0.545528 1.570802 -1.368987
v 0.530934 0.339590 0.821808
v 0.544387 0.193095 1.337394
v 0.753022 0.554726 -0.450577
v 0.519592 -0.020578 0.535930
v 0.563641 0.464506 -0.969480
v 0.546956 0.504894 1.312945
v 0.535365 0.554520 -0.994853
v 0.524717 0.501267 -1.069248
v 0.533024 0.111352 -0.923199
v 0.519975 -0.025825 0.532813
v 0.519727 -0.014768 0.539812
v 0.521058 0.076236 1.024411
v 0.523198 0.091867 1.022467
v 0.542399 1.280950 1.309733
v 0.556163 1.602265 -1.335559
v 0.519474 0.053645 -0.781247
v 0.536167 0.543154 -1.011277
v 0.534162 1.344066 -1.350696
v 0.522164 0.361265 -0.525192
v 0.542541 0.419511 1.288923
v 0.543812 0.475526 1.104100
v 0.569601 0.509788 1.061236
v 0.528574 0.377102 -1.008989
v 0.528941 0.345338 -0.523859
v 0.550405 1.557850 1.354611
v 0.526636 0.068896 1.029402
v 0.559652 1.347267 -1.394183
v 1.061555 1.474973 0.237006
v 0.574823 1.266686 1.360658
v 0.551750 0.545384 1.301516
v 0.606434 0.680918 0.529735
v 0.545553 1.272224 -1.352716
v 0.535815 0.441955 -0.586059
v 0.546721 1.345009 1.332286
v 0.562806 0.499051 -1.212638
v 0.531303 0.467641 0.736756
v 0.533401 0.432900 0.665114
v 0.544471 0.521314 0.651550
v 0.554641 1.345311 -1.321660
v 0.570234 0.293432 -0.928370
v 0.590562 0.508980 0.846303
v 0.576510 0.385453 1.326298
v 0.584446 0.348492 1.021071
v 0.538621 0.427181 0.809347
v 0.538974 0.433335 -0.645795
v 0.543904 0.512780 0.773897
v 0.586162 0.527897 -0.946773
v 0.569699 0.491449 -0.982504
v 0.545252 0.523782 -0.597020
v 0.610968 1.186779 -1.475202
v 0.577878 1.263437 -1.242134
v 1.060640 1.430832 -0.177397
v 0.537516 0.467461 0.746518
v 0.548979 1.344604 1.387985
v 0.583184 0.315815 1.027503
v 0.613652 1.177528 -1.212174
v 0.589511 1.280175 -1.416178
v 0.572290 0.556241 -1.235733
v 0.570905 0.443833 -0.707809
v 0.596216 0.520797 -0.490564
v 0.550875 0.461908 0.646550
v 0.564684 0.519950 -0.677870
v 0.575407 0.507848 0.827859
v 0.582696 0.259817 -0.770165
v 0.582805 0.554680 1.062551
v 0.565063 1.413864 -1.341601
v 0.566947 1.551772 1.375909
v 0.544343 0.471245 -0.602327
v 0.578478 0.269904 0.551995
v 0.555558 0.316696 -0.472554
v 0.559929 1.409401 -1.367521
v 0.556289 1.400719 1.343571
v 0.560577 1.576252 1.320819
v 0.568603 1.409226 1.371180
v 0.556005 1.271982 -1.370401
v 1.063011 1.468619 -0.614785
v 0.614755 0.552523 1.349685
v 0.589125 1.248059 1.455563
v 0.599937 0.515931 -0.727070
v 0.608926 1.181464 1.496664
v 0.567488 0.520630 -0.527891
v 0.578897 1.585879 1.351230
v 0.591909 0.540918 -1.246889
v 0.566838 1.266056 -1.362364
v 0.559959 1.528671 -1.346197
v 1.063875 1.463921 1.096038
v 0.660622 0.497644 0.556021
v 0.598438 0.514750 -1.259435
v 0.625941 1.179546 1.202937
v 0.606586 1.248274 -1.454886
v 0.569331 0.212234 0.893620
v 0.595241 1.344899 1.324244
v 0.573823 1.557723 -1.337691
v 1.062379 1.466658 -0.728494
v 1.062494 1.432268 0.988436
v 0.573099 1.527242 1.343569
v 0.609216 0.521934 1.351056
v 0.622790 0.481687 -0.460730
v 0.597239 1.279440 1.412552
v 1.060856 1.469849 0.105152
v 1.062526 1.460159 0.052613
v 1.062435 1.465956 -0.973847
v 0.636102 1.264867 -1.448362
v 0.577049 1.413095 -1.367571
v 0.596879 0.330687 -0.448716
v 0.623454 0.536679 1.043200
v 0.615003 1.260991 1.459360
v 0.671918 0.518442 0.891352
v 0.581815 0.476726 0.585198
v 0.582716 0.516377 0.593939
v 0.580495 1.542557 -1.371605
v 0.618171 0.455620 -1.251747
v 0.577873 0.497588 0.605077
v 0.588000 1.408041 1.339030
v 0.596870 1.381177 -1.379142
v 0.633461 0.392498 -0.762185
v 0.638860 0.508006 -1.254601
v 1.062823 1.467459 0.742813
v 0.644025 1.435951 0.050494
v 0.609697 1.345511 1.379107
v 0.601137 1.346141 -1.327483
v 1.059924 1.475436 0.935715
v 1.062721 1.435147 0.479997
v 1.062287 1.438525 -0.650572
v 0.630059 1.282623 1.328141
v 0.631707 0.410248 0.560613
v 0.618814 0.447218 1.330475
v 0.630643 1.188086 1.469687
v 0.591460 1.407916 1.363606
v 0.597332 1.397898 -1.339916
v 0.857522 1.443775 -0.227610
v 0.625697 1.250985 -1.260240
v 0.626509 0.540493 -0.945806
v 1.062396 1.466305 -0.327062
v 0.614615 0.508848 1.056947
v 0.630125 0.396439 0.888479
v 0.633282 0.512247 1.327846
v 0.655223 1.179686 -1.475316
v 1.060620 1.453138 0.403513
v 0.641263 0.442336 1.034694
v 1.060485 1.438431 0.790834
v 0.633266 1.250541 1.258588
v 0.640268 0.542118 1.346800
v 0.612992 1.344214 -1.359084
v 0.761264 0.559491 -0.733840
v 0.685017 0.540007 -1.269333
v 1.062915 1.450144 0.256411
v 0.702762 0.544890 0.535561
v 0.636811 0.519311 0.575697
v 0.631514 1.280865 -1.339393
v 0.668770 0.512339 0.877093
v 0.676767 1.252029 -1.333691
v 0.659781 0.531441 1.019688
v 1.060835 1.429299 1.060782
v 0.707244 0.513552 0.564244
v 1.060326 1.433106 0.767109
v 0.660069 0.438753 -0.452731
v 0.715004 0.544020 0.877719
v 0.669940 1.178662 -1.250283
v 0.654598 1.249190 1.427750
v 0.658625 1.251988 -1.409138
v 0.702083 0.539532 -0.924037
v 0.687851 1.265340 1.365052
v 1.063259 1.462379 -0.936372
v 0.674419 1.177631 1.239483
v 0.653138 1.259020 -1.269566
v 0.742552 0.556386 0.876120
v 0.716865 0.537574 -0.750045
v 1.059021 1.470112 0.364084
v 1.063005 1.438119 0.201072
v 0.713143 0.539084 -0.451708
v 0.671243 1.256015 1.280401
v 0.718760 0.503445 1.340852
v 0.683601 1.252442 1.325149
v 1.062021 1.443958 -0.807890
v 0.654702 0.445956 -0.936773
v 0.677777 0.426155 0.890212
v 0.680842 0.535662 0.551848
v 0.705036 1.180517 1.435743
v 0.696912 0.539064 -1.282628
v 1.061216 1.461544 0.935455
v 0.743047 0.501820 1.038066
v 0.788644 0.548194 -0.724820
v 0.671395 1.247712 1.428298
v 1.060740 1.435665 -0.110750
v 0.789600 0.554084 1.064884
v 0.689660 1.175798 1.442495
v 0.723169 0.528035 1.040360
v 0.781278 0.554041 1.323256
v 1.063552 1.442294 0.609979
v 0.726003 0.519984 1.329938
v 0.700535 1.191792 -1.386872
v 0.691124 0.446551 0.556155
v 1.062690 1.432984 0.884253
v 1.056437 1.447074 0.514871
v 0.707314 0.461910 1.336452
v 0.724643 0.501812 -0.950121
v 0.702710 0.432171 -0.759502
v 0.686267 1.258942 -1.341840
v 1.057612 1.439358 0.386431
v 0.930426 1.442081 -0.227102
v 0.704473 1.186949 1.315006
v 0.711967 1.178075 -1.403867
v 0.771955 0.513392 -0.944528
v 0.730189 0.520126 1.353744
v 0.728308 0.460215 -1.256000
v 0.714680 0.444894 -0.932706
v 0.784590 0.549718 1.078110
v 0.736659 0.525961 0.890557
v 0.698812 0.454670 1.035861
v 0.783204 0.518001 -0.454442
v 0.784522 0.542813 -0.470608
v 0.737069 0.531709 -0.940408
v 0.723550 1.179547 1.317827
v 0.717592 1.179103 -1.321813
v 0.737921 0.528562 1.026955
v 1.061310 1.433652 0.005693
v 0.723487 0.443663 -0.454977
v 0.804627 0.556197 -0.974422
v 0.753891 0.514809 -0.466431
v 0.744668 0.348862 -0.933124
v 0.723534 0.427147 0.567900
v 1.060808 1.445298 0.356575
v 1.063094 1.438391 -0.365407
v 0.801465 0.556106 -1.235163
v 0.724792 1.441105 0.082685
v 0.734921 0.403435 1.039591
v 0.766137 0.544517 0.565713
v 0.796862 0.546388 -0.972349
v 0.765487 0.403956 0.875971
v 1.062896 1.466565 0.654812
v 1.062457 1.473759 -0.483235
v 0.760737 0.323471 0.897565
v 0.766932 0.498739 0.868697
v 0.791980 0.510612 0.577483
v 0.788955 0.546235 1.303088
v 0.760542 0.535237 -1.250575
v 0.783152 0.320226 1.024419
v 0.751613 0.377901 -0.758132
v 0.757635 0.396087 -0.942541
v 0.766365 0.379782 1.330404
v 0.778421 0.528353 1.065660
v 0.766776 0.515174 -1.261596
v 0.762219 0.370694 0.555746
v 0.848314 0.555831 -0.528547
v 1.063213 1.448305 -0.216084
v 1.061741 1.460352 1.136068
v 0.852484 0.546228 -1.128804
v 0.773184 0.357726 -0.454676
v 0.784428 0.553795 0.573632
v 0.813843 0.535457 -0.727515
v 1.028022 1.450493 0.378011
v 0.773133 0.301331 1.032507
v 0.764777 0.407568 -1.250847
v 0.768046 0.321933 0.561944
v 0.764876 0.364726 -0.464176
v 0.780411 0.356790 0.567888
v 0.799449 0.544645 0.833638
v 0.828648 0.541209 0.627563
v 0.788352 0.236637 -0.916346
v 0.794258 0.204597 -0.923436
v 0.801141 0.509691 1.286657
v 1.057313 1.453165 -0.246427
v 0.794006 0.298945 -1.261132
v 0.778109 0.397037 -0.942551
v 0.791031 0.379289 -1.262007
v 0.841697 0.155524 1.344748
v 0.804254 0.155843 1.032695
v 0.809330 0.172492 1.018357
v 0.808767 0.500636 1.293308
v 0.819241 0.424358 0.827184
v 0.810246 0.499563 -0.999176
v 0.812453 0.412292 1.086336
v 0.844637 0.102048 0.902633
v 0.824626 0.119057 1.344607
v 0.840192 0.358367 -0.693595
v 0.788304 0.271662 -0.766051
v 0.808045 0.316309 -0.752175
v 0.823589 0.076973 -0.441091
v 0.830405 0.139125 -0.453891
v 0.815801 0.543686 -1.211434
v 0.823637 0.500600 -0.492930
v 0.832134 0.379842 -1.012812
v 1.060702 1.475940 -0.030112
v 0.808006 0.128667 0.543468
v 1.061083 1.434354 -0.244714
v 0.832575 0.538495 0.789560
v 1.062409 1.442834 -0.295529
v 1.063667 1.464038 0.545274
v 0.835548 0.144314 1.333091
v 1.058577 1.441827 1.063189
v 0.821956 0.399232 -0.500488
v 0.849310 -0.011620 -0.423090
v 0.831048 0.509029 1.112931
v 0.840975 0.551160 0.798924
v 0.856991 0.554386 -0.649975
v 0.835901 0.021833 0.910771
v 0.831737 0.074979 -1.279115
v 1.062980 1.433020 0.691144
v 0.827477 0.535168 1.250228
v 0.845315 0.090383 0.538384
v 0.833993 0.512210 -1.208063
v 0.853983 0.023867 0.892039
v 0.836933 0.400366 -1.187253
v 0.824221 0.054800 -0.919178
v 0.837834 0.538273 1.154776
v 0.836865 0.425985 0.660356
v 0.859139 0.512663 0.686344
v 0.845194 0.545943 1.139569
v 0.849822 0.509801 -0.682701
v 0.843732 0.555893 0.642638
v 0.851626 0.543650 -0.657021
v 0.829007 0.027829 1.028280
v 0.821690 0.064929 -0.781364
v 0.839738 0.396975 -1.012253
v 0.843211 0.538849 -0.528080
v 0.837393 0.504283 0.793530
v 0.835768 0.141561 1.036817
v 0.835276 -0.007358 0.532914
v 0.846056 0.503297 1.222833
v 0.847732 0.396919 -1.188955
v 0.841299 0.549981 1.242073
v 0.858850 -0.083296 1.002515
v 0.848494 0.527394 0.698839
v 0.845764 0.022179 1.017720
v 0.839748 0.506882 -1.017665
v 0.835125 0.335549 1.084770
v 0.828252 0.423924 1.125659
v 0.836930 0.153956 0.568355
v 1.059825 1.443214 0.076919
v 0.828819 0.273185 1.080030
v 0.858829 0.000370 -1.275560
v 0.839714 0.456933 1.188347
v 0.846582 0.421037 -1.145858
v 0.877332 -0.074538 0.992751
v 0.840495 0.040022 -0.917129
v 0.867778 0.545068 -1.075736
v 0.852169 -0.029932 0.534611
v 1.062038 1.436634 -0.073101
v 0.862437 0.105085 -0.945473
v 0.843443 0.309489 -0.529236
v 0.850708 0.027418 1.031482
v 0.856027 0.039329 -0.928513
v 0.853298 0.081517 1.301351
v 0.841987 0.390919 0.802641
v 0.842726 0.346496 1.247613
v 0.846703 0.450260 0.758398
v 1.063239 1.438118 -0.763579
v 0.838172 0.008274 -0.935080
v 0.851019 0.121823 -0.487276
v 0.838785 0.299594 0.618869
v 0.840836 0.442185 -1.053652
v 0.848042 0.528403 -1.065996
v 0.850210 0.368895 -0.694655
v 0.848723 -0.025971 0.901434
v 0.851533 -0.082866 1.360195
v 0.848542 0.386116 -0.543464
v 0.855548 0.023596 -0.751524
v 0.843513 0.276933 -0.993711
v 0.849101 0.128635 0.855482
v 0.849293 -0.004510 -0.781460
v 0.849644 0.135862 1.054071
v 0.845625 0.463345 0.691154
v 0.854220 -0.086127 -0.886708
v 0.847039 0.464232 -1.105498
v 0.854515 0.119197 0.577672
v 0.863762 0.522618 -1.152042
v 0.863772 0.061711 -1.276527
v 1.058946 1.454128 -0.035021
v 0.888237 -0.083564 0.918219
v 0.859533 0.080944 -0.750157
v 0.850166 0.248725 -1.195187
v 0.846344 -0.012680 -0.903331
v 0.856688 -0.087980 -0.783624
v 0.853121 -0.020776 0.885726
v 0.871998 0.521958 -0.572589
v 0.863706 -0.084665 0.505124
v 0.870137 -0.071544 -0.411882
v 0.851338 -0.085810 -0.430053
v 0.846993 -0.040687 -0.425492
v 0.851977 -0.086673 -1.284187
v 0.852291 -0.082571 0.540188
v 0.849724 -0.049578 -0.432789
v 0.847526 -0.038294 0.541751
v 0.858207 -0.042687 1.351621
v 0.864675 -0.016190 0.546471
v 0.854364 0.441941 -0.643101
v 0.863641 -0.038777 -0.449663
v 0.859520 0.006109 -0.934385
v 0.849216 -0.042522 0.542334
v 0.861975 -0.065089 -0.898273
v 0.857405 0.518693 -0.590489
v 0.854276 -0.028266 0.891428
v 0.858459 0.036251 0.570144
v 0.867703 -0.087430 -1.305893
v 0.872980 1.440924 -0.238009
v 0.873118 -0.082486 -0.809031
v 0.861010 0.112773 -1.228342
v 0.854310 -0.033168 -0.428099
v 0.854930 -0.029290 0.551257
v 0.856144 -0.088807 0.913395
v 0.854459 -0.050110 -0.434652
v 0.860519 -0.026685 -0.778919
v 0.858255 -0.073825 0.529734
v 0.865325 -0.077926 0.526460
v 0.853426 -0.017108 0.894030
v 0.875600 -0.081147 1.035320
v 0.868227 -0.084929 1.333288
v 0.859561 -0.036570 -1.272148
v 0.853695 -0.021842 0.888498
v 0.870408 -0.070754 0.911836
v 0.859525 0.443047 -0.583410
v 0.865265 -0.066809 -0.430952
v 0.882594 -0.081303 0.883118
v 0.866714 -0.050217 1.339929
v 0.864556 0.034510 -0.471791
v 0.869513 -0.066209 -1.285153
v 0.865479 -0.025381 0.894760
v 0.872424 -0.062826 1.012335
v 0.880001 -0.082620 1.372680
v 0.882203 -0.084260 -0.773632
v 0.875235 -0.078365 -0.887173
v 1.058972 1.443444 0.097097
v 0.887721 -0.084222 -1.268127
v 0.887000 -0.084269 -0.437650
v 0.881957 -0.077721 -0.912328
v 0.883122 -0.085698 0.528962
v 0.886796 -0.083872 1.021720
v 0.887706 -0.081769 1.344532
v 0.920319 1.445236 -0.238276
v 0.913968 1.442626 -0.230564
v 0.943580 1.438204 -0.230063
v 0.917970 1.442713 -0.230703
v 0.927215 1.442758 -0.230861
v 0.921816 1.442896 -0.230154
v 0.931079 1.447062 -0.230818
v 0.928773 1.442530 -0.230520
vn 0.1814 -0.5525 0.8136
vn -0.3560 -0.5677 0.7423
vn -0.3002 -0.6490 -0.6991
vn 0.6711 0.7369 0.0812
vn 0.5985 0.5987 0.5322
vn 0.8116 -0.3294 0.4825
vn 0.7754 -0.5942 -0.2136
vn -0.0719 -0.9679 0.2408
vn -0.0286 -0.7140 -0.6995
vn -0.4796 -0.7515 -0.4530
vn 0.5817 0.6722 -0.4580
vn -0.6992 -0.7022 0.1342
vn -0.6635 -0.7412 0.1020
vn 0.0169 -0.9993 -0.0335
vn 0.4805 -0.7032 -0.5241
vn -0.2591 -0.7469 0.6124
vn 0.3891 -0.7119 0.5847
vn 0.6700 -0.7367 0.0918
vn 0.6115 -0.7528 -0.2436
vn 0.2282 -0.7766 -0.5872
vn -0.7337 -0.6226 0.2720
vn 0.6504 -0.7271 0.2196
vn -0.7657 -0.6309 -0.1249
vn 0.1936 0.7001 0.6873
vn -0.7512 -0.3531 -0.5577
vn -0.5995 0.6475 -0.4705
vn -0.6858 0.7270 -0.0320
vn -0.4815 0.6796 0.5534
vn -0.5344 0.7859 0.3111
vn -0.3979 0.7846 -0.4755
vn -0.0521 0.7370 -0.6738
vn -0.7460 0.2995 -0.5949
vn 0.4749 0.3147 -0.8218
vn 0.4759 0.8379 -0.2674
vn 0.7748 0.3605 0.5193
vn 0.5777 0.2123 -0.7882
vn -0.8265 0.2244 -0.5163
vn -0.6046 0.3531 0.7140
vn -0.3704 0.1229 0.9207
vn 0.1958 0.8081 0.5556
vn 0.8378 0.1969 0.5092
vn 0.2109 -0.0722 -0.9748
vn 0.7175 0.6261 0.3052
vn 0.0152 0.2046 0.9787
vn -0.9571 -0.1904 0.2182
vn 0.6430 -0.5385 -0.5445
vn -0.3240 0.9039 0.2794
vn -0.7944 -0.5515 0.2546
vn 0.4105 -0.4958 0.7653
vn -0.9739 -0.1081 0.1997
vn 0.6149 0.1005 0.7822
vn -0.8648 -0.4450 0.2326
vn 0.2184 -0.6922 -0.6879
vn 0.5572 -0.5292 0.6399
vn 0.2050 -0.1568 -0.9661
vn 0.9645 -0.2038 -0.1680
vn 0.8262 -0.4655 -0.3174
vn -0.1579 -0.5621 -0.8119
vn -0.5388 -0.1137 -0.8347
vn -0.6711 -0.0995 -0.7346
vn -0.7719 -0.1447 -0.6191
vn 0.0732 0.0118 -0.9972
vn 0.9378 -0.1084 -0.3299
vn -0.2646 0.1005 0.9591
vn -0.3288 -0.6382 -0.6961
vn 0.4719 -0.5813 0.6629
vn 0.6921 -0.6969 -0.1881
vn 0.2595 -0.4901 -0.8322
vn 0.9894 -0.1373 -0.0470
vn 0.8088 -0.1501 -0.5686
vn 0.9896 0.0489 0.1355
vn -0.9953 0.0897 -0.0366
vn -0.4175 -0.1589 -0.8947
vn 0.9893 0.0017 0.1460
vn 0.7373 0.0521 0.6736
vn 0.1096 -0.3355 -0.9356
vn -0.6714 -0.0580 -0.7388
vn -0.2640 -0.3640 0.8932
vn 0.1181 -0.3682 0.9222
vn 0.2436 -0.1275 0.9615
vn -0.1977 0.6754 0.7105
vn -0.6325 0.0167 0.7744
vn 0.9418 -0.0639 0.3301
vn -0.8061 -0.5916 0.0102
vn 0.2011 0.1685 -0.9650
vn 0.4598 0.6446 0.6109
vn 0.7406 0.6218 0.2546
vn 0.4961 0.6362 -0.5908
vn -0.6714 0.6015 -0.4330
vn -0.3270 0.7519 -0.5724
vn 0.8290 0.5163 -0.2151
vn 0.8844 -0.0034 -0.4667
vn 0.3487 -0.0905 -0.9329
vn 0.1581 0.0356 -0.9868
vn 0.2866 0.1969 -0.9376
vn -0.1212 0.1229 -0.9850
vn -0.5780 0.0731 -0.8128
vn -0.4914 -0.5619 -0.6654
vn -0.1674 -0.1802 0.9693
vn 0.2546 -0.7242 -0.6409
vn 0.8839 0.1254 0.4506
vn 0.7629 -0.1158 0.6360
vn 0.9648 -0.2342 0.1199
vn 0.9537 -0.0605 0.2945
vn 0.3651 0.0755 0.9279
vn 0.2427 -0.4427 0.8632
vn 0.6860 -0.6564 0.3140
vn -0.1611 -0.5479 -0.8209
vn -0.3848 -0.3067 -0.8705
vn -0.9841 0.0182 0.1767
vn -0.8371 0.0679 0.5429
vn -0.6945 0.6274 0.3522
vn -0.9298 0.3083 -0.2009
vn -0.1590 0.0239 -0.9870
vn -0.2767 -0.8955 0.3486
vn 0.8128 0.3392 -0.4736
vn -0.4680 0.8662 -0.1749
vn 0.3441 0.4448 -0.8269
vn -0.8950 0.3403 0.2883
vn 0.6835 -0.5272 0.5049
vn -0.4651 0.3411 -0.8169
vn 0.2223 0.0825 0.9715
vn 0.7321 0.1981 -0.6517
vn 0.7326 -0.0770 -0.6763
vn 0.9313 0.3485 0.1064
vn 0.7007 -0.4303 0.5691
vn 0.7564 -0.1206 -0.6429
vn 0.4843 -0.6462 -0.5898
vn -0.2583 -0.1321 -0.9570
vn 0.1432 -0.4292 -0.8918
vn -0.4760 -0.6049 -0.6384
vn -0.4796 -0.7356 0.4785
vn -0.7992 -0.5792 0.1604
vn -0.5798 -0.1880 0.7928
vn -0.9801 -0.1528 -0.1266
vn -0.1735 -0.3946 0.9023
vn 0.9638 0.2020 -0.1737
vn 0.7765 -0.5963 -0.2036
vn 0.0391 -0.5731 -0.8186
vn -0.7952 -0.5380 -0.2796
vn -0.6791 0.0083 0.7340
vn -0.9985 -0.0089 -0.0537
vn -0.3059 -0.8906 0.3366
vn 0.8300 -0.5576 0.0158
vn 0.3298 -0.8808 -0.3399
vn 0.5824 -0.5759 -0.5737
vn 0.5603 -0.6039 -0.5669
vn 0.3016 0.2985 -0.9055
vn -0.2272 0.2359 -0.9448
vn 0.0197 -0.7054 0.7085
vn -0.3215 0.2950 -0.8998
vn 0.3017 0.3115 0.9011
vn -0.2901 0.2967 0.9098
vn 0.5935 -0.5547 0.5831
vn 0.2282 0.2022 0.9524
vn -0.0190 0.1530 0.9880
vn 0.0487 0.1033 0.9935
vn -0.0926 0.6467 0.7571
vn -0.0011 0.3772 0.9261
vn 0.0531 0.5015 0.8635
vn -0.0713 0.4661 0.8818
vn 0.0933 0.4686 0.8784
vn -0.0059 0.5352 0.8447
vn -0.0448 0.3937 0.9182
vn 0.6917 -0.2862 0.6631
vn 0.2658 0.1605 0.9506
vn 0.2818 -0.1065 0.9535
vn -0.2636 -0.2981 0.9174
vn 0.3826 0.2457 -0.8906
vn 0.3192 0.4252 -0.8470
vn 0.8055 0.5553 0.2071
vn 0.5618 -0.5527 -0.6155
vn 0.2290 -0.1611 -0.9600
vn -0.2126 0.2044 0.9555
vn -0.9800 0.1718 0.1001
vn 0.2073 0.4894 0.8471
vn 0.2570 0.0030 0.9664
vn -0.9958 -0.0856 0.0336
vn -0.0426 0.5690 0.8213
vn -0.0884 0.5152 0.8525
vn -0.3411 0.4848 0.8054
vn -0.0047 -0.5725 -0.8199
vn 0.7773 -0.0552 0.6267
vn 0.0449 -0.6133 0.7886
vn -0.0336 -0.9222 0.3853
vn -0.0326 0.5306 0.8470
vn 0.0764 0.5624 0.8234
vn -0.0724 -0.0243 0.9971
vn 0.0230 -0.0638 0.9977
vn -0.6580 0.2813 0.6985
vn 0.2763 -0.1922 0.9416
vn 0.3104 -0.5606 0.7677
vn 0.0535 -0.0633 0.9966
vn 0.0874 0.0208 0.9960
vn -0.9970 -0.0725 0.0273
vn -0.9991 0.0138 0.0395
vn -0.9069 0.2336 -0.3506
vn -0.7017 0.2284 -0.6749
vn -0.9709 -0.1673 0.1713
vn -0.6673 -0.7446 -0.0122
vn -0.9918 0.0992 -0.0806
vn -0.6426 0.7606 0.0928
vn 0.9863 -0.1648 0.0064
vn 0.2844 -0.2947 -0.9123
vn 0.2665 -0.2836 0.9212
vn -0.8642 0.2758 -0.4208
vn -0.9958 -0.0872 0.0284
vn -0.1095 -0.0817 0.9906
vn -0.2235 -0.0863 -0.9709
vn -0.0332 0.0177 0.9993
vn 0.0086 -0.0013 1.0000
vn -0.6024 -0.5675 -0.5614
vn 0.6430 0.3376 0.6874
vn 0.6382 -0.0224 0.7696
vn 0.8952 -0.3077 -0.3225
vn 0.2995 -0.4239 -0.8547
vn 0.0290 0.0380 0.9989
vn 0.0104 0.0498 0.9987
vn 0.0265 0.5662 0.8238
vn 0.0626 0.0253 0.9977
vn 0.0483 -0.0298 0.9984
vn -0.2157 0.1645 0.9625
vn -0.5736 0.7983 0.1835
vn 0.0180 0.0805 0.9966
vn 0.0258 0.0827 0.9962
vn -0.1429 -0.2304 0.9626
vn -0.5371 -0.5793 -0.6132
vn -0.5893 0.4992 -0.6352
vn 0.3524 -0.9150 -0.1966
vn -0.0166 0.0343 0.9993
vn -0.0203 0.0127 0.9997
vn 0.0185 0.0118 0.9998
vn -0.0091 -0.0188 0.9998
vn 0.0114 0.1796 0.9837
vn 0.0095 -0.0717 0.9974
vn 0.0145 0.4957 0.8684
vn 0.0562 0.6266 0.7773
vn 0.0373 -0.5503 0.8341
vn -0.0028 -0.4005 0.9163
vn -0.0161 -0.0456 0.9988
vn 0.0080 0.1302 -0.9915
vn 0.0002 0.9597 -0.2812
vn -0.0346 0.9330 -0.3582
vn -0.0053 0.1011 -0.9949
vn -0.0057 0.7205 -0.6934
vn 0.0056 -0.6721 0.7404
vn -0.0316 0.3526 0.9352
vn -0.0233 -0.0845 0.9962
vn -0.0257 0.5542 0.8320
vn -0.1225 -0.5215 0.8444
vn -0.1378 0.5862 0.7984
vn -0.0109 0.6903 -0.7235
vn 0.4624 -0.1632 -0.8715
vn 0.0647 0.6559 -0.7520
vn -0.0152 0.6093 -0.7928
vn 0.0163 0.5764 0.8170
vn 0.0085 0.0617 0.9981
vn -0.0084 -0.6382 0.7698
vn 0.0034 0.3798 0.9251
vn 0.0490 -0.5929 0.8038
vn 0.0158 0.9875 -0.1568
vn -0.0017 0.9558 -0.2940
vn 0.0003 0.9459 -0.3245
vn -0.0513 -0.5217 0.8516
vn -0.9899 -0.1389 -0.0266
vn -0.2301 -0.9686 -0.0940
vn -0.9856 -0.1681 -0.0188
vn -0.0071 0.9790 -0.2035
vn 0.0049 0.6753 -0.7376
vn 0.0114 0.1213 -0.9926
vn -0.0106 0.9826 0.1855
vn -0.0012 0.8750 -0.4842
vn -0.0024 0.1323 -0.9912
vn -0.0087 0.0825 -0.9965
vn 0.0037 0.9527 -0.3039
vn 0.0024 0.8491 -0.5283
vn 0.0138 0.2433 -0.9698
vn -0.0178 0.2524 -0.9675
vn -0.0159 0.9289 -0.3700
vn 0.9200 -0.2629 -0.2906
vn -0.0564 -0.7364 -0.6741
vn 0.0862 -0.7131 -0.6957
vn -0.0464 -0.9355 -0.3504
vn -0.0337 -0.7259 -0.6870
vn -0.5891 -0.6079 -0.5323
vn -0.8964 0.4118 0.1641
vn -0.1785 0.0838 -0.9804
vn 0.1075 0.7033 0.7027
vn -0.7959 -0.4404 -0.4155
vn 0.8197 0.4690 -0.3288
vn 0.5270 -0.8348 -0.1596
vn 0.3809 -0.7894 -0.4814
vn 0.3774 0.3318 -0.8646
vn 0.0044 0.7356 -0.6774
vn 0.0818 -0.8075 -0.5841
vn 0.1083 0.5259 -0.8436
vn -0.0984 0.7016 -0.7058
vn 0.5324 0.4678 -0.7055
vn 0.1125 0.6909 -0.7141
vn -0.0046 -0.6046 -0.7965
vn -0.0686 -0.6920 -0.7186
vn 0.0316 -0.7851 -0.6186
vn 0.0855 -0.7327 -0.6751
vn -0.0837 0.5991 -0.7963
vn -0.0228 -0.9836 -0.1788
vn 0.2028 0.1998 -0.9586
vn 0.5958 0.4566 -0.6607
vn -0.0881 0.5771 -0.8119
vn -0.0640 -0.9001 -0.4309
vn 0.0654 0.4577 -0.8867
vn -0.5657 0.5714 -0.5946
vn 0.0696 0.6989 -0.7118
vn 0.1137 0.1777 -0.9775
vn -0.0320 -0.1049 -0.9940
vn 0.2932 -0.5866 -0.7549
vn 0.3847 -0.7618 0.5212
vn 0.5512 0.8221 -0.1427
vn 0.9180 -0.2054 -0.3393
vn 0.7453 0.6610 0.0868
vn 0.4175 -0.4254 -0.8030
vn -0.3016 0.3563 -0.8844
vn 0.6522 0.1185 -0.7487
vn 0.5752 -0.1121 -0.8103
vn 0.8277 0.1670 -0.5358
vn 0.9490 -0.0334 0.3136
vn 0.0939 -0.6343 -0.7674
vn -0.0958 -0.7162 -0.6913
vn -0.0553 -0.5511 -0.8326
vn 0.0201 -0.5736 -0.8189
vn -0.0125 -0.9888 0.1484
vn -0.0123 -0.6191 -0.7852
vn -0.1277 -0.6960 -0.7066
vn 0.1947 0.6457 -0.7383
vn 0.2815 -0.5277 -0.8014
vn 0.5419 -0.4251 -0.7251
vn 0.5343 -0.6874 -0.4919
vn -0.1361 -0.7432 -0.6551
vn 0.0568 -0.7702 -0.6352
vn 0.0794 -0.5885 -0.8046
vn -0.0965 -0.7964 -0.5970
vn -0.0050 -0.7476 -0.6641
vn 0.0064 -0.6858 -0.7277
vn 0.0445 -0.5694 -0.8209
vn -0.0841 -0.7312 -0.6770
vn 0.0326 0.6714 -0.7404
vn 0.4028 0.3697 -0.8373
vn -0.0315 0.4380 -0.8984
vn -0.1131 -0.6700 -0.7337
vn -0.0491 -0.7139 -0.6985
vn -0.1520 -0.2112 -0.9656
vn -0.0163 -0.7547 -0.6558
vn 0.0026 -0.7213 -0.6926
vn -0.0198 -0.7658 -0.6428
vn 0.0555 -0.8159 -0.5756
vn 0.0962 -0.8196 -0.5648
vn -0.1923 0.0626 -0.9793
vn -0.3227 -0.3822 -0.8659
vn -0.4668 -0.7204 -0.5130
vn 0.0069 0.7341 -0.6790
vn -0.0001 0.7214 -0.6925
vn -0.0545 -0.6384 -0.7677
vn -0.0896 0.6269 -0.7739
vn -0.0770 0.6175 -0.7828
vn 0.0467 0.6386 -0.7681
vn 0.0852 -0.6784 -0.7297
vn -0.0089 -0.6894 -0.7243
vn 0.0799 -0.7564 -0.6492
vn -0.0501 -0.8091 0.5856
vn -0.1284 -0.7479 -0.6513
vn -0.0873 -0.8016 0.5914
vn 0.1301 -0.6080 -0.7832
vn 0.0657 0.9341 -0.3510
vn 0.0074 -0.6455 -0.7637
vn 0.1193 -0.5901 -0.7985
vn -0.0660 -0.5571 -0.8278
vn 0.1144 -0.5480 -0.8286
vn 0.8082 -0.1863 -0.5587
vn -0.0733 -0.8029 -0.5915
vn -0.0197 -0.9931 -0.1159
vn -0.0465 -0.7922 -0.6085
vn 0.5712 -0.6917 -0.4419
vn -0.1680 -0.9063 0.3878
vn 0.6277 -0.7781 -0.0212
vn 0.5841 -0.8109 0.0356
vn -0.0070 -0.8421 0.5392
vn -0.0005 -0.7969 -0.6041
vn -0.0185 -0.6981 -0.7157
vn -0.0465 0.6432 0.7643
vn 0.6882 -0.0022 -0.7255
vn -0.2261 -0.1883 -0.9557
vn 0.8974 -0.4113 -0.1598
vn -0.3908 -0.8977 -0.2036
vn -0.9791 -0.0468 0.1978
vn -0.9812 -0.0323 0.1902
vn -0.0094 0.2565 -0.9665
vn -0.0063 0.2235 -0.9747
vn -0.0071 0.1887 -0.9820
vn 0.3512 -0.6648 0.6593
vn -0.8202 -0.1230 0.5588
vn -0.9729 -0.2306 -0.0152
vn -0.5445 -0.3522 0.7612
vn -0.2118 0.0402 -0.9765
vn 0.9894 0.0198 -0.1437
vn -0.5141 -0.1890 0.8367
vn -0.2784 0.9038 0.3249
vn -0.8701 -0.1845 0.4570
vn -0.6828 -0.1613 0.7126
vn 0.1028 -0.4400 -0.8921
vn 0.6011 0.5475 -0.5822
vn 0.7296 -0.1196 -0.6734
vn 0.6342 0.4320 -0.6413
vn 0.5307 0.1068 -0.8408
vn 0.5392 0.7568 0.3696
vn 0.7206 -0.5979 -0.3511
vn 0.4990 -0.7433 0.4456
vn 0.9046 -0.3227 0.2786
vn 0.6114 -0.5669 -0.5520
vn 0.9945 0.1043 -0.0082
vn 0.9948 -0.0913 0.0455
vn 0.7290 -0.6845 -0.0002
vn -0.1499 -0.8719 -0.4662
vn 0.5141 0.7281 0.4533
vn 0.9226 0.3045 0.2368
vn -0.3121 -0.9485 -0.0539
vn 0.2042 -0.9522 0.2270
vn 0.7100 -0.7042 -0.0067
vn 0.7811 0.0275 0.6238
vn 0.5690 -0.8224 0.0036
vn 0.0162 -0.7660 0.6427
vn 0.0116 0.1265 -0.9919
vn 0.0128 0.8574 -0.5145
vn -0.0231 0.2271 -0.9736
vn -0.0338 0.1653 -0.9857
vn 0.0371 0.2286 -0.9728
vn -0.0116 0.1503 -0.9886
vn 0.0246 0.1917 -0.9811
vn 0.0937 -0.9869 -0.1310
vn 0.5980 0.5746 -0.5588
vn 0.3508 0.3234 0.8788
vn -0.6515 0.7299 -0.2067
vn -0.7435 -0.5800 -0.3328
vn -0.8548 -0.5190 0.0061
vn -0.5684 0.8212 -0.0508
vn 0.6295 0.7739 -0.0693
vn -0.7016 0.6793 -0.2154
vn 0.7254 -0.6878 -0.0267
vn 0.7710 0.6322 -0.0762
vn 0.6366 -0.7709 0.0190
vn 0.8117 -0.5791 0.0769
vn 0.8332 -0.0529 0.5504
vn 0.6760 0.4833 0.5563
vn -0.0411 -0.6867 0.7258
vn 0.7317 -0.0525 0.6796
vn 0.8807 0.3734 0.2914
vn 0.0027 -0.7559 0.6547
vn 0.7220 -0.6760 0.1476
vn 0.6410 -0.7640 -0.0738
vn 0.6028 0.6691 0.4347
vn 0.9987 -0.0465 -0.0208
vn 0.1273 0.7050 -0.6976
vn -0.0398 0.9990 0.0187
vn -0.0326 -0.7553 0.6546
vn 0.0863 -0.9093 0.4072
vn -0.9693 0.2457 0.0065
vn -0.9935 -0.1120 -0.0214
vn -0.9581 -0.2803 -0.0582
vn -0.9787 0.1198 0.1666
vn -0.9920 -0.1238 0.0231
vn -0.9848 0.1734 -0.0091
vn -0.9816 0.1901 -0.0200
vn -0.4092 -0.9115 0.0409
vn 0.8490 -0.1047 0.5179
vn 0.9291 -0.1792 -0.3236
vn -0.0269 0.1968 0.9801
vn 0.4205 0.3750 0.8262
vn -0.9580 0.2736 0.0863
vn -0.1568 0.9876 0.0038
vn 0.8119 0.5745 -0.1037
vn 0.5551 0.8318 0.0024
vn 0.8672 -0.4980 0.0033
vn 0.7670 -0.6279 0.1322
vn -0.6230 -0.7815 0.0348
vn -0.6954 0.3645 0.6194
vn -0.6123 0.7583 -0.2238
vn -0.8238 0.5665 -0.0200
vn -0.5228 0.7879 -0.3254
vn -0.6825 -0.2876 -0.6719
vn -0.3690 -0.5664 0.7370
vn 0.4054 -0.1238 0.9057
vn 0.6702 -0.3101 0.6743
vn -0.5651 0.3727 -0.7361
vn -0.6551 0.1923 0.7306
vn 0.9406 -0.1102 0.3212
vn 0.7422 -0.6266 -0.2379
vn 0.9267 0.1692 -0.3355
vn -0.7791 0.0377 0.6257
vn 0.2382 -0.5421 0.8059
vn -0.6092 -0.7125 -0.3481
vn 0.5220 -0.2857 -0.8037
vn -0.8498 -0.1750 0.4972
vn 0.6863 0.1761 0.7056
vn -0.2349 0.9637 0.1269
vn -0.1674 -0.9857 -0.0176
vn 0.4013 -0.8309 -0.3855
vn 0.5304 -0.7256 -0.4383
vn 0.4354 -0.7911 0.4297
vn 0.4198 -0.7942 -0.4394
vn -0.0431 0.0732 0.9964
vn -0.1620 0.4750 -0.8650
vn 0.4910 -0.2861 0.8228
vn -0.3411 -0.8849 -0.3172
vn -0.7294 0.0414 0.6828
vn 0.8372 -0.2650 -0.4784
vn 0.8357 -0.2398 -0.4941
vn 0.0150 -0.0404 0.9991
vn -0.6577 -0.7508 -0.0615
vn -0.1439 0.9880 -0.0569
vn -0.6156 0.7874 -0.0338
vn -0.3838 0.9233 0.0150
vn -0.7876 0.6107 -0.0816
vn -0.2719 0.9623 -0.0076
vn -0.3717 -0.9276 0.0388
vn -0.7861 -0.6178 0.0182
vn -0.5670 0.6435 0.5141
vn -0.2245 -0.5141 0.8278
vn 0.9273 -0.2736 0.2556
vn -0.0111 -0.7385 0.6742
vn 0.1821 0.9680 0.1729
vn 0.5606 0.8281 0.0024
vn 0.7936 0.6008 -0.0960
vn 0.5876 0.8083 -0.0363
vn 0.8173 -0.5731 -0.0597
vn 0.7808 -0.5643 0.2682
vn 0.7858 0.5845 0.2024
vn 0.8478 -0.5299 0.0215
vn 0.5035 -0.7869 0.3568
vn 0.9654 0.0038 0.2607
vn 0.7139 0.6977 -0.0588
vn 0.7132 -0.7008 -0.0165
vn 0.8413 0.5380 0.0535
vn 0.4482 -0.8916 -0.0649
vn 0.8662 0.4268 -0.2599
vn 0.6152 0.7848 0.0751
vn -0.7068 0.7045 0.0638
vn -0.6044 -0.5432 0.5827
vn -0.9383 0.0932 -0.3331
vn -0.0303 0.6476 0.7614
vn -0.0945 0.7314 0.6754
vn 0.5614 0.8242 0.0742
vn -0.4809 -0.7704 0.4186
vn 0.6055 -0.7952 0.0315
vn -1.0000 0.0048 -0.0011
vn -0.9976 0.0223 0.0661
vn 0.0568 -0.6349 -0.7705
vn 0.9998 -0.0046 0.0180
vn -0.9980 0.0391 0.0492
vn -0.9996 0.0015 -0.0280
vn -0.9496 -0.3090 -0.0521
vn 0.9946 0.0898 0.0526
vn 0.3622 -0.5267 -0.7690
vn 0.6626 -0.4778 0.5767
vn -0.6298 -0.7151 0.3033
vn -0.8959 -0.0716 0.4385
vn -0.7416 -0.0234 -0.6705
vn 0.1539 -0.1496 -0.9767
vn -0.8639 -0.1745 -0.4724
vn -0.9383 -0.0910 -0.3337
vn -0.2348 0.9380 -0.2551
vn -0.7836 0.1541 0.6018
vn -0.6893 -0.2644 0.6745
vn -0.5049 -0.8489 0.1562
vn 0.6582 0.1668 0.7341
vn 0.7592 -0.6426 -0.1034
vn 0.7824 -0.0438 -0.6212
vn 0.6063 -0.5852 0.5385
vn -0.0026 -0.6955 -0.7185
vn 0.3094 -0.0434 0.9499
vn -0.7524 -0.4658 0.4658
vn 0.3724 -0.1553 -0.9150
vn -0.9874 0.1542 -0.0368
vn 0.2304 -0.1928 -0.9538
vn 0.2845 0.9276 -0.2423
vn 0.1820 -0.2742 -0.9443
vn -0.4350 -0.1687 -0.8845
vn -0.7766 -0.1322 -0.6160
vn -0.8422 -0.1975 0.5017
vn 0.3785 -0.2963 -0.8769
vn -0.6261 0.7707 0.1186
vn -0.7281 0.6853 0.0169
vn -0.5612 0.8250 0.0673
vn 0.9887 -0.1356 -0.0636
vn 0.4186 0.1703 -0.8921
vn 0.7636 0.6457 0.0082
vn 0.6031 0.2178 0.7674
vn 0.5229 -0.7897 0.3209
vn 0.9366 0.3490 0.0319
vn -0.8544 -0.2500 -0.4556
vn 0.8097 -0.2351 -0.5376
vn 0.7798 -0.5060 0.3686
vn -0.1907 -0.1384 -0.9718
vn 0.9028 -0.0029 0.4300
vn 0.5325 0.0696 0.8435
vn 0.5275 -0.8392 0.1321
vn -0.3493 0.0065 0.9370
vn -0.8512 -0.4121 0.3250
vn -0.9288 0.1623 0.3333
vn 0.1898 0.9812 0.0352
vn 0.0911 0.0271 -0.9955
vn -0.0816 0.2566 0.9631
vn -0.3030 -0.9328 0.1951
vn 0.2432 -0.0262 0.9696
vn 0.2376 0.7656 0.5979
vn 0.2941 -0.4986 -0.8154
vn -0.0434 -0.8308 0.5548
vn 0.9915 0.0488 -0.1208
vn 0.7270 0.5734 0.3778
vn -0.1243 -0.9895 0.0744
vn -0.3872 0.7061 0.5929
vn -0.1663 0.6994 -0.6952
vn -0.2737 0.8008 -0.5327
vn 0.7028 0.6249 -0.3399
vn 0.8525 -0.4846 -0.1959
vn -0.9468 -0.2895 0.1407
vn -0.4606 -0.7243 0.5131
vn 0.9211 -0.1272 0.3679
vn -0.0964 0.9820 -0.1623
vn -0.1478 0.9853 -0.0852
vn 0.1730 -0.1296 -0.9764
vn -0.4734 -0.7134 -0.5167
vn -0.7392 -0.6158 -0.2727
vn 0.1084 -0.7151 -0.6905
vn -0.1042 -0.6791 -0.7266
vn 0.8217 0.4915 -0.2886
vn 0.6974 -0.1404 -0.7028
vn -0.2993 -0.9537 0.0298
vn -0.2114 -0.4746 0.8544
vn -0.2084 0.4089 0.8885
vn -0.3394 -0.6677 0.6626
vn 0.5583 0.5466 0.6242
vn 0.7260 -0.2523 0.6398
vn 0.3359 0.6713 0.6607
vn -0.1364 0.7125 0.6883
vn -0.0853 -0.6288 -0.7729
vn -0.3345 -0.7012 -0.6296
vn 0.2977 -0.6858 -0.6641
vn -0.4766 -0.8751 0.0841
vn 0.4545 -0.8876 -0.0751
vn 0.8528 -0.5214 0.0304
vn 0.8545 0.5152 -0.0667
vn -0.7460 -0.6580 0.1028
vn -0.6830 -0.4613 -0.5664
vn 0.7366 -0.6682 0.1050
vn 0.8366 0.0927 -0.5400
vn 0.3948 0.6706 -0.6281
vn 0.1839 0.5824 -0.7918
vn 0.4591 -0.5600 -0.6897
vn 0.1090 0.0442 -0.9931
vn -0.3951 0.5413 -0.7422
vn 0.7519 0.6565 0.0610
vn 0.5798 0.8118 0.0696
vn 0.0070 0.8268 0.5625
vn -0.1406 0.0026 0.9901
vn 0.3225 -0.8004 0.5053
vn 0.3201 -0.7860 -0.5289
vn 0.0901 -0.6991 0.7093
vn 0.6589 -0.5552 -0.5075
vn -0.8536 -0.5150 0.0780
vn 0.6934 -0.7203 -0.0179
vn -0.1484 -0.9327 -0.3287
vn 0.3513 -0.9313 0.0965
vn -0.8312 0.0458 0.5540
vn -0.5501 0.7079 0.4431
vn -0.6742 0.7088 -0.2077
vn -0.4107 0.7399 0.5328
vn 0.8276 0.3944 0.3994
vn 0.0892 0.6175 0.7815
vn 0.2114 0.8055 -0.5537
vn 0.5865 0.8078 -0.0587
vn 0.6261 -0.7784 -0.0460
vn 0.4920 -0.7501 -0.4419
vn 0.9901 0.0013 0.1404
vn -0.0265 -0.7528 0.6578
vn -0.0095 0.8872 -0.4612
vn 0.8176 0.5758 0.0010
vn 0.4688 0.8814 -0.0582
vn 0.7253 0.6577 -0.2033
vn 0.7364 0.6660 0.1190
vn 0.2379 -0.7752 0.5852
vn 0.3721 -0.7679 -0.5214
vn -0.6467 -0.6284 0.4323
vn 0.6713 0.6416 -0.3712
vn 0.7807 -0.6231 -0.0482
vn 0.6594 -0.7499 0.0534
vn 0.6948 0.7184 0.0350
vn -0.5317 -0.3347 0.7780
vn -0.9099 -0.4113 0.0542
vn -0.4855 -0.1960 0.8520
vn -0.6675 -0.7237 -0.1748
vn -0.5353 -0.6816 0.4989
vn 0.1656 -0.6600 0.7328
vn -0.3034 -0.5761 0.7590
vn -0.1142 -0.8439 -0.5242
vn -0.5673 0.8223 0.0448
vn 0.5701 -0.7803 -0.2572
vn 0.6095 0.5572 -0.5639
vn -0.6914 -0.7175 0.0847
vn -0.8768 -0.4804 -0.0205
vn -0.6494 -0.7605 -0.0038
vn -0.6553 -0.3378 -0.6756
vn 0.6817 -0.7299 0.0493
vn 0.8583 -0.4965 0.1297
vn -0.9510 -0.2211 -0.2159
vn -0.6074 0.3535 0.7114
vn 0.6711 0.7382 0.0688
vn -0.6015 0.2235 -0.7670
vn 0.6095 0.7875 -0.0916
vn -0.7894 -0.3182 -0.5250
vn -0.4122 0.9093 0.0577
vn -0.5413 -0.8388 0.0584
vn -0.0466 -0.9418 -0.3329
vn 0.7321 -0.6786 -0.0592
vn 0.4471 -0.8835 0.1402
vn 0.9998 -0.0068 0.0167
vn 0.4594 -0.8086 -0.3675
vn 0.9682 0.0028 -0.2501
vn 0.9634 -0.1365 0.2309
vn -0.3784 -0.0032 -0.9256
vn 0.9513 0.1839 0.2474
vn -0.5675 0.1471 0.8101
vn -0.7571 -0.6496 -0.0702
vn 0.9290 -0.3691 -0.0253
vn -0.7943 0.6041 0.0642
vn -0.6430 -0.7651 -0.0333
vn -0.8504 -0.3761 -0.3679
vn -0.0394 -0.9991 0.0143
vn 0.6351 0.2494 0.7310
vn -0.3558 0.5549 0.7520
vn -0.5757 0.3564 0.7359
vn -0.9014 -0.0490 -0.4303
vn -0.7043 -0.3360 0.6253
vn -0.1468 -0.9665 -0.2104
vn 0.6206 -0.5246 0.5828
vn 0.7160 -0.2448 -0.6538
vn -0.1793 0.0666 -0.9815
vn 0.5687 0.5840 -0.5792
vn -0.0591 -0.7904 0.6098
vn -0.2200 -0.7469 0.6275
vn -0.1526 -0.9881 0.0172
vn 0.6063 -0.7715 -0.1927
vn 0.8388 0.2061 -0.5040
vn 0.0545 -0.9985 0.0073
vn 0.7644 -0.6129 -0.2003
vn 0.6707 -0.7395 -0.0568
vn 0.7815 -0.6117 0.1227
vn 0.2683 -0.6725 -0.6897
vn 0.1248 -0.7406 0.6603
vn 0.0755 0.8432 -0.5323
vn -0.3201 0.1130 -0.9406
vn 0.7802 -0.4629 0.4208
vn 0.3381 -0.6366 -0.6931
vn -0.0995 -0.8855 -0.4538
vn -0.3604 0.3265 0.8738
vn -0.7240 -0.6842 -0.0881
vn -0.8792 0.2877 0.3798
vn 0.5961 0.5718 0.5637
vn 0.6745 -0.5352 -0.5085
vn 0.3540 -0.1391 0.9248
vn 0.3072 0.6992 -0.6456
vn 0.1301 -0.9339 0.3329
vn -0.2301 -0.6909 -0.6854
vn -0.1610 -0.6448 0.7472
vn -0.2245 0.4338 0.8726
vn -0.4958 0.7754 -0.3910
vn 0.7527 0.3606 -0.5508
vn 0.4292 0.8005 -0.4184
vn 0.2307 -0.9696 -0.0822
vn -0.7453 -0.6668 0.0032
vn 0.9707 -0.1978 -0.1366
vn 0.1387 0.0944 0.9858
vn -0.8854 -0.4643 0.0208
vn 0.0030 -0.9901 -0.1402
vn 0.0098 -0.9417 -0.3362
vn 0.0129 -0.3871 -0.9220
vn -0.6534 -0.1766 -0.7361
vn -0.3134 0.6641 -0.6788
vn 0.5305 -0.5545 0.6412
vn -0.2480 -0.9686 0.0177
vn 0.1294 -0.2768 0.9522
vn 0.2525 0.4825 0.8387
vn -0.1266 0.1809 0.9753
vn -0.3211 -0.8197 -0.4743
vn 0.4887 -0.8039 -0.3389
vn -0.2976 -0.2232 0.9282
vn 0.0596 -0.0535 -0.9968
vn -0.8360 -0.2312 0.4977
vn -0.4766 -0.1393 0.8680
vn -0.6287 0.7725 -0.0894
vn 0.0656 0.4287 -0.9010
vn 0.3607 0.7355 -0.5735
vn -0.6052 -0.1523 -0.7814
vn -0.7289 0.1681 -0.6637
vn -0.2275 0.7472 0.6245
vn -0.4863 -0.2507 0.8371
vn 0.8122 -0.0236 -0.5829
vn 0.0825 0.1958 0.9772
vn -0.1396 0.5571 0.8187
vn 0.7343 -0.3205 0.5984
vn 0.7363 0.3162 0.5983
vn 0.6217 0.6438 0.4462
vn -0.6209 0.4703 0.6271
vn -0.3785 -0.4189 -0.8254
vn -0.5603 -0.4781 0.6764
vn -0.1181 -0.6426 -0.7571
vn 0.5775 -0.4114 -0.7052
vn 0.4985 0.4145 -0.7614
vn -0.4799 0.3809 -0.7903
vn 0.6171 -0.7016 -0.3563
vn 0.0739 -0.7421 -0.6663
vn -0.5421 -0.7879 -0.2921
vn 0.3410 -0.5101 -0.7897
vn -0.5386 -0.2462 -0.8058
vn 0.5962 -0.4884 0.6372
vn 0.5836 -0.5723 0.5760
vn -0.5864 -0.5643 0.5812
vn 0.3776 -0.3882 -0.8407
vn -0.3799 -0.3149 -0.8698
vn 0.4572 0.4183 -0.7848
vn -0.7520 -0.2931 -0.5904
vn -0.4537 0.3729 -0.8094
vn -0.5534 -0.4785 -0.6817
vn 0.6347 0.3112 0.7073
vn -0.6683 0.3129 0.6748
vn -0.5935 0.6496 0.4751
vn 0.6497 0.6649 0.3686
vn 0.3751 -0.2775 -0.8845
vn -0.7435 0.3266 0.5836
vn 0.6503 0.4921 0.5787
vn 0.6120 -0.6698 -0.4205
vn 0.5934 -0.0081 -0.8049
vn 0.2007 -0.9715 -0.1260
vn -0.6042 -0.7161 -0.3495
vn 0.8019 -0.4898 0.3422
vn -0.6948 -0.7185 -0.0324
vn -0.7261 0.6862 -0.0435
vn -0.6153 0.5947 0.5174
vn 0.6406 0.7667 -0.0415
vn 0.9100 -0.4080 0.0741
vn 0.6269 0.6737 -0.3914
vn -0.6614 0.7500 -0.0087
vn -0.1765 0.5369 -0.8250
vn 0.9755 -0.0613 -0.2111
vn 0.9764 -0.1181 0.1810
vn 0.2954 0.0506 -0.9540
vn 0.5359 0.1692 -0.8271
vn -0.1361 -0.1016 -0.9855
vn 0.8773 0.3502 0.3282
vn 0.5638 -0.2980 0.7702
vn -0.6018 0.1412 0.7861
vn -0.4550 -0.3629 0.8132
vn -0.9312 -0.0032 -0.3645
vn -0.9609 -0.1424 0.2376
vn -0.6504 0.5250 0.5490
vn -0.8704 -0.3371 -0.3588
vn -0.5671 0.8236 0.0066
vn -0.9316 0.2846 -0.2263
vn -0.4989 0.4014 -0.7681
vn -0.9848 0.1533 -0.0817
vn -0.5044 -0.7075 -0.4950
vn -0.9665 -0.0656 -0.2482
vn -0.8987 -0.4374 0.0325
vn -0.9791 0.0925 0.1813
vn 0.5823 0.3105 0.7514
vn -0.5300 -0.7499 0.3959
vn 0.5589 -0.7314 0.3908
vn 0.9600 -0.0968 0.2626
vn 0.9887 0.0830 0.1245
vn 0.9927 -0.1137 0.0402
vn 0.9590 -0.1091 0.2616
vn -0.4114 -0.7882 0.4577
vn 0.3742 0.3419 0.8620
vn 0.5847 -0.7890 -0.1885
vn -0.5969 -0.8008 -0.0491
vn -0.5635 -0.4674 0.6811
vn 0.5581 -0.1976 0.8059
vn -0.7136 0.0440 0.6991
vn 0.5897 0.3131 0.7445
vn -0.5480 -0.8302 0.1022
vn 0.5451 -0.8360 0.0635
vn 0.5722 -0.6621 0.4840
vn -0.9788 -0.1538 -0.1352
vn -0.9504 -0.2009 0.2375
vn -0.9522 -0.0988 0.2891
vn -0.7640 0.3875 -0.5159
vn -0.9677 0.0078 0.2522
vn -0.8624 0.2403 -0.4456
vn 0.6481 0.1657 0.7433
vn -0.9808 0.1806 0.0730
vn -0.6128 0.7656 0.1958
vn -0.9924 -0.1125 -0.0498
vn -0.9521 -0.2928 0.0881
vn 0.7331 -0.3886 0.5581
vn 0.9630 0.0302 -0.2678
vn 0.6526 -0.6935 -0.3052
vn 0.9481 0.3046 -0.0914
vn -0.0190 0.6157 -0.7877
vn 0.9489 0.2497 0.1929
vn 0.8796 0.4747 -0.0325
vn 0.8504 0.2933 0.4368
vn 0.8476 -0.4417 0.2941
vn 0.9488 0.0012 -0.3158
vn 0.9701 -0.0769 -0.2300
vn 0.9228 0.1979 0.3306
vn 0.8939 -0.0616 -0.4440
vn 0.7646 0.6235 -0.1633
vn 0.9271 -0.1581 0.3398
vn 0.9577 -0.2697 0.1002
vn 0.9645 -0.0903 0.2482
vn 0.9463 -0.3156 -0.0702
vn 0.9499 -0.3096 -0.0418
vn -0.9086 0.2893 -0.3013
vn -0.0802 0.8505 -0.5199
vn 0.5650 0.3317 -0.7555
vn -0.5384 0.3931 -0.7454
vn -0.8639 0.3063 -0.3999
vn 0.5998 -0.2031 -0.7739
vn 0.3974 -0.6042 -0.6906
vn -0.5717 -0.0341 -0.8198
vn -0.5896 -0.4054 -0.6986
vn 0.8793 0.4758 -0.0236
vn 0.9852 -0.0094 -0.1710
vn 0.8924 0.1498 -0.4257
vn 0.9943 0.1064 -0.0036
vn 0.0846 0.9840 0.1569
vn -0.6530 -0.6824 0.3285
vn 0.3417 0.7535 0.5617
vn 0.7084 0.6959 0.1181
vn -0.8957 0.4315 -0.1073
vn -0.1318 0.9621 -0.2388
vn -0.1892 0.9819 0.0056
vn -0.6328 0.7740 -0.0224
vn -0.9850 0.1726 0.0068
vn -0.7362 -0.1696 0.6552
vn -0.1832 -0.2451 0.9520
vn -0.9337 -0.2151 0.2861
vn 0.4444 0.1312 0.8862
vn -0.9931 0.0238 0.1150
vn 0.9946 0.1004 -0.0264
vn -0.8806 -0.4721 0.0415
vn 0.5612 0.8216 0.1002
vn 0.6705 -0.7405 0.0447
vn -0.5747 -0.8139 0.0859
vn 0.9977 0.0012 0.0672
vn -0.9968 0.0193 0.0771
vn 0.7999 -0.5896 0.1119
vn -0.0539 -0.5382 -0.8411
vn -0.2552 -0.6189 0.7429
vn 0.6678 -0.2329 0.7069
vn 0.9261 0.2189 0.3073
vn -0.6906 -0.5601 -0.4576
vn -0.9492 0.2741 -0.1546
vn -0.6872 -0.2307 0.6889
vn -0.9821 -0.1531 0.1101
vn -0.3125 0.8970 0.3127
vn -0.5320 -0.6564 0.5348
vn 0.7623 -0.0847 0.6417
vn 0.6482 -0.5997 -0.4692
vn 0.7655 -0.1488 0.6260
vn 0.5526 0.5306 -0.6427
vn -0.3042 -0.7643 0.5686
vn 0.5932 0.1905 0.7822
vn 0.4682 0.8420 0.2682
vn -0.0672 -0.1821 0.9810
vn -0.9582 -0.0102 -0.2861
vn -0.6003 -0.5635 0.5676
vn 0.9027 0.2995 0.3089
vn 0.8902 -0.3020 0.3412
vn -0.5263 0.3089 -0.7922
vn -0.5277 -0.6754 0.5151
vn -0.6038 0.1962 0.7727
vn -0.9690 0.2136 -0.1238
vn 0.8512 -0.0394 -0.5233
vn -0.0194 -0.6500 -0.7597
vn 0.6828 0.0729 -0.7269
vn 0.5147 0.7967 -0.3166
vn -0.6814 0.3064 0.6646
vn 0.2974 -0.9292 -0.2196
vn -0.8684 -0.4932 -0.0517
vn -0.6165 0.5442 -0.5690
vn -0.9832 -0.0152 0.1818
vn -0.5643 -0.7890 0.2431
vn -0.5838 0.7829 0.2150
vn 0.4768 0.8432 0.2484
vn 0.1202 0.5221 0.8444
vn -0.4338 -0.2780 0.8571
vn 0.7415 0.0843 0.6656
vn 0.9868 -0.0469 -0.1547
vn 0.8147 -0.5582 0.1568
vn 0.0529 -0.9786 0.1988
vn -0.9896 -0.0040 0.1440
vn -0.0084 0.9335 0.3584
vn 0.0722 0.8841 -0.4617
vn -0.9643 -0.2643 0.0155
vn -0.5743 -0.7262 -0.3778
vn 0.2635 0.9526 0.1522
vn -0.5859 0.6588 -0.4719
vn 0.0162 -0.5814 0.8135
vn -0.0599 -0.6433 0.7633
vn 0.0463 -0.7953 0.6045
vn 0.7587 -0.6503 0.0374
vn 0.0718 -0.8140 0.5764
vn -0.0366 -0.8191 0.5725
vn -0.5889 -0.8082 0.0017
vn -0.3303 -0.9439 0.0025
vn -0.9838 -0.1791 -0.0005
vn 0.1153 -0.9932 0.0158
vn -0.9981 -0.0108 -0.0603
vn -0.8456 -0.5276 0.0815
vn -0.5427 -0.1397 0.8282
vn -0.3281 0.1700 0.9292
vn -0.9775 -0.2091 -0.0265
vn -0.1192 -0.9922 -0.0353
vn 0.8389 -0.4384 0.3225
vn -0.0239 -0.9997 0.0014
vn 0.1371 -0.9905 -0.0063
vn 0.3489 -0.6900 0.6341
vn 0.5969 -0.8020 0.0200
vn 0.5898 -0.8072 -0.0222
vn 0.7748 -0.6179 -0.1337
vn 0.7451 -0.6547 0.1272
vn 0.6497 -0.7601 0.0084
vn 0.7755 0.4783 -0.4120
vn 0.5188 0.8283 0.2116
vn -0.1098 0.1805 0.9774
vn 0.8081 -0.5890 -0.0113
vn 0.7643 -0.6447 -0.0152
vn 0.6767 -0.7310 0.0876
vn 0.8134 -0.5814 -0.0200
vn 0.5636 -0.8236 -0.0628
vn 0.0184 -0.7535 0.6572
vn 0.8021 -0.5575 -0.2142
vn 0.8057 -0.5913 -0.0357
vn 0.3677 0.7245 -0.5830
vn 0.6055 -0.5310 0.5929
vn 0.6911 0.6792 0.2473
vn -0.0193 -0.4438 0.8959
vn 0.6532 -0.7519 0.0892
vn 0.5227 -0.6668 0.5312
vn -0.1306 -0.6595 0.7403
vn -0.5773 -0.4760 0.6634
vn 0.6067 -0.2980 0.7370
vn 0.1388 -0.5961 0.7909
vn -0.5180 0.3484 0.7812
vn 0.5894 -0.6249 0.5120
vn -0.6709 -0.1632 0.7234
vn 0.5797 0.8106 -0.0823
vn 0.0599 0.9982 0.0063
vn 0.3062 0.9415 0.1406
vn 0.3802 0.9089 -0.1713
vn 0.8017 0.5974 -0.0198
vn -0.0161 0.9999 0.0055
vn -0.9165 0.3564 0.1814
vn 0.5669 -0.5448 -0.6179
vn -0.6191 -0.6359 -0.4609
vn -0.4387 -0.3322 -0.8350
vn -0.6184 0.1680 -0.7677
vn 0.5871 -0.0872 -0.8048
vn 0.4562 0.3099 -0.8342
vn -0.3687 0.6714 -0.6428
vn -0.9712 -0.2282 0.0692
vn -0.0984 -0.9951 0.0132
vn -0.9748 -0.2232 -0.0037
vn -0.1026 -0.9947 -0.0088
vn 0.7802 0.6206 -0.0780
vn 0.6960 -0.6947 -0.1816
vn 0.0691 0.4602 -0.8851
vn 0.4031 0.7659 -0.5009
vn 0.0363 -0.7973 -0.6025
vn -0.8951 -0.4223 -0.1427
vn 0.5868 0.7154 0.3793
vn -0.4125 0.8842 0.2191
vn 0.4402 -0.7860 0.4341
vn 0.4780 -0.8342 0.2749
vn 0.2506 0.6918 0.6773
vn 0.3321 0.7550 -0.5655
vn -0.8407 0.2994 0.4512
vn -0.9458 0.0905 0.3118
vn -0.9960 -0.0883 0.0151
vn -0.9759 0.2180 0.0117
vn -0.9605 0.2781 -0.0034
vn -0.5436 0.8394 0.0006
vn 0.2708 -0.6551 0.7054
vn 0.0324 0.0835 -0.9960
vn -0.8723 -0.4603 -0.1649
vn -0.8536 -0.0579 0.5177
vn -0.5985 -0.6625 0.4505
vn -0.9199 -0.2175 0.3264
vn -0.2751 0.9614 0.0097
vn -0.2883 0.9575 0.0078
vn -0.3158 0.9485 -0.0265
vn -0.1029 0.9912 -0.0836
vn -0.3218 0.9459 0.0400
vn -0.0939 0.9953 -0.0231
vn 0.0429 -0.7872 -0.6152
vn -0.9599 -0.0804 -0.2685
vn 0.0646 0.0884 -0.9940
vn 0.0069 -0.9186 0.3950
vn 0.5732 -0.5813 0.5776
vn -0.1936 -0.5076 0.8396
vn -0.5819 0.7779 -0.2372
vn -0.6403 0.5214 -0.5641
vn 0.5601 0.7520 -0.3475
vn 0.6879 0.3340 -0.6443
vn 0.6499 -0.3214 0.6887
vn -0.5709 -0.6726 0.4708
vn 0.7852 0.6057 -0.1291
vn 0.7935 0.3279 0.5127
vn 0.6574 0.3704 -0.6563
vn -0.6965 0.2954 -0.6539
vn -0.6666 0.2604 -0.6984
vn -0.9671 -0.2544 -0.0020
vn -0.9697 0.2441 0.0055
vn -0.0605 -0.9887 0.1374
vn -0.0600 -0.9980 0.0217
vn -0.8502 0.5264 0.0040
vn -0.4797 -0.8573 0.1871
vn -0.9211 -0.0005 0.3894
vn -0.0750 -0.9966 0.0333
vn 0.4378 -0.3005 0.8474
vn 0.5473 -0.5651 -0.6173
vn -0.4989 0.4179 0.7592
vn 0.5150 0.3142 0.7976
vn -0.4032 -0.3205 0.8572
vn -0.7474 -0.3970 0.5327
vn 0.7936 -0.5841 0.1704
vn -0.6195 0.3725 0.6910
vn 0.5798 -0.4121 -0.7028
vn -0.6906 0.2270 -0.6867
vn -0.5751 -0.5849 -0.5720
vn -0.6743 -0.7102 0.2023
vn -0.7184 0.6859 -0.1160
vn 0.5739 0.8138 -0.0914
vn -0.8387 0.3897 -0.3803
vn 0.6137 -0.4241 0.6659
vn -0.5880 -0.5060 -0.6311
vn 0.5848 -0.5369 -0.6080
vn 0.3528 -0.3780 0.8559
vn -0.2134 -0.4792 0.8514
vn 0.5468 0.4841 0.6831
vn 0.8349 0.5258 -0.1629
vn 0.2312 -0.6540 0.7203
vn -0.1265 -0.1929 0.9730
vn -0.3992 -0.7641 0.5068
vn -0.1100 -0.5099 -0.8532
vn 0.4131 0.4549 0.7889
vn 0.6301 0.6555 0.4164
vn 0.1302 0.7343 0.6662
vn 0.8855 0.4646 0.0116
vn -0.5236 0.7152 0.4629
vn -0.7831 0.1416 0.6056
vn -0.6901 0.6964 -0.1970
vn -0.3909 0.8102 0.4367
vn -0.5530 0.7246 -0.4112
vn 0.4125 0.8541 0.3167
vn 0.2098 0.8368 -0.5057
vn 0.7067 0.6895 -0.1585
vn 0.4351 0.7197 -0.5410
vn -0.2771 0.6968 -0.6616
vn -0.5445 0.4031 -0.7356
vn 0.6262 -0.6578 0.4186
vn 0.1668 -0.5816 0.7962
vn -0.0462 -0.6805 0.7313
vn -0.2396 -0.6134 -0.7526
vn 0.3276 -0.8267 -0.4575
vn 0.1199 -0.1824 -0.9759
vn 0.1160 -0.9127 -0.3918
vn -0.3653 -0.9079 -0.2056
vn 0.3146 -0.9108 0.2674
vn -0.7083 -0.6495 0.2765
vn -0.5926 -0.5889 0.5497
vn 0.8138 -0.0000 0.5811
vn 0.7545 -0.6527 0.0690
vn 0.7665 -0.0059 -0.6423
vn 0.6404 -0.5713 -0.5133
vn -0.7176 -0.6812 0.1451
vn 0.0589 -0.6909 -0.7205
vn 0.6014 -0.7336 -0.3164
vn -0.3766 -0.7766 0.5051
vn 0.8124 -0.5613 0.1579
vn -0.0452 -0.9858 0.1615
vn -0.5891 -0.6627 -0.4623
vn -0.7636 -0.0426 0.6442
vn -0.7248 -0.6486 -0.2324
vn -0.4919 -0.6737 0.5515
vn -0.6049 -0.6610 -0.4441
vn 0.6995 -0.7137 -0.0360
vn -0.7506 -0.6091 0.2560
vn -0.5869 0.8032 -0.1021
vn -0.0735 -0.9434 -0.3234
vn -0.9883 -0.0251 -0.1502
vn -0.4858 -0.6422 -0.5929
vn -0.4373 -0.8173 -0.3752
vn -0.3065 -0.8936 0.3279
vn -0.2621 -0.9245 -0.2767
vn 0.5925 0.8055 -0.0139
vn 0.7916 0.6063 -0.0758
vn 0.6660 -0.6750 0.3176
vn 0.5902 0.8043 -0.0689
vn 0.7926 0.6072 -0.0559
vn 0.6034 0.7974 0.0080
vn 0.5237 -0.7170 -0.4600
vn 0.4743 0.8803 -0.0015
vn 0.7899 0.6049 0.1011
vn 0.5710 0.8071 0.1503
vn 0.9365 0.2310 0.2637
vn 0.6193 0.7279 0.2944
vn 0.5822 0.1629 -0.7965
vn 0.9867 -0.0851 -0.1388
vn 0.8267 -0.5441 0.1433
vn 0.7659 0.6393 -0.0681
vn 0.0035 -0.8151 0.5794
vn -0.8195 -0.3396 0.4616
vn 0.7750 -0.6318 0.0171
vn 0.5901 0.8053 0.0569
vn -0.9105 0.1476 0.3862
vn -0.5582 -0.5556 0.6162
vn 0.8397 0.3146 0.4426
vn -0.5773 0.8124 0.0818
vn -0.7408 -0.0387 0.6706
vn -0.3651 -0.6847 0.6308
vn 0.7060 -0.3079 0.6378
vn -0.6666 -0.3290 -0.6689
vn -0.1013 -0.9903 -0.0954
vn 0.7319 -0.6363 -0.2439
vn 0.9807 0.1055 0.1647
vn -0.2770 0.2278 0.9335
vn -0.2089 0.3032 -0.9297
vn 0.6745 -0.3326 -0.6591
vn -0.0996 0.2636 -0.9595
vn 0.3723 -0.7798 -0.5032
vn -0.3737 0.1341 0.9178
vn -0.6399 -0.6532 -0.4048
vn -0.0002 -0.9145 0.4045
vn 0.8623 -0.4456 0.2405
vn 0.5921 -0.7206 -0.3608
vn 0.6525 0.7542 0.0735
vn 0.6006 -0.7967 0.0670
vn -0.8039 -0.3180 0.5026
vn -0.8113 -0.5824 -0.0505
vn 0.1797 -0.9699 0.1643
vn -0.9688 0.2477 0.0053
vn -0.5719 0.8196 0.0343
vn -0.6198 -0.7847 0.0031
vn -0.5736 -0.4581 -0.6791
vn 0.9775 0.1691 -0.1263
vn 0.8385 -0.5357 -0.0995
vn 0.6905 -0.7154 0.1066
vn 0.6172 0.7826 -0.0817
vn 0.5935 -0.1204 -0.7957
vn 0.8992 -0.4201 0.1222
vn -0.7987 -0.3704 0.4742
vn 0.9986 -0.0411 0.0335
vn 0.9979 -0.0100 0.0640
vn -0.9909 -0.1311 0.0318
vn -0.0226 0.9829 0.1829
vn -0.9717 0.2353 -0.0223
vn -0.1438 0.9894 0.0185
vn -0.9571 0.2894 -0.0119
vn -0.2896 0.9571 -0.0086
vn 0.4772 -0.8766 -0.0622
vn -0.5757 -0.4977 0.6487
vn 0.9309 -0.3565 -0.0792
vn 0.4227 0.6795 -0.5997
vn -0.3782 0.9256 0.0167
vn -0.1443 0.9868 0.0735
vn 0.5735 -0.7449 -0.3410
vn 0.5385 -0.7971 0.2732
vn -0.4752 -0.1816 0.8609
vn 0.7207 0.0177 0.6930
vn 0.0035 0.1997 0.9799
vn -0.0143 0.9829 0.1836
vn 0.0067 0.9052 0.4248
vn -0.0116 0.1462 0.9892
vn 0.0083 0.9006 0.4347
vn -0.0037 0.1847 0.9828
vn 0.0452 0.7368 0.6746
vn 0.0644 0.5612 0.8252
vn 0.3967 0.6999 -0.5939
vn 0.0539 -0.7674 0.6389
vn -0.5411 -0.5638 0.6240
vn -0.0294 -0.6289 0.7769
vn 0.0034 -0.2872 0.9579
vn 0.5576 -0.8160 0.1524
vn 0.6198 -0.5577 0.5521
vn -0.5728 -0.6034 0.5549
vn -0.3081 -0.9503 0.0453
vn -0.6654 -0.7259 -0.1742
vn -0.6123 0.7730 0.1664
vn -0.7208 0.4085 -0.5600
vn -0.0339 -0.6896 -0.7234
vn -0.0025 0.9524 0.3050
vn 0.0007 0.1576 0.9875
vn -0.1599 -0.2893 -0.9438
vn 0.1104 -0.0699 -0.9914
vn 0.0171 -0.7168 -0.6970
vn 0.0056 -0.5958 -0.8031
vn 0.0011 0.5880 -0.8089
vn 0.5476 0.4335 -0.7157
vn -0.4883 0.3834 -0.7840
vn 0.0060 0.1938 -0.9810
vn 0.3224 -0.3050 -0.8961
vn 0.0342 -0.9260 -0.3760
vn -0.4002 -0.9119 0.0906
vn -0.0189 -0.5455 -0.8379
vn 0.0302 0.9764 -0.2140
vn -0.9983 -0.0410 0.0417
vn -0.1527 -0.9230 0.3532
vn 0.8867 -0.2860 0.3632
vn -0.0021 0.9522 0.3054
vn 0.0107 0.9652 0.2613
vn 0.0035 0.9824 0.1869
vn 0.0022 0.6056 0.7958
vn -0.6544 0.7520 -0.0789
vn 0.0135 0.1642 0.9863
vn -0.0120 0.1486 0.9888
vn 0.0028 0.1758 0.9844
vn 0.0795 -0.7369 -0.6713
vn 0.4427 -0.3037 0.8437
vn 0.4847 -0.8723 -0.0645
vn -0.6221 -0.1112 0.7750
vn -0.0821 -0.4156 -0.9058
vn -0.9994 -0.0184 -0.0308
vn -0.1828 -0.3686 0.9114
vn -0.6834 -0.7216 0.1106
vn -0.0134 0.2101 0.9776
vn -0.2141 -0.9763 -0.0326
vn -0.2623 0.9648 -0.0206
vn -0.3870 -0.9219 0.0184
vn -0.9740 -0.2257 -0.0181
vn -0.9745 -0.2189 -0.0486
vn -0.1599 -0.9871 -0.0022
vn -0.1818 -0.9825 0.0418
vn -0.1883 -0.9815 -0.0343
vn -0.0479 -0.9985 -0.0277
vn -0.8178 -0.5737 0.0461
vn 0.9367 0.3502 0.0020
vn 0.7125 -0.7017 -0.0043
vn -0.5944 0.8040 0.0137
vn 0.1609 -0.8044 -0.5720
vn 0.8154 -0.5506 -0.1786
vn -0.0928 -0.5923 0.8004
vn 0.1622 -0.0221 -0.9865
vn 0.2331 -0.7071 0.6676
vn 0.0120 0.4663 -0.8845
vn 0.8296 0.1801 -0.5286
vn 0.9021 -0.0301 0.4304
vn 0.7702 -0.6378 0.0052
vn 0.5631 -0.8197 -0.1047
vn 0.8163 -0.5733 -0.0709
vn 0.9978 -0.0166 0.0642
vn 0.6080 -0.0782 0.7900
vn -0.5988 0.7766 -0.1958
vn 0.6396 0.7331 0.2312
vn 0.5160 -0.8049 -0.2931
vn 0.5644 0.8247 0.0372
vn 0.7822 0.6191 0.0691
vn 0.5267 0.8489 -0.0439
vn -0.0296 -0.5953 0.8030
vn 0.8279 0.5608 -0.0054
vn 0.8204 -0.5717 0.0101
vn 0.9873 0.0006 -0.1587
vn 0.9836 -0.0580 -0.1709
vn 0.8093 0.5871 0.0170
vn 0.5515 0.8336 -0.0324
vn 0.3767 0.5756 -0.7258
vn 0.8080 0.5890 -0.0142
vn -0.7200 -0.6728 0.1698
vn -0.6948 -0.0195 -0.7189
vn 0.6920 -0.6917 -0.2066
vn 0.6163 -0.4140 -0.6699
vn 0.9797 -0.0962 -0.1761
vn -0.8020 0.5973 -0.0075
vn -0.6837 0.7057 -0.1859
vn -0.5764 0.1634 0.8007
vn 0.6674 0.7269 0.1620
vn 0.9151 -0.4033 -0.0025
vn -0.2317 0.9727 0.0153
vn -0.3880 0.9217 -0.0013
vn 0.5990 -0.6017 -0.5284
vn -0.8561 0.2979 -0.4224
vn 0.8624 0.2866 -0.4172
vn -0.6096 -0.7289 0.3116
vn -0.6443 -0.7647 -0.0052
vn 0.4699 -0.5688 0.6750
vn 0.5758 -0.8168 -0.0367
vn 0.7030 0.5909 0.3958
vn 0.5988 -0.7942 0.1035
vn -0.9949 0.1000 0.0106
vn -0.9981 0.0611 -0.0071
vn 0.2385 -0.2201 0.9459
vn -0.6519 -0.7560 -0.0582
vn 0.7394 -0.6096 -0.2858
vn 0.4518 -0.1940 -0.8708
vn -0.3502 0.0693 0.9341
vn 0.3909 -0.6249 -0.6758
vn 0.3551 -0.4592 0.8143
vn -0.8381 -0.5453 0.0150
vn 0.7057 0.0373 0.7075
vn -0.9868 0.1162 0.1126
vn -0.3922 0.1706 -0.9039
vn 0.8156 -0.0736 -0.5739
vn 0.2189 0.9452 -0.2420
vn 0.5505 -0.0103 -0.8348
vn -0.4073 0.9043 -0.1277
vn -0.9079 -0.4071 0.1001
vn -0.6973 0.1549 0.6998
vn -0.6094 -0.1996 -0.7673
vn -0.6570 -0.1549 -0.7378
vn -0.9642 -0.1805 -0.1945
vn -0.7881 0.1272 -0.6022
vn 0.4323 0.9010 -0.0366
vn 0.9457 -0.2568 -0.1990
vn 0.6003 -0.5696 0.5615
vn 0.1164 -0.9932 -0.0012
vn 0.7773 -0.6173 0.1215
vn 0.7045 -0.6896 -0.1679
vn 0.6296 -0.7718 0.0887
vn 0.4743 0.7086 -0.5225
vn 0.6102 0.6754 0.4140
vn -0.6130 0.1876 0.7675
vn -0.7637 -0.2823 0.5806
vn 0.0788 0.9969 -0.0008
vn 0.5995 0.7957 0.0856
vn -0.9973 -0.0401 -0.0608
vn 0.1633 -0.2116 -0.9636
vn 0.3861 0.0674 -0.9200
vn -0.6890 -0.3636 -0.6270
vn 0.7685 0.0316 0.6390
vn -0.2685 -0.0513 0.9619
vn -0.2633 0.0829 -0.9611
vn -0.7535 -0.0676 -0.6540
vn -0.4057 -0.1900 -0.8940
vn 0.7851 -0.3165 0.5324
vn -0.2565 0.0579 0.9648
vn -0.8185 0.4883 0.3027
vn 0.4555 0.0966 0.8850
vn -0.7837 -0.5999 0.1611
vn 0.6934 -0.1912 -0.6947
vn 0.3738 -0.2654 -0.8887
vn 0.2874 0.1268 -0.9494
vn -0.0379 -0.5747 -0.8175
vn 0.3267 -0.7618 -0.5593
vn -0.3534 -0.6227 -0.6981
vn -0.7039 -0.6095 -0.3647
vn -0.7181 -0.6448 0.2619
vn -0.0058 0.1350 0.9908
vn 0.6355 0.6769 0.3714
vn 0.1587 -0.5394 0.8270
vn 0.9769 -0.2094 0.0435
vn 0.9064 0.0769 -0.4153
vn 0.9798 0.1372 0.1456
vn 0.7093 0.6733 -0.2087
vn 0.5632 0.4049 -0.7203
vn 0.0843 0.8906 -0.4468
vn 0.2164 0.7516 0.6231
vn -0.3297 -0.9431 0.0425
vn -0.3175 0.7065 0.6325
vn -0.3216 0.7452 -0.5842
vn -0.2781 0.8210 0.4986
vn 0.0866 -0.9942 0.0638
vn -0.5803 0.8140 0.0256
vn 0.9213 0.3515 0.1665
vn 0.1390 -0.7087 -0.6916
vn 0.3417 -0.7678 0.5419
vn 0.2068 -0.6804 0.7031
vn -0.3866 -0.7002 0.6002
vn 0.1225 0.7189 0.6843
vn -0.7586 -0.3999 0.5144
vn -0.9089 0.3414 0.2393
vn -0.5448 0.6216 -0.5628
vn 0.0758 -0.9709 -0.2270
vn 0.1368 0.9846 0.1087
vn -0.0862 0.9759 -0.2007
vn -0.4405 0.0241 -0.8974
vn -0.9860 0.1253 -0.1098
vn -0.4978 0.7094 0.4989
vn -0.4456 -0.7410 0.5024
vn -0.5061 0.1088 0.8556
vn 0.7455 -0.2509 0.6175
vn 0.3126 -0.1202 0.9423
vn 0.2856 0.0196 0.9582
vn -0.4277 0.1118 0.8970
vn -0.1006 -0.9385 0.3303
vn 0.3902 0.5787 0.7161
vn -0.1431 0.6620 0.7357
vn 0.8021 -0.4840 0.3499
vn 0.8518 0.5175 0.0820
vn 0.7231 0.6544 0.2212
vn 0.3000 0.7380 0.6045
vn 0.8699 0.1181 -0.4788
vn 0.4065 -0.8544 0.3236
vn -0.4659 -0.5501 -0.6930
vn -0.7739 -0.6307 0.0575
vn -0.4682 -0.6938 -0.5473
vn 0.2792 -0.9575 0.0729
vn 0.5890 0.0319 -0.8075
vn 0.4886 0.6876 -0.5371
vn -0.7213 0.5454 0.4270
vn 0.9846 -0.1737 0.0178
vn -0.5842 -0.3920 -0.7107
vn -0.2573 0.9266 0.2743
vn 0.2825 -0.7706 -0.5713
vn 0.7106 -0.4758 -0.5184
vn -0.6511 -0.7174 0.2478
vn -0.9821 -0.1743 -0.0720
vn -0.2434 -0.2198 0.9447
vn 0.5068 0.5859 -0.6323
vn 0.4114 -0.8836 0.2237
vn -0.2544 -0.9618 0.1016
vn -0.8547 -0.0545 0.5163
vn -0.6412 0.6577 0.3953
vn -0.9937 0.0148 -0.1113
vn -0.7410 0.6478 -0.1770
vn -0.7523 0.5227 -0.4011
vn -0.6201 0.7552 0.2126
vn -0.3175 0.7794 -0.5402
vn -0.2347 0.6905 -0.6842
vn -0.0210 -0.7067 0.7072
vn 0.6661 -0.7303 0.1513
vn 0.3307 -0.5586 0.7607
vn -0.0471 -0.9875 -0.1504
vn -0.0691 -0.9281 -0.3658
vn -0.6427 0.1588 -0.7495
vn -0.1421 -0.0387 -0.9891
vn -0.5600 -0.8248 0.0779
vn -0.1503 -0.8708 -0.4681
vn 0.3621 -0.9047 0.2246
vn -0.8591 0.5118 -0.0083
vn -0.0528 0.3382 0.9396
vn -0.2107 0.3057 -0.9285
vn 0.4480 -0.4234 -0.7874
vn 0.9842 0.1429 -0.1050
vn 0.6285 -0.2176 0.7467
vn 0.4715 0.8063 -0.3572
vn -0.3444 0.4511 0.8234
vn 0.5030 0.7738 0.3849
vn 0.0128 0.6142 -0.7890
vn 0.3823 0.8838 0.2697
vn 0.3092 -0.7647 0.5653
vn -0.3527 -0.4120 0.8402
vn -0.1907 0.8964 0.4002
vn -0.9752 -0.2211 0.0086
vn 0.9932 0.0087 0.1165
vn 0.6364 -0.7702 0.0426
vn 0.4956 -0.5422 0.6785
vn 0.4416 0.5798 0.6847
vn 0.8354 0.2325 0.4981
vn -0.5343 0.2647 0.8028
vn 0.5703 0.7689 -0.2891
vn 0.1475 -0.4481 0.8817
vn -0.2422 -0.3307 0.9121
vn 0.6350 -0.5837 0.5061
vn 0.2484 0.8230 0.5109
vn 0.1294 -0.8545 0.5030
vn -0.1856 -0.9826 -0.0113
vn -0.3472 -0.9122 0.2176
vn 0.7120 -0.3944 0.5809
vn 0.0599 -0.3013 0.9516
vn -0.7579 -0.2363 0.6081
vn -0.7397 -0.3084 -0.5981
vn -0.8702 -0.4921 -0.0253
vn -0.6969 0.7172 -0.0076
vn 0.9642 -0.2550 -0.0729
vn 0.9798 -0.1913 -0.0577
vn 0.9276 0.3737 -0.0009
vn -0.6335 0.7735 0.0203
vn -0.7918 -0.6099 0.0323
vn 0.9716 -0.2348 0.0284
vn -0.6871 0.7255 -0.0382
vn -0.7055 -0.7085 0.0152
vn -0.7150 -0.6971 -0.0528
vn 0.5952 -0.4265 0.6811
vn -0.7417 -0.6701 0.0275
vn 0.6136 -0.1679 -0.7715
vn 0.5106 0.8543 0.0966
vn 0.4344 -0.8829 -0.1784
vn 0.9261 -0.2825 -0.2502
vn 0.0837 -0.9757 -0.2027
vn 0.3566 -0.3125 -0.8805
vn 0.7453 0.5546 0.3701
vn -0.3782 0.9257 0.0055
vn -0.6947 0.7192 0.0086
vn -0.0706 0.9970 0.0328
vn -0.1495 -0.9887 -0.0069
vn -0.2783 0.9605 -0.0035
vn -0.9965 0.0833 0.0063
vn -0.6474 -0.7291 -0.2221
vn -0.8735 0.3100 -0.3753
vn 0.3818 -0.8616 -0.3344
vn 0.7614 0.6482 0.0091
vn 0.8784 -0.0054 -0.4779
vn 0.6925 0.6972 0.1853
vn 0.5835 -0.8121 -0.0005
vn -0.0178 0.3516 -0.9360
vn 0.0610 0.6452 0.7616
vn 0.2972 -0.8185 0.4917
vn 0.7683 -0.6399 -0.0125
vn 0.5717 -0.3753 -0.7296
vn -0.0863 -0.6362 0.7667
vn -0.0442 0.6093 0.7917
vn 0.0242 0.6120 0.7905
vn -0.0081 -0.4838 0.8752
vn 0.5029 -0.5324 0.6810
vn -0.6101 -0.5217 0.5964
vn -0.5542 0.4241 0.7162
vn 0.0982 -0.8105 -0.5775
vn -0.4234 -0.5327 0.7327
vn -0.2592 0.1806 -0.9488
vn -0.3270 -0.1975 -0.9242
vn -0.0122 0.6104 -0.7920
vn -0.0066 0.5445 -0.8388
vn -0.0116 -0.5966 -0.8024
vn -0.0125 -0.6595 -0.7516
vn -0.1042 0.5485 -0.8296
vn -0.0211 0.9871 0.1588
vn 0.0148 0.1559 0.9877
vn -0.0136 0.1222 0.9924
vn -0.0030 0.4967 0.8679
vn -0.0010 0.9587 0.2845
vn -0.0167 0.8477 -0.5302
vn -0.0007 0.0928 0.9957
vn 0.0145 0.0725 0.9973
vn 0.0344 0.1265 0.9914
vn 0.0060 0.9442 0.3293
vn -0.5497 -0.4561 -0.6999
vn -0.0073 0.1607 0.9870
vn 0.1066 0.7608 -0.6401
vn 0.2081 -0.7814 0.5883
vn 0.6031 -0.6900 0.4003
vn 0.7160 -0.2399 0.6556
vn -0.0433 -0.5851 0.8098
vn -0.9831 -0.1811 -0.0285
vn -0.9971 0.0248 0.0717
vn -0.9051 -0.1312 -0.4043
vn 0.5213 0.1486 -0.8403
vn -0.8577 -0.0791 -0.5080
vn 0.0049 -0.9982 -0.0596
vn -0.4361 -0.0686 0.8973
vn -0.4991 -0.1704 0.8496
vn -0.9789 -0.1699 0.1133
vn -0.3682 -0.1495 0.9177
vn -0.8980 -0.0350 0.4385
vn 0.2451 -0.4702 -0.8479
vn 0.9925 0.0713 0.0989
vn 0.2532 -0.5570 0.7910
vn 0.6419 -0.7093 -0.2912
vn 0.5931 -0.1673 0.7876
vn 0.8888 -0.2190 -0.4027
vn 0.8811 -0.1056 -0.4609
vn -0.5270 0.1601 -0.8347
vn 0.6962 -0.6367 -0.3315
vn -0.7787 0.0170 0.6272
vn 0.6754 0.0670 0.7344
vn 0.9765 0.1161 -0.1815
vn -0.3610 -0.5224 -0.7725
vn 0.9442 -0.2429 -0.2224
vn 0.2623 0.0414 0.9641
vn -0.6448 -0.7439 0.1755
vn 0.6515 -0.5496 0.5230
vn 0.2329 0.9517 0.2001
vn 0.0745 0.0777 0.9942
vn 0.8407 0.0449 0.5396
vn 0.2820 -0.2313 0.9311
vn 0.6535 0.2893 -0.6995
vn 0.4485 0.2022 -0.8706
vn 0.7565 -0.6537 0.0216
vn 0.6414 0.7670 -0.0182
vn -0.6543 0.7507 -0.0920
vn 0.5904 -0.2785 0.7575
vn -0.9394 -0.0416 -0.3402
vn -0.6490 -0.5275 -0.5482
vn -0.3941 -0.6011 0.6952
vn -0.2587 0.7842 0.5640
vn 0.7736 0.1788 0.6079
vn -0.5667 -0.5114 -0.6460
vn 0.9882 0.0060 -0.1531
vn 0.9817 -0.1703 0.0847
vn 0.5718 -0.4927 -0.6559
vn 0.4337 0.3026 0.8488
vn 0.2103 -0.1894 0.9591
vn 0.6331 0.5388 -0.5558
vn 0.8335 0.0542 -0.5499
vn 0.9946 0.0446 -0.0935
vn 0.0096 -0.9616 -0.2742
vn -0.1992 -0.5182 -0.8317
vn -0.0153 -0.8701 -0.4927
vn 0.6022 -0.7184 -0.3481
vn 0.5792 -0.5138 -0.6329
vn 0.0239 -0.9985 -0.0495
vn 0.5497 0.5046 0.6657
vn -0.5045 -0.7703 0.3900
vn -0.5620 -0.0789 -0.8234
vn 0.5981 -0.5916 -0.5406
vn 0.1055 -0.0266 -0.9941
vn 0.9948 0.1012 0.0122
vn 0.6108 -0.3932 0.6872
vn -0.1963 -0.0528 0.9791
vn -0.6977 -0.0883 -0.7110
vn 0.4784 -0.0521 0.8766
vn 0.1848 -0.5945 0.7826
vn 0.3206 -0.6973 -0.6411
vn -0.9030 -0.4106 0.1263
vn 0.6870 -0.0661 -0.7236
vn 0.7788 -0.2360 -0.5812
vn -0.1842 -0.1831 -0.9657
vn 0.9126 -0.1173 -0.3917
vn 0.4774 -0.1637 -0.8633
vn -0.1249 0.9524 -0.2780
vn 0.6618 0.0476 -0.7482
vn 0.0708 0.2188 -0.9732
vn -0.8618 -0.1709 -0.4775
vn -0.9020 -0.2336 -0.3631
vn 0.2311 0.9686 -0.0918
vn 0.3708 -0.7878 -0.4918
vn -0.1116 -0.7707 0.6273
vn -0.6266 -0.6139 0.4801
vn 0.1175 0.7861 0.6068
vn -0.5561 0.5393 0.6324
vn -0.0349 -0.5954 -0.8027
vn -0.3925 0.6790 -0.6204
vn -0.9175 -0.3844 -0.1024
vn -0.0381 -0.5105 -0.8590
vn 0.7123 -0.3976 -0.5784
vn 0.7454 -0.5978 0.2948
vn -0.6295 0.0871 0.7721
vn 0.3302 -0.1957 0.9234
vn -0.9651 0.0495 -0.2572
vn 0.3172 -0.2183 -0.9229
vn 0.6468 -0.1769 -0.7419
vn 0.7347 -0.3092 -0.6038
vn 0.7148 -0.2388 -0.6573
vn 0.5161 0.1344 0.8459
vn 0.0229 -0.2232 -0.9745
vn 0.9861 -0.1029 0.1308
vn -0.2284 -0.1950 -0.9539
vn -0.8392 -0.3399 -0.4245
vn 0.4948 -0.7292 0.4728
vn 0.5886 -0.0427 -0.8073
vn -0.4172 -0.1535 -0.8958
vn 0.0142 0.0911 0.9957
vn 0.1432 -0.7494 0.6464
vn 0.4326 0.0874 0.8973
vn 0.8906 -0.0066 0.4548
vn 0.5067 0.6770 0.5338
vn 0.8948 0.4304 0.1190
vn 0.4647 0.6954 -0.5481
vn 0.9499 0.2430 -0.1965
vn 0.0380 0.0045 -0.9993
vn -0.1720 -0.9799 0.1010
vn 0.7885 0.1294 -0.6013
vn 0.3768 0.0491 -0.9250
vn -0.0262 0.2490 0.9681
vn -0.4068 0.2818 0.8690
vn -0.9411 -0.0129 0.3378
vn -0.3894 0.3699 -0.8435
vn -0.6292 0.6088 0.4832
vn -0.9237 -0.0379 -0.3812
vn -0.2672 -0.2825 0.9213
vn -0.5215 0.1379 -0.8421
vn -0.3857 0.0702 -0.9199
vn -0.7938 0.3082 -0.5243
vn 0.7281 -0.6639 -0.1704
vn 0.5665 -0.0045 -0.8240
vn -0.3850 0.7351 -0.5580
vn 0.2389 -0.6180 -0.7490
vn -0.5243 -0.5638 -0.6382
vn -0.2458 -0.2373 -0.9398
vn -0.2366 0.0786 -0.9684
vn 0.7123 -0.5562 -0.4282
vn 0.6791 -0.0601 -0.7316
vn -0.7466 -0.0000 -0.6653
vn -0.9168 -0.2997 -0.2638
vn -0.7396 -0.6639 0.1106
vn 0.0480 -0.4531 0.8902
vn -0.5713 -0.6582 0.4902
vn -0.4177 -0.1796 0.8907
vn 0.5134 0.2298 0.8268
vn 0.2471 -0.2465 0.9371
vn 0.9135 -0.4063 0.0188
vn 0.7007 0.1525 0.6969
vn 0.7793 0.6262 -0.0224
vn -0.0177 0.6688 0.7432
vn 0.1102 -0.0636 -0.9919
vn 0.7300 -0.1272 -0.6715
vn 0.5308 -0.8350 -0.1451
vn 0.8458 -0.1689 0.5060
vn 0.3916 0.1936 -0.8995
vn 0.0290 0.4069 -0.9130
vn 0.7800 0.5673 -0.2639
vn -0.2896 0.2178 -0.9320
vn 0.4643 0.4764 0.7466
vn -0.0207 0.6541 0.7561
vn -0.0937 0.1579 0.9830
vn -0.1303 0.6398 0.7574
vn -0.1500 -0.6480 0.7467
vn -0.0921 -0.1742 0.9804
vn 0.1594 0.3971 -0.9038
vn -0.0071 -0.2443 -0.9697
vn 0.0091 0.6301 -0.7764
vn 0.0303 -0.5928 -0.8048
vn 0.7804 -0.5856 0.2191
vn 0.4254 -0.5307 0.7331
vn -0.0859 -0.4210 0.9030
vn -0.9230 0.3843 -0.0199
vn -0.5111 -0.1737 -0.8418
vn 0.8632 -0.4824 -0.1487
vn 0.3635 0.0330 0.9310
vn 0.4918 0.4471 0.7471
vn 0.3295 0.8769 0.3500
vn -0.7190 0.6392 0.2729
vn -0.8041 -0.4956 -0.3283
vn -0.6335 -0.7735 0.0163
vn 0.8186 -0.0107 0.5743
vn 0.8188 -0.4562 0.3485
vn 0.3644 0.9125 -0.1862
vn -0.6668 0.7150 -0.2099
vn -0.4781 0.2778 -0.8332
vn 0.7540 -0.0560 0.6545
vn 0.9575 -0.0631 -0.2816
vn 0.8561 0.3240 -0.4027
vn 0.6071 0.4653 -0.6441
vn -0.3069 -0.4640 0.8309
vn 0.2076 0.1041 0.9727
vn -0.1666 -0.9842 0.0596
vn -0.6049 0.4621 -0.6485
vn 0.1962 0.0563 -0.9789
vn -0.9823 -0.1684 -0.0821
vn -0.8652 -0.1066 0.4899
vn -0.0466 -0.1920 0.9803
vn -0.4106 -0.0772 0.9086
vn 0.2660 -0.2357 0.9347
vn -0.9770 -0.1792 -0.1160
vn 0.0249 0.4129 -0.9104
vn 0.9532 0.0267 -0.3011
vn -0.9364 -0.0927 -0.3385
vn -0.5595 -0.1694 -0.8113
vn -0.6454 0.5578 -0.5218
vn 0.6003 0.5331 -0.5962
vn 0.8310 -0.1555 0.5341
vn 0.9403 -0.1860 0.2850
vn -0.9923 0.1217 0.0232
vn 0.4957 -0.1934 0.8467
vn 0.7192 0.1813 -0.6707
vn 0.5884 -0.6909 0.4200
vn 0.0286 0.7078 0.7058
vn -0.2345 -0.3920 0.8896
vn -0.1325 0.8096 0.5718
vn -0.5539 0.6406 0.5318
vn -0.7297 0.6827 -0.0384
vn -0.6278 -0.7630 0.1540
vn -0.3817 -0.7214 0.5778
vn -0.5747 0.8121 -0.1015
vn -0.4480 0.3157 0.8364
vn -0.9487 0.2981 0.1053
vn -0.4334 0.3033 -0.8486
vn -0.7111 0.3336 -0.6189
vn 0.6084 0.4227 -0.6717
vn -0.3102 0.5044 0.8059
vn -0.7885 -0.2069 0.5792
vn 0.5948 0.2908 0.7494
vn 0.6682 0.5477 0.5035
vn 0.0886 -0.7638 0.6393
vn 0.5181 0.6693 0.5325
vn 0.7964 -0.5879 0.1418
vn 0.6963 -0.6949 -0.1800
vn -0.7365 -0.6474 0.1959
vn -0.6721 -0.7274 -0.1383
vn -0.3360 -0.7800 -0.5280
vn 0.5301 -0.5890 -0.6100
vn -0.7943 -0.5294 -0.2980
vn 0.4644 -0.8089 0.3606
vn -0.6033 -0.5584 -0.5694
vn -0.3692 0.6977 -0.6139
vn -0.0310 -0.5357 -0.8439
vn -0.1629 -0.7534 0.6371
vn -0.1916 -0.6631 0.7235
vn 0.4370 -0.6943 0.5718
vn 0.6847 -0.7144 -0.1441
vn -0.1140 -0.9926 0.0410
vn 0.0386 -0.9992 -0.0088
vn 0.1606 -0.7831 -0.6008
vn -0.2643 -0.9625 -0.0610
vn -0.5436 -0.7196 0.4321
vn 0.7225 0.6907 0.0307
vn -0.3144 -0.1587 0.9359
vn -0.1671 0.9457 0.2789
vn 0.9307 -0.1471 0.3348
vn 0.6465 -0.1992 0.7365
vn 0.3123 0.9251 0.2158
vn 0.7334 0.1438 0.6644
vn 0.1114 -0.5614 -0.8200
vn -0.7444 -0.6393 0.1927
vn 0.6696 -0.5358 0.5144
vn -0.7868 -0.4136 -0.4581
vn -0.4577 -0.0100 0.8890
vn -0.2685 -0.6806 0.6817
vn 0.5925 0.7960 0.1238
vn 0.1150 0.8086 -0.5770
vn 0.9680 0.2189 -0.1228
vn 0.3878 0.7151 -0.5816
vn 0.5319 0.5203 -0.6681
vn 0.7385 0.1482 -0.6577
vn 0.4372 -0.6111 -0.6598
vt 0.390408 0.123234
vt 0.380552 0.122942
vt 0.392100 0.119562
vt 0.408538 0.121336
vt 0.403498 0.123436
vt 0.400026 0.118400
vt 0.406033 0.108059
vt 0.398431 0.118501
vt 0.387266 0.115339
vt 0.393499 0.112755
vt 0.410362 0.112606
vt 0.403544 0.105698
vt 0.397354 0.104147
vt 0.385302 0.105530
vt 0.380071 0.113884
vt 0.392500 0.099723
vt 0.379608 0.102840
vt 0.376271 0.107023
vt 0.374407 0.116944
vt 0.381823 0.120535
vt 0.371665 0.119036
vt 0.368915 0.112698
vt 0.366465 0.112763
vt 0.625869 0.133797
vt 0.619785 0.140331
vt 0.619961 0.127797
vt 0.596949 0.122558
vt 0.604256 0.121292
vt 0.597436 0.126883
vt 0.603768 0.130816
vt 0.612416 0.133588
vt 0.606964 0.138103
vt 0.597358 0.135887
vt 0.591267 0.129567
vt 0.598343 0.143702
vt 0.592839 0.144120
vt 0.589809 0.136817
vt 0.590121 0.145684
vt 0.594579 0.151315
vt 0.597742 0.150924
vt 0.604401 0.146125
vt 0.601222 0.153676
vt 0.611285 0.123392
vt 0.623985 0.143633
vt 0.628955 0.140832
vt 0.623377 0.149417
vt 0.613937 0.143605
vt 0.619977 0.151089
vt 0.609612 0.150935
vt 0.611425 0.153842
vt 0.603242 0.156190
vt 0.605757 0.156802
vt 0.602807 0.157931
vt 0.596257 0.168930
vt 0.592371 0.173283
vt 0.593052 0.169367
vt 0.591622 0.169078
vt 0.593781 0.174302
vt 0.590423 0.172630
vt 0.591709 0.168215
vt 0.592701 0.165308
vt 0.336291 0.018975
vt 0.339400 0.016092
vt 0.343219 0.026147
vt 0.346358 0.025204
vt 0.010918 0.781127
vt 0.010004 0.784268
vt 0.008015 0.780840
vt 0.023168 0.785620
vt 0.021873 0.786592
vt 0.942621 0.454571
vt 0.940528 0.455664
vt 0.943469 0.451301
vt 0.941151 0.452509
vt 0.942928 0.444578
vt 0.950247 0.439364
vt 0.942490 0.447074
vt 0.939675 0.438551
vt 0.940248 0.426262
vt 0.938129 0.437696
vt 0.938336 0.427296
vt 0.948052 0.430762
vt 0.954472 0.429917
vt 0.952794 0.440035
vt 0.894325 0.018127
vt 0.893795 0.021221
vt 0.890075 0.019706
vt 0.890212 0.021531
vt 0.169573 0.059437
vt 0.174873 0.065118
vt 0.150768 0.062694
vt 0.960086 0.603723
vt 0.959098 0.608014
vt 0.953258 0.605471
vt 0.947357 0.602891
vt 0.942419 0.598321
vt 0.947869 0.595642
vt 0.940725 0.591245
vt 0.950031 0.606934
vt 0.951260 0.596886
vt 0.949379 0.581689
vt 0.948393 0.586768
vt 0.941568 0.578828
vt 0.950382 0.577048
vt 0.952727 0.580182
vt 0.957278 0.581373
vt 0.957487 0.586157
vt 0.961952 0.595233
vt 0.957196 0.596610
vt 0.145026 0.065805
vt 0.174557 0.067519
vt 0.154479 0.070524
vt 0.170985 0.071005
vt 0.165930 0.071965
vt 0.176548 0.071994
vt 0.152992 0.056262
vt 0.147800 0.073648
vt 0.890610 0.091331
vt 0.866592 0.082938
vt 0.874352 0.082274
vt 0.897112 0.080608
vt 0.894930 0.086701
vt 0.891659 0.075274
vt 0.872741 0.066965
vt 0.864826 0.072025
vt 0.898037 0.064109
vt 0.894614 0.061731
vt 0.874920 0.063894
vt 0.972780 0.274179
vt 0.973489 0.282712
vt 0.970588 0.282038
vt 0.970513 0.275696
vt 0.974258 0.272654
vt 0.981668 0.276561
vt 0.980218 0.283770
vt 0.988092 0.275615
vt 0.775466 0.652034
vt 0.749213 0.659914
vt 0.734321 0.637677
vt 0.757798 0.606784
vt 0.748719 0.612034
vt 0.738816 0.652649
vt 0.730520 0.644580
vt 0.728992 0.625223
vt 0.721809 0.632558
vt 0.732032 0.627103
vt 0.737005 0.616686
vt 0.746768 0.605960
vt 0.744278 0.585622
vt 0.748429 0.585159
vt 0.755946 0.589409
vt 0.752737 0.581948
vt 0.764249 0.582944
vt 0.755363 0.571618
vt 0.764089 0.592602
vt 0.764910 0.571603
vt 0.766439 0.570274
vt 0.769441 0.582901
vt 0.773506 0.595272
vt 0.779387 0.594787
vt 0.776365 0.604892
vt 0.788860 0.614712
vt 0.788463 0.602871
vt 0.780380 0.613514
vt 0.766771 0.604986
vt 0.734343 0.594696
vt 0.789142 0.627373
vt 0.785376 0.631690
vt 0.913590 0.913558
vt 0.911997 0.915920
vt 0.909036 0.911083
vt 0.914671 0.912296
vt 0.913483 0.907195
vt 0.905645 0.903983
vt 0.905581 0.914325
vt 0.909617 0.902780
vt 0.908444 0.897846
vt 0.912389 0.897063
vt 0.914171 0.896248
vt 0.910411 0.894473
vt 0.914148 0.884581
vt 0.912727 0.877545
vt 0.908925 0.876134
vt 0.904291 0.895266
vt 0.906716 0.872693
vt 0.903394 0.904238
vt 0.903177 0.911951
vt 0.041261 0.626171
vt 0.046803 0.628682
vt 0.036219 0.631243
vt 0.053999 0.622080
vt 0.061331 0.628333
vt 0.065190 0.623029
vt 0.070655 0.629422
vt 0.075086 0.628034
vt 0.042938 0.623640
vt 0.041372 0.616657
vt 0.046005 0.607820
vt 0.904420 0.817199
vt 0.913581 0.839617
vt 0.906868 0.837767
vt 0.898102 0.825788
vt 0.901270 0.814472
vt 0.892513 0.816705
vt 0.896622 0.812269
vt 0.891921 0.809076
vt 0.893242 0.809263
vt 0.887857 0.827700
vt 0.908625 0.846942
vt 0.904597 0.854088
vt 0.885100 0.838434
vt 0.885387 0.818579
vt 0.887396 0.812306
vt 0.802346 0.558457
vt 0.806853 0.556577
vt 0.806133 0.561826
vt 0.818038 0.558654
vt 0.835840 0.572136
vt 0.798028 0.584505
vt 0.815129 0.600760
vt 0.803741 0.600143
vt 0.817430 0.604032
vt 0.833408 0.609153
vt 0.826590 0.600018
vt 0.836236 0.607070
vt 0.834921 0.590893
vt 0.829004 0.561843
vt 0.088768 0.590955
vt 0.094039 0.588797
vt 0.087705 0.598976
vt 0.082645 0.600890
vt 0.072620 0.616165
vt 0.084413 0.607695
vt 0.084733 0.613501
vt 0.064069 0.605842
vt 0.068495 0.593663
vt 0.159483 0.055471
vt 0.072467 0.588566
vt 0.080745 0.586809
vt 0.043288 0.610190
vt 0.991047 0.285215
vt 0.583166 0.132286
vt 0.582491 0.134093
vt 0.825609 0.548962
vt 0.832123 0.546982
vt 0.837399 0.554152
vt 0.903014 0.856493
vt 0.900232 0.856223
vt 0.885807 0.842636
vt 0.837980 0.558213
vt 0.903208 0.891135
vt 0.903018 0.876348
vt 0.211912 0.774385
vt 0.221014 0.782104
vt 0.211847 0.793443
vt 0.587936 0.907015
vt 0.592942 0.905552
vt 0.519124 0.962528
vt 0.591505 0.933314
vt 0.530023 0.980306
vt 0.575807 0.935295
vt 0.585130 0.949876
vt 0.592218 0.946647
vt 0.239481 0.497490
vt 0.328199 0.487067
vt 0.327084 0.499218
vt 0.305653 0.516828
vt 0.262742 0.522145
vt 0.261779 0.514204
vt 0.326329 0.508428
vt 0.262058 0.505174
vt 0.920357 0.676737
vt 0.927923 0.663899
vt 0.925434 0.671862
vt 0.930974 0.672757
vt 0.338098 0.199794
vt 0.341827 0.219444
vt 0.327455 0.197653
vt 0.288076 0.188445
vt 0.294574 0.190271
vt 0.301698 0.192216
vt 0.312126 0.194096
vt 0.317279 0.194905
vt 0.324030 0.195568
vt 0.331006 0.196980
vt 0.334492 0.198816
vt 0.887472 0.714492
vt 0.912148 0.715028
vt 0.887939 0.720064
vt 0.891847 0.724613
vt 0.915983 0.713422
vt 0.916773 0.720253
vt 0.913935 0.711101
vt 0.912831 0.704479
vt 0.919120 0.708466
vt 0.909995 0.705869
vt 0.909649 0.711728
vt 0.888210 0.707021
vt 0.887151 0.701669
vt 0.567774 0.928645
vt 0.524823 0.972300
vt 0.544440 0.981121
vt 0.788953 0.542068
vt 0.778896 0.553295
vt 0.779112 0.525061
vt 0.320397 0.914031
vt 0.313371 0.912297
vt 0.316149 0.906886
vt 0.334833 0.919671
vt 0.336353 0.920733
vt 0.330907 0.954134
vt 0.339216 0.921016
vt 0.972123 0.202092
vt 0.959734 0.192334
vt 0.964651 0.185103
vt 0.762622 0.543332
vt 0.788528 0.528668
vt 0.785653 0.526048
vt 0.788721 0.526444
vt 0.789165 0.527203
vt 0.781113 0.523971
vt 0.735510 0.925051
vt 0.734215 0.915157
vt 0.736697 0.925769
vt 0.763267 0.919789
vt 0.762736 0.970909
vt 0.753451 0.928519
vt 0.381761 0.985795
vt 0.398553 0.938611
vt 0.403801 0.940510
vt 0.404296 0.951111
vt 0.392182 0.981804
vt 0.377839 0.933911
vt 0.375508 0.933163
vt 0.382214 0.934683
vt 0.392440 0.937661
vt 0.386135 0.935822
vt 0.364466 0.986389
vt 0.372291 0.932399
vt 0.351029 0.985280
vt 0.369927 0.932025
vt 0.323468 0.908072
vt 0.313795 0.981835
vt 0.319330 0.982342
vt 0.319594 0.986348
vt 0.322351 0.984956
vt 0.337419 0.985426
vt 0.348583 0.932384
vt 0.352075 0.938348
vt 0.337761 0.979841
vt 0.341434 0.981000
vt 0.367057 0.931648
vt 0.598996 0.702806
vt 0.615140 0.715243
vt 0.601356 0.711575
vt 0.597716 0.705136
vt 0.606335 0.691281
vt 0.607009 0.676636
vt 0.618860 0.659485
vt 0.606097 0.674241
vt 0.604055 0.677707
vt 0.744405 0.922538
vt 0.753243 0.971619
vt 0.744044 0.953946
vt 0.745232 0.989902
vt 0.757522 0.988366
vt 0.310667 0.982508
vt 0.323038 0.094847
vt 0.328115 0.113883
vt 0.318148 0.096521
vt 0.317860 0.106129
vt 0.324165 0.124733
vt 0.314950 0.117553
vt 0.303140 0.104058
vt 0.308179 0.112645
vt 0.311999 0.132629
vt 0.015356 0.604800
vt 0.016934 0.613424
vt 0.013399 0.605929
vt 0.774071 0.374253
vt 0.771654 0.380645
vt 0.765812 0.362389
vt 0.781357 0.349003
vt 0.789165 0.388758
vt 0.782451 0.368352
vt 0.793162 0.384529
vt 0.787198 0.348108
vt 0.701270 0.298054
vt 0.702503 0.330688
vt 0.686886 0.278999
vt 0.693998 0.332852
vt 0.675793 0.272686
vt 0.673024 0.302060
vt 0.681338 0.337509
vt 0.674206 0.342369
vt 0.675514 0.339833
vt 0.099842 0.432202
vt 0.101655 0.427682
vt 0.115729 0.424437
vt 0.922885 0.923555
vt 0.903463 0.943638
vt 0.903932 0.936407
vt 0.915645 0.945905
vt 0.904538 0.950746
vt 0.901963 0.954702
vt 0.913881 0.949374
vt 0.903475 0.959515
vt 0.912667 0.952789
vt 0.907716 0.957262
vt 0.861231 0.172472
vt 0.865295 0.186378
vt 0.851219 0.170017
vt 0.863633 0.194847
vt 0.862028 0.193242
vt 0.857506 0.165716
vt 0.852727 0.157279
vt 0.841296 0.157198
vt 0.847857 0.151546
vt 0.821723 0.152478
vt 0.821921 0.149355
vt 0.850087 0.151335
vt 0.713553 0.109330
vt 0.712251 0.111334
vt 0.703451 0.106875
vt 0.715330 0.105092
vt 0.689544 0.101993
vt 0.975944 0.456894
vt 0.955163 0.463928
vt 0.971745 0.455320
vt 0.960403 0.455842
vt 0.970758 0.451896
vt 0.960337 0.449886
vt 0.970121 0.449015
vt 0.960262 0.453637
vt 0.241010 0.659320
vt 0.253625 0.662906
vt 0.251040 0.669086
vt 0.237024 0.664540
vt 0.229467 0.660626
vt 0.234140 0.654903
vt 0.232443 0.676995
vt 0.226615 0.673334
vt 0.244739 0.683222
vt 0.247001 0.694094
vt 0.265976 0.676782
vt 0.257101 0.688664
vt 0.263912 0.690977
vt 0.282026 0.699256
vt 0.284562 0.685160
vt 0.280595 0.700253
vt 0.233814 0.698611
vt 0.260942 0.711664
vt 0.247920 0.706166
vt 0.240487 0.703387
vt 0.228819 0.694382
vt 0.154612 0.450269
vt 0.152036 0.444346
vt 0.156966 0.453703
vt 0.156044 0.436816
vt 0.148947 0.437722
vt 0.160427 0.449066
vt 0.158477 0.443305
vt 0.095036 0.474481
vt 0.114812 0.466730
vt 0.161247 0.439642
vt 0.152824 0.429418
vt 0.162052 0.426877
vt 0.161598 0.422906
vt 0.164334 0.423188
vt 0.164277 0.422622
vt 0.150272 0.423628
vt 0.157012 0.422456
vt 0.146412 0.432380
vt 0.142427 0.425103
vt 0.127967 0.422212
vt 0.128324 0.425355
vt 0.085863 0.463994
vt 0.091492 0.468202
vt 0.089051 0.457844
vt 0.091442 0.455652
vt 0.079601 0.455301
vt 0.279991 0.680557
vt 0.436603 0.745607
vt 0.434683 0.737759
vt 0.465149 0.729378
vt 0.466702 0.722343
vt 0.432655 0.731870
vt 0.451280 0.722449
vt 0.462068 0.719822
vt 0.469294 0.723366
vt 0.462724 0.737662
vt 0.458236 0.744199
vt 0.471742 0.745517
vt 0.687897 0.096009
vt 0.694468 0.104093
vt 0.688672 0.113072
vt 0.698163 0.116889
vt 0.707145 0.122672
vt 0.703595 0.127043
vt 0.708204 0.120733
vt 0.115468 0.842845
vt 0.125781 0.843006
vt 0.123483 0.854784
vt 0.133063 0.854565
vt 0.133013 0.842367
vt 0.143065 0.854477
vt 0.142034 0.841745
vt 0.142479 0.825508
vt 0.155744 0.798289
vt 0.120715 0.824860
vt 0.079895 0.832407
vt 0.097835 0.844591
vt 0.152182 0.833465
vt 0.088101 0.838634
vt 0.086963 0.845864
vt 0.091054 0.848452
vt 0.103638 0.844344
vt 0.103400 0.855367
vt 0.113609 0.855674
vt 0.105428 0.856840
vt 0.159578 0.609125
vt 0.165024 0.595619
vt 0.160346 0.621477
vt 0.159973 0.626273
vt 0.162600 0.630797
vt 0.220112 0.673481
vt 0.221202 0.670265
vt 0.223007 0.687863
vt 0.084972 0.836240
vt 0.080326 0.830332
vt 0.088136 0.828029
vt 0.082838 0.828327
vt 0.108899 0.825442
vt 0.098387 0.826583
vt 0.103313 0.825319
vt 0.092844 0.826915
vt 0.283617 0.716910
vt 0.274863 0.717072
vt 0.281026 0.718562
vt 0.267986 0.715412
vt 0.772417 0.841840
vt 0.771166 0.866072
vt 0.767411 0.859085
vt 0.768907 0.872702
vt 0.765929 0.873212
vt 0.763860 0.903697
vt 0.763001 0.898723
vt 0.764859 0.881676
vt 0.765830 0.900529
vt 0.763193 0.889774
vt 0.763359 0.883277
vt 0.734249 0.700563
vt 0.759085 0.713624
vt 0.756498 0.732859
vt 0.797692 0.730052
vt 0.787958 0.739689
vt 0.794546 0.734123
vt 0.800664 0.738957
vt 0.797001 0.735863
vt 0.793784 0.737671
vt 0.782410 0.740101
vt 0.784488 0.742510
vt 0.784513 0.739820
vt 0.785308 0.743754
vt 0.813907 0.396076
vt 0.807863 0.359179
vt 0.815305 0.396653
vt 0.818009 0.375344
vt 0.815531 0.357617
vt 0.820234 0.376196
vt 0.820656 0.366732
vt 0.795750 0.348445
vt 0.800151 0.392651
vt 0.792139 0.345681
vt 0.791158 0.362521
vt 0.906507 0.957800
vt 0.903639 0.962793
vt 0.906517 0.958349
vt 0.779851 0.034864
vt 0.774641 0.031714
vt 0.784787 0.026679
vt 0.782050 0.021057
vt 0.772300 0.024149
vt 0.874487 0.978402
vt 0.874079 0.981310
vt 0.878819 0.989399
vt 0.874073 0.988654
vt 0.882463 0.985781
vt 0.886635 0.981966
vt 0.873402 0.955246
vt 0.874999 0.953045
vt 0.886128 0.968019
vt 0.297761 0.390387
vt 0.294213 0.373523
vt 0.295978 0.377054
vt 0.297572 0.384960
vt 0.287522 0.360825
vt 0.294666 0.405018
vt 0.282774 0.390976
vt 0.300016 0.395034
vt 0.342949 0.388587
vt 0.349599 0.389707
vt 0.356306 0.380523
vt 0.357147 0.382994
vt 0.341499 0.364998
vt 0.333154 0.362432
vt 0.293666 0.368912
vt 0.321173 0.357839
vt 0.292671 0.361723
vt 0.289916 0.360749
vt 0.300647 0.402700
vt 0.300341 0.407279
vt 0.302091 0.410801
vt 0.911646 0.459604
vt 0.917825 0.463685
vt 0.914206 0.465444
vt 0.321771 0.422864
vt 0.328711 0.419904
vt 0.351743 0.419062
vt 0.343081 0.410568
vt 0.301341 0.414424
vt 0.346071 0.414023
vt 0.308507 0.419348
vt 0.884962 0.318986
vt 0.883313 0.326108
vt 0.875442 0.290765
vt 0.855279 0.295483
vt 0.859308 0.325687
vt 0.850680 0.291859
vt 0.867311 0.321673
vt 0.868801 0.292267
vt 0.879936 0.329724
vt 0.875795 0.328672
vt 0.881400 0.328031
vt 0.874082 0.332248
vt 0.856525 0.288950
vt 0.354855 0.398521
vt 0.349002 0.402017
vt 0.462072 0.483546
vt 0.489026 0.553074
vt 0.482571 0.549726
vt 0.470395 0.519767
vt 0.454103 0.486489
vt 0.465837 0.526802
vt 0.447043 0.489266
vt 0.472235 0.534026
vt 0.454302 0.480572
vt 0.494731 0.551113
vt 0.473054 0.485219
vt 0.476678 0.488392
vt 0.479403 0.482309
vt 0.483384 0.488764
vt 0.501065 0.548925
vt 0.486306 0.488364
vt 0.490984 0.495486
vt 0.507116 0.547563
vt 0.490204 0.557022
vt 0.500790 0.481009
vt 0.520438 0.543768
vt 0.499618 0.481690
vt 0.515139 0.545572
vt 0.510125 0.490458
vt 0.524924 0.537715
vt 0.511145 0.481503
vt 0.528446 0.530552
vt 0.536055 0.528166
vt 0.523659 0.482286
vt 0.536579 0.522875
vt 0.538918 0.516990
vt 0.531871 0.480051
vt 0.539740 0.509166
vt 0.347417 0.109051
vt 0.347366 0.117655
vt 0.339071 0.086857
vt 0.340911 0.086489
vt 0.876281 0.968583
vt 0.518869 0.493483
vt 0.533056 0.527092
vt 0.923541 0.706686
vt 0.926945 0.703652
vt 0.889236 0.695280
vt 0.928002 0.701616
vt 0.239049 0.825008
vt 0.242201 0.822010
vt 0.242362 0.838557
vt 0.240878 0.831187
vt 0.267897 0.830834
vt 0.254221 0.825116
vt 0.265495 0.825286
vt 0.265756 0.822039
vt 0.268332 0.822852
vt 0.276013 0.830792
vt 0.276745 0.836685
vt 0.270057 0.837403
vt 0.277491 0.846813
vt 0.277725 0.842102
vt 0.274265 0.859296
vt 0.268966 0.843234
vt 0.270610 0.849356
vt 0.255909 0.835086
vt 0.250550 0.818933
vt 0.242370 0.853386
vt 0.243308 0.849691
vt 0.243450 0.856615
vt 0.248765 0.858463
vt 0.256349 0.849045
vt 0.241320 0.844496
vt 0.274268 0.314634
vt 0.271742 0.313072
vt 0.282323 0.311490
vt 0.276883 0.281477
vt 0.271555 0.277914
vt 0.288530 0.286235
vt 0.281957 0.274937
vt 0.275709 0.270339
vt 0.277461 0.270174
vt 0.289510 0.278672
vt 0.292467 0.283711
vt 0.282797 0.302099
vt 0.291580 0.305503
vt 0.295962 0.283361
vt 0.511044 0.546107
vt 0.493472 0.560867
vt 0.504483 0.557230
vt 0.509010 0.559368
vt 0.501971 0.560895
vt 0.501875 0.570799
vt 0.506483 0.565864
vt 0.496525 0.563167
vt 0.498206 0.571594
vt 0.256899 0.842640
vt 0.257295 0.858397
vt 0.270859 0.860028
vt 0.278832 0.865344
vt 0.278350 0.854241
vt 0.338589 0.846677
vt 0.279520 0.875299
vt 0.349078 0.869824
vt 0.270588 0.865510
vt 0.271315 0.875381
vt 0.260517 0.869147
vt 0.275556 0.883175
vt 0.272796 0.881385
vt 0.278863 0.879963
vt 0.277585 0.884910
vt 0.510432 0.559678
vt 0.470143 0.715795
vt 0.464254 0.704840
vt 0.469552 0.705619
vt 0.455992 0.707631
vt 0.469376 0.700764
vt 0.458090 0.700908
vt 0.443485 0.710495
vt 0.427205 0.712566
vt 0.438279 0.703148
vt 0.447949 0.701285
vt 0.452557 0.699611
vt 0.425270 0.707014
vt 0.415821 0.656010
vt 0.411799 0.664752
vt 0.418699 0.652670
vt 0.427565 0.647556
vt 0.469595 0.696221
vt 0.466479 0.696470
vt 0.273445 0.297696
vt 0.294182 0.307144
vt 0.294069 0.311701
vt 0.768282 0.898972
vt 0.770625 0.908625
vt 0.767687 0.906152
vt 0.775050 0.901338
vt 0.775796 0.912376
vt 0.767422 0.884857
vt 0.773925 0.892506
vt 0.776329 0.895272
vt 0.302725 0.948149
vt 0.302965 0.948656
vt 0.301988 0.948638
vt 0.301992 0.948149
vt 0.301748 0.948882
vt 0.302841 0.949471
vt 0.302681 0.968356
vt 0.457851 0.418559
vt 0.406921 0.399437
vt 0.457634 0.398815
vt 0.459363 0.403520
vt 0.767002 0.857531
vt 0.768821 0.852981
vt 0.770489 0.846649
vt 0.911411 0.456441
vt 0.908335 0.366613
vt 0.907128 0.372656
vt 0.902624 0.362201
vt 0.902696 0.372034
vt 0.898478 0.368242
vt 0.902392 0.344055
vt 0.894539 0.361490
vt 0.892599 0.354121
vt 0.896492 0.347720
vt 0.889218 0.353338
vt 0.909316 0.330929
vt 0.922136 0.360049
vt 0.913630 0.354943
vt 0.924303 0.337621
vt 0.919207 0.337162
vt 0.914400 0.345731
vt 0.912959 0.331543
vt 0.917491 0.335362
vt 0.914794 0.373842
vt 0.909983 0.377529
vt 0.886108 0.705161
vt 0.809026 0.325429
vt 0.822515 0.306547
vt 0.825151 0.307470
vt 0.812023 0.327423
vt 0.826214 0.310230
vt 0.838395 0.316504
vt 0.830919 0.312824
vt 0.813383 0.331163
vt 0.804833 0.333915
vt 0.803740 0.335106
vt 0.810057 0.336364
vt 0.806485 0.338408
vt 0.044087 0.568904
vt 0.032149 0.585113
vt 0.049448 0.546227
vt 0.031791 0.580141
vt 0.047403 0.541978
vt 0.039105 0.891260
vt 0.058392 0.889333
vt 0.052962 0.897744
vt 0.025182 0.922415
vt 0.030367 0.925915
vt 0.069518 0.894253
vt 0.065135 0.890525
vt 0.075239 0.892967
vt 0.068657 0.896874
vt 0.061513 0.897560
vt 0.167717 0.827750
vt 0.180147 0.773298
vt 0.191322 0.774384
vt 0.932010 0.673178
vt 0.945457 0.673212
vt 0.951355 0.686982
vt 0.622566 0.938255
vt 0.618837 0.942433
vt 0.623364 0.896180
vt 0.615184 0.889493
vt 0.670193 0.898435
vt 0.669985 0.916258
vt 0.662676 0.897945
vt 0.677022 0.908152
vt 0.676072 0.919552
vt 0.676231 0.924294
vt 0.672891 0.959309
vt 0.672065 0.962939
vt 0.673549 0.944329
vt 0.615884 0.963433
vt 0.666787 0.977492
vt 0.354195 0.830748
vt 0.125822 0.824221
vt 0.131115 0.824689
vt 0.137151 0.824019
vt 0.083038 0.379034
vt 0.083743 0.383312
vt 0.082991 0.388810
vt 0.083491 0.394117
vt 0.082624 0.400700
vt 0.113229 0.824431
vt 0.255445 0.710229
vt 0.633993 0.636170
vt 0.625690 0.709135
vt 0.623591 0.636885
vt 0.614337 0.650191
vt 0.068707 0.678324
vt 0.036667 0.692165
vt 0.041664 0.687388
vt 0.026053 0.693996
vt 0.040665 0.740432
vt 0.075679 0.221100
vt 0.076516 0.219949
vt 0.076548 0.223697
vt 0.076725 0.226108
vt 0.076719 0.233214
vt 0.095346 0.224771
vt 0.078096 0.233218
vt 0.141320 0.226247
vt 0.078507 0.237141
vt 0.142243 0.230450
vt 0.130226 0.221329
vt 0.441395 0.357170
vt 0.377903 0.366947
vt 0.440746 0.352716
vt 0.378777 0.372413
vt 0.390008 0.353356
vt 0.420534 0.345803
vt 0.437793 0.344970
vt 0.385199 0.359072
vt 0.438833 0.345335
vt 0.388742 0.360203
vt 0.990040 0.303362
vt 0.986984 0.306943
vt 0.973789 0.305191
vt 0.969464 0.299964
vt 0.982561 0.297638
vt 0.982868 0.299953
vt 0.989987 0.299133
vt 0.982239 0.904614
vt 0.980152 0.904781
vt 0.982363 0.900098
vt 0.456116 0.450216
vt 0.456542 0.453578
vt 0.376701 0.454185
vt 0.402496 0.403460
vt 0.379678 0.413493
vt 0.456417 0.456746
vt 0.456972 0.462841
vt 0.376092 0.458566
vt 0.511098 0.103055
vt 0.495389 0.109265
vt 0.488038 0.107152
vt 0.510276 0.108216
vt 0.485719 0.122429
vt 0.491328 0.120410
vt 0.494384 0.124262
vt 0.497008 0.131651
vt 0.495468 0.128660
vt 0.498677 0.127126
vt 0.503313 0.125660
vt 0.511004 0.114357
vt 0.512629 0.113089
vt 0.506819 0.125732
vt 0.253673 0.478524
vt 0.253825 0.467953
vt 0.329106 0.470649
vt 0.415522 0.472978
vt 0.374427 0.471985
vt 0.457437 0.467781
vt 0.186837 0.677648
vt 0.171739 0.662226
vt 0.175340 0.670512
vt 0.178382 0.676270
vt 0.179065 0.690554
vt 0.586061 0.771751
vt 0.567283 0.742363
vt 0.594884 0.756351
vt 0.590043 0.709590
vt 0.158154 0.612831
vt 0.915855 0.045452
vt 0.932534 0.043701
vt 0.931185 0.045553
vt 0.942312 0.033861
vt 0.939514 0.036673
vt 0.928572 0.033174
vt 0.981789 0.773709
vt 0.983444 0.789674
vt 0.980029 0.781255
vt 0.992111 0.777519
vt 0.981884 0.767698
vt 0.982446 0.765861
vt 0.996869 0.780568
vt 0.994956 0.777278
vt 0.981318 0.762668
vt 0.308534 0.909783
vt 0.310093 0.910992
vt 0.600194 0.739062
vt 0.599649 0.746654
vt 0.032220 0.542092
vt 0.035420 0.544392
vt 0.027867 0.541596
vt 0.024408 0.540320
vt 0.022040 0.536772
vt 0.263834 0.966833
vt 0.246573 0.990274
vt 0.273179 0.943149
vt 0.379963 0.383911
vt 0.379633 0.378437
vt 0.381436 0.383475
vt 0.383561 0.386990
vt 0.445315 0.372341
vt 0.443763 0.367028
vt 0.445020 0.368495
vt 0.446251 0.371449
vt 0.447461 0.374599
vt 0.447312 0.377492
vt 0.945478 0.343504
vt 0.944234 0.324537
vt 0.949880 0.348039
vt 0.954113 0.342141
vt 0.954972 0.341825
vt 0.955624 0.342721
vt 0.955136 0.343101
vt 0.954116 0.341244
vt 0.951864 0.333240
vt 0.946530 0.320603
vt 0.945700 0.319055
vt 0.937807 0.338217
vt 0.938965 0.338251
vt 0.938774 0.348028
vt 0.935622 0.346918
vt 0.936831 0.348229
vt 0.935610 0.347985
vt 0.919391 0.024084
vt 0.926445 0.016658
vt 0.923359 0.021807
vt 0.917380 0.022892
vt 0.912089 0.023392
vt 0.922804 0.009749
vt 0.913824 0.024487
vt 0.926259 0.293612
vt 0.923721 0.286598
vt 0.934508 0.301280
vt 0.930329 0.295327
vt 0.931707 0.301834
vt 0.932466 0.324475
vt 0.919645 0.299419
vt 0.933559 0.323873
vt 0.923472 0.312007
vt 0.914254 0.297999
vt 0.922962 0.291967
vt 0.922303 0.313558
vt 0.917186 0.308621
vt 0.912382 0.305894
vt 0.918410 0.312584
vt 0.917219 0.312651
vt 0.834787 0.596127
vt 0.831025 0.613962
vt 0.759871 0.567731
vt 0.763986 0.564499
vt 0.279925 0.061418
vt 0.276512 0.051332
vt 0.278759 0.034896
vt 0.276194 0.049077
vt 0.278805 0.033740
vt 0.277243 0.034826
vt 0.276851 0.039228
vt 0.274885 0.041777
vt 0.274574 0.047325
vt 0.992599 0.395397
vt 0.988006 0.399843
vt 0.990203 0.397660
vt 0.992240 0.399358
vt 0.989307 0.393888
vt 0.994913 0.397289
vt 0.993702 0.393922
vt 0.996385 0.397794
vt 0.995653 0.398281
vt 0.995837 0.399665
vt 0.996629 0.399748
vt 0.996629 0.398527
vt 0.730508 0.605404
vt 0.725116 0.613618
vt 0.719101 0.618306
vt 0.615873 0.995762
vt 0.615628 0.995274
vt 0.616117 0.995762
vt 0.616605 0.994786
vt 0.615808 0.994266
vt 0.615628 0.996739
vt 0.615873 0.996495
vt 0.613759 0.992326
vt 0.617581 0.995030
vt 0.442428 0.361748
vt 0.442335 0.358484
vt 0.141269 0.221797
vt 0.142126 0.221456
vt 0.142604 0.226575
vt 0.598787 0.751250
vt 0.593323 0.760486
vt 0.589646 0.768077
vt 0.584083 0.774958
vt 0.578780 0.781112
vt 0.164041 0.638723
vt 0.166224 0.645421
vt 0.167325 0.649742
vt 0.166090 0.648640
vt 0.012158 0.273595
vt 0.018475 0.271496
vt 0.016373 0.272635
vt 0.077620 0.235219
vt 0.077511 0.240095
vt 0.078181 0.241961
vt 0.077932 0.246410
vt 0.079021 0.244281
vt 0.078911 0.247724
vt 0.132947 0.238690
vt 0.345610 0.825061
vt 0.194357 0.012748
vt 0.182542 0.010920
vt 0.193734 0.008742
vt 0.929893 0.325579
vt 0.990496 0.149429
vt 0.990980 0.146988
vt 0.994159 0.147666
vt 0.989337 0.145604
vt 0.990043 0.146782
vt 0.989307 0.149719
vt 0.990771 0.150452
vt 0.912423 0.025682
vt 0.362077 0.080806
vt 0.364463 0.080103
vt 0.365014 0.092272
vt 0.367007 0.093035
vt 0.276532 0.939279
vt 0.277342 0.939977
vt 0.277886 0.940540
vt 0.390091 0.012042
vt 0.389053 0.016099
vt 0.390167 0.004350
vt 0.148928 0.273815
vt 0.152813 0.273246
vt 0.153795 0.274307
vt 0.144993 0.279195
vt 0.931914 0.327118
vt 0.077691 0.192727
vt 0.077719 0.172425
vt 0.081535 0.182833
vt 0.071828 0.201652
vt 0.065752 0.202553
vt 0.062562 0.165511
vt 0.067933 0.173838
vt 0.070619 0.171832
vt 0.059082 0.220559
vt 0.057129 0.165822
vt 0.060084 0.204362
vt 0.059750 0.179012
vt 0.064458 0.208329
vt 0.048487 0.169746
vt 0.050267 0.165283
vt 0.052441 0.205202
vt 0.041570 0.166060
vt 0.039268 0.164553
vt 0.236089 0.987382
vt 0.269966 0.941864
vt 0.478131 0.121249
vt 0.474078 0.100615
vt 0.479947 0.104725
vt 0.468853 0.118045
vt 0.466046 0.115887
vt 0.079140 0.253147
vt 0.111898 0.252203
vt 0.078041 0.253102
vt 0.101301 0.258763
vt 0.078542 0.257610
vt 0.920478 0.628533
vt 0.924799 0.626410
vt 0.925149 0.634904
vt 0.940685 0.629783
vt 0.935384 0.635799
vt 0.640214 0.040693
vt 0.619478 0.042504
vt 0.632225 0.036182
vt 0.407465 0.266869
vt 0.409461 0.274423
vt 0.399439 0.318263
vt 0.400067 0.320444
vt 0.404091 0.317690
vt 0.413125 0.322229
vt 0.416523 0.323808
vt 0.413779 0.325760
vt 0.421180 0.321760
vt 0.419156 0.323243
vt 0.425420 0.321900
vt 0.430022 0.276251
vt 0.434915 0.258428
vt 0.430026 0.314192
vt 0.435606 0.322152
vt 0.435938 0.323052
vt 0.036277 0.029738
vt 0.033032 0.027862
vt 0.050809 0.033834
vt 0.660378 0.703602
vt 0.661966 0.697257
vt 0.663413 0.701987
vt 0.663466 0.704899
vt 0.662981 0.736042
vt 0.659277 0.707822
vt 0.658671 0.705460
vt 0.717164 0.024217
vt 0.718140 0.025438
vt 0.722936 0.028527
vt 0.714967 0.026664
vt 0.724826 0.050303
vt 0.710979 0.050697
vt 0.710329 0.026904
vt 0.710085 0.025682
vt 0.705423 0.029632
vt 0.705692 0.025194
vt 0.703117 0.027435
vt 0.701905 0.039692
vt 0.801857 0.978671
vt 0.800637 0.979648
vt 0.801857 0.976229
vt 0.962306 0.922182
vt 0.958079 0.920396
vt 0.959720 0.918934
vt 0.961726 0.917629
vt 0.963000 0.918223
vt 0.980308 0.921685
vt 0.975513 0.919687
vt 0.967138 0.928276
vt 0.973164 0.934649
vt 0.976491 0.932372
vt 0.977954 0.937714
vt 0.974891 0.544144
vt 0.972168 0.542374
vt 0.981454 0.538013
vt 0.984695 0.540875
vt 0.988773 0.538764
vt 0.987964 0.541287
vt 0.989306 0.541119
vt 0.989551 0.541610
vt 0.990455 0.539824
vt 0.979123 0.930151
vt 0.406682 0.387623
vt 0.449906 0.383230
vt 0.425829 0.388157
vt 0.959321 0.268067
vt 0.955530 0.265523
vt 0.958457 0.262739
vt 0.022830 0.736852
vt 0.022321 0.742180
vt 0.010743 0.733317
vt 0.020514 0.733328
vt 0.975005 0.937204
vt 0.847987 0.005172
vt 0.848232 0.005905
vt 0.846035 0.005661
vt 0.133193 0.245118
vt 0.084548 0.985331
vt 0.085333 0.983209
vt 0.087176 0.984477
vt 0.992149 0.866804
vt 0.991908 0.865419
vt 0.993448 0.864164
vt 0.947497 0.283015
vt 0.942986 0.277749
vt 0.946875 0.268523
vt 0.952305 0.293352
vt 0.952214 0.266590
vt 0.957448 0.296315
vt 0.952663 0.300860
vt 0.934029 0.277384
vt 0.942812 0.281616
vt 0.906231 0.387448
vt 0.893942 0.420646
vt 0.897047 0.410492
vt 0.899428 0.419100
vt 0.909780 0.391765
vt 0.912191 0.396585
vt 0.918670 0.397884
vt 0.922430 0.389493
vt 0.922721 0.391403
vt 0.920299 0.427565
vt 0.916252 0.426727
vt 0.916699 0.393154
vt 0.288630 0.653325
vt 0.289721 0.652463
vt 0.292586 0.652642
vt 0.298642 0.652989
vt 0.297753 0.654446
vt 0.303983 0.654912
vt 0.300114 0.694107
vt 0.316289 0.731500
vt 0.307934 0.712724
vt 0.336864 0.731296
vt 0.329033 0.731139
vt 0.329592 0.655297
vt 0.336219 0.654668
vt 0.344550 0.654915
vt 0.338662 0.654822
vt 0.342887 0.653339
vt 0.324415 0.654843
vt 0.290768 0.664187
vt 0.025129 0.746194
vt 0.016382 0.741133
vt 0.005559 0.531569
vt 0.007963 0.531621
vt 0.006878 0.536341
vt 0.010173 0.533477
vt 0.009591 0.530377
vt 0.009149 0.529843
vt 0.009632 0.530092
vt 0.010079 0.529401
vt 0.818414 0.014310
vt 0.817581 0.025857
vt 0.815770 0.016621
vt 0.822220 0.015172
vt 0.808648 0.029596
vt 0.803322 0.037891
vt 0.810409 0.019950
vt 0.804983 0.015627
vt 0.797130 0.023671
vt 0.803871 0.013483
vt 0.911529 0.427624
vt 0.901891 0.426690
vt 0.291372 0.448978
vt 0.293684 0.446424
vt 0.296533 0.448620
vt 0.253715 0.463881
vt 0.294648 0.425443
vt 0.549560 0.020483
vt 0.550820 0.018919
vt 0.550923 0.020466
vt 0.549728 0.019334
vt 0.549972 0.018357
vt 0.549484 0.021775
vt 0.040072 0.122296
vt 0.055036 0.118573
vt 0.068302 0.127497
vt 0.038383 0.127695
vt 0.068200 0.130570
vt 0.047048 0.136637
vt 0.063013 0.140193
vt 0.032411 0.142856
vt 0.054172 0.147951
vt 0.050397 0.149997
vt 0.033791 0.134771
vt 0.041901 0.152763
vt 0.590817 0.396804
vt 0.604406 0.392539
vt 0.597546 0.408904
vt 0.605186 0.403701
vt 0.614704 0.393786
vt 0.610119 0.404128
vt 0.595337 0.393647
vt 0.594067 0.389699
vt 0.584249 0.410363
vt 0.575469 0.393118
vt 0.569038 0.399337
vt 0.561367 0.388511
vt 0.566254 0.380068
vt 0.573008 0.404350
vt 0.578094 0.387190
vt 0.625373 0.386341
vt 0.638005 0.377329
vt 0.632991 0.369961
vt 0.610015 0.357263
vt 0.624900 0.358167
vt 0.568259 0.370793
vt 0.297725 0.812328
vt 0.298916 0.782300
vt 0.302474 0.811931
vt 0.064744 0.147882
vt 0.067548 0.147797
vt 0.068865 0.151881
vt 0.069389 0.152894
vt 0.069633 0.151429
vt 0.074347 0.150978
vt 0.080460 0.148164
vt 0.072571 0.144268
vt 0.072849 0.135626
vt 0.489237 0.967016
vt 0.491132 0.971344
vt 0.481141 0.974841
vt 0.460073 0.976964
vt 0.479384 0.980045
vt 0.470148 0.969135
vt 0.479354 0.951379
vt 0.492760 0.954408
vt 0.481213 0.944131
vt 0.456269 0.972422
vt 0.472708 0.962330
vt 0.402795 0.400724
vt 0.399947 0.403542
vt 0.398419 0.400779
vt 0.397236 0.398693
vt 0.370577 0.417328
vt 0.850842 0.347333
vt 0.852520 0.352702
vt 0.853751 0.362204
vt 0.837178 0.987941
vt 0.842471 0.993877
vt 0.839075 0.996669
vt 0.842667 0.978155
vt 0.837351 0.978397
vt 0.853262 0.978716
vt 0.856112 0.985469
vt 0.827903 0.987724
vt 0.818981 0.980592
vt 0.814604 0.984712
vt 0.811437 0.974839
vt 0.813293 0.969846
vt 0.836174 0.966761
vt 0.841471 0.958881
vt 0.828012 0.962207
vt 0.828500 0.974658
vt 0.833160 0.957247
vt 0.836286 0.952009
vt 0.851462 0.946912
vt 0.838949 0.937182
vt 0.831948 0.942963
vt 0.833302 0.935394
vt 0.840294 0.932697
vt 0.851787 0.963257
vt 0.859459 0.969393
vt 0.860679 0.973407
vt 0.947671 0.627531
vt 0.948530 0.628229
vt 0.951044 0.627324
vt 0.031264 0.951701
vt 0.052900 0.968680
vt 0.027455 0.951311
vt 0.463908 0.112596
vt 0.428134 0.990251
vt 0.422814 0.976175
vt 0.435498 0.980613
vt 0.441342 0.986291
vt 0.441109 0.954609
vt 0.428741 0.971244
vt 0.456999 0.980678
vt 0.789510 0.157390
vt 0.784942 0.146785
vt 0.796751 0.150144
vt 0.782066 0.159411
vt 0.778784 0.146827
vt 0.792727 0.137751
vt 0.804952 0.141934
vt 0.806014 0.138607
vt 0.783184 0.136337
vt 0.777914 0.159287
vt 0.775530 0.149539
vt 0.769219 0.166028
vt 0.766289 0.158430
vt 0.761840 0.153389
vt 0.072058 0.132920
vt 0.643378 0.371863
vt 0.636344 0.356013
vt 0.641596 0.357831
vt 0.226885 0.172227
vt 0.224218 0.169386
vt 0.264975 0.177104
vt 0.259722 0.177248
vt 0.261277 0.176213
vt 0.265035 0.179808
vt 0.234335 0.174153
vt 0.272703 0.179753
vt 0.262749 0.171419
vt 0.218103 0.169031
vt 0.249249 0.161906
vt 0.239959 0.161549
vt 0.256693 0.166166
vt 0.226760 0.164335
vt 0.221149 0.166101
vt 0.224865 0.164126
vt 0.475836 0.629087
vt 0.475185 0.642043
vt 0.467056 0.612805
vt 0.658248 0.713746
vt 0.659511 0.722657
vt 0.661161 0.728058
vt 0.661334 0.731937
vt 0.653644 0.759414
vt 0.664400 0.742724
vt 0.666176 0.748581
vt 0.618972 0.767300
vt 0.623326 0.768509
vt 0.472739 0.927110
vt 0.494421 0.252160
vt 0.506769 0.252296
vt 0.499280 0.254984
vt 0.497249 0.253940
vt 0.495693 0.253527
vt 0.491668 0.255558
vt 0.489371 0.252195
vt 0.492927 0.257857
vt 0.489151 0.260021
vt 0.497653 0.276747
vt 0.502698 0.273307
vt 0.512013 0.271289
vt 0.510423 0.254611
vt 0.451949 0.940354
vt 0.468076 0.926691
vt 0.478379 0.932797
vt 0.491544 0.931345
vt 0.492047 0.924143
vt 0.493913 0.941964
vt 0.498613 0.951619
vt 0.820761 0.968646
vt 0.812167 0.961823
vt 0.818453 0.952924
vt 0.812841 0.951079
vt 0.815883 0.947257
vt 0.824951 0.945336
vt 0.829204 0.937178
vt 0.639380 0.710138
vt 0.762130 0.167625
vt 0.757344 0.160358
vt 0.310765 0.810576
vt 0.309135 0.812297
vt 0.317032 0.811059
vt 0.333341 0.810050
vt 0.336858 0.732763
vt 0.337958 0.809269
vt 0.327952 0.809301
vt 0.329671 0.732615
vt 0.342569 0.808586
vt 0.346442 0.732938
vt 0.346492 0.808452
vt 0.348905 0.732243
vt 0.351788 0.808733
vt 0.362094 0.808632
vt 0.357951 0.731784
vt 0.361977 0.731264
vt 0.355007 0.654710
vt 0.366608 0.731614
vt 0.363101 0.654277
vt 0.371432 0.731971
vt 0.371797 0.653750
vt 0.364390 0.732787
vt 0.366918 0.805004
vt 0.369501 0.808717
vt 0.365757 0.808123
vt 0.369905 0.810218
vt 0.377128 0.810227
vt 0.359655 0.809908
vt 0.351108 0.810249
vt 0.727512 0.122542
vt 0.751764 0.124887
vt 0.747785 0.125462
vt 0.742849 0.129485
vt 0.729842 0.127244
vt 0.753531 0.125547
vt 0.726895 0.117924
vt 0.756239 0.122184
vt 0.755880 0.122604
vt 0.454959 0.880990
vt 0.457673 0.896297
vt 0.419878 0.898586
vt 0.420162 0.891947
vt 0.450984 0.868635
vt 0.311302 0.741181
vt 0.316714 0.733330
vt 0.314789 0.732742
vt 0.318173 0.654887
vt 0.324003 0.731716
vt 0.311490 0.654700
vt 0.323319 0.733042
vt 0.321630 0.810363
vt 0.010712 0.831867
vt 0.013064 0.833106
vt 0.007796 0.836850
vt 0.008371 0.837541
vt 0.573818 0.784793
vt 0.755977 0.136528
vt 0.722465 0.136257
vt 0.765404 0.137049
vt 0.171439 0.015657
vt 0.162738 0.017329
vt 0.162001 0.011195
vt 0.160949 0.023703
vt 0.158131 0.022404
vt 0.154560 0.010400
vt 0.160945 0.008501
vt 0.164076 0.004597
vt 0.172348 0.010320
vt 0.970874 0.822387
vt 0.976461 0.815822
vt 0.986851 0.824131
vt 0.971628 0.808995
vt 0.967529 0.808497
vt 0.980490 0.799241
vt 0.982914 0.800845
vt 0.986587 0.802778
vt 0.991340 0.817656
vt 0.993944 0.807753
vt 0.693167 0.587097
vt 0.701141 0.529505
vt 0.699495 0.578189
vt 0.679642 0.583543
vt 0.675988 0.585689
vt 0.673918 0.571627
vt 0.679131 0.551199
vt 0.179383 0.680713
vt 0.525923 0.269226
vt 0.521869 0.253572
vt 0.542725 0.275032
vt 0.531475 0.276513
vt 0.529946 0.268415
vt 0.543105 0.271444
vt 0.549727 0.273618
vt 0.545509 0.254759
vt 0.527762 0.255689
vt 0.534363 0.255988
vt 0.548558 0.253562
vt 0.449139 0.618509
vt 0.464683 0.910440
vt 0.457531 0.910508
vt 0.443077 0.916989
vt 0.420135 0.907508
vt 0.403197 0.904595
vt 0.402799 0.900053
vt 0.399395 0.904004
vt 0.394705 0.901264
vt 0.392370 0.905553
vt 0.395930 0.899012
vt 0.405473 0.893822
vt 0.416744 0.889041
vt 0.404104 0.894243
vt 0.656625 0.355576
vt 0.663531 0.383960
vt 0.657252 0.404974
vt 0.339483 0.136856
vt 0.338154 0.145259
vt 0.336294 0.145881
vt 0.339092 0.133360
vt 0.335265 0.137527
vt 0.332435 0.144180
vt 0.333235 0.151516
vt 0.325017 0.145398
vt 0.325622 0.148629
vt 0.635147 0.730417
vt 0.624021 0.744189
vt 0.846144 0.630762
vt 0.869710 0.644404
vt 0.850327 0.645239
vt 0.037686 0.173639
vt 0.039571 0.187123
vt 0.040762 0.210106
vt 0.145612 0.896876
vt 0.153091 0.881650
vt 0.167837 0.918464
vt 0.196771 0.889199
vt 0.201172 0.910713
vt 0.188947 0.876832
vt 0.977124 0.082869
vt 0.974158 0.080393
vt 0.974421 0.079151
vt 0.975041 0.078829
vt 0.977464 0.076861
vt 0.977614 0.077239
vt 0.979063 0.072098
vt 0.974098 0.077358
vt 0.975051 0.074766
vt 0.973686 0.074516
vt 0.973442 0.074760
vt 0.350563 0.912257
vt 0.356283 0.912412
vt 0.366690 0.910692
vt 0.007830 0.655885
vt 0.012255 0.652488
vt 0.016038 0.656281
vt 0.016763 0.800877
vt 0.015734 0.806134
vt 0.006718 0.800768
vt 0.011526 0.806680
vt 0.018199 0.808455
vt 0.016593 0.809888
vt 0.974952 0.348896
vt 0.966835 0.328572
vt 0.985127 0.325065
vt 0.970137 0.325537
vt 0.985671 0.950621
vt 0.990157 0.952993
vt 0.987138 0.969018
vt 0.983128 0.949593
vt 0.984066 0.974258
vt 0.200453 0.857300
vt 0.196052 0.862221
vt 0.204193 0.854982
vt 0.220622 0.869307
vt 0.241255 0.140521
vt 0.241950 0.139709
vt 0.243508 0.145534
vt 0.726714 0.083054
vt 0.719659 0.082104
vt 0.730471 0.073693
vt 0.706647 0.072655
vt 0.720908 0.066056
vt 0.711481 0.061759
vt 0.714850 0.061359
vt 0.730103 0.064016
vt 0.730155 0.068821
vt 0.970051 0.046657
vt 0.979390 0.042887
vt 0.969839 0.049892
vt 0.973877 0.055806
vt 0.970107 0.048877
vt 0.960018 0.043995
vt 0.781208 0.423059
vt 0.791327 0.403777
vt 0.789884 0.410100
vt 0.774982 0.414122
vt 0.787164 0.415254
vt 0.790356 0.417606
vt 0.772985 0.417853
vt 0.740087 0.024498
vt 0.744816 0.023255
vt 0.742855 0.028420
vt 0.739374 0.026903
vt 0.737926 0.033044
vt 0.738543 0.035833
vt 0.740581 0.037559
vt 0.963676 0.326488
vt 0.964732 0.327279
vt 0.177758 0.257886
vt 0.175154 0.258942
vt 0.182562 0.251296
vt 0.168343 0.250926
vt 0.182956 0.240658
vt 0.189497 0.250964
vt 0.185316 0.235555
vt 0.178203 0.238751
vt 0.172877 0.231761
vt 0.169203 0.237838
vt 0.183389 0.228727
vt 0.185020 0.227304
vt 0.193550 0.240700
vt 0.200464 0.247695
vt 0.199603 0.234258
vt 0.191264 0.229388
vt 0.210758 0.238710
vt 0.010020 0.676124
vt 0.011570 0.673514
vt 0.026026 0.673938
vt 0.011559 0.678101
vt 0.021917 0.677414
vt 0.159006 0.250046
vt 0.160921 0.240099
vt 0.143495 0.246991
vt 0.146798 0.248530
vt 0.981113 0.111364
vt 0.984908 0.109457
vt 0.989339 0.124283
vt 0.977113 0.125225
vt 0.977922 0.122380
vt 0.982592 0.130194
vt 0.993532 0.131479
vt 0.988709 0.135232
vt 0.031186 0.173262
vt 0.031570 0.192669
vt 0.030739 0.175237
vt 0.034401 0.176247
vt 0.836532 0.417876
vt 0.845602 0.399101
vt 0.847951 0.404263
vt 0.822453 0.428233
vt 0.809872 0.431746
vt 0.829610 0.427439
vt 0.819899 0.433369
vt 0.825490 0.440708
vt 0.832915 0.441427
vt 0.819824 0.444014
vt 0.815634 0.450997
vt 0.813012 0.453489
vt 0.811169 0.452914
vt 0.802347 0.448614
vt 0.800618 0.433770
vt 0.800149 0.439792
vt 0.344919 0.730854
vt 0.359828 0.653194
vt 0.521016 0.249918
vt 0.559979 0.385586
vt 0.814970 0.238105
vt 0.836516 0.242992
vt 0.817883 0.254900
vt 0.826396 0.265966
vt 0.837362 0.252071
vt 0.801081 0.240668
vt 0.799338 0.254018
vt 0.790220 0.240882
vt 0.791541 0.232506
vt 0.784727 0.232360
vt 0.798235 0.237806
vt 0.856823 0.957003
vt 0.860435 0.942289
vt 0.854716 0.939297
vt 0.848928 0.435543
vt 0.853937 0.436704
vt 0.856042 0.437838
vt 0.852933 0.438163
vt 0.850486 0.440900
vt 0.849571 0.432464
vt 0.840858 0.428373
vt 0.841720 0.440644
vt 0.837546 0.424355
vt 0.843667 0.414435
vt 0.840784 0.422263
vt 0.724558 0.693926
vt 0.726189 0.726184
vt 0.721837 0.724868
vt 0.715181 0.725549
vt 0.712211 0.656828
vt 0.715199 0.661562
vt 0.718407 0.661035
vt 0.708171 0.660867
vt 0.698209 0.652955
vt 0.699345 0.655240
vt 0.697880 0.652922
vt 0.699816 0.660854
vt 0.696443 0.651605
vt 0.696731 0.656339
vt 0.688607 0.661985
vt 0.689879 0.666260
vt 0.686204 0.686327
vt 0.690006 0.716768
vt 0.697514 0.723622
vt 0.695731 0.662354
vt 0.698260 0.661480
vt 0.704469 0.723845
vt 0.494739 0.926439
vt 0.499768 0.910819
vt 0.885463 0.405332
vt 0.879755 0.412029
vt 0.871632 0.400525
vt 0.885642 0.380920
vt 0.888963 0.384994
vt 0.871309 0.389135
vt 0.868279 0.385172
vt 0.883177 0.377849
vt 0.877882 0.371836
vt 0.864969 0.388421
vt 0.853752 0.373699
vt 0.858541 0.387629
vt 0.848720 0.371913
vt 0.943423 0.398882
vt 0.947534 0.404920
vt 0.940478 0.404686
vt 0.941712 0.387714
vt 0.932925 0.382656
vt 0.943218 0.380493
vt 0.941539 0.397706
vt 0.935194 0.391961
vt 0.946219 0.398835
vt 0.949703 0.385357
vt 0.956297 0.394044
vt 0.085673 0.879939
vt 0.097892 0.870247
vt 0.086729 0.882671
vt 0.101161 0.875806
vt 0.100041 0.878432
vt 0.109620 0.888470
vt 0.087614 0.890929
vt 0.085352 0.887856
vt 0.100710 0.909495
vt 0.047889 0.773956
vt 0.059068 0.760622
vt 0.061115 0.772221
vt 0.041683 0.755562
vt 0.027335 0.758706
vt 0.037000 0.776520
vt 0.061196 0.776904
vt 0.060599 0.780185
vt 0.051527 0.779071
vt 0.051373 0.782348
vt 0.965613 0.775137
vt 0.968858 0.777964
vt 0.954827 0.782765
vt 0.950226 0.777410
vt 0.964830 0.787772
vt 0.942328 0.777865
vt 0.937399 0.775787
vt 0.938506 0.775438
vt 0.942917 0.782884
vt 0.906463 0.176483
vt 0.900424 0.173169
vt 0.897188 0.170107
vt 0.889193 0.172425
vt 0.893895 0.172843
vt 0.899360 0.179819
vt 0.931493 0.953101
vt 0.931533 0.937957
vt 0.933472 0.950237
vt 0.935947 0.938238
vt 0.941226 0.925794
vt 0.941655 0.962829
vt 0.887567 0.375977
vt 0.884111 0.373622
vt 0.563640 0.372401
vt 0.712430 0.654592
vt 0.710367 0.656372
vt 0.106541 0.923486
vt 0.094014 0.908291
vt 0.109193 0.919478
vt 0.122455 0.902035
vt 0.128843 0.906822
vt 0.121097 0.924310
vt 0.116587 0.925309
vt 0.111825 0.926865
vt 0.107436 0.941292
vt 0.111078 0.938286
vt 0.110545 0.947666
vt 0.099460 0.927264
vt 0.091904 0.913784
vt 0.094529 0.940824
vt 0.094351 0.957936
vt 0.917150 0.144520
vt 0.921177 0.143642
vt 0.924991 0.160261
vt 0.917889 0.126698
vt 0.922791 0.129796
vt 0.924026 0.127256
vt 0.931441 0.140380
vt 0.930063 0.157170
vt 0.929829 0.132459
vt 0.937172 0.138807
vt 0.938646 0.150319
vt 0.831876 0.273132
vt 0.821302 0.268744
vt 0.823761 0.276800
vt 0.810510 0.287471
vt 0.804750 0.287095
vt 0.805917 0.274799
vt 0.804883 0.260423
vt 0.809938 0.252128
vt 0.804427 0.233875
vt 0.945805 0.377905
vt 0.768822 0.814633
vt 0.769227 0.825487
vt 0.763894 0.816700
vt 0.541912 0.147906
vt 0.528780 0.164005
vt 0.526385 0.152528
vt 0.515422 0.159637
vt 0.521893 0.152885
vt 0.519733 0.164314
vt 0.515333 0.165435
vt 0.509226 0.147748
vt 0.513156 0.147890
vt 0.512125 0.154069
vt 0.508236 0.152176
vt 0.511583 0.167039
vt 0.509533 0.164298
vt 0.506600 0.168346
vt 0.505096 0.159329
vt 0.543331 0.160839
vt 0.522433 0.140451
vt 0.535283 0.133719
vt 0.551201 0.142387
vt 0.551841 0.153348
vt 0.550961 0.134308
vt 0.552303 0.147225
vt 0.551681 0.143371
vt 0.552169 0.142883
vt 0.552402 0.142161
vt 0.538243 0.126513
vt 0.525321 0.129454
vt 0.532717 0.126593
vt 0.793391 0.782748
vt 0.810037 0.786894
vt 0.794142 0.795615
vt 0.811522 0.797100
vt 0.785780 0.767542
vt 0.801188 0.757698
vt 0.806879 0.770995
vt 0.777498 0.770623
vt 0.780881 0.777895
vt 0.782828 0.786842
vt 0.783308 0.787976
vt 0.783395 0.789308
vt 0.783034 0.794558
vt 0.782820 0.790661
vt 0.783064 0.798782
vt 0.791613 0.808508
vt 0.784695 0.807314
vt 0.786527 0.815740
vt 0.780268 0.818714
vt 0.873988 0.251036
vt 0.855359 0.253138
vt 0.863022 0.246911
vt 0.849971 0.245749
vt 0.856663 0.242822
vt 0.877163 0.246336
vt 0.830264 0.897149
vt 0.815517 0.905975
vt 0.818267 0.897471
vt 0.794204 0.899158
vt 0.788754 0.889254
vt 0.788731 0.878401
vt 0.798405 0.892119
vt 0.807137 0.897129
vt 0.797278 0.874983
vt 0.800876 0.888958
vt 0.801474 0.876346
vt 0.806432 0.887878
vt 0.815979 0.892317
vt 0.826498 0.891140
vt 0.815419 0.885888
vt 0.807374 0.877981
vt 0.817453 0.878893
vt 0.812752 0.871870
vt 0.820297 0.867753
vt 0.810568 0.865525
vt 0.827182 0.880169
vt 0.822757 0.880542
vt 0.833700 0.877025
vt 0.830967 0.866145
vt 0.834756 0.875066
vt 0.827358 0.861603
vt 0.831156 0.858988
vt 0.832495 0.842707
vt 0.812724 0.854590
vt 0.816016 0.839139
vt 0.828822 0.840737
vt 0.795437 0.860287
vt 0.789358 0.867670
vt 0.798442 0.842286
vt 0.788277 0.847784
vt 0.785504 0.857003
vt 0.050129 0.083032
vt 0.045178 0.088983
vt 0.050107 0.083062
vt 0.051252 0.086944
vt 0.050408 0.093227
vt 0.048051 0.100805
vt 0.034379 0.101592
vt 0.044017 0.104485
vt 0.041918 0.105894
vt 0.033163 0.086600
vt 0.914741 0.761934
vt 0.916864 0.750593
vt 0.934366 0.753831
vt 0.936076 0.758133
vt 0.938657 0.759145
vt 0.937509 0.764960
vt 0.937731 0.750332
vt 0.935824 0.742586
vt 0.939354 0.742511
vt 0.938332 0.730282
vt 0.921644 0.732026
vt 0.918254 0.740939
vt 0.017066 0.094301
vt 0.017639 0.084853
vt 0.017805 0.106492
vt 0.034609 0.106767
vt 0.027233 0.110095
vt 0.015189 0.103573
vt 0.570054 0.790258
vt 0.566094 0.791806
vt 0.561010 0.796005
vt 0.534709 0.088189
vt 0.551864 0.083019
vt 0.544882 0.086102
vt 0.558515 0.082329
vt 0.554651 0.075587
vt 0.564117 0.077989
vt 0.564688 0.076174
vt 0.528330 0.073152
vt 0.530546 0.076513
vt 0.553654 0.071483
vt 0.531384 0.062583
vt 0.557091 0.066844
vt 0.549102 0.063262
vt 0.559739 0.065137
vt 0.801797 0.457726
vt 0.848374 0.227540
vt 0.849699 0.227541
vt 0.848911 0.232479
vt 0.855238 0.230840
vt 0.573008 0.041065
vt 0.584849 0.058740
vt 0.575228 0.048706
vt 0.576614 0.042808
vt 0.586963 0.054883
vt 0.580620 0.072272
vt 0.578433 0.069538
vt 0.209924 0.852148
vt 0.976493 0.476607
vt 0.986290 0.478680
vt 0.982787 0.481889
vt 0.987987 0.478832
vt 0.992136 0.482686
vt 0.992738 0.491886
vt 0.983400 0.499111
vt 0.992900 0.501488
vt 0.798160 0.237667
vt 0.865159 0.275223
vt 0.853360 0.277541
vt 0.530062 0.352232
vt 0.542513 0.334561
vt 0.559279 0.340039
vt 0.563346 0.334920
vt 0.779904 0.427715
vt 0.790685 0.468470
vt 0.765235 0.451915
vt 0.599138 0.060757
vt 0.604889 0.059866
vt 0.974789 0.404529
vt 0.971300 0.398973
vt 0.977785 0.406106
vt 0.975502 0.401601
vt 0.984902 0.418186
vt 0.968546 0.401544
vt 0.969283 0.409287
vt 0.981230 0.421433
vt 0.971052 0.416992
vt 0.309846 0.029502
vt 0.310106 0.025243
vt 0.320253 0.027892
vt 0.322678 0.029851
vt 0.322165 0.030569
vt 0.322012 0.031307
vt 0.306422 0.040925
vt 0.322733 0.039818
vt 0.321696 0.041445
vt 0.528819 0.078299
vt 0.127862 0.902137
vt 0.345438 0.654415
vt 0.008579 0.849660
vt 0.014134 0.850000
vt 0.013984 0.851704
vt 0.005918 0.851223
vt 0.005912 0.850754
vt 0.005930 0.851704
vt 0.004561 0.851481
vt 0.004221 0.849918
vt 0.318666 0.036999
vt 0.298973 0.038190
vt 0.320896 0.034769
vt 0.805163 0.267239
vt 0.980680 0.412341
vt 0.983084 0.412242
vt 0.987379 0.415426
vt 0.323810 0.014217
vt 0.320272 0.006051
vt 0.323705 0.012715
vt 0.323475 0.004585
vt 0.324935 0.011032
vt 0.324797 0.011818
vt 0.324447 0.012480
vt 0.324203 0.012741
vt 0.324691 0.012497
vt 0.322038 0.002441
vt 0.327516 0.007670
vt 0.002956 0.983059
vt 0.002227 0.976056
vt 0.005661 0.976595
vt 0.001292 0.981113
vt 0.323655 0.033336
vt 0.805341 0.501353
vt 0.822060 0.472079
vt 0.828844 0.468810
vt 0.838226 0.521834
vt 0.684707 0.369902
vt 0.680860 0.411531
vt 0.678919 0.357153
vt 0.664352 0.362479
vt 0.671814 0.403775
vt 0.666041 0.424197
vt 0.670862 0.426662
vt 0.664375 0.429737
vt 0.736934 0.009079
vt 0.735752 0.010484
vt 0.737713 0.005977
vt 0.734247 0.009447
vt 0.994920 0.511088
vt 0.995933 0.512065
vt 0.994235 0.512018
vt 0.993455 0.515599
vt 0.993824 0.513391
vt 0.993944 0.512553
vt 0.996385 0.512553
vt 0.996836 0.513480
vt 0.998097 0.513738
vt 0.998109 0.683716
vt 0.997863 0.684795
vt 0.997335 0.683641
vt 0.997117 0.681762
vt 0.996873 0.682251
vt 0.995587 0.682248
vt 0.978965 0.424095
vt 0.994816 0.526437
vt 0.994753 0.527873
vt 0.993456 0.527936
vt 0.993700 0.529401
vt 0.995653 0.527936
vt 0.996070 0.526511
vt 0.995372 0.525382
vt 0.993944 0.524517
vt 0.993944 0.525250
vt 0.993456 0.524762
vt 0.996443 0.525045
vt 0.997185 0.527769
vt 0.998531 0.525697
vt 0.011180 0.286862
vt 0.013496 0.289384
vt 0.013740 0.290605
vt 0.926914 0.801425
vt 0.926578 0.800186
vt 0.931312 0.798441
vt 0.931058 0.797455
vt 0.940554 0.794992
vt 0.942157 0.804807
vt 0.444787 0.072583
vt 0.446609 0.074101
vt 0.445752 0.074027
vt 0.438531 0.067743
vt 0.441081 0.072597
vt 0.437686 0.075210
vt 0.437656 0.076799
vt 0.437247 0.077409
vt 0.435745 0.078422
vt 0.434031 0.079304
vt 0.432559 0.079169
vt 0.429392 0.073304
vt 0.435400 0.058170
vt 0.441068 0.056830
vt 0.452813 0.071810
vt 0.451645 0.055330
vt 0.448408 0.074798
vt 0.451339 0.075100
vt 0.449414 0.075004
vt 0.452098 0.075248
vt 0.452371 0.075219
vt 0.455972 0.074018
vt 0.459917 0.064877
vt 0.461619 0.069582
vt 0.455271 0.076225
vt 0.455027 0.076225
vt 0.461129 0.076469
vt 0.455896 0.040556
vt 0.462089 0.034196
vt 0.455026 0.036585
vt 0.457712 0.040089
vt 0.456980 0.041065
vt 0.449110 0.042150
vt 0.455038 0.041305
vt 0.444810 0.036761
vt 0.454825 0.026921
vt 0.467937 0.029264
vt 0.457901 0.041578
vt 0.471299 0.027672
vt 0.009252 0.480034
vt 0.007535 0.481169
vt 0.008229 0.479836
vt 0.008615 0.478859
vt 0.007394 0.479347
vt 0.008126 0.479103
vt 0.008615 0.485451
vt 0.008359 0.484075
vt 0.009209 0.485212
vt 0.008891 0.484230
vt 0.925224 0.803475
vt 0.924486 0.807053
vt 0.924085 0.805501
vt 0.922918 0.804823
vt 0.930415 0.813446
vt 0.928723 0.820757
vt 0.923538 0.807233
vt 0.921698 0.807265
vt 0.921921 0.823480
vt 0.921454 0.821426
vt 0.932681 0.819473
vt 0.447047 0.074760
vt 0.001397 0.466816
vt 0.001931 0.464008
vt 0.003501 0.465824
vt 0.993299 0.455274
vt 0.997886 0.454042
vt 0.993502 0.454028
vt 0.993368 0.455079
vt 0.095531 0.972887
vt 0.103258 0.968992
vt 0.633106 0.307639
vt 0.648368 0.336211
vt 0.637782 0.324417
vt 0.657602 0.333090
vt 0.649217 0.327868
vt 0.630273 0.287267
vt 0.637815 0.292474
vt 0.659361 0.329072
vt 0.536218 0.292100
vt 0.500931 0.303372
vt 0.514739 0.296440
vt 0.522865 0.322111
vt 0.540003 0.316931
vt 0.539488 0.319349
vt 0.703569 0.206909
vt 0.675480 0.210634
vt 0.665279 0.206954
vt 0.667753 0.219272
vt 0.656609 0.217881
vt 0.610919 0.337913
vt 0.584743 0.346671
vt 0.578667 0.320166
vt 0.877465 0.201351
vt 0.882497 0.195976
vt 0.885384 0.209427
vt 0.877723 0.225097
vt 0.664797 0.196403
vt 0.654206 0.191723
vt 0.702233 0.189220
vt 0.711510 0.198021
vt 0.657357 0.183415
vt 0.703093 0.186149
vt 0.655371 0.184912
vt 0.541094 0.867904
vt 0.543675 0.874142
vt 0.536293 0.863364
vt 0.794124 0.913785
vt 0.796933 0.915463
vt 0.801147 0.927359
vt 0.794413 0.935059
vt 0.788662 0.929539
vt 0.791523 0.918903
vt 0.787691 0.941266
vt 0.784918 0.924308
vt 0.782232 0.928395
vt 0.776225 0.937750
vt 0.783803 0.945388
vt 0.782236 0.950907
vt 0.775769 0.945138
vt 0.777450 0.950103
vt 0.739497 0.501995
vt 0.735732 0.507427
vt 0.729754 0.500737
vt 0.735217 0.500446
vt 0.558692 0.694463
vt 0.555178 0.693024
vt 0.597512 0.629572
vt 0.598903 0.626446
vt 0.564689 0.671414
vt 0.586811 0.649783
vt 0.576311 0.646307
vt 0.569130 0.657220
vt 0.580970 0.637731
vt 0.591754 0.630982
vt 0.592563 0.632468
vt 0.567767 0.632868
vt 0.564473 0.636524
vt 0.561197 0.636330
vt 0.570450 0.650597
vt 0.563751 0.663319
vt 0.562116 0.671059
vt 0.557307 0.676060
vt 0.557712 0.678820
vt 0.233354 0.966789
vt 0.190413 0.964878
vt 0.175267 0.960854
vt 0.170262 0.946113
vt 0.201590 0.953575
vt 0.188368 0.954919
vt 0.146460 0.948826
vt 0.146570 0.949809
vt 0.428587 0.055043
vt 0.989359 0.559130
vt 0.982682 0.559299
vt 0.983109 0.555025
vt 0.977830 0.559642
vt 0.982672 0.555382
vt 0.968072 0.553574
vt 0.980763 0.570591
vt 0.984911 0.571898
vt 0.930909 0.215381
vt 0.933676 0.211921
vt 0.928434 0.223876
vt 0.802490 0.940120
vt 0.798694 0.950157
vt 0.782262 0.955673
vt 0.996491 0.168665
vt 0.998582 0.159731
vt 0.998570 0.171301
vt 0.993523 0.169865
vt 0.993127 0.177645
vt 0.990508 0.170761
vt 0.995367 0.159114
vt 0.992971 0.163876
vt 0.987540 0.177506
vt 0.984245 0.175099
vt 0.547152 0.189097
vt 0.541081 0.203559
vt 0.541510 0.198392
vt 0.529141 0.188773
vt 0.518609 0.194878
vt 0.533650 0.210568
vt 0.539400 0.209293
vt 0.535812 0.217611
vt 0.510158 0.207762
vt 0.530938 0.217997
vt 0.518088 0.190231
vt 0.515038 0.191453
vt 0.505113 0.206807
vt 0.511129 0.189554
vt 0.494618 0.218123
vt 0.425944 0.583971
vt 0.429966 0.540680
vt 0.432096 0.548793
vt 0.434327 0.551570
vt 0.441717 0.545917
vt 0.433845 0.585125
vt 0.421351 0.595132
vt 0.404355 0.557887
vt 0.419910 0.545636
vt 0.399922 0.551987
vt 0.401945 0.580702
vt 0.399177 0.561336
vt 0.399211 0.571909
vt 0.398467 0.576843
vt 0.398628 0.566283
vt 0.198850 0.162537
vt 0.202052 0.164885
vt 0.200457 0.170686
vt 0.194951 0.170838
vt 0.184490 0.152900
vt 0.193494 0.149787
vt 0.190467 0.164657
vt 0.181629 0.165561
vt 0.168951 0.169379
vt 0.173816 0.155563
vt 0.165864 0.159053
vt 0.160479 0.170377
vt 0.159306 0.172883
vt 0.150993 0.174374
vt 0.152762 0.169237
vt 0.151797 0.161299
vt 0.159776 0.159134
vt 0.724857 0.499284
vt 0.718426 0.499461
vt 0.707673 0.502022
vt 0.709777 0.498732
vt 0.488912 0.151619
vt 0.487544 0.152724
vt 0.446466 0.129814
vt 0.448210 0.133483
vt 0.483323 0.155951
vt 0.442581 0.133161
vt 0.441801 0.137326
vt 0.439733 0.140528
vt 0.478013 0.163984
vt 0.444583 0.146867
vt 0.423677 0.172538
vt 0.421008 0.169308
vt 0.475061 0.201492
vt 0.423481 0.167832
vt 0.467651 0.193450
vt 0.624675 0.816965
vt 0.628865 0.785356
vt 0.627324 0.800508
vt 0.627832 0.785046
vt 0.618106 0.831132
vt 0.617578 0.803129
vt 0.607809 0.873680
vt 0.607706 0.841963
vt 0.611479 0.819961
vt 0.612936 0.818302
vt 0.610588 0.826520
vt 0.608699 0.833424
vt 0.624249 0.820344
vt 0.622889 0.827531
vt 0.620613 0.842475
vt 0.622495 0.834491
vt 0.624342 0.838417
vt 0.623942 0.840583
vt 0.606914 0.838711
vt 0.602973 0.856870
vt 0.605237 0.849424
vt 0.605416 0.867934
vt 0.593442 0.872497
vt 0.592070 0.867788
vt 0.197706 0.172901
vt 0.200741 0.174509
vt 0.194362 0.174639
vt 0.190967 0.172452
vt 0.459570 0.546753
vt 0.458920 0.553599
vt 0.459019 0.545469
vt 0.459586 0.579557
vt 0.458921 0.571909
vt 0.629969 0.789320
vt 0.628762 0.794902
vt 0.625522 0.811165
vt 0.372166 0.019823
vt 0.377720 0.028408
vt 0.375804 0.034468
vt 0.029452 0.230805
vt 0.030199 0.224644
vt 0.035260 0.224820
vt 0.027166 0.221511
vt 0.022884 0.225961
vt 0.024255 0.233126
vt 0.027721 0.233472
vt 0.021116 0.229164
vt 0.022663 0.219846
vt 0.018429 0.226709
vt 0.019992 0.234667
vt 0.023747 0.235911
vt 0.015097 0.239504
vt 0.011985 0.233376
vt 0.013392 0.221365
vt 0.577522 0.282302
vt 0.574728 0.267746
vt 0.576511 0.274737
vt 0.577030 0.286740
vt 0.577350 0.290131
vt 0.574682 0.295190
vt 0.576584 0.293131
vt 0.400717 0.542741
vt 0.399605 0.545588
vt 0.404189 0.543029
vt 0.568874 0.254358
vt 0.572225 0.255467
vt 0.573063 0.259888
vt 0.574370 0.262993
vt 0.799862 0.751999
vt 0.192276 0.142586
vt 0.186802 0.146137
vt 0.076382 0.013089
vt 0.073559 0.019882
vt 0.079435 0.010913
vt 0.069252 0.009133
vt 0.072914 0.006045
vt 0.064745 0.007456
vt 0.059174 0.014818
vt 0.061794 0.017747
vt 0.064651 0.023384
vt 0.069234 0.016268
vt 0.013412 0.239587
vt 0.013984 0.240306
vt 0.017419 0.214526
vt 0.020097 0.213894
vt 0.054123 0.366086
vt 0.054317 0.394465
vt 0.039778 0.374541
vt 0.037944 0.403245
vt 0.032265 0.383729
vt 0.049256 0.399337
vt 0.032063 0.404020
vt 0.035209 0.406178
vt 0.031304 0.418810
vt 0.032699 0.413557
vt 0.033211 0.408810
vt 0.425981 0.543550
vt 0.179539 0.984767
vt 0.195024 0.983501
vt 0.181702 0.990229
vt 0.198734 0.992672
vt 0.201643 0.992189
vt 0.202783 0.988556
vt 0.198536 0.978189
vt 0.214279 0.984156
vt 0.205095 0.976718
vt 0.193630 0.977547
vt 0.178091 0.977832
vt 0.224992 0.988185
vt 0.221574 0.990981
vt 0.214689 0.991824
vt 0.221703 0.980585
vt 0.214878 0.978585
vt 0.207949 0.990933
vt 0.161575 0.986249
vt 0.166531 0.979892
vt 0.168108 0.986425
vt 0.161655 0.995740
vt 0.152610 0.991845
vt 0.790395 0.977401
vt 0.785239 0.984620
vt 0.780091 0.967356
vt 0.774820 0.972871
vt 0.789821 0.961021
vt 0.213484 0.936648
vt 0.047726 0.361787
vt 0.037041 0.365357
vt 0.040856 0.359586
vt 0.398743 0.555508
vt 0.339001 0.554285
vt 0.342359 0.553056
vt 0.346512 0.543304
vt 0.975933 0.576376
vt 0.973784 0.574800
vt 0.970440 0.570712
vt 0.970223 0.557223
vt 0.965616 0.568918
vt 0.263464 0.926976
vt 0.242439 0.908668
vt 0.277477 0.922365
vt 0.505918 0.189293
vt 0.499349 0.203780
vt 0.377372 0.018796
vt 0.100572 0.978288
vt 0.097565 0.981540
vt 0.335075 0.557881
vt 0.337850 0.564235
vt 0.345617 0.561309
vt 0.541472 0.883297
vt 0.507608 0.842092
vt 0.557093 0.902845
vt 0.506022 0.836128
vt 0.509851 0.830345
vt 0.518690 0.840820
vt 0.513653 0.831165
vt 0.528647 0.852787
vt 0.524347 0.844629
vt 0.535601 0.825898
vt 0.535052 0.858128
vt 0.539317 0.034265
vt 0.548678 0.031404
vt 0.550117 0.033040
vt 0.546775 0.051698
vt 0.527784 0.033554
vt 0.537821 0.029868
vt 0.525594 0.031623
vt 0.528727 0.036178
vt 0.528555 0.052793
vt 0.525566 0.052174
vt 0.069799 0.665055
vt 0.068401 0.664912
vt 0.063711 0.660195
vt 0.057659 0.661352
vt 0.070002 0.663962
vt 0.070043 0.662682
vt 0.072422 0.665127
vt 0.066842 0.646357
vt 0.061032 0.646182
vt 0.052804 0.660212
vt 0.054577 0.648901
vt 0.046109 0.645390
vt 0.034669 0.646022
vt 0.041784 0.660713
vt 0.027464 0.646970
vt 0.031224 0.661738
vt 0.377924 0.731201
vt 0.381795 0.808580
vt 0.382523 0.730175
vt 0.389156 0.808540
vt 0.070417 0.645889
vt 0.074902 0.645182
vt 0.073717 0.659610
vt 0.175753 0.046142
vt 0.174987 0.037840
vt 0.177383 0.043673
vt 0.185761 0.026510
vt 0.184918 0.024728
vt 0.163671 0.036785
vt 0.175714 0.030307
vt 0.165119 0.039031
vt 0.184134 0.022484
vt 0.390009 0.731500
vt 0.388678 0.730109
vt 0.379722 0.652957
vt 0.400361 0.730440
vt 0.395961 0.678344
vt 0.384301 0.652128
vt 0.391160 0.667661
vt 0.434754 0.147269
vt 0.436634 0.145140
vt 0.483315 0.171959
vt 0.376819 0.652223
vt 0.752984 0.103483
vt 0.756215 0.086724
vt 0.760438 0.098001
vt 0.771155 0.094340
vt 0.790830 0.088120
vt 0.794947 0.094409
vt 0.772615 0.098881
vt 0.763105 0.108444
vt 0.768843 0.110971
vt 0.774757 0.102144
vt 0.489721 0.191438
vt 0.490705 0.206623
vt 0.489196 0.211984
vt 0.493363 0.217158
vt 0.490487 0.216891
vt 0.482477 0.050413
vt 0.490413 0.063761
vt 0.489008 0.063954
vt 0.203857 0.361176
vt 0.195307 0.370876
vt 0.188230 0.375358
vt 0.197399 0.359003
vt 0.204964 0.366846
vt 0.214781 0.375769
vt 0.205740 0.380204
vt 0.224278 0.366135
vt 0.197859 0.389356
vt 0.592742 0.642856
vt 0.577229 0.675814
vt 0.562442 0.695030
vt 0.024906 0.450354
vt 0.030216 0.462067
vt 0.013845 0.459325
vt 0.014178 0.448372
vt 0.017782 0.469658
vt 0.016551 0.467087
vt 0.022404 0.467672
vt 0.187138 0.385806
vt 0.196287 0.395527
vt 0.206696 0.390988
vt 0.201655 0.394829
vt 0.215228 0.387533
vt 0.226154 0.390570
vt 0.223608 0.377796
vt 0.231369 0.384571
vt 0.238608 0.392379
vt 0.239969 0.398405
vt 0.232814 0.396792
vt 0.248614 0.392651
vt 0.265156 0.382745
vt 0.256977 0.382582
vt 0.259916 0.372319
vt 0.252940 0.389513
vt 0.245918 0.375208
vt 0.246990 0.381109
vt 0.261730 0.361365
vt 0.266490 0.363807
vt 0.257747 0.356995
vt 0.248377 0.358913
vt 0.243760 0.364801
vt 0.213740 0.359786
vt 0.220084 0.359822
vt 0.239016 0.371892
vt 0.794986 0.100218
vt 0.788796 0.118595
vt 0.181299 0.375313
vt 0.183256 0.383704
vt 0.858306 0.502978
vt 0.843502 0.528761
vt 0.840907 0.495436
vt 0.152297 0.142867
vt 0.139317 0.140409
vt 0.146450 0.131895
vt 0.138352 0.148818
vt 0.156945 0.147841
vt 0.131384 0.143127
vt 0.126455 0.127913
vt 0.132722 0.130081
vt 0.125490 0.131636
vt 0.133691 0.126160
vt 0.142070 0.129650
vt 0.138647 0.136391
vt 0.163006 0.128557
vt 0.160141 0.135333
vt 0.150888 0.131697
vt 0.522070 0.041584
vt 0.091112 0.068656
vt 0.091757 0.069204
vt 0.094381 0.071924
vt 0.066496 0.067951
vt 0.169830 0.134754
vt 0.168498 0.144024
vt 0.175045 0.137446
vt 0.171273 0.127139
vt 0.903672 0.588202
vt 0.927243 0.589438
vt 0.916016 0.605296
vt 0.400701 0.760920
vt 0.398876 0.731407
vt 0.403628 0.759518
vt 0.407176 0.731263
vt 0.405801 0.729580
vt 0.405038 0.756202
vt 0.016979 0.900944
vt 0.014400 0.903490
vt 0.013743 0.890294
vt 0.006056 0.891827
vt 0.010300 0.883847
vt 0.014402 0.879067
vt 0.016239 0.887095
vt 0.019815 0.882678
vt 0.020422 0.890182
vt 0.023212 0.889030
vt 0.023469 0.890837
vt 0.021574 0.898241
vt 0.007033 0.513594
vt 0.004731 0.508948
vt 0.009171 0.509068
vt 0.854534 0.469951
vt 0.855801 0.468212
vt 0.882847 0.464736
vt 0.853278 0.466011
vt 0.849439 0.463776
vt 0.888992 0.457615
vt 0.867989 0.457765
vt 0.399862 0.582410
vt 0.334033 0.571974
vt 0.344075 0.568217
vt 0.335411 0.575696
vt 0.338016 0.595590
vt 0.399513 0.588512
vt 0.347032 0.595678
vt 0.339005 0.598851
vt 0.401335 0.597020
vt 0.401395 0.601916
vt 0.351630 0.607588
vt 0.402830 0.607878
vt 0.339184 0.607170
vt 0.405662 0.612126
vt 0.403024 0.614840
vt 0.404472 0.617319
vt 0.406595 0.611065
vt 0.934425 0.845958
vt 0.939892 0.846148
vt 0.938168 0.847769
vt 0.939490 0.850147
vt 0.941845 0.846809
vt 0.942237 0.859867
vt 0.951190 0.845083
vt 0.946839 0.846856
vt 0.944339 0.858611
vt 0.824877 0.801031
vt 0.832352 0.753635
vt 0.837660 0.755104
vt 0.827996 0.805978
vt 0.841710 0.755786
vt 0.844049 0.755277
vt 0.847659 0.754379
vt 0.847756 0.755967
vt 0.835100 0.800727
vt 0.855484 0.806521
vt 0.852017 0.796212
vt 0.855283 0.803488
vt 0.400541 0.692919
vt 0.403845 0.701441
vt 0.529835 0.007834
vt 0.532066 0.006199
vt 0.539200 0.012409
vt 0.529324 0.018708
vt 0.525697 0.016696
vt 0.523876 0.005226
vt 0.533932 0.002987
vt 0.234692 0.364685
vt 0.600649 0.071024
vt 0.610482 0.070743
vt 0.610310 0.092417
vt 0.606049 0.092634
vt 0.602312 0.091552
vt 0.594894 0.071603
vt 0.603327 0.092154
vt 0.605139 0.094565
vt 0.621481 0.072782
vt 0.614151 0.094459
vt 0.610011 0.105614
vt 0.607916 0.107874
vt 0.618232 0.095085
vt 0.618067 0.095759
vt 0.618628 0.093371
vt 0.630462 0.076578
vt 0.899605 0.535438
vt 0.901112 0.519885
vt 0.911089 0.509000
vt 0.907750 0.509433
vt 0.177070 0.127896
vt 0.006657 0.397460
vt 0.011925 0.401295
vt 0.004971 0.409967
vt 0.009730 0.412420
vt 0.013650 0.414813
vt 0.014781 0.407119
vt 0.020519 0.406973
vt 0.020198 0.398829
vt 0.521532 0.015448
vt 0.605496 0.109256
vt 0.611579 0.103625
vt 0.140450 0.032266
vt 0.134170 0.045423
vt 0.137947 0.030359
vt 0.143672 0.042628
vt 0.142304 0.030198
vt 0.851672 0.896013
vt 0.846670 0.849349
vt 0.851220 0.845215
vt 0.847023 0.898981
vt 0.856525 0.843487
vt 0.858924 0.896326
vt 0.844921 0.898214
vt 0.969423 0.381522
vt 0.979805 0.383556
vt 0.975975 0.387129
vt 0.972724 0.378753
vt 0.971484 0.374938
vt 0.979276 0.377911
vt 0.981468 0.382053
vt 0.945970 0.830778
vt 0.312535 0.262362
vt 0.305352 0.263161
vt 0.279769 0.256803
vt 0.281135 0.251608
vt 0.281356 0.249437
vt 0.343769 0.257357
vt 0.302768 0.250192
vt 0.347036 0.252798
vt 0.347817 0.246015
vt 0.347018 0.248940
vt 0.348537 0.245288
vt 0.348059 0.241037
vt 0.283606 0.233084
vt 0.282971 0.237379
vt 0.282078 0.240984
vt 0.410406 0.731546
vt 0.864659 0.898262
vt 0.861747 0.898751
vt 0.863712 0.865809
vt 0.880044 0.855526
vt 0.878623 0.887972
vt 0.872444 0.895709
vt 0.293001 0.263328
vt 0.956248 0.827619
vt 0.955638 0.844568
vt 0.490659 0.744213
vt 0.492871 0.728838
vt 0.530931 0.752747
vt 0.613428 0.504293
vt 0.616220 0.512198
vt 0.605864 0.511225
vt 0.726457 0.154607
vt 0.712849 0.166248
vt 0.710382 0.163177
vt 0.714755 0.168500
vt 0.728103 0.157485
vt 0.837630 0.799030
vt 0.619640 0.860134
vt 0.621454 0.852546
vt 0.617117 0.863178
vt 0.622915 0.858247
vt 0.624947 0.856630
vt 0.342519 0.590299
vt 0.488751 0.614584
vt 0.570312 0.613401
vt 0.489189 0.621302
vt 0.560551 0.607198
vt 0.488393 0.607554
vt 0.487564 0.594444
vt 0.557557 0.595341
vt 0.488148 0.604008
vt 0.509910 0.584502
vt 0.564365 0.579595
vt 0.530184 0.682360
vt 0.489957 0.677645
vt 0.537525 0.681786
vt 0.307440 0.179277
vt 0.287312 0.163538
vt 0.313119 0.177746
vt 0.284645 0.169628
vt 0.313405 0.174076
vt 0.288915 0.160137
vt 0.292537 0.150798
vt 0.292041 0.150136
vt 0.293592 0.145625
vt 0.292892 0.141827
vt 0.292543 0.141988
vt 0.292485 0.139449
vt 0.291230 0.136140
vt 0.214234 0.343939
vt 0.210385 0.344738
vt 0.223797 0.338816
vt 0.255983 0.326803
vt 0.240769 0.345182
vt 0.228964 0.330058
vt 0.850208 0.751653
vt 0.281503 0.244884
vt 0.281002 0.247631
vt 0.906077 0.108944
vt 0.906075 0.105526
vt 0.907054 0.104061
vt 0.886909 0.111015
vt 0.905833 0.110653
vt 0.898857 0.117802
vt 0.906810 0.113095
vt 0.080742 0.353458
vt 0.101800 0.340805
vt 0.150683 0.334977
vt 0.594370 0.506849
vt 0.589958 0.505715
vt 0.590658 0.503857
vt 0.599352 0.509574
vt 0.665683 0.235148
vt 0.712094 0.245869
vt 0.662513 0.237564
vt 0.658047 0.240667
vt 0.711377 0.249025
vt 0.708906 0.250097
vt 0.654850 0.243196
vt 0.654972 0.237811
vt 0.653562 0.238437
vt 0.654126 0.240959
vt 0.652712 0.247891
vt 0.654424 0.246434
vt 0.654850 0.244321
vt 0.653919 0.246030
vt 0.609528 0.513035
vt 0.613622 0.514464
vt 0.606282 0.486306
vt 0.874344 0.672310
vt 0.875857 0.673371
vt 0.872314 0.674280
vt 0.869448 0.673616
vt 0.871089 0.673596
vt 0.872226 0.715729
vt 0.855042 0.689126
vt 0.861484 0.685706
vt 0.861455 0.720784
vt 0.722943 0.180332
vt 0.739281 0.176411
vt 0.724096 0.184015
vt 0.720722 0.178009
vt 0.721468 0.180871
vt 0.290914 0.155437
vt 0.316888 0.170422
vt 0.404260 0.182194
vt 0.371717 0.186709
vt 0.400379 0.181516
vt 0.393456 0.181501
vt 0.366214 0.185716
vt 0.566415 0.598948
vt 0.549375 0.602710
vt 0.579638 0.482545
vt 0.571425 0.484806
vt 0.550002 0.479776
vt 0.442589 0.850859
vt 0.446728 0.853017
vt 0.437159 0.850299
vt 0.451555 0.853706
vt 0.455025 0.855709
vt 0.460143 0.856436
vt 0.466169 0.859024
vt 0.336664 0.614404
vt 0.343404 0.610550
vt 0.335735 0.612488
vt 0.978176 0.161849
vt 0.964954 0.163742
vt 0.974008 0.158781
vt 0.980520 0.161196
vt 0.978567 0.159487
vt 0.962658 0.161949
vt 0.960660 0.147265
vt 0.969537 0.142216
vt 0.273148 0.611093
vt 0.184882 0.632906
vt 0.272996 0.607424
vt 0.271239 0.600861
vt 0.194073 0.608862
vt 0.270146 0.594236
vt 0.269264 0.587144
vt 0.184837 0.596792
vt 0.268593 0.581273
vt 0.186696 0.585519
vt 0.268117 0.576502
vt 0.267538 0.567480
vt 0.192935 0.569146
vt 0.267524 0.563200
vt 0.267945 0.556883
vt 0.270077 0.558839
vt 0.268096 0.572086
vt 0.273585 0.568544
vt 0.274388 0.589678
vt 0.980221 0.520233
vt 0.982567 0.527854
vt 0.978520 0.521614
vt 0.981389 0.514352
vt 0.984254 0.527330
vt 0.975048 0.512958
vt 0.252047 0.057509
vt 0.242680 0.048486
vt 0.247867 0.048092
vt 0.242880 0.063484
vt 0.245377 0.058364
vt 0.250677 0.059946
vt 0.245184 0.065850
vt 0.285606 0.010637
vt 0.282756 0.010254
vt 0.283629 0.010102
vt 0.289053 0.010504
vt 0.288982 0.009245
vt 0.292641 0.009239
vt 0.297965 0.023502
vt 0.429188 0.847860
vt 0.433999 0.848260
vt 0.435837 0.857027
vt 0.383917 0.856116
vt 0.427073 0.861175
vt 0.388082 0.857857
vt 0.418921 0.861082
vt 0.417539 0.863181
vt 0.412720 0.872310
vt 0.384670 0.868385
vt 0.383083 0.869309
vt 0.407063 0.873335
vt 0.380500 0.873726
vt 0.296744 0.230702
vt 0.334089 0.233827
vt 0.334485 0.232737
vt 0.328861 0.231621
vt 0.335187 0.232249
vt 0.334670 0.232236
vt 0.310850 0.227616
vt 0.329882 0.229619
vt 0.348804 0.237490
vt 0.337432 0.233536
vt 0.530046 0.567961
vt 0.560638 0.568339
vt 0.538388 0.573712
vt 0.572473 0.561087
vt 0.420164 0.845677
vt 0.409732 0.843601
vt 0.393363 0.847225
vt 0.400435 0.842211
vt 0.581562 0.476075
vt 0.581348 0.467799
vt 0.536185 0.470298
vt 0.535145 0.467834
vt 0.551291 0.474001
vt 0.586389 0.472130
vt 0.405418 0.842075
vt 0.415580 0.843775
vt 0.425476 0.846108
vt 0.725952 0.194151
vt 0.725339 0.190023
vt 0.726380 0.190698
vt 0.742271 0.197609
vt 0.725984 0.196298
vt 0.236356 0.643332
vt 0.275727 0.622898
vt 0.277243 0.628740
vt 0.188695 0.634422
vt 0.274006 0.614992
vt 0.362385 0.204304
vt 0.413249 0.183417
vt 0.379975 0.181832
vt 0.376267 0.179362
vt 0.373380 0.171451
vt 0.995730 0.003843
vt 0.994431 0.004371
vt 0.994920 0.003463
vt 0.994676 0.003951
vt 0.995653 0.003219
vt 0.995667 0.003219
vt 0.994685 0.002481
vt 0.993947 0.003205
vt 0.996940 0.002690
vt 0.997117 0.003219
vt 0.998093 0.003219
vt 0.761246 0.178289
vt 0.772087 0.183730
vt 0.760061 0.180334
vt 0.777296 0.183456
vt 0.776470 0.188606
vt 0.757375 0.184950
vt 0.805717 0.214239
vt 0.774552 0.183967
vt 0.774277 0.184148
vt 0.773554 0.183908
vt 0.773301 0.183903
vt 0.997117 0.203894
vt 0.996873 0.203925
vt 0.996571 0.203674
vt 0.997397 0.203717
vt 0.997647 0.202658
vt 0.999030 0.204074
vt 0.998093 0.204169
vt 0.020576 0.637077
vt 0.025523 0.634312
vt 0.021465 0.636999
vt 0.019374 0.637531
vt 0.008855 0.642687
vt 0.016189 0.639966
vt 0.016669 0.640253
vt 0.012870 0.642916
vt 0.962351 0.515877
vt 0.968103 0.513634
vt 0.958309 0.515728
vt 0.131180 0.528787
vt 0.131935 0.533558
vt 0.131453 0.537999
vt 0.186520 0.507338
vt 0.194359 0.508336
vt 0.207459 0.510811
vt 0.207125 0.516838
vt 0.123381 0.522932
vt 0.168745 0.507684
vt 0.176472 0.507027
vt 0.154670 0.509031
vt 0.144781 0.510255
vt 0.159728 0.507460
vt 0.180783 0.506212
vt 0.190804 0.506958
vt 0.201060 0.508561
vt 0.800492 0.218362
vt 0.755494 0.187924
vt 0.178906 0.086292
vt 0.165951 0.095485
vt 0.145178 0.087489
vt 0.294339 0.008147
vt 0.297105 0.006949
vt 0.299063 0.016808
vt 0.296103 0.006247
vt 0.298165 0.004352
vt 0.300193 0.004302
vt 0.786577 0.194308
vt 0.799013 0.204201
vt 0.922952 0.869198
vt 0.924888 0.877301
vt 0.924385 0.876595
vt 0.922985 0.872608
vt 0.923483 0.875735
vt 0.933211 0.896428
vt 0.933130 0.901816
vt 0.932721 0.891078
vt 0.934796 0.888416
vt 0.934159 0.883008
vt 0.934271 0.885144
vt 0.687616 0.008857
vt 0.688505 0.022334
vt 0.681913 0.010586
vt 0.673857 0.009937
vt 0.678952 0.022942
vt 0.673373 0.022208
vt 0.670888 0.022686
vt 0.670254 0.009590
vt 0.668892 0.023685
vt 0.603948 0.456794
vt 0.534856 0.464100
vt 0.534295 0.459320
vt 0.603882 0.449948
vt 0.534281 0.452470
vt 0.995103 0.992561
vt 0.996192 0.995530
vt 0.990966 0.996827
vt 0.985093 0.997868
vt 0.987993 0.993633
vt 0.942052 0.528699
vt 0.948623 0.528940
vt 0.946416 0.529996
vt 0.931654 0.541543
vt 0.932919 0.544194
vt 0.929264 0.542587
vt 0.955201 0.563096
vt 0.931686 0.564676
vt 0.931036 0.560164
vt 0.340788 0.496975
vt 0.402108 0.496196
vt 0.341477 0.499511
vt 0.410228 0.501574
vt 0.410731 0.505513
vt 0.346376 0.502934
vt 0.344239 0.495966
vt 0.352049 0.494587
vt 0.371515 0.494673
vt 0.343824 0.504242
vt 0.339734 0.506327
vt 0.341243 0.509403
vt 0.338849 0.507830
vt 0.410064 0.508387
vt 0.342464 0.510315
vt 0.342920 0.511277
vt 0.410674 0.511174
vt 0.338734 0.520295
vt 0.341625 0.517554
vt 0.410391 0.514471
vt 0.342555 0.515652
vt 0.410823 0.517167
vt 0.338873 0.522502
vt 0.410898 0.520195
vt 0.725467 0.203463
vt 0.725943 0.203617
vt 0.725218 0.205634
vt 0.725218 0.206611
vt 0.591594 0.463475
vt 0.602855 0.444281
vt 0.532888 0.453604
vt 0.532697 0.441081
vt 0.532184 0.437578
vt 0.600579 0.427487
vt 0.601334 0.433882
vt 0.602620 0.440067
vt 0.532970 0.446446
vt 0.219830 0.344743
vt 0.145016 0.564556
vt 0.145659 0.559590
vt 0.145208 0.567941
vt 0.160486 0.570438
vt 0.148639 0.571315
vt 0.169765 0.571496
vt 0.175806 0.572354
vt 0.172386 0.571130
vt 0.177292 0.553863
vt 0.170713 0.546005
vt 0.416740 0.499482
vt 0.424720 0.498645
vt 0.425793 0.519062
vt 0.412291 0.498598
vt 0.436810 0.498129
vt 0.757783 0.214560
vt 0.773247 0.220665
vt 0.771542 0.223260
vt 0.750732 0.214453
vt 0.746828 0.217279
vt 0.768758 0.229313
vt 0.771905 0.224780
vt 0.766622 0.231805
vt 0.744056 0.220502
vt 0.712595 0.217560
vt 0.764578 0.235784
vt 0.762490 0.240800
vt 0.506773 0.459378
vt 0.507380 0.457654
vt 0.521592 0.465244
vt 0.512021 0.468332
vt 0.528367 0.462033
vt 0.531148 0.446851
vt 0.535065 0.561749
vt 0.015187 0.348851
vt 0.006590 0.346099
vt 0.013783 0.346680
vt 0.010815 0.344163
vt 0.963795 0.126349
vt 0.961862 0.125902
vt 0.959182 0.119970
vt 0.963580 0.123084
vt 0.948114 0.129738
vt 0.945799 0.123663
vt 0.943353 0.116304
vt 0.956662 0.115525
vt 0.941185 0.118718
vt 0.961744 0.118625
vt 0.943334 0.121884
vt 0.955918 0.110702
vt 0.940564 0.117818
vt 0.938729 0.118988
vt 0.008049 0.340370
vt 0.008861 0.339443
vt 0.009347 0.338950
vt 0.011899 0.342172
vt 0.249568 0.343008
vt 0.146929 0.552641
vt 0.011918 0.690788
vt 0.012873 0.689380
vt 0.012872 0.694149
vt 0.006101 0.696905
vt 0.011055 0.697145
vt 0.007843 0.689086
vt 0.925383 0.973739
vt 0.924064 0.972573
vt 0.923165 0.970683
vt 0.910464 0.985832
vt 0.916942 0.978848
vt 0.922993 0.980828
vt 0.922142 0.982272
vt 0.929235 0.985257
vt 0.923563 0.982939
vt 0.016425 0.565538
vt 0.015041 0.565943
vt 0.017283 0.564218
vt 0.006508 0.555946
vt 0.012410 0.559452
vt 0.005755 0.558271
vt 0.007818 0.563545
vt 0.014645 0.566955
vt 0.014958 0.567879
vt 0.015558 0.568933
vt 0.010141 0.571641
vt 0.005331 0.571120
vt 0.587879 0.216515
vt 0.601362 0.190694
vt 0.603082 0.199117
vt 0.611524 0.211624
vt 0.598200 0.234308
vt 0.960450 0.100353
vt 0.958938 0.104759
vt 0.956090 0.095702
vt 0.955233 0.103352
vt 0.957402 0.093180
vt 0.942102 0.110247
vt 0.008944 0.187942
vt 0.005375 0.186510
vt 0.012581 0.188115
vt 0.010788 0.190173
vt 0.011397 0.196371
vt 0.013590 0.189497
vt 0.987317 0.670775
vt 0.989833 0.670722
vt 0.986867 0.670776
vt 0.986134 0.670775
vt 0.986378 0.670531
vt 0.002287 0.094294
vt 0.002417 0.095337
vt 0.001536 0.094538
vt 0.001753 0.093765
vt 0.004322 0.093737
vt 0.003909 0.094543
vt 0.909727 0.984055
vt 0.894996 0.993446
vt 0.413351 0.518354
vt 0.412816 0.498518
vt 0.414718 0.518780
vt 0.413291 0.521846
vt 0.552839 0.994076
vt 0.561032 0.993570
vt 0.554921 0.995697
vt 0.570309 0.983967
vt 0.601404 0.957333
vt 0.601295 0.960689
vt 0.584634 0.976472
vt 0.560083 0.994536
vt 0.562680 0.993735
vt 0.354994 0.059339
vt 0.350216 0.064109
vt 0.345913 0.040942
vt 0.347207 0.067150
vt 0.360247 0.062845
vt 0.355607 0.067095
vt 0.359288 0.043593
vt 0.351217 0.038340
vt 0.357372 0.041562
vt 0.362145 0.043350
vt 0.363718 0.043685
vt 0.366935 0.052168
vt 0.362916 0.064684
vt 0.039744 0.253612
vt 0.026676 0.258306
vt 0.046335 0.238037
vt 0.027524 0.262853
vt 0.033319 0.266572
vt 0.027762 0.268948
vt 0.029489 0.270698
vt 0.046446 0.251949
vt 0.051696 0.236388
vt 0.053240 0.239124
vt 0.053023 0.250277
vt 0.052264 0.254280
vt 0.044279 0.276166
vt 0.029660 0.278471
vt 0.032255 0.280069
vt 0.039856 0.278884
vt 0.026542 0.283608
vt 0.022597 0.289378
vt 0.022527 0.291338
vt 0.398690 0.218308
vt 0.387541 0.215896
vt 0.405625 0.218040
vt 0.411908 0.220766
vt 0.411436 0.227968
vt 0.425387 0.240101
vt 0.425233 0.242699
vt 0.417548 0.243867
vt 0.416403 0.231412
vt 0.413320 0.241175
vt 0.412339 0.246639
vt 0.403699 0.249191
vt 0.401695 0.220858
vt 0.373476 0.219216
vt 0.382053 0.215507
vt 0.367111 0.229194
vt 0.368218 0.248712
vt 0.363537 0.239659
vt 0.359080 0.222926
vt 0.360158 0.227052
vt 0.364833 0.221843
vt 0.602822 0.435121
vt 0.601960 0.431734
vt 0.584556 0.421502
vt 0.530349 0.429639
vt 0.567067 0.164774
vt 0.567709 0.162814
vt 0.575852 0.165655
vt 0.579551 0.159117
vt 0.577239 0.151861
vt 0.576673 0.145846
vt 0.567284 0.146907
vt 0.570518 0.144406
vt 0.578373 0.173023
vt 0.578194 0.177453
vt 0.564467 0.174089
vt 0.557248 0.174214
vt 0.561323 0.180837
vt 0.561117 0.165182
vt 0.235926 0.455193
vt 0.227848 0.449019
vt 0.243805 0.455717
vt 0.246021 0.451130
vt 0.223581 0.454586
vt 0.216226 0.453055
vt 0.222501 0.430909
vt 0.242411 0.417519
vt 0.259769 0.417344
vt 0.265757 0.444155
vt 0.256897 0.449035
vt 0.698539 0.991037
vt 0.696755 0.989478
vt 0.696576 0.985696
vt 0.691847 0.985017
vt 0.690969 0.975601
vt 0.694067 0.978005
vt 0.696649 0.972506
vt 0.695929 0.976229
vt 0.695982 0.969930
vt 0.691425 0.968416
vt 0.689932 0.970969
vt 0.688697 0.975473
vt 0.954411 0.493456
vt 0.959778 0.482642
vt 0.960936 0.501851
vt 0.955460 0.483715
vt 0.950673 0.475236
vt 0.950246 0.476590
vt 0.951288 0.479426
vt 0.957968 0.475643
vt 0.961514 0.480220
vt 0.954694 0.475390
vt 0.961706 0.477418
vt 0.268513 0.422896
vt 0.642247 0.152668
vt 0.641486 0.150690
vt 0.645348 0.151052
vt 0.654204 0.149012
vt 0.644990 0.155739
vt 0.670672 0.134323
vt 0.681916 0.136775
vt 0.667860 0.134863
vt 0.668047 0.151239
vt 0.678456 0.143224
vt 0.677669 0.158523
vt 0.686283 0.137503
vt 0.954673 0.986503
vt 0.945267 0.990211
vt 0.944650 0.988271
vt 0.956537 0.988710
vt 0.953034 0.996171
vt 0.963285 0.980116
vt 0.967214 0.981953
vt 0.966878 0.989859
vt 0.959989 0.993747
vt 0.968822 0.976996
vt 0.955307 0.983851
vt 0.953850 0.980437
vt 0.960767 0.975339
vt 0.952245 0.975360
vt 0.966456 0.974762
vt 0.972519 0.978993
vt 0.973172 0.983901
vt 0.944926 0.993280
vt 0.346249 0.061756
vt 0.345411 0.046315
vt 0.661204 0.159723
vt 0.657222 0.155657
vt 0.674909 0.170159
vt 0.661206 0.170247
vt 0.690543 0.171498
vt 0.685015 0.174037
vt 0.942596 0.978737
vt 0.941741 0.985288
vt 0.957479 0.970144
vt 0.574892 0.185588
vt 0.569259 0.191062
vt 0.562252 0.185056
vt 0.568629 0.195697
vt 0.557338 0.194819
vt 0.560167 0.190866
vt 0.550460 0.218576
vt 0.563488 0.239268
vt 0.561700 0.240136
vt 0.563597 0.235261
vt 0.568855 0.212544
vt 0.571503 0.212847
vt 0.591465 0.235549
vt 0.572613 0.238387
vt 0.574003 0.210883
vt 0.525064 0.447275
vt 0.529715 0.445815
vt 0.890049 0.898610
vt 0.890323 0.899315
vt 0.888271 0.902573
vt 0.888605 0.909424
vt 0.884542 0.905660
vt 0.644493 0.161545
vt 0.650853 0.170731
vt 0.645089 0.173046
vt 0.644385 0.156563
vt 0.663592 0.141606
vt 0.974869 0.226362
vt 0.966468 0.226807
vt 0.969655 0.222213
vt 0.974996 0.228659
vt 0.968490 0.232753
vt 0.968169 0.228856
vt 0.967390 0.239651
vt 0.971970 0.240406
vt 0.958246 0.229504
vt 0.957169 0.240440
vt 0.953991 0.233172
vt 0.962486 0.244832
vt 0.952207 0.245190
vt 0.948459 0.242651
vt 0.945699 0.217994
vt 0.956194 0.216736
vt 0.945032 0.223717
vt 0.955533 0.226627
vt 0.945055 0.227500
vt 0.946048 0.230067
vt 0.941743 0.232427
vt 0.967256 0.215773
vt 0.959752 0.212096
vt 0.957021 0.212729
vt 0.211416 0.444430
vt 0.213782 0.432815
vt 0.211475 0.431886
vt 0.654754 0.794988
vt 0.660950 0.794870
vt 0.659660 0.878489
vt 0.877948 0.012552
vt 0.868787 0.015373
vt 0.868893 0.010507
vt 0.877023 0.016351
vt 0.423953 0.229714
vt 0.631178 0.616269
vt 0.626453 0.614681
vt 0.628571 0.609740
vt 0.626697 0.617418
vt 0.643905 0.625584
vt 0.647513 0.624348
vt 0.647719 0.627113
vt 0.652792 0.632594
vt 0.657017 0.631121
vt 0.655014 0.631466
vt 0.652778 0.622767
vt 0.649948 0.622705
vt 0.653728 0.631928
vt 0.655338 0.622224
vt 0.651644 0.603909
vt 0.654974 0.605912
vt 0.654680 0.603140
vt 0.644116 0.585194
vt 0.652705 0.585901
vt 0.650213 0.596474
vt 0.642777 0.595269
vt 0.642452 0.603900
vt 0.632894 0.601790
vt 0.633938 0.612184
vt 0.636796 0.608215
vt 0.394717 0.252831
vt 0.359831 0.251112
vt 0.385998 0.258588
vt 0.358858 0.242572
vt 0.361936 0.240857
vt 0.895585 0.634535
vt 0.911074 0.639402
vt 0.883344 0.653639
vt 0.910383 0.659779
vt 0.911013 0.670204
vt 0.234269 0.028988
vt 0.232662 0.020960
vt 0.238045 0.031542
vt 0.230440 0.023361
vt 0.188537 0.443051
vt 0.194430 0.432755
vt 0.195645 0.445657
vt 0.184632 0.441092
vt 0.186711 0.441287
vt 0.183602 0.442050
vt 0.184837 0.439059
vt 0.179708 0.439779
vt 0.438185 0.015982
vt 0.436760 0.016689
vt 0.436940 0.012757
vt 0.435257 0.011032
vt 0.428559 0.015828
vt 0.429963 0.008743
vt 0.429628 0.019528
vt 0.426200 0.005703
vt 0.056793 0.440158
vt 0.040087 0.468163
vt 0.043011 0.453349
vt 0.065147 0.440486
vt 0.064431 0.443608
vt 0.064124 0.425558
vt 0.060529 0.425035
vt 0.060339 0.420362
vt 0.055510 0.425178
vt 0.050259 0.426005
vt 0.051211 0.421485
vt 0.046996 0.422998
vt 0.051347 0.434851
vt 0.051452 0.440169
vt 0.033962 0.437822
vt 0.039903 0.431119
vt 0.034432 0.433523
vt 0.722467 0.233129
vt 0.708778 0.220780
vt 0.337058 0.524011
vt 0.946863 0.971424
vt 0.943214 0.971103
vt 0.629214 0.218211
vt 0.632077 0.210803
vt 0.631035 0.218005
vt 0.634205 0.217306
vt 0.634003 0.220075
vt 0.172681 0.506407
vt 0.514067 0.632265
vt 0.516569 0.628247
vt 0.515829 0.631962
vt 0.515424 0.634734
vt 0.516941 0.631727
vt 0.518913 0.629897
vt 0.516949 0.633432
vt 0.658191 0.014680
vt 0.656681 0.020628
vt 0.656216 0.017927
vt 0.656519 0.012960
vt 0.656825 0.008878
vt 0.652369 0.009864
vt 0.701044 0.418107
vt 0.699710 0.416809
vt 0.706943 0.416167
vt 0.696981 0.419341
vt 0.697393 0.417817
vt 0.701831 0.361723
vt 0.705445 0.344442
vt 0.710339 0.345331
vt 0.713275 0.415742
vt 0.713359 0.417134
vt 0.715216 0.344990
vt 0.720166 0.415278
vt 0.453818 0.276381
vt 0.455439 0.276777
vt 0.452205 0.284945
vt 0.454739 0.323887
vt 0.458056 0.276481
vt 0.463225 0.277676
vt 0.456474 0.346391
vt 0.469371 0.278296
vt 0.462155 0.345325
vt 0.466353 0.349150
vt 0.477103 0.279013
vt 0.472768 0.350251
vt 0.476994 0.338461
vt 0.477340 0.351035
vt 0.475743 0.351494
vt 0.840759 0.081744
vt 0.837976 0.084210
vt 0.804060 0.083748
vt 0.821875 0.087955
vt 0.642266 0.556866
vt 0.644294 0.551921
vt 0.644987 0.561940
vt 0.643324 0.552274
vt 0.641763 0.551892
vt 0.641534 0.554366
vt 0.646583 0.554160
vt 0.649728 0.550174
vt 0.651069 0.548554
vt 0.648897 0.554292
vt 0.653201 0.554134
vt 0.874424 0.909703
vt 0.880152 0.907593
vt 0.888008 0.941448
vt 0.764565 0.300414
vt 0.722709 0.301468
vt 0.728757 0.296672
vt 0.720314 0.311233
vt 0.790963 0.312432
vt 0.776430 0.312936
vt 0.779907 0.294847
vt 0.865246 0.013151
vt 0.865693 0.010090
vt 0.284216 0.125692
vt 0.288800 0.122322
vt 0.288262 0.124147
vt 0.279007 0.129182
vt 0.288735 0.120675
vt 0.276038 0.133114
vt 0.270231 0.135903
vt 0.262486 0.110200
vt 0.236151 0.124841
vt 0.259847 0.110426
vt 0.264087 0.136553
vt 0.246228 0.126966
vt 0.202843 0.444049
vt 0.786847 0.332090
vt 0.724778 0.332256
vt 0.779215 0.327565
vt 0.726746 0.326147
vt 0.787982 0.322418
vt 0.724448 0.323336
vt 0.774535 0.320772
vt 0.723835 0.335343
vt 0.788677 0.334555
vt 0.778251 0.326530
vt 0.788958 0.325841
vt 0.789719 0.324676
vt 0.463359 0.276182
vt 0.188817 0.107655
vt 0.189480 0.115677
vt 0.186891 0.114062
vt 0.188477 0.118005
vt 0.210099 0.117949
vt 0.191381 0.120712
vt 0.189358 0.124550
vt 0.210885 0.125579
vt 0.190098 0.128253
vt 0.640134 0.569433
vt 0.639708 0.563923
vt 0.652007 0.562281
vt 0.653334 0.561080
vt 0.274310 0.579619
vt 0.286325 0.579927
vt 0.287467 0.591735
vt 0.288463 0.558486
vt 0.278881 0.608316
vt 0.274439 0.618566
vt 0.279734 0.629239
vt 0.282094 0.628906
vt 0.288738 0.631406
vt 0.287916 0.633293
vt 0.637107 0.585560
vt 0.637697 0.582878
vt 0.646527 0.582422
vt 0.637226 0.580047
vt 0.645960 0.578659
vt 0.637541 0.575548
vt 0.655451 0.577668
vt 0.650550 0.570591
vt 0.657066 0.564781
vt 0.655453 0.582417
vt 0.655413 0.584095
vt 0.044206 0.859571
vt 0.036927 0.856831
vt 0.046852 0.853335
vt 0.041700 0.846898
vt 0.030891 0.846100
vt 0.025339 0.846439
vt 0.032808 0.802403
vt 0.028101 0.811906
vt 0.033492 0.821207
vt 0.035466 0.798032
vt 0.042923 0.822255
vt 0.045747 0.798754
vt 0.047290 0.798846
vt 0.059987 0.799491
vt 0.058994 0.807787
vt 0.060525 0.804897
vt 0.059805 0.811787
vt 0.058154 0.816261
vt 0.056486 0.834066
vt 0.057487 0.825200
vt 0.058855 0.822010
vt 0.058189 0.829087
vt 0.054977 0.847361
vt 0.053630 0.848583
vt 0.054725 0.842806
vt 0.040149 0.846154
vt 0.052167 0.803791
vt 0.056929 0.838993
vt 0.697530 0.384325
vt 0.699134 0.377869
vt 0.878409 0.051068
vt 0.876058 0.035251
vt 0.885754 0.049261
vt 0.886483 0.033917
vt 0.888064 0.030064
vt 0.868733 0.034185
vt 0.872541 0.050511
vt 0.874322 0.052712
vt 0.873019 0.053403
vt 0.872326 0.053410
vt 0.867209 0.049083
vt 0.871364 0.053689
vt 0.863572 0.052827
vt 0.864879 0.050933
vt 0.863071 0.051852
vt 0.863236 0.051242
vt 0.866193 0.034058
vt 0.859456 0.047706
vt 0.859459 0.051018
vt 0.862216 0.032349
vt 0.967071 0.698923
vt 0.968481 0.699686
vt 0.944395 0.717105
vt 0.964704 0.697956
vt 0.962142 0.723930
vt 0.950027 0.718640
vt 0.513843 0.634178
vt 0.508395 0.635149
vt 0.513213 0.634179
vt 0.591885 0.096956
vt 0.590270 0.097838
vt 0.587579 0.095163
vt 0.245897 0.417637
vt 0.237474 0.418956
vt 0.234544 0.416645
vt 0.136073 0.512785
vt 0.128921 0.515169
vt 0.127979 0.981964
vt 0.129202 0.982411
vt 0.130922 0.986130
vt 0.124900 0.997971
vt 0.125394 0.989445
vt 0.132100 0.998659
vt 0.113137 0.993257
vt 0.119652 0.999161
vt 0.121402 0.983132
vt 0.113191 0.985471
vt 0.030051 0.989961
vt 0.021842 0.990878
vt 0.016561 0.982875
vt 0.033336 0.981006
vt 0.038725 0.984840
vt 0.028352 0.977027
vt 0.017427 0.976701
vt 0.841354 0.670749
vt 0.841263 0.676718
vt 0.836958 0.670139
vt 0.827805 0.667502
vt 0.832373 0.662356
vt 0.841092 0.663590
vt 0.019449 0.973000
vt 0.275828 0.112905
vt 0.268969 0.142726
vt 0.958837 0.859898
vt 0.979590 0.850465
vt 0.977339 0.860515
vt 0.958153 0.862592
vt 0.955979 0.857703
vt 0.978023 0.849589
vt 0.955366 0.859716
vt 0.975893 0.865282
vt 0.956117 0.865621
vt 0.960042 0.869142
vt 0.980905 0.869488
vt 0.961907 0.870236
vt 0.790007 0.326674
vt 0.631811 0.168249
vt 0.623347 0.195763
vt 0.628965 0.167593
vt 0.618399 0.197076
vt 0.621923 0.187612
vt 0.622481 0.183976
vt 0.620004 0.192218
vt 0.625479 0.175344
vt 0.617744 0.195772
vt 0.981370 0.688432
vt 0.963748 0.688049
vt 0.962293 0.685319
vt 0.976898 0.680887
vt 0.985140 0.685423
vt 0.967335 0.680826
vt 0.972272 0.676982
vt 0.154789 0.185689
vt 0.142231 0.186040
vt 0.149871 0.184628
vt 0.158378 0.198693
vt 0.160808 0.189606
vt 0.173541 0.196153
vt 0.177584 0.186336
vt 0.877936 0.590338
vt 0.877812 0.592740
vt 0.876597 0.595399
vt 0.998850 0.704817
vt 0.997457 0.705491
vt 0.999316 0.700352
vt 0.999558 0.701295
vt 0.993269 0.699336
vt 0.995054 0.710331
vt 0.991283 0.709333
vt 0.995360 0.719775
vt 0.998582 0.720783
vt 0.998948 0.719341
vt 0.164389 0.205399
vt 0.180801 0.204808
vt 0.183530 0.197217
vt 0.471868 0.277663
vt 0.476518 0.277763
vt 0.482157 0.279520
vt 0.956625 0.867545
vt 0.074054 0.976932
vt 0.073786 0.988427
vt 0.068623 0.988367
vt 0.065508 0.991675
vt 0.074831 0.994372
vt 0.194997 0.189214
vt 0.202133 0.190712
vt 0.200584 0.192433
vt 0.961221 0.686295
vt 0.961979 0.683469
vt 0.407873 0.005698
vt 0.408312 0.018388
vt 0.406267 0.005974
vt 0.404807 0.008781
vt 0.405101 0.018386
vt 0.414485 0.019478
vt 0.412416 0.018780
vt 0.415182 0.007703
vt 0.414186 0.005130
vt 0.984913 0.702524
vt 0.985917 0.703709
vt 0.984443 0.704855
vt 0.988804 0.701592
vt 0.987658 0.703166
vt 0.988064 0.699067
vt 0.846407 0.035895
vt 0.846523 0.037159
vt 0.844327 0.033498
vt 0.842966 0.031844
vt 0.844755 0.031582
vt 0.845933 0.033047
vt 0.845303 0.032274
vt 0.844820 0.030372
vt 0.842862 0.031786
vt 0.842130 0.032763
vt 0.837441 0.030363
vt 0.837414 0.029760
vt 0.833478 0.030212
vt 0.878193 0.584830
vt 0.877251 0.575691
vt 0.879874 0.578443
vt 0.858504 0.556409
vt 0.874270 0.569276
vt 0.852011 0.580504
vt 0.727320 0.415128
vt 0.724552 0.345492
vt 0.720196 0.344841
vt 0.729958 0.345326
vt 0.734122 0.345038
vt 0.735577 0.415495
vt 0.731378 0.415422
vt 0.949605 0.705733
vt 0.952187 0.706809
vt 0.937433 0.712465
vt 0.992853 0.882481
vt 0.986167 0.881392
vt 0.993684 0.879558
vt 0.986148 0.884904
vt 0.994575 0.885272
vt 0.403267 0.013246
vt 0.403918 0.011649
vt 0.987820 0.636840
vt 0.989642 0.636432
vt 0.996409 0.638551
vt 0.994376 0.637323
vt 0.784815 0.318787
vt 0.720590 0.318225
vt 0.785117 0.313908
vt 0.721963 0.306555
vt 0.790649 0.306234
vt 0.792067 0.289775
vt 0.721407 0.291026
vt 0.483541 0.992213
vt 0.482045 0.994312
vt 0.481580 0.992551
vt 0.013795 0.326378
vt 0.012399 0.328144
vt 0.011145 0.321529
vt 0.012276 0.320637
vt 0.013451 0.329661
vt 0.009710 0.329698
vt 0.008119 0.322035
vt 0.847455 0.017559
vt 0.211303 0.129737
vt 0.190436 0.130231
vt 0.126879 0.189726
vt 0.097911 0.191731
vt 0.102874 0.188664
vt 0.103788 0.194251
vt 0.116395 0.206777
vt 0.125867 0.196044
vt 0.107572 0.167071
vt 0.137600 0.168706
vt 0.128296 0.174931
vt 0.093274 0.171904
vt 0.113811 0.153382
vt 0.119799 0.157107
vt 0.116007 0.153870
vt 0.077447 0.490119
vt 0.075851 0.493657
vt 0.073239 0.475506
vt 0.069918 0.497179
vt 0.069374 0.481038
vt 0.059241 0.500326
vt 0.059321 0.470883
vt 0.055521 0.485637
vt 0.056157 0.470421
vt 0.727308 0.416728
vt 0.739414 0.414574
vt 0.738703 0.415302
vt 0.740730 0.371378
vt 0.743740 0.373811
vt 0.743665 0.413597
vt 0.746032 0.405028
vt 0.746376 0.410593
vt 0.744734 0.408546
vt 0.745915 0.376085
vt 0.489163 0.077471
vt 0.513084 0.083716
vt 0.512484 0.087045
vt 0.483536 0.080312
vt 0.511105 0.090754
vt 0.513605 0.084771
vt 0.508892 0.093213
vt 0.507103 0.094356
vt 0.502773 0.093753
vt 0.478826 0.084641
vt 0.836663 0.198600
vt 0.817028 0.193515
vt 0.793140 0.176602
vt 0.800054 0.175857
vt 0.837187 0.196340
vt 0.841044 0.193046
vt 0.079465 0.524951
vt 0.065706 0.505502
vt 0.092956 0.516322
vt 0.094218 0.514159
vt 0.232735 0.121999
vt 0.018335 0.010598
vt 0.014553 0.008543
vt 0.019623 0.010316
vt 0.015738 0.002577
vt 0.493494 0.087235
vt 0.940619 0.007428
vt 0.941450 0.005111
vt 0.953008 0.007713
vt 0.046664 0.421987
vt 0.048535 0.419621
vt 0.271849 0.015230
vt 0.273328 0.022956
vt 0.269553 0.016133
vt 0.269708 0.024409
vt 0.264797 0.028764
vt 0.266786 0.014848
vt 0.258431 0.030580
vt 0.264234 0.014431
vt 0.258150 0.027599
vt 0.228376 0.003568
vt 0.228905 0.005129
vt 0.227306 0.004778
vt 0.015874 0.717062
vt 0.010615 0.706531
vt 0.012649 0.705724
vt 0.007346 0.708231
vt 0.017401 0.716922
vt 0.018219 0.719920
vt 0.973479 0.436508
vt 0.971014 0.437266
vt 0.972543 0.434903
vt 0.980463 0.435546
vt 0.980639 0.439409
vt 0.982929 0.439702
vt 0.984618 0.438381
vt 0.987601 0.441272
vt 0.992890 0.439847
vt 0.988558 0.442927
vt 0.983311 0.207884
vt 0.988468 0.214387
vt 0.986321 0.214263
vt 0.989778 0.219944
vt 0.986525 0.220827
vt 0.988194 0.224516
vt 0.991678 0.222472
vt 0.989131 0.230310
vt 0.996023 0.854286
vt 0.994050 0.850892
vt 0.992411 0.851818
vt 0.984358 0.216382
vt 0.701298 0.010872
vt 0.701953 0.007742
vt 0.703432 0.010507
vt 0.714479 0.003714
vt 0.715783 0.006284
vt 0.714085 0.006131
vt 0.704434 0.016137
vt 0.714407 0.012773
vt 0.019774 0.370595
vt 0.015117 0.374832
vt 0.019048 0.362357
vt 0.014316 0.360480
vt 0.016509 0.361924
vt 0.011709 0.361556
vt 0.005665 0.375147
vt 0.007318 0.361549
vt 0.011267 0.374196
vt 0.787159 0.307494
vt 0.791316 0.309913
vt 0.765153 0.002499
vt 0.754403 0.005596
vt 0.753996 0.001404
vt 0.765519 0.008739
vt 0.753409 0.002765
vt 0.763799 0.011122
vt 0.753980 0.009243
vt 0.994660 0.465266
vt 0.994037 0.469565
vt 0.995897 0.468567
vt 0.994905 0.468812
vt 0.275561 0.023147
vt 0.793023 0.057847
vt 0.770440 0.064467
vt 0.767209 0.061628
vt 0.786370 0.053767
vt 0.794870 0.061874
vt 0.769967 0.066898
vt 0.781576 0.065819
vt 0.784029 0.071470
vt 0.766332 0.069394
vt 0.795398 0.065533
vt 0.791411 0.064450
vt 0.784284 0.053518
vt 0.771698 0.058112
vt 0.940464 0.488991
vt 0.936255 0.504968
vt 0.933446 0.475870
vt 0.937776 0.514357
vt 0.928787 0.487750
vt 0.927074 0.476883
vt 0.925128 0.481825
vt 0.932844 0.506379
vt 0.943139 0.500798
vt 0.941449 0.487631
vt 0.940256 0.479422
vt 0.805763 0.169498
vt 0.812449 0.171304
vt 0.817565 0.171974
vt 0.134144 0.014765
vt 0.128402 0.019085
vt 0.125822 0.012783
vt 0.123824 0.021525
vt 0.122634 0.019996
vt 0.819870 0.171487
vt 0.841631 0.189918
vt 0.950011 0.070121
vt 0.951779 0.082023
vt 0.949115 0.063453
vt 0.947353 0.083485
vt 0.946510 0.063557
vt 0.953463 0.056366
vt 0.951690 0.057433
vt 0.941882 0.063911
vt 0.939927 0.065290
vt 0.934726 0.062649
vt 0.935269 0.063931
vt 0.939752 0.060572
vt 0.948083 0.053250
vt 0.950893 0.054475
vt 0.010908 0.861746
vt 0.011334 0.863445
vt 0.008615 0.864156
vt 0.008371 0.863179
vt 0.766951 0.072377
vt 0.774689 0.073061
vt 0.923171 0.497596
vt 0.918210 0.486630
vt 0.211993 0.205613
vt 0.212687 0.202189
vt 0.217690 0.208144
vt 0.220337 0.220643
vt 0.217149 0.198792
vt 0.224273 0.201152
vt 0.234348 0.190331
vt 0.230939 0.197465
vt 0.243148 0.190411
vt 0.261740 0.199383
vt 0.252245 0.190423
vt 0.227291 0.187765
vt 0.237144 0.185214
vt 0.244838 0.184595
vt 0.260990 0.193708
vt 0.267099 0.203381
vt 0.224801 0.210035
vt 0.228103 0.223840
vt 0.225640 0.229788
vt 0.236413 0.235117
vt 0.228728 0.239341
vt 0.241723 0.240792
vt 0.235022 0.227881
vt 0.255485 0.236202
vt 0.255193 0.243748
vt 0.267885 0.235179
vt 0.266520 0.224219
vt 0.257676 0.231691
vt 0.272021 0.223519
vt 0.272253 0.236623
vt 0.260688 0.225157
vt 0.915398 0.488457
vt 0.048545 0.291671
vt 0.057596 0.292512
vt 0.043075 0.296618
vt 0.039964 0.305763
vt 0.027144 0.307359
vt 0.029501 0.303676
vt 0.033049 0.300918
vt 0.049142 0.312450
vt 0.050917 0.306735
vt 0.061074 0.297552
vt 0.910416 0.074706
vt 0.922436 0.071890
vt 0.915123 0.080227
vt 0.926765 0.079535
vt 0.928171 0.087654
vt 0.929237 0.081803
vt 0.923837 0.089031
vt 0.924120 0.096882
vt 0.911571 0.088142
vt 0.924329 0.102909
vt 0.915628 0.102897
vt 0.924004 0.109480
vt 0.916811 0.100036
vt 0.915781 0.093603
vt 0.910932 0.089989
vt 0.861549 0.783231
vt 0.856419 0.772586
vt 0.860859 0.770055
vt 0.867851 0.793623
vt 0.874845 0.802703
vt 0.876549 0.787735
vt 0.878099 0.778270
vt 0.875571 0.810172
vt 0.975911 0.596046
vt 0.976567 0.594464
vt 0.976371 0.596792
vt 0.977804 0.596522
vt 0.976497 0.598623
vt 0.977188 0.599712
vt 0.987553 0.597064
vt 0.995099 0.590207
vt 0.994804 0.593440
vt 0.302012 0.592764
vt 0.297946 0.635452
vt 0.293241 0.634507
vt 0.292892 0.558402
vt 0.290467 0.608052
vt 0.313072 0.605699
vt 0.304187 0.605910
vt 0.305533 0.584374
vt 0.096740 0.025769
vt 0.094813 0.022632
vt 0.099272 0.026967
vt 0.111464 0.011201
vt 0.093064 0.166568
vt 0.867527 0.766070
vt 0.862794 0.768801
vt 0.886663 0.779917
vt 0.876859 0.765172
vt 0.883335 0.765378
vt 0.891002 0.773706
vt 0.884785 0.784053
vt 0.880341 0.778955
vt 0.881059 0.785846
vt 0.704525 0.924173
vt 0.716954 0.982677
vt 0.705394 0.951102
vt 0.703321 0.949047
vt 0.697117 0.948542
vt 0.698243 0.924592
vt 0.700064 0.952540
vt 0.707783 0.964866
vt 0.706910 0.966200
vt 0.708990 0.978098
vt 0.712166 0.986770
vt 0.713502 0.989658
vt 0.715699 0.988437
vt 0.687613 0.924277
vt 0.692437 0.924183
vt 0.691993 0.950405
vt 0.692601 0.952135
vt 0.285328 0.558618
vt 0.285646 0.568448
vt 0.272214 0.557491
vt 0.812600 0.719134
vt 0.824812 0.680015
vt 0.814067 0.718880
vt 0.822137 0.666613
vt 0.824385 0.685214
vt 0.816875 0.718750
vt 0.835082 0.687522
vt 0.829931 0.722445
vt 0.836966 0.682661
vt 0.835531 0.714337
vt 0.837931 0.698760
vt 0.837186 0.705487
vt 0.833765 0.722783
vt 0.839135 0.685995
vt 0.838585 0.695376
vt 0.999595 0.094936
vt 0.996628 0.098771
vt 0.998692 0.099807
vt 0.996652 0.100233
vt 0.997778 0.100933
vt 0.996871 0.089981
vt 0.997605 0.100637
vt 0.321373 0.591061
vt 0.324280 0.606406
vt 0.322616 0.606747
vt 0.419945 0.114165
vt 0.426082 0.108547
vt 0.419880 0.121301
vt 0.420346 0.105466
vt 0.447052 0.111418
vt 0.436481 0.113638
vt 0.447933 0.097359
vt 0.449226 0.092363
vt 0.447282 0.088679
vt 0.435949 0.103357
vt 0.436572 0.095379
vt 0.435778 0.090038
vt 0.420570 0.097504
vt 0.420399 0.092808
vt 0.975147 0.600485
vt 0.974418 0.601187
vt 0.053435 0.324320
vt 0.050000 0.336093
vt 0.041437 0.342304
vt 0.026590 0.339502
vt 0.246029 0.233449
vt 0.523621 0.239482
vt 0.545872 0.240804
vt 0.538743 0.242629
vt 0.521575 0.238159
vt 0.529769 0.234914
vt 0.523801 0.234239
vt 0.501828 0.235595
vt 0.521595 0.230875
vt 0.522520 0.228420
vt 0.505091 0.229709
vt 0.487516 0.241322
vt 0.484671 0.240852
vt 0.489245 0.240092
vt 0.484438 0.237962
vt 0.492540 0.233905
vt 0.481883 0.233756
vt 0.485801 0.229094
vt 0.495651 0.241570
vt 0.538000 0.228590
vt 0.539871 0.229659
vt 0.547356 0.235085
vt 0.310610 0.589562
vt 0.131468 0.005586
vt 0.057000 0.331811
vt 0.061307 0.318300
vt 0.063599 0.327390
vt 0.055876 0.315817
vt 0.061553 0.306739
vt 0.063097 0.308565
vt 0.864952 0.552944
vt 0.869392 0.554450
vt 0.022593 0.327550
vt 0.033186 0.344154
vt 0.049050 0.340668
vt 0.043166 0.348721
vt 0.054462 0.341877
vt 0.869554 0.548523
vt 0.877401 0.565121
vt 0.873427 0.552038
vt 0.515070 0.227121
vt 0.333962 0.061065
vt 0.329882 0.064395
vt 0.334568 0.056487
vt 0.325969 0.053681
vt 0.315729 0.062759
vt 0.321358 0.051917
vt 0.313126 0.058049
vt 0.313663 0.052750
vt 0.310341 0.052424
vt 0.305684 0.052886
vt 0.305035 0.059520
vt 0.299458 0.061260
vt 0.300294 0.074562
vt 0.306156 0.076158
vt 0.299308 0.081841
vt 0.310605 0.069294
vt 0.267182 0.212062
vt 0.272888 0.209579
vt 0.270164 0.205025
vt 0.324640 0.065161
vt 0.321938 0.076159
vt 0.311213 0.072467
vt 0.577031 0.010837
vt 0.577110 0.030615
vt 0.574467 0.014852
vt 0.573798 0.023571
vt 0.566906 0.011288
vt 0.567217 0.023072
vt 0.564089 0.030269
vt 0.505693 0.240760
vt 0.063279 0.046328
vt 0.084459 0.050819
vt 0.062587 0.054792
vt 0.063173 0.056574
vt 0.066892 0.055369
vt 0.073659 0.053201
vt 0.066945 0.042831
vt 0.083244 0.044468
vt 0.079813 0.046100
vt 0.202153 0.037308
vt 0.219406 0.042590
vt 0.214004 0.042346
vt 0.218574 0.034126
vt 0.199324 0.031069
vt 0.202854 0.028532
vt 0.254098 0.287823
vt 0.242963 0.281003
vt 0.255374 0.280657
vt 0.236476 0.274377
vt 0.246123 0.270443
vt 0.242067 0.259902
vt 0.256097 0.272796
vt 0.255646 0.261916
vt 0.235533 0.261685
vt 0.227412 0.270902
vt 0.226530 0.266084
vt 0.228338 0.261165
vt 0.223575 0.260714
vt 0.217017 0.265886
vt 0.217352 0.259686
vt 0.217524 0.269798
vt 0.200257 0.268270
vt 0.224863 0.274339
vt 0.218596 0.272912
vt 0.654495 0.125847
vt 0.652742 0.118497
vt 0.662074 0.114314
vt 0.665278 0.118358
vt 0.651468 0.110614
vt 0.648692 0.102048
vt 0.645252 0.104629
vt 0.639949 0.112610
vt 0.642454 0.122644
vt 0.064965 0.037717
vt 0.090057 0.039384
vt 0.071737 0.035142
vt 0.083676 0.036072
vt 0.820609 0.109314
vt 0.830483 0.114810
vt 0.831126 0.120198
vt 0.835852 0.119807
vt 0.836374 0.108613
vt 0.843670 0.115733
vt 0.840923 0.128106
vt 0.836687 0.129635
vt 0.829034 0.132855
vt 0.826369 0.126145
vt 0.817761 0.117993
vt 0.818358 0.129375
vt 0.824807 0.131857
vt 0.816436 0.128566
vt 0.809325 0.119061
vt 0.813172 0.107436
vt 0.805221 0.108746
vt 0.809896 0.106575
vt 0.639234 0.125629
vt 0.627668 0.113155
vt 0.628076 0.116269
vt 0.636750 0.104352
vt 0.659382 0.106056
vt 0.090163 0.045299
vt 0.198178 0.024581
vt 0.217181 0.030279
vt 0.205055 0.022909
vt 0.198008 0.022976
vt 0.004150 0.932229
vt 0.011590 0.930099
vt 0.013776 0.931698
vt 0.007746 0.937178
vt 0.017920 0.935365
vt 0.017685 0.937010
vt 0.011628 0.933471
vt 0.019354 0.933744
vt 0.020517 0.935856
vt 0.602728 0.006267
vt 0.594286 0.007879
vt 0.596589 0.005661
vt 0.605069 0.008868
vt 0.603844 0.013274
vt 0.592747 0.012533
vt 0.013670 0.927816
vt 0.005092 0.929182
vt 0.008456 0.925218
vt 0.012487 0.922861
vt 0.835715 0.015143
vt 0.836420 0.008182
vt 0.838225 0.008346
vt 0.836627 0.004883
vt 0.833350 0.010884
vt 0.831722 0.013224
vt 0.831638 0.007147
vt 0.783847 0.004271
vt 0.786360 0.003386
vt 0.786790 0.009193
vt 0.781756 0.003474
vt 0.011083 0.300891
vt 0.015356 0.306073
vt 0.009347 0.302325
vt 0.005063 0.308690
vt 0.011400 0.312332
vt 0.993457 0.656487
vt 0.991143 0.655289
vt 0.994345 0.652958
vt 0.989307 0.653438
vt 0.996049 0.651237
vt 0.997190 0.654458
vt 0.004706 0.993754
vt 0.007993 0.996072
vt 0.008192 0.997571
vt 0.006782 0.993425
vt 0.006174 0.992344
vt 0.253160 0.256522
vt 0.726506 0.992886
vt 0.726194 0.991123
vt 0.727171 0.991345
vt 0.669237 0.111309
vt 0.673158 0.105286
vt 0.665994 0.105353
vt 0.664610 0.094543
vt 0.671398 0.101455
vt 0.657635 0.092520
vt 0.673979 0.099368
vt 0.670950 0.094977
vt 0.676644 0.101831
vt 0.193825 0.264501
vt 0.192015 0.263396
vt 0.197138 0.263507
vt 0.209691 0.262376
vt 0.214104 0.263804
vt 0.197680 0.265933
vt 0.189291 0.265661
vt 0.190852 0.264234
vt 0.194849 0.267982
vt 0.194104 0.267088
vt 0.624553 0.112053
vt 0.626353 0.111743
vt 0.634353 0.099141
vt 0.641102 0.092988
vt 0.646641 0.093613
vt 0.643536 0.090653
vt 0.213434 0.260697
vt 0.847822 0.111288
vt 0.843600 0.107727
vt 0.851530 0.106020
vt 0.849687 0.123632
vt 0.845107 0.131246
s 1
usemtl tripo_mat_34ff3604-1612-4f93-a572-fefd0213cd6f
f 1547/1/1 1298/2/2 1595/3/3
f 1630/4/4 1651/5/5 1646/6/6
f 1646/6/6 1681/7/7 1630/4/4
f 1654/8/8 1646/6/6 1547/1/1
f 1654/8/8 1547/1/1 1595/3/3
f 1595/3/3 1545/9/9 1627/10/10
f 1654/8/8 1595/3/3 1627/10/10
f 1646/6/6 1654/8/8 1681/7/7
f 1630/4/4 1681/7/7 1639/11/11
f 1669/12/12 1681/7/7 1654/8/8
f 1641/13/13 1669/12/12 1654/8/8
f 1641/13/13 1654/8/8 1627/10/10
f 1496/14/14 1627/10/10 1545/9/9
f 1545/9/9 1361/15/15 1496/14/14
f 1641/13/13 1627/10/10 1496/14/14
f 1609/16/16 1641/13/13 1496/14/14
f 1347/17/17 1496/14/14 1309/18/18
f 1309/18/18 1496/14/14 1361/15/15
f 1292/19/19 1309/18/18 1361/15/15
f 1361/15/15 1388/20/20 1292/19/19
f 1388/20/20 1361/15/15 1545/9/9
f 1545/9/9 1595/3/3 1388/20/20
f 1388/20/20 1595/3/3 1298/2/2
f 1292/19/19 1388/20/20 1298/2/2
f 1292/19/19 1265/21/21 1282/22/22
f 1282/22/22 1265/21/21 1264/23/23
f 1265/21/21 1292/19/19 1298/2/2
f 1547/24/1 1574/25/24 1298/26/2
f 1272/27/25 1264/28/23 1297/29/26
f 1284/30/27 1299/31/28 1423/32/29
f 1284/30/27 1481/33/30 1411/34/31
f 1284/30/27 1411/34/31 1297/29/26
f 1481/33/30 1501/35/32 1559/36/33
f 1481/33/30 1559/36/33 1592/37/34
f 1587/38/35 1559/36/33 1581/39/36
f 1581/39/36 1559/36/33 1539/40/37
f 1559/36/33 1501/35/32 1539/40/37
f 1501/35/32 1521/41/38 1539/40/37
f 1521/41/38 1541/42/39 1539/40/37
f 1423/32/29 1521/41/38 1501/35/32
f 1423/32/29 1481/33/30 1284/30/27
f 1481/33/30 1423/32/29 1501/35/32
f 1299/31/28 1298/26/2 1574/25/24
f 1265/43/21 1298/26/2 1299/31/28
f 1265/43/21 1299/31/28 1284/30/27
f 1264/28/23 1265/43/21 1284/30/27
f 1264/28/23 1284/30/27 1297/29/26
f 1651/44/5 1574/25/24 1547/24/1
f 1547/24/1 1646/45/6 1651/44/5
f 1574/25/24 1651/44/5 1630/46/4
f 1566/47/40 1630/46/4 1592/48/34
f 1630/46/4 1566/47/40 1574/25/24
f 1574/25/24 1566/47/40 1299/31/28
f 1423/32/29 1299/31/28 1566/47/40
f 1521/41/38 1423/32/29 1566/47/40
f 1566/47/40 1587/49/35 1521/41/38
f 1566/47/40 1592/48/34 1587/49/35
f 1587/49/35 1592/48/34 1559/50/33
f 1521/41/38 1587/49/35 1596/51/41
f 1541/42/39 1521/41/38 1596/51/41
f 1596/51/41 1587/49/35 1581/52/36
f 1596/51/41 1581/53/36 1563/54/42
f 1549/55/43 1596/51/41 1563/54/42
f 1541/42/39 1596/51/41 1534/56/44
f 1492/57/45 1541/42/39 1534/56/44
f 1549/55/43 1534/56/44 1596/51/41
f 1563/54/42 1540/58/46 1549/55/43
f 1534/56/44 1549/55/43 1318/59/47
f 1492/57/45 1540/60/46 1563/61/42
f 1823/62/48 1887/63/49 1742/64/50
f 1734/65/51 1742/64/50 1887/63/49
f 1295/66/52 1320/67/53 1323/68/54
f 1320/67/53 1295/66/52 1316/69/55
f 1320/67/53 1316/69/55 1351/70/56
f 1896/71/57 1887/72/49 1875/73/58
f 1875/73/58 1887/72/49 1823/74/48
f 1875/73/58 1882/75/59 1896/76/57
f 1875/73/58 1823/74/48 1852/77/60
f 1875/73/58 1852/77/60 1882/75/59
f 1882/75/59 1852/78/60 1757/79/61
f 1852/78/60 1823/80/48 1742/81/50
f 1742/81/50 1757/79/61 1852/78/60
f 1882/75/59 1757/79/61 1811/82/62
f 1896/76/57 1882/75/59 1811/82/62
f 1896/76/57 1811/82/62 1734/83/51
f 1734/83/51 1887/84/49 1896/76/57
f 1323/85/54 1320/86/53 1333/87/63
f 1333/87/63 1320/86/53 1351/88/56
f 1295/89/52 1323/90/54 1407/91/64
f 1309/92/18 1292/93/19 1282/94/22
f 1272/95/25 1297/96/26 1321/97/65
f 1297/96/26 1411/98/31 1321/97/65
f 1272/95/25 1321/97/65 1264/99/23
f 1344/100/66 1282/94/22 1264/99/23
f 1321/97/65 1344/100/66 1264/99/23
f 1632/101/67 1556/102/68 1639/103/11
f 1639/103/11 1556/102/68 1411/98/31
f 1639/103/11 1681/104/7 1632/101/67
f 1681/104/7 1669/105/12 1632/101/67
f 1641/106/13 1632/101/67 1669/105/12
f 1641/106/13 1609/107/16 1632/101/67
f 1609/107/16 1496/108/14 1347/109/17
f 1632/101/67 1609/107/16 1344/100/66
f 1344/100/66 1609/107/16 1347/109/17
f 1344/100/66 1309/92/18 1282/94/22
f 1344/100/66 1347/109/17 1309/92/18
f 1492/57/45 1539/40/37 1541/42/39
f 1492/57/45 1581/39/36 1539/40/37
f 1581/39/36 1492/57/45 1563/61/42
f 1323/90/54 1469/110/69 1407/91/64
f 1333/111/63 1469/110/69 1323/90/54
f 1387/112/70 1333/111/63 1334/113/71
f 1387/112/70 1334/113/71 1351/114/56
f 1333/115/63 1351/114/56 1334/113/71
f 1333/111/63 1387/112/70 1469/110/69
f 1407/91/64 1357/116/72 1295/89/52
f 1351/114/56 1316/117/55 1387/112/70
f 1708/118/73 1742/119/50 1734/120/51
f 1787/121/74 1737/122/75 1734/120/51
f 1734/120/51 1813/123/76 1787/121/74
f 1757/124/61 1813/123/76 1811/125/62
f 1729/126/77 1757/124/61 1708/127/73
f 1742/128/50 1708/127/73 1757/124/61
f 1564/129/78 1640/130/79 1672/131/80
f 1564/129/78 1672/131/80 1544/132/81
f 1640/130/79 1564/129/78 1473/133/82
f 1640/130/79 1594/134/83 1663/135/84
f 1594/134/83 1604/136/85 1663/135/84
f 1656/137/86 1789/138/87 1653/139/88
f 1422/140/89 1656/137/86 1532/141/90
f 1656/137/86 1653/139/88 1532/141/90
f 1653/139/88 1789/138/87 1776/142/91
f 1761/143/92 1653/139/88 1776/142/91
f 1653/139/88 1761/143/92 1649/144/93
f 1761/143/92 1705/145/94 1649/144/93
f 1683/146/95 1649/144/93 1620/147/96
f 1620/147/96 1649/144/93 1489/148/97
f 1307/149/98 1329/150/99 1447/151/100
f 1447/151/100 1418/152/101 1488/153/102
f 1418/152/101 1522/154/103 1488/153/102
f 1447/151/100 1488/153/102 1451/155/104
f 1602/156/105 1573/157/106 1488/153/102
f 1488/153/102 1573/157/106 1438/158/107
f 1412/159/108 1408/160/109 1392/161/110
f 1392/161/110 1408/160/109 1473/162/82
f 1473/162/82 1408/160/109 1417/163/111
f 1473/162/82 1398/164/112 1392/161/110
f 1393/165/113 1412/159/108 1392/161/110
f 1489/148/97 1393/165/113 1422/140/89
f 1393/165/113 1489/148/97 1447/151/100
f 1489/148/97 1510/166/114 1447/151/100
f 1447/151/100 1510/166/114 1307/149/98
f 1393/165/113 1447/151/100 1412/159/108
f 1412/159/108 1447/151/100 1451/155/104
f 1438/158/107 1451/155/104 1488/153/102
f 1564/167/78 1544/168/81 1473/162/82
f 1473/162/82 1544/168/81 1398/164/112
f 1544/168/81 1656/137/86 1398/164/112
f 1398/164/112 1656/137/86 1422/140/89
f 1392/161/110 1398/164/112 1393/165/113
f 1422/140/89 1393/165/113 1398/164/112
f 1620/147/96 1653/139/88 1683/146/95
f 1489/148/97 1532/141/90 1620/147/96
f 1620/147/96 1532/141/90 1653/139/88
f 1422/140/89 1532/141/90 1489/148/97
f 1492/169/45 1534/170/44 1318/171/47
f 1540/172/46 1492/169/45 1353/173/115
f 1353/173/115 1492/169/45 1318/171/47
f 1367/174/116 1318/171/47 1549/175/43
f 1301/176/117 1318/171/47 1367/174/116
f 1301/176/117 1367/174/116 1322/177/118
f 1258/178/119 1353/173/115 1318/171/47
f 1353/173/115 1258/178/119 1244/179/120
f 1254/180/121 1126/181/122 1258/178/119
f 1126/181/122 1254/180/121 1220/182/123
f 1220/182/123 1254/180/121 1233/183/124
f 1233/183/124 1244/184/120 1230/185/125
f 1301/176/117 1258/178/119 1318/171/47
f 1258/178/119 1301/176/117 1322/177/118
f 1353/186/115 1367/174/116 1540/187/46
f 1549/175/43 1540/187/46 1367/174/116
f 1672/188/80 1656/189/86 1544/190/81
f 1656/189/86 1737/191/75 1789/192/87
f 1737/191/75 1787/193/74 1789/192/87
f 1776/194/91 1789/192/87 1787/193/74
f 1776/194/91 1787/193/74 1761/195/92
f 1640/196/79 1663/197/84 1734/198/51
f 1737/191/75 1672/188/80 1640/196/79
f 1672/188/80 1737/191/75 1656/189/86
f 1417/199/111 1357/200/72 1407/201/64
f 1407/201/64 1509/202/126 1417/199/111
f 1417/199/111 1509/202/126 1473/203/82
f 1594/204/83 1473/205/82 1509/202/126
f 1640/206/79 1473/207/82 1594/204/83
f 1594/204/83 1509/202/126 1487/208/127
f 1407/201/64 1469/209/69 1509/202/126
f 1487/208/127 1509/202/126 1387/210/70
f 1408/211/109 1487/208/127 1387/210/70
f 1487/208/127 1497/212/128 1594/204/83
f 1594/204/83 1497/212/128 1604/213/85
f 1658/214/129 1604/215/85 1610/216/130
f 1497/217/128 1610/216/130 1604/215/85
f 1438/218/107 1703/219/131 1610/216/130
f 1675/220/132 1773/221/133 1703/219/131
f 1709/222/134 1773/221/133 1675/220/132
f 1438/218/107 1675/220/132 1703/219/131
f 1677/223/135 1655/224/136 1607/225/137
f 1675/220/132 1438/218/107 1573/226/106
f 1675/220/132 1655/224/136 1709/222/134
f 1497/217/128 1436/227/138 1438/218/107
f 1497/217/128 1438/218/107 1610/216/130
f 1658/228/129 1610/229/130 1703/230/131
f 1658/228/129 1703/230/131 1729/231/77
f 1800/232/139 1767/233/140 1773/234/133
f 1800/232/139 1813/235/76 1767/233/140
f 1767/233/140 1813/235/76 1757/236/61
f 1767/233/140 1757/236/61 1729/231/77
f 1316/237/55 1295/89/52 1357/116/72
f 1708/238/73 1658/228/129 1729/231/77
f 1658/228/129 1708/238/73 1663/239/84
f 1708/240/73 1734/198/51 1663/197/84
f 1640/196/79 1734/198/51 1737/191/75
f 1734/120/51 1811/125/62 1813/123/76
f 1469/209/69 1387/210/70 1509/202/126
f 1658/241/129 1663/135/84 1604/136/85
f 1481/33/30 1592/37/34 1411/34/31
f 1639/242/11 1411/34/31 1592/37/34
f 1639/242/11 1592/37/34 1630/243/4
f 1487/244/127 1408/245/109 1412/246/108
f 1487/244/127 1412/246/108 1436/227/138
f 1487/244/127 1436/227/138 1497/217/128
f 1316/247/55 1357/248/72 1408/211/109
f 1387/210/70 1316/247/55 1408/211/109
f 1357/248/72 1417/249/111 1408/211/109
f 1729/231/77 1703/230/131 1767/233/140
f 1773/234/133 1767/233/140 1703/230/131
f 1556/102/68 1321/97/65 1411/98/31
f 1344/100/66 1321/97/65 1556/102/68
f 1344/100/66 1556/102/68 1632/101/67
f 1787/193/74 1813/235/76 1800/232/139
f 1436/227/138 1412/246/108 1438/218/107
f 1412/246/108 1451/250/104 1438/218/107
f 1353/186/115 1244/184/120 1367/174/116
f 1244/184/120 1258/251/119 1126/252/122
f 1126/252/122 1230/185/125 1244/184/120
f 1/253/141 27/254/142 2/255/143
f 1/256/141 2/257/143 511/258/144
f 320/259/145 683/260/146 76/261/147
f 655/262/148 683/260/146 320/259/145
f 655/262/148 320/259/145 526/263/149
f 1/264/141 511/265/144 873/266/150
f 867/267/151 655/268/148 614/269/152
f 844/270/153 614/269/152 873/266/150
f 1/271/141 873/266/150 614/269/152
f 844/272/153 873/273/150 1120/274/154
f 873/273/150 683/275/146 1120/274/154
f 298/276/155 1/277/141 395/278/156
f 395/278/156 1/277/141 548/279/157
f 548/279/157 554/280/158 509/281/159
f 509/281/159 395/278/156 548/279/157
f 509/281/159 514/282/160 395/278/156
f 395/278/156 514/282/160 463/283/161
f 457/284/162 395/278/156 463/283/161
f 395/278/156 410/285/163 348/286/164
f 395/278/156 348/286/164 298/276/155
f 1248/287/165 1109/288/166 1091/289/167
f 1091/289/167 1109/288/166 844/290/153
f 1126/291/122 846/292/168 1109/288/166
f 1109/288/166 846/292/168 844/290/153
f 1126/291/122 1109/288/166 1230/293/125
f 1230/293/125 1101/294/169 1233/295/124
f 1229/296/170 1101/294/169 1230/293/125
f 1229/296/170 1230/293/125 1247/297/171
f 1247/297/171 1230/293/125 1109/288/166
f 1247/297/171 1109/288/166 1248/287/165
f 1247/297/171 1248/287/165 1232/298/172
f 1229/296/170 1232/298/172 1216/299/173
f 1101/294/169 1229/296/170 1216/299/173
f 1229/296/170 1247/297/171 1232/298/172
f 1322/177/118 1367/174/116 1244/184/120
f 1233/183/124 1322/177/118 1244/184/120
f 1254/180/121 1258/178/119 1322/177/118
f 1254/180/121 1322/177/118 1233/183/124
f 2/300/143 76/261/147 873/301/150
f 2/300/143 873/301/150 511/258/144
f 655/262/148 867/302/151 683/260/146
f 873/301/150 76/261/147 683/260/146
f 548/303/157 1/304/141 590/305/174
f 27/306/142 20/307/175 2/308/143
f 298/309/155 333/310/176 342/311/177
f 333/310/176 298/309/155 348/312/164
f 844/270/153 867/267/151 614/269/152
f 1023/313/178 867/314/151 844/315/153
f 1/304/141 614/316/152 590/305/174
f 548/317/157 590/305/174 596/318/179
f 585/319/180 548/320/157 596/318/179
f 617/321/181 596/318/179 590/305/174
f 1039/322/182 867/323/151 1023/324/178
f 683/325/146 1119/326/183 1120/327/154
f 569/328/184 548/329/157 585/330/180
f 585/330/180 596/331/179 595/332/185
f 528/333/186 514/334/160 509/335/159
f 554/336/158 547/337/187 509/335/159
f 509/335/159 547/337/187 543/338/188
f 514/339/160 494/340/189 463/341/161
f 1/342/141 298/309/155 64/343/190
f 64/343/190 298/309/155 275/344/191
f 298/309/155 342/311/177 340/345/192
f 340/346/192 342/311/177 348/312/164
f 458/347/193 395/348/156 457/349/162
f 422/350/194 395/348/156 458/347/193
f 458/351/193 457/349/162 463/352/161
f 988/353/195 1023/354/178 1016/355/196
f 988/353/195 1016/355/196 990/356/197
f 988/353/195 1011/357/198 1014/358/199
f 1023/354/178 988/353/195 1014/358/199
f 1023/354/178 1014/358/199 1022/359/200
f 996/360/201 1022/359/200 1014/358/199
f 1002/361/202 996/360/201 1014/358/199
f 844/362/153 1120/327/154 1091/363/167
f 1023/364/178 844/362/153 846/365/168
f 1120/327/154 1119/326/183 1217/366/203
f 1091/363/167 1120/327/154 1217/366/203
f 333/310/176 348/312/164 342/311/177
f 1/342/141 64/367/190 27/306/142
f 655/368/148 670/369/204 614/370/152
f 614/371/152 660/372/205 590/373/174
f 596/374/179 617/375/181 595/376/185
f 1016/377/196 846/378/168 1020/379/206
f 64/380/190 47/381/207 27/382/142
f 298/383/155 340/384/192 275/385/191
f 350/386/208 340/384/192 348/387/164
f 477/388/209 670/389/204 655/390/148
f 670/389/204 660/391/205 614/392/152
f 590/393/174 660/391/205 618/394/210
f 552/395/211 595/396/185 618/394/210
f 617/397/181 590/398/174 618/399/210
f 1020/400/206 846/401/168 831/402/212
f 846/401/168 1126/403/122 535/404/213
f 1223/405/214 535/404/213 1126/403/122
f 1223/405/214 1126/403/122 1220/406/123
f 1223/405/214 1220/406/123 1096/407/215
f 1220/406/123 1101/408/169 1096/407/215
f 1096/407/215 1101/408/169 1107/409/216
f 458/410/193 494/411/189 420/412/217
f 420/412/217 494/411/189 522/413/218
f 420/412/217 522/413/218 493/414/219
f 422/415/194 458/410/193 420/412/217
f 422/415/194 420/412/217 350/416/208
f 350/416/208 420/412/217 319/417/220
f 350/416/208 319/417/220 275/418/191
f 319/417/220 316/419/221 64/420/190
f 64/420/190 275/418/191 319/417/220
f 350/416/208 275/418/191 340/421/192
f 1012/422/222 977/423/223 890/424/224
f 846/425/168 1012/422/222 890/424/224
f 890/424/224 870/426/225 846/425/168
f 846/427/168 535/428/213 1012/429/222
f 960/430/226 1012/429/222 535/428/213
f 1012/429/222 960/430/226 977/431/223
f 977/431/223 960/430/226 877/432/227
f 877/432/227 876/433/228 977/431/223
f 877/432/227 960/430/226 984/434/229
f 618/435/210 660/436/205 677/437/230
f 625/438/231 618/435/210 677/437/230
f 618/435/210 625/438/231 586/439/232
f 552/440/211 618/435/210 586/439/232
f 625/438/231 598/441/233 592/442/234
f 625/438/231 592/442/234 586/439/232
f 625/438/231 677/437/230 598/441/233
f 711/443/235 535/444/213 598/441/233
f 766/445/236 711/443/235 677/437/230
f 711/443/235 766/445/236 802/446/237
f 766/445/236 838/447/238 802/446/237
f 838/447/238 859/448/239 802/446/237
f 802/446/237 859/448/239 711/443/235
f 859/448/239 838/447/238 766/445/236
f 870/449/225 859/448/239 766/445/236
f 859/448/239 863/450/240 711/443/235
f 863/450/240 535/444/213 711/443/235
f 678/451/241 645/452/242 815/453/243
f 759/454/244 678/451/241 815/453/243
f 678/451/241 633/455/245 645/452/242
f 525/456/246 543/457/188 494/458/189
f 543/457/188 522/459/218 494/458/189
f 522/459/218 543/457/188 552/460/211
f 493/461/219 522/459/218 530/462/247
f 525/456/246 509/463/159 543/457/188
f 525/456/246 528/464/186 509/463/159
f 508/465/248 530/462/247 522/459/218
f 522/459/218 567/466/249 559/467/250
f 559/467/250 567/466/249 573/468/251
f 559/469/250 573/468/251 508/470/248
f 573/468/251 567/466/249 586/471/232
f 573/468/251 586/471/232 592/472/234
f 567/466/249 522/459/218 586/471/232
f 522/459/218 552/460/211 586/471/232
f 552/460/211 569/473/184 595/474/185
f 617/397/181 618/475/210 595/476/185
f 554/477/158 569/473/184 552/460/211
f 552/460/211 543/457/188 547/478/187
f 554/479/158 548/480/157 569/473/184
f 585/481/180 595/474/185 569/473/184
f 547/478/187 554/477/158 552/460/211
f 766/445/236 677/437/230 870/482/225
f 660/483/205 670/484/204 831/485/212
f 862/486/252 718/487/253 783/488/254
f 718/487/253 831/485/212 670/484/204
f 866/489/255 862/486/252 783/488/254
f 876/490/228 718/487/253 862/486/252
f 876/490/228 831/485/212 718/487/253
f 660/483/205 831/485/212 846/491/168
f 677/492/230 660/483/205 870/493/225
f 660/494/205 846/425/168 870/426/225
f 887/495/256 870/426/225 890/424/224
f 870/426/225 887/495/256 859/496/239
f 859/496/239 887/495/256 863/497/240
f 863/497/240 960/498/226 535/499/213
f 977/423/223 984/500/229 890/424/224
f 984/500/229 960/498/226 890/424/224
f 890/424/224 960/498/226 863/497/240
f 890/424/224 863/497/240 887/495/256
f 465/501/257 460/502/258 459/503/259
f 459/503/259 460/502/258 420/504/217
f 420/504/217 460/502/258 414/505/260
f 460/502/258 465/501/257 414/505/260
f 319/506/220 420/504/217 414/505/260
f 319/506/220 414/505/260 316/507/221
f 263/508/261 64/509/190 412/510/262
f 64/509/190 501/511/263 412/510/262
f 508/512/248 64/513/190 316/507/221
f 465/501/257 508/512/248 316/507/221
f 64/513/190 508/512/248 535/514/213
f 559/515/250 508/512/248 522/516/218
f 527/517/264 508/512/248 465/501/257
f 508/512/248 527/517/264 530/518/247
f 527/517/264 465/501/257 493/519/219
f 527/517/264 493/519/219 530/520/247
f 459/503/259 420/504/217 493/519/219
f 459/503/259 493/519/219 465/501/257
f 465/501/257 316/507/221 414/505/260
f 677/437/230 711/443/235 598/441/233
f 47/521/207 64/522/190 48/523/265
f 73/524/266 48/523/265 41/525/267
f 508/526/248 573/527/251 592/442/234
f 508/526/248 592/442/234 598/441/233
f 508/526/248 598/441/233 535/444/213
f 645/452/242 633/455/245 501/528/263
f 535/444/213 645/452/242 501/528/263
f 535/529/213 501/511/263 64/509/190
f 501/511/263 575/530/268 557/531/269
f 557/531/269 575/530/268 564/532/270
f 501/511/263 515/533/271 412/510/262
f 515/533/271 501/511/263 538/534/272
f 538/534/272 524/535/273 515/533/271
f 538/534/272 501/511/263 557/531/269
f 538/534/272 557/531/269 546/536/274
f 645/452/242 535/444/213 882/537/275
f 878/538/276 882/537/275 886/539/277
f 882/537/275 878/538/276 645/452/242
f 645/452/242 878/538/276 868/540/278
f 882/541/275 535/542/213 1006/543/279
f 535/542/213 1223/544/214 1083/545/280
f 885/546/281 891/547/282 877/548/227
f 885/546/281 877/548/227 840/549/283
f 877/548/227 891/547/282 938/550/284
f 997/551/285 877/548/227 938/550/284
f 846/552/168 1016/553/196 1023/554/178
f 1000/555/286 1011/556/198 1016/553/196
f 1002/557/202 1011/556/198 1000/555/286
f 1000/555/286 1022/558/200 1002/557/202
f 1002/557/202 1022/558/200 996/559/201
f 1011/556/198 1002/557/202 1014/560/199
f 1016/553/196 1011/556/198 990/561/197
f 993/562/287 1011/563/198 988/564/195
f 1011/556/198 993/562/287 990/561/197
f 458/565/193 463/566/161 494/567/189
f 494/568/189 514/569/160 525/570/246
f 514/569/160 528/571/186 525/570/246
f 395/572/156 422/573/194 410/574/163
f 410/574/163 350/386/208 348/575/164
f 410/574/163 422/573/194 350/386/208
f 1096/407/215 1213/576/288 831/577/212
f 831/577/212 1213/576/288 1199/578/289
f 1107/409/216 1213/576/288 1096/407/215
f 1223/579/214 1090/580/290 1083/581/280
f 877/582/227 1083/581/280 1090/580/290
f 877/582/227 1090/580/290 876/583/228
f 1217/584/203 1237/585/291 1248/586/165
f 1217/584/203 1248/586/165 1091/587/167
f 1231/588/292 1237/585/291 1217/584/203
f 1217/584/203 1216/589/173 1231/588/292
f 1078/590/293 1020/591/206 831/592/212
f 425/593/294 453/594/295 466/595/296
f 425/593/294 466/595/296 495/596/297
f 317/597/298 526/598/149 320/599/145
f 526/598/149 317/597/298 425/593/294
f 536/600/299 537/601/300 544/602/301
f 536/600/299 425/593/294 521/603/302
f 537/604/300 536/600/299 521/603/302
f 466/595/296 453/594/295 391/605/303
f 391/606/303 453/594/295 419/607/304
f 419/607/304 453/594/295 425/593/294
f 413/608/305 419/607/304 366/609/306
f 366/609/306 419/607/304 338/610/307
f 338/610/307 419/607/304 317/597/298
f 425/593/294 317/597/298 419/607/304
f 536/600/299 551/611/308 425/593/294
f 551/611/308 561/612/309 425/593/294
f 574/613/310 425/593/294 561/612/309
f 604/614/311 587/615/312 599/616/313
f 604/617/311 599/618/313 477/619/209
f 581/620/314 587/621/312 574/613/310
f 581/622/314 599/623/313 587/621/312
f 366/624/306 338/625/307 334/626/315
f 226/627/316 301/628/317 296/629/318
f 301/628/317 226/627/316 126/630/319
f 276/631/320 309/632/321 136/633/322
f 302/634/323 309/632/321 276/631/320
f 136/633/322 130/635/324 128/636/325
f 128/636/325 130/635/324 126/630/319
f 561/612/309 558/637/326 571/638/327
f 599/639/313 581/640/314 600/641/328
f 600/641/328 477/642/209 599/639/313
f 526/643/149 477/644/209 655/645/148
f 477/646/209 526/643/149 604/647/311
f 571/648/327 581/640/314 574/649/310
f 571/648/327 574/649/310 561/650/309
f 561/651/309 551/652/308 558/653/326
f 551/654/308 536/655/299 544/656/301
f 544/656/301 571/648/327 558/653/326
f 477/657/209 571/648/327 544/656/301
f 495/658/297 516/659/329 425/660/294
f 425/660/294 516/659/329 521/661/302
f 551/654/308 544/656/301 558/653/326
f 516/659/329 495/662/297 490/663/330
f 466/664/296 490/663/330 495/662/297
f 466/664/296 471/665/331 490/663/330
f 391/666/303 419/667/304 413/668/305
f 413/669/305 366/670/306 334/671/315
f 276/672/320 334/673/315 338/674/307
f 276/672/320 338/674/307 302/675/323
f 1248/586/165 1237/585/291 1231/588/292
f 1216/589/173 1217/584/203 1119/676/183
f 831/592/212 1216/589/173 1119/676/183
f 1119/676/183 1078/590/293 831/592/212
f 466/677/296 391/678/303 471/665/331
f 1220/679/123 1233/295/124 1101/294/169
f 1107/680/216 1101/294/169 831/681/212
f 831/681/212 1199/682/289 1107/680/216
f 334/683/315 276/684/320 391/685/303
f 334/683/315 391/685/303 413/686/305
f 403/687/332 349/688/333 375/689/334
f 314/690/335 403/687/332 375/689/334
f 314/690/335 341/691/336 411/692/337
f 314/690/335 411/692/337 421/693/338
f 314/690/335 428/694/339 403/687/332
f 314/690/335 421/693/338 456/695/340
f 314/690/335 456/695/340 428/694/339
f 456/695/340 421/693/338 478/696/341
f 428/694/339 456/695/340 480/697/342
f 470/698/343 428/694/339 492/699/344
f 403/687/332 428/694/339 435/700/345
f 435/700/345 349/688/333 403/687/332
f 349/688/333 435/700/345 335/701/346
f 516/702/329 490/703/330 521/704/302
f 391/685/303 521/704/302 490/703/330
f 521/704/302 391/685/303 477/705/209
f 335/701/346 491/706/347 477/705/209
f 491/706/347 335/701/346 435/700/345
f 335/701/346 477/705/209 276/684/320
f 276/684/320 477/705/209 391/685/303
f 471/707/331 391/685/303 490/703/330
f 600/708/328 581/709/314 477/710/209
f 588/711/348 566/712/349 572/713/350
f 582/714/351 562/715/352 580/716/353
f 582/714/351 601/717/354 572/713/350
f 572/713/350 601/717/354 628/718/355
f 563/719/356 572/713/350 650/720/357
f 628/718/355 668/721/358 572/713/350
f 572/713/350 668/721/358 650/720/357
f 537/722/300 521/661/302 544/656/301
f 521/661/302 477/657/209 544/656/301
f 563/723/356 477/657/209 491/724/347
f 571/648/327 477/657/209 581/640/314
f 563/723/356 491/724/347 540/725/359
f 560/726/360 563/723/356 540/725/359
f 566/727/349 560/726/360 553/728/361
f 576/729/362 566/727/349 588/730/348
f 566/727/349 576/729/362 560/726/360
f 560/726/360 576/729/362 563/723/356
f 469/731/363 470/698/343 491/706/347
f 491/706/347 435/700/345 469/731/363
f 469/731/363 435/700/345 428/694/339
f 469/731/363 428/694/339 470/698/343
f 491/706/347 470/698/343 492/699/344
f 492/699/344 428/694/339 480/697/342
f 492/699/344 517/732/364 491/706/347
f 517/732/364 492/699/344 523/733/365
f 523/733/365 492/699/344 480/697/342
f 480/697/342 456/695/340 533/734/366
f 456/695/340 518/735/367 533/734/366
f 456/695/340 484/736/368 518/735/367
f 556/737/369 533/734/366 541/738/370
f 539/739/371 523/733/365 480/697/342
f 553/740/361 539/739/371 480/697/342
f 553/740/361 540/741/359 539/739/371
f 572/742/350 566/743/349 480/697/342
f 480/697/342 566/743/349 553/740/361
f 562/744/352 572/742/350 480/697/342
f 562/744/352 582/745/351 572/742/350
f 517/746/364 540/725/359 491/724/347
f 540/725/359 553/728/361 560/726/360
f 862/486/252 866/489/255 875/747/372
f 875/747/372 871/748/373 883/749/374
f 871/748/373 875/747/372 866/489/255
f 871/748/373 866/489/255 855/750/375
f 877/751/227 871/748/373 840/752/283
f 783/488/254 855/750/375 866/489/255
f 871/748/373 855/750/375 840/752/283
f 840/752/283 855/750/375 772/753/376
f 783/488/254 772/753/376 855/750/375
f 772/753/376 717/754/377 840/752/283
f 718/487/253 717/754/377 783/488/254
f 783/488/254 717/754/377 772/753/376
f 840/752/283 717/754/377 799/755/378
f 840/752/283 799/755/378 835/756/379
f 865/757/380 840/752/283 835/756/379
f 728/758/381 799/755/378 717/754/377
f 799/755/378 728/758/381 748/759/382
f 748/759/382 728/758/381 726/760/383
f 799/755/378 748/759/382 807/761/384
f 835/756/379 799/755/378 817/762/385
f 885/763/281 840/752/283 880/764/386
f 314/690/335 375/689/334 349/688/333
f 523/733/365 540/741/359 517/732/364
f 523/733/365 539/739/371 540/741/359
f 576/765/362 588/711/348 572/713/350
f 563/719/356 576/765/362 572/713/350
f 477/710/209 563/719/356 650/720/357
f 650/720/357 718/766/253 670/767/204
f 650/720/357 670/767/204 477/710/209
f 889/768/387 883/769/374 871/770/373
f 889/768/387 871/770/373 877/548/227
f 889/768/387 862/771/252 883/769/374
f 875/772/372 883/769/374 862/771/252
f 984/773/229 889/768/387 877/548/227
f 889/768/387 984/773/229 977/774/223
f 889/768/387 977/774/223 862/771/252
f 349/688/333 335/701/346 314/690/335
f 876/775/228 862/771/252 977/774/223
f 425/593/294 574/613/310 587/621/312
f 425/593/294 587/621/312 526/598/149
f 98/776/388 84/777/389 144/778/390
f 98/776/388 144/778/390 157/779/391
f 181/780/392 144/778/390 84/777/389
f 181/780/392 84/777/389 82/781/393
f 82/781/393 84/777/389 81/782/394
f 718/783/253 726/784/383 728/785/381
f 718/783/253 728/785/381 717/786/377
f 1006/543/279 1004/787/395 952/788/396
f 892/789/397 882/541/275 952/788/396
f 1006/543/279 952/788/396 882/541/275
f 587/615/312 604/614/311 526/790/149
f 1795/791/398 1800/792/139 1740/793/399
f 1740/793/399 1800/792/139 1773/794/133
f 1740/793/399 1773/794/133 1709/795/134
f 1720/796/400 1709/797/134 1694/798/401
f 1740/793/399 1709/797/134 1720/796/400
f 1705/799/94 1694/798/401 1677/800/135
f 1694/798/401 1705/799/94 1720/796/400
f 1705/799/94 1736/801/402 1720/796/400
f 1705/802/94 1794/803/403 1736/804/402
f 1829/805/404 1794/803/403 1798/806/405
f 1735/807/406 1785/808/407 1720/796/400
f 1720/796/400 1785/808/407 1740/793/399
f 1795/791/398 1798/806/405 1794/803/403
f 1794/803/403 1705/802/94 1761/809/92
f 1794/803/403 1761/809/92 1795/791/398
f 1795/791/398 1761/809/92 1800/792/139
f 1800/792/139 1761/809/92 1787/810/74
f 1785/808/407 1795/791/398 1740/793/399
f 1798/806/405 1795/791/398 1785/808/407
f 1231/811/292 1216/299/173 1232/298/172
f 1216/299/173 831/681/212 1101/294/169
f 1232/298/172 1248/287/165 1231/811/292
f 302/812/323 338/813/307 317/814/298
f 227/815/408 302/812/323 180/816/409
f 180/816/409 302/812/323 317/814/298
f 317/814/298 301/817/317 126/818/319
f 317/814/298 126/818/319 180/816/409
f 162/819/410 302/812/323 227/815/408
f 302/812/323 311/820/411 309/821/321
f 309/821/321 130/822/324 136/823/322
f 309/821/321 311/820/411 130/822/324
f 130/822/324 311/820/411 162/819/410
f 162/819/410 311/820/411 302/812/323
f 227/815/408 180/816/409 162/819/410
f 276/824/320 136/825/322 158/826/412
f 158/826/412 136/827/322 128/828/325
f 335/829/346 189/830/413 158/831/412
f 314/832/335 335/829/346 158/831/412
f 314/832/335 158/831/412 131/833/414
f 189/830/413 226/834/316 158/831/412
f 189/830/413 128/835/325 226/834/316
f 128/835/325 126/836/319 226/834/316
f 226/834/316 199/837/415 276/838/320
f 226/834/316 276/838/320 158/831/412
f 297/839/416 320/840/145 76/841/147
f 683/842/146 867/843/151 1039/844/182
f 1074/845/417 1119/846/183 1039/847/182
f 1039/847/182 1119/846/183 683/848/146
f 1039/847/182 1031/849/418 1069/850/419
f 1069/850/419 1074/845/417 1039/847/182
f 1031/849/418 1039/847/182 1040/851/420
f 1069/850/419 1031/849/418 1048/852/421
f 1069/850/419 1060/853/422 1080/854/423
f 1074/845/417 1135/855/424 1134/856/425
f 1069/850/419 1080/854/423 1074/845/417
f 1074/845/417 1080/854/423 1073/857/426
f 1119/846/183 1074/845/417 1262/858/427
f 1498/859/428 1262/858/427 1074/845/417
f 1074/845/417 1134/856/425 1498/859/428
f 480/697/342 533/734/366 556/737/369
f 480/697/342 556/737/369 562/744/352
f 478/696/341 421/693/338 416/860/429
f 412/510/262 455/861/430 408/862/431
f 412/510/262 408/862/431 263/508/261
f 263/508/261 408/862/431 361/863/432
f 633/864/245 620/865/433 501/866/263
f 501/866/263 593/867/434 575/868/268
f 412/510/262 515/533/271 497/869/435
f 836/870/436 815/453/243 645/452/242
f 162/819/410 180/816/409 126/818/319
f 130/822/324 162/819/410 126/818/319
f 1040/871/420 1039/872/182 1022/359/200
f 1022/359/200 1039/872/182 1023/354/178
f 1010/873/437 1022/359/200 1000/874/286
f 1262/875/427 1077/876/438 1119/877/183
f 1078/878/293 1077/876/438 1079/879/439
f 1078/878/293 1119/877/183 1077/876/438
f 1199/880/289 1213/881/288 1195/882/440
f 1199/880/289 1195/882/440 1161/883/441
f 1155/884/442 1161/885/441 1190/886/443
f 1190/886/443 1161/885/441 1294/887/444
f 1190/886/443 1294/887/444 1196/888/445
f 1196/888/445 1294/887/444 1562/889/446
f 1294/887/444 1161/885/441 1758/890/447
f 1155/891/442 1621/892/448 1161/893/441
f 1621/892/448 1155/891/442 1385/894/449
f 1714/895/450 1213/896/288 1107/897/216
f 1553/898/451 1714/895/450 1199/899/289
f 1199/899/289 1714/895/450 1107/897/216
f 1621/900/448 1199/899/289 1161/893/441
f 1199/899/289 1621/900/448 1553/898/451
f 1195/901/440 1213/902/288 1714/903/450
f 1553/904/451 1195/901/440 1714/903/450
f 1553/904/451 1758/905/447 1195/906/440
f 1195/906/440 1758/905/447 1161/907/441
f 1621/908/448 1758/909/447 1553/910/451
f 628/911/355 601/912/354 594/913/452
f 725/914/453 718/783/253 723/915/454
f 601/916/354 582/917/351 603/918/455
f 314/919/335 138/920/456 248/921/457
f 138/920/456 314/919/335 131/922/414
f 138/920/456 195/923/458 248/921/457
f 195/923/458 138/920/456 143/924/459
f 143/924/459 138/920/456 176/925/460
f 329/926/461 195/927/458 335/928/346
f 335/928/346 195/927/458 176/925/460
f 335/928/346 176/925/460 189/929/413
f 131/922/414 189/929/413 176/925/460
f 131/922/414 176/925/460 138/920/456
f 128/930/325 131/922/414 158/931/412
f 131/922/414 128/932/325 189/929/413
f 411/933/337 341/934/336 365/935/462
f 562/936/352 565/937/463 580/938/353
f 1736/801/402 1735/807/406 1720/796/400
f 64/522/190 41/525/267 48/523/265
f 63/939/464 41/525/267 64/522/190
f 63/939/464 62/940/465 41/525/267
f 62/940/465 63/939/464 25/941/466
f 63/939/464 30/942/467 25/941/466
f 63/939/464 24/943/468 30/942/467
f 3/944/469 2/945/143 13/946/470
f 988/353/195 990/356/197 993/947/287
f 75/948/471 47/521/207 48/523/265
f 1447/949/100 1329/950/99 1459/951/472
f 1455/952/473 1307/953/98 1510/954/114
f 1418/955/101 1447/956/100 1459/957/472
f 1522/958/103 1480/959/474 1444/960/475
f 1607/961/137 1522/958/103 1510/962/114
f 1510/962/114 1522/958/103 1455/963/473
f 1455/963/473 1522/958/103 1444/960/475
f 23/964/476 20/307/175 72/965/477
f 20/966/175 23/967/476 2/945/143
f 199/968/415 226/969/316 296/970/318
f 296/970/318 143/971/459 176/972/460
f 143/973/459 150/974/478 199/975/415
f 1683/146/95 1653/139/88 1649/144/93
f 1589/976/479 1562/977/446 1648/978/480
f 1661/979/481 1648/978/480 1158/980/482
f 1158/980/482 1648/978/480 1189/981/483
f 1189/981/483 1182/982/484 1158/980/482
f 1169/983/485 1194/984/486 1160/985/487
f 1169/983/485 1160/985/487 1158/980/482
f 1329/986/99 1310/987/488 1352/988/489
f 1433/989/490 1352/988/489 1421/990/491
f 1480/991/474 1479/992/492 1433/989/490
f 1480/991/474 1433/989/490 1421/990/491
f 1493/993/493 1421/990/491 1352/988/489
f 1455/994/473 1493/993/493 1310/987/488
f 1310/987/488 1493/993/493 1352/988/489
f 1354/995/494 1455/994/473 1310/987/488
f 1307/996/98 1354/995/494 1310/987/488
f 1354/997/494 1307/998/98 1455/999/473
f 1493/1000/493 1455/999/473 1444/1001/475
f 1493/1000/493 1444/1001/475 1433/1002/490
f 1352/1003/489 1459/1004/472 1329/1005/99
f 1459/1004/472 1352/1003/489 1418/1006/101
f 1480/1007/474 1522/1008/103 1418/1006/101
f 1480/1007/474 1418/1006/101 1415/1009/495
f 1829/1010/404 1798/1011/405 1809/1012/496
f 1809/1012/496 1798/1011/405 1785/1013/407
f 1829/1010/404 1809/1012/496 1874/1014/497
f 1790/1015/498 1736/1016/402 1802/1017/499
f 1790/1015/498 1780/1018/500 1735/1019/406
f 1790/1015/498 1735/1019/406 1736/1016/402
f 1794/1020/403 1802/1017/499 1736/1016/402
f 1802/1017/499 1794/1020/403 1874/1014/497
f 1829/1010/404 1874/1014/497 1794/1020/403
f 1735/1019/406 1780/1018/500 1809/1021/496
f 1735/1019/406 1809/1021/496 1792/1022/501
f 1785/1023/407 1886/1024/502 1809/1025/496
f 1886/1024/502 1785/1023/407 1792/1022/501
f 1792/1022/501 1785/1023/407 1735/1019/406
f 1655/224/136 1675/220/132 1573/226/106
f 1655/224/136 1573/226/106 1602/1026/105
f 1694/1027/401 1709/222/134 1677/223/135
f 1655/224/136 1677/223/135 1709/222/134
f 1522/154/103 1602/156/105 1488/153/102
f 1602/156/105 1522/154/103 1607/1028/137
f 1602/156/105 1607/1028/137 1655/1029/136
f 276/1030/320 199/1031/415 328/1032/503
f 328/1032/503 199/1031/415 293/1033/504
f 209/1034/505 328/1032/503 291/1035/506
f 291/1035/506 328/1032/503 182/1036/507
f 182/1036/507 328/1032/503 293/1033/504
f 182/1036/507 293/1033/504 183/1037/508
f 185/1038/509 183/1037/508 293/1033/504
f 1444/1039/475 1352/1040/489 1457/1041/510
f 1352/1040/489 1444/1039/475 1418/1042/101
f 1444/1039/475 1457/1041/510 1433/1043/490
f 1399/1044/511 1444/1039/475 1480/1045/474
f 1444/1039/475 1399/1044/511 1418/1042/101
f 1433/1046/490 1457/1047/510 1399/1044/511
f 1399/1044/511 1457/1047/510 1418/1042/101
f 1418/1042/101 1457/1047/510 1415/1048/495
f 1399/1044/511 1415/1048/495 1433/1049/490
f 1415/1048/495 1457/1047/510 1352/1050/489
f 1415/1048/495 1352/1050/489 1433/1049/490
f 1607/1051/137 1510/166/114 1489/148/97
f 1607/1051/137 1489/148/97 1649/144/93
f 1649/144/93 1677/1052/135 1607/1051/137
f 1649/144/93 1705/1053/94 1677/1052/135
f 144/1054/390 181/1055/392 172/1056/512
f 172/1056/512 181/1055/392 98/1057/388
f 98/1057/388 181/1055/392 82/1058/393
f 172/1056/512 98/1057/388 157/1056/391
f 172/1056/512 157/1056/391 97/1059/513
f 97/1059/513 157/1056/391 83/1060/514
f 98/1057/515 23/1061/515 97/1062/515
f 1155/891/442 1562/977/446 1385/894/449
f 1562/977/446 1155/891/442 1138/1063/516
f 1190/1064/443 1138/1063/516 1155/891/442
f 1758/1065/447 1621/1066/448 1385/1067/449
f 1758/890/447 1385/1067/449 1294/887/444
f 1294/887/444 1385/1067/449 1562/889/446
f 105/1068/517 13/946/470 23/967/476
f 28/1069/518 19/1070/519 13/946/470
f 3/944/469 13/946/470 19/1070/519
f 3/944/469 61/1071/520 79/1072/521
f 40/1073/522 41/525/267 46/1074/523
f 46/1074/523 41/525/267 42/1075/524
f 91/1076/525 46/1074/523 42/1075/524
f 1802/1077/499 1874/1078/497 1895/1079/526
f 1138/1080/516 1190/886/443 1196/888/445
f 1138/1081/516 1196/888/445 1189/1082/483
f 1158/1083/482 1182/1084/484 1169/1085/485
f 1182/1084/484 1189/1082/483 1589/1086/479
f 1562/889/446 1189/1082/483 1196/888/445
f 421/693/338 411/692/337 427/1087/527
f 1310/1088/488 1329/1089/99 1307/1090/98
f 1780/1018/500 1790/1015/498 1874/1091/497
f 1780/1018/500 1874/1091/497 1809/1021/496
f 1399/1092/511 1421/1093/491 1396/1094/528
f 1480/1095/474 1396/1094/528 1479/1096/492
f 1479/1096/492 1396/1094/528 1421/1093/491
f 1421/1093/491 1399/1092/511 1480/1095/474
f 1415/1097/495 1399/1092/511 1396/1098/528
f 1480/1007/474 1415/1009/495 1396/1099/528
f 301/1100/317 150/1101/478 296/1102/318
f 296/1102/318 150/1101/478 143/1103/459
f 199/975/415 296/1104/318 176/1105/460
f 199/975/415 176/1105/460 195/1106/458
f 199/975/415 195/1106/458 143/973/459
f 1792/1107/501 1809/1108/496 1886/1109/502
f 171/1110/529 150/1111/478 301/1112/317
f 301/1112/317 317/1113/298 171/1110/529
f 1790/1015/498 1802/1017/499 1895/1114/526
f 1874/1091/497 1790/1015/498 1895/1114/526
f 23/967/476 13/946/470 2/945/143
f 171/1115/529 199/1116/415 150/1117/478
f 88/1118/530 173/1119/531 182/1120/507
f 88/1118/530 183/1121/508 86/1122/532
f 183/1121/508 88/1118/530 182/1120/507
f 268/1123/533 291/1124/506 124/1125/534
f 124/1125/534 291/1124/506 89/1126/535
f 173/1127/531 89/1126/535 182/1120/507
f 279/1128/536 167/1129/537 161/1130/538
f 271/1131/539 161/1130/538 266/1132/540
f 199/975/415 171/1133/529 293/1134/504
f 248/921/457 195/923/458 185/1135/509
f 314/919/335 248/921/457 265/1136/541
f 248/921/457 86/1137/532 265/1136/541
f 265/1136/541 86/1137/532 183/1138/508
f 154/1139/542 265/1136/541 183/1138/508
f 185/1135/509 86/1137/532 248/921/457
f 1562/889/446 1589/1086/479 1189/1082/483
f 1182/1084/484 1589/1086/479 1169/1085/485
f 1194/1140/486 1169/1085/485 1390/1141/543
f 1160/1142/487 1608/1143/544 1137/1144/545
f 1194/1140/486 1608/1143/544 1160/1142/487
f 1189/981/483 1648/978/480 1138/1063/516
f 195/1145/458 329/1146/461 185/1147/509
f 185/1147/509 329/1146/461 154/1148/542
f 185/1147/509 154/1148/542 183/1149/508
f 1562/977/446 1138/1063/516 1648/978/480
f 1000/1150/286 1016/1151/196 995/1152/546
f 171/1153/529 88/1154/530 293/1155/504
f 185/1156/509 293/1155/504 88/1154/530
f 86/1157/532 185/1156/509 88/1154/530
f 182/1158/507 89/1159/535 154/1160/542
f 291/1161/506 233/1162/547 89/1159/535
f 209/1163/505 291/1161/506 268/1164/533
f 161/1165/538 167/1166/537 209/1163/505
f 279/1167/536 196/1168/548 167/1166/537
f 1020/1169/206 1078/1170/293 1079/1171/439
f 173/1172/531 88/1173/530 171/1174/529
f 171/1174/529 317/1175/298 223/1176/549
f 171/1174/529 223/1176/549 173/1172/531
f 173/1172/531 223/1176/549 268/1177/533
f 124/1178/534 173/1172/531 268/1177/533
f 1046/1179/550 1035/1180/551 1049/1181/552
f 1046/1179/550 1049/1181/552 1034/1182/553
f 1034/1182/553 1049/1181/552 1036/1183/554
f 1031/1184/418 1035/1185/555 1034/1182/553
f 1035/1185/551 1046/1186/550 1047/1187/556
f 1050/1188/557 1047/1187/558 1049/1189/552
f 1049/1189/552 1047/1187/558 1036/1190/554
f 1047/1187/558 1035/1185/555 1036/1190/554
f 1031/1184/418 1036/1190/554 1035/1185/555
f 1050/1191/557 1046/1192/559 1047/1193/558
f 1881/1194/560 1837/1195/561 1868/1196/562
f 1868/1196/562 1764/1197/563 1822/1198/564
f 1827/1199/565 1881/1194/560 1842/1200/566
f 1827/1199/565 1837/1201/561 1881/1194/560
f 1822/1202/564 1764/1203/563 1770/1204/567
f 1868/1205/562 1837/1206/561 1764/1207/563
f 1878/1208/568 1770/1209/567 1885/1210/569
f 1770/1209/567 1873/1211/570 1885/1210/569
f 1885/1210/569 1873/1211/570 1877/1212/571
f 1842/1213/566 1873/1211/570 1770/1209/567
f 1764/1203/563 1837/1201/561 1741/1214/572
f 1160/985/487 1355/1215/573 1158/980/482
f 1137/1216/545 1355/1217/573 1160/985/487
f 1382/1218/574 1401/1219/575 1339/1220/576
f 1401/1221/575 1382/1222/574 1420/1223/577
f 1401/1221/575 1420/1223/577 1332/1224/578
f 1878/1225/568 1822/1202/564 1770/1204/567
f 1035/1226/551 1050/1227/557 1049/1228/552
f 1169/1085/485 1589/1086/479 1661/1229/481
f 1401/1230/575 1332/1231/578 1339/1232/576
f 1878/1233/568 1885/1234/569 1822/1235/564
f 1383/1236/579 1382/1237/574 1339/1238/576
f 1341/1239/580 1383/1236/579 1339/1238/576
f 1332/1240/578 1341/1239/580 1339/1238/576
f 1420/1241/577 1341/1239/580 1332/1240/578
f 1341/1239/580 1458/1242/581 1383/1236/579
f 1382/1237/574 1383/1236/579 1364/1243/582
f 1364/1243/582 1383/1236/579 1402/1244/583
f 1770/1245/567 1697/1246/584 1738/1247/585
f 1697/1246/584 1770/1245/567 1700/1248/586
f 1700/1248/586 1770/1245/567 1764/1249/563
f 1700/1248/586 1764/1249/563 1741/1250/572
f 1827/1251/565 1842/1252/566 1770/1253/567
f 1827/1251/565 1770/1253/567 1738/1254/585
f 1738/1254/585 1812/1255/587 1827/1251/565
f 1741/1250/572 1837/1256/561 1827/1251/565
f 1589/1257/479 1648/1258/480 1661/1259/481
f 1661/1259/481 1355/1260/573 1390/1261/543
f 1355/1260/573 1608/1262/544 1390/1261/543
f 1608/1262/544 1194/1263/486 1390/1261/543
f 1165/1264/588 1137/1265/545 1608/1262/544
f 1200/1266/589 1201/1267/590 1657/1268/591
f 1200/1266/589 1657/1268/591 1257/1269/592
f 1446/1270/593 1756/1271/594 1662/1272/595
f 1698/1273/596 1657/1268/591 1201/1267/590
f 1169/1274/485 1661/1259/481 1390/1261/543
f 1382/1222/574 1364/1275/582 1402/1276/583
f 1822/1277/564 1860/1278/597 1868/1279/562
f 1881/1280/560 1868/1279/562 1860/1278/597
f 1881/1280/560 1860/1278/597 1877/1281/571
f 1877/1281/571 1860/1278/597 1885/1282/569
f 1881/1280/560 1877/1281/571 1842/1283/566
f 1842/1283/566 1877/1281/571 1822/1284/564
f 1402/1285/583 1458/1286/581 1382/1287/574
f 1383/1288/579 1458/1286/581 1402/1285/583
f 1458/1286/581 1558/1289/598 1382/1287/574
f 1558/1289/598 1603/1290/599 1420/1291/577
f 1341/1292/580 1468/1293/600 1458/1294/581
f 1420/1291/577 1382/1287/574 1558/1289/598
f 1812/1255/587 1741/1250/572 1827/1251/565
f 1741/1250/572 1812/1255/587 1784/1295/601
f 1741/1250/572 1701/1296/602 1700/1248/586
f 265/1297/541 89/1298/535 212/1299/603
f 265/1297/541 212/1299/603 314/1300/335
f 89/1298/535 233/1301/547 212/1299/603
f 1873/1302/570 1860/1303/597 1822/1304/564
f 1860/1303/597 1873/1302/570 1842/1305/566
f 1860/1303/597 1842/1305/566 1885/1306/569
f 1885/1306/569 1842/1305/566 1822/1304/564
f 1873/1302/570 1822/1304/564 1877/1307/571
f 1420/1308/577 1603/1309/599 1437/1310/604
f 1437/1310/604 1341/1311/580 1420/1308/577
f 1375/1312/605 1341/1311/580 1437/1310/604
f 1468/1313/600 1341/1311/580 1511/1314/606
f 1558/1315/598 1530/1316/607 1508/1317/608
f 1458/1318/581 1530/1316/607 1558/1315/598
f 1468/1313/600 1530/1316/607 1458/1318/581
f 1508/1317/608 1603/1319/599 1558/1315/598
f 1701/1320/602 1575/1321/609 1700/1322/586
f 1644/1323/610 1700/1322/586 1575/1321/609
f 1575/1321/609 1437/1324/604 1603/1325/599
f 1575/1321/609 1603/1325/599 1644/1323/610
f 1676/1326/611 1575/1321/609 1701/1320/602
f 1676/1326/611 1634/1327/612 1575/1321/609
f 1701/1320/602 1741/1328/572 1784/1329/601
f 1814/1330/613 1830/1331/614 1775/1332/615
f 1814/1330/613 1775/1332/615 1784/1329/601
f 1784/1329/601 1812/1333/587 1814/1330/613
f 1701/1320/602 1784/1329/601 1762/1334/616
f 1676/1326/611 1701/1320/602 1762/1334/616
f 1375/1335/605 1437/1324/604 1132/1336/617
f 1437/1324/604 1103/1337/618 1132/1336/617
f 1103/1337/618 1437/1324/604 1575/1321/609
f 1103/1337/618 1575/1321/609 1634/1327/612
f 1308/1338/619 1176/1339/620 1103/1337/618
f 1103/1337/618 1778/1340/621 1308/1338/619
f 1103/1337/618 1634/1327/612 1778/1340/621
f 1762/1334/616 1778/1340/621 1634/1327/612
f 1778/1340/621 1762/1334/616 1775/1332/615
f 1775/1332/615 1762/1334/616 1784/1329/601
f 1762/1334/616 1634/1327/612 1676/1326/611
f 1661/1341/481 1158/1342/482 1355/1343/573
f 1341/1311/580 1375/1312/605 1511/1314/606
f 1530/1316/607 1468/1313/600 1520/1344/622
f 1520/1344/622 1468/1313/600 1511/1314/606
f 1503/1345/623 1520/1344/622 1511/1314/606
f 1520/1344/622 1504/1346/624 1528/1347/625
f 1520/1344/622 1503/1345/623 1504/1348/624
f 1505/1349/626 1504/1348/624 1503/1345/623
f 1520/1350/622 1513/1351/627 1530/1352/607
f 1513/1351/627 1511/1314/606 1530/1352/607
f 1513/1351/627 1503/1345/623 1511/1314/606
f 1505/1349/626 1503/1345/623 1513/1351/627
f 1697/1353/584 1700/1354/586 1644/1355/610
f 1508/1356/608 1644/1355/610 1603/1357/599
f 1644/1355/610 1508/1356/608 1618/1358/628
f 1644/1355/610 1618/1358/628 1697/1353/584
f 1697/1353/584 1725/1359/629 1738/1360/585
f 1725/1359/629 1754/1361/630 1738/1360/585
f 1276/1362/631 1625/1363/632 1618/1358/628
f 1276/1362/631 1618/1358/628 1508/1356/608
f 1618/1358/628 1625/1363/632 1697/1353/584
f 1697/1353/584 1625/1363/632 1725/1359/629
f 726/784/383 718/783/253 725/914/453
f 726/784/383 725/914/453 729/1364/633
f 723/915/454 732/1365/634 725/914/453
f 729/1366/633 732/1365/634 723/915/454
f 729/1366/633 723/915/454 726/1367/383
f 723/915/454 718/783/253 735/1368/635
f 173/1369/531 124/1370/534 89/1371/535
f 758/1372/636 662/1373/637 656/1374/638
f 662/1373/637 758/1372/636 810/1375/639
f 758/1372/636 828/1376/640 810/1375/639
f 810/1375/639 803/1377/641 662/1373/637
f 662/1373/637 803/1377/641 689/1378/642
f 758/1372/636 656/1374/638 694/1379/643
f 800/1380/644 674/1381/645 693/1382/646
f 800/1380/644 693/1382/646 788/1383/647
f 800/1380/644 694/1379/643 674/1381/645
f 810/1375/639 828/1376/640 857/1384/648
f 810/1375/639 857/1384/648 850/1385/649
f 842/1386/650 857/1384/648 833/1387/651
f 857/1384/648 842/1386/650 856/1388/652
f 857/1384/648 856/1388/652 826/1389/653
f 857/1384/648 826/1389/653 850/1385/649
f 826/1389/653 773/1390/654 850/1385/649
f 773/1390/654 826/1389/653 763/1391/655
f 763/1391/655 826/1389/653 792/1392/656
f 763/1391/655 792/1392/656 715/1393/657
f 763/1391/655 715/1393/657 652/1394/658
f 773/1390/654 827/1395/659 850/1385/649
f 810/1375/639 850/1385/649 827/1395/659
f 803/1377/641 810/1375/639 827/1395/659
f 803/1377/641 827/1395/659 813/1396/660
f 803/1377/641 813/1396/660 740/1397/661
f 803/1377/641 740/1397/661 689/1378/642
f 233/1398/547 154/1148/542 329/1146/461
f 154/1148/542 233/1398/547 182/1399/507
f 233/1398/547 291/1400/506 182/1399/507
f 42/1401/524 19/1402/662 91/1403/525
f 265/1136/541 154/1139/542 89/1404/535
f 1069/1405/419 1111/1406/663 1117/1407/664
f 1069/1405/419 1117/1407/664 1132/1408/617
f 1317/1409/665 1276/1362/631 1111/1410/663
f 1117/1407/664 1111/1410/663 1276/1362/631
f 1132/1408/617 1117/1407/664 1276/1362/631
f 1132/1408/617 1276/1362/631 1375/1411/605
f 1375/1411/605 1276/1362/631 1508/1356/608
f 694/1412/643 621/1413/666 674/1414/645
f 621/1413/666 694/1412/643 656/1415/638
f 605/1416/667 621/1413/666 656/1415/638
f 674/1414/645 621/1413/666 653/1417/668
f 693/1418/646 674/1414/645 653/1417/668
f 690/1419/669 693/1418/646 653/1417/668
f 621/1413/666 615/1420/670 653/1417/668
f 656/1415/638 662/1421/637 616/1422/671
f 662/1421/637 689/1423/642 640/1424/672
f 662/1421/637 640/1424/672 616/1422/671
f 656/1415/638 616/1422/671 605/1416/667
f 640/1424/672 632/1425/673 616/1422/671
f 1375/1312/605 1530/1352/607 1511/1314/606
f 1508/1426/608 1530/1352/607 1375/1312/605
f 1132/1336/617 1103/1337/618 1069/1427/419
f 1103/1337/618 1176/1339/620 1094/1428/674
f 1060/1429/422 1069/1427/419 1094/1428/674
f 1069/1427/419 1103/1337/618 1094/1428/674
f 335/1430/346 276/1431/320 315/1432/675
f 179/1433/676 329/1434/461 247/1435/677
f 329/1434/461 335/1436/346 310/1437/678
f 310/1437/678 335/1436/346 315/1432/675
f 312/1438/679 276/1431/320 328/1439/503
f 139/1440/680 328/1439/503 271/1441/539
f 328/1439/503 139/1440/680 300/1442/681
f 279/1443/536 271/1441/539 328/1439/503
f 279/1443/536 209/1444/505 196/1445/548
f 209/1444/505 279/1443/536 328/1439/503
f 938/1446/284 891/1447/282 888/1448/682
f 161/1449/538 268/1177/533 223/1176/549
f 161/1449/538 223/1176/549 266/1450/540
f 203/1451/683 266/1450/540 223/1176/549
f 118/1452/684 203/1451/683 223/1176/549
f 202/1453/685 120/1454/686 223/1176/549
f 120/1454/686 202/1453/685 112/1455/687
f 112/1455/687 202/1453/685 155/1456/688
f 155/1456/688 202/1453/685 187/1457/689
f 1725/1359/629 1625/1363/632 1726/1458/690
f 1726/1458/690 1754/1361/630 1725/1359/629
f 233/1459/547 329/1460/461 196/1461/548
f 214/1462/691 233/1459/547 196/1461/548
f 209/1463/505 214/1462/691 196/1461/548
f 209/1464/505 167/1465/537 214/1466/691
f 233/1467/547 214/1466/691 212/1468/603
f 212/1468/603 214/1466/691 117/1469/692
f 117/1469/692 214/1466/691 167/1465/537
f 117/1469/692 167/1465/537 196/1461/548
f 117/1469/692 260/1470/693 212/1468/603
f 196/1461/548 260/1470/693 117/1469/692
f 260/1470/693 196/1461/548 267/1471/694
f 329/1460/461 267/1471/694 196/1461/548
f 1317/1472/665 1695/1473/695 1625/1363/632
f 1695/1473/695 1726/1458/690 1625/1363/632
f 1726/1458/690 1791/1474/696 1754/1361/630
f 1830/1475/614 1791/1474/696 1774/1476/697
f 1814/1477/613 1791/1474/696 1830/1475/614
f 1791/1474/696 1814/1477/613 1754/1361/630
f 1738/1360/585 1754/1361/630 1814/1477/613
f 1738/1360/585 1814/1477/613 1812/1478/587
f 857/1384/648 828/1376/640 758/1372/636
f 857/1384/648 758/1372/636 833/1387/651
f 833/1387/651 758/1372/636 694/1379/643
f 842/1386/650 833/1387/651 832/1479/698
f 833/1387/651 694/1379/643 800/1380/644
f 800/1380/644 832/1479/698 833/1387/651
f 788/1383/647 832/1479/698 800/1380/644
f 788/1383/647 690/1480/669 812/1481/699
f 812/1481/699 690/1480/669 685/1482/700
f 812/1481/699 685/1483/700 741/1484/701
f 788/1383/647 812/1481/699 832/1479/698
f 832/1479/698 812/1481/699 842/1386/650
f 842/1386/650 812/1481/699 741/1484/701
f 842/1386/650 741/1484/701 856/1388/652
f 856/1388/652 741/1484/701 792/1392/656
f 792/1392/656 741/1484/701 649/1485/702
f 161/1449/538 209/1486/505 268/1177/533
f 689/1423/642 740/1487/661 640/1424/672
f 640/1424/672 740/1487/661 681/1488/703
f 632/1425/673 640/1424/672 681/1488/703
f 1623/1489/704 1608/1490/544 1355/1343/573
f 1585/1491/705 1608/1490/544 1623/1489/704
f 1657/1492/591 1150/1493/706 1257/1494/592
f 1657/1492/591 1698/1495/596 1179/1496/707
f 1150/1493/706 1657/1492/591 1179/1496/707
f 1756/1497/594 1203/1498/708 1662/1499/595
f 1257/1494/592 1150/1493/706 1756/1497/594
f 1203/1498/708 1139/1500/709 1662/1499/595
f 1590/1501/710 1662/1499/595 1139/1500/709
f 1606/1502/711 1154/1503/712 1188/1504/713
f 1188/1504/713 1154/1503/712 1268/1505/714
f 1198/1506/715 1188/1504/713 1636/1507/716
f 1188/1504/713 1268/1505/714 1636/1507/716
f 1198/1506/715 1636/1507/716 1168/1508/717
f 1636/1507/716 1325/1509/718 1168/1508/717
f 1188/1504/713 1198/1506/715 1197/1510/719
f 1719/1511/720 1168/1508/717 1690/1512/721
f 1198/1506/715 1168/1508/717 1719/1511/720
f 1188/1504/713 1667/1513/722 1606/1502/711
f 1636/1514/716 1690/1512/721 1325/1515/718
f 1690/1512/721 1636/1514/716 1606/1502/711
f 1690/1512/721 1606/1502/711 1667/1513/722
f 1690/1512/721 1667/1513/722 1719/1511/720
f 1606/1502/711 1268/1516/714 1590/1501/710
f 1590/1501/710 1268/1516/714 1446/1517/593
f 1590/1501/710 1154/1503/712 1606/1502/711
f 208/1518/723 229/1519/724 286/1520/725
f 286/1520/725 271/1521/539 266/1522/540
f 274/1523/726 286/1520/725 229/1519/724
f 208/1524/723 274/1525/726 204/1526/727
f 740/1527/661 813/1528/660 776/1529/728
f 740/1527/661 776/1529/728 714/1530/729
f 681/1531/703 740/1527/661 714/1530/729
f 1137/1532/545 1174/1533/730 1623/1489/704
f 1174/1533/730 1137/1534/545 1165/1264/588
f 1766/1535/731 1178/1536/732 1165/1264/588
f 1165/1264/588 1585/1537/705 1766/1535/731
f 1178/1536/732 1698/1273/596 1201/1267/590
f 1165/1264/588 1178/1536/732 1143/1538/733
f 1165/1264/588 1143/1538/733 1174/1533/730
f 1143/1538/733 1766/1539/731 1174/1533/730
f 1174/1533/730 1766/1539/731 1585/1491/705
f 1623/1489/704 1174/1533/730 1585/1491/705
f 1623/1489/704 1355/1343/573 1137/1532/545
f 1317/1472/665 1625/1363/632 1276/1362/631
f 621/1540/666 605/1541/667 615/1542/670
f 615/1542/670 605/1541/667 608/1543/734
f 79/1072/521 12/1544/735 3/944/469
f 279/1545/536 161/1546/538 271/1547/539
f 787/1548/736 716/1549/737 705/1550/738
f 716/1549/737 788/1551/647 693/1552/646
f 716/1549/737 693/1552/646 702/1553/739
f 697/1554/740 705/1550/738 702/1553/739
f 697/1554/740 720/1555/741 778/1556/742
f 778/1556/742 787/1548/736 705/1550/738
f 778/1556/742 705/1550/738 697/1554/740
f 705/1550/738 716/1549/737 702/1553/739
f 720/1557/741 796/1558/743 778/1559/742
f 754/1560/744 796/1558/743 720/1557/741
f 754/1560/744 702/1561/739 693/1562/646
f 693/1562/646 690/1563/669 754/1560/744
f 702/1561/739 754/1560/744 720/1557/741
f 788/1564/647 796/1558/743 754/1560/744
f 787/1565/736 796/1558/743 788/1564/647
f 796/1558/743 787/1565/736 778/1559/742
f 716/1566/737 787/1565/736 788/1564/647
f 1083/1567/280 577/1568/745 535/1569/213
f 997/1570/285 938/1571/284 954/1572/746
f 997/1570/285 954/1572/746 999/1573/747
f 41/525/267 62/940/465 42/1075/524
f 30/942/467 24/943/468 103/1574/748
f 260/1470/693 250/1575/749 212/1468/603
f 260/1470/693 267/1471/694 249/1576/750
f 250/1575/749 260/1470/693 249/1576/750
f 212/1468/603 250/1575/749 313/1577/751
f 212/1468/603 313/1577/751 314/1578/335
f 313/1577/751 250/1575/749 119/1579/752
f 313/1577/751 119/1579/752 125/1580/753
f 313/1577/751 125/1580/753 114/1581/754
f 247/1582/677 125/1580/753 119/1579/752
f 119/1579/752 250/1575/749 249/1576/750
f 119/1579/752 249/1576/750 139/1583/680
f 119/1579/752 179/1584/676 247/1582/677
f 247/1582/677 159/1585/755 125/1580/753
f 885/763/281 880/764/386 881/1586/756
f 813/1528/660 773/1587/654 730/1588/757
f 730/1588/757 681/1589/703 736/1590/758
f 732/1591/634 784/1592/759 736/1590/758
f 736/1590/758 784/1592/759 776/1529/728
f 784/1592/759 732/1591/634 751/1593/760
f 807/1594/384 751/1593/760 760/1595/761
f 784/1592/759 751/1593/760 807/1594/384
f 784/1592/759 807/1594/384 748/1596/382
f 732/1597/634 736/1598/758 714/1530/729
f 732/1597/634 714/1530/729 725/1599/453
f 725/1599/453 714/1530/729 784/1592/759
f 784/1592/759 714/1530/729 776/1529/728
f 776/1529/728 813/1528/660 730/1588/757
f 776/1529/728 730/1588/757 736/1590/758
f 876/1600/228 1090/1601/290 966/1602/762
f 748/1603/382 726/1604/383 737/1605/763
f 784/1606/759 748/1603/382 725/1607/453
f 729/1608/633 725/1607/453 748/1603/382
f 729/1608/633 748/1603/382 737/1605/763
f 737/1605/763 760/1609/761 729/1608/633
f 729/1608/633 760/1609/761 732/1610/634
f 732/1610/634 760/1609/761 751/1611/760
f 266/1450/540 203/1451/683 208/1612/723
f 118/1452/684 223/1176/549 300/1613/681
f 1016/1614/196 1020/1615/206 1021/1616/764
f 1165/1264/588 1608/1262/544 1585/1537/705
f 208/1617/723 286/1618/725 266/1619/540
f 1079/1620/439 1077/1621/438 1076/1622/765
f 1498/1623/428 1242/1624/766 1262/1625/427
f 210/1626/767 286/1627/725 274/1628/726
f 229/1629/724 210/1630/768 204/1631/727
f 210/1632/768 229/1629/724 208/1633/723
f 210/1632/768 208/1633/723 204/1634/727
f 229/1635/724 204/1634/727 274/1636/726
f 760/1595/761 789/1637/769 807/1594/384
f 789/1638/769 760/1595/761 737/1639/763
f 986/1640/770 1010/1641/437 987/1642/771
f 987/1643/771 991/1644/772 989/1645/773
f 989/1645/773 991/1644/772 1000/1646/286
f 991/1644/772 987/1647/771 1010/1648/437
f 991/1644/772 1010/1648/437 1000/1646/286
f 1073/1649/426 1080/1650/423 1067/1651/774
f 1062/1652/775 1067/1651/774 1080/1650/423
f 1134/1653/425 1135/1654/424 1080/1655/423
f 1245/1656/776 1134/1653/425 1094/1657/674
f 1094/1657/674 1134/1653/425 1080/1655/423
f 1245/1658/776 1498/1623/428 1134/1659/425
f 1135/1660/424 1498/1623/428 1245/1658/776
f 1498/1623/428 1135/1660/424 1073/1661/426
f 286/1662/725 210/1663/767 271/1441/539
f 271/1441/539 210/1663/767 274/1664/726
f 139/1440/680 271/1441/539 274/1664/726
f 1010/1665/437 995/1666/546 1022/1667/200
f 1019/1668/777 1022/1667/200 995/1666/546
f 1040/1669/420 1067/1670/774 1071/1671/778
f 1051/1672/779 1031/1673/418 1040/1669/420
f 1031/1674/418 1034/1675/553 1048/1676/421
f 1048/1676/421 1034/1675/553 1036/1677/554
f 1031/1674/418 1051/1678/779 1037/1679/780
f 1071/1680/778 1069/1681/419 1048/1682/421
f 1069/1681/419 1071/1680/778 1111/1683/663
f 1051/1684/779 1040/1685/420 1071/1680/778
f 1048/1682/421 1051/1684/779 1071/1680/778
f 1116/1686/781 1111/1683/663 1071/1680/778
f 1048/1687/421 1036/1688/554 1037/1689/780
f 1048/1687/421 1037/1689/780 1051/1690/779
f 1031/1691/418 1037/1689/780 1032/1692/782
f 1030/1693/783 1032/1692/782 1037/1689/780
f 1030/1693/783 1037/1689/780 1036/1688/554
f 1080/1650/423 1060/1694/422 1094/1695/674
f 720/1555/741 697/1554/740 702/1553/739
f 605/1696/667 616/1697/671 608/1698/734
f 616/1697/671 632/1699/673 608/1698/734
f 608/1698/734 629/1700/784 615/1701/670
f 615/1701/670 629/1700/784 649/1702/702
f 629/1700/784 608/1698/734 652/1703/658
f 763/1704/655 652/1703/658 672/1705/785
f 652/1703/658 715/1706/657 629/1700/784
f 629/1700/784 715/1706/657 649/1702/702
f 649/1702/702 715/1706/657 792/1707/656
f 649/1702/702 663/1708/786 615/1701/670
f 653/1709/668 615/1701/670 663/1708/786
f 663/1708/786 685/1710/700 653/1709/668
f 741/1711/701 663/1708/786 649/1702/702
f 663/1708/786 741/1711/701 685/1710/700
f 690/1712/669 653/1709/668 685/1710/700
f 1062/1713/775 1080/1714/423 1135/1715/424
f 1094/1716/674 1062/1713/775 1245/1717/776
f 1062/1713/775 1135/1715/424 1245/1717/776
f 672/1705/785 632/1699/673 681/1718/703
f 672/1705/785 681/1718/703 730/1719/757
f 736/1720/758 681/1718/703 714/1721/729
f 1062/1722/775 1094/1723/674 1176/1724/620
f 1071/1725/778 1067/1726/774 1116/1727/781
f 1116/1727/781 1067/1726/774 1176/1724/620
f 1176/1724/620 1308/1728/619 1116/1727/781
f 1116/1727/781 1308/1728/619 1289/1729/787
f 1062/1722/775 1176/1724/620 1067/1726/774
f 139/1730/680 118/1731/684 119/1732/752
f 118/1731/684 139/1730/680 203/1733/683
f 1317/1734/665 1111/1735/663 1116/1736/781
f 1317/1734/665 1645/1737/788 1695/1738/695
f 1616/1739/789 1645/1737/788 1317/1734/665
f 1622/1740/790 1645/1737/788 1616/1739/789
f 1660/1741/791 1622/1740/790 1593/1742/792
f 1689/1743/793 1711/1744/794 1722/1745/795
f 1724/1746/796 1689/1743/793 1722/1745/795
f 1724/1746/796 1774/1747/697 1726/1748/690
f 1726/1748/690 1774/1747/697 1791/1749/696
f 1724/1746/796 1726/1748/690 1622/1740/790
f 1724/1746/796 1622/1740/790 1689/1743/793
f 1660/1741/791 1689/1743/793 1622/1740/790
f 1695/1738/695 1622/1740/790 1726/1748/690
f 1695/1738/695 1645/1737/788 1622/1740/790
f 856/1388/652 792/1392/656 826/1389/653
f 690/1563/669 788/1564/647 754/1560/744
f 1178/1536/732 1766/1535/731 1698/1273/596
f 1200/1266/589 1257/1269/592 1175/1750/797
f 1200/1266/589 1175/1750/797 1150/1493/706
f 1150/1493/706 1175/1750/797 1203/1498/708
f 1756/1271/594 1175/1750/797 1257/1269/592
f 1268/1505/714 1154/1503/712 1139/1500/709
f 1268/1505/714 1139/1500/709 1446/1270/593
f 1606/1751/711 1636/1507/716 1268/1505/714
f 249/1576/750 267/1471/694 329/1460/461
f 249/1576/750 329/1460/461 179/1752/676
f 1775/1332/615 1830/1331/614 1774/1753/697
f 1308/1754/619 1778/1755/621 1615/1756/798
f 1717/1757/799 1615/1756/798 1778/1758/621
f 1576/1759/800 1593/1760/792 1416/1761/801
f 1505/1762/626 1576/1759/800 1416/1761/801
f 1505/1762/626 1416/1761/801 1504/1763/624
f 1505/1762/626 1580/1764/802 1576/1759/800
f 813/1765/660 827/1395/659 773/1390/654
f 730/1766/757 773/1390/654 672/1767/785
f 773/1390/654 763/1391/655 672/1767/785
f 632/1699/673 672/1705/785 652/1703/658
f 632/1699/673 652/1703/658 608/1698/734
f 1528/1768/625 1513/1769/627 1520/1770/622
f 1504/1771/624 1464/1772/803 1528/1768/625
f 1513/1769/627 1528/1768/625 1505/1773/626
f 1505/1773/626 1528/1768/625 1580/1774/802
f 1580/1774/802 1528/1768/625 1536/1775/804
f 1577/1776/805 1317/1734/665 1289/1777/787
f 1577/1776/805 1289/1777/787 1576/1778/800
f 1317/1734/665 1116/1736/781 1289/1777/787
f 274/1779/726 208/1780/723 203/1781/683
f 118/1782/684 179/1783/676 119/1784/752
f 139/1785/680 274/1779/726 203/1781/683
f 300/1786/681 187/1787/689 328/1788/503
f 187/1787/689 300/1786/681 155/1789/688
f 155/1789/688 300/1786/681 159/1790/755
f 168/1791/806 155/1789/688 159/1790/755
f 168/1791/806 159/1790/755 247/1792/677
f 168/1793/806 114/1794/754 155/1795/688
f 155/1795/688 114/1794/754 112/1796/687
f 112/1796/687 114/1794/754 120/1797/686
f 120/1797/686 114/1794/754 125/1798/753
f 120/1797/686 125/1798/753 159/1799/755
f 300/1786/681 223/1800/549 159/1790/755
f 1143/1538/733 1178/1536/732 1179/1496/707
f 1178/1536/732 1201/1267/590 1179/1496/707
f 1201/1267/590 1200/1266/589 1179/1496/707
f 1775/1801/615 1774/1476/697 1818/1802/807
f 438/1803/808 407/1804/809 358/1805/810
f 351/1806/811 359/1807/812 352/1808/813
f 351/1806/811 352/1808/813 386/1809/814
f 383/1810/815 351/1806/811 386/1809/814
f 383/1810/815 386/1809/814 440/1811/816
f 386/1809/814 352/1808/813 382/1812/817
f 452/1813/818 386/1809/814 382/1814/817
f 452/1813/818 382/1814/817 430/1815/819
f 449/1816/820 359/1817/812 351/1818/811
f 444/1819/821 386/1820/814 452/1821/818
f 444/1819/821 440/1822/816 386/1823/814
f 431/1824/822 359/1817/812 449/1816/820
f 440/1822/816 444/1819/821 449/1816/820
f 431/1824/822 449/1816/820 438/1825/808
f 452/1821/818 438/1825/808 449/1816/820
f 452/1821/818 449/1816/820 444/1819/821
f 431/1824/822 438/1825/808 359/1826/812
f 965/1827/823 933/1828/824 1052/1829/825
f 933/1828/824 931/1830/826 1052/1829/825
f 944/1831/827 931/1830/826 936/1832/828
f 931/1830/826 944/1831/827 979/1833/829
f 1052/1834/825 931/1830/826 979/1833/829
f 979/1833/829 944/1831/827 936/1832/828
f 959/1835/830 979/1833/829 936/1832/828
f 968/1836/831 933/1837/824 965/1838/823
f 935/1839/832 968/1836/831 937/1840/833
f 968/1836/831 982/1841/834 937/1840/833
f 1052/1842/825 979/1843/829 1131/1844/835
f 1131/1844/835 979/1843/829 959/1845/830
f 1052/1842/825 1131/1844/835 965/1838/823
f 965/1838/823 1131/1844/835 968/1836/831
f 931/1846/826 933/1847/824 935/1848/832
f 935/1848/832 936/1849/828 931/1846/826
f 935/1848/832 933/1847/824 968/1850/831
f 936/1849/828 935/1848/832 922/1851/836
f 949/1852/837 947/1853/838 922/1851/836
f 922/1851/836 947/1853/838 936/1849/828
f 922/1851/836 935/1848/832 937/1854/833
f 1010/1855/437 986/1856/770 995/1857/546
f 1000/1858/286 995/1857/546 989/1859/773
f 995/1857/546 986/1856/770 989/1859/773
f 987/1860/771 989/1859/773 986/1856/770
f 179/1861/676 118/1862/684 300/1863/681
f 223/1864/549 120/1865/686 159/1866/755
f 449/1867/820 383/1810/815 440/1868/816
f 383/1810/815 449/1867/820 351/1806/811
f 359/1807/812 358/1805/810 352/1808/813
f 358/1805/810 359/1807/812 438/1803/808
f 1143/1538/733 1179/1496/707 1766/1539/731
f 1766/1539/731 1179/1496/707 1698/1495/596
f 1150/1493/706 1179/1496/707 1200/1266/589
f 1756/1497/594 1150/1493/706 1203/1498/708
f 1203/1498/708 1175/1750/797 1139/1500/709
f 1778/1340/621 1775/1332/615 1702/1869/839
f 249/1870/750 179/1783/676 139/1871/680
f 139/1871/680 179/1783/676 300/1786/681
f 1121/1872/840 1131/1873/835 959/1835/830
f 1121/1872/840 959/1835/830 980/1874/841
f 947/1875/838 980/1874/841 959/1835/830
f 947/1875/838 959/1835/830 936/1832/828
f 980/1874/841 947/1875/838 950/1876/842
f 950/1876/842 964/1877/843 980/1874/841
f 1059/1878/844 1108/1879/845 964/1877/843
f 964/1877/843 1108/1879/845 980/1874/841
f 980/1874/841 1108/1879/845 1121/1872/840
f 961/1880/846 1121/1872/840 1133/1881/847
f 961/1880/846 1133/1881/847 976/1882/848
f 961/1880/846 982/1883/834 1121/1872/840
f 1131/1873/835 982/1883/834 968/1884/831
f 982/1883/834 1131/1873/835 1121/1872/840
f 937/1885/833 982/1883/834 920/1886/849
f 961/1880/846 920/1886/849 982/1883/834
f 1416/1887/801 1464/1888/803 1504/1889/624
f 1464/1888/803 1416/1887/801 1426/1890/850
f 1394/1891/851 1454/1892/852 1536/1893/804
f 1394/1891/851 1464/1888/803 1426/1890/850
f 1536/1893/804 1464/1888/803 1394/1891/851
f 1536/1893/804 1528/1894/625 1464/1888/803
f 1406/1895/853 1416/1896/801 1536/1893/804
f 1536/1893/804 1416/1896/801 1593/1897/792
f 1778/1898/621 1702/1899/839 1717/1757/799
f 1717/1757/799 1702/1899/839 1615/1756/798
f 1702/1899/839 1775/1900/615 1818/1901/807
f 1818/1901/807 1768/1902/854 1711/1903/794
f 1818/1901/807 1711/1903/794 1702/1899/839
f 1702/1899/839 1711/1903/794 1660/1904/791
f 1660/1904/791 1554/1905/855 1702/1899/839
f 1615/1756/798 1702/1899/839 1554/1905/855
f 1308/1754/619 1615/1756/798 1554/1905/855
f 1576/1759/800 1554/1905/855 1593/1760/792
f 1554/1905/855 1576/1759/800 1289/1906/787
f 1308/1754/619 1554/1905/855 1289/1906/787
f 439/1907/856 438/1825/808 452/1821/818
f 1030/1908/783 1036/1909/554 1031/1910/418
f 437/1911/857 373/1912/858 389/1913/859
f 373/1912/858 372/1914/860 371/1915/861
f 373/1912/858 367/1916/862 372/1914/860
f 369/1917/863 372/1914/860 367/1916/862
f 394/1918/864 376/1919/865 402/1920/866
f 394/1918/864 402/1920/866 398/1921/867
f 376/1919/865 372/1914/860 402/1920/866
f 369/1917/863 393/1922/868 372/1914/860
f 372/1914/860 393/1922/868 406/1923/869
f 372/1914/860 406/1923/869 402/1920/866
f 406/1923/869 393/1922/868 404/1924/870
f 406/1923/869 392/1925/871 398/1921/867
f 406/1923/869 398/1921/867 402/1920/866
f 432/1926/872 373/1912/858 437/1911/857
f 437/1911/857 385/1927/873 448/1928/874
f 437/1911/857 448/1928/874 503/1929/875
f 500/1930/876 432/1926/872 503/1929/875
f 432/1926/872 437/1911/857 503/1929/875
f 502/1931/877 503/1929/875 448/1928/874
f 500/1932/876 503/1929/875 512/1933/878
f 512/1933/878 503/1929/875 505/1934/879
f 505/1934/879 503/1929/875 513/1935/880
f 502/1931/877 513/1935/880 503/1929/875
f 502/1931/877 448/1928/874 441/1936/881
f 389/1913/859 385/1927/873 437/1911/857
f 389/1913/859 371/1915/861 385/1927/873
f 385/1927/873 384/1937/882 441/1938/881
f 448/1928/874 385/1927/873 441/1938/881
f 916/1939/883 973/1940/884 908/1941/885
f 908/1941/885 973/1940/884 962/1942/886
f 930/1943/887 974/1944/888 971/1945/889
f 916/1939/883 971/1945/889 973/1940/884
f 916/1939/883 930/1943/887 971/1945/889
f 898/1946/890 930/1943/887 900/1947/891
f 900/1947/891 930/1943/887 916/1939/883
f 916/1939/883 908/1941/885 900/1947/891
f 907/1948/892 908/1941/885 912/1949/893
f 912/1949/893 908/1941/885 899/1950/894
f 899/1950/894 915/1951/895 903/1952/896
f 899/1950/894 908/1941/885 915/1951/895
f 915/1951/895 908/1941/885 910/1953/897
f 908/1941/885 962/1942/886 922/1954/836
f 922/1954/836 910/1955/897 908/1941/885
f 922/1954/836 937/1956/833 920/1957/849
f 371/1915/861 389/1913/859 373/1912/858
f 371/1915/861 372/1914/860 376/1919/865
f 371/1915/861 376/1919/865 385/1927/873
f 358/1958/810 347/1959/898 346/1960/899
f 345/1961/900 346/1960/899 347/1959/898
f 346/1960/899 364/1962/901 352/1963/813
f 352/1963/813 358/1958/810 346/1960/899
f 962/1964/886 973/1965/884 1114/1966/902
f 971/1967/889 974/1968/888 1033/1969/903
f 971/1967/889 1114/1966/902 973/1965/884
f 1112/1970/904 1114/1966/902 971/1967/889
f 1114/1966/902 1112/1970/904 1085/1971/905
f 1112/1970/904 971/1967/889 1033/1969/903
f 1112/1970/904 1033/1969/903 1106/1972/906
f 1055/1973/907 1112/1970/904 1106/1972/906
f 1106/1972/906 1058/1974/908 1055/1973/907
f 1055/1973/907 1058/1974/908 1068/1975/909
f 1085/1971/905 1055/1973/907 1056/1976/910
f 1055/1973/907 1068/1975/909 1056/1976/910
f 1085/1971/905 1112/1970/904 1055/1973/907
f 1114/1966/902 1085/1971/905 1056/1976/910
f 1114/1966/902 1056/1976/910 1086/1977/911
f 1068/1975/909 1065/1978/912 1056/1976/910
f 1084/1979/913 1068/1975/909 1058/1974/908
f 1068/1975/909 1084/1979/913 1065/1978/912
f 1070/1980/914 1065/1978/912 1084/1979/913
f 1057/1981/915 1070/1980/914 1084/1979/913
f 1089/1982/916 1057/1981/915 1113/1983/917
f 1089/1982/916 1099/1984/918 1053/1985/919
f 1108/1986/845 1099/1984/918 1089/1982/916
f 1056/1976/910 1053/1985/919 1086/1977/911
f 1086/1977/911 1053/1985/919 1099/1984/918
f 1114/1966/902 1086/1977/911 962/1964/886
f 1086/1977/911 1099/1984/918 962/1964/886
f 962/1964/886 1099/1984/918 1108/1986/845
f 1108/1986/845 1133/1987/847 1121/1988/840
f 1133/1987/847 1108/1986/845 1017/1989/920
f 1059/1990/844 1017/1989/920 946/1991/921
f 969/1992/922 946/1991/921 1017/1989/920
f 946/1991/921 969/1992/922 929/1993/923
f 913/1994/924 946/1991/921 929/1993/923
f 969/1992/922 1017/1989/920 1089/1982/916
f 969/1992/922 1113/1983/917 963/1995/925
f 1106/1972/906 963/1995/925 1113/1983/917
f 970/1996/926 963/1995/925 1033/1969/903
f 963/1995/925 1106/1972/906 1033/1969/903
f 963/1995/925 925/1997/927 969/1992/922
f 925/1997/927 963/1995/925 921/1998/928
f 921/1999/928 963/1995/925 970/1996/926
f 1058/1974/908 1106/1972/906 1113/1983/917
f 1058/1974/908 1113/1983/917 1057/1981/915
f 1113/1983/917 969/1992/922 1089/1982/916
f 1108/1986/845 1089/1982/916 1017/1989/920
f 513/2000/880 500/2001/876 512/2002/878
f 500/2001/876 513/2000/880 502/2003/877
f 500/2001/876 502/2003/877 507/2004/929
f 507/2004/929 499/2005/930 500/2001/876
f 439/2006/856 500/2001/876 467/2007/931
f 467/2007/931 498/2008/932 439/2006/856
f 432/2009/872 500/2001/876 439/2006/856
f 946/2010/921 950/2011/842 958/2012/933
f 958/2012/933 1059/2013/844 946/2010/921
f 1059/2013/844 964/2014/843 981/2015/934
f 1108/2016/845 1059/2013/844 958/2012/933
f 1108/2016/845 958/2012/933 957/2017/935
f 962/2018/886 1108/2016/845 957/2017/935
f 962/2019/886 957/2017/935 922/2020/836
f 950/2011/842 957/2017/935 958/2012/933
f 950/2011/842 949/2021/837 957/2017/935
f 957/2017/935 949/2021/837 922/2020/836
f 432/2009/872 367/2022/862 373/2023/858
f 439/2006/856 367/2022/862 432/2009/872
f 367/2022/862 439/2006/856 381/2024/936
f 381/2024/936 439/2006/856 454/2025/937
f 454/2025/937 399/2026/938 381/2024/936
f 381/2024/936 364/2027/901 367/2022/862
f 12/1544/735 111/2028/939 16/2029/940
f 12/1544/735 16/2029/940 10/2030/941
f 12/1544/735 10/2030/941 3/944/469
f 1774/2031/697 1796/2032/942 1818/2033/807
f 1818/2033/807 1796/2032/942 1861/2034/943
f 1796/2032/942 1752/2035/944 1805/2036/945
f 1786/2037/946 1805/2036/945 1752/2035/944
f 1711/2038/794 1752/2035/944 1722/2039/795
f 1768/2040/854 1818/2041/807 1833/2042/947
f 1818/2043/807 1861/2044/943 1833/2042/947
f 1711/2038/794 1768/2040/854 1786/2037/946
f 1752/2035/944 1711/2038/794 1786/2037/946
f 1796/2045/942 1774/1747/697 1724/1746/796
f 393/2046/868 369/2047/863 370/2048/948
f 370/2048/948 369/2047/863 367/2049/862
f 370/2048/948 367/2049/862 364/1962/901
f 438/2050/808 439/2051/856 407/2052/809
f 439/2051/856 452/2053/818 430/2054/819
f 439/2051/856 498/2055/932 407/2052/809
f 498/2055/932 434/2056/949 407/2052/809
f 1073/1661/426 1135/1660/424 1074/2057/417
f 352/2058/813 364/2059/901 382/2060/817
f 364/2059/901 381/2061/936 382/2060/817
f 381/2061/936 378/2062/950 382/2060/817
f 378/2063/950 430/2064/819 382/2060/817
f 378/2063/950 445/2065/951 430/2064/819
f 1577/2066/805 1576/1759/800 1580/1764/802
f 347/1959/898 358/1958/810 407/2067/809
f 434/2068/949 347/1959/898 407/2067/809
f 1030/2069/783 1031/2070/418 1029/2071/952
f 1029/2071/952 1031/2070/418 1032/2072/782
f 1577/1776/805 1580/1774/802 1616/1739/789
f 1616/1739/789 1580/1774/802 1622/1740/790
f 1593/1742/792 1622/1740/790 1580/1774/802
f 1580/1774/802 1536/1775/804 1593/1742/792
f 1577/1776/805 1616/1739/789 1317/1734/665
f 1067/2073/774 1040/2074/420 1073/2075/426
f 439/2051/856 430/2054/819 454/2076/937
f 454/2076/937 430/2054/819 445/2077/951
f 1861/2078/943 1796/2079/942 1853/2080/953
f 1796/2079/942 1805/2081/945 1853/2080/953
f 1861/2078/943 1894/2082/954 1833/2083/947
f 1768/2084/854 1833/2083/947 1894/2082/954
f 1768/2084/854 1894/2082/954 1844/2085/955
f 1786/2086/946 1768/2084/854 1844/2085/955
f 1426/2087/850 1416/2088/801 1359/2089/956
f 1359/2089/956 1448/2090/957 1453/2091/958
f 1359/2089/956 1453/2091/958 1426/2087/850
f 1426/2087/850 1453/2091/958 1394/2092/851
f 1416/2093/801 1345/2094/959 1359/2095/956
f 1796/2032/942 1724/2096/796 1752/2035/944
f 947/1875/838 949/2097/837 950/1876/842
f 1756/1271/594 1446/1270/593 1175/1750/797
f 1590/2098/710 1446/1270/593 1662/1272/595
f 1446/1270/593 1139/1500/709 1175/1750/797
f 1724/2096/796 1722/2039/795 1752/2035/944
f 1660/1904/791 1593/1760/792 1554/1905/855
f 1867/2099/960 1861/2100/943 1853/2101/953
f 1851/2102/961 1805/2103/945 1857/2104/962
f 1805/2103/945 1851/2102/961 1872/2105/963
f 1805/2103/945 1786/2106/946 1867/2099/960
f 1406/2107/853 1536/2108/804 1454/2109/852
f 1416/2093/801 1406/2107/853 1345/2094/959
f 1711/1903/794 1689/2110/793 1660/1904/791
f 1861/2111/943 1867/2112/960 1849/2113/964
f 1861/2111/943 1849/2113/964 1894/2082/954
f 1448/2114/957 1359/2115/956 1452/2116/965
f 1359/2115/956 1386/2117/966 1452/2116/965
f 1386/2117/966 1477/2118/967 1405/2119/968
f 1386/2117/966 1405/2119/968 1452/2116/965
f 1405/2119/968 1471/2120/969 1452/2116/965
f 1452/2116/965 1471/2120/969 1478/2121/970
f 1478/2121/970 1471/2120/969 1477/2122/967
f 1345/2123/959 1406/2124/853 1386/2117/966
f 1386/2117/966 1359/2115/956 1345/2123/959
f 1872/2125/963 1853/2126/953 1805/2127/945
f 1872/2125/963 1871/2128/971 1853/2126/953
f 1394/2092/851 1419/2129/972 1454/2109/852
f 1019/2130/777 995/2131/546 1016/2132/196
f 1015/2133/973 1019/2130/777 1016/2132/196
f 876/2134/228 578/2135/974 831/2136/212
f 1223/2137/214 1096/2138/215 1097/2139/975
f 1090/1601/290 1223/2137/214 1097/2139/975
f 1096/2138/215 1123/2140/976 1097/2139/975
f 1090/1601/290 1097/2141/975 966/1602/762
f 1477/2142/967 1386/2143/966 1454/2144/852
f 1386/2143/966 1406/2145/853 1454/2144/852
f 1867/2146/960 1857/2147/962 1849/2148/964
f 1849/2148/964 1857/2147/962 1871/2149/971
f 1871/2149/971 1872/2150/963 1851/2151/961
f 1871/2149/971 1857/2147/962 1805/2152/945
f 1867/2153/960 1871/2149/971 1805/2152/945
f 1871/2149/971 1867/2153/960 1853/2154/953
f 1857/2155/962 1867/2156/960 1851/2157/961
f 1871/2158/971 1851/2157/961 1849/2159/964
f 1849/2159/964 1851/2157/961 1786/2160/946
f 1851/2157/961 1867/2156/960 1786/2160/946
f 1844/2085/955 1849/2161/964 1786/2086/946
f 1448/2162/957 1478/2163/970 1454/2164/852
f 1454/2164/852 1478/2163/970 1477/2165/967
f 1442/2166/977 1478/2163/970 1466/2167/978
f 1466/2167/978 1478/2163/970 1448/2162/957
f 1394/2168/851 1448/2162/957 1442/2169/977
f 1442/2169/977 1448/2162/957 1452/2170/965
f 1442/2169/977 1452/2170/965 1478/2171/970
f 1448/2162/957 1394/2168/851 1466/2167/978
f 1466/2167/978 1394/2168/851 1453/2172/958
f 1419/2173/972 1466/2167/978 1453/2172/958
f 1419/2173/972 1453/2172/958 1454/2174/852
f 1453/2175/958 1448/2176/957 1454/2177/852
f 899/2178/894 903/2179/896 896/2180/979
f 896/2180/979 915/2181/895 910/2182/897
f 896/2180/979 910/2182/897 895/2183/980
f 915/2184/895 918/2185/981 903/2186/896
f 923/2187/982 915/2184/895 896/2188/979
f 923/2187/982 896/2188/979 903/2189/896
f 918/2190/981 899/2191/894 907/2192/892
f 918/2190/981 907/2192/892 914/2193/983
f 918/2190/981 914/2193/983 905/2194/984
f 918/2190/981 905/2194/984 903/2189/896
f 903/2189/896 905/2194/984 902/2195/985
f 923/2187/982 903/2189/896 904/2196/986
f 923/2187/982 951/2197/987 915/2184/895
f 940/2198/988 915/2184/895 956/2199/989
f 912/2200/893 915/2184/895 914/2201/983
f 907/2202/892 912/2200/893 914/2201/983
f 914/2201/983 915/2184/895 940/2198/988
f 900/2203/891 914/2201/983 909/2204/990
f 914/2201/983 940/2198/988 909/2204/990
f 909/2204/990 940/2198/988 905/2205/984
f 905/2205/984 940/2198/988 948/2206/991
f 940/2198/988 956/2199/989 948/2206/991
f 948/2206/991 906/2207/992 905/2205/984
f 905/2205/984 914/2208/983 900/2209/891
f 902/2210/985 905/2205/984 906/2207/992
f 505/2211/879 485/2212/993 482/2213/994
f 505/2211/879 506/2214/995 485/2212/993
f 505/2211/879 513/2215/880 506/2214/995
f 505/2211/879 504/2216/996 496/2217/997
f 482/2213/994 487/2218/998 505/2211/879
f 487/2218/998 482/2213/994 475/2219/999
f 482/2213/994 485/2212/993 475/2219/999
f 485/2212/993 483/2220/1000 475/2219/999
f 496/2221/997 483/2220/1000 485/2212/993
f 483/2220/1000 496/2221/997 479/2222/1001
f 485/2212/993 506/2214/995 496/2221/997
f 1405/2223/968 1394/2224/851 1442/2225/977
f 1405/2223/968 1442/2225/977 1471/2226/969
f 1442/2225/977 1466/2227/978 1419/2228/972
f 1442/2225/977 1419/2228/972 1471/2226/969
f 1471/2229/969 1419/2230/972 1477/2231/967
f 1477/2231/967 1419/2230/972 1405/2232/968
f 907/2233/892 899/2178/894 900/2234/891
f 907/2233/892 900/2234/891 909/2235/990
f 907/2233/892 909/2235/990 908/2236/885
f 894/2237/1002 900/2234/891 899/2178/894
f 899/2178/894 896/2180/979 894/2237/1002
f 900/2234/891 894/2237/1002 898/2238/890
f 909/2235/990 905/2239/984 908/2240/885
f 908/2240/885 905/2239/984 900/2234/891
f 898/2238/890 924/2241/1003 930/2242/887
f 902/2243/985 898/2238/890 894/2237/1002
f 895/2183/980 894/2237/1002 896/2180/979
f 918/2185/981 912/2200/893 899/2244/894
f 912/2200/893 918/2185/981 915/2184/895
f 1844/2245/955 1894/2246/954 1849/2247/964
f 1405/2248/968 1374/2249/1004 1394/2250/851
f 1394/2250/851 1374/2249/1004 1419/2251/972
f 1405/2248/968 1419/2251/972 1374/2249/1004
f 913/2252/924 920/1886/849 927/2253/1005
f 961/1880/846 976/1882/848 920/1886/849
f 976/1882/848 927/2253/1005 920/1886/849
f 628/2254/355 594/2255/452 668/2256/358
f 603/2257/455 594/2258/452 601/2259/354
f 603/2257/455 582/2260/351 583/2261/1006
f 888/2262/682 891/2263/282 885/2264/281
f 997/2265/285 999/2266/747 877/2267/227
f 852/2268/1007 865/2269/380 835/2270/379
f 865/2269/380 848/2271/1008 840/2272/283
f 723/2273/454 721/2274/1009 726/2275/383
f 519/2276/1010 531/2277/1011 533/2278/366
f 533/2278/366 518/2279/367 519/2276/1010
f 799/2280/378 807/2281/384 789/2282/769
f 799/2280/378 789/2282/769 817/2283/385
f 726/2284/383 753/2285/1012 737/2286/763
f 789/2282/769 737/2286/763 753/2285/1012
f 49/2287/1013 43/2288/1014 53/2289/1015
f 922/2290/836 920/2291/849 913/2292/924
f 911/2293/1016 897/2294/1017 910/2295/897
f 911/2293/1016 932/2296/1018 897/2294/1017
f 904/2297/986 897/2294/1017 951/2298/987
f 951/2298/987 932/2296/1018 956/2299/989
f 951/2298/987 897/2294/1017 932/2296/1018
f 939/2300/1019 956/2299/989 932/2296/1018
f 939/2300/1019 932/2296/1018 902/2301/985
f 948/2302/991 939/2300/1019 902/2301/985
f 902/2301/985 906/2303/992 948/2302/991
f 948/2302/991 956/2299/989 939/2300/1019
f 24/2304/468 63/2305/464 45/2306/1020
f 24/2304/468 45/2306/1020 74/2307/1021
f 341/2308/336 314/2309/335 324/2310/1022
f 318/2311/1023 324/2310/1022 314/2309/335
f 318/2311/1023 314/2309/335 323/2312/1024
f 341/2308/336 324/2310/1022 343/2313/1025
f 277/2314/1026 318/2311/1023 323/2312/1024
f 277/2314/1026 323/2312/1024 281/2315/1027
f 115/2316/1028 121/2317/1029 303/2318/1030
f 115/2316/1028 303/2318/1030 277/2314/1026
f 277/2314/1026 303/2318/1030 318/2311/1023
f 142/2319/1031 115/2316/1028 277/2314/1026
f 306/2320/1032 277/2314/1026 184/2321/1033
f 184/2321/1033 277/2314/1026 141/2322/1034
f 141/2322/1034 277/2314/1026 281/2315/1027
f 145/2323/1035 281/2315/1027 323/2312/1024
f 288/2324/1036 145/2323/1035 323/2312/1024
f 127/2325/1037 288/2324/1036 323/2312/1024
f 323/2312/1024 251/2326/1038 127/2325/1037
f 421/2327/338 427/2328/527 416/2329/429
f 484/2330/368 456/2331/340 478/2332/341
f 473/2333/1039 478/2332/341 416/2334/429
f 915/2184/895 951/2197/987 956/2199/989
f 951/2197/987 923/2187/982 904/2196/986
f 904/2196/986 903/2189/896 902/2195/985
f 904/2196/986 902/2195/985 897/2335/1017
f 114/2336/754 299/2337/1040 313/2338/751
f 153/2339/1041 313/2338/751 299/2337/1040
f 314/2340/335 313/2338/751 323/2341/1024
f 299/2337/1040 175/2342/1042 153/2339/1041
f 168/2343/806 175/2342/1042 299/2337/1040
f 505/2211/879 487/2218/998 504/2216/996
f 299/2344/1040 114/2345/754 168/2346/806
f 1053/1985/919 1056/1976/910 1065/1978/912
f 1053/1985/919 1065/1978/912 1070/1980/914
f 1053/1985/919 1070/1980/914 1057/1981/915
f 1053/1985/919 1057/1981/915 1089/1982/916
f 910/2295/897 922/2290/836 913/2292/924
f 911/2293/1016 910/2295/897 913/2292/924
f 911/2293/1016 913/2292/924 929/2347/923
f 929/2347/923 925/2348/927 911/2293/1016
f 911/2293/1016 898/2349/890 902/2301/985
f 898/2349/890 911/2293/1016 925/2348/927
f 902/2301/985 932/2296/1018 911/2293/1016
f 315/2350/675 276/2351/320 321/2352/1043
f 329/2353/461 245/2354/1044 175/2355/1042
f 247/2356/677 329/2353/461 175/2355/1042
f 247/2356/677 175/2355/1042 168/2357/806
f 245/2354/1044 253/2358/1045 187/2359/689
f 175/2355/1042 245/2354/1044 187/2359/689
f 950/2360/842 946/2361/921 945/2362/1046
f 950/2360/842 945/2362/1046 964/2363/843
f 964/2363/843 945/2362/1046 981/2364/934
f 943/2365/1047 981/2364/934 945/2362/1046
f 945/2362/1046 946/2361/921 913/2366/924
f 945/2362/1046 913/2366/924 943/2365/1047
f 919/2367/1048 943/2365/1047 913/2366/924
f 981/2364/934 943/2365/1047 1005/2368/1049
f 1005/2368/1049 943/2365/1047 941/2369/1050
f 1059/2370/844 981/2364/934 1017/2371/920
f 1017/2371/920 981/2364/934 1122/2372/1051
f 1017/2371/920 1122/2372/1051 1133/2373/847
f 1005/2368/1049 1122/2372/1051 981/2364/934
f 972/2374/1052 1122/2372/1051 1005/2368/1049
f 77/2375/1053 76/2376/147 2/2377/143
f 2/2378/143 3/2379/469 4/2380/1054
f 297/2381/416 317/2382/298 320/2383/145
f 256/2384/1055 317/2382/298 325/2385/1056
f 256/2384/1055 325/2385/1056 284/2386/1057
f 222/2387/1058 284/2386/1057 325/2385/1056
f 222/2387/1058 325/2385/1056 134/2388/1059
f 284/2386/1057 222/2387/1058 140/2389/1060
f 384/2390/882 385/2391/873 376/2392/865
f 377/2393/1061 384/2390/882 376/2392/865
f 462/2394/1062 441/2395/881 388/2396/1063
f 388/2396/1063 441/2395/881 384/2390/882
f 462/2394/1062 388/2396/1063 400/2397/1064
f 380/2398/1065 461/2399/1066 400/2397/1064
f 461/2399/1066 380/2398/1065 443/2400/1067
f 390/2401/1068 380/2398/1065 363/2402/1069
f 390/2401/1068 363/2402/1069 381/2403/936
f 399/2404/938 390/2401/1068 381/2403/936
f 454/2405/937 467/2406/931 390/2401/1068
f 467/2406/931 443/2400/1067 390/2401/1068
f 390/2401/1068 443/2400/1067 380/2398/1065
f 390/2401/1068 399/2404/938 454/2405/937
f 95/2407/1070 45/2306/1020 55/2408/1071
f 63/2305/464 55/2408/1071 45/2306/1020
f 63/2305/464 43/2409/1014 55/2408/1071
f 55/2408/1071 43/2409/1014 99/2410/1072
f 202/2411/685 148/2412/1073 187/2413/689
f 153/2414/1041 256/2415/1055 253/2416/1045
f 253/2416/1045 256/2415/1055 252/2417/1074
f 252/2418/1074 256/2419/1055 178/2420/1075
f 141/2421/1034 174/2422/1076 134/2423/1059
f 134/2423/1059 174/2422/1076 221/2424/1077
f 222/2425/1058 134/2423/1059 221/2424/1077
f 312/2426/679 328/2427/503 252/2428/1074
f 276/2429/320 312/2426/679 321/2430/1043
f 329/2431/461 310/2432/678 306/2433/1032
f 234/2434/1078 239/2435/1079 152/2436/1080
f 174/2437/1076 152/2436/1080 306/2433/1032
f 152/2436/1080 239/2435/1079 306/2433/1032
f 312/2426/679 234/2438/1078 198/2439/1081
f 312/2426/679 198/2439/1081 211/2440/1082
f 211/2440/1082 198/2439/1081 221/2441/1077
f 174/2442/1076 184/2443/1033 221/2441/1077
f 221/2441/1077 184/2443/1033 211/2440/1082
f 306/2433/1032 184/2444/1033 174/2437/1076
f 243/2445/1083 142/2446/1031 306/2433/1032
f 306/2433/1032 156/2447/1084 243/2445/1083
f 306/2433/1032 310/2432/678 156/2447/1084
f 121/2448/1029 115/2449/1028 156/2447/1084
f 156/2447/1084 115/2449/1028 243/2445/1083
f 377/2393/1061 376/2392/865 394/2450/864
f 398/2451/867 405/2452/1085 394/2450/864
f 377/2393/1061 394/2450/864 405/2452/1085
f 374/2453/1086 377/2393/1061 405/2452/1085
f 15/2454/1087 8/2455/1088 10/2456/941
f 10/2456/941 8/2455/1088 4/2380/1054
f 4/2380/1054 3/2379/469 10/2456/941
f 6/2457/1089 8/2455/1088 9/2458/1090
f 8/2455/1088 6/2457/1089 4/2380/1054
f 1154/1503/712 1590/1501/710 1139/1500/709
f 328/2427/503 187/2459/689 252/2428/1074
f 252/2428/1074 187/2459/689 253/2460/1045
f 312/2426/679 252/2428/1074 231/2461/1091
f 902/2462/985 901/2463/1092 897/2464/1017
f 392/2465/871 396/2466/1093 398/2467/867
f 398/2467/867 396/2466/1093 405/2468/1085
f 405/2468/1085 396/2466/1093 409/2469/1094
f 409/2469/1094 396/2466/1093 392/2465/871
f 404/2470/870 409/2469/1094 392/2465/871
f 392/2465/871 406/2471/869 404/2470/870
f 409/2469/1094 404/2470/870 401/2472/1095
f 405/2468/1085 409/2469/1094 374/2473/1086
f 374/2473/1086 409/2469/1094 368/2474/1096
f 368/2474/1096 409/2469/1094 401/2472/1095
f 401/2472/1095 404/2470/870 370/2475/948
f 370/2475/948 404/2470/870 393/2476/868
f 364/2477/901 363/2478/1069 370/2475/948
f 370/2475/948 363/2478/1069 368/2474/1096
f 368/2474/1096 363/2478/1069 380/2479/1065
f 368/2474/1096 401/2472/1095 370/2475/948
f 29/2480/1097 8/2481/1088 71/2482/1098
f 8/2481/1088 29/2480/1097 9/2483/1090
f 9/2483/1090 52/2484/1099 6/2485/1089
f 6/2485/1089 52/2484/1099 78/2486/1100
f 202/2487/685 256/2384/1055 148/2488/1073
f 256/2384/1055 202/2487/685 223/2489/549
f 256/2384/1055 223/2489/549 317/2382/298
f 10/2490/941 70/2491/1101 15/2492/1087
f 104/2493/1102 8/2481/1088 15/2492/1087
f 974/1944/888 930/1943/887 1033/2494/903
f 502/2495/877 441/2395/881 499/2496/930
f 486/2497/1103 504/2498/996 487/2499/998
f 487/2499/998 474/2500/1104 486/2497/1103
f 487/2499/998 475/2501/999 474/2500/1104
f 475/2502/999 483/2503/1000 479/2504/1001
f 479/2504/1001 474/2500/1104 475/2502/999
f 479/2504/1001 496/2505/997 504/2498/996
f 481/2506/1105 474/2500/1104 479/2504/1001
f 479/2504/1001 504/2498/996 481/2506/1105
f 486/2497/1103 474/2500/1104 481/2506/1105
f 481/2506/1105 504/2498/996 486/2497/1103
f 363/2478/1069 364/2477/901 345/2507/900
f 345/2507/900 364/2477/901 346/2508/899
f 400/2509/1064 388/2510/1063 380/2479/1065
f 388/2510/1063 374/2473/1086 380/2479/1065
f 368/2474/1096 380/2479/1065 374/2473/1086
f 445/2511/951 378/2512/950 426/2513/1106
f 363/2514/1069 379/2515/1107 378/2512/950
f 381/2516/936 363/2514/1069 378/2512/950
f 353/2517/1108 363/2514/1069 345/2518/900
f 347/2519/898 360/2520/1109 345/2518/900
f 356/2521/1110 345/2518/900 360/2520/1109
f 77/2375/1053 2/2377/143 4/2380/1054
f 77/2375/1053 297/2381/416 76/2522/147
f 360/2523/1109 433/2524/1111 356/2525/1110
f 356/2525/1110 433/2524/1111 442/2526/1112
f 436/2527/1113 442/2526/1112 467/2528/931
f 467/2528/931 442/2526/1112 498/2529/932
f 498/2529/932 442/2526/1112 433/2524/1111
f 499/2530/930 467/2528/931 500/2531/876
f 433/2524/1111 434/2532/949 498/2529/932
f 347/2533/898 434/2532/949 360/2523/1109
f 433/2524/1111 360/2523/1109 434/2532/949
f 441/2534/881 462/2535/1062 461/2536/1066
f 441/2534/881 461/2536/1066 499/2530/930
f 502/2537/877 499/2530/930 507/2538/929
f 467/2528/931 499/2530/930 461/2536/1066
f 467/2528/931 461/2536/1066 443/2539/1067
f 895/2540/980 910/2541/897 897/2542/1017
f 895/2540/980 897/2542/1017 901/2543/1092
f 894/2544/1002 895/2540/980 901/2543/1092
f 970/2545/926 1033/2546/903 924/2547/1003
f 930/2548/887 924/2547/1003 1033/2546/903
f 970/2545/926 924/2547/1003 921/2549/928
f 925/2348/927 921/2549/928 898/2349/890
f 924/2547/1003 898/2349/890 921/2549/928
f 1073/1661/426 1242/2550/766 1498/1623/428
f 187/2413/689 148/2412/1073 153/2414/1041
f 454/2551/937 445/2511/951 450/2552/1114
f 454/2551/937 450/2552/1114 467/2553/931
f 284/2386/1057 132/2554/1115 256/2384/1055
f 132/2554/1115 127/2555/1037 178/2556/1075
f 132/2554/1115 178/2556/1075 256/2384/1055
f 153/2557/1041 148/2488/1073 256/2384/1055
f 175/2342/1042 187/2558/689 153/2339/1041
f 153/2339/1041 253/2559/1045 245/2560/1044
f 153/2339/1041 245/2560/1044 251/2561/1038
f 245/2560/1044 178/2562/1075 251/2561/1038
f 251/2561/1038 323/2341/1024 313/2338/751
f 251/2561/1038 313/2338/751 153/2339/1041
f 1084/1979/913 1058/1974/908 1057/1981/915
f 1064/2563/1116 1073/2564/426 1040/2565/420
f 976/2566/848 1133/2373/847 975/2567/1117
f 1133/2373/847 1122/2372/1051 975/2567/1117
f 450/2552/1114 445/2511/951 426/2513/1106
f 426/2513/1106 378/2512/950 379/2515/1107
f 379/2515/1107 450/2552/1114 426/2513/1106
f 902/2462/985 894/2568/1002 901/2463/1092
f 1197/1510/719 1667/1513/722 1188/1504/713
f 1667/1513/722 1197/1510/719 1198/1506/715
f 1198/1506/715 1719/1511/720 1667/1513/722
f 917/2569/1118 919/2570/1048 913/2252/924
f 927/2253/1005 917/2569/1118 913/2252/924
f 388/2396/1063 384/2390/882 377/2393/1061
f 388/2396/1063 377/2393/1061 374/2453/1086
f 231/2571/1091 132/2554/1115 284/2386/1057
f 234/2572/1078 312/2573/679 284/2386/1057
f 64/2574/190 66/2575/1119 63/2576/464
f 51/2577/1120 36/2578/1121 44/2579/1122
f 44/2579/1122 36/2578/1121 94/2580/1123
f 63/2576/464 51/2577/1120 43/2288/1014
f 43/2288/1014 51/2577/1120 18/2581/1124
f 18/2581/1124 51/2577/1120 44/2579/1122
f 100/2582/1125 18/2581/1124 44/2579/1122
f 80/2583/1126 100/2582/1125 44/2579/1122
f 53/2289/1015 18/2581/1124 101/2584/1127
f 18/2581/1124 53/2289/1015 43/2288/1014
f 919/2367/1048 941/2369/1050 943/2365/1047
f 436/2585/1113 467/2586/931 450/2587/1114
f 450/2587/1114 379/2588/1107 436/2585/1113
f 436/2585/1113 415/2589/1128 442/2590/1112
f 415/2589/1128 424/2591/1129 442/2590/1112
f 436/2585/1113 451/2592/1130 415/2589/1128
f 387/2593/1131 451/2592/1130 436/2585/1113
f 415/2589/1128 451/2592/1130 355/2594/1132
f 387/2593/1131 436/2585/1113 379/2588/1107
f 387/2593/1131 355/2594/1132 451/2592/1130
f 245/2595/1044 329/2596/461 239/2597/1079
f 239/2597/1079 329/2596/461 306/2598/1032
f 178/2599/1075 245/2595/1044 239/2597/1079
f 231/2600/1091 178/2599/1075 239/2597/1079
f 178/2599/1075 231/2600/1091 252/2601/1074
f 231/2600/1091 239/2597/1079 127/2602/1037
f 239/2597/1079 288/2603/1036 127/2602/1037
f 239/2597/1079 234/2604/1078 288/2605/1036
f 234/2604/1078 145/2606/1035 288/2605/1036
f 281/2607/1027 145/2606/1035 152/2608/1080
f 141/2609/1034 281/2607/1027 174/2610/1076
f 174/2610/1076 281/2607/1027 152/2608/1080
f 1690/1512/721 1168/1508/717 1146/2611/1133
f 1690/1512/721 1146/2611/1133 1614/2612/1134
f 1614/2612/1134 1173/2613/1135 1637/2614/1136
f 1614/2612/1134 1325/1515/718 1690/1512/721
f 127/2615/1037 251/2616/1038 178/2617/1075
f 363/2618/1069 353/2619/1108 379/2620/1107
f 379/2620/1107 353/2619/1108 387/2621/1131
f 355/2622/1132 387/2621/1131 353/2619/1108
f 353/2619/1108 356/2623/1110 354/2624/1137
f 353/2619/1108 345/2625/900 356/2623/1110
f 354/2624/1137 357/2626/1138 355/2622/1132
f 355/2622/1132 353/2619/1108 354/2624/1137
f 1149/2627/1139 1173/2613/1135 1170/2628/1140
f 1614/2612/1134 1146/2611/1133 1173/2613/1135
f 1637/2614/1136 1173/2613/1135 1149/2627/1139
f 1173/2613/1135 1146/2611/1133 1325/1509/718
f 1173/2613/1135 1325/1509/718 1495/2629/1141
f 1325/1509/718 1146/2611/1133 1168/1508/717
f 1163/2630/1142 1170/2628/1140 1269/2631/1143
f 1637/2632/1136 1269/2633/1143 1170/2628/1140
f 1637/2632/1136 1170/2628/1140 1495/2629/1141
f 1170/2628/1140 1173/2613/1135 1495/2629/1141
f 231/2634/1091 127/2635/1037 132/2636/1115
f 1495/2629/1141 1325/1509/718 1614/2637/1134
f 1637/2632/1136 1495/2629/1141 1614/2637/1134
f 312/2573/679 231/2571/1091 284/2386/1057
f 927/2638/1005 975/2639/1117 917/2640/1118
f 928/2641/1144 917/2640/1118 1008/2642/1145
f 1008/2642/1145 967/2643/1146 926/2644/1147
f 926/2644/1147 928/2641/1144 1008/2642/1145
f 917/2640/1118 928/2641/1144 919/2645/1048
f 926/2644/1147 919/2645/1048 928/2641/1144
f 941/2646/1050 926/2644/1147 942/2647/1148
f 919/2645/1048 926/2644/1147 941/2646/1050
f 975/2567/1117 927/2648/1005 976/2566/848
f 917/2649/1118 975/2567/1117 1008/2650/1145
f 975/2567/1117 1122/2372/1051 967/2651/1146
f 975/2567/1117 967/2651/1146 1008/2652/1145
f 972/2374/1052 967/2651/1146 1122/2372/1051
f 721/2653/1009 723/2654/454 731/2655/1149
f 462/2394/1062 400/2397/1064 461/2399/1066
f 969/1992/922 925/1997/927 929/1993/923
f 774/2656/1150 675/2657/1151 646/2658/1152
f 774/2656/1150 646/2658/1152 706/2659/1153
f 675/2657/1151 774/2656/1150 757/2660/1154
f 816/2661/1155 747/2662/1156 757/2660/1154
f 757/2660/1154 853/2663/1157 816/2661/1155
f 675/2657/1151 747/2662/1156 647/2664/1158
f 675/2657/1151 757/2660/1154 747/2662/1156
f 343/2665/1025 365/2666/462 341/2667/336
f 442/2668/1112 424/2669/1129 354/2670/1137
f 354/2670/1137 356/2671/1110 442/2668/1112
f 355/2672/1132 357/2673/1138 415/2674/1128
f 646/2658/1152 675/2657/1151 626/2675/1159
f 675/2657/1151 647/2664/1158 626/2675/1159
f 626/2675/1159 647/2664/1158 631/2676/1160
f 682/2677/1161 631/2676/1160 647/2664/1158
f 692/2678/1162 631/2676/1160 682/2677/1161
f 647/2664/1158 747/2662/1156 682/2677/1161
f 797/2679/1163 682/2677/1161 747/2662/1156
f 708/2680/1164 797/2679/1163 825/2681/1165
f 708/2680/1164 804/2682/1166 667/2683/1167
f 631/2684/1160 692/2685/1162 708/2680/1164
f 631/2684/1160 708/2680/1164 667/2683/1167
f 644/2686/1168 631/2684/1160 667/2683/1167
f 648/2687/1169 654/2688/1170 688/2689/1171
f 637/2690/1172 770/2691/1173 654/2688/1170
f 746/2692/1174 770/2691/1173 637/2690/1172
f 688/2689/1171 762/2693/1175 680/2694/1176
f 765/2695/1177 762/2693/1175 830/2696/1178
f 830/2696/1178 688/2689/1171 819/2697/1179
f 830/2696/1178 762/2693/1175 688/2689/1171
f 774/2656/1150 839/2698/1180 757/2660/1154
f 774/2656/1150 861/2699/1181 839/2698/1180
f 757/2660/1154 839/2698/1180 853/2663/1157
f 825/2681/1165 816/2661/1155 853/2663/1157
f 804/2682/1166 825/2681/1165 853/2663/1157
f 822/2700/1182 804/2682/1166 853/2663/1157
f 825/2681/1165 804/2682/1166 708/2680/1164
f 816/2661/1155 825/2681/1165 797/2679/1163
f 816/2661/1155 797/2679/1163 747/2662/1156
f 972/2701/1052 1005/2702/1049 941/2646/1050
f 941/2646/1050 942/2647/1148 972/2701/1052
f 972/2701/1052 942/2647/1148 967/2643/1146
f 967/2643/1146 942/2647/1148 926/2644/1147
f 636/2703/1183 706/2659/1153 646/2658/1152
f 636/2703/1183 646/2658/1152 609/2704/1184
f 609/2704/1184 646/2658/1152 626/2675/1159
f 1021/2705/764 1015/2706/973 1016/2707/196
f 696/2708/1185 641/2709/1186 712/2710/1187
f 636/2711/1183 696/2708/1185 706/2712/1153
f 636/2711/1183 641/2709/1186 696/2708/1185
f 622/2713/1188 641/2709/1186 636/2711/1183
f 654/2714/1170 648/2715/1169 622/2716/1188
f 648/2715/1169 688/2717/1171 680/2718/1176
f 641/2709/1186 648/2715/1169 661/2719/1189
f 661/2719/1189 648/2715/1169 680/2718/1176
f 661/2719/1189 680/2718/1176 641/2709/1186
f 641/2709/1186 680/2718/1176 712/2710/1187
f 830/2720/1178 824/2721/1190 765/2722/1177
f 696/2708/1185 765/2722/1177 824/2721/1190
f 765/2722/1177 696/2708/1185 712/2710/1187
f 424/2591/1129 415/2589/1128 357/2723/1138
f 1040/2724/420 1022/2725/200 1019/2726/777
f 1040/2724/420 1019/2726/777 1018/2727/1191
f 696/2708/1185 824/2721/1190 706/2712/1153
f 841/2728/1192 706/2712/1153 824/2721/1190
f 706/2712/1153 841/2728/1192 774/2729/1150
f 861/2730/1181 774/2729/1150 841/2728/1192
f 841/2728/1192 824/2721/1190 830/2720/1178
f 841/2728/1192 830/2720/1178 819/2731/1179
f 357/2673/1138 354/2670/1137 424/2669/1129
f 668/2732/358 657/2733/1193 650/2734/357
f 1637/2614/1136 1149/2627/1139 1269/2735/1143
f 1149/2627/1139 1148/2736/1194 1269/2735/1143
f 1269/2735/1143 1148/2736/1194 1890/2737/1195
f 1193/2738/1196 1163/2630/1142 1187/2739/1197
f 1163/2630/1142 1193/2738/1196 1445/2740/1198
f 1163/2630/1142 1445/2740/1198 1890/2737/1195
f 1163/2630/1142 1890/2737/1195 1148/2736/1194
f 609/2741/1184 626/2742/1159 607/2743/1199
f 607/2743/1199 626/2742/1159 631/2744/1160
f 607/2743/1199 631/2744/1160 644/2745/1168
f 644/2745/1168 637/2746/1172 607/2743/1199
f 607/2743/1199 637/2746/1172 611/2747/1200
f 637/2746/1172 654/2748/1170 611/2747/1200
f 654/2748/1170 622/2749/1188 611/2747/1200
f 648/2750/1169 641/2751/1186 622/2749/1188
f 636/2752/1183 609/2741/1184 622/2749/1188
f 622/2749/1188 609/2741/1184 611/2747/1200
f 611/2747/1200 609/2741/1184 607/2743/1199
f 234/2753/1078 152/2754/1080 198/2755/1081
f 789/2756/769 764/2757/1201 733/2758/1202
f 753/2759/1012 726/2760/383 742/2761/1203
f 742/2761/1203 726/2760/383 721/2762/1009
f 228/2763/1204 134/2388/1059 325/2385/1056
f 198/2764/1081 152/2765/1080 222/2387/1058
f 221/2766/1077 198/2764/1081 222/2387/1058
f 115/2767/1028 110/2768/1205 243/2769/1083
f 243/2769/1083 110/2768/1205 257/2770/1206
f 257/2770/1206 110/2768/1205 259/2771/1207
f 259/2771/1207 109/2772/1208 156/2773/1084
f 109/2772/1208 259/2771/1207 217/2774/1209
f 156/2773/1084 295/2775/1210 259/2771/1207
f 217/2774/1209 326/2776/1211 123/2777/1212
f 285/2778/1213 123/2777/1212 326/2776/1211
f 297/2381/416 322/2779/1214 317/2382/298
f 259/2771/1207 110/2768/1205 228/2763/1204
f 228/2763/1204 325/2385/1056 217/2774/1209
f 228/2763/1204 217/2774/1209 259/2771/1207
f 325/2385/1056 317/2382/298 322/2779/1214
f 217/2774/1209 325/2385/1056 326/2776/1211
f 1269/2780/1143 1890/2781/1195 1567/2782/1215
f 1567/2782/1215 1890/2781/1195 1568/2783/1216
f 1797/2784/1217 1568/2783/1216 1890/2781/1195
f 1797/2784/1217 1445/2785/1198 1568/2783/1216
f 1797/2784/1217 1890/2781/1195 1684/2786/1218
f 1797/2784/1217 1440/2787/1219 1586/2788/1220
f 1187/2789/1197 1567/2790/1215 1568/2791/1216
f 1187/2789/1197 1568/2791/1216 1157/2792/1221
f 1157/2792/1221 1568/2791/1216 1440/2793/1219
f 1684/2794/1218 1836/2795/1222 1751/2796/1223
f 1440/2793/1219 1684/2794/1218 1191/2797/1224
f 1153/2798/1225 1302/2799/1226 1167/2800/1227
f 1163/2630/1142 1148/2736/1194 1170/2628/1140
f 1170/2628/1140 1148/2736/1194 1149/2627/1139
f 1163/2630/1142 1269/2801/1143 1567/2802/1215
f 1567/2802/1215 1187/2739/1197 1163/2630/1142
f 699/2803/1228 709/2804/1229 775/2805/1230
f 775/2805/1230 765/2806/1177 699/2803/1228
f 699/2803/1228 765/2806/1177 712/2807/1187
f 699/2803/1228 703/2808/1231 709/2804/1229
f 744/2809/1232 709/2804/1229 703/2808/1231
f 709/2804/1229 744/2809/1232 775/2805/1230
f 839/2698/1180 861/2699/1181 853/2663/1157
f 853/2663/1157 861/2699/1181 845/2810/1233
f 845/2810/1233 822/2700/1182 853/2663/1157
f 822/2700/1182 845/2810/1233 770/2691/1173
f 822/2700/1182 770/2691/1173 746/2692/1174
f 804/2682/1166 822/2700/1182 746/2692/1174
f 637/2690/1172 644/2686/1168 746/2692/1174
f 682/2811/1161 797/2812/1163 777/2813/1234
f 682/2811/1161 777/2813/1234 749/2814/1235
f 735/2815/635 692/2816/1162 682/2811/1161
f 723/2817/454 749/2814/1235 750/2818/1236
f 749/2814/1235 723/2817/454 735/2815/635
f 735/2815/635 682/2811/1161 749/2814/1235
f 797/2812/1163 708/2819/1164 777/2813/1234
f 777/2813/1234 750/2820/1236 764/2821/1201
f 789/2822/769 777/2813/1234 764/2821/1201
f 750/2820/1236 731/2823/1149 723/2824/454
f 735/2825/635 731/2823/1149 750/2820/1236
f 735/2825/635 750/2820/1236 692/2826/1162
f 750/2820/1236 777/2813/1234 708/2819/1164
f 750/2820/1236 708/2819/1164 692/2826/1162
f 541/2827/370 565/2828/463 556/2829/369
f 562/2830/352 556/2829/369 565/2828/463
f 845/2831/1233 861/2730/1181 841/2728/1192
f 819/2731/1179 845/2831/1233 841/2728/1192
f 775/2832/1230 786/2833/1237 765/2834/1177
f 762/2835/1175 765/2834/1177 786/2833/1237
f 680/2836/1176 762/2835/1175 743/2837/1238
f 680/2836/1176 743/2837/1238 703/2838/1231
f 743/2837/1238 762/2835/1175 786/2833/1237
f 743/2837/1238 786/2833/1237 703/2838/1231
f 703/2838/1231 786/2833/1237 744/2839/1232
f 775/2832/1230 744/2839/1232 786/2833/1237
f 712/2807/1187 680/2840/1176 699/2803/1228
f 699/2803/1228 680/2840/1176 703/2808/1231
f 789/2822/769 753/2841/1012 749/2814/1235
f 749/2814/1235 753/2841/1012 750/2818/1236
f 764/2821/1201 750/2820/1236 753/2842/1012
f 749/2814/1235 777/2813/1234 789/2822/769
f 1568/2843/1216 1586/2844/1220 1440/2845/1219
f 1586/2844/1220 1568/2843/1216 1193/2846/1196
f 1193/2846/1196 1568/2843/1216 1445/2847/1198
f 770/2691/1173 845/2810/1233 819/2697/1179
f 770/2691/1173 819/2697/1179 654/2688/1170
f 688/2689/1171 654/2688/1170 819/2697/1179
f 211/2848/1082 134/2849/1059 228/2850/1204
f 134/2849/1059 211/2848/1082 184/2851/1033
f 211/2848/1082 228/2852/1204 235/2853/1239
f 134/2849/1059 184/2851/1033 141/2854/1034
f 1890/2855/1195 1693/2856/1240 1586/2857/1220
f 1693/2856/1240 1890/2855/1195 1445/2858/1198
f 1797/2859/1217 1586/2860/1220 1693/2861/1240
f 1797/2859/1217 1693/2861/1240 1445/2858/1198
f 1684/2786/1218 1890/2781/1195 1586/2862/1220
f 1684/2863/1218 1586/2864/1220 1157/2865/1221
f 1684/2863/1218 1157/2865/1221 1145/2866/1241
f 1191/2867/1224 1836/2868/1222 1145/2866/1241
f 1191/2867/1224 1270/2869/1242 1836/2868/1222
f 1270/2869/1242 1806/2870/1243 1836/2868/1222
f 1302/2871/1226 1806/2870/1243 1652/2872/1244
f 1243/2873/1245 1302/2871/1226 1519/2874/1246
f 1519/2874/1246 1302/2871/1226 1144/2875/1247
f 1144/2875/1247 1302/2871/1226 1171/2876/1248
f 1171/2876/1248 1302/2871/1226 1652/2872/1244
f 1153/2877/1225 1171/2876/1248 1652/2872/1244
f 1187/2739/1197 1157/2878/1221 1193/2738/1196
f 306/2320/1032 142/2319/1031 277/2314/1026
f 115/2879/1028 142/2880/1031 110/2881/1205
f 142/2880/1031 235/2853/1239 110/2881/1205
f 259/2882/1207 295/2883/1210 257/2884/1206
f 644/2686/1168 667/2683/1167 746/2692/1174
f 667/2683/1167 804/2682/1166 746/2692/1174
f 1157/2865/1221 1586/2864/1220 1193/2885/1196
f 1684/2786/1218 1440/2787/1219 1797/2784/1217
f 1145/2886/1241 1836/2887/1222 1684/2786/1218
f 1130/2888/1249 1242/2889/766 1073/2890/426
f 4/2891/1054 6/2892/1089 7/2893/1250
f 1191/2867/1224 1145/2866/1241 1157/2865/1221
f 1440/2894/1219 1191/2895/1224 1157/2896/1221
f 1172/2897/1251 1191/2895/1224 1751/2898/1223
f 1751/2796/1223 1191/2899/1224 1684/2794/1218
f 257/2900/1206 211/2440/1082 235/2901/1239
f 312/2426/679 211/2440/1082 327/2902/1252
f 211/2440/1082 257/2900/1206 327/2902/1252
f 243/2903/1083 257/2900/1206 235/2901/1239
f 243/2903/1083 235/2901/1239 142/2904/1031
f 228/2763/1204 110/2768/1205 235/2905/1239
f 852/2906/1007 835/2907/379 817/2908/385
f 865/2909/380 852/2906/1007 848/2910/1008
f 888/2911/682 885/2912/281 881/2913/756
f 954/2914/746 938/2915/284 888/2911/682
f 1079/2916/439 1021/2917/764 1020/2918/206
f 1172/2919/1251 1806/2920/1243 1166/2921/1253
f 1172/2919/1251 1751/2922/1223 1806/2920/1243
f 1153/2923/1225 1166/2921/1253 1806/2920/1243
f 1302/2924/1226 1153/2923/1225 1806/2920/1243
f 1243/2925/1245 1519/2926/1246 1713/2927/1254
f 1730/2928/1255 1713/2927/1254 1753/2929/1256
f 1713/2927/1254 1730/2928/1255 1266/2930/1257
f 1730/2928/1255 1753/2929/1256 1266/2930/1257
f 1266/2930/1257 1753/2929/1256 1755/2931/1258
f 1063/2932/1259 1064/2933/1116 1040/2934/420
f 1015/2935/973 1009/2936/1260 1019/2937/777
f 1806/2938/1243 1751/2796/1223 1836/2795/1222
f 1166/2939/1253 1191/2867/1224 1172/2940/1251
f 1166/2939/1253 1270/2869/1242 1191/2867/1224
f 1166/2939/1253 1153/2877/1225 1270/2869/1242
f 1153/2877/1225 1652/2872/1244 1270/2869/1242
f 1042/2941/1261 1029/2942/952 1041/2943/1262
f 1030/2944/783 1029/2942/952 1042/2941/1261
f 1042/2941/1261 1045/2945/1263 1030/2944/783
f 1030/2944/783 1045/2945/1263 1032/2946/782
f 1045/2945/1263 1029/2947/952 1032/2946/782
f 577/2948/745 1013/2949/1264 535/2950/213
f 1806/2870/1243 1270/2869/1242 1652/2872/1244
f 11/2951/1265 164/2952/1266 14/2953/1267
f 107/2954/1268 11/2951/1265 7/2893/1250
f 817/2955/385 789/2956/769 805/2957/1269
f 789/2956/769 733/2958/1202 805/2957/1269
f 733/2958/1202 764/2959/1201 753/2960/1012
f 753/2960/1012 742/2961/1203 733/2958/1202
f 752/2962/1270 733/2958/1202 727/2963/1271
f 733/2958/1202 742/2961/1203 734/2964/1272
f 727/2965/1271 733/2966/1202 721/2967/1009
f 721/2967/1009 733/2966/1202 734/2968/1272
f 68/2969/1273 6/2892/1089 108/2970/1274
f 6/2892/1089 68/2969/1273 7/2893/1250
f 11/2951/1265 4/2971/1054 7/2893/1250
f 327/2972/1252 257/2973/1206 295/2974/1210
f 121/2975/1029 156/2976/1084 109/2977/1208
f 264/2978/1275 218/2979/1276 217/2980/1209
f 1167/2981/1227 1243/2982/1245 1144/2983/1247
f 1153/2984/1225 1167/2981/1227 1171/2985/1248
f 1243/2986/1245 1167/2987/1227 1302/2924/1226
f 650/2988/357 638/2989/1277 718/2990/253
f 735/2991/635 718/2990/253 713/2992/1278
f 713/2992/1278 718/2990/253 638/2989/1277
f 880/2993/386 840/2994/283 881/2913/756
f 1144/2995/1247 1243/2996/1245 1713/2997/1254
f 568/2998/1279 570/2999/1280 550/3000/1281
f 570/2999/1280 589/3001/1282 597/3002/1283
f 597/3002/1283 619/3003/1284 665/3004/1285
f 109/2772/1208 217/2774/1209 218/3005/1276
f 121/3006/1029 109/2772/1208 160/3007/1286
f 160/3007/1286 109/2772/1208 218/3005/1276
f 156/3008/1084 310/3009/678 160/3010/1286
f 156/3008/1084 160/3010/1286 295/3011/1210
f 295/3011/1210 160/3010/1286 218/3012/1276
f 310/3009/678 206/3013/1287 160/3010/1286
f 160/3010/1286 206/3013/1287 303/3014/1030
f 121/3015/1029 160/3010/1286 303/3014/1030
f 579/3016/1288 580/3017/353 565/3018/463
f 541/3019/370 533/3020/366 531/3021/1011
f 519/3022/1010 518/3023/367 484/3024/368
f 484/3024/368 478/3025/341 473/3026/1039
f 427/3027/527 411/3028/337 365/3029/462
f 365/3029/462 343/3030/1025 344/3031/1289
f 344/3031/1289 416/3032/429 365/3029/462
f 365/3029/462 416/3032/429 427/3027/527
f 344/3031/1289 418/3033/1290 489/3034/1291
f 344/3031/1289 489/3034/1291 416/3032/429
f 327/3035/1252 295/3036/1210 218/3037/1276
f 321/3038/1043 312/3039/679 327/3035/1252
f 264/3040/1275 327/3035/1252 218/3037/1276
f 4/3041/1054 297/3042/416 77/3043/1053
f 290/3044/1292 297/3042/416 201/3045/1293
f 201/3045/1293 297/3042/416 4/3041/1054
f 5/3046/1294 201/3045/1293 4/3041/1054
f 201/3045/1293 5/3046/1294 69/3047/1295
f 290/3044/1292 201/3045/1293 69/3047/1295
f 1144/3048/1247 1171/3049/1248 1167/3050/1227
f 1142/3051/1296 1144/3048/1247 1207/3052/1297
f 1186/3053/1298 1373/3054/1299 1142/3051/1296
f 532/3055/1300 545/3056/1301 550/3000/1281
f 550/3000/1281 577/3057/745 532/3055/1300
f 66/3058/1119 534/3059/1302 215/3060/1303
f 534/3059/1302 429/3061/1304 215/3060/1303
f 476/3062/1305 423/3063/1306 215/3060/1303
f 423/3063/1306 339/3064/1307 215/3060/1303
f 262/3065/1308 423/3063/1306 472/3066/1309
f 339/3064/1307 423/3063/1306 262/3065/1308
f 476/3062/1305 215/3060/1303 429/3061/1304
f 339/3064/1307 262/3065/1308 215/3060/1303
f 215/3060/1303 262/3065/1308 93/3067/1310
f 1519/2874/1246 1142/3068/1296 1668/3069/1311
f 1898/3070/1312 1668/3069/1311 1598/3071/1313
f 1897/3072/1314 1898/3070/1312 1373/3073/1299
f 1373/3073/1299 1898/3070/1312 1598/3071/1313
f 1186/3074/1298 1730/3075/1315 1373/3073/1299
f 1373/3073/1299 1598/3071/1313 1142/3068/1296
f 1144/2875/1247 1142/3068/1296 1519/2874/1246
f 1142/3068/1296 1598/3071/1313 1668/3069/1311
f 1713/3076/1254 1668/3069/1311 1899/3077/1316
f 1713/3076/1254 1519/2874/1246 1668/3069/1311
f 1092/3078/1317 877/3079/227 999/3080/747
f 1083/3081/280 877/3079/227 1092/3078/1317
f 532/3055/1300 577/3057/745 510/3082/1318
f 510/3082/1318 577/3057/745 66/3058/1119
f 447/3083/1319 66/3058/1119 308/3084/1320
f 308/3084/1320 417/3085/1321 447/3083/1319
f 66/3058/1119 215/3060/1303 93/3067/1310
f 1144/2995/1247 1713/2997/1254 1207/3086/1297
f 1202/3087/1322 1266/3088/1257 1755/3089/1258
f 1266/3090/1257 1186/3091/1298 1207/3086/1297
f 1266/3090/1257 1207/3086/1297 1713/2997/1254
f 417/3085/1321 446/3092/1323 447/3083/1319
f 510/3082/1318 66/3058/1119 447/3083/1319
f 510/3082/1318 447/3083/1319 488/3093/1324
f 510/3082/1318 529/3094/1325 532/3055/1300
f 1186/3095/1298 1142/3096/1296 1207/3097/1297
f 1186/3095/1298 1266/3098/1257 1202/3099/1322
f 668/3100/358 594/3101/452 657/3102/1193
f 582/3103/351 580/3017/353 579/3016/1288
f 582/3103/351 579/3016/1288 583/3104/1006
f 657/3105/1193 638/2989/1277 650/3106/357
f 731/3107/1149 727/3108/1271 721/3109/1009
f 713/2992/1278 727/3108/1271 731/3107/1149
f 713/2992/1278 731/3107/1149 735/2991/635
f 1668/3110/1311 1898/3111/1312 1902/3112/1326
f 1902/3112/1326 1898/3111/1312 1900/3113/1327
f 1904/3114/1328 1668/3110/1311 1901/3115/1329
f 1901/3115/1329 1668/3110/1311 1902/3112/1326
f 1902/3112/1326 1900/3113/1327 1903/3116/1330
f 1902/3112/1326 1903/3116/1330 1901/3115/1329
f 1903/3116/1330 1900/3113/1327 1373/3117/1299
f 1901/3115/1329 1903/3116/1330 1897/3118/1314
f 1901/3115/1329 1897/3118/1314 1900/3119/1327
f 1900/3119/1327 1897/3118/1314 1373/3120/1299
f 1713/3121/1254 1899/3122/1316 1753/3123/1256
f 1753/3123/1256 1899/3122/1316 1863/3124/1331
f 1288/3125/1332 1753/3123/1256 1863/3124/1331
f 1755/3126/1258 1753/3123/1256 1159/3127/1333
f 1863/3124/1331 1899/3122/1316 1898/3128/1312
f 1898/3128/1312 1899/3122/1316 1900/3129/1327
f 1900/3129/1327 1899/3122/1316 1901/3130/1329
f 1901/3130/1329 1899/3122/1316 1904/3131/1328
f 1668/3132/1311 1904/3133/1328 1903/3134/1330
f 1668/3132/1311 1903/3134/1330 1899/3135/1316
f 1899/3135/1316 1903/3134/1330 1288/3136/1332
f 1899/3135/1316 1288/3136/1332 1897/3137/1314
f 1899/3135/1316 1897/3137/1314 1904/3138/1328
f 1904/3138/1328 1897/3137/1314 1903/3134/1330
f 1897/3139/1314 1863/3140/1331 1898/3141/1312
f 1897/3139/1314 1288/3142/1332 1863/3140/1331
f 1730/3143/1315 1288/3144/1332 1903/3145/1330
f 1730/3143/1315 1903/3145/1330 1373/3146/1299
f 264/3040/1275 217/3147/1209 206/3148/1287
f 206/3148/1287 217/3147/1209 123/3149/1212
f 308/3150/1320 362/3151/1334 417/3152/1321
f 51/3153/1120 58/3154/1335 36/3155/1121
f 51/3153/1120 63/3156/464 66/3157/1119
f 51/3153/1120 39/3158/1336 67/3159/1337
f 39/3158/1336 51/3153/1120 65/3160/1338
f 51/3153/1120 66/3157/1119 65/3160/1338
f 66/3157/1119 54/3161/1339 65/3160/1338
f 39/3158/1336 65/3160/1338 87/3162/1340
f 51/3153/1120 67/3159/1337 92/3163/1341
f 51/3153/1120 90/3164/1342 58/3154/1335
f 36/3155/1121 58/3154/1335 102/3165/1343
f 1159/3127/1333 1206/3166/1344 1601/3167/1345
f 1073/3168/426 1064/3169/1116 1075/3170/1346
f 1186/3171/1298 1159/3172/1333 1288/3173/1332
f 1159/3172/1333 1186/3171/1298 1202/3174/1322
f 1159/3172/1333 1202/3174/1322 1185/3175/1347
f 1185/3175/1347 1206/3176/1344 1159/3172/1333
f 1730/3177/1315 1186/3178/1298 1288/3125/1332
f 1753/3123/1256 1288/3125/1332 1159/3127/1333
f 1159/3127/1333 1601/3167/1345 1755/3126/1258
f 258/3179/1348 327/3180/1252 270/3181/1349
f 258/3179/1348 270/3181/1349 205/3182/1350
f 205/3182/1350 270/3181/1349 200/3183/1351
f 230/3184/1352 206/3185/1287 310/3186/678
f 242/3187/1353 310/3186/678 269/3188/1354
f 246/3189/1355 242/3187/1353 269/3188/1354
f 303/3190/1030 206/3191/1287 122/3192/1356
f 122/3192/1356 289/3193/1357 303/3190/1030
f 230/3194/1352 310/3195/678 122/3192/1356
f 310/3195/678 289/3193/1357 122/3192/1356
f 289/3193/1357 310/3195/678 242/3196/1353
f 188/3197/1358 289/3193/1357 242/3196/1353
f 190/3198/1359 188/3197/1358 242/3196/1353
f 1185/3199/1347 1601/3200/1345 1691/3201/1360
f 1192/3202/1361 1691/3201/1360 1462/3203/1362
f 1601/3200/1345 1185/3199/1347 1755/3089/1258
f 264/3204/1275 206/3205/1287 230/3206/1352
f 230/3206/1352 237/3207/1363 327/3208/1252
f 230/3206/1352 327/3208/1252 264/3204/1275
f 206/3209/1287 123/3210/1212 122/3211/1356
f 237/3212/1363 190/3213/1359 242/3214/1353
f 224/3215/1364 258/3216/1348 205/3217/1350
f 230/3218/1352 285/3219/1213 237/3220/1363
f 237/3220/1363 285/3219/1213 186/3221/1365
f 186/3221/1365 278/3222/1366 190/3223/1359
f 230/3224/1352 122/3225/1356 123/3226/1212
f 285/3219/1213 230/3224/1352 123/3226/1212
f 237/3220/1363 186/3221/1365 190/3223/1359
f 225/3227/1367 190/3223/1359 278/3222/1366
f 270/3228/1349 225/3227/1367 278/3222/1366
f 200/3229/1351 270/3230/1349 278/3222/1366
f 200/3229/1351 166/3231/1368 169/3232/1369
f 169/3232/1369 166/3231/1368 205/3233/1350
f 166/3231/1368 224/3234/1364 205/3233/1350
f 255/3235/1370 193/3236/1371 192/3237/1372
f 193/3236/1371 258/3238/1348 192/3237/1372
f 255/3235/1370 254/3239/1373 113/3240/1374
f 106/3241/1375 113/3240/1374 254/3239/1373
f 192/3237/1372 224/3234/1364 254/3239/1373
f 254/3239/1373 255/3235/1370 192/3237/1372
f 1206/3242/1344 1185/3243/1347 1152/3244/1376
f 1152/3244/1376 1185/3243/1347 1192/3245/1361
f 1755/3089/1258 1185/3199/1347 1202/3246/1322
f 1192/3202/1361 1185/3199/1347 1691/3201/1360
f 1151/3247/1377 1192/3202/1361 1462/3203/1362
f 1462/3203/1362 1691/3201/1360 1306/3248/1378
f 1279/3249/1379 1414/3250/1380 1208/3251/1381
f 1183/3252/1382 1184/3253/1383 1462/3203/1362
f 1183/3252/1382 1462/3203/1362 1699/3254/1384
f 1054/3255/1385 1063/2932/1259 1040/2934/420
f 541/3019/370 531/3021/1011 489/3034/1291
f 489/3034/1291 531/3021/1011 519/3022/1010
f 50/3256/1386 17/3257/1387 14/3258/1267
f 4/3259/1054 11/3260/1265 14/3258/1267
f 4/3259/1054 14/3258/1267 5/3261/1294
f 290/3262/1292 69/3263/1295 261/3264/1388
f 5/3261/1294 14/3258/1267 37/3265/1389
f 322/3266/1214 297/3267/416 304/3268/1390
f 326/3269/1211 186/3221/1365 285/3219/1213
f 304/3268/1390 297/3267/416 290/3270/1292
f 186/3221/1365 326/3269/1211 278/3222/1366
f 258/3238/1348 224/3234/1364 192/3237/1372
f 1691/3271/1360 1206/3272/1344 1152/3273/1376
f 1691/3274/1360 1152/3273/1376 1306/3275/1378
f 1306/3275/1378 1152/3273/1376 1151/3276/1377
f 1152/3273/1376 1192/3277/1361 1151/3276/1377
f 1306/3275/1378 1151/3276/1377 1184/3278/1383
f 1306/3275/1378 1184/3278/1383 1699/3279/1384
f 1279/3280/1379 1211/3281/1391 1141/3282/1392
f 1184/3283/1383 1211/3284/1391 1699/3254/1384
f 1306/3248/1378 1699/3254/1384 1462/3203/1362
f 1601/3285/1345 1206/3286/1344 1691/3287/1360
f 1267/3288/1393 1699/3254/1384 1211/3284/1391
f 577/3289/745 1083/3081/280 1092/3078/1317
f 1462/3203/1362 1184/3253/1383 1151/3247/1377
f 327/3290/1252 237/3291/1363 270/3292/1349
f 237/3291/1363 225/3293/1367 270/3292/1349
f 289/3294/1357 188/3295/1358 294/3296/1394
f 303/3297/1030 289/3294/1357 294/3296/1394
f 294/3296/1394 188/3295/1358 246/3298/1355
f 246/3298/1355 269/3299/1354 294/3296/1394
f 207/3300/1395 169/3301/1369 205/3302/1350
f 294/3296/1394 318/3303/1023 303/3297/1030
f 294/3296/1394 269/3299/1354 200/3304/1351
f 294/3296/1394 200/3304/1351 169/3301/1369
f 282/3305/1396 169/3301/1369 207/3300/1395
f 269/3306/1354 207/3300/1395 205/3302/1350
f 205/3302/1350 200/3307/1351 269/3306/1354
f 225/3293/1367 237/3291/1363 242/3308/1353
f 246/3309/1355 188/3310/1358 190/3311/1359
f 242/3308/1353 246/3309/1355 225/3293/1367
f 225/3293/1367 246/3309/1355 190/3311/1359
f 1015/2935/973 992/3312/1397 1009/2936/1260
f 17/3257/1387 21/3313/1398 14/3258/1267
f 1845/3314/1399 1846/3315/1400 1892/3316/1401
f 1883/3317/1402 1892/3316/1401 1846/3318/1400
f 1845/3314/1399 1760/3319/1403 1846/3315/1400
f 1338/3320/1404 1349/3321/1405 1311/3322/1406
f 1349/3321/1405 1366/3323/1407 1311/3322/1406
f 1311/3322/1406 1366/3323/1407 1335/3324/1408
f 1349/3321/1405 1338/3320/1404 1366/3323/1407
f 1366/3323/1407 1338/3320/1404 1368/3325/1409
f 1365/3326/1410 1368/3325/1409 1346/3327/1411
f 1346/3327/1411 1368/3325/1409 1378/3328/1412
f 1346/3327/1411 1378/3328/1412 1365/3326/1410
f 1880/3329/1413 1866/3330/1414 1855/3331/1415
f 1817/3332/1416 1883/3333/1402 1855/3331/1415
f 1747/3334/1417 1817/3332/1416 1855/3331/1415
f 1746/3335/1418 1747/3334/1417 1855/3331/1415
f 1746/3335/1418 1855/3331/1415 1866/3330/1414
f 1746/3335/1418 1866/3330/1414 1850/3336/1419
f 1746/3335/1418 1850/3336/1419 1760/3337/1403
f 1845/3338/1399 1892/3339/1401 1883/3340/1402
f 1075/3341/1346 1064/3342/1116 1081/3343/1420
f 1081/3343/1420 1066/3344/1421 1075/3341/1346
f 1075/3341/1346 1066/3344/1421 1072/3345/1422
f 324/3346/1022 318/3303/1023 330/3347/1423
f 116/3348/1424 330/3347/1423 220/3349/1425
f 219/3350/1426 330/3347/1423 116/3348/1424
f 282/3305/1396 220/3349/1425 330/3347/1423
f 236/3351/1427 282/3305/1396 207/3300/1395
f 282/3305/1396 236/3351/1427 220/3349/1425
f 1869/3352/1428 1880/3353/1413 1855/3354/1415
f 1869/3352/1428 1855/3354/1415 1850/3355/1419
f 1850/3355/1419 1855/3354/1415 1846/3356/1400
f 1846/3356/1400 1855/3354/1415 1883/3357/1402
f 1866/3358/1414 1880/3359/1413 1760/3360/1403
f 1866/3358/1414 1760/3360/1403 1869/3361/1428
f 1866/3358/1414 1869/3361/1428 1850/3362/1419
f 1847/3363/1429 1846/3364/1400 1880/3365/1413
f 1880/3365/1413 1846/3364/1400 1760/3366/1403
f 1847/3363/1429 1880/3365/1413 1869/3367/1428
f 1847/3363/1429 1869/3367/1428 1760/3366/1403
f 1847/3363/1429 1760/3366/1403 1850/3368/1419
f 1846/3364/1400 1847/3363/1429 1850/3368/1419
f 1365/3326/1410 1366/3323/1407 1368/3325/1409
f 1335/3369/1408 1366/3323/1407 1450/3370/1430
f 278/3222/1366 326/3269/1211 224/3234/1364
f 166/3231/1368 278/3222/1366 224/3234/1364
f 224/3234/1364 326/3269/1211 254/3239/1373
f 254/3239/1373 326/3269/1211 331/3371/1431
f 331/3371/1431 326/3269/1211 325/3372/1056
f 331/3371/1431 325/3372/1056 322/3373/1214
f 106/3241/1375 254/3239/1373 331/3371/1431
f 197/3374/1432 331/3371/1431 322/3373/1214
f 197/3374/1432 106/3241/1375 331/3371/1431
f 1311/3375/1406 1378/3376/1412 1338/3377/1404
f 1335/3378/1408 1450/3379/1430 1486/3380/1433
f 1486/3380/1433 1372/3381/1434 1335/3378/1408
f 1338/3377/1404 1378/3376/1412 1368/3382/1409
f 1311/3375/1406 1335/3378/1408 1378/3376/1412
f 1335/3378/1408 1372/3381/1434 1378/3376/1412
f 1372/3381/1434 1365/3383/1410 1378/3376/1412
f 1760/3384/1403 1845/3385/1399 1824/3386/1435
f 1824/3386/1435 1845/3385/1399 1883/3387/1402
f 1747/3388/1417 1746/3389/1418 1723/3390/1436
f 881/2913/756 840/2994/283 848/2910/1008
f 1749/3391/1437 1760/3384/1403 1824/3386/1435
f 1716/3392/1438 1760/3384/1403 1749/3391/1437
f 1760/3384/1403 1716/3392/1438 1746/3389/1418
f 1746/3389/1418 1716/3392/1438 1723/3390/1436
f 1747/3388/1417 1687/3393/1439 1759/3394/1440
f 1747/3388/1417 1759/3394/1440 1808/3395/1441
f 1747/3388/1417 1808/3395/1441 1817/3396/1416
f 1572/3397/1442 1450/3398/1430 1366/3399/1407
f 1565/3400/1443 1624/3401/1444 1678/3402/1445
f 1685/3403/1446 1678/3402/1445 1624/3401/1444
f 1624/3401/1444 1565/3400/1443 1572/3397/1442
f 1572/3397/1442 1565/3400/1443 1450/3398/1430
f 1537/3404/1447 1366/3399/1407 1365/3405/1410
f 1537/3404/1447 1365/3405/1410 1372/3406/1434
f 1372/3406/1434 1486/3407/1433 1491/3408/1448
f 1372/3406/1434 1491/3408/1448 1537/3404/1447
f 1572/3397/1442 1537/3404/1447 1527/3409/1449
f 1687/3410/1439 1685/3403/1446 1624/3401/1444
f 1687/3410/1439 1624/3401/1444 1638/3411/1450
f 1624/3401/1444 1572/3397/1442 1638/3411/1450
f 1638/3411/1450 1572/3397/1442 1527/3409/1449
f 1638/3411/1450 1527/3409/1449 1127/3412/1451
f 1687/3410/1439 1638/3411/1450 1679/3413/1452
f 1783/3414/1453 1679/3413/1452 1779/3415/1454
f 1285/3416/1455 1565/3417/1443 1678/3418/1445
f 1678/3418/1445 1749/3419/1437 1712/3420/1456
f 1854/3421/1457 1821/3422/1458 1777/3423/1459
f 1777/3423/1459 1843/3424/1460 1854/3421/1457
f 1763/3425/1461 1843/3424/1460 1777/3423/1459
f 1763/3425/1461 1718/3426/1462 1612/3427/1463
f 1718/3426/1462 1763/3425/1461 1777/3423/1459
f 1763/3425/1461 1712/3420/1456 1843/3424/1460
f 1712/3420/1456 1749/3419/1437 1843/3424/1460
f 1712/3420/1456 1470/3428/1464 1678/3418/1445
f 1285/3416/1455 1678/3418/1445 1470/3428/1464
f 1260/3429/1465 1450/3430/1430 1565/3417/1443
f 1260/3429/1465 1565/3417/1443 1285/3416/1455
f 1712/3420/1456 1763/3425/1461 1612/3427/1463
f 1712/3420/1456 1612/3427/1463 1470/3428/1464
f 1260/3429/1465 1285/3416/1455 1115/3431/1466
f 1285/3416/1455 1470/3428/1464 1115/3431/1466
f 1124/3432/1467 1115/3431/1466 1470/3428/1464
f 1124/3432/1467 1125/3433/1468 1115/3431/1466
f 1063/3434/1259 1115/3431/1466 1064/3435/1116
f 1115/3431/1466 1063/3434/1259 1095/3436/1469
f 1115/3431/1466 1095/3436/1469 1260/3429/1465
f 1211/3437/1391 1184/3253/1383 1183/3252/1382
f 1211/3437/1391 1183/3252/1382 1141/3438/1392
f 1141/3438/1392 1183/3252/1382 1208/3251/1381
f 1183/3252/1382 1279/3249/1379 1208/3251/1381
f 1205/3439/1470 1208/3251/1381 1414/3250/1380
f 1205/3439/1470 1414/3250/1380 1543/3440/1471
f 1723/3441/1436 1716/3442/1438 1685/3443/1446
f 1678/3444/1445 1716/3442/1438 1749/3445/1437
f 1843/3446/1460 1749/3445/1437 1824/3447/1435
f 1879/3448/1472 1843/3446/1460 1824/3447/1435
f 1687/3449/1439 1723/3441/1436 1685/3443/1446
f 1679/3450/1452 1759/3451/1440 1687/3449/1439
f 1808/3452/1441 1759/3451/1440 1824/3453/1435
f 1687/3449/1439 1747/3454/1417 1723/3441/1436
f 1685/3443/1446 1716/3442/1438 1678/3444/1445
f 318/3303/1023 294/3296/1394 330/3347/1423
f 330/3347/1423 294/3296/1394 282/3305/1396
f 294/3296/1394 169/3301/1369 282/3305/1396
f 1572/3397/1442 1366/3399/1407 1537/3404/1447
f 1260/3455/1465 1127/3456/1451 1450/3457/1430
f 1450/3457/1430 1127/3456/1451 1527/3458/1449
f 1095/3459/1469 1127/3456/1451 1260/3455/1465
f 1095/3459/1469 1063/3460/1259 1127/3456/1451
f 1127/3456/1451 1110/3461/1473 1277/3462/1474
f 1277/3462/1474 1650/3463/1475 1127/3456/1451
f 1650/3463/1475 1679/3464/1452 1127/3456/1451
f 1127/3456/1451 1679/3464/1452 1638/3465/1450
f 166/3231/1368 200/3229/1351 278/3222/1366
f 269/3466/1354 310/3467/678 207/3468/1395
f 315/3469/675 238/3470/1476 310/3467/678
f 310/3467/678 238/3470/1476 236/3471/1427
f 310/3467/678 236/3471/1427 207/3468/1395
f 236/3471/1427 193/3472/1371 220/3473/1425
f 193/3472/1371 236/3471/1427 258/3474/1348
f 238/3470/1476 258/3474/1348 236/3471/1427
f 255/3475/1370 258/3474/1348 238/3470/1476
f 193/3476/1371 255/3475/1370 238/3470/1476
f 220/3477/1425 193/3476/1371 238/3470/1476
f 1075/3478/1346 1130/3479/1249 1073/3480/426
f 1130/3479/1249 1075/3478/1346 1235/3481/1477
f 1130/3479/1249 1235/3481/1477 1098/3482/1478
f 1098/3483/1478 1235/3481/1477 1104/3484/1479
f 1104/3485/1479 1280/3486/1480 1125/3487/1468
f 1104/3485/1479 1235/3488/1477 1280/3486/1480
f 1280/3486/1480 1130/3479/1249 1125/3487/1468
f 1650/3463/1475 1779/3489/1454 1679/3464/1452
f 1450/3490/1430 1527/3491/1449 1548/3492/1481
f 1548/3492/1481 1516/3493/1482 1486/3494/1433
f 1283/3495/1483 1461/3496/1484 1546/3497/1485
f 1512/3498/1486 1465/3499/1487 1526/3500/1488
f 1465/3499/1487 1483/3501/1489 1526/3500/1488
f 785/3502/1490 651/3503/1491 691/3504/1492
f 795/3505/1493 651/3503/1491 785/3502/1490
f 676/3506/1494 651/3503/1491 795/3505/1493
f 785/3502/1490 858/3507/1495 795/3505/1493
f 858/3507/1495 851/3508/1496 795/3505/1493
f 795/3505/1493 823/3509/1497 808/3510/1498
f 823/3509/1497 795/3505/1493 851/3508/1496
f 847/3511/1499 851/3508/1496 858/3507/1495
f 781/3512/1500 858/3507/1495 785/3502/1490
f 781/3512/1500 809/3513/1501 849/3514/1502
f 781/3512/1500 849/3514/1502 858/3507/1495
f 849/3514/1502 809/3513/1501 782/3515/1503
f 847/3511/1499 858/3507/1495 854/3516/1504
f 851/3508/1496 794/3517/1505 811/3518/1506
f 851/3508/1496 811/3518/1506 823/3509/1497
f 785/3502/1490 691/3504/1492 781/3512/1500
f 623/3519/1507 651/3503/1491 676/3506/1494
f 795/3505/1493 808/3510/1498 676/3506/1494
f 1824/3386/1435 1883/3387/1402 1817/3520/1416
f 1824/3386/1435 1817/3520/1416 1808/3521/1441
f 1512/3498/1486 1526/3500/1488 1535/3522/1508
f 1512/3498/1486 1535/3522/1508 1500/3523/1509
f 1529/3524/1510 1535/3522/1508 1526/3500/1488
f 1535/3522/1508 1529/3524/1510 1516/3525/1482
f 1529/3524/1510 1526/3500/1488 1277/3526/1474
f 1529/3524/1510 1277/3526/1474 1546/3527/1485
f 809/3513/1501 781/3512/1500 691/3504/1492
f 782/3515/1503 809/3513/1501 691/3504/1492
f 666/3528/1511 782/3515/1503 691/3504/1492
f 666/3528/1511 691/3504/1492 634/3529/1512
f 782/3515/1503 821/3530/1513 849/3514/1502
f 858/3507/1495 849/3514/1502 854/3516/1504
f 1783/3531/1453 1759/3451/1440 1679/3450/1452
f 1824/3453/1435 1759/3451/1440 1783/3531/1453
f 1859/3532/1514 1824/3453/1435 1783/3531/1453
f 1824/3453/1435 1859/3532/1514 1879/3533/1472
f 1779/3534/1454 1743/3535/1515 1854/3536/1457
f 1879/3533/1472 1859/3532/1514 1854/3536/1457
f 1854/3536/1457 1859/3532/1514 1779/3534/1454
f 1859/3532/1514 1783/3531/1453 1779/3534/1454
f 1262/3537/427 1242/3538/766 1281/3539/1516
f 1242/3540/766 1130/3541/1249 1280/3542/1480
f 1075/3341/1346 1072/3345/1422 1118/3543/1517
f 1242/3544/766 1280/3542/1480 1075/3341/1346
f 1280/3542/1480 1235/3545/1477 1075/3341/1346
f 1211/3546/1391 1279/3547/1379 1267/3288/1393
f 1699/3548/1384 1267/3549/1393 1279/3550/1379
f 1141/3551/1392 1414/3552/1380 1279/3550/1379
f 1183/3252/1382 1699/3254/1384 1279/3249/1379
f 1537/3553/1447 1548/3554/1481 1527/3555/1449
f 1535/3522/1508 1548/3554/1481 1491/3556/1448
f 1516/3525/1482 1548/3554/1481 1535/3522/1508
f 1512/3498/1486 1516/3493/1482 1529/3557/1510
f 1512/3498/1486 1529/3557/1510 1465/3499/1487
f 1529/3557/1510 1546/3497/1485 1465/3499/1487
f 1461/3496/1484 1465/3499/1487 1546/3497/1485
f 1516/3493/1482 1512/3498/1486 1500/3523/1509
f 1486/3494/1433 1516/3493/1482 1500/3523/1509
f 1500/3523/1509 1535/3522/1508 1491/3556/1448
f 1537/3553/1447 1491/3556/1448 1548/3554/1481
f 1486/3494/1433 1450/3490/1430 1548/3492/1481
f 1500/3523/1509 1491/3556/1448 1486/3494/1433
f 691/3558/1492 610/3559/1518 634/3560/1512
f 651/3561/1491 623/3562/1507 612/3563/1519
f 635/3564/1520 623/3562/1507 676/3565/1494
f 623/3562/1507 606/3566/1521 612/3563/1519
f 623/3562/1507 630/3567/1522 624/3568/1523
f 635/3564/1520 630/3567/1522 623/3562/1507
f 630/3567/1522 635/3564/1520 671/3569/1524
f 630/3567/1522 707/3570/1525 669/3571/1526
f 624/3568/1523 630/3567/1522 669/3571/1526
f 679/3572/1527 643/3573/1528 658/3574/1529
f 658/3574/1529 643/3573/1528 613/3575/1530
f 658/3574/1529 613/3575/1530 639/3576/1531
f 613/3575/1530 606/3566/1521 627/3577/1532
f 613/3575/1530 627/3577/1532 639/3576/1531
f 627/3577/1532 624/3568/1523 659/3578/1533
f 627/3577/1532 606/3566/1521 624/3568/1523
f 624/3568/1523 606/3566/1521 623/3562/1507
f 606/3566/1521 613/3575/1530 610/3559/1518
f 612/3563/1519 606/3566/1521 610/3559/1518
f 691/3558/1492 612/3563/1519 610/3559/1518
f 651/3561/1491 612/3563/1519 691/3558/1492
f 666/3579/1511 643/3573/1528 686/3580/1534
f 686/3580/1534 643/3573/1528 687/3581/1535
f 634/3560/1512 643/3573/1528 666/3579/1511
f 634/3560/1512 613/3575/1530 643/3573/1528
f 610/3559/1518 613/3575/1530 634/3560/1512
f 1127/3456/1451 1063/3460/1259 1110/3461/1473
f 1110/3461/1473 1063/3460/1259 1054/3582/1385
f 1082/3583/1536 1054/3582/1385 1066/3584/1421
f 1054/3582/1385 1082/3583/1536 1110/3461/1473
f 1277/3462/1474 1110/3461/1473 1082/3583/1536
f 966/3585/762 578/3586/974 876/3587/228
f 1064/3588/1116 1125/3589/1468 1081/3590/1420
f 1125/3589/1468 1064/3588/1116 1115/3591/1466
f 1843/3424/1460 1879/3592/1472 1854/3421/1457
f 671/3593/1524 676/3594/1494 808/3595/1498
f 635/3596/1520 676/3594/1494 671/3593/1524
f 710/3597/1537 739/3598/1538 756/3599/1539
f 756/3599/1539 739/3598/1538 752/3600/1270
f 752/3601/1270 768/3602/1540 756/3603/1539
f 793/3604/1541 768/3602/1540 769/3605/1542
f 793/3604/1541 769/3605/1542 739/3598/1538
f 768/3602/1540 793/3604/1541 756/3603/1539
f 710/3606/1537 707/3607/1525 671/3608/1524
f 671/3608/1524 707/3607/1525 630/3609/1522
f 794/3610/1505 659/3611/1533 669/3612/1526
f 794/3610/1505 669/3612/1526 811/3613/1506
f 780/3614/1543 669/3612/1526 707/3607/1525
f 811/3613/1506 669/3612/1526 780/3614/1543
f 823/3615/1497 811/3613/1506 780/3614/1543
f 808/3595/1498 738/3616/1544 671/3593/1524
f 791/3617/1545 808/3595/1498 823/3615/1497
f 808/3595/1498 791/3617/1545 738/3616/1544
f 710/3597/1537 671/3593/1524 739/3598/1538
f 739/3598/1538 671/3593/1524 738/3616/1544
f 738/3616/1544 791/3617/1545 739/3598/1538
f 780/3614/1543 791/3617/1545 823/3615/1497
f 739/3598/1538 769/3605/1542 752/3600/1270
f 739/3598/1538 791/3617/1545 793/3604/1541
f 793/3604/1541 791/3617/1545 780/3614/1543
f 756/3603/1539 793/3604/1541 780/3614/1543
f 756/3603/1539 780/3614/1543 707/3607/1525
f 710/3606/1537 756/3603/1539 707/3607/1525
f 1470/3428/1464 1612/3427/1463 1360/3618/1546
f 1066/3619/1421 1360/3618/1546 1283/3620/1483
f 1124/3432/1467 1470/3428/1464 1360/3618/1546
f 1081/3621/1420 1104/3622/1479 1066/3619/1421
f 1066/3619/1421 1124/3432/1467 1360/3618/1546
f 1104/3622/1479 1125/3433/1468 1124/3432/1467
f 1104/3622/1479 1124/3432/1467 1066/3619/1421
f 1262/3623/427 1281/3624/1516 1077/3625/438
f 1077/3625/438 1281/3624/1516 1105/3626/1547
f 1077/3625/438 1105/3626/1547 1076/3627/765
f 255/3628/1370 327/3629/1252 258/3630/1348
f 327/3629/1252 255/3628/1370 135/3631/1548
f 1009/3632/1260 1018/3633/1191 1019/3634/777
f 983/3635/1549 1009/3636/1260 994/3637/1550
f 1009/3636/1260 983/3635/1549 985/3638/1551
f 983/3635/1549 994/3637/1550 992/3639/1397
f 238/3640/1476 113/3641/1374 220/3642/1425
f 220/3642/1425 113/3641/1374 116/3643/1424
f 287/3644/1552 116/3645/1424 135/3646/1548
f 116/3645/1424 287/3644/1552 219/3647/1426
f 324/3648/1022 330/3649/1423 272/3650/1553
f 337/3651/1554 343/3652/1025 324/3648/1022
f 336/3653/1555 337/3651/1554 332/3654/1556
f 332/3654/1556 337/3651/1554 324/3648/1022
f 321/3655/1043 332/3654/1556 315/3656/675
f 332/3654/1556 324/3648/1022 315/3656/675
f 244/3657/1557 315/3656/675 324/3648/1022
f 149/3658/1558 315/3656/675 244/3657/1557
f 244/3657/1557 137/3659/1559 149/3658/1558
f 177/3660/1560 133/3661/1561 137/3659/1559
f 324/3648/1022 133/3661/1561 244/3657/1557
f 244/3657/1557 133/3661/1561 177/3660/1560
f 324/3648/1022 272/3650/1553 133/3661/1561
f 133/3661/1561 272/3650/1553 240/3662/1562
f 149/3663/1558 133/3661/1561 240/3662/1562
f 240/3662/1562 315/3664/675 149/3663/1558
f 1543/3665/1471 1414/3666/1380 1141/3282/1392
f 113/3240/1374 106/3241/1375 116/3667/1424
f 761/3668/1563 666/3528/1511 686/3669/1534
f 782/3515/1503 666/3528/1511 761/3668/1563
f 238/3670/1476 287/3671/1552 113/3672/1374
f 287/3671/1552 135/3673/1548 113/3672/1374
f 255/3674/1370 113/3672/1374 135/3673/1548
f 67/3159/1337 39/3158/1336 85/3675/1564
f 742/3676/1203 805/3677/1269 768/3678/1540
f 727/3679/1271 742/3676/1203 768/3678/1540
f 769/3680/1542 768/3678/1540 805/3677/1269
f 733/3681/1202 769/3680/1542 805/3677/1269
f 769/3680/1542 733/3681/1202 752/3682/1270
f 701/3683/1565 801/3684/1566 755/3685/1567
f 700/3686/1568 701/3683/1565 755/3685/1567
f 701/3683/1565 700/3686/1568 698/3687/1569
f 686/3688/1534 698/3687/1569 700/3686/1568
f 1181/3689/1570 1205/3690/1470 1209/3691/1571
f 1205/3690/1470 1181/3689/1570 1141/3692/1392
f 1141/3692/1392 1208/3693/1381 1205/3690/1470
f 1209/3691/1571 1591/3694/1572 1389/3695/1573
f 1561/3696/1574 1164/3697/1575 1389/3695/1573
f 1209/3691/1571 1389/3695/1573 1164/3697/1575
f 1209/3691/1571 1164/3697/1575 1204/3698/1576
f 1164/3697/1575 1561/3696/1574 1815/3699/1577
f 1164/3697/1575 1815/3699/1577 1177/3700/1578
f 1141/3701/1392 1181/3702/1570 1543/3703/1471
f 1591/3704/1572 1181/3705/1570 1147/3706/1579
f 1591/3704/1572 1147/3706/1579 1389/3707/1573
f 1389/3707/1573 1204/3708/1576 1561/3709/1574
f 1815/3710/1577 1561/3709/1574 1204/3708/1576
f 1204/3708/1576 1389/3707/1573 1147/3706/1579
f 1204/3708/1576 1140/3711/1580 1815/3710/1577
f 1140/3711/1580 1642/3712/1581 1815/3710/1577
f 1642/3712/1581 1210/3713/1582 1330/3714/1583
f 1330/3714/1583 1331/3715/1584 1642/3712/1581
f 1096/3716/215 831/3717/212 1123/3718/976
f 1123/3718/976 831/3717/212 578/3719/974
f 761/3720/1563 801/3721/1566 790/3722/1585
f 755/3723/1567 801/3721/1566 761/3720/1563
f 761/3720/1563 700/3724/1568 755/3723/1567
f 700/3724/1568 761/3720/1563 686/3725/1534
f 814/3726/1586 790/3722/1585 801/3721/1566
f 801/3721/1566 745/3727/1587 814/3726/1586
f 745/3727/1587 801/3721/1566 701/3728/1565
f 767/3729/1588 745/3727/1587 698/3730/1569
f 745/3727/1587 767/3729/1588 814/3726/1586
f 1591/3731/1572 1543/3732/1471 1181/3733/1570
f 1130/3479/1249 1098/3482/1478 1125/3487/1468
f 93/3734/1310 304/3735/1390 37/3736/1389
f 129/3737/1589 133/3738/1561 149/3739/1558
f 37/3736/1389 66/3740/1119 93/3734/1310
f 1098/3741/1478 1081/3590/1420 1125/3589/1468
f 1104/3742/1479 1081/3590/1420 1098/3741/1478
f 57/3743/1590 22/3744/1591 96/3745/1592
f 22/3744/1591 57/3743/1590 26/3746/1593
f 21/3747/1398 22/3744/1591 26/3746/1593
f 26/3746/1593 56/3748/1594 32/3749/1595
f 21/3747/1398 26/3746/1593 32/3749/1595
f 5/3750/1294 38/3751/1596 69/3752/1295
f 5/3750/1294 37/3753/1389 38/3751/1596
f 37/3753/1389 31/3754/1597 38/3751/1596
f 1018/3633/1191 1066/3584/1421 1054/3582/1385
f 1018/3633/1191 1054/3582/1385 1040/3755/420
f 135/3756/1548 197/3757/1432 307/3758/1598
f 307/3758/1598 197/3757/1432 165/3759/1599
f 151/3760/1600 147/3761/1601 146/3762/1602
f 135/3756/1548 106/3763/1375 197/3757/1432
f 106/3763/1375 135/3756/1548 116/3764/1424
f 307/3758/1598 165/3759/1599 194/3765/1603
f 170/3766/1604 165/3759/1599 273/3767/1605
f 273/3767/1605 165/3759/1599 147/3761/1601
f 1147/3706/1579 1181/3705/1570 1209/3768/1571
f 1209/3768/1571 1204/3708/1576 1147/3706/1579
f 135/3769/1548 307/3770/1598 327/3771/1252
f 194/3772/1603 165/3773/1599 163/3774/1606
f 273/3775/1605 151/3776/1600 232/3777/1607
f 790/3722/1585 821/3778/1513 782/3779/1503
f 790/3722/1585 782/3779/1503 761/3720/1563
f 814/3726/1586 767/3729/1588 790/3722/1585
f 767/3729/1588 698/3730/1569 687/3780/1535
f 698/3730/1569 686/3781/1534 687/3780/1535
f 745/3727/1587 701/3728/1565 698/3730/1569
f 519/3022/1010 484/3024/368 489/3034/1291
f 489/3034/1291 484/3024/368 416/3032/429
f 416/3032/429 484/3024/368 473/3026/1039
f 489/3034/1291 418/3033/1290 468/3782/1608
f 489/3034/1291 468/3782/1608 464/3783/1609
f 520/3784/1610 464/3783/1609 332/3785/1556
f 489/3034/1291 464/3783/1609 520/3784/1610
f 565/3018/463 489/3034/1291 542/3786/1611
f 541/3019/370 489/3034/1291 565/3018/463
f 579/3016/1288 565/3018/463 583/3104/1006
f 603/3787/455 583/3104/1006 594/3101/452
f 657/3102/1193 594/3101/452 584/3788/1612
f 642/3789/1613 591/3790/1614 584/3788/1612
f 638/3791/1277 657/3102/1193 591/3790/1614
f 591/3790/1614 657/3102/1193 584/3788/1612
f 851/3792/1496 847/3793/1499 794/3610/1505
f 779/3794/1615 847/3793/1499 854/3795/1504
f 847/3793/1499 779/3794/1615 794/3610/1505
f 854/3795/1504 771/3796/1616 779/3794/1615
f 849/3797/1502 771/3796/1616 854/3795/1504
f 771/3796/1616 849/3797/1502 821/3778/1513
f 771/3796/1616 658/3798/1529 779/3794/1615
f 679/3799/1527 771/3796/1616 821/3778/1513
f 679/3799/1527 821/3778/1513 790/3722/1585
f 687/3780/1535 679/3799/1527 790/3722/1585
f 687/3780/1535 643/3800/1528 679/3799/1527
f 679/3799/1527 658/3798/1529 771/3796/1616
f 658/3798/1529 639/3801/1531 779/3794/1615
f 659/3611/1533 639/3801/1531 627/3802/1532
f 639/3801/1531 659/3611/1533 779/3794/1615
f 659/3611/1533 794/3610/1505 779/3794/1615
f 1092/3803/1317 1097/3804/975 577/3805/745
f 534/3806/1302 577/3805/745 860/3807/1617
f 673/3808/1618 472/3809/1309 860/3807/1617
f 472/3809/1309 673/3808/1618 93/3810/1310
f 860/3807/1617 472/3809/1309 829/3811/1619
f 472/3809/1309 704/3812/1620 829/3811/1619
f 820/3813/1621 829/3811/1619 704/3812/1620
f 820/3813/1621 704/3812/1620 695/3814/1622
f 695/3814/1622 429/3815/1304 820/3813/1621
f 429/3815/1304 534/3806/1302 820/3813/1621
f 684/3816/1623 806/3817/1624 577/3805/745
f 806/3817/1624 684/3816/1623 798/3818/1625
f 806/3817/1624 837/3819/1626 864/3820/1627
f 577/3805/745 806/3817/1624 869/3821/1628
f 869/3821/1628 806/3817/1624 864/3820/1627
f 879/3822/1629 869/3821/1628 864/3820/1627
f 879/3822/1629 864/3820/1627 872/3823/1630
f 879/3822/1629 884/3824/1631 869/3821/1628
f 978/3825/1632 1013/3826/1264 955/3827/1633
f 1013/3826/1264 577/3805/745 955/3827/1633
f 534/3806/1302 860/3807/1617 893/3828/1634
f 577/3805/745 534/3806/1302 66/3829/1119
f 955/3827/1633 577/3805/745 869/3821/1628
f 869/3821/1628 934/3830/1635 955/3827/1633
f 1209/3691/1571 1543/3831/1471 1591/3832/1572
f 1543/3831/1471 1209/3691/1571 1205/3690/1470
f 194/3833/1603 163/3834/1606 287/3835/1552
f 287/3835/1552 163/3834/1606 219/3836/1426
f 330/3837/1423 219/3836/1426 272/3838/1553
f 272/3838/1553 219/3836/1426 163/3834/1606
f 272/3838/1553 163/3834/1606 170/3839/1604
f 273/3840/1605 194/3841/1603 170/3839/1604
f 170/3839/1604 194/3841/1603 287/3842/1552
f 170/3839/1604 287/3842/1552 241/3843/1636
f 238/3844/1476 315/3845/675 287/3842/1552
f 287/3842/1552 315/3845/675 241/3843/1636
f 241/3843/1636 315/3845/675 240/3846/1562
f 241/3843/1636 240/3846/1562 280/3847/1637
f 241/3843/1636 280/3847/1637 232/3848/1607
f 232/3848/1607 146/3849/1602 241/3843/1636
f 240/3850/1562 146/3849/1602 280/3851/1637
f 272/3852/1553 146/3849/1602 240/3850/1562
f 241/3843/1636 146/3849/1602 272/3838/1553
f 170/3839/1604 241/3843/1636 272/3838/1553
f 734/3853/1272 727/3854/1271 724/3855/1638
f 734/3853/1272 724/3855/1638 721/3856/1009
f 724/3855/1638 713/3857/1278 719/3858/1639
f 713/3857/1278 724/3855/1638 727/3854/1271
f 752/3682/1270 727/3679/1271 768/3678/1540
f 727/3679/1271 734/3859/1272 742/3676/1203
f 724/3860/1638 742/3676/1203 721/3861/1009
f 994/3862/1550 1009/3863/1260 992/3864/1397
f 1650/3463/1475 1277/3462/1474 1635/3865/1640
f 1546/3866/1485 1277/3462/1474 1082/3583/1536
f 1546/3866/1485 1082/3583/1536 1283/3867/1483
f 1066/3584/1421 1283/3867/1483 1082/3583/1536
f 54/3161/1339 66/3157/1119 60/3868/1641
f 60/3868/1641 66/3157/1119 59/3869/1642
f 790/3722/1585 767/3729/1588 687/3780/1535
f 1854/3870/1457 1743/3871/1515 1821/3872/1458
f 1706/3873/1643 1745/3874/1644 1744/3875/1645
f 1360/3876/1546 1706/3873/1643 1665/3877/1646
f 1777/3878/1459 1821/3872/1458 1745/3874/1644
f 1718/3879/1462 1777/3878/1459 1745/3874/1644
f 1706/3873/1643 1718/3879/1462 1745/3874/1644
f 1718/3879/1462 1706/3873/1643 1360/3876/1546
f 1743/3880/1515 1779/3881/1454 1650/3882/1475
f 1706/3883/1643 1743/3880/1515 1650/3882/1475
f 1744/3884/1645 1743/3880/1515 1706/3883/1643
f 1665/3885/1646 1706/3883/1643 1635/3886/1640
f 1650/3882/1475 1635/3886/1640 1706/3883/1643
f 999/3887/747 954/3888/746 953/3889/1647
f 999/3887/747 953/3889/1647 966/3890/762
f 1097/3891/975 1092/3892/1317 999/3887/747
f 1097/3891/975 999/3887/747 966/3890/762
f 1635/3886/1640 1277/3893/1474 1665/3885/1646
f 37/3753/1389 14/3894/1267 21/3747/1398
f 37/3753/1389 21/3747/1398 32/3749/1595
f 32/3749/1595 66/3895/1119 37/3753/1389
f 1828/3896/1648 1743/3897/1515 1744/3898/1645
f 1781/3899/1649 1828/3896/1648 1744/3898/1645
f 1828/3896/1648 1825/3900/1650 1743/3897/1515
f 1821/3901/1458 1743/3897/1515 1825/3900/1650
f 1870/3902/1651 1825/3900/1650 1828/3896/1648
f 1744/3898/1645 1745/3903/1644 1864/3904/1652
f 1838/3905/1653 1745/3903/1644 1821/3906/1458
f 1825/3907/1650 1838/3905/1653 1821/3906/1458
f 170/3766/1604 163/3908/1606 165/3759/1599
f 273/3767/1605 147/3761/1601 151/3760/1600
f 321/3909/1043 327/3910/1252 292/3911/1654
f 292/3911/1654 327/3910/1252 307/3912/1598
f 232/3913/1607 280/3914/1637 307/3912/1598
f 307/3912/1598 280/3914/1637 292/3911/1654
f 232/3913/1607 307/3912/1598 273/3915/1605
f 292/3911/1654 280/3914/1637 213/3916/1655
f 273/3915/1605 307/3912/1598 194/3917/1603
f 1465/3918/1487 1430/3919/1656 1483/3920/1489
f 1531/3921/1657 1526/3922/1488 1483/3920/1489
f 1425/3923/1658 1356/3924/1659 1531/3921/1657
f 659/3578/1533 624/3568/1523 669/3571/1526
f 1461/3925/1484 1430/3926/1656 1465/3927/1487
f 1531/3928/1657 1356/3929/1659 1583/3930/1660
f 1356/3929/1659 1283/3931/1483 1583/3930/1660
f 1356/3929/1659 1461/3925/1484 1283/3931/1483
f 147/3932/1601 165/3933/1599 197/3934/1432
f 1430/3935/1656 1342/3936/1661 1403/3937/1662
f 1430/3935/1656 1403/3937/1662 1429/3938/1663
f 1328/3939/1664 1356/3940/1659 1425/3941/1658
f 1461/3942/1484 1356/3940/1659 1342/3936/1661
f 1461/3943/1484 1342/3936/1661 1430/3944/1656
f 1526/3945/1488 1531/3928/1657 1277/3946/1474
f 1665/3947/1646 1277/3946/1474 1583/3930/1660
f 1277/3946/1474 1531/3928/1657 1583/3930/1660
f 1140/3711/1580 1204/3708/1576 1164/3948/1575
f 1140/3711/1580 1164/3948/1575 1177/3949/1578
f 1140/3711/1580 1177/3949/1578 1210/3950/1582
f 1642/3712/1581 1140/3711/1580 1210/3950/1582
f 1745/3903/1644 1838/3905/1653 1864/3951/1652
f 1018/3952/1191 1009/3953/1260 985/3954/1551
f 992/3955/1397 985/3954/1551 983/3956/1549
f 1360/3957/1546 1612/3958/1463 1718/3959/1462
f 1360/3957/1546 1665/3947/1646 1583/3930/1660
f 1360/3957/1546 1583/3930/1660 1283/3931/1483
f 1483/3920/1489 1430/3919/1656 1391/3960/1665
f 1413/3961/1666 1425/3923/1658 1531/3921/1657
f 1483/3920/1489 1413/3961/1666 1531/3921/1657
f 1744/3962/1645 1864/3963/1652 1781/3964/1649
f 1828/3965/1648 1781/3964/1649 1841/3966/1667
f 1841/3967/1667 1888/3968/1668 1825/3969/1650
f 1825/3969/1650 1888/3968/1668 1838/3970/1653
f 1864/3963/1652 1838/3970/1653 1888/3968/1668
f 1429/3971/1663 1391/3972/1665 1430/3973/1656
f 1413/3974/1666 1483/3975/1489 1362/3976/1669
f 1429/3977/1663 1403/3978/1662 1428/3979/1670
f 1429/3977/1663 1428/3979/1670 1427/3980/1671
f 1429/3977/1663 1413/3981/1666 1391/3982/1665
f 1413/3981/1666 1429/3977/1663 1427/3980/1671
f 1391/3982/1665 1413/3981/1666 1428/3983/1672
f 1391/3982/1665 1428/3983/1672 1369/3984/1673
f 1369/3984/1673 1428/3983/1672 1413/3981/1666
f 1403/3985/1662 1427/3980/1671 1369/3986/1674
f 1427/3980/1671 1381/3987/1675 1413/3988/1666
f 1413/3988/1666 1381/3987/1675 1425/3989/1658
f 216/3990/1676 147/3932/1601 197/3934/1432
f 216/3990/1676 322/3991/1214 129/3992/1589
f 322/3991/1214 216/3990/1676 197/3934/1432
f 261/3993/1388 304/3994/1390 290/3995/1292
f 1180/3996/1677 1177/3700/1578 1331/3997/1584
f 1177/3700/1578 1815/3699/1577 1642/3998/1581
f 1331/3997/1584 1177/3700/1578 1642/3998/1581
f 1330/3999/1583 1358/4000/1678 1156/4001/1679
f 1331/3997/1584 1330/3999/1583 1180/3996/1677
f 1330/3999/1583 1156/4001/1679 1162/4002/1680
f 805/4003/1269 742/4004/1203 724/3855/1638
f 724/3855/1638 817/4005/385 805/4003/1269
f 1342/4006/1661 1326/4007/1681 1403/4008/1662
f 1328/4009/1664 1326/4007/1681 1342/4006/1661
f 1328/4009/1664 1342/4006/1661 1356/4010/1659
f 1841/3966/1667 1825/4011/1650 1870/4012/1651
f 1828/3965/1648 1841/3966/1667 1870/4012/1651
f 1864/3963/1652 1841/3966/1667 1781/3964/1649
f 1483/4013/1489 1391/4014/1665 1362/4015/1669
f 1362/4015/1669 1391/4014/1665 1369/4016/1673
f 280/4017/1637 146/3762/1602 216/4018/1676
f 146/3762/1602 147/3761/1601 216/4018/1676
f 216/4018/1676 129/3737/1589 213/4019/1655
f 213/4019/1655 129/3737/1589 149/3739/1558
f 322/4020/1214 304/3735/1390 93/3734/1310
f 322/4020/1214 93/3734/1310 321/4021/1043
f 59/4022/1642 66/3740/1119 32/4023/1595
f 1864/4024/1652 1888/4025/1668 1841/4026/1667
f 1326/4027/1681 1381/4028/1675 1427/4029/1671
f 1326/4027/1681 1427/4029/1671 1403/4030/1662
f 1326/4031/1681 1328/4032/1664 1381/4028/1675
f 1381/4028/1675 1328/4032/1664 1425/4033/1658
f 1362/4034/1669 1369/3984/1673 1413/3981/1666
f 232/3777/1607 151/4035/1600 146/4036/1602
f 1118/4037/1517 1026/4038/1682 1093/4039/1683
f 1026/4038/1682 1118/4037/1517 1018/4040/1191
f 1066/4041/1421 1018/4040/1191 1072/4042/1422
f 1018/4040/1191 1118/4037/1517 1072/4042/1422
f 1018/4043/1191 1015/4044/973 673/4045/1618
f 673/4045/1618 1028/4046/1684 1018/4043/1191
f 1018/4043/1191 985/4047/1551 1015/4044/973
f 992/4048/1397 1015/4044/973 985/4049/1551
f 280/4017/1637 216/4018/1676 213/4019/1655
f 1076/4050/765 1105/4051/1547 1079/4052/439
f 1105/4051/1547 1218/4053/1685 1221/4054/1686
f 1100/4055/1687 1221/4054/1686 1218/4053/1685
f 673/4056/1618 1015/4057/973 1021/4058/764
f 1210/4059/1582 1177/3700/1578 1180/3996/1677
f 1330/3999/1583 1162/4002/1680 1180/3996/1677
f 1358/4000/1678 1214/4060/1688 1129/4061/1689
f 1358/4000/1678 1129/4061/1689 1156/4001/1679
f 1631/4062/1690 1214/4060/1688 1358/4000/1678
f 1631/4062/1690 1569/4063/1691 1214/4060/1688
f 1569/4063/1691 1227/4064/1692 1214/4060/1688
f 1227/4064/1692 1255/4065/1693 1249/4066/1694
f 1255/4065/1693 1227/4064/1692 1250/4067/1695
f 1569/4068/1691 1250/4067/1695 1227/4064/1692
f 1358/4069/1678 1210/4070/1582 1162/4071/1680
f 1271/4072/1696 1162/4071/1680 1156/4073/1679
f 1210/4070/1582 1180/4074/1677 1162/4071/1680
f 1129/4075/1689 1228/4076/1697 1252/4077/1698
f 1252/4077/1698 1631/4078/1690 1129/4075/1689
f 1358/4079/1678 1330/4080/1583 1210/4081/1582
f 1162/4082/1680 1271/4083/1696 1358/4079/1678
f 1358/4079/1678 1271/4083/1696 1631/4084/1690
f 1075/4085/1346 1118/4086/1517 1242/4087/766
f 1218/4053/1685 1118/4086/1517 1100/4055/1687
f 1218/4053/1685 1105/4051/1547 1281/4088/1516
f 261/4089/1388 69/3752/1295 38/3751/1596
f 1214/4090/1688 1123/4091/976 1129/4092/1689
f 1123/4091/976 578/4093/974 1129/4092/1689
f 1271/4094/1696 1156/4073/1679 1129/4075/1689
f 713/4095/1278 722/4096/1699 719/4097/1639
f 137/3659/1559 292/4098/1654 213/4099/1655
f 137/3659/1559 213/4099/1655 149/3658/1558
f 177/3660/1560 137/3659/1559 244/3657/1557
f 1831/4100/1700 1816/4101/1701 1893/4102/1702
f 1856/4103/1703 1893/4102/1702 1816/4101/1701
f 1893/4102/1702 1856/4103/1703 1807/4104/1704
f 1893/4102/1702 1807/4104/1704 1889/4105/1705
f 1807/4104/1704 1727/4106/1706 1889/4105/1705
f 1889/4105/1705 1727/4106/1706 1831/4107/1700
f 1831/4107/1700 1727/4106/1706 1772/4108/1707
f 1889/4109/1705 1831/4110/1700 1893/4111/1702
f 1379/4112/1708 1314/4113/1709 1319/4114/1710
f 1314/4113/1709 1379/4112/1708 1296/4115/1711
f 1379/4112/1708 1376/4116/1712 1476/4117/1713
f 1242/4087/766 1218/4053/1685 1281/4088/1516
f 1218/4053/1685 1242/4087/766 1118/4086/1517
f 1319/4118/1710 1314/4119/1709 1296/4120/1711
f 1319/4118/1710 1296/4120/1711 1313/4121/1714
f 1379/4122/1708 1319/4118/1710 1376/4123/1712
f 1376/4123/1712 1319/4118/1710 1336/4124/1715
f 1319/4118/1710 1313/4121/1714 1336/4124/1715
f 1380/4125/1716 1476/4126/1713 1376/4127/1712
f 1858/4128/1717 1856/4129/1703 1840/4130/1718
f 1840/4130/1718 1803/4131/1719 1810/4132/1720
f 1803/4131/1719 1840/4130/1718 1856/4129/1703
f 1803/4131/1719 1728/4133/1721 1810/4132/1720
f 1772/4134/1707 1728/4135/1721 1803/4131/1719
f 1327/4136/1722 1376/4137/1712 1336/4138/1715
f 1858/4128/1717 1810/4132/1720 1856/4139/1703
f 1810/4132/1720 1858/4128/1717 1840/4130/1718
f 1025/4140/1723 1038/4141/1724 998/4142/1725
f 1061/4143/1726 1026/4144/1682 1007/4145/1727
f 1001/4146/1728 1025/4140/1723 998/4142/1725
f 998/4142/1725 1007/4145/1727 1003/4147/1729
f 998/4142/1725 1003/4147/1729 1001/4146/1728
f 998/4148/1725 1038/4149/1724 1007/4150/1727
f 1088/4151/1730 1061/4152/1726 1093/4153/1683
f 1136/4154/1731 1212/4155/1732 1215/4156/1733
f 1215/4156/1733 1212/4155/1732 1093/4153/1683
f 1007/4150/1727 1038/4149/1724 1061/4152/1726
f 1093/4153/1683 1061/4152/1726 1038/4149/1724
f 1093/4153/1683 1038/4149/1724 1215/4156/1733
f 322/4020/1214 321/4021/1043 292/4157/1654
f 129/3737/1589 322/4020/1214 292/4157/1654
f 129/3737/1589 292/4157/1654 137/4158/1559
f 129/3737/1589 137/4158/1559 133/3738/1561
f 1136/4159/1731 1088/4160/1730 1212/4161/1732
f 1088/4160/1730 1136/4159/1731 1038/4162/1724
f 1088/4163/1730 1038/4162/1724 1025/4164/1723
f 1025/4164/1723 1061/4165/1726 1088/4163/1730
f 1327/4166/1722 1336/4167/1715 1380/4168/1716
f 1376/4169/1712 1327/4166/1722 1380/4168/1716
f 1831/4100/1700 1772/4170/1707 1816/4101/1701
f 1038/4149/1724 1136/4154/1731 1215/4156/1733
f 1472/4171/1734 1296/4172/1711 1379/4173/1708
f 1472/4171/1734 1379/4173/1708 1507/4174/1735
f 1296/4172/1711 1472/4171/1734 1410/4175/1736
f 1296/4172/1711 1410/4175/1736 1313/4176/1714
f 1410/4175/1736 1395/4177/1737 1313/4176/1714
f 1395/4177/1737 1449/4178/1738 1336/4179/1715
f 1490/4180/1739 1449/4178/1738 1395/4177/1737
f 1395/4177/1737 1443/4181/1740 1490/4180/1739
f 1443/4181/1740 1395/4177/1737 1410/4175/1736
f 1449/4182/1738 1507/4174/1735 1476/4183/1713
f 1476/4183/1713 1507/4174/1735 1379/4173/1708
f 1727/4184/1706 1807/4185/1704 1732/4186/1741
f 1807/4185/1704 1856/4187/1703 1826/4188/1742
f 1807/4185/1704 1782/4189/1743 1732/4186/1741
f 1782/4189/1743 1807/4185/1704 1826/4188/1742
f 1826/4188/1742 1750/4190/1744 1782/4189/1743
f 1826/4188/1742 1810/4191/1720 1750/4190/1744
f 1826/4188/1742 1856/4187/1703 1810/4191/1720
f 1772/4192/1707 1727/4184/1706 1728/4193/1721
f 1728/4193/1721 1727/4184/1706 1688/4194/1745
f 1271/4083/1696 1129/4195/1689 1631/4084/1690
f 1252/4196/1698 1255/4197/1693 1631/4084/1690
f 1097/4198/975 1123/4199/976 1227/4200/1692
f 1214/4201/1688 1227/4202/1692 1123/4199/976
f 1250/4203/1695 1569/4204/1691 1255/4197/1693
f 1255/4197/1693 1569/4204/1691 1631/4084/1690
f 1061/4205/1726 1025/4206/1723 1026/4207/1682
f 1026/4207/1682 1025/4206/1723 1001/4208/1728
f 1026/4207/1682 1001/4208/1728 1027/4209/1746
f 1093/4210/1683 1026/4207/1682 1088/4211/1730
f 1088/4211/1730 1026/4207/1682 1027/4209/1746
f 1024/4212/1747 1027/4209/1746 1001/4208/1728
f 1001/4208/1728 1003/4213/1729 1024/4212/1747
f 1003/4213/1729 1026/4214/1682 1024/4212/1747
f 1003/4213/1729 1007/4215/1727 1026/4214/1682
f 1024/4212/1747 1028/4216/1684 1027/4209/1746
f 1028/4216/1684 1024/4212/1747 1026/4214/1682
f 1088/4211/1730 1027/4209/1746 1028/4216/1684
f 1028/4216/1684 1100/4217/1687 1088/4211/1730
f 1088/4211/1730 1100/4217/1687 1212/4218/1732
f 1856/4219/1703 1816/4220/1701 1772/4221/1707
f 1856/4219/1703 1772/4221/1707 1803/4222/1719
f 1380/4223/1716 1449/4178/1738 1476/4224/1713
f 1449/4178/1738 1380/4223/1716 1336/4179/1715
f 1336/4179/1715 1313/4176/1714 1395/4177/1737
f 1750/4190/1744 1728/4225/1721 1707/4226/1748
f 1750/4190/1744 1810/4191/1720 1728/4225/1721
f 1688/4227/1745 1727/4228/1706 1674/4229/1749
f 1688/4227/1745 1674/4229/1749 1643/4230/1750
f 1674/4229/1749 1727/4228/1706 1732/4231/1741
f 1674/4229/1749 1732/4231/1741 1671/4232/1751
f 1793/4233/1752 1686/4234/1753 1671/4232/1751
f 1686/4234/1753 1793/4233/1752 1804/4235/1754
f 1692/4236/1755 1804/4235/1754 1834/4237/1756
f 1834/4237/1756 1804/4235/1754 1793/4233/1752
f 1793/4233/1752 1671/4232/1751 1782/4238/1743
f 1671/4232/1751 1732/4231/1741 1782/4238/1743
f 1782/4238/1743 1819/4239/1757 1793/4233/1752
f 1819/4239/1757 1832/4240/1758 1834/4237/1756
f 1819/4239/1757 1834/4237/1756 1793/4233/1752
f 1692/4236/1755 1769/4241/1759 1710/4242/1760
f 1671/4232/1751 1629/4243/1761 1514/4244/1762
f 1671/4232/1751 1514/4244/1762 1643/4230/1750
f 1643/4230/1750 1674/4229/1749 1671/4232/1751
f 1472/4245/1734 1643/4230/1750 1514/4244/1762
f 1472/4245/1734 1431/4246/1763 1410/4247/1736
f 1439/4248/1764 1410/4247/1736 1431/4246/1763
f 1472/4245/1734 1514/4244/1762 1431/4246/1763
f 1431/4246/1763 1514/4244/1762 1474/4249/1765
f 1439/4248/1764 1435/4250/1766 1400/4251/1767
f 1434/4252/1768 1435/4250/1766 1555/4253/1769
f 1435/4250/1766 1460/4254/1770 1555/4253/1769
f 1579/4255/1771 1434/4252/1768 1555/4253/1769
f 1434/4252/1768 1579/4255/1771 1370/4256/1772
f 1474/4249/1765 1514/4244/1762 1629/4243/1761
f 1474/4249/1765 1686/4234/1753 1525/4257/1773
f 1686/4234/1753 1474/4249/1765 1629/4243/1761
f 1686/4234/1753 1629/4243/1761 1671/4232/1751
f 1707/4226/1748 1728/4225/1721 1688/4258/1745
f 1472/4259/1734 1507/4260/1735 1643/4261/1750
f 1600/4262/1774 1696/4263/1775 1680/4264/1776
f 1600/4262/1774 1680/4264/1776 1664/4265/1777
f 1484/4266/1778 1600/4262/1774 1515/4267/1779
f 1643/4261/1750 1449/4268/1738 1515/4267/1779
f 1643/4261/1750 1507/4260/1735 1449/4268/1738
f 1688/4269/1745 1643/4270/1750 1707/4271/1748
f 1643/4270/1750 1664/4272/1777 1707/4271/1748
f 1696/4273/1775 1664/4272/1777 1680/4274/1776
f 1664/4272/1777 1696/4273/1775 1739/4275/1780
f 1664/4272/1777 1739/4275/1780 1707/4271/1748
f 1696/4273/1775 1820/4276/1781 1739/4275/1780
f 1707/4271/1748 1739/4275/1780 1750/4277/1744
f 1820/4276/1781 1750/4277/1744 1739/4275/1780
f 1820/4276/1781 1696/4273/1775 1715/4278/1782
f 1801/4279/1783 1820/4276/1781 1715/4278/1782
f 1801/4279/1783 1715/4278/1782 1748/4280/1784
f 1820/4276/1781 1801/4279/1783 1832/4281/1758
f 1820/4276/1781 1832/4281/1758 1819/4282/1757
f 1820/4276/1781 1819/4282/1757 1750/4277/1744
f 1819/4282/1757 1782/4283/1743 1750/4277/1744
f 578/4284/974 673/4285/1618 1021/4286/764
f 578/4287/974 1021/4286/764 1129/4288/1689
f 1219/4289/1785 1129/4288/1689 1221/4290/1686
f 1129/4288/1689 1219/4289/1785 1226/4291/1786
f 1228/4292/1697 1129/4293/1689 1240/4294/1787
f 1240/4294/1787 1129/4293/1689 1222/4295/1788
f 1228/4296/1697 1222/4295/1788 1227/4297/1692
f 1225/4298/1789 1227/4297/1692 1222/4295/1788
f 1226/4299/1786 1225/4298/1789 1222/4295/1788
f 1226/4299/1786 1224/4300/1790 1225/4298/1789
f 1226/4299/1786 1222/4295/1788 1129/4293/1689
f 93/4301/1310 673/4302/1618 578/4303/974
f 93/4301/1310 578/4303/974 321/4304/1043
f 578/4303/974 638/3791/1277 332/3785/1556
f 332/3785/1556 638/3791/1277 591/3790/1614
f 332/3785/1556 591/3790/1614 555/4305/1791
f 542/3786/1611 555/4305/1791 591/3790/1614
f 542/3786/1611 591/3790/1614 642/3789/1613
f 542/3786/1611 642/3789/1613 584/3788/1612
f 584/3788/1612 594/3101/452 565/3018/463
f 565/3018/463 594/3101/452 583/3104/1006
f 584/3788/1612 565/3018/463 542/3786/1611
f 332/3785/1556 321/4304/1043 578/4303/974
f 472/4306/1309 93/4307/1310 262/4308/1308
f 520/3784/1610 332/3785/1556 555/4305/1791
f 1212/4309/1732 1100/4310/1687 1093/4311/1683
f 1100/4310/1687 1118/4312/1517 1093/4311/1683
f 1028/4046/1684 1026/4313/1682 1018/4043/1191
f 1105/4314/1547 1221/4290/1686 1129/4288/1689
f 1105/4314/1547 1129/4288/1689 1079/4315/439
f 1129/4288/1689 1021/4286/764 1079/4315/439
f 1087/4316/1792 1221/4290/1686 1100/4317/1687
f 1028/4318/1684 1087/4316/1792 1100/4317/1687
f 1087/4316/1792 1028/4318/1684 673/4319/1618
f 1087/4316/1792 1239/4320/1793 1238/4321/1794
f 1219/4289/1785 1221/4290/1686 1246/4322/1795
f 1246/4322/1795 1221/4290/1686 1238/4321/1794
f 1246/4322/1795 1238/4321/1794 1239/4320/1793
f 1238/4321/1794 1221/4290/1686 1087/4316/1792
f 1087/4323/1792 673/4324/1618 1128/4325/1796
f 1087/4323/1792 1128/4325/1796 1236/4326/1797
f 1087/4323/1792 1236/4326/1797 1251/4327/1798
f 1239/4328/1793 1087/4323/1792 1251/4327/1798
f 1251/4327/1798 1236/4326/1797 1224/4329/1790
f 673/4324/1618 1102/4330/1799 1128/4325/1796
f 1225/4331/1789 1102/4330/1799 1227/4332/1692
f 1227/4332/1692 1102/4330/1799 577/4333/745
f 1102/4330/1799 673/4324/1618 577/4333/745
f 577/4334/745 673/4324/1618 860/4335/1617
f 1219/4336/1785 1246/4337/1795 1234/4338/1800
f 1234/4338/1800 1246/4337/1795 1251/4327/1798
f 1251/4327/1798 1246/4337/1795 1239/4328/1793
f 1226/4339/1786 1219/4336/1785 1234/4338/1800
f 1226/4339/1786 1234/4338/1800 1224/4329/1790
f 1234/4338/1800 1251/4327/1798 1224/4329/1790
f 1224/4329/1790 1236/4326/1797 1128/4325/1796
f 336/4340/1555 332/3785/1556 397/4341/1801
f 344/3031/1289 337/4342/1554 418/3033/1290
f 336/4340/1555 418/3033/1290 337/4342/1554
f 418/3033/1290 336/4340/1555 397/4341/1801
f 468/3782/1608 418/3033/1290 464/3783/1609
f 418/3033/1290 397/4341/1801 464/3783/1609
f 464/3783/1609 397/4341/1801 332/3785/1556
f 638/4343/1277 843/4344/1802 713/4345/1278
f 578/4346/974 843/4344/1802 638/4343/1277
f 713/4345/1278 843/4344/1802 874/4347/1803
f 713/4345/1278 874/4347/1803 722/4348/1699
f 834/4349/1804 722/4348/1699 874/4347/1803
f 719/4350/1639 834/4349/1804 818/4351/1805
f 817/4352/385 719/4350/1639 848/4353/1008
f 817/4352/385 848/4353/1008 852/4354/1007
f 719/4350/1639 817/4352/385 724/4355/1638
f 578/4346/974 966/3890/762 843/4344/1802
f 843/4344/1802 966/3890/762 953/3889/1647
f 818/4351/1805 843/4344/1802 953/3889/1647
f 953/3889/1647 954/3888/746 818/4351/1805
f 818/4351/1805 954/3888/746 888/4356/682
f 818/4351/1805 888/4356/682 881/4357/756
f 818/4351/1805 881/4357/756 848/4353/1008
f 818/4351/1805 848/4353/1008 719/4350/1639
f 843/4344/1802 818/4351/1805 834/4349/1804
f 834/4349/1804 874/4347/1803 843/4344/1802
f 1600/4262/1774 1664/4265/1777 1643/4261/1750
f 1600/4262/1774 1643/4261/1750 1515/4267/1779
f 1252/4358/1698 1249/4359/1694 1240/4360/1787
f 1240/4360/1787 1249/4359/1694 1241/4361/1806
f 1240/4360/1787 1241/4361/1806 1228/4362/1697
f 1255/4363/1693 1241/4361/1806 1249/4359/1694
f 1228/4362/1697 1241/4361/1806 1222/4364/1788
f 1241/4361/1806 1252/4358/1698 1222/4364/1788
f 1255/4363/1693 1252/4358/1698 1241/4361/1806
f 1252/4358/1698 1240/4360/1787 1222/4364/1788
f 476/4365/1305 429/4366/1304 549/4367/1807
f 570/4368/1280 577/4369/745 550/4370/1281
f 577/4369/745 570/4368/1280 597/4371/1283
f 472/4372/1309 549/4373/1807 602/4374/1808
f 472/4375/1309 602/4374/1808 704/4376/1620
f 429/4377/1304 602/4374/1808 549/4373/1807
f 602/4374/1808 429/4377/1304 664/4378/1809
f 602/4374/1808 664/4378/1809 695/4379/1622
f 704/4376/1620 602/4374/1808 695/4379/1622
f 664/4378/1809 429/4377/1304 695/4379/1622
f 577/4369/745 665/4380/1285 684/4381/1623
f 665/4380/1285 577/4369/745 597/4371/1283
f 1228/4296/1697 1249/4382/1694 1252/4383/1698
f 1249/4382/1694 1228/4296/1697 1227/4297/1692
f 343/3030/1025 337/4342/1554 344/3031/1289
f 1696/4263/1775 1600/4262/1774 1484/4266/1778
f 1463/4384/1810 1550/4385/1811 1696/4263/1775
f 1613/4386/1812 1748/4387/1784 1550/4385/1811
f 1696/4263/1775 1550/4385/1811 1748/4387/1784
f 1484/4266/1778 1463/4384/1810 1696/4263/1775
f 1490/4180/1739 1443/4181/1740 1410/4175/1736
f 520/3784/1610 555/4305/1791 542/3786/1611
f 520/3784/1610 542/3786/1611 489/3034/1291
f 719/4350/1639 722/4348/1699 834/4349/1804
f 1686/4234/1753 1692/4236/1755 1525/4257/1773
f 1686/4234/1753 1804/4235/1754 1692/4236/1755
f 1525/4257/1773 1409/4388/1813 1474/4249/1765
f 1435/4250/1766 1409/4388/1813 1460/4254/1770
f 1431/4246/1763 1409/4388/1813 1435/4250/1766
f 1474/4249/1765 1409/4388/1813 1431/4246/1763
f 1431/4246/1763 1435/4250/1766 1439/4248/1764
f 1256/4389/1814 1128/4390/1796 1102/4391/1799
f 1128/4390/1796 1256/4389/1814 1275/4392/1815
f 1128/4390/1796 1275/4392/1815 1250/4393/1816
f 1263/4394/1817 1303/4395/1818 1253/4396/1819
f 1256/4397/1814 1253/4396/1819 1273/4398/1820
f 1263/4394/1817 1275/4392/1815 1303/4395/1818
f 1404/4399/1821 1560/4400/1822 1377/4401/1823
f 1303/4395/1818 1482/4402/1824 1305/4403/1825
f 1305/4403/1825 1482/4402/1824 1467/4404/1826
f 1467/4404/1826 1404/4405/1821 1305/4403/1825
f 1305/4403/1825 1404/4405/1821 1273/4398/1820
f 1482/4402/1824 1303/4395/1818 1377/4401/1823
f 1377/4401/1823 1303/4395/1818 1275/4392/1815
f 1377/4401/1823 1273/4406/1820 1404/4399/1821
f 1102/4407/1799 1225/4408/1789 1250/4393/1816
f 1224/4409/1790 1250/4393/1816 1225/4408/1789
f 1263/4394/1817 1250/4393/1816 1275/4392/1815
f 1128/4390/1796 1250/4393/1816 1224/4409/1790
f 1102/4407/1799 1250/4393/1816 1253/4396/1819
f 1256/4397/1814 1102/4407/1799 1253/4396/1819
f 1263/4394/1817 1253/4396/1819 1250/4393/1816
f 423/4410/1306 476/4365/1305 472/4306/1309
f 472/4306/1309 476/4365/1305 549/4367/1807
f 829/3811/1619 820/3813/1621 860/3807/1617
f 893/3828/1634 860/3807/1617 820/3813/1621
f 534/3806/1302 893/3828/1634 820/3813/1621
f 577/4411/745 1097/4198/975 1227/4200/1692
f 1502/4412/1827 1463/4384/1810 1439/4413/1764
f 1550/4385/1811 1463/4384/1810 1502/4412/1827
f 1502/4412/1827 1439/4413/1764 1400/4414/1767
f 1439/4413/1764 1475/4415/1828 1490/4416/1739
f 1439/4413/1764 1490/4416/1739 1410/4417/1736
f 1449/4268/1738 1490/4416/1739 1515/4267/1779
f 1515/4267/1779 1490/4416/1739 1475/4415/1828
f 1484/4266/1778 1515/4267/1779 1475/4415/1828
f 1439/4413/1764 1463/4384/1810 1475/4415/1828
f 1475/4415/1828 1463/4384/1810 1484/4266/1778
f 305/4418/1829 283/4419/1830 304/3994/1390
f 261/3993/1388 305/4418/1829 304/3994/1390
f 1715/4420/1782 1696/4263/1775 1748/4387/1784
f 1704/4421/1831 1748/4387/1784 1613/4386/1812
f 1704/4421/1831 1613/4386/1812 1584/4422/1832
f 1673/4423/1833 1704/4421/1831 1584/4422/1832
f 1579/4424/1771 1673/4423/1833 1584/4422/1832
f 1502/4412/1827 1579/4424/1771 1584/4422/1832
f 1584/4422/1832 1613/4386/1812 1550/4385/1811
f 1584/4422/1832 1550/4385/1811 1502/4412/1827
f 31/4425/1597 37/4426/1389 35/4427/1834
f 305/4418/1829 31/4425/1597 35/4427/1834
f 283/4419/1830 305/4418/1829 35/4427/1834
f 1256/4397/1814 1273/4398/1820 1275/4428/1815
f 1253/4396/1819 1303/4395/1818 1305/4403/1825
f 1273/4398/1820 1253/4396/1819 1305/4403/1825
f 283/4419/1830 37/4426/1389 304/3994/1390
f 37/4426/1389 283/4419/1830 35/4427/1834
f 1832/4429/1758 1801/4430/1783 1834/4431/1756
f 1769/4432/1759 1733/4433/1835 1710/4434/1760
f 1710/4434/1760 1733/4433/1835 1721/4435/1836
f 1673/4436/1833 1721/4435/1836 1704/4437/1831
f 1748/4438/1784 1704/4437/1831 1721/4435/1836
f 1771/4439/1837 1748/4438/1784 1721/4435/1836
f 1748/4438/1784 1771/4439/1837 1801/4440/1783
f 1839/4441/1838 1801/4440/1783 1771/4439/1837
f 1839/4441/1838 1771/4439/1837 1799/4442/1839
f 1839/4441/1838 1799/4442/1839 1865/4443/1840
f 1731/4444/1841 1799/4442/1839 1771/4439/1837
f 1731/4444/1841 1771/4439/1837 1721/4435/1836
f 1460/4254/1770 1409/4388/1813 1525/4257/1773
f 1647/4445/1842 1525/4257/1773 1692/4236/1755
f 1647/4445/1842 1555/4253/1769 1525/4257/1773
f 1769/4241/1759 1692/4236/1755 1834/4237/1756
f 1692/4236/1755 1710/4242/1760 1647/4445/1842
f 1673/4446/1833 1647/4445/1842 1710/4242/1760
f 1673/4446/1833 1710/4242/1760 1721/4447/1836
f 1647/4445/1842 1673/4446/1833 1579/4255/1771
f 1579/4255/1771 1555/4253/1769 1647/4445/1842
f 1834/4431/1756 1801/4430/1783 1788/4448/1843
f 1788/4448/1843 1801/4430/1783 1839/4449/1838
f 1788/4448/1843 1769/4432/1759 1834/4431/1756
f 1733/4433/1835 1769/4432/1759 1788/4448/1843
f 1765/4450/1844 1731/4444/1841 1733/4433/1835
f 1721/4435/1836 1733/4433/1835 1731/4444/1841
f 38/4451/1596 31/4452/1597 33/4453/1845
f 33/4453/1845 31/4452/1597 34/4454/1846
f 261/4455/1388 38/4451/1596 33/4453/1845
f 34/4454/1846 191/4456/1847 33/4453/1845
f 261/4455/1388 33/4453/1845 191/4456/1847
f 261/4455/1388 191/4456/1847 305/4457/1829
f 191/4456/1847 34/4454/1846 31/4452/1597
f 191/4456/1847 31/4452/1597 305/4457/1829
f 1377/4401/1823 1275/4392/1815 1273/4458/1820
f 1555/4253/1769 1460/4254/1770 1525/4257/1773
f 1400/4459/1767 1324/4460/1848 1502/4461/1827
f 1579/4462/1771 1502/4461/1827 1370/4463/1772
f 1370/4463/1772 1502/4461/1827 1456/4464/1849
f 1456/4464/1849 1502/4461/1827 1324/4460/1848
f 1435/4465/1766 1343/4466/1850 1400/4459/1767
f 1343/4466/1850 1397/4467/1851 1400/4459/1767
f 1397/4467/1851 1324/4460/1848 1400/4459/1767
f 1865/4468/1840 1788/4469/1843 1839/4470/1838
f 1733/4471/1835 1788/4469/1843 1835/4472/1852
f 1835/4472/1852 1788/4469/1843 1865/4468/1840
f 1733/4471/1835 1835/4472/1852 1765/4473/1844
f 1523/4474/1853 1518/4475/1854 1432/4476/1855
f 1518/4475/1854 1384/4477/1856 1300/4478/1857
f 1300/4478/1857 1384/4477/1856 1278/4479/1858
f 1432/4476/1855 1518/4475/1854 1300/4478/1857
f 1432/4476/1855 1300/4478/1857 1290/4480/1859
f 1290/4480/1859 1300/4478/1857 1261/4481/1860
f 1300/4478/1857 1278/4479/1858 1261/4481/1860
f 1424/4482/1861 1278/4479/1858 1384/4477/1856
f 1384/4477/1856 1506/4483/1862 1424/4482/1861
f 1506/4483/1862 1485/4484/1863 1424/4482/1861
f 1494/4485/1864 1424/4482/1861 1485/4484/1863
f 1494/4486/1864 1538/4487/1865 1582/4488/1866
f 1538/4487/1865 1494/4486/1864 1485/4484/1863
f 1533/4489/1867 1538/4487/1865 1485/4484/1863
f 1533/4489/1867 1552/4490/1868 1538/4487/1865
f 1588/4491/1869 1597/4492/1870 1533/4489/1867
f 1588/4491/1869 1533/4489/1867 1506/4483/1862
f 1588/4491/1869 1506/4483/1862 1384/4477/1856
f 1523/4493/1853 1626/4494/1871 1633/4495/1872
f 1523/4493/1853 1633/4495/1872 1518/4496/1854
f 1633/4495/1872 1626/4494/1871 1682/4497/1873
f 1670/4498/1874 1682/4497/1873 1659/4499/1875
f 1659/4499/1875 1682/4497/1873 1626/4494/1871
f 1626/4494/1871 1619/4500/1876 1659/4499/1875
f 1619/4500/1876 1626/4494/1871 1599/4501/1877
f 1343/4466/1850 1435/4465/1766 1434/4502/1768
f 1337/4503/1878 1370/4504/1772 1456/4505/1849
f 1343/4466/1850 1434/4502/1768 1370/4504/1772
f 1261/4506/1860 1259/4507/1879 1274/4508/1880
f 1291/4509/1881 1278/4510/1858 1340/4511/1882
f 1278/4510/1858 1291/4509/1881 1259/4507/1879
f 1259/4507/1879 1291/4509/1881 1274/4508/1880
f 1371/4512/1883 1274/4508/1880 1291/4509/1881
f 1274/4508/1880 1371/4512/1883 1517/4513/1884
f 1274/4508/1880 1517/4513/1884 1557/4514/1885
f 1274/4508/1880 1557/4514/1885 1312/4515/1886
f 1312/4515/1886 1286/4516/1887 1274/4508/1880
f 1312/4515/1886 1542/4517/1888 1286/4516/1887
f 1542/4517/1888 1312/4515/1886 1557/4518/1885
f 1542/4517/1888 1499/4519/1889 1286/4516/1887
f 1286/4516/1887 1499/4519/1889 1441/4520/1890
f 1441/4520/1890 1290/4521/1859 1286/4516/1887
f 1286/4516/1887 1261/4506/1860 1274/4508/1880
f 1261/4506/1860 1286/4516/1887 1290/4521/1859
f 1441/4520/1890 1523/4522/1853 1290/4521/1859
f 1290/4521/1859 1523/4522/1853 1432/4523/1855
f 1599/4501/1877 1523/4493/1853 1441/4524/1890
f 1626/4494/1871 1523/4493/1853 1599/4501/1877
f 1619/4500/1876 1599/4501/1877 1551/4525/1891
f 1599/4501/1877 1441/4524/1890 1551/4525/1891
f 1551/4525/1891 1441/4524/1890 1499/4526/1889
f 1551/4525/1891 1628/4527/1892 1619/4500/1876
f 1659/4499/1875 1619/4500/1876 1628/4527/1892
f 1666/4528/1893 1633/4495/1872 1682/4497/1873
f 1304/4529/1894 1397/4467/1851 1343/4466/1850
f 1799/4530/1839 1731/4531/1841 1765/4473/1844
f 1865/4532/1840 1799/4530/1839 1884/4533/1895
f 1397/4534/1851 1304/4535/1894 1348/4536/1896
f 1456/4537/1849 1350/4538/1897 1337/4539/1878
f 1350/4538/1897 1324/4540/1848 1315/4541/1898
f 1337/4539/1878 1350/4538/1897 1363/4542/1899
f 1324/4540/1848 1397/4534/1851 1348/4536/1896
f 1456/4537/1849 1324/4540/1848 1350/4538/1897
f 1765/4543/1844 1862/4544/1900 1848/4545/1901
f 1765/4543/1844 1835/4546/1852 1862/4544/1900
f 1835/4546/1852 1865/4547/1840 1891/4548/1902
f 1862/4544/1900 1835/4546/1852 1891/4548/1902
f 1293/4549/1903 1304/4535/1894 1343/4550/1850
f 1293/4549/1903 1343/4550/1850 1370/4551/1772
f 1370/4551/1772 1337/4552/1878 1293/4549/1903
f 1865/4553/1840 1876/4554/1904 1891/4555/1902
f 1884/4556/1895 1876/4554/1904 1865/4553/1840
f 1799/4557/1839 1765/4558/1844 1876/4559/1904
f 1293/4560/1903 1287/4561/1905 1304/4562/1894
f 1337/4563/1878 1287/4561/1905 1293/4560/1903
f 1304/4564/1894 1287/4565/1905 1348/4566/1896
f 1348/4566/1896 1287/4565/1905 1363/4567/1899
f 1287/4565/1905 1337/4568/1878 1363/4567/1899
f 1891/4569/1902 1876/4570/1904 1848/4571/1901
f 1848/4571/1901 1876/4570/1904 1765/4572/1844
f 1848/4571/1901 1862/4573/1900 1891/4574/1902
f 1315/4575/1898 1324/4576/1848 1348/4577/1896
f 1350/4578/1897 1315/4575/1898 1363/4579/1899
f 1278/4479/1858 1259/4580/1879 1261/4481/1860
f 1315/4581/1898 1348/4582/1896 1363/4583/1899
f 1876/4559/1904 1884/4556/1895 1799/4557/1839
f 1518/4496/1854 1633/4495/1872 1384/4584/1856
f 1588/4585/1869 1384/4584/1856 1617/4586/1906
f 1617/4586/1906 1384/4584/1856 1633/4495/1872
f 1524/4587/1907 1611/4588/1908 1617/4586/1906
f 1617/4586/1906 1570/4589/1909 1524/4587/1907
f 1617/4586/1906 1666/4528/1893 1570/4589/1909
f 1682/4497/1873 1670/4498/1874 1666/4528/1893
f 1670/4498/1874 1570/4589/1909 1666/4528/1893
f 1611/4588/1908 1524/4587/1907 1582/4590/1866
f 1582/4590/1866 1524/4587/1907 1494/4591/1864
f 1617/4586/1906 1633/4495/1872 1666/4528/1893
f 1588/4585/1869 1617/4586/1906 1611/4588/1908
f 1588/4585/1869 1611/4588/1908 1597/4592/1870
f 1582/4590/1866 1597/4592/1870 1611/4588/1908
f 1506/4483/1862 1533/4489/1867 1485/4484/1863
f 1560/4593/1822 1404/4594/1821 1552/4595/1868
f 1533/4596/1867 1560/4593/1822 1552/4595/1868
f 1533/4596/1867 1571/4597/1910 1560/4593/1822
f 1560/4593/1822 1571/4597/1910 1578/4598/1911
f 1560/4593/1822 1578/4598/1911 1482/4599/1824
f 1377/4600/1823 1560/4593/1822 1482/4599/1824
f 1552/4490/1868 1404/4601/1821 1467/4602/1826
f 1571/4597/1910 1552/4490/1868 1467/4602/1826
f 1538/4487/1865 1552/4490/1868 1571/4597/1910
f 1582/4488/1866 1538/4487/1865 1571/4597/1910
f 1499/4603/1889 1542/4604/1888 1551/4525/1891
f 1551/4525/1891 1542/4604/1888 1557/4605/1885
f 1551/4525/1891 1557/4605/1885 1628/4527/1892
f 1628/4527/1892 1557/4605/1885 1659/4499/1875
f 1659/4499/1875 1557/4605/1885 1517/4606/1884
f 1605/4607/1912 1659/4499/1875 1517/4606/1884
f 1670/4498/1874 1659/4499/1875 1605/4607/1912
f 1517/4606/1884 1371/4608/1883 1605/4607/1912
f 1670/4498/1874 1605/4607/1912 1570/4589/1909
f 1533/4596/1867 1597/4609/1870 1571/4597/1910
f 1582/4488/1866 1571/4597/1910 1597/4609/1870
f 1578/4598/1911 1571/4597/1910 1467/4602/1826
f 1578/4598/1911 1467/4602/1826 1482/4599/1824
f 1524/4610/1907 1424/4611/1861 1494/4612/1864
f 1524/4610/1907 1570/4613/1909 1340/4511/1882
f 1524/4610/1907 1340/4511/1882 1424/4611/1861
f 1278/4510/1858 1424/4611/1861 1340/4511/1882
f 1340/4511/1882 1371/4512/1883 1291/4509/1881
f 1605/4614/1912 1371/4512/1883 1570/4613/1909
f 1570/4613/1909 1371/4512/1883 1340/4511/1882
l 1043 1044
o ParteTrasera
v -0.938876 0.315108 0.787256
v -0.944570 0.310956 -0.022930
v -0.941492 0.313548 -0.167637
v -0.941090 0.312665 0.322495
v -0.937482 0.315920 0.104839
v -0.938029 0.312031 0.498584
v -0.945532 0.311186 -0.294256
v -0.942325 0.313470 0.644610
v -0.942043 0.311083 0.935911
v -0.939593 0.314018 -0.399551
v -0.940722 0.314776 0.411913
v -0.937508 0.314894 0.557863
v -0.930144 0.317853 -0.499985
v -0.943561 1.659875 -0.028194
v -0.924932 0.319914 0.829857
v -0.926531 0.318694 1.079883
v -0.938299 0.313998 -0.582660
v -0.937711 0.315026 -0.632122
v -0.940820 0.316620 1.028892
v -0.942089 1.660768 0.522978
v -0.928500 1.662370 0.669370
v -0.938328 0.315165 -0.794115
v -0.936329 0.318762 1.140672
v -0.929219 0.319465 0.897565
v -0.919091 0.320631 0.157271
v -0.937068 1.661802 0.627050
v -0.934789 0.315670 -0.935195
v -0.941363 1.659989 -0.291660
v -0.940702 1.663104 -0.609422
v -0.931981 1.663001 0.899121
v -0.937497 1.667542 0.954862
v -0.936256 1.661869 0.824701
v -0.938617 1.664112 0.202177
v -0.938766 1.662752 -0.157174
v -0.941457 1.664535 0.414953
v -0.936372 1.662860 0.853677
v -0.937446 1.664934 1.101898
v -0.939187 1.661910 1.017040
v -0.919049 1.657075 0.130543
v -0.918848 0.319604 -0.440351
v -0.939015 1.665295 -0.465353
v -0.922704 0.320721 0.065893
v -0.936133 1.662920 0.079652
v -0.930589 1.662506 -0.802730
v -0.939005 1.663080 0.323846
v -0.913189 0.322234 -0.852094
v -0.930824 0.318353 -0.718396
v -0.938050 1.662853 -0.400740
v -0.931034 1.661821 -0.935334
v -0.926043 1.659120 -0.879317
v -0.932085 0.321071 0.766328
v -0.933071 1.658573 0.733335
v -0.934662 1.662368 -0.720557
v -0.934087 1.661090 -0.542683
v -0.922409 0.321869 -0.126005
v -0.921307 0.319771 -0.576455
v -0.915787 0.321042 0.464415
v -0.917284 0.320494 0.241186
v -0.926108 0.318867 1.052229
v -0.914572 1.659310 0.983587
v -0.912688 1.659459 0.460506
v -0.925541 1.658562 1.078977
v -0.924334 0.981168 -0.127389
v -0.915188 0.317784 0.021840
v -0.927287 0.317645 0.694353
v -0.924551 1.475423 -0.123785
v -0.925629 0.826858 1.075431
v -0.927238 0.685283 1.043101
v -0.927325 0.649480 1.049792
v -0.926802 0.676137 1.043798
v -0.918739 1.658566 -0.575513
v -0.912461 1.658679 -0.677955
v -0.912955 1.659093 -0.430903
v -0.919894 1.658482 0.827034
v -0.914886 1.658958 -0.509331
v -0.913685 1.659275 -0.247889
v -0.910966 1.660959 0.372704
v -0.915311 0.317510 -0.659380
v -0.926890 0.665385 1.042789
v -0.926919 0.671797 1.043049
v -0.908506 1.660517 0.257620
v -0.912045 1.661594 -0.093964
v -0.910679 1.659534 0.035672
v -0.911951 1.660194 -0.349930
v -0.912718 1.657530 0.597555
v -0.909023 0.316842 0.372030
v -0.918016 0.317284 0.982797
v -0.910689 0.322274 -0.233527
v -0.913663 0.319488 -0.076846
v -0.913180 0.319377 0.593803
v -0.924793 0.316835 0.200837
v -0.924715 1.660537 0.199580
v -0.913588 1.553251 0.180394
v -0.911845 0.317199 -0.353964
v -0.920194 0.671419 1.049946
v -0.897145 0.317603 0.142487
v -0.911171 1.534337 0.213477
v -0.894953 0.317040 0.250957
vn -0.9872 -0.0054 -0.1591
vn -0.8926 0.0018 -0.4508
vn -0.9961 -0.0044 -0.0881
vn -0.9884 0.0008 -0.1516
vn -0.9899 -0.0051 -0.1418
vn -0.9985 -0.0063 0.0537
vn -0.9636 -0.0005 0.2672
vn -0.9960 0.0003 0.0893
vn -1.0000 -0.0025 -0.0085
vn -0.9978 -0.0021 -0.0667
vn -0.9782 -0.0047 -0.2074
vn -0.9629 0.0074 0.2697
vn -0.8876 0.0013 0.4607
vn -0.8447 0.0174 0.5349
vn -0.7859 -0.0012 -0.6183
vn -0.7311 0.0020 0.6823
vn -0.9978 -0.0018 -0.0661
vn -0.9997 0.0209 0.0091
vn -0.9997 0.0148 -0.0215
vn -0.9644 -0.0015 -0.2643
vn -0.9993 0.0060 -0.0357
vn -0.9972 0.0048 0.0740
vn -0.9965 -0.0005 -0.0839
vn -0.9862 0.0005 -0.1654
vn -0.9940 0.0033 -0.1096
vn -0.9738 0.0008 -0.2273
vn -0.9588 -0.0022 0.2839
vn -0.9784 -0.0029 -0.2068
vn -0.8176 0.0047 0.5758
vn -0.4973 -0.0151 0.8674
vn -0.9100 0.0026 -0.4146
vn -0.9997 0.0026 0.0232
vn -0.8503 0.0021 -0.5262
vn -0.9998 -0.0077 0.0197
vn -0.9501 -0.0068 0.3118
vn -0.9996 0.0027 -0.0275
vn -0.9798 -0.0018 -0.1999
vn -0.9985 0.0002 -0.0549
vn -0.9799 -0.0056 -0.1995
vn -0.9930 0.0012 0.1182
vn -0.9976 0.0022 0.0689
vn -0.9993 0.0002 0.0386
vn -0.9993 0.0015 -0.0380
vn -0.9994 -0.0029 -0.0344
vn -0.9635 -0.0005 -0.2677
vn -0.9940 0.0017 -0.1096
vn -0.9994 0.0011 0.0357
vn -0.9929 -0.0031 0.1187
vn -0.9918 -0.0023 -0.1276
vn -0.9845 -0.0040 0.1755
vn -0.9994 0.0010 0.0341
vn -0.9895 0.0044 0.1444
vn -0.9990 0.0015 0.0446
vn 0.9999 -0.0001 -0.0147
vn 0.9988 -0.0030 -0.0497
vn 0.8668 0.0004 0.4987
vn -0.9917 -0.0003 -0.1284
vn -0.9992 -0.0004 -0.0410
vn -0.9983 -0.0001 -0.0576
vn 0.7156 -0.0008 -0.6985
vn 0.8592 -0.0043 -0.5116
vn 0.9037 -0.0011 0.4282
vn -1.0000 0.0006 -0.0053
vn -0.9428 0.0012 0.3332
vn -0.9333 -0.0041 -0.3589
vn -0.9205 -0.0033 0.3907
vn -0.9894 -0.0018 0.1455
vn -0.9989 0.0030 0.0458
vn -1.0000 0.0027 -0.0096
vn -0.9988 0.0045 0.0480
vn -0.9797 -0.0045 -0.2005
vn -0.9999 0.0021 -0.0154
vn -1.0000 -0.0033 0.0089
vn -0.9994 0.0009 0.0333
vn -0.9737 0.0040 0.2279
vn -0.9815 -0.0019 -0.1915
vn -0.9530 -0.0019 0.3028
vn -0.9965 0.0032 0.0836
vn -0.9990 0.0014 0.0451
vn -0.9434 -0.0046 -0.3317
vn -0.9730 -0.0011 -0.2309
vn -0.9988 -0.0057 0.0492
vn -0.9971 0.0019 0.0755
vn -0.6115 0.7604 -0.2188
vn -0.9895 -0.0019 -0.1445
vn -0.9999 -0.0002 -0.0125
vn -0.9975 0.0032 0.0711
vn -0.9952 -0.0006 -0.0982
vn -0.9988 0.0048 0.0483
vn -0.9999 0.0016 0.0116
vn -1.0000 0.0011 0.0098
vn -0.9910 0.0008 0.1338
vn -0.9985 0.0232 0.0504
vn -1.0000 -0.0024 -0.0080
vn -0.9984 -0.0065 -0.0566
vn -0.9891 0.0047 -0.1474
vn -0.9844 0.0057 0.1760
vn -0.9960 0.0028 0.0889
vn -0.9689 -0.0040 0.2474
vn -0.9998 -0.0041 0.0194
vn -0.9969 -0.0009 -0.0786
vn -0.9784 -0.0025 0.2066
vt 1.007229 -0.010686
vt 0.995374 0.986575
vt 0.977702 -0.010249
vt 0.984209 0.982040
vt 0.978174 0.366124
vt 0.937881 0.983359
vt 0.923972 0.989686
vt 0.907735 -0.014730
vt 0.896874 0.986771
vt 0.856269 -0.007339
vt 0.874801 0.987031
vt 0.964271 -0.009899
vt 0.964990 0.251213
vt 0.952925 -0.011375
vt 0.251851 0.472531
vt 0.412425 0.468977
vt 0.423118 0.474082
vt 0.961483 0.246802
vt 0.964802 0.234967
vt 0.961642 0.251548
vt 0.962029 0.254757
vt 0.695327 -0.010518
vt 0.714167 0.988135
vt 0.683818 0.987667
vt 0.678778 -0.003571
vt 0.750373 0.985139
vt 0.766260 -0.010624
vt 0.764721 0.988066
vt 0.724133 -0.008874
vt 0.954143 0.985016
vt 0.961737 0.261536
vt 0.423267 0.469099
vt 0.429815 0.468754
vt 0.250683 0.461654
vt 0.930540 -0.010514
vt 0.861838 0.984002
vt 0.835553 -0.010556
vt 0.860722 0.986530
vt 0.889153 -0.008214
vt 0.816328 0.984822
vt 0.825418 -0.005972
vt 0.790442 -0.007932
vt 0.785279 0.988147
vt 0.741613 -0.005842
vt 0.661719 0.991792
vt 0.477474 0.991132
vt 0.485211 -0.000610
vt 0.498852 0.993287
vt 0.585280 0.990079
vt 0.558370 0.993186
vt 0.570351 -0.002185
vt 0.529593 -0.001410
vt 0.523540 0.988550
vt 0.609802 -0.008636
vt 0.617460 0.991446
vt 0.557090 0.990560
vt 0.550734 -0.004571
vt 0.547215 0.911259
vt 0.653244 -0.007790
vt 0.633883 -0.005940
vt 0.641179 0.989483
vt 0.563185 0.896987
vt 0.575079 -0.004821
vt 0.522397 -0.003534
vt 0.504102 -0.004478
vt 0.394757 0.490055
vt 0.414519 0.993698
vt 0.399070 0.856063
vt 0.339745 0.993216
vt 0.318488 0.994096
vt 0.310235 -0.004782
vt 0.339789 0.002943
vt 0.383824 0.995063
vt 0.371747 -0.004048
vt 0.446455 0.991897
vt 0.442019 -0.007129
vt 0.463799 -0.002432
vt 0.415875 -0.000378
vt 0.392011 0.001780
vt 0.164165 0.998953
vt 0.130856 0.996225
vt 0.146151 0.000774
vt 0.132925 0.002832
vt 0.196571 0.996926
vt 0.180612 0.995320
vt 0.173214 0.003841
vt 0.239319 0.002625
vt 0.250853 0.994550
vt 0.234152 0.999419
vt 0.265523 0.997092
vt 0.259107 -0.001839
vt 0.281265 0.000151
vt 0.290188 0.994715
vt 0.210346 0.001807
vt 0.170170 -0.000385
vt 0.212759 0.995079
vt 0.249422 0.463542
vt 0.252315 0.476080
vt 0.904679 0.450936
vt 0.903736 0.455851
vt 0.070271 1.000061
vt 0.067471 0.002176
vt 0.104264 0.003930
vt 0.005861 1.000618
vt -0.001050 0.003683
vt 0.033055 0.998168
vt 0.039347 0.007877
vt 0.110183 0.999300
s 1
usemtl Textures
f 1927/4615/1913 1941/4616/1914 1920/4617/1915
f 1966/4618/1916 1971/4619/1917 1941/4616/1914
f 1964/4620/1918 1935/4621/1919 1913/4622/1920
f 1934/4623/1921 1913/4622/1920 1935/4621/1919
f 1919/4624/1922 1934/4623/1921 1940/4625/1923
f 1963/4626/1924 1999/4627/1925 1923/4628/1926
f 1963/4629/1924 1973/4630/1927 1999/4631/1925
f 1923/4628/1926 1999/4627/1925 1983/4632/1928
f 1983/4632/1929 1973/4633/1927 1984/4634/1930
f 1984/4634/1930 1973/4633/1927 1974/4635/1931
f 1971/4619/1917 1974/4635/1931 1973/4633/1927
f 1920/4617/1915 1973/4633/1927 1963/4626/1924
f 1910/4636/1932 1924/4637/1933 1965/4638/1934
f 1965/4638/1934 1961/4639/1935 1910/4636/1932
f 1989/4640/1936 1912/4641/1937 1930/4642/1938
f 1916/4643/1939 1989/4640/1936 1924/4637/1933
f 1920/4617/1915 1941/4616/1914 1971/4619/1917
f 1971/4619/1917 1942/4644/1940 1972/4645/1941
f 1971/4619/1917 1973/4633/1927 1920/4617/1915
f 1971/4619/1917 1966/4618/1916 1942/4644/1940
f 1984/4646/1942 1972/4647/1941 1923/4648/1943
f 1964/4620/1918 1913/4622/1920 1991/4649/1944
f 1923/4628/1943 1964/4620/1918 1991/4649/1944
f 1940/4625/1923 1978/4650/1945 1919/4624/1922
f 1923/4628/1943 1972/4645/1941 1942/4644/1940
f 1964/4620/1918 1923/4628/1943 1942/4644/1940
f 1905/4651/1946 1919/4624/1947 1936/4652/1948
f 1928/4653/1949 1913/4622/1920 1934/4623/1921
f 1934/4623/1921 1919/4624/1922 1928/4653/1949
f 1936/4652/1948 1956/4654/1950 1905/4651/1946
f 1955/4655/1951 1905/4651/1946 1956/4654/1950
f 1912/4641/1937 1969/4656/1952 1925/4657/1953
f 1956/4654/1950 1969/4656/1952 1955/4655/1951
f 1916/4643/1939 1994/4658/1954 1989/4640/1936
f 1969/4656/1952 1956/4654/1950 1925/4657/1953
f 1912/4641/1937 1925/4657/1953 1930/4642/1938
f 1912/4641/1937 1989/4640/1936 1994/4658/1954
f 1965/4638/1934 1939/4659/1955 1961/4639/1935
f 1910/4636/1932 1916/4643/1939 1924/4637/1933
f 1987/4660/1956 1946/4661/1957 1947/4662/1958
f 1985/4663/1959 1937/4664/1960 1962/4665/1961
f 1929/4666/1962 1937/4664/1960 1943/4667/1963
f 1985/4663/1959 1908/4668/1964 1949/4669/1965
f 1996/4670/1966 1995/4671/1967 1997/4672/1968
f 1961/4639/1935 1939/4659/1955 1915/4673/1969
f 1915/4673/1969 1939/4659/1955 1990/4674/1970
f 1949/4669/1965 1908/4668/1964 1981/4675/1971
f 1981/4675/1971 1908/4668/1964 1990/4674/1970
f 1937/4664/1960 1929/4666/1962 1962/4665/1961
f 1939/4659/1955 1981/4675/1971 1990/4674/1970
f 1995/4671/1967 2001/4676/1972 2002/4677/1973
f 1962/4665/1961 1908/4668/1964 1985/4663/1959
f 1996/4670/1966 2001/4676/1972 1995/4671/1967
f 1995/4671/1967 2000/4678/1974 1997/4672/1968
f 1943/4667/1963 1909/4679/1975 1929/4666/1962
f 1909/4679/1975 1943/4667/1963 1947/4662/1958
f 1909/4679/1975 1947/4662/1958 1946/4661/1957
f 1967/4680/1976 1986/4681/1977 1970/4682/1978
f 1980/4683/1979 1932/4684/1980 1911/4685/1981
f 1980/4683/1979 1992/4686/1982 1938/4687/1983
f 1938/4687/1983 1967/4680/1976 1970/4682/1978
f 1992/4686/1982 1907/4688/1984 1938/4687/1983
f 1918/4689/1985 1906/4690/1986 1968/4691/1987
f 1918/4689/1985 1986/4681/1977 1993/4692/1988
f 1968/4691/1987 1987/4660/1956 1918/4689/1985
f 1987/4660/1956 1968/4691/1987 1946/4661/1957
f 1993/4692/1988 1986/4681/1977 1967/4680/1976
f 1918/4689/1985 1993/4692/1988 1906/4690/1986
f 1959/4693/1989 1993/4692/1988 1967/4680/1976
f 1959/4693/1989 1967/4680/1976 1938/4687/1983
f 1959/4693/1989 1938/4687/1983 1907/4688/1984
f 1911/4685/1981 1992/4686/1982 1980/4683/1979
f 1933/4694/1990 1976/4695/1991 1922/4696/1992
f 1922/4696/1992 1976/4695/1991 1982/4697/1993
f 1958/4698/1994 1975/4699/1995 1960/4700/1996
f 1944/4701/1997 1977/4702/1998 1945/4703/1999
f 1952/4704/2000 1977/4702/1998 1914/4705/2001
f 1952/4704/2000 1914/4705/2001 1998/4706/2002
f 1952/4704/2000 1998/4706/2002 1988/4707/2003
f 1911/4685/1981 1932/4684/1980 1988/4707/2003
f 1998/4706/2002 1911/4685/1981 1988/4707/2003
f 1944/4701/1997 1914/4705/2001 1977/4702/1998
f 1945/4703/1999 1917/4708/2004 1944/4701/1997
f 1921/4709/2005 1917/4708/2004 1979/4710/2006
f 1921/4711/2005 1960/4712/1996 1933/4713/1990
f 1917/4708/2004 1945/4703/1999 1979/4710/2006
f 1933/4694/1990 1960/4700/1996 1975/4699/1995
f 1979/4710/2006 1958/4698/1994 1921/4709/2005
f 1958/4714/1994 1960/4712/1996 1921/4711/2005
f 1922/4696/1992 1921/4709/2005 1933/4694/1990
f 1948/4715/2007 1926/4716/2008 1951/4717/2009
f 1953/4718/2010 1931/4719/2011 1954/4720/2012
f 1950/4721/2013 1948/4715/2007 1954/4720/2012
f 1950/4721/2013 1926/4716/2008 1948/4715/2007
f 1976/4695/1991 1951/4717/2009 1982/4697/1993
f 1950/4721/2013 1954/4720/2012 1931/4719/2011
f 1957/4722/2014 1948/4715/2007 1951/4717/2009
f 1976/4695/1991 1957/4722/2014 1951/4717/2009
o ParteArriba
v -0.934259 1.723324 1.201209
v -0.934266 1.723009 -1.001468
v -0.859131 1.723574 1.143585
v -0.859393 1.723043 -0.937677
v -0.820132 1.701082 1.137415
v -0.816913 1.698923 -0.931909
v -0.778249 1.721393 1.141161
v -0.703651 1.720302 1.141898
v -0.779275 1.721243 -0.936188
v -0.739448 1.700942 -0.933353
v -0.703436 1.722029 -0.937356
v -0.740444 1.700690 1.138965
v -0.658246 1.699872 -0.933479
v -0.647440 1.702934 1.138595
v -0.330991 1.722172 1.144059
v -0.618110 1.721072 -0.936178
v -0.619314 1.721504 1.141088
v -0.579620 1.699928 1.138113
v -0.576744 1.701093 -0.932727
v -0.542663 1.721349 -0.936440
v 0.391426 1.723989 1.201907
v -0.543031 1.721440 1.140896
v -0.506910 1.700959 -0.933212
v -0.503939 1.701545 1.138905
v -0.473470 1.720818 -0.936405
v -0.472498 1.720414 1.140192
v -0.434981 1.700278 1.138162
v -0.436853 1.701607 -0.932621
v -0.400750 1.721826 -0.936870
v -0.403775 1.721391 1.141100
v -0.365134 1.701065 -0.933382
v -0.364696 1.700846 1.137763
v -0.331309 1.720960 -0.935925
v -0.293697 1.700526 -0.931943
v -0.295304 1.700561 1.139210
v -0.259306 1.720313 1.141286
v -0.021333 1.722559 1.143830
v -0.244459 1.713024 -0.934107
v -0.233436 1.708616 0.403869
v -0.224415 1.713653 1.140761
v -0.206080 1.719165 -0.935134
v -0.218747 1.722263 0.367453
v -0.170412 1.702732 0.738877
v -0.172168 1.703004 0.136519
v -0.171323 1.701937 1.139285
v -0.143742 1.703713 -0.933628
v -0.109019 1.721211 -0.936911
v -0.114435 1.718124 1.140624
v -0.060719 1.699985 1.138429
v -0.061338 1.698051 -0.933408
v -0.019112 1.719399 -0.935458
v 0.028413 1.699637 1.136934
v 0.172439 1.722089 -0.937041
v 0.038254 1.702189 -0.933814
v 0.077499 1.721402 1.141709
v 0.075246 1.721416 -0.935580
v 0.170298 1.721573 1.143071
v 0.124791 1.699991 -0.934742
v 0.123991 1.700299 1.137075
v 0.214702 1.699822 1.138569
v 0.221868 1.699762 -0.933038
v 0.271489 1.717909 1.141633
v 0.265114 1.721186 -0.936204
v 0.311317 1.700777 -0.935204
v 0.319412 1.705772 1.137944
v 0.327728 1.723917 1.142678
v 0.326579 1.723424 -0.938625
vn 0.0080 0.9999 0.0068
vn -0.0293 0.9996 0.0019
vn 0.0223 0.9997 0.0018
vn 0.1977 0.9803 -0.0029
vn 0.1985 0.9801 -0.0001
vn -0.0034 1.0000 -0.0003
vn 0.2003 0.9797 -0.0003
vn -0.3022 0.9533 0.0014
vn -0.0306 0.9995 -0.0004
vn -0.4671 0.8842 -0.0018
vn 0.0450 0.9990 -0.0011
vn 0.0294 0.9996 -0.0011
vn -0.0058 1.0000 -0.0000
vn -0.1625 0.9867 0.0021
vn -0.1491 0.9888 -0.0050
vn -0.0551 0.9985 -0.0004
vn -0.0540 0.9985 0.0001
vn 0.0011 1.0000 0.0003
vn 0.0121 0.9999 0.0011
vn -0.0011 1.0000 0.0003
vn -0.1717 0.9851 0.0042
vn -0.0046 1.0000 -0.0004
vn -0.1071 0.9942 0.0008
vn -0.0167 0.9999 -0.0000
vn -0.0265 0.9996 -0.0006
vn -0.0059 1.0000 -0.0001
vn -0.0093 1.0000 0.0003
vn -0.0335 0.9994 -0.0003
vn -0.1455 0.9894 -0.0007
vn -0.0128 0.9999 0.0002
vn -0.0918 0.9958 -0.0012
vn -0.0333 0.9994 0.0004
vn 0.0021 1.0000 0.0002
vn 0.0777 0.9970 0.0016
vn -0.0145 0.9999 -0.0007
vn -0.3898 0.9209 -0.0000
vn -0.8202 0.5720 0.0019
vn -0.0048 1.0000 -0.0016
vn -0.0455 0.9990 -0.0009
vn -0.0090 1.0000 0.0006
vn 0.0164 0.9999 0.0002
vn 0.0330 0.9995 -0.0000
vn 0.1287 0.9917 -0.0030
vn -0.0169 0.9999 -0.0003
vn 0.0042 1.0000 0.0003
vn -0.0058 1.0000 -0.0002
vn 0.0116 0.9999 -0.0003
vn -0.0310 0.9995 -0.0006
vn -0.0969 0.9953 0.0008
vn 0.1070 0.9943 -0.0013
vn -0.2010 0.9796 -0.0044
vn -0.0256 0.9997 0.0003
vn -0.0466 0.9989 0.0005
vn -0.0282 0.9996 0.0004
vn -0.0262 0.9997 0.0002
vn -0.0565 0.9984 -0.0004
vn -0.0347 0.9994 0.0001
vn -0.0848 0.9964 0.0004
vn -0.0177 0.9998 -0.0001
vn -0.0003 1.0000 -0.0001
vn -0.0009 1.0000 -0.0002
vn 0.0457 0.9990 0.0016
vn -0.0224 0.9997 -0.0006
vn -0.0152 0.9999 0.0007
vn -0.1207 0.9927 0.0036
vn -0.0407 0.9992 0.0010
vn -0.0202 0.9998 0.0004
vt 0.691711 0.415004
vt 0.810482 0.416134
vt 0.810850 0.375460
vt 0.810948 0.454098
vt 0.194758 0.905630
vt 0.829245 0.961718
vt 0.812113 0.907932
vt 0.194887 0.068560
vt 0.810950 0.099521
vt 0.809831 0.065251
vt 0.810263 0.880040
vt 0.811352 0.850097
vt 0.196447 0.875263
vt 0.592371 0.459667
vt 0.811121 0.479046
vt 0.811141 0.582343
vt 0.810131 0.554397
vt 0.195776 0.552233
vt 0.194760 0.577695
vt 0.811981 0.530305
vt 0.581562 0.449120
vt 0.194597 0.369103
vt 0.810171 0.337050
vt 0.810346 0.708071
vt 0.811152 0.681913
vt 0.194961 0.679165
vt 0.195900 0.653605
vt 0.810541 0.653959
vt 0.810524 0.756564
vt 0.195899 0.761812
vt 0.811532 0.796759
vt 0.194772 0.794119
vt 0.810681 0.823063
vt 0.810071 0.140120
vt 0.194614 0.101594
vt 0.810143 0.497515
vt 0.811538 0.484547
vt 0.194171 0.482410
vt 0.195612 0.335015
vt 0.811753 0.308895
vt 0.194413 0.167857
vt 0.811429 0.171875
vt 0.810524 0.504783
vt 0.196166 0.501157
vt 0.195120 0.201929
vt 0.811073 0.238226
vt 0.809674 0.204978
vt 0.809682 0.273318
vt 0.194897 0.237353
vt 0.195440 0.263805
vt 0.513037 0.415540
vt 0.195499 0.465948
vt 0.195158 0.848347
vt 0.196080 0.703538
vt 0.194936 0.629691
vt 0.810907 0.631480
vt 0.810285 0.604652
vt 0.195197 0.498607
vt 0.195978 0.819873
vt 0.194982 0.304821
vt 0.195575 0.132519
vt 0.175874 0.959089
vt 0.828767 0.013836
vt 0.193864 0.057643
vt 0.811231 0.059310
vt 0.195174 0.438506
vt 0.195004 0.528045
vt 0.196039 0.603514
vt 0.195589 0.393935
vt 0.811249 0.736456
vt 0.195078 0.733111
s 1
usemtl TextureArriba
f 2045/4723/2015 2047/4724/2016 2050/4725/2017
f 2047/4724/2016 2045/4723/2015 2042/4726/2018
f 2006/4727/2019 2003/4728/2020 2005/4729/2021
f 2066/4730/2022 2064/4731/2023 2067/4732/2024
f 2007/4733/2025 2009/4734/2026 2008/4735/2027
f 2042/4726/2018 2041/4736/2028 2038/4737/2029
f 2032/4738/2030 2034/4739/2031 2033/4740/2032
f 2031/4741/2033 2032/4738/2030 2033/4740/2032
f 2017/4742/2034 2033/4740/2032 2034/4739/2031
f 2042/4726/2018 2044/4743/2035 2041/4736/2028
f 2044/4743/2035 2042/4726/2018 2045/4723/2015
f 2049/4744/2036 2050/4725/2017 2051/4745/2037
f 2020/4746/2038 2024/4747/2039 2022/4748/2040
f 2025/4749/2041 2024/4747/2039 2026/4750/2042
f 2016/4751/2043 2015/4752/2044 2010/4753/2045
f 2013/4754/2046 2014/4755/2047 2010/4753/2045
f 2005/4729/2021 2007/4733/2025 2006/4727/2019
f 2006/4727/2019 2007/4733/2025 2008/4735/2027
f 2062/4756/2048 2064/4731/2023 2065/4757/2049
f 2067/4758/2024 2068/4759/2050 2069/4760/2051
f 2052/4761/2052 2051/4745/2037 2039/4762/2053
f 2055/4763/2054 2059/4764/2055 2062/4756/2048
f 2037/4765/2056 2038/4737/2029 2036/4766/2057
f 2017/4742/2034 2037/4765/2056 2036/4766/2057
f 2049/4744/2036 2051/4745/2037 2052/4761/2052
f 2060/4767/2058 2057/4768/2059 2061/4769/2060
f 2054/4770/2061 2058/4771/2062 2056/4772/2063
f 2045/4723/2015 2050/4725/2017 2046/4773/2064
f 2044/4743/2035 2045/4723/2015 2046/4773/2064
f 2040/4774/2065 2038/4737/2029 2041/4736/2028
f 2008/4735/2027 2009/4734/2026 2011/4775/2066
f 2009/4734/2026 2014/4755/2047 2011/4775/2066
f 2020/4746/2038 2022/4748/2040 2021/4776/2067
f 2027/4777/2068 2028/4778/2069 2029/4779/2070
f 2028/4778/2069 2027/4777/2068 2026/4750/2042
f 2015/4752/2044 2013/4754/2046 2010/4753/2045
f 2066/4780/2022 2067/4758/2024 2069/4760/2051
f 2014/4755/2047 2013/4754/2046 2012/4781/2071
f 2052/4761/2052 2039/4762/2053 2053/4782/2072
f 2053/4782/2072 2039/4762/2053 2054/4770/2061
f 2058/4771/2062 2054/4770/2061 2057/4768/2059
f 2063/4783/2073 2062/4756/2048 2065/4757/2049
f 2059/4764/2055 2055/4763/2054 2060/4767/2058
f 2059/4764/2055 2060/4767/2058 2061/4769/2060
f 2058/4771/2062 2057/4768/2059 2060/4767/2058
f 2003/4728/2020 2006/4727/2019 2004/4784/2074
f 2065/4757/2049 2064/4731/2023 2066/4730/2022
f 2023/4785/2075 2069/4786/2051 2068/4787/2050
f 2046/4773/2064 2043/4788/2076 2044/4743/2035
f 2044/4743/2035 2040/4774/2065 2041/4736/2028
f 2040/4774/2065 2044/4743/2035 2043/4788/2076
f 2036/4766/2057 2038/4737/2029 2040/4774/2065
f 2033/4740/2032 2017/4742/2034 2035/4789/2077
f 2029/4779/2070 2031/4741/2033 2030/4790/2078
f 2031/4741/2033 2029/4779/2070 2032/4738/2030
f 2027/4777/2068 2029/4779/2070 2030/4790/2078
f 2017/4742/2034 2036/4766/2057 2035/4789/2077
f 2046/4773/2064 2048/4791/2079 2043/4788/2076
f 2048/4791/2079 2046/4773/2064 2050/4725/2017
f 2026/4750/2042 2027/4777/2068 2025/4749/2041
f 2024/4747/2039 2025/4749/2041 2022/4748/2040
f 2019/4792/2080 2020/4746/2038 2018/4793/2081
f 2020/4746/2038 2021/4776/2067 2018/4793/2081
f 2014/4755/2047 2012/4781/2071 2011/4775/2066
f 2053/4782/2072 2054/4770/2061 2056/4772/2063
f 2019/4792/2080 2015/4752/2044 2016/4751/2043
f 2015/4752/2044 2019/4792/2080 2018/4793/2081
f 2050/4725/2017 2049/4744/2036 2048/4791/2079
f 2055/4763/2054 2062/4756/2048 2063/4783/2073
